account_id,split,target,score
5662,valid,2,0.0
5660,valid,2,0.0
1229,valid,2,0.0
3386,valid,2,0.0
8085,valid,2,0.0
1247,valid,2,0.0
10990,valid,2,0.0
2422,valid,1,0.0
7364,valid,2,0.0
10067,valid,2,0.0
5661,valid,2,0.0
1233,valid,2,0.0
8089,valid,2,0.0
8087,valid,2,0.0
10066,valid,2,0.0
5659,valid,2,0.0
10988,valid,2,0.0
1242,valid,2,0.0
5657,valid,2,0.0
7372,valid,2,0.0
5649,valid,2,0.0
1239,valid,2,0.0
3384,valid,2,0.0
6968,valid,2,0.0
3784,valid,2,0.0
6963,valid,2,0.0
1241,valid,2,0.0
10068,valid,2,0.0
3768,valid,0,0.010884136720143628
3780,valid,2,0.0
3782,valid,2,0.0
10989,valid,2,0.0
5666,valid,2,0.0
10059,valid,0,0.0015139282948824601
5328,valid,0,0.0015139282948824601
3382,valid,2,0.0
10411,valid,2,0.0
3773,valid,2,0.0
10426,valid,0,0.0
1230,valid,2,0.0
8091,valid,2,0.0
3388,valid,2,0.0
8445,valid,0,0.0
10055,valid,2,0.0
7018,valid,0,0.0
10978,valid,0,0.0
3772,valid,2,0.0
3378,valid,2,0.0
8927,valid,0,0.0
3778,valid,0,0.0
3393,valid,2,0.0
8753,valid,1,0.0
2413,valid,1,0.0
10064,valid,0,0.0
10063,valid,2,0.0
11038,valid,2,0.0
9874,valid,2,0.0
9870,valid,2,0.0
3472,valid,1,0.0
2971,valid,2,0.0
93,valid,2,0.0
7860,valid,2,0.0
2969,valid,2,0.0
89,valid,2,0.0
9871,valid,2,0.0
10549,valid,2,0.0
7853,valid,2,0.0
4625,valid,1,0.0
10548,valid,2,0.0
1521,valid,2,0.0
6585,valid,2,0.0
92,valid,2,0.0
10553,valid,0,0.0
1524,valid,2,0.0
9873,valid,2,0.0
7851,valid,2,0.0
6588,valid,2,0.0
6242,valid,0,0.0
91,valid,0,0.010884136720143628
9861,valid,2,0.0
10543,valid,2,0.0
7859,valid,2,0.0
6581,valid,2,0.0
9875,valid,2,0.0
6236,valid,0,0.0
198,valid,0,0.0045452317059796925
98,valid,2,0.0
97,valid,2,0.0
6571,valid,2,0.0
113,valid,1,0.0
6570,valid,2,0.0
10546,valid,2,0.0
87,valid,2,0.0
4629,valid,1,0.0
11040,valid,2,0.0
1516,valid,2,0.0
11032,valid,2,0.0
11036,valid,2,0.0
7857,valid,2,0.0
4179,valid,0,0.0
11039,valid,2,0.0
6575,valid,2,0.0
6243,valid,2,0.0
1520,valid,2,0.0
6229,valid,2,0.0
185,valid,2,0.0
189,valid,2,0.0
6574,valid,2,0.0
3158,valid,0,0.0
8027,valid,0,0.0
3971,valid,0,0.0
6780,valid,0,0.0
2497,valid,0,0.0
3734,valid,0,0.0
3613,valid,0,0.0
6660,valid,0,0.0
76,valid,0,0.0
1967,valid,0,0.0
8157,valid,0,0.0
2062,valid,0,0.010884136720143628
9010,valid,0,0.010884136720143628
3324,valid,0,0.0
7597,valid,0,0.0006675682973489118
2341,valid,0,0.0006675682973489118
8022,valid,0,0.0
4371,valid,0,0.010884136720143628
9023,valid,0,0.0
8193,valid,0,0.0
3620,valid,0,0.0
8597,valid,0,0.0
11086,valid,0,0.0
5404,valid,0,0.0
153,valid,0,0.0
7510,valid,0,0.0
469,valid,0,0.0
5725,valid,0,0.0
5714,valid,1,0.0
2994,valid,0,0.0
4901,valid,0,0.0
9470,valid,0,0.0
464,valid,0,0.0
2811,valid,0,0.0
9790,valid,0,0.0
8197,valid,0,0.0
5123,valid,0,0.0
5400,valid,0,0.0
8222,valid,0,0.0
1943,valid,0,0.0
5054,valid,0,0.0
208,valid,0,0.0
9915,valid,0,0.0
4505,valid,0,0.0
218,valid,0,0.0
10126,valid,0,0.0
6803,valid,0,0.0
951,valid,0,0.0
4229,valid,0,0.0
10625,valid,0,0.0
8780,valid,0,0.0020086323321321865
6298,valid,0,0.0
7802,valid,0,0.0
8416,valid,0,0.0
5394,valid,0,0.0
5894,valid,0,0.0
4994,valid,0,0.0
1936,valid,0,0.0
11069,valid,0,0.0
5581,valid,0,0.03495675132435202
7804,valid,0,0.0
9991,valid,0,0.0
3353,valid,0,0.0
4203,valid,0,0.0
5715,valid,0,0.0006918980829162607
9475,valid,0,0.0006918980829162607
5901,valid,0,0.0
6247,valid,0,0.0
6865,valid,0,0.0
5851,valid,0,0.0
6940,valid,0,0.0
10383,valid,0,0.0
5899,valid,0,0.0
6287,valid,0,0.0
4927,valid,0,0.0
361,valid,0,0.0
8023,valid,0,0.0
3405,valid,0,0.0
4292,valid,0,0.0
1790,valid,0,0.004305136297600165
6863,valid,0,0.0
7551,valid,0,0.0
11087,valid,0,0.0
1510,valid,0,0.0
4843,valid,0,0.0
1938,valid,0,0.0
3400,valid,0,0.0
4727,valid,0,0.0
10373,valid,0,0.0
3854,valid,0,0.0
6417,valid,0,0.0
5860,valid,0,0.0
10083,valid,0,0.0
5159,valid,0,0.0
2695,valid,0,0.0
6616,valid,0,0.0
3317,valid,0,0.0
869,valid,0,0.12083795897938193
1033,valid,0,0.0
4935,valid,0,0.004430001674940753
1021,valid,0,0.0
6796,valid,0,0.12083795905293902
9198,valid,0,0.0
3162,valid,0,0.0
8151,valid,0,0.0
6816,valid,0,0.0
5643,valid,0,0.0
9964,valid,0,0.0
4670,valid,0,0.0
6621,valid,0,0.0
6149,valid,0,0.006921995548895203
8414,valid,0,0.0
2815,valid,0,0.0
5913,valid,0,0.0
7648,valid,0,0.007868257436960019
8215,valid,0,0.04517996393838264
1202,valid,0,0.0
6055,valid,0,0.00465596142302249
6441,valid,0,0.0
3167,valid,0,0.0
2855,valid,0,0.0
5045,valid,0,0.0
3252,valid,0,0.0
3957,valid,0,0.0
8553,valid,0,0.0
10079,valid,0,0.0
5361,valid,0,0.0
8038,valid,0,0.0
5880,valid,0,0.0
7497,valid,0,0.0
4858,valid,0,0.029503533330358003
6867,valid,0,0.0
5916,valid,0,0.004239993289165127
1005,valid,0,0.0
3822,valid,0,0.0
9423,valid,0,0.005793808354474971
10615,valid,0,0.0
3826,valid,0,0.0
7613,valid,0,0.004239993289165127
6607,valid,0,0.0
1217,valid,0,0.004301153544275539
6293,valid,0,0.0
3354,valid,0,0.0
5757,valid,0,0.007784457011346713
6143,valid,0,0.0
11082,valid,0,0.0
4996,valid,0,0.0
1903,valid,0,0.0
6810,valid,0,0.0
7509,valid,0,0.0
10955,valid,0,0.0
8841,valid,0,0.0
4459,valid,0,0.0
3626,valid,0,0.0
6768,valid,0,0.0
539,valid,0,0.0
79,valid,0,0.006814381537372561
3718,valid,0,0.0
4960,valid,0,0.0
4284,valid,0,0.0
2539,valid,0,0.0
1978,valid,0,0.0
1292,valid,0,0.0
9183,valid,0,0.0
3850,valid,0,0.0
5934,valid,0,0.004300942194642182
5124,valid,0,0.0
3419,valid,0,0.010884136720143628
2804,valid,0,0.0
4947,valid,0,0.0
39,valid,0,0.0
549,valid,0,0.0
7493,valid,0,0.09180680211468983
8429,valid,0,0.09180680211468983
6764,valid,0,0.0
3740,valid,0,0.0
503,valid,0,0.003147644571791155
5883,valid,0,0.0
8186,valid,0,0.0
2242,valid,0,0.0
2864,valid,0,0.0027901970141864557
1500,valid,0,0.0
5048,valid,0,0.0
10269,valid,0,0.0
8205,valid,0,0.0
4854,valid,0,0.0
344,valid,0,0.034956743634439034
364,valid,0,0.005793815187790053
10628,valid,0,0.023344660263747232
1902,valid,0,0.0
4208,valid,0,0.0
1014,valid,0,0.0
4366,valid,0,0.0
6783,valid,0,0.0
2306,valid,0,0.0
4067,valid,0,0.0
10871,valid,0,0.004349073453069473
2071,valid,0,0.0
7308,valid,0,0.0043010713786909415
6626,valid,0,0.090896462030513
8221,valid,0,0.0
6147,valid,0,0.0
9986,valid,0,0.0
10252,valid,0,0.010884136720143628
9980,valid,0,0.018455393503760145
9000,valid,0,0.0
9473,valid,0,0.0
6752,valid,0,0.0
5290,valid,0,0.0
8171,valid,0,0.004545134365309004
4938,valid,0,0.0
9477,valid,0,0.0
10968,valid,0,0.0
671,valid,0,0.0
4961,valid,0,0.0
1276,valid,0,0.0
10271,valid,0,0.0
1940,valid,0,0.0
1893,valid,0,0.10277220887838596
5367,valid,0,0.10277220887838596
4358,valid,0,0.0
7909,valid,0,0.0
542,valid,0,0.0
1805,valid,0,0.00011304036246577708
3701,valid,0,0.0
6277,valid,0,0.0
4721,valid,0,0.03496783204355333
548,valid,0,0.01053818092944034
6797,valid,0,0.0
2821,valid,0,0.010884136720143628
3240,valid,0,0.0
5001,valid,0,0.0
5871,valid,0,0.0
2587,valid,0,0.0
5722,valid,0,0.0
10391,valid,0,0.0
9410,valid,0,0.0057938144869372245
10563,valid,0,0.0
7907,valid,0,0.0
2516,valid,0,0.0
675,valid,0,0.0
5230,valid,0,0.0
475,valid,0,0.004316488405754935
8180,valid,0,0.034956742427414714
10280,valid,0,0.0
7063,valid,0,0.0
3157,valid,0,0.0
3722,valid,0,0.0
415,valid,0,0.0
3745,valid,0,0.0
2540,valid,0,0.0
7783,valid,0,0.0
3966,valid,0,0.03495674493231464
2592,valid,0,0.0
7797,valid,0,0.0
5289,valid,0,0.0017941260612667391
8777,valid,0,0.0
2310,valid,0,0.0
2546,valid,0,0.003147644571791155
5300,valid,0,0.0
3241,valid,0,0.0
9417,valid,0,0.0
9125,valid,0,0.0
4219,valid,0,0.0013484311782407364
4928,valid,0,0.0027901970141864557
8145,valid,0,0.01684188453197789
1896,valid,0,0.0
7499,valid,0,0.0
5461,valid,0,0.0
1279,valid,0,0.0
1494,valid,0,0.0
1472,valid,0,0.0
1328,valid,0,0.0
167,valid,0,0.0
4222,valid,0,0.0
10977,valid,0,0.0011700054537515218
1064,valid,0,0.01885348587763456
5582,valid,0,0.0008454515196528591
4949,valid,0,0.0008454515196528591
8152,valid,0,0.0
4463,valid,0,0.0
1505,valid,0,0.010884136720143628
9500,valid,0,0.0
1792,valid,0,0.0
2542,valid,0,0.0
7776,valid,0,0.0
660,valid,0,0.0027901970141864557
10123,valid,0,0.0
2340,valid,0,0.0
172,valid,0,0.0
4907,valid,0,0.0
8546,valid,0,0.0
584,valid,0,0.0
6773,valid,0,0.010884136720143628
5862,valid,0,0.010884136720143628
10659,valid,0,0.010884136720143628
7841,valid,0,0.010884136720143628
7726,valid,0,0.0
10973,valid,0,0.0
9002,valid,0,0.03495675044828597
1165,valid,0,0.0764077725806135
1066,valid,0,0.0
6873,valid,0,0.0
2698,valid,0,0.0
9180,valid,0,0.0
3311,valid,0,0.0
2632,valid,0,0.010884136720143628
9424,valid,0,0.0
10251,valid,0,0.0
6056,valid,0,0.0
3699,valid,0,0.0
3814,valid,0,0.0
7961,valid,0,0.0017941260612667391
2240,valid,0,0.0
4062,valid,0,0.0222154882599072
3964,valid,0,0.010884136720143628
2990,valid,0,0.0
9427,valid,0,0.0
4952,valid,0,0.0
4506,valid,0,0.0
595,valid,0,0.0
10078,valid,0,0.0
8776,valid,0,0.0
5905,valid,0,0.0
8170,valid,0,0.010884136720143628
4455,valid,0,0.010884136720143628
967,valid,0,0.0
5859,valid,0,0.0
6649,valid,0,0.0
11067,valid,0,0.0
3621,valid,0,0.005793810398629056
8172,valid,0,0.0
10258,valid,0,0.0
5578,valid,0,0.0
5142,valid,0,0.0
3809,valid,0,0.0
10904,valid,0,0.010884136720143628
4205,valid,0,0.005793814778959237
1942,valid,0,0.0
1280,valid,0,0.0
1892,valid,0,0.010884136720143628
10099,valid,0,0.0027901970141864557
1901,valid,0,0.0
4966,valid,0,0.0
3623,valid,0,0.0
3502,valid,0,0.0
2303,valid,0,0.0
5379,valid,0,0.0
8021,valid,0,0.0
10033,valid,0,0.010884136720143628
8848,valid,0,0.0
5012,valid,0,0.0
2817,valid,0,0.0
4364,valid,0,0.0
7652,valid,0,0.0
8138,valid,0,0.016087245976824885
776,valid,0,0.03499066336747289
6427,valid,0,0.0002991179287269956
6829,valid,0,0.0
3309,valid,0,0.0
4732,valid,0,0.0
4754,valid,0,0.0
1310,valid,0,0.0
450,valid,0,0.0
8137,valid,0,0.0
8167,valid,0,0.0020086323321321865
10568,valid,0,0.0
10254,valid,0,0.0
2518,valid,0,0.0
5836,valid,0,0.0
4357,valid,0,0.010884136720143628
3314,valid,0,0.0
5157,valid,0,0.0011689899116656213
8555,valid,0,0.0
8188,valid,0,0.0
567,valid,0,0.0
6640,valid,0,0.0
7605,valid,0,0.0
3987,valid,0,0.0
8178,valid,0,0.0
6131,valid,0,0.0
6794,valid,0,0.0
10119,valid,0,0.0
2988,valid,0,0.0
5839,valid,0,0.0
10270,valid,0,0.0
3704,valid,0,0.010884136720143628
8946,valid,0,0.0
7650,valid,0,0.0
3411,valid,0,0.010884136720143628
2861,valid,0,0.0
8773,valid,0,0.0
3816,valid,0,0.010884136720143628
674,valid,0,0.0018574331425913525
6248,valid,0,0.010884136720143628
3963,valid,0,0.010884136720143628
7942,valid,0,0.0
1173,valid,0,0.010884136720143628
5890,valid,0,0.0
564,valid,0,0.005793808270113057
7947,valid,0,0.023344680208136827
448,valid,0,0.03495674233656342
7780,valid,0,0.0
7496,valid,0,0.0
7059,valid,0,0.007446648540761446
2235,valid,0,0.0
10090,valid,0,0.0
1798,valid,0,0.0
5864,valid,0,0.0
2526,valid,0,0.0
1971,valid,0,0.004347006326712099
7134,valid,0,0.0
9785,valid,0,0.00025396736554868227
8592,valid,0,0.0
10111,valid,0,0.0
5844,valid,0,0.0
3617,valid,0,0.0
6902,valid,0,0.0
3304,valid,0,0.0
10961,valid,0,0.0
5579,valid,0,0.010884136720143628
3719,valid,0,0.01587975911410401
5588,valid,0,0.0
4272,valid,0,0.034956743634439034
3853,valid,0,0.04334602963618543
600,valid,0,0.03499008192406701
6943,valid,0,0.0
8840,valid,0,0.0
6297,valid,0,0.0
461,valid,0,0.026839529414803897
3700,valid,0,0.034956754666381706
4715,valid,0,0.0
3423,valid,0,0.0
7785,valid,0,0.0004204583212983641
3581,valid,0,0.0
10884,valid,0,0.0
8410,valid,0,0.02524691585358704
3716,valid,0,0.010884136720143628
4217,valid,0,0.0
7786,valid,0,0.0
3172,valid,0,0.011002674655925825
2524,valid,0,0.010884136720143628
2501,valid,0,0.010884136720143628
9787,valid,0,0.0
2538,valid,0,0.0
8948,valid,0,0.0
10969,valid,0,0.004312337729795951
1083,valid,0,0.004320992342364259
10384,valid,0,0.0
10663,valid,0,0.0
6800,valid,0,0.010884136720143628
169,valid,0,0.0
574,valid,0,0.0
206,valid,0,0.023344653209906863
4087,valid,0,0.03052096571666626
5614,valid,0,0.0
6860,valid,0,0.010884136720143628
10617,valid,0,0.0
1897,valid,0,0.0
7955,valid,0,0.0
10953,valid,0,0.026828279371651928
4224,valid,0,0.0
3579,valid,0,0.0
10581,valid,0,0.0
6790,valid,0,0.0
10897,valid,0,0.0
510,valid,0,0.0
10664,valid,0,0.0
5111,valid,0,0.0007508492353627089
7600,valid,0,0.0
6283,valid,0,0.0
9984,valid,0,0.010884136720143628
8194,valid,0,0.0
4728,valid,0,0.0
7557,valid,0,0.023344664649820514
1331,valid,0,0.0
570,valid,0,0.0
360,valid,0,0.0
9928,valid,0,0.0
5849,valid,0,0.0
5116,valid,0,0.005793809814585032
9112,valid,0,0.0
4905,valid,0,0.034990353832251825
468,valid,0,0.004301514918562804
6416,valid,0,0.0
10632,valid,0,0.0
26,valid,0,0.0
7793,valid,0,0.0
6419,valid,0,0.001986518252092706
1077,valid,0,0.0
5298,valid,0,0.0
6431,valid,0,0.0027901970141864557
6648,valid,0,0.0013585977405643041
9917,valid,0,0.0
864,valid,0,0.0
772,valid,0,0.010884136720143628
1939,valid,0,0.0
7849,valid,0,0.0
9634,valid,0,0.010884136720143628
4348,valid,0,0.010884136720143628
5863,valid,0,0.0018297323464739781
4069,valid,0,0.0
445,valid,0,0.010884136720143628
9476,valid,0,0.010884136720143628
10027,valid,0,0.034956742657787636
8593,valid,0,0.0
156,valid,0,0.0
7565,valid,0,0.0
2521,valid,0,0.010884136720143628
8600,valid,0,0.0363213482376762
7555,valid,0,0.0
8147,valid,0,0.03495674350465147
4362,valid,0,0.03495674209321174
2502,valid,0,0.0
1008,valid,0,0.0011689899116656213
3337,valid,0,0.03495674330997013
560,valid,0,0.0
1290,valid,0,0.03495674752806585
350,valid,0,0.0
1463,valid,0,0.03495674293683089
10021,valid,0,0.0
6250,valid,0,0.0349567427259261
5857,valid,0,0.03495674298550123
9463,valid,0,0.034956742661032325
366,valid,0,0.03646073153987971
4198,valid,0,0.03496784047974479
2506,valid,0,0.03495674379667348
7781,valid,0,0.03495674817700366
4995,valid,0,0.0
3406,valid,0,0.010884136720143628
3247,valid,0,0.034979944977827734
3807,valid,0,0.0
661,valid,0,0.0
408,valid,0,0.0
10132,valid,0,0.010884136720143628
3710,valid,0,0.0
6903,valid,0,0.0
4088,valid,0,0.0
6295,valid,0,0.03495695620375099
359,valid,0,0.03615627454635515
4066,valid,0,0.0
3260,valid,0,0.0
170,valid,0,0.010884136720143628
10577,valid,0,0.03495674395890794
43,valid,0,0.0
3741,valid,0,0.0
4279,valid,0,0.023929629555319208
342,valid,0,0.0
583,valid,0,0.034956743011458735
4196,valid,0,0.034956742904384
31,valid,0,0.0
9468,valid,0,0.034956743988110134
7602,valid,0,0.0
3303,valid,0,0.03495674726849073
5931,valid,0,0.0
7617,valid,0,0.0
5257,valid,0,0.0
4518,valid,0,0.0
2623,valid,0,0.0
1502,valid,0,0.0
2504,valid,0,0.0
4375,valid,0,0.004561195575972652
9416,valid,0,0.005793809425222349
8560,valid,0,0.0
5847,valid,0,0.0002922823180112734
10612,valid,0,0.0
3341,valid,0,0.03495751945743021
1975,valid,0,0.0
4457,valid,0,0.0
736,valid,0,0.0
6664,valid,0,0.010884136720143628
5718,valid,0,0.0
2955,valid,0,0.03495674209321174
9130,valid,0,0.0
8169,valid,0,0.0
7505,valid,0,0.0
3327,valid,0,0.04166728493153357
4278,valid,0,0.0
1784,valid,0,0.0
10630,valid,0,0.0
3302,valid,0,0.0
9799,valid,0,0.004300842714099082
1200,valid,0,0.034956743634439034
9444,valid,0,0.010884136720143628
3872,valid,0,0.0
6437,valid,0,0.0
6953,valid,0,0.0001345463711824671
2808,valid,0,0.0
453,valid,0,0.0
9004,valid,0,0.0
5867,valid,0,0.010884136720143628
1063,valid,0,0.04522951505017208
3849,valid,0,0.0
4906,valid,0,0.013711713244321182
9009,valid,0,0.0
10089,valid,0,0.0
2853,valid,0,0.0
8081,valid,0,0.0
8025,valid,0,0.01684188926182597
6754,valid,0,0.0
10097,valid,0,0.0
497,valid,0,0.0
7568,valid,0,0.01913112687929431
8971,valid,0,0.0
6836,valid,0,0.0
10951,valid,0,0.0
10623,valid,0,0.03607534642377727
219,valid,0,0.0
4897,valid,0,0.001812616872428883
4271,valid,0,0.0
3171,valid,0,0.0
4740,valid,0,0.0
3255,valid,0,0.0
7558,valid,0,0.0
5729,valid,0,0.0
4930,valid,0,0.0
155,valid,0,0.03495674817700366
1026,valid,0,0.0004086068842703117
5639,valid,0,0.0
9804,valid,0,0.0
452,valid,0,0.0
7933,valid,0,0.0
9185,valid,0,0.0
5754,valid,0,0.03495674850147256
1642,valid,0,0.0
4669,valid,0,0.0
8426,valid,0,0.0
10375,valid,0,0.0
2780,valid,0,0.0
7680,valid,0,0.0
3979,valid,0,0.0
5371,valid,0,0.0
2637,valid,0,0.0
3345,valid,0,0.0
645,valid,0,0.0
3342,valid,0,0.0
8142,valid,0,0.0
3729,valid,0,0.0
8035,valid,0,0.0
7792,valid,0,0.004239993289165127
4971,valid,0,0.010884136720143628
1285,valid,0,0.0
7717,valid,0,0.0
7616,valid,0,0.0
1312,valid,0,0.0
10428,valid,0,0.0356750332047785
5635,valid,0,0.0
9191,valid,0,0.0
578,valid,0,0.0
7292,valid,0,0.0
505,valid,0,0.0
862,valid,0,0.010884136720143628
7566,valid,0,0.0
4656,valid,0,0.0
2523,valid,0,0.0
8203,valid,0,0.0
2785,valid,0,0.004315628747375606
1930,valid,0,0.0
29,valid,0,0.0
7953,valid,0,0.0
6827,valid,0,0.0
3955,valid,0,0.0018125213163371564
3335,valid,0,0.0
1793,valid,0,0.04383521414225435
1948,valid,0,0.0
5009,valid,0,0.0
3984,valid,0,0.0
3735,valid,0,0.0
1078,valid,0,0.0
5299,valid,0,0.0
8439,valid,0,0.03495800799403295
8146,valid,0,0.0069218740480170605
643,valid,0,0.004632793175310514
28,valid,0,0.0
556,valid,0,0.0
1924,valid,0,0.0
6627,valid,0,0.0
6057,valid,0,0.0356528009319688
5915,valid,0,0.0
5251,valid,0,0.0
648,valid,0,0.0
2307,valid,0,0.0
8432,valid,0,0.010884136720143628
7649,valid,0,0.006814381537372561
775,valid,0,0.0
73,valid,0,0.0
10246,valid,0,0.03501253750001895
1004,valid,0,0.0
3413,valid,0,0.0
1927,valid,0,0.0
161,valid,0,0.03495676401108609
1788,valid,0,0.0
4460,valid,0,0.0
5833,valid,0,0.010884136720143628
3262,valid,0,0.0
3500,valid,0,0.0
554,valid,0,0.0027901970141864557
717,valid,0,0.03495674249879787
1204,valid,0,0.0
4852,valid,0,0.008414831542568712
5854,valid,0,0.03615617640262393
5627,valid,0,0.0
721,valid,0,0.004312740733151359
5052,valid,0,0.0027901970141864557
6650,valid,0,0.005793809668574026
734,valid,0,0.0
3270,valid,0,0.0
10264,valid,0,0.0
9982,valid,0,0.12086741857507922
3981,valid,0,0.0
9480,valid,0,0.03495674246635098
4719,valid,0,0.00047690163098428994
7791,valid,0,0.0
8783,valid,0,0.0
8999,valid,0,0.0023101822447747188
5003,valid,0,0.0
3608,valid,0,0.03495676239523096
3300,valid,0,0.0
4969,valid,0,0.0
9452,valid,0,0.034980757091043285
6748,valid,0,0.0
4462,valid,0,0.0
3273,valid,0,0.0349567530440372
8149,valid,0,0.0
467,valid,0,0.0
6765,valid,0,0.010884136720143628
5591,valid,0,0.010884136720143628
1922,valid,0,0.0
3276,valid,0,0.010884136720143628
5395,valid,0,0.0
1969,valid,0,0.0
6769,valid,0,0.0349569207879703
2797,valid,0,0.0
2525,valid,0,0.0
1060,valid,0,0.0
368,valid,0,0.0
10104,valid,0,0.0
4083,valid,0,0.0
6870,valid,0,0.03495674298550123
4072,valid,0,0.0
536,valid,0,0.0
5723,valid,0,0.0
5046,valid,0,0.02335604716066276
6415,valid,0,0.0
5108,valid,0,0.03495674209321174
10441,valid,0,0.0
5865,valid,0,0.0
4863,valid,0,0.0
5050,valid,0,0.0179356340612487
5403,valid,0,0.016443764220422475
5914,valid,0,0.04457470369707194
731,valid,0,0.0
7500,valid,0,0.0
5370,valid,0,0.0
6775,valid,0,0.0
4942,valid,0,0.0
10902,valid,0,0.03495674837817438
3864,valid,0,0.034434614204829184
9975,valid,0,0.0
8184,valid,0,0.0
5118,valid,0,0.0007652855329725138
3310,valid,0,0.0
9916,valid,0,0.005793810392139677
5590,valid,0,0.005952904474069317
9503,valid,0,0.0
8594,valid,0,0.0
6880,valid,0,0.0
5126,valid,0,0.0
7676,valid,0,0.0
10034,valid,0,0.0
7682,valid,0,0.0
3298,valid,0,0.010884136720143628
6435,valid,0,0.0
964,valid,0,0.034956809177157294
1082,valid,0,0.0
1024,valid,0,0.034956745013431864
676,valid,0,0.03495674947487927
8784,valid,0,0.03495674233656342
75,valid,0,0.0
10903,valid,0,0.03495674298550123
10660,valid,0,0.0
10392,valid,0,0.0
9650,valid,0,0.0
6424,valid,0,0.02473710845598269
1506,valid,0,0.0
3426,valid,0,0.0
5624,valid,0,0.0028929634740101936
670,valid,0,0.005793811372035763
3410,valid,0,0.010884136720143628
9474,valid,0,0.0014807770096874884
7563,valid,0,0.0
589,valid,0,0.0
7135,valid,0,0.0
3338,valid,0,0.034956798437236626
2612,valid,0,0.0
3983,valid,0,0.006888663497701019
6604,valid,0,0.0027901970141864557
582,valid,0,0.03495674696024528
2179,valid,0,0.010884136720143628
646,valid,0,0.060983239275952256
10886,valid,0,0.0
2334,valid,0,0.03495674729444825
5636,valid,0,0.0
2776,valid,0,0.0566037175300331
5842,valid,0,0.0
6257,valid,0,0.0
5928,valid,0,0.0
11084,valid,0,0.05291375590483424
6141,valid,0,0.048853865682194623
7673,valid,0,0.0
9012,valid,0,0.0
4082,valid,0,0.0
4723,valid,0,0.0
9409,valid,0,0.0
998,valid,0,0.05056984004328517
4063,valid,0,0.0
5587,valid,0,0.0
5396,valid,0,0.0
4917,valid,0,0.004305092721345469
10497,valid,0,0.0
1061,valid,0,0.0
7678,valid,0,0.0
2701,valid,0,0.034956742661032325
8844,valid,0,0.05396210581520702
7950,valid,0,0.0
572,valid,0,0.0
4739,valid,0,0.0189196616074463
3806,valid,0,0.03496785478882339
9796,valid,0,0.018467594550721573
4708,valid,0,0.03602391714312493
8549,valid,0,0.0
2342,valid,0,0.0
1022,valid,0,0.022602624552147982
9701,valid,0,0.0
3154,valid,0,0.0
9637,valid,0,0.0
969,valid,0,0.0390213749165175
5026,valid,0,0.0390213749165175
5589,valid,0,0.0
5615,valid,0,0.06632858129875847
10578,valid,0,0.04902282517561486
10512,valid,0,0.0
5240,valid,0,0.0371754264989581
2786,valid,0,0.0
416,valid,0,0.0
6366,valid,0,0.0
4925,valid,0,0.0
3336,valid,0,0.019131136005679793
407,valid,0,0.035840897197898534
4226,valid,0,0.0
5237,valid,0,0.010884136720143628
6755,valid,0,0.0
4970,valid,0,0.010884136720143628
5381,valid,0,0.0
1795,valid,0,0.0
2072,valid,0,0.0
7773,valid,0,0.0
952,valid,0,0.0
6399,valid,0,0.08838893714111674
5471,valid,0,0.0
1316,valid,0,0.0
4200,valid,0,0.010884136720143628
10260,valid,0,0.06651379177065747
5840,valid,0,0.0
410,valid,0,0.0
10127,valid,0,0.03495674687912806
8079,valid,0,0.0
3993,valid,0,0.03495676634726219
9426,valid,0,0.03495674330997013
9923,valid,0,0.0
78,valid,0,0.0020086323321321865
4730,valid,0,0.0
10094,valid,0,0.023344660471910257
3827,valid,0,0.0
9421,valid,0,0.010884136720143628
7309,valid,0,0.0
6815,valid,0,0.0
10108,valid,0,0.013889096122131274
7714,valid,0,0.0
9022,valid,0,0.0
3244,valid,0,0.0
652,valid,0,0.0
1471,valid,0,0.0
3990,valid,0,0.0
10379,valid,0,0.04795884020897465
8417,valid,0,0.04902214684286527
4929,valid,0,0.0
7710,valid,0,0.0
211,valid,0,0.0
4202,valid,0,0.03495675571766095
6777,valid,0,0.0
5879,valid,0,0.0
3256,valid,0,0.005793813156614726
7507,valid,0,0.0
569,valid,0,0.0
1315,valid,0,0.0
37,valid,0,0.0
9469,valid,0,0.0
533,valid,0,0.0047027927182455905
9006,valid,0,0.03495675648340756
10880,valid,0,0.0
6400,valid,0,0.0
8218,valid,0,0.0349567428751818
7315,valid,0,0.0
3954,valid,0,0.034956765750239406
2315,valid,0,0.004656313091368844
10245,valid,0,0.0
5617,valid,0,0.0027901970141864557
579,valid,0,0.034956744030291094
3978,valid,0,0.0
4895,valid,0,0.034956754666381706
4714,valid,0,0.009398528926325896
5250,valid,0,0.0
2324,valid,0,0.0
2691,valid,0,0.013667977125076145
7838,valid,0,0.004226019414357791
3863,valid,0,0.004226019414357791
5235,valid,0,0.0
2069,valid,0,0.0
8161,valid,0,0.0
2594,valid,0,0.0
6791,valid,0,0.0
7144,valid,0,0.0
6657,valid,0,0.0
506,valid,0,0.0023101850498083794
7550,valid,0,0.0
8159,valid,0,0.00033841229661129874
773,valid,0,0.010884136720143628
11079,valid,0,0.0
1465,valid,0,0.03495676634726219
654,valid,0,0.0054732550572512
5241,valid,0,0.0
4720,valid,0,0.004545339495242089
2794,valid,0,0.0
72,valid,0,0.0
5932,valid,0,0.0
10898,valid,0,0.010884136720143628
10962,valid,0,0.0013480470933691462
5281,valid,0,0.0
9930,valid,0,0.001160072325170207
6942,valid,0,0.0
3737,valid,0,0.0
9418,valid,0,0.0
8310,valid,0,0.0018297323464739781
655,valid,0,0.04124823720029597
6960,valid,0,0.013900272879536435
5897,valid,0,0.03669101799558805
7293,valid,0,0.03146088915172023
6434,valid,0,0.0
8076,valid,0,0.05281043487199573
3870,valid,0,0.0
6948,valid,0,0.05853900159641125
367,valid,0,0.0
1320,valid,0,0.0
3825,valid,0,0.02334477592503534
6422,valid,0,0.0
6899,valid,0,0.0
3835,valid,0,0.0
8958,valid,0,0.0
7711,valid,0,0.03661469662511358
7778,valid,0,0.0
10499,valid,0,0.0
5903,valid,0,0.0
4270,valid,0,0.005462045523506308
2622,valid,0,0.0
7501,valid,0,0.0
6058,valid,0,0.05428391044550288
2803,valid,0,0.0
27,valid,0,0.0
8554,valid,0,0.03046559580217994
8141,valid,0,0.0
4293,valid,0,0.04577043462657587
3830,valid,0,0.004643718347364759
10122,valid,0,0.0
509,valid,0,0.002321268674628717
6806,valid,0,0.0
1970,valid,0,0.03495674223922275
9972,valid,0,0.0
4663,valid,0,0.00432115840392611
4855,valid,0,0.07433495270881864
2610,valid,0,0.034956750772754876
9635,valid,0,0.0
4346,valid,0,0.0
6772,valid,0,0.0
9498,valid,0,0.010884136720143628
7848,valid,0,0.0020086323321321865
7801,valid,0,0.0
2065,valid,0,0.005793808690300285
860,valid,0,0.036023689443828055
4223,valid,0,0.03967664011457283
5015,valid,0,0.0
4946,valid,0,0.02334466486312637
2859,valid,0,0.0
3420,valid,0,0.03495676913120537
6139,valid,0,0.0
5247,valid,0,0.026529878831233863
8150,valid,0,0.03936709339380008
6822,valid,0,0.07072383269054808
5575,valid,0,0.0
1802,valid,0,0.0
6368,valid,0,0.018402620823673513
5594,valid,0,0.037668042122348706
1274,valid,0,0.04162316383181826
1899,valid,0,0.000822518223471386
6647,valid,0,0.034956765941676064
7712,valid,0,0.05055778978700484
4355,valid,0,0.0
5021,valid,0,0.05240468084369129
6862,valid,0,0.010054184266435168
4916,valid,0,0.02184583498389747
3848,valid,0,0.06591627118777911
10257,valid,0,0.0
5645,valid,0,0.011467142963371486
3618,valid,0,0.010884136720143628
5008,valid,0,0.047391044549032695
2068,valid,0,0.03495674499720842
3254,valid,0,0.04165555795662314
353,valid,0,0.0
6064,valid,0,0.07604789829200058
6282,valid,0,0.0
10574,valid,0,0.0
3803,valid,0,0.010884136720143628
2611,valid,0,0.0
4847,valid,0,0.0
6359,valid,0,0.01927523488848632
2953,valid,0,0.010884136720143628
1630,valid,0,0.0
499,valid,0,0.0
7777,valid,0,0.01009302607427266
6136,valid,0,0.0
586,valid,0,0.010884136720143628
10900,valid,0,0.08408823690245378
5467,valid,0,0.00778457045949733
4744,valid,0,0.0
7511,valid,0,0.03615642728846856
9705,valid,0,0.0
9644,valid,0,0.007784557041669919
4074,valid,0,0.012396126041690478
6808,valid,0,0.005952904474069317
455,valid,0,0.0
9802,valid,0,0.03677954091568458
440,valid,0,0.03641743496406163
6751,valid,0,0.0
2532,valid,0,0.010082225892952757
5924,valid,0,0.0
3828,valid,0,0.004643699805589338
8415,valid,0,0.0
5717,valid,0,0.0
9707,valid,0,0.0
2992,valid,0,0.0
4519,valid,0,0.010093230261149548
10899,valid,0,0.04677595979937574
2318,valid,0,0.001513927802792923
3859,valid,0,0.04199822727999449
4508,valid,0,0.005793808763305788
5378,valid,0,0.061308364555169304
4659,valid,0,0.04464341537966946
507,valid,0,0.0
4726,valid,0,0.0
10887,valid,0,0.0
4998,valid,0,0.010884136720143628
7975,valid,0,0.0
2997,valid,0,0.1465531899755585
6610,valid,0,0.0
6365,valid,0,0.004717445660467649
868,valid,0,0.0
6296,valid,0,0.008127655802391297
4896,valid,0,0.010884136720143628
2243,valid,0,0.007784507264498145
2491,valid,0,0.03495674623019025
551,valid,0,0.0
4964,valid,0,0.005793808075431716
1072,valid,0,0.0
6959,valid,0,0.0
7145,valid,0,0.007784462577018576
6767,valid,0,0.0
10386,valid,0,0.0
10582,valid,0,0.0
7146,valid,0,0.03495674298550123
9448,valid,0,0.049389852685285764
11083,valid,0,0.049389852685285764
4211,valid,0,0.016466120536794644
5037,valid,0,0.08550010283727916
7504,valid,0,0.0057938150709812486
2631,valid,0,0.007784531385775916
2536,valid,0,0.003920595541934228
2865,valid,0,0.003920595541934228
6063,valid,0,0.004683670524220591
81,valid,0,0.006677383013608272
9795,valid,0,0.004430001674940753
7058,valid,0,0.0057938156550252735
9926,valid,0,0.034956742657787636
1904,valid,0,0.007784459777590115
3847,valid,0,0.05228187351619155
171,valid,0,0.005793808938518995
3583,valid,0,0.04746535065684712
1501,valid,0,0.04520439689230244
5888,valid,0,0.004430001674940753
9467,valid,0,0.0
5031,valid,0,0.004684461945475501
2060,valid,0,0.03495675505574439
10963,valid,0,0.0598328593001569
6821,valid,0,0.0
2993,valid,0,0.034956744283376834
8544,valid,0,0.004430001674940753
11081,valid,0,0.0
8139,valid,0,0.004430001674940753
5231,valid,0,0.007784551212050717
332,valid,0,0.0
4862,valid,0,0.04648798563093303
3717,valid,0,0.0005304119450773587
1919,valid,0,0.07245591860555885
10560,valid,0,0.042803160246556275
1910,valid,0,0.004754605103484437
2686,valid,0,0.07182470903479797
6762,valid,0,0.010884136720143628
5234,valid,0,0.005793809425222349
8973,valid,0,0.0
6369,valid,0,0.013889229133306959
6813,valid,0,0.0
504,valid,0,0.0023212695740565136
6426,valid,0,0.0
8843,valid,0,0.06621304636418494
3748,valid,0,0.0
6944,valid,0,0.0
447,valid,0,0.010884136720143628
6278,valid,0,0.034956747933651985
6884,valid,0,0.0
9447,valid,0,0.00397446254427341
10614,valid,0,0.04282642411178591
4911,valid,0,0.03495674330997013
2238,valid,0,0.010884136720143628
1293,valid,0,0.041321919827650676
10086,valid,0,0.07780773245997724
9035,valid,0,0.0
4653,valid,0,0.0
5143,valid,0,0.0
11078,valid,0,0.0
3497,valid,0,0.0
2535,valid,0,0.04045814580306603
1287,valid,0,0.04712061430636667
963,valid,0,0.0
6420,valid,0,0.03396141153310198
4347,valid,0,0.0
1003,valid,0,0.0027901970141864557
10023,valid,0,0.0020086323321321865
6890,valid,0,0.0
9792,valid,0,0.013889366725172374
3257,valid,0,0.0
10390,valid,0,0.0
5053,valid,0,0.007264735600630254
10906,valid,0,0.001845705043036174
5861,valid,0,0.03605225795999836
9041,valid,0,0.03605225795999836
1223,valid,0,0.0
4734,valid,0,0.03962027262453508
5121,valid,0,0.0018125726100035762
8774,valid,0,0.0
24,valid,0,0.022702053198436364
435,valid,0,0.03495674858258979
1806,valid,0,0.0
1933,valid,0,0.06064061084261622
6895,valid,0,0.0
1301,valid,0,0.0
553,valid,0,0.026152509617962314
8959,valid,0,0.0014541600911577783
2494,valid,0,0.0
9963,valid,0,0.0
1327,valid,0,0.02777705738847223
356,valid,0,0.034956745727263455
6409,valid,0,0.0014831936091441447
3855,valid,0,0.036156174644002476
5114,valid,0,0.0
3733,valid,0,0.0
355,valid,0,0.03495674330997013
1081,valid,0,0.0
2826,valid,0,0.0
5882,valid,0,0.0
9510,valid,0,0.040521405684316725
437,valid,0,0.03495679889473778
8968,valid,0,0.0
585,valid,0,0.0
9182,valid,0,0.0
3319,valid,0,0.0
6405,valid,0,0.0
1804,valid,0,0.01551479781667394
4351,valid,0,0.0
3851,valid,0,0.04240611361479162
9699,valid,0,0.01595382478846335
8423,valid,0,0.04112563458820862
3989,valid,0,0.04519218566611513
9993,valid,0,0.0
4368,valid,0,0.0
3865,valid,0,0.016443769784139414
10382,valid,0,0.0
6048,valid,0,0.03401450521503822
5254,valid,0,0.0
7720,valid,0,0.06623558564168591
7498,valid,0,0.12050579798347043
3867,valid,0,0.0
10569,valid,0,0.0
8179,valid,0,0.0057938202365261735
9121,valid,0,0.025235764328408725
10434,valid,0,0.034956743634439034
7911,valid,0,0.0
10877,valid,0,0.0
9793,valid,0,0.0
10440,valid,0,0.03495674298550123
10075,valid,0,0.0
9969,valid,0,0.013656861651751126
9786,valid,0,0.06980188458361933
4060,valid,0,0.0
9120,valid,0,0.03941147336065572
7970,valid,0,0.06503143263190411
5153,valid,0,0.0
7304,valid,0,0.01996061970033271
4001,valid,0,0.025654854800555835
4675,valid,0,0.02682828204123604
5000,valid,0,0.010884136720143628
2305,valid,0,0.0
7643,valid,0,0.005793820327377466
8591,valid,0,0.0
9962,valid,0,0.01997172309867732
8967,valid,0,0.019263847921355725
4745,valid,0,0.02334465795969356
9038,valid,0,0.0
4838,valid,0,0.0
10092,valid,0,0.0
6284,valid,0,0.0
4837,valid,0,0.013756458920238458
3837,valid,0,0.03692419867633367
6885,valid,0,0.0
8442,valid,0,0.005793818244287114
5010,valid,0,0.07314653202518254
7311,valid,0,0.0
4830,valid,0,0.0
9920,valid,0,0.0057938258303700495
2806,valid,0,0.034956742855713666
6138,valid,0,0.023378089078933528
3965,valid,0,0.005831420025405102
7935,valid,0,0.012141791056025824
1296,valid,0,0.0
11065,valid,0,0.0011870532539670433
3958,valid,0,0.11524044170055138
8540,valid,0,0.005078503482152368
1932,valid,0,0.004239993289165127
2498,valid,0,0.03495674527949636
436,valid,0,0.0
2320,valid,0,0.03023333915590777
7142,valid,0,0.0
9001,valid,0,0.1206240668983573
10896,valid,0,0.0
2595,valid,0,0.007784515888313748
557,valid,0,0.006232068194959309
2958,valid,0,0.0
9967,valid,0,0.0
8020,valid,0,0.04782700607116746
3159,valid,0,0.0
82,valid,0,0.03495674209321174
1284,valid,0,0.020633411490505855
3838,valid,0,0.0
2810,valid,0,0.007777967799645262
346,valid,0,0.0
6763,valid,0,0.0
2696,valid,0,0.0
10001,valid,0,0.0
3714,valid,0,0.0
3331,valid,0,0.005959735686332393
8210,valid,0,0.034956787891997305
3249,valid,0,0.005793810645225422
3308,valid,0,0.0077844977872319875
7056,valid,0,0.0
2061,valid,0,0.03495674493231464
3347,valid,0,0.005793811534270213
5868,valid,0,0.0
1914,valid,0,0.0
1639,valid,0,0.0
210,valid,0,0.012407234800326244
4363,valid,0,0.0
3278,valid,0,0.007054222252363962
4280,valid,0,0.007054222252363962
5382,valid,0,0.004301007826589393
1466,valid,0,0.0
713,valid,0,0.0
7295,valid,0,0.030431495817903973
4356,valid,0,0.007777967799645262
10022,valid,0,0.0077682337325763835
4948,valid,0,0.0
456,valid,0,0.0
10974,valid,0,0.0
6362,valid,0,0.0
7798,valid,0,0.0
215,valid,0,0.0
4209,valid,0,0.0
9803,valid,0,0.0027901970141864557
9977,valid,0,0.0027901970141864557
4725,valid,0,0.0
4370,valid,0,0.0008837956958830761
3494,valid,0,0.0
3265,valid,0,0.002321279814684433
7645,valid,0,0.0
2520,valid,0,0.0
534,valid,0,0.0011689899116656213
457,valid,0,0.0011689899116656213
2814,valid,0,0.010884136720143628
502,valid,0,0.0
8154,valid,0,0.0
4749,valid,0,0.0
543,valid,0,0.04926281065014708
8957,valid,0,0.016862992981215748
3316,valid,0,0.03495674330672544
9505,valid,0,0.0
7774,valid,0,0.0018125343729657848
4513,valid,0,0.003147644571791155
9800,valid,0,0.01935221874344875
774,valid,0,0.0
7647,valid,0,0.0
10427,valid,0,0.00040864980363771456
6142,valid,0,0.0
2508,valid,0,0.0
5034,valid,0,0.0
5287,valid,0,0.0
7966,valid,0,0.0
1498,valid,0,0.0
8160,valid,0,0.0
6947,valid,0,0.0
5463,valid,0,0.0
9996,valid,0,0.0
9501,valid,0,0.00743572350173945
4738,valid,0,0.03149407790514015
573,valid,0,0.0
5125,valid,0,0.0
3160,valid,0,0.0005789459245077699
6358,valid,0,0.0
9918,valid,0,0.0
9453,valid,0,0.0
4940,valid,0,0.0
1324,valid,0,0.0
3425,valid,0,0.0
6363,valid,0,0.03848152922097434
6134,valid,0,0.0706145869150085
9460,valid,0,0.03495675791107073
1801,valid,0,0.008414941788438391
5855,valid,0,0.0
6433,valid,0,0.025997736293178295
669,valid,0,0.0
6887,valid,0,0.05114933394117117
2692,valid,0,0.05114933394117117
4756,valid,0,0.003586474064300056
8183,valid,0,0.010884136720143628
6901,valid,0,0.010884136720143628
10882,valid,0,0.018467579900674838
8163,valid,0,0.0
451,valid,0,0.010884136720143628
5032,valid,0,0.012440525449392422
1636,valid,0,0.0
8846,valid,0,0.01846758483347822
4923,valid,0,0.0
6260,valid,0,0.0
5583,valid,0,0.0
9178,valid,0,0.016443784302111086
2627,valid,0,0.00044178491735126626
4910,valid,0,0.00044178491735126626
2640,valid,0,0.0
2519,valid,0,0.0
8835,valid,0,0.023299319796623644
8552,valid,0,0.03495674480252708
10576,valid,0,0.0
2500,valid,0,0.0
9465,valid,0,0.0
8078,valid,0,0.0
463,valid,0,0.03495674449103693
8187,valid,0,0.0
2782,valid,0,0.0
5646,valid,0,0.0373210624772439
6050,valid,0,0.004985546036703371
10500,valid,0,0.004985546036703371
5887,valid,0,0.0
9502,valid,0,0.03495674298550123
1304,valid,0,0.06770620263614764
4860,valid,0,0.02619869990911559
5280,valid,0,0.05381026595980645
8207,valid,0,0.05274634652708975
7779,valid,0,0.0
6061,valid,0,0.043390468526798044
10876,valid,0,0.0
5620,valid,0,0.06827574189386026
1009,valid,0,0.04055035851114293
6654,valid,0,0.0
1071,valid,0,0.02799942665794964
2184,valid,0,0.000822518223471386
9457,valid,0,0.004545339495242089
8775,valid,0,0.0
9036,valid,0,0.010561653285681986
5164,valid,0,0.04964281943148886
8077,valid,0,0.000447684836354832
1213,valid,0,0.015249369019422868
2703,valid,0,0.02451584475970063
5402,valid,0,0.061405578129427756
3869,valid,0,0.0
3860,valid,0,0.03495674362794965
3431,valid,0,0.0005020222523029296
9645,valid,0,0.0036807030890753604
6663,valid,0,0.0
3839,valid,0,0.0
8037,valid,0,0.051829556683559326
157,valid,0,0.005793850308304038
10611,valid,0,0.0335621904091361
2312,valid,0,0.0
2537,valid,0,0.0
3726,valid,0,0.045626540805558884
4064,valid,0,0.0018125483671797534
8174,valid,0,0.0
2634,valid,0,0.034956756288726215
214,valid,0,0.013767493804070347
1016,valid,0,0.0
2327,valid,0,0.000822518223471386
9199,valid,0,0.0013234250785480353
4081,valid,0,0.0
3492,valid,0,0.0
8545,valid,0,0.0
1069,valid,0,0.0
10124,valid,0,0.03495674371555626
7958,valid,0,0.0
9458,valid,0,0.0
6641,valid,0,0.003147644571791155
10658,valid,0,0.03495674298550123
2818,valid,0,0.005793823575311178
5297,valid,0,0.031261836017254886
1001,valid,0,0.0
6823,valid,0,0.04398972800067851
4746,valid,0,0.06770485873569934
5374,valid,0,0.0027901970141864557
5755,valid,0,0.0
3350,valid,0,0.00010320574458781993
2858,valid,0,0.0497706107550613
4194,valid,0,0.0
209,valid,0,0.025633185876942414
8557,valid,0,0.020457238124714148
9643,valid,0,0.0349567466584892
5629,valid,0,0.058518102444070456
3340,valid,0,0.0
4353,valid,0,0.03640136129305031
8220,valid,0,0.0
597,valid,0,0.0349567955494634
1309,valid,0,0.0
8963,valid,0,0.019960561553607276
7554,valid,0,0.07263397987453807
8307,valid,0,0.0
10503,valid,0,0.03495674209321174
10020,valid,0,0.0
1208,valid,0,0.024362130353861464
3339,valid,0,0.0
865,valid,0,0.00231018174184792
3326,valid,0,0.06763979125962144
2824,valid,0,0.03495677338174799
7138,valid,0,0.0
1216,valid,0,0.05824498212831405
10107,valid,0,0.0027901970141864557
41,valid,0,0.0
4716,valid,0,0.0
4748,valid,0,0.0
10274,valid,0,0.0
6356,valid,0,0.0
8189,valid,0,0.0
5896,valid,0,0.08694865903299369
7788,valid,0,0.0
5920,valid,0,0.0
2512,valid,0,0.0057938081695276976
3999,valid,0,0.0
1311,valid,0,0.1104309138691402
9194,valid,0,0.0
71,valid,0,0.042991759677905715
1065,valid,0,0.0
3610,valid,0,0.010884136720143628
45,valid,0,0.0
149,valid,0,0.0014807956990962605
1800,valid,0,0.04720518182353069
10966,valid,0,0.03816302136721845
10636,valid,0,0.0416331578233284
5881,valid,0,0.023561381568309312
5013,valid,0,0.004648833228817153
3261,valid,0,0.00036481775898754065
1018,valid,0,0.01552594689014901
5719,valid,0,0.028335869124918825
7912,valid,0,0.001829759000193428
5156,valid,0,0.016155416480807924
10071,valid,0,0.07194167940449273
5728,valid,0,0.028309031662081676
163,valid,0,0.03495677283664024
5366,valid,0,0.03648181044704444
1794,valid,0,0.06095216702667489
4361,valid,0,0.0
7302,valid,0,0.0
4654,valid,0,0.06313992117384577
778,valid,0,0.09417662537391552
8143,valid,0,0.06484726768456858
10028,valid,0,0.03495674687912806
10872,valid,0,0.030520969986076747
2505,valid,0,0.0
7719,valid,0,0.0669815972104099
5377,valid,0,0.08185416728507731
2693,valid,0,0.10216125540335769
3616,valid,0,0.034956744224972434
2787,valid,0,0.030542382289737175
3840,valid,0,0.0
3577,valid,0,0.0
1789,valid,0,0.04532102564834871
9123,valid,0,0.035839173551993286
1509,valid,0,0.0
5295,valid,0,0.09532064776067554
6825,valid,0,0.11044384254710023
9177,valid,0,0.008956760466012355
2860,valid,0,0.008131370265130925
7932,valid,0,0.0547013368709762
10070,valid,0,0.06354678219883625
3808,valid,0,0.0
10570,valid,0,0.001829759000193428
4755,valid,0,0.012726963804930694
5616,valid,0,0.039883849382840175
7653,valid,0,0.005793811372035763
8965,valid,0,0.0
5384,valid,0,0.04387929557039301
1000,valid,0,0.08514986901295252
2522,valid,0,0.0003422637660399487
5286,valid,0,0.049241729449742734
8043,valid,0,0.06928841791926033
5892,valid,0,0.026529692350357285
10635,valid,0,0.034049320552353185
8148,valid,0,0.06837091062462008
10000,valid,0,0.0
5727,valid,0,0.07685883855772274
2812,valid,0,0.0
6818,valid,0,0.07804088373763368
5293,valid,0,0.06328245360328556
7963,valid,0,0.0
7904,valid,0,0.11938346688167709
4924,valid,0,0.11938346688167709
6129,valid,0,0.0189196616074463
4753,valid,0,0.07453768382876125
9504,valid,0,0.03495685818494029
3712,valid,0,0.005952904474069317
1913,valid,0,0.05849658834823068
4085,valid,0,0.004962069911152639
5923,valid,0,0.095664668180629
4086,valid,0,0.0349567492315276
4731,valid,0,0.0
10248,valid,0,0.003182746009272247
10626,valid,0,0.05029119496353388
7057,valid,0,0.0
1326,valid,0,0.10238634960412014
9973,valid,0,0.0732826903739497
5141,valid,0,0.0
8849,valid,0,0.015098556824118212
3328,valid,0,0.053215372423533636
6133,valid,0,0.0
4943,valid,0,0.015314336985156765
10895,valid,0,0.0
2311,valid,0,0.0
3738,valid,0,0.08048874973528333
6412,valid,0,0.09155829499503117
5024,valid,0,0.0
2866,valid,0,0.0316873488236419
6256,valid,0,0.04285727135786446
10610,valid,0,0.07879460157408487
2599,valid,0,0.012949334581623723
6875,valid,0,0.0
10960,valid,0,0.10138077424842717
561,valid,0,0.07901021815436818
5112,valid,0,0.005793808270113057
74,valid,0,0.0
3321,valid,0,0.0
1288,valid,0,0.06348144729977866
1277,valid,0,0.0
10105,valid,0,0.0783960159331401
9184,valid,0,0.06752184424171448
726,valid,0,0.0069887584532389935
11068,valid,0,0.009224642573746314
535,valid,0,0.0323236576670303
8208,valid,0,0.03529900895630736
462,valid,0,0.049987223013304154
1012,valid,0,0.10630054154584534
7641,valid,0,0.0
140,valid,0,0.010093355873842105
8195,valid,0,0.0
4752,valid,0,0.11408411258410799
3956,valid,0,0.0003503556959943065
9128,valid,0,0.05232479828260427
8850,valid,0,0.09643997283016209
8166,valid,0,0.04978291668951717
6900,valid,0,0.0
1632,valid,0,0.09603779351422109
2309,valid,0,0.0
3325,valid,0,0.0010170571179937632
4932,valid,0,0.0265296834629107
11073,valid,0,0.0
2702,valid,0,0.06894582804904684
5041,valid,0,0.052359266447781834
9115,valid,0,0.05540949428062407
2495,valid,0,0.0
5389,valid,0,0.07331902019160191
5390,valid,0,0.09435838557575137
5641,valid,0,0.0928772683709767
7789,valid,0,0.03299481599981284
657,valid,0,0.002974456988282961
591,valid,0,0.0
2959,valid,0,0.03488215002723539
25,valid,0,0.026828289184938077
9979,valid,0,0.0
5716,valid,0,0.05763965316692131
5148,valid,0,0.0
5233,valid,0,0.0
9005,valid,0,0.005952904474069317
44,valid,0,0.07083347645100257
6881,valid,0,0.08587194531830722
3723,valid,0,0.0
7618,valid,0,0.07383273342235032
9998,valid,0,0.0005020222523029296
8430,valid,0,0.05846502579661085
10091,valid,0,0.07074672275216057
727,valid,0,0.0
9193,valid,0,0.05771886175158435
4757,valid,0,0.0
8424,valid,0,0.0555020734177099
5006,valid,0,0.02284240440498471
1947,valid,0,0.03917790723088049
6054,valid,0,0.12133872055919342
1015,valid,0,0.053390019324098495
6824,valid,0,0.051464897466161195
8838,valid,0,0.03369493519278178
3725,valid,0,0.04670954200294429
3820,valid,0,0.0
3833,valid,0,0.05487866894817185
10389,valid,0,0.0
722,valid,0,0.0
8537,valid,0,0.05087883839543988
5376,valid,0,0.09953801981776687
7944,valid,0,0.0
1017,valid,0,0.01646662924515856
8440,valid,0,0.04774604949367392
5902,valid,0,0.0
9506,valid,0,0.0
2496,valid,0,0.0
10624,valid,0,0.0
10971,valid,0,0.04317600887735959
9925,valid,0,0.002711672986691638
1797,valid,0,0.002711672986691638
11085,valid,0,0.050744396084457216
7564,valid,0,0.06915310646318344
3982,valid,0,0.0
5930,valid,0,0.10715642038261712
10504,valid,0,0.10715642038261712
1928,valid,0,0.0071153758585650135
9027,valid,0,0.13375021758272107
4849,valid,0,0.0
4514,valid,0,0.010884136720143628
10583,valid,0,0.0
10618,valid,0,0.0853595363021815
6060,valid,0,0.03219996534548166
7964,valid,0,0.09612557757960058
5912,valid,0,0.031206653143720547
477,valid,0,0.0
6655,valid,0,0.0
5365,valid,0,0.0027901970141864557
7549,valid,0,0.0
5936,valid,0,0.027734061644324896
2793,valid,0,0.07618114093568862
2064,valid,0,0.0
2788,valid,0,0.0
460,valid,0,0.08605894514684204
3155,valid,0,0.08657392764866403
4215,valid,0,0.0
8962,valid,0,0.0223481952735394
6357,valid,0,0.03210257260995772
5119,valid,0,0.0
7608,valid,0,0.0
4657,valid,0,0.04874520980917233
3245,valid,0,0.034956776383085336
6145,valid,0,0.0
3346,valid,0,0.0
10102,valid,0,0.022190473236123786
4662,valid,0,0.012440425767938178
3802,valid,0,0.0
8964,valid,0,0.026008863920978603
1308,valid,0,0.05187381843819139
7651,valid,0,0.010884136720143628
715,valid,0,0.06526178810225228
545,valid,0,0.027347034822125842
2308,valid,0,0.0
8961,valid,0,0.046625667497374595
6406,valid,0,0.016842055364416915
3969,valid,0,0.0
6957,valid,0,0.07608973669380281
5244,valid,0,0.058219320479189034
9190,valid,0,0.0
3861,valid,0,0.03341838442289889
6611,valid,0,0.02432349270101821
6619,valid,0,0.02871832035022141
8036,valid,0,0.08236328810350374
10559,valid,0,0.07378323603955379
9122,valid,0,0.04663053603526863
9921,valid,0,0.0
5025,valid,0,0.0013923644859589468
5385,valid,0,0.013679157823285912
6749,valid,0,0.0
8209,valid,0,0.0
8199,valid,0,0.004649063243945924
11080,valid,0,0.019164423288747665
4848,valid,0,0.0
465,valid,0,0.01069079904911489
5051,valid,0,0.07639250376365764
1218,valid,0,0.04969163609508835
6144,valid,0,0.05541176259627459
4080,valid,0,0.0009519775668765194
3744,valid,0,0.004315173966895115
9788,valid,0,0.0588077897623205
40,valid,0,0.004658179964389531
6826,valid,0,0.0764572370988658
2517,valid,0,0.0
8952,valid,0,0.051839417622465696
1074,valid,0,0.07248415182050177
7906,valid,0,0.0
5248,valid,0,0.03653704479804062
1067,valid,0,0.004714100595464761
7316,valid,0,0.0
9700,valid,0,0.05297513773516454
2549,valid,0,0.0
1457,valid,0,0.051716516715623974
3721,valid,0,0.06490343187745894
4914,valid,0,0.024958717490276786
207,valid,0,0.08881126875762174
4861,valid,0,0.06880123386718687
5150,valid,0,0.061171507417099175
866,valid,0,0.059100248866169415
7805,valid,0,0.01913115286190416
5904,valid,0,0.0
10975,valid,0,0.05104695923128059
1298,valid,0,0.0
441,valid,0,0.0
10116,valid,0,0.0
8140,valid,0,0.018046109273600782
8317,valid,0,0.0
10959,valid,0,0.0
10433,valid,0,0.0
1076,valid,0,0.04355762834880292
4950,valid,0,0.0
1313,valid,0,0.0
1303,valid,0,0.11024163261288329
2700,valid,0,0.0
6288,valid,0,0.03495674209321174
10956,valid,0,0.04363584609632913
10511,valid,0,0.0
663,valid,0,0.053085974208870276
8412,valid,0,0.0632613949887397
2690,valid,0,0.09280236588737213
2616,valid,0,0.010884136720143628
3831,valid,0,0.23887193609669322
8082,valid,0,0.05390637231134913
4737,valid,0,0.0
4275,valid,0,0.003236433340472534
5359,valid,0,0.033555455011187105
999,valid,0,0.038781957257431145
9981,valid,0,0.0
4273,valid,0,0.0
544,valid,0,0.015447316941138774
601,valid,0,0.0
6941,valid,0,0.016852985676318148
10096,valid,0,0.05742365732234202
2783,valid,0,0.002154799551548653
724,valid,0,0.0
7807,valid,0,0.04556015022747308
1323,valid,0,0.04582670213697905
3824,valid,0,0.038107455607017865
4277,valid,0,0.013702174948156402
6609,valid,0,0.05388396893806993
4516,valid,0,0.005952904474069317
3868,valid,0,0.0
8969,valid,0,0.08947841514363583
10561,valid,0,0.08098053995802267
9192,valid,0,0.026209014853170447
212,valid,0,0.026839370502622285
4212,valid,0,0.016841886049648733
6052,valid,0,0.08435553401210602
8836,valid,0,0.08337086303010106
2790,valid,0,0.0017831839342730442
10279,valid,0,0.014884437186932699
10907,valid,0,0.06828849377224272
6789,valid,0,0.0
7808,valid,0,0.0747681125607267
6413,valid,0,0.0531345989616485
5362,valid,0,0.06301804840676913
8851,valid,0,0.047295372793319454
10957,valid,0,0.01564750204084699
2697,valid,0,0.0
1503,valid,0,0.0008836713978168345
4899,valid,0,0.0014978266951159458
7948,valid,0,0.015436708279332292
8427,valid,0,0.03366062347144696
4220,valid,0,0.009812209086733012
2321,valid,0,0.0
1275,valid,0,0.06605971216498296
647,valid,0,0.041855550555921224
3730,valid,0,0.0
8073,valid,0,0.07043536357772488
6398,valid,0,0.02860764645514014
1281,valid,0,0.0189196616074463
1226,valid,0,0.06044571888025858
1921,valid,0,0.07567595606494029
365,valid,0,0.03615610733617339
8438,valid,0,0.013304681035719208
2777,valid,0,0.0
5016,valid,0,0.0
9961,valid,0,0.0
2533,valid,0,0.0
10082,valid,0,0.0
4722,valid,0,0.03495674493231464
8134,valid,0,0.09060832274731902
7310,valid,0,0.0019785768757090132
30,valid,0,0.0
9197,valid,0,0.0
4747,valid,0,0.045879160268109086
10369,valid,0,0.0
7931,valid,0,0.055965744578376365
5042,valid,0,0.042606246582081314
8033,valid,0,0.025641202411420705
8201,valid,0,0.03713418707771193
770,valid,0,0.013231363538454208
10662,valid,0,0.03254355249168131
10949,valid,0,0.03254355249168131
9708,valid,0,0.0025647408773077523
9419,valid,0,0.0
3329,valid,0,0.0266946771106316
7782,valid,0,0.06809481152421798
8204,valid,0,0.06809481152421798
7715,valid,0,0.0640365737344033
142,valid,0,0.0
1900,valid,0,0.0
5279,valid,0,0.004300898109052427
6292,valid,0,0.13197972058789767
10888,valid,0,0.13197972058789767
3727,valid,0,0.06270958996049608
4673,valid,0,0.0
1945,valid,0,0.0
5733,valid,0,0.09504245609344575
5622,valid,0,0.0527561876509885
3609,valid,0,0.005952904474069317
4343,valid,0,0.0
7598,valid,0,0.0
723,valid,0,0.08239829182484754
2638,valid,0,0.043128273409853674
11071,valid,0,0.06055526016682152
5392,valid,0,0.07422970654358269
7606,valid,0,0.08564687778363812
9033,valid,0,0.006024291773179296
8155,valid,0,0.0
7960,valid,0,0.050648605892238074
10263,valid,0,0.033263662910785516
10088,valid,0,0.03495674233656342
458,valid,0,0.0
6950,valid,0,0.07615277759076337
3742,valid,0,0.075269669892065
5047,valid,0,0.05682557631630688
7965,valid,0,0.08273545779572516
1977,valid,0,0.005793808289581191
8041,valid,0,0.03723753555227604
6403,valid,0,0.0
10262,valid,0,0.0
2867,valid,0,0.029611929707847533
6440,valid,0,0.01879624750871521
4201,valid,0,0.04539047993677221
10557,valid,0,0.07346593643253176
7298,valid,0,0.004533066538654544
4919,valid,0,0.04203236038528386
7559,valid,0,0.10391168437243566
10513,valid,0,0.10391168437243566
5369,valid,0,0.07068958973601018
8080,valid,0,0.029100207376204373
5245,valid,0,0.10930044133904207
7722,valid,0,0.05292522146746983
3279,valid,0,0.0
9020,valid,0,0.014884422216262017
1459,valid,0,0.046764881997149864
4841,valid,0,0.016443802278337208
6831,valid,0,0.03617236132004739
3164,valid,0,0.024254446117587584
10029,valid,0,0.03858096678815118
2606,valid,0,0.039853502818356784
9992,valid,0,0.0
1507,valid,0,0.0
7957,valid,0,0.06422136993417475
1895,valid,0,0.005793812471985341
4666,valid,0,0.04950831579800486
532,valid,0,0.0027901970141864557
10080,valid,0,0.035264439695938385
7681,valid,0,0.0
1278,valid,0,0.052425571988837176
4218,valid,0,0.06276610953205101
9422,valid,0,0.0005193226203886666
8853,valid,0,0.0496729275248578
6956,valid,0,0.08229117109072752
4758,valid,0,0.0
650,valid,0,0.04989465527808197
10113,valid,0,0.01996056060542803
8974,valid,0,0.07326710557104232
6792,valid,0,0.0
9113,valid,0,0.07685242422080413
3170,valid,0,0.057678905323045725
32,valid,0,0.0
1220,valid,0,0.044775107458420615
7806,valid,0,0.0354594808972814
7930,valid,0,0.0013635721158676308
5909,valid,0,0.06006377481043593
7790,valid,0,0.06365346840037023
6955,valid,0,0.07052904808012653
7508,valid,0,0.045202481594041624
3305,valid,0,0.0
10370,valid,0,0.07773325874371409
4967,valid,0,0.0
5110,valid,0,0.0
7313,valid,0,0.08148129921922069
10085,valid,0,0.06747369609151646
8213,valid,0,0.006814381537372561
10891,valid,0,0.0
4276,valid,0,0.04941762129542536
42,valid,0,0.05826267961046952
6059,valid,0,0.0790801531816007
6259,valid,0,0.03495674687912806
8954,valid,0,0.04032935834486926
7506,valid,0,0.0
7800,valid,0,0.0
473,valid,0,0.012781735023237243
6429,valid,0,0.04042641193659468
33,valid,0,0.08405381499564064
6784,valid,0,0.034956744121142386
9454,valid,0,0.00060182394490787
10657,valid,0,0.0
3399,valid,0,0.0
994,valid,0,0.032588934742710365
222,valid,0,0.06502992882956597
5391,valid,0,0.037833444917140455
173,valid,0,0.0
9011,valid,0,0.0
8972,valid,0,0.0561594051946936
6809,valid,0,0.06538011893671396
7646,valid,0,0.0
10954,valid,0,0.0
5917,valid,0,0.004738610362827634
8541,valid,0,0.0
7603,valid,0,0.05849717664381255
6817,valid,0,0.0
8196,valid,0,0.12680388309054097
10958,valid,0,0.0
1212,valid,0,0.05816652853306754
7974,valid,0,0.14284581043395939
2588,valid,0,0.14284581043395939
4289,valid,0,0.005108314209976626
2316,valid,0,0.04580854861227598
3166,valid,0,0.08834911776920812
4936,valid,0,0.0
4282,valid,0,0.013756432042045762
9186,valid,0,0.037842042390601245
2799,valid,0,0.0
6624,valid,0,0.07109879031622257
3168,valid,0,0.0015046549214074237
780,valid,0,0.0
8075,valid,0,0.015098556824118212
10072,valid,0,0.008437964163476357
3169,valid,0,0.0
558,valid,0,0.0038899072824851375
2802,valid,0,0.03359471412729418
4751,valid,0,0.07534468371067432
4674,valid,0,0.0027901970141864557
6430,valid,0,0.05058200769895693
7959,valid,0,0.018467598558301882
5626,valid,0,0.0
5039,valid,0,0.0
6294,valid,0,0.0
4920,valid,0,0.0043013207216859445
3584,valid,0,0.0
777,valid,0,0.03495674233656342
4724,valid,0,0.0
5397,valid,0,0.036226240483156126
5919,valid,0,0.21311603565148318
2325,valid,0,0.21311603565148318
5236,valid,0,0.0
5625,valid,0,0.035873491211952636
3829,valid,0,0.0
6659,valid,0,0.03576531469228519
6280,valid,0,0.034956749478123966
568,valid,0,0.03543905487157109
9633,valid,0,0.005793808270113057
6618,valid,0,0.047052091468719554
7612,valid,0,0.027872504047467397
5127,valid,0,0.005952904474069317
216,valid,0,0.0
8311,valid,0,0.005793815888642883
7954,valid,0,0.0
3977,valid,0,0.0
5253,valid,0,0.007124926540542263
7910,valid,0,0.0
1976,valid,0,0.0
36,valid,0,0.0848458729806239
7795,valid,0,0.05479342413695251
5158,valid,0,0.03671400860416292
6360,valid,0,0.03885631291424062
1920,valid,0,0.0
9798,valid,0,0.02683937403141628
417,valid,0,0.07225783597303367
7147,valid,0,0.014904757256325667
4369,valid,0,0.010053621824950282
1321,valid,0,0.04754979729709234
9966,valid,0,0.07366476424869511
4939,valid,0,0.051739386036255816
10873,valid,0,0.03462203753018919
4227,valid,0,0.04655652056885329
5128,valid,0,0.0205231631968224
10073,valid,0,0.00466009583836315
3731,valid,0,0.0
5628,valid,0,0.034956744121142386
8144,valid,0,0.02977994626571177
11077,valid,0,0.0
6364,valid,0,0.0
4834,valid,0,0.004765690925916426
2784,valid,0,0.0698050590410739
9187,valid,0,0.015249387141205741
9642,valid,0,0.005793809061817178
10965,valid,0,0.0
8024,valid,0,0.06250962643397219
9116,valid,0,0.03760766814615469
10098,valid,0,0.0
4893,valid,0,0.03495674610040269
9696,valid,0,0.04844567685748022
1062,valid,0,0.0
10892,valid,0,0.019490275567033817
5256,valid,0,0.07094058868300551
7615,valid,0,0.0
8772,valid,0,0.06445828660478281
594,valid,0,0.07943054132812982
5753,valid,0,0.03495675044828597
5388,valid,0,0.05242472311530707
1209,valid,0,0.042112912172624695
3333,valid,0,0.0
2073,valid,0,0.0311146556307003
1916,valid,0,0.053508443023413385
4071,valid,0,0.016841897753809856
4068,valid,0,0.0
9129,valid,0,0.0
2547,valid,0,0.051837604643311136
4999,valid,0,0.09158012729204267
46,valid,0,0.007762380307407281
3312,valid,0,0.005793816900985858
6066,valid,0,0.0
8949,valid,0,0.044643410744874545
954,valid,0,0.008814138965539764
6864,valid,0,0.005793810074160154
349,valid,0,0.0
9999,valid,0,0.00748371529593213
10093,valid,0,0.0018240958958647305
5885,valid,0,0.0
592,valid,0,0.025067239984758186
1215,valid,0,0.02683938195037186
3986,valid,0,0.0
4926,valid,0,0.0380953945498751
1007,valid,0,0.07137538412407637
779,valid,0,0.03495674267076639
8068,valid,0,0.0799668615345384
718,valid,0,0.03930416673735673
1458,valid,0,0.00038099449584039956
3585,valid,0,0.005123700973777506
2624,valid,0,0.034956827717310374
3818,valid,0,0.005793808068942337
1473,valid,0,0.0
10268,valid,0,0.015314336985156765
3873,valid,0,0.0
5364,valid,0,0.004646624908626288
7949,valid,0,0.0
2323,valid,0,0.0
8029,valid,0,0.0
6132,valid,0,0.0835044344592716
11076,valid,0,0.0
5870,valid,0,0.005793819321523869
9651,valid,0,0.0
5055,valid,0,0.02683939004481645
4065,valid,0,0.08871849638233816
8428,valid,0,0.007123120782385892
10250,valid,0,0.0057938112746950925
2339,valid,0,0.03495674623019025
6958,valid,0,0.0
10110,valid,0,0.0447288878292048
2175,valid,0,0.0
1029,valid,0,0.030575231945321364
6065,valid,0,0.03272225299904696
4464,valid,0,0.01987875307453605
3708,valid,0,0.09509575487397205
10661,valid,0,0.005793808743837654
5752,valid,0,0.005793809464158617
1935,valid,0,0.023344670863464884
5886,valid,0,0.026828287572652102
1210,valid,0,0.0
8425,valid,0,0.0
6246,valid,0,0.0
7140,valid,0,0.003658231935371417
8419,valid,0,0.06880702620614738
7553,valid,0,0.02632949488507431
1925,valid,0,0.03495674298550123
8185,valid,0,0.10819261828111623
4672,valid,0,0.10819261828111623
6814,valid,0,0.08897304695744902
11063,valid,0,0.04398016463168281
2857,valid,0,0.0252357996428091
10106,valid,0,0.04120282343774017
3163,valid,0,0.019297240514115417
9415,valid,0,0.0
1944,valid,0,0.033252507504180406
2950,valid,0,0.09836060187515493
10556,valid,0,0.005981907038428081
331,valid,0,0.010053621641633466
678,valid,0,0.008406414169173156
1633,valid,0,0.06328023902855054
6279,valid,0,0.05483104304331975
10074,valid,0,0.06475214795081291
9021,valid,0,0.004750523632777994
2313,valid,0,0.0
576,valid,0,0.0
4963,valid,0,0.07196116025977432
9179,valid,0,0.0
1306,valid,0,0.021253445225248843
5726,valid,0,0.0010519917848348722
205,valid,0,0.04667595613186298
2244,valid,0,0.0349567473658314
10385,valid,0,0.07890469484987273
6614,valid,0,0.04299844373416057
8315,valid,0,0.0
10627,valid,0,0.004675795180849193
5020,valid,0,0.0
3407,valid,0,0.0
4742,valid,0,0.0
7724,valid,0,0.020014689044995877
7901,valid,0,0.03495674801476921
9976,valid,0,0.0
8845,valid,0,0.060433879614872454
537,valid,0,0.005959754170157669
8998,valid,0,0.06218915413199314
4844,valid,0,0.0
9039,valid,0,0.04657774456267705
5246,valid,0,0.026828281685196315
8551,valid,0,0.015647502047255252
782,valid,0,0.026146858869011372
5375,valid,0,0.02815311618850094
771,valid,0,0.005793809911925702
4079,valid,0,0.013039149463371383
1199,valid,0,0.0
6871,valid,0,0.0
6425,valid,0,0.0
6251,valid,0,0.026214259622983974
3720,valid,0,0.09275849037155878
9014,valid,0,0.0057938150709812486
5634,valid,0,0.012827418840309683
672,valid,0,0.0
4655,valid,0,0.0
9702,valid,0,0.0
6833,valid,0,0.0
3614,valid,0,0.034956742661032325
4836,valid,0,0.04313606572710696
6868,valid,0,0.06786986967321375
21,valid,0,0.0
454,valid,0,0.0
9698,valid,0,0.0
5040,valid,0,0.07133511749160591
3985,valid,0,0.04465454810521693
8067,valid,0,0.05734468659099951
7599,valid,0,0.0
9040,valid,0,0.0
5721,valid,0,0.0
9471,valid,0,0.024201142778636785
5393,valid,0,0.024201142778636785
438,valid,0,0.0
3272,valid,0,0.0004420519706701287
7936,valid,0,0.0
339,valid,0,0.0
371,valid,0,0.0
8421,valid,0,0.0019568201966125944
9636,valid,0,0.0019568201966125944
7803,valid,0,0.0
8966,valid,0,0.0
164,valid,0,0.0
8778,valid,0,0.0
5162,valid,0,0.0
5926,valid,0,0.00014005669006479418
5838,valid,0,0.0007176775140130763
677,valid,0,0.0
9647,valid,0,0.0
4294,valid,0,0.0
5109,valid,0,0.0
9990,valid,0,0.0
8028,valid,0,0.0027901970141864557
3706,valid,0,0.005659298180113287
2621,valid,0,0.006559188152360837
213,valid,0,0.0
1170,valid,0,0.0
10501,valid,0,0.0
5243,valid,0,0.0
6137,valid,0,0.0
4515,valid,0,0.0023101840131302363
5469,valid,0,0.0023212779706627672
2231,valid,0,0.0
10253,valid,0,0.0
6893,valid,0,0.0038237092054092168
352,valid,0,0.0
7644,valid,0,0.0
6869,valid,0,0.0
340,valid,0,0.0
3415,valid,0,0.0032069793835536858
2066,valid,0,0.0
2629,valid,0,0.0
8435,valid,0,0.0
8219,valid,0,0.0
7137,valid,0,0.0
4352,valid,0,0.0
2070,valid,0,0.0
6651,valid,0,0.0
3242,valid,0,0.0
3274,valid,0,0.0
9929,valid,0,0.0
5858,valid,0,0.000894648362116415
1224,valid,0,0.0
1504,valid,0,0.0031512487031106614
4912,valid,0,0.0
7937,valid,0,0.0003371521808211667
3264,valid,0,0.0036613193932687046
2807,valid,0,0.0
667,valid,0,0.0
3313,valid,0,0.0
590,valid,0,0.0
2596,valid,0,0.0
9641,valid,0,0.0
337,valid,0,0.0
3952,valid,0,0.0
9018,valid,0,0.00014005669006479418
1894,valid,0,0.0057938093473498126
6253,valid,0,0.0
6759,valid,0,0.0010416499417636406
9801,valid,0,0.0010416499417636406
4070,valid,0,0.002493220207066275
5002,valid,0,0.002493220207066275
8212,valid,0,0.0
3301,valid,0,0.005793816401303748
3821,valid,0,0.0
540,valid,0,0.0
148,valid,0,0.0
3358,valid,0,0.0
8173,valid,0,0.0
3960,valid,0,0.0
8596,valid,0,0.0
6758,valid,0,0.0
1214,valid,0,0.0
6834,valid,0,0.0011700054537515218
6760,valid,0,0.0
4993,valid,0,0.0
10620,valid,0,0.0
10101,valid,0,0.0
3815,valid,0,0.0
2991,valid,0,0.010884136720143628
1979,valid,0,0.010884136720143628
6290,valid,0,0.0
6770,valid,0,0.010884136720143628
7784,valid,0,0.0
3619,valid,0,0.0
563,valid,0,0.010884136720143628
4850,valid,0,0.014884419021541204
439,valid,0,0.0
5640,valid,0,0.0
2180,valid,0,0.010884136720143628
5144,valid,0,0.0
9988,valid,0,0.010884136720143628
3713,valid,0,0.0
3580,valid,0,0.00034266578300989333
7305,valid,0,0.0
3625,valid,0,0.0
4281,valid,0,0.0
9201,valid,0,0.03495674525678354
3429,valid,0,0.0017171751010630794
3846,valid,0,0.0011700054537515218
7844,valid,0,0.005619363056681596
5878,valid,0,0.0
6620,valid,0,0.013060200455737254
8603,valid,0,0.03504993614912365
547,valid,0,0.0945472680181289
4839,valid,0,0.049563515609789305
10374,valid,0,0.013889093536325024
10631,valid,0,0.0
552,valid,0,0.0
719,valid,0,0.016863558749506142
5872,valid,0,0.03495685237370225
7552,valid,0,0.08234516687696715
8953,valid,0,0.0
7902,valid,0,0.04539751355371311
1205,valid,0,0.025909297487809357
7306,valid,0,0.059557512109405235
7946,valid,0,0.029055775636386363
3841,valid,0,0.03495674209321174
9927,valid,0,0.03495674752806585
7939,valid,0,0.0003422451901952922
2336,valid,0,0.03495674270321328
10889,valid,0,0.0
4511,valid,0,0.0031956215593008804
8190,valid,0,0.001829759000193428
4230,valid,0,0.0
9411,valid,0,0.0
10273,valid,0,0.0
2514,valid,0,0.002545600885319584
3819,valid,0,0.0371758218659379
174,valid,0,0.03797607882616306
5472,valid,0,0.0
10388,valid,0,0.0012122082153021465
968,valid,0,0.03602346461608096
4944,valid,0,0.004300948289790512
559,valid,0,0.0
1972,valid,0,0.002371119999597355
5027,valid,0,0.002371119999597355
3315,valid,0,0.0
1911,valid,0,0.0
1917,valid,0,0.0011700054537515218
6436,valid,0,0.0
2825,valid,0,0.0
4658,valid,0,0.00040860054495913306
10259,valid,0,0.0011700054537515218
6396,valid,0,0.08225258797591316
9914,valid,0,0.08225258797591316
7610,valid,0,0.0
6756,valid,0,0.04422852364204767
4073,valid,0,0.0
863,valid,0,0.036356129515140535
404,valid,0,0.034956746846681166
7850,valid,0,0.003399680480886791
5846,valid,0,0.035428605933505504
10894,valid,0,0.03495675051317976
10031,valid,0,0.003147644571791155
9462,valid,0,0.0
1906,valid,0,0.0065097675084488885
2515,valid,0,0.0025191938126736765
7654,valid,0,0.0
3501,valid,0,0.03495702399179406
3995,valid,0,0.03495674395890794
414,valid,0,0.0006045645967378636
5017,valid,0,0.058507802332030595
4921,valid,0,0.0010163229805769858
6285,valid,0,0.00019748582783565404
9794,valid,0,0.00019748582783565404
2778,valid,0,0.015100754109978307
10580,valid,0,0.04751881508322474
8556,valid,0,0.026896089456400717
1946,valid,0,0.015098556824118212
3176,valid,0,0.02724741722123937
7929,valid,0,0.09228085501097814
1169,valid,0,0.03495751570819204
9789,valid,0,0.0
6807,valid,0,0.0
8072,valid,0,0.0
5856,valid,0,0.0015235254812540908
995,valid,0,0.0015235254812540908
5732,valid,0,0.06020030571758234
500,valid,0,0.003147644571791155
9478,valid,0,0.09151711041979887
1638,valid,0,0.09151711041979887
1010,valid,0,0.013082014783619133
1332,valid,0,0.038050983109456545
1462,valid,0,0.03541499071279381
3238,valid,0,0.000822518223471386
8411,valid,0,0.0
38,valid,0,0.11729796527420855
77,valid,0,0.11729796527420855
769,valid,0,0.0
357,valid,0,0.0
9196,valid,0,0.0779246040095431
2863,valid,0,0.03891380395025072
1228,valid,0,0.0
144,valid,0,0.0
498,valid,0,0.0
4933,valid,0,0.05261235309769796
2957,valid,0,0.0
9181,valid,0,0.004306937208623873
83,valid,0,0.001740604499453126
7296,valid,0,0.0006844884335771707
2326,valid,0,0.0
8548,valid,0,0.0
562,valid,0,0.0
5925,valid,0,0.0
9632,valid,0,0.0
642,valid,0,0.00021257256113204562
1221,valid,0,0.07243962005467416
1201,valid,0,0.043986543942276225
5023,valid,0,0.0
5874,valid,0,0.0035521395796409925
3246,valid,0,0.0
3161,valid,0,0.0
6874,valid,0,0.0
7604,valid,0,0.05902569072925114
3991,valid,0,0.0010833711596748374
5018,valid,0,0.032865883683007545
10115,valid,0,0.0
11064,valid,0,0.0
6439,valid,0,0.03304119063109495
9511,valid,0,0.0
4204,valid,0,0.0013484151559663411
2805,valid,0,0.0
9499,valid,0,0.0
220,valid,0,0.0
4287,valid,0,0.0
3587,valid,0,0.0
3320,valid,0,0.0
9968,valid,0,0.0
6788,valid,0,0.0
10506,valid,0,0.000822518223471386
2862,valid,0,0.0
2185,valid,0,0.003489879715612353
9922,valid,0,0.034956753368506094
3607,valid,0,0.0
5229,valid,0,0.0
1807,valid,0,0.053953074780463635
5756,valid,0,0.0014807741494941146
10376,valid,0,0.0
8168,valid,0,0.037759326289740575
6656,valid,0,0.03642791872927123
4213,valid,0,0.062188930674390214
6615,valid,0,0.0
3280,valid,0,0.0
8550,valid,0,0.00018873227424760905
151,valid,0,0.0
658,valid,0,0.0
1302,valid,0,0.0
5633,valid,0,0.0
2237,valid,0,0.0
9693,valid,0,0.0017461781486252858
9126,valid,0,0.0
8313,valid,0,0.0
2314,valid,0,0.00034224482516777716
656,valid,0,0.01100266012776583
9983,valid,0,0.0
358,valid,0,0.0
5462,valid,0,0.0
2779,valid,0,0.07508018725403443
1909,valid,0,0.08070557385241377
2954,valid,0,0.0
8039,valid,0,0.0
7976,valid,0,0.00014005669006479418
6644,valid,0,0.03496811862259956
5363,valid,0,0.0
2176,valid,0,0.00037542865731918804
2831,valid,0,0.0
5036,valid,0,0.021563282110130852
6047,valid,0,0.0
8162,valid,0,0.002048019369370835
3994,valid,0,0.002048019369370835
10432,valid,0,0.0
8206,valid,0,0.1096467635674772
4228,valid,0,0.0
4990,valid,0,0.0
10575,valid,0,0.032478963096316676
10947,valid,0,0.0
1006,valid,0,0.005084144173747496
2331,valid,0,0.005084144173747496
1637,valid,0,0.039035307613421756
9970,valid,0,0.037819043397039155
4909,valid,0,0.03116237833816088
10616,valid,0,0.06239005468515013
1314,valid,0,0.00016072093623465024
5637,valid,0,0.019153323489477014
5155,valid,0,0.0010472865672739018
3330,valid,0,0.052602486636541795
4354,valid,0,0.03495675649963101
3724,valid,0,0.012407574016745734
6286,valid,0,0.0
1203,valid,0,0.0525043108679891
9461,valid,0,0.004347006326712099
6832,valid,0,0.015394616088720229
1174,valid,0,0.006475907888666707
7561,valid,0,0.040527058899709714
4509,valid,0,0.0
6423,valid,0,0.0828723135507433
10952,valid,0,0.09197819479696676
6946,valid,0,0.0467745725545615
6410,valid,0,0.06947408764088421
8308,valid,0,0.0
5921,valid,0,0.01653105403203118
8960,valid,0,0.0
470,valid,0,0.04163438864714031
7967,valid,0,0.09747327633739408
871,valid,0,0.0
1075,valid,0,0.002683245006030668
2181,valid,0,0.002683245006030668
5107,valid,0,0.001004232651524265
2800,valid,0,0.01927509381176
10573,valid,0,0.07373953519518672
1929,valid,0,0.005694319283955622
9118,valid,0,0.018831393891323392
1635,valid,0,0.00034224717756731876
47,valid,0,0.0
6255,valid,0,0.0
1028,valid,0,0.0
9797,valid,0,0.07326815136133451
949,valid,0,0.0
6606,valid,0,0.056473428128048564
8135,valid,0,0.0003628402688110071
6945,valid,0,0.05165421601435951
950,valid,0,0.0
1031,valid,0,0.0027901970141864557
1282,valid,0,0.10750828111581086
10619,valid,0,0.03495674784604538
4061,valid,0,0.08150480558023333
1791,valid,0,0.012396134339106588
5294,valid,0,0.09305513941394052
5145,valid,0,0.0
34,valid,0,0.09220492809357189
476,valid,0,0.0010163413042768585
6811,valid,0,0.10019990287433911
9479,valid,0,0.000994371197619194
7133,valid,0,0.005289737785908404
6148,valid,0,0.04738262882443431
1025,valid,0,0.0
1634,valid,0,0.01848979686952903
1002,valid,0,0.0
348,valid,0,0.00037543345134721947
5731,valid,0,0.0
4089,valid,0,0.0
997,valid,0,0.020379810069352015
7303,valid,0,0.04665613918500916
6049,valid,0,0.0027901970141864557
6891,valid,0,0.0
1019,valid,0,0.00010320574458781993
1172,valid,0,0.0007508440314006663
1322,valid,0,0.04457653017558571
8598,valid,0,0.0
6949,valid,0,0.06765441921734033
8842,valid,0,0.04927272946191063
10948,valid,0,0.05698220682426712
10622,valid,0,0.07248348500399733
4512,valid,0,0.07248348500399733
2856,valid,0,0.07191836153120341
9200,valid,0,0.0027901970141864557
2509,valid,0,0.0031891450884202217
5759,valid,0,0.03495674850147256
10566,valid,0,0.0
4845,valid,0,0.038362243202135
7494,valid,0,0.0
3578,valid,0,0.0020086323321321865
7938,valid,0,0.0
4521,valid,0,0.0
735,valid,0,0.0
10393,valid,0,0.004573422899806456
781,valid,0,0.034956744283376834
3843,valid,0,0.0
5283,valid,0,0.048353527804086624
8955,valid,0,0.0
555,valid,0,0.0
5368,valid,0,0.010539027289326456
2319,valid,0,0.0
5922,valid,0,0.047749929880590576
3746,valid,0,0.0
5911,valid,0,0.0
7725,valid,0,0.0
162,valid,0,0.010884136720143628
4207,valid,0,0.0
10878,valid,0,0.0
10076,valid,0,0.08658530239933464
5730,valid,0,0.0
10621,valid,0,0.07833196162231267
9026,valid,0,0.001513931657483482
1068,valid,0,0.11183681133639123
5630,valid,0,0.025235771790382305
1941,valid,0,0.0
2795,valid,0,0.0
3334,valid,0,0.06535347967957154
4210,valid,0,0.07650590106084715
1467,valid,0,0.0
5933,valid,0,0.0
8559,valid,0,0.0050678804175768
4283,valid,0,0.019130648965583263
5044,valid,0,0.05018171912708616
875,valid,0,0.07652849081363686
5386,valid,0,0.07652849081363686
166,valid,0,0.0
1207,valid,0,0.08259620480305369
2619,valid,0,0.08259620480305369
6753,valid,0,0.0
5147,valid,0,0.05882549782986209
3858,valid,0,0.0
8026,valid,0,0.02505640659692622
2322,valid,0,0.0
5621,valid,0,0.07609774666652103
9188,valid,0,0.0720179455821514
5038,valid,0,0.07089105238312639
10275,valid,0,0.0
10069,valid,0,0.07177648756924221
714,valid,0,0.05790975394897332
7799,valid,0,0.0003429478858344328
5720,valid,0,0.027711860780922706
5644,valid,0,0.08039506260824726
6628,valid,0,0.0
10571,valid,0,0.016477124073556094
10567,valid,0,0.0072536171286609824
4221,valid,0,0.0
730,valid,0,0.014069816340226644
3703,valid,0,0.014069816340226644
996,valid,0,0.00014005669006479418
5884,valid,0,0.11748936197177276
5464,valid,0,0.11748936197177276
10972,valid,0,0.026024191944957326
1937,valid,0,0.0010472865672739018
10665,valid,0,0.0
3980,valid,0,0.048389346354603235
7314,valid,0,0.0412278194738589
9025,valid,0,0.0
7611,valid,0,0.04663409357844513
4832,valid,0,0.0
7845,valid,0,0.001829759000193428
158,valid,0,0.00045286924059091606
10377,valid,0,0.07158003681560518
1023,valid,0,0.0009519775668765194
9127,valid,0,0.07647431663031498
1032,valid,0,0.026839372271302273
1211,valid,0,0.00034224701533286763
9703,valid,0,0.05988832103493639
5623,valid,0,0.04650918412116209
10128,valid,0,0.04650918412116209
4729,valid,0,0.014884464346667058
1915,valid,0,0.08491770289253422
4225,valid,0,0.07073498614435332
3174,valid,0,0.012827429233324424
1796,valid,0,0.062485170758360936
1283,valid,0,0.004522283408274322
9030,valid,0,0.08049772530698081
10869,valid,0,0.0
9697,valid,0,0.0
146,valid,0,0.010884136720143628
7567,valid,0,0.03547741374166633
1317,valid,0,0.018466488547517222
10114,valid,0,0.0
4075,valid,0,0.034375800746963406
10579,valid,0,0.07395892039148327
336,valid,0,0.07395892039148327
10381,valid,0,0.0681483462860706
5908,valid,0,0.040016831871652205
5252,valid,0,0.07204918810655228
8956,valid,0,0.0
1289,valid,0,0.06206606614953874
8211,valid,0,0.0
2174,valid,0,0.0
9706,valid,0,0.0
581,valid,0,0.0
7136,valid,0,0.0
10883,valid,0,0.060008834602609085
1640,valid,0,0.08061948767122189
2613,valid,0,0.0
2852,valid,0,0.0381428547600787
8042,valid,0,0.013047430010142302
1227,valid,0,0.03209126926336932
5724,valid,0,0.042596484887553354
3747,valid,0,0.1012454654742352
2689,valid,0,0.08873461493937074
6418,valid,0,0.06419104426518402
7556,valid,0,0.09018166895596835
966,valid,0,0.09018166895596835
8034,valid,0,0.0017941260612667391
1931,valid,0,0.01410927270477603
7620,valid,0,0.05678911525758385
5383,valid,0,0.0
3823,valid,0,0.07199843870952284
7945,valid,0,0.02523577633904695
7713,valid,0,0.03549573489311442
5258,valid,0,0.00022873303676444325
5161,valid,0,0.03495674435476
9974,valid,0,0.03607253766704717
4214,valid,0,0.11547987932596228
6438,valid,0,0.10084494920674114
10380,valid,0,0.0
1803,valid,0,0.017045729717072508
5049,valid,0,0.0
147,valid,0,0.0
3866,valid,0,0.07935474785433988
3976,valid,0,0.07491515504286345
501,valid,0,0.0
5151,valid,0,0.07859890749693153
2792,valid,0,0.050975833925626574
10613,valid,0,0.07701415698158308
1926,valid,0,0.00024230811077544987
8030,valid,0,0.09596986927193661
1470,valid,0,0.03495674298550123
1080,valid,0,0.08122468779546889
406,valid,0,0.0
1027,valid,0,0.0
2059,valid,0,0.034956745581252446
3307,valid,0,0.0
1973,valid,0,0.0
9704,valid,0,0.0
8443,valid,0,0.034956746716893604
3988,valid,0,0.08359065275623181
1295,valid,0,0.024493655762969812
4522,valid,0,0.0
5291,valid,0,0.003155388175812534
7601,valid,0,0.0
5284,valid,0,0.07076971856424746
10558,valid,0,0.06243337481595652
1912,valid,0,0.0344359085852458
3323,valid,0,0.05833457215693356
2600,valid,0,0.03739354592614297
5642,valid,0,0.04479634255267318
8200,valid,0,0.04670947930461777
5631,valid,0,0.0
3589,valid,0,0.0
8431,valid,0,0.034956753368506094
6397,valid,0,0.026839422875018018
580,valid,0,0.03495674460784574
7973,valid,0,0.03623675304931846
10435,valid,0,0.0
4931,valid,0,0.06477682608083019
5889,valid,0,0.0
1918,valid,0,0.010824555561930625
2951,valid,0,0.10302165553777629
3834,valid,0,0.10302165553777629
152,valid,0,0.0
10950,valid,0,0.07398472318149615
7675,valid,0,0.03495674298550123
6892,valid,0,0.005479282053719652
10885,valid,0,0.06779749259286855
3709,valid,0,0.005126811161289285
2687,valid,0,0.030199012497760597
10394,valid,0,0.1172164000513638
3348,valid,0,0.034956742855713666
6819,valid,0,0.0
4454,valid,0,0.0
2499,valid,0,0.02127869299940668
7301,valid,0,0.09019143059538849
9646,valid,0,0.0
7971,valid,0,0.04792610445614789
1286,valid,0,0.003260604669480336
10387,valid,0,0.017050954586012974
1291,valid,0,0.05837397768445678
3175,valid,0,0.0
6051,valid,0,0.08288700031675957
2628,valid,0,0.0007527926461173215
466,valid,0,0.04708679402092647
3409,valid,0,0.0
4842,valid,0,0.03596021404458278
659,valid,0,0.0
550,valid,0,0.0
4840,valid,0,0.0
22,valid,0,0.034956745581252446
8032,valid,0,0.03946964718380028
6828,valid,0,0.012471732429322526
10081,valid,0,0.06636369266089955
3403,valid,0,0.0
2304,valid,0,0.019915162060674656
9443,valid,0,0.0
4286,valid,0,0.032621088949424046
4918,valid,0,0.03345174950580606
3743,valid,0,0.08123670342917658
9931,valid,0,0.010884136720143628
1333,valid,0,0.0963104071817217
8852,valid,0,0.04934143485434769
1329,valid,0,0.015248258969912847
5734,valid,0,0.06986482976784869
1073,valid,0,0.03607255273140825
5122,valid,0,0.0
4735,valid,0,0.04235111306661196
6883,valid,0,0.05760992433799107
1011,valid,0,0.05760992433799107
5160,valid,0,0.026828286757391535
1785,valid,0,0.08716407698614101
5918,valid,0,0.09468081486020195
1511,valid,0,0.09468081486020195
4992,valid,0,0.03495674525678354
6747,valid,0,0.0303052918972672
1300,valid,0,0.0303052918972672
9971,valid,0,0.07541175218210769
10668,valid,0,0.0
10095,valid,0,0.05282869384822248
3996,valid,0,0.0
5893,valid,0,0.03136141054660463
10281,valid,0,0.0
6411,valid,0,0.04478596722299219
664,valid,0,0.0
5033,valid,0,0.0013480478458774243
4741,valid,0,0.06123779599344584
2639,valid,0,0.034956747690300306
9639,valid,0,0.0
5584,valid,0,0.00585937143263705
3842,valid,0,0.00585937143263705
6402,valid,0,0.034956744283376834
2589,valid,0,0.00034224836999053476
7569,valid,0,0.003759379751160053
3857,valid,0,0.060244943431942595
8538,valid,0,0.05028414202121267
3430,valid,0,0.0360234215363448
10261,valid,0,0.0
4965,valid,0,0.001829759000193428
6835,valid,0,0.08809216491847242
10970,valid,0,0.0
8970,valid,0,0.013528385720226153
7560,valid,0,0.04565905872101624
5043,valid,0,0.04983719334131238
3332,valid,0,0.09466926008204395
4953,valid,0,0.0
9019,valid,0,0.04831500055223548
10967,valid,0,0.061723685779492325
4000,valid,0,0.0001345463711824671
5285,valid,0,0.10177957136157353
4671,valid,0,0.06352806595923123
5910,valid,0,0.08719032492616158
1299,valid,0,0.037448882721722074
2813,valid,0,0.037448882721722074
7716,valid,0,0.05579744316795538
5898,valid,0,0.0
8951,valid,0,0.08797234781629866
9029,valid,0,0.07439018360879603
3624,valid,0,0.0
5249,valid,0,0.038162962850030645
7962,valid,0,0.06678817605093752
9709,valid,0,0.06027870573238647
23,valid,0,0.04450978870589132
9119,valid,0,0.031990654993724665
3805,valid,0,0.003147644571791155
4661,valid,0,0.04481852136560681
5019,valid,0,0.07281173790478924
5011,valid,0,0.0
9791,valid,0,0.0659276027360785
8542,valid,0,0.06582527492558682
472,valid,0,0.056634249702869156
7846,valid,0,0.03867747943993465
8834,valid,0,0.03867747943993465
9420,valid,0,0.0
4078,valid,0,0.05289072273002112
9024,valid,0,0.032633302242912596
3432,valid,0,0.001829759000193428
1629,valid,0,0.07775509500502556
2998,valid,0,0.08945947388943923
3177,valid,0,0.08945947388943923
2605,valid,0,0.006814381537372561
4958,valid,0,0.0057938102039477146
5259,valid,0,0.11601243072171144
2694,valid,0,0.034956745581252446
729,valid,0,0.04432278243568074
10103,valid,0,0.004315297381886792
732,valid,0,0.04061561532410818
2789,valid,0,0.03438049635195156
1934,valid,0,0.07685971710173417
5876,valid,0,0.0011700054537515218
10371,valid,0,0.09762849533657134
7562,valid,0,0.08404885760826923
10277,valid,0,0.05477024586388718
3852,valid,0,0.0
2183,valid,0,0.0
4915,valid,0,0.041281424917118864
10002,valid,0,0.03664016946783203
6952,valid,0,0.0
5907,valid,0,0.08909562283658853
4077,valid,0,0.0403285228086686
9638,valid,0,0.0
2602,valid,0,0.03632126050939674
10875,valid,0,0.09372945699691862
9445,valid,0,0.0
1297,valid,0,0.0
1013,valid,0,0.004324000059247249
8309,valid,0,0.03850682292154825
725,valid,0,0.0
4913,valid,0,0.034798689119416804
3739,valid,0,0.06413683586358127
5014,valid,0,0.0
662,valid,0,0.0
9034,valid,0,0.1053947741785005
4853,valid,0,0.07174097422875642
2177,valid,0,0.034956745581252446
6135,valid,0,0.05025924884349034
2230,valid,0,0.03495674621721149
4510,valid,0,0.0
6799,valid,0,0.0
10905,valid,0,0.03495674419252554
6793,valid,0,0.0
1325,valid,0,0.10400724561361775
7139,valid,0,0.0
8837,valid,0,0.01532794597282468
7943,valid,0,0.11919905682402915
1307,valid,0,0.06334880693844443
958,valid,0,0.034956831224819206
3862,valid,0,0.07444946348470079
546,valid,0,0.0656948246771936
3491,valid,0,0.0
4668,valid,0,0.0
5380,valid,0,0.058973491477650346
2302,valid,0,0.08633187308285747
474,valid,0,0.0
10633,valid,0,0.07578785119800928
10507,valid,0,0.036471479854521524
10505,valid,0,0.038350176814060645
10272,valid,0,0.0
10565,valid,0,0.0
5028,valid,0,0.060717072717113164
3401,valid,0,0.0
10278,valid,0,0.04697363680786731
10438,valid,0,0.0
3318,valid,0,0.0
7956,valid,0,0.0396296451681886
9413,valid,0,0.0396296451681886
8413,valid,0,0.08431475644583082
6889,valid,0,0.003147644571791155
5613,valid,0,0.09201040230857721
7718,valid,0,0.0
3836,valid,0,0.0837232555593471
6804,valid,0,0.0
5154,valid,0,0.10134052173875888
10964,valid,0,0.000280113380129274
6954,valid,0,0.11433553815932179
8418,valid,0,0.035342801423860086
5296,valid,0,0.0
10131,valid,0,0.0
5935,valid,0,0.05493739162624587
1908,valid,0,0.09971981103409332
6795,valid,0,0.034956745191889765
5618,valid,0,0.03526427041707623
3736,valid,0,0.0
2781,valid,0,0.05075455136971377
9425,valid,0,0.005952904474069317
5891,valid,0,0.36602879380344283
4517,valid,0,0.36602879380344283
6146,valid,0,0.08086938021714331
4937,valid,0,0.0929544879040458
6872,valid,0,0.0
3263,valid,0,0.0010826272597337329
3998,valid,0,0.04915654028574936
9482,valid,0,0.056688201584459294
1079,valid,0,0.056688201584459294
1787,valid,0,0.0
953,valid,0,0.005943905655955662
8434,valid,0,0.0
5470,valid,0,0.0
9117,valid,0,0.05123515043739816
9114,valid,0,0.07821453234999975
7968,valid,0,0.06903206827893643
363,valid,0,0.002238372454959011
10874,valid,0,0.02334465355841891
4665,valid,0,0.07161114827114
8069,valid,0,0.0003371521808211667
5140,valid,0,0.0
5242,valid,0,0.08228621030683159
80,valid,0,0.0
5226,valid,0,0.0
541,valid,0,0.0
1799,valid,0,0.03602612714806828
6605,valid,0,0.06665671172302534
9695,valid,0,0.0
4274,valid,0,0.000280113380129274
728,valid,0,0.0
7307,valid,0,0.0
8782,valid,0,0.010884136720143628
5841,valid,0,0.0
5927,valid,0,0.0
11070,valid,0,0.06444600712139986
2699,valid,0,0.0
5288,valid,0,0.0
459,valid,0,0.03625003589316609
7972,valid,0,0.08454369393497979
5149,valid,0,0.0027901970141864557
6361,valid,0,0.1019973769781484
10562,valid,0,0.11088987644371937
1330,valid,0,0.005384546500504469
3856,valid,0,0.013656860162730886
7721,valid,0,0.0604854558020576
665,valid,0,0.0
2854,valid,0,0.0
2534,valid,0,0.0057938101066070434
653,valid,0,0.0
6258,valid,0,0.05966023685609936
6608,valid,0,0.05966023685609936
961,valid,0,0.0
5373,valid,0,0.03307585633761258
1225,valid,0,0.0
1923,valid,0,0.08348590410447498
3404,valid,0,0.08348590410447498
733,valid,0,0.03970982787800041
4922,valid,0,0.022370300035213328
8781,valid,0,0.0
1030,valid,0,0.0611603153319519
7312,valid,0,0.03495674279081988
5035,valid,0,0.08835558844094658
8031,valid,0,0.034956744283376834
2801,valid,0,0.017818774830402097
8543,valid,0,0.05911532372063614
4851,valid,0,0.019100621899962915
867,valid,0,0.0
5632,valid,0,0.033194824039752775
3173,valid,0,0.03605092932021072
3582,valid,0,0.03533217685379098
3165,valid,0,0.056925516895795156
8558,valid,0,0.06179205094955861
2593,valid,0,0.0
1070,valid,0,0.03362890733000967
6407,valid,0,0.0900902857239641
2335,valid,0,0.0
6805,valid,0,0.03616719345778193
8198,valid,0,0.0027901970141864557
5638,valid,0,0.0
10256,valid,0,0.0
7639,valid,0,0.0
3871,valid,0,0.05208294071875062
2688,valid,0,0.09167648413556874
4908,valid,0,0.07507891035041059
2510,valid,0,0.0
7952,valid,0,0.0
1643,valid,0,0.07476057694230459
2952,valid,0,0.0
3251,valid,0,0.0
4291,valid,0,0.06481078259907654
5585,valid,0,0.0
5360,valid,0,0.037764640239762476
5929,valid,0,0.0028021313524489617
1319,valid,0,0.05837349793945365
5398,valid,0,0.05758167402164933
9965,valid,0,0.07359154386284279
6898,valid,0,0.034956767645137804
8839,valid,0,0.05676133705734086
5022,valid,0,0.007253618196325905
9124,valid,0,0.0
3992,valid,0,0.0
6820,valid,0,0.0
7621,valid,0,0.0
4733,valid,0,0.0
4831,valid,0,0.004304608692066056
7794,valid,0,0.0
6130,valid,0,0.02955754563446548
7977,valid,0,0.0
4750,valid,0,0.0
3845,valid,0,0.11100304092734159
5401,valid,0,0.09051238770852092
4344,valid,0,0.0
1786,valid,0,0.043260198847516314
5877,valid,0,0.07752431505452445
10572,valid,0,0.08581486522725111
6421,valid,0,0.034931728510559375
7796,valid,0,0.006106445613786216
10265,valid,0,0.028494833787263793
10276,valid,0,0.0
4456,valid,0,0.03495674249879787
35,valid,0,0.029424862934261536
7143,valid,0,0.00935396602512119
2301,valid,0,0.0
5152,valid,0,0.04579967214975394
4360,valid,0,0.0
9032,valid,0,0.0017462005053438265
6894,valid,0,0.0
538,valid,0,0.09431170660211909
4856,valid,0,0.07028280532262038
9195,valid,0,0.07252731309590557
8947,valid,0,0.0
673,valid,0,0.03717543607079073
5163,valid,0,0.0
4084,valid,0,0.006921843020434928
8601,valid,0,0.003147644571791155
10870,valid,0,0.06603641069211051
9003,valid,0,0.0
9189,valid,0,0.0
6062,valid,0,0.08106111725921929
3997,valid,0,0.08056358198324605
8202,valid,0,0.023344717354147934
5387,valid,0,0.0
8164,valid,0,0.0
1273,valid,0,0.11244238692247752
8590,valid,0,0.010884136720143628
7934,valid,0,0.0
1219,valid,0,0.023344680925845813
1305,valid,0,0.10103545653860213
8779,valid,0,0.0
2591,valid,0,0.000822518223471386
7787,valid,0,0.035585963659157956
2317,valid,0,0.05555428801354545
10634,valid,0,0.0
5399,valid,0,0.010549274902352697
1294,valid,0,0.10669304610369905
6053,valid,0,0.057307157604141415
7294,valid,0,0.018403312653346507
651,valid,0,0.01846758039000639
6617,valid,0,0.032356674702023
6861,valid,0,0.01128137263974248
8437,valid,0,0.0
7607,valid,0,0.02916719051025691
2527,valid,0,0.03495674330997013
7969,valid,0,0.029448158201559074
644,valid,0,0.0
7940,valid,0,0.0
5372,valid,0,0.04837690555600282
10879,valid,0,0.06194716030850405
6781,valid,0,0.0
9694,valid,0,0.07137766218022759
11072,valid,0,0.04374650911003752
10378,valid,0,0.08750176965904058
4941,valid,0,0.034956743634439034
2630,valid,0,0.0
7614,valid,0,0.09353104069958924
9017,valid,0,0.03553840274002451
221,valid,0,0.03553840274002451
1512,valid,0,0.0
10564,valid,0,0.03509817926418621
8040,valid,0,0.027033564140610408
4736,valid,0,0.0
8950,valid,0,0.0671342131584084
6432,valid,0,0.0
10372,valid,0,0.0753682847660476
6428,valid,0,0.08809781512021103
3344,valid,0,0.08809781512021103
3817,valid,0,0.0
5900,valid,0,0.046941423158672835
1020,valid,0,0.03547844695832433
4864,valid,0,0.0
5906,valid,0,0.0
5619,valid,0,0.03165333544287365
10881,valid,0,0.015647498563027065
4857,valid,0,0.0
8191,valid,0,0.0614699754955408
4197,valid,0,0.0
5895,valid,0,0.04635534742717759
6622,valid,0,0.0
8192,valid,0,0.0634614850141697
11074,valid,0,0.06572654943012618
8070,valid,0,0.0
4835,valid,0,0.0
4846,valid,0,0.0
1206,valid,0,0.09347508384720908
6812,valid,0,0.05123243058280782
3496,valid,0,0.0
10890,valid,0,0.0
9978,valid,0,0.03993229518644331
7727,valid,0,0.0811131376660346
8312,valid,0,0.0811131376660346
6401,valid,0,0.02404276392713809
3414,valid,0,0.02404276392713809
5735,valid,0,0.0902665822790624
3728,valid,0,0.06064477959050496
10112,valid,0,0.09714913118834823
962,valid,0,0.0
2543,valid,0,0.0388017133539068
4652,valid,0,0.039698922694997585
7723,valid,0,0.07078104454829069
9919,valid,0,0.0018297323464739781
1641,valid,0,0.0
4660,valid,0,0.08896275928707503
8074,valid,0,0.011467156210090222
9784,valid,0,0.03703471329239537
9028,valid,0,0.0
2300,valid,0,0.044198882345991314
4945,valid,0,0.0
1171,valid,0,0.0
5030,valid,0,0.031759569620918575
4373,valid,0,0.0
7619,valid,0,0.026220255215630484
6367,valid,0,0.11309125933220186
6623,valid,0,0.031780496624939876
6625,valid,0,0.0
4743,valid,0,0.0
3355,valid,0,0.0
7299,valid,0,0.0
10667,valid,0,0.07306915893523852
10976,valid,0,0.07306915893523852
6750,valid,0,0.0013658625591074526
10267,valid,0,0.0
4934,valid,0,0.08585025817073788
8422,valid,0,0.036525683517210354
9007,valid,0,0.05732165478174832
7609,valid,0,0.0
9037,valid,0,0.08724894589789153
3428,valid,0,0.034956753206271646
10266,valid,0,0.0
8599,valid,0,0.0
8547,valid,0,0.08944584388041926
471,valid,0,0.0
5292,valid,0,0.0
6404,valid,0,0.03608365003799522
8847,valid,0,0.10942530341125174
3156,valid,0,0.0
2615,valid,0,0.003260604669480336
10109,valid,0,0.05034012796671793
10077,valid,0,0.03983042376577507
6414,valid,0,0.10967657447006013
10629,valid,0,0.05668358349710212
4216,valid,0,0.05098114354144339
5029,valid,0,0.060020717850196886
6782,valid,0,0.0036847217687720596
720,valid,0,0.0036847217687720596
11066,valid,0,0.005363390379465215
2816,valid,0,0.0
10515,valid,0,0.0
4285,valid,0,0.0
10100,valid,0,0.0
11075,valid,0,0.12820335495005272
338,valid,0,0.12820335495005272
9031,valid,0,0.0677825235293025
6613,valid,0,0.0
1631,valid,0,0.06470137747840848
4466,valid,0,0.0006369641882557633
6140,valid,0,0.004678424501420215
4465,valid,0,0.0
4290,valid,0,0.0
6951,valid,0,0.026529684138373838
4903,valid,0,0.034956757262132925
10026,valid,0,0.0
6612,valid,0,0.0
4833,valid,0,0.013060295743493199
5255,valid,0,0.061004749184131374
4667,valid,0,0.032467478285166794
2614,valid,0,0.008547540140624624
649,valid,0,0.04979465444517419
2796,valid,0,0.07833989707291147
6408,valid,0,0.0
783,valid,0,0.03495674752806585
8420,valid,0,0.04621394737018952
8785,valid,0,0.0
8071,valid,0,0.04585120891861699
3612,valid,0,0.0028157341143012094
3732,valid,0,0.012130713360306855
4076,valid,0,0.004310348180093859
3844,valid,0,0.054194175570363406
1222,valid,0,0.0046564046616683515
10084,valid,0,0.02925623190827938
957,valid,0,0.02925623190827938
7941,valid,0,0.034956753368506094
8539,valid,0,0.049200950944873006
5282,valid,0,0.09108603565998198
5146,valid,0,0.0
143,valid,0,0.06041962424181116
2791,valid,0,0.06041962424181116
7300,valid,0,0.057166908341839434
4551,valid,0,0.0
7823,valid,0,0.0
8633,valid,0,0.0
2254,valid,0,0.0
2474,valid,0,0.0
699,valid,0,0.0
1090,valid,1,0.0
9560,valid,0,0.0
4548,valid,0,0.0
7465,valid,0,0.03495674752806585
10164,valid,0,0.0
7281,valid,0,0.005793811372035763
8392,valid,0,0.0
2216,valid,0,0.0
6908,valid,0,0.05215243189348865
7480,valid,0,0.05860759859381082
2463,valid,0,0.011577916355852015
3938,valid,0,0.0
1984,valid,0,0.0
7450,valid,0,0.0
2087,valid,0,0.0
6504,valid,0,0.0
2444,valid,0,0.0
10775,valid,0,0.0
6174,valid,0,0.0
4772,valid,0,0.0
7729,valid,0,0.0
5747,valid,0,0.0
7830,valid,0,0.03495674371555626
4582,valid,0,0.0
8674,valid,0,0.0
10821,valid,0,0.0043904692733456145
9435,valid,0,0.0
7349,valid,0,0.0
7185,valid,0,0.005952904474069317
521,valid,0,0.0
3635,valid,0,0.00725361908670102
8400,valid,0,0.0
10814,valid,1,0.0
1039,valid,0,0.0043008918922282586
11045,valid,0,0.0
4792,valid,0,0.0027901970141864557
4812,valid,0,0.00014005669006479418
4115,valid,0,0.0
6913,valid,0,0.0
1846,valid,0,0.0
10311,valid,0,0.0
3048,valid,0,0.0
7472,valid,0,0.0
1142,valid,0,0.0
4817,valid,0,0.0
6100,valid,0,0.0
6482,valid,0,0.0
8387,valid,0,0.0
5523,valid,0,0.0
5312,valid,0,0.0015530467751909555
4486,valid,0,0.0
9428,valid,0,0.0
6475,valid,0,0.0
6216,valid,0,0.0
6385,valid,0,0.004239993289165127
10847,valid,0,0.0
1838,valid,0,0.0
10720,valid,0,0.0
2460,valid,0,0.0
6691,valid,0,0.0
9355,valid,0,0.0
4416,valid,0,0.004588559580877121
9334,valid,0,0.11817602938123646
9497,valid,0,0.0
6159,valid,0,0.0
5136,valid,0,0.1208379872648287
2255,valid,0,0.0
3081,valid,0,0.05830923977069364
8818,valid,0,0.0
3568,valid,0,0.0
6268,valid,0,0.0
7543,valid,0,0.0
6496,valid,0,0.0
2284,valid,0,0.0
7452,valid,0,0.0
8610,valid,0,0.0
5407,valid,0,0.0
7462,valid,0,0.0
1134,valid,0,0.0
1564,valid,0,0.010884136720143628
10229,valid,0,0.0
10304,valid,0,0.0
6327,valid,0,0.0
5826,valid,0,0.0
3762,valid,0,0.0
10008,valid,0,0.0
1837,valid,0,0.0
3088,valid,0,0.0
8488,valid,0,0.0
9257,valid,0,0.0
8407,valid,0,0.0
4005,valid,0,0.0
1689,valid,0,0.010884136720143628
5829,valid,0,0.010884136720143628
7286,valid,0,0.0
904,valid,0,0.0
2683,valid,0,0.0
8814,valid,0,0.0
8497,valid,0,0.0
7131,valid,0,0.001034953228608909
2924,valid,0,0.001034953228608909
1560,valid,0,0.0
2879,valid,0,0.0
8237,valid,0,0.0017941260612667391
6443,valid,0,0.0012196488234867261
7125,valid,0,0.0012196488234867261
10210,valid,0,0.0
7514,valid,0,0.0
526,valid,0,0.0
8789,valid,0,0.0
5418,valid,0,0.03495674233656342
737,valid,0,0.0
743,valid,0,0.0
1144,valid,0,0.0
2287,valid,0,0.0
11044,valid,0,0.0
8268,valid,0,0.0
7834,valid,0,0.010884136720143628
4478,valid,0,0.0
1575,valid,0,0.0
7091,valid,0,0.0
9340,valid,0,0.0
324,valid,0,0.0
519,valid,0,0.03495674209321174
8662,valid,0,0.03495674996158263
2579,valid,0,0.0
1748,valid,0,0.0
3899,valid,0,0.0
6526,valid,0,0.0
2077,valid,0,0.0
2676,valid,0,0.0
6489,valid,0,0.004307273220507368
5685,valid,0,0.0
10347,valid,0,0.0
4583,valid,1,0.0
8360,valid,0,0.0
4868,valid,0,0.010884136720143628
10212,valid,0,0.0
3361,valid,0,0.0
5533,valid,0,0.0
6493,valid,0,0.0
3690,valid,0,0.010884136720143628
6016,valid,0,0.0
9252,valid,0,0.001072057725523388
5741,valid,0,0.0
4420,valid,0,0.0
10230,valid,0,0.0
6547,valid,0,0.0
7447,valid,0,0.034956749500836784
1123,valid,0,0.026529686521305905
10407,valid,0,0.0
1114,valid,0,0.0
6328,valid,0,0.0
9350,valid,0,0.0043058403836806185
9558,valid,0,0.010884136720143628
10007,valid,0,0.03279357371021754
7024,valid,0,0.03274207551480611
5417,valid,0,0.007784463598203329
7547,valid,0,0.0
491,valid,0,0.0
946,valid,0,0.0020086323321321865
2450,valid,0,0.034956786146354606
9250,valid,0,0.0
10747,valid,0,0.0
1880,valid,0,0.0
2555,valid,0,0.0
761,valid,0,0.0
8133,valid,0,0.0
2208,valid,0,0.010884136720143628
9142,valid,0,0.0
5452,valid,0,0.0074195065460027
6332,valid,0,0.0
804,valid,0,0.0
4805,valid,0,0.0
10929,valid,0,0.0
1552,valid,0,0.0
9523,valid,0,0.0
3364,valid,0,0.0
6932,valid,0,0.0
2461,valid,0,0.0
4767,valid,0,0.0
908,valid,0,0.0
8661,valid,0,0.0
6630,valid,0,0.0
1119,valid,0,0.0
1724,valid,0,0.0
896,valid,0,0.014895840576797208
8254,valid,0,0.0
1430,valid,0,0.0
2647,valid,0,0.0
6012,valid,0,0.0
1881,valid,0,0.0
9251,valid,0,0.03495674298550123
10343,valid,0,0.0
4703,valid,0,0.0
7522,valid,0,0.0026129268506730505
8116,valid,0,0.0
529,valid,0,0.0
766,valid,0,0.005126396166343598
9590,valid,0,0.0017941260612667391
10213,valid,0,0.0
5091,valid,0,0.0
9774,valid,0,0.0
1573,valid,0,0.0
8741,valid,0,0.010884136720143628
5455,valid,0,0.0
6116,valid,0,0.0
9572,valid,0,0.0
7234,valid,0,0.05170552840550265
6450,valid,0,0.020457226707708
6456,valid,0,0.0
4524,valid,0,0.0
5095,valid,0,0.03948115017523767
3030,valid,0,0.0
916,valid,0,0.0
10827,valid,0,0.0
6687,valid,0,0.0
10044,valid,0,0.0
8806,valid,0,0.0
3569,valid,0,0.0
7809,valid,0,0.0
2198,valid,0,0.0077844841438013505
3754,valid,0,0.0
912,valid,0,0.0
8615,valid,0,0.0
4688,valid,0,0.0
5449,valid,0,0.0
8735,valid,0,0.010884136720143628
321,valid,0,0.0
3694,valid,0,0.0009211068071682466
6172,valid,0,0.0
10743,valid,0,0.09597400374402171
4976,valid,0,0.0
6541,valid,0,0.05614158612626874
1763,valid,0,0.00014005669006479418
4408,valid,0,0.0
8895,valid,0,0.0
10014,valid,0,0.0
6113,valid,0,0.010884136720143628
2710,valid,0,0.0
7083,valid,0,0.0
4155,valid,0,0.0
1879,valid,0,0.007784490042654106
890,valid,0,0.0
4579,valid,0,0.0
9561,valid,0,0.0
2210,valid,0,0.010884136720143628
7246,valid,0,0.0
4241,valid,0,0.0
8896,valid,0,0.0
5084,valid,0,0.0
7667,valid,0,0.010884136720143628
10154,valid,0,0.0
9354,valid,0,0.0
3025,valid,0,0.0
7231,valid,0,0.004651716372774104
9366,valid,0,0.010884136720143628
5500,valid,0,0.0
9578,valid,0,0.0
8125,valid,0,0.0
1034,valid,0,0.0
746,valid,0,0.0
7068,valid,0,0.0
3372,valid,0,0.006814381537372561
9156,valid,0,0.0
2277,valid,0,0.0
3652,valid,0,0.0
7745,valid,0,0.0
1133,valid,0,0.0
420,valid,0,0.0
10402,valid,0,0.0
1781,valid,0,0.0
9269,valid,0,0.0
8485,valid,0,0.0
3052,valid,0,0.0
7084,valid,0,0.0
8671,valid,0,0.003147644571791155
7817,valid,0,0.013420517807537115
3940,valid,0,0.0
3063,valid,0,0.010884136720143628
8659,valid,0,0.034956742959543714
2559,valid,0,0.0
376,valid,0,0.005793808270113057
5428,valid,0,0.0
1559,valid,0,0.0
4878,valid,0,0.0
5411,valid,0,0.0020086323321321865
1425,valid,0,0.0
7526,valid,0,0.034956742661032325
5942,valid,0,0.0
2948,valid,0,0.0
7317,valid,0,0.012429670414253711
5686,valid,0,0.0
9576,valid,0,0.0
9495,valid,0,0.010884136720143628
1093,valid,0,0.0
8914,valid,0,0.0
3051,valid,0,0.0
5421,valid,0,0.0
6168,valid,0,0.0
3435,valid,0,0.005734652330743856
6675,valid,0,0.005817073085511251
10805,valid,0,0.0
936,valid,0,0.0
7130,valid,0,0.0
1958,valid,0,0.0
8620,valid,0,0.003147644571791155
6001,valid,0,0.0
8672,valid,0,0.001670511208586928
10812,valid,0,0.0
1258,valid,0,0.0
8744,valid,0,0.010884136720143628
1102,valid,0,0.0
897,valid,0,0.004239993289165127
6917,valid,0,0.0
5433,valid,0,0.0
8129,valid,0,0.002839888657119899
2280,valid,0,0.0020086323321321865
10408,valid,0,0.005952904474069317
7529,valid,0,0.013420774032517534
9747,valid,0,0.0
10198,valid,0,0.010884136720143628
10144,valid,0,0.010884136720143628
2838,valid,0,0.0
10233,valid,0,0.0
3449,valid,0,0.004304652455981323
5311,valid,0,0.0
7048,valid,0,0.0
8663,valid,0,0.010884136720143628
8863,valid,0,0.0
10221,valid,0,0.0
4160,valid,0,0.005793808211708654
69,valid,0,0.0
8274,valid,0,0.02743155799634485
10928,valid,0,0.0011689899116656213
1680,valid,0,0.010884136720143628
3696,valid,0,0.0020086323321321865
8463,valid,0,0.0046477578521660935
2583,valid,0,0.005793814778959237
10930,valid,0,0.01644378017001584
3920,valid,0,0.0
10006,valid,0,0.0
5748,valid,0,0.0
8399,valid,0,0.0
2566,valid,0,0.0
4119,valid,0,0.0
10458,valid,0,0.023344669817896298
10777,valid,0,0.0043035057768779335
9519,valid,0,0.0013658625591074526
9553,valid,0,0.0
2396,valid,0,0.0
3934,valid,0,0.0
8635,valid,0,0.0
6163,valid,0,0.0
1842,valid,0,0.004669863365054595
6924,valid,0,0.0027901970141864557
3942,valid,0,0.0
5831,valid,0,0.010884136720143628
4405,valid,0,0.0
7385,valid,0,0.0
2221,valid,0,0.0
1259,valid,0,0.016154072023529243
2076,valid,0,0.0
6120,valid,0,0.03495674217432897
5738,valid,0,0.009509705363181957
6521,valid,0,0.004301317170373809
4243,valid,0,0.0
3434,valid,0,0.0
4866,valid,0,0.010884136720143628
6276,valid,0,0.0
8115,valid,0,0.0
8474,valid,0,0.0
10196,valid,0,0.005793813516775207
4807,valid,0,0.0
10925,valid,0,0.0
494,valid,0,0.0
2204,valid,0,0.0
9587,valid,0,0.0
1759,valid,0,0.0
8730,valid,0,0.010884136720143628
2459,valid,0,0.0007840306583325201
9557,valid,0,0.010884136720143628
2557,valid,0,0.010884136720143628
9743,valid,0,0.010884136720143628
4449,valid,0,0.0
3752,valid,0,0.010884136720143628
4399,valid,0,0.010884136720143628
2928,valid,0,0.0
7527,valid,0,0.0
10223,valid,0,0.0043009542859758255
10828,valid,0,0.025641202411420705
2085,valid,0,0.005793809100753447
5524,valid,0,0.044707515886205265
8729,valid,0,0.0
8511,valid,0,0.0
6371,valid,0,0.004302215020278701
3891,valid,0,0.034956743780450036
8271,valid,0,0.03251343373546311
5504,valid,0,0.010884136720143628
1131,valid,0,0.0
2572,valid,0,0.034956746554659156
10997,valid,0,0.0
6092,valid,0,0.0
478,valid,0,0.0
7249,valid,0,0.0
7022,valid,0,0.0
6372,valid,0,0.004305708691487244
4003,valid,0,0.0
6549,valid,0,0.0
2279,valid,0,0.0
2939,valid,0,0.0
7448,valid,0,0.010884136720143628
3105,valid,0,0.0
6918,valid,0,0.0
4781,valid,0,0.016454900870177955
4774,valid,0,0.0
8366,valid,0,0.0
9370,valid,0,0.0
4477,valid,0,0.0
5946,valid,0,0.0
4240,valid,0,0.0
3931,valid,0,0.058230449999827356
6334,valid,0,0.0
7595,valid,0,0.07715193344640094
4867,valid,0,0.0
8359,valid,0,0.0
5527,valid,0,0.0
6546,valid,0,0.0
8481,valid,0,0.0
518,valid,0,0.0
8476,valid,0,0.0
10758,valid,0,0.0
10830,valid,0,0.018478750991636206
4545,valid,0,0.010884136720143628
6126,valid,0,0.010884136720143628
8510,valid,0,0.0018297323464739781
10226,valid,0,0.024129031858583425
4865,valid,0,0.03495674233656342
1437,valid,0,0.0013658625591074526
7053,valid,0,0.0
3508,valid,0,0.006814381537372561
3442,valid,0,0.0
6931,valid,0,0.0
7233,valid,0,0.0
3915,valid,0,0.0
8509,valid,0,0.003147644571791155
7668,valid,0,0.0
10605,valid,0,0.0
5530,valid,0,0.0
10748,valid,0,0.03309776878869339
10156,valid,0,0.0
9763,valid,0,0.028474951043461365
1684,valid,0,0.0023101828937125233
6197,valid,0,0.0
5098,valid,0,0.0
1562,valid,0,0.0
2458,valid,0,0.0
9489,valid,0,0.0
706,valid,0,0.0
8742,valid,0,0.0
7076,valid,0,0.0
6929,valid,0,0.0
6343,valid,0,0.004305739580926743
3439,valid,0,0.0
7085,valid,0,0.0027901970141864557
10395,valid,0,0.034979668888861115
3697,valid,0,0.0
2655,valid,0,0.0
5075,valid,0,0.0
3911,valid,0,0.03500197211043998
7101,valid,0,0.0
8361,valid,0,0.010884136720143628
3910,valid,0,0.010884136720143628
1256,valid,1,0.0
1455,valid,0,0.0
6386,valid,0,0.0
298,valid,0,0.0
9779,valid,0,0.0
768,valid,0,0.006642410162933301
4481,valid,0,0.006642410162933301
311,valid,0,0.0
5134,valid,0,0.0
10834,valid,0,0.005720203646297955
1135,valid,0,0.0
10606,valid,0,0.00432384573447498
3939,valid,0,0.0
6177,valid,0,0.0
3022,valid,0,0.0
6676,valid,0,0.003806276945243932
2944,valid,0,0.0
3058,valid,0,0.0
6567,valid,0,0.0
6550,valid,0,0.004308522291029272
10169,valid,0,0.03496783800729176
8395,valid,0,0.0
6488,valid,0,0.0
753,valid,0,0.0
7464,valid,0,0.0
4980,valid,0,0.010884136720143628
4888,valid,0,0.03495674233656342
7049,valid,0,0.0
10318,valid,0,0.0
4485,valid,0,0.01996057033191875
4825,valid,0,0.03358452150811623
3890,valid,0,0.0
10397,valid,0,0.0
10016,valid,0,0.0
3104,valid,0,0.006921841801859518
10945,valid,0,0.0
6524,valid,0,0.0
7531,valid,0,0.0
5948,valid,0,0.05973293944795118
1567,valid,0,0.0020086323321321865
60,valid,0,0.003147644571791155
1436,valid,0,0.03495674850147256
2646,valid,0,0.010884136720143628
3687,valid,0,0.0
6562,valid,0,0.01996056917466796
4440,valid,0,0.0
2709,valid,0,0.034956748955729026
7023,valid,0,0.03495674209321174
6636,valid,0,0.0
10225,valid,0,0.0
10596,valid,0,0.0
2395,valid,0,0.0
8857,valid,0,0.0
2393,valid,0,0.0
9555,valid,0,0.03495674279081988
7232,valid,0,0.051287627622573315
5497,valid,0,0.0
7064,valid,0,0.002588714925645413
5318,valid,0,0.0
7460,valid,0,0.010884136720143628
3510,valid,0,0.0349571856211107
2554,valid,0,0.010884136720143628
10050,valid,0,0.010884136720143628
8638,valid,0,0.010884136720143628
70,valid,0,0.11530905534412361
1058,valid,0,0.0
1956,valid,0,0.010884136720143628
6180,valid,0,0.034956742515021316
2281,valid,0,0.03495674348518333
9346,valid,0,0.0
2084,valid,0,0.03495841976129341
2228,valid,0,0.0
8639,valid,0,0.005952904474069317
2930,valid,0,0.0
4163,valid,0,0.03495674298550123
4986,valid,0,0.03632136196595545
10810,valid,0,0.0
3023,valid,0,0.0
10400,valid,0,0.034956742855713666
7031,valid,0,0.0
9577,valid,0,0.0
8117,valid,0,0.03495674604524297
10201,valid,0,0.034956743634439034
8810,valid,0,0.03495717115304235
52,valid,0,0.03495674249879787
9342,valid,0,0.05323427359379843
10590,valid,0,0.0
3893,valid,0,0.0
10042,valid,0,0.0
9273,valid,0,0.0043015821754827255
790,valid,0,0.0
6498,valid,0,0.03495674223273337
7488,valid,0,0.0023563218101001235
2226,valid,0,0.0
6005,valid,0,0.0
5087,valid,0,0.0
9567,valid,0,0.010884136720143628
760,valid,0,0.0
738,valid,0,0.0
6544,valid,0,0.0
1736,valid,0,0.0
1832,valid,0,0.0
10470,valid,0,0.0
7229,valid,0,0.0
7477,valid,0,0.0
3897,valid,0,0.0
8856,valid,0,0.0
8665,valid,0,0.0
51,valid,0,0.03495677050046414
3086,valid,0,0.0013480565763297316
8860,valid,0,0.0
4156,valid,0,0.0
6215,valid,0,0.0
3627,valid,0,0.02074481385019966
7657,valid,0,0.034956767353115786
9491,valid,0,0.0
3445,valid,0,0.06552606809184847
1260,valid,0,0.02654081454922504
10755,valid,0,0.005588176079971778
9570,valid,0,0.0
5093,valid,0,0.0
703,valid,0,0.0
7343,valid,0,0.0
9265,valid,0,0.0
9554,valid,0,0.0
8251,valid,0,0.0
901,valid,0,0.0
884,valid,0,0.004347006326712099
7826,valid,0,0.0
8099,valid,0,0.0
1094,valid,0,0.0
3637,valid,0,0.004300905617262826
7069,valid,0,0.010884136720143628
8504,valid,0,0.010884136720143628
10770,valid,0,0.0
3941,valid,0,0.008945661371293483
1147,valid,0,0.02652968293162532
8464,valid,0,0.03495674249879787
5305,valid,0,0.0
1777,valid,0,0.0
2218,valid,0,0.0
5681,valid,0,0.034956743634439034
5422,valid,0,0.0
6219,valid,0,0.0
6106,valid,0,0.0
5102,valid,0,0.0
3638,valid,0,0.0
1051,valid,0,0.0
8478,valid,0,0.041727533648849145
1765,valid,0,0.0
3895,valid,0,0.010884136720143628
7476,valid,0,0.0
1536,valid,0,0.0
10013,valid,0,0.010884136720143628
4707,valid,0,0.0
9436,valid,0,0.0
4983,valid,0,0.0
4694,valid,0,0.0
932,valid,0,0.0
4763,valid,0,0.0
3096,valid,0,0.0
895,valid,0,0.0
4010,valid,0,0.0
9271,valid,0,0.0
877,valid,0,0.0
3567,valid,0,0.00472381168298628
6448,valid,0,0.0
7100,valid,0,0.0
10193,valid,0,0.010884136720143628
4231,valid,0,0.0
2285,valid,0,0.034956744121142386
2679,valid,0,0.004300824660649359
1738,valid,0,0.0
705,valid,0,0.005793833760390021
5943,valid,0,0.0
4161,valid,0,0.0
5090,valid,0,0.0
5068,valid,0,0.0
9147,valid,0,0.0
9140,valid,0,0.0
4820,valid,0,0.0
6468,valid,0,0.0
1267,valid,0,0.0
4601,valid,0,0.0
919,valid,0,0.0
6688,valid,0,0.0
1782,valid,0,0.0
9758,valid,0,0.0
5941,valid,0,0.0
6906,valid,0,0.0
3440,valid,0,0.0
10308,valid,0,0.0
9379,valid,0,0.0
4689,valid,0,0.0
8484,valid,0,0.0
2219,valid,0,0.0
10843,valid,0,0.0
6936,valid,0,0.0
5442,valid,0,0.0
8907,valid,0,0.049507177711656136
10825,valid,0,0.0
4129,valid,0,0.0
4439,valid,0,0.0
10157,valid,0,0.0023101890910685575
5408,valid,0,0.0
6497,valid,0,0.0
4883,valid,0,0.010884136720143628
1423,valid,0,0.0
8466,valid,0,0.02526924276027636
8100,valid,0,0.034956754666381706
303,valid,0,0.0
11054,valid,0,0.0
6015,valid,0,0.03495675458850917
10166,valid,0,0.03495729812583554
2833,valid,0,0.0
9363,valid,0,0.000822518223471386
4880,valid,0,0.005805152899340745
7072,valid,0,0.0
10228,valid,0,0.0
9276,valid,0,0.0
3645,valid,0,0.0
922,valid,0,0.0
5315,valid,0,0.03643758336039618
876,valid,0,0.010884136720143628
5420,valid,0,0.005952904474069317
2199,valid,0,0.0
7593,valid,0,0.0
1569,valid,0,0.0
1571,valid,0,0.03495675352425118
5426,valid,0,0.0
7026,valid,0,0.0
7123,valid,0,0.03495674298550123
4598,valid,0,0.0
744,valid,0,0.0
5057,valid,0,0.0
7812,valid,0,0.0
751,valid,0,0.0
4764,valid,0,0.0
530,valid,0,0.0
5088,valid,0,0.0
1994,valid,0,0.0
1553,valid,0,0.0
7392,valid,0,0.003147644571791155
1446,valid,0,0.03495675489350994
2845,valid,0,0.0
6384,valid,0,0.0011689899116656213
8911,valid,0,0.014851239374065224
6093,valid,0,0.0
1041,valid,0,0.0
488,valid,0,0.0
7288,valid,0,0.0
6275,valid,0,0.010884136720143628
2846,valid,0,0.11423059038771366
7041,valid,0,0.0
10159,valid,0,0.010884136720143628
6672,valid,0,0.0
9574,valid,0,0.0
1445,valid,0,0.03495674668444671
9524,valid,0,0.0
7831,valid,0,0.0
9378,valid,0,0.01455268794735581
1551,valid,0,0.0
4121,valid,0,0.0
1056,valid,0,0.0
6153,valid,0,0.0002561968305919692
10216,valid,0,0.03658138920750419
9527,valid,0,0.0
5313,valid,0,0.005793820609665411
4686,valid,0,0.0
6632,valid,0,0.034956744283376834
4421,valid,0,0.0
3059,valid,0,0.0
9744,valid,0,0.03495674209321174
6195,valid,0,0.0
1097,valid,0,0.0
1681,valid,0,0.0
6161,valid,0,0.0
482,valid,0,0.012993317396804739
2759,valid,0,0.0
10780,valid,0,0.0
2768,valid,0,0.0
7241,valid,0,0.0
7193,valid,0,0.04899950210448785
10607,valid,0,0.04899950210448785
8256,valid,0,0.0
915,valid,0,0.0
7244,valid,0,0.012130704051083142
6212,valid,0,0.0
6491,valid,0,0.04027872991333503
10215,valid,0,0.0
4479,valid,0,0.0
1156,valid,0,0.0
5817,valid,0,0.0
1985,valid,0,0.0
5443,valid,0,0.0
1986,valid,0,0.026209113320900094
8468,valid,0,0.0
3572,valid,0,0.04877737371068614
933,valid,0,0.0
3029,valid,0,0.0
6523,valid,0,0.05994468148976792
4803,valid,0,0.019263874654786618
7520,valid,0,0.0
1533,valid,0,0.0
4782,valid,0,0.0
8255,valid,0,0.0
2556,valid,0,0.0
10399,valid,0,0.0
10297,valid,0,0.0
3921,valid,0,0.03495674324507635
8788,valid,0,0.0
9563,valid,0,0.03495674298550123
1154,valid,0,0.0
5938,valid,0,0.0
5415,valid,0,0.0
7325,valid,0,0.0
3074,valid,0,0.0
7446,valid,0,0.0
2773,valid,0,0.0017941260612667391
3691,valid,0,0.0
9488,valid,0,0.0
4407,valid,0,0.0
2478,valid,0,0.0
9247,valid,0,0.0
9525,valid,0,0.010884136720143628
4244,valid,0,0.0
9515,valid,0,0.03495678826838123
2586,valid,0,0.0
941,valid,0,0.03676934623023621
7050,valid,0,0.0021607751132256604
7492,valid,0,0.0
6382,valid,0,0.0
9520,valid,0,0.03499043481482281
8104,valid,0,0.003147644571791155
3914,valid,0,0.0
7467,valid,0,0.010884136720143628
4109,valid,0,0.0050678804175768
799,valid,0,0.0
9345,valid,0,0.04582671591011613
380,valid,0,0.0
2713,valid,0,0.0
10820,valid,0,0.025246909304263362
2202,valid,0,0.010884136720143628
1130,valid,0,0.0005304119450773587
6338,valid,0,0.0
2207,valid,0,0.0
9390,valid,0,0.0
7453,valid,0,0.0005304119450773587
5677,valid,0,0.010884136720143628
1679,valid,0,0.0
523,valid,0,0.0
5447,valid,0,0.0
8391,valid,0,0.0
7816,valid,0,0.0
1677,valid,0,0.010884136720143628
3095,valid,0,0.0
6209,valid,0,0.016154072023529243
8472,valid,0,0.0017941260612667391
5821,valid,0,0.034956756288726215
2878,valid,0,0.0
3045,valid,0,0.0
11055,valid,0,0.026368950010788414
9749,valid,0,0.0
3753,valid,0,0.0
5105,valid,0,0.0
1542,valid,0,0.01215303857276558
8482,valid,0,0.010884136720143628
299,valid,0,0.038128849981782544
10724,valid,0,0.05961304911256936
5066,valid,0,0.0
2229,valid,0,0.0
8905,valid,0,0.0
1059,valid,0,0.0018973318058545592
7181,valid,0,0.0
10937,valid,0,0.06140352892836666
9581,valid,0,0.0
9591,valid,0,0.0
6528,valid,0,0.0
6013,valid,0,0.0
6460,valid,0,0.0027901970141864557
8812,valid,0,0.0
8105,valid,0,0.0003524407447032988
2849,valid,0,0.0
11042,valid,0,0.01563581173638388
6167,valid,0,0.004312260293442945
3565,valid,0,0.043635917922079444
2551,valid,0,0.0
2665,valid,0,0.0
6118,valid,0,0.0
5956,valid,0,0.01488441728547034
2834,valid,0,0.034956742956299025
6471,valid,0,0.0
7088,valid,0,0.0
3764,valid,0,0.0
7194,valid,0,0.0
745,valid,0,0.04677595434829819
2880,valid,0,0.03495675739192049
2187,valid,0,0.0
1874,valid,0,0.010884136720143628
7470,valid,0,0.0349567473658314
7813,valid,0,0.0
8124,valid,0,0.0
4092,valid,0,0.0
6545,valid,0,0.016841889642087302
7384,valid,0,0.034956750529403204
5356,valid,0,0.04317250925741312
7449,valid,0,0.03717542077532667
6125,valid,0,0.010884136720143628
3695,valid,0,0.010884136720143628
10341,valid,0,0.010884136720143628
5405,valid,0,0.03495674811210989
3065,valid,0,0.0
6509,valid,0,0.034957432442982335
1111,valid,0,0.0
10829,valid,0,0.0
5410,valid,0,0.034956746554659156
4776,valid,0,0.03209134443380997
7478,valid,0,0.027722964142083174
10593,valid,0,0.04319483538954651
8356,valid,0,0.0
2192,valid,0,0.034956797173430254
4093,valid,0,0.0
7747,valid,0,0.0
7815,valid,0,0.0
8629,valid,0,0.0
1055,valid,0,0.04797136686912968
8408,valid,0,0.0
1687,valid,0,0.017988009376408223
1572,valid,0,0.03495674249879787
4590,valid,0,0.012141871661969525
4875,valid,0,0.0
5951,valid,0,0.0017941260612667391
6671,valid,0,0.026529685912147986
4532,valid,0,0.0003306826646154557
10737,valid,0,0.0
4884,valid,0,0.006814381537372561
3761,valid,0,0.0
8816,valid,0,0.0
3759,valid,0,0.0349567484625363
9742,valid,0,0.009398528926325896
7104,valid,0,0.004682076302169689
10404,valid,0,0.009385819308341271
5947,valid,0,0.0
3031,valid,0,0.004644055195729084
5138,valid,0,0.0
7383,valid,0,0.005793808938518995
3689,valid,0,0.0
10849,valid,0,0.0
10235,valid,0,0.0
5080,valid,0,0.04292694763726791
8745,valid,0,0.0
9740,valid,0,0.0
3922,valid,0,0.0
4881,valid,0,0.0
11013,valid,0,0.009385819308341271
7332,valid,0,0.0
7065,valid,0,0.005793808743837654
10298,valid,0,0.0
3027,valid,0,0.0
2286,valid,0,0.03495674298550123
10168,valid,0,0.03495674298550123
5940,valid,0,0.011023605035283554
5451,valid,0,0.010684972804322374
6695,valid,0,0.043987525378380944
9556,valid,0,0.0
7051,valid,0,0.0
2196,valid,0,0.007784671701630771
6453,valid,0,0.0
1774,valid,0,0.0349567697736538
5493,valid,0,0.0
4473,valid,0,0.0
8865,valid,0,0.0
5818,valid,0,0.034956748566366345
4232,valid,0,0.01488446362693014
7528,valid,0,0.0
3925,valid,0,0.013756390882386782
6485,valid,0,0.014851247516612327
6127,valid,0,0.007812640138987834
8114,valid,0,0.003147644571791155
5517,valid,0,0.056395071618565495
4484,valid,0,0.0
9776,valid,0,0.05968263550465348
3649,valid,0,0.05317985989425173
2477,valid,0,0.0
2190,valid,0,0.010053636601264094
6207,valid,0,0.026839395055135454
3760,valid,0,0.0
4525,valid,0,0.033990599279998805
8101,valid,0,0.010065179387900958
1952,valid,0,0.008261726781367761
5303,valid,0,0.0077845457318115145
6514,valid,0,0.0
5510,valid,0,0.0
6095,valid,0,0.027838624528999194
3369,valid,0,0.04969891039677116
2850,valid,0,0.00034778773996104145
8792,valid,0,0.0
9365,valid,0,0.0
6494,valid,0,0.0
2259,valid,0,0.01005384545849769
7833,valid,0,0.005793817377955144
6337,valid,0,0.0
4471,valid,0,0.019131133511633352
6501,valid,0,0.0
1159,valid,0,0.0
1546,valid,0,0.0
1421,valid,0,0.03495674493231464
58,valid,0,0.010884136720143628
9490,valid,0,0.0
8636,valid,0,0.0
10832,valid,0,0.0
10046,valid,0,0.03495675826149715
9148,valid,0,0.019131147917809264
9145,valid,0,0.0
4102,valid,0,0.006814381537372561
4128,valid,0,0.04274013709404842
6194,valid,0,0.023344656975482037
7750,valid,0,0.0
1095,valid,0,0.0
9151,valid,0,0.020686953122046218
5668,valid,0,0.0
10839,valid,0,0.0
8682,valid,0,0.0
3892,valid,0,0.034956832743333666
8660,valid,0,0.11229428923999474
10603,valid,0,0.11229428923999474
7535,valid,0,0.0
2462,valid,0,0.007784548706737094
4164,valid,0,0.003902429486064728
6444,valid,0,0.0610961963260584
7455,valid,0,0.005793814876299907
8628,valid,0,0.0020086323321321865
10150,valid,0,0.0
4556,valid,0,0.03495674249879787
5505,valid,0,0.007784558818721205
2251,valid,0,0.007784546875450832
3092,valid,0,0.0
8681,valid,0,0.007784568767367671
5528,valid,0,0.0
2447,valid,0,0.0
3894,valid,0,0.03495674209321174
10609,valid,0,0.0
4022,valid,0,0.0
6533,valid,0,0.00696634766566872
9327,valid,0,0.03864941982326848
2468,valid,0,0.0
7128,valid,0,0.0
3109,valid,0,0.0
4418,valid,0,0.0
10153,valid,0,0.0
4543,valid,0,0.0
3064,valid,0,0.0
6272,valid,0,0.0
10854,valid,0,0.0
5419,valid,0,0.0
3507,valid,0,0.0
1683,valid,0,0.0
2716,valid,0,0.0
3362,valid,0,0.010884136720143628
7052,valid,0,0.010884136720143628
10840,valid,0,0.026529682747375653
7103,valid,0,0.0
6217,valid,0,0.0
7032,valid,0,0.03495689857807394
8495,valid,0,0.0
1441,valid,0,0.03495680432310252
3919,valid,0,0.03717542758917362
7513,valid,0,0.0
5676,valid,0,0.003147644571791155
5439,valid,0,0.0
7097,valid,0,0.014884450469878387
4535,valid,0,0.0
4009,valid,0,0.0
8462,valid,0,0.06789523030693342
2708,valid,0,0.0
6210,valid,0,0.0
1544,valid,0,0.0
5999,valid,0,0.0
6926,valid,0,0.0027901970141864557
6681,valid,0,0.00010320574458781993
10732,valid,0,0.060531881717199476
1729,valid,0,0.0
4448,valid,0,0.0
8916,valid,0,0.0
6350,valid,0,0.0
5431,valid,0,0.11250333302757988
5104,valid,0,0.039808307710085304
4578,valid,0,0.02459320760279326
1885,valid,0,0.0
3693,valid,0,0.010884136720143628
10148,valid,0,0.0005745008744333876
1447,valid,0,0.0
6564,valid,0,0.026540811193681218
5094,valid,0,0.0027901970141864557
480,valid,0,0.0
8791,valid,0,0.0
9750,valid,0,0.034956743050395006
4554,valid,0,0.0
4441,valid,0,0.0020086323321321865
1561,valid,0,0.0
4002,valid,0,0.012993326474227867
4021,valid,0,0.0
4533,valid,0,0.0
3062,valid,0,0.0
10756,valid,0,0.0
5939,valid,0,0.0547295789096908
2668,valid,0,0.02523576461786743
3916,valid,0,0.0021607751132256604
1744,valid,0,0.027865623913620075
10602,valid,0,0.0
7523,valid,0,0.0
7077,valid,0,0.0
3561,valid,0,0.024062553356806776
6091,valid,0,0.0
6554,valid,0,0.0027901970141864557
2475,valid,0,0.0
8677,valid,0,0.0
6228,valid,0,0.08074613504618261
7542,valid,0,0.0013658625591074526
6187,valid,0,0.0
1754,valid,0,0.006776431595027188
1557,valid,0,0.0027901970141864557
2670,valid,0,0.0
8727,valid,0,0.000822518223471386
6469,valid,0,0.0
2946,valid,0,0.0
11061,valid,0,0.0
48,valid,0,0.0
3111,valid,0,0.034956743634439034
2004,valid,0,0.05948149420837098
9387,valid,0,0.03495674249879787
6522,valid,0,0.0011689899116656213
7821,valid,0,0.0
5516,valid,0,0.0069218576758354015
2456,valid,0,0.0
3373,valid,0,0.003147644571791155
7080,valid,0,0.0
8619,valid,0,0.03495674817700366
7045,valid,0,0.0018125280980616834
11046,valid,0,0.06066580866812749
1773,valid,0,0.017758683311641463
10944,valid,0,0.032666358181239974
11010,valid,0,0.0
10922,valid,0,0.06692639817750767
516,valid,0,0.0
2552,valid,0,0.034956743595502764
2847,valid,0,0.0
9358,valid,0,0.0
6474,valid,0,0.07310086162545726
2256,valid,0,0.00014005669006479418
3036,valid,0,0.08314697559774913
10608,valid,0,0.08540430758540497
6629,valid,0,0.005793824139887068
7090,valid,0,0.05336712166312873
1543,valid,0,0.03004578763670698
10476,valid,0,0.0567941651582963
479,valid,0,0.0
7336,valid,0,0.0045330712840122404
62,valid,0,0.0
2661,valid,0,0.0
2765,valid,0,0.0
6198,valid,0,0.0
8110,valid,0,0.0
9583,valid,0,0.06357322274887993
3943,valid,0,0.03947760909574564
8627,valid,0,0.00365821835212976
524,valid,0,0.0
6223,valid,0,0.0
5494,valid,0,0.0
9326,valid,0,0.052376966257814066
3047,valid,0,0.0
10746,valid,0,0.0474181731126899
6019,valid,0,0.0
6505,valid,0,0.0
7245,valid,0,0.02144134073747976
7814,valid,0,0.010065288841117445
10725,valid,0,0.007751281542381259
3576,valid,0,0.07854079914033592
4447,valid,0,0.010884136720143628
1953,valid,0,0.0
2760,valid,0,0.05047421159363046
909,valid,0,0.03246740994406647
7338,valid,0,0.04759274225946198
10597,valid,0,0.0
4677,valid,0,0.0
5674,valid,0,0.0
6354,valid,0,0.0
5069,valid,0,0.0
925,valid,0,0.08363879922559299
7473,valid,0,0.0
2656,valid,0,0.000822518223471386
6461,valid,0,0.04270473773180469
3636,valid,0,0.03854917841884089
1775,valid,0,0.03187020413123442
1989,valid,0,0.0
6265,valid,0,0.034956755704682194
7530,valid,0,0.0
4246,valid,0,0.019275154373231677
6678,valid,0,0.0
7326,valid,0,0.026828286514396775
5321,valid,0,0.03495674817700366
8397,valid,0,0.0
9360,valid,0,0.0
6519,valid,0,0.004300853222024483
6916,valid,0,0.0
8238,valid,0,0.0
4800,valid,0,0.0
6480,valid,0,0.013525625309040577
5519,valid,0,0.03495674249879787
9371,valid,0,0.0
1995,valid,0,0.06620316420875706
7482,valid,0,0.014308171084551288
67,valid,0,0.0007527926461173215
1732,valid,0,0.04487462430595056
786,valid,0,0.0
1747,valid,0,0.0
6532,valid,0,0.021872809800952006
1760,valid,0,0.0
6189,valid,0,0.026861560670929194
1272,valid,0,0.0
2220,valid,0,0.0
10222,valid,0,0.0576675972050544
3443,valid,0,0.063085706675829
10208,valid,0,0.000822518223471386
7578,valid,0,0.0005845646360225355
2723,valid,0,0.0
2081,valid,0,0.0
6457,valid,0,0.04877566598477127
7486,valid,0,0.0
6922,valid,0,0.04241835098153654
7484,valid,0,0.0
7247,valid,0,0.04437715958659644
6170,valid,0,0.05231517930294878
8898,valid,0,0.0
1826,valid,0,0.0
7666,valid,0,0.03495674330997013
6199,valid,0,0.052305213334513274
8739,valid,0,0.005793820716740149
1840,valid,0,0.03714535528608352
10316,valid,0,0.016443772198269164
3091,valid,0,0.026850462799003823
6529,valid,0,0.0885303092309041
9513,valid,0,0.010884136720143628
1261,valid,0,0.025256739617669458
7663,valid,0,0.0
8829,valid,0,0.0
7461,valid,0,0.0
10586,valid,0,0.039765259620495604
792,valid,0,0.05195161644585421
1053,valid,0,0.004430001674940753
802,valid,0,0.02652976372939504
9333,valid,0,0.0
3360,valid,0,0.007784862093550042
1770,valid,0,0.0
10778,valid,0,0.02524690518258357
3898,valid,0,0.03495674330997013
5683,valid,0,0.045955199882339315
2758,valid,0,0.004301205689348358
2080,valid,0,0.006814381537372561
11060,valid,0,0.0
6558,valid,0,0.0
2947,valid,0,0.04369982129552854
5304,valid,0,0.0
6176,valid,0,0.0
10466,valid,0,0.03465479863476398
5502,valid,0,0.005793816485665663
7320,valid,0,0.02248096345111714
307,valid,0,0.0
4765,valid,0,0.0030953587876137246
6481,valid,0,0.04115887029451754
5531,valid,0,0.0
4547,valid,0,0.0
7516,valid,0,0.03495681994952485
1548,valid,0,0.004684769077415007
880,valid,0,0.0
1731,valid,0,0.0
50,valid,0,0.03495674817700366
7039,valid,0,0.005793809061817178
3946,valid,0,0.004430001674940753
1725,valid,0,0.0
7089,valid,0,0.00468873537200043
6261,valid,0,0.0
3097,valid,0,0.055775490904734944
910,valid,0,0.0
6008,valid,0,0.013129323645187247
6218,valid,0,0.0
8248,valid,0,0.026991495927240938
7575,valid,0,0.0
1429,valid,0,0.006814381537372561
5520,valid,0,0.08378114463719222
7671,valid,0,0.0023214134850998115
316,valid,0,0.0
7353,valid,0,0.019960558260799517
3101,valid,0,0.004308156569248079
4111,valid,0,0.0
2685,valid,0,0.0
5092,valid,0,0.004740523830572488
7352,valid,0,0.0
2933,valid,0,0.0
5670,valid,0,0.0
7515,valid,0,0.0
4684,valid,0,0.0027901970141864557
2194,valid,0,0.0
3509,valid,0,0.0
8605,valid,0,0.0
4091,valid,0,0.0
3069,valid,0,0.0
749,valid,0,0.0
1884,valid,0,0.0
9566,valid,0,0.0
2648,valid,0,0.0
8120,valid,0,0.0
10045,valid,0,0.0
2563,valid,0,0.0
9259,valid,0,0.0
10816,valid,0,0.0
7659,valid,0,0.0
10409,valid,0,0.00034226425274330215
5825,valid,0,0.0
7829,valid,0,0.0
944,valid,0,0.0
3375,valid,0,0.0
327,valid,0,0.010884136720143628
7660,valid,0,0.010884136720143628
2203,valid,0,0.0
1418,valid,0,0.034956798430747255
4235,valid,0,0.0
1103,valid,0,0.0
5444,valid,0,0.00021257256113204562
6375,valid,0,0.032965060936503754
10211,valid,0,0.034956744283376834
10171,valid,0,0.0
7519,valid,0,0.0
9335,valid,0,0.0
2394,valid,0,0.0349567502049343
5830,valid,0,0.0
4103,valid,0,0.003147644571791155
10218,valid,0,0.0018236467149063203
61,valid,0,0.0
6270,valid,0,0.03495679035796096
1435,valid,0,0.0
4879,valid,0,0.0
6637,valid,0,0.0
3646,valid,0,0.0
8367,valid,0,0.034956745743486894
5816,valid,0,0.0
2641,valid,0,0.034958359507418255
2186,valid,0,0.03495687630003911
49,valid,0,0.010884136720143628
5076,valid,0,0.0
5317,valid,0,0.0
6006,valid,0,0.0
2215,valid,0,0.010884136720143628
1743,valid,0,0.05020402006703215
6449,valid,0,0.06909112396526555
2565,valid,0,0.0
2721,valid,0,0.0
1539,valid,0,0.021091233412045076
879,valid,0,0.0
3906,valid,0,0.0
9493,valid,0,0.0
2770,valid,0,0.0
2935,valid,0,0.0
1037,valid,0,0.05672531916117055
2558,valid,0,0.03495680328155734
6226,valid,0,0.0
6557,valid,0,0.03495674324507635
7479,valid,0,0.0
6227,valid,0,0.0
4815,valid,0,0.0
6101,valid,0,0.02678289111658617
10935,valid,0,0.027732804233878788
2261,valid,0,0.000822518223471386
4690,valid,0,0.05834568717895478
5071,valid,0,0.04041888206552061
5414,valid,0,0.0349572473853886
6165,valid,0,0.07652868814407081
6515,valid,0,0.03495679713611633
913,valid,0,0.03495674233656342
6353,valid,0,0.0
4816,valid,0,0.07678109710885232
4476,valid,0,0.0
2649,valid,0,0.0
7335,valid,0,0.0061692844229711465
7536,valid,0,0.0061692844229711465
8861,valid,0,0.0
5949,valid,0,0.008414869810544612
6162,valid,0,0.08545828216075158
6326,valid,0,0.03533220107064918
5081,valid,0,0.04800450518771687
10398,valid,0,0.0
11049,valid,0,0.054680503867554166
10301,valid,0,0.03495674298550123
2756,valid,0,0.0
8252,valid,0,0.0
9343,valid,0,0.017360580699355154
9344,valid,0,0.05866634854049779
8458,valid,0,0.0
2000,valid,0,0.0
6679,valid,0,0.0
4242,valid,0,0.06363074640962178
3078,valid,0,0.04714064487219899
4446,valid,0,0.0
7242,valid,0,0.05689861218535808
1741,valid,0,0.0
8732,valid,0,0.0
8626,valid,0,0.0
1558,valid,0,0.00011304036246577708
6510,valid,0,0.0
5085,valid,0,0.004319085397207011
6473,valid,0,0.0
704,valid,0,0.0
9585,valid,0,0.0011700054537515218
11062,valid,0,0.0
319,valid,0,0.0
7324,valid,0,0.0
1750,valid,0,0.041843154931042875
11059,valid,0,0.0011700054537515218
7749,valid,0,0.0
3643,valid,0,0.039143809943551024
798,valid,0,0.026540815060279787
10718,valid,0,0.0
2927,valid,0,0.0
4791,valid,0,0.05037006200387221
6517,valid,0,0.0
7672,valid,0,0.0
1990,valid,0,0.0
914,valid,0,0.06813734576135712
7655,valid,0,0.034956744413164396
10598,valid,0,0.034956744413164396
7127,valid,0,0.0
2252,valid,0,0.0015366651567219024
10822,valid,0,0.02686154728235265
5106,valid,0,0.0505908546382268
9261,valid,0,0.05410685222247331
8240,valid,0,0.05291248273474192
9272,valid,0,0.0
1767,valid,0,0.07204637299058039
10053,valid,0,0.0
1087,valid,0,0.0
4116,valid,0,0.0
7121,valid,0,0.0
5074,valid,0,0.0
9262,valid,0,0.0
1254,valid,0,0.026529714647438443
4482,valid,0,0.048278348416968764
4702,valid,0,0.0
5320,valid,0,0.0
1443,valid,0,0.0
6928,valid,0,0.019960572229672464
4778,valid,0,0.0
10015,valid,0,0.0
7836,valid,0,0.0349567457726891
6264,valid,0,0.03717542382208966
1876,valid,0,0.0009832411406500003
7463,valid,0,0.03495674493231464
1737,valid,0,0.025123349264109432
8358,valid,0,0.0
9782,valid,0,0.0
6551,valid,0,0.0
4539,valid,0,0.0004482344818082877
9738,valid,0,0.0
5100,valid,0,0.0
4101,valid,0,0.0
2660,valid,0,0.03541462618171615
7594,valid,0,0.028486305813834805
8280,valid,0,0.0
531,valid,0,0.0
2657,valid,0,0.0069268683005999756
2224,valid,0,0.0023411309577303363
7190,valid,0,0.0
2569,valid,0,0.005793812929486494
1828,valid,0,0.05247983575933209
2448,valid,0,0.0
2941,valid,0,0.01590214503307201
11043,valid,0,0.05553544493313813
1248,valid,0,0.001768401324537133
6347,valid,0,0.024327785680957108
9133,valid,0,0.0
1107,valid,0,0.05861898120160742
5509,valid,0,0.0
2678,valid,0,0.0
9761,valid,0,0.0
3098,valid,0,0.03501967570077779
7393,valid,0,0.03603450906939307
10844,valid,0,0.000850391979268302
9270,valid,0,0.04082870588052524
7250,valid,0,0.0
7739,valid,0,0.026529682232995105
6911,valid,0,0.044632354508750055
7485,valid,0,0.0
8793,valid,0,0.03495674460784574
1161,valid,0,0.04369967368760638
4410,valid,0,0.04369967368760638
2582,valid,0,0.0
4793,valid,0,0.03529747086730148
5349,valid,0,0.04724997842634655
3945,valid,0,0.0
6483,valid,0,0.0
1045,valid,0,0.0011689899116656213
6344,valid,0,0.0
2248,valid,0,0.03643749319827548
4693,valid,0,0.0
6370,valid,0,0.0
740,valid,0,0.0
4403,valid,0,0.0005304119450773587
9769,valid,0,0.0017463174703804293
791,valid,0,0.10579985465888736
5306,valid,0,0.03615610603829778
9279,valid,0,0.0
4696,valid,0,0.0
4972,valid,0,0.0
5513,valid,0,0.05846181285355651
4797,valid,0,0.04918544922014897
1115,valid,0,0.08642071373680167
1993,valid,0,0.05770969508909266
924,valid,0,0.04283732339181237
10599,valid,0,0.061625578445256436
935,valid,0,0.04808059498060843
10589,valid,0,0.0
5512,valid,0,0.004239993289165127
6376,valid,0,0.0705037165693832
8269,valid,0,0.09143902786835584
10946,valid,0,0.01240724041032867
6512,valid,0,0.0
8473,valid,0,0.0
8389,valid,0,0.07935909747766315
6445,valid,0,0.0
7534,valid,0,0.0
2775,valid,0,0.0004086397989635812
6669,valid,0,0.0
10833,valid,0,0.02955074225674959
10241,valid,0,0.0
9369,valid,0,0.0
10012,valid,0,0.04422852364204767
6380,valid,0,0.0
6683,valid,0,0.05803249558923634
382,valid,0,0.0008503750069489607
3103,valid,0,0.08157775242691788
490,valid,0,0.03516520318891744
6023,valid,0,0.0011489715536284932
5749,valid,0,0.0
2386,valid,0,0.0
878,valid,0,0.0
8465,valid,0,0.0837837345976557
2769,valid,0,0.0
6914,valid,0,0.03495674225544619
10923,valid,0,0.0
6178,valid,0,0.0
917,valid,0,0.04736290782639714
3642,valid,0,0.06613598582102402
4526,valid,0,0.0018730076499015565
2449,valid,0,0.034956753115420354
9134,valid,0,0.06540473515072555
8394,valid,0,0.0028934027587742754
8404,valid,0,0.03283112378276466
9386,valid,0,0.06959696223384705
7824,valid,0,0.0
2258,valid,0,0.03495674409680721
2654,valid,0,0.03511749048924959
10804,valid,0,0.0019530490908146536
6124,valid,0,0.0
9777,valid,0,0.0
6513,valid,0,0.0
3937,valid,0,0.0
885,valid,0,0.034956770678922035
10238,valid,0,0.013069514471093724
1112,valid,0,0.06638659818341162
304,valid,0,0.004325537750966331
7334,valid,0,0.021827230170483988
7592,valid,0,0.0
7228,valid,0,0.09779395678081289
3367,valid,0,0.0
6938,valid,0,0.0
3084,valid,0,0.0
10753,valid,0,0.0006984535029222911
1038,valid,0,0.06714305560386968
1249,valid,0,0.06981889590308886
10807,valid,0,0.0
3041,valid,0,0.0
8813,valid,0,0.0
1036,valid,0,0.008453492648602722
2772,valid,0,0.00705209384164758
9783,valid,0,0.0
3628,valid,0,0.07321221259165547
6014,valid,0,0.07442814974567315
1092,valid,0,0.07442814974567315
6339,valid,0,0.0
3757,valid,0,0.06247016355759675
1998,valid,0,0.06787213910835235
5352,valid,0,0.06650191160476723
8470,valid,0,0.051364287876282846
7490,valid,0,0.0006476648439517811
2675,valid,0,0.0649297812353336
2193,valid,0,0.0
10773,valid,0,0.07176992644710428
3684,valid,0,0.01260362108549256
11058,valid,0,0.0
7098,valid,0,0.0696537410528491
3926,valid,0,0.0
6452,valid,0,0.03351008638418715
6004,valid,0,0.07200690485612668
1117,valid,0,0.04826851731906176
4808,valid,0,0.0
6096,valid,0,0.06451319575276254
9389,valid,0,0.015098556824118212
5744,valid,0,0.12716934012983588
938,valid,0,0.12716934012983588
1088,valid,0,0.0679386441560559
4542,valid,0,0.15908739681648779
8807,valid,0,0.006136062644400629
10823,valid,0,0.0
8409,valid,0,0.08521626428766432
9569,valid,0,0.09183831439867193
702,valid,0,0.010054076160486569
6214,valid,0,0.05558847744039987
5064,valid,0,0.03342947002665506
4698,valid,0,0.01218761350439316
4105,valid,0,0.0
11006,valid,0,0.005952904474069317
10771,valid,0,0.05739436225822146
4469,valid,0,0.04385837130153757
7351,valid,0,0.048965429583488436
8493,valid,0,0.036023422931561085
8811,valid,0,0.015658594696707627
4821,valid,0,0.05573098938830802
4591,valid,0,0.004239993289165127
6506,valid,0,0.0
7346,valid,0,0.06612544553687211
8245,valid,0,0.03674608573022922
3564,valid,0,0.01996055935378924
6670,valid,0,0.057869763939210755
9589,valid,0,0.0027901970141864557
9139,valid,0,0.09644882203133408
9331,valid,0,0.0011700054537515218
1757,valid,0,0.013351265436934098
430,valid,0,0.07979884119538769
9383,valid,0,0.0765115289464864
3936,valid,0,0.05659285984239356
8279,valid,0,0.0
423,valid,0,0.017583896754667597
484,valid,0,0.02953661895791441
493,valid,0,0.07103352995880112
2645,valid,0,0.0
5492,valid,0,0.03495674983179506
5099,valid,0,0.11180016684176344
1257,valid,0,0.010617232526286926
8239,valid,0,0.05794421386877957
7819,valid,0,0.09614135127583918
931,valid,0,0.09030183601813484
10232,valid,0,0.0
6465,valid,0,0.06825374443817966
3927,valid,0,0.08207785569546644
9766,valid,0,0.06722635904557317
6117,valid,0,0.03495674509454909
6331,valid,0,0.08552952129396915
1565,valid,0,0.07608570310430715
4581,valid,0,0.07608570310430715
1568,valid,0,0.010884136720143628
6530,valid,0,0.09438164746205022
3644,valid,0,0.0018297323464739781
1742,valid,0,0.0
11004,valid,0,0.0
4123,valid,0,0.016443793272637935
5083,valid,0,0.0
4822,valid,0,0.058926183963317266
11014,valid,0,0.14345603557358463
4588,valid,0,0.14345603557358463
4238,valid,0,0.026209142404151
6105,valid,0,0.03607253836940878
7661,valid,0,0.0
1678,valid,0,0.0007840265497450448
2934,valid,0,0.020975226138747895
6351,valid,0,0.07434981869927076
8460,valid,0,0.06443032772132903
4443,valid,0,0.0
7283,valid,0,0.0
10236,valid,0,0.05485791708120494
6335,valid,0,0.04362390048406508
1540,valid,0,0.040020694665207884
797,valid,0,0.04199930973738289
1417,valid,0,0.0005304119450773587
6321,valid,0,0.0
1728,valid,0,0.11539557487539483
789,valid,0,0.004232879844143052
10472,valid,0,0.03542009018767817
3574,valid,0,0.13680533254419816
4097,valid,0,0.13680533254419816
806,valid,0,0.06988416526704816
10011,valid,0,0.03495680177926632
8794,valid,0,0.0
803,valid,0,0.04599014825230618
5688,valid,0,0.0
8494,valid,0,0.01006507581495327
1873,valid,0,0.034956743303480746
4786,valid,0,0.09110915954128651
894,valid,0,0.047454859762813634
10588,valid,0,0.0
7588,valid,0,0.06275395585175095
2227,valid,0,0.0
5067,valid,0,0.0
4806,valid,0,0.06298632655112318
10733,valid,0,0.0
6667,valid,0,0.10572023858322141
2283,valid,0,0.0
6202,valid,0,0.08498686504574857
9755,valid,0,0.04078270918045615
9568,valid,0,0.03555793929757225
930,valid,0,0.06621641498343579
10337,valid,0,0.0
7538,valid,0,0.03243226192109461
6682,valid,0,0.08642346937725844
2659,valid,0,0.08642346937725844
1050,valid,0,0.03628271118935708
8258,valid,0,0.10435762730980856
434,valid,0,0.0
10591,valid,0,0.0
5073,valid,0,0.013889097836965646
8270,valid,0,0.0
8467,valid,0,0.1188339445216382
512,valid,0,0.1188339445216382
4585,valid,0,0.025235769546160695
1251,valid,0,0.1049330744616072
6935,valid,0,0.06510838128932354
4104,valid,0,0.057744584976236614
5089,valid,0,0.06756216521367936
4697,valid,0,0.06860053567536799
1158,valid,0,0.0
8912,valid,0,0.04124710953948999
10931,valid,0,0.0
1151,valid,0,0.09684843898887138
10219,valid,0,0.03939953250273269
7445,valid,0,0.0
927,valid,0,0.0745416025046109
1961,valid,0,0.0
6181,valid,0,0.004301167137575732
7331,valid,0,0.05894847014009703
5062,valid,0,0.04299242100825756
6635,valid,0,0.1322064658330649
7240,valid,0,0.1322064658330649
7237,valid,0,0.0658932559354632
928,valid,0,0.0
10601,valid,0,0.0
903,valid,0,0.057246664252177774
2762,valid,0,0.03582813942910587
4589,valid,0,0.03609474554970135
4809,valid,0,0.004514862250435619
6157,valid,0,0.05684787009886968
3639,valid,0,0.050360060784382675
8867,valid,0,0.0
8915,valid,0,0.0
8909,valid,0,0.0
10741,valid,0,0.06722133778414535
6352,valid,0,0.0
5135,valid,0,0.0
53,valid,0,0.0
4162,valid,0,0.005793858939176839
8276,valid,0,0.09467556050199191
2936,valid,0,0.0
4599,valid,0,0.0411143676149345
3026,valid,0,0.0
6154,valid,0,0.0
4759,valid,0,0.019131150397968436
6520,valid,0,0.0
1084,valid,0,0.044076090503526594
6186,valid,0,0.038418100269706074
4770,valid,0,0.0
9132,valid,0,0.038883256627778834
3055,valid,0,0.007796134338754982
10345,valid,0,0.0
5059,valid,0,0.03492242553576527
7525,valid,0,0.005793811128684085
2673,valid,0,0.04059223623312505
10147,valid,0,0.0
4523,valid,0,0.0
764,valid,0,0.006710541467813852
4110,valid,0,0.06719435838259259
1891,valid,0,0.1007439740985332
4004,valid,0,0.1007439740985332
10723,valid,0,0.02682827924090718
1882,valid,0,0.010884136720143628
4239,valid,0,0.06022316540413957
3930,valid,0,0.0
317,valid,0,0.05610056121450716
10940,valid,0,0.006130668786660178
8386,valid,0,0.0
1046,valid,0,0.047251401865821434
2943,valid,0,0.11006664857558444
9330,valid,0,0.04370111064314045
3929,valid,0,0.0
906,valid,0,0.03397027343495692
8901,valid,0,0.00692183986698656
3562,valid,0,0.013351265436934098
7099,valid,0,0.016841883058159018
3935,valid,0,0.06317745162925
5952,valid,0,0.06172565108288237
6909,valid,0,0.0
8097,valid,0,0.03495706480673728
6566,valid,0,0.0
6487,valid,0,0.07167659172847195
10401,valid,0,0.0
10765,valid,0,0.0664264543533187
7360,valid,0,0.0
4592,valid,0,0.0
5445,valid,0,0.08945048796915654
4796,valid,0,0.0923102252415907
2667,valid,0,0.0495308218683103
2840,valid,0,0.0006845074474548453
8275,valid,0,0.0
4236,valid,0,0.03684634154609913
9149,valid,0,0.026828290583950642
6179,valid,0,0.038681761253438265
4874,valid,0,0.08196208507118564
5737,valid,0,0.026660750755628532
7333,valid,0,0.0
4769,valid,0,0.06200107478377079
1761,valid,0,0.05252023427233502
7540,valid,0,0.03495735921684047
1836,valid,0,0.0
2653,valid,0,0.0
6525,valid,0,0.08599126526163119
3924,valid,0,0.0
9154,valid,0,0.07925391427514868
4114,valid,0,0.031526113682933704
2926,valid,0,0.0
6464,valid,0,0.08670801086795105
8913,valid,0,0.06476523395060768
3083,valid,0,0.0
2469,valid,0,0.008253532233564264
4795,valid,0,0.0038899072824851375
3629,valid,0,0.03861500795965904
1252,valid,0,0.0
9260,valid,0,0.10097751607267788
5434,valid,0,0.07960719490452384
3436,valid,0,0.004300886147506343
4555,valid,0,0.0
10036,valid,0,0.010093328595173668
2720,valid,0,0.07162388445746827
9131,valid,0,0.0
9361,valid,0,0.0037050544507010058
6690,valid,0,0.0027901970141864557
9263,valid,0,0.03308660429820822
10938,valid,0,0.026220167025566884
1105,valid,0,0.08662114831744837
11057,valid,0,0.05911861697155226
7487,valid,0,0.04488475660990665
4451,valid,0,0.0
4977,valid,0,0.00034225614102074476
2705,valid,0,0.0
2253,valid,0,0.04043416812762238
3085,valid,0,0.06673198720402874
9137,valid,0,0.12303972264260526
8613,valid,0,0.041782349522058775
10592,valid,0,0.015890878499729044
6527,valid,0,0.00011304036246577708
315,valid,0,0.015879738960837563
10757,valid,0,0.05961428789992815
1270,valid,0,0.10414416121080497
421,valid,0,0.01109252358307377
2949,valid,0,0.051309800077116996
4701,valid,0,0.07497299320366366
4785,valid,0,0.06026621609587495
7330,valid,0,0.10130045330587831
10850,valid,0,0.05678304684006699
10585,valid,0,0.016443888691722666
6442,valid,0,0.004301046151233789
10736,valid,0,0.0
4829,valid,0,0.007421686598866772
8664,valid,0,0.03495677413127116
3640,valid,0,0.03612804068947544
7743,valid,0,0.023355970847345295
10463,valid,0,0.057483874995720635
4540,valid,0,0.034956744121142386
7827,valid,0,0.12082325545495112
8503,valid,0,0.06123086450208373
3928,valid,0,0.04960796796233124
6455,valid,0,0.0
9339,valid,0,0.05070978274570845
10465,valid,0,0.0
8897,valid,0,0.07842376528105288
2387,valid,0,0.0
10317,valid,0,0.0
4828,valid,0,0.04702212289020641
1734,valid,0,0.055345268434620565
9268,valid,0,0.06804446759726397
1749,valid,0,0.0
7728,valid,0,0.0
757,valid,0,0.018411406432593546
787,valid,0,0.07837353874540508
3024,valid,0,0.05296131313733556
6169,valid,0,0.06032696026568238
8388,valid,0,0.012175283481020458
4988,valid,0,0.012132646900167344
7182,valid,0,0.0023101831695110904
1951,valid,0,0.0
4766,valid,0,0.07866039893051277
9146,valid,0,0.07327882125269859
10237,valid,0,0.06040711705869872
7094,valid,0,0.03433523440871303
7348,valid,0,0.05602012669757964
8827,valid,0,0.04957161768665888
4527,valid,0,0.0
2717,valid,0,0.033525238354696466
1132,valid,0,0.11630795787910693
1143,valid,0,0.11630795787910693
7736,valid,0,0.01779190191502572
4445,valid,0,0.035348040511656936
4008,valid,0,0.06315179408920918
9765,valid,0,0.0046578163881372675
1265,valid,0,0.0
5354,valid,0,0.0006285187220799784
4024,valid,0,0.04223144675627658
2682,valid,0,0.05464806623955185
424,valid,0,0.07783192572096473
10220,valid,0,0.045908338314064566
300,valid,0,0.036227676248479626
2260,valid,0,0.11988935760431646
4695,valid,0,0.11988935760431646
1101,valid,0,0.02682828114841119
5751,valid,0,0.04016860715523922
2832,valid,0,0.0
486,valid,0,0.0
929,valid,0,0.05146466940979946
7590,valid,0,0.07982150044327627
3698,valid,0,0.0
8267,valid,0,0.09328166115700068
6213,valid,0,0.03471114523733364
5096,valid,0,0.009112021441744538
2763,valid,0,0.018403312653346507
1831,valid,0,0.0
6921,valid,0,0.052424868953840575
296,valid,0,0.0
6185,valid,0,0.01196366814781756
5065,valid,0,0.06578253015548136
6330,valid,0,0.0
7070,valid,0,0.0
10314,valid,0,0.0
1752,valid,0,0.0
7810,valid,0,0.028553749793314057
899,valid,0,0.038792162667540125
9377,valid,0,0.016195686867118742
3633,valid,0,0.010741475578813607
6379,valid,0,0.04809418687108772
6930,valid,0,0.06901969432341207
6561,valid,0,0.07113278878498351
2931,valid,0,0.0
9138,valid,0,0.09283400930017821
10745,valid,0,0.06502071407948246
1100,valid,0,0.049574242661768554
11053,valid,0,0.05301295816504216
6109,valid,0,0.051011499638976165
5526,valid,0,0.03739124673345767
1886,valid,0,0.005793812134537684
2002,valid,0,0.020545519768833006
4006,valid,0,0.06182310108745123
8505,valid,0,0.0
7347,valid,0,0.0
6206,valid,0,0.08053223212859377
6378,valid,0,0.028285992879933355
1127,valid,0,0.005804936803051816
10809,valid,0,0.0
1730,valid,0,0.01633200166227415
9737,valid,0,0.0
755,valid,0,0.0
4593,valid,0,0.09046867660646557
10852,valid,0,0.05997590045417088
306,valid,0,0.065614909681715
6221,valid,0,0.026530331138352806
1109,valid,0,0.05526985407765523
309,valid,0,0.10133233721246437
4536,valid,0,0.10133233721246437
8405,valid,0,0.019550249465718577
3654,valid,0,0.06540673555925938
481,valid,0,0.09765132962922922
7235,valid,0,0.0
483,valid,0,0.06043081015236159
1139,valid,0,0.0
1988,valid,0,0.043978265160297875
10941,valid,0,0.03060829956282576
9391,valid,0,0.019318473878909698
10738,valid,0,0.11330093722229669
2664,valid,0,0.11330093722229669
5673,valid,0,0.034956742904384
10405,valid,0,0.0
7596,valid,0,0.04128141956015351
4682,valid,0,0.0
6151,valid,0,0.0
6022,valid,0,0.0
9781,valid,0,0.06441637517397486
2567,valid,0,0.093911881261422
5101,valid,0,0.093911881261422
7073,valid,0,0.0005405410632270094
8121,valid,0,0.005952904474069317
6320,valid,0,0.05717166182668406
10197,valid,0,0.0
1439,valid,0,0.0
7195,valid,0,0.006405773906096886
4885,valid,0,0.0
7388,valid,0,0.034956744413164396
7354,valid,0,0.03356240537040036
4761,valid,0,0.12066835742245516
6003,valid,0,0.0
4112,valid,0,0.0018352477194406834
4982,valid,0,0.0018352477194406834
3573,valid,0,0.06351457225320939
3653,valid,0,0.0
1835,valid,0,0.0
7483,valid,0,0.0
7589,valid,0,0.0810053576535091
4771,valid,0,0.0
2389,valid,0,0.0
495,valid,0,0.0
4974,valid,0,0.0
6508,valid,0,0.0
8236,valid,0,0.0
5437,valid,0,0.04572427235237173
6563,valid,0,0.05801932677706053
10462,valid,0,0.030862644641137707
10845,valid,0,0.022502982332491792
1149,valid,0,0.06414512048322514
10315,valid,0,0.0
4987,valid,0,0.0
4683,valid,0,0.018404906460430543
7081,valid,0,0.0
8906,valid,0,0.0016583007521721435
9351,valid,0,0.0
8272,valid,0,0.0
10761,valid,0,0.01644378052201593
1992,valid,0,0.06043259200013339
9150,valid,0,0.007133084977850172
3038,valid,0,0.06296114096373882
9362,valid,0,0.11344249017423483
8243,valid,0,0.0
4029,valid,0,0.0
10729,valid,0,0.0
801,valid,0,0.03703469036634747
7584,valid,0,0.05551224900510334
6336,valid,0,0.00472133998816442
7046,valid,0,0.034956744121142386
9434,valid,0,0.005793811271450403
1106,valid,0,0.07923440922609772
3034,valid,0,0.04766027823333066
1691,valid,0,0.0
2848,valid,0,0.0
5955,valid,0,0.0
2644,valid,0,0.0
3948,valid,0,0.07284607097482963
8833,valid,0,0.0
1755,valid,0,0.0
9778,valid,0,0.0
2835,valid,0,0.0
8512,valid,0,0.006677367366517268
4681,valid,0,0.05833458105875411
1104,valid,0,0.11457491663885772
1554,valid,0,0.0
8264,valid,0,0.0
425,valid,0,0.0
5061,valid,0,0.08213241538578203
5435,valid,0,0.0
8401,valid,0,0.0
1160,valid,0,0.028226215450058618
5827,valid,0,0.03621302107796906
10926,valid,0,0.03621302107796906
5750,valid,0,0.0039881258295312244
3446,valid,0,0.0
900,valid,0,0.0
6536,valid,0,0.06100769514464826
3685,valid,0,0.00579382499972966
7042,valid,0,0.0
6156,valid,0,0.029360644854229193
923,valid,0,0.03506244998958595
4811,valid,0,0.0
5310,valid,0,0.0
7571,valid,0,0.0
2771,valid,0,0.054514937249829226
9253,valid,0,0.017309744593847057
7122,valid,0,0.05315496565002267
8406,valid,0,0.08847697975669884
1727,valid,0,0.027332879147886863
4442,valid,0,0.0
10146,valid,0,0.0
5348,valid,0,0.08313995707245492
5490,valid,0,0.05145829428484995
701,valid,0,0.0598170827178161
10759,valid,0,0.057517467435522614
11048,valid,0,0.04709597207151619
891,valid,0,0.01667899791359068
2001,valid,0,0.026561159555527805
3075,valid,0,0.05009297809945638
9246,valid,0,0.0349567888978509
6175,valid,0,0.06054235355031959
3057,valid,0,0.009945431670853351
2089,valid,0,0.0127075222079964
2391,valid,0,0.0
9518,valid,0,0.03495675164882092
6098,valid,0,0.016841885452593505
295,valid,0,0.11984763188215271
5532,valid,0,0.09537679796643779
7517,valid,0,0.03495674330997013
4152,valid,0,0.013203043356689393
7238,valid,0,0.00010320574458781993
1137,valid,0,0.00010320574458781993
4098,valid,0,0.034956745191889765
7585,valid,0,0.0
6638,valid,0,0.005793848770321441
7475,valid,0,0.0
5679,valid,0,0.02881524021099762
7489,valid,0,0.003759379751160053
8471,valid,0,0.01958430081732382
10309,valid,0,0.07959162898519784
9384,valid,0,0.0
8819,valid,0,0.0
10312,valid,0,0.007762371242070619
5522,valid,0,0.041367711644138806
4706,valid,0,0.07158669227457386
8900,valid,0,0.08586438284984942
1768,valid,0,0.024427284200221795
4020,valid,0,0.0
759,valid,0,0.11886995523507819
921,valid,0,0.0057078722210350975
6458,valid,0,0.04478386063068281
1089,valid,0,0.0
9579,valid,0,0.041759815001826184
5347,valid,0,0.051406079792340555
4015,valid,0,0.11577630723111848
10848,valid,0,0.0560060860204195
4444,valid,0,0.0
8802,valid,0,0.034956742576670405
1753,valid,0,0.0
6377,valid,0,0.0
2188,valid,0,0.0
8480,valid,0,0.024062957124640558
1833,valid,0,0.019960557287019672
10158,valid,0,0.036348596367319866
4108,valid,0,0.004662982104143511
10815,valid,0,0.016842103498680962
3688,valid,0,0.012683056889712217
7731,valid,0,0.0
3368,valid,0,0.0
2937,valid,0,0.0
4402,valid,0,0.0
6531,valid,0,0.0
3067,valid,0,0.03495674330997013
7025,valid,0,0.00191221681421838
6694,valid,0,0.007264704071305633
1739,valid,0,0.004701363872759479
10749,valid,0,0.032864318820871416
8508,valid,0,0.004603302589750362
8683,valid,0,0.0
3909,valid,0,0.0
5820,valid,0,0.005793819516205211
3947,valid,0,0.0
2868,valid,0,0.0694649125993563
7732,valid,0,0.0
10595,valid,0,0.01686435135017703
9762,valid,0,0.0
10224,valid,0,0.0396424067541976
8103,valid,0,0.007852058501821742
4436,valid,0,0.0
8670,valid,0,0.04753957176082053
4790,valid,0,0.05567574156198855
4819,valid,0,0.08972569423134076
2652,valid,0,0.006814381537372561
3950,valid,0,0.0
8825,valid,0,0.046223785482166276
7835,valid,0,0.0
8403,valid,0,0.03590557863898185
3650,valid,0,0.07133620634684619
7029,valid,0,0.034956747249022604
3908,valid,0,0.11591966577464691
6097,valid,0,0.0
10744,valid,0,0.009989252336976189
2932,valid,0,0.008579584042428486
3070,valid,0,0.025370834471596562
2650,valid,0,0.08049032689338685
6685,valid,0,0.0061005377365389475
9382,valid,0,0.0
6919,valid,0,0.0
1442,valid,0,0.005793810463522836
7548,valid,0,0.06440767316662668
10846,valid,0,0.0
3035,valid,0,0.0
2577,valid,0,0.02462168130835187
9258,valid,0,0.004725119517113896
7184,valid,0,0.05628513117708392
10803,valid,0,0.005759434087544019
10842,valid,0,0.0015250304560920354
3901,valid,0,0.0015250304560920354
10838,valid,0,0.09034727195805227
8795,valid,0,0.0
4016,valid,0,0.0
2839,valid,0,0.12718811563248025
9277,valid,0,0.07616379455784845
2578,valid,0,0.008126910340977383
7822,valid,0,0.005793843150520054
6543,valid,0,0.04478489405779288
2672,valid,0,0.004322291063214934
1049,valid,0,0.07976798090526233
10943,valid,0,0.0
2707,valid,0,0.11347595828609819
8622,valid,0,0.034956744283376834
8363,valid,0,0.0
7188,valid,0,0.007784511929557899
2249,valid,0,0.003902591720515877
3094,valid,0,0.028618740213432543
5082,valid,0,0.0
5058,valid,0,0.004683807580804194
1772,valid,0,0.005738703427212948
9388,valid,0,0.03514166253724285
5137,valid,0,0.006814381537372561
7730,valid,0,0.07222808427713742
2472,valid,0,0.007784554921184526
3444,valid,0,0.08341809876079875
2677,valid,0,0.048025492953059884
2580,valid,0,0.0
8123,valid,0,0.0036839418568132293
7572,valid,0,0.0
5525,valid,0,0.014884415181451746
1839,valid,0,0.0
9364,valid,0,0.008434858519556311
2841,valid,0,0.0
5743,valid,0,0.0
5937,valid,0,0.004310887658067938
7591,valid,0,0.04492924251634559
756,valid,0,0.08217159487459649
1125,valid,0,0.0
889,valid,0,0.0
6345,valid,0,0.04675551217353441
6537,valid,0,0.0
2651,valid,0,0.028636554521204886
1966,valid,0,0.024384956912483366
7669,valid,0,0.007784555851899238
754,valid,0,0.008615123907615933
7357,valid,0,0.004754621098016741
1954,valid,0,0.005793813156614726
7340,valid,0,0.026839375658108674
7587,valid,0,0.00021624610705359701
6666,valid,0,0.004700240740769916
1153,valid,0,0.019498173288376455
6503,valid,0,0.005793808351230282
4678,valid,0,0.0
7481,valid,0,0.0
6383,valid,0,0.0697190594471273
9772,valid,0,0.045415251579381616
1124,valid,0,0.019275065161301938
1035,valid,0,0.0
432,valid,0,0.011467379694487386
5529,valid,0,0.0
10835,valid,0,0.0
10300,valid,0,0.0
5954,valid,0,0.0
5499,valid,0,0.001838884712319149
8902,valid,0,0.0
3066,valid,0,0.0005943375534339163
7832,valid,0,0.0
5496,valid,0,0.0003422539816153062
2464,valid,0,0.0
6499,valid,0,0.0
7028,valid,0,0.0
2473,valid,0,0.0007527926461173215
8260,valid,0,0.0042700869421883085
11005,valid,0,0.0042700869421883085
788,valid,0,0.0019341827513315332
4415,valid,0,0.0
8107,valid,0,0.0
795,valid,0,0.0005066770423125355
7386,valid,0,0.0
11011,valid,0,0.0
3106,valid,0,0.0
10170,valid,0,0.0
5129,valid,0,0.0
4475,valid,0,0.0015759568836509388
10999,valid,0,0.0
308,valid,0,0.11433047394694869
712,valid,0,0.11433047394694869
6200,valid,0,0.003038000665526059
1140,valid,0,0.003038000665526059
7741,valid,0,0.0
3888,valid,0,0.0005304119450773587
9433,valid,0,0.0
7071,valid,0,0.002343448283452115
1448,valid,0,0.0
2564,valid,0,0.0
10772,valid,0,0.0
3365,valid,0,0.0
6017,valid,0,0.0
9528,valid,0,0.0
2211,valid,0,0.0
893,valid,0,0.0026747058666194974
5457,valid,0,0.0023101808171115488
6466,valid,0,0.0038722387752793664
10200,valid,0,0.0038722387752793664
6266,valid,0,0.0
1128,valid,0,0.010576446298766976
4691,valid,0,0.010576446298766976
10043,valid,0,0.0
6160,valid,0,0.0
8257,valid,0,0.0
10478,valid,0,0.0
805,valid,0,0.0
8479,valid,0,0.003274610974252753
1048,valid,0,0.0
426,valid,0,0.0
3017,valid,0,0.0
4775,valid,0,0.00022646989101679987
8801,valid,0,0.0006408490239840022
6907,valid,0,0.0
7047,valid,0,0.0
7658,valid,0,0.0030943389695548573
10214,valid,0,0.0
8487,valid,0,0.0
8355,valid,0,0.011544439281476169
5427,valid,0,0.011544439281476169
384,valid,0,0.0
4094,valid,0,0.0
381,valid,0,0.000822518223471386
7389,valid,0,0.0
8244,valid,0,0.007290548140635695
9512,valid,0,0.007290548140635695
1889,valid,0,0.0
5828,valid,0,0.0
4027,valid,0,0.0
2088,valid,0,0.010884136720143628
2078,valid,0,0.010884136720143628
7186,valid,0,0.0
7189,valid,0,0.0
902,valid,0,0.001513937991116455
5819,valid,0,0.010884136720143628
5507,valid,0,0.0
11003,valid,0,0.0
10005,valid,0,0.010884136720143628
4553,valid,0,0.0
513,valid,0,0.0
1887,valid,0,0.003314005387941051
8864,valid,0,0.0
9571,valid,0,0.0
6348,valid,0,0.0016452039415723032
8854,valid,0,0.03495678734040017
10764,valid,0,0.0
767,valid,0,0.035237253638865096
2003,valid,0,0.0942272463319322
1547,valid,0,0.0
10826,valid,0,0.05303537588421764
2451,valid,0,0.03495675216797116
5070,valid,0,0.05410800756846822
796,valid,0,0.013059711129052735
3447,valid,0,0.08807139031110495
4107,valid,0,0.08973375802845748
5515,valid,0,0.03495674648976537
6355,valid,0,0.015098556824118212
2704,valid,0,0.03495680505315754
8398,valid,0,0.0
6099,valid,0,0.06267749508663599
1268,valid,0,0.03495674611662613
7290,valid,0,0.0
9249,valid,0,0.0
8673,valid,0,0.03495674687912806
4011,valid,0,0.0
4779,valid,0,0.0
520,valid,0,0.03602342887258669
5430,valid,0,0.03495674327103386
6196,valid,0,0.034424804575974924
1991,valid,0,0.001311176382252255
6459,valid,0,0.08053231853249204
1456,valid,0,0.03602342214310165
3651,valid,0,0.034956747450193316
7828,valid,0,0.0037050544507010058
9485,valid,0,0.03495674713870318
1735,valid,0,0.0
6500,valid,0,0.0
4979,valid,0,0.03495680398565486
10817,valid,0,0.037718173559574124
9328,valid,0,0.06328154024610369
2470,valid,0,0.03495674397188669
8746,valid,0,0.03495683536179771
1890,valid,0,0.03495678501071345
9745,valid,0,0.0
1042,valid,0,0.008945668868309704
8809,valid,0,0.03495674817700366
302,valid,0,0.035775800907622946
8658,valid,0,0.00014005669006479418
9551,valid,0,0.034956746577371973
5671,valid,0,0.034956792538391984
8869,valid,0,0.0
6322,valid,0,0.00048230423671548936
9347,valid,0,0.0
6470,valid,0,0.0
7230,valid,0,0.03495674625614776
3366,valid,0,0.03495674371555626
2200,valid,0,0.0
6324,valid,0,0.08507279398308543
8858,valid,0,0.0
1762,valid,0,0.0
8475,valid,0,0.0
2467,valid,0,0.005692084068977204
5824,valid,0,0.04422852364204767
322,valid,0,0.0
5132,valid,0,0.003147644571791155
8621,valid,0,0.0023109917977054513
8108,valid,0,0.034956743634439034
7521,valid,0,0.0
8606,valid,0,0.012265042844979332
1162,valid,0,0.012265042844979332
3370,valid,0,0.0
4422,valid,0,0.003260604669480336
6349,valid,0,0.0
3114,valid,0,0.0583346061098462
1877,valid,0,0.03495675113616005
9780,valid,0,0.04196902510303116
9746,valid,0,0.00011304036246577708
809,valid,0,0.0005413096524216097
5536,valid,0,0.035674732533812606
9514,valid,0,0.0
4973,valid,0,0.001829759000193428
4398,valid,0,0.0
10768,valid,0,0.0778490828227321
2925,valid,0,0.06612222000062655
10037,valid,0,0.09741705512244318
10722,valid,0,0.09741705512244318
10306,valid,0,0.03488941300618552
10155,valid,0,0.0
3374,valid,0,0.0
9143,valid,0,0.07976809592295979
5448,valid,0,0.010884136720143628
1085,valid,0,0.0
9564,valid,0,0.0349567523626525
6340,valid,0,0.02654080626767546
6112,valid,0,0.0
2212,valid,0,0.0
7344,valid,0,0.09045267093862053
9588,valid,0,0.015250183572769098
881,valid,0,0.05560588145290029
3082,valid,0,0.05560588145290029
10234,valid,0,0.03308666462753861
6565,valid,0,0.04993729088629272
1745,valid,0,0.0
9266,valid,0,0.09795948488208468
3113,valid,0,0.07786411371921036
9375,valid,0,0.03610973256801095
8617,valid,0,0.0057938144869372245
3563,valid,0,0.09162659181884948
6002,valid,0,0.0
6937,valid,0,0.05486979400458705
9486,valid,0,0.0011647647115422875
2553,valid,0,0.0
4400,valid,0,0.0
4468,valid,0,0.015249373571007736
6492,valid,0,0.0
10841,valid,0,0.0
6089,valid,0,0.10352753301132563
2581,valid,0,0.10352753301132563
6920,valid,0,0.0
2561,valid,0,0.010884136720143628
6325,valid,0,0.0002497488831460592
1875,valid,0,0.03495676634726219
2191,valid,0,0.0001912877632433812
10205,valid,0,0.004911739791862605
3042,valid,0,0.06503478245943127
8273,valid,0,0.07844928632930026
3631,valid,0,0.07856219914095637
6934,valid,0,0.031083181390246968
4826,valid,0,0.04058361225542441
7580,valid,0,0.0
898,valid,0,0.0771566914848702
6915,valid,0,0.0
3912,valid,0,0.0021607751132256604
301,valid,0,0.05436121161395215
8098,valid,0,0.0
4014,valid,0,0.03270944546455402
1253,valid,0,0.015251477944861699
8832,valid,0,0.04863244534819965
10240,valid,0,0.0
6211,valid,0,0.0
10009,valid,0,0.0
6495,valid,0,0.00034226042401025507
8736,valid,0,0.0
10853,valid,0,0.007751281266582691
5440,valid,0,0.0
1040,valid,0,0.0
525,valid,0,0.0
8241,valid,0,0.08444446490311393
2714,valid,0,0.0
3566,valid,0,0.0
3054,valid,0,0.0
3053,valid,0,0.013889098310333328
9573,valid,0,0.01913009982615528
8368,valid,0,0.0
10239,valid,0,0.0015786060108782388
8680,valid,0,0.0
3933,valid,0,0.05169602004025167
6329,valid,0,0.0328333983637584
9336,valid,0,0.011184434819522249
5350,valid,0,0.010538181047660584
4975,valid,0,0.0016218577922478476
1129,valid,0,0.0
10933,valid,0,0.044263991660341735
9374,valid,0,0.026429123759812805
1783,valid,0,0.0
7124,valid,0,0.0023216065522084
9770,valid,0,0.014884423660262195
2074,valid,0,0.0
373,valid,0,0.0011689899116656213
7078,valid,0,0.03993332996764335
1723,valid,0,0.0
4813,valid,0,0.021618429889897546
8614,valid,0,0.0
4802,valid,0,0.03738243690089691
4890,valid,0,0.03738243690089691
6193,valid,0,0.0
5739,valid,0,0.0
4580,valid,0,0.055003237527636174
1960,valid,0,0.0
9771,valid,0,0.0
6094,valid,1,0.0
1778,valid,0,0.0
4787,valid,0,0.06401338736459503
10818,valid,0,0.03665655558520057
3749,valid,0,0.0
2757,valid,0,0.004643706878200236
8507,valid,0,0.0
8496,valid,0,0.0
807,valid,0,0.04838136654094845
7345,valid,0,0.08742700029712891
7546,valid,0,0.010884136720143628
6538,valid,0,0.07831228165190104
7284,valid,0,0.0
1999,valid,0,0.0011689899116656213
4544,valid,0,0.0
9255,valid,0,0.0
1451,valid,0,0.0007518274394166581
2083,valid,0,0.0
10461,valid,0,0.06775297520165952
11009,valid,0,0.06775297520165952
3949,valid,0,0.0
10049,valid,0,0.0
4768,valid,0,0.09694406303686359
8821,valid,0,0.0
5458,valid,0,0.000822518223471386
10726,valid,0,0.0019341827513315332
2837,valid,0,0.0019341827513315332
1764,valid,0,0.04273278600879541
1118,valid,0,0.0
11056,valid,0,0.07166712217619582
6484,valid,0,0.046874449266887525
10779,valid,0,0.03356245130836489
5953,valid,0,0.059536818906522834
6553,valid,0,0.0
4125,valid,0,0.0
9337,valid,0,0.0
6560,valid,0,0.0003371521808211667
485,valid,0,0.0
10763,valid,0,0.08659004143161814
7474,valid,0,0.07993136571445458
9393,valid,0,0.0
3020,valid,0,0.02652969158094418
3751,valid,0,0.034956753641059976
5958,valid,0,0.0583460160422692
4113,valid,0,0.07076984274790737
4237,valid,0,0.01894076650774673
4597,valid,0,0.05060077367734598
1771,valid,0,0.0
3110,valid,0,0.06326622034207764
9757,valid,0,0.0113668041011303
5514,valid,0,0.0
6905,valid,0,0.07667058787029346
6673,valid,0,0.10159882306911273
10396,valid,0,0.0003533548682461396
10728,valid,0,0.0
4801,valid,0,0.0
3503,valid,0,0.0
1098,valid,0,0.06844916438862247
940,valid,0,0.0
5056,valid,0,0.07820468147145405
8826,valid,0,0.0490429686796072
2851,valid,0,0.001385968212021828
785,valid,0,0.057881482710283545
1091,valid,0,0.03554780682585212
1150,valid,0,0.11379636958198763
1164,valid,0,0.0
11008,valid,0,0.0
4676,valid,0,0.08275126942669633
8263,valid,0,0.06791545468091262
3033,valid,0,0.10210173614545993
10600,valid,0,0.04553371040099518
10719,valid,0,0.0
2842,valid,0,0.0
1963,valid,0,0.0
5060,valid,0,0.0
10162,valid,0,0.03691314393233219
6346,valid,0,0.0
11050,valid,0,0.09148394848075397
6555,valid,0,0.08459250505269544
7337,valid,0,0.11881959648362643
1829,valid,0,0.08861455979026023
7820,valid,0,0.004373658038622337
3099,valid,0,0.004373658038622337
1266,valid,0,0.10773096548667388
7327,valid,0,0.0
1834,valid,0,0.08892065878992647
2465,valid,0,0.034956743634439034
10734,valid,0,0.0571810113678143
8823,valid,0,0.08219639698299917
10594,valid,0,0.04893654730775556
10782,valid,0,0.0
9380,valid,0,0.04735063937960346
2766,valid,0,0.0
6486,valid,0,0.0
3944,valid,0,0.04036276607683537
1827,valid,0,0.07796433970219224
8637,valid,0,0.0
8903,valid,0,0.079580439630031
6477,valid,0,0.04587965275311834
1269,valid,0,0.04625701626008459
489,valid,0,0.0
1263,valid,0,0.0
5351,valid,0,0.04245316664407633
2872,valid,0,0.03649702047527064
8247,valid,0,0.012089245188024471
6511,valid,0,0.03495685345093901
6539,valid,0,0.024989054926994894
700,valid,0,0.0
9593,valid,0,0.0
4404,valid,0,0.0023109917977054513
10762,valid,0,0.06214748336380665
945,valid,0,0.03759297005622352
6222,valid,0,0.08595798993031187
3441,valid,0,0.03850575663725981
2663,valid,0,0.034967891129340435
10145,valid,0,0.03531254817989255
431,valid,0,0.0
6205,valid,0,0.000474955411397276
918,valid,0,0.003199360722065841
5672,valid,0,0.03633237505448113
10242,valid,0,0.06511682526605775
7581,valid,0,0.04986693863048056
1157,valid,0,0.021584966335222545
7035,valid,0,0.00015004328088492688
9575,valid,0,0.07079140436756332
8490,valid,0,0.0
6000,valid,0,0.0
4120,valid,0,0.05681493779504998
1121,valid,0,0.0
5736,valid,0,0.06725265059554936
8266,valid,0,0.0
1428,valid,0,0.016746972636654724
4704,valid,0,0.016746972636654724
10769,valid,0,0.06427689770645817
4818,valid,0,0.0019341827513315332
6158,valid,0,0.0
1152,valid,0,0.06024318008091478
2075,valid,0,0.005793813318849176
6150,valid,0,0.0
314,valid,0,0.0
6446,valid,0,0.0
4679,valid,0,0.0
8390,valid,0,0.0
7318,valid,0,0.019131141326077503
1537,valid,0,0.016841902812442282
4018,valid,0,0.030851504904943275
8262,valid,0,0.07192783163781297
7102,valid,0,0.0015987571100034808
3049,valid,0,0.0
1264,valid,0,0.0797340940318628
2666,valid,0,0.019943570008253666
10475,valid,0,0.0
2938,valid,0,0.013784436272286838
6490,valid,0,0.03999755201996366
3918,valid,0,0.0349567447376333
1126,valid,0,0.0
4783,valid,0,0.04549380840713455
8830,valid,0,0.004300963505759685
6535,valid,0,0.01054952349339102
4700,valid,0,0.030532318835038732
9264,valid,0,0.003759379751160053
1845,valid,0,0.09157357655177367
9275,valid,0,0.03355151339334807
6904,valid,0,0.053874444960754254
2455,valid,0,0.0
9155,valid,0,0.0050678804175768
4788,valid,0,0.07547872204667154
9267,valid,0,0.0
4794,valid,0,0.0
6192,valid,0,0.017269056244904817
10165,valid,0,0.002696949506947247
6548,valid,0,0.014605580135245069
7187,valid,0,0.0
8246,valid,0,0.06189276416874702
10836,valid,0,0.07171843142130667
6201,valid,0,0.04279473756532956
8489,valid,0,0.0
5518,valid,0,0.0017632849811221726
8679,valid,0,0.004189171314742574
10766,valid,0,0.000635258568559101
323,valid,0,0.000635258568559101
1751,valid,0,0.026209045210140256
6104,valid,0,0.01587974644239284
5079,valid,0,0.0
9768,valid,0,0.08499683402714651
1271,valid,0,0.04629618082333294
6552,valid,0,0.0
3632,valid,0,0.0
4692,valid,0,0.048157834159419925
6182,valid,0,0.0
9352,valid,0,0.0
4474,valid,0,0.0
522,valid,0,0.0
4798,valid,0,0.04862159587453904
1148,valid,0,0.02600897743241688
4247,valid,0,0.08766626456714643
7573,valid,0,0.008957103043653877
6534,valid,0,0.05974739779926333
793,valid,0,0.04847881416035301
10740,valid,0,0.09989703745027168
6692,valid,0,0.0
4124,valid,0,0.10429637803801868
7132,valid,0,0.0004208038225842465
7356,valid,0,0.0004208038225842465
3100,valid,0,0.05906586561103089
7748,valid,0,0.05607536071946043
7087,valid,0,0.004674663974734549
10217,valid,0,0.058666352074596854
10831,valid,0,0.09551000345065368
1997,valid,0,0.0533858987449363
5345,valid,0,0.03495674979934817
5353,valid,0,0.009431194525132082
5740,valid,0,0.03764190681469515
7342,valid,0,0.06987399044257778
1996,valid,0,0.0
56,valid,0,0.0
6341,valid,0,0.013767487780759431
5950,valid,0,0.0
10346,valid,0,0.0
427,valid,0,0.06766184210328544
4406,valid,0,0.0
5077,valid,0,0.11210922906775535
4472,valid,0,0.0
7079,valid,0,0.07249364699612126
330,valid,0,0.003216585535427427
6204,valid,0,0.0
6188,valid,0,0.08080812312327179
9584,valid,0,0.0
2929,valid,0,0.05537970863326755
6333,valid,0,0.02655212107144585
7583,valid,0,0.0027901970141864557
3093,valid,0,0.0
3686,valid,0,0.0
8253,valid,0,0.0
9496,valid,0,0.0
4233,valid,0,0.07013840632525017
1250,valid,0,0.061326916222807025
6381,valid,0,0.0
3112,valid,0,0.09814112083543744
5357,valid,0,0.0
487,valid,0,0.10181273215817865
5521,valid,0,0.05087735779023731
911,valid,0,0.0
10942,valid,0,0.00044177749291062597
1541,valid,0,0.03806912971591052
9153,valid,0,0.026872629855098796
1847,valid,0,0.06105948386598761
8396,valid,0,0.01842220910719508
905,valid,0,0.0
3570,valid,0,0.06573803614413676
5746,valid,0,0.060752297965343684
6939,valid,0,0.11403497256347167
10927,valid,0,0.017769717284088875
10473,valid,0,0.0896717052416286
1758,valid,0,0.0
8249,valid,0,0.076210595291623
2471,valid,0,0.076210595291623
8477,valid,0,0.0
10477,valid,0,0.05074604161847903
2466,valid,0,0.0
1682,valid,0,0.0021607751132256604
9348,valid,0,0.04769453532010613
1534,valid,0,0.0
429,valid,0,0.034956745743486894
8491,valid,0,0.036321275954116494
5429,valid,0,0.0
3039,valid,0,0.02984671746845471
7735,valid,0,0.0
8393,valid,0,0.037365600072140216
7811,valid,0,0.039869818473655734
3560,valid,0,0.039869818473655734
9586,valid,0,0.024825407795889202
7095,valid,0,0.04856603360481268
8862,valid,0,0.0
9429,valid,0,0.06421730980790644
4577,valid,0,0.06421730980790644
7537,valid,0,0.0
3438,valid,0,0.05864526257400086
1145,valid,0,0.03831954520601715
8798,valid,0,0.03495674379342879
4804,valid,0,0.0573860583789482
7239,valid,0,0.03495674947487927
9329,valid,0,0.00034228973357010973
10739,valid,0,0.06330357799072438
9760,valid,0,0.03748591977571794
1052,valid,0,0.0
4784,valid,0,0.04960615514834202
6684,valid,0,0.00331623704098913
9359,valid,0,0.00331623704098913
4122,valid,0,0.10338683736852054
2761,valid,0,0.0775603199184053
7350,valid,0,0.0990580496354659
10206,valid,0,0.0010899764876691838
1044,valid,0,0.0001594453429535395
385,valid,0,0.0
2397,valid,0,0.0
3028,valid,0,0.055986679159346804
1086,valid,0,0.08729756086041582
4529,valid,0,0.0
1057,valid,0,0.0718880505128209
8790,valid,0,0.0
9759,valid,0,0.0008503773781676987
8817,valid,0,0.00014005669006479418
2843,valid,0,0.0
4602,valid,0,0.0
3630,valid,0,0.051000353116053804
10460,valid,0,0.036249652654019644
9392,valid,0,0.06424709449445164
6451,valid,0,0.12752007568461898
9494,valid,0,0.0003972359195988516
8815,valid,0,0.052214802190865967
1550,valid,0,0.029834109078071238
4762,valid,0,0.059115607918021826
8486,valid,0,0.03495674298550123
7733,valid,0,0.0
6103,valid,0,0.07876246447372443
8678,valid,0,0.0
6518,valid,0,0.00022616493644498373
7248,valid,0,0.0
800,valid,0,0.11313457460663573
4245,valid,0,0.035608132579884925
6342,valid,0,0.04941665501870696
6668,valid,0,0.07578645749518594
5680,valid,0,0.010884136720143628
3889,valid,0,0.05516594945727922
4699,valid,0,0.05516594945727922
8122,valid,0,0.03495725329396731
3080,valid,0,0.0
2658,valid,0,0.005793809425222349
10302,valid,0,0.05662765972704234
5745,valid,0,0.06689301492572668
6542,valid,0,0.0
10721,valid,0,0.07353270522557569
7359,valid,0,0.0727469534703701
6476,valid,0,0.036340010267099564
7361,valid,0,0.042440817408562564
937,valid,0,0.0024425483784423336
5944,valid,0,0.0
8365,valid,0,0.0
10231,valid,0,0.0
6090,valid,0,0.05406507463974862
9775,valid,0,0.0
1766,valid,0,0.03752014328692735
7129,valid,0,0.0005304119450773587
741,valid,0,0.0026530678895283757
907,valid,0,0.0026530678895283757
7471,valid,0,0.00010320574458781993
418,valid,0,0.0
10806,valid,0,0.0
1746,valid,0,0.007261424273328967
8904,valid,0,0.0
4552,valid,0,0.0349567502049343
5086,valid,0,0.034027111674260854
4480,valid,0,0.07152154205566545
6111,valid,0,0.0
3087,valid,0,0.0
9582,valid,0,0.06717540114936627
1449,valid,0,0.0
3765,valid,0,0.03782675286174253
9135,valid,0,0.036303027568456575
10939,valid,0,0.052933277501624326
2942,valid,0,0.0008835774753773611
5355,valid,0,0.0657833794739364
1780,valid,0,0.03348255349605711
8831,valid,0,0.0
6569,valid,0,0.10347406122746196
1538,valid,0,0.0
9152,valid,0,0.0
3044,valid,0,0.0
6183,valid,0,0.07345713829497934
2669,valid,0,0.09045415491790548
4007,valid,0,0.05030258447275818
11007,valid,0,0.0
5302,valid,0,0.0
7579,valid,0,0.03357330237470893
1545,valid,0,0.041631749480152164
8277,valid,0,0.0517954047745153
9773,valid,0,0.09014625766523858
6166,valid,0,0.07208439424489832
5945,valid,0,0.06046897677661246
1099,valid,0,0.10851876708426321
7291,valid,0,0.0
5063,valid,0,0.0
9442,valid,0,0.03495678539358676
10474,valid,0,0.0
6374,valid,0,0.09070770048847426
6108,valid,0,0.047727763329249065
10750,valid,0,0.07159783114140607
419,valid,0,0.10075725132890472
7319,valid,0,0.05335611844693597
3923,valid,0,0.014492210781878432
1047,valid,0,0.0012688899310560255
4030,valid,0,0.03344064424867645
10742,valid,0,0.0766332543474313
6689,valid,0,0.02774458641578386
4810,valid,0,0.012130703522296173
9438,valid,0,0.03495674249879787
2680,valid,0,0.07969770010396733
5438,valid,0,0.10269503240518806
8917,valid,0,0.07429608565112535
1116,valid,0,0.0738468849647748
10936,valid,0,0.022237604302764592
2882,valid,0,0.03495674631130748
3076,valid,0,0.03495674209321174
8242,valid,0,0.03495677203195736
3046,valid,0,0.026529698423993327
7539,valid,0,0.004312434543402678
3634,valid,0,0.0
6912,valid,0,0.09682780815421245
808,valid,0,0.06695398137533973
6674,valid,0,0.041888673295883395
10767,valid,0,0.0
5072,valid,0,0.05457161115546898
7038,valid,0,0.0
3019,valid,0,0.0
7738,valid,0,0.0
8728,valid,0,0.0
7328,valid,0,0.08156433335517527
1685,valid,0,0.08156433335517527
1255,valid,0,0.0699598855558438
9437,valid,0,0.005793823052916245
10310,valid,0,0.042364078977416106
4025,valid,0,0.0012056320295003567
7744,valid,0,0.05911536190567779
6208,valid,0,0.06115021331930933
1054,valid,0,0.0606971481613616
6634,valid,0,0.000173234089620217
3641,valid,0,0.07048499637608051
7524,valid,0,0.0
4550,valid,0,0.0
6923,valid,0,0.046179721996135834
5957,valid,0,0.06897852405886623
7737,valid,0,0.03713313868387201
3102,valid,0,0.013656895231443412
1841,valid,0,0.040910476014531745
377,valid,0,0.03769331282609497
4827,valid,0,0.03769331282609497
10199,valid,0,0.001829759000193428
8737,valid,0,0.0072343328491239105
4760,valid,0,0.0
10851,valid,0,0.0003754263617017043
3068,valid,0,0.0003754263617017043
6152,valid,0,0.040559721198160016
6472,valid,0,0.06245410614898043
11052,valid,0,0.04401080442408285
1844,valid,0,0.0
9338,valid,0,0.053751622229278435
10781,valid,0,0.0
1779,valid,0,0.06759729329713318
9144,valid,0,0.07909367358633208
10052,valid,0,0.0
2945,valid,0,0.07863115125026668
7742,valid,0,0.03495675352100649
9141,valid,0,0.04262841773129318
2681,valid,0,0.026903652651447413
6274,valid,0,0.03495676920258853
7082,valid,0,0.08239153677667839
7358,valid,0,0.0
6184,valid,0,0.08077356585981316
6102,valid,0,0.051484744172099146
6479,valid,0,0.07555065799742597
10303,valid,0,0.019142232874980028
9767,valid,0,0.0
4600,valid,0,0.040431561303465174
10227,valid,0,0.10621618261678711
7034,valid,0,0.0
1163,valid,0,0.05720122773699968
10459,valid,0,0.0
8870,valid,0,0.0005304119450773587
9136,valid,0,0.0011563311831658731
10932,valid,0,0.09050323074580809
1776,valid,0,0.06521460721598105
6225,valid,0,0.10386162589439737
10811,valid,0,0.053190931667780515
4130,valid,0,0.02149570268682966
4453,valid,0,0.0
6925,valid,0,0.04890998145167527
6693,valid,0,0.07426776289308314
7746,valid,0,0.02779870906016965
6107,valid,0,0.08354803941046068
8899,valid,0,0.033318112042528394
297,valid,0,0.03845542916713142
10313,valid,0,0.0016466374983552848
4126,valid,0,0.008967842040319019
6686,valid,0,0.04190081301024035
6462,valid,0,0.02215897910809002
8624,valid,0,0.02215897910809002
1419,valid,0,0.0
310,valid,0,0.03500987143621262
7468,valid,0,0.0007176702134627746
8796,valid,0,0.00014005669006479418
3056,valid,0,0.05610640320528269
6191,valid,0,0.01913112812812644
1556,valid,0,0.03755161070331231
2390,valid,0,0.03496785897447222
10752,valid,0,0.0
1987,valid,0,0.06310736958304564
4814,valid,0,0.05312770915875316
11047,valid,0,0.02996870896732626
1532,valid,0,0.03523093393214429
7570,valid,0,0.0
5097,valid,0,0.04403183768201012
9552,valid,0,0.03495674298550123
9430,valid,0,0.005153652389630565
10464,valid,0,0.005153652389630565
9332,valid,0,0.0679667536251493
9278,valid,0,0.004814386976791455
9381,valid,0,0.0
6018,valid,0,0.0
10584,valid,0,0.10265081400310011
6631,valid,0,0.07388807072226136
4773,valid,0,0.07388807072226136
7322,valid,0,0.0011700054537515218
4705,valid,0,0.05881813017221359
6119,valid,0,0.0
7282,valid,0,0.0003526292511968398
5103,valid,0,0.05919175418269486
6677,valid,0,0.04822586235089675
6220,valid,0,0.07675704268869085
4017,valid,0,0.05283498517736063
8824,valid,0,0.07246180621295041
8265,valid,0,0.07304651026046799
4824,valid,0,0.08450602908414043
2457,valid,0,0.0005304119450773587
1535,valid,0,0.03084179014863832
1962,valid,0,0.0001345463711824671
4685,valid,0,0.0001345463711824671
3571,valid,0,0.02743155799634485
1576,valid,0,0.0
10587,valid,0,0.08383691012473846
6540,valid,0,0.0
8492,valid,0,0.001864154406299136
4028,valid,0,0.001864154406299136
4095,valid,0,0.0
10468,valid,0,0.11644593728810208
4596,valid,0,0.0011700054537515218
3504,valid,0,0.03495674786551352
5078,valid,0,0.07626230843212567
10998,valid,0,0.0021607751132256604
10717,valid,0,0.02382012769508995
422,valid,0,0.02682827997169227
7664,valid,0,0.0
1438,valid,0,0.0968758022632683
4026,valid,0,0.0968758022632683
9432,valid,0,0.0
3896,valid,0,0.0
4019,valid,0,0.08652362180638278
4594,valid,0,0.10356993682390356
10735,valid,0,0.06162492203819433
7321,valid,0,0.08627663671854799
4687,valid,0,0.047284554664165986
10837,valid,0,0.0290627139696132
6164,valid,0,0.07229767622490788
7093,valid,0,0.0
10457,valid,0,0.006922002225725521
5436,valid,0,0.0050678804175768
3448,valid,0,0.019937832665250607
6171,valid,0,0.05158170090352924
7390,valid,0,0.0
1549,valid,0,0.08766310149808312
4823,valid,0,0.10565737315809978
2774,valid,0,0.09064574538013703
5423,valid,0,0.04711752966782521
6373,valid,0,0.06697816103108882
9349,valid,0,0.07321093712664689
1120,valid,0,0.0862435494733717
2764,valid,0,0.0
1043,valid,0,0.09436935659262166
10760,valid,0,0.0
4586,valid,0,0.0
6323,valid,0,0.07711447163733133
3575,valid,0,0.0
7086,valid,0,0.07311296958286502
8259,valid,0,0.05401319949615459
7183,valid,0,0.037510333885477115
3648,valid,0,0.037510333885477115
3108,valid,0,0.07412780777794738
7092,valid,0,0.049195850813730485
4012,valid,0,0.0
3090,valid,0,0.04953033955590376
4780,valid,0,0.0637137354854502
4117,valid,0,0.02683936655980597
6516,valid,0,0.0136568534786715
9274,valid,0,0.0
8461,valid,0,0.0
4023,valid,0,0.057471975771363724
6478,valid,0,0.0006285187220799784
2767,valid,0,0.041291463673559306
10469,valid,0,0.03684270676226209
1108,valid,0,0.004277627305640055
6021,valid,0,0.0
6088,valid,0,0.033431120175321585
9562,valid,0,0.033431120175321585
6910,valid,0,0.0
1726,valid,0,0.024566367261381155
1769,valid,0,0.05181739864337723
515,valid,0,0.0349568902262444
6454,valid,0,0.0
3037,valid,0,0.06697938705285207
4587,valid,0,0.0
6262,valid,0,0.0
6467,valid,0,0.046753744466264055
312,valid,0,0.0
8630,valid,0,0.035428610962773485
4799,valid,0,0.03411508506391852
3767,valid,0,0.010884136720143628
4889,valid,0,0.0709464915268126
2844,valid,0,0.14145704112784235
4584,valid,0,0.04893221561734883
3021,valid,0,0.0
926,valid,0,0.06916761447116765
9756,valid,0,0.14517805089545638
5406,valid,0,0.14517805089545638
1262,valid,0,0.0
9376,valid,0,0.051696030347530786
7287,valid,0,0.0
3079,valid,0,0.05938973128729644
3932,valid,0,0.1219941261543475
9341,valid,0,0.08009834577694655
4483,valid,0,0.053244161267943485
10776,valid,0,0.04684349940904264
6263,valid,0,0.0
4106,valid,0,0.09312260450481605
8740,valid,0,0.034956743634439034
2225,valid,0,0.0008835545132809661
6927,valid,0,0.02755592534335445
10730,valid,0,0.07180306684872965
1113,valid,0,0.03700152031387119
10808,valid,0,0.049774808141266384
6933,valid,0,0.0009519775668765194
7236,valid,0,0.0007982046195868688
6128,valid,0,0.0
6025,valid,0,0.0
7577,valid,0,0.09181600929810071
5441,valid,0,0.07040108825085006
294,valid,0,0.06272058364937641
8261,valid,0,0.09073794561250555
4680,valid,0,0.10172001108311557
3043,valid,0,0.0
5511,valid,0,0.03414715816781964
10751,valid,0,0.0
7339,valid,0,0.0
3040,valid,0,0.004310348180093859
8611,valid,0,0.036157999846471674
10403,valid,0,0.03495674282326677
3018,valid,0,0.0001345463711824671
4127,valid,0,0.08535069444793146
8132,valid,0,0.0021607751132256604
3032,valid,0,0.02875147843878299
1155,valid,0,0.038836450599544506
6556,valid,0,0.0752520320431985
8908,valid,0,0.08360586946271552
5139,valid,0,0.0
2940,valid,0,0.001944177525210538
794,valid,0,0.07409263250023661
6502,valid,0,0.0
2585,valid,0,0.03797593479603967
7323,valid,0,0.10093699746368928
6190,valid,0,0.0
10727,valid,0,0.0034382585643813364
10819,valid,0,0.05302265927754333
7582,valid,0,0.12734400584012004
10348,valid,0,0.005793820716740149
6173,valid,0,0.046332004363891045
8910,valid,0,0.02332158566084859
9516,valid,0,0.0
7033,valid,0,0.0
6224,valid,0,0.034956752716323605
5425,valid,0,0.0948363263653497
10754,valid,0,0.0
7243,valid,0,0.06367855381096511
10038,valid,0,0.0
6203,valid,0,0.0032414362961640246
7574,valid,0,0.02033455020971878
9372,valid,0,0.0004952030270797807
6447,valid,0,0.08307172666173093
4419,valid,0,0.03797592210119387
8822,valid,0,0.06950941938032143
8469,valid,0,0.022976263614397877
5432,valid,0,0.04705312974110094
10934,valid,0,0.05624137971186838
8828,valid,0,0.0
8859,valid,0,0.0
2684,valid,0,0.031261922446798894
305,valid,0,0.08098212545925237
8808,valid,0,0.12095063910555785
10305,valid,0,0.12095063910555785
10467,valid,0,0.0330731295169959
428,valid,0,0.034657039792812004
433,valid,0,0.08292906752784093
1122,valid,0,0.049408255882567725
5832,valid,0,0.037175469169863445
8402,valid,0,0.06516612755067369
7126,valid,0,0.0
10813,valid,0,0.0
4450,valid,0,0.05326294162087247
9492,valid,0,0.07464096559420874
9353,valid,0,0.0
7355,valid,0,0.012396120517461405
1830,valid,0,0.0
10471,valid,0,0.0402949366915139
2711,valid,0,0.0349567427259261
9487,valid,0,0.0032302328262250133
10035,valid,0,0.0
5301,valid,0,0.0
8459,valid,0,0.0
8866,valid,0,0.034956745581252446
9580,valid,0,0.0
6110,valid,0,0.10041312785149982
9592,valid,0,0.016842634879260757
10824,valid,0,0.05398492221575029
1756,valid,0,0.07563987030881818
2674,valid,0,0.09828075644657702
920,valid,0,0.06302798760539115
5742,valid,0,0.0
293,valid,0,0.05941395537639212
7096,valid,0,0.1022080493979368
492,valid,0,0.0
10924,valid,0,0.12643825503150688
2214,valid,0,0.010884136720143628
9356,valid,0,0.0
1146,valid,0,0.10894939997031201
313,valid,0,0.06073966963618216
4789,valid,0,0.008449970022868965
7734,valid,0,0.03495675069488234
10307,valid,0,0.0
9385,valid,0,0.014917832045653417
6559,valid,0,0.055645645133298144
5346,valid,0,0.03503218213101699
6568,valid,0,0.05423826142905394
10731,valid,0,0.05513910623379735
8625,valid,0,0.0030795211207175514
934,valid,0,0.0030795211207175514
1452,valid,0,0.10405243631793107
4595,valid,0,0.10405243631793107
7341,valid,0,0.06747595658767733
4013,valid,0,0.0
8250,valid,0,0.07462861490998601
9764,valid,0,0.04823307627494258
10299,valid,0,0.0
8278,valid,0,0.04964000557400021
2671,valid,0,0.00466127089738243
7740,valid,0,0.08078366720610979
3511,valid,0,0.0
4118,valid,0,0.06746612998787374
3951,valid,0,0.035429008155440776
4541,valid,0,0.035429008155440776
6680,valid,0,0.0
1096,valid,0,0.0
1883,valid,0,0.001362908230283637
6463,valid,0,0.05990546474851824
3107,valid,0,0.034956747203596955
10996,valid,0,0.0
5424,valid,0,0.0
4470,valid,0,0.0
1110,valid,0,0.0
3437,valid,0,0.10906313378602363
784,valid,0,0.024493664818231717
1843,valid,0,0.06929736191901353
3647,valid,0,0.0567156878624073
3077,valid,0,0.05829595059079865
4090,valid,0,0.0
4777,valid,0,0.0661056202137626
1453,valid,0,0.03495675335877203
4234,valid,0,0.051245226389795534
7576,valid,0,0.03620527990510452
2454,valid,2,0.0
2205,valid,2,0.0
517,valid,2,0.0
2446,valid,2,0.0
514,valid,2,0.0
10340,valid,2,0.0
2195,valid,2,0.0
8102,valid,2,0.0
2452,valid,2,0.0
708,valid,2,0.0
2724,valid,2,0.0
710,valid,2,0.0
10203,valid,2,0.0
4438,valid,2,0.0
2706,valid,2,0.0
4452,valid,2,0.0
2453,valid,2,0.0
6115,valid,2,0.0
6114,valid,2,0.0
10202,valid,2,0.0
10342,valid,2,0.0
6123,valid,2,0.0
8111,valid,2,0.0
711,valid,2,0.0
528,valid,2,0.0
6121,valid,2,0.0
4437,valid,2,0.0
10194,valid,2,0.0
8109,valid,2,0.0
709,valid,2,0.0
10204,valid,0,0.0
2715,valid,2,0.0
8096,valid,0,0.0030494664807949514
7454,valid,2,0.0
10207,valid,0,0.010884136720143628
2718,valid,2,0.0
10339,valid,0,0.0
2197,valid,2,0.0
7451,valid,2,0.0
2722,valid,2,0.0
10209,valid,0,0.0
527,valid,2,0.0
8106,valid,2,0.0
2445,valid,0,0.010884136720143628
10338,valid,2,0.0
2712,valid,2,0.0
2719,valid,2,0.0
2201,valid,2,0.0015139295928716333
707,valid,2,0.0
10195,valid,2,0.0
6122,valid,2,0.0
2189,valid,2,0.0
10344,valid,0,0.0
8095,valid,0,0.0
8800,valid,2,0.0
3750,valid,2,0.0
7067,valid,0,0.0
8799,valid,2,0.0
4984,valid,2,0.0
5412,valid,2,0.0
4401,valid,2,0.0
5535,valid,2,0.0
4417,valid,2,0.0
3766,valid,2,0.0
5416,valid,2,0.0
4981,valid,2,0.0
7074,valid,2,0.0
5534,valid,2,0.0
8623,valid,2,0.0
4978,valid,2,0.0
9373,valid,1,0.0
5409,valid,2,0.0
7066,valid,2,0.0
3903,valid,2,0.0
7120,valid,2,0.0
7075,valid,2,0.0
8632,valid,2,0.0
4412,valid,2,0.0
3902,valid,0,0.0
3756,valid,2,0.0
8797,valid,2,0.0
8631,valid,2,0.0
8483,valid,0,0.010884136720143628
4413,valid,2,0.0
5413,valid,2,0.0
8499,valid,2,0.0
8498,valid,0,0.010884136720143628
4414,valid,2,0.0
4411,valid,2,0.0
8805,valid,2,0.0
3900,valid,2,0.04422852364204767
5358,valid,1,0.0
3755,valid,2,0.0
3758,valid,0,0.0
8804,valid,2,0.0
8634,valid,2,0.0
8803,valid,2,0.0
3763,valid,2,0.0030604191404820917
4985,valid,2,0.0
4409,valid,2,0.0
351,valid,2,0.0
370,valid,2,0.0
2241,valid,2,0.0
10656,valid,2,0.0
2234,valid,2,0.0
2067,valid,2,0.0
7640,valid,2,0.0
571,valid,2,0.0
154,valid,2,0.0
566,valid,2,0.0
10087,valid,1,0.0
8181,valid,2,0.0
6757,valid,2,0.0
2233,valid,2,0.0
577,valid,2,0.0
2232,valid,2,0.0
6761,valid,2,0.0
2246,valid,2,0.0
369,valid,0,0.010884136720143628
10666,valid,2,0.0
1496,valid,2,0.0
565,valid,2,0.0
1495,valid,2,0.0
3322,valid,1,0.0
1497,valid,0,0.0
2239,valid,2,0.0
354,valid,2,0.0
1499,valid,2,0.0
2236,valid,0,0.012132642596119802
150,valid,2,0.0
8182,valid,2,0.0
8175,valid,0,0.0
8176,valid,2,0.0
362,valid,2,0.0
145,valid,0,0.0
2063,valid,2,0.0
141,valid,0,0.0
2245,valid,0,0.0
1318,valid,0,0.0
1508,valid,0,0.0
7642,valid,0,0.0
575,valid,0,0.010884136720143628
8177,valid,2,0.0
1348,valid,2,0.0
3013,valid,2,0.0
1186,valid,2,0.0
3014,valid,2,0.0
8375,valid,2,0.0
3597,valid,2,0.0
1358,valid,2,0.0
1676,valid,2,0.0
8224,valid,2,0.0
3602,valid,2,0.0
223,valid,1,0.0
7985,valid,2,0.0
1359,valid,2,0.0
5762,valid,2,0.0
1669,valid,2,0.0
9100,valid,2,0.0
7986,valid,2,0.0
9109,valid,2,0.0
9104,valid,2,0.0
7265,valid,1,0.0006955764409989715
3000,valid,2,0.0
1674,valid,2,0.0
1660,valid,2,0.0
1352,valid,2,0.0
3592,valid,0,0.0025756159449780345
3601,valid,2,0.0
8655,valid,2,0.0
8645,valid,2,0.0
8644,valid,2,0.0
8370,valid,0,0.010884136720143628
1180,valid,2,0.0
3009,valid,2,0.04676486774913632
7997,valid,2,0.0
3593,valid,2,0.0
8652,valid,2,0.0
1181,valid,2,0.0
8233,valid,2,0.0
5761,valid,2,0.0
1191,valid,0,0.0
3591,valid,2,0.0
1351,valid,2,0.0
1190,valid,2,0.0
7998,valid,2,0.0
9105,valid,2,0.0020086323321321865
8647,valid,2,0.0
5765,valid,2,0.0
7981,valid,2,0.0
7979,valid,2,0.0
8385,valid,2,0.0
3003,valid,2,0.0
5763,valid,0,0.0
9440,valid,2,0.0
7036,valid,2,0.0
9439,valid,2,0.0
11000,valid,2,0.0
5822,valid,2,0.0
1688,valid,2,0.0
7055,valid,2,0.0
11016,valid,2,0.0
11012,valid,2,0.0
3905,valid,2,0.0
1690,valid,2,0.0
7037,valid,2,0.0
7043,valid,2,0.0
9357,valid,2,0.0
6269,valid,2,0.0
11001,valid,2,0.0
3907,valid,2,0.0
3917,valid,2,0.0
6273,valid,2,0.0
2643,valid,2,0.0
2642,valid,2,0.0
10774,valid,1,0.0
7040,valid,2,0.0
9441,valid,2,0.0
6267,valid,0,0.0
3376,valid,2,0.0
3363,valid,2,0.0
2662,valid,2,0.0
10604,valid,1,0.0
9368,valid,0,0.0
7044,valid,2,0.0
5823,valid,2,0.0
3904,valid,2,0.0
9256,valid,2,0.0
3913,valid,0,0.0
7054,valid,0,0.0
1686,valid,2,0.0
6271,valid,2,0.0
7491,valid,0,0.0013842526283070963
3371,valid,0,0.0013842526283070963
11015,valid,2,0.0
9367,valid,2,0.0
9254,valid,2,0.0
9248,valid,2,0.0
11002,valid,2,0.0
9431,valid,2,0.0
2209,valid,2,0.0
4876,valid,2,0.0
3050,valid,1,0.0
10160,valid,2,0.0
5501,valid,2,0.0
4869,valid,2,0.0
1450,valid,2,0.0
8666,valid,2,0.0
10161,valid,2,0.0
8667,valid,2,0.0
2223,valid,2,0.0
2222,valid,2,0.0
7196,valid,2,0.0
7329,valid,1,0.0
4870,valid,2,0.0
5498,valid,2,0.0
7191,valid,2,0.0
939,valid,2,0.0
4877,valid,2,0.0
10167,valid,2,0.0
1440,valid,2,0.0
4873,valid,2,0.0
5506,valid,2,0.0
8676,valid,2,0.0
8669,valid,2,0.0
943,valid,2,0.0
2388,valid,2,0.0
4872,valid,2,0.0
1733,valid,1,0.0
4871,valid,2,0.0
5508,valid,2,0.0
2392,valid,2,0.0
5495,valid,0,0.0
1454,valid,2,0.0
5491,valid,2,0.0
5503,valid,0,0.010884136720143628
8675,valid,2,0.0
6507,valid,2,0.0
2213,valid,0,0.0
1444,valid,0,0.0
2217,valid,2,0.0
7192,valid,2,0.0
10163,valid,2,0.0
8668,valid,2,0.0
9484,valid,2,0.0
7197,valid,2,0.0
942,valid,2,0.0
2206,valid,0,0.010884136720143628
1426,valid,2,0.0
5684,valid,2,0.0
8731,valid,2,0.0
1965,valid,2,0.0
7533,valid,2,0.0
7544,valid,2,0.0
7289,valid,2,0.0
9522,valid,2,0.0
6155,valid,1,0.0
1422,valid,2,0.0
1431,valid,2,0.0
9517,valid,2,0.0
9521,valid,2,0.0
3073,valid,2,0.0
2257,valid,2,0.0
1427,valid,2,0.0
1964,valid,2,0.0
2247,valid,2,0.0
1957,valid,2,0.0
1138,valid,2,0.0
8738,valid,2,0.0
5678,valid,2,0.0
8743,valid,2,0.0
3060,valid,2,0.0
8726,valid,2,0.0
1959,valid,2,0.0
7285,valid,2,0.0
3072,valid,2,0.0
7541,valid,2,0.0
1949,valid,2,0.0
1416,valid,2,0.0
8733,valid,2,0.0
1432,valid,2,0.0
1420,valid,0,0.0
1141,valid,2,0.0
1950,valid,0,0.0
7545,valid,2,0.0
1878,valid,2,0.0
8734,valid,2,0.0
1424,valid,0,0.010884136720143628
7532,valid,2,0.0
7586,valid,1,0.0
1433,valid,2,0.0
1888,valid,0,0.010884136720143628
5687,valid,2,0.0
5682,valid,2,0.0
1955,valid,2,0.010884136720143628
5675,valid,2,0.0
3061,valid,2,0.0
1136,valid,2,0.0
9526,valid,0,0.0
5669,valid,0,0.010884136720143628
2250,valid,0,0.0
1434,valid,2,0.0
3071,valid,2,0.0
9456,valid,2,0.0
3359,valid,2,0.0
10118,valid,2,0.0
9451,valid,2,0.0
3967,valid,2,0.0
3974,valid,2,0.0
4507,valid,2,0.0
3586,valid,2,0.0
5869,valid,2,0.0
3953,valid,2,0.0
9450,valid,2,0.0
4712,valid,2,0.0
3351,valid,2,0.0
872,valid,2,0.0
3961,valid,2,0.0
10125,valid,2,0.0
4710,valid,2,0.0
4199,valid,2,0.0
10117,valid,2,0.0
2182,valid,2,0.0
3962,valid,2,0.0
3356,valid,2,0.0
3975,valid,2,0.0
3959,valid,2,0.0
4717,valid,2,0.0
5866,valid,2,0.0
4711,valid,2,0.0
10121,valid,2,0.0
3352,valid,2,0.0
3588,valid,2,0.0
870,valid,2,0.0
4520,valid,2,0.0
873,valid,2,0.0
10129,valid,2,0.0
4718,valid,2,0.0
10130,valid,2,0.0
4709,valid,2,0.0
3968,valid,2,0.0
4713,valid,0,0.010884136720143628
3343,valid,2,0.0
2178,valid,2,0.0
861,valid,2,0.0
3970,valid,2,0.0
4195,valid,2,0.0
9446,valid,2,0.0
3357,valid,2,0.0
5873,valid,2,0.0
3973,valid,2,0.0
3972,valid,0,0.0
874,valid,2,0.0
10120,valid,2,0.0
5875,valid,2,0.0
9449,valid,2,0.0
9455,valid,2,0.0
3349,valid,2,0.0
4206,valid,2,0.0467648723169284
4498,valid,2,0.0
4497,valid,2,0.0
10787,valid,2,0.0
684,valid,2,0.0
2433,valid,2,0.0
279,valid,1,0.0
5545,valid,1,0.0
5485,valid,2,0.0
5477,valid,2,0.0
680,valid,2,0.0
2291,valid,2,0.0
10538,valid,2,0.0
4503,valid,2,0.0
10535,valid,2,0.0
1476,valid,2,0.0
10788,valid,2,0.0
5488,valid,2,0.0
10524,valid,2,0.0
5481,valid,2,0.0
5794,valid,0,0.0
5479,valid,2,0.0
4500,valid,2,0.0
10285,valid,2,0.0
5480,valid,2,0.0
1480,valid,2,0.0
10283,valid,2,0.0
10516,valid,2,0.0
5789,valid,2,0.0
10294,valid,0,0.010884136720143628
1477,valid,2,0.0
5486,valid,2,0.0
683,valid,2,0.0
10536,valid,2,0.0
2740,valid,0,0.0
2290,valid,2,0.0
4499,valid,2,0.0
10795,valid,0,0.010884136720143628
5787,valid,2,0.0
695,valid,2,0.0
10282,valid,2,0.0
5199,valid,0,0.0
10286,valid,0,0.0
9240,valid,0,0.0
6237,valid,0,0.0
10330,valid,0,0.0
10913,valid,0,0.0
5324,valid,0,0.0
9729,valid,0,0.0
191,valid,0,0.0
5570,valid,0,0.0
6739,valid,0,0.0
9616,valid,0,0.0
5167,valid,0,0.0
10529,valid,0,0.0
5596,valid,0,0.0
2739,valid,0,0.0
1371,valid,0,0.016154072023529243
10707,valid,0,0.0
2058,valid,0,0.0
6840,valid,0,0.0
622,valid,0,0.0
8719,valid,0,0.0
1232,valid,0,0.0
95,valid,0,0.0005020222523029296
7217,valid,0,0.003759379751160053
2265,valid,0,0.0
5974,valid,0,0.0
2123,valid,0,0.0
6233,valid,0,0.0
10797,valid,0,0.0
8703,valid,0,0.0
7873,valid,0,0.0020086323321321865
1599,valid,0,0.0
8561,valid,0,0.0
9849,valid,0,0.0
9316,valid,0,0.0
1617,valid,0,0.0
9318,valid,0,0.0
10642,valid,0,0.0
7414,valid,0,0.0
8875,valid,0,0.0
5547,valid,0,0.0
8699,valid,0,0.0
8714,valid,0,0.0
10710,valid,0,0.0
4259,valid,0,0.0
3489,valid,0,0.0
2010,valid,0,0.0
3529,valid,0,0.0027901970141864557
8,valid,0,0.0
2169,valid,0,0.0
247,valid,0,0.0
3658,valid,0,0.00439803867933129
3120,valid,0,0.0
2007,valid,0,0.0
4042,valid,0,0.0
2057,valid,0,0.0
3541,valid,0,0.0
7272,valid,0,0.0
5185,valid,0,0.0
8760,valid,0,0.0
5269,valid,0,0.0
2747,valid,0,0.0
7222,valid,0,0.0
3484,valid,0,0.0
2913,valid,0,0.0
9808,valid,0,0.0
9733,valid,0,0.0
1197,valid,0,0.12083798044335674
2262,valid,0,0.035332179770766414
9042,valid,0,0.0
8525,valid,0,0.007784461539107452
5965,valid,0,0.0
9218,valid,0,0.11850495689291225
5803,valid,0,0.12083795917171088
7367,valid,0,0.12083795898434631
9530,valid,0,0.0
112,valid,0,0.0
7922,valid,0,0.0
3235,valid,0,0.0
7001,valid,0,0.0
9059,valid,0,0.0
6709,valid,0,0.0
1523,valid,0,0.0
8931,valid,0,0.004239993289165127
818,valid,0,0.004239993289165127
6033,valid,0,0.016842111277157734
2009,valid,0,0.0
6582,valid,0,0.0
2097,valid,0,0.010884136720143628
3605,valid,0,0.03495675414723146
9229,valid,0,0.0
9734,valid,0,0.0
1235,valid,0,0.010884136720143628
3195,valid,0,0.0
1393,valid,0,0.0
1628,valid,0,0.0
9841,valid,0,0.0
4619,valid,0,0.0
1527,valid,0,0.0
1385,valid,0,0.0
10190,valid,0,0.0
7899,valid,0,0.0
3793,valid,0,0.0
10539,valid,0,0.0
3216,valid,0,0.0027901970141864557
6975,valid,0,0.0
7855,valid,0,0.0
839,valid,0,0.0
1659,valid,0,0.0
2125,valid,0,0.004239993289165127
9067,valid,0,0.0
10554,valid,0,0.0
10652,valid,0,0.0
8228,valid,0,0.0
2887,valid,0,0.0
1236,valid,0,0.0
9830,valid,0,0.0
631,valid,0,0.0
3016,valid,0,0.0
8653,valid,0,0.0
3137,valid,0,0.0
9884,valid,0,0.0
7706,valid,0,0.0027901970141864557
9048,valid,0,0.0
8055,valid,0,0.0
10361,valid,0,0.0
6235,valid,0,0.0
3796,valid,0,0.0
8017,valid,0,0.0027901970141864557
9599,valid,0,0.0
6082,valid,0,0.0
5541,valid,0,0.0
634,valid,0,0.0
2124,valid,0,0.0
9891,valid,0,0.01005354240828245
8640,valid,0,0.0
10323,valid,0,0.0
2485,valid,0,0.010884136720143628
5693,valid,0,0.004039077212532943
4189,valid,0,0.0
3116,valid,0,0.0
12,valid,0,0.0043037771654258
609,valid,0,0.0
3229,valid,0,0.0
4631,valid,0,0.0
10335,valid,0,0.0
9221,valid,0,0.0
7764,valid,0,0.010884136720143628
10062,valid,0,0.0
621,valid,0,0.0
5559,valid,0,0.0
7988,valid,0,0.0
8994,valid,0,0.0
2385,valid,0,0.0
8945,valid,0,0.019275006200078444
9839,valid,0,0.0027901970141864557
3,valid,0,0.0
2103,valid,0,0.03495674330997013
9202,valid,0,0.0
8928,valid,0,0.0
3381,valid,0,0.0
10133,valid,0,0.0
8056,valid,0,0.0
5990,valid,0,0.0
8580,valid,0,0.0
1707,valid,0,0.0
5474,valid,0,0.0
9619,valid,0,0.0
7761,valid,0,0.0
8713,valid,0,0.0
2144,valid,0,0.013731880280541843
7271,valid,0,0.0
9903,valid,0,0.0
3769,valid,0,0.0020086323321321865
8920,valid,0,0.0
10527,valid,0,0.0
3453,valid,0,0.0
3005,valid,0,0.0
394,valid,0,0.0
2438,valid,0,0.0
10180,valid,0,0.0
6241,valid,0,0.0
396,valid,0,0.0
3886,valid,0,0.0
7876,valid,0,0.0
195,valid,0,0.034956746554659156
6982,valid,0,0.0
10918,valid,0,0.006814381537372561
4341,valid,0,0.0
10495,valid,0,0.0
1519,valid,0,0.0
2488,valid,0,0.0
10182,valid,0,0.0
9883,valid,0,0.0
8046,valid,0,0.0
681,valid,0,0.0
1705,valid,0,0.0
2033,valid,0,0.0027901970141864557
3181,valid,0,0.0
5772,valid,0,0.005793808672454496
1865,valid,1,0.0
2979,valid,0,0.0
7756,valid,0,0.0
9322,valid,0,0.0
691,valid,0,0.0
10175,valid,0,0.0
2051,valid,0,0.0
4180,valid,0,0.0
3297,valid,0,0.0
7173,valid,0,0.0
3206,valid,0,0.0008838768131086503
2999,valid,0,0.006814381537372561
8094,valid,0,0.006814381537372561
272,valid,0,0.004239993289165127
10980,valid,0,0.0
6967,valid,0,0.0
6300,valid,0,0.0
6041,valid,0,0.0
3883,valid,0,0.1185956671826461
7370,valid,0,0.010884136720143628
8522,valid,0,0.0
389,valid,0,0.0
819,valid,0,0.0
8716,valid,0,0.0
4573,valid,0,0.0
7170,valid,0,0.0
401,valid,0,0.0
8378,valid,0,0.0
4052,valid,0,0.0
5977,valid,0,0.0
10292,valid,0,0.0
4394,valid,0,0.004138149291781507
2970,valid,0,0.0
4251,valid,0,0.0
8452,valid,0,0.0
7887,valid,0,0.0
1525,valid,0,0.0
5805,valid,0,0.0021607751132256604
4566,valid,0,0.010884136720143628
2354,valid,0,0.0
3377,valid,0,0.005793809100753447
5975,valid,0,0.004239993289165127
7861,valid,0,0.0
3783,valid,0,0.000817197903828327
2431,valid,0,0.010884136720143628
3286,valid,0,0.010884136720143628
2298,valid,0,0.010884136720143628
9107,valid,0,0.010884136720143628
9078,valid,0,0.0
5770,valid,0,0.010884136720143628
4051,valid,0,0.0
7262,valid,0,0.03352288946581107
9300,valid,0,0.0
9615,valid,0,0.010884136720143628
4254,valid,0,0.004239993289165127
2137,valid,0,0.0
692,valid,0,0.0
3522,valid,0,0.0
11025,valid,0,0.010884136720143628
3211,valid,0,0.0
6710,valid,0,0.0
10552,valid,0,0.010884136720143628
1517,valid,0,0.0
9655,valid,0,0.03495678838843472
5706,valid,0,0.0
6733,valid,0,0.0027901970141864557
2114,valid,0,0.0
2264,valid,0,0.0
8535,valid,0,0.0
9055,valid,0,0.0
3202,valid,0,0.010884136720143628
5982,valid,0,0.010884136720143628
9895,valid,0,0.0
3655,valid,0,0.0
1667,valid,0,0.0
1246,valid,0,0.0
9906,valid,0,0.0
114,valid,0,0.0
7894,valid,0,0.0
10187,valid,0,0.0
2021,valid,0,0.0
3801,valid,0,0.0
1515,valid,0,0.0
8519,valid,0,0.010884136720143628
3774,valid,0,0.0
7177,valid,0,0.010884136720143628
8377,valid,0,0.010884136720143628
9934,valid,0,0.010884136720143628
3179,valid,0,0.0
2091,valid,0,0.0013658625591074526
6078,valid,0,0.0
11021,valid,0,0.005793815590131492
9223,valid,0,0.0
4649,valid,0,0.0
8059,valid,0,0.0
1675,valid,0,0.0
2735,valid,0,0.010884136720143628
2415,valid,0,0.0
2490,valid,0,0.0
9869,valid,0,0.0
3516,valid,0,0.0
7864,valid,0,0.0
4310,valid,0,0.010884136720143628
1587,valid,0,0.0
3391,valid,0,0.0
9620,valid,0,0.0
9550,valid,0,0.0
5985,valid,0,0.005793825194411
2884,valid,0,0.0
5188,valid,0,0.0
4494,valid,0,0.010884136720143628
6084,valid,0,0.0
9402,valid,0,0.0
4040,valid,0,0.0
7377,valid,0,0.010884136720143628
10483,valid,0,0.0
8751,valid,0,0.0
2749,valid,0,0.0
7270,valid,0,0.0
7897,valid,0,0.0
10987,valid,0,0.0
5707,valid,0,0.0
5327,valid,0,0.0
8012,valid,0,0.0
9954,valid,0,0.03495674233656342
1624,valid,0,0.0
8583,valid,0,0.0
8346,valid,0,0.0
10447,valid,0,0.004306018228476666
8088,valid,0,0.0
10488,valid,0,0.0
8300,valid,0,0.0
9217,valid,0,0.0
10484,valid,0,0.0
1819,valid,0,0.010884136720143628
4143,valid,0,0.0
989,valid,0,0.0
9324,valid,0,0.0
10487,valid,0,0.0
7178,valid,0,0.003147644571791155
9232,valid,0,0.0
1184,valid,0,0.0
1389,valid,0,0.010884136720143628
602,valid,0,0.0
2269,valid,0,0.0
3010,valid,0,0.0
7624,valid,0,0.0
4249,valid,0,0.0
4397,valid,0,0.0005482535309167881
4572,valid,0,0.0005482535309167881
8984,valid,0,0.01587977076224558
7399,valid,0,0.0
2377,valid,0,0.004319165812817254
9238,valid,0,0.010884136720143628
122,valid,0,0.004305664085124901
2435,valid,0,0.010884136720143628
3875,valid,0,0.010884136720143628
4501,valid,0,0.010884136720143628
2434,valid,0,0.0
4426,valid,0,0.010884136720143628
1394,valid,0,0.0
2894,valid,0,0.010884136720143628
5801,valid,0,0.010884136720143628
9081,valid,0,0.0
6589,valid,0,0.0
8341,valid,0,0.0
4312,valid,0,0.0
7435,valid,0,0.0
8226,valid,0,0.0
6083,valid,0,0.014895956754477573
8980,valid,0,0.005855188618545644
5182,valid,0,0.0
618,valid,0,0.0
1709,valid,0,0.0
1514,valid,0,0.0
184,valid,0,0.005952904474069317
8455,valid,0,0.0
2484,valid,0,0.0
7417,valid,0,0.0
9298,valid,0,0.0
9843,valid,0,0.04772709051023502
4182,valid,0,0.04070064682115952
10056,valid,0,0.010884136720143628
2421,valid,0,0.0
8654,valid,0,0.0
5798,valid,0,0.0
5598,valid,0,0.009357053346726533
10533,valid,0,0.0
10860,valid,0,0.0
2113,valid,0,0.0
3599,valid,0,0.0
8064,valid,0,0.0
838,valid,0,0.012141852200000296
9307,valid,0,0.0
8977,valid,0,0.0
3395,valid,0,0.0
7767,valid,0,0.036269709058400185
2130,valid,0,0.0
7157,valid,0,0.0
5205,valid,0,0.004691520290768241
4560,valid,0,0.0020086323321321865
10189,valid,0,0.0
10863,valid,0,0.0
393,valid,0,0.0
6844,valid,0,0.0
4495,valid,0,0.034956743011458735
7633,valid,0,0.0
1582,valid,0,0.0
9230,valid,0,0.0
9241,valid,0,0.0
2364,valid,0,0.0
10450,valid,0,0.0
5204,valid,0,0.07967974752221302
9669,valid,0,0.0
1664,valid,0,0.0
9956,valid,0,0.0
7883,valid,0,0.0
2152,valid,0,0.0
8933,valid,0,0.0
1474,valid,0,0.0020086323321321865
2427,valid,0,0.03495674306661845
8015,valid,0,0.0001859005048182187
2025,valid,0,0.0
1479,valid,0,0.0
3777,valid,0,0.0018125251288467585
1370,valid,0,0.0
5783,valid,0,0.003904635874600341
844,valid,0,0.0
6721,valid,0,0.0
10288,valid,0,0.0
7227,valid,0,0.0
4330,valid,0,0.0
8517,valid,0,0.010884136720143628
3219,valid,0,0.0
7226,valid,0,0.0
8058,valid,0,0.0
2026,valid,0,0.0
4337,valid,0,0.0
7900,valid,0,0.0
982,valid,0,0.0
4187,valid,0,0.0
11018,valid,0,0.0
4504,valid,0,0.0
5802,valid,0,0.0
204,valid,0,0.003846388174631234
84,valid,0,0.0
9625,valid,0,0.010884136720143628
8325,valid,0,0.0
8642,valid,0,0.0
10785,valid,0,0.010884136720143628
3183,valid,0,0.03495679045530163
682,valid,0,0.034956745736997516
9628,valid,0,0.03495687049366811
3185,valid,0,0.03495827747681272
9872,valid,0,0.010884136720143628
8319,valid,0,0.0
7113,valid,0,0.0
5791,valid,0,0.0
1369,valid,0,0.0
9866,valid,0,0.0
9680,valid,0,0.043956638330100155
3594,valid,0,0.0
1699,valid,0,0.0
2344,valid,0,0.0
9815,valid,0,0.010884136720143628
9060,valid,0,0.03573964701167531
7112,valid,0,0.0
10445,valid,0,0.03495674330997013
8373,valid,0,0.0
10669,valid,0,0.0
10681,valid,0,0.034956743634439034
10796,valid,0,0.03495674298550123
8702,valid,0,0.01388909895508548
7924,valid,0,0.0
5767,valid,0,0.010884136720143628
6319,valid,0,0.0
8989,valid,0,0.0
7259,valid,0,0.0
235,valid,0,0.06875203815400806
4257,valid,0,0.0
1594,valid,0,0.025641202411420705
8930,valid,0,0.0
9398,valid,0,0.0
5962,valid,0,0.0
1194,valid,0,0.03495771141485515
3600,valid,0,0.004545339495242089
8697,valid,0,0.005097146981525515
8293,valid,0,0.0
10793,valid,0,0.03495674532167732
2369,valid,0,0.0
10054,valid,0,0.03495674473438861
10480,valid,0,0.017158059565041087
6962,valid,0,0.03495674298550123
7216,valid,0,0.0027901970141864557
9233,valid,0,0.0
5807,valid,0,0.03495675990979917
3676,valid,0,0.027081598197815367
7200,valid,0,0.034956745743486894
10420,valid,0,0.03495682876696727
7623,valid,0,0.010884136720143628
623,valid,0,0.010884136720143628
5335,valid,0,0.0
690,valid,0,0.03495713349031451
2093,valid,0,0.03495674362794965
2014,valid,0,0.0
7770,valid,0,0.03495731422922716
2962,valid,0,0.03495674298550123
8577,valid,0,0.0
4043,valid,0,0.004324051620122379
7638,valid,0,0.03495674298550123
3198,valid,0,0.03495688405160119
6586,valid,0,0.0
10319,valid,0,0.0
3390,valid,0,0.0
637,valid,0,0.03500127912760425
4623,valid,0,0.004312815273392283
1415,valid,0,0.0
8991,valid,0,0.020014744938041434
1620,valid,0,0.01779206806249071
6712,valid,0,0.0
2273,valid,0,0.003147644571791155
3882,valid,0,0.03495675279744083
970,valid,0,0.04730635178141929
1234,valid,0,0.0349567638618304
1530,valid,0,0.010884136720143628
5221,valid,0,0.03495713108599995
10142,valid,0,0.0
8723,valid,0,0.08204635007397508
9674,valid,0,0.08204635007397508
3122,valid,0,0.0
9940,valid,0,0.034956744121142386
6239,valid,0,0.034956742904384
7856,valid,0,0.03495695852694833
3292,valid,0,0.034956743634439034
9805,valid,0,0.03495674687912806
9881,valid,0,0.034956750419083776
9325,valid,0,0.005763921321381079
2168,valid,0,0.0
3557,valid,0,0.038636724143199984
7984,valid,0,0.0
7382,valid,0,0.0
1814,valid,0,0.010884136720143628
5601,valid,0,0.010884136720143628
9824,valid,0,0.03495712539806009
9671,valid,0,0.0
5976,valid,0,0.0
7412,valid,0,0.0
11041,valid,0,0.0013658625591074526
203,valid,0,0.010884136720143628
10992,valid,0,0.010884136720143628
5330,valid,0,0.0
8641,valid,0,0.0
9613,valid,0,0.0
8769,valid,0,0.0
2134,valid,0,0.0
5475,valid,0,0.0
9404,valid,0,0.001348058583786383
5605,valid,0,0.0
3190,valid,0,0.034956744218483056
3657,valid,0,0.0
7116,valid,0,0.0003972359195988516
4603,valid,0,0.0
1824,valid,0,0.0
3530,valid,0,0.0
5217,valid,0,0.0
2289,valid,0,0.0
3776,valid,0,0.0
4339,valid,0,0.1117311080353352
2381,valid,0,0.0
5342,valid,0,0.0
8919,valid,0,0.0
5336,valid,0,0.00014005669006479418
128,valid,0,0.0
1716,valid,0,0.0
4569,valid,0,0.010884136720143628
7925,valid,0,0.03495674249879787
7705,valid,0,0.0
188,valid,0,0.00037542172990812404
3603,valid,0,0.0
5195,valid,0,0.0
8572,valid,0,0.0
10326,valid,0,0.03495674223922275
5785,valid,0,0.0013480855653710928
4430,valid,0,0.0
5603,valid,0,0.034956744283376834
3514,valid,0,0.0
8712,valid,0,0.0
1614,valid,0,0.0
5612,valid,0,0.0
6970,valid,0,0.0005020222523029296
986,valid,0,0.0
2985,valid,0,0.034956757937028245
9653,valid,0,0.0
4145,valid,0,0.0
10525,valid,0,0.0
1240,valid,0,0.034956754179678355
7223,valid,0,0.0
10350,valid,0,0.010884136720143628
8051,valid,0,0.0
193,valid,0,0.03602345578403744
8709,valid,0,0.03495674713870318
8942,valid,0,0.0
8755,valid,0,0.024948134817922855
395,valid,0,0.024948134817922855
2355,valid,0,0.0
5611,valid,0,0.010884136720143628
2910,valid,0,0.0007508898491352092
6706,valid,0,0.0
1376,valid,0,0.02932657839151654
5176,valid,0,0.0043011491296652184
3671,valid,0,0.0
2410,valid,0,0.002243906843204265
9219,valid,0,0.0
2755,valid,0,0.0
9173,valid,0,0.0
6718,valid,0,0.0
4175,valid,0,0.02946833343248982
228,valid,0,0.0
4387,valid,0,0.0
8982,valid,0,0.0
10138,valid,0,0.0
8575,valid,0,0.0
9603,valid,0,0.0027901970141864557
9667,valid,0,0.010884136720143628
1713,valid,0,0.0
6317,valid,0,0.0
4620,valid,0,0.02690345409122632
2050,valid,0,0.005097082895348153
2030,valid,0,0.026209125447081694
4260,valid,0,0.0
5270,valid,0,0.0
1372,valid,0,0.0
1602,valid,0,0.0
8764,valid,0,0.0
9064,valid,0,0.004309023759437456
8352,valid,0,0.0
2977,valid,0,0.0
2371,valid,0,0.033517893047163495
2352,valid,0,0.0005314235189419641
10784,valid,0,0.0
190,valid,0,0.012143789648088715
8649,valid,0,0.03495674777141753
7442,valid,0,0.0
7002,valid,0,0.0
8934,valid,0,0.0
7928,valid,0,0.0
7404,valid,1,0.0
9732,valid,0,0.0
9687,valid,0,0.0
4608,valid,0,0.0
2142,valid,0,0.004308522271658479
3477,valid,0,0.0
3670,valid,0,0.0
3552,valid,0,0.0
2965,valid,0,0.0
9165,valid,0,0.0
7202,valid,0,0.0
7992,valid,0,0.005793809087774691
6591,valid,0,0.0
9406,valid,0,0.010884136720143628
1668,valid,0,0.00042999542725685974
6720,valid,0,0.0
10706,valid,0,0.0
4177,valid,0,0.0
1580,valid,0,0.0
1622,valid,0,0.0
5606,valid,0,0.0
3121,valid,0,0.0
5648,valid,0,0.0
2140,valid,0,0.06853990296446849
3194,valid,0,0.034956744526728506
8450,valid,0,0.0
7369,valid,0,0.010884136720143628
3683,valid,0,0.0
4317,valid,0,0.0
7987,valid,0,0.0
4174,valid,0,0.013889104721498144
987,valid,0,0.033086581195746576
7424,valid,0,0.0
4640,valid,0,0.034956748387908444
6708,valid,0,0.0
3001,valid,0,0.03646743770884394
4616,valid,0,0.0
11028,valid,0,0.0
7274,valid,0,0.0
2437,valid,0,0.005793813610871189
7174,valid,0,0.034956848697469595
6997,valid,0,0.049936350383368786
9665,valid,0,0.03495674915041037
6974,valid,0,0.03495676856176245
2986,valid,0,0.0
9909,valid,0,0.05825498993772138
2418,valid,0,0.004312480027255398
2104,valid,0,0.0
5206,valid,0,0.0
1670,valid,0,0.0
7697,valid,0,0.0
7709,valid,0,0.007751282514976794
3604,valid,0,0.0
9313,valid,0,0.0
2972,valid,0,0.0
9045,valid,0,0.0
3664,valid,0,0.0
5179,valid,0,0.0
197,valid,0,0.03495680133798861
8990,valid,0,0.0
5695,valid,0,0.0
6719,valid,0,0.0027901970141864557
5998,valid,0,0.0
694,valid,0,0.0
8230,valid,0,0.0
8718,valid,0,0.0
3454,valid,0,0.0
10412,valid,0,0.0023212726866866937
5216,valid,0,0.002310182593578789
10192,valid,0,0.0
10985,valid,0,0.0
3466,valid,0,0.0
7004,valid,0,0.000717674931240614
3397,valid,0,0.0
7429,valid,0,0.03495674316720381
7923,valid,0,0.0084148646991211
1592,valid,0,0.0
2107,valid,0,0.0
8881,valid,0,0.0
847,valid,0,0.034956746554659156
5175,valid,0,0.0
1188,valid,0,0.0
8290,valid,0,0.0
3542,valid,0,0.03265529071610661
9072,valid,0,0.0
7371,valid,0,0.0
2102,valid,0,0.010884136720143628
6973,valid,0,0.010884136720143628
6984,valid,0,0.0
2345,valid,0,0.0
7978,valid,0,0.010884136720143628
8333,valid,0,0.0
9833,valid,0,0.0
3379,valid,0,0.000822518223471386
123,valid,0,0.0
7439,valid,0,0.0
3674,valid,0,0.00841485449017757
2272,valid,0,0.0
2263,valid,0,0.034956747203596955
2136,valid,0,0.0
5325,valid,0,0.0
2038,valid,0,0.0
1672,valid,0,0.03495674533790077
3178,valid,0,0.0
4334,valid,0,0.03324149707822374
4138,valid,0,0.022901126897870525
1621,valid,0,0.025827209956620942
8337,valid,0,0.04573712576014487
10993,valid,0,0.0
1404,valid,0,0.03732218673498725
4395,valid,0,0.0
2374,valid,0,0.023597838697570386
1708,valid,0,0.0
1717,valid,0,0.0
4331,valid,0,0.0
5539,valid,0,0.02334465616943639
7758,valid,0,0.010884136720143628
4382,valid,0,0.0
10061,valid,0,0.0020086323321321865
640,valid,0,0.0
3474,valid,0,0.0
10862,valid,0,0.0
3528,valid,0,0.0
180,valid,0,0.0
2094,valid,0,0.0
10363,valid,0,0.0
4431,valid,0,0.000822518223471386
5665,valid,0,0.010884136720143628
610,valid,0,0.0
11035,valid,0,0.010884136720143628
1657,valid,0,0.0
9540,valid,0,0.0
8227,valid,0,0.05948256851069792
975,valid,0,0.05948256851069792
10534,valid,0,0.034956743644173095
2045,valid,0,0.0
9044,valid,0,0.0018125203396857606
1529,valid,0,0.0
9242,valid,0,0.04676489653660137
7366,valid,0,0.03543909523955839
1384,valid,0,0.010884136720143628
7434,valid,0,0.010884136720143628
4314,valid,0,0.0
1704,valid,0,0.0
7149,valid,0,0.03495674249879787
5542,valid,0,0.0
5786,valid,0,0.0
5489,valid,0,0.0
9158,valid,0,0.0
2360,valid,0,0.0
5482,valid,0,0.0
2753,valid,0,0.0
3476,valid,0,0.03495674344949176
5689,valid,0,0.0
8369,valid,0,0.0
9171,valid,0,0.005793810009266372
1601,valid,0,0.04312600387344505
7211,valid,0,0.0027901970141864557
2904,valid,0,0.036072595035112134
7868,valid,0,0.0
5561,valid,0,0.0
5781,valid,0,0.0
6985,valid,0,0.04120201227827193
7993,valid,0,0.0
9878,valid,0,0.0
3781,valid,0,0.0
1813,valid,0,0.03495674233656342
6700,valid,0,0.0
1673,valid,0,0.0
6231,valid,0,0.0
9813,valid,0,0.0
7687,valid,0,0.0
8093,valid,0,0.0
2963,valid,0,0.010884136720143628
4340,valid,0,0.0
7874,valid,0,0.0
10861,valid,0,0.0
10545,valid,0,0.0
1712,valid,0,0.0
3290,valid,0,0.0
9814,valid,0,0.04422852364204767
842,valid,0,0.0
9213,valid,0,0.0
10296,valid,0,0.0
8283,valid,0,0.0
4635,valid,0,0.0
9948,valid,0,0.002685320107242689
8937,valid,0,0.0
3208,valid,0,0.000822518223471386
9157,valid,0,0.03495679822633184
10058,valid,0,0.03495674629832871
5168,valid,0,0.0027901970141864557
5969,valid,0,0.056382239227306355
9666,valid,0,0.056382239227306355
227,valid,0,0.0
8700,valid,0,0.0
3681,valid,0,0.0
6304,valid,0,0.030388245504855874
3885,valid,0,0.0
625,valid,0,0.0
4575,valid,0,0.0
3595,valid,0,0.034956744620824494
9859,valid,0,0.0
5218,valid,0,0.0
7427,valid,0,0.03495675241456753
3785,valid,0,0.03495674817700366
2161,valid,0,0.040871207751449076
2987,valid,0,0.010884136720143628
5664,valid,0,0.034956753446378636
8018,valid,0,0.0
2156,valid,0,0.0
8979,valid,0,0.03972578401509542
7862,valid,0,0.0
6732,valid,0,0.0
1482,valid,0,0.0
4248,valid,0,0.0
9175,valid,0,0.010884136720143628
9086,valid,0,0.0
1189,valid,0,0.0
9656,valid,0,0.03495694463967931
4567,valid,0,0.010884136720143628
9894,valid,0,0.023233199472476266
990,valid,0,0.0
2487,valid,0,0.034978920906924095
11023,valid,0,0.0
3236,valid,0,0.018490640719372387
1401,valid,0,0.0
7017,valid,0,0.02024597247373349
9087,valid,0,0.0017632849811221726
7754,valid,0,0.034979040756002534
9842,valid,0,0.050105501937946675
5774,valid,0,0.0
2375,valid,0,0.04003181604089803
9896,valid,0,0.0
6988,valid,0,0.0
6730,valid,0,0.0
5487,valid,0,0.0
284,valid,0,0.02619796263301378
3789,valid,0,0.035001299158691934
3197,valid,0,0.0
2115,valid,0,0.0
8532,valid,0,0.010884136720143628
5711,valid,0,0.03499030354768369
8988,valid,0,0.0
2151,valid,0,0.014884445132851646
2270,valid,0,0.0
8708,valid,0,0.0
8083,valid,0,0.034956746905085566
9534,valid,0,0.13456319334999542
2119,valid,0,0.13456319334999542
7627,valid,0,0.0037787220482665674
8566,valid,0,0.0037787220482665674
231,valid,0,0.0
2128,valid,0,0.047047369778263896
1400,valid,0,0.005793809113732203
10177,valid,0,0.034956750123817076
7267,valid,0,0.013767479174513821
7699,valid,0,0.004644838048079457
10355,valid,0,0.005793818562266638
5224,valid,0,0.03495674249555318
3596,valid,0,0.03495675804085829
2039,valid,0,0.01282742157911924
8995,valid,0,0.001986550698982936
121,valid,0,0.0
5993,valid,0,0.009385819308341271
9812,valid,0,0.003147644571791155
2267,valid,0,0.009385819308341271
10542,valid,0,0.034967840311020966
10424,valid,0,0.0
3791,valid,0,0.009385819308341271
8643,valid,0,0.0
1192,valid,0,0.005793808270113057
10419,valid,0,0.0
6858,valid,0,0.023841206071955882
196,valid,0,0.0
5961,valid,0,0.0
2441,valid,0,0.0
3461,valid,0,0.026839377000209396
7865,valid,0,0.0
7208,valid,0,0.044273910946984706
10176,valid,0,0.0
1596,valid,0,0.0
3199,valid,0,0.03495674233656342
7870,valid,0,0.012596412556180516
9288,valid,0,0.06987453987445254
10910,valid,0,0.010884136720143628
134,valid,0,0.0
8065,valid,0,0.0310188605854916
10694,valid,0,0.0
8372,valid,0,0.0
9904,valid,0,0.05904998893912399
1610,valid,0,0.057401689325241735
8451,valid,0,0.0
6838,valid,0,0.03189243194951753
3385,valid,0,0.0
1600,valid,0,0.0
9095,valid,0,0.010884136720143628
1337,valid,0,0.0
86,valid,0,0.04314505205518729
1395,valid,0,0.034956747852534754
7438,valid,0,0.03495768926660788
1817,valid,0,0.0067105412484404275
3795,valid,0,0.034956778336388133
8223,valid,0,0.012591901490754016
2442,valid,0,0.03495693831415806
2726,valid,0,0.005793812588794146
687,valid,0,0.010054024551428266
830,valid,0,0.0
9912,valid,0,0.004308310053616551
821,valid,0,0.004306649585014905
8981,valid,0,0.0
10521,valid,0,0.03495674330997013
9228,valid,0,0.007796105591620767
5595,valid,0,0.03495674752806585
9280,valid,0,0.0
5966,valid,0,0.0
8379,valid,0,0.0
2027,valid,0,0.02683943097090649
7751,valid,0,0.007784528742887479
4146,valid,0,0.0
261,valid,0,0.0
8893,valid,0,0.0
2754,valid,0,0.0
9068,valid,0,0.004302987786123883
10551,valid,0,0.0
9911,valid,0,0.03860411205492033
4258,valid,0,0.023762883188708433
19,valid,0,0.0
1345,valid,0,0.0
7871,valid,0,0.0
1187,valid,0,0.0
9612,valid,0,0.0
9102,valid,0,0.045232719618462564
10172,valid,0,0.04520464638263877
10701,valid,0,0.0006615896993795975
10422,valid,0,0.045196424031946764
6854,valid,0,0.023344667887079198
6725,valid,0,0.0
10414,valid,0,0.0007508811610260938
10909,valid,0,0.03495675181105537
10494,valid,0,0.0
10423,valid,0,0.0
4032,valid,0,0.0
7436,valid,0,0.005793829357347017
4614,valid,0,0.0059711689038443655
4183,valid,0,0.0428180413045771
104,valid,0,0.004315021266075835
2902,valid,0,0.0057938150709812486
1350,valid,0,0.0
6234,valid,0,0.0
9400,valid,0,0.0
7365,valid,0,0.0
6728,valid,0,0.030652453151855615
7411,valid,0,0.0
3532,valid,0,0.0
10981,valid,0,0.0
9951,valid,0,0.007784565271904744
9685,valid,0,0.004689244170269384
5209,valid,0,0.0
3884,valid,0,0.010053635567441276
10453,valid,0,0.026198037992554907
1644,valid,0,0.0
3118,valid,0,0.0
5775,valid,0,0.0
8010,valid,0,0.0
10368,valid,0,0.0
5779,valid,0,0.007784521548600741
685,valid,0,0.007784494994317241
5806,valid,0,0.0
7628,valid,0,0.03495690093696287
5778,valid,0,0.0004749573030509764
832,valid,0,0.0043342534203190215
10295,valid,0,0.007784457476132192
2751,valid,0,0.0
859,valid,0,0.026198622036579036
10696,valid,0,0.017769777818726976
5169,valid,0,0.0
5180,valid,0,0.0
9901,valid,0,0.004239993289165127
9952,valid,0,0.0
2055,valid,0,0.0
1354,valid,0,0.0
4557,valid,0,0.0
7877,valid,0,0.0
10135,valid,0,0.002310182796371853
1491,valid,0,0.0
3536,valid,0,0.0
7426,valid,0,0.0
10801,valid,0,0.03495674233656342
202,valid,0,0.03495674696024528
4612,valid,0,0.0632632913555513
2023,valid,0,0.0
6972,valid,0,0.0
7926,valid,0,0.013223921906420466
9728,valid,0,0.0069329410783783175
7636,valid,0,0.0
7708,valid,0,0.028628616386478338
3383,valid,0,0.003147644571791155
977,valid,0,0.040196612525681075
7378,valid,0,0.0
10986,valid,0,0.0
3152,valid,0,0.0
3132,valid,0,0.0
2092,valid,0,0.003147644571791155
4564,valid,0,0.0
6853,valid,0,0.0
5991,valid,0,0.0
4383,valid,0,0.05656070040565639
9679,valid,0,0.0017941260612667391
9725,valid,0,0.03711094789485918
282,valid,0,0.0
1397,valid,0,0.0
8757,valid,0,0.0
9286,valid,0,0.0018125232550388476
3002,valid,0,0.0
4256,valid,0,0.0
9537,valid,0,0.0
5223,valid,0,0.010884136720143628
10802,valid,0,0.03495674889083525
8573,valid,0,0.0
6387,valid,0,0.0020086323321321865
5200,valid,0,0.01218761350439316
3125,valid,0,0.0
5655,valid,0,0.0
5220,valid,0,0.03495674493231464
6703,valid,0,0.0
10523,valid,0,0.034957072817874475
5543,valid,0,0.03929949606514948
3380,valid,0,0.0
3283,valid,0,0.03495675090254244
9312,valid,0,0.0
1487,valid,0,0.0
7169,valid,0,0.0
8650,valid,0,0.03495674830679122
8294,valid,0,0.025079857998718567
8579,valid,0,0.0
5337,valid,0,0.06929978408066274
9216,valid,0,0.0388583622540217
3682,valid,0,0.0
403,valid,0,0.0
7854,valid,0,0.0
10856,valid,0,0.03495674493231464
5795,valid,0,0.003147644571791155
9865,valid,0,0.03495674330997013
7630,valid,0,0.0
192,valid,0,0.03495674743072519
8691,valid,0,0.0
2099,valid,0,0.0
7760,valid,0,0.0
1611,valid,0,0.0
9049,valid,0,0.03495674249879787
6305,valid,0,0.023355745014425992
10919,valid,0,0.03495674786875821
3450,valid,0,0.0
6727,valid,0,0.08601319754991023
1347,valid,0,0.0020086323321321865
5812,valid,0,0.0
9310,valid,0,0.0
1475,valid,0,0.0
9164,valid,0,0.03756695092131813
2893,valid,0,0.0
402,valid,0,0.0
5780,valid,0,0.0
4424,valid,0,0.0
823,valid,0,0.04529586516727778
9544,valid,0,0.0
9281,valid,0,0.0
1615,valid,0,0.0
9935,valid,0,0.0
139,valid,0,0.0
10991,valid,0,0.0
1663,valid,0,0.0
1342,valid,0,0.036157686260256366
6593,valid,0,0.04474057035558081
2141,valid,0,0.0909644558285662
8985,valid,0,0.043955374546753745
9717,valid,0,0.0
1336,valid,0,0.007922297969414856
7158,valid,0,0.026197914488415398
4605,valid,0,0.053502726418279356
1720,valid,0,0.058829943170332126
8004,valid,0,0.0027901970141864557
9403,valid,0,0.0027901970141864557
6391,valid,0,0.034956742855713666
8449,valid,0,0.005793808646496983
689,valid,0,0.0
4038,valid,0,0.0
8298,valid,0,0.06921028445192777
2419,valid,0,0.08696002917282632
6731,valid,0,0.0
5608,valid,0,0.03575860284243397
2908,valid,0,0.0
7176,valid,0,0.012626215830956704
6069,valid,0,0.0
10140,valid,0,0.03495674623019025
6859,valid,0,0.0
2918,valid,0,0.04966255690866812
2351,valid,0,0.0
976,valid,0,0.0
5654,valid,0,0.01259643114590433
8941,valid,0,0.0
3130,valid,0,0.033716978449882716
4489,valid,0,0.0
7688,valid,0,0.0
3215,valid,0,0.06986481506530949
9302,valid,0,0.0
8006,valid,0,0.0
7224,valid,0,0.07711528758202132
253,valid,0,0.06294173747240545
10362,valid,0,0.010884136720143628
7896,valid,0,0.05523471205619155
4142,valid,0,0.046929242898853724
187,valid,0,0.010884136720143628
115,valid,0,0.040173401115401706
9960,valid,0,0.0
1863,valid,0,0.0
3524,valid,0,0.05066899933755991
127,valid,0,0.025235766270225318
4132,valid,0,0.04688625682471367
3555,valid,0,0.0
8939,valid,0,0.0
9314,valid,0,0.01644376377711684
8685,valid,0,0.0
5768,valid,0,0.01005843096374199
5277,valid,0,0.0
9818,valid,0,0.0
10349,valid,0,0.0010113409874657154
2379,valid,0,0.0
5331,valid,0,0.053116128781777475
6034,valid,0,0.0
179,valid,0,0.010093450793390739
5994,valid,0,0.0
1849,valid,0,0.0233446653104392
2122,valid,0,0.0
5699,valid,0,0.00044179117878990836
9731,valid,0,0.00044179117878990836
3545,valid,0,0.0017572630705100605
9547,valid,0,0.0
4391,valid,0,0.05011539930494767
2013,valid,0,0.06635833487501452
8588,valid,0,0.07604225640709276
2024,valid,0,0.03434753989684415
9106,valid,0,0.0
8695,valid,0,0.0
10417,valid,0,0.0
10908,valid,0,0.0
1375,valid,0,0.06854857636845213
5988,valid,0,0.0
254,valid,0,0.03495674259613854
6969,valid,0,0.0
9538,valid,0,0.07016448284194281
3182,valid,0,0.0
8687,valid,0,0.018478839835407306
3146,valid,0,0.0
6038,valid,0,0.0
5766,valid,0,0.005793818510351613
2966,valid,0,0.0
3549,valid,0,0.06732014000704273
10640,valid,0,0.004319334539891136
1367,valid,0,0.034911339463784254
3490,valid,0,0.02619804619756227
7275,valid,0,0.0
183,valid,0,0.034956757158302876
4263,valid,0,0.0
5691,valid,0,0.03495674249879787
10354,valid,0,0.0
9065,valid,0,0.004430001674940753
270,valid,0,0.026540779271100285
8330,valid,0,0.05627304083780552
8763,valid,0,0.0
2016,valid,0,0.05576688972538746
10333,valid,0,0.006710542768771917
267,valid,0,0.005970815981177057
7014,valid,0,0.0
5210,valid,0,0.0
239,valid,0,0.03462921923601957
1662,valid,0,0.03495675537047923
133,valid,0,0.025235854583473535
10700,valid,0,0.028927495330507196
8533,valid,0,0.0018125203429304499
4168,valid,0,0.030510616716640855
6074,valid,0,0.05073406149300285
9090,valid,0,0.0
6976,valid,0,0.0
5173,valid,0,0.0
9080,valid,0,0.02523577933996249
5267,valid,0,0.0
3228,valid,0,0.0
7402,valid,0,0.0
1403,valid,0,0.0
1411,valid,0,0.0
5274,valid,0,0.09007964663365503
5571,valid,0,0.0
9079,valid,0,0.0
6393,valid,0,0.007777967799645262
3465,valid,0,0.0
7408,valid,0,0.026595052488458625
10790,valid,0,0.007852056795423563
4039,valid,0,0.026928136756763706
2734,valid,0,0.034956745743486894
3668,valid,0,0.0
10518,valid,0,0.007777967799645262
9854,valid,0,0.0015250380227068369
2727,valid,0,0.0015250380227068369
9308,valid,0,0.0
8921,valid,0,0.06732020274447081
8049,valid,0,0.0
628,valid,0,0.034956781217671984
7983,valid,0,0.0
1490,valid,0,0.03495674330997013
3451,valid,0,0.048170490704564244
10526,valid,0,0.005793808604316026
8291,valid,0,0.020985406056656327
7253,valid,0,0.03304122310159029
9902,valid,0,0.0
7892,valid,0,0.0
8940,valid,0,0.0
4267,valid,0,0.0
7893,valid,0,0.00014005669006479418
4610,valid,0,0.0008835534636240672
8234,valid,0,0.0
2976,valid,0,0.0
9822,valid,0,0.0
1825,valid,0,0.0
8530,valid,0,0.0
9099,valid,0,0.0
10711,valid,0,0.0
6742,valid,0,0.0
1850,valid,0,0.0
2118,valid,0,0.0
1399,valid,0,0.0
7701,valid,0,0.0
11034,valid,0,0.0
8457,valid,0,0.0
8374,valid,0,0.0
4496,valid,0,0.0
8648,valid,0,0.0
9167,valid,0,0.0
288,valid,0,0.0
5191,valid,0,0.0
5171,valid,0,0.010549327857121439
5203,valid,0,0.0
5964,valid,0,0.03733586983907522
9682,valid,0,0.0
2417,valid,0,0.0
9809,valid,0,0.036321282443494536
7251,valid,0,0.054317941958053936
2154,valid,0,0.0
9670,valid,0,0.03495674277784113
10293,valid,0,0.0
9735,valid,0,0.0025254554473902757
10911,valid,0,0.0
7428,valid,0,0.0021607751132256604
1721,valid,0,0.0021607751132256604
5181,valid,0,0.040340275795754534
10983,valid,0,0.0
2426,valid,0,0.03495674777141753
6086,valid,0,0.0
1485,valid,0,0.005529182731808965
6987,valid,0,0.0
1402,valid,0,0.034956839365743966
2032,valid,0,0.00418619428078812
3669,valid,0,0.0019157277423096715
4261,valid,0,0.03495674249879787
10693,valid,0,0.0
3876,valid,0,0.0
7693,valid,0,0.0
10650,valid,0,0.04002083202303388
4050,valid,0,0.041176938434295984
9944,valid,0,0.034956757158302876
6596,valid,0,0.0
4617,valid,0,0.06349285747273047
1492,valid,0,0.010884136720143628
2728,valid,0,0.0
5800,valid,0,0.0
281,valid,0,0.07017633940940661
7423,valid,0,0.010884136720143628
5,valid,0,0.05722530529875575
6704,valid,0,0.03224493398228659
9689,valid,0,0.037200808664532986
6998,valid,0,0.06258788758523591
9657,valid,0,0.0
10982,valid,0,0.0
7020,valid,0,0.0
3133,valid,0,0.01996072024330056
2895,valid,0,0.03495674947487927
5968,valid,0,0.0
10644,valid,0,0.0
4624,valid,0,0.0
9226,valid,0,0.0
8943,valid,0,0.012141789509039214
7919,valid,0,0.02270205137623523
9941,valid,0,0.010884136720143628
2353,valid,0,0.0
7214,valid,0,0.0
4493,valid,0,0.010884136720143628
2744,valid,0,0.0038899072824851375
9627,valid,0,0.0
2160,valid,0,0.0
5713,valid,0,0.0
4046,valid,0,0.0019341827513315332
4639,valid,0,0.0
3538,valid,0,0.0
8340,valid,0,0.05267940548327518
3200,valid,0,0.011887239634032135
3680,valid,0,0.0
8986,valid,0,0.0
9817,valid,0,0.035299020784821195
283,valid,0,0.0
8938,valid,0,0.0
826,valid,0,0.034856106729454384
849,valid,0,0.0
3518,valid,0,0.0
7407,valid,0,0.0
2165,valid,0,0.0
3788,valid,0,0.0025756321684231496
138,valid,0,0.04327967747430916
7886,valid,0,0.026828327466882365
8574,valid,0,0.0
9224,valid,0,0.04042882933617606
7255,valid,0,0.0
10416,valid,0,0.0
5663,valid,0,0.0
242,valid,0,0.0
840,valid,0,0.0
3237,valid,0,0.04712061954319741
3556,valid,0,0.017382887027633014
7279,valid,0,0.008945684270524027
391,valid,0,0.0
9601,valid,0,0.0
10695,valid,0,0.07420789391047641
8016,valid,0,0.05737909468152891
6584,valid,0,0.003147644571791155
1647,valid,0,0.03495674590247665
9939,valid,0,0.0
9598,valid,0,0.0
5344,valid,0,0.026837762729906355
3134,valid,0,0.025488955136129268
5546,valid,0,0.0
131,valid,0,0.0
4047,valid,0,0.042375150071588125
3230,valid,0,0.0189196616074463
1692,valid,0,0.05489300324274144
6085,valid,0,0.048023771433374746
7878,valid,0,0.048023771433374746
2111,valid,0,0.0
10671,valid,0,0.0
10449,valid,0,0.016841895127331433
5970,valid,0,0.0011700054537515218
130,valid,0,0.00048050099656960627
1398,valid,0,0.0
135,valid,0,0.06849512694979107
5276,valid,0,0.03662434234476082
8232,valid,0,0.0021607751132256604
6705,valid,0,0.011002668692625431
5323,valid,0,0.06910405674829465
10638,valid,0,0.0
827,valid,0,0.0
20,valid,0,0.008789923937449706
6857,valid,0,0.03492247794224647
6390,valid,0,0.0
9321,valid,0,0.05923606604324091
8295,valid,0,0.05169591811607496
4392,valid,0,0.0252358307297366
5653,valid,0,0.0
3128,valid,0,0.0458676102342221
9855,valid,0,0.0
2012,valid,0,0.024525763440696895
9864,valid,0,0.0
7916,valid,0,0.062000940913200665
10789,valid,0,0.0
5792,valid,0,0.03609524739872759
2110,valid,0,0.03495674499720842
822,valid,0,0.01424183002136094
8086,valid,0,0.0
8890,valid,0,0.02695873032738735
10532,valid,0,0.0
4570,valid,0,0.0
973,valid,0,0.0
626,valid,0,0.0
814,valid,0,0.0
5650,valid,0,0.034956761155759755
1651,valid,0,0.0
8698,valid,0,0.0011689899116656213
240,valid,0,0.000382587354240383
2432,valid,0,0.000382587354240383
2162,valid,0,0.0013481115064164796
2358,valid,0,0.0011689899116656213
256,valid,0,0.0
10183,valid,0,0.03496859170312614
9624,valid,0,0.034956752278290586
6699,valid,0,0.0
2299,valid,0,0.03495684621852718
8514,valid,0,0.0
5341,valid,0,0.04815910964656396
4621,valid,0,0.03962662578131956
7225,valid,0,0.02451584106714718
9806,valid,0,0.0
120,valid,0,0.08177993798311033
8066,valid,0,0.0
7010,valid,0,0.0
2015,valid,0,0.04173261876768276
2967,valid,0,0.0
4296,valid,0,0.0
2362,valid,0,0.0
1855,valid,0,0.0
9295,valid,0,0.08688377535358127
7707,valid,0,0.00021498315116852323
8589,valid,0,0.0626420260205616
7156,valid,0,0.127751000005497
7221,valid,0,0.019960566897967016
9077,valid,0,0.05052569759635033
1722,valid,0,0.03960048525595815
8044,valid,0,0.0550937838708265
10708,valid,0,0.0
10680,valid,0,0.0
8057,valid,0,0.08079548745062791
9203,valid,0,0.14700245282792135
2292,valid,0,0.14700245282792135
10705,valid,0,0.028410462179287874
10360,valid,0,0.0
9605,valid,0,0.0534441342512238
853,valid,0,0.012141952297521012
7264,valid,0,0.06291773909122741
8761,valid,0,0.1185320478823627
10921,valid,0,0.11372726944543102
2365,valid,0,0.0727246935159761
4423,valid,0,0.0
233,valid,0,0.053265060067732586
6030,valid,0,0.03138270887641651
9061,valid,0,0.07405643015881222
2428,valid,0,0.03495676258342292
4393,valid,0,0.0189196616074463
8371,valid,0,0.0
635,valid,0,0.13079267372006687
1711,valid,0,0.13079267372006687
2363,valid,0,0.1174804389410909
5484,valid,0,0.1174804389410909
9214,valid,0,0.06351671952356196
4611,valid,0,0.0
9608,valid,0,0.08388201667471659
1658,valid,0,0.08388201667471659
6965,valid,0,0.036023431854455897
7152,valid,0,0.09427880081681514
9088,valid,0,0.04445772317814591
2907,valid,0,0.0
9602,valid,0,0.0464967605332025
10365,valid,0,0.0
10492,valid,0,0.0
9908,valid,0,0.004693452834261359
7994,valid,0,0.04115063202183523
8936,valid,0,0.0
1338,valid,0,0.0
828,valid,0,0.057789230928801075
2041,valid,0,0.03495674817700366
3145,valid,0,0.07568138530628025
8722,valid,0,0.03801315780065338
10415,valid,0,0.010407616768360077
636,valid,0,0.0
9683,valid,0,0.09617743175692225
2170,valid,0,0.053389163775545465
5813,valid,0,0.0
5550,valid,0,0.02860804486813665
2296,valid,0,0.03495676894301341
845,valid,0,0.05000625084874117
7872,valid,0,0.04990529063843267
4053,valid,0,0.06933047233141905
1652,valid,0,0.0
4324,valid,0,0.0004141523432242389
271,valid,0,0.0759872424574522
5610,valid,0,0.0
6572,valid,0,0.0
8284,valid,0,0.038255164093310624
9162,valid,0,0.038255164093310624
9676,valid,0,0.012130744684129096
7406,valid,0,0.0
1391,valid,0,0.005952904474069317
388,valid,0,0.012643792051870285
4342,valid,0,0.05567814496281339
5553,valid,0,0.06396221007673913
852,valid,0,0.06546215636485014
3012,valid,0,0.10296496839392279
5544,valid,0,0.10296496839392279
5263,valid,0,0.001829759000193428
7702,valid,0,0.0021103062080386798
9868,valid,0,0.03495678924178794
124,valid,0,0.0
9938,valid,0,0.0
117,valid,0,0.07353724312487665
7398,valid,0,0.07697793958018934
2923,valid,0,0.0
6573,valid,0,0.03677647669648952
5201,valid,0,0.045043865258999595
4434,valid,0,0.0
6697,valid,0,0.014098146127249113
248,valid,0,0.004346849418292609
811,valid,0,0.07240539653843794
9548,valid,0,0.0
1701,valid,0,0.08771374941382251
7634,valid,0,0.012617740425158206
2384,valid,0,0.08677412152930561
7218,valid,0,0.09356831861510648
2411,valid,0,0.032456260080834104
5334,valid,0,0.0
8376,valid,0,0.0
8349,valid,0,0.0027901970141864557
1484,valid,0,0.031233192528864875
2984,valid,0,0.034956745581252446
3678,valid,0,0.07843057304537654
8005,valid,0,0.06175659693102412
10544,valid,0,0.03495674531518794
6717,valid,0,0.035641237229975746
8891,valid,0,0.07434920865115743
9235,valid,0,0.10777322236964573
2,valid,0,0.10777322236964573
8887,valid,0,0.0
8054,valid,0,0.03495465287374613
6738,valid,0,0.06253662263982336
9161,valid,0,0.06253662263982336
4056,valid,0,0.08811133079731842
226,valid,0,0.054951634827018266
1237,valid,0,0.012603063226060173
3468,valid,0,0.08834014335320457
2368,valid,0,0.028486079305387473
9955,valid,0,0.03495674298550123
5771,valid,0,0.005793811028098726
125,valid,0,0.034956744283376834
9629,valid,0,0.0007620176260614267
9848,valid,0,0.06400268002551474
3004,valid,0,0.007796005902573951
3482,valid,0,0.0
8874,valid,0,0.10830276316579569
3151,valid,0,0.04541654521368199
8084,valid,0,0.0
2424,valid,0,0.04782528402458261
6723,valid,0,0.0
2905,valid,0,0.07326714953647162
9953,valid,0,0.03602342630603767
851,valid,0,0.07302289836013726
9847,valid,0,0.0043009679136697225
1607,valid,0,0.0
4322,valid,0,0.05101129712509845
2105,valid,0,0.0
9860,valid,0,0.02341149947559391
8001,valid,0,0.0
5808,valid,0,0.034956742904384
10651,valid,0,0.01532794597282468
10332,valid,0,0.006589908799485713
3124,valid,0,0.006589908799485713
1861,valid,0,0.0512189026925919
9545,valid,0,0.034956742417680646
9531,valid,0,0.06416529465473345
9047,valid,0,0.07488617229467867
6075,valid,0,0.013889287968604074
848,valid,0,0.0576433852326467
5483,valid,0,0.0576433852326467
3126,valid,0,0.0027901970141864557
7410,valid,0,0.044176579946600424
3221,valid,0,0.0380302102783126
4054,valid,0,0.0
9832,valid,0,0.0
10174,valid,0,0.017644930472699515
1374,valid,0,0.017644930472699515
6995,valid,0,0.0
7921,valid,0,0.011960286227016108
7990,valid,0,0.06750748520383822
837,valid,0,0.06750748520383822
9317,valid,0,0.15010282042437526
641,valid,0,0.15010282042437526
5177,valid,0,0.07969225824061414
2129,valid,0,0.03622821010126911
8296,valid,0,0.05833457996761387
8976,valid,0,0.07360448915742293
6583,valid,0,0.00579381380555253
3665,valid,0,0.02552228283308057
2737,valid,0,0.014146989137517971
4034,valid,0,0.014146989137517971
8651,valid,0,0.034956767061093776
3558,valid,0,0.0
9844,valid,0,0.0
7007,valid,0,0.05888436455832564
4252,valid,0,0.001738534538126517
9209,valid,0,0.02524691662304882
7996,valid,0,0.04971457377220066
8752,valid,0,0.08630012744901104
1871,valid,0,0.06413948502216232
9614,valid,0,0.03521953350821441
10648,valid,0,0.07268057277490218
3398,valid,0,0.0
2017,valid,0,0.04915995107274458
9225,valid,0,0.0
9834,valid,0,0.09111125824197071
8886,valid,0,0.09720857208620266
8705,valid,0,0.0033089826743224683
7629,valid,0,0.24664188396294393
9215,valid,0,0.24664188396294393
241,valid,0,0.060049411422308824
3231,valid,0,0.026243069537347116
9057,valid,0,0.08651020584826226
1478,valid,0,0.03495685038470789
6841,valid,0,0.026873842726619173
7153,valid,0,0.0650960414195428
7155,valid,0,0.025564498075209056
3191,valid,0,0.025564498075209056
10496,valid,0,0.008945676286804451
6035,valid,0,0.09320887967139885
6964,valid,0,0.0003306826646154557
6026,valid,0,0.06427833320523048
8456,valid,0,0.003147644571791155
4148,valid,0,0.02080288492527743
9108,valid,0,0.0
4327,valid,0,0.033561401834053546
8646,valid,0,0.0349572083388009
820,valid,0,0.0
9720,valid,0,0.014407709944304545
10979,valid,0,0.0
9103,valid,0,0.06067589350659016
9285,valid,0,0.0
108,valid,0,0.0
7207,valid,0,0.004326695830771305
4169,valid,0,0.0263616016621472
5607,valid,0,0.03496174942061016
9609,valid,0,0.0
1706,valid,0,0.04534904813655469
4632,valid,0,0.05340870572668855
2486,valid,0,0.0
5702,valid,0,0.0
5329,valid,0,0.057102671060778966
4328,valid,0,0.08717219675440425
8045,valid,0,0.07581573686048848
2915,valid,0,0.00047496448760364553
2293,valid,0,0.034956953066136706
10799,valid,0,0.034956745743486894
8565,valid,0,0.04633457271127281
9206,valid,0,0.0
10291,valid,0,0.005793811436929543
8289,valid,0,0.012407411501628987
8878,valid,0,0.03064320327051468
9323,valid,0,0.08689134667199241
5960,valid,0,0.0
6996,valid,0,0.052462178872567586
4335,valid,0,0.07667945365528941
8329,valid,0,0.07110936735233736
9710,valid,0,0.06911422687811418
1183,valid,0,0.0
181,valid,0,0.0
290,valid,0,0.06201028162803049
7172,valid,0,0.03495674979934817
854,valid,0,0.005694295019067913
7396,valid,0,0.00432318248946842
6729,valid,0,0.0
9867,valid,0,0.03495675815442241
7891,valid,0,0.02037964370786429
10359,valid,0,0.0
2481,valid,0,0.0
8922,valid,0,0.06073685849167745
2921,valid,0,0.004533086416836257
846,valid,0,0.00794329661397862
980,valid,0,0.0
9401,valid,0,0.03495674623019025
2370,valid,0,0.0
10425,valid,0,0.026199836972419694
1606,valid,0,0.026199836972419694
9600,valid,0,0.03612798948008982
8515,valid,0,0.06420849714629047
8918,valid,0,0.06420849714629047
6598,valid,0,0.0583860618914389
835,valid,0,0.1079325427724644
3488,valid,0,0.0009341540851641918
10703,valid,0,0.05793242783140579
8883,valid,0,0.08305985829503582
10641,valid,0,0.06014206992346433
1625,valid,0,0.04289500003822402
7685,valid,0,0.046178712695787064
9089,valid,0,0.01058287996708368
2483,valid,0,0.0
2414,valid,0,0.0
2143,valid,0,0.051292406362645246
5473,valid,0,0.051292406362645246
1581,valid,0,0.07808992784810236
3142,valid,0,0.07170695282988189
10324,valid,0,0.0
7766,valid,0,0.0
2005,valid,0,0.0
3149,valid,0,0.07629850520852009
7690,valid,0,0.03626464142626415
6587,valid,0,0.0
2106,valid,0,0.03495690333478805
6746,valid,0,0.08821362235903679
6079,valid,0,0.04469643952384258
10540,valid,0,0.0
2892,valid,0,0.0
607,valid,0,0.0006984535029222911
4377,valid,0,0.07599935672629256
2888,valid,0,0.005793812832145823
7999,valid,0,0.01488444802322063
9736,valid,0,0.0
400,valid,0,0.001364057561305207
614,valid,0,0.01008206276862942
6601,valid,0,0.07769682734892401
1853,valid,0,0.0010163379709429313
7403,valid,0,0.042307874638081014
3535,valid,0,0.012827434760652172
8446,valid,0,0.0
3144,valid,0,0.03854863571061064
7631,valid,0,0.0
5811,valid,0,0.005793822459138154
264,valid,0,0.0
6067,valid,0,0.06892860852254325
7012,valid,0,0.04440737280432424
4309,valid,0,0.03495674346895989
9730,valid,0,0.06267462750760526
7917,valid,0,0.0
6599,valid,0,0.024355378293776375
2914,valid,0,0.08005167117851318
4055,valid,0,0.02652945701055954
1595,valid,0,0.02995063179479697
7416,valid,0,0.09222536007370721
3770,valid,0,0.01029249678901785
9882,valid,0,0.03495674249879787
3878,valid,0,0.0
9046,valid,0,0.0011700054537515218
7159,valid,0,0.071943135999114
4302,valid,0,0.0
6031,valid,0,0.04708693686247159
3459,valid,0,0.009520923334172834
7397,valid,0,0.0777987041809909
4048,valid,0,0.03776464927062432
7252,valid,0,0.04817967626458808
9227,valid,0,0.0
5343,valid,0,0.08018863768192913
3011,valid,0,0.012829404519663657
252,valid,0,0.035641269018972827
6715,valid,0,0.036956140214120387
8748,valid,0,0.08834407297143797
985,valid,0,0.06738539853240226
992,valid,0,0.03963026715720104
8584,valid,0,0.09979723719154579
8721,valid,0,0.0011489717677779687
2750,valid,0,0.057401302838820153
10794,valid,0,0.0
5814,valid,0,0.037381915504196804
2420,valid,0,0.0027901970141864557
268,valid,0,0.03495674249555318
1857,valid,0,0.08904912733787088
9204,valid,0,0.09353245623121303
4308,valid,0,0.09353245623121303
3486,valid,0,0.0
7119,valid,0,0.034956758819583655
855,valid,0,0.09852427249424256
4323,valid,0,0.049043301017189005
7694,valid,0,0.04654337568569741
1584,valid,0,0.0
2155,valid,0,0.03253755913991537
8765,valid,0,0.0
7268,valid,0,0.004300898964027983
9172,valid,0,0.11164281261928302
1598,valid,0,0.11164281261928302
9532,valid,0,0.003630213997585323
2275,valid,0,0.0
1518,valid,0,0.07195292811105229
1698,valid,0,0.07195292811105229
3141,valid,0,0.04572663952359985
3123,valid,0,0.1012460896903806
815,valid,0,0.07172928473199709
9092,valid,0,0.08349078253619104
4320,valid,0,0.07201966200741855
829,valid,0,0.10036462711006626
7160,valid,0,0.008956748642495344
3533,valid,0,0.06835834223708905
1381,valid,0,0.0
9282,valid,0,0.10261403955906939
2158,valid,0,0.0
6979,valid,0,0.03495675207063049
10646,valid,0,0.02061192116706441
8288,valid,0,0.05156312284520445
3467,valid,0,0.047151570664092764
9296,valid,0,0.0
8570,valid,0,0.03495674614907302
6306,valid,0,0.0
1528,valid,0,0.034956743254810414
2408,valid,0,0.03228770328625801
10455,valid,0,0.0790266871065548
3460,valid,0,0.08171994935373167
100,valid,0,0.0766432118942024
1695,valid,0,0.08445555303373661
7368,valid,0,0.0
2399,valid,0,0.026209361235647884
137,valid,0,0.055015952065960654
9222,valid,0,0.03495674233656342
11031,valid,0,0.04769646021969128
5574,valid,0,0.05745680532098185
2423,valid,0,0.07017910751706564
7691,valid,0,0.013667946281224527
5987,valid,0,0.0
2100,valid,0,0.00685874953896353
4150,valid,0,0.0
2116,valid,0,0.0
9677,valid,0,0.0
7115,valid,0,0.0
7888,valid,0,0.05652893968458642
9850,valid,0,0.06232015268783989
7413,valid,0,0.00677659471527844
6971,valid,0,0.0
9942,valid,0,0.03495674752806585
5183,valid,0,0.02986842309513711
686,valid,0,0.0
2018,valid,0,0.07357851062201028
4298,valid,0,0.005793808127346739
2034,valid,0,0.0508220986811607
8229,valid,0,0.034956743634439034
9093,valid,0,0.06510412610344847
10864,valid,0,0.06510412610344847
9311,valid,0,0.0
9309,valid,0,0.05584474181917235
10653,valid,0,0.0
8997,valid,0,0.060717149049979886
2960,valid,0,0.0
9299,valid,0,0.026229995249620372
7277,valid,0,0.0725705945126173
136,valid,0,0.08557060186713558
8696,valid,0,0.026329968776993687
10452,valid,0,0.02538958385983643
5560,valid,0,0.04388058223793083
843,valid,0,0.07702244384742378
3559,valid,0,0.04524885654725563
2163,valid,0,0.04334726819002395
4384,valid,0,0.07325559132281784
6230,valid,0,0.010672028049894934
9293,valid,0,0.0
101,valid,0,0.05399624767012786
4186,valid,0,0.07878937231784379
251,valid,0,0.05493761732594485
3464,valid,0,0.06411177194277788
236,valid,0,0.050776796502389664
6603,valid,0,0.02543373727097621
8351,valid,0,0.033649696182557594
10421,valid,0,0.0
9691,valid,0,0.0
5563,valid,0,0.11549619192539184
4329,valid,0,0.018403312653346507
3553,valid,0,0.05269113409322165
5478,valid,0,0.006401489741986251
8877,valid,0,0.0
1851,valid,0,0.062142436414870904
8880,valid,0,0.09205737835738174
8281,valid,0,0.0
8297,valid,0,0.0043013190133571735
2430,valid,0,0.0
3544,valid,0,0.06809667646493188
2406,valid,0,0.0050678804175768
8756,valid,0,0.08633347083700266
8000,valid,0,0.08545853015585418
5690,valid,0,0.034956750772754876
10677,valid,0,0.034956743926461045
5165,valid,0,0.002409727983187588
7689,valid,0,0.0004085991781338822
2372,valid,0,0.10240702418680442
4319,valid,0,0.033284639709637825
6991,valid,0,0.05745043682673482
11027,valid,0,0.05884746131045146
2922,valid,0,0.004301095963699669
10858,valid,0,0.03495674790444978
9678,valid,0,0.06846784427555908
90,valid,0,0.0
3513,valid,0,0.0
9533,valid,0,0.07581698266805001
3294,valid,0,0.07581698266805001
9083,valid,0,0.07844353964053812
991,valid,0,0.07479363687172719
9959,valid,0,0.0
1866,valid,0,0.06055096800590201
8534,valid,0,0.006814381537372561
3232,valid,0,0.023519388097636113
10673,valid,0,0.034956762860843836
5804,valid,0,0.03815429977380827
1715,valid,0,0.03444699049636741
974,valid,0,0.0
4389,valid,0,0.004324835921296758
6245,valid,0,0.09131015357827378
286,valid,0,0.0002997826158855027
275,valid,0,0.004303867521303099
263,valid,0,0.07440001993906414
6978,valid,0,0.013415060637578037
6837,valid,0,0.05789316860215935
1603,valid,0,0.0
1605,valid,0,0.0
8019,valid,0,0.0
2048,valid,0,0.0
273,valid,0,0.07786586946972979
230,valid,0,0.07767840274119023
4305,valid,0,0.04116328764965846
6736,valid,0,0.10012930496615455
2167,valid,0,0.004301992659468675
9654,valid,0,0.034956811227800755
3456,valid,0,0.032974817070494565
289,valid,0,0.0
8876,valid,0,0.05906439219497631
10541,valid,0,0.005793812316240269
6579,valid,0,0.00014005669006479418
3192,valid,0,0.0
3656,valid,0,0.07287896802302704
1710,valid,0,0.0552193632487769
8332,valid,0,0.0175927321852789
8090,valid,0,0.0067105398808688975
7220,valid,0,0.0
10866,valid,0,0.06449711537758504
3473,valid,0,0.06449711537758504
7381,valid,0,0.03495674298550123
6045,valid,0,0.05542398578363114
2042,valid,0,0.029192627983034694
2359,valid,0,0.019971677343711285
4184,valid,0,0.014851238502866222
9712,valid,0,0.0
1593,valid,0,0.0722187199010715
2919,valid,0,0.020855213214988386
9405,valid,0,0.005793813698477792
9597,valid,0,0.03322141430104881
2736,valid,0,0.03322141430104881
1238,valid,0,0.006710570884781025
9899,valid,0,0.07954629439586743
8324,valid,0,0.0057938081695276976
2367,valid,0,0.0
3227,valid,0,0.0
4262,valid,0,0.041534590427686334
3515,valid,0,0.07162015537829723
5339,valid,0,0.06553265809938932
4149,valid,0,0.014884415631490113
3224,valid,0,0.0
9097,valid,0,0.0
2056,valid,0,0.09512145929710752
5651,valid,0,0.035769036233867846
9071,valid,0,0.05512528005347423
2020,valid,0,0.0
7198,valid,0,0.0
2108,valid,0,0.021418789045497422
5797,valid,0,0.0013658625591074526
8292,valid,0,0.004764916741720165
5764,valid,0,0.0
8011,valid,0,0.0
4648,valid,0,0.0
7260,valid,0,0.062432519224586765
4044,valid,0,0.0
2049,valid,0,0.0
9043,valid,0,0.0822025257523534
9073,valid,0,0.053245294381650626
1700,valid,0,0.0027901970141864557
10714,valid,0,0.04802105666611917
7769,valid,0,0.03495675358914495
5207,valid,0,0.0
118,valid,0,0.0
696,valid,0,0.00579381788737132
8923,valid,0,0.0
4045,valid,0,0.07093156793883922
7117,valid,0,0.0
10489,valid,0,0.03445794234303292
5700,valid,0,0.0
2148,valid,0,0.0898397881057608
8978,valid,0,0.035973035150568954
8322,valid,0,0.03495674525678354
6301,valid,0,0.0741417443121865
4297,valid,0,0.0
10685,valid,0,0.0023101812726658874
7920,valid,0,0.037830956655840756
4435,valid,0,0.0
1341,valid,0,0.10852629536200104
5214,valid,0,0.0
1626,valid,0,0.03212383815173725
6313,valid,0,0.01924067181676474
7150,valid,0,0.0
6577,valid,0,0.008370872685997812
8323,valid,0,0.0
4622,valid,0,0.015879744427132712
9546,valid,0,0.07440247284118
2402,valid,0,0.019789116449689496
3667,valid,0,0.0
4565,valid,0,0.06986091731577544
6856,valid,0,0.012396125049610586
1812,valid,0,0.005793808938518995
2898,valid,0,0.044550639093798534
1852,valid,0,0.0
6392,valid,0,0.053829999737880295
3127,valid,0,0.0234430772899451
2725,valid,0,0.003913044580299322
2482,valid,0,0.07301968727886983
9835,valid,0,0.0
6852,valid,0,0.04646715970604163
7269,valid,0,0.0
9692,valid,0,0.046213510664612815
10690,valid,0,0.03495675207063049
1407,valid,0,0.03208678232224998
1,valid,0,0.02166312679062773
4303,valid,0,0.006814381537372561
6308,valid,0,0.0834919608333547
8338,valid,0,0.0490327174708228
7989,valid,0,0.05383332723328592
7991,valid,0,0.09799904944660102
10446,valid,0,0.09799904944660102
9207,valid,0,0.012130853027945847
8303,valid,0,0.0005882388502865583
1821,valid,0,0.034956743391087355
176,valid,0,0.05783047083824874
9074,valid,0,0.0
6238,valid,0,0.0
2980,valid,0,0.07279925169584943
2046,valid,0,0.0
6741,valid,0,0.038704304369215084
5658,valid,0,0.019836632019125847
6073,valid,0,0.03471499799553878
1671,valid,0,0.0
7266,valid,0,0.01587975922194125
1872,valid,0,0.025257978782288235
1353,valid,0,0.03495674436449406
2131,valid,0,0.0
10287,valid,0,0.034956851974605505
224,valid,0,0.004306936283887501
4487,valid,0,0.0
7021,valid,0,0.0
7632,valid,0,0.003147644571791155
5194,valid,0,0.0
9111,valid,0,0.005793808068942337
7409,valid,0,0.07307990718179336
2409,valid,0,0.04421096258098039
11026,valid,0,0.04883064232311182
4190,valid,0,0.05611928481512343
10798,valid,0,0.0036839418568132293
6307,valid,0,0.08992509628470526
6040,valid,0,0.07028195603255437
7882,valid,0,0.049773689297270114
8454,valid,0,0.0
4618,valid,0,0.0
7982,valid,0,0.12070518412393128
3147,valid,0,0.0
8567,valid,0,0.0
2153,valid,0,0.0
2896,valid,0,0.018995632477628557
5773,valid,0,0.0
6849,valid,0,0.0658158010462278
3392,valid,0,0.016010526650124618
2361,valid,0,0.06982558273037981
8885,valid,0,0.06893229744082945
1859,valid,0,0.0043013439666381055
10654,valid,0,0.004661710014964818
3879,valid,0,0.005793815525237712
836,valid,0,0.0636586760265116
7161,valid,0,0.0
9595,valid,0,0.019274949466025718
6299,valid,0,0.0
10530,valid,0,0.03529898858128264
3136,valid,0,0.0
186,valid,0,0.03495674330997013
9596,valid,0,0.031083738643581146
3786,valid,0,0.0
1243,valid,0,0.0
7005,valid,0,0.0
9910,valid,0,0.011278220504891238
1604,valid,0,0.004691902971684578
3189,valid,0,0.005793809668574026
9315,valid,0,0.03257690269898793
7695,valid,0,0.0
2356,valid,0,0.07457143251827963
4641,valid,0,0.0
10179,valid,0,0.10510518208689754
2011,valid,0,0.0
4627,valid,0,0.08937616243070347
200,valid,0,0.0
9054,valid,0,0.016527916732682123
9885,valid,0,0.016527916732682123
1362,valid,0,0.0
5694,valid,0,0.015094147315192557
3212,valid,0,0.051794331928396976
4173,valid,0,0.0
8301,valid,0,0.034307146082389856
7206,valid,1,0.0
10859,valid,0,0.013719040232450743
1339,valid,0,0.0
5184,valid,0,0.0
5704,valid,0,0.005793830100380803
10057,valid,0,0.056531078215856775
1360,valid,0,0.0
119,valid,0,0.021777185660434028
6592,valid,0,0.004683381635112547
9907,valid,0,0.04808930384983803
5777,valid,0,0.1205429496727833
857,valid,0,0.05126437720095979
7165,valid,0,0.020353246743059925
4311,valid,0,0.03128443800854735
3527,valid,0,0.06391282157956397
9856,valid,0,0.038536587114918336
7110,valid,0,0.0
4502,valid,0,0.034956744121142386
2157,valid,0,0.05088888552371387
5166,valid,0,0.0
8992,valid,0,0.0
7980,valid,0,0.017491856389596397
7179,valid,0,0.09289802582036308
1858,valid,0,0.004696221040658089
11017,valid,0,0.10243323904704921
5609,valid,0,0.0
8929,valid,0,0.1000279287722873
9606,valid,0,0.011002678049546072
4178,valid,0,0.0
8382,valid,0,0.0
4491,valid,0,0.04053287639627555
8944,valid,0,0.0
7880,valid,0,0.0
10783,valid,0,0.018491959152598672
2171,valid,0,0.06227505143377901
9862,valid,0,0.0
1816,valid,0,0.0
9289,valid,0,0.08131814670049212
2890,valid,0,0.03495674556827369
249,valid,0,0.0
3487,valid,0,0.0
3233,valid,0,0.0
9320,valid,0,0.06570293114847992
8235,valid,0,0.034956743391087355
7885,valid,0,0.034714445753402545
5790,valid,0,0.006814381537372561
1608,valid,0,0.0
6839,valid,0,0.02428363914026788
4147,valid,0,0.012993384299161269
5796,valid,0,0.04201684676125897
132,valid,0,0.036988353573727935
3540,valid,0,0.0
3234,valid,0,0.0
2440,valid,0,0.0
7013,valid,0,0.0
5198,valid,0,0.0
856,valid,0,0.028739212583717113
10519,valid,0,0.0
5980,valid,0,0.0
6597,valid,0,0.0
9075,valid,0,0.0
8889,valid,0,0.058895098934793916
4250,valid,0,0.0
6961,valid,0,0.0
1481,valid,0,0.0
1577,valid,0,0.0014924406857656292
7108,valid,0,0.0
4613,valid,0,0.0027901970141864557
7105,valid,0,0.0
4295,valid,0,0.000850376566995443
3792,valid,0,0.0
250,valid,0,0.0011689899116656213
7898,valid,0,0.0023338623519173476
2891,valid,0,0.0023338623519173476
1811,valid,0,0.0
9168,valid,0,0.0001345463711824671
3455,valid,0,0.0001345463711824671
10716,valid,0,0.0
6726,valid,0,0.0
5667,valid,0,0.0
13,valid,0,0.0
1862,valid,0,0.0005789459245077699
5271,valid,0,0.0003754589302677723
8657,valid,0,0.0
10674,valid,0,0.002073840644520539
6068,valid,0,0.0
9711,valid,0,0.0
8052,valid,0,0.004412269617181152
9101,valid,0,0.004412269617181152
1380,valid,0,0.0
2159,valid,0,0.0027901970141864557
3554,valid,0,0.0
2052,valid,0,0.00014005669006479418
5809,valid,0,0.0
3661,valid,0,0.0011700054537515218
7753,valid,0,0.0
693,valid,0,0.0
627,valid,0,0.0
10284,valid,0,0.0
1195,valid,0,0.0
2489,valid,0,0.0
9820,valid,0,0.0
11030,valid,0,0.0
4299,valid,0,0.0005304119450773587
88,valid,0,0.0023324525798079977
1366,valid,0,0.0
2150,valid,0,0.0011689899116656213
1627,valid,0,0.0
7425,valid,0,0.01696372028154848
9291,valid,0,0.01696372028154848
6590,valid,0,0.0
9900,valid,0,0.0014491032917951603
10639,valid,0,0.0011689899116656213
1363,valid,0,0.0
3662,valid,0,0.0
8062,valid,0,0.0
9675,valid,0,0.001570332903381503
2383,valid,0,0.0
5972,valid,0,0.0
9719,valid,0,0.0003371521808211667
6028,valid,0,0.0013596338711915376
10528,valid,0,0.0
9211,valid,0,0.0
8061,valid,0,0.0007761491296529912
1349,valid,0,0.0007761491296529912
116,valid,0,0.0007526150048630703
390,valid,0,0.0
8225,valid,0,0.0
1702,valid,0,0.0063162047528775005
9879,valid,0,0.0
4425,valid,0,0.0
5476,valid,0,0.0
11037,valid,0,0.0
606,valid,0,0.0
619,valid,0,0.0
10676,valid,0,0.005793824026322952
2729,valid,0,0.000822518223471386
10867,valid,0,0.0
1196,valid,0,0.0
2733,valid,0,0.0
7635,valid,0,0.00016072093623465024
10643,valid,0,0.002052548347658279
2436,valid,0,0.00016072093623465024
4558,valid,0,0.0
3590,valid,0,0.0
981,valid,0,0.0011689899116656213
1823,valid,0,0.0
3007,valid,0,0.0
10791,valid,0,0.0
1357,valid,0,0.0
1185,valid,0,0.0
1665,valid,0,0.0
8381,valid,0,0.0
5776,valid,0,0.0
3296,valid,0,0.0
5647,valid,0,0.010884136720143628
5986,valid,0,0.0
9821,valid,0,0.010884136720143628
178,valid,0,0.006562356262693463
1245,valid,0,0.0
5996,valid,0,0.0
7755,valid,0,0.010884136720143628
5213,valid,0,0.011292741982069428
1382,valid,0,0.0007030916038486432
1486,valid,0,0.0
10290,valid,0,0.0
7166,valid,0,0.010884136720143628
9933,valid,0,0.0
6595,valid,0,0.0
4562,valid,0,0.0
3877,valid,0,0.03647147978962775
8879,valid,0,0.05781062201943754
1661,valid,0,0.03717542077532667
9662,valid,0,0.0
4269,valid,0,0.0
1650,valid,0,0.0
824,valid,0,0.0020202013976597694
1392,valid,0,0.0020202013976597694
8706,valid,0,0.0
4633,valid,0,0.0431271509467063
1848,valid,0,0.00022616493644498373
9076,valid,0,0.023632924231310498
85,valid,0,0.037175447219542204
1864,valid,0,0.052823835975433164
8693,valid,0,0.0
9723,valid,0,0.08033453473216362
9892,valid,0,0.03495678652273854
2350,valid,0,0.08423444771419558
8009,valid,0,0.09019391776115067
6722,valid,0,0.0
9094,valid,0,0.008945771594028531
5268,valid,0,0.01791354942391482
6990,valid,0,0.044658273896063604
3394,valid,0,0.044658273896063604
825,valid,0,0.012429295454508764
7212,valid,0,0.028408572141291673
4188,valid,0,0.0540636636846543
638,valid,0,0.03601666238434489
7752,valid,0,0.0
238,valid,0,0.0
7401,valid,0,0.0349567463924247
6310,valid,0,0.0030322850904871707
9098,valid,0,0.0030322850904871707
9292,valid,0,0.058252865534094145
1406,valid,0,0.005479282053719652
7852,valid,0,0.004980499347922568
6740,valid,0,0.025412014004993152
3293,valid,0,0.038810384553086545
10289,valid,0,0.03556031034017171
10786,valid,0,0.0019872094882250765
2145,valid,0,0.0019872094882250765
11029,valid,0,0.003147644571791155
6043,valid,0,0.0
9838,valid,0,0.035299064786049036
2348,valid,0,0.034956761999378895
229,valid,0,0.0
8348,valid,0,0.0011700054537515218
1493,valid,0,0.0
4574,valid,0,0.037315566661892535
3138,valid,0,0.038150776518600354
10800,valid,0,0.03495681553674778
3799,valid,0,0.03495674777141753
4388,valid,0,0.0
9713,valid,0,0.0
9237,valid,0,0.034956744380717504
3226,valid,0,0.03597092743089422
1198,valid,0,0.00036678765187809044
611,valid,0,0.03495678244740912
9831,valid,0,0.019121820818791952
812,valid,0,0.019121820818791952
3210,valid,0,0.0
2745,valid,0,0.0
3389,valid,0,0.00037544339737359875
5333,valid,0,0.013786941416502928
2982,valid,0,0.0043360457268983325
8350,valid,0,0.03495674292060744
6989,valid,0,0.0028583898501392297
5815,valid,0,0.04783154938950768
10984,valid,0,0.0
3218,valid,0,0.014706346881102351
7875,valid,0,0.03495674817700366
2127,valid,0,0.002669641014215646
8453,valid,0,0.0
8524,valid,0,0.003556244220404946
10550,valid,0,0.0
3207,valid,0,0.003147644571791155
8448,valid,0,0.0
3458,valid,0,0.0030368950427206703
4559,valid,0,0.03807636660037742
6578,valid,0,0.03738186517907006
4488,valid,0,0.036025070279646174
7374,valid,0,0.0008835802485319517
7418,valid,0,0.0
6029,valid,0,0.0017941260612667391
11024,valid,0,0.0017941260612667391
5222,valid,0,0.04676492101453536
5963,valid,0,0.0007229242418071508
6044,valid,0,0.03008622955474956
94,valid,0,0.0
3675,valid,0,0.03516740801414526
3148,valid,0,0.07584325725654367
9051,valid,0,0.10525882984444931
2047,valid,0,0.03410296454684871
9091,valid,0,0.0
1666,valid,0,0.01740165904050442
2019,valid,0,0.01740165904050442
10691,valid,0,0.0731941998680747
6580,valid,0,0.010884136720143628
8747,valid,0,0.0
10537,valid,0,0.0020086323321321865
7419,valid,0,0.000733073142956053
3660,valid,0,0.0
4609,valid,0,0.02236638716204553
4137,valid,0,0.03358425981142203
858,valid,0,0.03587348066140825
102,valid,0,0.0
5981,valid,0,0.0
2731,valid,0,0.03495674249879787
6080,valid,0,0.05907196554374593
629,valid,0,0.05907196554374593
3223,valid,0,0.0
4332,valid,0,0.0001859005048182187
2429,valid,0,0.0
3790,valid,0,0.0003422502600218906
3006,valid,0,0.00016072093623465024
7154,valid,0,0.0011689899116656213
5190,valid,0,0.00134861337108231
2376,valid,0,0.07494031827843481
813,valid,0,0.052789696997094696
10792,valid,0,0.03495676310257317
8287,valid,0,0.0
2135,valid,0,0.0
7006,valid,0,0.09625813418274318
3295,valid,0,0.07872233797745219
6737,valid,0,0.0
6744,valid,0,0.0008503911680960462
10448,valid,0,0.06976178883187507
6389,valid,0,0.0004749616801364684
7422,valid,0,0.0
2978,valid,0,0.049171007060035805
6388,valid,0,0.0
8328,valid,0,0.0
5569,valid,0,0.05833457475946618
9,valid,0,0.0027901970141864557
1488,valid,0,0.0027901970141864557
1387,valid,0,0.004430001674940753
2400,valid,0,0.004430001674940753
8282,valid,0,0.08988084214304498
1654,valid,0,0.0
2920,valid,0,0.026828327466882365
10491,valid,0,0.0
9549,valid,0,0.00014005669006479418
1597,valid,0,0.0
7148,valid,0,0.0
10493,valid,0,0.0
2439,valid,0,0.0
1697,valid,0,0.0
6087,valid,0,0.0
5810,valid,0,0.034956754471700366
1182,valid,0,0.0
8576,valid,0,0.019131700027474243
9617,valid,0,0.034956742657787636
2983,valid,0,0.010884136720143628
2022,valid,0,0.0
4381,valid,0,0.10006172107022013
1344,valid,0,0.00010320574458781993
3517,valid,0,0.00010320574458781993
8983,valid,0,0.005399631787783072
2036,valid,0,0.0933788652956431
5225,valid,0,0.0
14,valid,0,0.034956756532077894
6716,valid,0,0.0
8996,valid,0,0.058827659265771035
2738,valid,0,0.0
259,valid,0,0.0
6711,valid,0,0.07255399227984863
6240,valid,0,0.05818198999109286
9876,valid,0,0.0
6745,valid,0,0.0
8299,valid,0,0.0
2981,valid,0,0.0
6846,valid,0,0.005484284262147244
6318,valid,0,0.07631877426796058
6992,valid,0,0.00028993873719206553
810,valid,0,0.08112361832756772
4634,valid,0,0.08405352488472827
1854,valid,0,0.0
7107,valid,0,0.004778339174652046
5784,valid,0,0.0
1346,valid,0,0.0
397,valid,0,0.0005020222523029296
3537,valid,0,0.042508076051916824
10697,valid,0,0.027037329791197672
9688,valid,0,0.0
9539,valid,0,0.07682651759085604
8334,valid,0,0.0950616349455685
266,valid,0,0.0
7686,valid,0,0.08954858709939711
833,valid,0,0.0020415909394334497
7201,valid,0,0.028061487049371565
2730,valid,0,0.03717543874765917
7205,valid,0,0.04373660077820834
5552,valid,0,0.08553403731183452
8892,valid,0,0.0
9913,valid,0,0.0001345463711824671
2404,valid,0,0.07901202935338165
7863,valid,0,0.17967632290924046
4185,valid,0,0.17967632290924046
834,valid,0,0.0
5793,valid,0,0.0005020222523029296
2138,valid,0,0.0
10479,valid,0,0.08897837066146776
3598,valid,0,0.0
8770,valid,0,0.058104596412055266
6036,valid,0,0.01644375840689693
7273,valid,0,0.050114701159315364
8569,valid,0,0.06191157650750065
5984,valid,0,0.03786176921546037
8587,valid,0,0.03786176921546037
4645,valid,0,0.035674544673763214
1244,valid,0,0.0
697,valid,0,0.0
2425,valid,0,0.0
6315,valid,0,0.039224644398219294
9663,valid,0,0.039224644398219294
9543,valid,0,0.08967219589891434
6980,valid,0,0.0031664450507363374
9176,valid,0,0.0031664450507363374
9897,valid,0,0.05429690119310919
7376,valid,0,0.010884136720143628
4615,valid,0,0.0729405235732245
8014,valid,0,0.06274202242756094
9846,valid,0,0.06651280478631605
246,valid,0,0.06561421452590149
2031,valid,0,0.007552212681508489
6701,valid,0,0.1096238300979491
5652,valid,0,0.0
4325,valid,0,0.061680006127025365
244,valid,0,0.04477504613287994
639,valid,0,0.0
7019,valid,0,0.0146574514028
5170,valid,0,0.03481068179389306
9110,valid,0,0.010884136720143628
3485,valid,0,0.033701272059929836
7915,valid,0,0.08146718276255227
3534,valid,0,0.0
6986,valid,0,0.0708013804311998
2117,valid,0,0.0
8060,valid,0,0.10156386641409258
17,valid,0,0.0
199,valid,0,0.0
2909,valid,0,0.00025396736554868227
3672,valid,0,0.0694547046208261
7884,valid,0,0.03495674330997013
3480,valid,0,0.09479178192312904
5187,valid,0,0.08881175041319317
5656,valid,0,0.0
4563,valid,0,0.0
8384,valid,0,0.0
9715,valid,0,0.03367173521599157
4170,valid,0,0.0
9594,valid,0,0.07632265003501054
2095,valid,0,0.049891200400045625
1809,valid,0,0.0
9840,valid,0,0.028263917133728785
5555,valid,0,0.0694078749168679
4131,valid,0,0.08645942912524769
2266,valid,0,0.0
8568,valid,0,0.09272133183080139
1870,valid,0,0.0027901970141864557
8871,valid,0,0.06706774717311458
5566,valid,0,0.08751767689412315
10320,valid,0,0.010884136720143628
8286,valid,0,0.028497851984130722
7263,valid,0,0.06274276079030873
9827,valid,0,0.03602347989532157
5275,valid,0,0.0
3217,valid,0,0.045195231475861936
1609,valid,0,0.0
7704,valid,0,0.07311654062115631
632,valid,0,0.03495674752806585
6602,valid,0,0.0
4318,valid,0,0.0768246162007209
10418,valid,0,0.034956749994029514
8285,valid,0,0.004927905701420928
2043,valid,0,0.04372436482359643
9084,valid,0,0.07031579197978097
5549,valid,0,0.09013889728147209
3520,valid,0,0.0
5208,valid,0,0.058961879600824996
850,valid,0,0.04344349714548515
291,valid,0,0.0
3471,valid,0,0.0
1356,valid,0,0.0
8582,valid,0,0.015249373571007736
3387,valid,0,0.0
2378,valid,0,0.08194582979710914
9205,valid,0,0.0038899072824851375
2044,valid,0,0.04604359234389547
6070,valid,0,0.0
8007,valid,0,0.0
10481,valid,0,0.002221699058763887
1388,valid,0,0.002221699058763887
11033,valid,0,0.0018125213709452729
8692,valid,0,0.04832263244650746
9716,valid,0,0.0
2885,valid,0,0.0
7209,valid,0,0.0
7375,valid,0,0.0
8894,valid,0,0.0029509179504211055
2294,valid,0,0.0
10916,valid,0,0.0017941260612667391
4141,valid,0,0.0017941260612667391
4037,valid,0,0.004301040677443407
8656,valid,0,0.10834686741514926
2008,valid,0,0.10834686741514926
5186,valid,0,0.0527911073415583
6232,valid,0,0.0
6977,valid,0,0.0
6594,valid,0,0.004837166697564155
7151,valid,0,0.0
1714,valid,0,0.06541921967570441
2172,valid,0,0.023355752313986664
10995,valid,0,0.0
9082,valid,0,0.08954068852768295
2964,valid,0,0.0
3205,valid,0,0.0
8336,valid,0,0.04033716347827284
8048,valid,0,0.07260422399967975
6576,valid,0,0.0
1179,valid,0,0.0
9287,valid,0,0.1119125778980383
1590,valid,0,0.0
4140,valid,0,0.07536412829747649
9863,valid,0,0.0
10520,valid,0,0.034956751746161585
1623,valid,0,0.0
7278,valid,0,0.0027901970141864557
3798,valid,0,0.007175859880264109
3874,valid,0,0.0007585823668054691
1694,valid,0,0.04511665538342052
1522,valid,0,0.0
1483,valid,0,0.003147644571791155
841,valid,0,0.040348996828829996
9858,valid,0,0.0
4171,valid,0,0.07654015440857166
9304,valid,0,0.030863750841187705
3481,valid,0,0.0
1869,valid,0,0.0
8092,valid,0,0.0
3779,valid,0,0.010884136720143628
3214,valid,0,0.010884136720143628
9684,valid,0,0.0
5266,valid,0,0.0
8320,valid,0,0.034956976265663214
9621,valid,0,0.03495674830679122
8536,valid,0,0.0
5710,valid,0,0.0024317678087695128
3483,valid,0,0.0024317678087695128
9807,valid,0,0.010884136720143628
2297,valid,0,0.0
1808,valid,0,0.0
9056,valid,0,0.10223974487043919
2912,valid,0,0.0
9727,valid,0,0.0
5538,valid,0,0.0027901970141864557
5174,valid,0,0.0
4301,valid,0,0.03495674415358927
5557,valid,0,0.05272755740155627
11020,valid,0,0.0021607751132256604
2054,valid,0,0.057435210014495315
7379,valid,0,0.09599689120127651
4380,valid,0,0.09599689120127651
8013,valid,0,0.07606034985294247
3531,valid,0,0.0
6071,valid,0,0.08804645321024672
1588,valid,0,0.0
3521,valid,0,0.06633575116730893
2139,valid,0,0.0
232,valid,0,0.0
8343,valid,0,0.0
6698,valid,0,0.09815966272337134
5600,valid,0,0.0
10517,valid,0,0.0022980166546230697
8050,valid,0,0.024550357640755135
10364,valid,0,0.024550357640755135
8873,valid,0,0.08644603352328328
3547,valid,0,0.08952263919912784
1616,valid,0,0.03900185788940183
6316,valid,0,0.020103231817138155
6994,valid,0,0.0699482190543577
6999,valid,0,0.04368938171970385
2346,valid,0,0.07155938282158077
3551,valid,0,0.0
6743,valid,0,0.08786213955446932
8347,valid,0,0.059291139479068417
9085,valid,0,0.0017461809560924632
7692,valid,0,0.029747078980693824
9319,valid,0,0.0
105,valid,0,0.1332831854719704
971,valid,0,0.0613575135422891
5537,valid,0,0.0
3457,valid,0,0.020711419650897095
8882,valid,0,0.08612306797885275
1586,valid,0,0.02919412082728892
3659,valid,0,0.04942986340965902
5193,valid,0,0.05252637138560266
8975,valid,0,0.010628278581884802
5172,valid,0,0.0
4041,valid,0,0.04660166433290011
3775,valid,0,0.0
177,valid,0,0.0
5326,valid,0,0.09248829160625133
7,valid,0,0.0012000040938269685
688,valid,0,0.0012000040938269685
8342,valid,0,0.036482197059545
1860,valid,0,0.029678243423338517
3679,valid,0,0.05086990772265241
4266,valid,0,0.011355493767486858
2035,valid,0,0.022337109471046026
8750,valid,0,0.07698267142309832
4333,valid,0,0.05760467868570448
8704,valid,0,0.07395147274622965
10485,valid,0,0.1633781651598126
3396,valid,0,0.0
5973,valid,0,0.0011417362298147974
1377,valid,0,0.0
5558,valid,0,0.08215648448167105
2961,valid,0,0.0
4606,valid,0,0.0
9063,valid,0,0.0
4166,valid,0,0.0
8585,valid,0,0.002275557605346833
7204,valid,0,0.02620912752670023
4604,valid,0,0.08570538213073083
6714,valid,0,0.0002809810508950266
9053,valid,0,0.1268752069442318
8002,valid,0,0.06816922035846754
9686,valid,0,0.0
8694,valid,0,0.0
2121,valid,0,0.04801320293584938
4386,valid,0,0.01053820001953576
9672,valid,0,0.0
2295,valid,0,0.000524671932391836
4049,valid,0,0.000524671932391836
9290,valid,0,0.05103339217453548
4172,valid,0,0.0
10914,valid,0,0.0
2120,valid,0,0.08673434191111755
6713,valid,0,0.013901151163771839
10698,valid,0,0.0
5967,valid,0,0.06776448743396658
2416,valid,0,0.0
9066,valid,0,0.0
7420,valid,0,0.0
3204,valid,0,0.0
6302,valid,0,0.08651914838324062
8686,valid,0,0.03318612708667605
5261,valid,0,0.06667058117472051
10191,valid,0,0.00014005669006479418
237,valid,0,0.09555288054156236
9837,valid,0,0.0699186981360033
6309,valid,0,0.08679989948188416
2126,valid,0,0.0
9893,valid,0,0.07056917471037051
6042,valid,0,0.08224368124999841
10060,valid,0,0.001812520464606288
7016,valid,0,0.03235556063751856
10353,valid,0,0.0
9294,valid,0,0.0
10451,valid,0,0.07078625910584058
6032,valid,0,0.05238249445724131
5567,valid,0,0.04862183173346978
2916,valid,0,0.0
9845,valid,0,0.0
5782,valid,0,0.005106573864771396
10,valid,0,0.008437319295485206
7881,valid,0,0.03765435661637324
1390,valid,0,0.11271493632842532
1579,valid,0,0.11271493632842532
9231,valid,0,0.005793814778959237
3143,valid,0,0.05038968106642892
6702,valid,0,0.0
7000,valid,0,0.03827245956592244
5551,valid,0,0.03871453181066519
1386,valid,0,0.002310183980683346
4630,valid,0,0.0
9877,valid,0,0.0
3525,valid,0,0.0
3606,valid,0,0.03495674362794965
7405,valid,0,0.038370672194629134
6847,valid,0,0.0
5338,valid,0,0.023344659845344583
8345,valid,0,0.0
9852,valid,0,0.09867023130155776
10325,valid,0,0.004641430232306532
1578,valid,0,0.004641430232306532
10649,valid,0,0.0
1613,valid,0,0.00025396736554868227
6983,valid,0,0.07636875079435483
9210,valid,0,0.028408567157854923
3550,valid,0,0.021651635305481018
4255,valid,0,0.013889156664183484
4385,valid,0,0.0
2028,valid,0,0.04341368979186315
3469,valid,0,0.0
7210,valid,0,0.008978988873060516
10699,valid,0,0.10750832093814915
3008,valid,0,0.0
3220,valid,0,0.0
1618,valid,0,0.003811097262713067
4313,valid,0,0.0
8321,valid,0,0.003147644571791155
6843,valid,0,0.03567215975344748
4139,valid,0,0.05284089589576682
2164,valid,0,0.044519490788051584
7009,valid,0,0.0057054206320947985
5989,valid,0,0.0940992710233811
8688,valid,0,0.0940992710233811
2968,valid,0,0.0
7203,valid,0,0.06529632433363007
110,valid,0,0.05867766952750982
3119,valid,0,0.10432471964165393
10675,valid,0,0.0
9301,valid,0,0.0
3203,valid,0,0.006814381537372561
9245,valid,0,0.0006237646780206962
106,valid,0,0.0
9052,valid,0,0.06360201978697567
9718,valid,0,0.0
8710,valid,0,0.03495674411140832
4306,valid,0,0.0
8063,valid,0,0.09086386567023641
3115,valid,0,0.03052144671281603
7625,valid,0,0.010884136720143628
6845,valid,0,0.0
225,valid,0,0.039942062854184175
8925,valid,0,0.0010722046832209672
8768,valid,0,0.059549929477325625
7011,valid,0,0.009126895192473323
983,valid,0,0.0080598337577337
7363,valid,0,0.03495674493231464
10655,valid,0,0.0
8987,valid,0,0.057900472968452625
9536,valid,0,0.0
9681,valid,0,0.0
8581,valid,0,0.04648822041772734
9898,valid,0,0.06791491498644689
2380,valid,0,0.07708239656504622
10647,valid,0,0.05001614113628156
3478,valid,0,0.021607297380916858
1703,valid,0,0.0394004840747307
1718,valid,0,0.07878529326784844
8932,valid,0,0.044462114718186126
5265,valid,0,0.0
10454,valid,0,0.0038899072824851375
4167,valid,0,0.0530352646842796
7703,valid,0,0.0
1489,valid,0,0.0
4135,valid,0,0.0
6981,valid,0,0.0
2741,valid,0,0.054614297367312034
7215,valid,0,0.03789225213693873
8571,valid,0,0.08626931684414905
9069,valid,0,0.0
280,valid,0,0.08688974847517174
4181,valid,0,0.0
265,valid,0,0.0525263573273872
9673,valid,0,0.0
10065,valid,0,0.0
9722,valid,0,0.0
8872,valid,0,0.04420112938905517
2752,valid,0,0.04215306374807207
10482,valid,0,0.10984038525126588
831,valid,0,0.004310526994659591
4326,valid,0,0.0
2037,valid,0,0.06625679805072454
7637,valid,0,0.0
9946,valid,0,0.03652574478652216
984,valid,0,0.03652574478652216
3140,valid,0,0.0638813972462707
8339,valid,0,0.0
9887,valid,0,0.0
3150,valid,0,0.06541905477434601
99,valid,0,0.02588729374880469
7889,valid,0,0.0
8684,valid,0,0.04466441396673872
9208,valid,0,0.03833760837380684
4636,valid,0,0.05616124016582683
7373,valid,0,0.0
5978,valid,0,0.04622369103801984
5332,valid,0,0.06457113075396077
3479,valid,0,0.0
5573,valid,0,0.025688131257936273
5572,valid,0,0.02325506966784214
2347,valid,0,0.054847498601871325
10715,valid,0,0.06294970713744867
3470,valid,0,0.05655062202380818
8335,valid,0,0.07602893904078617
3539,valid,0,0.08225242883244996
4035,valid,0,0.099210567268048
276,valid,0,0.04439978267524044
2149,valid,0,0.03266636721628746
10522,valid,0,0.034956754666381706
698,valid,0,0.04914789585323489
2917,valid,0,0.04914789585323489
2403,valid,0,0.045891546807341636
4336,valid,0,0.0
245,valid,0,0.06416699764126918
10692,valid,0,0.0
3526,valid,0,0.06141360490491865
2357,valid,0,0.02668195189675301
2366,valid,0,0.013082055382985215
3543,valid,0,0.05612729927115681
4432,valid,0,0.0
9058,valid,0,0.016527142947843472
9811,valid,0,0.016527142947843472
4396,valid,0,0.06847353508703828
5769,valid,0,0.0
1655,valid,0,0.0
3117,valid,0,0.0192090455979904
5788,valid,0,0.07703272824017053
4059,valid,0,0.07703272824017053
7400,valid,0,0.060585029115275094
6724,valid,0,0.040998146567119115
9305,valid,0,0.07021102031701693
6735,valid,0,0.05119814102282881
5709,valid,0,0.0
8383,valid,0,0.0
243,valid,0,0.0
2006,valid,0,0.0
3180,valid,0,0.010884136720143628
7757,valid,0,0.03509680054838737
5178,valid,0,0.0
817,valid,0,0.0
2132,valid,0,0.09403018157162095
3519,valid,0,0.06094125949802736
2053,valid,0,0.0
9535,valid,0,0.03781871084312163
10173,valid,0,0.0
8047,valid,0,0.03722247990931265
1526,valid,0,0.001612478867678371
8993,valid,0,0.02335576049139795
262,valid,0,0.0
1231,valid,0,0.0021607751132256604
9826,valid,0,0.034956743634439034
978,valid,0,0.05583256509384635
7362,valid,0,0.00036678765187809044
5278,valid,0,0.0
2742,valid,0,0.03122286778219275
603,valid,0,0.0021690054010186197
988,valid,0,0.0
7257,valid,0,0.0
7890,valid,0,0.0
7415,valid,0,0.06289745972440651
4647,valid,0,0.0
255,valid,0,0.00043233900807590465
7199,valid,0,0.0
8380,valid,0,0.034956757099898476
4036,valid,0,0.006922012896404523
9166,valid,0,0.035298988337930964
2407,valid,0,0.050082933278021796
10709,valid,0,0.0743161504016705
1693,valid,0,0.04995182084704243
7276,valid,0,0.0006689855438456423
9810,valid,0,0.0
175,valid,0,0.0
9945,valid,0,0.0
9212,valid,0,0.00040860120606452154
3546,valid,0,0.0605851909257265
5322,valid,0,0.08283110727692541
10637,valid,0,0.010467031216607157
1585,valid,0,0.03212334566713539
8586,valid,0,0.08699729722365934
8231,valid,0,0.0
4390,valid,0,0.07494657693516656
10358,valid,0,0.03495676894301341
7219,valid,0,0.0
5712,valid,0,0.0
9542,valid,0,0.025443099176486954
3225,valid,0,0.0
5540,valid,0,0.08607554264970385
1410,valid,0,0.0
4378,valid,0,0.031060535402666234
4191,valid,0,0.0
8690,valid,0,0.0
9607,valid,0,0.04809722775474421
8331,valid,0,0.0017941260612667391
8447,valid,0,0.034957493196539596
129,valid,0,0.006921841121805146
7254,valid,0,0.0
7258,valid,0,0.09426224041179959
10645,valid,0,0.0850622299425991
9932,valid,0,0.000822518223471386
111,valid,0,0.055011735367584115
5340,valid,0,0.058897069121503026
8767,valid,0,0.007751309571789618
4492,valid,0,0.0
6037,valid,0,0.00011304036246577708
9726,valid,0,0.00879836415913514
5562,valid,0,0.007543224136892037
1719,valid,0,0.0
6,valid,0,0.0
6312,valid,0,0.043956466919516234
5192,valid,0,0.09992977103985658
3287,valid,0,0.0
2743,valid,0,0.045215469446138454
2405,valid,0,0.08303050364470088
10704,valid,0,0.05332566626122671
2974,valid,0,0.036156109445221254
8527,valid,0,0.0
1822,valid,0,0.034956744380717504
9050,valid,0,0.056055620836184636
604,valid,0,0.0
6076,valid,0,0.0
10713,valid,0,0.03563026789394969
3193,valid,0,0.0
5971,valid,0,0.0
8924,valid,0,0.08995677595811884
6600,valid,0,0.03192528973459272
1364,valid,0,0.0
103,valid,0,0.0
6842,valid,0,0.0
4268,valid,0,0.09797386014987952
7918,valid,0,0.0
1361,valid,0,0.03126518766426536
7380,valid,0,0.0002497488831460592
2029,valid,0,0.004594448116779213
3771,valid,0,0.004594448116779213
1379,valid,0,0.03589450729130259
3673,valid,0,0.09563343121727977
3135,valid,0,0.1137469031882983
3666,valid,0,0.03727420142751136
2040,valid,0,0.06712117359319662
5565,valid,0,0.08046056725111789
5698,valid,0,0.0
8531,valid,0,0.005793811495333946
96,valid,0,0.0
7015,valid,0,0.0
9853,valid,0,0.09314403590083709
9297,valid,0,0.0011700054537515218
6027,valid,0,0.04758398209257498
8562,valid,0,0.08007804692175745
8935,valid,0,0.026850496039480094
9283,valid,0,0.07176943007663476
8884,valid,0,0.0
4193,valid,0,0.1176515713534599
4321,valid,0,0.010549357921647424
8754,valid,0,0.07227255472076749
3475,valid,0,0.047427976616973094
1531,valid,0,0.0
287,valid,0,0.09129457150782933
5979,valid,0,0.0700825026439652
6855,valid,0,0.09271279472339052
9714,valid,0,0.06467546476435204
9220,valid,0,0.07020737295273419
2146,valid,0,0.06848003226294264
1612,valid,0,0.06568453103501509
4264,valid,0,0.0712100294816318
15,valid,0,0.07791282076893022
2732,valid,0,0.0
4626,valid,0,0.0
9604,valid,0,0.0010827075366335202
7003,valid,0,0.0
6707,valid,0,0.0
4,valid,0,0.051202065674525045
257,valid,0,0.004301261947388983
6314,valid,0,0.06737670823505877
4253,valid,0,0.0
9529,valid,0,0.09670404691631235
8578,valid,0,0.07476171646675267
182,valid,0,0.00937154267664025
4338,valid,0,0.06485237181151503
6081,valid,0,0.08310653359624948
9062,valid,0,0.0
7421,valid,0,0.0
3462,valid,0,0.0
5202,valid,0,0.004774584730767279
194,valid,0,0.0
11019,valid,0,0.0
816,valid,0,0.0715206183907261
8762,valid,0,0.04718364985766527
6851,valid,0,0.02682832358302205
1193,valid,0,0.0
8701,valid,0,0.0
5272,valid,0,0.03064641184146252
2166,valid,0,0.032344967100109714
3015,valid,0,0.0
1653,valid,0,0.0
9905,valid,0,0.050577569303693906
7175,valid,0,0.04926533898082051
5548,valid,0,0.04926533898082051
7164,valid,0,0.0
9284,valid,0,0.00011304036246577708
9836,valid,0,0.0
11022,valid,0,0.042275787019153924
3184,valid,0,0.0
972,valid,0,0.06220675290213272
5264,valid,0,0.05838645576417413
8759,valid,0,0.07304672747167938
10994,valid,0,0.07304672747167938
9239,valid,0,0.0
8689,valid,0,0.022370440368493685
2133,valid,0,0.04955273642682626
5564,valid,0,0.07298675975604191
9690,valid,0,0.07267124932928802
3222,valid,0,0.11739653428634626
10486,valid,0,0.0
8354,valid,0,0.06549414603665756
4490,valid,0,0.0
6966,valid,0,0.0
3663,valid,0,0.043183654505221374
6993,valid,0,0.0
7395,valid,0,0.0
4607,valid,0,0.0
3677,valid,0,0.0
7008,valid,0,0.08257127885986484
278,valid,0,0.0007176801422111848
4031,valid,0,0.04351423834033164
10456,valid,0,0.019263857655422795
6244,valid,0,0.0
7256,valid,0,0.0
7261,valid,0,0.023995399424914444
285,valid,0,0.05231513632150389
7162,valid,0,0.002191853800951359
4144,valid,0,0.016006006431060264
7696,valid,0,0.07887503297396942
7698,valid,0,0.07689507081986008
10444,valid,0,0.03682232104441248
5959,valid,0,0.06275904969037452
9096,valid,0,0.06275904969037452
4033,valid,0,0.0
5568,valid,0,0.056328641878450804
1583,valid,0,0.058604396213974966
5273,valid,0,0.0
109,valid,0,0.09545648357228124
8344,valid,0,0.025389375514543407
10712,valid,0,0.06666529512865715
993,valid,0,0.0
979,valid,0,0.08603325618959079
2911,valid,0,0.11496929207395902
5556,valid,0,0.02961413459608342
10490,valid,0,0.025926728664024498
292,valid,0,0.0
234,valid,0,0.0
1619,valid,0,0.12632761460255745
5189,valid,0,0.0
8749,valid,0,0.0
9303,valid,0,0.03732044588522166
9668,valid,0,0.016424771481486872
8888,valid,0,0.06813765202378358
1696,valid,0,0.02699199110835443
2906,valid,0,0.05622123154035184
1589,valid,0,0.06620191908212611
1373,valid,0,0.016841893162883134
10555,valid,0,0.005793810645225422
3139,valid,0,0.05625324048836346
3452,valid,0,0.01588760941274263
7213,valid,0,0.0
1378,valid,0,0.05453743005417493
10531,valid,0,0.003147644571791155
2412,valid,0,0.0855489930365582
8053,valid,0,0.016154072023529243
2349,valid,0,0.059071201499705364
1868,valid,0,0.011002670479524348
3463,valid,0,0.0959825838470314
8302,valid,0,0.043812959134405
6077,valid,0,0.0
107,valid,0,0.08714139116433084
10413,valid,0,0.0
8926,valid,0,0.0563161134242033
3548,valid,0,0.037930710426185864
9851,valid,0,0.0
2382,valid,0,0.039333913524890296
9888,valid,0,0.11429559399840421
3523,valid,0,0.11429559399840421
5197,valid,0,0.0
2401,valid,0,0.06608442573016242
2173,valid,0,0.033197211222177996
9724,valid,0,0.0
9857,valid,0,0.004327086687633355
4651,valid,0,0.0
8563,valid,0,0.0
4134,valid,0,0.03341855790463614
1818,valid,0,0.03495676469247079
2373,valid,0,0.03495674376422659
10702,valid,0,0.005216838428789683
1365,valid,0,0.034956743342417024
4133,valid,0,0.08874342402048949
7995,valid,0,0.0
7914,valid,0,0.025235768501208594
6311,valid,0,0.057977750294804314
1867,valid,0,0.05935955643478071
8353,valid,0,0.058042473085818225
1355,valid,0,0.0
6039,valid,0,0.026618141093546616
6303,valid,0,0.0417680579210892
201,valid,0,0.09301254390159656
4265,valid,0,0.07934604847179624
6696,valid,0,0.04652240789482531
6850,valid,0,0.03495674775519409
6046,valid,0,0.0
4628,valid,0,0.09000368759076707
10188,valid,0,0.0034465889943429834
7280,valid,0,0.03974198823746752
10329,valid,0,0.034956742661032325
3131,valid,0,0.004713691561806134
4136,valid,0,0.07153724751330265
8564,valid,0,0.0781749624406163
7913,valid,0,0.0008503768914643453
7858,valid,0,0.03495674233656342
9823,valid,0,0.0005801092011109427
4192,valid,0,0.0
274,valid,0,0.0
11,valid,0,0.02652969403272855
10672,valid,0,0.004103971186531623
7927,valid,0,0.0880119050175369
10547,valid,0,0.0
269,valid,0,0.06191444757783958
7895,valid,0,0.08359186199772477
126,valid,0,0.09895478216504072
4058,valid,0,0.06533864341286592
2101,valid,0,0.009372821519989593
5799,valid,0,0.0
1856,valid,0,0.01684188186284803
8766,valid,0,0.0027901970141864557
1513,valid,0,0.0010826170257736498
7626,valid,0,0.0
10678,valid,0,0.0
5262,valid,0,0.0
16,valid,0,0.05794481053281075
3153,valid,0,0.0
277,valid,0,0.0
8003,valid,0,0.09482274527661055
5554,valid,0,0.07009532518702376
2443,valid,0,0.0
4637,valid,0,0.0
9541,valid,0,0.06652380297542794
4642,valid,0,0.0
258,valid,0,0.002839383216026904
9163,valid,0,0.0018297323464739781
4638,valid,0,0.03327464056386768
8008,valid,0,0.0004539135748819637
10184,valid,0,0.0004539135748819637
6072,valid,0,0.0
4057,valid,0,0.035279734241952354
4165,valid,0,0.10507062272266952
2147,valid,0,0.04095960956845012
2746,valid,0,0.04336515344465037
9880,valid,0,0.0057938117613984454
6734,valid,0,0.021706878042706042
260,valid,0,0.029536748762801972
8758,valid,0,0.09700147337181864
5196,valid,0,0.0668510493820908
6848,valid,0,0.0
10051,valid,2,0.0
8128,valid,2,0.0
4151,valid,2,0.0
8112,valid,0,0.010884136720143628
8362,valid,2,0.0
10406,valid,2,0.0
4159,valid,2,0.0
7656,valid,2,0.0
8113,valid,2,0.0
8364,valid,2,0.0
2836,valid,2,0.0
1574,valid,2,0.0
8130,valid,2,0.0
10048,valid,2,0.0
328,valid,2,0.0
4158,valid,2,0.0
329,valid,2,0.0
8357,valid,2,0.0
7665,valid,2,0.0
1563,valid,2,0.0
66,valid,2,0.0
8119,valid,2,0.0
1570,valid,2,0.0002373159102023473
1740,valid,1,0.0002373159102023473
8118,valid,2,0.0
10047,valid,2,0.0
68,valid,0,0.010884136720143628
4546,valid,2,0.0
10041,valid,2,0.0
318,valid,0,0.010884136720143628
4538,valid,2,0.0
59,valid,2,0.0
4549,valid,2,0.0
4153,valid,2,0.0
8126,valid,2,0.0
65,valid,2,0.0
325,valid,2,0.0
8127,valid,2,0.0
320,valid,2,0.0
10410,valid,2,0.0031381653659780504
7670,valid,0,0.0
326,valid,0,0.012132640628929742
54,valid,2,0.0
57,valid,0,0.0
7662,valid,0,0.010884136720143628
64,valid,2,0.0
4157,valid,2,0.0
1566,valid,2,0.0
10039,valid,2,0.0
10040,valid,2,0.0
4154,valid,0,0.0
8131,valid,0,0.0
55,valid,2,0.0
63,valid,2,0.004589353184937308
6778,valid,2,0.0
947,valid,2,0.0
2337,valid,2,0.0
2333,valid,2,0.0
6896,valid,2,0.0
6878,valid,2,0.0
6771,valid,2,0.0
6879,valid,2,0.0
965,valid,2,0.0
6882,valid,2,0.0
6766,valid,2,0.0
6774,valid,2,0.0
2329,valid,2,0.0
955,valid,2,0.0
5850,valid,2,0.0
4664,valid,1,0.0
3499,valid,2,0.0
7141,valid,2,0.0
6888,valid,2,0.0
5835,valid,2,0.0
6876,valid,2,0.0
9412,valid,2,0.0
6877,valid,2,0.0
3493,valid,2,0.0
1983,valid,2,0.0
3498,valid,2,0.0
948,valid,2,0.0
5853,valid,2,0.0
6866,valid,2,0.0
6886,valid,2,0.0
6776,valid,2,0.0
9414,valid,2,0.0
3622,valid,2,0.0
5845,valid,2,0.0
2332,valid,2,0.0
3495,valid,2,0.0
5852,valid,2,0.0
1982,valid,2,0.0
5837,valid,2,0.0
2338,valid,2,0.0
2330,valid,2,0.0
5848,valid,2,0.0
6897,valid,2,0.0
2328,valid,2,0.0
5834,valid,0,0.0
3611,valid,2,0.0
5843,valid,0,0.010884136720143628
1968,valid,2,0.0
960,valid,2,0.0
6779,valid,0,0.0
959,valid,2,0.0
956,valid,2,0.0
1980,valid,2,0.0
3615,valid,2,0.0
1974,valid,2,0.0
2343,valid,2,0.0
1981,valid,0,0.010884136720143628
6252,valid,2,0.0
2550,valid,2,0.0
10498,valid,2,0.0
412,valid,0,0.010884136720143628
6289,valid,0,0.0
2828,valid,2,0.0
2809,valid,2,0.0
6254,valid,2,0.0
10514,valid,2,0.0
3306,valid,2,0.0
10510,valid,2,0.0
666,valid,2,0.0
6281,valid,2,0.0
2541,valid,2,0.0
6249,valid,2,0.0
8214,valid,2,0.0
2511,valid,2,0.0
413,valid,2,0.0
2820,valid,2,0.0
409,valid,2,0.0
2493,valid,2,0.0
7951,valid,1,0.0
2513,valid,2,0.0
2507,valid,2,0.0
8217,valid,2,0.0
668,valid,2,0.0
2819,valid,2,0.0
2545,valid,2,0.0
2798,valid,0,0.0
411,valid,2,0.0
10502,valid,2,0.0
2822,valid,0,0.007430636000433142
2544,valid,2,0.0
2823,valid,2,0.0
508,valid,2,0.0
2492,valid,2,0.0
405,valid,0,0.0
10508,valid,0,0.0
2503,valid,2,0.0
679,valid,0,0.0
2829,valid,2,0.0
6291,valid,2,0.0
3299,valid,2,0.0
8216,valid,2,0.0
2548,valid,2,0.0
496,valid,2,0.0
10509,valid,0,0.0
511,valid,0,0.0
2830,valid,2,0.0
2827,valid,2,0.0
7432,valid,2,0.0
2109,valid,2,0.0
7431,valid,2,0.0
3285,valid,2,0.0
4650,valid,2,0.0
2886,valid,2,0.0
7700,valid,1,0.0
3281,valid,2,0.0
2889,valid,2,0.0
2897,valid,2,0.0
2271,valid,2,0.0
3186,valid,2,0.0
10137,valid,2,0.0
3284,valid,2,0.0
2903,valid,2,0.0
10136,valid,2,0.0
10139,valid,2,0.0
10141,valid,2,0.0
7443,valid,2,0.0
7441,valid,2,0.0
4643,valid,2,0.0
4428,valid,2,0.0
7430,valid,2,0.0
2899,valid,2,0.0
3188,valid,2,0.0
2901,valid,2,0.0
7440,valid,2,0.0
2112,valid,2,0.0
4427,valid,2,0.0
7867,valid,0,0.0
4646,valid,0,0.010884136720143628
9936,valid,2,0.0
3187,valid,2,0.0
3289,valid,2,0.0
2268,valid,2,0.0
7879,valid,0,0.0
2883,valid,2,0.0
7433,valid,2,0.0
2274,valid,2,0.0
7437,valid,2,0.0
4176,valid,1,0.0
7444,valid,2,0.0
3196,valid,0,0.0
4644,valid,2,0.0
7866,valid,2,0.0
4429,valid,2,0.0
2900,valid,2,0.0
9937,valid,2,0.0010162814105621834
3282,valid,2,0.0
3288,valid,2,0.0
3291,valid,0,0.004622602643091562
4433,valid,2,0.0
10134,valid,2,0.0
10143,valid,2,0.0
7869,valid,2,0.0
7772,valid,2,0.0
2956,valid,2,0.0
4957,valid,2,0.0
5593,valid,2,0.0
3271,valid,2,0.0
5117,valid,2,0.0
4898,valid,2,0.0
4902,valid,2,0.0
8604,valid,2,0.0
7775,valid,2,0.0
3832,valid,1,0.0
9924,valid,2,0.0
5586,valid,2,0.0
3266,valid,2,0.0
5576,valid,2,0.0
10893,valid,2,0.0
4956,valid,2,0.0
5120,valid,2,0.0
4904,valid,2,0.0
159,valid,2,0.0
3267,valid,2,0.0
160,valid,2,0.0
8595,valid,2,0.0
5580,valid,2,0.0
5113,valid,2,0.0
4968,valid,0,0.0
3268,valid,2,0.0
5577,valid,2,0.0
4900,valid,2,0.0
4959,valid,2,0.0
3269,valid,2,0.0
4962,valid,2,0.0
8602,valid,2,0.0
165,valid,2,0.0
5115,valid,2,0.0
5592,valid,2,0.0
4894,valid,2,0.0
7771,valid,2,0.0
3277,valid,2,0.0
8136,valid,0,0.0003187908937453675
168,valid,0,0.0003187908937453675
3275,valid,0,0.010884136720143628
10901,valid,2,0.0
4859,valid,1,0.0
7908,valid,2,0.0
9989,valid,2,0.0
9640,valid,2,0.0
7503,valid,2,0.0
8786,valid,2,0.0
3412,valid,2,0.0
3433,valid,0,0.010884136720143628
10255,valid,2,0.0
9985,valid,2,0.0
5004,valid,2,0.0
9997,valid,2,0.0
7502,valid,2,0.0
9649,valid,2,0.0
3421,valid,2,0.0
10243,valid,2,0.0
9509,valid,2,0.0
4989,valid,2,0.0
9507,valid,2,0.0
3422,valid,2,0.0
3417,valid,2,0.0
9648,valid,2,0.0
10244,valid,2,0.0
9987,valid,2,0.0
5260,valid,1,0.0
3416,valid,2,0.0
3418,valid,2,0.0
4955,valid,1,0.0
10249,valid,2,0.0
7903,valid,0,0.010884136720143628
8787,valid,2,0.0
4951,valid,1,0.0
9994,valid,2,0.0
7495,valid,2,0.0
7297,valid,1,0.0
7905,valid,2,0.0
7512,valid,0,0.0
9995,valid,2,0.0
5007,valid,0,0.0
4991,valid,0,0.0
5005,valid,2,0.0
4288,valid,1,0.0
3424,valid,0,0.0
10247,valid,2,0.0
4997,valid,2,0.0
3427,valid,2,0.0
3402,valid,2,0.0
9508,valid,2,0.0
3408,valid,2,0.0
10152,valid,2,0.0
762,valid,2,0.0
10149,valid,2,0.0
10151,valid,2,0.0
7518,valid,2,0.0
5450,valid,2,0.0
2574,valid,2,0.0
10004,valid,2,0.0
7459,valid,2,0.0
888,valid,2,0.0
2575,valid,2,0.0
758,valid,2,0.0
5453,valid,2,0.0
7466,valid,0,0.0
7469,valid,2,0.0
7458,valid,2,0.0
10010,valid,2,0.0
10018,valid,2,0.0
2570,valid,2,0.0
10019,valid,2,0.0
882,valid,2,0.0
2562,valid,2,0.0
5446,valid,2,0.0
2560,valid,2,0.0
3512,valid,2,0.0
765,valid,2,0.0
883,valid,2,0.0
3506,valid,2,0.0
2584,valid,2,0.0
7456,valid,2,0.0
5454,valid,0,0.0
3505,valid,2,0.0
3692,valid,0,0.0
752,valid,2,0.0
892,valid,2,0.0
2573,valid,2,0.0
5456,valid,2,0.0
763,valid,2,0.0
2568,valid,0,0.0
2576,valid,2,0.0
7457,valid,2,0.0
11051,valid,1,0.0
10017,valid,2,0.0
10003,valid,0,0.0
887,valid,0,0.0
886,valid,2,0.0
2571,valid,2,0.0
1176,valid,2,0.0
716,valid,1,0.0
1898,valid,2,0.0
3813,valid,2,0.0
1177,valid,2,0.0
6642,valid,2,0.0
3810,valid,2,0.0
2995,valid,2,0.0
2989,valid,2,0.0
10442,valid,2,0.0
347,valid,2,0.0
10024,valid,2,0.0
333,valid,2,0.0
6646,valid,2,0.0
10430,valid,2,0.0
8165,valid,2,0.0
334,valid,2,0.0
10437,valid,2,0.0
8444,valid,2,0.0
8153,valid,2,0.0
10429,valid,2,0.0
1175,valid,2,0.0
9472,valid,2,0.0
9464,valid,2,0.0
2996,valid,2,0.0
8433,valid,2,0.0
9481,valid,2,0.0
6662,valid,2,0.0
10025,valid,2,0.0
343,valid,2,0.0
1907,valid,2,0.0
1167,valid,2,0.0
335,valid,2,0.0
6643,valid,2,0.0
3811,valid,2,0.0
1178,valid,2,0.0
6653,valid,2,0.0
6645,valid,2,0.0
341,valid,0,0.010884136720143628
3804,valid,2,0.0
9483,valid,2,0.0
8158,valid,0,0.0
6658,valid,2,0.0
10030,valid,0,0.0
345,valid,0,0.010884136720143628
6661,valid,2,0.0
6665,valid,2,0.0
10436,valid,2,0.0
1166,valid,2,0.0
8156,valid,2,0.0
10431,valid,2,0.0
8436,valid,0,0.0
1168,valid,2,0.0
10439,valid,2,0.0
6652,valid,0,0.0
10032,valid,0,0.012132648294247983
9459,valid,2,0.0
8441,valid,2,0.0
1905,valid,2,0.0
3812,valid,2,0.034956744076317006
9466,valid,2,0.0
3702,valid,2,0.0
3715,valid,2,0.0
3705,valid,2,0.0
3707,valid,2,0.0
4372,valid,0,0.0
4365,valid,2,0.0
5468,valid,2,0.0
4345,valid,2,0.0
1468,valid,2,0.0
6801,valid,2,0.0
7839,valid,2,0.0
7837,valid,2,0.0
6785,valid,2,0.0
4374,valid,2,0.0
5238,valid,2,0.0
3711,valid,2,0.0
5460,valid,2,0.0
2617,valid,2,0.0
5760,valid,2,0.0
2607,valid,2,0.0
5227,valid,2,0.0
5239,valid,2,0.0
4359,valid,2,0.0
5465,valid,2,0.0
6798,valid,2,0.0
4376,valid,2,0.0
2618,valid,2,0.0
7843,valid,2,0.0
1464,valid,0,0.0
4367,valid,2,0.0
5228,valid,2,0.0
2609,valid,2,0.0
7847,valid,0,0.010884136720143628
7842,valid,2,0.0
6802,valid,0,0.0
5232,valid,2,0.0
1461,valid,2,0.0
6786,valid,2,0.0
7840,valid,2,0.0
5466,valid,2,0.0009391509460232215
6787,valid,2,0.0
4350,valid,2,0.0
4349,valid,2,0.0
2620,valid,2,0.0
1469,valid,2,0.0
5459,valid,2,0.0
2608,valid,2,0.0
5758,valid,0,0.010884136720143628
1460,valid,0,0.0
9626,valid,2,0.0
10682,valid,2,0.0
10687,valid,2,0.0
9407,valid,2,0.0
633,valid,2,0.0
10686,valid,2,0.0
9721,valid,1,0.0
10679,valid,2,0.0
9630,valid,2,0.0
10684,valid,2,0.0
10185,valid,2,0.0
9397,valid,2,0.0
9623,valid,2,0.0
5701,valid,2,0.0
10868,valid,2,0.0
9070,valid,1,0.0
9394,valid,2,0.0
5697,valid,2,0.0
2098,valid,2,0.0
10178,valid,2,0.0
9622,valid,2,0.0
10857,valid,2,0.0
5708,valid,2,0.0
9396,valid,2,0.0
5703,valid,2,0.0
10865,valid,0,0.0
630,valid,2,0.0
5705,valid,2,0.0
6394,valid,0,0.010884136720143628
2480,valid,2,0.0
2975,valid,2,0.0
2090,valid,2,0.0
620,valid,2,0.0
9408,valid,2,0.0
9395,valid,2,0.0
10855,valid,2,0.0
10186,valid,2,0.0
10688,valid,0,0.010884136720143628
10670,valid,2,0.0
9399,valid,0,0.0
5696,valid,2,0.0
9611,valid,0,0.0
2973,valid,2,0.0
5692,valid,0,0.0
1368,valid,0,0.0
9306,valid,0,0.0003187908937453675
9631,valid,0,0.0003187908937453675
9618,valid,0,0.0
6395,valid,0,0.010884136720143628
10181,valid,2,0.0
10689,valid,2,0.0
10683,valid,2,0.0
624,valid,2,0.0
2096,valid,2,0.0
10336,valid,2,0.0
9828,valid,2,0.0
9829,valid,2,0.0
1409,valid,2,0.0
1405,valid,2,0.0
1413,valid,2,0.0
1645,valid,2,0.0
9890,valid,2,0.0
9160,valid,2,0.0
10322,valid,2,0.0
616,valid,2,0.0
8717,valid,2,0.0
10327,valid,2,0.0
9169,valid,2,0.0
1408,valid,2,0.0
612,valid,2,0.0
10328,valid,2,0.0
1648,valid,2,0.0
8711,valid,2,0.0
605,valid,2,0.0
613,valid,2,0.0
10331,valid,2,0.0
1649,valid,2,0.0
8715,valid,2,0.0
10917,valid,2,0.0
617,valid,2,0.0
10912,valid,2,0.0
1383,valid,2,0.0
8707,valid,2,0.0
7768,valid,2,0.0
7759,valid,2,0.0
10334,valid,2,0.0
1412,valid,2,0.0
8720,valid,0,0.0013842526283070963
2748,valid,0,0.0013842526283070963
7762,valid,2,0.0
8725,valid,2,0.0
9886,valid,2,0.0
9174,valid,2,0.0
9819,valid,2,0.0
1646,valid,2,0.0
1396,valid,2,0.0
10920,valid,2,0.0
615,valid,2,0.0
9159,valid,2,0.0
9889,valid,2,0.0
1414,valid,0,0.0
608,valid,2,0.0
7763,valid,2,0.0
10321,valid,2,0.0
9170,valid,2,0.0
7765,valid,2,0.0
10915,valid,2,0.0
9825,valid,2,0.0
8724,valid,2,0.0
1656,valid,2,0.0
8501,valid,2,0.0
4537,valid,2,0.0
2079,valid,2,0.0
4892,valid,2,0.0
4887,valid,2,0.0
4528,valid,2,0.0
5307,valid,2,0.0
9565,valid,2,0.0
372,valid,2,0.0
4882,valid,2,0.0
7391,valid,0,0.0
375,valid,2,0.0
3089,valid,1,0.0
4534,valid,2,0.0
750,valid,2,0.0
4891,valid,2,0.0
7030,valid,2,0.0
386,valid,2,0.0
8855,valid,2,0.0
8506,valid,2,0.0
7387,valid,2,0.0
747,valid,2,0.0
739,valid,2,0.0
8820,valid,1,0.0
379,valid,2,0.0
742,valid,2,0.0
378,valid,2,0.0
2082,valid,2,0.0
2086,valid,2,0.0
4530,valid,2,0.0
383,valid,2,0.0
5316,valid,2,0.0
7027,valid,2,0.0
9559,valid,2,0.0
8868,valid,0,0.0
4886,valid,2,0.0
748,valid,2,0.0
8502,valid,2,0.0
374,valid,2,0.0
5319,valid,2,0.009439695322450333
5308,valid,2,0.0
4531,valid,2,0.0
5309,valid,2,0.0
8500,valid,0,0.0
1555,valid,0,0.0
5314,valid,2,0.0
7394,valid,2,0.0
1820,valid,2,0.0
1810,valid,2,0.0
8327,valid,2,0.0
5219,valid,2,0.0
7109,valid,2,0.0
5212,valid,2,0.0
5215,valid,2,0.0
3201,valid,2,0.0
8513,valid,2,0.0
8529,valid,2,0.0
8318,valid,2,0.0015139273800261665
399,valid,2,0.0
7106,valid,0,0.0
1815,valid,2,0.0
392,valid,2,0.0
398,valid,2,0.0
1591,valid,1,0.0
4568,valid,2,0.0
8518,valid,2,0.0
1340,valid,2,0.0
1335,valid,2,0.0
387,valid,2,0.0
8771,valid,1,0.0
3209,valid,2,0.0
8326,valid,2,0.0
1334,valid,2,0.0
3887,valid,2,0.0
8523,valid,2,0.0
7114,valid,2,0.0
4561,valid,2,0.0
2398,valid,1,0.0
8520,valid,2,0.0
5211,valid,2,0.0
4576,valid,2,0.0
4571,valid,0,0.010884136720143628
9816,valid,0,0.0
7111,valid,2,0.0
8528,valid,2,0.0
7118,valid,2,0.0
1343,valid,0,0.010884136720143628
8526,valid,2,0.0
8521,valid,2,0.0
3881,valid,2,0.0
3880,valid,2,0.0
4379,valid,1,0.003228242748675464
8516,valid,0,0.0
3129,valid,0,0.0
3213,valid,0,0.0
3253,valid,2,0.0
7062,valid,2,0.0
2636,valid,2,0.0
588,valid,2,0.0
7679,valid,2,0.0
2528,valid,2,0.0
8314,valid,2,0.0
2601,valid,2,0.0
7061,valid,2,0.0
3248,valid,2,0.0
7683,valid,2,0.0
2626,valid,2,0.0
4458,valid,2,0.0
2530,valid,2,0.0
444,valid,2,0.0
7060,valid,2,0.0
587,valid,2,0.0
9013,valid,2,0.0
8304,valid,2,0.0
3258,valid,2,0.0
2529,valid,2,0.0
443,valid,2,0.0
2625,valid,2,0.0
9016,valid,2,0.0
4467,valid,2,0.0
8306,valid,2,0.0
596,valid,2,0.0
2598,valid,2,0.0
6830,valid,1,0.0
217,valid,1,0.0
2604,valid,2,0.0
7674,valid,0,0.0
3259,valid,2,0.0
3243,valid,2,0.0
9008,valid,2,0.0
2597,valid,2,0.0
7677,valid,2,0.0
442,valid,2,0.0
3239,valid,2,0.0
4461,valid,2,0.0
9015,valid,0,0.0
449,valid,0,0.0
8305,valid,2,0.0
446,valid,2,0.0
2635,valid,2,0.0
598,valid,2,0.0
593,valid,2,0.0
2603,valid,2,0.0
599,valid,0,0.0
2590,valid,2,0.0
2633,valid,2,0.0
3250,valid,2,0.0
4954,valid,1,0.0
2531,valid,2,0.0
7684,valid,0,0.004136474333447051
8316,valid,2,0.0
6639,valid,2,0.0
6007,valid,2,0.0
6633,valid,2,0.0
2877,valid,2,0.0
2871,valid,2,0.0
6020,valid,2,0.0
6024,valid,2,0.0
9753,valid,2,0.0
8618,valid,2,0.0
2881,valid,2,0.0
4099,valid,2,0.0
8607,valid,2,0.0
8609,valid,2,0.0
2875,valid,2,0.0
2876,valid,2,0.0
2282,valid,2,0.0
5131,valid,2,0.0
8612,valid,2,0.0
2870,valid,2,0.0
8608,valid,2,0.0
6009,valid,2,0.0
5130,valid,2,0.0
4100,valid,2,0.0
9751,valid,2,0.0
9741,valid,2,0.0
9752,valid,2,0.0
2276,valid,2,0.0
9748,valid,2,0.0
9739,valid,2,0.0
8616,valid,0,0.010884136720143628
6011,valid,2,0.0
7818,valid,2,0.0
6010,valid,2,0.0
7825,valid,2,0.0
2288,valid,2,0.0
2869,valid,2,0.0
2479,valid,2,0.0
5133,valid,2,0.0
9754,valid,2,0.0
4096,valid,2,0.0
2874,valid,0,0.010884136720143628
2278,valid,0,0.010884136720143628
2873,valid,0,0.010884136720143628
2476,valid,2,0.0
7622,valid,2,0.0
9950,valid,2,0.0
7167,valid,2,0.0
9243,valid,2,0.0
10356,valid,2,0.0
10352,valid,2,0.0
3797,valid,2,0.0
9236,valid,2,0.0
9234,valid,2,0.0
10351,valid,2,0.0
4300,valid,2,0.0
3787,valid,2,0.0
9958,valid,2,0.0
9957,valid,2,0.0
9661,valid,2,0.0
7168,valid,2,0.0
7163,valid,0,0.010884136720143628
9659,valid,2,0.0
18,valid,1,0.0
10357,valid,2,0.0
4316,valid,2,0.0
4315,valid,2,0.0
10443,valid,1,0.0
10367,valid,2,0.0
3794,valid,2,0.0
9947,valid,2,0.0
7180,valid,2,0.0
5604,valid,2,0.0
9652,valid,0,0.0
5992,valid,2,0.0
5597,valid,2,0.0
5983,valid,2,0.0
4307,valid,2,0.0
9943,valid,2,0.0
5995,valid,2,0.0
9244,valid,2,0.0
9949,valid,0,0.0
5997,valid,2,0.0
10366,valid,2,0.0
9664,valid,2,0.0
9660,valid,0,0.010884136720143628
4304,valid,2,0.0
5602,valid,2,0.0
9610,valid,1,0.0
5599,valid,2,0.0
3800,valid,2,0.0
7171,valid,2,0.0
9658,valid,2,0.0
5662,test,2,0.0
5660,test,2,0.0
1229,test,2,0.0
3386,test,2,0.0
8085,test,2,0.0
1247,test,2,0.0
10990,test,2,0.0
2422,test,1,0.0
7364,test,2,0.0
10067,test,2,0.0
5661,test,2,0.0
1233,test,2,0.0
8089,test,2,0.0
8087,test,2,0.0
10066,test,2,0.0
5659,test,2,0.0
10988,test,2,0.0
1242,test,2,0.0
5657,test,2,0.0
7372,test,2,0.0
5649,test,2,0.0
1239,test,2,0.0
3384,test,2,0.0
6968,test,2,0.0026832845195842478
3784,test,2,0.0
6963,test,2,0.0
1241,test,2,0.0
10068,test,2,0.0
3768,test,0,0.0
3780,test,2,0.0
3782,test,2,0.0
10989,test,2,0.0
5666,test,2,0.0
10059,test,0,0.0013858235379748762
5328,test,0,0.0013858235379748762
3382,test,2,0.0
10411,test,2,0.0
3773,test,2,0.0
10426,test,0,0.0
1230,test,2,0.0
8091,test,2,0.0
3388,test,2,0.0
8445,test,0,0.0
10055,test,2,0.0
7018,test,0,0.0
10978,test,0,0.0
3772,test,2,0.0
3378,test,2,0.0
8927,test,0,0.0
3778,test,0,0.0
3393,test,2,0.0
8753,test,1,0.0
2413,test,1,0.0
10064,test,0,0.0
10063,test,2,0.0
11038,test,2,0.0
9874,test,2,0.0
9870,test,2,0.0
3472,test,1,0.0
2971,test,2,0.0
93,test,2,0.0
7860,test,2,0.0
2969,test,2,0.0
89,test,2,0.0
9871,test,2,0.0
10549,test,2,0.0
7853,test,2,0.0
4625,test,1,0.0
10548,test,2,0.0
1521,test,2,0.0
6585,test,2,0.0
92,test,2,0.0
10553,test,0,0.0
1524,test,2,0.0
9873,test,2,0.0
7851,test,2,0.0
6588,test,2,0.0
6242,test,0,0.0
91,test,0,0.011240558616830765
9861,test,2,0.0
10543,test,2,0.0
7859,test,2,0.0
6581,test,2,0.0
9875,test,2,0.0
6236,test,0,0.0
198,test,0,0.0
98,test,2,0.0
97,test,2,0.0
6571,test,2,0.0
113,test,1,0.0
6570,test,2,0.0
10546,test,2,0.0
87,test,2,0.0
4629,test,1,0.0
11040,test,2,0.0
1516,test,2,0.0
11032,test,2,0.0
11036,test,2,0.0
7857,test,2,0.0
4179,test,0,0.0
11039,test,2,0.0
6575,test,2,0.0
6243,test,2,0.0
1520,test,2,0.0
6229,test,2,0.0
185,test,2,0.0
189,test,2,0.0
6574,test,2,0.0
3158,test,0,0.0
8027,test,0,0.0
3971,test,0,0.0
6780,test,0,0.0
2497,test,0,0.0
3734,test,0,0.0
3613,test,0,0.0
6660,test,0,0.0
76,test,0,0.0
1967,test,0,0.0
8157,test,0,0.0
2062,test,0,0.0
9010,test,0,0.0
3324,test,0,0.0
7597,test,0,0.0005196718709628289
2341,test,0,0.0005196718709628289
8022,test,0,0.0
4371,test,0,0.013348986739792863
9023,test,0,0.0
8193,test,0,0.034805769242758695
3620,test,0,0.0
8597,test,0,0.0
11086,test,0,0.0
5404,test,0,0.0
153,test,0,0.0
7510,test,0,0.011240558616830765
469,test,0,0.0
5725,test,0,0.0
5714,test,1,0.0
2994,test,0,0.0
4901,test,0,0.0
9470,test,0,0.0
464,test,0,0.0
2811,test,0,0.0
9790,test,0,0.0
8197,test,0,0.0
5123,test,0,0.0
5400,test,0,0.0
8222,test,0,0.0
1943,test,0,0.0
5054,test,0,0.0
208,test,0,0.0
9915,test,0,0.0
4505,test,0,0.0
218,test,0,0.0037475125277753062
10126,test,0,0.0
6803,test,0,0.005057805588273084
951,test,0,0.0
4229,test,0,0.0
10625,test,0,0.0
8780,test,0,0.0
6298,test,0,0.0
7802,test,0,0.0
8416,test,0,0.0
5394,test,0,0.0
5894,test,0,0.006264344206015782
4994,test,0,0.0
1936,test,0,0.0
11069,test,0,0.0
5581,test,0,0.03570946691040765
7804,test,0,0.0
9991,test,0,0.0
3353,test,0,0.0
4203,test,0,0.011240558616830765
5715,test,0,0.0
9475,test,0,0.0
5901,test,0,0.03215104334041433
6247,test,0,0.0
6865,test,0,0.0
5851,test,0,0.0
6940,test,0,0.0
10383,test,0,0.0
5899,test,0,0.0
6287,test,0,0.0
4927,test,0,0.0
361,test,0,0.011240558616830765
8023,test,0,0.0
3405,test,0,0.0019644452910361535
4292,test,0,0.0
1790,test,0,0.006247294036555663
6863,test,0,0.0
7551,test,0,0.0
11087,test,0,0.0
1510,test,0,0.0
4843,test,0,0.0
1938,test,0,0.0
3400,test,0,0.0
4727,test,0,0.0
10373,test,0,0.006245045614846658
3854,test,0,0.0
6417,test,0,0.0
5860,test,0,0.0
10083,test,0,0.0
5159,test,0,0.0
2695,test,0,0.0
6616,test,0,0.0
3317,test,0,0.0
869,test,0,0.009404606606028829
1033,test,0,0.0
4935,test,0,0.0
1021,test,0,0.0
6796,test,0,0.009405687896415998
9198,test,0,0.0
3162,test,0,0.0
8151,test,0,0.0
6816,test,0,0.0
5643,test,0,0.0
9964,test,0,0.0
4670,test,0,0.006251915328350271
6621,test,0,0.0
6149,test,0,0.0012608935445934607
8414,test,0,0.0
2815,test,0,0.007292004090685202
5913,test,0,0.006249970208818294
7648,test,0,0.03923220008413076
8215,test,0,0.04790565908616038
1202,test,0,0.0
6055,test,0,0.0
6441,test,0,0.0
3167,test,0,0.0
2855,test,0,0.0
5045,test,0,0.0
3252,test,0,0.0
3957,test,0,0.11233931088451955
8553,test,0,0.0
10079,test,0,0.006288525378610032
5361,test,0,0.0
8038,test,0,0.0
5880,test,0,0.0062515647479919586
7497,test,0,0.0
4858,test,0,0.0
6867,test,0,0.11233990101391964
5916,test,0,0.0
1005,test,0,0.006055652529456361
3822,test,0,0.0
9423,test,0,0.0
10615,test,0,0.006055652529456361
3826,test,0,0.0
7613,test,0,0.0
6607,test,0,0.0
1217,test,0,0.006245251288398802
6293,test,0,0.0
3354,test,0,0.0
5757,test,0,0.03733161727728365
6143,test,0,0.006528998644550551
11082,test,0,0.006264687513194843
4996,test,0,0.011240558616830765
1903,test,0,0.0
6810,test,0,0.006266347907060361
7509,test,0,0.0
10955,test,0,0.0
8841,test,0,0.006249568382869093
4459,test,0,0.0
3626,test,0,0.0
6768,test,0,0.0
539,test,0,0.006244938739757163
79,test,0,0.0
3718,test,0,0.0
4960,test,0,0.0
4284,test,0,0.0
2539,test,0,0.0
1978,test,0,0.0
1292,test,0,0.0
9183,test,0,0.0
3850,test,0,0.026245380508441562
5934,test,0,0.0
5124,test,0,0.0
3419,test,0,0.0
2804,test,0,0.0
4947,test,0,0.0
39,test,0,0.0
549,test,0,0.0
7493,test,0,0.074340073796176
8429,test,0,0.074340073796176
6764,test,0,0.0
3740,test,0,0.0
503,test,0,0.0
5883,test,0,0.0
8186,test,0,0.0
2242,test,0,0.0
2864,test,0,0.0
1500,test,0,0.0
5048,test,0,0.014328580805365714
10269,test,0,0.006249357258518567
8205,test,0,0.020081070729478893
4854,test,0,0.0
344,test,0,0.035395986618555135
364,test,0,0.0
10628,test,0,0.022911593455786014
1902,test,0,0.011240558616830765
4208,test,0,0.0
1014,test,0,0.0
4366,test,0,0.0
6783,test,0,0.0
2306,test,0,0.0
4067,test,0,0.0
10871,test,0,0.006274143019697667
2071,test,0,0.00941118497707933
7308,test,0,0.00624508778509265
6626,test,0,0.03539599393044439
8221,test,0,0.0
6147,test,0,0.0
9986,test,0,0.0
10252,test,0,0.011240558616830765
9980,test,0,0.0
9000,test,0,0.0
9473,test,0,0.0
6752,test,0,0.0
5290,test,0,0.0
8171,test,0,0.0
4938,test,0,0.0
9477,test,0,0.011240558616830765
10968,test,0,0.0
671,test,0,0.0
4961,test,0,0.0
1276,test,0,0.0
10271,test,0,0.026219955997443662
1940,test,0,0.0037475125277753062
1893,test,0,0.11957399180143669
5367,test,0,0.11957399180143669
4358,test,0,0.0
7909,test,0,0.0
542,test,0,0.0062520651919721875
1805,test,0,0.0
3701,test,0,0.011240558616830765
6277,test,0,0.0
4721,test,0,0.035395986188444
548,test,0,0.0
6797,test,0,0.011240558616830765
2821,test,0,0.0
3240,test,0,0.002020573781480234
5001,test,0,0.0005076740722581693
5871,test,0,0.0014027785190600835
2587,test,0,0.004129324472909902
5722,test,0,0.0
10391,test,0,0.0062449252299664896
9410,test,0,0.0
10563,test,0,0.0
7907,test,0,0.007292004090685202
2516,test,0,0.0
675,test,0,0.007292004090685202
5230,test,0,0.0
475,test,0,0.0
8180,test,0,0.035395985818548435
10280,test,0,0.0
7063,test,0,0.0
3157,test,0,0.0
3722,test,0,0.0062455712396831415
415,test,0,0.0002334462431077797
3745,test,0,0.0062610828098579015
2540,test,0,0.0
7783,test,0,0.0
3966,test,0,0.035395987478777396
2592,test,0,0.0
7797,test,0,0.0
5289,test,0,0.0016878068517138856
8777,test,0,0.011240558616830765
2310,test,0,0.0037475125277753062
2546,test,0,0.0
5300,test,0,0.0
3241,test,0,0.0
9417,test,0,0.0
9125,test,0,0.0
4219,test,0,0.0012827251270280384
4928,test,0,0.0
8145,test,0,0.022549467967086564
1896,test,0,0.0
7499,test,0,0.0
5461,test,0,0.011240558616830765
1279,test,0,0.0
1494,test,0,0.0
1472,test,0,0.0
1328,test,0,0.0
167,test,0,0.0
4222,test,0,0.0
10977,test,0,0.0
1064,test,0,0.0
5582,test,0,0.0
4949,test,0,0.0
8152,test,0,0.0
4463,test,0,0.0
1505,test,0,0.011862975812744071
9500,test,0,0.011240558616830765
1792,test,0,0.0
2542,test,0,0.0
7776,test,0,0.0
660,test,0,0.0
10123,test,0,0.0
2340,test,0,0.0
172,test,0,0.0005748531856705016
4907,test,0,0.0005748531856705016
8546,test,0,0.0
584,test,0,0.0
6773,test,0,0.011240558616830765
5862,test,0,0.011240558616830765
10659,test,0,0.011240558616830765
7841,test,0,0.011240558616830765
7726,test,0,0.0037475125277753062
10973,test,0,0.0
9002,test,0,0.0354056621978706
1165,test,0,0.007292004090685202
1066,test,0,0.0
6873,test,0,0.0
2698,test,0,0.0
9180,test,0,0.0
3311,test,0,0.0
2632,test,0,0.011240558616830765
9424,test,0,0.0
10251,test,0,0.0
6056,test,0,0.006055652529456361
3699,test,0,0.0
3814,test,0,0.0
7961,test,0,0.0
2240,test,0,0.0
4062,test,0,0.0
3964,test,0,0.0
2990,test,0,0.0
9427,test,0,0.0
4952,test,0,0.0
4506,test,0,0.0
595,test,0,0.0
10078,test,0,0.0037475125277753062
8776,test,0,0.035395988554055235
5905,test,0,0.0
8170,test,0,0.011240558616830765
4455,test,0,0.011240558616830765
967,test,0,0.0
5859,test,0,0.0
6649,test,0,0.011240558616830765
11067,test,0,0.0
3621,test,0,0.005776761296181264
8172,test,0,0.0
10258,test,0,0.0
5578,test,0,0.0
5142,test,0,0.0
3809,test,0,0.0
10904,test,0,0.0
4205,test,0,0.005776763231681361
1942,test,0,0.02518793918362186
1280,test,0,0.0
1892,test,0,0.0
10099,test,0,0.0
1901,test,0,0.0
4966,test,0,0.0
3623,test,0,0.0
3502,test,0,0.0
2303,test,0,0.0
5379,test,0,0.0
8021,test,0,0.0
10033,test,0,0.011240558616830765
8848,test,0,0.0
5012,test,0,0.0
2817,test,0,0.011862933309333997
4364,test,0,0.035405649791314976
7652,test,0,0.0
8138,test,0,0.0159373914908149
776,test,0,0.03542539756832457
6427,test,0,0.000272162882011377
6829,test,0,0.0
3309,test,0,0.0
4732,test,0,0.01598276921212533
4754,test,0,0.0
1310,test,0,0.0
450,test,0,0.00944137063513932
8137,test,0,0.0
8167,test,0,0.002020573781480234
10568,test,0,0.0
10254,test,0,0.0
2518,test,0,0.0
5836,test,0,0.0014027785190600835
4357,test,0,0.0
3314,test,0,0.0
5157,test,0,0.001565755102800677
8555,test,0,0.0
8188,test,0,0.0
567,test,0,0.0010983697937704808
6640,test,0,0.0
7605,test,0,0.0
3987,test,0,0.0
8178,test,0,0.0
6131,test,0,0.0
6794,test,0,0.0029989850668035636
10119,test,0,0.0
2988,test,0,0.0
5839,test,0,0.0
10270,test,0,0.0
3704,test,0,0.011240558616830765
8946,test,0,0.0
7650,test,0,0.0
3411,test,0,0.0
2861,test,0,0.0
8773,test,0,0.0
3816,test,0,0.011240558616830765
674,test,0,0.0
6248,test,0,0.011240558616830765
3963,test,0,0.011240558616830765
7942,test,0,0.0
1173,test,0,0.011240558616830765
5890,test,0,0.0
564,test,0,0.00577675988541675
7947,test,0,0.0011263250950680056
448,test,0,0.035395985758332874
7780,test,0,0.0
7496,test,0,0.0
7059,test,0,0.0
2235,test,0,0.0
10090,test,0,0.0
1798,test,0,0.006250020325894345
5864,test,0,0.0
2526,test,0,0.0
1971,test,0,0.0
7134,test,0,0.0
9785,test,0,0.00030719162400234736
8592,test,0,0.005057805588273084
10111,test,0,0.01707515142786543
5844,test,0,0.0
3617,test,0,0.0
6902,test,0,0.0
3304,test,0,0.0
10961,test,0,0.0
5579,test,0,0.0
3719,test,0,0.0
5588,test,0,0.0
4272,test,0,0.059203555479557565
3853,test,0,0.022694779513792812
600,test,0,0.03575300987218987
6943,test,0,0.0
8840,test,0,0.0
6297,test,0,0.0
461,test,0,0.0
3700,test,0,0.03539598919922193
4715,test,0,0.0
3423,test,0,0.0
7785,test,0,0.0007114772480664332
3581,test,0,0.0
10884,test,0,0.0
8410,test,0,0.04218394111408812
3716,test,0,0.011240558616830765
4217,test,0,0.0
7786,test,0,0.0
3172,test,0,0.027917791639227665
2524,test,0,0.011240558616830765
2501,test,0,0.011240558616830765
9787,test,0,0.0
2538,test,0,0.03540568439160504
8948,test,0,0.0
10969,test,0,0.00625486915239172
1083,test,0,0.0
10384,test,0,0.0
10663,test,0,0.035395987478777396
6800,test,0,0.0
169,test,0,0.0
574,test,0,0.0
206,test,0,0.0
4087,test,0,0.04610463125766598
5614,test,0,0.0
6860,test,0,0.0
10617,test,0,0.0
1897,test,0,0.0
7955,test,0,0.0037475125277753062
10953,test,0,0.03601188191313409
4224,test,0,0.026239386722386765
3579,test,0,0.0
10581,test,0,0.0
6790,test,0,0.0
10897,test,0,0.0
510,test,0,0.0
10664,test,0,0.0
5111,test,0,0.0006893718249665966
7600,test,0,0.0
6283,test,0,0.0
9984,test,0,0.011240558616830765
8194,test,0,0.0
4728,test,0,0.0
7557,test,0,0.03216369138254765
1331,test,0,0.0
570,test,0,0.0
360,test,0,0.005057805588273084
9928,test,0,0.0
5849,test,0,0.0
5116,test,0,0.005776760909081245
9112,test,0,0.0
4905,test,0,0.03544453090039825
468,test,0,0.0
6416,test,0,0.006251942233737113
10632,test,0,0.0
26,test,0,0.004601353669790231
7793,test,0,0.006291520808173458
6419,test,0,0.004565014813201769
1077,test,0,0.0
5298,test,0,0.0008710054362184109
6431,test,0,0.0
6648,test,0,0.0
9917,test,0,0.0
864,test,0,0.0
772,test,0,0.011240558616830765
1939,test,0,0.0
7849,test,0,0.0
9634,test,0,0.011240558616830765
4348,test,0,0.0
5863,test,0,0.007441465371269529
4069,test,0,0.0
445,test,0,0.011240558616830765
9476,test,0,0.011240558616830765
10027,test,0,0.03539598597123788
8593,test,0,0.0
156,test,0,0.0
7565,test,0,0.0
2521,test,0,0.011240558616830765
8600,test,0,0.037116438521612054
7555,test,0,0.0
8147,test,0,0.0518184382546476
4362,test,0,0.03539598559704119
2502,test,0,0.0
1008,test,0,0.001565755102800677
3337,test,0,0.03539598640349957
560,test,0,0.006261027729826268
1290,test,0,0.03539598919922193
350,test,0,0.0
1463,test,0,0.03539598615618567
10021,test,0,0.03539598704866627
6250,test,0,0.03539598601639955
5857,test,0,0.035395986188444
9463,test,0,0.03539598597338844
366,test,0,0.036633757552666166
4198,test,0,0.035395988876638584
2506,test,0,0.03539598672608292
7781,test,0,0.03539598962933307
4995,test,0,0.0
3406,test,0,0.0
3247,test,0,0.03544498055147956
3807,test,0,0.0
661,test,0,0.008681092909890846
408,test,0,0.0354056675140442
10132,test,0,0.011240558616830765
3710,test,0,0.0
6903,test,0,0.0366041119222197
4088,test,0,0.0
6295,test,0,0.03540579813879516
359,test,0,0.036621162082834904
4066,test,0,0.02998040486614591
3260,test,0,0.0
170,test,0,0.011240558616830765
10577,test,0,0.03539598803792187
43,test,0,0.0
3741,test,0,0.0
4279,test,0,0.008554540273323934
342,test,0,0.0
583,test,0,0.035395986205648454
4196,test,0,0.03539598613468012
31,test,0,0.0
9468,test,0,0.0353959868529657
7602,test,0,0.014328580350662975
3303,test,0,0.03539598902717748
5931,test,0,0.0
7617,test,0,0.0
5257,test,0,0.0
4518,test,0,0.0
2623,test,0,0.0353959868336107
1502,test,0,0.0
2504,test,0,0.0
4375,test,0,0.002020573781480234
9416,test,0,0.005776760651014565
8560,test,0,0.0
5847,test,0,0.0
10612,test,0,0.0
3341,test,0,0.035406256877049416
1975,test,0,0.0
4457,test,0,0.0
736,test,0,0.0004383817750379326
6664,test,0,0.011240558616830765
5718,test,0,0.0
2955,test,0,0.03624625420378809
9130,test,0,0.0
8169,test,0,0.0
7505,test,0,0.0
3327,test,0,0.05503862793429323
4278,test,0,0.0
1784,test,0,0.0037475125277753062
10630,test,0,0.0
3302,test,0,0.0
9799,test,0,0.0
1200,test,0,0.05777699584198185
9444,test,0,0.011240558616830765
3872,test,0,0.006055652529456361
6437,test,0,0.0
6953,test,0,0.0
2808,test,0,0.0
453,test,0,0.0
9004,test,0,0.0057767640058814
5867,test,0,0.0
1063,test,0,0.05700926260150071
3849,test,0,0.0
4906,test,0,0.023130828864959502
9009,test,0,0.0
10089,test,0,0.006055652529456361
2853,test,0,0.0066862859778269714
8081,test,0,0.006055652529456361
8025,test,0,0.015673373723378292
6754,test,0,0.0
10097,test,0,0.0
497,test,0,0.0
7568,test,0,0.0
8971,test,0,0.0
6836,test,0,0.0
10951,test,0,0.0062455026831944455
10623,test,0,0.049338723990373416
219,test,0,0.0
4897,test,0,0.03659444974108107
4271,test,0,0.012924076714713465
3171,test,0,0.0
4740,test,0,0.0
3255,test,0,0.0
7558,test,0,0.0
5729,test,0,0.0
4930,test,0,0.0
155,test,0,0.03539598911319971
1026,test,0,0.0
5639,test,0,0.0
9804,test,0,0.0
452,test,0,0.0
7933,test,0,0.0
9185,test,0,0.0
5754,test,0,0.03539599091966646
1642,test,0,0.0
4669,test,0,0.0
8426,test,0,0.0
10375,test,0,0.0
2780,test,0,0.006280229777175301
7680,test,0,0.0
3979,test,0,0.0
5371,test,0,0.0
2637,test,0,0.0
3345,test,0,0.0
645,test,0,0.0
3342,test,0,0.0
8142,test,0,0.0
3729,test,0,0.0
8035,test,0,0.0
7792,test,0,0.0
4971,test,0,0.011240558616830765
1285,test,0,0.0
7717,test,0,0.0
7616,test,0,0.0
1312,test,0,0.0
10428,test,0,0.03543486083618278
5635,test,0,0.0
9191,test,0,0.0
578,test,0,0.005786427370040698
7292,test,0,0.0
505,test,0,0.0
862,test,0,0.011240558616830765
7566,test,0,0.0
4656,test,0,0.0
2523,test,0,0.0
8203,test,0,0.0
2785,test,0,0.0
1930,test,0,0.0
29,test,0,0.0
7953,test,0,0.006262648696103195
6827,test,0,0.015577055957480677
3955,test,0,0.03539599835628795
3335,test,0,0.0
1793,test,0,0.004612217790154606
1948,test,0,0.0
5009,test,0,0.0
3984,test,0,0.0
3735,test,0,0.0
1078,test,0,0.0
5299,test,0,0.0
8439,test,0,0.035396824626655526
8146,test,0,0.03169896952736092
643,test,0,0.0045696989528239305
28,test,0,0.0
556,test,0,0.0
1924,test,0,0.006055652529456361
6627,test,0,0.0
6057,test,0,0.0
5915,test,0,0.0
5251,test,0,0.0
648,test,0,0.0
2307,test,0,0.0
8432,test,0,0.011240558616830765
7649,test,0,0.007292004090685202
775,test,0,0.0
73,test,0,0.002998992217401142
10246,test,0,0.0354541996215917
1004,test,0,0.0
3413,test,0,0.0
1927,test,0,0.010140015177655662
161,test,0,0.03540565729460369
1788,test,0,0.0
4460,test,0,0.0
5833,test,0,0.011240558616830765
3262,test,0,0.005057805588273084
3500,test,0,0.0
554,test,0,0.003956689068376514
717,test,0,0.03539598586586065
1204,test,0,0.0
4852,test,0,0.02469607584119037
5854,test,0,0.0366210970339025
5627,test,0,0.0
721,test,0,0.0
5052,test,0,0.0037475125277753062
6650,test,0,0.005776760812306239
734,test,0,0.03482313632232754
3270,test,0,0.0
10264,test,0,0.0
9982,test,0,0.007292004090685202
3981,test,0,0.0
9480,test,0,0.035395986360488456
4719,test,0,0.0
7791,test,0,0.0
8783,test,0,0.0
8999,test,0,0.0
5003,test,0,0.0
3608,test,0,0.03539599905306798
3300,test,0,0.0
4969,test,0,0.0
9452,test,0,0.03544551349573224
6748,test,0,0.011240558616830765
4462,test,0,0.011240558616830765
3273,test,0,0.03539599070461089
8149,test,0,0.0
467,test,0,0.0
6765,test,0,0.011240558616830765
5591,test,0,0.011240558616830765
1922,test,0,0.0037475125277753062
3276,test,0,0.011240558616830765
5395,test,0,0.0020626578542923667
1969,test,0,0.0
6769,test,0,0.03539610274425982
2797,test,0,0.0
2525,test,0,0.0
1060,test,0,0.0
368,test,0,0.0
10104,test,0,0.0
4083,test,0,0.0
6870,test,0,0.035395986188444
4072,test,0,0.0
536,test,0,0.020071399056400478
5723,test,0,0.0
5046,test,0,0.034103006064729616
6415,test,0,0.01867932749064628
5108,test,0,0.03539598559704119
10441,test,0,0.0
5865,test,0,0.0
4863,test,0,0.0
5050,test,0,0.016542936274306294
5403,test,0,0.0
5914,test,0,0.032246433726990785
731,test,0,0.01498400238316845
7500,test,0,0.0
5370,test,0,0.0
6775,test,0,0.0
4942,test,0,0.0
10902,test,0,0.035395989762667515
3864,test,0,0.05252986878678995
9975,test,0,0.0
8184,test,0,0.0
5118,test,0,0.0002941736394825503
3310,test,0,0.0
9916,test,0,0.005776761291880153
5590,test,0,0.0
9503,test,0,0.0
8594,test,0,0.0
6880,test,0,0.0
5126,test,0,0.005867111476675447
7676,test,0,0.0009468363158062676
10034,test,0,0.0
7682,test,0,0.0
3298,test,0,0.011240558616830765
6435,test,0,0.0
964,test,0,0.03539603221033519
1082,test,0,0.015452172053539397
1024,test,0,0.03539598753254129
676,test,0,0.03539599048955533
8784,test,0,0.035395985758332874
75,test,0,0.0006990397160455651
10903,test,0,0.035395986188444
10660,test,0,0.0
10392,test,0,0.0
9650,test,0,0.0
6424,test,0,0.016388519192421944
1506,test,0,0.0
3426,test,0,0.011240558616830765
5624,test,0,0.005133939480962053
670,test,0,0.005776761941347963
3410,test,0,0.011240558616830765
9474,test,0,0.0
7563,test,0,0.0
589,test,0,0.0
7135,test,0,0.0
3338,test,0,0.035396021393040204
2612,test,0,0.0
3983,test,0,0.008055181814162225
6604,test,0,0.0037475125277753062
582,test,0,0.03539598882287469
2179,test,0,0.0
646,test,0,0.061482165105940255
10886,test,0,0.02515887677874206
2334,test,0,0.03658473451690638
5636,test,0,0.0
2776,test,0,0.03545219785480556
5842,test,0,0.0
6257,test,0,0.0
5928,test,0,0.0
11084,test,0,0.04210918474003747
6141,test,0,0.051632399398424886
7673,test,0,0.0
9012,test,0,0.0
4082,test,0,0.02338248735933628
4723,test,0,0.0
9409,test,0,0.002625512789267129
998,test,0,0.04909901931122827
4063,test,0,0.0
5587,test,0,0.0
5396,test,0,0.016244841168163066
4917,test,0,0.0
10497,test,0,0.0
1061,test,0,0.0
7678,test,0,0.0
2701,test,0,0.03539598597338844
8844,test,0,0.058123416029922326
7950,test,0,0.020071397611130297
572,test,0,0.0
4739,test,0,0.01432857189440929
3806,test,0,0.035914465134127924
9796,test,0,0.0
4708,test,0,0.03539631888800726
8549,test,0,0.006252393787199959
2342,test,0,0.0
1022,test,0,0.023827410860069866
9701,test,0,0.03459000017893042
3154,test,0,0.0
9637,test,0,0.0
969,test,0,0.03976470235090677
5026,test,0,0.03976470235090677
5589,test,0,0.035415335622329285
5615,test,0,0.04284627334393317
10578,test,0,0.06281230921919746
10512,test,0,0.0
5240,test,0,0.038862035887881285
2786,test,0,0.0
416,test,0,0.0029989816656997826
6366,test,0,0.0
4925,test,0,0.0
3336,test,0,0.03421270124869118
407,test,0,0.03540566974632098
4226,test,0,0.0
5237,test,0,0.011240558616830765
6755,test,0,0.0
4970,test,0,0.0
5381,test,0,0.0
1795,test,0,0.0
2072,test,0,0.0
7773,test,0,0.03789559437657661
952,test,0,0.037924949358672556
6399,test,0,0.09502832795270534
5471,test,0,0.0
1316,test,0,0.0
4200,test,0,0.011240558616830765
10260,test,0,0.026277958584662524
5840,test,0,0.0
410,test,0,0.0
10127,test,0,0.035395986618555135
8079,test,0,0.0
3993,test,0,0.03539600167244478
9426,test,0,0.03539598640349957
9923,test,0,0.0
78,test,0,0.0
4730,test,0,0.0
10094,test,0,0.018263900659077306
3827,test,0,0.0
9421,test,0,0.011240558616830765
7309,test,0,0.0
6815,test,0,0.0
10108,test,0,0.007118833493613863
7714,test,0,0.0
9022,test,0,0.0
3244,test,0,0.0
652,test,0,0.0
1471,test,0,0.03539598860566857
3990,test,0,0.01568850338163162
10379,test,0,0.013457394022788567
8417,test,0,0.043734982354137336
4929,test,0,0.0
7710,test,0,0.006245552025543572
211,test,0,0.0
4202,test,0,0.03539598997772308
6777,test,0,0.0
5879,test,0,0.0
3256,test,0,0.005776763124153577
7507,test,0,0.0
569,test,0,0.005776762048875746
1315,test,0,0.0
37,test,0,0.004575376419773658
9469,test,0,0.0
533,test,0,0.004596368452375281
9006,test,0,0.035395994704644426
10880,test,0,0.0
6400,test,0,0.0
8218,test,0,0.03539598611532511
7315,test,0,0.0
3954,test,0,0.0
2315,test,0,0.004633982454234468
10245,test,0,0.0
5617,test,0,0.0037475125277753062
579,test,0,0.03539598688092293
3978,test,0,0.0
4895,test,0,0.03539599393044439
4714,test,0,0.007847329704844865
5250,test,0,0.0
2324,test,0,0.0
2691,test,0,0.04000948484160117
7838,test,0,0.004374462558746702
3863,test,0,0.004374462558746702
5235,test,0,0.0
2069,test,0,0.0
8161,test,0,0.0
2594,test,0,0.0
6791,test,0,0.0
7144,test,0,0.0
6657,test,0,0.0
506,test,0,0.0030086502374296184
7550,test,0,0.0
8159,test,0,0.0
773,test,0,0.011240558616830765
11079,test,0,0.01445341447844504
1465,test,0,0.03539600124233364
654,test,0,0.0
5241,test,0,0.0
4720,test,0,0.005057805588273084
2794,test,0,0.02619149641739006
72,test,0,0.035405683127078307
5932,test,0,0.0
10898,test,0,0.0
10962,test,0,0.0012823853112115798
5281,test,0,0.0
9930,test,0,0.0010326919480928868
6942,test,0,0.0
3737,test,0,0.0
9418,test,0,0.0
8310,test,0,0.006589888021064972
655,test,0,0.04104790875835304
6960,test,0,0.025792694774580717
5897,test,0,0.026784512070620953
7293,test,0,0.0387297950189946
6434,test,0,0.0
8076,test,0,0.04651532258663391
3870,test,0,0.027802763583446397
6948,test,0,0.06309765159139857
367,test,0,0.0
1320,test,0,0.0
3825,test,0,0.02826125178609768
6422,test,0,0.0
6899,test,0,0.0
3835,test,0,0.0
8958,test,0,0.008055196138690912
7711,test,0,0.03578083958675562
7778,test,0,0.0
10499,test,0,0.0
5903,test,0,0.026219956184649534
4270,test,0,0.02890682912834313
2622,test,0,0.0
7501,test,0,0.0
6058,test,0,0.06506613826485214
2803,test,0,0.0
27,test,0,0.0
8554,test,0,0.030544958102961223
8141,test,0,0.0
4293,test,0,0.04403503672929596
3830,test,0,0.00437227069376037
10122,test,0,0.0
509,test,0,0.002998986668967532
6806,test,0,0.0
1970,test,0,0.035395985693816204
9972,test,0,0.0
4663,test,0,0.0
4855,test,0,0.08325336790168805
2610,test,0,0.03539599134977759
9635,test,0,0.0
4346,test,0,0.0
6772,test,0,0.0
9498,test,0,0.011240558616830765
7848,test,0,0.0
7801,test,0,0.0
2065,test,0,0.006875129957684188
860,test,0,0.035396157131812524
4223,test,0,0.007524575014656764
5015,test,0,0.0
4946,test,0,0.047440625696811164
2859,test,0,0.02582388822156106
3420,test,0,0.03539600351762154
6139,test,0,0.04697177339681598
5247,test,0,0.0
8150,test,0,0.007524581103460496
6822,test,0,0.0490820859345384
5575,test,0,0.0
1802,test,0,0.0
6368,test,0,0.0
5594,test,0,0.039400458718944806
1274,test,0,0.053613254478948665
1899,test,0,0.0
6647,test,0,0.03539600140362532
7712,test,0,0.0
4355,test,0,0.0
5021,test,0,0.04382634799506146
6862,test,0,0.073840652347184
4916,test,0,0.0
3848,test,0,0.03930764395686035
10257,test,0,0.03277704717431542
5645,test,0,0.025255146471817324
3618,test,0,0.011240558616830765
5008,test,0,0.009988970095479803
2068,test,0,0.03539598752178851
3254,test,0,0.002020573781480234
353,test,0,0.0
6064,test,0,0.09637833840347933
6282,test,0,0.0
10574,test,0,0.0
3803,test,0,0.011240558616830765
2611,test,0,0.0
4847,test,0,0.0
6359,test,0,0.0
2953,test,0,0.011240558616830765
1630,test,0,0.02648966431987018
499,test,0,0.0
7777,test,0,0.007435991580024553
6136,test,0,0.014941514370858321
586,test,0,0.011240558616830765
10900,test,0,0.05948733634653572
5467,test,0,0.05260192071530828
4744,test,0,0.0
7511,test,0,0.03662126331916746
9705,test,0,0.028261078300890648
9644,test,0,0.04365275157696006
4074,test,0,0.03479385891689267
6808,test,0,0.0
455,test,0,0.012933933694560383
9802,test,0,0.04028072597151711
440,test,0,0.09652993594748525
6751,test,0,0.0
2532,test,0,0.04142891870975799
5924,test,0,0.0
3828,test,0,0.004401261373339961
8415,test,0,0.004621953836546072
5717,test,0,0.0
9707,test,0,0.0
2992,test,0,0.0
4519,test,0,0.04784523123622442
10899,test,0,0.035405653165536816
2318,test,0,0.0013760135228442494
3859,test,0,0.05096722737538875
4508,test,0,0.00577676021230121
5378,test,0,0.07875408799329948
4659,test,0,0.025158783728607175
507,test,0,0.0
4726,test,0,0.000720580768205883
10887,test,0,0.0
4998,test,0,0.011240558616830765
7975,test,0,0.0011263331596517408
2997,test,0,0.14732512153653718
6610,test,0,0.004571784991816822
6365,test,0,0.004601401774333282
868,test,0,0.03886204354601
6296,test,0,0.05438541714065616
4896,test,0,0.011240558616830765
2243,test,0,0.06150695210863874
2491,test,0,0.03539598833899967
551,test,0,0.0
4964,test,0,0.00577675975638341
1072,test,0,0.0071189285451741325
6959,test,0,0.0
7145,test,0,0.007435780110961461
6767,test,0,0.0
10386,test,0,0.026219955780130016
10582,test,0,0.0
7146,test,0,0.035395986188444
9448,test,0,0.05139367605974226
11083,test,0,0.05139367605974226
4211,test,0,0.03858560445426855
5037,test,0,0.10004164421958654
7504,test,0,0.005776764470401422
2631,test,0,0.009680711040514461
2536,test,0,0.0013760123615441917
2865,test,0,0.0013760123615441917
6063,test,0,0.004590027452648025
81,test,0,0.005776761876831293
9795,test,0,0.004380025641245382
7058,test,0,0.005776764780081437
9926,test,0,0.03539598597123788
1904,test,0,0.009640391647502923
3847,test,0,0.03411906955197553
171,test,0,0.005776760328431215
3583,test,0,0.008182611423000138
1501,test,0,0.008205739537589768
5888,test,0,0.004380025641245382
9467,test,0,0.0
5031,test,0,0.0046413329990377655
2060,test,0,0.03539599418851107
10963,test,0,0.05925540563677112
6821,test,0,0.0
2993,test,0,0.03539598704866627
8544,test,0,0.0
11081,test,0,0.004380025641245382
8139,test,0,0.0
5231,test,0,0.007435837067202373
332,test,0,0.0
4862,test,0,0.0656213438003894
3717,test,0,0.0009468363158062676
1919,test,0,0.0578394813037366
10560,test,0,0.06192356246358391
1910,test,0,0.004648674945359227
2686,test,0,0.08253409184616932
6762,test,0,0.011240558616830765
5234,test,0,0.005776760651014565
8973,test,0,0.0
6369,test,0,0.02674386297996881
6813,test,0,0.0
504,test,0,0.036604098112641564
6426,test,0,0.008681092909890846
8843,test,0,0.06066421038172246
3748,test,0,0.0
6944,test,0,0.0
447,test,0,0.011240558616830765
6278,test,0,0.03886203475668901
6884,test,0,0.03539598696049349
9447,test,0,0.003549848529929135
10614,test,0,0.04233140984911954
4911,test,0,0.03539598640349957
2238,test,0,0.011240558616830765
1293,test,0,0.0
10086,test,0,0.09009454465853027
9035,test,0,0.0
4653,test,0,0.0
5143,test,0,0.0
11078,test,0,0.0
3497,test,0,0.0353959925863471
2535,test,0,0.07316318753920675
1287,test,0,0.05322294414902465
963,test,0,0.0
6420,test,0,0.0
4347,test,0,0.011240558616830765
1003,test,0,0.0
10023,test,0,0.002020573781480234
6890,test,0,0.0
9792,test,0,0.059312543479700816
3257,test,0,0.0016256986172592163
10390,test,0,0.0
5053,test,0,0.02041746340960491
10906,test,0,0.0014027785190600835
5861,test,0,0.03880914213771048
9041,test,0,0.03880914213771048
1223,test,0,0.0
4734,test,0,0.040636387359002206
5121,test,0,0.0
8774,test,0,0.00577680774818358
24,test,0,0.0
435,test,0,0.03539598909169415
1806,test,0,0.0
1933,test,0,0.02951923066657133
6895,test,0,0.0002550691550858772
1301,test,0,0.008969947535933161
553,test,0,0.02465116272152245
8959,test,0,0.000375916791390345
2494,test,0,0.0
9963,test,0,0.0
1327,test,0,0.0616177879007801
356,test,0,0.0353959885411519
6409,test,0,0.0013298942420618494
3855,test,0,0.037248086306020056
5114,test,0,0.0
3733,test,0,0.0
355,test,0,0.03539598640349957
1081,test,0,0.0
2826,test,0,0.0
5882,test,0,0.0
9510,test,0,0.08472861162003392
437,test,0,0.038862068533316245
8968,test,0,0.0
585,test,0,0.0
9182,test,0,0.0
3319,test,0,0.0
6405,test,0,0.0
1804,test,0,0.02744960732755118
4351,test,0,0.0
3851,test,0,0.05303739805063015
9699,test,0,0.060263107735696334
8423,test,0,0.014984000668465903
3989,test,0,0.0404155744322271
9993,test,0,0.0
4368,test,0,0.0
3865,test,0,0.01599243902920969
10382,test,0,0.0
6048,test,0,0.03422510970055946
5254,test,0,0.0
7720,test,0,0.07591092168599217
7498,test,0,0.007292004090685202
3867,test,0,0.0
10569,test,0,0.0
8179,test,0,0.005776767816666033
9121,test,0,0.017074287575634867
10434,test,0,0.035395986188444
7911,test,0,0.0
10877,test,0,0.028854084978863506
9793,test,0,0.0
10440,test,0,0.035395986188444
10075,test,0,0.0
9969,test,0,0.010552042755051609
9786,test,0,0.031411907508291204
4060,test,0,0.006055652529456361
9120,test,0,0.04353541232143687
7970,test,0,0.06498485417126555
5153,test,0,0.0
7304,test,0,0.020081098660218417
4001,test,0,0.012924090953252183
4675,test,0,0.037154349440172305
5000,test,0,0.013349646205288982
2305,test,0,0.06578073801976342
7643,test,0,0.006559769995466053
8591,test,0,0.0
9962,test,0,0.02873900741935541
8967,test,0,0.04381935978859481
4745,test,0,0.0700518968334161
9038,test,0,0.0
4838,test,0,0.0
10092,test,0,0.0
6284,test,0,0.03539599154117705
4837,test,0,0.02581421939795815
3837,test,0,0.05640754050105409
6885,test,0,0.005057805588273084
8442,test,0,0.005776766496224857
5010,test,0,0.06824251918905275
7311,test,0,0.0
4830,test,0,0.006247928314281491
9920,test,0,0.005776771524223996
2806,test,0,0.03539598610242178
6138,test,0,0.022921318316439336
3965,test,0,0.005777290689866547
7935,test,0,0.03313000822696132
1296,test,0,0.0
11065,test,0,0.12355001553886165
3958,test,0,0.11469044734164818
8540,test,0,0.0008710054362184109
1932,test,0,0.11144608998103826
2498,test,0,0.035395987708886856
436,test,0,0.0
2320,test,0,0.03638141857980478
7142,test,0,0.0
9001,test,0,0.009402367698861953
10896,test,0,0.0
2595,test,0,0.03701035867686613
557,test,0,0.011266730346798474
2958,test,0,0.0
9967,test,0,0.006257567881467103
8020,test,0,0.04860276334545576
3159,test,0,0.0
82,test,0,0.03539598559704119
1284,test,0,0.004700410282512477
3838,test,0,0.0
2810,test,0,0.007859259066494918
346,test,0,0.0
6763,test,0,0.0
2696,test,0,0.0
10001,test,0,0.0
3714,test,0,0.0
3331,test,0,0.0
8210,test,0,0.03886206124078199
3249,test,0,0.005776761459623494
3308,test,0,0.012299756373654514
7056,test,0,0.0010326976358825037
2061,test,0,0.035395987478777396
3347,test,0,0.005776762048875746
5868,test,0,0.0
1914,test,0,0.0
1639,test,0,0.006257406357177925
210,test,0,0.01955883828320188
4363,test,0,0.08224789354542283
3278,test,0,0.007713335148893221
4280,test,0,0.007713335148893221
5382,test,0,0.0062450522697411566
1466,test,0,0.0
713,test,0,0.0
7295,test,0,0.027335062034836925
4356,test,0,0.007859259066494918
10022,test,0,0.00786355372615348
4948,test,0,0.0
456,test,0,0.0
10974,test,0,0.0
6362,test,0,0.0
7798,test,0,0.0
215,test,0,0.0
4209,test,0,0.0
9803,test,0,0.0
9977,test,0,0.0038964569994020377
4725,test,0,0.0
4370,test,0,0.0
3494,test,0,0.0
3265,test,0,0.00543379829129634
7645,test,0,0.0
2520,test,0,0.0
534,test,0,0.0
457,test,0,0.0
2814,test,0,0.011240558616830765
502,test,0,0.011240558616830765
8154,test,0,0.0
4749,test,0,0.014993674596649242
543,test,0,0.031653423567010244
8957,test,0,0.0
3316,test,0,0.035395986401349014
9505,test,0,0.035528738120335884
7774,test,0,0.003083652016752593
4513,test,0,0.0
9800,test,0,0.04105835421864222
774,test,0,0.0029989822259195325
7647,test,0,0.0
10427,test,0,0.0003759531961578962
6142,test,0,0.04174696356633158
2508,test,0,0.03540569644654481
5034,test,0,0.01599261115102895
5287,test,0,0.0
7966,test,0,0.0
1498,test,0,0.0
8160,test,0,0.0
6947,test,0,0.0
5463,test,0,0.0
9996,test,0,0.005057805588273084
9501,test,0,0.0
4738,test,0,0.04635925876441388
573,test,0,0.0
5125,test,0,0.03540566304518953
3160,test,0,0.0037475125277753062
6358,test,0,0.0
9918,test,0,0.0
9453,test,0,0.0
4940,test,0,0.0
1324,test,0,0.0
3425,test,0,0.0
6363,test,0,0.041565204337446274
6134,test,0,0.053229692881065424
9460,test,0,0.03539599608100005
1801,test,0,0.0
5855,test,0,0.00046953344244223005
6433,test,0,0.028784728203019878
669,test,0,0.11307042471755861
6887,test,0,0.08142958797626472
2692,test,0,0.08142958797626472
4756,test,0,0.002393156916217862
8183,test,0,0.0
6901,test,0,0.0
10882,test,0,0.0
8163,test,0,0.0
451,test,0,0.011240558616830765
5032,test,0,0.026834639816446636
1636,test,0,0.0
8846,test,0,0.05283938000179746
4923,test,0,0.0
6260,test,0,0.0
5583,test,0,0.0
9178,test,0,0.014984024566472694
2627,test,0,0.0004695573131584701
4910,test,0,0.0004695573131584701
2640,test,0,0.0
2519,test,0,0.005057805588273084
8835,test,0,0.04267003636865948
8552,test,0,0.00806490089954133
10576,test,0,0.013849739056174086
2500,test,0,0.0
9465,test,0,0.0
8078,test,0,0.0
463,test,0,0.03539598718630183
8187,test,0,0.0
2782,test,0,0.0
5646,test,0,0.03658527532457827
6050,test,0,0.017944688785609893
10500,test,0,0.017944688785609893
5887,test,0,0.0
9502,test,0,0.03886203147709162
1304,test,0,0.06605024299678014
4860,test,0,0.025815018289666106
5280,test,0,0.04401843948725448
8207,test,0,0.0163600233947744
7779,test,0,0.0
6061,test,0,0.04904179619289296
10876,test,0,0.0
5620,test,0,0.0635516461564028
1009,test,0,0.045036510450243775
6654,test,0,0.0
1071,test,0,0.02822528332319799
2184,test,0,0.0010983697937704808
9457,test,0,0.0
8775,test,0,0.0
9036,test,0,0.0011163374773595365
5164,test,0,0.062304176782344484
8077,test,0,0.0012228576732278462
1213,test,0,0.03668804511302984
2703,test,0,0.016563957837951934
5402,test,0,0.04399192790681586
3869,test,0,0.0
3860,test,0,0.03539598661425403
3431,test,0,0.0005076740722581693
9645,test,0,0.004800138888419762
6663,test,0,0.0
3839,test,0,0.02578314453332673
8037,test,0,0.040252739635566206
157,test,0,0.00577678740392701
10611,test,0,0.0
2312,test,0,0.0
2537,test,0,0.0
3726,test,0,0.055823718404879444
4064,test,0,0.0
8174,test,0,0.0
2634,test,0,0.0
214,test,0,0.014328574642572114
1016,test,0,0.0
2327,test,0,0.0
9199,test,0,0.001565755102800677
4081,test,0,0.0
3492,test,0,0.0
8545,test,0,0.0
1069,test,0,0.0
10124,test,0,0.035395987478777396
7958,test,0,0.0
9458,test,0,0.0010983697937704808
6641,test,0,0.005057805588273084
10658,test,0,0.035395986188444
2818,test,0,0.005776769061837762
5297,test,0,0.030172300215816808
1001,test,0,0.0
6823,test,0,0.046220608287788165
4746,test,0,0.06223081788986652
5374,test,0,0.0003199458005534154
5755,test,0,0.0
3350,test,0,0.0
2858,test,0,0.04344116718357393
4194,test,0,0.0
209,test,0,0.04462381628731193
8557,test,0,0.02371406654968326
9643,test,0,0.03539598862287301
5629,test,0,0.03371391702038477
3340,test,0,0.0
4353,test,0,0.03539598919922193
8220,test,0,0.0
597,test,0,0.037116397365353056
1309,test,0,0.01292409496812455
8963,test,0,0.022237351323261285
7554,test,0,0.04730525888348695
8307,test,0,0.0010983697937704808
10503,test,0,0.03539598559704119
10020,test,0,0.03539598596693677
1208,test,0,0.03793276477978685
3339,test,0,0.0
865,test,0,0.004790409484997171
3326,test,0,0.061980930146876285
2824,test,0,0.035396006334849454
7138,test,0,0.0
1216,test,0,0.048501779745711515
10107,test,0,0.0016878068517138856
41,test,0,0.0
4716,test,0,0.0
4748,test,0,0.0
10274,test,0,0.0
6356,test,0,0.0450580636455489
8189,test,0,0.035395986231455116
5896,test,0,0.06390738504426877
7788,test,0,0.02581422796186865
5920,test,0,0.0
2512,test,0,0.005776759818749523
3999,test,0,0.0
1311,test,0,0.0689718016654049
9194,test,0,0.0
71,test,0,0.04201490241102617
1065,test,0,0.0
3610,test,0,0.011240558616830765
45,test,0,0.0
149,test,0,0.0
1800,test,0,0.04259624058451887
10966,test,0,0.04827352463436881
10636,test,0,0.03656655325419801
5881,test,0,0.04773527354953753
5013,test,0,0.09671729264558988
3261,test,0,0.0
1018,test,0,0.01655422759154378
5719,test,0,0.015758778907145256
7912,test,0,0.0
5156,test,0,0.036007175770523266
10071,test,0,0.06446492721172371
5728,test,0,0.025783031568433493
163,test,0,0.0
5366,test,0,0.015992443035447574
1794,test,0,0.026004219526910132
4361,test,0,0.0
7302,test,0,0.0
4654,test,0,0.052965356626982076
778,test,0,0.06424407485333734
8143,test,0,0.07240473906702166
10028,test,0,0.0353959887691108
10872,test,0,0.053861700235558405
2505,test,0,0.0
7719,test,0,0.05112391075824661
5377,test,0,0.08894341784981104
2693,test,0,0.10395041934877472
3616,test,0,0.03562921365057983
2787,test,0,0.0383101656016588
3840,test,0,0.0
3577,test,0,0.0
1789,test,0,0.04785916428930253
9123,test,0,0.011145054293108218
1509,test,0,0.0
5295,test,0,0.10691325973801608
6825,test,0,0.10749577014394888
9177,test,0,0.009750217902363318
2860,test,0,0.0
7932,test,0,0.05861411007658083
10070,test,0,0.06627845999166786
3808,test,0,0.001052227735507504
10570,test,0,0.0046450284011718135
4755,test,0,0.004591023035423431
5616,test,0,0.02904546943921022
7653,test,0,0.005776761941347963
8965,test,0,0.0
5384,test,0,0.04129811805295659
1000,test,0,0.07723624918544335
2522,test,0,0.0
5286,test,0,0.0464916277757923
8043,test,0,0.05975270459240562
5892,test,0,0.025168472262353817
10635,test,0,0.029166273222536326
8148,test,0,0.050285415132515894
10000,test,0,0.0
5727,test,0,0.07522219650355784
2812,test,0,0.0
6818,test,0,0.06156498324642588
5293,test,0,0.01675428683826304
7963,test,0,0.0
7904,test,0,0.12621738014289444
4924,test,0,0.12621738014289444
6129,test,0,0.01046395814379631
4753,test,0,0.07217079556592346
9504,test,0,0.03630391063479724
3712,test,0,0.0
1913,test,0,0.05539165133099941
4085,test,0,0.013985668987449795
5923,test,0,0.08939537228794874
4086,test,0,0.035395990597083114
4731,test,0,0.0
10248,test,0,0.035415358041872076
10626,test,0,0.058078503351216525
7057,test,0,0.0
1326,test,0,0.0973560317798932
9973,test,0,0.08120954035334914
5141,test,0,0.0
8849,test,0,0.016847325138722218
3328,test,0,0.05422430326640634
6133,test,0,0.0
4943,test,0,0.0
10895,test,0,0.0
2311,test,0,0.0
3738,test,0,0.06852565612729085
6412,test,0,0.09461028844432323
5024,test,0,0.0
2866,test,0,0.021022886665073365
6256,test,0,0.05286809686195747
10610,test,0,0.06992468131895835
2599,test,0,0.07184503358070697
6875,test,0,0.0
10960,test,0,0.09950465027196348
561,test,0,0.07192720238570341
5112,test,0,0.006090243951494448
74,test,0,0.0
3321,test,0,0.03234356570600054
1288,test,0,0.06718035434009399
1277,test,0,0.0
10105,test,0,0.076510881001198
9184,test,0,0.035395986618555135
726,test,0,0.025771921746061584
11068,test,0,0.010799225252429536
535,test,0,0.031257343078504946
8208,test,0,0.039175518778680314
462,test,0,0.07640919578812044
1012,test,0,0.08755238863375908
7641,test,0,0.0
140,test,0,0.05195962280966235
8195,test,0,0.0
4752,test,0,0.10674788676552817
3956,test,0,0.0
9128,test,0,0.06766626592118531
8850,test,0,0.08194363099713203
8166,test,0,0.04453163463688308
6900,test,0,0.0
1632,test,0,0.0913400438555395
2309,test,0,0.0
3325,test,0,0.0
4932,test,0,0.0
11073,test,0,0.0
2702,test,0,0.07700724451733679
5041,test,0,0.06294931146197756
9115,test,0,0.07379818985849868
2495,test,0,0.00019226207608203326
5389,test,0,0.07015500110579338
5390,test,0,0.09570079906644263
5641,test,0,0.08727620731880258
7789,test,0,0.02110429102510114
657,test,0,0.02643628659156376
591,test,0,0.0
2959,test,0,0.007607149135833485
25,test,0,0.0
9979,test,0,0.03724289378896902
5716,test,0,0.047271902976010055
5148,test,0,0.03968702215571237
5233,test,0,0.0007205806069142082
9005,test,0,0.006705855471233511
44,test,0,0.07465341214260741
6881,test,0,0.0412976863384375
3723,test,0,0.0
7618,test,0,0.060820643985053824
9998,test,0,0.05821443896908221
8430,test,0,0.055036399619151424
10091,test,0,0.05465025322293233
727,test,0,0.0
9193,test,0,0.04088791518337542
4757,test,0,0.0
8424,test,0,0.04061752683878057
5006,test,0,0.022432229787382366
1947,test,0,0.06182463835671613
6054,test,0,0.10891014443995038
1015,test,0,0.0
6824,test,0,0.054670369236288256
8838,test,0,0.0
3725,test,0,0.05342845650143066
3820,test,0,0.0
3833,test,0,0.03947670408300097
10389,test,0,0.0
722,test,0,0.0
8537,test,0,0.018062568855162407
5376,test,0,0.08971824226100805
7944,test,0,0.0
1017,test,0,0.025452166067508775
8440,test,0,0.03994842355003422
5902,test,0,0.0
9506,test,0,0.0
2496,test,0,0.0
10624,test,0,0.021831608186871507
10971,test,0,0.02773819280894822
9925,test,0,0.0036834565703988747
1797,test,0,0.0036834565703988747
11085,test,0,0.03819860754154754
7564,test,0,0.056889449416457176
3982,test,0,0.0
5930,test,0,0.11765338238191518
10504,test,0,0.11765338238191518
1928,test,0,0.006632894884467631
9027,test,0,0.12163417705294122
4849,test,0,0.006256757615180303
4514,test,0,0.011240558616830765
10583,test,0,0.0
10618,test,0,0.06341212704978813
6060,test,0,0.03767646141740458
7964,test,0,0.06672492967295085
5912,test,0,0.0
477,test,0,0.0
6655,test,0,0.0
5365,test,0,0.0037475125277753062
7549,test,0,0.0
5936,test,0,0.0
2793,test,0,0.07416115923923815
2064,test,0,0.0
2788,test,0,0.0
460,test,0,0.09319844114324331
3155,test,0,0.05598190231857895
4215,test,0,0.0
8962,test,0,0.007524579868224335
6357,test,0,0.024443677195707135
5119,test,0,0.0
7608,test,0,0.0
4657,test,0,0.05511552920276
3245,test,0,0.035396008324113444
6145,test,0,0.017075146559233215
3346,test,0,0.0
10102,test,0,0.0017497122117222062
4662,test,0,0.0
3802,test,0,0.0
8964,test,0,0.05151383740462424
1308,test,0,0.015577016336051753
7651,test,0,0.011240558616830765
715,test,0,0.0361269360505088
545,test,0,0.025459562534052283
2308,test,0,0.0
8961,test,0,0.06406188927769503
6406,test,0,0.0
3969,test,0,0.0
6957,test,0,0.0874819951147802
5244,test,0,0.03475588667023341
9190,test,0,0.0
3861,test,0,0.04271521200019141
6611,test,0,0.02689410353721118
6619,test,0,0.0
8036,test,0,0.03380968526887082
10559,test,0,0.06439025884786992
9122,test,0,0.04218390491323626
9921,test,0,0.0
5025,test,0,0.01820217578722401
5385,test,0,0.035264765964617646
6749,test,0,0.011240558616830765
8209,test,0,0.0016257033054705612
8199,test,0,0.004606610658979251
11080,test,0,0.01708480744796316
4848,test,0,0.0
465,test,0,0.021581970248088413
5051,test,0,0.07737992508219842
1218,test,0,0.07998539640188038
6144,test,0,0.03644807891422894
4080,test,0,0.0
3744,test,0,0.0
9788,test,0,0.07164365794362032
40,test,0,0.004380025641245382
6826,test,0,0.04529259850958638
2517,test,0,0.0
8952,test,0,0.04239280492647849
1074,test,0,0.07675017323816288
7906,test,0,0.0
5248,test,0,0.014047673044026522
1067,test,0,0.00458852540614221
7316,test,0,0.0
9700,test,0,0.0262227190526151
2549,test,0,0.0
1457,test,0,0.0665972053852688
3721,test,0,0.04636102908047582
4914,test,0,0.04162596776614802
207,test,0,0.09191066021382316
4861,test,0,0.07868345137332763
5150,test,0,0.07075508308725147
866,test,0,0.099115587433336
7805,test,0,0.0
5904,test,0,0.0
10975,test,0,0.05773313214529441
1298,test,0,0.0
441,test,0,0.0
10116,test,0,0.0
8140,test,0,0.001311788746077086
8317,test,0,0.0
10959,test,0,0.0
10433,test,0,0.0
1076,test,0,0.06622434088231725
4950,test,0,0.04226513530272416
1313,test,0,0.0
1303,test,0,0.09983142541110554
2700,test,0,0.0008454254659690291
6288,test,0,0.03539598559704119
10956,test,0,0.04347508701177141
10511,test,0,0.0
663,test,0,0.028410707945423535
8412,test,0,0.08201380196909563
2690,test,0,0.0894558053506476
2616,test,0,0.011240558616830765
3831,test,0,0.22170397476957782
8082,test,0,0.07702375449409832
4737,test,0,0.008979684775055848
4275,test,0,0.003956689068376514
5359,test,0,0.06100441965735401
999,test,0,0.016011820854205223
9981,test,0,0.0
4273,test,0,0.0
544,test,0,0.02160125114444215
601,test,0,0.0
6941,test,0,0.02578300600140196
10096,test,0,0.05197781156900225
2783,test,0,0.004052429193427038
724,test,0,0.0003134786531290958
7807,test,0,0.0
1323,test,0,0.03539598640349957
3824,test,0,0.05705598447830705
4277,test,0,0.03662246865569491
6609,test,0,0.04555006230857662
4516,test,0,0.006705855471233511
3868,test,0,0.001565755102800677
8969,test,0,0.08365340790038042
10561,test,0,0.08681331047161997
9192,test,0,0.06204286300534959
212,test,0,0.026229619308742305
4212,test,0,0.01538975221090464
6052,test,0,0.08860511522433855
8836,test,0,0.08313867240428653
2790,test,0,0.0019416517714416855
10279,test,0,0.03970740852178857
10907,test,0,0.04409700912855322
6789,test,0,0.0
7808,test,0,0.06836022154760395
6413,test,0,0.028547526507612744
5362,test,0,0.060476359389145876
8851,test,0,0.06608903058676759
10957,test,0,0.015577025360213425
2697,test,0,0.0
1503,test,0,0.0007518810849315945
4899,test,0,0.0014205013581467555
7948,test,0,0.018123841719708482
8427,test,0,0.06058648814643671
4220,test,0,0.010248339366751442
2321,test,0,0.00896028270818095
1275,test,0,0.05791934925800463
647,test,0,0.03464757245437144
3730,test,0,0.0
8073,test,0,0.07367452041519906
6398,test,0,0.014361171788528347
1281,test,0,0.04558458710219038
1226,test,0,0.07883110609109462
1921,test,0,0.07800425741732069
365,test,0,0.039400453557611216
8438,test,0,0.03384053180544228
2777,test,0,0.0
5016,test,0,0.0
9961,test,0,0.0
2533,test,0,0.0
10082,test,0,0.0
4722,test,0,0.035395987478777396
8134,test,0,0.08859873481226292
7310,test,0,0.0
30,test,0,0.0
9197,test,0,0.0
4747,test,0,0.03461221895709324
10369,test,0,0.02836261838165219
7931,test,0,0.061326964139341654
5042,test,0,0.05178876127689304
8033,test,0,0.028262032756087116
8201,test,0,0.0008535078350103199
770,test,0,0.03556000957786398
10662,test,0,0.040336010143983546
10949,test,0,0.040336010143983546
9708,test,0,0.003277888382920688
9419,test,0,0.0
3329,test,0,0.036532140690729936
7782,test,0,0.06738202982713602
8204,test,0,0.06738202982713602
7715,test,0,0.05704585419706303
142,test,0,0.0
1900,test,0,0.0
5279,test,0,0.006244972943269702
6292,test,0,0.10540908335751605
10888,test,0,0.10540908335751605
3727,test,0,0.05377433201618805
4673,test,0,0.03791802012814757
1945,test,0,0.0
5733,test,0,0.06911484184028205
5622,test,0,0.054989911902845724
3609,test,0,0.006705855471233511
4343,test,0,0.0
7598,test,0,0.020081066833467737
723,test,0,0.06066600071521569
2638,test,0,0.04330543850152595
11071,test,0,0.042128423123077824
5392,test,0,0.07656262778410465
7606,test,0,0.0821371884287473
9033,test,0,0.006450095674734799
8155,test,0,0.0
7960,test,0,0.06197934983167454
10263,test,0,0.04716804306023295
10088,test,0,0.035395985758332874
458,test,0,0.039328330044078964
6950,test,0,0.07291635946899157
3742,test,0,0.07875976906157528
5047,test,0,0.05567251893437829
7965,test,0,0.08359794511241841
1977,test,0,0.0057767598983200835
8041,test,0,0.026219955430191597
6403,test,0,0.0
10262,test,0,0.11382818681687487
2867,test,0,0.0
6440,test,0,0.02517407945452931
4201,test,0,0.000965947128479793
10557,test,0,0.07491815551576318
7298,test,0,0.0
4919,test,0,0.05256387521879042
7559,test,0,0.08919897339987241
10513,test,0,0.08919897339987241
5369,test,0,0.08299120148057931
8080,test,0,0.026661874865832956
5245,test,0,0.11075259059452008
7722,test,0,0.07280523634688621
3279,test,0,0.0
9020,test,0,0.0
1459,test,0,0.03539599354549493
4841,test,0,0.025783003093947477
6831,test,0,0.06376652415311852
3164,test,0,0.024621227349961708
10029,test,0,0.03547824066704049
2606,test,0,0.05266161025573173
9992,test,0,0.0
1507,test,0,0.0
7957,test,0,0.05862700588324791
1895,test,0,0.005776762670386333
4666,test,0,0.02581422927419148
532,test,0,0.0037475125277753062
10080,test,0,0.06103044723606921
7681,test,0,0.0
1278,test,0,0.05204932955294125
4218,test,0,0.007524574757235253
9422,test,0,0.00044315063938667215
8853,test,0,0.044504243508972474
6956,test,0,0.08501662213253948
4758,test,0,0.0
650,test,0,0.059216140666383886
10113,test,0,0.060939436911294206
8974,test,0,0.07647659331123913
6792,test,0,0.0
9113,test,0,0.0625239080127378
3170,test,0,0.05478416698539322
32,test,0,0.0
1220,test,0,0.04501499369423337
7806,test,0,0.02514575814279427
7930,test,0,0.007541550112420692
5909,test,0,0.06753150380126799
7790,test,0,0.048694622269863076
6955,test,0,0.0678087558148165
7508,test,0,0.061342193098161385
3305,test,0,0.0014027785190600835
10370,test,0,0.07192324098617121
4967,test,0,0.011240558616830765
5110,test,0,0.0
7313,test,0,0.07644800354380382
10085,test,0,0.06809576304966586
8213,test,0,0.007292004090685202
10891,test,0,0.0
4276,test,0,0.05132941764016887
42,test,0,0.06822566027103329
6059,test,0,0.06983096714170225
6259,test,0,0.0353959887691108
8954,test,0,0.06884964757008422
7506,test,0,0.0005512966512627098
7800,test,0,0.0
473,test,0,0.005494266052201099
6429,test,0,0.05757001593938476
33,test,0,0.07711304648251106
6784,test,0,0.035395986941138484
9454,test,0,0.0027536852613763317
10657,test,0,0.0
3399,test,0,0.0
994,test,0,0.037430205047296196
222,test,0,0.0770919579507025
5391,test,0,0.05735689635833668
173,test,0,0.0
9011,test,0,0.005776864651886417
8972,test,0,0.05945406382560511
6809,test,0,0.05321295580719609
7646,test,0,0.0
10954,test,0,0.0
5917,test,0,0.004641587821065675
8541,test,0,0.0
7603,test,0,0.055493057055455965
6817,test,0,0.0003446863425944308
8196,test,0,0.11969677038668136
10958,test,0,0.0
1212,test,0,0.043619662149089744
7974,test,0,0.14958497445979674
2588,test,0,0.14958497445979674
4289,test,0,0.0
2316,test,0,0.0542853638122936
3166,test,0,0.047414956752406506
4936,test,0,0.0
4282,test,0,0.0
9186,test,0,0.054733454751624014
2799,test,0,0.0
6624,test,0,0.07774031747082258
3168,test,0,0.001366049510646491
780,test,0,0.005057805588273084
8075,test,0,0.015268198654376378
10072,test,0,0.0211552038308681
3169,test,0,0.0
558,test,0,0.0065924383775053975
2802,test,0,0.034540158164622324
4751,test,0,0.07470193658070118
4674,test,0,0.0037475125277753062
6430,test,0,0.061966537032005914
7959,test,0,0.07561717556691347
5626,test,0,0.0
5039,test,0,0.0
6294,test,0,0.0
4920,test,0,0.006245253047768389
3584,test,0,0.0
777,test,0,0.035395985758332874
4724,test,0,0.0
5397,test,0,0.0
5919,test,0,0.21647431526984248
2325,test,0,0.21647431526984248
5236,test,0,0.0
5625,test,0,0.03426874078485706
3829,test,0,0.0
6659,test,0,0.03800382602489132
6280,test,0,0.045101574514955826
568,test,0,0.03665826567929111
9633,test,0,0.00577675988541675
6618,test,0,0.07724168639533668
7612,test,0,0.0009139684437998526
5127,test,0,0.0
216,test,0,0.0
8311,test,0,0.005776764934921446
7954,test,0,0.023380323180334284
3977,test,0,0.010021547978893855
5253,test,0,0.04630205034816198
7910,test,0,0.0
1976,test,0,0.0
36,test,0,0.08583656263107081
7795,test,0,0.06539129468896614
5158,test,0,0.03599172726463838
6360,test,0,0.03554068176820857
1920,test,0,0.029377748983283
9798,test,0,0.043191467997770676
417,test,0,0.04445091438371333
7147,test,0,0.016436871701376986
4369,test,0,0.01289198627243477
1321,test,0,0.058141521050829384
9966,test,0,0.06182018801878261
4939,test,0,0.06437789219749773
10873,test,0,0.048122991959322035
4227,test,0,0.0
5128,test,0,0.03312672316768922
10073,test,0,0.004569258088913061
3731,test,0,0.0
5628,test,0,0.035395986941138484
8144,test,0,0.061185534392327406
11077,test,0,0.0
6364,test,0,0.0008571402661653869
4834,test,0,0.004700232426806821
2784,test,0,0.0725471811903494
9187,test,0,0.0
9642,test,0,0.005776760496174558
10965,test,0,0.0
8024,test,0,0.05827274618664938
9116,test,0,0.031166431522074087
10098,test,0,0.0
4893,test,0,0.03602640235295726
9696,test,0,0.05997270344102875
1062,test,0,0.0
10892,test,0,0.02406947183675656
5256,test,0,0.05771651733514866
7615,test,0,0.0
8772,test,0,0.049337651297509465
594,test,0,0.04467190237926152
5753,test,0,0.03539599113472203
5388,test,0,0.045630036930873724
1209,test,0,0.05823418797918781
3333,test,0,0.015452168761511799
2073,test,0,0.026654934623966637
1916,test,0,0.05083546057542279
4071,test,0,0.0
4068,test,0,0.0
9129,test,0,0.012861658477167434
2547,test,0,0.07916290177153068
4999,test,0,0.09363839545551882
46,test,0,0.015452165700045274
3312,test,0,0.005776765605894812
6066,test,0,0.0
8949,test,0,0.014984001441440124
954,test,0,0.00848096637528417
6864,test,0,0.005776759894018972
349,test,0,0.005786439477669079
9999,test,0,0.006559855151663799
10093,test,0,0.0
5885,test,0,0.0
592,test,0,0.031124519608176082
1215,test,0,0.012924105023445405
3986,test,0,0.006254921754628774
4926,test,0,0.038467118035600954
1007,test,0,0.06751547558938087
779,test,0,0.0353959859798401
8068,test,0,0.11576730475534187
718,test,0,0.060221675784302785
1458,test,0,0.00568476646230312
3585,test,0,0.0035208530014785347
2624,test,0,0.03539604234805458
3818,test,0,0.005776759752082298
1473,test,0,0.0
10268,test,0,0.015220335974884572
3873,test,0,0.0
5364,test,0,0.004611574160168757
7949,test,0,0.0346474503444553
2323,test,0,0.0037475125277753062
8029,test,0,0.0
6132,test,0,0.07367232539258367
11076,test,0,0.0
5870,test,0,0.00577676527470924
9651,test,0,0.0
5055,test,0,0.02623931902286224
4065,test,0,0.09622668183657992
8428,test,0,0.01365337219252976
10250,test,0,0.005776762070381303
2339,test,0,0.03539598833899967
6958,test,0,0.0
10110,test,0,0.04876649276597763
2175,test,0,0.005776760410152331
1029,test,0,0.05804569541207728
6065,test,0,0.03738579926185373
4464,test,0,0.03288611702516715
3708,test,0,0.09544342158430956
10661,test,0,0.0057767601993978755
5752,test,0,0.005776760676821233
1935,test,0,0.03334900152926649
5886,test,0,0.034805712644434765
1210,test,0,0.0
8425,test,0,0.0
6246,test,0,0.0
7140,test,0,0.0385225807244331
8419,test,0,0.061917999875517965
7553,test,0,0.03949009956458681
1925,test,0,0.061463315436383587
8185,test,0,0.11920297744339832
4672,test,0,0.11920297744339832
6814,test,0,0.06786419542021169
11063,test,0,0.01851256962046038
2857,test,0,0.03216243944086203
10106,test,0,0.026219956757482295
3163,test,0,0.010737523619927646
9415,test,0,0.0
1944,test,0,0.026035433992744102
2950,test,0,0.0657171079232112
10556,test,0,0.005995260721584313
331,test,0,0.008822561296314594
678,test,0,0.023056556055155594
1633,test,0,0.03940627822665948
6279,test,0,0.05772629673561428
10074,test,0,0.07559960733349327
9021,test,0,0.005451393111751372
2313,test,0,0.0008454256810245954
576,test,0,0.0
4963,test,0,0.09560498157104184
9179,test,0,0.0
1306,test,0,0.003248672551131038
5726,test,0,0.11553563203603136
205,test,0,0.0
2244,test,0,0.03539598909169415
10385,test,0,0.08026247901733816
6614,test,0,0.04903845246570468
8315,test,0,0.03539598932825527
10627,test,0,0.004599701813652584
5020,test,0,0.000689369513119259
3407,test,0,0.005776766909131544
4742,test,0,0.0
7724,test,0,0.021447428179289484
7901,test,0,0.03539598952180528
9976,test,0,0.0
8845,test,0,0.04558919612982528
537,test,0,0.005995254333778076
8998,test,0,0.038428854280399403
4844,test,0,0.0
9039,test,0,0.06890566157013076
5246,test,0,0.014984000907994791
8551,test,0,0.010031131243607478
782,test,0,0.02048831022730802
5375,test,0,0.0197694504478884
771,test,0,0.005776760973597915
4079,test,0,0.013079357725414464
1199,test,0,0.0
6871,test,0,0.0
6425,test,0,0.0
6251,test,0,0.03450261479538661
3720,test,0,0.10019434210621711
9014,test,0,0.0057767643929814184
5634,test,0,0.0
672,test,0,0.0
4655,test,0,0.01847353696895657
9702,test,0,0.0
6833,test,0,0.0046296301002738665
3614,test,0,0.03539598597338844
4836,test,0,0.03139186195503418
6868,test,0,0.08690053852760543
21,test,0,0.0
454,test,0,0.005428535347475372
9698,test,0,0.0
5040,test,0,0.08153908847709522
3985,test,0,0.04987147930476951
8067,test,0,0.09788595452910322
7599,test,0,0.023351280934171867
9040,test,0,0.012943484940661503
5721,test,0,0.027783246565016444
9471,test,0,0.039135184943437325
5393,test,0,0.039135184943437325
438,test,0,0.0
3272,test,0,0.0
7936,test,0,0.0
339,test,0,0.0
371,test,0,0.0
8421,test,0,0.004468285881393814
9636,test,0,0.004468285881393814
7803,test,0,0.0
8966,test,0,9.758480165744586e-05
164,test,0,0.0
8778,test,0,0.00046955179321972267
5162,test,0,0.0
5926,test,0,0.00034496387180271205
5838,test,0,0.0007205806606780998
677,test,0,0.0
9647,test,0,0.0
4294,test,0,0.0
5109,test,0,0.0
9990,test,0,0.0
8028,test,0,0.0
3706,test,0,0.002365657315787943
2621,test,0,0.006530593825280313
213,test,0,0.0
1170,test,0,0.0
10501,test,0,0.0
5243,test,0,0.0
6137,test,0,0.0
4515,test,0,0.0
5469,test,0,0.0032022653120257877
2231,test,0,0.0
10253,test,0,0.0029989824571042666
6893,test,0,0.004194398542350371
352,test,0,0.0
7644,test,0,0.0
6869,test,0,0.0
340,test,0,0.0
3415,test,0,0.0009468363158062676
2066,test,0,0.0
2629,test,0,0.0
8435,test,0,0.0
8219,test,0,0.0
7137,test,0,0.0
4352,test,0,0.0009468363158062676
2070,test,0,0.0
6651,test,0,0.0
3242,test,0,0.0
3274,test,0,0.0
9929,test,0,0.0
5858,test,0,0.0009468363158062676
1224,test,0,0.0003136548582514059
1504,test,0,0.005855605431729093
4912,test,0,0.0005007431656127859
7937,test,0,0.0018254548048710236
3264,test,0,0.0026661017780725215
2807,test,0,0.0
667,test,0,0.0
3313,test,0,0.0
590,test,0,0.0
2596,test,0,0.0
9641,test,0,0.0
337,test,0,0.0
3952,test,0,0.0
9018,test,0,0.0038450973294327515
1894,test,0,0.005776760599401229
6253,test,0,0.00010667118279451864
6759,test,0,0.00099220289171387
9801,test,0,0.00099220289171387
4070,test,0,0.007776859007311137
5002,test,0,0.007776859007311137
8212,test,0,0.000336814802486121
3301,test,0,0.00577676527470924
3821,test,0,0.0
540,test,0,0.0
148,test,0,0.0
3358,test,0,0.0
8173,test,0,0.0
3960,test,0,0.05908600543395978
8596,test,0,0.0004660080735114923
6758,test,0,0.0
1214,test,0,0.004060990142186017
6834,test,0,0.00013274763078055963
6760,test,0,0.0010327002008502428
4993,test,0,0.0
10620,test,0,0.0
10101,test,0,0.0
3815,test,0,0.011240558616830765
2991,test,0,0.0
1979,test,0,0.011240558616830765
6290,test,0,0.0
6770,test,0,0.0
7784,test,0,0.0
3619,test,0,0.011240558616830765
563,test,0,0.0
4850,test,0,0.0
439,test,0,0.0
5640,test,0,0.0
2180,test,0,0.011240558616830765
5144,test,0,0.0
9988,test,0,0.0
3713,test,0,0.011240558616830765
3580,test,0,0.0004462235586179918
7305,test,0,0.0
3625,test,0,0.0
4281,test,0,0.0
9201,test,0,0.03591886852488244
3429,test,0,0.0011671809124542494
3846,test,0,0.0011121742374697989
7844,test,0,0.00754086996619192
5878,test,0,0.0
6620,test,0,0.039269081408490634
8603,test,0,0.03549991904776593
547,test,0,0.08282330156129486
4839,test,0,0.06664279666505368
10374,test,0,0.015389743506369303
10631,test,0,0.004185039257790523
552,test,0,0.0
719,test,0,0.01979600945807947
5872,test,0,0.03539605869012706
7552,test,0,0.07492731064383629
8953,test,0,0.0
7902,test,0,0.001565755102800677
1205,test,0,0.04411208456646941
7306,test,0,0.04059277989307466
7946,test,0,0.032059169842340314
3841,test,0,0.03539598559704119
9927,test,0,0.03539598919922193
7939,test,0,0.0
2336,test,0,0.035395986001345664
10889,test,0,0.0
4511,test,0,0.001768223973129003
8190,test,0,0.042993142714371504
4230,test,0,0.0
9411,test,0,0.0
10273,test,0,0.0
2514,test,0,0.007716771225241702
3819,test,0,0.03886229758577406
174,test,0,0.03539609006458363
5472,test,0,0.0354056753764757
10388,test,0,0.0018762176566629344
968,test,0,0.03539601403383873
4944,test,0,0.008314130974912922
559,test,0,0.0
1972,test,0,0.043799219917796235
5027,test,0,0.043799219917796235
3315,test,0,0.00128245410403559
1911,test,0,0.0
1917,test,0,0.0012694954738303808
6436,test,0,0.0
2825,test,0,0.0
4658,test,0,0.0
10259,test,0,0.0
6396,test,0,0.07680237909676552
9914,test,0,0.07680237909676552
7610,test,0,0.0
6756,test,0,0.0
4073,test,0,0.015220335974884572
863,test,0,0.03714643363756895
404,test,0,0.035395988747605245
7850,test,0,0.0040471070499818905
5846,test,0,0.0
10894,test,0,0.03560538115852621
10031,test,0,0.007809835913558969
9462,test,0,0.005057805588273084
1906,test,0,0.04785459404646606
2515,test,0,0.0029058755432917627
7654,test,0,0.0031577643456099933
3501,test,0,0.03539617329753944
3995,test,0,0.0353959868336107
414,test,0,0.0006924133339985468
5017,test,0,0.05650935702059802
4921,test,0,0.0
6285,test,0,0.0018418093977308956
9794,test,0,0.0018418093977308956
2778,test,0,0.01652271865758978
10580,test,0,0.03936254881693656
8556,test,0,0.0
1946,test,0,0.0
3176,test,0,0.0
7929,test,0,0.10584817411255178
1169,test,0,0.035396493375491514
9789,test,0,0.001948591168634898
6807,test,0,0.0
8072,test,0,0.014984002773386774
5856,test,0,0.03797514072126194
995,test,0,0.03797514072126194
5732,test,0,0.07200066715472435
500,test,0,0.0
9478,test,0,0.0895263883694703
1638,test,0,0.0895263883694703
1010,test,0,0.031452157305661144
1332,test,0,0.012780473942633827
1462,test,0,0.036196090166596244
3238,test,0,0.0
8411,test,0,0.0
38,test,0,0.13855176735688407
77,test,0,0.13855176735688407
769,test,0,0.0
357,test,0,0.0
9196,test,0,0.05355042910548711
2863,test,0,0.0701302080754486
1228,test,0,0.0
144,test,0,0.0
498,test,0,0.0
4933,test,0,0.05660884817504627
2957,test,0,0.011240558616830765
9181,test,0,0.0
83,test,0,0.000582135903469393
7296,test,0,0.0
2326,test,0,0.0
8548,test,0,0.0
562,test,0,0.005057805588273084
5925,test,0,0.006245883901444007
9632,test,0,0.0
642,test,0,0.0002231197172634687
1221,test,0,0.05999777589797065
1201,test,0,0.024960291857142592
5023,test,0,0.0
5874,test,0,0.005654307686053991
3246,test,0,0.002625512789267129
3161,test,0,0.0
6874,test,0,0.011240558616830765
7604,test,0,0.04584469004897465
3991,test,0,0.0018196880043400848
5018,test,0,0.0075344450833445915
10115,test,0,0.0
11064,test,0,0.0
6439,test,0,0.025802375752393046
9511,test,0,0.0
4204,test,0,0.0012826938669917884
2805,test,0,0.0
9499,test,0,0.0
220,test,0,0.00032913994895808913
4287,test,0,0.0016698548792649732
3587,test,0,0.011240558616830765
3320,test,0,0.0
9968,test,0,0.02006353367304911
6788,test,0,0.0
10506,test,0,0.0012311174245510403
2862,test,0,0.035658100386545544
2185,test,0,0.001252642026682647
9922,test,0,0.03539599307022213
3607,test,0,0.0
5229,test,0,0.0001970346527152079
1807,test,0,0.04193424965827574
5756,test,0,0.0
10376,test,0,0.0
8168,test,0,0.03841909965900541
6656,test,0,0.03738896849474757
4213,test,0,0.0653983500836881
6615,test,0,0.001565755102800677
3280,test,0,0.0
8550,test,0,0.0
151,test,0,0.0
658,test,0,0.0
1302,test,0,0.016002173197790504
5633,test,0,0.0
2237,test,0,0.04418188924433493
9693,test,0,0.0
9126,test,0,0.0
8313,test,0,0.0
2314,test,0,0.0004516791947522091
656,test,0,0.022911596279143014
9983,test,0,0.0
358,test,0,0.0
5462,test,0,0.0
2779,test,0,0.08826267040185398
1909,test,0,0.0750171470642896
2954,test,0,0.002020573781480234
8039,test,0,0.0
7976,test,0,0.0
6644,test,0,0.03887189091386236
5363,test,0,0.0
2176,test,0,0.0003446861797973672
2831,test,0,0.0
5036,test,0,0.0008830626244999983
6047,test,0,0.0017193316620829407
8162,test,0,0.012502254299066208
3994,test,0,0.012502254299066208
10432,test,0,0.0
8206,test,0,0.10222635419661794
4228,test,0,0.0
4990,test,0,0.011240558616830765
10575,test,0,0.0
10947,test,0,0.0
1006,test,0,0.012302089565029851
2331,test,0,0.012302089565029851
1637,test,0,0.056100486457977904
9970,test,0,0.0351533265599066
4909,test,0,0.02515880086221317
10616,test,0,0.060940836747800854
1314,test,0,0.00010667118279451864
5637,test,0,0.04564141345371798
5155,test,0,0.0
3330,test,0,0.05032310927795774
4354,test,0,0.03617976369853117
3724,test,0,0.028906828264389655
6286,test,0,0.003027979014152484
1203,test,0,0.046784494543620665
9461,test,0,0.0059707590738875445
6832,test,0,0.0
1174,test,0,0.008755454234941803
7561,test,0,0.0579204012211927
4509,test,0,0.0
6423,test,0,0.05251061489113617
10952,test,0,0.08786442573796055
6946,test,0,0.036006953109531475
6410,test,0,0.07416622596999597
8308,test,0,0.0
5921,test,0,0.04045763358007204
8960,test,0,0.0
470,test,0,0.05739349076767459
7967,test,0,0.10000154139720444
871,test,0,0.0
1075,test,0,0.004902943089454019
2181,test,0,0.004902943089454019
5107,test,0,0.0013926399655986295
2800,test,0,0.00752457579434072
10573,test,0,0.05959940437127292
1929,test,0,0.0
9118,test,0,0.0445178103161758
1635,test,0,0.0
47,test,0,0.0
6255,test,0,0.0009468363158062676
1028,test,0,0.0
9797,test,0,0.07241316991231994
949,test,0,0.002020573781480234
6606,test,0,0.06556060200455385
8135,test,0,0.0008766353597539185
6945,test,0,0.049779592085358634
950,test,0,0.0
1031,test,0,0.0019594053648494245
1282,test,0,0.09458984545114744
10619,test,0,0.03539598940997638
4061,test,0,0.06810051728005796
1791,test,0,0.02008105918366167
5294,test,0,0.0666907498155642
5145,test,0,0.0
34,test,0,0.09697468168498195
476,test,0,0.0
6811,test,0,0.09178967970387936
9479,test,0,0.001011334286717268
7133,test,0,0.009670600648113885
6148,test,0,0.0444639506654115
1025,test,0,0.0
1634,test,0,0.027469156324012645
1002,test,0,0.005347392612614373
348,test,0,0.00047437339779553614
5731,test,0,0.0
4089,test,0,0.0
997,test,0,0.035153579860617096
7303,test,0,0.03539599149601538
6049,test,0,0.004489903410337138
6891,test,0,0.0
1019,test,0,0.00013274763078055963
1172,test,0,0.0006581584648300677
1322,test,0,0.04100068175771106
8598,test,0,0.011240558616830765
6949,test,0,0.07127727192101281
8842,test,0,0.022256713440414185
10948,test,0,0.058972378312954495
10622,test,0,0.07676341311683595
4512,test,0,0.07676341311683595
2856,test,0,0.06473472669652915
9200,test,0,0.0
2509,test,0,0.04427569020556631
5759,test,0,0.03539599011320809
10566,test,0,0.0
4845,test,0,0.04745926184578296
7494,test,0,0.0
3578,test,0,0.03950345953849784
7938,test,0,0.0
4521,test,0,0.005057805588273084
735,test,0,0.0
10393,test,0,0.004436567818939879
781,test,0,0.03539598704866627
3843,test,0,0.0
5283,test,0,0.03836924579540241
8955,test,0,0.012067435250288892
555,test,0,0.0
5368,test,0,0.001002856762019339
2319,test,0,0.0
5922,test,0,0.06373358964074617
3746,test,0,0.00029148534978564605
5911,test,0,0.0
7725,test,0,0.0
162,test,0,0.011240558616830765
4207,test,0,0.0
10878,test,0,0.0
10076,test,0,0.08423813438041343
5730,test,0,0.0
10621,test,0,0.0642647792793189
9026,test,0,0.004946135224230077
1068,test,0,0.1123737160243911
5630,test,0,0.02545236813039624
1941,test,0,0.015037656860213645
2795,test,0,0.007523512933347621
3334,test,0,0.05347697753175096
4210,test,0,0.08186650522708616
1467,test,0,0.0003134813778831205
5933,test,0,0.0
8559,test,0,0.006273142464231416
4283,test,0,0.03249611078397278
5044,test,0,0.055171807566908614
875,test,0,0.06157443317173836
5386,test,0,0.06157443317173836
166,test,0,0.0
1207,test,0,0.08264778828532489
2619,test,0,0.08264778828532489
6753,test,0,0.0
5147,test,0,0.07421706623230309
3858,test,0,0.010021453769168602
8026,test,0,0.018917016435916215
2322,test,0,0.0
5621,test,0,0.08000472424738626
9188,test,0,0.07615179586687533
5038,test,0,0.07230989431463453
10275,test,0,0.0
10069,test,0,0.05650570766819864
714,test,0,0.044642687720514204
7799,test,0,0.0
5720,test,0,0.03451293390443036
5644,test,0,0.07982936631976795
6628,test,0,0.03272482682182744
10571,test,0,0.005446496339060989
10567,test,0,0.007524577684442587
4221,test,0,0.0
730,test,0,0.005618869410354471
3703,test,0,0.005618869410354471
996,test,0,0.0
5884,test,0,0.10759587505164528
5464,test,0,0.10759587505164528
10972,test,0,0.007612787893684676
1937,test,0,0.00016069774472913658
10665,test,0,0.0
3980,test,0,0.04959444581087107
7314,test,0,0.023459135740025644
9025,test,0,0.0
7611,test,0,0.0762112632972119
4832,test,0,0.0
7845,test,0,0.0
158,test,0,0.000625470926435352
10377,test,0,0.07008913447679932
1023,test,0,0.002817427486041302
9127,test,0,0.08303059294808353
1032,test,0,0.026219956492297275
1211,test,0,0.0
9703,test,0,0.0384698237701472
5623,test,0,0.0023884356040761463
10128,test,0,0.0023884356040761463
4729,test,0,0.014984032999908985
1915,test,0,0.0701814300470793
4225,test,0,0.053414044918856256
3174,test,0,0.040364646146347175
1796,test,0,0.06253797170874326
1283,test,0,0.0
9030,test,0,0.08181353614584348
10869,test,0,0.0
9697,test,0,0.0
146,test,0,0.011240558616830765
7567,test,0,0.03539598577983843
1317,test,0,0.03785529775769071
10114,test,0,0.0
4075,test,0,0.010031127215595216
10579,test,0,0.06360163026216831
336,test,0,0.06360163026216831
10381,test,0,0.06580079060216308
5908,test,0,0.04539220309003779
5252,test,0,0.057420030375647864
8956,test,0,0.0
1289,test,0,0.07222212530977586
8211,test,0,0.0
2174,test,0,0.0
9706,test,0,0.0
581,test,0,0.002020573781480234
7136,test,0,0.0
10883,test,0,0.08091827147298264
1640,test,0,0.05283979713304546
2613,test,0,0.0
2852,test,0,0.03121915243649625
8042,test,0,0.06155263125949509
1227,test,0,0.012861661101770082
5724,test,0,0.03354542895527482
3747,test,0,0.114494478807728
2689,test,0,0.07994528977928643
6418,test,0,0.0369092871680675
7556,test,0,0.08934183714042447
966,test,0,0.08934183714042447
8034,test,0,0.004436567818939879
1931,test,0,0.03468144674362972
7620,test,0,0.031038865570038314
5383,test,0,0.0
3823,test,0,0.06975428905883187
7945,test,0,0.04716636529671569
7713,test,0,0.04332522479366408
5258,test,0,0.00027984510418866776
5161,test,0,0.03630388165845755
9974,test,0,0.03475570724257871
4214,test,0,0.11450632248341651
6438,test,0,0.11357299183507674
10380,test,0,0.015626476187749337
1803,test,0,0.03550126911647142
5049,test,0,0.0
147,test,0,0.005057805588273084
3866,test,0,0.09756258122501177
3976,test,0,0.05841146447119905
501,test,0,0.0
5151,test,0,0.08341978622802895
2792,test,0,0.043952554043976876
10613,test,0,0.08359330133998735
1926,test,0,0.0011121742374697989
8030,test,0,0.09321018518961262
1470,test,0,0.03570946436737557
1080,test,0,0.08843795553462491
406,test,0,0.0
1027,test,0,0.016442378817984212
2059,test,0,0.035740675434288584
3307,test,0,0.0
1973,test,0,0.0
9704,test,0,0.0011121742374697989
8443,test,0,0.03539598866158302
3988,test,0,0.07279435956653764
1295,test,0,0.0
4522,test,0,0.0005491437896925801
5291,test,0,0.0
7601,test,0,0.0
5284,test,0,0.067204662285384
10558,test,0,0.07856168604201512
1912,test,0,0.01656389128597467
3323,test,0,0.03539598593037732
2600,test,0,0.04686406241913503
5642,test,0,0.03408841993573543
8200,test,0,0.05517385236078939
5631,test,0,0.00010667118279451864
3589,test,0,0.0
8431,test,0,0.03539599307022213
6397,test,0,0.0
580,test,0,0.03539598726372183
7973,test,0,0.0362906266395427
10435,test,0,0.0
4931,test,0,0.058577926080056804
5889,test,0,0.0
1918,test,0,0.016924576176752058
2951,test,0,0.09756679740524304
3834,test,0,0.09756679740524304
152,test,0,0.0
10950,test,0,0.07132764712375673
7675,test,0,0.035395986188444
6892,test,0,0.0059707590738875445
10885,test,0,0.07896003382576801
3709,test,0,0.0051789466036811
2687,test,0,0.05668358102123102
10394,test,0,0.1128391112728237
3348,test,0,0.03539598610242178
6819,test,0,0.012028776201088685
4454,test,0,0.006934254707128228
2499,test,0,0.020630281080985472
7301,test,0,0.06822554833405209
9646,test,0,0.0
7971,test,0,0.03627265815839731
1286,test,0,0.0018401966924923682
10387,test,0,0.05802164527372891
1291,test,0,0.04902477021719438
3175,test,0,0.0
6051,test,0,0.08338709934428483
2628,test,0,0.00031598723685685476
466,test,0,0.0
3409,test,0,0.0
4842,test,0,0.04210801369390088
659,test,0,0.0
550,test,0,0.024403492891042357
4840,test,0,0.025158785615074602
22,test,0,0.03539598790888853
8032,test,0,0.04056420514667167
6828,test,0,0.004591061472304791
10081,test,0,0.05985051733793981
3403,test,0,0.0
2304,test,0,0.03331726526984475
9443,test,0,0.0
4286,test,0,0.030645521872731587
4918,test,0,0.028254280500219147
3743,test,0,0.08106760368125512
9931,test,0,0.011240558616830765
1333,test,0,0.09049131308254871
8852,test,0,0.055024660164438265
1329,test,0,0.025792775510891947
5734,test,0,0.07126902024203059
1073,test,0,0.03791765989518581
5122,test,0,0.0
4735,test,0,0.019448052416976946
6883,test,0,0.0735985461629371
1011,test,0,0.0735985461629371
5160,test,0,0.026219965182746472
1785,test,0,0.08118535027299609
5918,test,0,0.0894928023048819
1511,test,0,0.0894928023048819
4992,test,0,0.03598315817303304
6747,test,0,0.026232425050508143
1300,test,0,0.026232425050508143
9971,test,0,0.08139443301303967
10668,test,0,0.0
10095,test,0,0.05511073290443102
3996,test,0,0.011145054686853456
5893,test,0,0.05700334362147827
10281,test,0,0.0
6411,test,0,0.027562690997194505
664,test,0,0.0
5033,test,0,0.0012823834022708458
4741,test,0,0.029074363484926948
2639,test,0,0.03539598930674972
9639,test,0,0.00020422713226950204
5584,test,0,0.012081453943326563
3842,test,0,0.012081453943326563
6402,test,0,0.052452866306616074
2589,test,0,0.0
7569,test,0,0.0046418042759000765
3857,test,0,0.062365647849007014
8538,test,0,0.04583913993747253
3430,test,0,0.03560537653913264
10261,test,0,0.0
4965,test,0,0.005057805588273084
6835,test,0,0.0997705144613429
10970,test,0,0.024796706280751323
8970,test,0,0.017821223839073905
7560,test,0,0.044952760700423054
5043,test,0,0.02220898332413671
3332,test,0,0.07044757019260234
4953,test,0,0.0
9019,test,0,0.03539598790888853
10967,test,0,0.06242869372301828
4000,test,0,0.028513260661114093
5285,test,0,0.10430217432738392
4671,test,0,0.052924554139932245
5910,test,0,0.07727109693397263
1299,test,0,0.036372198044576864
2813,test,0,0.036372198044576864
7716,test,0,0.07755439687335365
5898,test,0,0.0
8951,test,0,0.08646089525538264
9029,test,0,0.09109060170124025
3624,test,0,0.0
5249,test,0,0.049826415839930575
7962,test,0,0.061040127051755065
9709,test,0,0.04665674547083471
23,test,0,0.043881683835942625
9119,test,0,0.016554247730959926
3805,test,0,0.005057805588273084
4661,test,0,0.05123988263039295
5019,test,0,0.07089197252541843
5011,test,0,0.0016878068517138856
9791,test,0,0.07163382635201307
8542,test,0,0.08150767096079127
472,test,0,0.043098881491630436
7846,test,0,0.028651041088216884
8834,test,0,0.028651041088216884
9420,test,0,0.0014027785190600835
4078,test,0,0.03484167707821952
9024,test,0,0.03055879585798433
3432,test,0,0.005298407097273339
1629,test,0,0.04263051148524057
2998,test,0,0.08023379181083633
3177,test,0,0.08023379181083633
2605,test,0,0.0
4958,test,0,0.005776761167147924
5259,test,0,0.10821821194058188
2694,test,0,0.06097306862478987
729,test,0,0.057977190833224626
10103,test,0,0.0
732,test,0,0.013423461748915162
2789,test,0,0.029519280644581702
1934,test,0,0.08412965524879971
5876,test,0,0.0
10371,test,0,0.09711352065834576
7562,test,0,0.08535291985453769
10277,test,0,0.05572160804138578
3852,test,0,0.02677534818941077
2183,test,0,0.0
4915,test,0,0.0675390193034287
10002,test,0,0.03740217557027006
6952,test,0,0.0
5907,test,0,0.07404020860709723
4077,test,0,0.040202277873422454
9638,test,0,0.0
2602,test,0,0.03711638037596332
10875,test,0,0.09505721562782952
9445,test,0,0.0038138863431655856
1297,test,0,0.0038138863431655856
1013,test,0,0.007314949749141423
8309,test,0,0.04024632216754107
725,test,0,0.03538268477570539
4913,test,0,0.07155174741287126
3739,test,0,0.06608159377129079
5014,test,0,0.0
662,test,0,0.006254973214554409
9034,test,0,0.09581923642385351
4853,test,0,0.06985566691715052
2177,test,0,0.0
6135,test,0,0.07223559758737108
2230,test,0,0.03539598833039745
4510,test,0,0.0
6799,test,0,0.0
10905,test,0,0.035395986988450714
6793,test,0,0.0
1325,test,0,0.05859035713030082
7139,test,0,0.0
8837,test,0,0.0011858027150813504
7943,test,0,0.11823916943203708
1307,test,0,0.06514132751263274
958,test,0,0.03736962010916665
3862,test,0,0.0828184004414653
546,test,0,0.054469322750147195
3491,test,0,0.0
4668,test,0,0.0
5380,test,0,0.06155651587849087
2302,test,0,0.07759963561286679
474,test,0,0.0
10633,test,0,0.07534310126771143
10507,test,0,0.03722328986129851
10505,test,0,0.03665266574629334
10272,test,0,0.023173765173154684
10565,test,0,0.0
5028,test,0,0.07277197898676924
3401,test,0,0.0
10278,test,0,0.044707210622400934
10438,test,0,0.0
3318,test,0,0.0
7956,test,0,0.08223592308756535
9413,test,0,0.08223592308756535
8413,test,0,0.08830344362983875
6889,test,0,0.0
5613,test,0,0.09169085747856824
7718,test,0,0.0
3836,test,0,0.08035334748921981
6804,test,0,0.0
5154,test,0,0.08182233416664965
10964,test,0,0.0
6954,test,0,0.10514668728055218
8418,test,0,0.014463085326538045
5296,test,0,0.0
10131,test,0,0.0
5935,test,0,0.05120460757106161
1908,test,0,0.08420612879836248
6795,test,0,0.03539598765082185
5618,test,0,0.041653323445351755
3736,test,0,0.0
2781,test,0,0.07310657528434017
9425,test,0,0.00034476538895601076
5891,test,0,0.3636324158860092
4517,test,0,0.3636324158860092
6146,test,0,0.08055244574953639
4937,test,0,0.08759628622163444
6872,test,0,0.0
3263,test,0,0.0010014844024459617
3998,test,0,0.03826400198248517
9482,test,0,0.027104744339344414
1079,test,0,0.027104744339344414
1787,test,0,0.0
953,test,0,0.004252090768953824
8434,test,0,0.0
5470,test,0,0.0
9117,test,0,0.054629566836649046
9114,test,0,0.06242972677111775
7968,test,0,0.06219973434839892
363,test,0,0.005298407097273339
10874,test,0,0.0
4665,test,0,0.06793111418592007
8069,test,0,0.0
5140,test,0,0.0
5242,test,0,0.08441619028458947
80,test,0,0.0
5226,test,0,0.0
541,test,0,0.0
1799,test,0,0.008960296779911817
6605,test,0,0.05116089812178067
9695,test,0,0.01568850338163162
4274,test,0,0.0006097954849927144
728,test,0,0.0
7307,test,0,0.0
8782,test,0,0.011240558616830765
5841,test,0,0.0
5927,test,0,0.015626476187749337
11070,test,0,0.06857830234345488
2699,test,0,0.0
5288,test,0,0.03494028609943229
459,test,0,0.04459736219845359
7972,test,0,0.08554984368036457
5149,test,0,0.0037475125277753062
6361,test,0,0.09385505147228813
10562,test,0,0.1076201581210459
1330,test,0,0.0010014813910981365
3856,test,0,0.0
7721,test,0,0.024506093834820414
665,test,0,0.0
2854,test,0,0.0
2534,test,0,0.005776761102631254
653,test,0,0.0
6258,test,0,0.05685030770359645
6608,test,0,0.05685030770359645
961,test,0,0.0
5373,test,0,0.062269174010723884
1225,test,0,0.0
1923,test,0,0.08733173700010542
3404,test,0,0.08733173700010542
733,test,0,0.02087394289120258
4922,test,0,0.0
8781,test,0,0.0
1030,test,0,0.04633086143876389
7312,test,0,0.04448116948883516
5035,test,0,0.0931495867945301
8031,test,0,0.03539598704866627
2801,test,0,0.025389710670794978
8543,test,0,0.05934204581883738
4851,test,0,0.030822441683586364
867,test,0,0.03539599216698875
5632,test,0,0.016235171751479913
3173,test,0,0.023351289354479013
3582,test,0,0.03539599255623932
3165,test,0,0.05615316334457107
8558,test,0,0.06358943957779427
2593,test,0,0.011240558616830765
1070,test,0,0.06139455957946143
6407,test,0,0.08140372185847258
2335,test,0,0.0
6805,test,0,0.03662104903995177
8198,test,0,0.0
5638,test,0,0.0
10256,test,0,0.0
7639,test,0,0.0
3871,test,0,0.04802162638662142
2688,test,0,0.08828883068095074
4908,test,0,0.06891678887300916
2510,test,0,0.0
7952,test,0,0.0
1643,test,0,0.05859772873278841
2952,test,0,0.00044315007486581066
3251,test,0,0.0010983697937704808
4291,test,0,0.04882315221843559
5585,test,0,0.0
5360,test,0,0.049759202313037654
5929,test,0,0.035395987478777396
1319,test,0,0.06481346857721704
5398,test,0,0.08401482509667114
9965,test,0,0.07331164221692249
6898,test,0,0.03539600253266704
8839,test,0,0.041114933054310576
5022,test,0,0.03474329333052487
9124,test,0,0.0006581587849187725
3992,test,0,0.0
6820,test,0,0.0
7621,test,0,0.0
4733,test,0,0.0
4831,test,0,0.0048454081260367945
7794,test,0,0.0
6130,test,0,0.024627270645713413
7977,test,0,0.007030955976736005
4750,test,0,0.0
3845,test,0,0.1116144581010288
5401,test,0,0.0666841787879181
4344,test,0,0.0
1786,test,0,0.04368207351195449
5877,test,0,0.07305970609411648
10572,test,0,0.08360561502113593
6421,test,0,0.03816383160881438
7796,test,0,0.01832013556914744
10265,test,0,0.04883702936571347
10276,test,0,0.0
4456,test,0,0.03539598586586065
35,test,0,0.025783006097166203
7143,test,0,0.00940064725433173
2301,test,0,0.021379562638462076
5152,test,0,0.036587990435506174
4360,test,0,0.005057805588273084
9032,test,0,0.0
6894,test,0,0.0001970346527152079
538,test,0,0.09497761728061527
4856,test,0,0.07161950271877539
9195,test,0,0.05568552084625822
8947,test,0,0.0
673,test,0,0.035395996594982854
5163,test,0,0.0016374284054956616
4084,test,0,0.007524744571562052
8601,test,0,0.0
10870,test,0,0.07013282814239342
9003,test,0,0.0
9189,test,0,0.0
6062,test,0,0.07577832563667602
3997,test,0,0.06953979563289375
8202,test,0,0.022911604866344033
5387,test,0,0.015586707142871213
8164,test,0,0.005199242987189319
1273,test,0,0.10715378102266232
8590,test,0,0.0
7934,test,0,0.03313970946201874
1219,test,0,0.04057061538021622
1305,test,0,0.11448878753515597
8779,test,0,0.0
2591,test,0,0.0
7787,test,0,0.03919270911086763
2317,test,0,0.06634215508003306
10634,test,0,0.0
5399,test,0,0.03267816925211723
1294,test,0,0.0886779121375479
6053,test,0,0.06618814954646973
7294,test,0,0.004185054260013062
651,test,0,0.01498400762694359
6617,test,0,0.007524578652536725
6861,test,0,0.011714809209415486
8437,test,0,0.0
7607,test,0,0.0
2527,test,0,0.03539598640349957
7969,test,0,0.027262318261324015
644,test,0,0.0
7940,test,0,0.00013274763078055963
5372,test,0,0.0420930257568297
10879,test,0,0.052828923799853954
6781,test,0,0.0
9694,test,0,0.06363078089789279
11072,test,0,0.03495266866186849
10378,test,0,0.1039088054626741
4941,test,0,0.035395986618555135
2630,test,0,0.0
7614,test,0,0.08395923859537242
9017,test,0,0.02523208110096358
221,test,0,0.02523208110096358
1512,test,0,0.0354056641527257
10564,test,0,0.0354020331571625
8040,test,0,0.03752889164463727
4736,test,0,0.0
8950,test,0,0.08802239251438256
6432,test,0,0.0
10372,test,0,0.06996404247605313
6428,test,0,0.08757030054203113
3344,test,0,0.08757030054203113
3817,test,0,0.0
5900,test,0,0.06933321231913595
1020,test,0,0.03593459192031306
4864,test,0,0.0
5906,test,0,0.0
5619,test,0,0.043496168778390326
10881,test,0,0.015615671792383129
4857,test,0,0.0002826505327175205
8191,test,0,0.05821088424286602
4197,test,0,0.0
5895,test,0,0.05502454872627826
6622,test,0,0.0
8192,test,0,0.04630006127899294
11074,test,0,0.066188053503471
8070,test,0,0.021072881595734047
4835,test,0,0.0
4846,test,0,0.0
1206,test,0,0.07671358239920266
6812,test,0,0.06841263500340841
3496,test,0,0.0
10890,test,0,0.0
9978,test,0,0.035395986822857925
7727,test,0,0.08525693860095572
8312,test,0,0.08525693860095572
6401,test,0,0.0058431546683822486
3414,test,0,0.0058431546683822486
5735,test,0,0.07493264637028248
3728,test,0,0.05573002811662372
10112,test,0,0.09289421888382551
962,test,0,0.0
2543,test,0,0.04224093335426103
4652,test,0,0.029965833541888736
7723,test,0,0.07271873053835388
9919,test,0,0.0017556501148279428
1641,test,0,0.0
4660,test,0,0.07751309200595895
8074,test,0,0.05867150436259348
9784,test,0,0.049637301954567815
9028,test,0,0.0011263235722272823
2300,test,0,0.041217221479116564
4945,test,0,0.0
1171,test,0,0.0
5030,test,0,0.012933797241653042
4373,test,0,0.002020573781480234
7619,test,0,0.025802501358725593
6367,test,0,0.1069549951473196
6623,test,0,0.06518131085496126
6625,test,0,0.0
4743,test,0,0.0
3355,test,0,0.0
7299,test,0,0.0
10667,test,0,0.07582204489759352
10976,test,0,0.07582204489759352
6750,test,0,0.0
10267,test,0,0.0
4934,test,0,0.08634990644567171
8422,test,0,0.020123188751050722
9007,test,0,0.0673685419702403
7609,test,0,0.0
9037,test,0,0.07547501812764384
3428,test,0,0.0
10266,test,0,0.0
8599,test,0,0.0
8547,test,0,0.10220381510197968
471,test,0,0.014453414844039503
5292,test,0,0.0006616510144213379
6404,test,0,0.019367798389607803
8847,test,0,0.09401488221207807
3156,test,0,0.0
2615,test,0,0.0017556501148279428
10109,test,0,0.03979968183088557
10077,test,0,0.054287881039199924
6414,test,0,0.10389959077150035
10629,test,0,0.069727143162717
4216,test,0,0.06950235131098864
5029,test,0,0.05280667818933284
6782,test,0,0.002168063995072818
720,test,0,0.002168063995072818
11066,test,0,0.004891272252103561
2816,test,0,0.0
10515,test,0,0.0008752734489240481
4285,test,0,0.0
10100,test,0,0.0037475125277753062
11075,test,0,0.12828704714134107
338,test,0,0.12828704714134107
9031,test,0,0.07532757369693667
6613,test,0,0.0
1631,test,0,0.04931884241895189
4466,test,0,0.002065521321067574
6140,test,0,0.004666078032004085
4465,test,0,0.0
4290,test,0,0.0
6951,test,0,0.0
4903,test,0,0.03539599565088892
10026,test,0,0.0
6612,test,0,0.0
4833,test,0,0.04440960820017831
5255,test,0,0.06867139185638492
4667,test,0,0.02578304775187024
2614,test,0,0.05133596814506239
649,test,0,0.03165398845987329
2796,test,0,0.08337410817008552
6408,test,0,0.0
783,test,0,0.03539598919922193
8420,test,0,0.05128143291221266
8785,test,0,0.0
8071,test,0,0.052389625329932264
3612,test,0,0.0015924459323219157
3732,test,0,0.06739177001918165
4076,test,0,0.0046418042759000765
3844,test,0,0.06407316678794041
1222,test,0,0.004654863473594394
10084,test,0,0.03987830125031075
957,test,0,0.03987830125031075
7941,test,0,0.03539599307022213
8539,test,0,0.004588552902931859
5282,test,0,0.08879787984106986
5146,test,0,0.007212475844365063
143,test,0,0.08449450289547403
2791,test,0,0.08449450289547403
7300,test,0,0.017075146662922258
4551,test,0,0.0
7823,test,0,0.0
8633,test,0,0.0
2254,test,0,0.0
2474,test,0,0.0
699,test,0,0.0
1090,test,1,0.0
9560,test,0,0.0
4548,test,0,0.0
7465,test,0,0.03539598919922193
10164,test,0,0.0014027785190600835
7281,test,0,0.005776761941347963
8392,test,0,0.0
2216,test,0,0.0
6908,test,0,0.035395986941138484
7480,test,0,0.0649887006255263
2463,test,0,0.0
3938,test,0,0.0
1984,test,0,0.0
7450,test,0,0.0
2087,test,0,0.0
6504,test,0,0.0
2444,test,0,0.0
10775,test,0,0.0
6174,test,0,0.0
4772,test,0,0.0
7729,test,0,0.0
5747,test,0,0.0
7830,test,0,0.03539598667231903
4582,test,0,0.0
8674,test,0,0.0
10821,test,0,0.0
9435,test,0,0.0
7349,test,0,0.0
7185,test,0,0.0
521,test,0,0.0
3635,test,0,0.0075344658992180175
8400,test,0,0.004380025641245382
10814,test,1,0.0
1039,test,0,0.006055652529456361
11045,test,0,0.0
4792,test,0,0.0
4812,test,0,0.0
4115,test,0,0.0
6913,test,0,0.0
1846,test,0,0.0
10311,test,0,0.0
3048,test,0,0.0
7472,test,0,0.0
1142,test,0,0.0
4817,test,0,0.0
6100,test,0,0.0
6482,test,0,0.0
8387,test,0,0.0
5523,test,0,0.0
5312,test,0,0.0018317361288842763
4486,test,0,0.0
9428,test,0,0.0
6475,test,0,0.0
6216,test,0,0.0
6385,test,0,0.0
10847,test,0,0.0
1838,test,0,0.0
10720,test,0,0.0
2460,test,0,0.0
6691,test,0,0.0
9355,test,0,0.0
4416,test,0,0.0
9334,test,0,0.0
9497,test,0,0.11233931088451955
6159,test,0,0.0
5136,test,0,0.009413557058803104
2255,test,0,0.0
3081,test,0,0.050813320788664115
8818,test,0,0.0
3568,test,0,0.0
6268,test,0,0.0
7543,test,0,0.0
6496,test,0,0.0
2284,test,0,0.0
7452,test,0,0.0
8610,test,0,0.0
5407,test,0,0.0
7462,test,0,0.011240558616830765
1134,test,0,0.011240558616830765
1564,test,0,0.0
10229,test,0,0.0
10304,test,0,0.0
6327,test,0,0.0
5826,test,0,0.0
3762,test,0,0.007292004090685202
10008,test,0,0.0
1837,test,0,0.0
3088,test,0,0.0
8488,test,0,0.003222927069321549
9257,test,0,0.0
8407,test,0,0.0
4005,test,0,0.0
1689,test,0,0.0
5829,test,0,0.0
7286,test,0,0.0
904,test,0,0.0037475125277753062
2683,test,0,0.0
8814,test,0,0.0
8497,test,0,0.0
7131,test,0,0.0
2924,test,0,0.0
1560,test,0,0.0
2879,test,0,0.0
8237,test,0,0.0017209937594090253
6443,test,0,0.0
7125,test,0,0.0
10210,test,0,0.0
7514,test,0,0.0
526,test,0,0.0
8789,test,0,0.0
5418,test,0,0.035395985758332874
737,test,0,0.0
743,test,0,0.0
1144,test,0,0.0
2287,test,0,0.011240558616830765
11044,test,0,0.006262886703119941
8268,test,0,0.006055652529456361
7834,test,0,0.0
4478,test,0,0.0037475125277753062
1575,test,0,0.0
7091,test,0,0.0
9340,test,0,0.0
324,test,0,0.0
519,test,0,0.03539598559704119
8662,test,0,0.0
2579,test,0,0.0
1748,test,0,0.0
3899,test,0,0.0
6526,test,0,0.0
2077,test,0,0.0
2676,test,0,0.0
6489,test,0,0.0
5685,test,0,0.0
10347,test,0,0.0
4583,test,1,0.0
8360,test,0,0.0
4868,test,0,0.0
10212,test,0,0.0
3361,test,0,0.0
5533,test,0,0.0
6493,test,0,0.00626289561000106
3690,test,0,0.011240558616830765
6016,test,0,0.0
9252,test,0,0.0
5741,test,0,0.004380025641245382
4420,test,0,0.0
10230,test,0,0.0
6547,test,0,0.0
7447,test,0,0.035395990506759775
1123,test,0,0.0
10407,test,0,0.002625512789267129
1114,test,0,0.0
6328,test,0,0.0
9350,test,0,0.0
9558,test,0,0.0
10007,test,0,0.007292004090685202
7024,test,0,0.009326937994368352
5417,test,0,0.04661742881776346
7547,test,0,0.0
491,test,0,0.0
946,test,0,0.0
2450,test,0,0.03539601479513543
9250,test,0,0.011240558616830765
10747,test,0,0.017639670411678035
1880,test,0,0.0
2555,test,0,0.0
761,test,0,0.0
8133,test,0,0.0
2208,test,0,0.0
9142,test,0,0.0
5452,test,0,0.007836685529591957
6332,test,0,0.0
804,test,0,0.006251937133909414
4805,test,0,0.0
10929,test,0,0.0
1552,test,0,0.0
9523,test,0,0.011240558616830765
3364,test,0,0.0
6932,test,0,0.0
2461,test,0,0.0
4767,test,0,0.0
908,test,0,0.006246186382474366
8661,test,0,0.0
6630,test,0,0.0
1119,test,0,0.0
1724,test,0,0.0
896,test,0,0.0
8254,test,0,0.0
1430,test,0,0.011240558616830765
2647,test,0,0.0
6012,test,0,0.0
1881,test,0,0.0
9251,test,0,0.035395986188444
10343,test,0,0.0
4703,test,0,0.0
7522,test,0,0.0
8116,test,0,0.0
529,test,0,0.0
766,test,0,0.0
9590,test,0,0.0
10213,test,0,0.0
5091,test,0,0.0
9774,test,0,0.0
1573,test,0,0.0
8741,test,0,0.0
5455,test,0,0.0
6116,test,0,0.0
9572,test,0,0.0
7234,test,0,0.04772062993856684
6450,test,0,0.008960290838238351
6456,test,0,0.0
4524,test,0,0.0
5095,test,0,0.0
3030,test,0,0.0
916,test,0,0.0
10827,test,0,0.0
6687,test,0,0.006248131970827478
10044,test,0,0.0
8806,test,0,0.0
3569,test,0,0.0
7809,test,0,0.011240558616830765
2198,test,0,0.07599962293021299
3754,test,0,0.035395991779888725
912,test,0,0.0
8615,test,0,0.0
4688,test,0,0.0
5449,test,0,0.0
8735,test,0,0.011240558616830765
321,test,0,0.0
3694,test,0,0.0
6172,test,0,0.0
10743,test,0,0.06574196311278063
4976,test,0,0.0
6541,test,0,0.011145055651872298
1763,test,0,0.0
4408,test,0,0.0
8895,test,0,0.0
10014,test,0,0.0
6113,test,0,0.011240558616830765
2710,test,0,0.0
7083,test,0,0.0
4155,test,0,0.0
1879,test,0,0.007435797746888874
890,test,0,0.0
4579,test,0,0.0
9561,test,0,0.0
2210,test,0,0.011240558616830765
7246,test,0,0.0037475125277753062
4241,test,0,0.0
8896,test,0,0.0
5084,test,0,0.0
7667,test,0,0.0
10154,test,0,0.011240558616830765
9354,test,0,0.005057805588273084
3025,test,0,0.0
7231,test,0,0.0045649072854186306
9366,test,0,0.011240558616830765
5500,test,0,0.0
9578,test,0,0.0
8125,test,0,0.0
1034,test,0,0.006256867927212206
746,test,0,0.0
7068,test,0,0.0
3372,test,0,0.007292004090685202
9156,test,0,0.006256716263543325
2277,test,0,0.0
3652,test,0,0.0
7745,test,0,0.0
1133,test,0,0.0
420,test,0,0.0
10402,test,0,0.0
1781,test,0,0.008971931899901657
9269,test,0,0.01547164376296586
8485,test,0,0.0
3052,test,0,0.0
7084,test,0,0.0
8671,test,0,0.0
7817,test,0,0.011240558616830765
3940,test,0,0.006245018913547549
3063,test,0,0.011240558616830765
8659,test,0,0.0
2559,test,0,0.0
376,test,0,0.00577675988541675
5428,test,0,0.0
1559,test,0,0.0
4878,test,0,0.0
5411,test,0,0.0
1425,test,0,0.0
7526,test,0,0.03539598597338844
5942,test,0,0.0
2948,test,0,0.0
7317,test,0,0.015683068791556058
5686,test,0,0.0
9576,test,0,0.0
9495,test,0,0.011240558616830765
1093,test,0,0.0
8914,test,0,0.004559767457384597
3051,test,0,0.0
5421,test,0,0.0
6168,test,0,0.004581878075879589
3435,test,0,0.004633270525158754
6675,test,0,0.0
10805,test,0,0.0037475125277753062
936,test,0,0.0
7130,test,0,0.011240558616830765
1958,test,0,0.0
8620,test,0,0.0
6001,test,0,0.0
8672,test,0,0.0012375233713874387
10812,test,0,0.0037475125277753062
1258,test,0,0.0
8744,test,0,0.011240558616830765
1102,test,0,0.0
897,test,0,0.0
6917,test,0,0.0
5433,test,0,0.0
8129,test,0,0.0029794359290713428
2280,test,0,0.0
10408,test,0,0.006705855471233511
7529,test,0,0.011240558616830765
9747,test,0,0.011240558616830765
10198,test,0,0.011240558616830765
10144,test,0,0.011240558616830765
2838,test,0,0.0
10233,test,0,0.010739308909968425
3449,test,0,0.0
5311,test,0,0.0
7048,test,0,0.0
8663,test,0,0.011240558616830765
8863,test,0,0.0
10221,test,0,0.0
4160,test,0,0.0057767598467067475
69,test,0,0.0
8274,test,0,0.0
10928,test,0,0.001565755102800677
1680,test,0,0.011240558616830765
3696,test,0,0.0
8463,test,0,0.0
2583,test,0,0.005776764780081437
10930,test,0,0.015577013086024506
3920,test,0,0.0
10006,test,0,0.0
5748,test,0,0.004436567818939879
8399,test,0,0.025159168932610578
2566,test,0,0.0
4119,test,0,0.0
10458,test,0,0.0
10777,test,0,0.0
9519,test,0,0.004129020169283619
9553,test,0,0.0
2396,test,0,0.011240558616830765
3934,test,0,0.0
8635,test,0,0.0010983697937704808
6163,test,0,0.0
1842,test,0,0.00457668825872795
6924,test,0,0.0
3942,test,0,0.0
5831,test,0,0.011240558616830765
4405,test,0,0.011862903207694555
7385,test,0,0.0
2221,test,0,0.0014027785190600835
1259,test,0,0.0
2076,test,0,0.0
6120,test,0,0.03539598565080509
5738,test,0,0.010031183321291362
6521,test,0,0.0
4243,test,0,0.00455955240181832
3434,test,0,0.0
4866,test,0,0.013349093097157587
6276,test,0,0.0
8115,test,0,0.0
8474,test,0,0.0
10196,test,0,0.005776763362865256
4807,test,0,0.0
10925,test,0,0.0
494,test,0,0.0
2204,test,0,0.011240558616830765
9587,test,0,0.0
1759,test,0,0.0
8730,test,0,0.011240558616830765
2459,test,0,0.0032524786199279025
9557,test,0,0.011240558616830765
2557,test,0,0.011240558616830765
9743,test,0,0.011240558616830765
4449,test,0,0.03659442653353168
3752,test,0,0.013348986729868046
4399,test,0,0.011240558616830765
2928,test,0,0.0
7527,test,0,0.0
10223,test,0,0.006245010176915169
10828,test,0,0.025783081718929183
2085,test,0,0.0057767598983200835
5524,test,0,0.0
8729,test,0,0.0
8511,test,0,0.0
6371,test,0,0.0
3891,test,0,0.03539598671533015
8271,test,0,0.004561725130301381
5504,test,0,0.011240558616830765
1131,test,0,0.035395994386362185
2572,test,0,0.035395988554055235
10997,test,0,0.0
6092,test,0,0.0037475125277753062
478,test,0,0.010561710160040483
7249,test,0,0.0
7022,test,0,0.0
6372,test,0,0.0
4003,test,0,0.025814214975093112
6549,test,0,0.02291159596916192
2279,test,0,0.0
2939,test,0,0.0
7448,test,0,0.011240558616830765
3105,test,0,0.0
6918,test,0,0.0037475125277753062
4781,test,0,0.015982754965790845
4774,test,0,0.0
8366,test,0,0.0
9370,test,0,0.0
4477,test,0,0.0
5946,test,0,0.0
4240,test,0,0.0
3931,test,0,0.0
6334,test,0,0.0
7595,test,0,0.08919109916397835
4867,test,0,0.0
8359,test,0,0.0
5527,test,0,0.0
6546,test,0,0.0
8481,test,0,0.0
518,test,0,0.0
8476,test,0,0.0
10758,test,0,0.0
10830,test,0,0.02319523096912498
4545,test,0,0.011240558616830765
6126,test,0,0.011240558616830765
8510,test,0,0.002625512789267129
10226,test,0,0.022921334985224237
4865,test,0,0.035395985758332874
1437,test,0,0.0
7053,test,0,0.0
3508,test,0,0.007292004090685202
3442,test,0,0.0
6931,test,0,0.015452170254513564
7233,test,0,0.0
3915,test,0,0.0010983697937704808
8509,test,0,0.0
7668,test,0,0.002625512789267129
10605,test,0,0.0
5530,test,0,0.005057805588273084
10748,test,0,0.04531755140716192
10156,test,0,0.0
9763,test,0,0.004590752065001315
1684,test,0,0.0
6197,test,0,0.0
5098,test,0,0.0
1562,test,0,0.004129001889625002
2458,test,0,0.03539598758630518
9489,test,0,0.011240558616830765
706,test,0,0.011240558616830765
8742,test,0,0.0
7076,test,0,0.0
6929,test,0,0.0
6343,test,0,0.0
3439,test,0,0.0
7085,test,0,0.0037475125277753062
10395,test,0,0.03544479756177349
3697,test,0,0.0
2655,test,0,0.011240558616830765
5075,test,0,0.00624789294031828
3911,test,0,0.03542555749439644
7101,test,0,0.0
8361,test,0,0.0
3910,test,0,0.011240558616830765
1256,test,1,0.0
1455,test,0,0.0
6386,test,0,0.0
298,test,0,0.0
9779,test,0,0.005485025417538442
768,test,0,0.0033131849343858402
4481,test,0,0.0033131849343858402
311,test,0,0.0062549308959200765
5134,test,0,0.0
10834,test,0,0.005456760150764259
1135,test,0,0.0
10606,test,0,0.0
3939,test,0,0.0
6177,test,0,0.028479553132915485
3022,test,0,0.0
6676,test,0,0.0019589156107310797
2944,test,0,0.006269446277098503
3058,test,0,0.0
6567,test,0,0.0
6550,test,0,0.0
10169,test,0,0.03661373689487436
8395,test,0,0.0037475125277753062
6488,test,0,0.0
753,test,0,0.0
7464,test,0,0.0
4980,test,0,0.011240558616830765
4888,test,0,0.035395985758332874
7049,test,0,0.0
10318,test,0,0.01655421486451236
4485,test,0,0.0
4825,test,0,0.033118443611014924
3890,test,0,0.0
10397,test,0,0.011240558616830765
10016,test,0,0.0
3104,test,0,0.0
10945,test,0,0.0032486708706868433
6524,test,0,0.0
7531,test,0,0.0
5948,test,0,0.034586275275261466
1567,test,0,0.007292004090685202
60,test,0,0.005057805588273084
1436,test,0,0.03539598984438863
2646,test,0,0.011240558616830765
3687,test,0,0.0
6562,test,0,0.02292125706504414
4440,test,0,0.0014027785190600835
2709,test,0,0.035395990145466426
7023,test,0,0.03539598559704119
6636,test,0,0.0
10225,test,0,0.0
10596,test,0,0.0
2395,test,0,0.0
8857,test,0,0.0
2393,test,0,0.0
9555,test,0,0.03539598605941066
7232,test,0,0.0
5497,test,0,0.0
7064,test,0,0.004150477797186234
5318,test,0,0.0
7460,test,0,0.0
3510,test,0,0.03539627376182251
2554,test,0,0.011240558616830765
10050,test,0,0.011240558616830765
8638,test,0,0.011240558616830765
70,test,0,0.002020573781480234
1058,test,0,0.012661050458863395
1956,test,0,0.011240558616830765
6180,test,0,0.03539598587661343
2281,test,0,0.03539598651962958
9346,test,0,0.006055652529456361
2084,test,0,0.03539695417290282
2228,test,0,0.0
8639,test,0,0.0
2930,test,0,0.006249926126728318
4163,test,0,0.03992699495300045
4986,test,0,0.037116447620613065
10810,test,0,0.006245109360542336
3023,test,0,0.0
10400,test,0,0.03539598610242178
7031,test,0,0.0
9577,test,0,0.0
8117,test,0,0.03539598929599694
10201,test,0,0.035395986618555135
8810,test,0,0.03539625843911341
52,test,0,0.03539598586586065
9342,test,0,0.0
10590,test,0,0.0
3893,test,0,0.0
10042,test,0,0.0
9273,test,0,0.00624542633739314
790,test,0,0.0
6498,test,0,0.03539598568951509
7488,test,0,0.0020968891914805283
2226,test,0,0.0
6005,test,0,0.0
5087,test,0,0.0
9567,test,0,0.011240558616830765
760,test,0,0.0010983697937704808
738,test,0,0.0
6544,test,0,0.0
1736,test,0,0.0
1832,test,0,0.0
10470,test,0,0.0
7229,test,0,0.0
7477,test,0,0.0
3897,test,0,0.011240558616830765
8856,test,0,0.0
8665,test,0,0.0
51,test,0,0.03539600399504489
3086,test,0,0.0012823867449655345
8860,test,0,0.0
4156,test,0,0.0
6215,test,0,0.01598278106667632
3627,test,0,0.014984005752013894
7657,test,0,0.0
9491,test,0,0.0
3445,test,0,0.044655573333047704
1260,test,0,0.031953732466711175
10755,test,0,0.0012824662797505638
9570,test,0,0.006055652529456361
5093,test,0,0.0
703,test,0,0.0
7343,test,0,0.006055652529456361
9265,test,0,0.001565755102800677
9554,test,0,0.011240558616830765
8251,test,0,0.0
901,test,0,0.0
884,test,0,0.0017556501148279428
7826,test,0,0.005951297260805148
8099,test,0,0.0
1094,test,0,0.023351317878169745
3637,test,0,0.006244977919655505
7069,test,0,0.0
8504,test,0,0.011240558616830765
10770,test,0,0.0
3941,test,0,0.0
1147,test,0,0.02882304874050213
8464,test,0,0.03539598586586065
5305,test,0,0.0035251704144473725
1777,test,0,0.0
2218,test,0,0.005057805588273084
5681,test,0,0.035395986618555135
5422,test,0,0.0
6219,test,0,0.0
6106,test,0,0.0
5102,test,0,0.0
3638,test,0,0.0
1051,test,0,0.0
8478,test,0,0.0
1765,test,0,0.0
3895,test,0,0.011240558616830765
7476,test,0,0.0
1536,test,0,0.0
10013,test,0,0.011240558616830765
4707,test,0,0.006055652529456361
9436,test,0,0.0
4983,test,0,0.0
4694,test,0,0.0
932,test,0,0.00031350019524516983
4763,test,0,0.0
3096,test,0,0.0
895,test,0,0.0
4010,test,0,0.0
9271,test,0,0.0062527062704647056
877,test,0,0.0006269476803710451
3567,test,0,0.004588519567598641
6448,test,0,0.0
7100,test,0,0.0
10193,test,0,0.011240558616830765
4231,test,0,0.0
2285,test,0,0.03539598640349957
2679,test,0,0.0
1738,test,0,0.0
705,test,0,0.005776776780182036
5943,test,0,0.022911593630303605
4161,test,0,0.03539598838631189
5090,test,0,0.0
5068,test,0,0.0
9147,test,0,0.0
9140,test,0,0.0
4820,test,0,0.0
6468,test,0,0.0
1267,test,0,0.0
4601,test,0,0.0
919,test,0,0.0
6688,test,0,0.0
1782,test,0,0.006262341513958157
9758,test,0,0.0
5941,test,0,0.0
6906,test,0,0.0
3440,test,0,0.0
10308,test,0,0.0
9379,test,0,0.015982816440026623
4689,test,0,0.0
8484,test,0,0.007846350356129107
2219,test,0,0.0
10843,test,0,0.0
6936,test,0,0.0
5442,test,0,0.0
8907,test,0,0.0
10825,test,0,0.0
4129,test,0,0.0
4439,test,0,0.0
10157,test,0,0.0029989839442135075
5408,test,0,0.0
6497,test,0,0.0
4883,test,0,0.011240558616830765
1423,test,0,0.011240558616830765
8466,test,0,0.0257830183033438
8100,test,0,0.03539599479066666
303,test,0,0.0
11054,test,0,0.0
6015,test,0,0.03539599344871992
10166,test,0,0.03539643622232422
2833,test,0,0.0
9363,test,0,0.0
4880,test,0,0.005776772522081824
7072,test,0,0.0
10228,test,0,0.0
9276,test,0,0.0
3645,test,0,0.0
922,test,0,0.007553621208035068
5315,test,0,0.03539604720400927
876,test,0,0.011240558616830765
5420,test,0,0.0
2199,test,0,0.0
7593,test,0,0.0
1569,test,0,0.0
1571,test,0,0.0353959931734488
5426,test,0,0.0
7026,test,0,0.0
7123,test,0,0.035395986188444
4598,test,0,0.0
744,test,0,0.011240558616830765
5057,test,0,0.0
7812,test,0,0.0
751,test,0,0.0
4764,test,0,0.0
530,test,0,0.011240558616830765
5088,test,0,0.0
1994,test,0,0.0
1553,test,0,0.0
7392,test,0,0.005057805588273084
1446,test,0,0.03539599408098329
2845,test,0,0.0
6384,test,0,0.001565755102800677
8911,test,0,0.01654455274486887
6093,test,0,0.0
1041,test,0,0.0
488,test,0,0.0
7288,test,0,0.0
6275,test,0,0.011240558616830765
2846,test,0,0.0005076740722581693
7041,test,0,0.0
10159,test,0,0.011240558616830765
6672,test,0,0.0
9574,test,0,0.0
1445,test,0,0.03539598864007746
9524,test,0,0.0
7831,test,0,0.0
9378,test,0,0.01289928979419642
1551,test,0,0.028916543799728245
4121,test,0,0.0
1056,test,0,0.0
6153,test,0,0.00483294449951935
10216,test,0,0.0
9527,test,0,0.0
5313,test,0,0.006590981887719309
4686,test,0,0.0
6632,test,0,0.03539598704866627
4421,test,0,0.0
3059,test,0,0.0
9744,test,0,0.03539598559704119
6195,test,0,0.008681092909890846
1097,test,0,0.02414668141137497
1681,test,0,0.0
6161,test,0,0.0
482,test,0,0.022571010200063232
2759,test,0,0.0
10780,test,0,0.0
2768,test,0,0.051778737069052824
7241,test,0,0.0
7193,test,0,0.05131905756474578
10607,test,0,0.05131905756474578
8256,test,0,0.0
915,test,0,0.014047683990763449
7244,test,0,0.03361647364862327
6212,test,0,0.028940769978137895
6491,test,0,0.03869035646674981
10215,test,0,0.0
4479,test,0,0.0
1156,test,0,0.0
5817,test,0,0.0
1985,test,0,0.0
5443,test,0,0.02386774176164922
1986,test,0,0.0
8468,test,0,0.0
3572,test,0,0.08166937222468834
933,test,0,0.0
3029,test,0,0.0
6523,test,0,0.050529809191810826
4803,test,0,0.01292408378800932
7520,test,0,0.0034233523005403176
1533,test,0,0.0
4782,test,0,0.0
8255,test,0,0.0
2556,test,0,0.042993142714371504
10399,test,0,0.0
10297,test,0,0.0
3921,test,0,0.035395986360488456
8788,test,0,0.0
9563,test,0,0.035395986188444
1154,test,0,0.0
5938,test,0,0.0
5415,test,0,0.03539598704866627
7325,test,0,0.0
3074,test,0,0.005786424617329449
7446,test,0,0.0
2773,test,0,0.004436567818939879
3691,test,0,0.0
9488,test,0,0.0
4407,test,0,0.0037682322755154146
2478,test,0,0.0
9247,test,0,0.011240558616830765
9525,test,0,0.011240558616830765
4244,test,0,0.0
9515,test,0,0.03539603519530645
2586,test,0,0.007441465371269529
941,test,0,0.03539598790888853
7050,test,0,0.005180166695993937
7492,test,0,0.0
6382,test,0,0.0
9520,test,0,0.03545425199299848
8104,test,0,0.005057805588273084
3914,test,0,0.0004433983289202644
7467,test,0,0.0
4109,test,0,0.0
799,test,0,0.0
9345,test,0,0.03539599048955533
380,test,0,0.0
2713,test,0,0.0
10820,test,0,0.01517126945293164
2202,test,0,0.0
1130,test,0,0.0009468363158062676
6338,test,0,0.006055652529456361
2207,test,0,0.0
9390,test,0,0.0
7453,test,0,0.0
5677,test,0,0.011240558616830765
1679,test,0,0.0
523,test,0,0.0
5447,test,0,0.0
8391,test,0,0.0
7816,test,0,0.0
1677,test,0,0.011240558616830765
3095,test,0,0.0
6209,test,0,0.0
8472,test,0,0.004436567818939879
5821,test,0,0.03539599500572222
2878,test,0,0.0
3045,test,0,0.025189058978217625
11055,test,0,0.0452155434105803
9749,test,0,0.0
3753,test,0,0.011240558616830765
5105,test,0,0.03539599393044439
1542,test,0,0.012661050458863395
8482,test,0,0.0
299,test,0,0.03151678019361812
10724,test,0,0.07175605841293514
5066,test,0,0.0
2229,test,0,0.0
8905,test,0,0.036198352739523355
1059,test,0,0.004436567818939879
7181,test,0,0.0
10937,test,0,0.06857858582128291
9581,test,0,0.006247932547650313
9591,test,0,0.0
6528,test,0,0.0
6013,test,0,0.0
6460,test,0,0.0037475125277753062
8812,test,0,0.0
8105,test,0,0.0002731425976786518
2849,test,0,0.0
11042,test,0,0.06566117125856961
6167,test,0,0.006055652529456361
3565,test,0,0.04112277659576822
2551,test,0,0.0
2665,test,0,0.0
6118,test,0,0.011240558616830765
5956,test,0,0.019075376780309388
2834,test,0,0.035395986169089004
6471,test,0,0.016775430425123618
7088,test,0,0.006055652529456361
3764,test,0,0.0
7194,test,0,0.0
745,test,0,0.03539598653253291
2880,test,0,0.03886204102555876
2187,test,0,0.0029989821581770295
1874,test,0,0.011240558616830765
7470,test,0,0.03539598909169415
7813,test,0,0.0
8124,test,0,0.0
4092,test,0,0.03539601832204672
6545,test,0,0.0
7384,test,0,0.03539599118848592
5356,test,0,0.04663740162666295
7449,test,0,0.03539598645726347
6125,test,0,0.011240558616830765
3695,test,0,0.011240558616830765
10341,test,0,0.011240558616830765
5405,test,0,0.03539598958632195
3065,test,0,0.03790531023977817
6509,test,0,0.03539644452777019
1111,test,0,0.0
10829,test,0,0.0
5410,test,0,0.03886203276742502
4776,test,0,0.05256111194736985
7478,test,0,0.0262199559104967
10593,test,0,0.0
8356,test,0,0.0
2192,test,0,0.04056978632220687
4093,test,0,0.03539599307022213
7747,test,0,0.0
7815,test,0,0.0
8629,test,0,0.0
1055,test,0,0.0
8408,test,0,0.0
1687,test,0,0.0035220628615146624
1572,test,0,0.0
4590,test,0,0.025823895563676376
4875,test,0,0.005057805588273084
5951,test,0,0.004436567818939879
6671,test,0,0.0
4532,test,0,0.0005512966512627098
10737,test,0,0.0
4884,test,0,0.007292004090685202
3761,test,0,0.0
8816,test,0,0.0
3759,test,0,0.03539598981858197
9742,test,0,0.007847329704844865
7104,test,0,0.00460424068771288
10404,test,0,0.0
5947,test,0,0.0
3031,test,0,0.004642619570478395
5138,test,0,0.0
7383,test,0,0.005776760328431215
3689,test,0,0.0
10849,test,0,0.0
10235,test,0,0.0
5080,test,0,0.04739889692475042
8745,test,0,0.0
9740,test,0,0.0
3922,test,0,0.035395986188444
4881,test,0,0.0
11013,test,0,0.0
7332,test,0,0.0
7065,test,0,0.0057767601993978755
10298,test,0,0.0
3027,test,0,0.03551171043207071
2286,test,0,0.035395986188444
10168,test,0,0.035395986188444
5940,test,0,0.033949674438941674
5451,test,0,0.061852963274588606
6695,test,0,0.054647876616722275
9556,test,0,0.0
7051,test,0,0.035709484755718536
2196,test,0,0.007435914577663978
6453,test,0,0.0
1774,test,0,0.03539599463582665
5493,test,0,0.036584735295998934
4473,test,0,0.0
8865,test,0,0.03539599113472203
5818,test,0,0.03539598988739975
4232,test,0,0.01498413742548332
7528,test,0,0.0
3925,test,0,0.014067033700274699
6485,test,0,0.02372581332745781
6127,test,0,0.009640478612947019
8114,test,0,0.005057805588273084
5517,test,0,0.04144225875306822
4484,test,0,0.0
9776,test,0,0.06583218058823319
3649,test,0,0.06851977720586284
2477,test,0,0.03605414757123402
2190,test,0,0.05971562796167772
6207,test,0,0.0
3760,test,0,0.0
4525,test,0,0.05483079434113389
8101,test,0,0.06711907947089958
1952,test,0,0.052654537637128074
5303,test,0,0.05264491597654918
6514,test,0,0.0
5510,test,0,0.0
6095,test,0,0.033526057669840764
3369,test,0,0.06203533510490136
2850,test,0,0.000783025170390611
8792,test,0,0.0
9365,test,0,0.0
6494,test,0,0.006055652529456361
2259,test,0,0.05622325031609305
7833,test,0,0.005776765922026495
6337,test,0,0.0
4471,test,0,0.044256285990824144
6501,test,0,0.0
1159,test,0,0.0
1546,test,0,0.0
1421,test,0,0.035395987478777396
58,test,0,0.011240558616830765
9490,test,0,0.0
8636,test,0,0.004123429272122246
10832,test,0,0.004123429272122246
10046,test,0,0.03539599631326006
9148,test,0,0.0
9145,test,0,0.006287880031264523
4102,test,0,0.007292004090685202
4128,test,0,0.056469517116211336
6194,test,0,0.0443186630459174
7750,test,0,0.0
1095,test,0,0.0
9151,test,0,0.004663405361953609
5668,test,0,0.0
10839,test,0,0.0
8682,test,0,0.0
3892,test,0,0.038862094836762555
8660,test,0,0.12432921250596121
10603,test,0,0.12432921250596121
7535,test,0,0.0
2462,test,0,0.05258685295132673
4164,test,0,0.003524310192182263
6444,test,0,0.026472736926754732
7455,test,0,0.005776764263948079
8628,test,0,0.004168634322146488
10150,test,0,0.0057767630768413535
4556,test,0,0.03539598559704119
5505,test,0,0.00743584195393151
2251,test,0,0.008135955653529179
3092,test,0,0.0
8681,test,0,0.007468536547601195
5528,test,0,0.0
2447,test,0,0.016207489635840684
3894,test,0,0.03539598559704119
10609,test,0,0.0
4022,test,0,0.0
6533,test,0,0.034422633006512715
9327,test,0,0.03400861160129198
2468,test,0,0.0
7128,test,0,0.0037475125277753062
3109,test,0,0.0037475125277753062
4418,test,0,0.0
10153,test,0,0.0
4543,test,0,0.0009468363158062676
3064,test,0,0.0
6272,test,0,0.0
10854,test,0,0.001565755102800677
5419,test,0,0.0
3507,test,0,0.0
1683,test,0,0.011240558616830765
2716,test,0,0.0
3362,test,0,0.011240558616830765
7052,test,0,0.011240558616830765
10840,test,0,0.0
7103,test,0,0.0
6217,test,0,0.0
7032,test,0,0.036054257679683954
8495,test,0,0.0
1441,test,0,0.03539602684254825
3919,test,0,0.035395990597083114
7513,test,0,0.0
5676,test,0,0.0054068980733328045
5439,test,0,0.0
7097,test,0,0.007524575106700547
4535,test,0,0.0
4009,test,0,0.0
8462,test,0,0.05136381946360066
2708,test,0,0.0
6210,test,0,0.022911591681609847
1544,test,0,0.0
5999,test,0,0.0
6926,test,0,0.004468219206832414
6681,test,0,0.0037475125277753062
10732,test,0,0.034662788179549625
1729,test,0,0.006055652529456361
4448,test,0,0.011240558616830765
8916,test,0,0.001565755102800677
6350,test,0,0.0
5431,test,0,0.03838042192738886
5104,test,0,0.047825328038168274
4578,test,0,0.0
1885,test,0,0.0
3693,test,0,0.011240558616830765
10148,test,0,0.0004792170772875891
1447,test,0,0.0
6564,test,0,0.007524599147332191
5094,test,0,0.0037475125277753062
480,test,0,0.0
8791,test,0,0.0
9750,test,0,0.035395986231455116
4554,test,0,0.0
4441,test,0,0.0
1561,test,0,0.011240558616830765
4002,test,0,0.02105136478950817
4021,test,0,0.0
4533,test,0,0.00013274763078055963
3062,test,0,0.0
10756,test,0,0.015577010461013254
5939,test,0,0.035395986360488456
2668,test,0,0.013769598652512736
3916,test,0,0.006934254707128228
1744,test,0,0.056163360089296996
10602,test,0,0.0
7523,test,0,0.0
7077,test,0,0.0
3561,test,0,0.022980044395611937
6091,test,0,0.0
6554,test,0,0.0
2475,test,0,0.0
8677,test,0,0.0
6228,test,0,0.09503931902453282
7542,test,0,0.0014027785190600835
6187,test,0,0.0
1754,test,0,0.006244971181964614
1557,test,0,0.0
2670,test,0,0.0
8727,test,0,0.0010983697937704808
6469,test,0,0.0
2946,test,0,0.0
11061,test,0,0.052476607787226376
48,test,0,0.0
3111,test,0,0.04844491142927529
2004,test,0,0.03162741715018126
9387,test,0,0.03539598586586065
6522,test,0,0.0
7821,test,0,0.0
5516,test,0,0.0
2456,test,0,0.0
3373,test,0,0.002625512789267129
7080,test,0,0.0
8619,test,0,0.035395987478777396
7045,test,0,0.035453987835945305
11046,test,0,0.035395986188444
1773,test,0,0.022911646946514
10944,test,0,0.03860997363179637
11010,test,0,0.0
10922,test,0,0.06730655956789885
516,test,0,0.0
2552,test,0,0.03539598659274847
2847,test,0,0.0
9358,test,0,0.0
6474,test,0,0.07438734730110763
2256,test,0,0.0
3036,test,0,0.06739272928390888
10608,test,0,0.07357845229405499
6629,test,0,0.005776770403784496
7090,test,0,0.0
1543,test,0,0.025783044569047855
10476,test,0,0.014818833417233853
479,test,0,0.0
7336,test,0,0.020071392173181483
62,test,0,0.0
2661,test,0,0.002998982535599548
2765,test,0,0.04105227794727315
6198,test,0,0.0
8110,test,0,0.002625512789267129
9583,test,0,0.0547265349483867
3943,test,0,0.02292127568223247
8627,test,0,0.03658473976093959
524,test,0,0.03890673928022238
6223,test,0,0.0
5494,test,0,0.011240558616830765
9326,test,0,0.04308485452910593
3047,test,0,0.0
10746,test,0,0.04975211445480012
6019,test,0,0.11471909274307635
6505,test,0,0.03539599048310366
7245,test,0,0.020433054383739744
7814,test,0,0.06568461101649832
10725,test,0,0.020883481848663052
3576,test,0,0.08966304052471574
4447,test,0,0.011240558616830765
1953,test,0,0.03659441523138317
2760,test,0,0.05899333877915246
909,test,0,0.04105762979409258
7338,test,0,0.051083656495583954
10597,test,0,0.0
4677,test,0,0.0
5674,test,0,0.0
6354,test,0,0.011054145074653951
5069,test,0,0.0
925,test,0,0.06901254530449369
7473,test,0,0.0
2656,test,0,0.0
6461,test,0,0.057463952144348455
3636,test,0,0.037159012041514866
1775,test,0,0.052217784766969345
1989,test,0,0.0
6265,test,0,0.0353959946186222
7530,test,0,0.0
4246,test,0,0.0
6678,test,0,0.006251953851253859
7326,test,0,0.04395333994227608
5321,test,0,0.0
8397,test,0,0.0
9360,test,0,0.0
6519,test,0,0.006244943192482662
6916,test,0,0.019968785521581385
8238,test,0,0.0037475125277753062
4800,test,0,0.0
6480,test,0,0.010657324765139196
5519,test,0,0.049328666658567354
9371,test,0,0.0
1995,test,0,0.05809564597182843
7482,test,0,0.04109222203977663
67,test,0,0.0
1732,test,0,0.02824460768341071
786,test,0,0.0
1747,test,0,0.0
6532,test,0,0.00723184338434837
1760,test,0,0.0
6189,test,0,0.03723799215795645
1272,test,0,0.0
2220,test,0,0.0
10222,test,0,0.06001607059238902
3443,test,0,0.0644321739207026
10208,test,0,0.0010983697937704808
7578,test,0,0.0
2723,test,0,0.0
2081,test,0,0.0
6457,test,0,0.03620978533857267
7486,test,0,0.0
6922,test,0,0.0481063549244631
7484,test,0,0.0004071100334227375
7247,test,0,0.03553102380203001
6170,test,0,0.054777117330164125
8898,test,0,0.0
1826,test,0,0.0
7666,test,0,0.03539598640349957
6199,test,0,0.04609295537064337
8739,test,0,0.005776768134948272
1840,test,0,0.04257630496158107
10316,test,0,0.0
3091,test,0,0.02626828122108479
6529,test,0,0.06655191325913784
9513,test,0,0.011240558616830765
1261,test,0,0.0463592353792501
7663,test,0,0.0
8829,test,0,0.0
7461,test,0,0.011240558616830765
10586,test,0,0.055422868119981886
792,test,0,0.06224961275622262
1053,test,0,0.004380025641245382
802,test,0,0.0
9333,test,0,0.0
3360,test,0,0.09856558971475224
1770,test,0,0.006004980713368865
10778,test,0,0.018170271007679876
3898,test,0,0.03863144919226188
5683,test,0,0.08471014007868899
2758,test,0,0.006255088353154037
2080,test,0,0.007292004090685202
11060,test,0,0.0
6558,test,0,0.017920569042155735
2947,test,0,0.059253204319866394
5304,test,0,0.0
6176,test,0,0.0
10466,test,0,0.0363581395238695
5502,test,0,0.005776765330623688
7320,test,0,0.04196814468040676
307,test,0,0.0
4765,test,0,0.002341431203869839
6481,test,0,0.06620861936582925
5531,test,0,0.0
4547,test,0,0.0
7516,test,0,0.04510162269385434
1548,test,0,0.00465730170495796
880,test,0,0.0
1731,test,0,0.0
50,test,0,0.03539598962933307
7039,test,0,0.005776760410152331
3946,test,0,0.0
1725,test,0,0.0
7089,test,0,0.004573602211351868
6261,test,0,0.0
3097,test,0,0.051818977530489446
910,test,0,0.0
6008,test,0,0.02557217116206848
6218,test,0,0.022921261359445732
8248,test,0,0.0
7575,test,0,0.0
1429,test,0,0.007292004090685202
5520,test,0,0.07596803422827376
7671,test,0,0.0379440167821292
316,test,0,0.0
7353,test,0,0.019822472934292755
3101,test,0,0.0
4111,test,0,0.0
2685,test,0,0.0
5092,test,0,0.004719914395963277
7352,test,0,0.006245053076468349
2933,test,0,0.06838609005377905
5670,test,0,0.0
7515,test,0,0.0
4684,test,0,0.0
2194,test,0,0.0
3509,test,0,0.0
8605,test,0,0.0
4091,test,0,0.0
3069,test,0,0.0
749,test,0,0.0
1884,test,0,0.0
9566,test,0,0.0
2648,test,0,0.0030086516783019127
8120,test,0,0.0
10045,test,0,0.0029989871635953346
2563,test,0,0.00019226207608203326
9259,test,0,0.0
10816,test,0,0.0
7659,test,0,0.0
10409,test,0,0.0
5825,test,0,0.0
7829,test,0,0.0
944,test,0,0.0
3375,test,0,0.011240558616830765
327,test,0,0.011240558616830765
7660,test,0,0.0
2203,test,0,0.011240558616830765
1418,test,0,0.03539602293713917
4235,test,0,0.0
1103,test,0,0.025168599794369167
5444,test,0,0.0002231197172634687
6375,test,0,0.03187462662702208
10211,test,0,0.03539598704866627
10171,test,0,0.0
7519,test,0,0.035395986618555135
9335,test,0,0.0
2394,test,0,0.03711638139747726
5830,test,0,0.0003134743998676338
4103,test,0,0.005057805588273084
10218,test,0,0.0011121742374697989
61,test,0,0.0
6270,test,0,0.03539601715644555
1435,test,0,0.0
4879,test,0,0.0
6637,test,0,0.0030020454160156374
3646,test,0,0.0
8367,test,0,0.035395988016416316
5816,test,0,0.002020573781480234
2641,test,0,0.03539704213277998
2186,test,0,0.03539607251819998
49,test,0,0.011240558616830765
5076,test,0,0.04984585665389374
5317,test,0,0.0
6006,test,0,0.0
2215,test,0,0.011240558616830765
1743,test,0,0.03940348425509019
6449,test,0,0.059853714733008316
2565,test,0,0.011240558616830765
2721,test,0,0.03687805405834605
1539,test,0,0.017397532772831743
879,test,0,0.035396038722217735
3906,test,0,0.011585245066952979
9493,test,0,0.0
2770,test,0,0.0
2935,test,0,0.0
1037,test,0,0.05732061876607164
2558,test,0,0.03539602615221989
6226,test,0,0.016554245090281874
6557,test,0,0.05911325148335819
7479,test,0,0.0
6227,test,0,0.0
4815,test,0,0.0
6101,test,0,0.04027112605269614
10935,test,0,0.022986429702377218
2261,test,0,0.0
4690,test,0,0.07026686282097805
5071,test,0,0.042128567978485715
5414,test,0,0.03618007833557741
6165,test,0,0.0823004811111065
6515,test,0,0.03539602530059985
913,test,0,0.0
6353,test,0,0.0
4816,test,0,0.06992226289110542
4476,test,0,0.0
2649,test,0,0.0
7335,test,0,0.006665139569278728
7536,test,0,0.006665139569278728
8861,test,0,0.007931950365952609
5949,test,0,0.031682417932889555
6162,test,0,0.08252143883794982
6326,test,0,0.03539598667231903
5081,test,0,0.045191758547130936
10398,test,0,0.011240558616830765
11049,test,0,0.04340019201775601
10301,test,0,0.0420724444941137
2756,test,0,0.0
8252,test,0,0.0
9343,test,0,0.05001424285046154
9344,test,0,0.035395986941138484
8458,test,0,0.0
2000,test,0,0.0
6679,test,0,0.00624590865756552
4242,test,0,0.07326310132176991
3078,test,0,0.046616531093261915
4446,test,0,0.0
7242,test,0,0.04877151242760619
1741,test,0,0.0001695538023537565
8732,test,0,0.0
8626,test,0,0.0
1558,test,0,0.0001695538023537565
6510,test,0,0.0
5085,test,0,0.006055652529456361
6473,test,0,0.000501119814544704
704,test,0,0.0
9585,test,0,0.0011121742374697989
11062,test,0,0.0
319,test,0,0.0
7324,test,0,0.00013274763078055963
1750,test,0,0.02885410988478197
11059,test,0,0.0011121742374697989
7749,test,0,0.0
3643,test,0,0.035952446501787444
798,test,0,0.02823494599917948
10718,test,0,0.0
2927,test,0,0.0
4791,test,0,0.04075103134744706
6517,test,0,0.0
7672,test,0,0.0
1990,test,0,0.001126322952254343
914,test,0,0.06537003311352359
7655,test,0,0.03539598713468849
10598,test,0,0.03539598713468849
7127,test,0,0.0
2252,test,0,0.005282663371531391
10822,test,0,0.02625861033972269
5106,test,0,0.0578986623620623
9261,test,0,0.03898429961493306
8240,test,0,0.0566150892466129
9272,test,0,0.0
1767,test,0,0.06943169386742952
10053,test,0,0.0
1087,test,0,0.0
4116,test,0,0.026693586638955498
7121,test,0,0.0
5074,test,0,0.02291161029447556
9262,test,0,0.0
1254,test,0,0.042114703173111674
4482,test,0,0.035721049311345295
4702,test,0,0.0
5320,test,0,0.0
1443,test,0,0.0
6928,test,0,0.02756476590896429
4778,test,0,0.0
10015,test,0,0.0
7836,test,0,0.03539598803577132
6264,test,0,0.03539599234763542
1876,test,0,0.0009079421860073183
7463,test,0,0.035395987478777396
1737,test,0,0.0597079806722841
8358,test,0,0.0
9782,test,0,0.0
6551,test,0,0.0
4539,test,0,0.0
9738,test,0,0.0
5100,test,0,0.001565755102800677
4101,test,0,0.0
2660,test,0,0.0361958485581192
7594,test,0,0.015982765131166383
8280,test,0,0.0
531,test,0,0.0
2657,test,0,0.005548366316418495
2224,test,0,0.006510610835255012
7190,test,0,0.0
2569,test,0,0.0057767629736146815
1828,test,0,0.03223582702171317
2448,test,0,0.0
2941,test,0,0.014338308568570253
11043,test,0,0.050317605949623055
1248,test,0,0.0
6347,test,0,0.0
9133,test,0,0.00809381993314396
1107,test,0,0.05776888619213321
5509,test,0,0.011240558616830765
2678,test,0,0.014050399351621078
9761,test,0,0.00010667118279451864
3098,test,0,0.023101604603572305
7393,test,0,0.0
10844,test,0,0.0
9270,test,0,0.04106680630842742
7250,test,0,0.0
7739,test,0,0.015389745515644213
6911,test,0,0.026249044995804462
7485,test,0,0.0
8793,test,0,0.03539598726372183
1161,test,0,0.037558792073086385
4410,test,0,0.037558792073086385
2582,test,0,0.0
4793,test,0,0.06469695075085317
5349,test,0,0.039895881383634195
3945,test,0,0.0
6483,test,0,0.0
1045,test,0,0.001565755102800677
6344,test,0,0.0
2248,test,0,0.03669583323088252
4693,test,0,0.012924083341037833
6370,test,0,0.0
740,test,0,0.0
4403,test,0,0.00197952982305201
9769,test,0,0.01289928979419642
791,test,0,0.11601267955201942
5306,test,0,0.03539598704866627
9279,test,0,0.0
4696,test,0,0.0
4972,test,0,0.0
5513,test,0,0.04278107004374557
4797,test,0,0.04063578903694494
1115,test,0,0.03324362976987946
1993,test,0,0.06778986004203817
924,test,0,0.053339196719401405
10599,test,0,0.03886421663517086
935,test,0,0.03433808516796238
10589,test,0,0.004102420669765065
5512,test,0,0.006932287159096632
6376,test,0,0.07193734565953198
8269,test,0,0.08020435540070395
10946,test,0,0.03743791596423922
6512,test,0,0.0
8473,test,0,0.0
8389,test,0,0.06206495249555761
6445,test,0,0.0
7534,test,0,0.0
2775,test,0,0.0003759234580053718
6669,test,0,0.000501119814544704
10833,test,0,0.026026930601220664
10241,test,0,0.0
9369,test,0,0.005057805588273084
10012,test,0,0.042993142714371504
6380,test,0,0.0
6683,test,0,0.02409401254544417
382,test,0,0.0
3103,test,0,0.08633449269331202
490,test,0,0.05270929857651978
6023,test,0,0.0029989829893667928
5749,test,0,0.0009702688733987775
2386,test,0,0.0
878,test,0,0.0
8465,test,0,0.0784097323725063
2769,test,0,0.0
6914,test,0,0.05777700598746476
10923,test,0,0.0
6178,test,0,0.0
917,test,0,0.0
3642,test,0,0.08071023968284523
4526,test,0,0.0
2449,test,0,0.03539599290247878
9134,test,0,0.028844414355901418
8394,test,0,0.0002660439734954483
8404,test,0,0.03852529844322447
9386,test,0,0.04927428284528182
7824,test,0,0.0
2258,test,0,0.035395986925009316
2654,test,0,0.03539600379719377
10804,test,0,0.0007518164428520576
6124,test,0,0.0
9777,test,0,0.00624937962967385
6513,test,0,0.0
3937,test,0,0.0
885,test,0,0.03539600454343658
10238,test,0,0.024230170687539684
1112,test,0,0.049372976837921925
304,test,0,0.0
7334,test,0,0.001957198864976664
7592,test,0,0.0
7228,test,0,0.11212566504948723
3367,test,0,0.0
6938,test,0,0.0
3084,test,0,0.0
10753,test,0,0.009945649496938798
1038,test,0,0.05428321371775863
1249,test,0,0.07005454184552244
10807,test,0,0.022042138948055352
3041,test,0,0.0
8813,test,0,0.0
1036,test,0,0.007612787893684676
2772,test,0,0.0
9783,test,0,0.0
3628,test,0,0.07425972864194771
6014,test,0,0.0676663442962214
1092,test,0,0.0676663442962214
6339,test,0,0.001565755102800677
3757,test,0,0.059116722326674115
1998,test,0,0.07000069289478113
5352,test,0,0.05831637473808081
8470,test,0,0.05372927975108174
7490,test,0,0.013351759051043296
2675,test,0,0.08743219981871722
2193,test,0,0.0
10773,test,0,0.06484724652434563
3684,test,0,0.05702285969499085
11058,test,0,0.007212467657468473
7098,test,0,0.055735629150073206
3926,test,0,0.025158782765125978
6452,test,0,0.031456322359352466
6004,test,0,0.04728158840444524
1117,test,0,0.0355246850714473
4808,test,0,0.0
6096,test,0,0.0629481731396493
9389,test,0,0.015268198654376378
5744,test,0,0.1486747901207043
938,test,0,0.1486747901207043
1088,test,0,0.07375021897786609
4542,test,0,0.12450617978020774
8807,test,0,0.005776764608036985
10823,test,0,0.0
8409,test,0,0.0698522880548833
9569,test,0,0.08820985350226496
702,test,0,0.07377815537348063
6214,test,0,0.05767129717303426
5064,test,0,0.0377594961829468
4698,test,0,0.009433690221635323
4105,test,0,0.0
11006,test,0,0.0
10771,test,0,0.035395986360488456
4469,test,0,0.06282740845647004
7351,test,0,0.058537571746783854
8493,test,0,0.035605377463871574
8811,test,0,0.02678633809389324
4821,test,0,0.07317129732891398
4591,test,0,0.0
6506,test,0,0.0
7346,test,0,0.07081138690130767
8245,test,0,0.050376408524390334
3564,test,0,0.0
6670,test,0,0.05829694535603019
9589,test,0,0.0
9139,test,0,0.09530238399695268
9331,test,0,0.0011121742374697989
1757,test,0,0.014208773948124828
430,test,0,0.07578841572704921
9383,test,0,0.06718406967407015
3936,test,0,0.06626951116476588
8279,test,0,0.0
423,test,0,0.028242497530307824
484,test,0,0.021428589013583514
493,test,0,0.06664057136029727
2645,test,0,0.011240558616830765
5492,test,0,0.035395990994935914
5099,test,0,0.12495094403474288
1257,test,0,0.002293008433472567
8239,test,0,0.037437116335096526
7819,test,0,0.007446396748456249
931,test,0,0.07813463675766724
10232,test,0,0.025792668379746544
6465,test,0,0.07215194348356621
3927,test,0,0.07185137833620842
9766,test,0,0.07479206528097634
6117,test,0,0.038862032874952795
6331,test,0,0.07668901468410932
1565,test,0,0.06611431590524475
4581,test,0,0.06611431590524475
1568,test,0,0.013348992491626027
6530,test,0,0.09207076288070447
3644,test,0,0.0018188632723424951
1742,test,0,0.0
11004,test,0,0.0
4123,test,0,0.007222322068304609
5083,test,0,0.015586678643965636
4822,test,0,0.06793547293046912
11014,test,0,0.12342023444585909
4588,test,0,0.12342023444585909
4238,test,0,0.03213132417924679
6105,test,0,0.050765724274501774
7661,test,0,0.004418601691882874
1678,test,0,0.0010845989329250534
2934,test,0,0.016826480810222127
6351,test,0,0.08709688649606119
8460,test,0,0.0598381755392602
4443,test,0,0.0
7283,test,0,0.0
10236,test,0,0.033726326040032006
6335,test,0,0.04763454258173112
1540,test,0,0.007128566607691216
797,test,0,0.026248948572802588
1417,test,0,0.0009468363158062676
6321,test,0,0.0
1728,test,0,0.11608189573361558
789,test,0,0.0018205544824944453
10472,test,0,0.04495202579046806
3574,test,0,0.12931162534812735
4097,test,0,0.12931162534812735
806,test,0,0.061480355821832866
10011,test,0,0.0
8794,test,0,0.035395987478777396
803,test,0,0.05825432163129464
5688,test,0,0.0
8494,test,0,0.051959810287968256
1873,test,0,0.03539598639919846
4786,test,0,0.09703852942549444
894,test,0,0.06364590987386275
10588,test,0,0.0
7588,test,0,0.063243522240242
2227,test,0,0.0006581597634215991
5067,test,0,0.033120451727397596
4806,test,0,0.06652084371095268
10733,test,0,0.0
6667,test,0,0.09620580371340758
2283,test,0,0.0
6202,test,0,0.08731939755286351
9755,test,0,0.0
9568,test,0,0.02623521269575868
930,test,0,0.04486661422854337
10337,test,0,0.0
7538,test,0,0.004139754667874363
6682,test,0,0.09412430944931066
2659,test,0,0.09412430944931066
1050,test,0,0.047842826424261076
8258,test,0,0.09851988329003712
434,test,0,0.0
10591,test,0,0.0
5073,test,0,0.04797039792150463
8270,test,0,0.025158781951839588
8467,test,0,0.11704933077683718
512,test,0,0.11704933077683718
4585,test,0,0.009631945783973006
1251,test,0,0.10103145855471464
6935,test,0,0.06293958985030473
4104,test,0,0.06522292356453013
5089,test,0,0.07700219456741418
4697,test,0,0.0768054252872405
1158,test,0,0.0
8912,test,0,0.043140133938444646
10931,test,0,0.0
1151,test,0,0.10464726988384268
10219,test,0,0.03927072980418134
7445,test,0,0.0
927,test,0,0.07478467458759012
1961,test,0,0.0
6181,test,0,0.006245151253366647
7331,test,0,0.06695601434877269
5062,test,0,0.05146891844351282
6635,test,0,0.12202458425443516
7240,test,0,0.12202458425443516
7237,test,0,0.06475138014697142
928,test,0,0.008074498198308085
10601,test,0,0.0
903,test,0,0.058907654563716286
2762,test,0,0.050613863692204206
4589,test,0,0.0
4809,test,0,0.006459951020953728
6157,test,0,0.05716187697089971
3639,test,0,0.035656677129822095
8867,test,0,0.005057805588273084
8915,test,0,0.0
8909,test,0,0.028625572728867437
10741,test,0,0.024761333016569843
6352,test,0,0.0015632926384503594
5135,test,0,0.0
53,test,0,0.0
4162,test,0,0.0057768113611170934
8276,test,0,0.09536152475035065
2936,test,0,0.020357789440072816
4599,test,0,0.03668112507569379
3026,test,0,0.0
6154,test,0,0.01654455146883667
4759,test,0,0.0
6520,test,0,0.0
1084,test,0,0.04565145843538182
6186,test,0,0.028290132421131105
4770,test,0,0.0
9132,test,0,0.02825602601335062
3055,test,0,0.010698776603902317
10345,test,0,0.00047436187019889896
5059,test,0,0.032068835296517134
7525,test,0,0.005776761780056288
2673,test,0,0.04370840023978288
10147,test,0,0.0
4523,test,0,0.0
764,test,0,0.006590977645726758
4110,test,0,0.08530859871283782
1891,test,0,0.10412180703783375
4004,test,0,0.10412180703783375
10723,test,0,0.0508821305152459
1882,test,0,0.011240558616830765
4239,test,0,0.05503529520580544
3930,test,0,0.0045595462854659706
317,test,0,0.07199700648687608
10940,test,0,0.0
8386,test,0,0.0
1046,test,0,0.051856100505149834
2943,test,0,0.1069981536518506
9330,test,0,0.046534663768113466
3929,test,0,0.03495958005396001
906,test,0,0.045707114048561454
8901,test,0,0.0
3562,test,0,0.014241466308198416
7099,test,0,0.0024607885445769046
3935,test,0,0.07868039915096918
5952,test,0,0.0626676964541266
6909,test,0,0.01630725330093749
8097,test,0,0.03539621600542435
6566,test,0,0.04620045052950449
6487,test,0,0.06832735013256089
10401,test,0,0.0
10765,test,0,0.05238023716914375
7360,test,0,0.0
4592,test,0,0.0
5445,test,0,0.08050333745596278
4796,test,0,0.08154881204464093
2667,test,0,0.072495182595466
2840,test,0,0.00031347394771330566
8275,test,0,0.0
4236,test,0,0.057168666093323384
9149,test,0,0.0
6179,test,0,0.050479094209018575
4874,test,0,0.07587332873680896
5737,test,0,0.013541932071727098
7333,test,0,0.0
4769,test,0,0.06760940314766854
1761,test,0,0.02620117813045587
7540,test,0,0.035396195127829974
1836,test,0,0.019656825772458465
2653,test,0,0.00013274763078055963
6525,test,0,0.08453017326363645
3924,test,0,0.006254693182099335
9154,test,0,0.06785808616290266
4114,test,0,0.03387881681021136
2926,test,0,0.0
6464,test,0,0.05830753176733938
8913,test,0,0.056418840690027214
3083,test,0,0.006247670820725043
2469,test,0,0.07572670917952637
4795,test,0,0.004045771318877244
3629,test,0,0.004372330630821968
1252,test,0,0.0016071310151894423
9260,test,0,0.09618621964608226
5434,test,0,0.11303345686035221
3436,test,0,0.00624496501524625
4555,test,0,0.0
10036,test,0,0.052120794257034676
2720,test,0,0.07290581518193533
9131,test,0,0.0
9361,test,0,0.0055040398765509166
6690,test,0,0.0037475125277753062
9263,test,0,0.014328571589363725
10938,test,0,0.040246108111736616
1105,test,0,0.08365218671709297
11057,test,0,0.07601298363399578
7487,test,0,0.06144015427510817
4451,test,0,0.005776762457481322
4977,test,0,0.00031347868968854207
2705,test,0,0.0
2253,test,0,0.04921525429208234
3085,test,0,0.06197604508451347
9137,test,0,0.12402229888238435
8613,test,0,0.05138285252623974
10592,test,0,0.046126522531117924
6527,test,0,0.026497754833122753
315,test,0,0.031728263465395506
10757,test,0,0.05116903223817104
1270,test,0,0.12583228822884918
421,test,0,0.024454760583707894
2949,test,0,0.06667028343295463
4701,test,0,0.05013175353920191
4785,test,0,0.0
7330,test,0,0.08895721245340471
10850,test,0,0.05052144168570965
10585,test,0,0.0
6442,test,0,0.006245071064522371
10736,test,0,0.0
4829,test,0,0.006833983704111622
8664,test,0,0.03539600683162781
3640,test,0,0.041747527690252695
7743,test,0,0.022940632014358378
10463,test,0,0.05723978856253212
4540,test,0,0.035395986941138484
7827,test,0,0.007847437232628004
8503,test,0,0.07703253733118437
3928,test,0,0.03309884095557675
6455,test,0,0.020071391389422225
9339,test,0,0.053969998496337476
10465,test,0,0.0
8897,test,0,0.06675838795434955
2387,test,0,0.005776763851041391
10317,test,0,0.0
4828,test,0,0.03317864694551087
1734,test,0,0.0750758664035764
9268,test,0,0.06376123427308994
1749,test,0,0.023351286013956387
7728,test,0,0.0
757,test,0,0.025994595023416313
787,test,0,0.07224302966676154
3024,test,0,0.05388094698609792
6169,test,0,0.004599530261913369
8388,test,0,0.04147358556288985
4988,test,0,0.012429307265091514
7182,test,0,0.03902414324060135
1951,test,0,0.0
4766,test,0,0.08364852122498401
9146,test,0,0.05926164791141822
10237,test,0,0.0696927232560325
7094,test,0,0.0425811009228642
7348,test,0,0.04758887718890146
8827,test,0,0.05856691525513845
4527,test,0,0.0
2717,test,0,0.03648793327016717
1132,test,0,0.12464676720880913
1143,test,0,0.12464676720880913
7736,test,0,0.02182467301992476
4445,test,0,0.038236450635520544
4008,test,0,0.058587940777795784
9765,test,0,0.004560176062960524
1265,test,0,0.0
5354,test,0,0.0005617076121841155
4024,test,0,0.041766334767958484
2682,test,0,0.02409003846405808
424,test,0,0.07410479060933313
10220,test,0,0.05383113886391928
300,test,0,0.04508240191295141
2260,test,0,0.10856128009751354
4695,test,0,0.10856128009751354
1101,test,0,0.017084847859076126
5751,test,0,0.04054251939728451
2832,test,0,0.0
486,test,0,0.016544551674795384
929,test,0,0.06288284476458053
7590,test,0,0.06191733716127187
3698,test,0,0.0
8267,test,0,0.07189049585518009
6213,test,0,0.04709370911533492
5096,test,0,0.022909876588758142
2763,test,0,0.02941458133276347
1831,test,0,0.0
6921,test,0,0.056521207654312976
296,test,0,0.0
6185,test,0,0.04306527204160615
5065,test,0,0.08030938108493274
6330,test,0,0.0
7070,test,0,0.006184144910670037
10314,test,0,0.0
1752,test,0,0.03583571308900981
7810,test,0,0.04227794498667716
899,test,0,0.0
9377,test,0,0.0021581279186633565
3633,test,0,0.011073499943767594
6379,test,0,0.03541930742499848
6930,test,0,0.06832327045452231
6561,test,0,0.07403962147209919
2931,test,0,0.0
9138,test,0,0.09528735175974307
10745,test,0,0.04325737080473494
1100,test,0,0.02642172943689971
11053,test,0,0.03091571139833081
6109,test,0,0.07289454111796258
5526,test,0,0.03644900393238191
1886,test,0,0.005776762930603568
2002,test,0,0.03961494769086257
4006,test,0,0.06847415650230565
8505,test,0,0.0
7347,test,0,0.0
6206,test,0,0.07514687620881892
6378,test,0,0.046085844184751555
1127,test,0,0.005786449907864043
10809,test,0,0.007534321609298741
1730,test,0,0.032508503557311774
9737,test,0,0.0
755,test,0,0.0
4593,test,0,0.08333486324932078
10852,test,0,0.03487136165520065
306,test,0,0.0780806283562679
6221,test,0,0.02837558560194035
1109,test,0,0.04146961908815971
309,test,0,0.07470578732415804
4536,test,0,0.07470578732415804
8405,test,0,0.027161773740848924
3654,test,0,0.026219957400025314
481,test,0,0.09478737095594378
7235,test,0,0.07712776585913199
483,test,0,0.0834782787138277
1139,test,0,0.0
1988,test,0,0.039243479339254095
10941,test,0,0.04420295933476391
9391,test,0,0.020583285012052092
10738,test,0,0.12118976246330922
2664,test,0,0.12118976246330922
5673,test,0,0.03886203142332773
10405,test,0,0.006705855471233511
7596,test,0,0.0
4682,test,0,0.0
6151,test,0,0.0
6022,test,0,0.11482231941488957
9781,test,0,0.07365801636123578
2567,test,0,0.08295136261307705
5101,test,0,0.08295136261307705
7073,test,0,0.0
8121,test,0,0.0
6320,test,0,0.04267617920136927
10197,test,0,0.0
1439,test,0,0.0
7195,test,0,0.007168351317588312
4885,test,0,0.0
7388,test,0,0.035395986231455116
7354,test,0,0.0561441589056115
4761,test,0,0.09575545543531697
6003,test,0,0.0
4112,test,0,0.006705855471233511
4982,test,0,0.006705855471233511
3573,test,0,0.08233368059584961
3653,test,0,0.006245115181021238
1835,test,0,0.0
7483,test,0,0.0
7589,test,0,0.08544678919461285
4771,test,0,0.03086712022168429
2389,test,0,0.0
495,test,0,0.0
4974,test,0,0.0
6508,test,0,0.0
8236,test,0,0.0008770718373914576
5437,test,0,0.042842144130549736
6563,test,0,0.035972922264272594
10462,test,0,0.02163989101311597
10845,test,0,0.003248669635622726
1149,test,0,0.050349163795430564
10315,test,0,0.0
4987,test,0,0.0
4683,test,0,0.04378834643223435
7081,test,0,0.0
8906,test,0,0.011282612754174035
9351,test,0,0.0
8272,test,0,0.0
10761,test,0,0.01796920086546542
1992,test,0,0.050480435549427785
9150,test,0,0.0066302815949579605
3038,test,0,0.0661717986601737
9362,test,0,0.05912051124976428
8243,test,0,0.012943438082010617
4029,test,0,0.0262199583143233
10729,test,0,0.025158783839102725
801,test,0,0.05255142521018666
7584,test,0,0.03294050815564069
6336,test,0,0.004637029343120223
7046,test,0,0.035395986941138484
9434,test,0,0.005776761874680738
1106,test,0,0.0790154205560904
3034,test,0,0.005339810080785251
1691,test,0,0.0
2848,test,0,0.0
5955,test,0,0.0
2644,test,0,0.0
3948,test,0,0.07604039206502058
8833,test,0,0.0
1755,test,0,0.0
9778,test,0,0.0
2835,test,0,0.0
8512,test,0,0.006559765918657683
4681,test,0,0.07532093569995221
1104,test,0,0.11328390045769164
1554,test,0,0.023510717750288998
8264,test,0,0.0
425,test,0,0.0
5061,test,0,0.08940472234721665
5435,test,0,0.0
8401,test,0,0.006055652529456361
1160,test,0,0.04162466895484854
5827,test,0,0.03766702768347701
10926,test,0,0.03766702768347701
5750,test,0,0.03936053451382615
3446,test,0,0.0
900,test,0,0.002259694166844387
6536,test,0,0.06496919349265678
3685,test,0,0.005776775618881978
7042,test,0,0.0
6156,test,0,0.01991585055807203
923,test,0,0.00027557266023858464
4811,test,0,0.0
5310,test,0,0.0
7571,test,0,0.0
2771,test,0,0.060927859036891095
9253,test,0,0.021239040922130095
7122,test,0,0.034057778441766696
8406,test,0,0.08159134845729708
1727,test,0,0.029947598375953764
4442,test,0,0.0
10146,test,0,0.0
5348,test,0,0.08336993271849998
5490,test,0,0.046722168934587055
701,test,0,0.05838181053745845
10759,test,0,0.054234296811994535
11048,test,0,0.03862531897256151
891,test,0,0.0426486925287348
2001,test,0,0.03010061743963967
3075,test,0,0.03942529120766404
9246,test,0,0.03539601447685319
6175,test,0,0.0646675042432664
3057,test,0,0.009244375183815358
2089,test,0,0.010216310984166732
2391,test,0,0.0
9518,test,0,0.035395995156261115
6098,test,0,0.02242462231390681
295,test,0,0.11767484198835418
5532,test,0,0.09756786903860663
7517,test,0,0.03539598640349957
4152,test,0,0.012006106424833235
7238,test,0,9.758480165744586e-05
1137,test,0,9.758480165744586e-05
4098,test,0,0.03539598765082185
7585,test,0,0.0
6638,test,0,0.0057767867286525314
7475,test,0,0.0
5679,test,0,0.03668569914651884
7489,test,0,0.004102420669765065
8471,test,0,0.008564242308129993
10309,test,0,0.07707755353496165
9384,test,0,0.004102420669765065
8819,test,0,0.0
10312,test,0,0.01654731064479279
5522,test,0,0.01204867938364837
4706,test,0,0.0719381842221178
8900,test,0,0.08235027851997419
1768,test,0,0.05740425282630474
4020,test,0,0.0
759,test,0,0.11497792095861598
921,test,0,0.005451007113859207
6458,test,0,0.05721795770251435
1089,test,0,0.0
9579,test,0,0.004612480708919769
5347,test,0,0.04468450223968229
4015,test,0,0.08804274993623282
10848,test,0,0.06296392244742371
4444,test,0,0.0
8802,test,0,0.03539598591747399
1753,test,0,0.0
6377,test,0,0.0
2188,test,0,0.0
8480,test,0,0.03808131513348011
1833,test,0,0.020081055089294017
10158,test,0,0.0361958492032859
4108,test,0,0.004596605013498187
10815,test,0,0.0
3688,test,0,0.010196862716141081
7731,test,0,0.0010111675087600082
3368,test,0,0.0
2937,test,0,0.0037475125277753062
4402,test,0,0.0
6531,test,0,0.0
3067,test,0,0.03539598640349957
7025,test,0,0.0014027785190600835
6694,test,0,0.0
1739,test,0,0.004623220749157968
10749,test,0,0.04825181075122686
8508,test,0,0.0041655706262162286
8683,test,0,0.0
3909,test,0,0.0009468363158062676
5820,test,0,0.005776767339242676
3947,test,0,0.004102420669765065
2868,test,0,0.06945248704648885
7732,test,0,0.0
10595,test,0,0.0
9762,test,0,0.0
10224,test,0,0.07501477872624365
8103,test,0,0.04934265172793106
4436,test,0,0.0
8670,test,0,0.058107198891805364
4790,test,0,0.07198860745257821
4819,test,0,0.08525831054682113
2652,test,0,0.007292004090685202
3950,test,0,0.0
8825,test,0,0.03311810344992675
7835,test,0,0.0
8403,test,0,0.02681363071503673
3650,test,0,0.061761941867822995
7029,test,0,0.03539598901427415
3908,test,0,0.11497715942260942
6097,test,0,0.0
10744,test,0,0.018697391231930774
2932,test,0,0.045689191714119476
3070,test,0,0.016010664086051937
2650,test,0,0.10550982147477553
6685,test,0,0.0008571402661653869
9382,test,0,0.0
6919,test,0,0.0
1442,test,0,0.005776761339192377
7548,test,0,0.05109152623550124
10846,test,0,0.0
3035,test,0,0.0
2577,test,0,0.012336900263680685
9258,test,0,0.0046285655766302
7184,test,0,0.03860823077973562
10803,test,0,0.004573043066879546
10842,test,0,0.003651923431726072
3901,test,0,0.003651923431726072
10838,test,0,0.08526963210923724
8795,test,0,0.0
4016,test,0,0.0
2839,test,0,0.11181656783669866
9277,test,0,0.07945854224967079
2578,test,0,0.037602309938486865
7822,test,0,0.005776783003890124
6543,test,0,0.03620111398901299
2672,test,0,0.006247222371804351
1049,test,0,0.0741614217399231
10943,test,0,0.0
2707,test,0,0.07820784766936423
8622,test,0,0.03539598704866627
8363,test,0,0.005057805588273084
7188,test,0,0.05906387285533558
2249,test,0,0.0035115399632680657
3094,test,0,0.04662566746323071
5082,test,0,0.0
5058,test,0,0.00468343452216116
1772,test,0,0.004667783253622511
9388,test,0,0.02126987283965019
5137,test,0,0.06521085678697215
7730,test,0,0.07263695996184444
2472,test,0,0.010191472535896601
3444,test,0,0.08832793749095673
2677,test,0,0.059262458258352003
2580,test,0,0.0
8123,test,0,0.023014154479151977
7572,test,0,0.0
5525,test,0,0.0
1839,test,0,0.0
9364,test,0,0.030071417176565456
2841,test,0,0.0
5743,test,0,0.008681092909890846
5937,test,0,0.0
7591,test,0,0.040840630901684945
756,test,0,0.12744061330001843
1125,test,0,0.0
889,test,0,0.0
6345,test,0,0.022060178898315876
6537,test,0,0.0
2651,test,0,0.026211803580094305
1966,test,0,0.03589118999946393
7669,test,0,0.008140262538064416
754,test,0,0.02952652880034256
7357,test,0,0.004656956134963848
1954,test,0,0.005776763124153577
7340,test,0,0.026219976996587444
7587,test,0,0.0003057538127658173
6666,test,0,0.00460201436400633
1153,test,0,0.006702887833226559
6503,test,0,0.005776759939180641
4678,test,0,0.0
7481,test,0,0.007524580530186873
6383,test,0,0.06644444682896693
9772,test,0,0.020071392357957227
1124,test,0,0.0
1035,test,0,0.0037475125277753062
432,test,0,0.04417131520387571
5529,test,0,0.035396002474602034
10835,test,0,0.0
10300,test,0,0.03539871785538457
5954,test,0,0.03328234450232166
5499,test,0,0.003992152533907837
8902,test,0,0.0
3066,test,0,0.0006871399847614668
7832,test,0,0.0
5496,test,0,0.0
2464,test,0,0.0
6499,test,0,0.0
7028,test,0,0.0
2473,test,0,0.0007518039266181003
8260,test,0,0.006077777667362124
11005,test,0,0.006077777667362124
788,test,0,0.0047241876856307305
4415,test,0,0.0
8107,test,0,0.0
795,test,0,0.11374185448023727
7386,test,0,0.0
11011,test,0,0.0
3106,test,0,0.0
10170,test,0,0.0
5129,test,0,0.0
4475,test,0,0.0007909093952942029
10999,test,0,0.0
308,test,0,0.10609484045147415
712,test,0,0.10609484045147415
6200,test,0,0.00012681986649663805
1140,test,0,0.00012681986649663805
7741,test,0,0.0037475125277753062
3888,test,0,0.0
9433,test,0,0.0
7071,test,0,0.00037590593108424795
1448,test,0,0.0009468363158062676
2564,test,0,0.0
10772,test,0,0.0
3365,test,0,0.0
6017,test,0,0.0
9528,test,0,0.0
2211,test,0,0.0
893,test,0,0.0
5457,test,0,0.0030376419707814845
6466,test,0,0.005023983962696192
10200,test,0,0.005023983962696192
6266,test,0,0.0
1128,test,0,0.018631721125517208
4691,test,0,0.018631721125517208
10043,test,0,0.002998982195811754
6160,test,0,0.0
8257,test,0,0.0003142179888927831
10478,test,0,0.001565755102800677
805,test,0,0.0
8479,test,0,0.003417887792045834
1048,test,0,0.0
426,test,0,0.0
3017,test,0,0.0
4775,test,0,0.0005648184604561493
8801,test,0,0.0008009914773273078
6907,test,0,0.0
7047,test,0,0.0
7658,test,0,0.0057081201421194236
10214,test,0,0.0
8487,test,0,0.0
8355,test,0,0.022436623589053576
5427,test,0,0.022436623589053576
384,test,0,0.0
4094,test,0,0.0
381,test,0,0.0010983697937704808
7389,test,0,0.0
8244,test,0,0.01707514359351414
9512,test,0,0.01707514359351414
1889,test,0,0.0
5828,test,0,0.0
4027,test,0,0.0
2088,test,0,0.011240558616830765
2078,test,0,0.0
7186,test,0,0.0
7189,test,0,0.011240558616830765
902,test,0,0.0013760202755890305
5819,test,0,0.013368328259805351
5507,test,0,0.011240558616830765
11003,test,0,0.0
10005,test,0,0.0
4553,test,0,0.0
513,test,0,0.0
1887,test,0,0.002020573781480234
8864,test,0,0.0
9571,test,0,0.0
6348,test,0,0.0011785480528600787
8854,test,0,0.03539601558653991
10764,test,0,0.0
767,test,0,0.03628870000468995
2003,test,0,0.09136758230741554
1547,test,0,0.006661814233233917
10826,test,0,0.04532936758172254
2451,test,0,0.035395992274516536
5070,test,0,0.03253698957844725
796,test,0,0.01600232406677569
3447,test,0,0.09731460141966532
4107,test,0,0.08768754901072578
5515,test,0,0.03539598851104412
6355,test,0,0.015268198654376378
2704,test,0,0.03539602732642328
8398,test,0,0.0
6099,test,0,0.053412997204065484
1268,test,0,0.03539598826373022
7290,test,0,0.0
9249,test,0,0.0014027785190600835
8673,test,0,0.0353959887691108
4011,test,0,0.0
4779,test,0,0.004083271509443322
520,test,0,0.035395990878805905
5430,test,0,0.0353959863776929
6196,test,0,0.050020684229152075
1991,test,0,0.0
6459,test,0,0.07889125527161518
1456,test,0,0.03539598641855346
3651,test,0,0.05324354279568892
7828,test,0,0.008972732618391429
9485,test,0,0.035395988941155254
1735,test,0,0.0
6500,test,0,0.005057805588273084
4979,test,0,0.035396026618890464
10817,test,0,0.036417929635644046
9328,test,0,0.0764894937049288
2470,test,0,0.03539598684221293
8746,test,0,0.036179812419369704
1890,test,0,0.03539600802088509
9745,test,0,0.005809605305178474
1042,test,0,0.0
8809,test,0,0.03539598962933307
302,test,0,0.035591627630005125
8658,test,0,0.0
9551,test,0,0.035395988569109124
5671,test,0,0.03539601903173009
8869,test,0,0.0
6322,test,0,0.00016069774472913658
9347,test,0,0.0
6470,test,0,0.0
7230,test,0,0.03539598835620411
3366,test,0,0.03539598667231903
2200,test,0,0.035396135475717
6324,test,0,0.0738698361667304
8858,test,0,0.0022187113778744604
1762,test,0,0.012302637194050938
8475,test,0,0.026219956324263608
2467,test,0,0.004155489745536784
5824,test,0,0.0
322,test,0,0.0
5132,test,0,0.005654307686053991
8621,test,0,0.0028408032067015762
8108,test,0,0.035395986618555135
7521,test,0,0.005291032228896642
8606,test,0,0.03194323017425388
1162,test,0,0.03194323017425388
3370,test,0,0.0
4422,test,0,0.0036141630104939764
6349,test,0,0.0
3114,test,0,0.03539600640366723
1877,test,0,0.035395992209999866
9780,test,0,0.06938359656907961
9746,test,0,0.005314195907649321
809,test,0,0.0011575394388902
5536,test,0,0.04042688134978231
9514,test,0,0.0
4973,test,0,0.0
4398,test,0,0.0
10768,test,0,0.08217074248649586
2925,test,0,0.0664289691418786
10037,test,0,0.08948738899201308
10722,test,0,0.08948738899201308
10306,test,0,0.04699315608105728
10155,test,0,0.011240558616830765
3374,test,0,0.011240558616830765
9143,test,0,0.05863647590454984
5448,test,0,0.0
1085,test,0,0.0
9564,test,0,0.03711638659106919
6340,test,0,0.03253701974754962
6112,test,0,0.0
2212,test,0,0.0
7344,test,0,0.08887540803115203
9588,test,0,0.015003373594548126
881,test,0,0.05265490601589353
3082,test,0,0.05265490601589353
10234,test,0,0.04417176592064406
6565,test,0,0.06310257873616125
1745,test,0,0.0
9266,test,0,0.08360601494098444
3113,test,0,0.0576943192121458
9375,test,0,0.011541736462903247
8617,test,0,0.0057767640058814
3563,test,0,0.10314521426946324
6002,test,0,0.0
6937,test,0,0.04578324224992335
9486,test,0,0.0014118447737505044
2553,test,0,0.0003233134101230504
4400,test,0,0.0
4468,test,0,0.0
6492,test,0,0.0
10841,test,0,0.0003652314719370373
6089,test,0,0.10905047443848553
2581,test,0,0.10905047443848553
6920,test,0,0.0
2561,test,0,0.011240558616830765
6325,test,0,0.0
1875,test,0,0.03539600167244478
2191,test,0,0.00028750535416990897
10205,test,0,0.0045858773388584165
3042,test,0,0.06313508434643438
8273,test,0,0.08154309622321206
3631,test,0,0.08163277483982927
6934,test,0,0.03688119373482664
4826,test,0,0.045400457944671464
7580,test,0,0.0
898,test,0,0.08216159687356343
6915,test,0,0.008960576340373685
3912,test,0,0.002625512789267129
301,test,0,0.04670788354320449
8098,test,0,0.00013274763078055963
4014,test,0,0.04777653913851304
1253,test,0,0.010561736070225432
8832,test,0,0.04619934068071582
10240,test,0,0.0
6211,test,0,0.0
10009,test,0,0.0
6495,test,0,0.0
8736,test,0,0.0
10853,test,0,0.0
5440,test,0,0.025783291028425786
1040,test,0,0.0
525,test,0,0.0
8241,test,0,0.07317312717319921
2714,test,0,0.0
3566,test,0,0.0
3054,test,0,0.0
3053,test,0,0.015171284280496803
9573,test,0,0.047586158673469
8368,test,0,0.0
10239,test,0,0.0011121742374697989
8680,test,0,0.0
3933,test,0,0.05035271124105809
6329,test,0,0.0016374284054956616
9336,test,0,0.031579133762514505
5350,test,0,0.026784489365129536
4975,test,0,0.00568479567189582
1129,test,0,0.0
10933,test,0,0.04450599484536302
9374,test,0,0.021717495487650052
1783,test,0,0.0
7124,test,0,0.002998981599032557
9770,test,0,0.014984001655570952
2074,test,0,0.011240558616830765
373,test,0,0.004167960591512535
7078,test,0,0.06827682105312832
1723,test,0,0.0
4813,test,0,0.06251104395936354
8614,test,0,0.0010326999857946763
4802,test,0,0.037101652106968835
4890,test,0,0.037101652106968835
6193,test,0,0.022444199451496658
5739,test,0,0.0
4580,test,0,0.06810424098032838
1960,test,0,0.0012236423516488672
9771,test,0,0.0
6094,test,1,0.0
1778,test,0,0.0
4787,test,0,0.05837380180207869
10818,test,0,0.05771694525016448
3749,test,0,0.0
2757,test,0,0.029425537659169665
8507,test,0,0.0
8496,test,0,0.0
807,test,0,0.03539598997342197
7345,test,0,0.09168868081215859
7546,test,0,0.011240558616830765
6538,test,0,0.06297931415087825
7284,test,0,0.0
1999,test,0,0.001565755102800677
4544,test,0,0.011240558616830765
9255,test,0,0.0
1451,test,0,0.0
2083,test,0,0.0009468363158062676
10461,test,0,0.029835852682892437
11009,test,0,0.029835852682892437
3949,test,0,0.0
10049,test,0,0.0
4768,test,0,0.10827897245927848
8821,test,0,0.001565755102800677
5458,test,0,0.0
10726,test,0,0.0018075162585014246
2837,test,0,0.0018075162585014246
1764,test,0,0.051269744016886984
1118,test,0,0.0
11056,test,0,0.06647703575104533
6484,test,0,0.056182218802080804
10779,test,0,0.03522497894527921
5953,test,0,0.05876024729045817
6553,test,0,0.0
4125,test,0,0.0
9337,test,0,0.0033060277730455976
6560,test,0,0.0006134511742262931
485,test,0,0.0
10763,test,0,0.060078346055664436
7474,test,0,0.07741878399194127
9393,test,0,0.0
3020,test,0,0.0
3751,test,0,0.039676337105944696
5958,test,0,0.03288629639103634
4113,test,0,0.06357690444249697
4237,test,0,0.009369551476863278
4597,test,0,0.08062659769625433
1771,test,0,0.022529180917034188
3110,test,0,0.06882103719886715
9757,test,0,0.025014239780208194
5514,test,0,0.01708485718024029
6905,test,0,0.07457340905766745
6673,test,0,0.10420743888276483
10396,test,0,0.0006893761960785089
10728,test,0,0.0
4801,test,0,0.0072135400068021925
3503,test,0,0.0
1098,test,0,0.0372213709527141
940,test,0,0.0
5056,test,0,0.08201703537750042
8826,test,0,0.06509676318055185
2851,test,0,0.0004695291048574805
785,test,0,0.0365163491968932
1091,test,0,0.06182145167073034
1150,test,0,0.11640648997605048
1164,test,0,0.0
11008,test,0,0.0
4676,test,0,0.07849656135145491
8263,test,0,0.07330262756748515
3033,test,0,0.09432559922442066
10600,test,0,0.026463356961034714
10719,test,0,0.0
2842,test,0,0.0
1963,test,0,0.0
5060,test,0,0.0
10162,test,0,0.0377674053191915
6346,test,0,0.0
11050,test,0,0.09582657128056812
6555,test,0,0.07881301932575853
7337,test,0,0.12357807292561684
1829,test,0,0.07916818794165185
7820,test,0,0.004600364604708976
3099,test,0,0.004600364604708976
1266,test,0,0.09751137449416443
7327,test,0,0.03244611864694836
1834,test,0,0.10112362472286339
2465,test,0,0.03617975463393905
10734,test,0,0.044889612191111455
8823,test,0,0.07962462632026514
10594,test,0,0.04903250702664174
10782,test,0,0.0
9380,test,0,0.06384344124893791
2766,test,0,0.0
6486,test,0,0.0
3944,test,0,0.06933067928383206
1827,test,0,0.07009942191471649
8637,test,0,0.0
8903,test,0,0.07131873163144305
6477,test,0,0.037096541740564634
1269,test,0,0.06065490479009317
489,test,0,0.0
1263,test,0,0.0
5351,test,0,0.045857215386921786
2872,test,0,0.03711639725782527
8247,test,0,0.02345145940536584
6511,test,0,0.03539605940411154
6539,test,0,0.03541112388186693
700,test,0,0.0
9593,test,0,0.0
4404,test,0,0.0027324205111466824
10762,test,0,0.046554484483777525
945,test,0,0.03608629039542042
6222,test,0,0.08521862390688496
3441,test,0,0.03968438328073853
2663,test,0,0.035396003035897065
10145,test,0,0.03540904452443358
431,test,0,0.0
6205,test,0,0.00013274763078055963
918,test,0,0.004510391743612197
5672,test,0,0.0
10242,test,0,0.05962774084997196
7581,test,0,0.0548837833373726
1157,test,0,0.04036231792068828
7035,test,0,0.0006839418077931266
9575,test,0,0.061039159932487846
8490,test,0,0.0
6000,test,0,0.005057805588273084
4120,test,0,0.05348659398587671
1121,test,0,0.0075245746525892145
5736,test,0,0.0684430447605693
8266,test,0,0.001565755102800677
1428,test,0,0.01910234789206063
4704,test,0,0.01910234789206063
10769,test,0,0.06431383237194686
4818,test,0,0.004436567818939879
6158,test,0,0.0
1152,test,0,0.05190312205374863
2075,test,0,0.005776763231681361
6150,test,0,0.0
314,test,0,0.0
6446,test,0,0.0
4679,test,0,0.0
8390,test,0,0.0
7318,test,0,0.03313967660220564
1537,test,0,0.0
4018,test,0,0.0
8262,test,0,0.05522354282938214
7102,test,0,0.0021581279186633565
3049,test,0,0.007524590427818233
1264,test,0,0.07104471135565388
2666,test,0,0.0484201793953201
10475,test,0,0.008960310209927628
2938,test,0,0.013567756945024862
6490,test,0,0.015992508206639073
3918,test,0,0.0
1126,test,0,0.0
4783,test,0,0.02579269965769692
8830,test,0,0.006245016287719085
6535,test,0,0.025823948813918477
4700,test,0,0.015982850382622996
9264,test,0,0.004102420669765065
1845,test,0,0.07956326014075964
9275,test,0,0.049404395647962014
6904,test,0,0.040952624042241544
2455,test,0,0.0
9155,test,0,0.005454774515271436
4788,test,0,0.0696003612208984
9267,test,0,0.014487362279588396
4794,test,0,0.0
6192,test,0,0.015626476187749337
10165,test,0,0.003797312695632258
6548,test,0,0.0287223519296899
7187,test,0,0.011240558616830765
8246,test,0,0.014984005685884308
10836,test,0,0.07580136286111129
6201,test,0,0.042371811395820545
8489,test,0,0.0
5518,test,0,0.0006632868773297502
8679,test,0,0.004615354634188246
10766,test,0,0.003953098614638501
323,test,0,0.003953098614638501
1751,test,0,0.02581421991867219
6104,test,0,0.014328576757686621
5079,test,0,0.006249941156961845
9768,test,0,0.0692141266645549
1271,test,0,0.0353959858443551
6552,test,0,0.0
3632,test,0,0.0189720751333921
4692,test,0,0.048844617529503975
6182,test,0,0.025783008032526516
9352,test,0,0.006055652529456361
4474,test,0,0.0
522,test,0,0.002502831636122896
4798,test,0,0.057418972378826046
1148,test,0,0.036576356057311195
4247,test,0,0.08929458453011743
7573,test,0,0.008065064900163477
6534,test,0,0.06033627966811318
793,test,0,0.0425272298267683
10740,test,0,0.08575319530831399
6692,test,0,0.0
4124,test,0,0.09001059933704517
7132,test,0,0.03563406233685928
7356,test,0,0.03563406233685928
3100,test,0,0.06968481419236053
7748,test,0,0.05772900548284099
7087,test,0,0.005308777217822897
10217,test,0,0.07066986058531238
10831,test,0,0.10875884404868899
1997,test,0,0.051592893203745854
5345,test,0,0.03539599070461089
5353,test,0,0.03369543745249981
5740,test,0,0.05002150275884031
7342,test,0,0.0685652298350991
1996,test,0,0.0
56,test,0,0.0
6341,test,0,0.019404616954403743
5950,test,0,0.0
10346,test,0,0.0
427,test,0,0.08246628329914257
4406,test,0,0.0
5077,test,0,0.11170572882220305
4472,test,0,0.0
7079,test,0,0.06406998275838123
330,test,0,0.004223612251804756
6204,test,0,0.0
6188,test,0,0.07056247782384822
9584,test,0,0.0
2929,test,0,0.05442436776281159
6333,test,0,0.011145050983220257
7583,test,0,0.0002350703577177323
3093,test,0,0.02884446419883539
3686,test,0,0.0
8253,test,0,0.0
9496,test,0,0.0
4233,test,0,0.07439616833154199
1250,test,0,0.08200078330095466
6381,test,0,0.0
3112,test,0,0.09606686738740935
5357,test,0,0.02349839248167499
487,test,0,0.09111719148385804
5521,test,0,0.04390111480360819
911,test,0,0.0
10942,test,0,0.00025063133021973363
1541,test,0,0.034714838931245884
9153,test,0,0.042128400976687866
1847,test,0,0.06940445204626373
8396,test,0,0.0
905,test,0,0.0
3570,test,0,0.05926537738821892
5746,test,0,0.055885209226649066
6939,test,0,0.10425234362725626
10927,test,0,0.02666985587740712
10473,test,0,0.0860977972863168
1758,test,0,0.026219955508256766
8249,test,0,0.07685427901759066
2471,test,0,0.07685427901759066
8477,test,0,0.004621955190320862
10477,test,0,0.060768463756957054
2466,test,0,0.0
1682,test,0,0.006934254707128228
9348,test,0,0.0496936673701919
1534,test,0,0.0
429,test,0,0.035395988016416316
8491,test,0,0.03771213485516253
5429,test,0,0.008055162878842198
3039,test,0,0.04005052932671196
7735,test,0,0.0
8393,test,0,0.03676123602779501
7811,test,0,0.04942145321730913
3560,test,0,0.04942145321730913
9586,test,0,0.06572635986814412
7095,test,0,0.06231302897130378
8862,test,0,0.0
9429,test,0,0.0705273920367087
4577,test,0,0.0705273920367087
7537,test,0,0.0
3438,test,0,0.07284244532149038
1145,test,0,0.05048759528768085
8798,test,0,0.03539598672393236
4804,test,0,0.04458737835821707
7239,test,0,0.03539599048955533
9329,test,0,0.000318335425843814
10739,test,0,0.055200495222763005
9760,test,0,0.03859462766420269
1052,test,0,0.0
4784,test,0,0.03200918554814508
6684,test,0,0.011506099854745013
9359,test,0,0.011506099854745013
4122,test,0,0.08979152365860567
2761,test,0,0.07665970096057356
7350,test,0,0.0721803815267511
10206,test,0,0.0010111502991533726
1044,test,0,0.00010667118279451864
385,test,0,0.0
2397,test,0,0.0
3028,test,0,0.02152919144649033
1086,test,0,0.07842795866638888
4529,test,0,0.0
1057,test,0,0.07307951738079264
8790,test,0,0.011240558616830765
9759,test,0,0.025783009647550804
8817,test,0,0.0
2843,test,0,0.0
4602,test,0,0.014453416736528486
3630,test,0,0.04631122255039344
10460,test,0,0.04800204387734293
9392,test,0,0.06773145542678882
6451,test,0,0.1099407666186781
9494,test,0,0.00047425059258472273
8815,test,0,0.06196975326573263
1550,test,0,0.036814343229457945
4762,test,0,0.04761091919346408
8486,test,0,0.0
7733,test,0,0.025828663681603647
6103,test,0,0.07229453710355997
8678,test,0,0.0
6518,test,0,0.0
7248,test,0,0.0
800,test,0,0.10668145980699377
4245,test,0,0.030767641826278874
6342,test,0,0.03500189627295461
6668,test,0,0.08459343663946003
5680,test,0,0.011240558616830765
3889,test,0,0.07248341586291443
4699,test,0,0.07248341586291443
8122,test,0,0.035396317700900536
3080,test,0,0.0
2658,test,0,0.005776760651014565
10302,test,0,0.03783276049036259
5745,test,0,0.08921390009343277
6542,test,0,0.0
10721,test,0,0.06834542547738774
7359,test,0,0.06618627622325152
6476,test,0,0.055872189986079825
7361,test,0,0.022504111817876756
937,test,0,0.0022628087308012726
5944,test,0,0.0
8365,test,0,0.0
10231,test,0,0.0
6090,test,0,0.055199472768226995
9775,test,0,0.0
1766,test,0,0.04444236790038242
7129,test,0,0.0
741,test,0,0.0
907,test,0,0.0
7471,test,0,0.0
418,test,0,0.0
10806,test,0,0.0
1746,test,0,0.03923629830306194
8904,test,0,0.0002978102708476331
4552,test,0,0.03949245883801595
5086,test,0,0.0
4480,test,0,0.04633361766322803
6111,test,0,0.0
3087,test,0,0.039603329570693444
9582,test,0,0.05887344494433661
1449,test,0,0.0
3765,test,0,0.03570946959322584
9135,test,0,0.03519276464984344
10939,test,0,0.03939976698305103
2942,test,0,0.0037475125277753062
5355,test,0,0.0541195068180153
1780,test,0,0.04754598274310022
8831,test,0,0.0
6569,test,0,0.09315468366585405
1538,test,0,0.0
9152,test,0,0.0
3044,test,0,0.0
6183,test,0,0.06473008944184094
2669,test,0,0.0860689360665753
4007,test,0,0.04670095080149313
11007,test,0,0.001565755102800677
5302,test,0,0.0
7579,test,0,0.034868213899676745
1545,test,0,0.04439150681405354
8277,test,0,0.029946458573047452
9773,test,0,0.0867864045536067
6166,test,0,0.0736844238987643
5945,test,0,0.04082654061850374
1099,test,0,0.10317597632248632
7291,test,0,0.0
5063,test,0,0.0
9442,test,0,0.046821991418794395
10474,test,0,0.0009702715615933561
6374,test,0,0.07385508888310187
6108,test,0,0.037804690163164296
10750,test,0,0.07638498594049287
419,test,0,0.0968071617495459
7319,test,0,0.05822279980105603
3923,test,0,0.0
1047,test,0,0.0
4030,test,0,0.03535841523588923
10742,test,0,0.07188759774349586
6689,test,0,0.05467457489675828
4810,test,0,0.01599244062959945
9438,test,0,0.03886203115450827
2680,test,0,0.0803611174520091
5438,test,0,0.09848327793783944
8917,test,0,0.07908884503166021
1116,test,0,0.08045676449569156
10936,test,0,0.03731557028428352
2882,test,0,0.03539598839276356
3076,test,0,0.0
8242,test,0,0.03539600716066283
3046,test,0,0.00040710999041162414
7539,test,0,0.0010014817047351745
3634,test,0,0.0
6912,test,0,0.08413400642150676
808,test,0,0.044115078622824676
6674,test,0,0.058363428030428884
10767,test,0,0.0
5072,test,0,0.05926065851142451
7038,test,0,0.0
3019,test,0,0.01557701892628852
7738,test,0,0.0
8728,test,0,0.0
7328,test,0,0.060648078455519464
1685,test,0,0.060648078455519464
1255,test,0,0.062023408274347554
9437,test,0,0.0
10310,test,0,0.028750773776197322
4025,test,0,0.008049651560799854
7744,test,0,0.047013173615724574
6208,test,0,0.07042822706462196
1054,test,0,0.02801212744030672
6634,test,0,0.0
3641,test,0,0.06866605699361716
7524,test,0,0.0
4550,test,0,0.005057805588273084
6923,test,0,0.008619701126751778
5957,test,0,0.0734454788115547
7737,test,0,0.03070520079247722
3102,test,0,0.0
1841,test,0,0.049040267083437894
377,test,0,0.03539598814544966
4827,test,0,0.03539598814544966
10199,test,0,0.0
8737,test,0,0.04060955224246886
4760,test,0,0.022295615553464133
10851,test,0,0.04414933757472767
3068,test,0,0.04414933757472767
6152,test,0,0.054358310514077565
6472,test,0,0.05763677416161878
11052,test,0,0.05715879233067986
1844,test,0,0.0005371861834233058
9338,test,0,0.053874782039542504
10781,test,0,0.0
1779,test,0,0.07042699225271487
9144,test,0,0.0802224227908043
10052,test,0,0.002020573781480234
2945,test,0,0.08070703351540288
7742,test,0,0.03539599317129824
9141,test,0,0.054036241209388214
2681,test,0,0.03660483056617811
6274,test,0,0.035396003564933755
7082,test,0,0.0570158123225613
7358,test,0,0.0
6184,test,0,0.07982341239467505
6102,test,0,0.03921194871570089
6479,test,0,0.06806333978229517
10303,test,0,0.0
9767,test,0,0.0003759114150011881
4600,test,0,0.054587872834203625
10227,test,0,0.12063222552394934
7034,test,0,0.0
1163,test,0,0.06797192078963193
10459,test,0,0.0
8870,test,0,0.00040711378130361877
9136,test,0,0.0031161849102010163
10932,test,0,0.06955060197345961
1776,test,0,0.06369589570462954
6225,test,0,0.10408408892026856
10811,test,0,0.04853854157702097
4130,test,0,0.025168482242566514
4453,test,0,0.0
6925,test,0,0.027097388903161525
6693,test,0,0.0679609058335792
7746,test,0,0.040237373411394675
6107,test,0,0.08911191208916036
8899,test,0,0.05060871342017936
297,test,0,0.0368995996715231
10313,test,0,0.0
4126,test,0,0.00807449094803225
6686,test,0,0.042951776417532415
6462,test,0,0.032279796477211846
8624,test,0,0.032279796477211846
1419,test,0,0.03539598726372183
310,test,0,0.016011936320614054
7468,test,0,0.0
8796,test,0,0.00013274763078055963
3056,test,0,0.04426542307725056
6191,test,0,0.0
1556,test,0,0.06041086946051517
2390,test,0,0.0
10752,test,0,0.027039654011066956
1987,test,0,0.06268038397758603
4814,test,0,0.05074223006610581
11047,test,0,0.0
1532,test,0,0.020979859219468943
7570,test,0,0.03649111401920934
5097,test,0,0.04224687398744149
9552,test,0,0.035395986188444
9430,test,0,0.008532113017172601
10464,test,0,0.008532113017172601
9332,test,0,0.04560128153986873
9278,test,0,0.00209928846604328
9381,test,0,0.0
6018,test,0,0.0
10584,test,0,0.09683320897981047
6631,test,0,0.06668307495747004
4773,test,0,0.06668307495747004
7322,test,0,0.0
4705,test,0,0.06381903089910206
6119,test,0,0.0
7282,test,0,0.00017131303914511868
5103,test,0,0.0516628937790303
6677,test,0,0.06188945007536982
6220,test,0,0.0874561563231109
4017,test,0,0.04484200389017024
8824,test,0,0.04877023253511348
8265,test,0,0.04302499703708425
4824,test,0,0.08511153862731456
2457,test,0,0.0009468363158062676
1535,test,0,0.03155980129157787
1962,test,0,0.00022242874672611003
4685,test,0,0.00022242874672611003
3571,test,0,0.0003405980193759035
1576,test,0,0.0
10587,test,0,0.07506976389871992
6540,test,0,0.0
8492,test,0,0.002196483005165931
4028,test,0,0.002196483005165931
4095,test,0,0.0
10468,test,0,0.11736671091869727
4596,test,0,0.0
3504,test,0,0.03539598737555073
5078,test,0,0.045759830600046285
10998,test,0,0.007663435633844442
10717,test,0,0.05818709268822946
422,test,0,0.0
7664,test,0,0.0
1438,test,0,0.08791449705536511
4026,test,0,0.08791449705536511
9432,test,0,0.0
3896,test,0,0.0
4019,test,0,0.06773614924874259
4594,test,0,0.08831077081076791
10735,test,0,0.04360998149841994
7321,test,0,0.07010682281964509
4687,test,0,0.06071040955145493
10837,test,0,0.004715117688870517
6164,test,0,0.0993347076324501
7093,test,0,0.0
10457,test,0,0.009631950155504276
5436,test,0,0.0
3448,test,0,0.010060219646845009
6171,test,0,0.04947818258077055
7390,test,0,0.0
1549,test,0,0.08492247647556467
4823,test,0,0.10340439438875025
2774,test,0,0.1040418838150372
5423,test,0,0.06445698057190062
6373,test,0,0.06234008014025031
9349,test,0,0.06634446596386064
1120,test,0,0.08046659598416012
2764,test,0,0.0
1043,test,0,0.08861225668449857
10760,test,0,0.0
4586,test,0,0.0
6323,test,0,0.08204750997853141
3575,test,0,0.0
7086,test,0,0.07853293161932312
8259,test,0,0.04237877937957451
7183,test,0,0.04031859642484446
3648,test,0,0.04031859642484446
3108,test,0,0.06280460449004927
7092,test,0,0.052611769663832575
4012,test,0,0.0016878068517138856
3090,test,0,0.051050541930734786
4780,test,0,0.059174218124180285
4117,test,0,0.0
6516,test,0,0.024435925564800547
9274,test,0,0.0
8461,test,0,0.0
4023,test,0,0.057776993983665204
6478,test,0,0.0005617076121841155
2767,test,0,0.04123790390685468
10469,test,0,0.03539598704866627
1108,test,0,0.003468020340712433
6021,test,0,0.0015348492572314805
6088,test,0,0.044695988246989074
9562,test,0,0.044695988246989074
6910,test,0,0.0
1726,test,0,0.013338004347014822
1769,test,0,0.04773921725287953
515,test,0,0.035396083240870506
6454,test,0,0.0
3037,test,0,0.061886584076582714
4587,test,0,0.0
6262,test,0,0.0
6467,test,0,0.03868136847622453
312,test,0,0.0
8630,test,0,0.03602598572201974
4799,test,0,0.031029195439553472
3767,test,0,0.0
4889,test,0,0.07502262938514664
2844,test,0,0.14580068671315713
4584,test,0,0.06333494192365144
3021,test,0,0.0
926,test,0,0.0732850495095614
9756,test,0,0.14475230222411725
5406,test,0,0.14475230222411725
1262,test,0,0.026219956624008056
9376,test,0,0.08920714176470826
7287,test,0,0.0
3079,test,0,0.050391475024528266
3932,test,0,0.11870316654547332
9341,test,0,0.08179761546522107
4483,test,0,0.0527919564216258
10776,test,0,0.060198734127084354
6263,test,0,0.013348989473471693
4106,test,0,0.0868269945682366
8740,test,0,0.035395986618555135
2225,test,0,0.0
6927,test,0,0.02612905248640283
10730,test,0,0.09015667628417552
1113,test,0,0.0
10808,test,0,0.06590975557492101
6933,test,0,0.001126323030534569
7236,test,0,0.0009253107257770287
6128,test,0,0.0
6025,test,0,0.005057805588273084
7577,test,0,0.07977786412715687
5441,test,0,0.06127521662284389
294,test,0,0.05897438541598047
8261,test,0,0.09404580222451935
4680,test,0,0.11255071551605653
3043,test,0,0.0
5511,test,0,0.055098314024346284
10751,test,0,0.0
7339,test,0,0.017346912770441907
3040,test,0,0.0046418042759000765
8611,test,0,0.03662230559887275
10403,test,0,0.03539598608091622
3018,test,0,0.00031543650180004135
4127,test,0,0.07755276092366004
8132,test,0,0.002625512789267129
3032,test,0,0.01289066990086716
1155,test,0,0.014057340450682073
6556,test,0,0.09436949696103948
8908,test,0,0.05980594072960436
5139,test,0,0.0007517954104176757
2940,test,0,0.00376237517866728
794,test,0,0.042138569844063355
6502,test,0,0.0
2585,test,0,0.03539599446808331
7323,test,0,0.09970832593729129
6190,test,0,0.0007830131150207322
10727,test,0,0.03001444413472272
10819,test,0,0.0
7582,test,0,0.12937931090015545
10348,test,0,0.005776768134948272
6173,test,0,0.03977687263556837
8910,test,0,0.05645285826263185
9516,test,0,0.0
7033,test,0,0.005057805588273084
6224,test,0,0.035395992637960436
5425,test,0,0.09014088040866114
10754,test,0,0.0
7243,test,0,0.0637285206889683
10038,test,0,0.0
6203,test,0,0.0033554579049774116
7574,test,0,0.03258678283585789
9372,test,0,0.000376002813616856
6447,test,0,0.08675011736478005
4419,test,0,0.03886203147709162
8822,test,0,0.06303767705511876
8469,test,0,0.004610134269247339
5432,test,0,0.040517864994834854
10934,test,0,0.06412359104814319
8828,test,0,0.0
8859,test,0,0.0
2684,test,0,0.03293307076579712
305,test,0,0.06902865090206989
8808,test,0,0.08803979038087127
10305,test,0,0.08803979038087127
10467,test,0,0.040915935060132094
428,test,0,0.02291160890950696
433,test,0,0.07246923441061393
1122,test,0,0.06922074517160615
5832,test,0,0.038862063821448786
8402,test,0,0.05653046166559402
7126,test,0,0.0
10813,test,0,0.0
4450,test,0,0.07000790317641274
9492,test,0,0.08169857052066858
9353,test,0,0.0
7355,test,0,0.04059478517517631
1830,test,0,0.0
10471,test,0,0.04673658187149022
2711,test,0,0.03539598601639955
9487,test,0,0.0011582998505898952
10035,test,0,0.0
5301,test,0,0.0
8459,test,0,0.0
8866,test,0,0.03539598790888853
9580,test,0,0.0
6110,test,0,0.09529788629673824
9592,test,0,0.033139642127229245
10824,test,0,0.056744331307013826
1756,test,0,0.09821274470337919
2674,test,0,0.11304705087491825
920,test,0,0.057172365700611766
5742,test,0,0.0
293,test,0,0.0662540542005104
7096,test,0,0.10530835851455551
492,test,0,0.0
10924,test,0,0.11956507773267624
2214,test,0,0.011240558616830765
9356,test,0,0.0
1146,test,0,0.09865403741043906
313,test,0,0.04010614763638479
4789,test,0,0.0030515346413035934
7734,test,0,0.03539599129816426
10307,test,0,0.0
9385,test,0,0.048675788699150256
6559,test,0,0.05556429512043547
5346,test,0,0.0011617932092946469
6568,test,0,0.02984328039633516
10731,test,0,0.05480779803564635
8625,test,0,0.003832706403042526
934,test,0,0.003832706403042526
1452,test,0,0.1033432502323552
4595,test,0,0.1033432502323552
7341,test,0,0.034446348120512886
4013,test,0,0.0
8250,test,0,0.07403790245835587
9764,test,0,0.06030961859558749
10299,test,0,0.0
8278,test,0,0.05690785886997331
2671,test,0,0.005421093708414878
7740,test,0,0.08433914636839779
3511,test,0,0.03539598640349957
4118,test,0,0.0697753745280045
3951,test,0,0.037607152170847306
4541,test,0,0.037607152170847306
6680,test,0,0.015220335974884572
1096,test,0,0.0
1883,test,0,0.002285364866439691
6463,test,0,0.05804514511835812
3107,test,0,0.03539598898416637
10996,test,0,0.002625512789267129
5424,test,0,0.0
4470,test,0,0.0
1110,test,0,0.0037475125277753062
3437,test,0,0.09438800768608395
784,test,0,0.052467608778032734
1843,test,0,0.03697974960381131
3647,test,0,0.08147611644899913
3077,test,0,0.06320523831202952
4090,test,0,0.0
4777,test,0,0.0620888810701083
1453,test,0,0.03539599306377046
4234,test,0,0.04078715581598653
7576,test,0,0.05346177127015078
2454,test,2,0.0
2205,test,2,0.0
517,test,2,0.0
2446,test,2,0.0
514,test,2,0.0
10340,test,2,0.0
2195,test,2,0.0
8102,test,2,0.0
2452,test,2,0.0
708,test,2,0.0
2724,test,2,0.0
710,test,2,0.0
10203,test,2,0.0
4438,test,2,0.0
2706,test,2,0.0
4452,test,2,0.0
2453,test,2,0.0
6115,test,2,0.0
6114,test,2,0.0
10202,test,2,0.0
10342,test,2,0.0
6123,test,2,0.0
8111,test,2,0.0
711,test,2,0.0
528,test,2,0.0
6121,test,2,0.0
4437,test,2,0.0
10194,test,2,0.0
8109,test,2,0.0
709,test,2,0.0
10204,test,0,0.0
2715,test,2,0.0
8096,test,0,0.0026161176643391933
7454,test,2,0.0
10207,test,0,0.0
2718,test,2,0.0
10339,test,0,0.0
2197,test,2,0.0
7451,test,2,0.0
2722,test,2,0.0
10209,test,0,0.0
527,test,2,0.0
8106,test,2,0.0
2445,test,0,0.0
10338,test,2,0.0
2712,test,2,0.0
2719,test,2,0.0
2201,test,2,0.0
707,test,2,0.0
10195,test,2,0.0
6122,test,2,0.0
2189,test,2,0.0
10344,test,0,0.0
8095,test,0,0.011240558616830765
8800,test,2,0.0
3750,test,2,0.0
7067,test,0,0.0
8799,test,2,0.0
4984,test,2,0.0
5412,test,2,0.0
4401,test,2,0.0
5535,test,2,0.0
4417,test,2,0.0
3766,test,2,0.0
5416,test,2,0.0
4981,test,2,0.0
7074,test,2,0.0
5534,test,2,0.0
8623,test,2,0.0
4978,test,2,0.0
9373,test,1,0.0
5409,test,2,0.0
7066,test,2,0.0
3903,test,2,0.0
7120,test,2,0.0
7075,test,2,0.0
8632,test,2,0.0
4412,test,2,0.0
3902,test,0,0.011240558616830765
3756,test,2,0.0
8797,test,2,0.0
8631,test,2,0.0
8483,test,0,0.0
4413,test,2,0.0
5413,test,2,0.0
8499,test,2,0.0
8498,test,0,0.011240558616830765
4414,test,2,0.0
4411,test,2,0.0
8805,test,2,0.0
3900,test,2,0.0
5358,test,1,0.0
3755,test,2,0.0
3758,test,0,0.0
8804,test,2,0.0
8634,test,2,0.0
8803,test,2,0.0
3763,test,2,0.0025521666169806617
4985,test,2,0.0
4409,test,2,0.0
351,test,2,0.0
370,test,2,0.0
2241,test,2,0.0
10656,test,2,0.0
2234,test,2,0.0
2067,test,2,0.0
7640,test,2,0.0
571,test,2,0.0
154,test,2,0.0
566,test,2,0.0
10087,test,1,0.0
8181,test,2,0.0
6757,test,2,0.0
2233,test,2,0.0
577,test,2,0.0
2232,test,2,0.0
6761,test,2,0.0
2246,test,2,0.0
369,test,0,0.0
10666,test,2,0.0
1496,test,2,0.0
565,test,2,0.0
1495,test,2,0.0
3322,test,1,0.0
1497,test,0,0.011240558616830765
2239,test,2,0.0
354,test,2,0.0
1499,test,2,0.0
2236,test,0,0.012429304412400933
150,test,2,0.0
8182,test,2,0.0
8175,test,0,0.011240558616830765
8176,test,2,0.0
362,test,2,0.0
145,test,0,0.0
2063,test,2,0.0
141,test,0,0.011240558616830765
2245,test,0,0.0
1318,test,0,0.0
1508,test,0,0.011240558616830765
7642,test,0,0.0
575,test,0,0.0
8177,test,2,0.0
1348,test,2,0.0
3013,test,2,0.0
1186,test,2,0.0
3014,test,2,0.0
8375,test,2,0.0
3597,test,2,0.0
1358,test,2,0.0
1676,test,2,0.0
8224,test,2,0.0
3602,test,2,0.0
223,test,1,0.0
7985,test,2,0.0
1359,test,2,0.0
5762,test,2,0.0
1669,test,2,0.0
9100,test,2,0.0
7986,test,2,0.0
9109,test,2,0.0
9104,test,2,0.0
7265,test,1,0.0006269472333780506
3000,test,2,0.0
1674,test,2,0.0
1660,test,2,0.0
1352,test,2,0.0
3592,test,0,0.002020573781480234
3601,test,2,0.0
8655,test,2,0.0
8645,test,2,0.0
8644,test,2,0.0
8370,test,0,0.0
1180,test,2,0.0
3009,test,2,0.04510157367800258
7997,test,2,0.0
3593,test,2,0.0
8652,test,2,0.0
1181,test,2,0.0
8233,test,2,0.0
5761,test,2,0.0
1191,test,0,0.0
3591,test,2,0.0
1351,test,2,0.0
1190,test,2,0.0
7998,test,2,0.0
9105,test,2,0.002020573781480234
8647,test,2,0.0
5765,test,2,0.0
7981,test,2,0.0
7979,test,2,0.0
8385,test,2,0.0
3003,test,2,0.0
5763,test,0,0.0
9440,test,2,0.0
7036,test,2,0.0
9439,test,2,0.0
11000,test,2,0.0
5822,test,2,0.0
1688,test,2,0.0
7055,test,2,0.0
11016,test,2,0.0
11012,test,2,0.0
3905,test,2,0.0
1690,test,2,0.0
7037,test,2,0.0
7043,test,2,0.0
9357,test,2,0.0
6269,test,2,0.0
11001,test,2,0.0
3907,test,2,0.0
3917,test,2,0.004129019094005788
6273,test,2,0.0
2643,test,2,0.0
2642,test,2,0.0
10774,test,1,0.0
7040,test,2,0.0
9441,test,2,0.0
6267,test,0,0.011240558616830765
3376,test,2,0.0
3363,test,2,0.0
2662,test,2,0.0
10604,test,1,0.0
9368,test,0,0.0
7044,test,2,0.0
5823,test,2,0.0
3904,test,2,0.0
9256,test,2,0.0
3913,test,0,0.0
7054,test,0,0.0
1686,test,2,0.0
6271,test,2,0.0
7491,test,0,0.0
3371,test,0,0.0
11015,test,2,0.0
9367,test,2,0.0
9254,test,2,0.0
9248,test,2,0.0
11002,test,2,0.0
9431,test,2,0.0
2209,test,2,0.0
4876,test,2,0.0
3050,test,1,0.0
10160,test,2,0.0
5501,test,2,0.0
4869,test,2,0.0
1450,test,2,0.0
8666,test,2,0.0
10161,test,2,0.0
8667,test,2,0.0
2223,test,2,0.0
2222,test,2,0.0
7196,test,2,0.0
7329,test,1,0.0
4870,test,2,0.0
5498,test,2,0.0
7191,test,2,0.0
939,test,2,0.0
4877,test,2,0.0
10167,test,2,0.0
1440,test,2,0.0
4873,test,2,0.0
5506,test,2,0.0
8676,test,2,0.0
8669,test,2,0.0
943,test,2,0.0
2388,test,2,0.0
4872,test,2,0.0
1733,test,1,0.0
4871,test,2,0.0
5508,test,2,0.0
2392,test,2,0.0
5495,test,0,0.0
1454,test,2,0.0
5491,test,2,0.0
5503,test,0,0.0
8675,test,2,0.0
6507,test,2,0.0
2213,test,0,0.0
1444,test,0,0.0
2217,test,2,0.0
7192,test,2,0.0
10163,test,2,0.0
8668,test,2,0.0
9484,test,2,0.0009391102531620002
7197,test,2,0.0
942,test,2,0.0
2206,test,0,0.011240558616830765
1426,test,2,0.0
5684,test,2,0.0
8731,test,2,0.0
1965,test,2,0.0
7533,test,2,0.0
7544,test,2,0.0
7289,test,2,0.0
9522,test,2,0.0
6155,test,1,0.0
1422,test,2,0.0
1431,test,2,0.0
9517,test,2,0.0
9521,test,2,0.0
3073,test,2,0.0
2257,test,2,0.0
1427,test,2,0.0
1964,test,2,0.0
2247,test,2,0.0
1957,test,2,0.0
1138,test,2,0.0
8738,test,2,0.0
5678,test,2,0.0
8743,test,2,0.0
3060,test,2,0.0
8726,test,2,0.0
1959,test,2,0.0
7285,test,2,0.0
3072,test,2,0.0
7541,test,2,0.0
1949,test,2,0.0
1416,test,2,0.0
8733,test,2,0.0
1432,test,2,0.0
1420,test,0,0.0
1141,test,2,0.0
1950,test,0,0.011240558616830765
7545,test,2,0.0
1878,test,2,0.0
8734,test,2,0.0
1424,test,0,0.0
7532,test,2,0.0
7586,test,1,0.0
1433,test,2,0.0
1888,test,0,0.0
5687,test,2,0.006705855471233511
5682,test,2,0.0
1955,test,2,0.011240558616830765
5675,test,2,0.0
3061,test,2,0.0
1136,test,2,0.0
9526,test,0,0.011240558616830765
5669,test,0,0.0
2250,test,0,0.0
1434,test,2,0.0
3071,test,2,0.0
9456,test,2,0.0
3359,test,2,0.0
10118,test,2,0.0
9451,test,2,0.0
3967,test,2,0.0
3974,test,2,0.0
4507,test,2,0.0
3586,test,2,0.0
5869,test,2,0.0
3953,test,2,0.0
9450,test,2,0.0
4712,test,2,0.0
3351,test,2,0.0
872,test,2,0.0
3961,test,2,0.0
10125,test,2,0.0
4710,test,2,0.0
4199,test,2,0.0
10117,test,2,0.0
2182,test,2,0.0
3962,test,2,0.0
3356,test,2,0.0
3975,test,2,0.0
3959,test,2,0.0
4717,test,2,0.0
5866,test,2,0.0
4711,test,2,0.0
10121,test,2,0.0
3352,test,2,0.0
3588,test,2,0.0
870,test,2,0.0
4520,test,2,0.0
873,test,2,0.0
10129,test,2,0.0
4718,test,2,0.0
10130,test,2,0.0
4709,test,2,0.0
3968,test,2,0.0
4713,test,0,0.0
3343,test,2,0.0
2178,test,2,0.0
861,test,2,0.0
3970,test,2,0.0
4195,test,2,0.0
9446,test,2,0.0
3357,test,2,0.0
5873,test,2,0.0
3973,test,2,0.0
3972,test,0,0.0
874,test,2,0.0
10120,test,2,0.0
5875,test,2,0.0
9449,test,2,0.0
9455,test,2,0.0
3349,test,2,0.0
4206,test,2,0.04510157670550107
4498,test,2,0.0
4497,test,2,0.0
10787,test,2,0.0
684,test,2,0.0
2433,test,2,0.0
279,test,1,0.0
5545,test,1,0.0
5485,test,2,0.0
5477,test,2,0.0
680,test,2,0.0
2291,test,2,0.0
10538,test,2,0.0
4503,test,2,0.0
10535,test,2,0.0
1476,test,2,0.0
10788,test,2,0.0
5488,test,2,0.0
10524,test,2,0.0
5481,test,2,0.0
5794,test,0,0.0
5479,test,2,0.0
4500,test,2,0.0
10285,test,2,0.0
5480,test,2,0.0
1480,test,2,0.0
10283,test,2,0.0
10516,test,2,0.0
5789,test,2,0.0
10294,test,0,0.0
1477,test,2,0.0
5486,test,2,0.0
683,test,2,0.0
10536,test,2,0.0
2740,test,0,0.011240558616830765
2290,test,2,0.0
4499,test,2,0.0
10795,test,0,0.0
5787,test,2,0.0
695,test,2,0.0
10282,test,2,0.0
5199,test,0,0.0
10286,test,0,0.0
9240,test,0,0.0
6237,test,0,0.0
10330,test,0,0.0
10913,test,0,0.0
5324,test,0,0.0
9729,test,0,0.0
191,test,0,0.0
5570,test,0,0.0
6739,test,0,0.0
9616,test,0,0.0
5167,test,0,0.0
10529,test,0,0.0
5596,test,0,0.0
2739,test,0,0.0
1371,test,0,0.0
10707,test,0,0.0
2058,test,0,0.0
6840,test,0,0.0
622,test,0,0.0
8719,test,0,0.0
1232,test,0,0.0
95,test,0,0.0
7217,test,0,0.0
2265,test,0,0.0
5974,test,0,0.0
2123,test,0,0.0
6233,test,0,0.0014027785190600835
10797,test,0,0.0
8703,test,0,0.0
7873,test,0,0.002020573781480234
1599,test,0,0.0
8561,test,0,0.0
9849,test,0,0.0
9316,test,0,0.004380025641245382
1617,test,0,0.0
9318,test,0,0.0
10642,test,0,0.006248112921743056
7414,test,0,0.0
8875,test,0,0.0
5547,test,0,0.0
8699,test,0,0.0
8714,test,0,0.0
10710,test,0,0.0
4259,test,0,0.0
3489,test,0,0.004380025641245382
2010,test,0,0.0
3529,test,0,0.0
8,test,0,0.0
2169,test,0,0.0037475125277753062
247,test,0,0.0
3658,test,0,0.006256521780009337
3120,test,0,0.0
2007,test,0,0.0
4042,test,0,0.0
2057,test,0,0.0
3541,test,0,0.0
7272,test,0,0.0
5185,test,0,0.0
8760,test,0,0.0
5269,test,0,0.0
2747,test,0,0.0
7222,test,0,0.0
3484,test,0,0.008185670106329795
2913,test,0,0.0
9808,test,0,0.0
9733,test,0,0.0
1197,test,0,0.00941479008110742
2262,test,0,0.0
9042,test,0,0.0
8525,test,0,0.05260588312670307
5965,test,0,0.006294890474947511
9218,test,0,0.0
5803,test,0,0.009406779832516065
7367,test,0,0.009407080089506274
9530,test,0,0.0
112,test,0,0.0
7922,test,0,0.0062478929397913946
3235,test,0,0.0
7001,test,0,0.0
9059,test,0,0.0
6709,test,0,0.0
1523,test,0,0.0
8931,test,0,0.0
818,test,0,0.0
6033,test,0,0.0
2009,test,0,0.0
6582,test,0,0.0
2097,test,0,0.0
3605,test,0,0.035395993586355486
9229,test,0,0.0
9734,test,0,0.0
1235,test,0,0.0
3195,test,0,0.0
1393,test,0,0.0
1628,test,0,0.0
9841,test,0,0.0
4619,test,0,0.0
1527,test,0,0.0
1385,test,0,0.0
10190,test,0,0.011240558616830765
7899,test,0,0.006055652529456361
3793,test,0,0.0
10539,test,0,0.0
3216,test,0,0.0
6975,test,0,0.0
7855,test,0,0.0
839,test,0,0.0
1659,test,0,0.0
2125,test,0,0.0
9067,test,0,0.0
10554,test,0,0.002020573781480234
10652,test,0,0.0
8228,test,0,0.0
2887,test,0,0.0
1236,test,0,0.0
9830,test,0,0.0
631,test,0,0.0
3016,test,0,0.0
8653,test,0,0.0
3137,test,0,0.0
9884,test,0,0.0
7706,test,0,0.0
9048,test,0,0.0
8055,test,0,0.0
10361,test,0,0.0
6235,test,0,0.0
3796,test,0,0.011240558616830765
8017,test,0,0.0
9599,test,0,0.0
6082,test,0,0.0
5541,test,0,0.00625479943245241
634,test,0,0.04510158291932736
2124,test,0,0.0
9891,test,0,0.032282226677606524
8640,test,0,0.0
10323,test,0,0.0
2485,test,0,0.011240558616830765
5693,test,0,0.003569727966611184
4189,test,0,0.0
3116,test,0,0.0
12,test,0,0.0
609,test,0,0.0
3229,test,0,0.0
4631,test,0,0.0
10335,test,0,0.0
9221,test,0,0.006247968638275446
7764,test,0,0.011240558616830765
10062,test,0,0.0
621,test,0,0.0
5559,test,0,0.0
7988,test,0,0.00042440240415912326
8994,test,0,0.0
2385,test,0,0.0038802601585558654
8945,test,0,0.0
9839,test,0,0.0
3,test,0,0.0
2103,test,0,0.03539598640349957
9202,test,0,0.0
8928,test,0,0.0
3381,test,0,0.005057805588273084
10133,test,0,0.0
8056,test,0,0.0
5990,test,0,0.0
8580,test,0,0.0
1707,test,0,0.0
5474,test,0,0.03539599823155572
9619,test,0,0.0
7761,test,0,0.0
8713,test,0,0.0
2144,test,0,0.011145049063150397
7271,test,0,0.0037475125277753062
9903,test,0,0.0
3769,test,0,0.0
8920,test,0,0.0
10527,test,0,0.0
3453,test,0,0.006260405609557195
3005,test,0,0.011240558616830765
394,test,0,0.0
2438,test,0,0.0
10180,test,0,0.0
6241,test,0,0.0
396,test,0,0.0
3886,test,0,0.011240558616830765
7876,test,0,0.0
195,test,0,0.035395988554055235
6982,test,0,0.0
10918,test,0,0.0
4341,test,0,0.0
10495,test,0,0.0
1519,test,0,0.0
2488,test,0,0.0
10182,test,0,0.011240558616830765
9883,test,0,0.0
8046,test,0,0.0
681,test,0,0.0
1705,test,0,0.0
2033,test,0,0.0
3181,test,0,0.0
5772,test,0,0.005776760152085652
1865,test,1,0.0
2979,test,0,0.004129324472909902
7756,test,0,0.0
9322,test,0,0.006245475741033102
691,test,0,0.0
10175,test,0,0.0
2051,test,0,0.0
4180,test,0,0.006055652529456361
3297,test,0,0.0
7173,test,0,0.0
3206,test,0,0.0005719086961410071
2999,test,0,0.007292004090685202
8094,test,0,0.007292004090685202
272,test,0,0.0
10980,test,0,0.0
6967,test,0,0.0
6300,test,0,0.0
6041,test,0,0.006245235071273603
3883,test,0,0.007292004090685202
7370,test,0,0.011240558616830765
8522,test,0,0.0
389,test,0,0.0
819,test,0,0.006055652529456361
8716,test,0,0.0
4573,test,0,0.005776761571452389
7170,test,0,0.0
401,test,0,0.0
8378,test,0,0.0
4052,test,0,0.0
5977,test,0,0.0
10292,test,0,0.0
4394,test,0,0.00012681986649663805
2970,test,0,0.0
4251,test,0,0.0
8452,test,0,0.0
7887,test,0,0.0
1525,test,0,0.002020573781480234
5805,test,0,0.002625512789267129
4566,test,0,0.011240558616830765
2354,test,0,0.0
3377,test,0,0.0057767604359589995
5975,test,0,0.0
7861,test,0,0.0
3783,test,0,0.0
2431,test,0,0.0
3286,test,0,0.011240558616830765
2298,test,0,0.011240558616830765
9107,test,0,0.011240558616830765
9078,test,0,0.0
5770,test,0,0.011240558616830765
4051,test,0,0.0
7262,test,0,0.005478440060670843
9300,test,0,0.0
9615,test,0,0.011240558616830765
4254,test,0,0.006055652529456361
2137,test,0,0.0
692,test,0,0.0
3522,test,0,0.0
11025,test,0,0.0
3211,test,0,0.00017817953646592349
6710,test,0,0.0
10552,test,0,0.011240558616830765
1517,test,0,0.0
9655,test,0,0.0353960210295963
5706,test,0,0.0
6733,test,0,0.0037475125277753062
2114,test,0,0.0
2264,test,0,0.0
8535,test,0,0.002020573781480234
9055,test,0,0.0
3202,test,0,0.011240558616830765
5982,test,0,0.011240558616830765
9895,test,0,0.0
3655,test,0,0.0
1667,test,0,0.0
1246,test,0,0.0
9906,test,0,0.0
114,test,0,0.0
7894,test,0,0.0
10187,test,0,0.0
2021,test,0,0.0
3801,test,0,0.0
1515,test,0,0.011240558616830765
8519,test,0,0.011240558616830765
3774,test,0,0.0
7177,test,0,0.011240558616830765
8377,test,0,0.011240558616830765
9934,test,0,0.011240558616830765
3179,test,0,0.0
2091,test,0,0.0035299016369054795
6078,test,0,0.0008783297728831188
11021,test,0,0.00577676559729259
9223,test,0,0.0
4649,test,0,0.011240558616830765
8059,test,0,0.0
1675,test,0,0.0
2735,test,0,0.011240558616830765
2415,test,0,0.0
2490,test,0,0.0
9869,test,0,0.0
3516,test,0,0.0037475125277753062
7864,test,0,0.002020573781480234
4310,test,0,0.011240558616830765
1587,test,0,0.00624544707305084
3391,test,0,0.0
9620,test,0,0.0
9550,test,0,0.004436567818939879
5985,test,0,0.005776769597326123
2884,test,0,0.005057805588273084
5188,test,0,0.0036126374206006903
4494,test,0,0.011240558616830765
6084,test,0,0.0
9402,test,0,0.011240558616830765
4040,test,0,0.0
7377,test,0,0.011240558616830765
10483,test,0,0.0
8751,test,0,0.0
2749,test,0,0.0
7270,test,0,0.0
7897,test,0,0.025158837979771646
10987,test,0,0.0
5707,test,0,0.0
5327,test,0,0.0037475125277753062
8012,test,0,0.0037475125277753062
9954,test,0,0.035395985758332874
1624,test,0,0.02844978541596462
8583,test,0,0.0
8346,test,0,0.0
10447,test,0,0.006249674373004933
8088,test,0,0.0
10488,test,0,0.0
8300,test,0,0.0
9217,test,0,0.0
10484,test,0,0.0
1819,test,0,0.0
4143,test,0,0.0
989,test,0,0.0
9324,test,0,0.0
10487,test,0,0.0
7178,test,0,0.005057805588273084
9232,test,0,0.0
1184,test,0,0.0
1389,test,0,0.011240558616830765
602,test,0,0.0
2269,test,0,0.0
3010,test,0,0.011240558616830765
7624,test,0,0.0007205828112337626
4249,test,0,0.0
4397,test,0,0.0038968629498478064
4572,test,0,0.0038968629498478064
8984,test,0,0.0179302995367165
7399,test,0,0.0
2377,test,0,0.0
9238,test,0,0.011240558616830765
122,test,0,0.006250860714132969
2435,test,0,0.011240558616830765
3875,test,0,0.011240558616830765
4501,test,0,0.011240558616830765
2434,test,0,0.011240558616830765
4426,test,0,0.011240558616830765
1394,test,0,0.0
2894,test,0,0.011240558616830765
5801,test,0,0.011240558616830765
9081,test,0,0.0
6589,test,0,0.0
8341,test,0,0.0
4312,test,0,0.0
7435,test,0,0.0
8226,test,0,0.0
6083,test,0,0.0
8980,test,0,0.005465841876209669
5182,test,0,0.01791394967898057
618,test,0,0.005776760059611758
1709,test,0,0.0
1514,test,0,0.0
184,test,0,0.0
8455,test,0,0.0
2484,test,0,0.03540566116560388
7417,test,0,0.006254899198525704
9298,test,0,0.0
9843,test,0,0.030938494224405793
4182,test,0,0.03308926999890179
10056,test,0,0.011240558616830765
2421,test,0,0.0
8654,test,0,0.0
5798,test,0,0.0
5598,test,0,0.00943743104655375
10533,test,0,0.0
10860,test,0,0.0
2113,test,0,0.0
3599,test,0,0.005057805588273084
8064,test,0,0.0
838,test,0,0.0
9307,test,0,0.006257558776735247
8977,test,0,0.0
3395,test,0,0.0
7767,test,0,0.002020573781480234
2130,test,0,0.006249792338509981
7157,test,0,0.0
5205,test,0,0.005460070933734389
4560,test,0,0.0024996595665203025
10189,test,0,0.0
10863,test,0,0.0
393,test,0,0.0
6844,test,0,0.0
4495,test,0,0.0008128517817686204
7633,test,0,0.0
1582,test,0,0.0
9230,test,0,0.03540565015475889
9241,test,0,0.0029989850775563416
2364,test,0,0.0
10450,test,0,0.006264631436563456
5204,test,0,0.0687662213326924
9669,test,0,0.0
1664,test,0,0.0
9956,test,0,0.011240558616830765
7883,test,0,0.00626265721230362
2152,test,0,0.0037475125277753062
8933,test,0,0.0
1474,test,0,0.002020573781480234
2427,test,0,0.0353959862422079
8015,test,0,0.0
2025,test,0,0.0
1479,test,0,0.0
3777,test,0,0.035395989837936966
1370,test,0,0.006247956525270676
5783,test,0,0.0019486535314157572
844,test,0,0.001565755102800677
6721,test,0,0.014047671908113771
10288,test,0,0.0
7227,test,0,0.006291066982357846
4330,test,0,0.0
8517,test,0,0.011240558616830765
3219,test,0,0.00625941373027441
7226,test,0,0.0
8058,test,0,0.006252939001447975
2026,test,0,0.006261082824911792
4337,test,0,0.0
7900,test,0,0.006055652529456361
982,test,0,0.004380025641245382
4187,test,0,0.0
11018,test,0,0.035405657466648144
4504,test,0,0.0
5802,test,0,0.0009468363158062676
204,test,0,0.003748992896096739
84,test,0,0.0
9625,test,0,0.011240558616830765
8325,test,0,0.0
8642,test,0,0.0
10785,test,0,0.0
3183,test,0,0.03539601765107335
682,test,0,0.03539598801211521
9628,test,0,0.03539607069990516
3185,test,0,0.035397003237830266
9872,test,0,0.011240558616830765
8319,test,0,0.0
7113,test,0,0.0
5791,test,0,0.0
1369,test,0,0.0
9866,test,0,0.035405653681670174
9680,test,0,0.03791503130963628
3594,test,0,0.0
1699,test,0,0.0
2344,test,0,0.004436567818939879
9815,test,0,0.011240558616830765
9060,test,0,0.04253524832652484
7112,test,0,0.035405666412959697
10445,test,0,0.03539598640349957
8373,test,0,0.00013274763078055963
10669,test,0,0.0
10681,test,0,0.035395986618555135
10796,test,0,0.035395986188444
8702,test,0,0.0
7924,test,0,0.0
5767,test,0,0.0
6319,test,0,0.0
8989,test,0,0.0
7259,test,0,0.0
235,test,0,0.08129385720290959
4257,test,0,0.0
1594,test,0,0.026152529370175478
8930,test,0,0.0
9398,test,0,0.0
5962,test,0,0.0
1194,test,0,0.035396628056190454
3600,test,0,0.037116391343797205
8697,test,0,0.0
8293,test,0,0.0
10793,test,0,0.035395987736844076
2369,test,0,0.0
10054,test,0,0.035395987347593506
10480,test,0,0.01568850338163162
6962,test,0,0.035395986188444
7216,test,0,0.0
9233,test,0,0.0
5807,test,0,0.03539599740574234
3676,test,0,0.01801431764443206
7200,test,0,0.035395988016416316
10420,test,0,0.03539604304375934
7623,test,0,0.011240558616830765
623,test,0,0.011240558616830765
5335,test,0,0.0
690,test,0,0.03539624501211913
2093,test,0,0.03539598661425403
2014,test,0,0.014993668710685923
7770,test,0,0.035396350053859924
2962,test,0,0.035395986188444
8577,test,0,0.0
4043,test,0,0.0
7638,test,0,0.035395986188444
3198,test,0,0.03540574311037686
6586,test,0,0.0
10319,test,0,0.0
3390,test,0,0.011240558616830765
637,test,0,0.03542509819054603
4623,test,0,0.0
1415,test,0,0.0
8991,test,0,0.024796708678803684
1620,test,0,0.029834079612288733
6712,test,0,0.0
2273,test,0,0.005057805588273084
3882,test,0,0.035395992691724325
970,test,0,0.04857300881292586
1234,test,0,0.03539600531548607
1530,test,0,0.011240558616830765
5221,test,0,0.035396251865940025
10142,test,0,0.0
8723,test,0,0.08558895335285543
9674,test,0,0.08558895335285543
3122,test,0,0.0
9940,test,0,0.035395986941138484
6239,test,0,0.03539598613468012
7856,test,0,0.03539611580565963
3292,test,0,0.035395986618555135
9805,test,0,0.0353959887691108
9881,test,0,0.03539599175838317
9325,test,0,0.004629457360580017
2168,test,0,0.0
3557,test,0,0.035395988554055235
7984,test,0,0.035395985691665646
7382,test,0,0.0
1814,test,0,0.01335912632239597
5601,test,0,0.011240558616830765
9824,test,0,0.03539623964863331
9671,test,0,0.0
5976,test,0,0.0
7412,test,0,0.0
11041,test,0,0.0019431844389766828
203,test,0,0.011240558616830765
10992,test,0,0.011240558616830765
5330,test,0,0.02581422329698008
8641,test,0,0.0
9613,test,0,0.00044818891459606585
8769,test,0,0.0037475125277753062
2134,test,0,0.0
5475,test,0,0.0
9404,test,0,0.0012823972085478756
5605,test,0,0.0
3190,test,0,0.035395987005655154
3657,test,0,0.0
7116,test,0,0.00047425059258472273
4603,test,0,0.0
1824,test,0,0.0
3530,test,0,0.0
5217,test,0,0.011240558616830765
2289,test,0,0.0
3776,test,0,0.0
4339,test,0,0.11187090093765832
2381,test,0,0.0
5342,test,0,0.0
8919,test,0,0.0
5336,test,0,0.0
128,test,0,0.0
1716,test,0,0.0
4569,test,0,0.011240558616830765
7925,test,0,0.03539598586586065
7705,test,0,0.0
188,test,0,0.0
3603,test,0,0.0
5195,test,0,0.0
8572,test,0,0.0
10326,test,0,0.035395985693816204
5785,test,0,0.0012824066717347336
4430,test,0,0.0
5603,test,0,0.03539598704866627
3514,test,0,0.0
8712,test,0,0.0
1614,test,0,0.0
5612,test,0,0.0009702690884543438
6970,test,0,0.0
986,test,0,0.006248485059808972
2985,test,0,0.0353959960982045
9653,test,0,0.0
4145,test,0,0.0
10525,test,0,0.0
1240,test,0,0.03539599360786104
7223,test,0,0.0
10350,test,0,0.0
8051,test,0,0.006245107373428903
193,test,0,0.03539598640349957
8709,test,0,0.0
8942,test,0,0.0
8755,test,0,0.03952573333539128
395,test,0,0.03952573333539128
2355,test,0,0.006248192233698261
5611,test,0,0.011240558616830765
2910,test,0,0.0
6706,test,0,0.0
1376,test,0,0.03695015546307761
5176,test,0,0.0
3671,test,0,0.0
2410,test,0,0.0019487527596669543
9219,test,0,0.0
2755,test,0,0.0
9173,test,0,0.0
6718,test,0,0.0
4175,test,0,0.010271906538638914
228,test,0,0.0
4387,test,0,0.0
8982,test,0,0.0
10138,test,0,0.0
8575,test,0,0.0
9603,test,0,0.0
9667,test,0,0.011240558616830765
1713,test,0,0.0
6317,test,0,0.006270258905631296
4620,test,0,0.042420076566248556
2050,test,0,0.0
2030,test,0,0.015180955496678913
4260,test,0,0.0
5270,test,0,0.0
1372,test,0,0.0
1602,test,0,0.0
8764,test,0,0.0
9064,test,0,0.0
8352,test,0,0.0
2977,test,0,0.0
2371,test,0,0.0
2352,test,0,0.01581208462041877
10784,test,0,0.0
190,test,0,0.012429339714825911
8649,test,0,0.03539598936051361
7442,test,0,0.007292004090685202
7002,test,0,0.0
8934,test,0,0.0
7928,test,0,0.0
7404,test,1,0.0
9732,test,0,0.0
9687,test,0,0.0
4608,test,0,0.006247814845588335
2142,test,0,0.0
3477,test,0,0.0
3670,test,0,0.0
3552,test,0,0.0
2965,test,0,0.007292004090685202
9165,test,0,0.0
7202,test,0,0.0
7992,test,0,0.005776760427356776
6591,test,0,0.0
9406,test,0,0.011240558616830765
1668,test,0,0.0010983697937704808
6720,test,0,0.0
10706,test,0,0.004380025641245382
4177,test,0,0.0
1580,test,0,0.0
1622,test,0,0.0062476421022047215
5606,test,0,0.0
3121,test,0,0.015577028086494344
5648,test,0,0.0
2140,test,0,0.03539598640349957
3194,test,0,0.035395986941138484
8450,test,0,0.0
7369,test,0,0.011240558616830765
3683,test,0,0.01796920086546542
4317,test,0,0.0
7987,test,0,0.03658473197861628
4174,test,0,0.0
987,test,0,0.033526083514756354
7424,test,0,0.0
4640,test,0,0.035395991919674845
6708,test,0,0.0
3001,test,0,0.03552873596978023
4616,test,0,0.0062606717264873935
11028,test,0,0.0
7274,test,0,0.0
2437,test,0,0.00577676342523137
7174,test,0,0.035396057876141744
6997,test,0,0.029168946766322965
9665,test,0,0.035395989865894185
6974,test,0,0.035396003140199014
2986,test,0,0.005057805588273084
9909,test,0,0.01785541850614772
2418,test,0,0.0
2104,test,0,0.0
5206,test,0,0.016388498738981662
1670,test,0,0.0
7697,test,0,0.0
7709,test,0,0.0
3604,test,0,0.00038112754317466284
9313,test,0,0.0
2972,test,0,0.0
9045,test,0,0.0
3664,test,0,0.0
5179,test,0,0.0
197,test,0,0.0353960242210209
8990,test,0,0.0
5695,test,0,0.0
6719,test,0,0.0037475125277753062
5998,test,0,0.0
694,test,0,0.011240558616830765
8230,test,0,0.0
8718,test,0,0.0
3454,test,0,0.0
10412,test,0,0.03789559331689031
5216,test,0,0.0
10192,test,0,0.0009468363158062676
10985,test,0,0.005057805588273084
3466,test,0,0.0
7004,test,0,0.0
3397,test,0,0.0
7429,test,0,0.03539598630887512
7923,test,0,0.0
1592,test,0,0.0
2107,test,0,0.0
8881,test,0,0.0
847,test,0,0.035395988554055235
5175,test,0,0.0
1188,test,0,0.0
8290,test,0,0.0037475125277753062
3542,test,0,0.008055162932391034
9072,test,0,0.0
7371,test,0,0.03723104978594931
2102,test,0,0.0
6973,test,0,0.011240558616830765
6984,test,0,0.0
2345,test,0,0.0233825173045228
7978,test,0,0.0
8333,test,0,0.0
9833,test,0,0.02047986351374086
3379,test,0,0.0
123,test,0,0.0
7439,test,0,0.0
3674,test,0,0.008960376158588012
2272,test,0,0.0
2263,test,0,0.03539598898416637
2136,test,0,0.0
5325,test,0,0.0
2038,test,0,0.0
1672,test,0,0.03539598774759686
3178,test,0,0.0
4334,test,0,0.03997069314240722
4138,test,0,0.025783002146842766
1621,test,0,0.009896722638110188
8337,test,0,0.014328570590935999
10993,test,0,0.0
1404,test,0,0.03711677392764961
4395,test,0,0.018014200243834974
2374,test,0,0.0
1708,test,0,0.0
1717,test,0,0.0037475125277753062
4331,test,0,0.0
5539,test,0,0.0
7758,test,0,0.0
4382,test,0,0.0
10061,test,0,0.0
640,test,0,0.011240558616830765
3474,test,0,0.0037475125277753062
10862,test,0,0.0
3528,test,0,0.0
180,test,0,0.0
2094,test,0,0.0
10363,test,0,0.0
4431,test,0,0.0010983697937704808
5665,test,0,0.011240558616830765
610,test,0,0.011240558616830765
11035,test,0,0.011240558616830765
1657,test,0,0.011240558616830765
9540,test,0,0.0
8227,test,0,0.06043398069715723
975,test,0,0.06043398069715723
10534,test,0,0.0353959866250068
2045,test,0,0.0
9044,test,0,0.0
1529,test,0,0.042993142714371504
9242,test,0,0.035396006833778366
7366,test,0,0.03718847985875862
1384,test,0,0.011240558616830765
7434,test,0,0.011240558616830765
4314,test,0,0.0
1704,test,0,0.0
7149,test,0,0.03539598586586065
5542,test,0,0.0
5786,test,0,0.0009468363158062676
5489,test,0,0.0
9158,test,0,0.00026443762689072386
2360,test,0,0.0038138863431655856
5482,test,0,0.0
2753,test,0,0.0
3476,test,0,0.03539598649597346
5689,test,0,0.035405696475577314
8369,test,0,0.0013384908537672064
9171,test,0,0.0057767610381145845
1601,test,0,0.018835383948822865
7211,test,0,0.004436567818939879
2904,test,0,0.015461841364834574
7868,test,0,0.0
5561,test,0,0.0
5781,test,0,0.0
6985,test,0,0.03997863532752401
7993,test,0,0.0
9878,test,0,0.0
3781,test,0,0.0
1813,test,0,0.035395985758332874
6700,test,0,0.0
1673,test,0,0.0
6231,test,0,0.0
9813,test,0,0.0
7687,test,0,0.0
8093,test,0,0.0
2963,test,0,0.011240558616830765
4340,test,0,0.0
7874,test,0,0.0
10861,test,0,0.0
10545,test,0,0.0
1712,test,0,0.0
3290,test,0,0.0
9814,test,0,0.00040710859470099905
842,test,0,0.0037475125277753062
9213,test,0,0.0
10296,test,0,0.0
8283,test,0,0.0
4635,test,0,0.0
9948,test,0,0.03908073053910621
8937,test,0,0.0
3208,test,0,0.0
9157,test,0,0.035396022801654166
10058,test,0,0.03539598838416133
5168,test,0,0.0037475125277753062
5969,test,0,0.03721515173987475
9666,test,0,0.03721515173987475
227,test,0,0.0
8700,test,0,0.0
3681,test,0,0.0
6304,test,0,0.029696775857243826
3885,test,0,0.0
625,test,0,0.005776761885433516
4575,test,0,0.0
3595,test,0,0.035395987272324056
9859,test,0,0.0
5218,test,0,0.036613735853467784
7427,test,0,0.03539599243795876
3785,test,0,0.03711638338674125
2161,test,0,0.06540477424306865
2987,test,0,0.011240558616830765
5664,test,0,0.035395993121835466
8018,test,0,0.00534134687459311
2156,test,0,0.0
8979,test,0,0.04507491651183008
7862,test,0,0.0
6732,test,0,0.0
1482,test,0,0.00013274763078055963
4248,test,0,0.0
9175,test,0,0.011240558616830765
9086,test,0,0.0
1189,test,0,0.036438547374067216
9656,test,0,0.043700283645813784
4567,test,0,0.011240558616830765
9894,test,0,0.0
990,test,0,0.0
2487,test,0,0.035395986360488456
11023,test,0,0.0
3236,test,0,0.05040761858868203
1401,test,0,0.0
7017,test,0,0.01599249231780695
9087,test,0,0.0
7754,test,0,0.03544438124000384
9842,test,0,0.03260863961793597
5774,test,0,0.0
2375,test,0,0.022885883103218034
9896,test,0,0.0
6988,test,0,0.0
6730,test,0,0.00013274763078055963
5487,test,0,0.0
284,test,0,0.002975413847458461
3789,test,0,0.03545409949494588
3197,test,0,0.0057864302646886195
2115,test,0,0.0
8532,test,0,0.011240558616830765
5711,test,0,0.03542517222019889
8988,test,0,0.0
2151,test,0,0.0
2270,test,0,0.0
8708,test,0,0.005057805588273084
8083,test,0,0.03886203407496286
9534,test,0,0.09639861496651844
2119,test,0,0.09639861496651844
7627,test,0,0.0003971439355491134
8566,test,0,0.0003971439355491134
231,test,0,0.0
2128,test,0,0.04213807666690748
1400,test,0,0.005776760444561222
10177,test,0,0.03539599091966646
7267,test,0,0.025814214547756197
7699,test,0,0.004609432729980331
10355,test,0,0.005776767231714893
5224,test,0,0.035395985863710094
3596,test,0,0.035395999263822434
2039,test,0,0.02994649159702322
8995,test,0,0.00544949504383964
121,test,0,0.0
5993,test,0,0.0
9812,test,0,0.005057805588273084
2267,test,0,0.0
10542,test,0,0.045101574583773604
10424,test,0,0.03539598704866627
3791,test,0,0.0
8643,test,0,0.0
1192,test,0,0.00577675988541675
10419,test,0,0.0
6858,test,0,0.03119071864873661
196,test,0,0.035395986188444
5961,test,0,0.035395986188444
2441,test,0,0.035395986188444
3461,test,0,0.021361302295055513
7865,test,0,0.005329618083540506
7208,test,0,0.0
10176,test,0,0.0
1596,test,0,0.0
3199,test,0,0.035395985758332874
7870,test,0,0.0522725753356244
9288,test,0,0.059200185112735206
10910,test,0,0.011240558616830765
134,test,0,0.1173758612384549
8065,test,0,0.029538564552724127
10694,test,0,0.0
8372,test,0,0.0
9904,test,0,0.039307591135191736
1610,test,0,0.04277123046710539
8451,test,0,0.035395988016416316
6838,test,0,0.03159842687307816
3385,test,0,0.0
1600,test,0,0.0
9095,test,0,0.011240558616830765
1337,test,0,0.0
86,test,0,0.04168885005194756
1395,test,0,0.0353959894142775
7438,test,0,0.04510220660842679
1817,test,0,0.00659097437741979
3795,test,0,0.03539600961874795
8223,test,0,0.010196065174826113
2442,test,0,0.035396115650819626
2726,test,0,0.005776762263931312
687,test,0,0.09071758113907655
830,test,0,0.0
9912,test,0,0.0
821,test,0,0.0
8981,test,0,0.0
10521,test,0,0.03539598640349957
9228,test,0,0.09343366362963369
5595,test,0,0.03539598919922193
9280,test,0,0.0
5966,test,0,0.0
8379,test,0,0.0
2027,test,0,0.04443110842586734
7751,test,0,0.08466703147396566
4146,test,0,0.0
261,test,0,0.006055652529456361
8893,test,0,0.0
2754,test,0,0.025975741272850524
9068,test,0,0.0
10551,test,0,0.0
9911,test,0,0.052972989829566726
4258,test,0,0.03765844024006766
19,test,0,0.0
1345,test,0,0.0
7871,test,0,0.011240558616830765
1187,test,0,0.0
9612,test,0,0.0
9102,test,0,0.07400629723269632
10172,test,0,0.09597452563769052
10701,test,0,0.0005548465356114356
10422,test,0,0.04649545690308454
6854,test,0,0.04071989999503027
6725,test,0,0.0
10414,test,0,0.0006581813701403652
10909,test,0,0.036584737295241504
10494,test,0,0.0
10423,test,0,0.0
4032,test,0,0.0
7436,test,0,0.0057767718274523445
4614,test,0,0.0
4183,test,0,0.0
104,test,0,0.0
2902,test,0,0.0057767643929814184
1350,test,0,0.0
6234,test,0,0.0
9400,test,0,0.0
7365,test,0,0.00013274763078055963
6728,test,0,0.03343301612902791
7411,test,0,0.0
3532,test,0,0.0
10981,test,0,0.0
9951,test,0,0.009681808099060697
9685,test,0,0.004594701957329584
5209,test,0,0.0
3884,test,0,0.008151004475964455
10453,test,0,0.0258142873524633
1644,test,0,0.0
3118,test,0,0.11197432483910452
5775,test,0,0.0
8010,test,0,0.0
10368,test,0,0.04956779886810384
5779,test,0,0.007435818014623296
685,test,0,0.05260187233045643
5806,test,0,0.0
7628,test,0,0.03539610302383205
5778,test,0,0.0
832,test,0,0.0063030333288978235
10295,test,0,0.010340511538222387
2751,test,0,0.0
859,test,0,0.04610890919448593
10696,test,0,0.009896611658083053
5169,test,0,0.0
5180,test,0,0.0
9901,test,0,0.0
9952,test,0,0.0
2055,test,0,0.0037475125277753062
1354,test,0,0.0
4557,test,0,0.0
7877,test,0,0.0029989907012593995
10135,test,0,0.0029989834646395944
1491,test,0,0.0
3536,test,0,0.0
7426,test,0,0.0
10801,test,0,0.035395985758332874
202,test,0,0.03539598882287469
4612,test,0,0.06625950881930837
2023,test,0,0.006055652529456361
6972,test,0,0.0009468363158062676
7926,test,0,0.0
9728,test,0,0.0
7636,test,0,0.0
7708,test,0,0.016504268434580787
3383,test,0,0.006934254707128228
977,test,0,0.01598279901931069
7378,test,0,0.0
10986,test,0,0.0
3152,test,0,0.014047675631628858
3132,test,0,0.015461846962784727
2092,test,0,0.005057805588273084
4564,test,0,0.0
6853,test,0,0.032100787136961156
5991,test,0,0.0
4383,test,0,0.056393617865937204
9679,test,0,0.0
9725,test,0,0.014993668678180274
282,test,0,0.00010667118279451864
1397,test,0,0.0
8757,test,0,0.0
9286,test,0,0.0
3002,test,0,0.0
4256,test,0,0.0
9537,test,0,0.042118751902906426
5223,test,0,0.011240558616830765
10802,test,0,0.03539599010245531
8573,test,0,0.0
6387,test,0,0.0
5200,test,0,0.02024675490191239
3125,test,0,0.0037475125277753062
5655,test,0,0.0
5220,test,0,0.035395987478777396
6703,test,0,0.0
10523,test,0,0.035415902916332294
5543,test,0,0.051159343343991276
3380,test,0,0.0
3283,test,0,0.03539599143579982
9312,test,0,0.0
1487,test,0,0.0
7169,test,0,0.0
8650,test,0,0.03539598930674972
8294,test,0,0.05594387421236911
8579,test,0,0.0
5337,test,0,0.04691916993651576
9216,test,0,0.04735640732975014
3682,test,0,0.0
403,test,0,0.0
7854,test,0,0.0
10856,test,0,0.03539598973471029
5795,test,0,0.005057805588273084
9865,test,0,0.03940045334255565
7630,test,0,0.0
192,test,0,0.03619584784843583
8691,test,0,0.0
2099,test,0,0.0
7760,test,0,0.0
1611,test,0,0.0
9049,test,0,0.04939737300540921
6305,test,0,0.022911591763954624
10919,test,0,0.03539598942503028
3450,test,0,0.0
6727,test,0,0.08440843860118
1347,test,0,0.0
5812,test,0,0.0
9310,test,0,0.0
1475,test,0,0.0
9164,test,0,0.0361797592877415
2893,test,0,0.0
402,test,0,0.03540566359143067
5780,test,0,0.0
4424,test,0,0.0
823,test,0,0.06194318111618951
9544,test,0,0.0
9281,test,0,0.0
1615,test,0,0.002625512789267129
9935,test,0,0.011240558616830765
139,test,0,0.0
10991,test,0,0.0
1663,test,0,0.0
1342,test,0,0.03873052607940599
6593,test,0,0.021010458477824526
2141,test,0,0.07308057337460908
8985,test,0,0.02291159226258246
9717,test,0,0.0
1336,test,0,0.05268386994529968
7158,test,0,0.0
4605,test,0,0.05156976355067981
1720,test,0,0.06054469322759511
8004,test,0,0.0
9403,test,0,0.0
6391,test,0,0.03539598610242178
8449,test,0,0.005776760134881206
689,test,0,0.0
4038,test,0,0.0
8298,test,0,0.06175700225497591
2419,test,0,0.09200835391110947
6731,test,0,0.0
5608,test,0,0.036313444672632665
2908,test,0,0.0
7176,test,0,0.03998408306171053
6069,test,0,0.0
10140,test,0,0.0353959887691108
6859,test,0,0.0
2918,test,0,0.057222262690102506
2351,test,0,0.0
976,test,0,0.0
5654,test,0,0.03706639761736469
8941,test,0,0.0
3130,test,0,0.041787983145556165
4489,test,0,0.0
7688,test,0,0.0
3215,test,0,0.06387447523082002
9302,test,0,0.0
8006,test,0,0.01796920086546542
7224,test,0,0.06818471863849912
253,test,0,0.04024882425012765
10362,test,0,0.011240558616830765
7896,test,0,0.04593238593715099
4142,test,0,0.04546484991237919
187,test,0,0.013358650046059203
115,test,0,0.04684681014218798
9960,test,0,0.0
1863,test,0,0.0
3524,test,0,0.06309226967801722
127,test,0,0.05526402953885036
4132,test,0,0.023204937656378644
3555,test,0,0.025158787153743412
8939,test,0,0.0
9314,test,0,0.0
8685,test,0,0.0
5768,test,0,0.039914520489649566
5277,test,0,0.0
9818,test,0,0.0
10349,test,0,0.0
2379,test,0,0.0
5331,test,0,0.06316497570438574
6034,test,0,0.0
179,test,0,0.05393812811494651
5994,test,0,0.035396019145709536
1849,test,0,0.02291159342197928
2122,test,0,0.006245018913547549
5699,test,0,0.004863950060184769
9731,test,0,0.004863950060184769
3545,test,0,0.0
9547,test,0,0.0
4391,test,0,0.06674260190797572
2013,test,0,0.04154090725705515
8588,test,0,0.06526662145142433
2024,test,0,0.04529316018303534
9106,test,0,0.0
8695,test,0,0.0
10417,test,0,0.0
10908,test,0,0.006705855471233511
1375,test,0,0.03213124508634718
5988,test,0,0.0
254,test,0,0.036366264158693234
6969,test,0,0.0
9538,test,0,0.07660964030893325
3182,test,0,0.0
8687,test,0,0.026690869293532846
3146,test,0,0.0072124822021925545
6038,test,0,0.0018417357405358585
5766,test,0,0.005776766672570421
2966,test,0,0.03542498330248614
3549,test,0,0.013173768916790167
10640,test,0,0.006245111131524924
1367,test,0,0.028282620660760854
3490,test,0,0.0
7275,test,0,0.0003759126246887484
183,test,0,0.0
4263,test,0,0.0
5691,test,0,0.03711638005337997
10354,test,0,0.035396000889642516
9065,test,0,0.0
270,test,0,0.0330557197798318
8330,test,0,0.05415346950835553
8763,test,0,0.026229638635076363
2016,test,0,0.04348784741100148
10333,test,0,0.007311556077009824
267,test,0,0.0
7014,test,0,0.05187179437529893
5210,test,0,0.0
239,test,0,0.03944762235236209
1662,test,0,0.0
133,test,0,0.02623973425694535
10700,test,0,0.04358898958184003
8533,test,0,0.03688633010070977
4168,test,0,0.03102008704767943
6074,test,0,0.033965780042981515
9090,test,0,0.0
6976,test,0,0.0
5173,test,0,0.0
9080,test,0,0.053301072647791964
5267,test,0,0.0
3228,test,0,0.0
7402,test,0,0.0
1403,test,0,0.035395986188444
1411,test,0,0.0
5274,test,0,0.10252544832964344
5571,test,0,0.0
9079,test,0,0.027792920271531265
6393,test,0,0.007859259066494918
3465,test,0,0.0
7408,test,0,0.057751812767972366
10790,test,0,0.01021431284256118
4039,test,0,0.02624896114547788
2734,test,0,0.035395988016416316
3668,test,0,0.0
10518,test,0,0.007859259066494918
9854,test,0,0.0036519262747606585
2727,test,0,0.0036519262747606585
9308,test,0,0.0
8921,test,0,0.0757398132919035
8049,test,0,0.0
628,test,0,0.03539601393706372
7983,test,0,0.0
1490,test,0,0.03539598640349957
3451,test,0,0.052299280784425986
10526,test,0,0.005776760106923982
8291,test,0,0.011937427283168699
7253,test,0,0.04467167037843515
9902,test,0,0.0
7892,test,0,0.0
8940,test,0,0.006252732419071008
4267,test,0,0.033524288445741124
7893,test,0,0.0
4610,test,0,0.0040609879916303545
8234,test,0,0.0
2976,test,0,0.0
9822,test,0,0.0
1825,test,0,0.0
8530,test,0,0.0
9099,test,0,0.0
10711,test,0,0.0
6742,test,0,0.0
1850,test,0,0.0
2118,test,0,0.0
1399,test,0,0.0
7701,test,0,0.0
11034,test,0,0.0
8457,test,0,0.0
8374,test,0,0.011240558616830765
4496,test,0,0.011240558616830765
8648,test,0,0.0
9167,test,0,0.011240558616830765
288,test,0,0.026825362562342032
5191,test,0,0.017075139617959974
5171,test,0,0.043465335377749444
5203,test,0,0.0
5964,test,0,0.0
9682,test,0,0.0
2417,test,0,0.0
9809,test,0,0.04108168291695615
7251,test,0,0.06015898890574144
2154,test,0,0.0
9670,test,0,0.03539598605080844
10293,test,0,0.0
9735,test,0,0.0011121742374697989
10911,test,0,0.0
7428,test,0,0.0003682125604771138
1721,test,0,0.0003682125604771138
5181,test,0,0.03663532443471471
10983,test,0,0.0
2426,test,0,0.03539598936051361
6086,test,0,0.0
1485,test,0,0.005057805588273084
6987,test,0,0.0
1402,test,0,0.035396050068549414
2032,test,0,0.0
3669,test,0,0.0
4261,test,0,0.03539598586586065
10693,test,0,0.0
3876,test,0,0.0
7693,test,0,0.03024892336184218
10650,test,0,0.052910868148142234
4050,test,0,0.03539598704866627
9944,test,0,0.035395996422938406
6596,test,0,0.008960306466842486
4617,test,0,0.06335435044699982
1492,test,0,0.011240558616830765
2728,test,0,0.0
5800,test,0,0.0
281,test,0,0.03539599668315564
7423,test,0,0.011240558616830765
5,test,0,0.05206034747319122
6704,test,0,0.0
9689,test,0,0.060525413220511776
6998,test,0,0.06438480370929167
9657,test,0,0.0
10982,test,0,0.011240558616830765
7020,test,0,0.0
3133,test,0,0.05611014380763516
2895,test,0,0.03539599048955533
5968,test,0,0.0008551378843029955
10644,test,0,0.0
4624,test,0,0.0
9226,test,0,0.0
8943,test,0,0.015992425430880638
7919,test,0,0.022258906909435914
9941,test,0,0.011240558616830765
2353,test,0,0.0
7214,test,0,0.03309878970232988
4493,test,0,0.0
2744,test,0,0.004045771318877244
9627,test,0,0.0
2160,test,0,0.0
5713,test,0,0.0
4046,test,0,0.0037475125277753062
4639,test,0,0.005654307686053991
3538,test,0,0.0
8340,test,0,0.05221829903117141
3200,test,0,0.011240558616830765
3680,test,0,0.0
8986,test,0,0.0
9817,test,0,0.03539600511333384
283,test,0,0.0
8938,test,0,0.0
826,test,0,0.015171268319137189
849,test,0,0.006246057029777084
3518,test,0,0.009433690221635323
7407,test,0,0.0037475125277753062
2165,test,0,0.0008766916185051121
3788,test,0,0.0024996273081853604
138,test,0,0.030857032924376256
7886,test,0,0.025814320071984906
8574,test,0,0.0
9224,test,0,0.04154150720757768
7255,test,0,0.022911736440640585
10416,test,0,0.0
5663,test,0,0.0
242,test,0,0.0
840,test,0,0.0
3237,test,0,0.06371955383443378
3556,test,0,0.0
7279,test,0,0.008055165208754203
391,test,0,0.0
9601,test,0,0.0
10695,test,0,0.03830200256852932
8016,test,0,0.05484975577856827
6584,test,0,0.005057805588273084
1647,test,0,0.035395988121793544
9939,test,0,0.0
9598,test,0,0.0
5344,test,0,0.026497754833122753
3134,test,0,0.03839773267923329
5546,test,0,0.0
131,test,0,0.0
4047,test,0,0.03930283812074175
3230,test,0,0.0
1692,test,0,0.03462816535825007
6085,test,0,0.07841539294435797
7878,test,0,0.07841539294435797
2111,test,0,0.0
10671,test,0,0.0
10449,test,0,0.0
5970,test,0,0.0
130,test,0,0.0005416623920713655
1398,test,0,0.0
135,test,0,0.06111845431968715
5276,test,0,0.010552043843566112
8232,test,0,0.0
6705,test,0,0.009925646905917986
5323,test,0,0.0557919462653876
10638,test,0,0.0
827,test,0,0.0
20,test,0,0.028429612129739077
6857,test,0,0.00889447995099627
6390,test,0,0.0
9321,test,0,0.07824003569456996
8295,test,0,0.022110322309542386
4392,test,0,0.017274947251086054
5653,test,0,0.0
3128,test,0,0.034487245802156445
9855,test,0,0.0
2012,test,0,0.04459363191699199
9864,test,0,0.0
7916,test,0,0.012924080635423753
10789,test,0,0.0
5792,test,0,0.03636973817298934
2110,test,0,0.03539598752178851
822,test,0,0.008064825342026202
8086,test,0,0.0
8890,test,0,0.06316628313435914
10532,test,0,0.0
4570,test,0,0.005057805588273084
973,test,0,0.015982784128379404
626,test,0,0.03606384465610611
814,test,0,0.0
5650,test,0,0.03539599823155572
1651,test,0,0.0010983697937704808
8698,test,0,0.001565755102800677
240,test,0,0.0015632844974275894
2432,test,0,0.0015632844974275894
2162,test,0,0.0012824055676394562
2358,test,0,0.001565755102800677
256,test,0,0.0
10183,test,0,0.03659588760953695
9624,test,0,0.03539599234763542
6699,test,0,0.0
2299,test,0,0.03539605461052297
8514,test,0,0.0
5341,test,0,0.0388949286437082
4621,test,0,0.046637991860136285
7225,test,0,0.026470200528955507
9806,test,0,0.0
120,test,0,0.07821282690655068
8066,test,0,0.0
7010,test,0,0.016004991224930498
2015,test,0,0.08125863469186134
2967,test,0,0.005057805588273084
4296,test,0,0.03541533835138442
2362,test,0,0.006246402993967666
1855,test,0,0.0
9295,test,0,0.08702359405076264
7707,test,0,0.00027557266023858464
8589,test,0,0.04040056205377943
7156,test,0,0.12451478106834347
7221,test,0,0.0
9077,test,0,0.020071410405667664
1722,test,0,0.035395988016416316
8044,test,0,0.0806511588160896
10708,test,0,0.007534258332445702
10680,test,0,0.005057805588273084
8057,test,0,0.05598372847760283
9203,test,0,0.14896705949180603
2292,test,0,0.14896705949180603
10705,test,0,0.05345281893281739
10360,test,0,0.0
9605,test,0,0.045005276285040356
853,test,0,0.031048522481240286
7264,test,0,0.06732392015160625
8761,test,0,0.11270682701297224
10921,test,0,0.11363329774819898
2365,test,0,0.07445470264151197
4423,test,0,0.0
233,test,0,0.0557236432767835
6030,test,0,0.039245009329382186
9061,test,0,0.05778230855332275
2428,test,0,0.0353959991778002
4393,test,0,0.0
8371,test,0,0.0
635,test,0,0.12091286918492915
1711,test,0,0.12091286918492915
2363,test,0,0.15522905518722133
5484,test,0,0.15522905518722133
9214,test,0,0.056542649388452645
4611,test,0,0.008681092909890846
9608,test,0,0.07180247852983175
1658,test,0,0.07180247852983175
6965,test,0,0.038946584721478605
7152,test,0,0.09146552452581028
9088,test,0,0.04564655110249974
2907,test,0,0.001565755102800677
9602,test,0,0.04554288378244393
10365,test,0,0.0
10492,test,0,0.11762964586858796
9908,test,0,0.004578857313760478
7994,test,0,0.06299220050436304
8936,test,0,0.0
1338,test,0,0.0
828,test,0,0.056393150283481325
2041,test,0,0.03539598962933307
3145,test,0,0.07120500033175144
8722,test,0,0.04992713437190205
10415,test,0,0.07312238904484794
636,test,0,0.0
9683,test,0,0.10182981535254908
2170,test,0,0.04454627833028935
5813,test,0,0.0
5550,test,0,0.027315318050484337
2296,test,0,0.03711639715029749
845,test,0,0.0
7872,test,0,0.03091316051381892
4053,test,0,0.06715612453174762
1652,test,0,0.0
4324,test,0,0.0
271,test,0,0.07302634306352536
5610,test,0,0.0
6572,test,0,0.0
8284,test,0,0.03371438186942792
9162,test,0,0.03371438186942792
9676,test,0,0.0
7406,test,0,0.0
1391,test,0,0.006705855471233511
388,test,0,0.06350929543487663
4342,test,0,0.020134418274854026
5553,test,0,0.07321774207755
852,test,0,0.054462381405007095
3012,test,0,0.09961339396354435
5544,test,0,0.09961339396354435
5263,test,0,0.02822527269945302
7702,test,0,0.023225713711766516
9868,test,0,0.035396016846765535
124,test,0,0.00027679410576685406
9938,test,0,0.03540567484958956
117,test,0,0.0751174194801273
7398,test,0,0.06863223185212702
2923,test,0,0.0
6573,test,0,0.0371048434721007
5201,test,0,0.06807267818770463
4434,test,0,0.0
6697,test,0,0.01578818952153355
248,test,0,0.006266111735166142
811,test,0,0.06641888326482304
9548,test,0,0.0
1701,test,0,0.08776967446628668
7634,test,0,0.061749624099644095
2384,test,0,0.08067699327276114
7218,test,0,0.08743316112152168
2411,test,0,0.03832127178362384
5334,test,0,0.0
8376,test,0,0.0
8349,test,0,0.0037475125277753062
1484,test,0,0.06751770573939823
2984,test,0,0.0
3678,test,0,0.06634906053078933
8005,test,0,0.05255974123532987
10544,test,0,0.03539598773254297
6717,test,0,0.051638333965788444
8891,test,0,0.06708191980564025
9235,test,0,0.11599154924393124
2,test,0,0.11599154924393124
8887,test,0,0.0
8054,test,0,0.06695159236074721
6738,test,0,0.046628485675921996
9161,test,0,0.046628485675921996
4056,test,0,0.08996661359067806
226,test,0,0.03853880630935038
1237,test,0,0.05261594547073613
3468,test,0,0.06419935478963763
2368,test,0,0.0
9955,test,0,0.035395986188444
5771,test,0,0.005776761713389063
125,test,0,0.03539598704866627
9629,test,0,0.0006582113767575056
9848,test,0,0.03600469713322229
3004,test,0,0.09409063501898103
3482,test,0,0.007612787893684676
8874,test,0,0.08500290302229298
3151,test,0,0.032707559039589225
8084,test,0,0.0
2424,test,0,0.06482623047687425
6723,test,0,0.0
2905,test,0,0.0709360018962037
9953,test,0,0.03560537970044947
851,test,0,0.06931064461265754
9847,test,0,0.007371350218345031
1607,test,0,0.0
4322,test,0,0.056336283681535156
2105,test,0,0.0
9860,test,0,0.0005319687038836636
8001,test,0,0.0
5808,test,0,0.03584221457898422
10651,test,0,0.007523512933347621
10332,test,0,0.005786610758320382
3124,test,0,0.005786610758320382
1861,test,0,0.04586957421851066
9545,test,0,0.03539598581209676
9531,test,0,0.04438306467610732
9047,test,0,0.062470817918596176
6075,test,0,0.0
848,test,0,0.10283558181565008
5483,test,0,0.10283558181565008
3126,test,0,0.0037475125277753062
7410,test,0,0.03216252571572506
3221,test,0,0.04785814422694071
4054,test,0,0.0
9832,test,0,0.03752379153952536
10174,test,0,0.04352321845645715
1374,test,0,0.04352321845645715
6995,test,0,0.01598276330349515
7921,test,0,0.031536433886709965
7990,test,0,0.06059070261349004
837,test,0,0.06059070261349004
9317,test,0,0.16159007008387974
641,test,0,0.16159007008387974
5177,test,0,0.08101300192101955
2129,test,0,0.01114515115002771
8296,test,0,0.03539598749598185
8976,test,0,0.06162139043039066
6583,test,0,0.008814287772897306
3665,test,0,0.00807450747311702
2737,test,0,0.014315533708076025
4034,test,0,0.014315533708076025
8651,test,0,0.0353960014143781
3558,test,0,0.027043900361776452
9844,test,0,0.026239326952821194
7007,test,0,0.05209309993728833
4252,test,0,0.0007114772480664332
9209,test,0,0.042490329184657664
7996,test,0,0.0349117852556542
8752,test,0,0.0805146770956596
1871,test,0,0.0654888480569276
9614,test,0,0.03565458917576665
10648,test,0,0.07685689636234812
3398,test,0,0.0
2017,test,0,0.025462145731265887
9225,test,0,0.006729015676506761
9834,test,0,0.09052936696825704
8886,test,0,0.07808072029511161
8705,test,0,0.0
7629,test,0,0.2525386870531956
9215,test,0,0.2525386870531956
241,test,0,0.06064543565619654
3231,test,0,0.0
9057,test,0,0.08033251806856044
1478,test,0,0.04510164467253322
6841,test,0,0.09479540217595657
7153,test,0,0.0594713082754826
7155,test,0,0.04230874342685667
3191,test,0,0.04230874342685667
10496,test,0,0.0
6035,test,0,0.09078153434978649
6964,test,0,0.0
6026,test,0,0.044562004220894846
8456,test,0,0.0
4148,test,0,0.004965544506393557
9108,test,0,0.0
4327,test,0,0.039039528197803514
8646,test,0,0.035396292608217056
820,test,0,0.0
9720,test,0,0.012374048824038385
10979,test,0,0.0
9103,test,0,0.07421481492474952
9285,test,0,0.010403958987506314
108,test,0,0.0
7207,test,0,0.0
4169,test,0,0.053949090167632704
5607,test,0,0.0
9609,test,0,0.010739307903465363
1706,test,0,0.06674874149324712
4632,test,0,0.02047986224806358
2486,test,0,0.0
5702,test,0,0.0
5329,test,0,0.020851448584694066
4328,test,0,0.09298254860683179
8045,test,0,0.07759072581506463
2915,test,0,0.0005319575774463033
2293,test,0,0.0353961238154042
10799,test,0,0.035395988016416316
8565,test,0,0.08129071115471687
9206,test,0,0.0
10291,test,0,0.005776761984359076
8289,test,0,0.022487066063634452
8878,test,0,0.031474227728027285
9323,test,0,0.10029717248092317
5960,test,0,0.0011121742374697989
6996,test,0,0.08520550084323876
4335,test,0,0.03539598586586065
8329,test,0,0.06830591146867392
9710,test,0,0.07031861929412714
1183,test,0,0.03542497619489968
181,test,0,0.0
290,test,0,0.06037895560623317
7172,test,0,0.03539599070461089
854,test,0,0.0
7396,test,0,0.0
6729,test,0,0.007273699815996498
9867,test,0,0.03539599624229173
7891,test,0,0.03698641345362965
10359,test,0,0.0
2481,test,0,0.005786428488329642
8922,test,0,0.069688057537991
2921,test,0,0.004631656124795117
846,test,0,0.0032927139973256323
980,test,0,0.0
9401,test,0,0.03539599307022213
2370,test,0,0.006055652529456361
10425,test,0,0.04544948764230133
1606,test,0,0.04544948764230133
9600,test,0,0.026229620002533066
8515,test,0,0.08334213443015118
8918,test,0,0.08334213443015118
6598,test,0,0.06839237996557421
835,test,0,0.10415964562967074
3488,test,0,0.0027830684274271346
10703,test,0,0.04174756452892711
8883,test,0,0.07772588490994806
10641,test,0,0.06472688080727232
1625,test,0,0.051891738014432774
7685,test,0,0.06775415861016648
9089,test,0,0.009836608910350958
2483,test,0,0.0
2414,test,0,0.0
2143,test,0,0.05889133752466613
5473,test,0,0.05889133752466613
1581,test,0,0.0666261261500128
3142,test,0,0.0745025522762871
10324,test,0,0.005776760704778457
7766,test,0,0.0
2005,test,0,0.0
3149,test,0,0.07397146002524527
7690,test,0,0.042845983529733365
6587,test,0,0.0011264098834132049
2106,test,0,0.035396092466754306
6746,test,0,0.08390372674946038
6079,test,0,0.035965972875109845
10540,test,0,0.0
2892,test,0,0.0
607,test,0,0.0
4377,test,0,0.0692532049043404
2888,test,0,0.005776762371459095
7999,test,0,0.026172793131586634
9736,test,0,0.0
400,test,0,0.0008142157646588716
614,test,0,0.06494561702691559
6601,test,0,0.09000519324689948
1853,test,0,0.0
7403,test,0,0.06444705311234263
3535,test,0,0.023214620452969667
8446,test,0,0.0014027785190600835
3144,test,0,0.04012396920742831
7631,test,0,0.0
5811,test,0,0.0057767692897966625
264,test,0,0.0
6067,test,0,0.07346875289366563
7012,test,0,0.055701045855985676
4309,test,0,0.03539598650887679
9730,test,0,0.07087192258556257
7917,test,0,0.0
6599,test,0,0.024327601450812197
2914,test,0,0.06782966293598564
4055,test,0,0.030271788445269662
1595,test,0,0.036667616568668945
7416,test,0,0.09423377029103344
3770,test,0,0.04242503447085458
9882,test,0,0.03539598586586065
3878,test,0,0.0
9046,test,0,0.0
7159,test,0,0.08005182805834395
4302,test,0,0.0
6031,test,0,0.0
3459,test,0,0.02612910504928433
7397,test,0,0.06187114691842455
4048,test,0,0.035502014602865055
7252,test,0,0.05152451274085308
9227,test,0,0.0
5343,test,0,0.08219408353936111
3011,test,0,0.010196706345125851
252,test,0,0.016554224891499644
6715,test,0,0.05313125198489702
8748,test,0,0.06680842275394787
985,test,0,0.05038135587005196
992,test,0,0.055556541836620635
8584,test,0,0.1086937264487835
8721,test,0,0.002998981836668958
2750,test,0,0.06619964732916256
10794,test,0,0.005057805588273084
5814,test,0,0.038862074900036285
2420,test,0,0.0037475125277753062
268,test,0,0.051450856954818276
1857,test,0,0.10078993957089494
9204,test,0,0.06969706735403443
4308,test,0,0.06969706735403443
3486,test,0,0.025158788634970883
7119,test,0,0.03539599668315564
855,test,0,0.09619034368527352
4323,test,0,0.04671225349268618
7694,test,0,0.051545215907392486
1584,test,0,0.0
2155,test,0,0.02459821904525217
8765,test,0,0.0
7268,test,0,0.006244973509941119
9172,test,0,0.00016395861704772568
1598,test,0,0.00016395861704772568
9532,test,0,0.0028749450572679736
2275,test,0,0.0
1518,test,0,0.09524870024430329
1698,test,0,0.09524870024430329
3141,test,0,0.055082536064760435
3123,test,0,0.08232034770326165
815,test,0,0.07926679999850242
9092,test,0,0.08356875038058767
4320,test,0,0.08875913498256753
829,test,0,0.08889138100250958
7160,test,0,0.038987038704910784
3533,test,0,0.08316861586699395
1381,test,0,0.0
9282,test,0,0.08897917363930422
2158,test,0,0.0
6979,test,0,0.03539599307022213
10646,test,0,0.039312756189767456
8288,test,0,0.06374331556409657
3467,test,0,0.0
9296,test,0,0.0
8570,test,0,0.03629062905891782
6306,test,0,0.0
1528,test,0,0.03539598636694012
2408,test,0,0.041861678443267825
10455,test,0,0.07579572679360312
3460,test,0,0.09160241221730295
100,test,0,0.08176371920475836
1695,test,0,0.08406300180742125
7368,test,0,0.03540565510103691
2399,test,0,0.037876803911020836
137,test,0,0.039421288698592766
9222,test,0,0.035395985758332874
11031,test,0,0.04948019875524013
5574,test,0,0.04922937033983256
2423,test,0,0.09181702117031211
7691,test,0,0.0246814795215086
5987,test,0,0.0057864263915378715
2100,test,0,0.0005011542046459892
4150,test,0,0.00624551585534788
2116,test,0,0.0005076740722581693
9677,test,0,0.0
7115,test,0,0.0
7888,test,0,0.062465531577984575
9850,test,0,0.08373001678448853
7413,test,0,0.006254760281586569
6971,test,0,0.035395986188444
9942,test,0,0.03539598962933307
5183,test,0,0.0
686,test,0,0.0
2018,test,0,0.06442741486349618
4298,test,0,0.0057767597907923
2034,test,0,0.06647334400861858
8229,test,0,0.035395986618555135
9093,test,0,0.07509893949438388
10864,test,0,0.07509893949438388
9311,test,0,0.0
9309,test,0,0.07017098638044875
10653,test,0,0.0
8997,test,0,0.06183469580056086
2960,test,0,0.0
9299,test,0,0.01003117439735634
7277,test,0,0.05478727968479529
136,test,0,0.09083456503908756
8696,test,0,0.05546656251618657
10452,test,0,0.024357536381294242
5560,test,0,0.038633406929227884
843,test,0,0.07048333932226164
3559,test,0,0.07702699276804509
2163,test,0,0.038489165780776706
4384,test,0,0.05845366159248941
6230,test,0,0.054676168506317444
9293,test,0,0.0
101,test,0,0.024163475921858857
4186,test,0,0.08326159355232582
251,test,0,0.054371359534178335
3464,test,0,0.04481715152280515
236,test,0,0.06636832559627431
6603,test,0,0.05547835090263252
8351,test,0,0.03539523847001706
10421,test,0,0.0
9691,test,0,0.0
5563,test,0,0.11041152485828105
4329,test,0,0.044349048078206624
3553,test,0,0.04249183384305866
5478,test,0,0.005776761739195731
8877,test,0,0.020826425063995072
1851,test,0,0.07766824545145509
8880,test,0,0.08043020435521157
8281,test,0,0.007524579108078178
8297,test,0,0.006245251915500832
2430,test,0,0.0
3544,test,0,0.07376591101183402
2406,test,0,0.028914246839177857
8756,test,0,0.09015014772061826
8000,test,0,0.06808528810984127
5690,test,0,0.03539599134977759
10677,test,0,0.035395986812105144
5165,test,0,0.0022889513040340683
7689,test,0,0.0
2372,test,0,0.0932425506886098
4319,test,0,0.04238085436264074
6991,test,0,0.04474627734650314
11027,test,0,0.057567703488895394
2922,test,0,0.006245104079852907
10858,test,0,0.03539598944868639
9678,test,0,0.06948481209706887
90,test,0,0.0
3513,test,0,0.0008766387289327002
9533,test,0,0.0606335169761497
3294,test,0,0.0606335169761497
9083,test,0,0.07202885482804976
991,test,0,0.061730819539965745
9959,test,0,0.0
1866,test,0,0.048704275517808544
8534,test,0,0.0
3232,test,0,0.024112779265252494
10673,test,0,0.035396004973547716
5804,test,0,0.03470346491484207
1715,test,0,0.07176400901834297
974,test,0,0.0
4389,test,0,0.006265466974309421
6245,test,0,0.08341738384361948
286,test,0,0.00042423298056610344
275,test,0,0.0
263,test,0,0.067940146261778
6978,test,0,0.017930186032519523
6837,test,0,0.04621422943600202
1603,test,0,0.0
1605,test,0,0.03539598962933307
8019,test,0,0.0
2048,test,0,0.0
273,test,0,0.03527450426459869
230,test,0,0.07965984843253976
4305,test,0,0.059489953357570804
6736,test,0,0.08678920724474415
2167,test,0,0.0
9654,test,0,0.038862076707578325
3456,test,0,0.01404768030666805
289,test,0,0.0
8876,test,0,0.06016044425293664
10541,test,0,0.005776762567159661
6579,test,0,0.0
3192,test,0,0.0
3656,test,0,0.0749491321726562
1710,test,0,0.06006761228016117
8332,test,0,0.004410922429307866
8090,test,0,0.005776761048867363
7220,test,0,0.0
10866,test,0,0.06798080183515692
3473,test,0,0.06798080183515692
7381,test,0,0.03886203147709162
6045,test,0,0.0
2042,test,0,0.03500815799733749
2359,test,0,0.020090749548746248
4184,test,0,0.040916700003192724
9712,test,0,0.0
1593,test,0,0.07602548319368105
2919,test,0,0.016317024390225667
9405,test,0,0.005776763483296373
9597,test,0,0.06260407558089259
2736,test,0,0.06260407558089259
1238,test,0,0.006590994745848605
9899,test,0,0.07844702831814328
8324,test,0,0.005776759818749523
2367,test,0,0.0
3227,test,0,0.0
4262,test,0,0.02515878752887559
3515,test,0,0.0612533719252241
5339,test,0,0.0584276323213398
4149,test,0,0.02973078756594444
3224,test,0,0.0
9097,test,0,0.0
2056,test,0,0.08682332092345138
5651,test,0,0.03539598640349957
9071,test,0,0.05830735020545815
2020,test,0,0.014993678530553188
7198,test,0,0.026116844462339427
2108,test,0,0.013836023237846206
5797,test,0,0.003539671840670104
8292,test,0,0.004669914686435654
5764,test,0,0.0
8011,test,0,0.0
4648,test,0,0.0
7260,test,0,0.0635557646301537
4044,test,0,0.0
2049,test,0,0.0
9043,test,0,0.07448005572278538
9073,test,0,0.03675395401420022
1700,test,0,0.0
10714,test,0,0.03715916001795834
7769,test,0,0.035395993216459906
5207,test,0,0.00033926515675168785
118,test,0,0.0
696,test,0,0.005776766259663734
8923,test,0,0.0
4045,test,0,0.05322725053973881
7117,test,0,0.0
10489,test,0,0.02622962386823214
5700,test,0,0.0
2148,test,0,0.07742329694675876
8978,test,0,0.018389037398574646
8322,test,0,0.03539598769383297
6301,test,0,0.0679534770741248
4297,test,0,0.037905381440159994
10685,test,0,0.03540574592760477
7920,test,0,0.019085101986105392
4435,test,0,0.03924929446771532
1341,test,0,0.09827833669501157
5214,test,0,0.005776762586514662
1626,test,0,0.03058928931241735
6313,test,0,0.039000928895656595
7150,test,0,0.0
6577,test,0,0.027070628485757028
8323,test,0,0.0
4622,test,0,0.0
9546,test,0,0.0779753081026914
2402,test,0,0.018095201621500738
3667,test,0,0.0
4565,test,0,0.06321306458772456
6856,test,0,0.030530423483866087
1812,test,0,0.005776760328431215
2898,test,0,0.035688611928954644
1852,test,0,0.0
6392,test,0,0.08292206173359923
3127,test,0,0.07827617438457814
2725,test,0,0.0014027785190600835
2482,test,0,0.08243468703615568
9835,test,0,0.001366049510646491
6852,test,0,0.040652322133797616
7269,test,0,0.00016069774472913658
9692,test,0,0.017805382926081685
10690,test,0,0.035395992209999866
1407,test,0,0.023126672743328226
1,test,0,0.03038615365447555
4303,test,0,0.0
6308,test,0,0.08058624540114949
8338,test,0,0.033900587899420395
7989,test,0,0.05168497553861951
7991,test,0,0.08938804095963822
10446,test,0,0.08938804095963822
9207,test,0,0.012924396605653215
8303,test,0,0.0011697290888252779
1821,test,0,0.03539598645726347
176,test,0,0.05209775029156505
9074,test,0,0.0
6238,test,0,0.0
2980,test,0,0.04196983361438558
2046,test,0,0.004570785452244398
6741,test,0,0.0
5658,test,0,0.025076257074750176
6073,test,0,0.04316501903307544
1671,test,0,0.0
7266,test,0,0.020071392351527065
1872,test,0,0.04069821558689399
1353,test,0,0.035395987102430165
2131,test,0,0.0
10287,test,0,0.035396058425608716
224,test,0,0.0
4487,test,0,0.0
7021,test,0,0.0
7632,test,0,0.005057805588273084
5194,test,0,0.0
9111,test,0,0.005776759752082298
7409,test,0,0.06561199679505855
2409,test,0,0.048757597022126654
11026,test,0,0.04185976791890757
4190,test,0,0.05020080267744725
10798,test,0,0.02593200554117558
6307,test,0,0.08257695129019325
6040,test,0,0.07107742062822697
7882,test,0,0.025158792584294314
8454,test,0,0.0
4618,test,0,0.0
7982,test,0,0.009422137986458483
3147,test,0,0.04849129446705986
8567,test,0,0.0
2153,test,0,0.0
2896,test,0,0.01443921649826388
5773,test,0,0.0
6849,test,0,0.0632788627390564
3392,test,0,0.01856254106967071
2361,test,0,0.0767570436401376
8885,test,0,0.05920553365201201
1859,test,0,0.006245096304518907
10654,test,0,0.004634137428479488
3879,test,0,0.005776764694059211
836,test,0,0.06878134704791812
7161,test,0,0.0
9595,test,0,0.017084901034274586
6299,test,0,0.0
10530,test,0,0.03539598640349957
3136,test,0,0.0
186,test,0,0.03539598640349957
9596,test,0,0.04359115585725745
3786,test,0,0.0
1243,test,0,0.0
7005,test,0,0.0
9910,test,0,0.011431696058730964
1604,test,0,0.004579351317772742
3189,test,0,0.005776760812306239
9315,test,0,0.0366187026926829
7695,test,0,0.0007830049232638878
2356,test,0,0.06756878976662933
4641,test,0,0.0006880185894782699
10179,test,0,0.0897321957684381
2011,test,0,0.01210017917198071
4627,test,0,0.08236048705334843
200,test,0,0.0
9054,test,0,0.016634309179370553
9885,test,0,0.016634309179370553
1362,test,0,0.0
5694,test,0,0.03349238221084504
3212,test,0,0.038237773658188985
4173,test,0,0.02561783463663005
8301,test,0,0.04227761718385317
7206,test,1,0.0
10859,test,0,0.026861706669647944
1339,test,0,0.0
5184,test,0,0.07370417861624345
5704,test,0,0.005776774354355248
10057,test,0,0.03535333662768644
1360,test,0,0.0
119,test,0,0.007612787893684676
6592,test,0,0.004638115115438588
9907,test,0,0.03872061373562778
5777,test,0,0.009401937587729397
857,test,0,0.03604557376038828
7165,test,0,0.10108741779907532
4311,test,0,0.011783392080443668
3527,test,0,0.05597508423003908
9856,test,0,0.05333288363797996
7110,test,0,0.0
4502,test,0,0.035395986941138484
2157,test,0,0.04429933557928079
5166,test,0,0.0
8992,test,0,0.0
7980,test,0,0.016183908517167195
7179,test,0,0.07157805293955075
1858,test,0,0.004592540463295541
11017,test,0,0.11792792584892776
5609,test,0,0.0
8929,test,0,0.09383074798405985
9606,test,0,0.010571402817671157
4178,test,0,0.0
8382,test,0,0.0
4491,test,0,0.011780079286662132
8944,test,0,0.004684375378969271
7880,test,0,0.0
10783,test,0,0.008024025241226017
2171,test,0,0.07344108069673068
9862,test,0,0.0
1816,test,0,0.0
9289,test,0,0.05988589641608519
2890,test,0,0.035395987900286315
249,test,0,0.0
3487,test,0,0.0
3233,test,0,0.0
9320,test,0,0.04684488072789858
8235,test,0,0.03539598645726347
7885,test,0,0.01752289073785164
5790,test,0,0.007292004090685202
1608,test,0,0.0
6839,test,0,0.026856598281461697
4147,test,0,0.03372304208522654
5796,test,0,0.04086960726507945
132,test,0,0.04104167733089568
3540,test,0,0.0
3234,test,0,0.0
2440,test,0,0.0
7013,test,0,0.022039260729248236
5198,test,0,0.0
856,test,0,0.07426904957798476
10519,test,0,0.0
5980,test,0,0.02848026714248176
6597,test,0,0.032193685011956755
9075,test,0,0.055579966780569694
8889,test,0,0.08284517964774807
4250,test,0,0.0
6961,test,0,0.0
1481,test,0,0.0
1577,test,0,0.00033897749563792156
7108,test,0,0.0
4613,test,0,0.0
7105,test,0,0.0
4295,test,0,0.00037589609229209077
3792,test,0,0.0
250,test,0,0.005250845658041651
7898,test,0,0.0017632670482412383
2891,test,0,0.0017632670482412383
1811,test,0,0.0
9168,test,0,0.00016395861704772568
3455,test,0,0.00016395861704772568
10716,test,0,0.0
6726,test,0,0.0
5667,test,0,0.0
13,test,0,0.0
1862,test,0,0.0
5271,test,0,0.0007830024611679789
8657,test,0,0.0
10674,test,0,0.0023525950285923176
6068,test,0,0.0003199458005534154
9711,test,0,0.0
8052,test,0,0.004743329161198531
9101,test,0,0.004743329161198531
1380,test,0,0.0037475125277753062
2159,test,0,0.0
3554,test,0,0.0062479105851006075
2052,test,0,0.00013274763078055963
5809,test,0,0.0
3661,test,0,0.0
7753,test,0,0.0
693,test,0,0.0009468363158062676
627,test,0,0.0009468363158062676
10284,test,0,0.0009468363158062676
1195,test,0,0.0
2489,test,0,0.0029989838732451704
9820,test,0,0.0
11030,test,0,0.0
4299,test,0,0.0009468363158062676
88,test,0,0.0
1366,test,0,0.0
2150,test,0,0.001565755102800677
1627,test,0,0.0
7425,test,0,0.021509528984086233
9291,test,0,0.021509528984086233
6590,test,0,0.0
9900,test,0,0.001565755102800677
10639,test,0,0.001565755102800677
1363,test,0,0.0
3662,test,0,0.0
8062,test,0,0.0
9675,test,0,0.0018437383332897074
2383,test,0,0.0
5972,test,0,0.0
9719,test,0,0.000876640968403087
6028,test,0,0.0012923910398646168
10528,test,0,0.0
9211,test,0,0.0
8061,test,0,0.0004506356469205495
1349,test,0,0.0004506356469205495
116,test,0,0.0
390,test,0,0.00299898521734246
8225,test,0,0.0
1702,test,0,0.012400168558789405
9879,test,0,0.0
4425,test,0,0.0
5476,test,0,0.0
11037,test,0,0.0
606,test,0,0.0
619,test,0,0.0010014805956936193
10676,test,0,0.005776770328515047
2729,test,0,0.0010983697937704808
10867,test,0,0.0
1196,test,0,0.0
2733,test,0,0.0003134740493270607
7635,test,0,0.00026443762689072386
10643,test,0,0.009003456307246839
2436,test,0,0.00026443762689072386
4558,test,0,0.0
3590,test,0,0.0
981,test,0,0.001565755102800677
1823,test,0,0.002020573781480234
3007,test,0,0.0
10791,test,0,0.0
1357,test,0,0.0
1185,test,0,0.0005491437896925801
1665,test,0,0.0
8381,test,0,0.011240558616830765
5776,test,0,0.0
3296,test,0,0.011240558616830765
5647,test,0,0.011240558616830765
5986,test,0,0.0
9821,test,0,0.011240558616830765
178,test,0,0.005172889087469382
1245,test,0,0.0
5996,test,0,0.0
7755,test,0,0.0
5213,test,0,0.012978035969384561
1382,test,0,0.0
1486,test,0,0.0
10290,test,0,0.0
7166,test,0,0.011240558616830765
9933,test,0,0.011240558616830765
6595,test,0,0.0
4562,test,0,0.0013981915483966061
3877,test,0,0.0372232898182874
8879,test,0,0.052036126182482025
1661,test,0,0.03539598645726347
9662,test,0,0.0002456595833905343
4269,test,0,0.0002456595833905343
1650,test,0,0.0
824,test,0,0.006662150166225854
1392,test,0,0.006662150166225854
8706,test,0,0.0
4633,test,0,0.05014149191369769
1848,test,0,0.0008694658837019837
9076,test,0,0.04351185222710288
85,test,0,0.03886204846648136
1864,test,0,0.06888737389226428
8693,test,0,0.0
9723,test,0,0.06096111569299678
9892,test,0,0.03539601465749987
2350,test,0,0.07707581019070105
8009,test,0,0.08574211750970541
6722,test,0,0.0
9094,test,0,0.03156030015582442
5268,test,0,0.020271319094071007
6990,test,0,0.04898719690157287
3394,test,0,0.04898719690157287
825,test,0,0.041996636696130116
7212,test,0,0.04158396390946349
4188,test,0,0.060036786918037516
638,test,0,0.035709463582084044
7752,test,0,0.0
238,test,0,0.0
7401,test,0,0.0353959881239441
6310,test,0,0.006825586056078602
9098,test,0,0.006825586056078602
9292,test,0,0.05631174573157153
1406,test,0,0.007441465371269529
7852,test,0,0.0052374018233094614
6740,test,0,0.014984001460214474
3293,test,0,0.03917552186580297
10289,test,0,0.03924006193986374
10786,test,0,0.005057805588273084
2145,test,0,0.005057805588273084
11029,test,0,0.0
6043,test,0,0.00016069774472913658
9838,test,0,0.035687965606967645
2348,test,0,0.035395998790700184
229,test,0,0.0
8348,test,0,0.0
1493,test,0,0.00026443762689072386
4574,test,0,0.036085431798975394
3138,test,0,0.030542322937200106
10800,test,0,0.03539603341464636
3799,test,0,0.03539598936051361
4388,test,0,0.0
9713,test,0,0.0011121742374697989
9237,test,0,0.03539598711318294
3226,test,0,0.03666557880572681
1198,test,0,0.0009800900538165524
611,test,0,0.03619588396056652
9831,test,0,0.02022032587240061
812,test,0,0.02022032587240061
3210,test,0,0.0
2745,test,0,0.0
3389,test,0,0.0007205962254860007
5333,test,0,0.012886267079872104
2982,test,0,0.00775026048892501
8350,test,0,0.03574067076981399
6989,test,0,0.0
5815,test,0,0.03560538058217729
10984,test,0,0.0
3218,test,0,0.018276523037465946
7875,test,0,0.03539598962933307
2127,test,0,0.0039445136867381145
8453,test,0,0.0
8524,test,0,0.0054068980733328045
10550,test,0,0.005057805588273084
3207,test,0,0.005057805588273084
8448,test,0,0.005057805588273084
3458,test,0,0.003464903330702285
4559,test,0,0.038862133824186164
6578,test,0,0.03886203744703414
4488,test,0,0.0353970777244762
7374,test,0,0.0009078639977819645
7418,test,0,0.0
6029,test,0,0.0020637710511708816
11024,test,0,0.0020637710511708816
5222,test,0,0.03539600440795158
5963,test,0,0.009972189034709434
6044,test,0,0.020455439330889127
94,test,0,0.0
3675,test,0,0.036054150812121405
3148,test,0,0.07540124693577978
9051,test,0,0.09877113447943593
2047,test,0,0.05795824289365977
9091,test,0,0.0
1666,test,0,0.016170157054729954
2019,test,0,0.016170157054729954
10691,test,0,0.07185846576526345
6580,test,0,0.011240558616830765
8747,test,0,0.0
10537,test,0,0.0
7419,test,0,0.001565755102800677
3660,test,0,0.0
4609,test,0,0.008406554759824318
4137,test,0,0.0
858,test,0,0.020071394666922822
102,test,0,0.0
5981,test,0,0.0
2731,test,0,0.03539598586586065
6080,test,0,0.06892393968416854
629,test,0,0.06892393968416854
3223,test,0,0.015220335974884572
4332,test,0,0.00025063133021973363
2429,test,0,0.0
3790,test,0,0.0003758995331811512
3006,test,0,0.0005491437896925801
7154,test,0,0.0016985027335812365
5190,test,0,0.00129250909877905
2376,test,0,0.06800113224315602
813,test,0,0.054489967659849585
10792,test,0,0.0
8287,test,0,0.0
2135,test,0,0.0
7006,test,0,0.10002328384649203
3295,test,0,0.0
6737,test,0,0.0
6744,test,0,0.017075140675463465
10448,test,0,0.04930327154695236
6389,test,0,0.00037590274396075575
7422,test,0,0.0
2978,test,0,0.0512782896331585
6388,test,0,0.0
8328,test,0,0.0
5569,test,0,0.058558632671401684
9,test,0,9.758480165744586e-05
1488,test,0,9.758480165744586e-05
1387,test,0,0.00498625442751802
2400,test,0,0.00498625442751802
8282,test,0,0.08193341534190973
1654,test,0,0.0
2920,test,0,0.026229619437958443
10491,test,0,0.0
9549,test,0,0.0038802601585558654
1597,test,0,0.0
7148,test,0,0.0
10493,test,0,0.0
2439,test,0,0.0
1697,test,0,0.0
6087,test,0,0.0006568003655160208
5810,test,0,0.03539599380141105
1182,test,0,0.0
8576,test,0,0.02189444196949802
9617,test,0,0.03539598597123788
2983,test,0,0.011240558616830765
2022,test,0,0.0
4381,test,0,0.10375854731033823
1344,test,0,0.011240558616830765
3517,test,0,0.011240558616830765
8983,test,0,0.004778491990321645
2036,test,0,0.07441856647830611
5225,test,0,0.0
14,test,0,0.035395995167013895
6716,test,0,0.0013963153394751348
8996,test,0,0.06903098504380435
2738,test,0,0.0
259,test,0,0.0
6711,test,0,0.028251438684726134
6240,test,0,0.002020573781480234
9876,test,0,0.0
6745,test,0,0.0
8299,test,0,0.0
2981,test,0,0.0
6846,test,0,0.029404059153942286
6318,test,0,0.07283498266710327
6992,test,0,0.0
810,test,0,0.083885617712924
4634,test,0,0.07859922595463338
1854,test,0,0.02578301318719338
7107,test,0,0.005298407097273339
5784,test,0,0.011240558616830765
1346,test,0,0.0
397,test,0,0.0
3537,test,0,0.039144633342384286
10697,test,0,0.04549501522647485
9688,test,0,0.0
9539,test,0,0.08827149046537953
8334,test,0,0.08849705554733073
266,test,0,0.0
7686,test,0,0.0850169313856617
833,test,0,0.002257133904033915
7201,test,0,0.028924270159882044
2730,test,0,0.03886204365783889
7205,test,0,0.025730838418725067
5552,test,0,0.07804511838383289
8892,test,0,0.0
9913,test,0,0.00019669730454349233
2404,test,0,0.07251060415461702
7863,test,0,0.17882384400105275
4185,test,0,0.17882384400105275
834,test,0,0.00029148534978564605
5793,test,0,0.0
2138,test,0,0.0
10479,test,0,0.09005291278891724
3598,test,0,0.0
8770,test,0,0.06280034198527908
6036,test,0,0.05510860146004753
7273,test,0,0.055264750943100724
8569,test,0,0.05551833524271977
5984,test,0,0.0425560347192346
8587,test,0,0.0425560347192346
4645,test,0,0.035405827154092157
1244,test,0,0.001315518882008811
697,test,0,0.002998981727958369
2425,test,0,0.0
6315,test,0,0.0388620800022296
9663,test,0,0.0388620800022296
9543,test,0,0.08691469296634587
6980,test,0,0.004564740448747736
9176,test,0,0.004564740448747736
9897,test,0,0.05293852970271276
7376,test,0,0.011240558616830765
4615,test,0,0.05081687845025983
8014,test,0,0.053622687852390105
9846,test,0,0.04538677552099021
246,test,0,0.06667485804376981
2031,test,0,0.06298837459395247
6701,test,0,0.09362351482105899
5652,test,0,0.005057805588273084
4325,test,0,0.05187283147653836
244,test,0,0.02828048372971846
639,test,0,0.0
7019,test,0,0.02335986065838876
5170,test,0,0.03499571185266935
9110,test,0,0.011240558616830765
3485,test,0,0.04514859373256472
7915,test,0,0.06117371555401328
3534,test,0,0.0
6986,test,0,0.06787644107831046
2117,test,0,0.0
8060,test,0,0.11145914003071056
17,test,0,0.06093021113968031
199,test,0,0.0
2909,test,0,0.0
3672,test,0,0.040377117858261896
7884,test,0,0.03539598640349957
3480,test,0,0.08918442613780242
5187,test,0,0.08075273229802926
5656,test,0,0.0005491437896925801
4563,test,0,0.0
8384,test,0,0.0
9715,test,0,0.04068472693587168
4170,test,0,0.0
9594,test,0,0.0557965548218534
2095,test,0,0.039613681992475135
1809,test,0,0.0
9840,test,0,0.056889161803198175
5555,test,0,0.053696675295333715
4131,test,0,0.09239972120519514
2266,test,0,0.0
8568,test,0,0.09948196257362292
1870,test,0,0.0
8871,test,0,0.0733741588952365
5566,test,0,0.07146336819578038
10320,test,0,0.011240558616830765
8286,test,0,0.016388512193589076
7263,test,0,0.05871242604962109
9827,test,0,0.03539602523393262
5275,test,0,0.0
3217,test,0,0.05105690235449983
1609,test,0,0.016554224437861434
7704,test,0,0.06322949918328914
632,test,0,0.03539598919922193
6602,test,0,0.0024235850124773063
4318,test,0,0.07337527487424522
10418,test,0,0.0
8285,test,0,0.005379699995163499
2043,test,0,0.04242411542357987
9084,test,0,0.06356140734460897
5549,test,0,0.08385870266996298
3520,test,0,0.0
5208,test,0,0.07262671809096603
850,test,0,0.04416311852642876
291,test,0,0.0
3471,test,0,0.0
1356,test,0,0.0009078472234477948
8582,test,0,0.0
3387,test,0,0.0
2378,test,0,0.06916254862778076
9205,test,0,0.006156349982620271
2044,test,0,0.04173641363133633
6070,test,0,0.0
8007,test,0,0.0011121742374697989
10481,test,0,0.003714506946519287
1388,test,0,0.003714506946519287
11033,test,0,0.005057805588273084
8692,test,0,0.06935199213453143
9716,test,0,0.0
2885,test,0,0.0
7209,test,0,0.0
7375,test,0,0.0010983697937704808
8894,test,0,0.002698963578878134
2294,test,0,0.0
10916,test,0,0.0
4141,test,0,0.0
4037,test,0,0.006245067436534968
8656,test,0,0.09823471795221417
2008,test,0,0.09823471795221417
5186,test,0,0.05620399360306088
6232,test,0,0.042993142714371504
6977,test,0,0.0010983697937704808
6594,test,0,0.0043557800379811044
7151,test,0,0.0
1714,test,0,0.041240601141003565
2172,test,0,0.0
10995,test,0,0.0
9082,test,0,0.08297430815951966
2964,test,0,0.0
3205,test,0,0.0
8336,test,0,0.06844133669210643
8048,test,0,0.05619950865436937
6576,test,0,0.0
1179,test,0,0.0
9287,test,0,0.09476214345526748
1590,test,0,0.022911730141017883
4140,test,0,0.04869462722651754
9863,test,0,0.005057805588273084
10520,test,0,0.03539599199494429
1623,test,0,0.0
7278,test,0,0.0
3798,test,0,0.001294690714803286
3874,test,0,0.0011686327333349
1694,test,0,0.058400896335176915
1522,test,0,0.0
1483,test,0,0.006934254707128228
841,test,0,0.026566526572363375
9858,test,0,0.0007421348275488337
4171,test,0,0.0575595443661565
9304,test,0,0.007212471339585362
3481,test,0,0.0
1869,test,0,0.0
8092,test,0,0.0
3779,test,0,0.011440153141271898
3214,test,0,0.0
9684,test,0,0.0
5266,test,0,0.0
8320,test,0,0.03539613978973166
9621,test,0,0.03539598971535529
8536,test,0,0.0005491437896925801
5710,test,0,0.0045250662394602514
3483,test,0,0.0045250662394602514
9807,test,0,0.011240558616830765
2297,test,0,0.0
1808,test,0,0.0
9056,test,0,0.1023660238134158
2912,test,0,0.0
9727,test,0,0.0
5538,test,0,0.0037475125277753062
5174,test,0,0.0
4301,test,0,0.03539598696264404
5557,test,0,0.0516913058574838
11020,test,0,0.0031595929145137027
2054,test,0,0.059252069420663474
7379,test,0,0.10564630836923361
4380,test,0,0.10564630836923361
8013,test,0,0.08204634321819326
3531,test,0,0.0
6071,test,0,0.08393292936237097
1588,test,0,0.0
3521,test,0,0.05215118234710108
2139,test,0,0.0
232,test,0,0.0
8343,test,0,0.0024235850124773063
6698,test,0,0.09299235591381688
5600,test,0,0.0
10517,test,0,0.0
8050,test,0,0.01969722406194072
10364,test,0,0.01969722406194072
8873,test,0,0.08355006156066261
3547,test,0,0.0948495294073885
1616,test,0,0.030745383329281926
6316,test,0,0.06128193164991293
6994,test,0,0.053376082634226746
6999,test,0,0.026595056617029197
2346,test,0,0.06201839244597703
3551,test,0,0.0
6743,test,0,0.0847561061368786
8347,test,0,0.048705680564847705
9085,test,0,0.0073906592467303
7692,test,0,0.04931353382251515
9319,test,0,0.0
105,test,0,0.1351659285398733
971,test,0,0.05497458136332173
5537,test,0,0.03771934446704984
3457,test,0,0.06028096009660339
8882,test,0,0.08136428015846825
1586,test,0,0.058872292016765394
3659,test,0,0.03628763418047594
5193,test,0,0.05460000854340657
8975,test,0,0.011220913605914247
5172,test,0,0.0
4041,test,0,0.02501522848244208
3775,test,0,0.0
177,test,0,0.0016368662520935128
5326,test,0,0.07641306447576762
7,test,0,0.003311324450943866
688,test,0,0.003311324450943866
8342,test,0,0.03618872430286116
1860,test,0,0.015626476187749337
3679,test,0,0.05026829654215032
4266,test,0,0.04625109123357729
2035,test,0,0.031901379569079805
8750,test,0,0.08891528865511138
4333,test,0,0.03539598765082185
8704,test,0,0.07438003618505429
10485,test,0,0.14753173186285137
3396,test,0,0.0003134751928850344
5973,test,0,0.005121916439594803
1377,test,0,0.0
5558,test,0,0.08157478093755262
2961,test,0,0.0
4606,test,0,0.046179014875883655
9063,test,0,0.0
4166,test,0,0.0
8585,test,0,0.004452880363582015
7204,test,0,0.012924463365352655
4604,test,0,0.08860178899346359
6714,test,0,0.0040711961890527865
9053,test,0,0.13234318783792592
8002,test,0,0.061586582425139764
9686,test,0,0.0
8694,test,0,0.019412922095613783
2121,test,0,0.05949179076957304
4386,test,0,0.0111450531164747
9672,test,0,0.0
2295,test,0,0.0
4049,test,0,0.0
9290,test,0,0.05922089489517831
4172,test,0,0.04175664522678721
10914,test,0,0.0
2120,test,0,0.06597651077180146
6713,test,0,0.025179891788224478
10698,test,0,0.0
5967,test,0,0.07268107035379887
2416,test,0,0.0
9066,test,0,0.0
7420,test,0,0.0
3204,test,0,0.0
6302,test,0,0.07454606282595616
8686,test,0,0.03602293603436008
5261,test,0,0.0792540097150584
10191,test,0,0.0
237,test,0,0.10384095487786155
9837,test,0,0.06430937342601484
6309,test,0,0.08609740246011804
2126,test,0,0.0
9893,test,0,0.06819210087228231
6042,test,0,0.07498959991149463
10060,test,0,0.0
7016,test,0,0.04093332175537515
10353,test,0,0.0
9294,test,0,0.0
10451,test,0,0.08654345182041254
6032,test,0,0.03599172149854704
5567,test,0,0.04868651415233194
2916,test,0,0.0
9845,test,0,0.0
5782,test,0,0.0010183356176007277
10,test,0,0.008960363207221373
7881,test,0,0.06764030050145424
1390,test,0,0.09467238782635179
1579,test,0,0.09467238782635179
9231,test,0,0.005776764199431409
3143,test,0,0.050895564476138154
6702,test,0,0.0
7000,test,0,0.024110053400349815
5551,test,0,0.033435179525130865
1386,test,0,0.0
4630,test,0,0.0
9877,test,0,0.0
3525,test,0,0.0
3606,test,0,0.03539598661425403
7405,test,0,0.03529378938237491
6847,test,0,0.0
5338,test,0,0.0
8345,test,0,0.0
9852,test,0,0.09720221749467352
10325,test,0,0.002426331268546115
1578,test,0,0.002426331268546115
10649,test,0,0.007222142498164842
1613,test,0,0.0
6983,test,0,0.082174752122138
9210,test,0,0.03483473012830358
3550,test,0,0.007526155250054605
4255,test,0,0.015389856126700512
4385,test,0,0.0
2028,test,0,0.04427203922530733
3469,test,0,0.0
7210,test,0,0.02758690243546983
10699,test,0,0.09685086334301987
3008,test,0,0.0
3220,test,0,0.006251464714895304
1618,test,0,0.0031637617852263334
4313,test,0,0.00031347526600392696
8321,test,0,0.0
6843,test,0,0.023174226417482166
4139,test,0,0.0584536049772406
2164,test,0,0.05906049936383325
7009,test,0,0.005973897868122157
5989,test,0,0.09235992011177424
8688,test,0,0.09235992011177424
2968,test,0,0.0
7203,test,0,0.06848975018557654
110,test,0,0.05783941996092128
3119,test,0,0.09928173391298681
10675,test,0,0.0
9301,test,0,0.0
3203,test,0,0.06499790876524413
9245,test,0,0.0003654454540689197
106,test,0,0.0
9052,test,0,0.06770467920171384
9718,test,0,0.030968113737618836
8710,test,0,0.03539598693468682
4306,test,0,0.0
8063,test,0,0.08314721781803294
3115,test,0,0.03944561637446618
7625,test,0,0.0
6845,test,0,0.02006353367304911
225,test,0,0.046331843908054976
8925,test,0,0.0
8768,test,0,0.07545571472412466
7011,test,0,0.0053529129529396495
983,test,0,0.016024840140245685
7363,test,0,0.035395986941138484
10655,test,0,0.022921531459667004
8987,test,0,0.05675132937836813
9536,test,0,0.0
9681,test,0,0.0
8581,test,0,0.059207619793043106
9898,test,0,0.06985436345968948
2380,test,0,0.06765194557143533
10647,test,0,0.057261810245747086
3478,test,0,0.028251454310351747
1703,test,0,0.05301690138051765
1718,test,0,0.08068528036001689
8932,test,0,0.06326371595224409
5265,test,0,0.0
10454,test,0,0.025792738642690403
4167,test,0,0.0353987339991113
7703,test,0,0.0
1489,test,0,0.00010667118279451864
4135,test,0,0.026239282268296058
6981,test,0,0.04012403005309968
2741,test,0,0.0295412695931404
7215,test,0,0.030558421039079978
8571,test,0,0.07369913400851671
9069,test,0,0.0
280,test,0,0.08208691633109003
4181,test,0,0.0
265,test,0,0.039000461111102246
9673,test,0,0.0
10065,test,0,0.0
9722,test,0,0.014453420220428661
8872,test,0,0.054897199755792644
2752,test,0,0.04470237485830723
10482,test,0,0.100990431309762
831,test,0,0.0
4326,test,0,0.03189200470938208
2037,test,0,0.07028111475210712
7637,test,0,0.0
9946,test,0,0.03683393857968572
984,test,0,0.03683393857968572
3140,test,0,0.0625179994564361
8339,test,0,0.0
9887,test,0,0.0
3150,test,0,0.04946158513266283
99,test,0,0.0
7889,test,0,0.015220335974884572
8684,test,0,0.05694073721678647
9208,test,0,0.052146347261619
4636,test,0,0.06275772755861839
7373,test,0,0.0
5978,test,0,0.022921268063856772
5332,test,0,0.04363212980205647
3479,test,0,0.018501713771130482
5573,test,0,0.0
5572,test,0,0.012953066854589607
2347,test,0,0.05684557330788125
10715,test,0,0.052995497598751426
3470,test,0,0.04643137118993675
8335,test,0,0.049381250959223084
3539,test,0,0.04689750148956967
4035,test,0,0.0913707644333578
276,test,0,0.012427433368858924
2149,test,0,0.038189027407537574
10522,test,0,0.03539599393044439
698,test,0,0.05912397076809225
2917,test,0,0.05912397076809225
2403,test,0,0.048878792537287545
4336,test,0,0.0
245,test,0,0.07839745754023383
10692,test,0,0.0
3526,test,0,0.07074076321034906
2357,test,0,0.015220335974884572
2366,test,0,0.01617097193391345
3543,test,0,0.04443463630113365
4432,test,0,0.0
9058,test,0,0.0016305076805789552
9811,test,0,0.0016305076805789552
4396,test,0,0.09074729924953093
5769,test,0,0.0
1655,test,0,0.0
3117,test,0,0.03596980950444272
5788,test,0,0.09175835955319325
4059,test,0,0.09175835955319325
7400,test,0,0.047137343465014726
6724,test,0,0.045496686203407646
9305,test,0,0.058252657143317746
6735,test,0,0.0809872636914491
5709,test,0,0.0
8383,test,0,0.0
243,test,0,0.0
2006,test,0,0.0
3180,test,0,0.011240558616830765
7757,test,0,0.03539598676694347
5178,test,0,0.0
817,test,0,0.0
2132,test,0,0.0906865117585654
3519,test,0,0.06515734567335456
2053,test,0,0.0
9535,test,0,0.05151208483929069
10173,test,0,0.0
8047,test,0,0.039294333431664136
1526,test,0,0.0024620617512026966
8993,test,0,0.004621954930103627
262,test,0,0.0
1231,test,0,0.006934254707128228
9826,test,0,0.035395986618555135
978,test,0,0.050530735018991975
7362,test,0,0.0
5278,test,0,0.055670981307037355
2742,test,0,0.04241166409310059
603,test,0,0.003700292842338313
988,test,0,0.0
7257,test,0,0.016141759510980333
7890,test,0,0.0
7415,test,0,0.06643406536285787
4647,test,0,0.0
255,test,0,0.0006235327849944966
7199,test,0,0.0
8380,test,0,0.03539599473690277
4036,test,0,0.0159827779011229
9166,test,0,0.035395986618555135
2407,test,0,0.04678713367305429
10709,test,0,0.06729246703284257
1693,test,0,0.1009355464261777
7276,test,0,0.0010964877754711957
9810,test,0,0.0003240406086626413
175,test,0,0.0
9945,test,0,0.0
9212,test,0,0.0
3546,test,0,0.04440809751223857
5322,test,0,0.07220961532600266
10637,test,0,0.024800318270834162
1585,test,0,0.012953265117703283
8586,test,0,0.06835007029902852
8231,test,0,0.0
4390,test,0,0.0672782245912672
10358,test,0,0.0
7219,test,0,0.0
5712,test,0,0.0
9542,test,0,0.013009679464292868
3225,test,0,0.00037589556970706473
5540,test,0,0.06493729834219385
1410,test,0,0.0
4378,test,0,0.03749372919232514
4191,test,0,0.0
8690,test,0,0.024359780994099557
9607,test,0,0.05299521905291053
8331,test,0,0.0
8447,test,0,0.04085189197110061
129,test,0,0.00013274763078055963
7254,test,0,0.013849739056174086
7258,test,0,0.08945624127573454
10645,test,0,0.06997647596131407
9932,test,0,0.0
111,test,0,0.04768031271058345
5340,test,0,0.06222530671933321
8767,test,0,0.0
4492,test,0,0.0
6037,test,0,0.0
9726,test,0,0.015220335974884572
5562,test,0,0.0205424562252798
1719,test,0,0.0
6,test,0,0.0
6312,test,0,0.08493246094246898
5192,test,0,0.09153796490407512
3287,test,0,0.0
2743,test,0,0.07638389266632833
2405,test,0,0.08082049377188835
10704,test,0,0.044043398348391244
2974,test,0,0.03539598930674972
8527,test,0,0.0
1822,test,0,0.035395986683071805
9050,test,0,0.052399549963549084
604,test,0,0.0
6076,test,0,0.0
10713,test,0,0.03970430260729693
3193,test,0,0.0
5971,test,0,0.0
8924,test,0,0.10384911597632598
6600,test,0,0.02082434929754626
1364,test,0,0.0
103,test,0,0.0
6842,test,0,0.0
4268,test,0,0.09894505627470308
7918,test,0,0.0
1361,test,0,0.04332191638321931
7380,test,0,0.0002941736394825503
2029,test,0,0.003827857777349671
3771,test,0,0.003827857777349671
1379,test,0,0.036227261979620444
3673,test,0,0.09914758533398416
3135,test,0,0.09959165063810069
3666,test,0,0.023412090357115962
2040,test,0,0.04166558333219965
5565,test,0,0.04619135714353044
5698,test,0,0.0
8531,test,0,0.005776762023069078
96,test,0,0.03540565617631474
7015,test,0,0.0
9853,test,0,0.09250759845714947
9297,test,0,0.0
6027,test,0,0.03604970583924735
8562,test,0,0.05622248201520278
8935,test,0,0.0
9283,test,0,0.06717391134485923
8884,test,0,0.001565755102800677
4193,test,0,0.1148396943522807
4321,test,0,0.022911595679944444
8754,test,0,0.0155770301454901
3475,test,0,0.06451761933652789
1531,test,0,0.0005491437896925801
287,test,0,0.08368843051959554
5979,test,0,0.08494021818044353
6855,test,0,0.08076144148035415
9714,test,0,0.06514645064682632
9220,test,0,0.07610965077217297
2146,test,0,0.07088551122124094
1612,test,0,0.06655461326101292
4264,test,0,0.083231343212449
15,test,0,0.07951492890059339
2732,test,0,0.0
4626,test,0,0.008055167122211104
9604,test,0,0.0010015340497116232
7003,test,0,0.0
6707,test,0,0.0
4,test,0,0.037397049009700506
257,test,0,0.0
6314,test,0,0.07306378544605609
4253,test,0,0.0
9529,test,0,0.09655295419105175
8578,test,0,0.06029843400709541
182,test,0,0.009429499567880799
4338,test,0,0.08510225997230775
6081,test,0,0.0815921050385623
9062,test,0,0.006055652529456361
7421,test,0,0.0
3462,test,0,0.0
5202,test,0,0.004691449336081493
194,test,0,0.0
11019,test,0,0.0
816,test,0,0.06531890551644053
8762,test,0,0.04373342912586836
6851,test,0,0.03575171146034637
1193,test,0,0.0
8701,test,0,0.0
5272,test,0,0.012458658871333801
2166,test,0,0.023382491799179953
3015,test,0,0.0
1653,test,0,0.0
9905,test,0,0.08182816603137762
7175,test,0,0.05632898233769082
5548,test,0,0.05632898233769082
7164,test,0,0.03539599111321647
9284,test,0,0.0
9836,test,0,0.0
11022,test,0,0.03587902064362872
3184,test,0,0.0
972,test,0,0.03532719566213072
5264,test,0,0.05085230303591782
8759,test,0,0.08883256638345366
10994,test,0,0.08883256638345366
9239,test,0,0.0
8689,test,0,0.044138391197873224
2133,test,0,0.049026604788729444
5564,test,0,0.07642514222739642
9690,test,0,0.06649332268184183
3222,test,0,0.1206129130111491
10486,test,0,0.0
8354,test,0,0.05542146404629663
4490,test,0,0.0
6966,test,0,0.0
3663,test,0,0.052920533930085244
6993,test,0,0.0
7395,test,0,0.01557701080904843
4607,test,0,0.0
3677,test,0,0.0
7008,test,0,0.08247393920950047
278,test,0,0.0008454278315802582
4031,test,0,0.05520967188914488
10456,test,0,0.0346281480958473
6244,test,0,0.0
7256,test,0,0.0
7261,test,0,0.011335141840556485
285,test,0,0.03931945026714473
7162,test,0,0.002191598052053519
4144,test,0,0.015268198654376378
7696,test,0,0.06228056307141797
7698,test,0,0.06782512324766751
10444,test,0,0.05295722939314196
5959,test,0,0.05936457880169242
9096,test,0,0.05936457880169242
4033,test,0,0.0
5568,test,0,0.06809189921163689
1583,test,0,0.033312668938649696
5273,test,0,0.0
109,test,0,0.0923334385665616
8344,test,0,0.027072092711289353
10712,test,0,0.06340921494353767
993,test,0,0.0
979,test,0,0.08701899595525259
2911,test,0,0.0037475125277753062
5556,test,0,0.01655421650044005
10490,test,0,0.014375324412528836
292,test,0,0.0
234,test,0,0.0
1619,test,0,0.11929758009454898
5189,test,0,0.0
8749,test,0,0.0
9303,test,0,0.04247554777567314
9668,test,0,0.014443543930136546
8888,test,0,0.06278498970511154
1696,test,0,0.039958250953783
2906,test,0,0.0510069406534505
1589,test,0,0.03000256733743885
1373,test,0,0.0154715743470291
10555,test,0,0.005776761459623494
3139,test,0,0.05329552699448956
3452,test,0,0.01787497577815168
7213,test,0,0.008979652951272937
1378,test,0,0.07806788670119544
10531,test,0,0.0
2412,test,0,0.08294009743440875
8053,test,0,0.0024235850124773063
2349,test,0,0.05914768424874533
1868,test,0,0.0
3463,test,0,0.09262358174648981
8302,test,0,0.0490922801083933
6077,test,0,0.11570414964575525
107,test,0,0.08229172609130403
10413,test,0,0.0
8926,test,0,0.0821979235034229
3548,test,0,0.012038377665804342
9851,test,0,0.0037475125277753062
2382,test,0,0.020489529533029946
9888,test,0,0.11776837090466256
3523,test,0,0.11776837090466256
5197,test,0,0.0011121742374697989
2401,test,0,0.07233123846206405
2173,test,0,0.026201150957593667
9724,test,0,0.0
9857,test,0,0.0
4651,test,0,0.003008650934553742
8563,test,0,0.006661814233233917
4134,test,0,0.054393550279213665
1818,test,0,0.038862044913763404
2373,test,0,0.05778670380779463
10702,test,0,0.004821016574951189
1365,test,0,0.06689333077866953
4133,test,0,0.08426219796839012
7995,test,0,0.0
7914,test,0,0.0
6311,test,0,0.05438251877830788
1867,test,0,0.07060289968900398
8353,test,0,0.04550581575400429
1355,test,0,0.0
6039,test,0,0.0
6303,test,0,0.0512230036090165
201,test,0,0.06780271409446302
4265,test,0,0.08694171806933342
6696,test,0,0.06888842566959225
6850,test,0,0.03539598934976083
6046,test,0,0.0
4628,test,0,0.08538326675860947
10188,test,0,0.004923410224963822
7280,test,0,0.012955822570462957
10329,test,0,0.03539598597338844
3131,test,0,0.004634355432791299
4136,test,0,0.07645516339797494
8564,test,0,0.08249639205274024
7913,test,0,0.0
7858,test,0,0.03886203104698049
9823,test,0,0.0031238622997186364
4192,test,0,0.02828536972912686
274,test,0,0.03007131132502866
11,test,0,0.04834494388913017
10672,test,0,0.003620815780988103
7927,test,0,0.08488066294693418
10547,test,0,0.0
269,test,0,0.09762490767278574
7895,test,0,0.0803119899923867
126,test,0,0.09030285766634714
4058,test,0,0.08494083781458367
2101,test,0,0.005796122938771046
5799,test,0,0.0
1856,test,0,0.03565809776793219
8766,test,0,0.0
1513,test,0,0.0010014786878711742
7626,test,0,0.0
10678,test,0,0.0016146824064186597
5262,test,0,0.0
16,test,0,0.059079780768166223
3153,test,0,0.01538977538930325
277,test,0,0.0
8003,test,0,0.09147300330495693
5554,test,0,0.056571479458789015
2443,test,0,0.03541532090177577
4637,test,0,0.00221870800150207
9541,test,0,0.05598822711303914
4642,test,0,0.0
258,test,0,0.005464722820502744
9163,test,0,0.002576400752599905
4638,test,0,0.03147414190528532
8008,test,0,0.0005866225796722639
10184,test,0,0.0005866225796722639
6072,test,0,0.0
4057,test,0,0.04728530095661891
4165,test,0,0.0926192509749899
2147,test,0,0.03067674202416161
2746,test,0,0.0590165196206825
9880,test,0,0.005776762199414642
6734,test,0,0.041569405634767326
260,test,0,0.0
8758,test,0,0.1007699273789821
5196,test,0,0.0433287230672263
6848,test,0,0.0007373105517137198
10051,test,2,0.0
8128,test,2,0.0
4151,test,2,0.0
8112,test,0,0.0
8362,test,2,0.0
10406,test,2,0.0
4159,test,2,0.0
7656,test,2,0.0
8113,test,2,0.0
8364,test,2,0.0
2836,test,2,0.0
1574,test,2,0.0
8130,test,2,0.0
10048,test,2,0.0
328,test,2,0.0
4158,test,2,0.0
329,test,2,0.0
8357,test,2,0.0
7665,test,2,0.0
1563,test,2,0.0
66,test,2,0.0
8119,test,2,0.0
1570,test,2,0.00022824563898237395
1740,test,1,0.00022824563898237395
8118,test,2,0.0
10047,test,2,0.0
68,test,0,0.0
4546,test,2,0.0
10041,test,2,0.0
318,test,0,0.0
4538,test,2,0.0
59,test,2,0.0
4549,test,2,0.0
4153,test,2,0.0
8126,test,2,0.0
65,test,2,0.0
325,test,2,0.0
8127,test,2,0.0
320,test,2,0.0
10410,test,2,0.0026803378794990904
7670,test,0,0.0
326,test,0,0.0013760104093342776
54,test,2,0.0
57,test,0,0.011240558616830765
7662,test,0,0.0
64,test,2,0.0
4157,test,2,0.0
1566,test,2,0.0
10039,test,2,0.0
10040,test,2,0.042993142714371504
4154,test,0,0.0
8131,test,0,0.011240558616830765
55,test,2,0.0
63,test,2,0.004138696823876914
6778,test,2,0.0
947,test,2,0.0
2337,test,2,0.0
2333,test,2,0.0
6896,test,2,0.0
6878,test,2,0.0
6771,test,2,0.0
6879,test,2,0.0
965,test,2,0.0
6882,test,2,0.0
6766,test,2,0.0
6774,test,2,0.0
2329,test,2,0.0
955,test,2,0.0
5850,test,2,0.0
4664,test,1,0.0
3499,test,2,0.0
7141,test,2,0.0
6888,test,2,0.0
5835,test,2,0.0
6876,test,2,0.0
9412,test,2,0.0
6877,test,2,0.0
3493,test,2,0.0
1983,test,2,0.0
3498,test,2,0.0
948,test,2,0.0
5853,test,2,0.0
6866,test,2,0.0
6886,test,2,0.0
6776,test,2,0.0
9414,test,2,0.0
3622,test,2,0.0
5845,test,2,0.0
2332,test,2,0.0
3495,test,2,0.0
5852,test,2,0.0
1982,test,2,0.0
5837,test,2,0.0
2338,test,2,0.0
2330,test,2,0.0
5848,test,2,0.0
6897,test,2,0.0
2328,test,2,0.0
5834,test,0,0.011240558616830765
3611,test,2,0.0
5843,test,0,0.0
1968,test,2,0.0
960,test,2,0.0
6779,test,0,0.0
959,test,2,0.0
956,test,2,0.0
1980,test,2,0.0
3615,test,2,0.0
1974,test,2,0.0
2343,test,2,0.0
1981,test,0,0.0
6252,test,2,0.0
2550,test,2,0.0
10498,test,2,0.0
412,test,0,0.0
6289,test,0,0.011240558616830765
2828,test,2,0.0
2809,test,2,0.0
6254,test,2,0.0
10514,test,2,0.0
3306,test,2,0.0
10510,test,2,0.0
666,test,2,0.0
6281,test,2,0.0
2541,test,2,0.0
6249,test,2,0.0
8214,test,2,0.0
2511,test,2,0.0
413,test,2,0.0
2820,test,2,0.0
409,test,2,0.0
2493,test,2,0.0
7951,test,1,0.0
2513,test,2,0.0
2507,test,2,0.0
8217,test,2,0.0
668,test,2,0.0
2819,test,2,0.0
2545,test,2,0.0
2798,test,0,0.0
411,test,2,0.0
10502,test,2,0.0
2822,test,0,0.0
2544,test,2,0.0
2823,test,2,0.0
508,test,2,0.0
2492,test,2,0.0
405,test,0,0.011240558616830765
10508,test,0,0.0
2503,test,2,0.0
679,test,0,0.0
2829,test,2,0.0
6291,test,2,0.0
3299,test,2,0.0
8216,test,2,0.0
2548,test,2,0.0
496,test,2,0.0
10509,test,0,0.0
511,test,0,0.0
2830,test,2,0.0
2827,test,2,0.0
7432,test,2,0.0
2109,test,2,0.0
7431,test,2,0.0
3285,test,2,0.0
4650,test,2,0.0
2886,test,2,0.0
7700,test,1,0.0
3281,test,2,0.0
2889,test,2,0.0
2897,test,2,0.0
2271,test,2,0.0
3186,test,2,0.0
10137,test,2,0.0
3284,test,2,0.0
2903,test,2,0.0
10136,test,2,0.0
10139,test,2,0.0
10141,test,2,0.0
7443,test,2,0.0
7441,test,2,0.0
4643,test,2,0.0
4428,test,2,0.0
7430,test,2,0.0
2899,test,2,0.0
3188,test,2,0.0
2901,test,2,0.0
7440,test,2,0.0
2112,test,2,0.0
4427,test,2,0.0
7867,test,0,0.0
4646,test,0,0.0
9936,test,2,0.0
3187,test,2,0.0
3289,test,2,0.0
2268,test,2,0.0
7879,test,0,0.011240558616830765
2883,test,2,0.0
7433,test,2,0.0
2274,test,2,0.0
7437,test,2,0.0
4176,test,1,0.0
7444,test,2,0.0
3196,test,0,0.011240558616830765
4644,test,2,0.0
7866,test,2,0.0
4429,test,2,0.0
2900,test,2,0.0
9937,test,2,0.0005076740722581693
3282,test,2,0.0
3288,test,2,0.0
3291,test,0,0.004264297003449258
4433,test,2,0.0
10134,test,2,0.0
10143,test,2,0.0010983697937704808
7869,test,2,0.0031905008392167935
7772,test,2,0.0
2956,test,2,0.0
4957,test,2,0.0
5593,test,2,0.0
3271,test,2,0.0
5117,test,2,0.0
4898,test,2,0.0
4902,test,2,0.0
8604,test,2,0.0
7775,test,2,0.0
3832,test,1,0.0
9924,test,2,0.0
5586,test,2,0.0
3266,test,2,0.0
5576,test,2,0.0
10893,test,2,0.0
4956,test,2,0.0
5120,test,2,0.0
4904,test,2,0.0
159,test,2,0.0
3267,test,2,0.0
160,test,2,0.0
8595,test,2,0.0
5580,test,2,0.0
5113,test,2,0.0
4968,test,0,0.011240558616830765
3268,test,2,0.0
5577,test,2,0.0
4900,test,2,0.0
4959,test,2,0.0
3269,test,2,0.0
4962,test,2,0.0
8602,test,2,0.0
165,test,2,0.0
5115,test,2,0.0
5592,test,2,0.0
4894,test,2,0.0
7771,test,2,0.0
3277,test,2,0.0
8136,test,0,0.006230005879642532
168,test,0,0.006230005879642532
3275,test,0,0.0
10901,test,2,0.0
4859,test,1,0.0
7908,test,2,0.0
9989,test,2,0.0
9640,test,2,0.0
7503,test,2,0.0
8786,test,2,0.0
3412,test,2,0.0
3433,test,0,0.0
10255,test,2,0.0
9985,test,2,0.0
5004,test,2,0.0
9997,test,2,0.0
7502,test,2,0.0
9649,test,2,0.0
3421,test,2,0.0
10243,test,2,0.0
9509,test,2,0.0
4989,test,2,0.0
9507,test,2,0.0
3422,test,2,0.0
3417,test,2,0.0
9648,test,2,0.0
10244,test,2,0.0
9987,test,2,0.0
5260,test,1,0.0
3416,test,2,0.0
3418,test,2,0.0
4955,test,1,0.0
10249,test,2,0.0
7903,test,0,0.011240558616830765
8787,test,2,0.0
4951,test,1,0.0
9994,test,2,0.0
7495,test,2,0.0
7297,test,1,0.0
7905,test,2,0.0
7512,test,0,0.0
9995,test,2,0.0
5007,test,0,0.0
4991,test,0,0.011240558616830765
5005,test,2,0.0
4288,test,1,0.0
3424,test,0,0.0
10247,test,2,0.0
4997,test,2,0.0
3427,test,2,0.0
3402,test,2,0.0
9508,test,2,0.0
3408,test,2,0.0
10152,test,2,0.0
762,test,2,0.0
10149,test,2,0.0
10151,test,2,0.0
7518,test,2,0.0
5450,test,2,0.0
2574,test,2,0.0
10004,test,2,0.0
7459,test,2,0.0
888,test,2,0.0
2575,test,2,0.0
758,test,2,0.0
5453,test,2,0.0
7466,test,0,0.0
7469,test,2,0.0
7458,test,2,0.0
10010,test,2,0.0
10018,test,2,0.0
2570,test,2,0.0
10019,test,2,0.0
882,test,2,0.0
2562,test,2,0.0
5446,test,2,0.0
2560,test,2,0.0
3512,test,2,0.0
765,test,2,0.0
883,test,2,0.0
3506,test,2,0.0
2584,test,2,0.0
7456,test,2,0.0
5454,test,0,0.011240558616830765
3505,test,2,0.0
3692,test,0,0.0
752,test,2,0.0
892,test,2,0.0
2573,test,2,0.0
5456,test,2,0.0
763,test,2,0.0
2568,test,0,0.0
2576,test,2,0.0
7457,test,2,0.0
11051,test,1,0.0
10017,test,2,0.0
10003,test,0,0.011240558616830765
887,test,0,0.0
886,test,2,0.0
2571,test,2,0.0
1176,test,2,0.0
716,test,1,0.0
1898,test,2,0.0
3813,test,2,0.0
1177,test,2,0.0
6642,test,2,0.0
3810,test,2,0.0
2995,test,2,0.0
2989,test,2,0.0
10442,test,2,0.0
347,test,2,0.0
10024,test,2,0.0
333,test,2,0.0
6646,test,2,0.0
10430,test,2,0.0
8165,test,2,0.0
334,test,2,0.0
10437,test,2,0.0
8444,test,2,0.0
8153,test,2,0.0
10429,test,2,0.0
1175,test,2,0.0
9472,test,2,0.0
9464,test,2,0.0
2996,test,2,0.0
8433,test,2,0.0
9481,test,2,0.0
6662,test,2,0.0
10025,test,2,0.0
343,test,2,0.0
1907,test,2,0.0
1167,test,2,0.0
335,test,2,0.0
6643,test,2,0.0
3811,test,2,0.0
1178,test,2,0.0
6653,test,2,0.0
6645,test,2,0.0
341,test,0,0.0
3804,test,2,0.0
9483,test,2,0.0
8158,test,0,0.0
6658,test,2,0.0
10030,test,0,0.011240558616830765
345,test,0,0.0
6661,test,2,0.0
6665,test,2,0.0
10436,test,2,0.0
1166,test,2,0.0
8156,test,2,0.0
10431,test,2,0.0
8436,test,0,0.011240558616830765
1168,test,2,0.0
10439,test,2,0.0
6652,test,0,0.0
10032,test,0,0.0013760154898499865
9459,test,2,0.0
8441,test,2,0.0
1905,test,2,0.0
3812,test,2,0.03539598691142856
9466,test,2,0.0
3702,test,2,0.0
3715,test,2,0.0
3705,test,2,0.0
3707,test,2,0.0
4372,test,0,0.0
4365,test,2,0.0
5468,test,2,0.0
4345,test,2,0.0
1468,test,2,0.0
6801,test,2,0.0
7839,test,2,0.0
7837,test,2,0.0
6785,test,2,0.0
4374,test,2,0.0
5238,test,2,0.0
3711,test,2,0.0
5460,test,2,0.0
2617,test,2,0.0
5760,test,2,0.0
2607,test,2,0.0
5227,test,2,0.0
5239,test,2,0.0
4359,test,2,0.0
5465,test,2,0.0
6798,test,2,0.0
4376,test,2,0.0
2618,test,2,0.0
7843,test,2,0.0
1464,test,0,0.011240558616830765
4367,test,2,0.0
5228,test,2,0.0
2609,test,2,0.0
7847,test,0,0.011240558616830765
7842,test,2,0.0
6802,test,0,0.011240558616830765
5232,test,2,0.0
1461,test,2,0.0
6786,test,2,0.0
7840,test,2,0.0
5466,test,2,0.0009390672420487447
6787,test,2,0.0
4350,test,2,0.0
4349,test,2,0.0
2620,test,2,0.0
1469,test,2,0.0
5459,test,2,0.0
2608,test,2,0.004129089094592611
5758,test,0,0.0
1460,test,0,0.011240558616830765
9626,test,2,0.0
10682,test,2,0.0
10687,test,2,0.0
9407,test,2,0.0
633,test,2,0.0
10686,test,2,0.0
9721,test,1,0.0
10679,test,2,0.0
9630,test,2,0.0
10684,test,2,0.0
10185,test,2,0.0
9397,test,2,0.0
9623,test,2,0.0
5701,test,2,0.0
10868,test,2,0.0
9070,test,1,0.0
9394,test,2,0.0
5697,test,2,0.0
2098,test,2,0.0
10178,test,2,0.0
9622,test,2,0.0
10857,test,2,0.0
5708,test,2,0.0
9396,test,2,0.0
5703,test,2,0.0
10865,test,0,0.0
630,test,2,0.0
5705,test,2,0.0
6394,test,0,0.0
2480,test,2,0.0
2975,test,2,0.0
2090,test,2,0.0
620,test,2,0.0
9408,test,2,0.0
9395,test,2,0.004138691447487757
10855,test,2,0.0
10186,test,2,0.0
10688,test,0,0.0
10670,test,2,0.0
9399,test,0,0.0
5696,test,2,0.0
9611,test,0,0.0
2973,test,2,0.0
5692,test,0,0.0
1368,test,0,0.0
9306,test,0,0.0
9631,test,0,0.0
9618,test,0,0.0
6395,test,0,0.011240558616830765
10181,test,2,0.0
10689,test,2,0.0
10683,test,2,0.0
624,test,2,0.0
2096,test,2,0.0
10336,test,2,0.0
9828,test,2,0.0
9829,test,2,0.0
1409,test,2,0.0
1405,test,2,0.0
1413,test,2,0.0
1645,test,2,0.0
9890,test,2,0.0
9160,test,2,0.0
10322,test,2,0.0
616,test,2,0.0
8717,test,2,0.0
10327,test,2,0.0
9169,test,2,0.0
1408,test,2,0.0
612,test,2,0.0
10328,test,2,0.0
1648,test,2,0.0
8711,test,2,0.0
605,test,2,0.0
613,test,2,0.0
10331,test,2,0.0
1649,test,2,0.0
8715,test,2,0.0
10917,test,2,0.0
617,test,2,0.0
10912,test,2,0.0
1383,test,2,0.0
8707,test,2,0.0
7768,test,2,0.0
7759,test,2,0.0
10334,test,2,0.0
1412,test,2,0.0
8720,test,0,0.0
2748,test,0,0.0
7762,test,2,0.0
8725,test,2,0.0
9886,test,2,0.0
9174,test,2,0.0
9819,test,2,0.0
1646,test,2,0.0
1396,test,2,0.0
10920,test,2,0.0
615,test,2,0.0
9159,test,2,0.0
9889,test,2,0.0
1414,test,0,0.0
608,test,2,0.0
7763,test,2,0.0
10321,test,2,0.0
9170,test,2,0.0
7765,test,2,0.0
10915,test,2,0.0
9825,test,2,0.0
8724,test,2,0.0
1656,test,2,0.0
8501,test,2,0.0
4537,test,2,0.0
2079,test,2,0.0
4892,test,2,0.0
4887,test,2,0.0
4528,test,2,0.0
5307,test,2,0.0
9565,test,2,0.0
372,test,2,0.0
4882,test,2,0.0
7391,test,0,0.0
375,test,2,0.0
3089,test,1,0.0
4534,test,2,0.0
750,test,2,0.0
4891,test,2,0.0
7030,test,2,0.0
386,test,2,0.0
8855,test,2,0.0
8506,test,2,0.0
7387,test,2,0.0
747,test,2,0.0
739,test,2,0.0
8820,test,1,0.0
379,test,2,0.0
742,test,2,0.0
378,test,2,0.0
2082,test,2,0.0
2086,test,2,0.0
4530,test,2,0.0
383,test,2,0.0
5316,test,2,0.0
7027,test,2,0.0
9559,test,2,0.0
8868,test,0,0.0
4886,test,2,0.0
748,test,2,0.0
8502,test,2,0.0
374,test,2,0.0
5319,test,2,0.009400453704322081
5308,test,2,0.0
4531,test,2,0.0
5309,test,2,0.0
8500,test,0,0.0015434889493988362
1555,test,0,0.0015434889493988362
5314,test,2,0.0
7394,test,2,0.0
1820,test,2,0.0
1810,test,2,0.0
8327,test,2,0.0
5219,test,2,0.0
7109,test,2,0.0
5212,test,2,0.0
5215,test,2,0.0
3201,test,2,0.0
8513,test,2,0.0
8529,test,2,0.0
8318,test,2,0.0013760132382612186
399,test,2,0.0
7106,test,0,0.0
1815,test,2,0.0
392,test,2,0.0
398,test,2,0.0
1591,test,1,0.0
4568,test,2,0.0
8518,test,2,0.0
1340,test,2,0.0
1335,test,2,0.0
387,test,2,0.0
8771,test,1,0.0
3209,test,2,0.0
8326,test,2,0.0
1334,test,2,0.0
3887,test,2,0.0
8523,test,2,0.0
7114,test,2,0.0
4561,test,2,0.0
2398,test,1,0.0
8520,test,2,0.0
5211,test,2,0.0
4576,test,2,0.0
4571,test,0,0.0
9816,test,0,0.0
7111,test,2,0.0
8528,test,2,0.0
7118,test,2,0.0
1343,test,0,0.0
8526,test,2,0.0
8521,test,2,0.0
3881,test,2,0.0
3880,test,2,0.0
4379,test,1,0.0
8516,test,0,0.0
3129,test,0,0.0
3213,test,0,0.0
3253,test,2,0.0
7062,test,2,0.0
2636,test,2,0.0
588,test,2,0.0
7679,test,2,0.0
2528,test,2,0.0
8314,test,2,0.0
2601,test,2,0.0
7061,test,2,0.0
3248,test,2,0.0
7683,test,2,0.0
2626,test,2,0.0
4458,test,2,0.0
2530,test,2,0.0
444,test,2,0.0
7060,test,2,0.0
587,test,2,0.0
9013,test,2,0.0
8304,test,2,0.0
3258,test,2,0.0
2529,test,2,0.0
443,test,2,0.0
2625,test,2,0.0
9016,test,2,0.0
4467,test,2,0.0
8306,test,2,0.0
596,test,2,0.0
2598,test,2,0.0
6830,test,1,0.0
217,test,1,0.0
2604,test,2,0.0
7674,test,0,0.0
3259,test,2,0.0
3243,test,2,0.0
9008,test,2,0.0
2597,test,2,0.0
7677,test,2,0.0
442,test,2,0.0
3239,test,2,0.0
4461,test,2,0.0
9015,test,0,0.011240558616830765
449,test,0,0.011240558616830765
8305,test,2,0.0
446,test,2,0.0
2635,test,2,0.0
598,test,2,0.0
593,test,2,0.0
2603,test,2,0.0
599,test,0,0.0
2590,test,2,0.0
2633,test,2,0.0
3250,test,2,0.0
4954,test,1,0.0
2531,test,2,0.0
7684,test,0,0.005544774954228352
8316,test,2,0.0
6639,test,2,0.0
6007,test,2,0.0
6633,test,2,0.0
2877,test,2,0.0
2871,test,2,0.0
6020,test,2,0.0
6024,test,2,0.0
9753,test,2,0.0
8618,test,2,0.0
2881,test,2,0.0
4099,test,2,0.0
8607,test,2,0.0
8609,test,2,0.0
2875,test,2,0.0
2876,test,2,0.0
2282,test,2,0.0
5131,test,2,0.0
8612,test,2,0.0
2870,test,2,0.0
8608,test,2,0.0
6009,test,2,0.0
5130,test,2,0.0
4100,test,2,0.0
9751,test,2,0.0
9741,test,2,0.0
9752,test,2,0.0
2276,test,2,0.0
9748,test,2,0.0
9739,test,2,0.0
8616,test,0,0.0
6011,test,2,0.0
7818,test,2,0.0
6010,test,2,0.0
7825,test,2,0.0
2288,test,2,0.0
2869,test,2,0.0
2479,test,2,0.0
5133,test,2,0.0
9754,test,2,0.0
4096,test,2,0.0
2874,test,0,0.011240558616830765
2278,test,0,0.0
2873,test,0,0.0
2476,test,2,0.0
7622,test,2,0.0
9950,test,2,0.0
7167,test,2,0.0
9243,test,2,0.0
10356,test,2,0.0
10352,test,2,0.0
3797,test,2,0.0
9236,test,2,0.0
9234,test,2,0.0
10351,test,2,0.0
4300,test,2,0.0
3787,test,2,0.0
9958,test,2,0.0
9957,test,2,0.0
9661,test,2,0.0
7168,test,2,0.0
7163,test,0,0.0
9659,test,2,0.0
18,test,1,0.0
10357,test,2,0.0
4316,test,2,0.0
4315,test,2,0.0
10443,test,1,0.0
10367,test,2,0.0
3794,test,2,0.0
9947,test,2,0.0
7180,test,2,0.0
5604,test,2,0.0
9652,test,0,0.0
5992,test,2,0.0
5597,test,2,0.0
5983,test,2,0.0
4307,test,2,0.0
9943,test,2,0.0
5995,test,2,0.0
9244,test,2,0.0
9949,test,0,0.011240558616830765
5997,test,2,0.0
10366,test,2,0.0
9664,test,2,0.0
9660,test,0,0.0
4304,test,2,0.0
5602,test,2,0.0
9610,test,1,0.0
5599,test,2,0.0
3800,test,2,0.0
7171,test,2,0.0
9658,test,2,0.0
