account_id,split,target,score
2422,valid,1,0.75017244
3768,valid,0,0.05459664
10059,valid,0,0.038409945
5328,valid,0,0.038409945
10426,valid,0,0.75017244
8445,valid,0,0.75017244
7018,valid,0,0.75017244
10978,valid,0,0.75017244
8927,valid,0,0.75017244
3778,valid,0,0.75017244
8753,valid,1,0.75017244
2413,valid,1,0.75017244
10064,valid,0,0.75017244
3472,valid,1,0.75017244
4625,valid,1,0.75017244
10553,valid,0,0.75017244
6242,valid,0,0.75017244
91,valid,0,0.05459664
6236,valid,0,0.75017244
198,valid,0,0.038409945
113,valid,1,0.75017244
4629,valid,1,0.75017244
4179,valid,0,0.75017244
3158,valid,0,0.75017244
8027,valid,0,0.75017244
3971,valid,0,0.75017244
6780,valid,0,0.75017244
2497,valid,0,0.75017244
3734,valid,0,0.75017244
3613,valid,0,0.75017244
6660,valid,0,0.75017244
76,valid,0,0.75017244
1967,valid,0,0.75017244
8157,valid,0,0.75017244
2062,valid,0,0.03838789
9010,valid,0,0.05046348
3324,valid,0,0.75017244
7597,valid,0,0.040795173
2341,valid,0,0.040795173
8022,valid,0,0.75017244
4371,valid,0,0.03838789
9023,valid,0,0.75017244
8193,valid,0,0.75017244
3620,valid,0,0.75017244
8597,valid,0,0.75017244
11086,valid,0,0.75017244
5404,valid,0,0.75017244
153,valid,0,0.75017244
7510,valid,0,0.75017244
469,valid,0,0.75017244
5725,valid,0,0.75017244
5714,valid,1,0.75017244
2994,valid,0,0.75017244
4901,valid,0,0.75017244
9470,valid,0,0.75017244
464,valid,0,0.75017244
2811,valid,0,0.75017244
9790,valid,0,0.75017244
8197,valid,0,0.75017244
5123,valid,0,0.75017244
5400,valid,0,0.75017244
8222,valid,0,0.75017244
1943,valid,0,0.75017244
5054,valid,0,0.75017244
208,valid,0,0.75017244
9915,valid,0,0.75017244
4505,valid,0,0.75017244
218,valid,0,0.75017244
10126,valid,0,0.75017244
6803,valid,0,0.75017244
951,valid,0,0.75017244
4229,valid,0,0.75017244
10625,valid,0,0.75017244
8780,valid,0,0.03838789
6298,valid,0,0.75017244
7802,valid,0,0.75017244
8416,valid,0,0.75017244
5394,valid,0,0.75017244
5894,valid,0,0.75017244
4994,valid,0,0.75017244
1936,valid,0,0.75017244
11069,valid,0,0.75017244
5581,valid,0,0.038409945
7804,valid,0,0.75017244
9991,valid,0,0.75017244
3353,valid,0,0.75017244
4203,valid,0,0.75017244
5715,valid,0,0.057959106
9475,valid,0,0.057959106
5901,valid,0,0.75017244
6247,valid,0,0.75017244
6865,valid,0,0.75017244
5851,valid,0,0.75017244
6940,valid,0,0.75017244
10383,valid,0,0.75017244
5899,valid,0,0.75017244
6287,valid,0,0.75017244
4927,valid,0,0.75017244
361,valid,0,0.75017244
8023,valid,0,0.75017244
3405,valid,0,0.75017244
4292,valid,0,0.75017244
1790,valid,0,0.038409945
6863,valid,0,0.75017244
7551,valid,0,0.75017244
11087,valid,0,0.75017244
1510,valid,0,0.75017244
4843,valid,0,0.75017244
1938,valid,0,0.75017244
3400,valid,0,0.75017244
4727,valid,0,0.75017244
10373,valid,0,0.75017244
3854,valid,0,0.75017244
6417,valid,0,0.75017244
5860,valid,0,0.75017244
10083,valid,0,0.75017244
5159,valid,0,0.75017244
2695,valid,0,0.75017244
6616,valid,0,0.75017244
3317,valid,0,0.75017244
869,valid,0,0.038409945
1033,valid,0,0.75017244
4935,valid,0,0.057959106
1021,valid,0,0.75017244
6796,valid,0,0.038409945
9198,valid,0,0.75017244
3162,valid,0,0.75017244
8151,valid,0,0.75017244
6816,valid,0,0.75017244
5643,valid,0,0.75017244
9964,valid,0,0.75017244
4670,valid,0,0.75017244
6621,valid,0,0.75017244
6149,valid,0,0.038409945
8414,valid,0,0.75017244
2815,valid,0,0.75017244
5913,valid,0,0.75017244
7648,valid,0,0.038409945
8215,valid,0,0.038409945
1202,valid,0,0.75017244
6055,valid,0,0.038409945
6441,valid,0,0.75017244
3167,valid,0,0.75017244
2855,valid,0,0.75017244
5045,valid,0,0.75017244
3252,valid,0,0.75017244
3957,valid,0,0.75017244
8553,valid,0,0.75017244
10079,valid,0,0.75017244
5361,valid,0,0.75017244
8038,valid,0,0.75017244
5880,valid,0,0.75017244
7497,valid,0,0.75017244
4858,valid,0,0.038409945
6867,valid,0,0.75017244
5916,valid,0,0.040795173
1005,valid,0,0.75017244
3822,valid,0,0.75017244
9423,valid,0,0.038364206
10615,valid,0,0.75017244
3826,valid,0,0.75017244
7613,valid,0,0.040795173
6607,valid,0,0.75017244
1217,valid,0,0.038409945
6293,valid,0,0.75017244
3354,valid,0,0.75017244
5757,valid,0,0.038409945
6143,valid,0,0.75017244
11082,valid,0,0.75017244
4996,valid,0,0.75017244
1903,valid,0,0.75017244
6810,valid,0,0.75017244
7509,valid,0,0.75017244
10955,valid,0,0.75017244
8841,valid,0,0.75017244
4459,valid,0,0.75017244
3626,valid,0,0.75017244
6768,valid,0,0.75017244
539,valid,0,0.75017244
79,valid,0,0.03838789
3718,valid,0,0.75017244
4960,valid,0,0.75017244
4284,valid,0,0.75017244
2539,valid,0,0.75017244
1978,valid,0,0.75017244
1292,valid,0,0.75017244
9183,valid,0,0.75017244
3850,valid,0,0.75017244
5934,valid,0,0.038409945
5124,valid,0,0.75017244
3419,valid,0,0.05459664
2804,valid,0,0.75017244
4947,valid,0,0.75017244
39,valid,0,0.75017244
549,valid,0,0.75017244
7493,valid,0,0.038409945
8429,valid,0,0.038409945
6764,valid,0,0.75017244
3740,valid,0,0.75017244
503,valid,0,0.040795173
5883,valid,0,0.75017244
8186,valid,0,0.75017244
2242,valid,0,0.75017244
2864,valid,0,0.03838789
1500,valid,0,0.75017244
5048,valid,0,0.75017244
10269,valid,0,0.75017244
8205,valid,0,0.75017244
4854,valid,0,0.75017244
344,valid,0,0.038364206
364,valid,0,0.038409945
10628,valid,0,0.038409945
1902,valid,0,0.75017244
4208,valid,0,0.75017244
1014,valid,0,0.75017244
4366,valid,0,0.75017244
6783,valid,0,0.75017244
2306,valid,0,0.75017244
4067,valid,0,0.75017244
10871,valid,0,0.038409945
2071,valid,0,0.75017244
7308,valid,0,0.038409945
6626,valid,0,0.038409945
8221,valid,0,0.75017244
6147,valid,0,0.75017244
9986,valid,0,0.75017244
10252,valid,0,0.05046348
9980,valid,0,0.038409945
9000,valid,0,0.75017244
9473,valid,0,0.75017244
6752,valid,0,0.75017244
5290,valid,0,0.75017244
8171,valid,0,0.038409945
4938,valid,0,0.75017244
9477,valid,0,0.75017244
10968,valid,0,0.75017244
671,valid,0,0.75017244
4961,valid,0,0.75017244
1276,valid,0,0.75017244
10271,valid,0,0.75017244
1940,valid,0,0.75017244
1893,valid,0,0.038409945
5367,valid,0,0.038409945
4358,valid,0,0.75017244
7909,valid,0,0.75017244
542,valid,0,0.75017244
1805,valid,0,0.052689523
3701,valid,0,0.75017244
6277,valid,0,0.75017244
4721,valid,0,0.038364206
548,valid,0,0.038409945
6797,valid,0,0.75017244
2821,valid,0,0.05459664
3240,valid,0,0.75017244
5001,valid,0,0.75017244
5871,valid,0,0.75017244
2587,valid,0,0.75017244
5722,valid,0,0.75017244
10391,valid,0,0.75017244
9410,valid,0,0.038409945
10563,valid,0,0.75017244
7907,valid,0,0.75017244
2516,valid,0,0.75017244
675,valid,0,0.75017244
5230,valid,0,0.75017244
475,valid,0,0.038409945
8180,valid,0,0.038364206
10280,valid,0,0.75017244
7063,valid,0,0.75017244
3157,valid,0,0.75017244
3722,valid,0,0.75017244
415,valid,0,0.75017244
3745,valid,0,0.75017244
2540,valid,0,0.75017244
7783,valid,0,0.75017244
3966,valid,0,0.038364206
2592,valid,0,0.75017244
7797,valid,0,0.75017244
5289,valid,0,0.03838789
8777,valid,0,0.75017244
2310,valid,0,0.75017244
2546,valid,0,0.040795173
5300,valid,0,0.75017244
3241,valid,0,0.75017244
9417,valid,0,0.75017244
9125,valid,0,0.75017244
4219,valid,0,0.038409945
4928,valid,0,0.05459664
8145,valid,0,0.038364206
1896,valid,0,0.75017244
7499,valid,0,0.75017244
5461,valid,0,0.75017244
1279,valid,0,0.75017244
1494,valid,0,0.75017244
1472,valid,0,0.75017244
1328,valid,0,0.75017244
167,valid,0,0.75017244
4222,valid,0,0.75017244
10977,valid,0,0.03838789
1064,valid,0,0.038409945
5582,valid,0,0.038364206
4949,valid,0,0.038364206
8152,valid,0,0.75017244
4463,valid,0,0.75017244
1505,valid,0,0.03838789
9500,valid,0,0.75017244
1792,valid,0,0.75017244
2542,valid,0,0.75017244
7776,valid,0,0.75017244
660,valid,0,0.03838789
10123,valid,0,0.75017244
2340,valid,0,0.75017244
172,valid,0,0.75017244
4907,valid,0,0.75017244
8546,valid,0,0.75017244
584,valid,0,0.75017244
6773,valid,0,0.03838789
5862,valid,0,0.03838789
10659,valid,0,0.03838789
7841,valid,0,0.03838789
7726,valid,0,0.75017244
10973,valid,0,0.75017244
9002,valid,0,0.038409945
1165,valid,0,0.038409945
1066,valid,0,0.75017244
6873,valid,0,0.75017244
2698,valid,0,0.75017244
9180,valid,0,0.75017244
3311,valid,0,0.75017244
2632,valid,0,0.03838789
9424,valid,0,0.75017244
10251,valid,0,0.75017244
6056,valid,0,0.75017244
3699,valid,0,0.75017244
3814,valid,0,0.75017244
7961,valid,0,0.05459664
2240,valid,0,0.75017244
4062,valid,0,0.038409945
3964,valid,0,0.05459664
2990,valid,0,0.75017244
9427,valid,0,0.75017244
4952,valid,0,0.75017244
4506,valid,0,0.75017244
595,valid,0,0.75017244
10078,valid,0,0.75017244
8776,valid,0,0.75017244
5905,valid,0,0.75017244
8170,valid,0,0.03838789
4455,valid,0,0.03838789
967,valid,0,0.75017244
5859,valid,0,0.75017244
6649,valid,0,0.75017244
11067,valid,0,0.75017244
3621,valid,0,0.038364206
8172,valid,0,0.75017244
10258,valid,0,0.75017244
5578,valid,0,0.75017244
5142,valid,0,0.75017244
3809,valid,0,0.75017244
10904,valid,0,0.03838789
4205,valid,0,0.038409945
1942,valid,0,0.75017244
1280,valid,0,0.75017244
1892,valid,0,0.03838789
10099,valid,0,0.05459664
1901,valid,0,0.75017244
4966,valid,0,0.75017244
3623,valid,0,0.75017244
3502,valid,0,0.75017244
2303,valid,0,0.75017244
5379,valid,0,0.75017244
8021,valid,0,0.75017244
10033,valid,0,0.03838789
8848,valid,0,0.75017244
5012,valid,0,0.75017244
2817,valid,0,0.75017244
4364,valid,0,0.75017244
7652,valid,0,0.75017244
8138,valid,0,0.038409945
776,valid,0,0.038409945
6427,valid,0,0.08636963
6829,valid,0,0.75017244
3309,valid,0,0.75017244
4732,valid,0,0.75017244
4754,valid,0,0.75017244
1310,valid,0,0.75017244
450,valid,0,0.75017244
8137,valid,0,0.75017244
8167,valid,0,0.03838789
10568,valid,0,0.75017244
10254,valid,0,0.75017244
2518,valid,0,0.75017244
5836,valid,0,0.75017244
4357,valid,0,0.05459664
3314,valid,0,0.75017244
5157,valid,0,0.03838789
8555,valid,0,0.75017244
8188,valid,0,0.75017244
567,valid,0,0.75017244
6640,valid,0,0.75017244
7605,valid,0,0.75017244
3987,valid,0,0.75017244
8178,valid,0,0.75017244
6131,valid,0,0.75017244
6794,valid,0,0.75017244
10119,valid,0,0.75017244
2988,valid,0,0.75017244
5839,valid,0,0.75017244
10270,valid,0,0.75017244
3704,valid,0,0.03838789
8946,valid,0,0.75017244
7650,valid,0,0.75017244
3411,valid,0,0.03838789
2861,valid,0,0.75017244
8773,valid,0,0.75017244
3816,valid,0,0.03838789
674,valid,0,0.038409945
6248,valid,0,0.03838789
3963,valid,0,0.03838789
7942,valid,0,0.75017244
1173,valid,0,0.03838789
5890,valid,0,0.75017244
564,valid,0,0.038364206
7947,valid,0,0.038409945
448,valid,0,0.038364206
7780,valid,0,0.75017244
7496,valid,0,0.75017244
7059,valid,0,0.038409945
2235,valid,0,0.75017244
10090,valid,0,0.75017244
1798,valid,0,0.75017244
5864,valid,0,0.75017244
2526,valid,0,0.75017244
1971,valid,0,0.040795173
7134,valid,0,0.75017244
9785,valid,0,0.03838789
8592,valid,0,0.75017244
10111,valid,0,0.75017244
5844,valid,0,0.75017244
3617,valid,0,0.75017244
6902,valid,0,0.75017244
3304,valid,0,0.75017244
10961,valid,0,0.75017244
5579,valid,0,0.03838789
3719,valid,0,0.038409945
5588,valid,0,0.75017244
4272,valid,0,0.038364206
3853,valid,0,0.038409945
600,valid,0,0.038409945
6943,valid,0,0.75017244
8840,valid,0,0.75017244
6297,valid,0,0.75017244
461,valid,0,0.038409945
3700,valid,0,0.038409945
4715,valid,0,0.75017244
3423,valid,0,0.75017244
7785,valid,0,0.05459664
3581,valid,0,0.75017244
10884,valid,0,0.75017244
8410,valid,0,0.038409945
3716,valid,0,0.05046348
4217,valid,0,0.75017244
7786,valid,0,0.75017244
3172,valid,0,0.038409945
2524,valid,0,0.03838789
2501,valid,0,0.03838789
9787,valid,0,0.75017244
2538,valid,0,0.75017244
8948,valid,0,0.75017244
10969,valid,0,0.038409945
1083,valid,0,0.038409945
10384,valid,0,0.75017244
10663,valid,0,0.75017244
6800,valid,0,0.05459664
169,valid,0,0.75017244
574,valid,0,0.75017244
206,valid,0,0.038364206
4087,valid,0,0.038409945
5614,valid,0,0.75017244
6860,valid,0,0.05459664
10617,valid,0,0.75017244
1897,valid,0,0.75017244
7955,valid,0,0.75017244
10953,valid,0,0.038364206
4224,valid,0,0.75017244
3579,valid,0,0.75017244
10581,valid,0,0.75017244
6790,valid,0,0.75017244
10897,valid,0,0.75017244
510,valid,0,0.75017244
10664,valid,0,0.75017244
5111,valid,0,0.040795017
7600,valid,0,0.75017244
6283,valid,0,0.75017244
9984,valid,0,0.03838789
8194,valid,0,0.75017244
4728,valid,0,0.75017244
7557,valid,0,0.038409945
1331,valid,0,0.75017244
570,valid,0,0.75017244
360,valid,0,0.75017244
9928,valid,0,0.75017244
5849,valid,0,0.75017244
5116,valid,0,0.038364206
9112,valid,0,0.75017244
4905,valid,0,0.038409945
468,valid,0,0.038409945
6416,valid,0,0.75017244
10632,valid,0,0.75017244
26,valid,0,0.75017244
7793,valid,0,0.75017244
6419,valid,0,0.038409945
1077,valid,0,0.75017244
5298,valid,0,0.75017244
6431,valid,0,0.03838789
6648,valid,0,0.038409945
9917,valid,0,0.75017244
864,valid,0,0.75017244
772,valid,0,0.03838789
1939,valid,0,0.75017244
7849,valid,0,0.75017244
9634,valid,0,0.03838789
4348,valid,0,0.03838789
5863,valid,0,0.03838789
4069,valid,0,0.75017244
445,valid,0,0.03838789
9476,valid,0,0.03838789
10027,valid,0,0.038364206
8593,valid,0,0.75017244
156,valid,0,0.75017244
7565,valid,0,0.75017244
2521,valid,0,0.05459664
8600,valid,0,0.038409945
7555,valid,0,0.75017244
8147,valid,0,0.038364206
4362,valid,0,0.038364206
2502,valid,0,0.75017244
1008,valid,0,0.03838789
3337,valid,0,0.038364206
560,valid,0,0.75017244
1290,valid,0,0.038409945
350,valid,0,0.75017244
1463,valid,0,0.038364206
10021,valid,0,0.75017244
6250,valid,0,0.038364206
5857,valid,0,0.038364206
9463,valid,0,0.038364206
366,valid,0,0.038409945
4198,valid,0,0.038409945
2506,valid,0,0.038364206
7781,valid,0,0.038409945
4995,valid,0,0.75017244
3406,valid,0,0.05459664
3247,valid,0,0.038409945
3807,valid,0,0.75017244
661,valid,0,0.75017244
408,valid,0,0.75017244
10132,valid,0,0.03838789
3710,valid,0,0.75017244
6903,valid,0,0.75017244
4088,valid,0,0.75017244
6295,valid,0,0.038409945
359,valid,0,0.038409945
4066,valid,0,0.75017244
3260,valid,0,0.75017244
170,valid,0,0.03838789
10577,valid,0,0.038364206
43,valid,0,0.75017244
3741,valid,0,0.75017244
4279,valid,0,0.038409945
342,valid,0,0.75017244
583,valid,0,0.038364206
4196,valid,0,0.038364206
31,valid,0,0.75017244
9468,valid,0,0.038364206
7602,valid,0,0.75017244
3303,valid,0,0.038409945
5931,valid,0,0.75017244
7617,valid,0,0.75017244
5257,valid,0,0.75017244
4518,valid,0,0.75017244
2623,valid,0,0.75017244
1502,valid,0,0.75017244
2504,valid,0,0.75017244
4375,valid,0,0.038409945
9416,valid,0,0.038364206
8560,valid,0,0.75017244
5847,valid,0,0.2603198
10612,valid,0,0.75017244
3341,valid,0,0.038409945
1975,valid,0,0.75017244
4457,valid,0,0.75017244
736,valid,0,0.75017244
6664,valid,0,0.03838789
5718,valid,0,0.75017244
2955,valid,0,0.038364206
9130,valid,0,0.75017244
8169,valid,0,0.75017244
7505,valid,0,0.75017244
3327,valid,0,0.038409945
4278,valid,0,0.75017244
1784,valid,0,0.75017244
10630,valid,0,0.75017244
3302,valid,0,0.75017244
9799,valid,0,0.038409945
1200,valid,0,0.038364206
9444,valid,0,0.03838789
3872,valid,0,0.75017244
6437,valid,0,0.75017244
6953,valid,0,0.21822351
2808,valid,0,0.75017244
453,valid,0,0.75017244
9004,valid,0,0.75017244
5867,valid,0,0.03838789
1063,valid,0,0.038409945
3849,valid,0,0.75017244
4906,valid,0,0.038409945
9009,valid,0,0.75017244
10089,valid,0,0.75017244
2853,valid,0,0.75017244
8081,valid,0,0.75017244
8025,valid,0,0.038409945
6754,valid,0,0.75017244
10097,valid,0,0.75017244
497,valid,0,0.75017244
7568,valid,0,0.038364206
8971,valid,0,0.75017244
6836,valid,0,0.75017244
10951,valid,0,0.75017244
10623,valid,0,0.038409945
219,valid,0,0.75017244
4897,valid,0,0.038409945
4271,valid,0,0.75017244
3171,valid,0,0.75017244
4740,valid,0,0.75017244
3255,valid,0,0.75017244
7558,valid,0,0.75017244
5729,valid,0,0.75017244
4930,valid,0,0.75017244
155,valid,0,0.038409945
1026,valid,0,0.040795017
5639,valid,0,0.75017244
9804,valid,0,0.75017244
452,valid,0,0.75017244
7933,valid,0,0.75017244
9185,valid,0,0.75017244
5754,valid,0,0.038409945
1642,valid,0,0.75017244
4669,valid,0,0.75017244
8426,valid,0,0.75017244
10375,valid,0,0.75017244
2780,valid,0,0.75017244
7680,valid,0,0.75017244
3979,valid,0,0.75017244
5371,valid,0,0.75017244
2637,valid,0,0.75017244
3345,valid,0,0.75017244
645,valid,0,0.75017244
3342,valid,0,0.75017244
8142,valid,0,0.75017244
3729,valid,0,0.75017244
8035,valid,0,0.75017244
7792,valid,0,0.040795173
4971,valid,0,0.03838789
1285,valid,0,0.75017244
7717,valid,0,0.75017244
7616,valid,0,0.75017244
1312,valid,0,0.75017244
10428,valid,0,0.038409945
5635,valid,0,0.75017244
9191,valid,0,0.75017244
578,valid,0,0.75017244
7292,valid,0,0.75017244
505,valid,0,0.75017244
862,valid,0,0.03838789
7566,valid,0,0.75017244
4656,valid,0,0.75017244
2523,valid,0,0.75017244
8203,valid,0,0.75017244
2785,valid,0,0.038409945
1930,valid,0,0.75017244
29,valid,0,0.75017244
7953,valid,0,0.75017244
6827,valid,0,0.75017244
3955,valid,0,0.038364206
3335,valid,0,0.75017244
1793,valid,0,0.038409945
1948,valid,0,0.75017244
5009,valid,0,0.75017244
3984,valid,0,0.75017244
3735,valid,0,0.75017244
1078,valid,0,0.75017244
5299,valid,0,0.75017244
8439,valid,0,0.038409945
8146,valid,0,0.038409945
643,valid,0,0.038409945
28,valid,0,0.75017244
556,valid,0,0.75017244
1924,valid,0,0.75017244
6627,valid,0,0.75017244
6057,valid,0,0.038409945
5915,valid,0,0.75017244
5251,valid,0,0.75017244
648,valid,0,0.75017244
2307,valid,0,0.75017244
8432,valid,0,0.03838789
7649,valid,0,0.03838789
775,valid,0,0.75017244
73,valid,0,0.75017244
10246,valid,0,0.038409945
1004,valid,0,0.75017244
3413,valid,0,0.75017244
1927,valid,0,0.75017244
161,valid,0,0.038409945
1788,valid,0,0.75017244
4460,valid,0,0.75017244
5833,valid,0,0.03838789
3262,valid,0,0.75017244
3500,valid,0,0.75017244
554,valid,0,0.03838789
717,valid,0,0.038364206
1204,valid,0,0.75017244
4852,valid,0,0.038409945
5854,valid,0,0.038409945
5627,valid,0,0.75017244
721,valid,0,0.038409945
5052,valid,0,0.03838789
6650,valid,0,0.038364206
734,valid,0,0.75017244
3270,valid,0,0.75017244
10264,valid,0,0.75017244
9982,valid,0,0.038409945
3981,valid,0,0.75017244
9480,valid,0,0.038364206
4719,valid,0,0.040795017
7791,valid,0,0.75017244
8783,valid,0,0.75017244
8999,valid,0,0.038364206
5003,valid,0,0.75017244
3608,valid,0,0.038409945
3300,valid,0,0.75017244
4969,valid,0,0.75017244
9452,valid,0,0.038409945
6748,valid,0,0.75017244
4462,valid,0,0.75017244
3273,valid,0,0.038409945
8149,valid,0,0.75017244
467,valid,0,0.75017244
6765,valid,0,0.03838789
5591,valid,0,0.03838789
1922,valid,0,0.75017244
3276,valid,0,0.03838789
5395,valid,0,0.75017244
1969,valid,0,0.75017244
6769,valid,0,0.038409945
2797,valid,0,0.75017244
2525,valid,0,0.75017244
1060,valid,0,0.75017244
368,valid,0,0.75017244
10104,valid,0,0.75017244
4083,valid,0,0.75017244
6870,valid,0,0.038364206
4072,valid,0,0.75017244
536,valid,0,0.75017244
5723,valid,0,0.75017244
5046,valid,0,0.038409945
6415,valid,0,0.75017244
5108,valid,0,0.038364206
10441,valid,0,0.75017244
5865,valid,0,0.75017244
4863,valid,0,0.75017244
5050,valid,0,0.038409945
5403,valid,0,0.038409945
5914,valid,0,0.038409945
731,valid,0,0.75017244
7500,valid,0,0.75017244
5370,valid,0,0.75017244
6775,valid,0,0.75017244
4942,valid,0,0.75017244
10902,valid,0,0.038409945
3864,valid,0,0.038409945
9975,valid,0,0.75017244
8184,valid,0,0.75017244
5118,valid,0,0.05459664
3310,valid,0,0.75017244
9916,valid,0,0.038364206
5590,valid,0,0.057959106
9503,valid,0,0.75017244
8594,valid,0,0.75017244
6880,valid,0,0.75017244
5126,valid,0,0.75017244
7676,valid,0,0.75017244
10034,valid,0,0.75017244
7682,valid,0,0.75017244
3298,valid,0,0.03838789
6435,valid,0,0.75017244
964,valid,0,0.038409945
1082,valid,0,0.75017244
1024,valid,0,0.038364206
676,valid,0,0.038409945
8784,valid,0,0.038364206
75,valid,0,0.75017244
10903,valid,0,0.038364206
10660,valid,0,0.75017244
10392,valid,0,0.75017244
9650,valid,0,0.75017244
6424,valid,0,0.038409945
1506,valid,0,0.75017244
3426,valid,0,0.75017244
5624,valid,0,0.038409945
670,valid,0,0.038364206
3410,valid,0,0.03838789
9474,valid,0,0.038409945
7563,valid,0,0.75017244
589,valid,0,0.75017244
7135,valid,0,0.75017244
3338,valid,0,0.038409945
2612,valid,0,0.75017244
3983,valid,0,0.038364206
6604,valid,0,0.03838789
582,valid,0,0.038409945
2179,valid,0,0.05459664
646,valid,0,0.038409945
10886,valid,0,0.75017244
2334,valid,0,0.038409945
5636,valid,0,0.75017244
2776,valid,0,0.038409945
5842,valid,0,0.75017244
6257,valid,0,0.75017244
5928,valid,0,0.75017244
11084,valid,0,0.038409945
6141,valid,0,0.038409945
7673,valid,0,0.75017244
9012,valid,0,0.75017244
4082,valid,0,0.75017244
4723,valid,0,0.75017244
9409,valid,0,0.75017244
998,valid,0,0.038409945
4063,valid,0,0.75017244
5587,valid,0,0.75017244
5396,valid,0,0.75017244
4917,valid,0,0.038409945
10497,valid,0,0.75017244
1061,valid,0,0.75017244
7678,valid,0,0.75017244
2701,valid,0,0.038364206
8844,valid,0,0.038409945
7950,valid,0,0.75017244
572,valid,0,0.75017244
4739,valid,0,0.057959106
3806,valid,0,0.038409945
9796,valid,0,0.038409945
4708,valid,0,0.038409945
8549,valid,0,0.75017244
2342,valid,0,0.75017244
1022,valid,0,0.038409945
9701,valid,0,0.75017244
3154,valid,0,0.75017244
9637,valid,0,0.75017244
969,valid,0,0.038409945
5026,valid,0,0.038409945
5589,valid,0,0.75017244
5615,valid,0,0.038409945
10578,valid,0,0.038409945
10512,valid,0,0.75017244
5240,valid,0,0.038409945
2786,valid,0,0.75017244
416,valid,0,0.75017244
6366,valid,0,0.75017244
4925,valid,0,0.75017244
3336,valid,0,0.038409945
407,valid,0,0.038409945
4226,valid,0,0.75017244
5237,valid,0,0.05046348
6755,valid,0,0.75017244
4970,valid,0,0.05459664
5381,valid,0,0.75017244
1795,valid,0,0.75017244
2072,valid,0,0.75017244
7773,valid,0,0.75017244
952,valid,0,0.75017244
6399,valid,0,0.038409945
5471,valid,0,0.75017244
1316,valid,0,0.75017244
4200,valid,0,0.03838789
10260,valid,0,0.038409945
5840,valid,0,0.75017244
410,valid,0,0.75017244
10127,valid,0,0.038409945
8079,valid,0,0.75017244
3993,valid,0,0.038409945
9426,valid,0,0.038364206
9923,valid,0,0.75017244
78,valid,0,0.03838789
4730,valid,0,0.75017244
10094,valid,0,0.038409945
3827,valid,0,0.75017244
9421,valid,0,0.03838789
7309,valid,0,0.75017244
6815,valid,0,0.75017244
10108,valid,0,0.038364206
7714,valid,0,0.75017244
9022,valid,0,0.75017244
3244,valid,0,0.75017244
652,valid,0,0.75017244
1471,valid,0,0.75017244
3990,valid,0,0.75017244
10379,valid,0,0.038409945
8417,valid,0,0.038409945
4929,valid,0,0.75017244
7710,valid,0,0.75017244
211,valid,0,0.75017244
4202,valid,0,0.038409945
6777,valid,0,0.75017244
5879,valid,0,0.75017244
3256,valid,0,0.038409945
7507,valid,0,0.75017244
569,valid,0,0.75017244
1315,valid,0,0.75017244
37,valid,0,0.75017244
9469,valid,0,0.75017244
533,valid,0,0.038409945
9006,valid,0,0.038409945
10880,valid,0,0.75017244
6400,valid,0,0.75017244
8218,valid,0,0.038364206
7315,valid,0,0.75017244
3954,valid,0,0.038409945
2315,valid,0,0.038409945
10245,valid,0,0.75017244
5617,valid,0,0.05459664
579,valid,0,0.038364206
3978,valid,0,0.75017244
4895,valid,0,0.038409945
4714,valid,0,0.038409945
5250,valid,0,0.75017244
2324,valid,0,0.75017244
2691,valid,0,0.038409945
7838,valid,0,0.038409945
3863,valid,0,0.038409945
5235,valid,0,0.75017244
2069,valid,0,0.75017244
8161,valid,0,0.75017244
2594,valid,0,0.75017244
6791,valid,0,0.75017244
7144,valid,0,0.75017244
6657,valid,0,0.75017244
506,valid,0,0.038364206
7550,valid,0,0.75017244
8159,valid,0,0.05459664
773,valid,0,0.05459664
11079,valid,0,0.75017244
1465,valid,0,0.038409945
654,valid,0,0.038409945
5241,valid,0,0.75017244
4720,valid,0,0.05358582
2794,valid,0,0.75017244
72,valid,0,0.75017244
5932,valid,0,0.75017244
10898,valid,0,0.03838789
10962,valid,0,0.038409945
5281,valid,0,0.75017244
9930,valid,0,0.038409945
6942,valid,0,0.75017244
3737,valid,0,0.75017244
9418,valid,0,0.75017244
8310,valid,0,0.03838789
655,valid,0,0.038409945
6960,valid,0,0.038409945
5897,valid,0,0.038409945
7293,valid,0,0.038409945
6434,valid,0,0.75017244
8076,valid,0,0.038409945
3870,valid,0,0.75017244
6948,valid,0,0.038409945
367,valid,0,0.75017244
1320,valid,0,0.75017244
3825,valid,0,0.038409945
6422,valid,0,0.75017244
6899,valid,0,0.75017244
3835,valid,0,0.75017244
8958,valid,0,0.75017244
7711,valid,0,0.038409945
7778,valid,0,0.75017244
10499,valid,0,0.75017244
5903,valid,0,0.75017244
4270,valid,0,0.038409945
2622,valid,0,0.75017244
7501,valid,0,0.75017244
6058,valid,0,0.038409945
2803,valid,0,0.75017244
27,valid,0,0.75017244
8554,valid,0,0.038409945
8141,valid,0,0.75017244
4293,valid,0,0.038409945
3830,valid,0,0.038409945
10122,valid,0,0.75017244
509,valid,0,0.038364206
6806,valid,0,0.75017244
1970,valid,0,0.038364206
9972,valid,0,0.75017244
4663,valid,0,0.038409945
4855,valid,0,0.038409945
2610,valid,0,0.038409945
9635,valid,0,0.75017244
4346,valid,0,0.75017244
6772,valid,0,0.75017244
9498,valid,0,0.03838789
7848,valid,0,0.03838789
7801,valid,0,0.75017244
2065,valid,0,0.038364206
860,valid,0,0.038409945
4223,valid,0,0.038364206
5015,valid,0,0.75017244
4946,valid,0,0.038409945
2859,valid,0,0.75017244
3420,valid,0,0.038409945
6139,valid,0,0.75017244
5247,valid,0,0.038409945
8150,valid,0,0.038409945
6822,valid,0,0.038409945
5575,valid,0,0.75017244
1802,valid,0,0.75017244
6368,valid,0,0.038409945
5594,valid,0,0.038409945
1274,valid,0,0.038409945
1899,valid,0,0.03838789
6647,valid,0,0.038409945
7712,valid,0,0.038409945
4355,valid,0,0.75017244
5021,valid,0,0.038409945
6862,valid,0,0.038409945
4916,valid,0,0.040795173
3848,valid,0,0.038409945
10257,valid,0,0.75017244
5645,valid,0,0.038364206
3618,valid,0,0.03838789
5008,valid,0,0.038409945
2068,valid,0,0.038364206
3254,valid,0,0.038409945
353,valid,0,0.75017244
6064,valid,0,0.038409945
6282,valid,0,0.75017244
10574,valid,0,0.75017244
3803,valid,0,0.03838789
2611,valid,0,0.75017244
4847,valid,0,0.75017244
6359,valid,0,0.038409945
2953,valid,0,0.05046348
1630,valid,0,0.75017244
499,valid,0,0.75017244
7777,valid,0,0.038409945
6136,valid,0,0.75017244
586,valid,0,0.03838789
10900,valid,0,0.038409945
5467,valid,0,0.038409945
4744,valid,0,0.75017244
7511,valid,0,0.038409945
9705,valid,0,0.75017244
9644,valid,0,0.038409945
4074,valid,0,0.038409945
6808,valid,0,0.040795173
455,valid,0,0.75017244
9802,valid,0,0.038409945
440,valid,0,0.038409945
6751,valid,0,0.75017244
2532,valid,0,0.038409945
5924,valid,0,0.75017244
3828,valid,0,0.038409945
8415,valid,0,0.75017244
5717,valid,0,0.75017244
9707,valid,0,0.75017244
2992,valid,0,0.75017244
4519,valid,0,0.038409945
10899,valid,0,0.038409945
2318,valid,0,0.038364206
3859,valid,0,0.038409945
4508,valid,0,0.038364206
5378,valid,0,0.038409945
4659,valid,0,0.038409945
507,valid,0,0.75017244
4726,valid,0,0.75017244
10887,valid,0,0.75017244
4998,valid,0,0.03838789
7975,valid,0,0.75017244
2997,valid,0,0.038409945
6610,valid,0,0.75017244
6365,valid,0,0.038409945
868,valid,0,0.75017244
6296,valid,0,0.038409945
4896,valid,0,0.03838789
2243,valid,0,0.038409945
2491,valid,0,0.038364206
551,valid,0,0.75017244
4964,valid,0,0.038364206
1072,valid,0,0.75017244
6959,valid,0,0.75017244
7145,valid,0,0.038409945
6767,valid,0,0.75017244
10386,valid,0,0.75017244
10582,valid,0,0.75017244
7146,valid,0,0.038364206
9448,valid,0,0.038409945
11083,valid,0,0.038409945
4211,valid,0,0.038409945
5037,valid,0,0.038409945
7504,valid,0,0.038409945
2631,valid,0,0.038409945
2536,valid,0,0.038409945
2865,valid,0,0.038409945
6063,valid,0,0.038409945
81,valid,0,0.038409945
9795,valid,0,0.057959106
7058,valid,0,0.038409945
9926,valid,0,0.038364206
1904,valid,0,0.038409945
3847,valid,0,0.038409945
171,valid,0,0.038364206
3583,valid,0,0.038409945
1501,valid,0,0.038409945
5888,valid,0,0.057959106
9467,valid,0,0.75017244
5031,valid,0,0.038409945
2060,valid,0,0.038409945
10963,valid,0,0.038409945
6821,valid,0,0.75017244
2993,valid,0,0.038364206
8544,valid,0,0.057959106
11081,valid,0,0.75017244
8139,valid,0,0.057959106
5231,valid,0,0.038409945
332,valid,0,0.75017244
4862,valid,0,0.038409945
3717,valid,0,0.03838789
1919,valid,0,0.038409945
10560,valid,0,0.038409945
1910,valid,0,0.038409945
2686,valid,0,0.038409945
6762,valid,0,0.05046348
5234,valid,0,0.038364206
8973,valid,0,0.75017244
6369,valid,0,0.038409945
6813,valid,0,0.75017244
504,valid,0,0.038364206
6426,valid,0,0.75017244
8843,valid,0,0.038409945
3748,valid,0,0.75017244
6944,valid,0,0.75017244
447,valid,0,0.03838789
6278,valid,0,0.038409945
6884,valid,0,0.75017244
9447,valid,0,0.038409945
10614,valid,0,0.038409945
4911,valid,0,0.038364206
2238,valid,0,0.03838789
1293,valid,0,0.038409945
10086,valid,0,0.038409945
9035,valid,0,0.75017244
4653,valid,0,0.75017244
5143,valid,0,0.75017244
11078,valid,0,0.75017244
3497,valid,0,0.75017244
2535,valid,0,0.038409945
1287,valid,0,0.038364206
963,valid,0,0.75017244
6420,valid,0,0.038409945
4347,valid,0,0.75017244
1003,valid,0,0.03838789
10023,valid,0,0.03838789
6890,valid,0,0.75017244
9792,valid,0,0.038409945
3257,valid,0,0.75017244
10390,valid,0,0.75017244
5053,valid,0,0.038409945
10906,valid,0,0.038409945
5861,valid,0,0.038409945
9041,valid,0,0.038409945
1223,valid,0,0.75017244
4734,valid,0,0.038409945
5121,valid,0,0.038409945
8774,valid,0,0.75017244
24,valid,0,0.038409945
435,valid,0,0.038409945
1806,valid,0,0.75017244
1933,valid,0,0.038409945
6895,valid,0,0.75017244
1301,valid,0,0.75017244
553,valid,0,0.038409945
8959,valid,0,0.037836403
2494,valid,0,0.75017244
9963,valid,0,0.75017244
1327,valid,0,0.038409945
356,valid,0,0.038364206
6409,valid,0,0.05125594
3855,valid,0,0.038409945
5114,valid,0,0.75017244
3733,valid,0,0.75017244
355,valid,0,0.038364206
1081,valid,0,0.75017244
2826,valid,0,0.75017244
5882,valid,0,0.75017244
9510,valid,0,0.038409945
437,valid,0,0.038409945
8968,valid,0,0.75017244
585,valid,0,0.75017244
9182,valid,0,0.75017244
3319,valid,0,0.75017244
6405,valid,0,0.75017244
1804,valid,0,0.038409945
4351,valid,0,0.75017244
3851,valid,0,0.038409945
9699,valid,0,0.038409945
8423,valid,0,0.038409945
3989,valid,0,0.038409945
9993,valid,0,0.75017244
4368,valid,0,0.75017244
3865,valid,0,0.038409945
10382,valid,0,0.75017244
6048,valid,0,0.038409945
5254,valid,0,0.75017244
7720,valid,0,0.038409945
7498,valid,0,0.038409945
3867,valid,0,0.75017244
10569,valid,0,0.75017244
8179,valid,0,0.038409945
9121,valid,0,0.038364206
10434,valid,0,0.038364206
7911,valid,0,0.75017244
10877,valid,0,0.75017244
9793,valid,0,0.75017244
10440,valid,0,0.038364206
10075,valid,0,0.75017244
9969,valid,0,0.038409945
9786,valid,0,0.038409945
4060,valid,0,0.75017244
9120,valid,0,0.038409945
7970,valid,0,0.038409945
5153,valid,0,0.75017244
7304,valid,0,0.038409945
4001,valid,0,0.038409945
4675,valid,0,0.038364206
5000,valid,0,0.03838789
2305,valid,0,0.75017244
7643,valid,0,0.038409945
8591,valid,0,0.75017244
9962,valid,0,0.038409945
8967,valid,0,0.038409945
4745,valid,0,0.038409945
9038,valid,0,0.75017244
4838,valid,0,0.75017244
10092,valid,0,0.75017244
6284,valid,0,0.75017244
4837,valid,0,0.038409945
3837,valid,0,0.038409945
6885,valid,0,0.75017244
8442,valid,0,0.038409945
5010,valid,0,0.038409945
7311,valid,0,0.75017244
4830,valid,0,0.75017244
9920,valid,0,0.038409945
2806,valid,0,0.038364206
6138,valid,0,0.038409945
3965,valid,0,0.038409945
7935,valid,0,0.038409945
1296,valid,0,0.75017244
11065,valid,0,0.040795173
3958,valid,0,0.038409945
8540,valid,0,0.040795173
1932,valid,0,0.040795173
2498,valid,0,0.038364206
436,valid,0,0.75017244
2320,valid,0,0.038409945
7142,valid,0,0.75017244
9001,valid,0,0.038409945
10896,valid,0,0.75017244
2595,valid,0,0.038409945
557,valid,0,0.038409945
2958,valid,0,0.75017244
9967,valid,0,0.75017244
8020,valid,0,0.038409945
3159,valid,0,0.75017244
82,valid,0,0.038364206
1284,valid,0,0.038409945
3838,valid,0,0.75017244
2810,valid,0,0.038409945
346,valid,0,0.75017244
6763,valid,0,0.75017244
2696,valid,0,0.75017244
10001,valid,0,0.75017244
3714,valid,0,0.75017244
3331,valid,0,0.038409945
8210,valid,0,0.038409945
3249,valid,0,0.038364206
3308,valid,0,0.038409945
7056,valid,0,0.75017244
2061,valid,0,0.038364206
3347,valid,0,0.038364206
5868,valid,0,0.75017244
1914,valid,0,0.75017244
1639,valid,0,0.75017244
210,valid,0,0.038409945
4363,valid,0,0.75017244
3278,valid,0,0.038409945
4280,valid,0,0.038409945
5382,valid,0,0.038409945
1466,valid,0,0.75017244
713,valid,0,0.75017244
7295,valid,0,0.038409945
4356,valid,0,0.038409945
10022,valid,0,0.038409945
4948,valid,0,0.75017244
456,valid,0,0.75017244
10974,valid,0,0.75017244
6362,valid,0,0.75017244
7798,valid,0,0.75017244
215,valid,0,0.75017244
4209,valid,0,0.75017244
9803,valid,0,0.03838789
9977,valid,0,0.03838789
4725,valid,0,0.75017244
4370,valid,0,0.038409945
3494,valid,0,0.75017244
3265,valid,0,0.038409945
7645,valid,0,0.75017244
2520,valid,0,0.75017244
534,valid,0,0.03838789
457,valid,0,0.03838789
2814,valid,0,0.08536805
502,valid,0,0.75017244
8154,valid,0,0.75017244
4749,valid,0,0.75017244
543,valid,0,0.038409945
8957,valid,0,0.038409945
3316,valid,0,0.038364206
9505,valid,0,0.75017244
7774,valid,0,0.038409945
4513,valid,0,0.057959106
9800,valid,0,0.0975158
774,valid,0,0.75017244
7647,valid,0,0.75017244
10427,valid,0,0.040795017
6142,valid,0,0.75017244
2508,valid,0,0.75017244
5034,valid,0,0.75017244
5287,valid,0,0.75017244
7966,valid,0,0.75017244
1498,valid,0,0.75017244
8160,valid,0,0.75017244
6947,valid,0,0.75017244
5463,valid,0,0.75017244
9996,valid,0,0.75017244
9501,valid,0,0.038409945
4738,valid,0,0.038409945
573,valid,0,0.75017244
5125,valid,0,0.75017244
3160,valid,0,0.03838789
6358,valid,0,0.75017244
9918,valid,0,0.75017244
9453,valid,0,0.75017244
4940,valid,0,0.75017244
1324,valid,0,0.75017244
3425,valid,0,0.75017244
6363,valid,0,0.038409945
6134,valid,0,0.038409945
9460,valid,0,0.038409945
1801,valid,0,0.038409945
5855,valid,0,0.75017244
6433,valid,0,0.038409945
669,valid,0,0.75017244
6887,valid,0,0.038409945
2692,valid,0,0.038409945
4756,valid,0,0.07232729
8183,valid,0,0.03838789
6901,valid,0,0.05046348
10882,valid,0,0.038409945
8163,valid,0,0.75017244
451,valid,0,0.05046348
5032,valid,0,0.038409945
1636,valid,0,0.75017244
8846,valid,0,0.038409945
4923,valid,0,0.75017244
6260,valid,0,0.75017244
5583,valid,0,0.75017244
9178,valid,0,0.038409945
2627,valid,0,0.040795017
4910,valid,0,0.040795017
2640,valid,0,0.75017244
2519,valid,0,0.75017244
8835,valid,0,0.038409945
8552,valid,0,0.038364206
10576,valid,0,0.75017244
2500,valid,0,0.75017244
9465,valid,0,0.75017244
8078,valid,0,0.75017244
463,valid,0,0.038364206
8187,valid,0,0.75017244
2782,valid,0,0.75017244
5646,valid,0,0.038409945
6050,valid,0,0.038409945
10500,valid,0,0.038409945
5887,valid,0,0.75017244
9502,valid,0,0.038364206
1304,valid,0,0.038409945
4860,valid,0,0.038409945
5280,valid,0,0.038409945
8207,valid,0,0.038409945
7779,valid,0,0.75017244
6061,valid,0,0.038409945
10876,valid,0,0.75017244
5620,valid,0,0.038409945
1009,valid,0,0.038409945
6654,valid,0,0.75017244
1071,valid,0,0.038364206
2184,valid,0,0.03838789
9457,valid,0,0.05358582
8775,valid,0,0.75017244
9036,valid,0,0.040795173
5164,valid,0,0.038409945
8077,valid,0,0.040795017
1213,valid,0,0.038364206
2703,valid,0,0.038409945
5402,valid,0,0.038409945
3869,valid,0,0.75017244
3860,valid,0,0.038364206
3431,valid,0,0.03838789
9645,valid,0,0.038409945
6663,valid,0,0.75017244
3839,valid,0,0.75017244
8037,valid,0,0.038409945
157,valid,0,0.038409945
10611,valid,0,0.038409945
2312,valid,0,0.75017244
2537,valid,0,0.75017244
3726,valid,0,0.038409945
4064,valid,0,0.038409945
8174,valid,0,0.75017244
2634,valid,0,0.038409945
214,valid,0,0.038409945
1016,valid,0,0.75017244
2327,valid,0,0.03838789
9199,valid,0,0.03838789
4081,valid,0,0.75017244
3492,valid,0,0.75017244
8545,valid,0,0.75017244
1069,valid,0,0.75017244
10124,valid,0,0.038364206
7958,valid,0,0.75017244
9458,valid,0,0.75017244
6641,valid,0,0.040795173
10658,valid,0,0.038364206
2818,valid,0,0.038409945
5297,valid,0,0.038409945
1001,valid,0,0.75017244
6823,valid,0,0.038409945
4746,valid,0,0.038409945
5374,valid,0,0.05459664
5755,valid,0,0.75017244
3350,valid,0,0.29430345
2858,valid,0,0.038409945
4194,valid,0,0.75017244
209,valid,0,0.038409945
8557,valid,0,0.038409945
9643,valid,0,0.038364206
5629,valid,0,0.038409945
3340,valid,0,0.75017244
4353,valid,0,0.038409945
8220,valid,0,0.75017244
597,valid,0,0.038409945
1309,valid,0,0.75017244
8963,valid,0,0.038364206
7554,valid,0,0.038409945
8307,valid,0,0.75017244
10503,valid,0,0.038364206
10020,valid,0,0.75017244
1208,valid,0,0.038409945
3339,valid,0,0.75017244
865,valid,0,0.038364206
3326,valid,0,0.038409945
2824,valid,0,0.038409945
7138,valid,0,0.75017244
1216,valid,0,0.038409945
10107,valid,0,0.03838789
41,valid,0,0.75017244
4716,valid,0,0.75017244
4748,valid,0,0.75017244
10274,valid,0,0.75017244
6356,valid,0,0.75017244
8189,valid,0,0.75017244
5896,valid,0,0.038409945
7788,valid,0,0.75017244
5920,valid,0,0.75017244
2512,valid,0,0.038364206
3999,valid,0,0.75017244
1311,valid,0,0.038409945
9194,valid,0,0.75017244
71,valid,0,0.038409945
1065,valid,0,0.75017244
3610,valid,0,0.03838789
45,valid,0,0.75017244
149,valid,0,0.038409945
1800,valid,0,0.038409945
10966,valid,0,0.038409945
10636,valid,0,0.038409945
5881,valid,0,0.057959106
5013,valid,0,0.038409945
3261,valid,0,0.41273132
1018,valid,0,0.038409945
5719,valid,0,0.040795173
7912,valid,0,0.03838789
5156,valid,0,0.05358582
10071,valid,0,0.038409945
5728,valid,0,0.038409945
163,valid,0,0.038409945
5366,valid,0,0.038409945
1794,valid,0,0.038409945
4361,valid,0,0.75017244
7302,valid,0,0.75017244
4654,valid,0,0.038409945
778,valid,0,0.038409945
8143,valid,0,0.038409945
10028,valid,0,0.038409945
10872,valid,0,0.038409945
2505,valid,0,0.75017244
7719,valid,0,0.038409945
5377,valid,0,0.038409945
2693,valid,0,0.038409945
3616,valid,0,0.038364206
2787,valid,0,0.038409945
3840,valid,0,0.75017244
3577,valid,0,0.75017244
1789,valid,0,0.038409945
9123,valid,0,0.038409945
1509,valid,0,0.75017244
5295,valid,0,0.038409945
6825,valid,0,0.038409945
9177,valid,0,0.038409945
2860,valid,0,0.040795173
7932,valid,0,0.038409945
10070,valid,0,0.038409945
3808,valid,0,0.75017244
10570,valid,0,0.03838789
4755,valid,0,0.038409945
5616,valid,0,0.038409945
7653,valid,0,0.038364206
8965,valid,0,0.75017244
5384,valid,0,0.038409945
1000,valid,0,0.038409945
2522,valid,0,0.040795017
5286,valid,0,0.038409945
8043,valid,0,0.038409945
5892,valid,0,0.038409945
10635,valid,0,0.038409945
8148,valid,0,0.038409945
10000,valid,0,0.75017244
5727,valid,0,0.038409945
2812,valid,0,0.75017244
6818,valid,0,0.038409945
5293,valid,0,0.038409945
7963,valid,0,0.75017244
7904,valid,0,0.038409945
4924,valid,0,0.038409945
6129,valid,0,0.040795173
4753,valid,0,0.038409945
9504,valid,0,0.038409945
3712,valid,0,0.040795173
1913,valid,0,0.038409945
4085,valid,0,0.038409945
5923,valid,0,0.038409945
4086,valid,0,0.038409945
4731,valid,0,0.75017244
10248,valid,0,0.038409945
10626,valid,0,0.038409945
7057,valid,0,0.75017244
1326,valid,0,0.038409945
9973,valid,0,0.038409945
5141,valid,0,0.75017244
8849,valid,0,0.0443495
3328,valid,0,0.038409945
6133,valid,0,0.75017244
4943,valid,0,0.040795173
10895,valid,0,0.75017244
2311,valid,0,0.75017244
3738,valid,0,0.038409945
6412,valid,0,0.038409945
5024,valid,0,0.75017244
2866,valid,0,0.038409945
6256,valid,0,0.038409945
10610,valid,0,0.038409945
2599,valid,0,0.038409945
6875,valid,0,0.75017244
10960,valid,0,0.038409945
561,valid,0,0.038409945
5112,valid,0,0.038364206
74,valid,0,0.75017244
3321,valid,0,0.75017244
1288,valid,0,0.038409945
1277,valid,0,0.75017244
10105,valid,0,0.038409945
9184,valid,0,0.038409945
726,valid,0,0.038409945
11068,valid,0,0.040795173
535,valid,0,0.038409945
8208,valid,0,0.038409945
462,valid,0,0.038409945
1012,valid,0,0.038409945
7641,valid,0,0.75017244
140,valid,0,0.038409945
8195,valid,0,0.75017244
4752,valid,0,0.038409945
3956,valid,0,0.040795017
9128,valid,0,0.038409945
8850,valid,0,0.038409945
8166,valid,0,0.038409945
6900,valid,0,0.75017244
1632,valid,0,0.038409945
2309,valid,0,0.75017244
3325,valid,0,0.038409945
4932,valid,0,0.038364206
11073,valid,0,0.75017244
2702,valid,0,0.038409945
5041,valid,0,0.038409945
9115,valid,0,0.038409945
2495,valid,0,0.75017244
5389,valid,0,0.038409945
5390,valid,0,0.038409945
5641,valid,0,0.038409945
7789,valid,0,0.038409945
657,valid,0,0.059032507
591,valid,0,0.75017244
2959,valid,0,0.038409945
25,valid,0,0.038409945
9979,valid,0,0.75017244
5716,valid,0,0.038409945
5148,valid,0,0.75017244
5233,valid,0,0.75017244
9005,valid,0,0.040795173
44,valid,0,0.038409945
6881,valid,0,0.038409945
3723,valid,0,0.75017244
7618,valid,0,0.038409945
9998,valid,0,0.03838789
8430,valid,0,0.038409945
10091,valid,0,0.038409945
727,valid,0,0.75017244
9193,valid,0,0.038409945
4757,valid,0,0.75017244
8424,valid,0,0.038409945
5006,valid,0,0.038409945
1947,valid,0,0.038409945
6054,valid,0,0.038409945
1015,valid,0,0.038409945
6824,valid,0,0.038409945
8838,valid,0,0.038409945
3725,valid,0,0.038409945
3820,valid,0,0.75017244
3833,valid,0,0.038409945
10389,valid,0,0.75017244
722,valid,0,0.75017244
8537,valid,0,0.038409945
5376,valid,0,0.038409945
7944,valid,0,0.75017244
1017,valid,0,0.038409945
8440,valid,0,0.038409945
5902,valid,0,0.75017244
9506,valid,0,0.75017244
2496,valid,0,0.75017244
10624,valid,0,0.75017244
10971,valid,0,0.040795173
9925,valid,0,0.040795173
1797,valid,0,0.040795173
11085,valid,0,0.038409945
7564,valid,0,0.038409945
3982,valid,0,0.75017244
5930,valid,0,0.038409945
10504,valid,0,0.038409945
1928,valid,0,0.038409945
9027,valid,0,0.038409945
4849,valid,0,0.75017244
4514,valid,0,0.03838789
10583,valid,0,0.75017244
10618,valid,0,0.038409945
6060,valid,0,0.040795173
7964,valid,0,0.038409945
5912,valid,0,0.038409945
477,valid,0,0.75017244
6655,valid,0,0.75017244
5365,valid,0,0.05459664
7549,valid,0,0.75017244
5936,valid,0,0.038409945
2793,valid,0,0.038409945
2064,valid,0,0.75017244
2788,valid,0,0.75017244
460,valid,0,0.038409945
3155,valid,0,0.038409945
4215,valid,0,0.75017244
8962,valid,0,0.038409945
6357,valid,0,0.038409945
5119,valid,0,0.75017244
7608,valid,0,0.75017244
4657,valid,0,0.038409945
3245,valid,0,0.038409945
6145,valid,0,0.75017244
3346,valid,0,0.75017244
10102,valid,0,0.040795173
4662,valid,0,0.038409945
3802,valid,0,0.75017244
8964,valid,0,0.038409945
1308,valid,0,0.038409945
7651,valid,0,0.03838789
715,valid,0,0.038409945
545,valid,0,0.038409945
2308,valid,0,0.75017244
8961,valid,0,0.038409945
6406,valid,0,0.038409945
3969,valid,0,0.75017244
6957,valid,0,0.038409945
5244,valid,0,0.038409945
9190,valid,0,0.75017244
3861,valid,0,0.038409945
6611,valid,0,0.038409945
6619,valid,0,0.038409945
8036,valid,0,0.038409945
10559,valid,0,0.038409945
9122,valid,0,0.038409945
9921,valid,0,0.75017244
5025,valid,0,0.038409945
5385,valid,0,0.038409945
6749,valid,0,0.75017244
8209,valid,0,0.75017244
8199,valid,0,0.038409945
11080,valid,0,0.038409945
4848,valid,0,0.75017244
465,valid,0,0.038409945
5051,valid,0,0.038409945
1218,valid,0,0.038409945
6144,valid,0,0.038409945
4080,valid,0,0.03838789
3744,valid,0,0.038409945
9788,valid,0,0.038409945
40,valid,0,0.038409945
6826,valid,0,0.038409945
2517,valid,0,0.75017244
8952,valid,0,0.038409945
1074,valid,0,0.038409945
7906,valid,0,0.75017244
5248,valid,0,0.038409945
1067,valid,0,0.038409945
7316,valid,0,0.75017244
9700,valid,0,0.038409945
2549,valid,0,0.75017244
1457,valid,0,0.038409945
3721,valid,0,0.038409945
4914,valid,0,0.038409945
207,valid,0,0.038409945
4861,valid,0,0.038409945
5150,valid,0,0.038409945
866,valid,0,0.038409945
7805,valid,0,0.038409945
5904,valid,0,0.75017244
10975,valid,0,0.038409945
1298,valid,0,0.75017244
441,valid,0,0.75017244
10116,valid,0,0.75017244
8140,valid,0,0.040795173
8317,valid,0,0.75017244
10959,valid,0,0.75017244
10433,valid,0,0.75017244
1076,valid,0,0.038409945
4950,valid,0,0.75017244
1313,valid,0,0.75017244
1303,valid,0,0.038409945
2700,valid,0,0.75017244
6288,valid,0,0.038364206
10956,valid,0,0.038409945
10511,valid,0,0.75017244
663,valid,0,0.038409945
8412,valid,0,0.038409945
2690,valid,0,0.038409945
2616,valid,0,0.03838789
3831,valid,0,0.038409945
8082,valid,0,0.038409945
4737,valid,0,0.75017244
4275,valid,0,0.03838789
5359,valid,0,0.038409945
999,valid,0,0.038409945
9981,valid,0,0.75017244
4273,valid,0,0.75017244
544,valid,0,0.038409945
601,valid,0,0.75017244
6941,valid,0,0.038409945
10096,valid,0,0.038409945
2783,valid,0,0.038409945
724,valid,0,0.75017244
7807,valid,0,0.038409945
1323,valid,0,0.038409945
3824,valid,0,0.038409945
4277,valid,0,0.038409945
6609,valid,0,0.038409945
4516,valid,0,0.040795173
3868,valid,0,0.75017244
8969,valid,0,0.038409945
10561,valid,0,0.038409945
9192,valid,0,0.038409945
212,valid,0,0.038364206
4212,valid,0,0.038364206
6052,valid,0,0.038409945
8836,valid,0,0.038409945
2790,valid,0,0.038409945
10279,valid,0,0.038409945
10907,valid,0,0.038409945
6789,valid,0,0.75017244
7808,valid,0,0.038409945
6413,valid,0,0.038409945
5362,valid,0,0.038409945
8851,valid,0,0.038409945
10957,valid,0,0.038409945
2697,valid,0,0.75017244
1503,valid,0,0.038409945
4899,valid,0,0.038409945
7948,valid,0,0.038409945
8427,valid,0,0.038409945
4220,valid,0,0.038409945
2321,valid,0,0.75017244
1275,valid,0,0.038409945
647,valid,0,0.038409945
3730,valid,0,0.75017244
8073,valid,0,0.038409945
6398,valid,0,0.038409945
1281,valid,0,0.040795173
1226,valid,0,0.038409945
1921,valid,0,0.038409945
365,valid,0,0.038409945
8438,valid,0,0.038409945
2777,valid,0,0.75017244
5016,valid,0,0.75017244
9961,valid,0,0.75017244
2533,valid,0,0.75017244
10082,valid,0,0.75017244
4722,valid,0,0.038364206
8134,valid,0,0.038409945
7310,valid,0,0.038409945
30,valid,0,0.75017244
9197,valid,0,0.75017244
4747,valid,0,0.038409945
10369,valid,0,0.75017244
7931,valid,0,0.038409945
5042,valid,0,0.038409945
8033,valid,0,0.040795173
8201,valid,0,0.038409945
770,valid,0,0.038409945
10662,valid,0,0.038409945
10949,valid,0,0.038409945
9708,valid,0,0.038409945
9419,valid,0,0.75017244
3329,valid,0,0.038409945
7782,valid,0,0.038409945
8204,valid,0,0.038409945
7715,valid,0,0.038409945
142,valid,0,0.75017244
1900,valid,0,0.75017244
5279,valid,0,0.038409945
6292,valid,0,0.038409945
10888,valid,0,0.038409945
3727,valid,0,0.038409945
4673,valid,0,0.75017244
1945,valid,0,0.75017244
5733,valid,0,0.038409945
5622,valid,0,0.038409945
3609,valid,0,0.040795173
4343,valid,0,0.75017244
7598,valid,0,0.75017244
723,valid,0,0.038409945
2638,valid,0,0.038409945
11071,valid,0,0.038409945
5392,valid,0,0.038409945
7606,valid,0,0.038409945
9033,valid,0,0.040795173
8155,valid,0,0.75017244
7960,valid,0,0.038409945
10263,valid,0,0.038409945
10088,valid,0,0.038364206
458,valid,0,0.75017244
6950,valid,0,0.038409945
3742,valid,0,0.038409945
5047,valid,0,0.038409945
7965,valid,0,0.038409945
1977,valid,0,0.038364206
8041,valid,0,0.038409945
6403,valid,0,0.75017244
10262,valid,0,0.75017244
2867,valid,0,0.038409945
6440,valid,0,0.040795173
4201,valid,0,0.040795017
10557,valid,0,0.038409945
7298,valid,0,0.038364206
4919,valid,0,0.038409945
7559,valid,0,0.038409945
10513,valid,0,0.038409945
5369,valid,0,0.038409945
8080,valid,0,0.040795173
5245,valid,0,0.038409945
7722,valid,0,0.038409945
3279,valid,0,0.75017244
9020,valid,0,0.038409945
1459,valid,0,0.038409945
4841,valid,0,0.038409945
6831,valid,0,0.038409945
3164,valid,0,0.038409945
10029,valid,0,0.038409945
2606,valid,0,0.038409945
9992,valid,0,0.75017244
1507,valid,0,0.75017244
7957,valid,0,0.038409945
1895,valid,0,0.038364206
4666,valid,0,0.038409945
532,valid,0,0.03838789
10080,valid,0,0.038409945
7681,valid,0,0.75017244
1278,valid,0,0.038409945
4218,valid,0,0.038409945
9422,valid,0,0.040795017
8853,valid,0,0.038409945
6956,valid,0,0.038409945
4758,valid,0,0.75017244
650,valid,0,0.038409945
10113,valid,0,0.038364206
8974,valid,0,0.038409945
6792,valid,0,0.75017244
9113,valid,0,0.038409945
3170,valid,0,0.038409945
32,valid,0,0.75017244
1220,valid,0,0.038409945
7806,valid,0,0.038409945
7930,valid,0,0.038409945
5909,valid,0,0.038409945
7790,valid,0,0.038409945
6955,valid,0,0.038409945
7508,valid,0,0.038409945
3305,valid,0,0.75017244
10370,valid,0,0.038409945
4967,valid,0,0.75017244
5110,valid,0,0.75017244
7313,valid,0,0.038409945
10085,valid,0,0.038409945
8213,valid,0,0.03838789
10891,valid,0,0.75017244
4276,valid,0,0.038409945
42,valid,0,0.038409945
6059,valid,0,0.038409945
6259,valid,0,0.038409945
8954,valid,0,0.038409945
7506,valid,0,0.75017244
7800,valid,0,0.75017244
473,valid,0,0.038409945
6429,valid,0,0.038409945
33,valid,0,0.038409945
6784,valid,0,0.038364206
9454,valid,0,0.040795173
10657,valid,0,0.75017244
3399,valid,0,0.75017244
994,valid,0,0.038409945
222,valid,0,0.038409945
5391,valid,0,0.038409945
173,valid,0,0.75017244
9011,valid,0,0.75017244
8972,valid,0,0.038409945
6809,valid,0,0.038409945
7646,valid,0,0.75017244
10954,valid,0,0.75017244
5917,valid,0,0.038409945
8541,valid,0,0.75017244
7603,valid,0,0.038409945
6817,valid,0,0.75017244
8196,valid,0,0.038409945
10958,valid,0,0.75017244
1212,valid,0,0.038409945
7974,valid,0,0.038409945
2588,valid,0,0.038409945
4289,valid,0,0.038409945
2316,valid,0,0.038409945
3166,valid,0,0.038409945
4936,valid,0,0.75017244
4282,valid,0,0.038409945
9186,valid,0,0.038409945
2799,valid,0,0.75017244
6624,valid,0,0.038409945
3168,valid,0,0.03838789
780,valid,0,0.75017244
8075,valid,0,0.040795173
10072,valid,0,0.038409945
3169,valid,0,0.75017244
558,valid,0,0.03838789
2802,valid,0,0.038409945
4751,valid,0,0.038409945
4674,valid,0,0.03838789
6430,valid,0,0.038409945
7959,valid,0,0.038409945
5626,valid,0,0.75017244
5039,valid,0,0.75017244
6294,valid,0,0.75017244
4920,valid,0,0.038409945
3584,valid,0,0.75017244
777,valid,0,0.038364206
4724,valid,0,0.75017244
5397,valid,0,0.038409945
5919,valid,0,0.038409945
2325,valid,0,0.038409945
5236,valid,0,0.75017244
5625,valid,0,0.038409945
3829,valid,0,0.75017244
6659,valid,0,0.038409945
6280,valid,0,0.038409945
568,valid,0,0.038409945
9633,valid,0,0.038364206
6618,valid,0,0.038409945
7612,valid,0,0.040795173
5127,valid,0,0.040795173
216,valid,0,0.75017244
8311,valid,0,0.038409945
7954,valid,0,0.75017244
3977,valid,0,0.75017244
5253,valid,0,0.038409945
7910,valid,0,0.75017244
1976,valid,0,0.75017244
36,valid,0,0.038409945
7795,valid,0,0.038409945
5158,valid,0,0.038409945
6360,valid,0,0.038409945
1920,valid,0,0.75017244
9798,valid,0,0.038409945
417,valid,0,0.038409945
7147,valid,0,0.03838789
4369,valid,0,0.038409945
1321,valid,0,0.038409945
9966,valid,0,0.038409945
4939,valid,0,0.038409945
10873,valid,0,0.038409945
4227,valid,0,0.038409945
5128,valid,0,0.038409945
10073,valid,0,0.038409945
3731,valid,0,0.75017244
5628,valid,0,0.038364206
8144,valid,0,0.038409945
11077,valid,0,0.75017244
6364,valid,0,0.75017244
4834,valid,0,0.038409945
2784,valid,0,0.038409945
9187,valid,0,0.038409945
9642,valid,0,0.038364206
10965,valid,0,0.75017244
8024,valid,0,0.038409945
9116,valid,0,0.038409945
10098,valid,0,0.75017244
4893,valid,0,0.038364206
9696,valid,0,0.038409945
1062,valid,0,0.75017244
10892,valid,0,0.038409945
5256,valid,0,0.038409945
7615,valid,0,0.75017244
8772,valid,0,0.038409945
594,valid,0,0.038409945
5753,valid,0,0.038409945
5388,valid,0,0.038409945
1209,valid,0,0.038409945
3333,valid,0,0.75017244
2073,valid,0,0.038409945
1916,valid,0,0.038409945
4071,valid,0,0.038409945
4068,valid,0,0.75017244
9129,valid,0,0.75017244
2547,valid,0,0.038409945
4999,valid,0,0.038409945
46,valid,0,0.038409945
3312,valid,0,0.038409945
6066,valid,0,0.75017244
8949,valid,0,0.038409945
954,valid,0,0.038409945
6864,valid,0,0.038364206
349,valid,0,0.75017244
9999,valid,0,0.038409945
10093,valid,0,0.038409945
5885,valid,0,0.75017244
592,valid,0,0.038409945
1215,valid,0,0.038409945
3986,valid,0,0.75017244
4926,valid,0,0.038409945
1007,valid,0,0.038409945
779,valid,0,0.038364206
8068,valid,0,0.038409945
718,valid,0,0.038409945
1458,valid,0,0.040795017
3585,valid,0,0.038409945
2624,valid,0,0.038409945
3818,valid,0,0.038364206
1473,valid,0,0.75017244
10268,valid,0,0.040795173
3873,valid,0,0.75017244
5364,valid,0,0.038409945
7949,valid,0,0.75017244
2323,valid,0,0.75017244
8029,valid,0,0.75017244
6132,valid,0,0.038409945
11076,valid,0,0.75017244
5870,valid,0,0.038409945
9651,valid,0,0.75017244
5055,valid,0,0.038409945
4065,valid,0,0.038409945
8428,valid,0,0.038409945
10250,valid,0,0.038364206
2339,valid,0,0.038364206
6958,valid,0,0.75017244
10110,valid,0,0.038409945
2175,valid,0,0.75017244
1029,valid,0,0.038409945
6065,valid,0,0.038409945
4464,valid,0,0.038409945
3708,valid,0,0.038409945
10661,valid,0,0.038364206
5752,valid,0,0.038364206
1935,valid,0,0.038409945
5886,valid,0,0.038409945
1210,valid,0,0.75017244
8425,valid,0,0.75017244
6246,valid,0,0.75017244
7140,valid,0,0.038409945
8419,valid,0,0.038409945
7553,valid,0,0.038409945
1925,valid,0,0.038364206
8185,valid,0,0.038409945
4672,valid,0,0.038409945
6814,valid,0,0.038409945
11063,valid,0,0.038409945
2857,valid,0,0.038409945
10106,valid,0,0.038409945
3163,valid,0,0.038409945
9415,valid,0,0.75017244
1944,valid,0,0.038409945
2950,valid,0,0.038409945
10556,valid,0,0.038409945
331,valid,0,0.038409945
678,valid,0,0.038409945
1633,valid,0,0.038409945
6279,valid,0,0.038409945
10074,valid,0,0.038409945
9021,valid,0,0.038409945
2313,valid,0,0.75017244
576,valid,0,0.75017244
4963,valid,0,0.038409945
9179,valid,0,0.75017244
1306,valid,0,0.038409945
5726,valid,0,0.040795173
205,valid,0,0.038409945
2244,valid,0,0.038409945
10385,valid,0,0.038409945
6614,valid,0,0.038409945
8315,valid,0,0.75017244
10627,valid,0,0.038409945
5020,valid,0,0.75017244
3407,valid,0,0.75017244
4742,valid,0,0.75017244
7724,valid,0,0.038409945
7901,valid,0,0.038409945
9976,valid,0,0.75017244
8845,valid,0,0.038409945
537,valid,0,0.038409945
8998,valid,0,0.038409945
4844,valid,0,0.75017244
9039,valid,0,0.038409945
5246,valid,0,0.038364206
8551,valid,0,0.038409945
782,valid,0,0.038409945
5375,valid,0,0.038409945
771,valid,0,0.038364206
4079,valid,0,0.038409945
1199,valid,0,0.75017244
6871,valid,0,0.75017244
6425,valid,0,0.75017244
6251,valid,0,0.038409945
3720,valid,0,0.038409945
9014,valid,0,0.038409945
5634,valid,0,0.038364206
672,valid,0,0.75017244
4655,valid,0,0.75017244
9702,valid,0,0.75017244
6833,valid,0,0.75017244
3614,valid,0,0.038364206
4836,valid,0,0.038409945
6868,valid,0,0.038409945
21,valid,0,0.75017244
454,valid,0,0.75017244
9698,valid,0,0.75017244
5040,valid,0,0.038409945
3985,valid,0,0.038409945
8067,valid,0,0.038409945
7599,valid,0,0.75017244
9040,valid,0,0.75017244
5721,valid,0,0.75017244
9471,valid,0,0.038409945
5393,valid,0,0.038409945
438,valid,0,0.75017244
3272,valid,0,0.040795017
7936,valid,0,0.75017244
339,valid,0,0.75017244
371,valid,0,0.75017244
8421,valid,0,0.038409945
9636,valid,0,0.038409945
7803,valid,0,0.75017244
8966,valid,0,0.75017244
164,valid,0,0.75017244
8778,valid,0,0.75017244
5162,valid,0,0.75017244
5926,valid,0,0.052689523
5838,valid,0,0.040795017
677,valid,0,0.75017244
9647,valid,0,0.75017244
4294,valid,0,0.75017244
5109,valid,0,0.75017244
9990,valid,0,0.75017244
8028,valid,0,0.03838789
3706,valid,0,0.038409945
2621,valid,0,0.038409945
213,valid,0,0.75017244
1170,valid,0,0.75017244
10501,valid,0,0.75017244
5243,valid,0,0.75017244
6137,valid,0,0.75017244
4515,valid,0,0.038364206
5469,valid,0,0.038409945
2231,valid,0,0.75017244
10253,valid,0,0.75017244
6893,valid,0,0.038409945
352,valid,0,0.75017244
7644,valid,0,0.75017244
6869,valid,0,0.75017244
340,valid,0,0.75017244
3415,valid,0,0.038409945
2066,valid,0,0.75017244
2629,valid,0,0.75017244
8435,valid,0,0.75017244
8219,valid,0,0.75017244
7137,valid,0,0.75017244
4352,valid,0,0.75017244
2070,valid,0,0.75017244
6651,valid,0,0.75017244
3242,valid,0,0.75017244
3274,valid,0,0.75017244
9929,valid,0,0.75017244
5858,valid,0,0.038409945
1224,valid,0,0.75017244
1504,valid,0,0.038409945
4912,valid,0,0.75017244
7937,valid,0,0.03838789
3264,valid,0,0.038409945
2807,valid,0,0.75017244
667,valid,0,0.75017244
3313,valid,0,0.75017244
590,valid,0,0.75017244
2596,valid,0,0.75017244
9641,valid,0,0.75017244
337,valid,0,0.75017244
3952,valid,0,0.75017244
9018,valid,0,0.05792434
1894,valid,0,0.038364206
6253,valid,0,0.75017244
6759,valid,0,0.040795173
9801,valid,0,0.040795173
4070,valid,0,0.038409945
5002,valid,0,0.038409945
8212,valid,0,0.75017244
3301,valid,0,0.038409945
3821,valid,0,0.75017244
540,valid,0,0.75017244
148,valid,0,0.75017244
3358,valid,0,0.75017244
8173,valid,0,0.75017244
3960,valid,0,0.75017244
8596,valid,0,0.75017244
6758,valid,0,0.75017244
1214,valid,0,0.75017244
6834,valid,0,0.05459664
6760,valid,0,0.75017244
4993,valid,0,0.75017244
10620,valid,0,0.75017244
10101,valid,0,0.75017244
3815,valid,0,0.75017244
2991,valid,0,0.03838789
1979,valid,0,0.03838789
6290,valid,0,0.75017244
6770,valid,0,0.03838789
7784,valid,0,0.75017244
3619,valid,0,0.75017244
563,valid,0,0.03838789
4850,valid,0,0.038364206
439,valid,0,0.75017244
5640,valid,0,0.75017244
2180,valid,0,0.03838789
5144,valid,0,0.75017244
9988,valid,0,0.03838789
3713,valid,0,0.75017244
3580,valid,0,0.040795017
7305,valid,0,0.75017244
3625,valid,0,0.75017244
4281,valid,0,0.75017244
9201,valid,0,0.038364206
3429,valid,0,0.040795173
3846,valid,0,0.03838789
7844,valid,0,0.040795173
5878,valid,0,0.75017244
6620,valid,0,0.038409945
8603,valid,0,0.038409945
547,valid,0,0.038409945
4839,valid,0,0.038409945
10374,valid,0,0.038364206
10631,valid,0,0.75017244
552,valid,0,0.75017244
719,valid,0,0.038409945
5872,valid,0,0.038409945
7552,valid,0,0.038409945
8953,valid,0,0.75017244
7902,valid,0,0.040795173
1205,valid,0,0.038409945
7306,valid,0,0.038409945
7946,valid,0,0.038409945
3841,valid,0,0.038364206
9927,valid,0,0.038409945
7939,valid,0,0.10781388
2336,valid,0,0.038364206
10889,valid,0,0.75017244
4511,valid,0,0.040795173
8190,valid,0,0.03838789
4230,valid,0,0.75017244
9411,valid,0,0.75017244
10273,valid,0,0.75017244
2514,valid,0,0.03838789
3819,valid,0,0.038409945
174,valid,0,0.038409945
5472,valid,0,0.75017244
10388,valid,0,0.038409945
968,valid,0,0.038409945
4944,valid,0,0.038409945
559,valid,0,0.75017244
1972,valid,0,0.038409945
5027,valid,0,0.038409945
3315,valid,0,0.75017244
1911,valid,0,0.75017244
1917,valid,0,0.05459664
6436,valid,0,0.75017244
2825,valid,0,0.75017244
4658,valid,0,0.10781388
10259,valid,0,0.03838789
6396,valid,0,0.038409945
9914,valid,0,0.038409945
7610,valid,0,0.75017244
6756,valid,0,0.040795173
4073,valid,0,0.75017244
863,valid,0,0.038409945
404,valid,0,0.038364206
7850,valid,0,0.03838789
5846,valid,0,0.038409945
10894,valid,0,0.038409945
10031,valid,0,0.040795173
9462,valid,0,0.75017244
1906,valid,0,0.038409945
2515,valid,0,0.038409945
7654,valid,0,0.75017244
3501,valid,0,0.038409945
3995,valid,0,0.038364206
414,valid,0,0.05459664
5017,valid,0,0.038409945
4921,valid,0,0.038409945
6285,valid,0,0.18626489
9794,valid,0,0.18626489
2778,valid,0,0.040795173
10580,valid,0,0.038409945
8556,valid,0,0.040795173
1946,valid,0,0.040795173
3176,valid,0,0.038409945
7929,valid,0,0.038409945
1169,valid,0,0.038409945
9789,valid,0,0.75017244
6807,valid,0,0.75017244
8072,valid,0,0.75017244
5856,valid,0,0.038409945
995,valid,0,0.038409945
5732,valid,0,0.038409945
500,valid,0,0.040795173
9478,valid,0,0.038409945
1638,valid,0,0.038409945
1010,valid,0,0.038409945
1332,valid,0,0.038409945
1462,valid,0,0.038409945
3238,valid,0,0.03838789
8411,valid,0,0.75017244
38,valid,0,0.038409945
77,valid,0,0.038409945
769,valid,0,0.75017244
357,valid,0,0.75017244
9196,valid,0,0.038409945
2863,valid,0,0.038409945
1228,valid,0,0.75017244
144,valid,0,0.75017244
498,valid,0,0.75017244
4933,valid,0,0.038409945
2957,valid,0,0.75017244
9181,valid,0,0.038409945
83,valid,0,0.038409945
7296,valid,0,0.10781388
2326,valid,0,0.75017244
8548,valid,0,0.75017244
562,valid,0,0.75017244
5925,valid,0,0.75017244
9632,valid,0,0.75017244
642,valid,0,0.08493667
1221,valid,0,0.038409945
1201,valid,0,0.038409945
5023,valid,0,0.75017244
5874,valid,0,0.040795173
3246,valid,0,0.75017244
3161,valid,0,0.75017244
6874,valid,0,0.75017244
7604,valid,0,0.038409945
3991,valid,0,0.038409945
5018,valid,0,0.038409945
10115,valid,0,0.75017244
11064,valid,0,0.75017244
6439,valid,0,0.038409945
9511,valid,0,0.75017244
4204,valid,0,0.038409945
2805,valid,0,0.75017244
9499,valid,0,0.75017244
220,valid,0,0.75017244
4287,valid,0,0.75017244
3587,valid,0,0.75017244
3320,valid,0,0.75017244
9968,valid,0,0.75017244
6788,valid,0,0.75017244
10506,valid,0,0.05459664
2862,valid,0,0.75017244
2185,valid,0,0.038409945
9922,valid,0,0.038409945
3607,valid,0,0.75017244
5229,valid,0,0.75017244
1807,valid,0,0.038409945
5756,valid,0,0.038409945
10376,valid,0,0.75017244
8168,valid,0,0.038409945
6656,valid,0,0.038409945
4213,valid,0,0.038409945
6615,valid,0,0.75017244
3280,valid,0,0.75017244
8550,valid,0,0.23581056
151,valid,0,0.75017244
658,valid,0,0.75017244
1302,valid,0,0.75017244
5633,valid,0,0.75017244
2237,valid,0,0.75017244
9693,valid,0,0.038409945
9126,valid,0,0.75017244
8313,valid,0,0.75017244
2314,valid,0,0.10781388
656,valid,0,0.038364206
9983,valid,0,0.75017244
358,valid,0,0.75017244
5462,valid,0,0.75017244
2779,valid,0,0.038409945
1909,valid,0,0.038409945
2954,valid,0,0.75017244
8039,valid,0,0.75017244
7976,valid,0,0.29430345
6644,valid,0,0.038409945
5363,valid,0,0.75017244
2176,valid,0,0.040795017
2831,valid,0,0.75017244
5036,valid,0,0.038409945
6047,valid,0,0.75017244
8162,valid,0,0.038409945
3994,valid,0,0.038409945
10432,valid,0,0.75017244
8206,valid,0,0.038409945
4228,valid,0,0.75017244
4990,valid,0,0.75017244
10575,valid,0,0.038409945
10947,valid,0,0.75017244
1006,valid,0,0.040795173
2331,valid,0,0.040795173
1637,valid,0,0.038409945
9970,valid,0,0.038409945
4909,valid,0,0.038409945
10616,valid,0,0.038409945
1314,valid,0,0.057218343
5637,valid,0,0.038409945
5155,valid,0,0.05459664
3330,valid,0,0.038409945
4354,valid,0,0.038409945
3724,valid,0,0.038409945
6286,valid,0,0.75017244
1203,valid,0,0.038409945
9461,valid,0,0.040795173
6832,valid,0,0.038409945
1174,valid,0,0.038409945
7561,valid,0,0.038409945
4509,valid,0,0.75017244
6423,valid,0,0.038409945
10952,valid,0,0.038409945
6946,valid,0,0.038409945
6410,valid,0,0.038409945
8308,valid,0,0.75017244
5921,valid,0,0.038409945
8960,valid,0,0.75017244
470,valid,0,0.038409945
7967,valid,0,0.038409945
871,valid,0,0.75017244
1075,valid,0,0.040795173
2181,valid,0,0.040795173
5107,valid,0,0.03838789
2800,valid,0,0.038409945
10573,valid,0,0.038409945
1929,valid,0,0.038409945
9118,valid,0,0.038409945
1635,valid,0,0.10781388
47,valid,0,0.75017244
6255,valid,0,0.75017244
1028,valid,0,0.75017244
9797,valid,0,0.038409945
949,valid,0,0.75017244
6606,valid,0,0.038409945
8135,valid,0,0.03838789
6945,valid,0,0.038409945
950,valid,0,0.75017244
1031,valid,0,0.03838789
1282,valid,0,0.038409945
10619,valid,0,0.038409945
4061,valid,0,0.038409945
1791,valid,0,0.038409945
5294,valid,0,0.038409945
5145,valid,0,0.75017244
34,valid,0,0.038409945
476,valid,0,0.038409945
6811,valid,0,0.038409945
9479,valid,0,0.038409945
7133,valid,0,0.040795173
6148,valid,0,0.038409945
1025,valid,0,0.75017244
1634,valid,0,0.038409945
1002,valid,0,0.75017244
348,valid,0,0.040795017
5731,valid,0,0.75017244
4089,valid,0,0.75017244
997,valid,0,0.038409945
7303,valid,0,0.038409945
6049,valid,0,0.0920828
6891,valid,0,0.75017244
1019,valid,0,0.052689523
1172,valid,0,0.10781388
1322,valid,0,0.038409945
8598,valid,0,0.75017244
6949,valid,0,0.038409945
8842,valid,0,0.038409945
10948,valid,0,0.038409945
10622,valid,0,0.038409945
4512,valid,0,0.038409945
2856,valid,0,0.038409945
9200,valid,0,0.03838789
2509,valid,0,0.038409945
5759,valid,0,0.038409945
10566,valid,0,0.75017244
4845,valid,0,0.038409945
7494,valid,0,0.75017244
3578,valid,0,0.03838789
7938,valid,0,0.75017244
4521,valid,0,0.75017244
735,valid,0,0.75017244
10393,valid,0,0.03838789
781,valid,0,0.038364206
3843,valid,0,0.75017244
5283,valid,0,0.038409945
8955,valid,0,0.75017244
555,valid,0,0.75017244
5368,valid,0,0.038409945
2319,valid,0,0.75017244
5922,valid,0,0.038409945
3746,valid,0,0.75017244
5911,valid,0,0.75017244
7725,valid,0,0.75017244
162,valid,0,0.03838789
4207,valid,0,0.75017244
10878,valid,0,0.75017244
10076,valid,0,0.038409945
5730,valid,0,0.75017244
10621,valid,0,0.038409945
9026,valid,0,0.038409945
1068,valid,0,0.038409945
5630,valid,0,0.038409945
1941,valid,0,0.75017244
2795,valid,0,0.75017244
3334,valid,0,0.038409945
4210,valid,0,0.038409945
1467,valid,0,0.75017244
5933,valid,0,0.75017244
8559,valid,0,0.03838789
4283,valid,0,0.038409945
5044,valid,0,0.038409945
875,valid,0,0.038409945
5386,valid,0,0.038409945
166,valid,0,0.75017244
1207,valid,0,0.038409945
2619,valid,0,0.038409945
6753,valid,0,0.75017244
5147,valid,0,0.038409945
3858,valid,0,0.75017244
8026,valid,0,0.038409945
2322,valid,0,0.75017244
5621,valid,0,0.038409945
9188,valid,0,0.038409945
5038,valid,0,0.038409945
10275,valid,0,0.75017244
10069,valid,0,0.038409945
714,valid,0,0.038409945
7799,valid,0,0.05459664
5720,valid,0,0.038409945
5644,valid,0,0.038409945
6628,valid,0,0.75017244
10571,valid,0,0.038409945
10567,valid,0,0.038364206
4221,valid,0,0.75017244
730,valid,0,0.038409945
3703,valid,0,0.038409945
996,valid,0,0.052689523
5884,valid,0,0.038409945
5464,valid,0,0.038409945
10972,valid,0,0.038409945
1937,valid,0,0.05459664
10665,valid,0,0.75017244
3980,valid,0,0.038409945
7314,valid,0,0.038409945
9025,valid,0,0.75017244
7611,valid,0,0.038409945
4832,valid,0,0.75017244
7845,valid,0,0.05459664
158,valid,0,0.040795017
10377,valid,0,0.038409945
1023,valid,0,0.05459664
9127,valid,0,0.038409945
1032,valid,0,0.038409945
1211,valid,0,0.10781388
9703,valid,0,0.038409945
5623,valid,0,0.038409945
10128,valid,0,0.038409945
4729,valid,0,0.038409945
1915,valid,0,0.038409945
4225,valid,0,0.038409945
3174,valid,0,0.038409945
1796,valid,0,0.038409945
1283,valid,0,0.038409945
9030,valid,0,0.038409945
10869,valid,0,0.75017244
9697,valid,0,0.75017244
146,valid,0,0.03838789
7567,valid,0,0.038409945
1317,valid,0,0.038409945
10114,valid,0,0.75017244
4075,valid,0,0.038409945
10579,valid,0,0.038409945
336,valid,0,0.038409945
10381,valid,0,0.038409945
5908,valid,0,0.038409945
5252,valid,0,0.038409945
8956,valid,0,0.75017244
1289,valid,0,0.038409945
8211,valid,0,0.75017244
2174,valid,0,0.75017244
9706,valid,0,0.75017244
581,valid,0,0.75017244
7136,valid,0,0.75017244
10883,valid,0,0.038409945
1640,valid,0,0.038409945
2613,valid,0,0.75017244
2852,valid,0,0.038409945
8042,valid,0,0.038409945
1227,valid,0,0.038409945
5724,valid,0,0.038409945
3747,valid,0,0.038409945
2689,valid,0,0.038409945
6418,valid,0,0.038409945
7556,valid,0,0.038409945
966,valid,0,0.038409945
8034,valid,0,0.03838789
1931,valid,0,0.038409945
7620,valid,0,0.038409945
5383,valid,0,0.75017244
3823,valid,0,0.038409945
7945,valid,0,0.038409945
7713,valid,0,0.038409945
5258,valid,0,0.21822351
5161,valid,0,0.038364206
9974,valid,0,0.038364206
4214,valid,0,0.038409945
6438,valid,0,0.038409945
10380,valid,0,0.75017244
1803,valid,0,0.03838789
5049,valid,0,0.75017244
147,valid,0,0.75017244
3866,valid,0,0.038409945
3976,valid,0,0.038409945
501,valid,0,0.75017244
5151,valid,0,0.038409945
2792,valid,0,0.038409945
10613,valid,0,0.038409945
1926,valid,0,0.27773294
8030,valid,0,0.038409945
1470,valid,0,0.038364206
1080,valid,0,0.038409945
406,valid,0,0.75017244
1027,valid,0,0.75017244
2059,valid,0,0.038364206
3307,valid,0,0.75017244
1973,valid,0,0.75017244
9704,valid,0,0.75017244
8443,valid,0,0.038364206
3988,valid,0,0.038409945
1295,valid,0,0.038409945
4522,valid,0,0.75017244
5291,valid,0,0.038409945
7601,valid,0,0.75017244
5284,valid,0,0.038409945
10558,valid,0,0.038409945
1912,valid,0,0.038409945
3323,valid,0,0.038364206
2600,valid,0,0.038409945
5642,valid,0,0.038409945
8200,valid,0,0.038409945
5631,valid,0,0.75017244
3589,valid,0,0.75017244
8431,valid,0,0.038409945
6397,valid,0,0.038409945
580,valid,0,0.038364206
7973,valid,0,0.038409945
10435,valid,0,0.75017244
4931,valid,0,0.038409945
5889,valid,0,0.75017244
1918,valid,0,0.038409945
2951,valid,0,0.038409945
3834,valid,0,0.038409945
152,valid,0,0.75017244
10950,valid,0,0.038409945
7675,valid,0,0.038364206
6892,valid,0,0.040795173
10885,valid,0,0.038409945
3709,valid,0,0.038409945
2687,valid,0,0.038409945
10394,valid,0,0.038409945
3348,valid,0,0.038364206
6819,valid,0,0.75017244
4454,valid,0,0.75017244
2499,valid,0,0.038409945
7301,valid,0,0.038409945
9646,valid,0,0.75017244
7971,valid,0,0.038409945
1286,valid,0,0.03838789
10387,valid,0,0.038409945
1291,valid,0,0.038409945
3175,valid,0,0.75017244
6051,valid,0,0.038409945
2628,valid,0,0.040795173
466,valid,0,0.038409945
3409,valid,0,0.75017244
4842,valid,0,0.038409945
659,valid,0,0.75017244
550,valid,0,0.75017244
4840,valid,0,0.75017244
22,valid,0,0.038364206
8032,valid,0,0.038409945
6828,valid,0,0.038409945
10081,valid,0,0.038409945
3403,valid,0,0.75017244
2304,valid,0,0.038409945
9443,valid,0,0.75017244
4286,valid,0,0.038409945
4918,valid,0,0.038409945
3743,valid,0,0.038409945
9931,valid,0,0.03838789
1333,valid,0,0.038409945
8852,valid,0,0.038409945
1329,valid,0,0.038409945
5734,valid,0,0.038409945
1073,valid,0,0.038409945
5122,valid,0,0.75017244
4735,valid,0,0.038409945
6883,valid,0,0.038409945
1011,valid,0,0.038409945
5160,valid,0,0.038409945
1785,valid,0,0.038409945
5918,valid,0,0.038409945
1511,valid,0,0.038409945
4992,valid,0,0.038364206
6747,valid,0,0.038409945
1300,valid,0,0.038409945
9971,valid,0,0.038409945
10668,valid,0,0.75017244
10095,valid,0,0.038409945
3996,valid,0,0.75017244
5893,valid,0,0.038409945
10281,valid,0,0.75017244
6411,valid,0,0.038409945
664,valid,0,0.75017244
5033,valid,0,0.038409945
4741,valid,0,0.038409945
2639,valid,0,0.038409945
9639,valid,0,0.75017244
5584,valid,0,0.038409945
3842,valid,0,0.038409945
6402,valid,0,0.038364206
2589,valid,0,0.10781388
7569,valid,0,0.05459664
3857,valid,0,0.038409945
8538,valid,0,0.038409945
3430,valid,0,0.038409945
10261,valid,0,0.75017244
4965,valid,0,0.03838789
6835,valid,0,0.038409945
10970,valid,0,0.75017244
8970,valid,0,0.057959106
7560,valid,0,0.038409945
5043,valid,0,0.038409945
3332,valid,0,0.038409945
4953,valid,0,0.75017244
9019,valid,0,0.038364206
10967,valid,0,0.038409945
4000,valid,0,0.052689523
5285,valid,0,0.038409945
4671,valid,0,0.038409945
5910,valid,0,0.038409945
1299,valid,0,0.038409945
2813,valid,0,0.038409945
7716,valid,0,0.038409945
5898,valid,0,0.75017244
8951,valid,0,0.038409945
9029,valid,0,0.038409945
3624,valid,0,0.75017244
5249,valid,0,0.038409945
7962,valid,0,0.038409945
9709,valid,0,0.038409945
23,valid,0,0.038409945
9119,valid,0,0.038409945
3805,valid,0,0.040795173
4661,valid,0,0.038409945
5019,valid,0,0.038409945
5011,valid,0,0.75017244
9791,valid,0,0.038409945
8542,valid,0,0.038409945
472,valid,0,0.038409945
7846,valid,0,0.038409945
8834,valid,0,0.038409945
9420,valid,0,0.75017244
4078,valid,0,0.038409945
9024,valid,0,0.038409945
3432,valid,0,0.03838789
1629,valid,0,0.038409945
2998,valid,0,0.038409945
3177,valid,0,0.038409945
2605,valid,0,0.03838789
4958,valid,0,0.038364206
5259,valid,0,0.038409945
2694,valid,0,0.038364206
729,valid,0,0.038409945
10103,valid,0,0.038409945
732,valid,0,0.038409945
2789,valid,0,0.038409945
1934,valid,0,0.038409945
5876,valid,0,0.03838789
10371,valid,0,0.038409945
7562,valid,0,0.038409945
10277,valid,0,0.038409945
3852,valid,0,0.75017244
2183,valid,0,0.75017244
4915,valid,0,0.038409945
10002,valid,0,0.038409945
6952,valid,0,0.75017244
5907,valid,0,0.038409945
4077,valid,0,0.038409945
9638,valid,0,0.75017244
2602,valid,0,0.038409945
10875,valid,0,0.038409945
9445,valid,0,0.75017244
1297,valid,0,0.75017244
1013,valid,0,0.038409945
8309,valid,0,0.038409945
725,valid,0,0.75017244
4913,valid,0,0.038409945
3739,valid,0,0.038409945
5014,valid,0,0.75017244
662,valid,0,0.75017244
9034,valid,0,0.038409945
4853,valid,0,0.038409945
2177,valid,0,0.038364206
6135,valid,0,0.038409945
2230,valid,0,0.038364206
4510,valid,0,0.75017244
6799,valid,0,0.75017244
10905,valid,0,0.038364206
6793,valid,0,0.75017244
1325,valid,0,0.038409945
7139,valid,0,0.75017244
8837,valid,0,0.05459664
7943,valid,0,0.038409945
1307,valid,0,0.038409945
958,valid,0,0.038409945
3862,valid,0,0.038409945
546,valid,0,0.038409945
3491,valid,0,0.75017244
4668,valid,0,0.75017244
5380,valid,0,0.038409945
2302,valid,0,0.038409945
474,valid,0,0.75017244
10633,valid,0,0.038409945
10507,valid,0,0.038409945
10505,valid,0,0.038409945
10272,valid,0,0.75017244
10565,valid,0,0.75017244
5028,valid,0,0.038409945
3401,valid,0,0.75017244
10278,valid,0,0.038409945
10438,valid,0,0.75017244
3318,valid,0,0.75017244
7956,valid,0,0.038409945
9413,valid,0,0.038409945
8413,valid,0,0.038409945
6889,valid,0,0.040795173
5613,valid,0,0.038409945
7718,valid,0,0.75017244
3836,valid,0,0.038409945
6804,valid,0,0.75017244
5154,valid,0,0.038409945
10964,valid,0,0.08636963
6954,valid,0,0.038409945
8418,valid,0,0.038409945
5296,valid,0,0.75017244
10131,valid,0,0.75017244
5935,valid,0,0.038409945
1908,valid,0,0.038409945
6795,valid,0,0.038364206
5618,valid,0,0.038409945
3736,valid,0,0.75017244
2781,valid,0,0.038409945
9425,valid,0,0.040795173
5891,valid,0,0.038409945
4517,valid,0,0.038409945
6146,valid,0,0.038409945
4937,valid,0,0.038409945
6872,valid,0,0.75017244
3263,valid,0,0.038409945
3998,valid,0,0.038409945
9482,valid,0,0.038409945
1079,valid,0,0.038409945
1787,valid,0,0.75017244
953,valid,0,0.038409945
8434,valid,0,0.75017244
5470,valid,0,0.75017244
9117,valid,0,0.038409945
9114,valid,0,0.038409945
7968,valid,0,0.038409945
363,valid,0,0.038409945
10874,valid,0,0.038364206
4665,valid,0,0.038409945
8069,valid,0,0.03838789
5140,valid,0,0.75017244
5242,valid,0,0.038409945
80,valid,0,0.75017244
5226,valid,0,0.75017244
541,valid,0,0.75017244
1799,valid,0,0.038409945
6605,valid,0,0.038409945
9695,valid,0,0.75017244
4274,valid,0,0.08636963
728,valid,0,0.75017244
7307,valid,0,0.75017244
8782,valid,0,0.03838789
5841,valid,0,0.75017244
5927,valid,0,0.75017244
11070,valid,0,0.038409945
2699,valid,0,0.75017244
5288,valid,0,0.75017244
459,valid,0,0.038409945
7972,valid,0,0.038409945
5149,valid,0,0.03838789
6361,valid,0,0.038409945
10562,valid,0,0.038409945
1330,valid,0,0.038409945
3856,valid,0,0.038409945
7721,valid,0,0.038409945
665,valid,0,0.75017244
2854,valid,0,0.75017244
2534,valid,0,0.038364206
653,valid,0,0.75017244
6258,valid,0,0.038409945
6608,valid,0,0.038409945
961,valid,0,0.75017244
5373,valid,0,0.038409945
1225,valid,0,0.75017244
1923,valid,0,0.038409945
3404,valid,0,0.038409945
733,valid,0,0.038409945
4922,valid,0,0.038409945
8781,valid,0,0.75017244
1030,valid,0,0.038409945
7312,valid,0,0.038364206
5035,valid,0,0.038409945
8031,valid,0,0.038364206
2801,valid,0,0.040795173
8543,valid,0,0.038409945
4851,valid,0,0.040795173
867,valid,0,0.75017244
5632,valid,0,0.038409945
3173,valid,0,0.038409945
3582,valid,0,0.038409945
3165,valid,0,0.038409945
8558,valid,0,0.038409945
2593,valid,0,0.75017244
1070,valid,0,0.038409945
6407,valid,0,0.038409945
2335,valid,0,0.75017244
6805,valid,0,0.038409945
8198,valid,0,0.03838789
5638,valid,0,0.75017244
10256,valid,0,0.75017244
7639,valid,0,0.75017244
3871,valid,0,0.038409945
2688,valid,0,0.038409945
4908,valid,0,0.038409945
2510,valid,0,0.75017244
7952,valid,0,0.75017244
1643,valid,0,0.038409945
2952,valid,0,0.75017244
3251,valid,0,0.75017244
4291,valid,0,0.038409945
5585,valid,0,0.75017244
5360,valid,0,0.038409945
5929,valid,0,0.040795173
1319,valid,0,0.038409945
5398,valid,0,0.038409945
9965,valid,0,0.038409945
6898,valid,0,0.038409945
8839,valid,0,0.038409945
5022,valid,0,0.038364206
9124,valid,0,0.75017244
3992,valid,0,0.75017244
6820,valid,0,0.75017244
7621,valid,0,0.75017244
4733,valid,0,0.75017244
4831,valid,0,0.040795173
7794,valid,0,0.75017244
6130,valid,0,0.038409945
7977,valid,0,0.75017244
4750,valid,0,0.75017244
3845,valid,0,0.038409945
5401,valid,0,0.038409945
4344,valid,0,0.75017244
1786,valid,0,0.038409945
5877,valid,0,0.038409945
10572,valid,0,0.038409945
6421,valid,0,0.038409945
7796,valid,0,0.038409945
10265,valid,0,0.038409945
10276,valid,0,0.75017244
4456,valid,0,0.038364206
35,valid,0,0.038409945
7143,valid,0,0.038409945
2301,valid,0,0.75017244
5152,valid,0,0.038409945
4360,valid,0,0.75017244
9032,valid,0,0.038409945
6894,valid,0,0.75017244
538,valid,0,0.038409945
4856,valid,0,0.038409945
9195,valid,0,0.038409945
8947,valid,0,0.75017244
673,valid,0,0.038409945
5163,valid,0,0.75017244
4084,valid,0,0.038364206
8601,valid,0,0.0975158
10870,valid,0,0.038409945
9003,valid,0,0.75017244
9189,valid,0,0.75017244
6062,valid,0,0.038409945
3997,valid,0,0.038409945
8202,valid,0,0.038409945
5387,valid,0,0.75017244
8164,valid,0,0.75017244
1273,valid,0,0.038409945
8590,valid,0,0.03838789
7934,valid,0,0.75017244
1219,valid,0,0.038409945
1305,valid,0,0.038409945
8779,valid,0,0.75017244
2591,valid,0,0.03838789
7787,valid,0,0.038409945
2317,valid,0,0.038409945
10634,valid,0,0.75017244
5399,valid,0,0.038409945
1294,valid,0,0.038409945
6053,valid,0,0.038409945
7294,valid,0,0.040795173
651,valid,0,0.038409945
6617,valid,0,0.038409945
6861,valid,0,0.03838789
8437,valid,0,0.75017244
7607,valid,0,0.038409945
2527,valid,0,0.038364206
7969,valid,0,0.038409945
644,valid,0,0.75017244
7940,valid,0,0.75017244
5372,valid,0,0.038409945
10879,valid,0,0.038409945
6781,valid,0,0.75017244
9694,valid,0,0.038409945
11072,valid,0,0.038409945
10378,valid,0,0.038409945
4941,valid,0,0.038364206
2630,valid,0,0.75017244
7614,valid,0,0.038409945
9017,valid,0,0.038409945
221,valid,0,0.038409945
1512,valid,0,0.75017244
10564,valid,0,0.038409945
8040,valid,0,0.040795173
4736,valid,0,0.75017244
8950,valid,0,0.038409945
6432,valid,0,0.75017244
10372,valid,0,0.038409945
6428,valid,0,0.038409945
3344,valid,0,0.038409945
3817,valid,0,0.75017244
5900,valid,0,0.038409945
1020,valid,0,0.038409945
4864,valid,0,0.75017244
5906,valid,0,0.75017244
5619,valid,0,0.038409945
10881,valid,0,0.038364206
4857,valid,0,0.75017244
8191,valid,0,0.038409945
4197,valid,0,0.75017244
5895,valid,0,0.038409945
6622,valid,0,0.75017244
8192,valid,0,0.038409945
11074,valid,0,0.038409945
8070,valid,0,0.75017244
4835,valid,0,0.75017244
4846,valid,0,0.75017244
1206,valid,0,0.038409945
6812,valid,0,0.038409945
3496,valid,0,0.75017244
10890,valid,0,0.75017244
9978,valid,0,0.038409945
7727,valid,0,0.038409945
8312,valid,0,0.038409945
6401,valid,0,0.038409945
3414,valid,0,0.038409945
5735,valid,0,0.038409945
3728,valid,0,0.038409945
10112,valid,0,0.038409945
962,valid,0,0.75017244
2543,valid,0,0.038409945
4652,valid,0,0.038409945
7723,valid,0,0.038409945
9919,valid,0,0.05459664
1641,valid,0,0.75017244
4660,valid,0,0.038409945
8074,valid,0,0.038409945
9784,valid,0,0.038409945
9028,valid,0,0.75017244
2300,valid,0,0.038409945
4945,valid,0,0.75017244
1171,valid,0,0.75017244
5030,valid,0,0.038409945
4373,valid,0,0.75017244
7619,valid,0,0.038409945
6367,valid,0,0.038409945
6623,valid,0,0.038409945
6625,valid,0,0.75017244
4743,valid,0,0.75017244
3355,valid,0,0.75017244
7299,valid,0,0.75017244
10667,valid,0,0.038409945
10976,valid,0,0.038409945
6750,valid,0,0.057959106
10267,valid,0,0.75017244
4934,valid,0,0.038409945
8422,valid,0,0.038409945
9007,valid,0,0.038409945
7609,valid,0,0.75017244
9037,valid,0,0.038409945
3428,valid,0,0.038409945
10266,valid,0,0.75017244
8599,valid,0,0.75017244
8547,valid,0,0.038409945
471,valid,0,0.75017244
5292,valid,0,0.75017244
6404,valid,0,0.038409945
8847,valid,0,0.038409945
3156,valid,0,0.75017244
2615,valid,0,0.03838789
10109,valid,0,0.038409945
10077,valid,0,0.038409945
6414,valid,0,0.038409945
10629,valid,0,0.038409945
4216,valid,0,0.038409945
5029,valid,0,0.038409945
6782,valid,0,0.03838789
720,valid,0,0.03838789
11066,valid,0,0.038409945
2816,valid,0,0.75017244
10515,valid,0,0.75017244
4285,valid,0,0.75017244
10100,valid,0,0.75017244
11075,valid,0,0.038409945
338,valid,0,0.038409945
9031,valid,0,0.038409945
6613,valid,0,0.75017244
1631,valid,0,0.038409945
4466,valid,0,0.040795173
6140,valid,0,0.038409945
4465,valid,0,0.75017244
4290,valid,0,0.75017244
6951,valid,0,0.038364206
4903,valid,0,0.038409945
10026,valid,0,0.75017244
6612,valid,0,0.75017244
4833,valid,0,0.038409945
5255,valid,0,0.038409945
4667,valid,0,0.038409945
2614,valid,0,0.038409945
649,valid,0,0.038409945
2796,valid,0,0.038409945
6408,valid,0,0.75017244
783,valid,0,0.038409945
8420,valid,0,0.038409945
8785,valid,0,0.75017244
8071,valid,0,0.038409945
3612,valid,0,0.038409945
3732,valid,0,0.038409945
4076,valid,0,0.03838789
3844,valid,0,0.038409945
1222,valid,0,0.038409945
10084,valid,0,0.038409945
957,valid,0,0.038409945
7941,valid,0,0.038409945
8539,valid,0,0.038409945
5282,valid,0,0.038409945
5146,valid,0,0.75017244
143,valid,0,0.038409945
2791,valid,0,0.038409945
7300,valid,0,0.038409945
4551,valid,0,0.75017244
7823,valid,0,0.75017244
8633,valid,0,0.75017244
2254,valid,0,0.75017244
2474,valid,0,0.75017244
699,valid,0,0.75017244
1090,valid,1,0.75017244
9560,valid,0,0.75017244
4548,valid,0,0.75017244
7465,valid,0,0.038409945
10164,valid,0,0.75017244
7281,valid,0,0.038364206
8392,valid,0,0.75017244
2216,valid,0,0.75017244
6908,valid,0,0.038364206
7480,valid,0,0.038409945
2463,valid,0,0.038409945
3938,valid,0,0.75017244
1984,valid,0,0.75017244
7450,valid,0,0.75017244
2087,valid,0,0.75017244
6504,valid,0,0.75017244
2444,valid,0,0.75017244
10775,valid,0,0.75017244
6174,valid,0,0.75017244
4772,valid,0,0.75017244
7729,valid,0,0.75017244
5747,valid,0,0.75017244
7830,valid,0,0.038364206
4582,valid,0,0.75017244
8674,valid,0,0.75017244
10821,valid,0,0.038409945
9435,valid,0,0.75017244
7349,valid,0,0.75017244
7185,valid,0,0.040795173
521,valid,0,0.75017244
3635,valid,0,0.038409945
8400,valid,0,0.75017244
10814,valid,1,0.75017244
1039,valid,0,0.038409945
11045,valid,0,0.75017244
4792,valid,0,0.03838789
4812,valid,0,0.052689523
4115,valid,0,0.75017244
6913,valid,0,0.75017244
1846,valid,0,0.75017244
10311,valid,0,0.75017244
3048,valid,0,0.75017244
7472,valid,0,0.75017244
1142,valid,0,0.75017244
4817,valid,0,0.75017244
6100,valid,0,0.75017244
6482,valid,0,0.75017244
8387,valid,0,0.75017244
5523,valid,0,0.75017244
5312,valid,0,0.038409945
4486,valid,0,0.75017244
9428,valid,0,0.75017244
6475,valid,0,0.75017244
6216,valid,0,0.75017244
6385,valid,0,0.040795173
10847,valid,0,0.75017244
1838,valid,0,0.75017244
10720,valid,0,0.75017244
2460,valid,0,0.75017244
6691,valid,0,0.75017244
9355,valid,0,0.75017244
4416,valid,0,0.038409945
9334,valid,0,0.038409945
9497,valid,0,0.75017244
6159,valid,0,0.75017244
5136,valid,0,0.038409945
2255,valid,0,0.75017244
3081,valid,0,0.038409945
8818,valid,0,0.75017244
3568,valid,0,0.75017244
6268,valid,0,0.75017244
7543,valid,0,0.75017244
6496,valid,0,0.75017244
2284,valid,0,0.75017244
7452,valid,0,0.75017244
8610,valid,0,0.75017244
5407,valid,0,0.75017244
7462,valid,0,0.75017244
1134,valid,0,0.75017244
1564,valid,0,0.05459664
10229,valid,0,0.75017244
10304,valid,0,0.75017244
6327,valid,0,0.75017244
5826,valid,0,0.75017244
3762,valid,0,0.75017244
10008,valid,0,0.75017244
1837,valid,0,0.75017244
3088,valid,0,0.75017244
8488,valid,0,0.75017244
9257,valid,0,0.75017244
8407,valid,0,0.75017244
4005,valid,0,0.75017244
1689,valid,0,0.03838789
5829,valid,0,0.03838789
7286,valid,0,0.75017244
904,valid,0,0.75017244
2683,valid,0,0.75017244
8814,valid,0,0.75017244
8497,valid,0,0.75017244
7131,valid,0,0.038409945
2924,valid,0,0.038409945
1560,valid,0,0.75017244
2879,valid,0,0.75017244
8237,valid,0,0.03838789
6443,valid,0,0.038409945
7125,valid,0,0.038409945
10210,valid,0,0.75017244
7514,valid,0,0.75017244
526,valid,0,0.75017244
8789,valid,0,0.75017244
5418,valid,0,0.038364206
737,valid,0,0.75017244
743,valid,0,0.75017244
1144,valid,0,0.75017244
2287,valid,0,0.75017244
11044,valid,0,0.75017244
8268,valid,0,0.75017244
7834,valid,0,0.05046348
4478,valid,0,0.75017244
1575,valid,0,0.75017244
7091,valid,0,0.75017244
9340,valid,0,0.75017244
324,valid,0,0.75017244
519,valid,0,0.038364206
8662,valid,0,0.038409945
2579,valid,0,0.75017244
1748,valid,0,0.75017244
3899,valid,0,0.75017244
6526,valid,0,0.75017244
2077,valid,0,0.75017244
2676,valid,0,0.75017244
6489,valid,0,0.038409945
5685,valid,0,0.75017244
10347,valid,0,0.75017244
4583,valid,1,0.75017244
8360,valid,0,0.75017244
4868,valid,0,0.05459664
10212,valid,0,0.75017244
3361,valid,0,0.75017244
5533,valid,0,0.75017244
6493,valid,0,0.75017244
3690,valid,0,0.05459664
6016,valid,0,0.75017244
9252,valid,0,0.040795173
5741,valid,0,0.75017244
4420,valid,0,0.75017244
10230,valid,0,0.75017244
6547,valid,0,0.75017244
7447,valid,0,0.038409945
1123,valid,0,0.038364206
10407,valid,0,0.75017244
1114,valid,0,0.75017244
6328,valid,0,0.75017244
9350,valid,0,0.038409945
9558,valid,0,0.05046348
10007,valid,0,0.038409945
7024,valid,0,0.038409945
5417,valid,0,0.038409945
7547,valid,0,0.75017244
491,valid,0,0.75017244
946,valid,0,0.03838789
2450,valid,0,0.038409945
9250,valid,0,0.75017244
10747,valid,0,0.75017244
1880,valid,0,0.75017244
2555,valid,0,0.75017244
761,valid,0,0.75017244
8133,valid,0,0.75017244
2208,valid,0,0.08536805
9142,valid,0,0.75017244
5452,valid,0,0.038409945
6332,valid,0,0.75017244
804,valid,0,0.75017244
4805,valid,0,0.75017244
10929,valid,0,0.75017244
1552,valid,0,0.75017244
9523,valid,0,0.75017244
3364,valid,0,0.75017244
6932,valid,0,0.75017244
2461,valid,0,0.75017244
4767,valid,0,0.75017244
908,valid,0,0.75017244
8661,valid,0,0.75017244
6630,valid,0,0.75017244
1119,valid,0,0.75017244
1724,valid,0,0.75017244
896,valid,0,0.038409945
8254,valid,0,0.75017244
1430,valid,0,0.75017244
2647,valid,0,0.75017244
6012,valid,0,0.75017244
1881,valid,0,0.75017244
9251,valid,0,0.038364206
10343,valid,0,0.75017244
4703,valid,0,0.75017244
7522,valid,0,0.038409945
8116,valid,0,0.75017244
529,valid,0,0.75017244
766,valid,0,0.038409945
9590,valid,0,0.05459664
10213,valid,0,0.75017244
5091,valid,0,0.75017244
9774,valid,0,0.75017244
1573,valid,0,0.75017244
8741,valid,0,0.05459664
5455,valid,0,0.75017244
6116,valid,0,0.75017244
9572,valid,0,0.75017244
7234,valid,0,0.038409945
6450,valid,0,0.038409945
6456,valid,0,0.75017244
4524,valid,0,0.75017244
5095,valid,0,0.038409945
3030,valid,0,0.75017244
916,valid,0,0.75017244
10827,valid,0,0.75017244
6687,valid,0,0.75017244
10044,valid,0,0.75017244
8806,valid,0,0.75017244
3569,valid,0,0.75017244
7809,valid,0,0.75017244
2198,valid,0,0.038409945
3754,valid,0,0.75017244
912,valid,0,0.75017244
8615,valid,0,0.75017244
4688,valid,0,0.75017244
5449,valid,0,0.75017244
8735,valid,0,0.05046348
321,valid,0,0.75017244
3694,valid,0,0.040795173
6172,valid,0,0.75017244
10743,valid,0,0.038409945
4976,valid,0,0.75017244
6541,valid,0,0.038409945
1763,valid,0,0.21822351
4408,valid,0,0.75017244
8895,valid,0,0.75017244
10014,valid,0,0.75017244
6113,valid,0,0.05459664
2710,valid,0,0.75017244
7083,valid,0,0.75017244
4155,valid,0,0.75017244
1879,valid,0,0.038409945
890,valid,0,0.75017244
4579,valid,0,0.75017244
9561,valid,0,0.75017244
2210,valid,0,0.03838789
7246,valid,0,0.75017244
4241,valid,0,0.75017244
8896,valid,0,0.75017244
5084,valid,0,0.75017244
7667,valid,0,0.03838789
10154,valid,0,0.75017244
9354,valid,0,0.75017244
3025,valid,0,0.75017244
7231,valid,0,0.038409945
9366,valid,0,0.05459664
5500,valid,0,0.75017244
9578,valid,0,0.75017244
8125,valid,0,0.75017244
1034,valid,0,0.75017244
746,valid,0,0.75017244
7068,valid,0,0.75017244
3372,valid,0,0.03838789
9156,valid,0,0.75017244
2277,valid,0,0.75017244
3652,valid,0,0.75017244
7745,valid,0,0.75017244
1133,valid,0,0.75017244
420,valid,0,0.75017244
10402,valid,0,0.75017244
1781,valid,0,0.75017244
9269,valid,0,0.75017244
8485,valid,0,0.75017244
3052,valid,0,0.75017244
7084,valid,0,0.75017244
8671,valid,0,0.040795173
7817,valid,0,0.038409945
3940,valid,0,0.75017244
3063,valid,0,0.03838789
8659,valid,0,0.038364206
2559,valid,0,0.75017244
376,valid,0,0.038364206
5428,valid,0,0.75017244
1559,valid,0,0.75017244
4878,valid,0,0.75017244
5411,valid,0,0.03838789
1425,valid,0,0.75017244
7526,valid,0,0.038364206
5942,valid,0,0.75017244
2948,valid,0,0.75017244
7317,valid,0,0.038409945
5686,valid,0,0.75017244
9576,valid,0,0.75017244
9495,valid,0,0.03838789
1093,valid,0,0.75017244
8914,valid,0,0.75017244
3051,valid,0,0.75017244
5421,valid,0,0.75017244
6168,valid,0,0.75017244
3435,valid,0,0.038409945
6675,valid,0,0.038409945
10805,valid,0,0.75017244
936,valid,0,0.75017244
7130,valid,0,0.75017244
1958,valid,0,0.75017244
8620,valid,0,0.040795173
6001,valid,0,0.75017244
8672,valid,0,0.05370325
10812,valid,0,0.75017244
1258,valid,0,0.75017244
8744,valid,0,0.03838789
1102,valid,0,0.75017244
897,valid,0,0.057959106
6917,valid,0,0.75017244
5433,valid,0,0.75017244
8129,valid,0,0.038409945
2280,valid,0,0.03838789
10408,valid,0,0.040795173
7529,valid,0,0.038409945
9747,valid,0,0.75017244
10198,valid,0,0.03838789
10144,valid,0,0.03838789
2838,valid,0,0.75017244
10233,valid,0,0.75017244
3449,valid,0,0.038409945
5311,valid,0,0.75017244
7048,valid,0,0.75017244
8663,valid,0,0.03838789
8863,valid,0,0.75017244
10221,valid,0,0.75017244
4160,valid,0,0.038364206
69,valid,0,0.75017244
8274,valid,0,0.057959106
10928,valid,0,0.05046348
1680,valid,0,0.03838789
3696,valid,0,0.03838789
8463,valid,0,0.038409945
2583,valid,0,0.038409945
10930,valid,0,0.038409945
3920,valid,0,0.75017244
10006,valid,0,0.75017244
5748,valid,0,0.75017244
8399,valid,0,0.75017244
2566,valid,0,0.75017244
4119,valid,0,0.75017244
10458,valid,0,0.038409945
10777,valid,0,0.038409945
9519,valid,0,0.040795173
9553,valid,0,0.75017244
2396,valid,0,0.75017244
3934,valid,0,0.75017244
8635,valid,0,0.75017244
6163,valid,0,0.75017244
1842,valid,0,0.038409945
6924,valid,0,0.03838789
3942,valid,0,0.75017244
5831,valid,0,0.03838789
4405,valid,0,0.75017244
7385,valid,0,0.75017244
2221,valid,0,0.75017244
1259,valid,0,0.040795173
2076,valid,0,0.75017244
6120,valid,0,0.038364206
5738,valid,0,0.038409945
6521,valid,0,0.038409945
4243,valid,0,0.75017244
3434,valid,0,0.75017244
4866,valid,0,0.03838789
6276,valid,0,0.75017244
8115,valid,0,0.75017244
8474,valid,0,0.75017244
10196,valid,0,0.038409945
4807,valid,0,0.75017244
10925,valid,0,0.75017244
494,valid,0,0.75017244
2204,valid,0,0.75017244
9587,valid,0,0.75017244
1759,valid,0,0.75017244
8730,valid,0,0.03838789
2459,valid,0,0.040795017
9557,valid,0,0.03838789
2557,valid,0,0.03838789
9743,valid,0,0.03838789
4449,valid,0,0.75017244
3752,valid,0,0.03838789
4399,valid,0,0.03838789
2928,valid,0,0.75017244
7527,valid,0,0.75017244
10223,valid,0,0.038409945
10828,valid,0,0.040795173
2085,valid,0,0.038364206
5524,valid,0,0.038409945
8729,valid,0,0.75017244
8511,valid,0,0.75017244
6371,valid,0,0.038409945
3891,valid,0,0.038364206
8271,valid,0,0.038409945
5504,valid,0,0.03838789
1131,valid,0,0.75017244
2572,valid,0,0.038364206
10997,valid,0,0.75017244
6092,valid,0,0.75017244
478,valid,0,0.75017244
7249,valid,0,0.75017244
7022,valid,0,0.75017244
6372,valid,0,0.038409945
4003,valid,0,0.75017244
6549,valid,0,0.75017244
2279,valid,0,0.75017244
2939,valid,0,0.75017244
7448,valid,0,0.03838789
3105,valid,0,0.75017244
6918,valid,0,0.75017244
4781,valid,0,0.038409945
4774,valid,0,0.75017244
8366,valid,0,0.75017244
9370,valid,0,0.75017244
4477,valid,0,0.75017244
5946,valid,0,0.75017244
4240,valid,0,0.75017244
3931,valid,0,0.038409945
6334,valid,0,0.75017244
7595,valid,0,0.038409945
4867,valid,0,0.75017244
8359,valid,0,0.75017244
5527,valid,0,0.75017244
6546,valid,0,0.75017244
8481,valid,0,0.75017244
518,valid,0,0.75017244
8476,valid,0,0.75017244
10758,valid,0,0.75017244
10830,valid,0,0.038409945
4545,valid,0,0.03838789
6126,valid,0,0.03838789
8510,valid,0,0.03838789
10226,valid,0,0.038409945
4865,valid,0,0.038364206
1437,valid,0,0.040795173
7053,valid,0,0.75017244
3508,valid,0,0.03838789
3442,valid,0,0.75017244
6931,valid,0,0.75017244
7233,valid,0,0.75017244
3915,valid,0,0.75017244
8509,valid,0,0.040795173
7668,valid,0,0.75017244
10605,valid,0,0.75017244
5530,valid,0,0.75017244
10748,valid,0,0.038409945
10156,valid,0,0.75017244
9763,valid,0,0.038409945
1684,valid,0,0.038364206
6197,valid,0,0.75017244
5098,valid,0,0.75017244
1562,valid,0,0.75017244
2458,valid,0,0.75017244
9489,valid,0,0.75017244
706,valid,0,0.75017244
8742,valid,0,0.75017244
7076,valid,0,0.75017244
6929,valid,0,0.75017244
6343,valid,0,0.038409945
3439,valid,0,0.75017244
7085,valid,0,0.03838789
10395,valid,0,0.038409945
3697,valid,0,0.75017244
2655,valid,0,0.75017244
5075,valid,0,0.75017244
3911,valid,0,0.038409945
7101,valid,0,0.75017244
8361,valid,0,0.03838789
3910,valid,0,0.03838789
1256,valid,1,0.75017244
1455,valid,0,0.75017244
6386,valid,0,0.75017244
298,valid,0,0.75017244
9779,valid,0,0.75017244
768,valid,0,0.038409945
4481,valid,0,0.038409945
311,valid,0,0.75017244
5134,valid,0,0.75017244
10834,valid,0,0.038409945
1135,valid,0,0.75017244
10606,valid,0,0.038409945
3939,valid,0,0.75017244
6177,valid,0,0.75017244
3022,valid,0,0.75017244
6676,valid,0,0.038409945
2944,valid,0,0.75017244
3058,valid,0,0.75017244
6567,valid,0,0.75017244
6550,valid,0,0.038409945
10169,valid,0,0.038409945
8395,valid,0,0.75017244
6488,valid,0,0.75017244
753,valid,0,0.75017244
7464,valid,0,0.75017244
4980,valid,0,0.05459664
4888,valid,0,0.038364206
7049,valid,0,0.75017244
10318,valid,0,0.75017244
4485,valid,0,0.038409945
4825,valid,0,0.038409945
3890,valid,0,0.75017244
10397,valid,0,0.75017244
10016,valid,0,0.75017244
3104,valid,0,0.038364206
10945,valid,0,0.75017244
6524,valid,0,0.75017244
7531,valid,0,0.75017244
5948,valid,0,0.040795173
1567,valid,0,0.05459664
60,valid,0,0.057959106
1436,valid,0,0.038409945
2646,valid,0,0.03838789
3687,valid,0,0.75017244
6562,valid,0,0.038409945
4440,valid,0,0.75017244
2709,valid,0,0.038409945
7023,valid,0,0.038364206
6636,valid,0,0.75017244
10225,valid,0,0.75017244
10596,valid,0,0.75017244
2395,valid,0,0.75017244
8857,valid,0,0.75017244
2393,valid,0,0.75017244
9555,valid,0,0.038364206
7232,valid,0,0.038409945
5497,valid,0,0.75017244
7064,valid,0,0.038409945
5318,valid,0,0.75017244
7460,valid,0,0.05046348
3510,valid,0,0.038409945
2554,valid,0,0.03838789
10050,valid,0,0.03838789
8638,valid,0,0.03838789
70,valid,0,0.038409945
1058,valid,0,0.75017244
1956,valid,0,0.03838789
6180,valid,0,0.038364206
2281,valid,0,0.038364206
9346,valid,0,0.75017244
2084,valid,0,0.038409945
2228,valid,0,0.75017244
8639,valid,0,0.040795173
2930,valid,0,0.75017244
4163,valid,0,0.038364206
4986,valid,0,0.038409945
10810,valid,0,0.75017244
3023,valid,0,0.75017244
10400,valid,0,0.038364206
7031,valid,0,0.75017244
9577,valid,0,0.75017244
8117,valid,0,0.038364206
10201,valid,0,0.038364206
8810,valid,0,0.038409945
52,valid,0,0.038364206
9342,valid,0,0.038409945
10590,valid,0,0.75017244
3893,valid,0,0.75017244
10042,valid,0,0.75017244
9273,valid,0,0.038409945
790,valid,0,0.75017244
6498,valid,0,0.038364206
7488,valid,0,0.038409945
2226,valid,0,0.75017244
6005,valid,0,0.75017244
5087,valid,0,0.75017244
9567,valid,0,0.03838789
760,valid,0,0.75017244
738,valid,0,0.75017244
6544,valid,0,0.75017244
1736,valid,0,0.75017244
1832,valid,0,0.75017244
10470,valid,0,0.75017244
7229,valid,0,0.75017244
7477,valid,0,0.75017244
3897,valid,0,0.75017244
8856,valid,0,0.75017244
8665,valid,0,0.75017244
51,valid,0,0.038409945
3086,valid,0,0.038409945
8860,valid,0,0.75017244
4156,valid,0,0.75017244
6215,valid,0,0.75017244
3627,valid,0,0.038409945
7657,valid,0,0.038409945
9491,valid,0,0.75017244
3445,valid,0,0.038409945
1260,valid,0,0.038409945
10755,valid,0,0.038409945
9570,valid,0,0.75017244
5093,valid,0,0.75017244
703,valid,0,0.75017244
7343,valid,0,0.75017244
9265,valid,0,0.75017244
9554,valid,0,0.75017244
8251,valid,0,0.75017244
901,valid,0,0.75017244
884,valid,0,0.040795173
7826,valid,0,0.75017244
8099,valid,0,0.75017244
1094,valid,0,0.75017244
3637,valid,0,0.038409945
7069,valid,0,0.05046348
8504,valid,0,0.03838789
10770,valid,0,0.75017244
3941,valid,0,0.038364206
1147,valid,0,0.038364206
8464,valid,0,0.038364206
5305,valid,0,0.75017244
1777,valid,0,0.75017244
2218,valid,0,0.75017244
5681,valid,0,0.038364206
5422,valid,0,0.75017244
6219,valid,0,0.75017244
6106,valid,0,0.75017244
5102,valid,0,0.75017244
3638,valid,0,0.75017244
1051,valid,0,0.75017244
8478,valid,0,0.038409945
1765,valid,0,0.75017244
3895,valid,0,0.03838789
7476,valid,0,0.75017244
1536,valid,0,0.75017244
10013,valid,0,0.03838789
4707,valid,0,0.75017244
9436,valid,0,0.75017244
4983,valid,0,0.75017244
4694,valid,0,0.75017244
932,valid,0,0.75017244
4763,valid,0,0.75017244
3096,valid,0,0.75017244
895,valid,0,0.75017244
4010,valid,0,0.75017244
9271,valid,0,0.75017244
877,valid,0,0.75017244
3567,valid,0,0.038409945
6448,valid,0,0.75017244
7100,valid,0,0.75017244
10193,valid,0,0.03838789
4231,valid,0,0.75017244
2285,valid,0,0.038364206
2679,valid,0,0.038364206
1738,valid,0,0.75017244
705,valid,0,0.038409945
5943,valid,0,0.75017244
4161,valid,0,0.75017244
5090,valid,0,0.75017244
5068,valid,0,0.75017244
9147,valid,0,0.75017244
9140,valid,0,0.75017244
4820,valid,0,0.75017244
6468,valid,0,0.75017244
1267,valid,0,0.75017244
4601,valid,0,0.75017244
919,valid,0,0.75017244
6688,valid,0,0.75017244
1782,valid,0,0.75017244
9758,valid,0,0.75017244
5941,valid,0,0.75017244
6906,valid,0,0.75017244
3440,valid,0,0.75017244
10308,valid,0,0.75017244
9379,valid,0,0.75017244
4689,valid,0,0.75017244
8484,valid,0,0.75017244
2219,valid,0,0.75017244
10843,valid,0,0.75017244
6936,valid,0,0.75017244
5442,valid,0,0.75017244
8907,valid,0,0.038409945
10825,valid,0,0.75017244
4129,valid,0,0.75017244
4439,valid,0,0.75017244
10157,valid,0,0.038409945
5408,valid,0,0.75017244
6497,valid,0,0.75017244
4883,valid,0,0.03838789
1423,valid,0,0.75017244
8466,valid,0,0.038409945
8100,valid,0,0.038409945
303,valid,0,0.75017244
11054,valid,0,0.75017244
6015,valid,0,0.038409945
10166,valid,0,0.038409945
2833,valid,0,0.75017244
9363,valid,0,0.05459664
4880,valid,0,0.038409945
7072,valid,0,0.75017244
10228,valid,0,0.75017244
9276,valid,0,0.75017244
3645,valid,0,0.75017244
922,valid,0,0.75017244
5315,valid,0,0.038409945
876,valid,0,0.03838789
5420,valid,0,0.057959106
2199,valid,0,0.75017244
7593,valid,0,0.75017244
1569,valid,0,0.75017244
1571,valid,0,0.038409945
5426,valid,0,0.75017244
7026,valid,0,0.75017244
7123,valid,0,0.038364206
4598,valid,0,0.75017244
744,valid,0,0.75017244
5057,valid,0,0.75017244
7812,valid,0,0.75017244
751,valid,0,0.75017244
4764,valid,0,0.75017244
530,valid,0,0.75017244
5088,valid,0,0.75017244
1994,valid,0,0.75017244
1553,valid,0,0.75017244
7392,valid,0,0.040795173
1446,valid,0,0.038409945
2845,valid,0,0.75017244
6384,valid,0,0.03838789
8911,valid,0,0.038364206
6093,valid,0,0.75017244
1041,valid,0,0.75017244
488,valid,0,0.75017244
7288,valid,0,0.75017244
6275,valid,0,0.03838789
2846,valid,0,0.038409945
7041,valid,0,0.75017244
10159,valid,0,0.03838789
6672,valid,0,0.75017244
9574,valid,0,0.75017244
1445,valid,0,0.038364206
9524,valid,0,0.75017244
7831,valid,0,0.75017244
9378,valid,0,0.040795173
1551,valid,0,0.75017244
4121,valid,0,0.75017244
1056,valid,0,0.75017244
6153,valid,0,0.052689523
10216,valid,0,0.038409945
9527,valid,0,0.75017244
5313,valid,0,0.038409945
4686,valid,0,0.75017244
6632,valid,0,0.038364206
4421,valid,0,0.75017244
3059,valid,0,0.75017244
9744,valid,0,0.038364206
6195,valid,0,0.75017244
1097,valid,0,0.75017244
1681,valid,0,0.75017244
6161,valid,0,0.75017244
482,valid,0,0.038409945
2759,valid,0,0.75017244
10780,valid,0,0.75017244
2768,valid,0,0.75017244
7241,valid,0,0.75017244
7193,valid,0,0.038409945
10607,valid,0,0.038409945
8256,valid,0,0.75017244
915,valid,0,0.75017244
7244,valid,0,0.038409945
6212,valid,0,0.75017244
6491,valid,0,0.038409945
10215,valid,0,0.75017244
4479,valid,0,0.75017244
1156,valid,0,0.75017244
5817,valid,0,0.75017244
1985,valid,0,0.75017244
5443,valid,0,0.75017244
1986,valid,0,0.038409945
8468,valid,0,0.75017244
3572,valid,0,0.038409945
933,valid,0,0.75017244
3029,valid,0,0.75017244
6523,valid,0,0.038409945
4803,valid,0,0.038409945
7520,valid,0,0.75017244
1533,valid,0,0.75017244
4782,valid,0,0.75017244
8255,valid,0,0.75017244
2556,valid,0,0.75017244
10399,valid,0,0.75017244
10297,valid,0,0.75017244
3921,valid,0,0.038364206
8788,valid,0,0.75017244
9563,valid,0,0.038364206
1154,valid,0,0.75017244
5938,valid,0,0.75017244
5415,valid,0,0.75017244
7325,valid,0,0.75017244
3074,valid,0,0.75017244
7446,valid,0,0.75017244
2773,valid,0,0.03838789
3691,valid,0,0.75017244
9488,valid,0,0.75017244
4407,valid,0,0.75017244
2478,valid,0,0.75017244
9247,valid,0,0.75017244
9525,valid,0,0.03838789
4244,valid,0,0.75017244
9515,valid,0,0.038409945
2586,valid,0,0.75017244
941,valid,0,0.038409945
7050,valid,0,0.03838789
7492,valid,0,0.75017244
6382,valid,0,0.75017244
9520,valid,0,0.038409945
8104,valid,0,0.040795173
3914,valid,0,0.75017244
7467,valid,0,0.03838789
4109,valid,0,0.03838789
799,valid,0,0.75017244
9345,valid,0,0.038409945
380,valid,0,0.75017244
2713,valid,0,0.75017244
10820,valid,0,0.038409945
2202,valid,0,0.03838789
1130,valid,0,0.03838789
6338,valid,0,0.75017244
2207,valid,0,0.75017244
9390,valid,0,0.75017244
7453,valid,0,0.05459664
5677,valid,0,0.03838789
1679,valid,0,0.75017244
523,valid,0,0.75017244
5447,valid,0,0.75017244
8391,valid,0,0.75017244
7816,valid,0,0.75017244
1677,valid,0,0.03838789
3095,valid,0,0.75017244
6209,valid,0,0.057959106
8472,valid,0,0.03838789
5821,valid,0,0.038409945
2878,valid,0,0.75017244
3045,valid,0,0.75017244
11055,valid,0,0.038409945
9749,valid,0,0.75017244
3753,valid,0,0.75017244
5105,valid,0,0.75017244
1542,valid,0,0.038409945
8482,valid,0,0.03838789
299,valid,0,0.038409945
10724,valid,0,0.038409945
5066,valid,0,0.75017244
2229,valid,0,0.75017244
8905,valid,0,0.75017244
1059,valid,0,0.03838789
7181,valid,0,0.75017244
10937,valid,0,0.038409945
9581,valid,0,0.75017244
9591,valid,0,0.75017244
6528,valid,0,0.75017244
6013,valid,0,0.75017244
6460,valid,0,0.03838789
8812,valid,0,0.75017244
8105,valid,0,0.03838789
2849,valid,0,0.75017244
11042,valid,0,0.038409945
6167,valid,0,0.038409945
3565,valid,0,0.038409945
2551,valid,0,0.75017244
2665,valid,0,0.75017244
6118,valid,0,0.75017244
5956,valid,0,0.038364206
2834,valid,0,0.038364206
6471,valid,0,0.75017244
7088,valid,0,0.75017244
3764,valid,0,0.75017244
7194,valid,0,0.75017244
745,valid,0,0.038409945
2880,valid,0,0.038409945
2187,valid,0,0.75017244
1874,valid,0,0.05046348
7470,valid,0,0.038409945
7813,valid,0,0.75017244
8124,valid,0,0.75017244
4092,valid,0,0.75017244
6545,valid,0,0.038409945
7384,valid,0,0.038409945
5356,valid,0,0.038409945
7449,valid,0,0.038409945
6125,valid,0,0.03838789
3695,valid,0,0.03838789
10341,valid,0,0.03838789
5405,valid,0,0.038409945
3065,valid,0,0.75017244
6509,valid,0,0.038409945
1111,valid,0,0.75017244
10829,valid,0,0.75017244
5410,valid,0,0.038364206
4776,valid,0,0.038409945
7478,valid,0,0.038409945
10593,valid,0,0.038409945
8356,valid,0,0.75017244
2192,valid,0,0.038409945
4093,valid,0,0.75017244
7747,valid,0,0.75017244
7815,valid,0,0.75017244
8629,valid,0,0.75017244
1055,valid,0,0.038409945
8408,valid,0,0.75017244
1687,valid,0,0.038409945
1572,valid,0,0.038364206
4590,valid,0,0.038409945
4875,valid,0,0.75017244
5951,valid,0,0.03838789
6671,valid,0,0.038364206
4532,valid,0,0.03838789
10737,valid,0,0.75017244
4884,valid,0,0.03838789
3761,valid,0,0.75017244
8816,valid,0,0.75017244
3759,valid,0,0.038409945
9742,valid,0,0.038409945
7104,valid,0,0.038409945
10404,valid,0,0.038409945
5947,valid,0,0.75017244
3031,valid,0,0.038409945
5138,valid,0,0.75017244
7383,valid,0,0.038364206
3689,valid,0,0.75017244
10849,valid,0,0.75017244
10235,valid,0,0.75017244
5080,valid,0,0.038409945
8745,valid,0,0.75017244
9740,valid,0,0.75017244
3922,valid,0,0.75017244
4881,valid,0,0.75017244
11013,valid,0,0.038409945
7332,valid,0,0.75017244
7065,valid,0,0.038364206
10298,valid,0,0.75017244
3027,valid,0,0.75017244
2286,valid,0,0.038364206
10168,valid,0,0.038364206
5940,valid,0,0.038409945
5451,valid,0,0.038409945
6695,valid,0,0.038409945
9556,valid,0,0.75017244
7051,valid,0,0.75017244
2196,valid,0,0.038409945
6453,valid,0,0.75017244
1774,valid,0,0.038409945
5493,valid,0,0.75017244
4473,valid,0,0.75017244
8865,valid,0,0.75017244
5818,valid,0,0.038409945
4232,valid,0,0.038409945
7528,valid,0,0.75017244
3925,valid,0,0.038409945
6485,valid,0,0.038409945
6127,valid,0,0.038409945
8114,valid,0,0.040795173
5517,valid,0,0.038409945
4484,valid,0,0.75017244
9776,valid,0,0.038409945
3649,valid,0,0.038409945
2477,valid,0,0.75017244
2190,valid,0,0.038409945
6207,valid,0,0.038409945
3760,valid,0,0.75017244
4525,valid,0,0.038409945
8101,valid,0,0.038409945
1952,valid,0,0.038409945
5303,valid,0,0.038409945
6514,valid,0,0.75017244
5510,valid,0,0.75017244
6095,valid,0,0.038409945
3369,valid,0,0.038409945
2850,valid,0,0.10781388
8792,valid,0,0.75017244
9365,valid,0,0.75017244
6494,valid,0,0.75017244
2259,valid,0,0.038409945
7833,valid,0,0.038409945
6337,valid,0,0.75017244
4471,valid,0,0.038409945
6501,valid,0,0.75017244
1159,valid,0,0.75017244
1546,valid,0,0.75017244
1421,valid,0,0.038364206
58,valid,0,0.03838789
9490,valid,0,0.75017244
8636,valid,0,0.75017244
10832,valid,0,0.75017244
10046,valid,0,0.038409945
9148,valid,0,0.038409945
9145,valid,0,0.75017244
4102,valid,0,0.03838789
4128,valid,0,0.038409945
6194,valid,0,0.038364206
7750,valid,0,0.75017244
1095,valid,0,0.75017244
9151,valid,0,0.038409945
5668,valid,0,0.75017244
10839,valid,0,0.75017244
8682,valid,0,0.75017244
3892,valid,0,0.038409945
8660,valid,0,0.038409945
10603,valid,0,0.038409945
7535,valid,0,0.75017244
2462,valid,0,0.038409945
4164,valid,0,0.038409945
6444,valid,0,0.038409945
7455,valid,0,0.038409945
8628,valid,0,0.03838789
10150,valid,0,0.75017244
4556,valid,0,0.038364206
5505,valid,0,0.038409945
2251,valid,0,0.038409945
3092,valid,0,0.75017244
8681,valid,0,0.038409945
5528,valid,0,0.75017244
2447,valid,0,0.75017244
3894,valid,0,0.038364206
10609,valid,0,0.75017244
4022,valid,0,0.75017244
6533,valid,0,0.038409945
9327,valid,0,0.038409945
2468,valid,0,0.75017244
7128,valid,0,0.75017244
3109,valid,0,0.75017244
4418,valid,0,0.75017244
10153,valid,0,0.75017244
4543,valid,0,0.75017244
3064,valid,0,0.75017244
6272,valid,0,0.75017244
10854,valid,0,0.75017244
5419,valid,0,0.75017244
3507,valid,0,0.75017244
1683,valid,0,0.75017244
2716,valid,0,0.75017244
3362,valid,0,0.05459664
7052,valid,0,0.05459664
10840,valid,0,0.038364206
7103,valid,0,0.75017244
6217,valid,0,0.75017244
7032,valid,0,0.038409945
8495,valid,0,0.75017244
1441,valid,0,0.038409945
3919,valid,0,0.038409945
7513,valid,0,0.75017244
5676,valid,0,0.040795173
5439,valid,0,0.75017244
7097,valid,0,0.038409945
4535,valid,0,0.75017244
4009,valid,0,0.75017244
8462,valid,0,0.038409945
2708,valid,0,0.75017244
6210,valid,0,0.75017244
1544,valid,0,0.75017244
5999,valid,0,0.75017244
6926,valid,0,0.03838789
6681,valid,0,0.21822351
10732,valid,0,0.038409945
1729,valid,0,0.75017244
4448,valid,0,0.75017244
8916,valid,0,0.75017244
6350,valid,0,0.75017244
5431,valid,0,0.038409945
5104,valid,0,0.038409945
4578,valid,0,0.038409945
1885,valid,0,0.75017244
3693,valid,0,0.03838789
10148,valid,0,0.038409945
1447,valid,0,0.75017244
6564,valid,0,0.038409945
5094,valid,0,0.03838789
480,valid,0,0.75017244
8791,valid,0,0.75017244
9750,valid,0,0.038364206
4554,valid,0,0.75017244
4441,valid,0,0.05459664
1561,valid,0,0.75017244
4002,valid,0,0.038409945
4021,valid,0,0.75017244
4533,valid,0,0.75017244
3062,valid,0,0.75017244
10756,valid,0,0.75017244
5939,valid,0,0.038409945
2668,valid,0,0.038364206
3916,valid,0,0.03838789
1744,valid,0,0.038409945
10602,valid,0,0.75017244
7523,valid,0,0.75017244
7077,valid,0,0.75017244
3561,valid,0,0.038409945
6091,valid,0,0.75017244
6554,valid,0,0.03838789
2475,valid,0,0.75017244
8677,valid,0,0.75017244
6228,valid,0,0.038409945
7542,valid,0,0.040795173
6187,valid,0,0.75017244
1754,valid,0,0.038409945
1557,valid,0,0.03838789
2670,valid,0,0.75017244
8727,valid,0,0.03838789
6469,valid,0,0.75017244
2946,valid,0,0.75017244
11061,valid,0,0.75017244
48,valid,0,0.75017244
3111,valid,0,0.038364206
2004,valid,0,0.038409945
9387,valid,0,0.038364206
6522,valid,0,0.05459664
7821,valid,0,0.75017244
5516,valid,0,0.038409945
2456,valid,0,0.75017244
3373,valid,0,0.057959106
7080,valid,0,0.75017244
8619,valid,0,0.038409945
7045,valid,0,0.038409945
11046,valid,0,0.038409945
1773,valid,0,0.038409945
10944,valid,0,0.038409945
11010,valid,0,0.75017244
10922,valid,0,0.038409945
516,valid,0,0.75017244
2552,valid,0,0.038364206
2847,valid,0,0.75017244
9358,valid,0,0.75017244
6474,valid,0,0.038409945
2256,valid,0,0.18626489
3036,valid,0,0.038409945
10608,valid,0,0.038409945
6629,valid,0,0.038409945
7090,valid,0,0.038409945
1543,valid,0,0.038409945
10476,valid,0,0.038409945
479,valid,0,0.75017244
7336,valid,0,0.038364206
62,valid,0,0.75017244
2661,valid,0,0.75017244
2765,valid,0,0.75017244
6198,valid,0,0.75017244
8110,valid,0,0.75017244
9583,valid,0,0.038409945
3943,valid,0,0.038409945
8627,valid,0,0.038364206
524,valid,0,0.75017244
6223,valid,0,0.75017244
5494,valid,0,0.75017244
9326,valid,0,0.038409945
3047,valid,0,0.75017244
10746,valid,0,0.038409945
6019,valid,0,0.75017244
6505,valid,0,0.75017244
7245,valid,0,0.038409945
7814,valid,0,0.038409945
10725,valid,0,0.038409945
3576,valid,0,0.038409945
4447,valid,0,0.03838789
1953,valid,0,0.75017244
2760,valid,0,0.038409945
909,valid,0,0.038409945
7338,valid,0,0.038409945
10597,valid,0,0.75017244
4677,valid,0,0.75017244
5674,valid,0,0.75017244
6354,valid,0,0.75017244
5069,valid,0,0.75017244
925,valid,0,0.038409945
7473,valid,0,0.75017244
2656,valid,0,0.03838789
6461,valid,0,0.038409945
3636,valid,0,0.038409945
1775,valid,0,0.038409945
1989,valid,0,0.75017244
6265,valid,0,0.038409945
7530,valid,0,0.75017244
4246,valid,0,0.038409945
6678,valid,0,0.75017244
7326,valid,0,0.038409945
5321,valid,0,0.038409945
8397,valid,0,0.75017244
9360,valid,0,0.75017244
6519,valid,0,0.038409945
6916,valid,0,0.75017244
8238,valid,0,0.75017244
4800,valid,0,0.75017244
6480,valid,0,0.040795173
5519,valid,0,0.038364206
9371,valid,0,0.75017244
1995,valid,0,0.038409945
7482,valid,0,0.038409945
67,valid,0,0.040795173
1732,valid,0,0.038409945
786,valid,0,0.75017244
1747,valid,0,0.75017244
6532,valid,0,0.038409945
1760,valid,0,0.75017244
6189,valid,0,0.038409945
1272,valid,0,0.75017244
2220,valid,0,0.75017244
10222,valid,0,0.038409945
3443,valid,0,0.038409945
10208,valid,0,0.03838789
7578,valid,0,0.08636963
2723,valid,0,0.75017244
2081,valid,0,0.75017244
6457,valid,0,0.038409945
7486,valid,0,0.75017244
6922,valid,0,0.038409945
7484,valid,0,0.75017244
7247,valid,0,0.038409945
6170,valid,0,0.038409945
8898,valid,0,0.75017244
1826,valid,0,0.75017244
7666,valid,0,0.038364206
6199,valid,0,0.038409945
8739,valid,0,0.038409945
1840,valid,0,0.038409945
10316,valid,0,0.038409945
3091,valid,0,0.038409945
6529,valid,0,0.038409945
9513,valid,0,0.03838789
1261,valid,0,0.038409945
7663,valid,0,0.75017244
8829,valid,0,0.75017244
7461,valid,0,0.75017244
10586,valid,0,0.038409945
792,valid,0,0.038409945
1053,valid,0,0.057959106
802,valid,0,0.038409945
9333,valid,0,0.75017244
3360,valid,0,0.038409945
1770,valid,0,0.75017244
10778,valid,0,0.038409945
3898,valid,0,0.038364206
5683,valid,0,0.038409945
2758,valid,0,0.038409945
2080,valid,0,0.03838789
11060,valid,0,0.75017244
6558,valid,0,0.75017244
2947,valid,0,0.038409945
5304,valid,0,0.75017244
6176,valid,0,0.75017244
10466,valid,0,0.038409945
5502,valid,0,0.038409945
7320,valid,0,0.038409945
307,valid,0,0.75017244
4765,valid,0,0.038409945
6481,valid,0,0.038409945
5531,valid,0,0.75017244
4547,valid,0,0.75017244
7516,valid,0,0.038409945
1548,valid,0,0.038409945
880,valid,0,0.75017244
1731,valid,0,0.75017244
50,valid,0,0.038409945
7039,valid,0,0.038364206
3946,valid,0,0.057959106
1725,valid,0,0.75017244
7089,valid,0,0.038409945
6261,valid,0,0.75017244
3097,valid,0,0.038409945
910,valid,0,0.75017244
6008,valid,0,0.038409945
6218,valid,0,0.75017244
8248,valid,0,0.038409945
7575,valid,0,0.75017244
1429,valid,0,0.03838789
5520,valid,0,0.038409945
7671,valid,0,0.038409945
316,valid,0,0.75017244
7353,valid,0,0.038364206
3101,valid,0,0.038409945
4111,valid,0,0.75017244
2685,valid,0,0.75017244
5092,valid,0,0.038409945
7352,valid,0,0.75017244
2933,valid,0,0.75017244
5670,valid,0,0.75017244
7515,valid,0,0.75017244
4684,valid,0,0.03838789
2194,valid,0,0.75017244
3509,valid,0,0.75017244
8605,valid,0,0.75017244
4091,valid,0,0.75017244
3069,valid,0,0.75017244
749,valid,0,0.75017244
1884,valid,0,0.75017244
9566,valid,0,0.75017244
2648,valid,0,0.75017244
8120,valid,0,0.75017244
10045,valid,0,0.75017244
2563,valid,0,0.75017244
9259,valid,0,0.75017244
10816,valid,0,0.75017244
7659,valid,0,0.75017244
10409,valid,0,0.040795017
5825,valid,0,0.75017244
7829,valid,0,0.75017244
944,valid,0,0.75017244
3375,valid,0,0.75017244
327,valid,0,0.03838789
7660,valid,0,0.03838789
2203,valid,0,0.75017244
1418,valid,0,0.038409945
4235,valid,0,0.75017244
1103,valid,0,0.75017244
5444,valid,0,0.31779435
6375,valid,0,0.038409945
10211,valid,0,0.038364206
10171,valid,0,0.75017244
7519,valid,0,0.75017244
9335,valid,0,0.75017244
2394,valid,0,0.038409945
5830,valid,0,0.75017244
4103,valid,0,0.057959106
10218,valid,0,0.038409945
61,valid,0,0.75017244
6270,valid,0,0.038409945
1435,valid,0,0.75017244
4879,valid,0,0.75017244
6637,valid,0,0.75017244
3646,valid,0,0.75017244
8367,valid,0,0.038364206
5816,valid,0,0.75017244
2641,valid,0,0.038409945
2186,valid,0,0.038409945
49,valid,0,0.03838789
5076,valid,0,0.75017244
5317,valid,0,0.75017244
6006,valid,0,0.75017244
2215,valid,0,0.03838789
1743,valid,0,0.038409945
6449,valid,0,0.038409945
2565,valid,0,0.75017244
2721,valid,0,0.75017244
1539,valid,0,0.038409945
879,valid,0,0.75017244
3906,valid,0,0.75017244
9493,valid,0,0.75017244
2770,valid,0,0.75017244
2935,valid,0,0.75017244
1037,valid,0,0.038409945
2558,valid,0,0.038409945
6226,valid,0,0.75017244
6557,valid,0,0.038364206
7479,valid,0,0.75017244
6227,valid,0,0.75017244
4815,valid,0,0.75017244
6101,valid,0,0.038409945
10935,valid,0,0.038409945
2261,valid,0,0.05459664
4690,valid,0,0.038409945
5071,valid,0,0.038409945
5414,valid,0,0.038409945
6165,valid,0,0.038409945
6515,valid,0,0.038409945
913,valid,0,0.038364206
6353,valid,0,0.75017244
4816,valid,0,0.038409945
4476,valid,0,0.75017244
2649,valid,0,0.75017244
7335,valid,0,0.038409945
7536,valid,0,0.038409945
8861,valid,0,0.75017244
5949,valid,0,0.038409945
6162,valid,0,0.038409945
6326,valid,0,0.038409945
5081,valid,0,0.038409945
10398,valid,0,0.75017244
11049,valid,0,0.038409945
10301,valid,0,0.038364206
2756,valid,0,0.75017244
8252,valid,0,0.75017244
9343,valid,0,0.038409945
9344,valid,0,0.038364206
8458,valid,0,0.75017244
2000,valid,0,0.75017244
6679,valid,0,0.75017244
4242,valid,0,0.038409945
3078,valid,0,0.038409945
4446,valid,0,0.75017244
7242,valid,0,0.038409945
1741,valid,0,0.75017244
8732,valid,0,0.75017244
8626,valid,0,0.75017244
1558,valid,0,0.21822351
6510,valid,0,0.75017244
5085,valid,0,0.038409945
6473,valid,0,0.75017244
704,valid,0,0.75017244
9585,valid,0,0.05459664
11062,valid,0,0.75017244
319,valid,0,0.75017244
7324,valid,0,0.75017244
1750,valid,0,0.038409945
11059,valid,0,0.05459664
7749,valid,0,0.75017244
3643,valid,0,0.038409945
798,valid,0,0.038409945
10718,valid,0,0.75017244
2927,valid,0,0.75017244
4791,valid,0,0.038409945
6517,valid,0,0.75017244
7672,valid,0,0.75017244
1990,valid,0,0.75017244
914,valid,0,0.038409945
7655,valid,0,0.038364206
10598,valid,0,0.038364206
7127,valid,0,0.75017244
2252,valid,0,0.038409945
10822,valid,0,0.038409945
5106,valid,0,0.038409945
9261,valid,0,0.038409945
8240,valid,0,0.038409945
9272,valid,0,0.75017244
1767,valid,0,0.038409945
10053,valid,0,0.75017244
1087,valid,0,0.75017244
4116,valid,0,0.75017244
7121,valid,0,0.75017244
5074,valid,0,0.75017244
9262,valid,0,0.75017244
1254,valid,0,0.038409945
4482,valid,0,0.038409945
4702,valid,0,0.75017244
5320,valid,0,0.75017244
1443,valid,0,0.75017244
6928,valid,0,0.038409945
4778,valid,0,0.75017244
10015,valid,0,0.75017244
7836,valid,0,0.038364206
6264,valid,0,0.038409945
1876,valid,0,0.038409945
7463,valid,0,0.038364206
1737,valid,0,0.038409945
8358,valid,0,0.75017244
9782,valid,0,0.75017244
6551,valid,0,0.75017244
4539,valid,0,0.040795017
9738,valid,0,0.75017244
5100,valid,0,0.75017244
4101,valid,0,0.75017244
2660,valid,0,0.038409945
7594,valid,0,0.038409945
8280,valid,0,0.75017244
531,valid,0,0.75017244
2657,valid,0,0.038409945
2224,valid,0,0.03838789
7190,valid,0,0.75017244
2569,valid,0,0.038409945
1828,valid,0,0.038409945
2448,valid,0,0.75017244
2941,valid,0,0.038409945
11043,valid,0,0.038409945
1248,valid,0,0.038409945
6347,valid,0,0.038409945
9133,valid,0,0.75017244
1107,valid,0,0.038409945
5509,valid,0,0.75017244
2678,valid,0,0.75017244
9761,valid,0,0.75017244
3098,valid,0,0.038409945
7393,valid,0,0.038409945
10844,valid,0,0.046012037
9270,valid,0,0.038409945
7250,valid,0,0.75017244
7739,valid,0,0.038364206
6911,valid,0,0.038409945
7485,valid,0,0.75017244
8793,valid,0,0.038364206
1161,valid,0,0.038409945
4410,valid,0,0.038409945
2582,valid,0,0.75017244
4793,valid,0,0.038409945
5349,valid,0,0.038409945
3945,valid,0,0.75017244
6483,valid,0,0.75017244
1045,valid,0,0.03838789
6344,valid,0,0.75017244
2248,valid,0,0.038409945
4693,valid,0,0.75017244
6370,valid,0,0.75017244
740,valid,0,0.75017244
4403,valid,0,0.05459664
9769,valid,0,0.038409945
791,valid,0,0.038409945
5306,valid,0,0.038409945
9279,valid,0,0.75017244
4696,valid,0,0.75017244
4972,valid,0,0.75017244
5513,valid,0,0.038409945
4797,valid,0,0.038409945
1115,valid,0,0.038409945
1993,valid,0,0.038409945
924,valid,0,0.038409945
10599,valid,0,0.038409945
935,valid,0,0.038409945
10589,valid,0,0.75017244
5512,valid,0,0.040795173
6376,valid,0,0.038409945
8269,valid,0,0.038409945
10946,valid,0,0.038409945
6512,valid,0,0.75017244
8473,valid,0,0.75017244
8389,valid,0,0.038409945
6445,valid,0,0.75017244
7534,valid,0,0.75017244
2775,valid,0,0.040795017
6669,valid,0,0.75017244
10833,valid,0,0.038409945
10241,valid,0,0.75017244
9369,valid,0,0.75017244
10012,valid,0,0.040795173
6380,valid,0,0.75017244
6683,valid,0,0.038409945
382,valid,0,0.12052462
3103,valid,0,0.038409945
490,valid,0,0.038409945
6023,valid,0,0.038364206
5749,valid,0,0.75017244
2386,valid,0,0.75017244
878,valid,0,0.75017244
8465,valid,0,0.038409945
2769,valid,0,0.75017244
6914,valid,0,0.038364206
10923,valid,0,0.75017244
6178,valid,0,0.75017244
917,valid,0,0.038409945
3642,valid,0,0.038409945
4526,valid,0,0.038409945
2449,valid,0,0.038409945
9134,valid,0,0.038409945
8394,valid,0,0.03838789
8404,valid,0,0.038409945
9386,valid,0,0.038409945
7824,valid,0,0.75017244
2258,valid,0,0.038364206
2654,valid,0,0.038409945
10804,valid,0,0.038409945
6124,valid,0,0.75017244
9777,valid,0,0.75017244
6513,valid,0,0.75017244
3937,valid,0,0.75017244
885,valid,0,0.038409945
10238,valid,0,0.038409945
1112,valid,0,0.038409945
304,valid,0,0.038409945
7334,valid,0,0.038409945
7592,valid,0,0.75017244
7228,valid,0,0.038409945
3367,valid,0,0.75017244
6938,valid,0,0.75017244
3084,valid,0,0.75017244
10753,valid,0,0.05046348
1038,valid,0,0.038409945
1249,valid,0,0.038409945
10807,valid,0,0.75017244
3041,valid,0,0.75017244
8813,valid,0,0.75017244
1036,valid,0,0.040795173
2772,valid,0,0.03838789
9783,valid,0,0.75017244
3628,valid,0,0.038409945
6014,valid,0,0.038409945
1092,valid,0,0.038409945
6339,valid,0,0.75017244
3757,valid,0,0.038409945
1998,valid,0,0.038409945
5352,valid,0,0.038409945
8470,valid,0,0.038409945
7490,valid,0,0.05459664
2675,valid,0,0.038409945
2193,valid,0,0.75017244
10773,valid,0,0.038409945
3684,valid,0,0.038409945
11058,valid,0,0.75017244
7098,valid,0,0.038409945
3926,valid,0,0.75017244
6452,valid,0,0.038409945
6004,valid,0,0.038409945
1117,valid,0,0.038409945
4808,valid,0,0.75017244
6096,valid,0,0.038409945
9389,valid,0,0.040795173
5744,valid,0,0.038409945
938,valid,0,0.038409945
1088,valid,0,0.038409945
4542,valid,0,0.038409945
8807,valid,0,0.038409945
10823,valid,0,0.75017244
8409,valid,0,0.038409945
9569,valid,0,0.038409945
702,valid,0,0.038409945
6214,valid,0,0.038409945
5064,valid,0,0.038409945
4698,valid,0,0.040795173
4105,valid,0,0.75017244
11006,valid,0,0.040795173
10771,valid,0,0.038409945
4469,valid,0,0.038409945
7351,valid,0,0.038409945
8493,valid,0,0.038409945
8811,valid,0,0.038409945
4821,valid,0,0.038409945
4591,valid,0,0.040795173
6506,valid,0,0.75017244
7346,valid,0,0.038409945
8245,valid,0,0.038409945
3564,valid,0,0.038364206
6670,valid,0,0.038409945
9589,valid,0,0.03838789
9139,valid,0,0.038409945
9331,valid,0,0.05459664
1757,valid,0,0.040795173
430,valid,0,0.038409945
9383,valid,0,0.038409945
3936,valid,0,0.038409945
8279,valid,0,0.75017244
423,valid,0,0.038409945
484,valid,0,0.038409945
493,valid,0,0.038409945
2645,valid,0,0.75017244
5492,valid,0,0.038409945
5099,valid,0,0.038409945
1257,valid,0,0.038409945
8239,valid,0,0.038409945
7819,valid,0,0.038409945
931,valid,0,0.038409945
10232,valid,0,0.75017244
6465,valid,0,0.038409945
3927,valid,0,0.038409945
9766,valid,0,0.038409945
6117,valid,0,0.038364206
6331,valid,0,0.038409945
1565,valid,0,0.038409945
4581,valid,0,0.038409945
1568,valid,0,0.03838789
6530,valid,0,0.038409945
3644,valid,0,0.03838789
1742,valid,0,0.75017244
11004,valid,0,0.75017244
4123,valid,0,0.038409945
5083,valid,0,0.75017244
4822,valid,0,0.038409945
11014,valid,0,0.038409945
4588,valid,0,0.038409945
4238,valid,0,0.038409945
6105,valid,0,0.038364206
7661,valid,0,0.75017244
1678,valid,0,0.040795017
2934,valid,0,0.038409945
6351,valid,0,0.038409945
8460,valid,0,0.038409945
4443,valid,0,0.75017244
7283,valid,0,0.75017244
10236,valid,0,0.038409945
6335,valid,0,0.038409945
1540,valid,0,0.038409945
797,valid,0,0.038409945
1417,valid,0,0.03838789
6321,valid,0,0.75017244
1728,valid,0,0.038409945
789,valid,0,0.03838789
10472,valid,0,0.038409945
3574,valid,0,0.038409945
4097,valid,0,0.038409945
806,valid,0,0.038409945
10011,valid,0,0.038409945
8794,valid,0,0.75017244
803,valid,0,0.038409945
5688,valid,0,0.75017244
8494,valid,0,0.038409945
1873,valid,0,0.038364206
4786,valid,0,0.038409945
894,valid,0,0.038409945
10588,valid,0,0.75017244
7588,valid,0,0.038409945
2227,valid,0,0.75017244
5067,valid,0,0.75017244
4806,valid,0,0.038409945
10733,valid,0,0.75017244
6667,valid,0,0.038409945
2283,valid,0,0.75017244
6202,valid,0,0.038409945
9755,valid,0,0.038409945
9568,valid,0,0.038409945
930,valid,0,0.038409945
10337,valid,0,0.75017244
7538,valid,0,0.038409945
6682,valid,0,0.038409945
2659,valid,0,0.038409945
1050,valid,0,0.038409945
8258,valid,0,0.038409945
434,valid,0,0.75017244
10591,valid,0,0.75017244
5073,valid,0,0.038364206
8270,valid,0,0.75017244
8467,valid,0,0.038409945
512,valid,0,0.038409945
4585,valid,0,0.038409945
1251,valid,0,0.038409945
6935,valid,0,0.038409945
4104,valid,0,0.038409945
5089,valid,0,0.038409945
4697,valid,0,0.038409945
1158,valid,0,0.75017244
8912,valid,0,0.038409945
10931,valid,0,0.75017244
1151,valid,0,0.038409945
10219,valid,0,0.038409945
7445,valid,0,0.75017244
927,valid,0,0.038409945
1961,valid,0,0.75017244
6181,valid,0,0.038409945
7331,valid,0,0.038409945
5062,valid,0,0.038409945
6635,valid,0,0.038409945
7240,valid,0,0.038409945
7237,valid,0,0.038409945
928,valid,0,0.75017244
10601,valid,0,0.75017244
903,valid,0,0.038409945
2762,valid,0,0.038409945
4589,valid,0,0.038409945
4809,valid,0,0.038409945
6157,valid,0,0.038409945
3639,valid,0,0.038409945
8867,valid,0,0.75017244
8915,valid,0,0.75017244
8909,valid,0,0.75017244
10741,valid,0,0.038409945
6352,valid,0,0.75017244
5135,valid,0,0.75017244
53,valid,0,0.75017244
4162,valid,0,0.038409945
8276,valid,0,0.038409945
2936,valid,0,0.75017244
4599,valid,0,0.038409945
3026,valid,0,0.75017244
6154,valid,0,0.75017244
4759,valid,0,0.038409945
6520,valid,0,0.75017244
1084,valid,0,0.038409945
6186,valid,0,0.038409945
4770,valid,0,0.75017244
9132,valid,0,0.038409945
3055,valid,0,0.038409945
10345,valid,0,0.75017244
5059,valid,0,0.038409945
7525,valid,0,0.038364206
2673,valid,0,0.038409945
10147,valid,0,0.75017244
4523,valid,0,0.75017244
764,valid,0,0.038364206
4110,valid,0,0.038409945
1891,valid,0,0.038409945
4004,valid,0,0.038409945
10723,valid,0,0.038364206
1882,valid,0,0.03838789
4239,valid,0,0.038409945
3930,valid,0,0.75017244
317,valid,0,0.038409945
10940,valid,0,0.038409945
8386,valid,0,0.75017244
1046,valid,0,0.040795173
2943,valid,0,0.038409945
9330,valid,0,0.038409945
3929,valid,0,0.75017244
906,valid,0,0.038409945
8901,valid,0,0.038364206
3562,valid,0,0.040795173
7099,valid,0,0.038364206
3935,valid,0,0.038409945
5952,valid,0,0.038409945
6909,valid,0,0.75017244
8097,valid,0,0.038409945
6566,valid,0,0.75017244
6487,valid,0,0.038409945
10401,valid,0,0.75017244
10765,valid,0,0.038409945
7360,valid,0,0.75017244
4592,valid,0,0.75017244
5445,valid,0,0.038409945
4796,valid,0,0.038409945
2667,valid,0,0.038409945
2840,valid,0,0.040795017
8275,valid,0,0.75017244
4236,valid,0,0.038409945
9149,valid,0,0.038409945
6179,valid,0,0.038409945
4874,valid,0,0.038409945
5737,valid,0,0.038409945
7333,valid,0,0.75017244
4769,valid,0,0.038409945
1761,valid,0,0.038409945
7540,valid,0,0.038409945
1836,valid,0,0.75017244
2653,valid,0,0.75017244
6525,valid,0,0.038409945
3924,valid,0,0.75017244
9154,valid,0,0.038409945
4114,valid,0,0.038409945
2926,valid,0,0.75017244
6464,valid,0,0.038409945
8913,valid,0,0.038409945
3083,valid,0,0.75017244
2469,valid,0,0.038409945
4795,valid,0,0.03838789
3629,valid,0,0.038409945
1252,valid,0,0.75017244
9260,valid,0,0.038409945
5434,valid,0,0.038409945
3436,valid,0,0.038409945
4555,valid,0,0.75017244
10036,valid,0,0.038409945
2720,valid,0,0.038409945
9131,valid,0,0.75017244
9361,valid,0,0.040795173
6690,valid,0,0.03838789
9263,valid,0,0.038409945
10938,valid,0,0.038409945
1105,valid,0,0.038409945
11057,valid,0,0.038409945
7487,valid,0,0.038409945
4451,valid,0,0.75017244
4977,valid,0,0.040795017
2705,valid,0,0.75017244
2253,valid,0,0.038409945
3085,valid,0,0.038409945
9137,valid,0,0.038409945
8613,valid,0,0.038409945
10592,valid,0,0.038409945
6527,valid,0,0.21822351
315,valid,0,0.038364206
10757,valid,0,0.038409945
1270,valid,0,0.038409945
421,valid,0,0.040795173
2949,valid,0,0.038409945
4701,valid,0,0.038409945
4785,valid,0,0.038409945
7330,valid,0,0.038409945
10850,valid,0,0.038409945
10585,valid,0,0.038409945
6442,valid,0,0.038409945
10736,valid,0,0.75017244
4829,valid,0,0.038409945
8664,valid,0,0.038409945
3640,valid,0,0.038409945
7743,valid,0,0.038409945
10463,valid,0,0.038409945
4540,valid,0,0.038364206
7827,valid,0,0.038409945
8503,valid,0,0.038409945
3928,valid,0,0.038409945
6455,valid,0,0.75017244
9339,valid,0,0.038409945
10465,valid,0,0.75017244
8897,valid,0,0.038409945
2387,valid,0,0.75017244
10317,valid,0,0.75017244
4828,valid,0,0.038409945
1734,valid,0,0.038409945
9268,valid,0,0.038409945
1749,valid,0,0.75017244
7728,valid,0,0.75017244
757,valid,0,0.038409945
787,valid,0,0.038409945
3024,valid,0,0.038409945
6169,valid,0,0.038409945
8388,valid,0,0.038409945
4988,valid,0,0.038409945
7182,valid,0,0.038364206
1951,valid,0,0.75017244
4766,valid,0,0.038409945
9146,valid,0,0.038409945
10237,valid,0,0.038409945
7094,valid,0,0.038409945
7348,valid,0,0.038409945
8827,valid,0,0.038409945
4527,valid,0,0.75017244
2717,valid,0,0.038409945
1132,valid,0,0.038409945
1143,valid,0,0.038409945
7736,valid,0,0.038409945
4445,valid,0,0.038409945
4008,valid,0,0.038409945
9765,valid,0,0.038409945
1265,valid,0,0.75017244
5354,valid,0,0.03838789
4024,valid,0,0.038409945
2682,valid,0,0.038409945
424,valid,0,0.038409945
10220,valid,0,0.038409945
300,valid,0,0.038409945
2260,valid,0,0.038409945
4695,valid,0,0.038409945
1101,valid,0,0.038364206
5751,valid,0,0.040795173
2832,valid,0,0.75017244
486,valid,0,0.75017244
929,valid,0,0.038409945
7590,valid,0,0.038409945
3698,valid,0,0.75017244
8267,valid,0,0.038409945
6213,valid,0,0.038409945
5096,valid,0,0.038409945
2763,valid,0,0.040795173
1831,valid,0,0.75017244
6921,valid,0,0.038409945
296,valid,0,0.75017244
6185,valid,0,0.038409945
5065,valid,0,0.038409945
6330,valid,0,0.75017244
7070,valid,0,0.75017244
10314,valid,0,0.75017244
1752,valid,0,0.75017244
7810,valid,0,0.038409945
899,valid,0,0.038409945
9377,valid,0,0.038409945
3633,valid,0,0.038409945
6379,valid,0,0.038409945
6930,valid,0,0.038409945
6561,valid,0,0.038409945
2931,valid,0,0.75017244
9138,valid,0,0.038409945
10745,valid,0,0.038409945
1100,valid,0,0.038409945
11053,valid,0,0.038409945
6109,valid,0,0.038409945
5526,valid,0,0.038409945
1886,valid,0,0.038364206
2002,valid,0,0.038409945
4006,valid,0,0.038409945
8505,valid,0,0.75017244
7347,valid,0,0.75017244
6206,valid,0,0.038409945
6378,valid,0,0.038409945
1127,valid,0,0.038409945
10809,valid,0,0.75017244
1730,valid,0,0.038409945
9737,valid,0,0.75017244
755,valid,0,0.75017244
4593,valid,0,0.038409945
10852,valid,0,0.038409945
306,valid,0,0.038409945
6221,valid,0,0.038409945
1109,valid,0,0.038409945
309,valid,0,0.038409945
4536,valid,0,0.038409945
8405,valid,0,0.038409945
3654,valid,0,0.038409945
481,valid,0,0.038409945
7235,valid,0,0.75017244
483,valid,0,0.038409945
1139,valid,0,0.75017244
1988,valid,0,0.038409945
10941,valid,0,0.038409945
9391,valid,0,0.038409945
10738,valid,0,0.038409945
2664,valid,0,0.038409945
5673,valid,0,0.038364206
10405,valid,0,0.75017244
7596,valid,0,0.038409945
4682,valid,0,0.75017244
6151,valid,0,0.75017244
6022,valid,0,0.75017244
9781,valid,0,0.038409945
2567,valid,0,0.038409945
5101,valid,0,0.038409945
7073,valid,0,0.08636963
8121,valid,0,0.040795173
6320,valid,0,0.038409945
10197,valid,0,0.75017244
1439,valid,0,0.75017244
7195,valid,0,0.038409945
4885,valid,0,0.75017244
7388,valid,0,0.038364206
7354,valid,0,0.038409945
4761,valid,0,0.038409945
6003,valid,0,0.75017244
4112,valid,0,0.038409945
4982,valid,0,0.038409945
3573,valid,0,0.038409945
3653,valid,0,0.75017244
1835,valid,0,0.75017244
7483,valid,0,0.75017244
7589,valid,0,0.038409945
4771,valid,0,0.75017244
2389,valid,0,0.75017244
495,valid,0,0.75017244
4974,valid,0,0.75017244
6508,valid,0,0.75017244
8236,valid,0,0.75017244
5437,valid,0,0.038409945
6563,valid,0,0.038409945
10462,valid,0,0.038409945
10845,valid,0,0.038364206
1149,valid,0,0.038409945
10315,valid,0,0.75017244
4987,valid,0,0.75017244
4683,valid,0,0.040795173
7081,valid,0,0.75017244
8906,valid,0,0.03838789
9351,valid,0,0.75017244
8272,valid,0,0.75017244
10761,valid,0,0.038409945
1992,valid,0,0.038409945
9150,valid,0,0.038409945
3038,valid,0,0.038409945
9362,valid,0,0.038409945
8243,valid,0,0.75017244
4029,valid,0,0.75017244
10729,valid,0,0.75017244
801,valid,0,0.038409945
7584,valid,0,0.038409945
6336,valid,0,0.038409945
7046,valid,0,0.038364206
9434,valid,0,0.038364206
1106,valid,0,0.038409945
3034,valid,0,0.038409945
1691,valid,0,0.75017244
2848,valid,0,0.75017244
5955,valid,0,0.75017244
2644,valid,0,0.75017244
3948,valid,0,0.038409945
8833,valid,0,0.75017244
1755,valid,0,0.75017244
9778,valid,0,0.75017244
2835,valid,0,0.75017244
8512,valid,0,0.038409945
4681,valid,0,0.038409945
1104,valid,0,0.038409945
1554,valid,0,0.75017244
8264,valid,0,0.75017244
425,valid,0,0.75017244
5061,valid,0,0.038409945
5435,valid,0,0.75017244
8401,valid,0,0.75017244
1160,valid,0,0.038409945
5827,valid,0,0.038409945
10926,valid,0,0.038409945
5750,valid,0,0.038409945
3446,valid,0,0.75017244
900,valid,0,0.75017244
6536,valid,0,0.038409945
3685,valid,0,0.038409945
7042,valid,0,0.75017244
6156,valid,0,0.038409945
923,valid,0,0.040795173
4811,valid,0,0.75017244
5310,valid,0,0.75017244
7571,valid,0,0.75017244
2771,valid,0,0.038409945
9253,valid,0,0.038409945
7122,valid,0,0.038409945
8406,valid,0,0.038409945
1727,valid,0,0.038409945
4442,valid,0,0.75017244
10146,valid,0,0.75017244
5348,valid,0,0.038409945
5490,valid,0,0.038409945
701,valid,0,0.038409945
10759,valid,0,0.040795173
11048,valid,0,0.038409945
891,valid,0,0.038409945
2001,valid,0,0.038409945
3075,valid,0,0.038409945
9246,valid,0,0.038409945
6175,valid,0,0.038409945
3057,valid,0,0.038409945
2089,valid,0,0.038409945
2391,valid,0,0.75017244
9518,valid,0,0.038409945
6098,valid,0,0.038364206
295,valid,0,0.038409945
5532,valid,0,0.038409945
7517,valid,0,0.038364206
4152,valid,0,0.038409945
7238,valid,0,0.21822351
1137,valid,0,0.21822351
4098,valid,0,0.038364206
7585,valid,0,0.75017244
6638,valid,0,0.038409945
7475,valid,0,0.75017244
5679,valid,0,0.038409945
7489,valid,0,0.05459664
8471,valid,0,0.038409945
10309,valid,0,0.038409945
9384,valid,0,0.75017244
8819,valid,0,0.75017244
10312,valid,0,0.038409945
5522,valid,0,0.038409945
4706,valid,0,0.038409945
8900,valid,0,0.038409945
1768,valid,0,0.038409945
4020,valid,0,0.75017244
759,valid,0,0.038409945
921,valid,0,0.038409945
6458,valid,0,0.038409945
1089,valid,0,0.75017244
9579,valid,0,0.038409945
5347,valid,0,0.038409945
4015,valid,0,0.038409945
10848,valid,0,0.038409945
4444,valid,0,0.75017244
8802,valid,0,0.038364206
1753,valid,0,0.75017244
6377,valid,0,0.75017244
2188,valid,0,0.75017244
8480,valid,0,0.038409945
1833,valid,0,0.038364206
10158,valid,0,0.038409945
4108,valid,0,0.038409945
10815,valid,0,0.038409945
3688,valid,0,0.038409945
7731,valid,0,0.75017244
3368,valid,0,0.75017244
2937,valid,0,0.75017244
4402,valid,0,0.75017244
6531,valid,0,0.75017244
3067,valid,0,0.038364206
7025,valid,0,0.038409945
6694,valid,0,0.038364206
1739,valid,0,0.038409945
10749,valid,0,0.038409945
8508,valid,0,0.038409945
8683,valid,0,0.75017244
3909,valid,0,0.75017244
5820,valid,0,0.038409945
3947,valid,0,0.75017244
2868,valid,0,0.038409945
7732,valid,0,0.75017244
10595,valid,0,0.038409945
9762,valid,0,0.75017244
10224,valid,0,0.038409945
8103,valid,0,0.038409945
4436,valid,0,0.75017244
8670,valid,0,0.038409945
4790,valid,0,0.038409945
4819,valid,0,0.038409945
2652,valid,0,0.03838789
3950,valid,0,0.75017244
8825,valid,0,0.038409945
7835,valid,0,0.75017244
8403,valid,0,0.038409945
3650,valid,0,0.038409945
7029,valid,0,0.038409945
3908,valid,0,0.038409945
6097,valid,0,0.75017244
10744,valid,0,0.038409945
2932,valid,0,0.038409945
3070,valid,0,0.038409945
2650,valid,0,0.038409945
6685,valid,0,0.038409945
9382,valid,0,0.75017244
6919,valid,0,0.75017244
1442,valid,0,0.038364206
7548,valid,0,0.038409945
10846,valid,0,0.75017244
3035,valid,0,0.75017244
2577,valid,0,0.038409945
9258,valid,0,0.038409945
7184,valid,0,0.038409945
10803,valid,0,0.038409945
10842,valid,0,0.038409945
3901,valid,0,0.038409945
10838,valid,0,0.038409945
8795,valid,0,0.75017244
4016,valid,0,0.75017244
2839,valid,0,0.038409945
9277,valid,0,0.038409945
2578,valid,0,0.038409945
7822,valid,0,0.038409945
6543,valid,0,0.038409945
2672,valid,0,0.038409945
1049,valid,0,0.038409945
10943,valid,0,0.75017244
2707,valid,0,0.038409945
8622,valid,0,0.038364206
8363,valid,0,0.75017244
7188,valid,0,0.038409945
2249,valid,0,0.038409945
3094,valid,0,0.038409945
5082,valid,0,0.75017244
5058,valid,0,0.038409945
1772,valid,0,0.038409945
9388,valid,0,0.038409945
5137,valid,0,0.03838789
7730,valid,0,0.038409945
2472,valid,0,0.038409945
3444,valid,0,0.038409945
2677,valid,0,0.038409945
2580,valid,0,0.75017244
8123,valid,0,0.03838789
7572,valid,0,0.75017244
5525,valid,0,0.038364206
1839,valid,0,0.75017244
9364,valid,0,0.038409945
2841,valid,0,0.75017244
5743,valid,0,0.75017244
5937,valid,0,0.038409945
7591,valid,0,0.038409945
756,valid,0,0.038409945
1125,valid,0,0.75017244
889,valid,0,0.75017244
6345,valid,0,0.038409945
6537,valid,0,0.75017244
2651,valid,0,0.038409945
1966,valid,0,0.038409945
7669,valid,0,0.038409945
754,valid,0,0.038409945
7357,valid,0,0.038409945
1954,valid,0,0.038409945
7340,valid,0,0.038409945
7587,valid,0,0.052689523
6666,valid,0,0.038409945
1153,valid,0,0.038409945
6503,valid,0,0.038364206
4678,valid,0,0.75017244
7481,valid,0,0.75017244
6383,valid,0,0.038409945
9772,valid,0,0.038409945
1124,valid,0,0.038409945
1035,valid,0,0.75017244
432,valid,0,0.038409945
5529,valid,0,0.75017244
10835,valid,0,0.75017244
10300,valid,0,0.75017244
5954,valid,0,0.75017244
5499,valid,0,0.038409945
8902,valid,0,0.75017244
3066,valid,0,0.040795173
7832,valid,0,0.75017244
5496,valid,0,0.040795017
2464,valid,0,0.75017244
6499,valid,0,0.75017244
7028,valid,0,0.75017244
2473,valid,0,0.040795173
8260,valid,0,0.038409945
11005,valid,0,0.038409945
788,valid,0,0.03838789
4415,valid,0,0.75017244
8107,valid,0,0.75017244
795,valid,0,0.08636963
7386,valid,0,0.75017244
11011,valid,0,0.75017244
3106,valid,0,0.75017244
10170,valid,0,0.75017244
5129,valid,0,0.75017244
4475,valid,0,0.037836403
10999,valid,0,0.75017244
308,valid,0,0.038409945
712,valid,0,0.038409945
6200,valid,0,0.03838789
1140,valid,0,0.03838789
7741,valid,0,0.75017244
3888,valid,0,0.03838789
9433,valid,0,0.75017244
7071,valid,0,0.038409945
1448,valid,0,0.75017244
2564,valid,0,0.75017244
10772,valid,0,0.75017244
3365,valid,0,0.75017244
6017,valid,0,0.75017244
9528,valid,0,0.75017244
2211,valid,0,0.75017244
893,valid,0,0.038409945
5457,valid,0,0.038364206
6466,valid,0,0.040795173
10200,valid,0,0.040795173
6266,valid,0,0.75017244
1128,valid,0,0.038409945
4691,valid,0,0.038409945
10043,valid,0,0.75017244
6160,valid,0,0.75017244
8257,valid,0,0.75017244
10478,valid,0,0.75017244
805,valid,0,0.75017244
8479,valid,0,0.038409945
1048,valid,0,0.75017244
426,valid,0,0.75017244
3017,valid,0,0.75017244
4775,valid,0,0.23973164
8801,valid,0,0.038409945
6907,valid,0,0.75017244
7047,valid,0,0.75017244
7658,valid,0,0.038409945
10214,valid,0,0.75017244
8487,valid,0,0.75017244
8355,valid,0,0.038409945
5427,valid,0,0.038409945
384,valid,0,0.75017244
4094,valid,0,0.75017244
381,valid,0,0.03838789
7389,valid,0,0.75017244
8244,valid,0,0.038409945
9512,valid,0,0.038409945
1889,valid,0,0.75017244
5828,valid,0,0.75017244
4027,valid,0,0.75017244
2088,valid,0,0.03838789
2078,valid,0,0.05046348
7186,valid,0,0.75017244
7189,valid,0,0.75017244
902,valid,0,0.038409945
5819,valid,0,0.03838789
5507,valid,0,0.75017244
11003,valid,0,0.75017244
10005,valid,0,0.03838789
4553,valid,0,0.75017244
513,valid,0,0.75017244
1887,valid,0,0.040795173
8864,valid,0,0.75017244
9571,valid,0,0.75017244
6348,valid,0,0.040795173
8854,valid,0,0.038409945
10764,valid,0,0.75017244
767,valid,0,0.038409945
2003,valid,0,0.038409945
1547,valid,0,0.75017244
10826,valid,0,0.038409945
2451,valid,0,0.038409945
5070,valid,0,0.038409945
796,valid,0,0.038409945
3447,valid,0,0.038409945
4107,valid,0,0.038409945
5515,valid,0,0.038364206
6355,valid,0,0.040795173
2704,valid,0,0.038409945
8398,valid,0,0.75017244
6099,valid,0,0.038409945
1268,valid,0,0.038364206
7290,valid,0,0.75017244
9249,valid,0,0.75017244
8673,valid,0,0.038409945
4011,valid,0,0.75017244
4779,valid,0,0.75017244
520,valid,0,0.038409945
5430,valid,0,0.038364206
6196,valid,0,0.038409945
1991,valid,0,0.040795173
6459,valid,0,0.038409945
1456,valid,0,0.038409945
3651,valid,0,0.038409945
7828,valid,0,0.040795173
9485,valid,0,0.038409945
1735,valid,0,0.75017244
6500,valid,0,0.75017244
4979,valid,0,0.038409945
10817,valid,0,0.038409945
9328,valid,0,0.038409945
2470,valid,0,0.038364206
8746,valid,0,0.038409945
1890,valid,0,0.038409945
9745,valid,0,0.75017244
1042,valid,0,0.038409945
8809,valid,0,0.038409945
302,valid,0,0.038409945
8658,valid,0,0.18626489
9551,valid,0,0.038364206
5671,valid,0,0.038409945
8869,valid,0,0.75017244
6322,valid,0,0.037836403
9347,valid,0,0.75017244
6470,valid,0,0.75017244
7230,valid,0,0.038364206
3366,valid,0,0.038364206
2200,valid,0,0.75017244
6324,valid,0,0.038409945
8858,valid,0,0.75017244
1762,valid,0,0.75017244
8475,valid,0,0.75017244
2467,valid,0,0.040795173
5824,valid,0,0.0975158
322,valid,0,0.75017244
5132,valid,0,0.0975158
8621,valid,0,0.03838789
8108,valid,0,0.038364206
7521,valid,0,0.75017244
8606,valid,0,0.038409945
1162,valid,0,0.038409945
3370,valid,0,0.75017244
4422,valid,0,0.03838789
6349,valid,0,0.75017244
3114,valid,0,0.038409945
1877,valid,0,0.038409945
9780,valid,0,0.038409945
9746,valid,0,0.052689523
809,valid,0,0.038364206
5536,valid,0,0.038409945
9514,valid,0,0.75017244
4973,valid,0,0.03838789
4398,valid,0,0.75017244
10768,valid,0,0.038409945
2925,valid,0,0.038409945
10037,valid,0,0.038409945
10722,valid,0,0.038409945
10306,valid,0,0.038409945
10155,valid,0,0.75017244
3374,valid,0,0.75017244
9143,valid,0,0.038409945
5448,valid,0,0.05459664
1085,valid,0,0.75017244
9564,valid,0,0.038409945
6340,valid,0,0.038409945
6112,valid,0,0.75017244
2212,valid,0,0.75017244
7344,valid,0,0.038409945
9588,valid,0,0.038409945
881,valid,0,0.038409945
3082,valid,0,0.038409945
10234,valid,0,0.038409945
6565,valid,0,0.038409945
1745,valid,0,0.75017244
9266,valid,0,0.038409945
3113,valid,0,0.038409945
9375,valid,0,0.038409945
8617,valid,0,0.038409945
3563,valid,0,0.038409945
6002,valid,0,0.75017244
6937,valid,0,0.038409945
9486,valid,0,0.038409945
2553,valid,0,0.75017244
4400,valid,0,0.75017244
4468,valid,0,0.038409945
6492,valid,0,0.75017244
10841,valid,0,0.75017244
6089,valid,0,0.038409945
2581,valid,0,0.038409945
6920,valid,0,0.75017244
2561,valid,0,0.03838789
6325,valid,0,0.03838789
1875,valid,0,0.038409945
2191,valid,0,0.18626489
10205,valid,0,0.038409945
3042,valid,0,0.038409945
8273,valid,0,0.038409945
3631,valid,0,0.038409945
6934,valid,0,0.038409945
4826,valid,0,0.038409945
7580,valid,0,0.75017244
898,valid,0,0.038409945
6915,valid,0,0.75017244
3912,valid,0,0.08536805
301,valid,0,0.038409945
8098,valid,0,0.75017244
4014,valid,0,0.038409945
1253,valid,0,0.040795173
8832,valid,0,0.038409945
10240,valid,0,0.75017244
6211,valid,0,0.75017244
10009,valid,0,0.75017244
6495,valid,0,0.040795017
8736,valid,0,0.75017244
10853,valid,0,0.038409945
5440,valid,0,0.75017244
1040,valid,0,0.75017244
525,valid,0,0.75017244
8241,valid,0,0.038409945
2714,valid,0,0.75017244
3566,valid,0,0.75017244
3054,valid,0,0.75017244
3053,valid,0,0.038409945
9573,valid,0,0.038409945
8368,valid,0,0.75017244
10239,valid,0,0.038409945
8680,valid,0,0.75017244
3933,valid,0,0.038409945
6329,valid,0,0.038409945
9336,valid,0,0.040795173
5350,valid,0,0.038409945
4975,valid,0,0.038409945
1129,valid,0,0.75017244
10933,valid,0,0.038409945
9374,valid,0,0.038409945
1783,valid,0,0.75017244
7124,valid,0,0.038409945
9770,valid,0,0.038409945
2074,valid,0,0.75017244
373,valid,0,0.03838789
7078,valid,0,0.038409945
1723,valid,0,0.75017244
4813,valid,0,0.038409945
8614,valid,0,0.75017244
4802,valid,0,0.038409945
4890,valid,0,0.038409945
6193,valid,0,0.75017244
5739,valid,0,0.75017244
4580,valid,0,0.038409945
1960,valid,0,0.75017244
9771,valid,0,0.75017244
6094,valid,1,0.75017244
1778,valid,0,0.75017244
4787,valid,0,0.038409945
10818,valid,0,0.038409945
3749,valid,0,0.75017244
2757,valid,0,0.038409945
8507,valid,0,0.75017244
8496,valid,0,0.75017244
807,valid,0,0.038409945
7345,valid,0,0.038409945
7546,valid,0,0.03838789
6538,valid,0,0.038409945
7284,valid,0,0.75017244
1999,valid,0,0.03838789
4544,valid,0,0.75017244
9255,valid,0,0.75017244
1451,valid,0,0.038409945
2083,valid,0,0.75017244
10461,valid,0,0.038409945
11009,valid,0,0.038409945
3949,valid,0,0.75017244
10049,valid,0,0.75017244
4768,valid,0,0.038409945
8821,valid,0,0.75017244
5458,valid,0,0.03838789
10726,valid,0,0.03838789
2837,valid,0,0.03838789
1764,valid,0,0.038409945
1118,valid,0,0.75017244
11056,valid,0,0.038409945
6484,valid,0,0.038409945
10779,valid,0,0.040795173
5953,valid,0,0.038409945
6553,valid,0,0.75017244
4125,valid,0,0.75017244
9337,valid,0,0.75017244
6560,valid,0,0.03838789
485,valid,0,0.75017244
10763,valid,0,0.038409945
7474,valid,0,0.038409945
9393,valid,0,0.75017244
3020,valid,0,0.038409945
3751,valid,0,0.038409945
5958,valid,0,0.038409945
4113,valid,0,0.038409945
4237,valid,0,0.038409945
4597,valid,0,0.038409945
1771,valid,0,0.75017244
3110,valid,0,0.038409945
9757,valid,0,0.038409945
5514,valid,0,0.75017244
6905,valid,0,0.038409945
6673,valid,0,0.038409945
10396,valid,0,0.040795017
10728,valid,0,0.75017244
4801,valid,0,0.75017244
3503,valid,0,0.75017244
1098,valid,0,0.038409945
940,valid,0,0.75017244
5056,valid,0,0.038409945
8826,valid,0,0.038409945
2851,valid,0,0.040795017
785,valid,0,0.038409945
1091,valid,0,0.038409945
1150,valid,0,0.038409945
1164,valid,0,0.75017244
11008,valid,0,0.75017244
4676,valid,0,0.038409945
8263,valid,0,0.038409945
3033,valid,0,0.038409945
10600,valid,0,0.038409945
10719,valid,0,0.75017244
2842,valid,0,0.75017244
1963,valid,0,0.75017244
5060,valid,0,0.75017244
10162,valid,0,0.038409945
6346,valid,0,0.75017244
11050,valid,0,0.038409945
6555,valid,0,0.038409945
7337,valid,0,0.038409945
1829,valid,0,0.038409945
7820,valid,0,0.040795173
3099,valid,0,0.040795173
1266,valid,0,0.038409945
7327,valid,0,0.75017244
1834,valid,0,0.038409945
2465,valid,0,0.038364206
10734,valid,0,0.038409945
8823,valid,0,0.038409945
10594,valid,0,0.038409945
10782,valid,0,0.75017244
9380,valid,0,0.038409945
2766,valid,0,0.75017244
6486,valid,0,0.75017244
3944,valid,0,0.038409945
1827,valid,0,0.038409945
8637,valid,0,0.75017244
8903,valid,0,0.038409945
6477,valid,0,0.038409945
1269,valid,0,0.038409945
489,valid,0,0.75017244
1263,valid,0,0.75017244
5351,valid,0,0.038409945
2872,valid,0,0.038409945
8247,valid,0,0.040795173
6511,valid,0,0.038409945
6539,valid,0,0.038409945
700,valid,0,0.75017244
9593,valid,0,0.75017244
4404,valid,0,0.03838789
10762,valid,0,0.038409945
945,valid,0,0.038409945
6222,valid,0,0.038409945
3441,valid,0,0.038409945
2663,valid,0,0.038409945
10145,valid,0,0.038409945
431,valid,0,0.75017244
6205,valid,0,0.10781388
918,valid,0,0.038409945
5672,valid,0,0.038409945
10242,valid,0,0.038409945
7581,valid,0,0.038409945
1157,valid,0,0.040795173
7035,valid,0,0.21822351
9575,valid,0,0.038409945
8490,valid,0,0.75017244
6000,valid,0,0.75017244
4120,valid,0,0.038409945
1121,valid,0,0.75017244
5736,valid,0,0.038409945
8266,valid,0,0.75017244
1428,valid,0,0.038409945
4704,valid,0,0.038409945
10769,valid,0,0.038409945
4818,valid,0,0.03838789
6158,valid,0,0.75017244
1152,valid,0,0.038409945
2075,valid,0,0.038409945
6150,valid,0,0.75017244
314,valid,0,0.75017244
6446,valid,0,0.75017244
4679,valid,0,0.75017244
8390,valid,0,0.75017244
7318,valid,0,0.038409945
1537,valid,0,0.038409945
4018,valid,0,0.038409945
8262,valid,0,0.038409945
7102,valid,0,0.03838789
3049,valid,0,0.75017244
1264,valid,0,0.038409945
2666,valid,0,0.040795173
10475,valid,0,0.75017244
2938,valid,0,0.038409945
6490,valid,0,0.038409945
3918,valid,0,0.038364206
1126,valid,0,0.75017244
4783,valid,0,0.038409945
8830,valid,0,0.038409945
6535,valid,0,0.038409945
4700,valid,0,0.038409945
9264,valid,0,0.05459664
1845,valid,0,0.038409945
9275,valid,0,0.038409945
6904,valid,0,0.038409945
2455,valid,0,0.75017244
9155,valid,0,0.03838789
4788,valid,0,0.038409945
9267,valid,0,0.75017244
4794,valid,0,0.75017244
6192,valid,0,0.040795173
10165,valid,0,0.038409945
6548,valid,0,0.038409945
7187,valid,0,0.75017244
8246,valid,0,0.038409945
10836,valid,0,0.038409945
6201,valid,0,0.038409945
8489,valid,0,0.75017244
5518,valid,0,0.057959106
8679,valid,0,0.038409945
10766,valid,0,0.03838789
323,valid,0,0.03838789
1751,valid,0,0.038409945
6104,valid,0,0.038409945
5079,valid,0,0.75017244
9768,valid,0,0.038409945
1271,valid,0,0.038364206
6552,valid,0,0.75017244
3632,valid,0,0.75017244
4692,valid,0,0.038409945
6182,valid,0,0.75017244
9352,valid,0,0.75017244
4474,valid,0,0.75017244
522,valid,0,0.75017244
4798,valid,0,0.038409945
1148,valid,0,0.038409945
4247,valid,0,0.038409945
7573,valid,0,0.038409945
6534,valid,0,0.038409945
793,valid,0,0.038409945
10740,valid,0,0.038409945
6692,valid,0,0.75017244
4124,valid,0,0.038409945
7132,valid,0,0.11433646
7356,valid,0,0.11433646
3100,valid,0,0.038409945
7748,valid,0,0.038409945
7087,valid,0,0.05046348
10217,valid,0,0.038409945
10831,valid,0,0.038409945
1997,valid,0,0.038409945
5345,valid,0,0.038409945
5353,valid,0,0.038409945
5740,valid,0,0.038409945
7342,valid,0,0.038409945
1996,valid,0,0.75017244
56,valid,0,0.75017244
6341,valid,0,0.038409945
5950,valid,0,0.75017244
10346,valid,0,0.75017244
427,valid,0,0.038409945
4406,valid,0,0.75017244
5077,valid,0,0.038409945
4472,valid,0,0.75017244
7079,valid,0,0.038409945
330,valid,0,0.038409945
6204,valid,0,0.75017244
6188,valid,0,0.038409945
9584,valid,0,0.75017244
2929,valid,0,0.038409945
6333,valid,0,0.038409945
7583,valid,0,0.03838789
3093,valid,0,0.75017244
3686,valid,0,0.75017244
8253,valid,0,0.75017244
9496,valid,0,0.75017244
4233,valid,0,0.038409945
1250,valid,0,0.038409945
6381,valid,0,0.75017244
3112,valid,0,0.038409945
5357,valid,0,0.75017244
487,valid,0,0.038409945
5521,valid,0,0.038409945
911,valid,0,0.75017244
10942,valid,0,0.10781388
1541,valid,0,0.038409945
9153,valid,0,0.038364206
1847,valid,0,0.038409945
8396,valid,0,0.038409945
905,valid,0,0.75017244
3570,valid,0,0.038409945
5746,valid,0,0.038409945
6939,valid,0,0.038409945
10927,valid,0,0.038409945
10473,valid,0,0.038409945
1758,valid,0,0.75017244
8249,valid,0,0.038409945
2471,valid,0,0.038409945
8477,valid,0,0.75017244
10477,valid,0,0.038409945
2466,valid,0,0.75017244
1682,valid,0,0.05459664
9348,valid,0,0.038409945
1534,valid,0,0.75017244
429,valid,0,0.038364206
8491,valid,0,0.038409945
5429,valid,0,0.75017244
3039,valid,0,0.038409945
7735,valid,0,0.75017244
8393,valid,0,0.038409945
7811,valid,0,0.038409945
3560,valid,0,0.038409945
9586,valid,0,0.038409945
7095,valid,0,0.038409945
8862,valid,0,0.75017244
9429,valid,0,0.038409945
4577,valid,0,0.038409945
7537,valid,0,0.75017244
3438,valid,0,0.038409945
1145,valid,0,0.038409945
8798,valid,0,0.038364206
4804,valid,0,0.038409945
7239,valid,0,0.038409945
9329,valid,0,0.040795017
10739,valid,0,0.038409945
9760,valid,0,0.038409945
1052,valid,0,0.75017244
4784,valid,0,0.038409945
6684,valid,0,0.040795173
9359,valid,0,0.040795173
4122,valid,0,0.038409945
2761,valid,0,0.038409945
7350,valid,0,0.038409945
10206,valid,0,0.038409945
1044,valid,0,0.052689523
385,valid,0,0.75017244
2397,valid,0,0.75017244
3028,valid,0,0.038409945
1086,valid,0,0.038409945
4529,valid,0,0.75017244
1057,valid,0,0.038409945
8790,valid,0,0.75017244
9759,valid,0,0.12052462
8817,valid,0,0.052689523
2843,valid,0,0.75017244
4602,valid,0,0.75017244
3630,valid,0,0.038409945
10460,valid,0,0.038409945
9392,valid,0,0.038409945
6451,valid,0,0.038409945
9494,valid,0,0.05459664
8815,valid,0,0.038409945
1550,valid,0,0.038409945
4762,valid,0,0.038409945
8486,valid,0,0.038364206
7733,valid,0,0.75017244
6103,valid,0,0.038409945
8678,valid,0,0.75017244
6518,valid,0,0.052689523
7248,valid,0,0.75017244
800,valid,0,0.038409945
4245,valid,0,0.038409945
6342,valid,0,0.038409945
6668,valid,0,0.038409945
5680,valid,0,0.03838789
3889,valid,0,0.038409945
4699,valid,0,0.038409945
8122,valid,0,0.038409945
3080,valid,0,0.75017244
2658,valid,0,0.038364206
10302,valid,0,0.038409945
5745,valid,0,0.038409945
6542,valid,0,0.75017244
10721,valid,0,0.038409945
7359,valid,0,0.038409945
6476,valid,0,0.038409945
7361,valid,0,0.038409945
937,valid,0,0.038409945
5944,valid,0,0.75017244
8365,valid,0,0.75017244
10231,valid,0,0.75017244
6090,valid,0,0.038409945
9775,valid,0,0.75017244
1766,valid,0,0.038409945
7129,valid,0,0.05459664
741,valid,0,0.038409945
907,valid,0,0.038409945
7471,valid,0,0.21822351
418,valid,0,0.75017244
10806,valid,0,0.75017244
1746,valid,0,0.03838789
8904,valid,0,0.75017244
4552,valid,0,0.038409945
5086,valid,0,0.038409945
4480,valid,0,0.038409945
6111,valid,0,0.75017244
3087,valid,0,0.75017244
9582,valid,0,0.038409945
1449,valid,0,0.75017244
3765,valid,0,0.038409945
9135,valid,0,0.038409945
10939,valid,0,0.038409945
2942,valid,0,0.038409945
5355,valid,0,0.038409945
1780,valid,0,0.038409945
8831,valid,0,0.75017244
6569,valid,0,0.038409945
1538,valid,0,0.75017244
9152,valid,0,0.75017244
3044,valid,0,0.75017244
6183,valid,0,0.038409945
2669,valid,0,0.038409945
4007,valid,0,0.038409945
11007,valid,0,0.75017244
5302,valid,0,0.75017244
7579,valid,0,0.038409945
1545,valid,0,0.038409945
8277,valid,0,0.038409945
9773,valid,0,0.038409945
6166,valid,0,0.038409945
5945,valid,0,0.038409945
1099,valid,0,0.038409945
7291,valid,0,0.75017244
5063,valid,0,0.75017244
9442,valid,0,0.038409945
10474,valid,0,0.75017244
6374,valid,0,0.038409945
6108,valid,0,0.038409945
10750,valid,0,0.038409945
419,valid,0,0.038409945
7319,valid,0,0.038409945
3923,valid,0,0.040795173
1047,valid,0,0.05459664
4030,valid,0,0.038409945
10742,valid,0,0.038409945
6689,valid,0,0.038409945
4810,valid,0,0.038409945
9438,valid,0,0.038364206
2680,valid,0,0.038409945
5438,valid,0,0.038409945
8917,valid,0,0.038409945
1116,valid,0,0.038409945
10936,valid,0,0.038409945
2882,valid,0,0.038364206
3076,valid,0,0.038364206
8242,valid,0,0.038409945
3046,valid,0,0.038409945
7539,valid,0,0.038409945
3634,valid,0,0.75017244
6912,valid,0,0.038409945
808,valid,0,0.038409945
6674,valid,0,0.038409945
10767,valid,0,0.75017244
5072,valid,0,0.038409945
7038,valid,0,0.75017244
3019,valid,0,0.75017244
7738,valid,0,0.75017244
8728,valid,0,0.75017244
7328,valid,0,0.038409945
1685,valid,0,0.038409945
1255,valid,0,0.038409945
9437,valid,0,0.038409945
10310,valid,0,0.038409945
4025,valid,0,0.03838789
7744,valid,0,0.038409945
6208,valid,0,0.038409945
1054,valid,0,0.038409945
6634,valid,0,0.23581056
3641,valid,0,0.038409945
7524,valid,0,0.75017244
4550,valid,0,0.75017244
6923,valid,0,0.038409945
5957,valid,0,0.038409945
7737,valid,0,0.038409945
3102,valid,0,0.038409945
1841,valid,0,0.038409945
377,valid,0,0.038409945
4827,valid,0,0.038409945
10199,valid,0,0.03838789
8737,valid,0,0.038409945
4760,valid,0,0.75017244
10851,valid,0,0.10781388
3068,valid,0,0.10781388
6152,valid,0,0.038409945
6472,valid,0,0.038409945
11052,valid,0,0.038409945
1844,valid,0,0.75017244
9338,valid,0,0.038409945
10781,valid,0,0.75017244
1779,valid,0,0.038409945
9144,valid,0,0.038409945
10052,valid,0,0.75017244
2945,valid,0,0.038409945
7742,valid,0,0.038409945
9141,valid,0,0.038409945
2681,valid,0,0.038409945
6274,valid,0,0.038409945
7082,valid,0,0.038409945
7358,valid,0,0.75017244
6184,valid,0,0.038409945
6102,valid,0,0.038409945
6479,valid,0,0.038409945
10303,valid,0,0.038409945
9767,valid,0,0.75017244
4600,valid,0,0.038409945
10227,valid,0,0.038409945
7034,valid,0,0.75017244
1163,valid,0,0.038409945
10459,valid,0,0.75017244
8870,valid,0,0.03838789
9136,valid,0,0.03838789
10932,valid,0,0.038409945
1776,valid,0,0.038409945
6225,valid,0,0.038409945
10811,valid,0,0.038409945
4130,valid,0,0.038409945
4453,valid,0,0.75017244
6925,valid,0,0.038409945
6693,valid,0,0.038409945
7746,valid,0,0.038409945
6107,valid,0,0.038409945
8899,valid,0,0.038409945
297,valid,0,0.038409945
10313,valid,0,0.038364206
4126,valid,0,0.038409945
6686,valid,0,0.038409945
6462,valid,0,0.038409945
8624,valid,0,0.038409945
1419,valid,0,0.75017244
310,valid,0,0.038409945
7468,valid,0,0.10781388
8796,valid,0,0.052689523
3056,valid,0,0.038409945
6191,valid,0,0.038409945
1556,valid,0,0.038409945
2390,valid,0,0.038409945
10752,valid,0,0.75017244
1987,valid,0,0.038409945
4814,valid,0,0.038409945
11047,valid,0,0.038409945
1532,valid,0,0.038409945
7570,valid,0,0.75017244
5097,valid,0,0.038409945
9552,valid,0,0.038364206
9430,valid,0,0.040795173
10464,valid,0,0.040795173
9332,valid,0,0.038409945
9278,valid,0,0.038409945
9381,valid,0,0.75017244
6018,valid,0,0.75017244
10584,valid,0,0.038409945
6631,valid,0,0.038409945
4773,valid,0,0.038409945
7322,valid,0,0.05459664
4705,valid,0,0.038409945
6119,valid,0,0.75017244
7282,valid,0,0.11433646
5103,valid,0,0.038409945
6677,valid,0,0.038409945
6220,valid,0,0.038409945
4017,valid,0,0.040795173
8824,valid,0,0.038409945
8265,valid,0,0.038409945
4824,valid,0,0.038409945
2457,valid,0,0.03838789
1535,valid,0,0.038409945
1962,valid,0,0.35078207
4685,valid,0,0.35078207
3571,valid,0,0.0975158
1576,valid,0,0.75017244
10587,valid,0,0.038409945
6540,valid,0,0.75017244
8492,valid,0,0.03838789
4028,valid,0,0.03838789
4095,valid,0,0.75017244
10468,valid,0,0.038409945
4596,valid,0,0.03838789
3504,valid,0,0.038409945
5078,valid,0,0.038409945
10998,valid,0,0.03838789
10717,valid,0,0.038409945
422,valid,0,0.038364206
7664,valid,0,0.75017244
1438,valid,0,0.038409945
4026,valid,0,0.038409945
9432,valid,0,0.75017244
3896,valid,0,0.75017244
4019,valid,0,0.038409945
4594,valid,0,0.038409945
10735,valid,0,0.038409945
7321,valid,0,0.038409945
4687,valid,0,0.038409945
10837,valid,0,0.038409945
6164,valid,0,0.038409945
7093,valid,0,0.75017244
10457,valid,0,0.038409945
5436,valid,0,0.03838789
3448,valid,0,0.038409945
6171,valid,0,0.038409945
7390,valid,0,0.75017244
1549,valid,0,0.038409945
4823,valid,0,0.038409945
2774,valid,0,0.038409945
5423,valid,0,0.038409945
6373,valid,0,0.038409945
9349,valid,0,0.038409945
1120,valid,0,0.038409945
2764,valid,0,0.75017244
1043,valid,0,0.038409945
10760,valid,0,0.75017244
4586,valid,0,0.75017244
6323,valid,0,0.038409945
3575,valid,0,0.75017244
7086,valid,0,0.038409945
8259,valid,0,0.038409945
7183,valid,0,0.038409945
3648,valid,0,0.038409945
3108,valid,0,0.038409945
7092,valid,0,0.038409945
4012,valid,0,0.75017244
3090,valid,0,0.038409945
4780,valid,0,0.038409945
4117,valid,0,0.038364206
6516,valid,0,0.038364206
9274,valid,0,0.75017244
8461,valid,0,0.75017244
4023,valid,0,0.038409945
6478,valid,0,0.03838789
2767,valid,0,0.038409945
10469,valid,0,0.038364206
1108,valid,0,0.038409945
6021,valid,0,0.75017244
6088,valid,0,0.038409945
9562,valid,0,0.038409945
6910,valid,0,0.75017244
1726,valid,0,0.038409945
1769,valid,0,0.038409945
515,valid,0,0.038409945
6454,valid,0,0.75017244
3037,valid,0,0.038409945
4587,valid,0,0.75017244
6262,valid,0,0.75017244
6467,valid,0,0.038409945
312,valid,0,0.75017244
8630,valid,0,0.038409945
4799,valid,0,0.038409945
3767,valid,0,0.03838789
4889,valid,0,0.038409945
2844,valid,0,0.038409945
4584,valid,0,0.038409945
3021,valid,0,0.75017244
926,valid,0,0.038409945
9756,valid,0,0.038409945
5406,valid,0,0.038409945
1262,valid,0,0.75017244
9376,valid,0,0.038409945
7287,valid,0,0.75017244
3079,valid,0,0.038409945
3932,valid,0,0.038409945
9341,valid,0,0.038409945
4483,valid,0,0.038409945
10776,valid,0,0.038409945
6263,valid,0,0.75017244
4106,valid,0,0.038409945
8740,valid,0,0.038364206
2225,valid,0,0.038364206
6927,valid,0,0.038409945
10730,valid,0,0.038409945
1113,valid,0,0.038409945
10808,valid,0,0.038409945
6933,valid,0,0.03838789
7236,valid,0,0.03838789
6128,valid,0,0.75017244
6025,valid,0,0.75017244
7577,valid,0,0.038409945
5441,valid,0,0.038409945
294,valid,0,0.038409945
8261,valid,0,0.038409945
4680,valid,0,0.038409945
3043,valid,0,0.75017244
5511,valid,0,0.038409945
10751,valid,0,0.75017244
7339,valid,0,0.75017244
3040,valid,0,0.03838789
8611,valid,0,0.038409945
10403,valid,0,0.038364206
3018,valid,0,0.22116822
4127,valid,0,0.038409945
8132,valid,0,0.03838789
3032,valid,0,0.038409945
1155,valid,0,0.038409945
6556,valid,0,0.038409945
8908,valid,0,0.038409945
5139,valid,0,0.75017244
2940,valid,0,0.038409945
794,valid,0,0.038409945
6502,valid,0,0.75017244
2585,valid,0,0.038409945
7323,valid,0,0.038409945
6190,valid,0,0.75017244
10727,valid,0,0.038409945
10819,valid,0,0.038409945
7582,valid,0,0.038409945
10348,valid,0,0.038409945
6173,valid,0,0.038409945
8910,valid,0,0.038409945
9516,valid,0,0.75017244
7033,valid,0,0.75017244
6224,valid,0,0.038409945
5425,valid,0,0.038409945
10754,valid,0,0.75017244
7243,valid,0,0.038409945
10038,valid,0,0.75017244
6203,valid,0,0.038409945
7574,valid,0,0.040795173
9372,valid,0,0.040795173
6447,valid,0,0.038409945
4419,valid,0,0.038409945
8822,valid,0,0.038409945
8469,valid,0,0.038409945
5432,valid,0,0.038409945
10934,valid,0,0.038409945
8828,valid,0,0.75017244
8859,valid,0,0.75017244
2684,valid,0,0.038409945
305,valid,0,0.038409945
8808,valid,0,0.038409945
10305,valid,0,0.038409945
10467,valid,0,0.038409945
428,valid,0,0.038409945
433,valid,0,0.038409945
1122,valid,0,0.038409945
5832,valid,0,0.038409945
8402,valid,0,0.038409945
7126,valid,0,0.75017244
10813,valid,0,0.75017244
4450,valid,0,0.038409945
9492,valid,0,0.038409945
9353,valid,0,0.75017244
7355,valid,0,0.038409945
1830,valid,0,0.75017244
10471,valid,0,0.038409945
2711,valid,0,0.038364206
9487,valid,0,0.03838789
10035,valid,0,0.75017244
5301,valid,0,0.75017244
8459,valid,0,0.75017244
8866,valid,0,0.038364206
9580,valid,0,0.75017244
6110,valid,0,0.038409945
9592,valid,0,0.038409945
10824,valid,0,0.038409945
1756,valid,0,0.038409945
2674,valid,0,0.038409945
920,valid,0,0.038409945
5742,valid,0,0.75017244
293,valid,0,0.038409945
7096,valid,0,0.038409945
492,valid,0,0.75017244
10924,valid,0,0.038409945
2214,valid,0,0.03838789
9356,valid,0,0.75017244
1146,valid,0,0.038409945
313,valid,0,0.038409945
4789,valid,0,0.040795173
7734,valid,0,0.038409945
10307,valid,0,0.75017244
9385,valid,0,0.038409945
6559,valid,0,0.038409945
5346,valid,0,0.038409945
6568,valid,0,0.038409945
10731,valid,0,0.038409945
8625,valid,0,0.038409945
934,valid,0,0.038409945
1452,valid,0,0.038409945
4595,valid,0,0.038409945
7341,valid,0,0.038409945
4013,valid,0,0.75017244
8250,valid,0,0.038409945
9764,valid,0,0.038409945
10299,valid,0,0.75017244
8278,valid,0,0.038409945
2671,valid,0,0.038409945
7740,valid,0,0.038409945
3511,valid,0,0.75017244
4118,valid,0,0.038409945
3951,valid,0,0.038364206
4541,valid,0,0.038364206
6680,valid,0,0.75017244
1096,valid,0,0.75017244
1883,valid,0,0.038409945
6463,valid,0,0.038409945
3107,valid,0,0.038409945
10996,valid,0,0.75017244
5424,valid,0,0.75017244
4470,valid,0,0.75017244
1110,valid,0,0.75017244
3437,valid,0,0.038409945
784,valid,0,0.038409945
1843,valid,0,0.038409945
3647,valid,0,0.038409945
3077,valid,0,0.038409945
4090,valid,0,0.75017244
4777,valid,0,0.038409945
1453,valid,0,0.038409945
4234,valid,0,0.038409945
7576,valid,0,0.038409945
10204,valid,0,0.75017244
8096,valid,0,0.038409945
10207,valid,0,0.05459664
10339,valid,0,0.75017244
10209,valid,0,0.75017244
2445,valid,0,0.05046348
10344,valid,0,0.75017244
8095,valid,0,0.75017244
7067,valid,0,0.75017244
9373,valid,1,0.75017244
3902,valid,0,0.75017244
8483,valid,0,0.05459664
8498,valid,0,0.05046348
5358,valid,1,0.75017244
3758,valid,0,0.75017244
10087,valid,1,0.75017244
369,valid,0,0.03838789
3322,valid,1,0.75017244
1497,valid,0,0.75017244
2236,valid,0,0.038364206
8175,valid,0,0.75017244
145,valid,0,0.75017244
141,valid,0,0.75017244
2245,valid,0,0.75017244
1318,valid,0,0.75017244
1508,valid,0,0.75017244
7642,valid,0,0.75017244
575,valid,0,0.05459664
223,valid,1,0.75017244
7265,valid,1,0.10781388
3592,valid,0,0.038409945
8370,valid,0,0.05459664
1191,valid,0,0.75017244
5763,valid,0,0.75017244
10774,valid,1,0.75017244
6267,valid,0,0.75017244
10604,valid,1,0.75017244
9368,valid,0,0.75017244
3913,valid,0,0.75017244
7054,valid,0,0.75017244
7491,valid,0,0.040795173
3371,valid,0,0.040795173
3050,valid,1,0.75017244
7329,valid,1,0.75017244
1733,valid,1,0.75017244
5495,valid,0,0.75017244
5503,valid,0,0.05459664
2213,valid,0,0.75017244
1444,valid,0,0.75017244
2206,valid,0,0.05459664
6155,valid,1,0.75017244
1420,valid,0,0.75017244
1950,valid,0,0.75017244
1424,valid,0,0.05459664
7586,valid,1,0.75017244
1888,valid,0,0.05459664
9526,valid,0,0.75017244
5669,valid,0,0.05459664
2250,valid,0,0.75017244
4713,valid,0,0.05459664
3972,valid,0,0.75017244
279,valid,1,0.75017244
5545,valid,1,0.75017244
5794,valid,0,0.75017244
10294,valid,0,0.05046348
2740,valid,0,0.75017244
10795,valid,0,0.05459664
5199,valid,0,0.75017244
10286,valid,0,0.75017244
9240,valid,0,0.75017244
6237,valid,0,0.75017244
10330,valid,0,0.75017244
10913,valid,0,0.75017244
5324,valid,0,0.75017244
9729,valid,0,0.75017244
191,valid,0,0.75017244
5570,valid,0,0.75017244
6739,valid,0,0.75017244
9616,valid,0,0.75017244
5167,valid,0,0.75017244
10529,valid,0,0.75017244
5596,valid,0,0.75017244
2739,valid,0,0.75017244
1371,valid,0,0.040795173
10707,valid,0,0.75017244
2058,valid,0,0.75017244
6840,valid,0,0.75017244
622,valid,0,0.75017244
8719,valid,0,0.75017244
1232,valid,0,0.75017244
95,valid,0,0.03838789
7217,valid,0,0.05459664
2265,valid,0,0.75017244
5974,valid,0,0.75017244
2123,valid,0,0.75017244
6233,valid,0,0.75017244
10797,valid,0,0.75017244
8703,valid,0,0.75017244
7873,valid,0,0.03838789
1599,valid,0,0.75017244
8561,valid,0,0.75017244
9849,valid,0,0.75017244
9316,valid,0,0.75017244
1617,valid,0,0.75017244
9318,valid,0,0.75017244
10642,valid,0,0.75017244
7414,valid,0,0.75017244
8875,valid,0,0.75017244
5547,valid,0,0.75017244
8699,valid,0,0.75017244
8714,valid,0,0.75017244
10710,valid,0,0.75017244
4259,valid,0,0.75017244
3489,valid,0,0.75017244
2010,valid,0,0.75017244
3529,valid,0,0.03838789
8,valid,0,0.75017244
2169,valid,0,0.75017244
247,valid,0,0.75017244
3658,valid,0,0.038409945
3120,valid,0,0.75017244
2007,valid,0,0.75017244
4042,valid,0,0.75017244
2057,valid,0,0.75017244
3541,valid,0,0.75017244
7272,valid,0,0.75017244
5185,valid,0,0.75017244
8760,valid,0,0.75017244
5269,valid,0,0.75017244
2747,valid,0,0.75017244
7222,valid,0,0.75017244
3484,valid,0,0.75017244
2913,valid,0,0.75017244
9808,valid,0,0.75017244
9733,valid,0,0.75017244
1197,valid,0,0.038409945
2262,valid,0,0.038409945
9042,valid,0,0.75017244
8525,valid,0,0.038409945
5965,valid,0,0.75017244
9218,valid,0,0.038409945
5803,valid,0,0.038409945
7367,valid,0,0.038409945
9530,valid,0,0.75017244
112,valid,0,0.75017244
7922,valid,0,0.75017244
3235,valid,0,0.75017244
7001,valid,0,0.75017244
9059,valid,0,0.75017244
6709,valid,0,0.75017244
1523,valid,0,0.75017244
8931,valid,0,0.040795173
818,valid,0,0.040795173
6033,valid,0,0.038409945
2009,valid,0,0.75017244
6582,valid,0,0.75017244
2097,valid,0,0.03838789
3605,valid,0,0.038409945
9229,valid,0,0.75017244
9734,valid,0,0.75017244
1235,valid,0,0.03838789
3195,valid,0,0.75017244
1393,valid,0,0.75017244
1628,valid,0,0.75017244
9841,valid,0,0.75017244
4619,valid,0,0.75017244
1527,valid,0,0.75017244
1385,valid,0,0.75017244
10190,valid,0,0.75017244
7899,valid,0,0.75017244
3793,valid,0,0.75017244
10539,valid,0,0.75017244
3216,valid,0,0.05459664
6975,valid,0,0.75017244
7855,valid,0,0.75017244
839,valid,0,0.75017244
1659,valid,0,0.75017244
2125,valid,0,0.040795173
9067,valid,0,0.75017244
10554,valid,0,0.75017244
10652,valid,0,0.75017244
8228,valid,0,0.75017244
2887,valid,0,0.75017244
1236,valid,0,0.75017244
9830,valid,0,0.75017244
631,valid,0,0.75017244
3016,valid,0,0.75017244
8653,valid,0,0.75017244
3137,valid,0,0.75017244
9884,valid,0,0.75017244
7706,valid,0,0.03838789
9048,valid,0,0.75017244
8055,valid,0,0.75017244
10361,valid,0,0.75017244
6235,valid,0,0.75017244
3796,valid,0,0.75017244
8017,valid,0,0.03838789
9599,valid,0,0.75017244
6082,valid,0,0.75017244
5541,valid,0,0.75017244
634,valid,0,0.75017244
2124,valid,0,0.75017244
9891,valid,0,0.038409945
8640,valid,0,0.75017244
10323,valid,0,0.75017244
2485,valid,0,0.03838789
5693,valid,0,0.038409945
4189,valid,0,0.75017244
3116,valid,0,0.75017244
12,valid,0,0.038409945
609,valid,0,0.75017244
3229,valid,0,0.75017244
4631,valid,0,0.75017244
10335,valid,0,0.75017244
9221,valid,0,0.75017244
7764,valid,0,0.05459664
10062,valid,0,0.75017244
621,valid,0,0.75017244
5559,valid,0,0.75017244
7988,valid,0,0.75017244
8994,valid,0,0.75017244
2385,valid,0,0.75017244
8945,valid,0,0.038409945
9839,valid,0,0.03838789
3,valid,0,0.75017244
2103,valid,0,0.038364206
9202,valid,0,0.75017244
8928,valid,0,0.75017244
3381,valid,0,0.75017244
10133,valid,0,0.75017244
8056,valid,0,0.75017244
5990,valid,0,0.75017244
8580,valid,0,0.75017244
1707,valid,0,0.75017244
5474,valid,0,0.75017244
9619,valid,0,0.75017244
7761,valid,0,0.75017244
8713,valid,0,0.75017244
2144,valid,0,0.038409945
7271,valid,0,0.75017244
9903,valid,0,0.75017244
3769,valid,0,0.03838789
8920,valid,0,0.75017244
10527,valid,0,0.75017244
3453,valid,0,0.75017244
3005,valid,0,0.75017244
394,valid,0,0.75017244
2438,valid,0,0.75017244
10180,valid,0,0.75017244
6241,valid,0,0.75017244
396,valid,0,0.75017244
3886,valid,0,0.75017244
7876,valid,0,0.75017244
195,valid,0,0.038364206
6982,valid,0,0.75017244
10918,valid,0,0.03838789
4341,valid,0,0.75017244
10495,valid,0,0.75017244
1519,valid,0,0.75017244
2488,valid,0,0.75017244
10182,valid,0,0.75017244
9883,valid,0,0.75017244
8046,valid,0,0.75017244
681,valid,0,0.75017244
1705,valid,0,0.75017244
2033,valid,0,0.05459664
3181,valid,0,0.75017244
5772,valid,0,0.038364206
1865,valid,1,0.75017244
2979,valid,0,0.75017244
7756,valid,0,0.75017244
9322,valid,0,0.75017244
691,valid,0,0.75017244
10175,valid,0,0.75017244
2051,valid,0,0.75017244
4180,valid,0,0.75017244
3297,valid,0,0.75017244
7173,valid,0,0.75017244
3206,valid,0,0.038409945
2999,valid,0,0.03838789
8094,valid,0,0.03838789
272,valid,0,0.040795173
10980,valid,0,0.75017244
6967,valid,0,0.75017244
6300,valid,0,0.75017244
6041,valid,0,0.75017244
3883,valid,0,0.038409945
7370,valid,0,0.03838789
8522,valid,0,0.75017244
389,valid,0,0.75017244
819,valid,0,0.75017244
8716,valid,0,0.75017244
4573,valid,0,0.75017244
7170,valid,0,0.75017244
401,valid,0,0.75017244
8378,valid,0,0.75017244
4052,valid,0,0.75017244
5977,valid,0,0.75017244
10292,valid,0,0.75017244
4394,valid,0,0.038409945
2970,valid,0,0.75017244
4251,valid,0,0.75017244
8452,valid,0,0.75017244
7887,valid,0,0.75017244
1525,valid,0,0.75017244
5805,valid,0,0.03838789
4566,valid,0,0.03838789
2354,valid,0,0.75017244
3377,valid,0,0.038364206
5975,valid,0,0.040795173
7861,valid,0,0.75017244
3783,valid,0,0.10781388
2431,valid,0,0.03838789
3286,valid,0,0.05459664
2298,valid,0,0.03838789
9107,valid,0,0.03838789
9078,valid,0,0.75017244
5770,valid,0,0.03838789
4051,valid,0,0.75017244
7262,valid,0,0.038409945
9300,valid,0,0.75017244
9615,valid,0,0.03838789
4254,valid,0,0.040795173
2137,valid,0,0.75017244
692,valid,0,0.75017244
3522,valid,0,0.75017244
11025,valid,0,0.05459664
3211,valid,0,0.75017244
6710,valid,0,0.75017244
10552,valid,0,0.05459664
1517,valid,0,0.75017244
9655,valid,0,0.038409945
5706,valid,0,0.75017244
6733,valid,0,0.03838789
2114,valid,0,0.75017244
2264,valid,0,0.75017244
8535,valid,0,0.75017244
9055,valid,0,0.75017244
3202,valid,0,0.03838789
5982,valid,0,0.03838789
9895,valid,0,0.75017244
3655,valid,0,0.75017244
1667,valid,0,0.75017244
1246,valid,0,0.75017244
9906,valid,0,0.75017244
114,valid,0,0.75017244
7894,valid,0,0.75017244
10187,valid,0,0.75017244
2021,valid,0,0.75017244
3801,valid,0,0.75017244
1515,valid,0,0.75017244
8519,valid,0,0.03838789
3774,valid,0,0.75017244
7177,valid,0,0.03838789
8377,valid,0,0.03838789
9934,valid,0,0.03838789
3179,valid,0,0.75017244
2091,valid,0,0.040795173
6078,valid,0,0.75017244
11021,valid,0,0.038409945
9223,valid,0,0.75017244
4649,valid,0,0.75017244
8059,valid,0,0.75017244
1675,valid,0,0.75017244
2735,valid,0,0.03838789
2415,valid,0,0.75017244
2490,valid,0,0.75017244
9869,valid,0,0.75017244
3516,valid,0,0.75017244
7864,valid,0,0.75017244
4310,valid,0,0.05046348
1587,valid,0,0.75017244
3391,valid,0,0.75017244
9620,valid,0,0.75017244
9550,valid,0,0.75017244
5985,valid,0,0.038409945
2884,valid,0,0.75017244
5188,valid,0,0.75017244
4494,valid,0,0.03838789
6084,valid,0,0.75017244
9402,valid,0,0.75017244
4040,valid,0,0.75017244
7377,valid,0,0.03838789
10483,valid,0,0.75017244
8751,valid,0,0.75017244
2749,valid,0,0.75017244
7270,valid,0,0.75017244
7897,valid,0,0.75017244
10987,valid,0,0.75017244
5707,valid,0,0.75017244
5327,valid,0,0.75017244
8012,valid,0,0.75017244
9954,valid,0,0.038364206
1624,valid,0,0.75017244
8583,valid,0,0.75017244
8346,valid,0,0.75017244
10447,valid,0,0.038409945
8088,valid,0,0.75017244
10488,valid,0,0.75017244
8300,valid,0,0.75017244
9217,valid,0,0.75017244
10484,valid,0,0.75017244
1819,valid,0,0.03838789
4143,valid,0,0.75017244
989,valid,0,0.75017244
9324,valid,0,0.75017244
10487,valid,0,0.75017244
7178,valid,0,0.057959106
9232,valid,0,0.75017244
1184,valid,0,0.75017244
1389,valid,0,0.03838789
602,valid,0,0.75017244
2269,valid,0,0.75017244
3010,valid,0,0.75017244
7624,valid,0,0.75017244
4249,valid,0,0.75017244
4397,valid,0,0.03838789
4572,valid,0,0.03838789
8984,valid,0,0.038409945
7399,valid,0,0.75017244
2377,valid,0,0.038409945
9238,valid,0,0.03838789
122,valid,0,0.038409945
2435,valid,0,0.03838789
3875,valid,0,0.03838789
4501,valid,0,0.03838789
2434,valid,0,0.75017244
4426,valid,0,0.03838789
1394,valid,0,0.75017244
2894,valid,0,0.03838789
5801,valid,0,0.03838789
9081,valid,0,0.75017244
6589,valid,0,0.75017244
8341,valid,0,0.75017244
4312,valid,0,0.75017244
7435,valid,0,0.75017244
8226,valid,0,0.75017244
6083,valid,0,0.038409945
8980,valid,0,0.038409945
5182,valid,0,0.75017244
618,valid,0,0.75017244
1709,valid,0,0.75017244
1514,valid,0,0.75017244
184,valid,0,0.057959106
8455,valid,0,0.75017244
2484,valid,0,0.75017244
7417,valid,0,0.75017244
9298,valid,0,0.75017244
9843,valid,0,0.038409945
4182,valid,0,0.038409945
10056,valid,0,0.03838789
2421,valid,0,0.75017244
8654,valid,0,0.75017244
5798,valid,0,0.75017244
5598,valid,0,0.038409945
10533,valid,0,0.75017244
10860,valid,0,0.75017244
2113,valid,0,0.75017244
3599,valid,0,0.75017244
8064,valid,0,0.75017244
838,valid,0,0.038409945
9307,valid,0,0.75017244
8977,valid,0,0.75017244
3395,valid,0,0.75017244
7767,valid,0,0.038409945
2130,valid,0,0.75017244
7157,valid,0,0.75017244
5205,valid,0,0.038409945
4560,valid,0,0.03838789
10189,valid,0,0.75017244
10863,valid,0,0.75017244
393,valid,0,0.75017244
6844,valid,0,0.75017244
4495,valid,0,0.038364206
7633,valid,0,0.75017244
1582,valid,0,0.75017244
9230,valid,0,0.75017244
9241,valid,0,0.75017244
2364,valid,0,0.75017244
10450,valid,0,0.75017244
5204,valid,0,0.038409945
9669,valid,0,0.75017244
1664,valid,0,0.75017244
9956,valid,0,0.75017244
7883,valid,0,0.75017244
2152,valid,0,0.75017244
8933,valid,0,0.75017244
1474,valid,0,0.03838789
2427,valid,0,0.038364206
8015,valid,0,0.052689523
2025,valid,0,0.75017244
1479,valid,0,0.75017244
3777,valid,0,0.038409945
1370,valid,0,0.75017244
5783,valid,0,0.038409945
844,valid,0,0.75017244
6721,valid,0,0.75017244
10288,valid,0,0.75017244
7227,valid,0,0.75017244
4330,valid,0,0.75017244
8517,valid,0,0.03838789
3219,valid,0,0.75017244
7226,valid,0,0.75017244
8058,valid,0,0.75017244
2026,valid,0,0.75017244
4337,valid,0,0.75017244
7900,valid,0,0.75017244
982,valid,0,0.75017244
4187,valid,0,0.75017244
11018,valid,0,0.75017244
4504,valid,0,0.75017244
5802,valid,0,0.75017244
204,valid,0,0.038409945
84,valid,0,0.75017244
9625,valid,0,0.03838789
8325,valid,0,0.75017244
8642,valid,0,0.75017244
10785,valid,0,0.03838789
3183,valid,0,0.038409945
682,valid,0,0.038364206
9628,valid,0,0.038409945
3185,valid,0,0.038409945
9872,valid,0,0.03838789
8319,valid,0,0.75017244
7113,valid,0,0.75017244
5791,valid,0,0.75017244
1369,valid,0,0.75017244
9866,valid,0,0.75017244
9680,valid,0,0.038409945
3594,valid,0,0.75017244
1699,valid,0,0.75017244
2344,valid,0,0.75017244
9815,valid,0,0.03838789
9060,valid,0,0.038409945
7112,valid,0,0.75017244
10445,valid,0,0.038364206
8373,valid,0,0.75017244
10669,valid,0,0.75017244
10681,valid,0,0.038364206
10796,valid,0,0.038364206
8702,valid,0,0.038409945
7924,valid,0,0.75017244
5767,valid,0,0.05459664
6319,valid,0,0.75017244
8989,valid,0,0.75017244
7259,valid,0,0.75017244
235,valid,0,0.038409945
4257,valid,0,0.75017244
1594,valid,0,0.040795173
8930,valid,0,0.75017244
9398,valid,0,0.75017244
5962,valid,0,0.75017244
1194,valid,0,0.038409945
3600,valid,0,0.040795173
8697,valid,0,0.038409945
8293,valid,0,0.75017244
10793,valid,0,0.038364206
2369,valid,0,0.75017244
10054,valid,0,0.038364206
10480,valid,0,0.040795173
6962,valid,0,0.038364206
7216,valid,0,0.05459664
9233,valid,0,0.75017244
5807,valid,0,0.038409945
3676,valid,0,0.038409945
7200,valid,0,0.038364206
10420,valid,0,0.038409945
7623,valid,0,0.03838789
623,valid,0,0.03838789
5335,valid,0,0.75017244
690,valid,0,0.038409945
2093,valid,0,0.038364206
2014,valid,0,0.75017244
7770,valid,0,0.038409945
2962,valid,0,0.038364206
8577,valid,0,0.75017244
4043,valid,0,0.038409945
7638,valid,0,0.038364206
3198,valid,0,0.038409945
6586,valid,0,0.75017244
10319,valid,0,0.75017244
3390,valid,0,0.75017244
637,valid,0,0.038409945
4623,valid,0,0.038409945
1415,valid,0,0.75017244
8991,valid,0,0.038409945
1620,valid,0,0.038409945
6712,valid,0,0.75017244
2273,valid,0,0.040795173
3882,valid,0,0.038409945
970,valid,0,0.038409945
1234,valid,0,0.038409945
1530,valid,0,0.03838789
5221,valid,0,0.038409945
10142,valid,0,0.75017244
8723,valid,0,0.038409945
9674,valid,0,0.038409945
3122,valid,0,0.75017244
9940,valid,0,0.038364206
6239,valid,0,0.038364206
7856,valid,0,0.038409945
3292,valid,0,0.038364206
9805,valid,0,0.038409945
9881,valid,0,0.038409945
9325,valid,0,0.038409945
2168,valid,0,0.75017244
3557,valid,0,0.038409945
7984,valid,0,0.75017244
7382,valid,0,0.75017244
1814,valid,0,0.03838789
5601,valid,0,0.03838789
9824,valid,0,0.038409945
9671,valid,0,0.75017244
5976,valid,0,0.75017244
7412,valid,0,0.75017244
11041,valid,0,0.040795173
203,valid,0,0.05046348
10992,valid,0,0.03838789
5330,valid,0,0.75017244
8641,valid,0,0.75017244
9613,valid,0,0.75017244
8769,valid,0,0.75017244
2134,valid,0,0.75017244
5475,valid,0,0.75017244
9404,valid,0,0.038409945
5605,valid,0,0.75017244
3190,valid,0,0.038364206
3657,valid,0,0.75017244
7116,valid,0,0.03838789
4603,valid,0,0.75017244
1824,valid,0,0.75017244
3530,valid,0,0.75017244
5217,valid,0,0.75017244
2289,valid,0,0.75017244
3776,valid,0,0.75017244
4339,valid,0,0.040795017
2381,valid,0,0.75017244
5342,valid,0,0.75017244
8919,valid,0,0.75017244
5336,valid,0,0.052689523
128,valid,0,0.75017244
1716,valid,0,0.75017244
4569,valid,0,0.03838789
7925,valid,0,0.038364206
7705,valid,0,0.75017244
188,valid,0,0.10781388
3603,valid,0,0.75017244
5195,valid,0,0.75017244
8572,valid,0,0.75017244
10326,valid,0,0.038364206
5785,valid,0,0.038409945
4430,valid,0,0.75017244
5603,valid,0,0.038364206
3514,valid,0,0.75017244
8712,valid,0,0.75017244
1614,valid,0,0.75017244
5612,valid,0,0.75017244
6970,valid,0,0.03838789
986,valid,0,0.75017244
2985,valid,0,0.038409945
9653,valid,0,0.75017244
4145,valid,0,0.75017244
10525,valid,0,0.75017244
1240,valid,0,0.038409945
7223,valid,0,0.75017244
10350,valid,0,0.05046348
8051,valid,0,0.75017244
193,valid,0,0.038409945
8709,valid,0,0.038409945
8942,valid,0,0.75017244
8755,valid,0,0.038409945
395,valid,0,0.038409945
2355,valid,0,0.75017244
5611,valid,0,0.03838789
2910,valid,0,0.040795017
6706,valid,0,0.75017244
1376,valid,0,0.038409945
5176,valid,0,0.038409945
3671,valid,0,0.75017244
2410,valid,0,0.038409945
9219,valid,0,0.75017244
2755,valid,0,0.75017244
9173,valid,0,0.75017244
6718,valid,0,0.75017244
4175,valid,0,0.038409945
228,valid,0,0.75017244
4387,valid,0,0.75017244
8982,valid,0,0.75017244
10138,valid,0,0.75017244
8575,valid,0,0.75017244
9603,valid,0,0.03838789
9667,valid,0,0.03838789
1713,valid,0,0.75017244
6317,valid,0,0.75017244
4620,valid,0,0.038409945
2050,valid,0,0.038364206
2030,valid,0,0.038409945
4260,valid,0,0.75017244
5270,valid,0,0.75017244
1372,valid,0,0.75017244
1602,valid,0,0.75017244
8764,valid,0,0.75017244
9064,valid,0,0.038409945
8352,valid,0,0.75017244
2977,valid,0,0.75017244
2371,valid,0,0.038409945
2352,valid,0,0.03838789
10784,valid,0,0.75017244
190,valid,0,0.038409945
8649,valid,0,0.038409945
7442,valid,0,0.75017244
7002,valid,0,0.75017244
8934,valid,0,0.75017244
7928,valid,0,0.75017244
7404,valid,1,0.75017244
9732,valid,0,0.75017244
9687,valid,0,0.75017244
4608,valid,0,0.75017244
2142,valid,0,0.038409945
3477,valid,0,0.75017244
3670,valid,0,0.75017244
3552,valid,0,0.75017244
2965,valid,0,0.75017244
9165,valid,0,0.75017244
7202,valid,0,0.75017244
7992,valid,0,0.038364206
6591,valid,0,0.75017244
9406,valid,0,0.03838789
1668,valid,0,0.040795173
6720,valid,0,0.75017244
10706,valid,0,0.75017244
4177,valid,0,0.75017244
1580,valid,0,0.75017244
1622,valid,0,0.75017244
5606,valid,0,0.75017244
3121,valid,0,0.75017244
5648,valid,0,0.75017244
2140,valid,0,0.038409945
3194,valid,0,0.038364206
8450,valid,0,0.75017244
7369,valid,0,0.03838789
3683,valid,0,0.75017244
4317,valid,0,0.75017244
7987,valid,0,0.75017244
4174,valid,0,0.038409945
987,valid,0,0.038409945
7424,valid,0,0.75017244
4640,valid,0,0.038409945
6708,valid,0,0.75017244
3001,valid,0,0.038409945
4616,valid,0,0.75017244
11028,valid,0,0.75017244
7274,valid,0,0.75017244
2437,valid,0,0.038409945
7174,valid,0,0.038409945
6997,valid,0,0.038409945
9665,valid,0,0.038409945
6974,valid,0,0.038409945
2986,valid,0,0.75017244
9909,valid,0,0.038409945
2418,valid,0,0.038409945
2104,valid,0,0.75017244
5206,valid,0,0.75017244
1670,valid,0,0.75017244
7697,valid,0,0.75017244
7709,valid,0,0.038409945
3604,valid,0,0.75017244
9313,valid,0,0.75017244
2972,valid,0,0.75017244
9045,valid,0,0.75017244
3664,valid,0,0.75017244
5179,valid,0,0.75017244
197,valid,0,0.038409945
8990,valid,0,0.75017244
5695,valid,0,0.75017244
6719,valid,0,0.03838789
5998,valid,0,0.75017244
694,valid,0,0.75017244
8230,valid,0,0.75017244
8718,valid,0,0.75017244
3454,valid,0,0.75017244
10412,valid,0,0.038364206
5216,valid,0,0.038364206
10192,valid,0,0.75017244
10985,valid,0,0.75017244
3466,valid,0,0.75017244
7004,valid,0,0.040795017
3397,valid,0,0.75017244
7429,valid,0,0.038364206
7923,valid,0,0.038409945
1592,valid,0,0.75017244
2107,valid,0,0.75017244
8881,valid,0,0.75017244
847,valid,0,0.038364206
5175,valid,0,0.75017244
1188,valid,0,0.75017244
8290,valid,0,0.75017244
3542,valid,0,0.038409945
9072,valid,0,0.75017244
7371,valid,0,0.75017244
2102,valid,0,0.03838789
6973,valid,0,0.03838789
6984,valid,0,0.75017244
2345,valid,0,0.75017244
7978,valid,0,0.05459664
8333,valid,0,0.75017244
9833,valid,0,0.75017244
3379,valid,0,0.03838789
123,valid,0,0.75017244
7439,valid,0,0.75017244
3674,valid,0,0.038409945
2272,valid,0,0.75017244
2263,valid,0,0.038409945
2136,valid,0,0.75017244
5325,valid,0,0.75017244
2038,valid,0,0.75017244
1672,valid,0,0.038364206
3178,valid,0,0.75017244
4334,valid,0,0.038409945
4138,valid,0,0.038409945
1621,valid,0,0.040795173
8337,valid,0,0.038409945
10993,valid,0,0.75017244
1404,valid,0,0.038409945
4395,valid,0,0.75017244
2374,valid,0,0.038364206
1708,valid,0,0.75017244
1717,valid,0,0.75017244
4331,valid,0,0.75017244
5539,valid,0,0.038364206
7758,valid,0,0.05459664
4382,valid,0,0.75017244
10061,valid,0,0.03838789
640,valid,0,0.75017244
3474,valid,0,0.75017244
10862,valid,0,0.75017244
3528,valid,0,0.75017244
180,valid,0,0.75017244
2094,valid,0,0.75017244
10363,valid,0,0.75017244
4431,valid,0,0.03838789
5665,valid,0,0.03838789
610,valid,0,0.75017244
11035,valid,0,0.03838789
1657,valid,0,0.75017244
9540,valid,0,0.75017244
8227,valid,0,0.038409945
975,valid,0,0.038409945
10534,valid,0,0.038364206
2045,valid,0,0.75017244
9044,valid,0,0.038364206
1529,valid,0,0.75017244
9242,valid,0,0.038409945
7366,valid,0,0.038409945
1384,valid,0,0.03838789
7434,valid,0,0.03838789
4314,valid,0,0.75017244
1704,valid,0,0.75017244
7149,valid,0,0.038364206
5542,valid,0,0.75017244
5786,valid,0,0.75017244
5489,valid,0,0.75017244
9158,valid,0,0.75017244
2360,valid,0,0.75017244
5482,valid,0,0.75017244
2753,valid,0,0.75017244
3476,valid,0,0.038364206
5689,valid,0,0.75017244
8369,valid,0,0.75017244
9171,valid,0,0.038364206
1601,valid,0,0.038409945
7211,valid,0,0.03838789
2904,valid,0,0.038409945
7868,valid,0,0.75017244
5561,valid,0,0.75017244
5781,valid,0,0.75017244
6985,valid,0,0.038409945
7993,valid,0,0.75017244
9878,valid,0,0.75017244
3781,valid,0,0.75017244
1813,valid,0,0.038364206
6700,valid,0,0.75017244
1673,valid,0,0.75017244
6231,valid,0,0.75017244
9813,valid,0,0.75017244
7687,valid,0,0.75017244
8093,valid,0,0.75017244
2963,valid,0,0.05046348
4340,valid,0,0.75017244
7874,valid,0,0.75017244
10861,valid,0,0.75017244
10545,valid,0,0.75017244
1712,valid,0,0.75017244
3290,valid,0,0.75017244
9814,valid,0,0.040795173
842,valid,0,0.75017244
9213,valid,0,0.75017244
10296,valid,0,0.75017244
8283,valid,0,0.75017244
4635,valid,0,0.75017244
9948,valid,0,0.038409945
8937,valid,0,0.75017244
3208,valid,0,0.03838789
9157,valid,0,0.038409945
10058,valid,0,0.038364206
5168,valid,0,0.03838789
5969,valid,0,0.038409945
9666,valid,0,0.038409945
227,valid,0,0.75017244
8700,valid,0,0.75017244
3681,valid,0,0.75017244
6304,valid,0,0.038409945
3885,valid,0,0.75017244
625,valid,0,0.75017244
4575,valid,0,0.75017244
3595,valid,0,0.038364206
9859,valid,0,0.75017244
5218,valid,0,0.75017244
7427,valid,0,0.038409945
3785,valid,0,0.038409945
2161,valid,0,0.038409945
2987,valid,0,0.03838789
5664,valid,0,0.038409945
8018,valid,0,0.75017244
2156,valid,0,0.75017244
8979,valid,0,0.038409945
7862,valid,0,0.75017244
6732,valid,0,0.75017244
1482,valid,0,0.75017244
4248,valid,0,0.75017244
9175,valid,0,0.03838789
9086,valid,0,0.75017244
1189,valid,0,0.75017244
9656,valid,0,0.038409945
4567,valid,0,0.03838789
9894,valid,0,0.038409945
990,valid,0,0.75017244
2487,valid,0,0.038364206
11023,valid,0,0.75017244
3236,valid,0,0.038409945
1401,valid,0,0.75017244
7017,valid,0,0.038409945
9087,valid,0,0.040795173
7754,valid,0,0.038409945
9842,valid,0,0.038409945
5774,valid,0,0.75017244
2375,valid,0,0.038409945
9896,valid,0,0.75017244
6988,valid,0,0.75017244
6730,valid,0,0.75017244
5487,valid,0,0.75017244
284,valid,0,0.038409945
3789,valid,0,0.038409945
3197,valid,0,0.75017244
2115,valid,0,0.75017244
8532,valid,0,0.03838789
5711,valid,0,0.038409945
8988,valid,0,0.75017244
2151,valid,0,0.038409945
2270,valid,0,0.75017244
8708,valid,0,0.75017244
8083,valid,0,0.038409945
9534,valid,0,0.038409945
2119,valid,0,0.038409945
7627,valid,0,0.038409945
8566,valid,0,0.038409945
231,valid,0,0.75017244
2128,valid,0,0.038409945
1400,valid,0,0.038364206
10177,valid,0,0.038409945
7267,valid,0,0.038409945
7699,valid,0,0.038409945
10355,valid,0,0.038409945
5224,valid,0,0.038364206
3596,valid,0,0.038409945
2039,valid,0,0.038409945
8995,valid,0,0.038409945
121,valid,0,0.75017244
5993,valid,0,0.038409945
9812,valid,0,0.057959106
2267,valid,0,0.038409945
10542,valid,0,0.038409945
10424,valid,0,0.75017244
3791,valid,0,0.038409945
8643,valid,0,0.75017244
1192,valid,0,0.038364206
10419,valid,0,0.75017244
6858,valid,0,0.038409945
196,valid,0,0.75017244
5961,valid,0,0.75017244
2441,valid,0,0.75017244
3461,valid,0,0.038409945
7865,valid,0,0.75017244
7208,valid,0,0.040795173
10176,valid,0,0.75017244
1596,valid,0,0.75017244
3199,valid,0,0.038364206
7870,valid,0,0.038409945
9288,valid,0,0.038409945
10910,valid,0,0.05046348
134,valid,0,0.75017244
8065,valid,0,0.038409945
10694,valid,0,0.75017244
8372,valid,0,0.75017244
9904,valid,0,0.038409945
1610,valid,0,0.038409945
8451,valid,0,0.75017244
6838,valid,0,0.038409945
3385,valid,0,0.75017244
1600,valid,0,0.75017244
9095,valid,0,0.03838789
1337,valid,0,0.75017244
86,valid,0,0.038409945
1395,valid,0,0.038409945
7438,valid,0,0.038409945
1817,valid,0,0.038364206
3795,valid,0,0.038409945
8223,valid,0,0.038409945
2442,valid,0,0.038409945
2726,valid,0,0.038364206
687,valid,0,0.038409945
830,valid,0,0.75017244
9912,valid,0,0.038409945
821,valid,0,0.038409945
8981,valid,0,0.75017244
10521,valid,0,0.038364206
9228,valid,0,0.038409945
5595,valid,0,0.038409945
9280,valid,0,0.75017244
5966,valid,0,0.75017244
8379,valid,0,0.75017244
2027,valid,0,0.038409945
7751,valid,0,0.038409945
4146,valid,0,0.75017244
261,valid,0,0.75017244
8893,valid,0,0.75017244
2754,valid,0,0.75017244
9068,valid,0,0.038409945
10551,valid,0,0.75017244
9911,valid,0,0.038409945
4258,valid,0,0.038409945
19,valid,0,0.75017244
1345,valid,0,0.75017244
7871,valid,0,0.75017244
1187,valid,0,0.75017244
9612,valid,0,0.75017244
9102,valid,0,0.038409945
10172,valid,0,0.038409945
10701,valid,0,0.11433646
10422,valid,0,0.038409945
6854,valid,0,0.038409945
6725,valid,0,0.75017244
10414,valid,0,0.040795017
10909,valid,0,0.038409945
10494,valid,0,0.75017244
10423,valid,0,0.75017244
4032,valid,0,0.75017244
7436,valid,0,0.038409945
4614,valid,0,0.038409945
4183,valid,0,0.038409945
104,valid,0,0.038409945
2902,valid,0,0.038409945
1350,valid,0,0.75017244
6234,valid,0,0.75017244
9400,valid,0,0.75017244
7365,valid,0,0.75017244
6728,valid,0,0.038409945
7411,valid,0,0.75017244
3532,valid,0,0.75017244
10981,valid,0,0.75017244
9951,valid,0,0.038409945
9685,valid,0,0.038409945
5209,valid,0,0.75017244
3884,valid,0,0.038409945
10453,valid,0,0.038409945
1644,valid,0,0.75017244
3118,valid,0,0.75017244
5775,valid,0,0.75017244
8010,valid,0,0.75017244
10368,valid,0,0.75017244
5779,valid,0,0.038409945
685,valid,0,0.038409945
5806,valid,0,0.75017244
7628,valid,0,0.038409945
5778,valid,0,0.10781388
832,valid,0,0.038409945
10295,valid,0,0.038409945
2751,valid,0,0.75017244
859,valid,0,0.038409945
10696,valid,0,0.038409945
5169,valid,0,0.75017244
5180,valid,0,0.75017244
9901,valid,0,0.040795173
9952,valid,0,0.75017244
2055,valid,0,0.75017244
1354,valid,0,0.75017244
4557,valid,0,0.75017244
7877,valid,0,0.75017244
10135,valid,0,0.038364206
1491,valid,0,0.75017244
3536,valid,0,0.75017244
7426,valid,0,0.75017244
10801,valid,0,0.038364206
202,valid,0,0.038409945
4612,valid,0,0.038409945
2023,valid,0,0.75017244
6972,valid,0,0.75017244
7926,valid,0,0.057959106
9728,valid,0,0.038409945
7636,valid,0,0.75017244
7708,valid,0,0.038409945
3383,valid,0,0.040795173
977,valid,0,0.038409945
7378,valid,0,0.75017244
10986,valid,0,0.75017244
3152,valid,0,0.75017244
3132,valid,0,0.75017244
2092,valid,0,0.057959106
4564,valid,0,0.75017244
6853,valid,0,0.75017244
5991,valid,0,0.75017244
4383,valid,0,0.038409945
9679,valid,0,0.03838789
9725,valid,0,0.038409945
282,valid,0,0.75017244
1397,valid,0,0.75017244
8757,valid,0,0.75017244
9286,valid,0,0.038364206
3002,valid,0,0.75017244
4256,valid,0,0.75017244
9537,valid,0,0.75017244
5223,valid,0,0.03838789
10802,valid,0,0.038409945
8573,valid,0,0.75017244
6387,valid,0,0.03838789
5200,valid,0,0.040795173
3125,valid,0,0.75017244
5655,valid,0,0.75017244
5220,valid,0,0.038364206
6703,valid,0,0.75017244
10523,valid,0,0.038409945
5543,valid,0,0.038409945
3380,valid,0,0.75017244
3283,valid,0,0.038409945
9312,valid,0,0.75017244
1487,valid,0,0.75017244
7169,valid,0,0.75017244
8650,valid,0,0.038409945
8294,valid,0,0.038409945
8579,valid,0,0.75017244
5337,valid,0,0.038409945
9216,valid,0,0.038409945
3682,valid,0,0.75017244
403,valid,0,0.75017244
7854,valid,0,0.75017244
10856,valid,0,0.038364206
5795,valid,0,0.040795173
9865,valid,0,0.038364206
7630,valid,0,0.75017244
192,valid,0,0.038409945
8691,valid,0,0.75017244
2099,valid,0,0.75017244
7760,valid,0,0.75017244
1611,valid,0,0.75017244
9049,valid,0,0.038364206
6305,valid,0,0.038409945
10919,valid,0,0.038409945
3450,valid,0,0.75017244
6727,valid,0,0.038409945
1347,valid,0,0.03838789
5812,valid,0,0.75017244
9310,valid,0,0.75017244
1475,valid,0,0.75017244
9164,valid,0,0.038409945
2893,valid,0,0.75017244
402,valid,0,0.75017244
5780,valid,0,0.75017244
4424,valid,0,0.75017244
823,valid,0,0.038409945
9544,valid,0,0.75017244
9281,valid,0,0.75017244
1615,valid,0,0.75017244
9935,valid,0,0.75017244
139,valid,0,0.75017244
10991,valid,0,0.75017244
1663,valid,0,0.75017244
1342,valid,0,0.038409945
6593,valid,0,0.038409945
2141,valid,0,0.038409945
8985,valid,0,0.038409945
9717,valid,0,0.75017244
1336,valid,0,0.038409945
7158,valid,0,0.038409945
4605,valid,0,0.038409945
1720,valid,0,0.038409945
8004,valid,0,0.03838789
9403,valid,0,0.03838789
6391,valid,0,0.038364206
8449,valid,0,0.038364206
689,valid,0,0.75017244
4038,valid,0,0.75017244
8298,valid,0,0.038409945
2419,valid,0,0.038409945
6731,valid,0,0.75017244
5608,valid,0,0.038364206
2908,valid,0,0.75017244
7176,valid,0,0.038409945
6069,valid,0,0.75017244
10140,valid,0,0.038364206
6859,valid,0,0.75017244
2918,valid,0,0.038409945
2351,valid,0,0.75017244
976,valid,0,0.75017244
5654,valid,0,0.038409945
8941,valid,0,0.75017244
3130,valid,0,0.038409945
4489,valid,0,0.75017244
7688,valid,0,0.75017244
3215,valid,0,0.038409945
9302,valid,0,0.75017244
8006,valid,0,0.75017244
7224,valid,0,0.038409945
253,valid,0,0.038409945
10362,valid,0,0.03838789
7896,valid,0,0.038409945
4142,valid,0,0.038409945
187,valid,0,0.03838789
115,valid,0,0.038409945
9960,valid,0,0.75017244
1863,valid,0,0.75017244
3524,valid,0,0.038409945
127,valid,0,0.038364206
4132,valid,0,0.038409945
3555,valid,0,0.75017244
8939,valid,0,0.75017244
9314,valid,0,0.038409945
8685,valid,0,0.75017244
5768,valid,0,0.038409945
5277,valid,0,0.75017244
9818,valid,0,0.75017244
10349,valid,0,0.038409945
2379,valid,0,0.75017244
5331,valid,0,0.038409945
6034,valid,0,0.75017244
179,valid,0,0.038409945
5994,valid,0,0.75017244
1849,valid,0,0.038409945
2122,valid,0,0.75017244
5699,valid,0,0.040795017
9731,valid,0,0.040795017
3545,valid,0,0.038409945
9547,valid,0,0.75017244
4391,valid,0,0.038409945
2013,valid,0,0.038409945
8588,valid,0,0.038409945
2024,valid,0,0.038409945
9106,valid,0,0.75017244
8695,valid,0,0.75017244
10417,valid,0,0.75017244
10908,valid,0,0.75017244
1375,valid,0,0.038409945
5988,valid,0,0.75017244
254,valid,0,0.038364206
6969,valid,0,0.75017244
9538,valid,0,0.038409945
3182,valid,0,0.75017244
8687,valid,0,0.038409945
3146,valid,0,0.75017244
6038,valid,0,0.75017244
5766,valid,0,0.038409945
2966,valid,0,0.75017244
3549,valid,0,0.038409945
10640,valid,0,0.038409945
1367,valid,0,0.038409945
3490,valid,0,0.038409945
7275,valid,0,0.75017244
183,valid,0,0.038409945
4263,valid,0,0.75017244
5691,valid,0,0.038364206
10354,valid,0,0.75017244
9065,valid,0,0.057959106
270,valid,0,0.038409945
8330,valid,0,0.038409945
8763,valid,0,0.75017244
2016,valid,0,0.038409945
10333,valid,0,0.038409945
267,valid,0,0.038409945
7014,valid,0,0.75017244
5210,valid,0,0.75017244
239,valid,0,0.038409945
1662,valid,0,0.038409945
133,valid,0,0.038409945
10700,valid,0,0.038409945
8533,valid,0,0.038364206
4168,valid,0,0.038409945
6074,valid,0,0.038409945
9090,valid,0,0.75017244
6976,valid,0,0.75017244
5173,valid,0,0.75017244
9080,valid,0,0.038409945
5267,valid,0,0.75017244
3228,valid,0,0.75017244
7402,valid,0,0.75017244
1403,valid,0,0.75017244
1411,valid,0,0.75017244
5274,valid,0,0.038409945
5571,valid,0,0.75017244
9079,valid,0,0.75017244
6393,valid,0,0.038409945
3465,valid,0,0.75017244
7408,valid,0,0.038409945
10790,valid,0,0.038409945
4039,valid,0,0.038409945
2734,valid,0,0.038364206
3668,valid,0,0.75017244
10518,valid,0,0.038409945
9854,valid,0,0.038409945
2727,valid,0,0.038409945
9308,valid,0,0.75017244
8921,valid,0,0.038409945
8049,valid,0,0.75017244
628,valid,0,0.038409945
7983,valid,0,0.75017244
1490,valid,0,0.038364206
3451,valid,0,0.038409945
10526,valid,0,0.038364206
8291,valid,0,0.038409945
7253,valid,0,0.038409945
9902,valid,0,0.75017244
7892,valid,0,0.75017244
8940,valid,0,0.75017244
4267,valid,0,0.75017244
7893,valid,0,0.052689523
4610,valid,0,0.038364206
8234,valid,0,0.75017244
2976,valid,0,0.75017244
9822,valid,0,0.75017244
1825,valid,0,0.75017244
8530,valid,0,0.75017244
9099,valid,0,0.75017244
10711,valid,0,0.75017244
6742,valid,0,0.75017244
1850,valid,0,0.75017244
2118,valid,0,0.75017244
1399,valid,0,0.75017244
7701,valid,0,0.75017244
11034,valid,0,0.75017244
8457,valid,0,0.75017244
8374,valid,0,0.75017244
4496,valid,0,0.75017244
8648,valid,0,0.75017244
9167,valid,0,0.75017244
288,valid,0,0.75017244
5191,valid,0,0.75017244
5171,valid,0,0.038409945
5203,valid,0,0.75017244
5964,valid,0,0.038409945
9682,valid,0,0.75017244
2417,valid,0,0.75017244
9809,valid,0,0.038409945
7251,valid,0,0.038409945
2154,valid,0,0.75017244
9670,valid,0,0.038364206
10293,valid,0,0.75017244
9735,valid,0,0.040795173
10911,valid,0,0.75017244
7428,valid,0,0.03838789
1721,valid,0,0.03838789
5181,valid,0,0.038409945
10983,valid,0,0.75017244
2426,valid,0,0.038409945
6086,valid,0,0.75017244
1485,valid,0,0.038409945
6987,valid,0,0.75017244
1402,valid,0,0.038409945
2032,valid,0,0.05046348
3669,valid,0,0.038409945
4261,valid,0,0.038364206
10693,valid,0,0.75017244
3876,valid,0,0.75017244
7693,valid,0,0.75017244
10650,valid,0,0.038409945
4050,valid,0,0.038409945
9944,valid,0,0.038409945
6596,valid,0,0.75017244
4617,valid,0,0.038409945
1492,valid,0,0.03838789
2728,valid,0,0.75017244
5800,valid,0,0.75017244
281,valid,0,0.038409945
7423,valid,0,0.03838789
5,valid,0,0.038409945
6704,valid,0,0.038409945
9689,valid,0,0.038409945
6998,valid,0,0.038409945
9657,valid,0,0.75017244
10982,valid,0,0.75017244
7020,valid,0,0.75017244
3133,valid,0,0.038409945
2895,valid,0,0.038409945
5968,valid,0,0.75017244
10644,valid,0,0.75017244
4624,valid,0,0.75017244
9226,valid,0,0.75017244
8943,valid,0,0.038409945
7919,valid,0,0.038409945
9941,valid,0,0.05046348
2353,valid,0,0.75017244
7214,valid,0,0.75017244
4493,valid,0,0.05459664
2744,valid,0,0.03838789
9627,valid,0,0.75017244
2160,valid,0,0.75017244
5713,valid,0,0.75017244
4046,valid,0,0.05459664
4639,valid,0,0.75017244
3538,valid,0,0.75017244
8340,valid,0,0.038409945
3200,valid,0,0.03838789
3680,valid,0,0.75017244
8986,valid,0,0.75017244
9817,valid,0,0.038409945
283,valid,0,0.75017244
8938,valid,0,0.75017244
826,valid,0,0.038409945
849,valid,0,0.75017244
3518,valid,0,0.75017244
7407,valid,0,0.75017244
2165,valid,0,0.75017244
3788,valid,0,0.038409945
138,valid,0,0.038409945
7886,valid,0,0.038409945
8574,valid,0,0.75017244
9224,valid,0,0.038409945
7255,valid,0,0.75017244
10416,valid,0,0.75017244
5663,valid,0,0.75017244
242,valid,0,0.75017244
840,valid,0,0.75017244
3237,valid,0,0.038409945
3556,valid,0,0.038409945
7279,valid,0,0.038409945
391,valid,0,0.75017244
9601,valid,0,0.75017244
10695,valid,0,0.038409945
8016,valid,0,0.038409945
6584,valid,0,0.040795173
1647,valid,0,0.038364206
9939,valid,0,0.75017244
9598,valid,0,0.75017244
5344,valid,0,0.040795173
3134,valid,0,0.038409945
5546,valid,0,0.75017244
131,valid,0,0.75017244
4047,valid,0,0.038409945
3230,valid,0,0.057959106
1692,valid,0,0.038409945
6085,valid,0,0.038409945
7878,valid,0,0.038409945
2111,valid,0,0.75017244
10671,valid,0,0.75017244
10449,valid,0,0.038409945
5970,valid,0,0.05459664
130,valid,0,0.10781388
1398,valid,0,0.75017244
135,valid,0,0.038409945
5276,valid,0,0.038409945
8232,valid,0,0.05459664
6705,valid,0,0.038409945
5323,valid,0,0.038409945
10638,valid,0,0.75017244
827,valid,0,0.75017244
20,valid,0,0.038409945
6857,valid,0,0.038409945
6390,valid,0,0.75017244
9321,valid,0,0.038409945
8295,valid,0,0.038409945
4392,valid,0,0.038409945
5653,valid,0,0.75017244
3128,valid,0,0.038409945
9855,valid,0,0.75017244
2012,valid,0,0.038409945
9864,valid,0,0.75017244
7916,valid,0,0.038409945
10789,valid,0,0.75017244
5792,valid,0,0.038364206
2110,valid,0,0.038364206
822,valid,0,0.038409945
8086,valid,0,0.75017244
8890,valid,0,0.038409945
10532,valid,0,0.75017244
4570,valid,0,0.75017244
973,valid,0,0.75017244
626,valid,0,0.75017244
814,valid,0,0.75017244
5650,valid,0,0.038409945
1651,valid,0,0.75017244
8698,valid,0,0.03838789
240,valid,0,0.040795017
2432,valid,0,0.040795017
2162,valid,0,0.038409945
2358,valid,0,0.05459664
256,valid,0,0.75017244
10183,valid,0,0.038409945
9624,valid,0,0.038409945
6699,valid,0,0.75017244
2299,valid,0,0.038409945
8514,valid,0,0.75017244
5341,valid,0,0.038409945
4621,valid,0,0.038409945
7225,valid,0,0.038409945
9806,valid,0,0.75017244
120,valid,0,0.038409945
8066,valid,0,0.75017244
7010,valid,0,0.75017244
2015,valid,0,0.038409945
2967,valid,0,0.75017244
4296,valid,0,0.75017244
2362,valid,0,0.75017244
1855,valid,0,0.75017244
9295,valid,0,0.038409945
7707,valid,0,0.07116724
8589,valid,0,0.038409945
7156,valid,0,0.038409945
7221,valid,0,0.038409945
9077,valid,0,0.038409945
1722,valid,0,0.038409945
8044,valid,0,0.038409945
10708,valid,0,0.75017244
10680,valid,0,0.75017244
8057,valid,0,0.038409945
9203,valid,0,0.038409945
2292,valid,0,0.038409945
10705,valid,0,0.038409945
10360,valid,0,0.75017244
9605,valid,0,0.038409945
853,valid,0,0.038409945
7264,valid,0,0.038409945
8761,valid,0,0.038409945
10921,valid,0,0.038409945
2365,valid,0,0.038409945
4423,valid,0,0.75017244
233,valid,0,0.038409945
6030,valid,0,0.038409945
9061,valid,0,0.038409945
2428,valid,0,0.038409945
4393,valid,0,0.040795173
8371,valid,0,0.75017244
635,valid,0,0.038409945
1711,valid,0,0.038409945
2363,valid,0,0.038409945
5484,valid,0,0.038409945
9214,valid,0,0.038409945
4611,valid,0,0.75017244
9608,valid,0,0.038409945
1658,valid,0,0.038409945
6965,valid,0,0.038409945
7152,valid,0,0.038409945
9088,valid,0,0.038409945
2907,valid,0,0.75017244
9602,valid,0,0.038409945
10365,valid,0,0.75017244
10492,valid,0,0.75017244
9908,valid,0,0.038409945
7994,valid,0,0.038409945
8936,valid,0,0.75017244
1338,valid,0,0.75017244
828,valid,0,0.038409945
2041,valid,0,0.038409945
3145,valid,0,0.038409945
8722,valid,0,0.038409945
10415,valid,0,0.038409945
636,valid,0,0.75017244
9683,valid,0,0.038409945
2170,valid,0,0.038409945
5813,valid,0,0.75017244
5550,valid,0,0.038409945
2296,valid,0,0.038409945
845,valid,0,0.038409945
7872,valid,0,0.038409945
4053,valid,0,0.038409945
1652,valid,0,0.75017244
4324,valid,0,0.040795017
271,valid,0,0.038409945
5610,valid,0,0.75017244
6572,valid,0,0.75017244
8284,valid,0,0.038409945
9162,valid,0,0.038409945
9676,valid,0,0.038409945
7406,valid,0,0.75017244
1391,valid,0,0.040795173
388,valid,0,0.038409945
4342,valid,0,0.038409945
5553,valid,0,0.038409945
852,valid,0,0.038409945
3012,valid,0,0.038409945
5544,valid,0,0.038409945
5263,valid,0,0.05459664
7702,valid,0,0.05459664
9868,valid,0,0.038409945
124,valid,0,0.75017244
9938,valid,0,0.75017244
117,valid,0,0.038409945
7398,valid,0,0.038409945
2923,valid,0,0.75017244
6573,valid,0,0.038409945
5201,valid,0,0.038409945
4434,valid,0,0.75017244
6697,valid,0,0.038409945
248,valid,0,0.038409945
811,valid,0,0.038409945
9548,valid,0,0.75017244
1701,valid,0,0.038409945
7634,valid,0,0.038409945
2384,valid,0,0.038409945
7218,valid,0,0.038409945
2411,valid,0,0.038409945
5334,valid,0,0.75017244
8376,valid,0,0.75017244
8349,valid,0,0.03838789
1484,valid,0,0.038409945
2984,valid,0,0.038364206
3678,valid,0,0.038409945
8005,valid,0,0.038409945
10544,valid,0,0.038364206
6717,valid,0,0.038409945
8891,valid,0,0.038409945
9235,valid,0,0.038409945
2,valid,0,0.038409945
8887,valid,0,0.75017244
8054,valid,0,0.038409945
6738,valid,0,0.038409945
9161,valid,0,0.038409945
4056,valid,0,0.038409945
226,valid,0,0.038409945
1237,valid,0,0.038409945
3468,valid,0,0.038409945
2368,valid,0,0.038409945
9955,valid,0,0.038364206
5771,valid,0,0.038364206
125,valid,0,0.038364206
9629,valid,0,0.040795017
9848,valid,0,0.038409945
3004,valid,0,0.038409945
3482,valid,0,0.75017244
8874,valid,0,0.038409945
3151,valid,0,0.038409945
8084,valid,0,0.75017244
2424,valid,0,0.038409945
6723,valid,0,0.75017244
2905,valid,0,0.038409945
9953,valid,0,0.038409945
851,valid,0,0.038409945
9847,valid,0,0.038409945
1607,valid,0,0.75017244
4322,valid,0,0.038409945
2105,valid,0,0.75017244
9860,valid,0,0.038409945
8001,valid,0,0.75017244
5808,valid,0,0.038364206
10651,valid,0,0.05459664
10332,valid,0,0.038409945
3124,valid,0,0.038409945
1861,valid,0,0.038409945
9545,valid,0,0.038364206
9531,valid,0,0.038409945
9047,valid,0,0.038409945
6075,valid,0,0.038409945
848,valid,0,0.038409945
5483,valid,0,0.038409945
3126,valid,0,0.03838789
7410,valid,0,0.038409945
3221,valid,0,0.040795173
4054,valid,0,0.75017244
9832,valid,0,0.75017244
10174,valid,0,0.038409945
1374,valid,0,0.038409945
6995,valid,0,0.75017244
7921,valid,0,0.038409945
7990,valid,0,0.038409945
837,valid,0,0.038409945
9317,valid,0,0.038409945
641,valid,0,0.038409945
5177,valid,0,0.038409945
2129,valid,0,0.038409945
8296,valid,0,0.038409945
8976,valid,0,0.038409945
6583,valid,0,0.038409945
3665,valid,0,0.038409945
2737,valid,0,0.038409945
4034,valid,0,0.038409945
8651,valid,0,0.038409945
3558,valid,0,0.75017244
9844,valid,0,0.75017244
7007,valid,0,0.038409945
4252,valid,0,0.03838789
9209,valid,0,0.038409945
7996,valid,0,0.038409945
8752,valid,0,0.038409945
1871,valid,0,0.038409945
9614,valid,0,0.038409945
10648,valid,0,0.038409945
3398,valid,0,0.75017244
2017,valid,0,0.038409945
9225,valid,0,0.75017244
9834,valid,0,0.038409945
8886,valid,0,0.038409945
8705,valid,0,0.038409945
7629,valid,0,0.038409945
9215,valid,0,0.038409945
241,valid,0,0.038409945
3231,valid,0,0.038409945
9057,valid,0,0.038409945
1478,valid,0,0.038409945
6841,valid,0,0.038409945
7153,valid,0,0.038409945
7155,valid,0,0.038409945
3191,valid,0,0.038409945
10496,valid,0,0.038409945
6035,valid,0,0.038409945
6964,valid,0,0.05459664
6026,valid,0,0.038409945
8456,valid,0,0.057959106
4148,valid,0,0.038409945
9108,valid,0,0.75017244
4327,valid,0,0.038409945
8646,valid,0,0.038409945
820,valid,0,0.75017244
9720,valid,0,0.038409945
10979,valid,0,0.75017244
9103,valid,0,0.038409945
9285,valid,0,0.75017244
108,valid,0,0.75017244
7207,valid,0,0.038409945
4169,valid,0,0.038409945
5607,valid,0,0.038409945
9609,valid,0,0.75017244
1706,valid,0,0.038409945
4632,valid,0,0.038409945
2486,valid,0,0.75017244
5702,valid,0,0.75017244
5329,valid,0,0.038409945
4328,valid,0,0.038409945
8045,valid,0,0.038409945
2915,valid,0,0.040795017
2293,valid,0,0.038409945
10799,valid,0,0.038364206
8565,valid,0,0.038409945
9206,valid,0,0.75017244
10291,valid,0,0.038364206
8289,valid,0,0.038409945
8878,valid,0,0.038409945
9323,valid,0,0.038409945
5960,valid,0,0.75017244
6996,valid,0,0.038409945
4335,valid,0,0.038409945
8329,valid,0,0.038409945
9710,valid,0,0.038409945
1183,valid,0,0.75017244
181,valid,0,0.75017244
290,valid,0,0.038409945
7172,valid,0,0.038409945
854,valid,0,0.038409945
7396,valid,0,0.038409945
6729,valid,0,0.75017244
9867,valid,0,0.038409945
7891,valid,0,0.038409945
10359,valid,0,0.75017244
2481,valid,0,0.75017244
8922,valid,0,0.038409945
2921,valid,0,0.038409945
846,valid,0,0.038409945
980,valid,0,0.75017244
9401,valid,0,0.038364206
2370,valid,0,0.75017244
10425,valid,0,0.038409945
1606,valid,0,0.038409945
9600,valid,0,0.038409945
8515,valid,0,0.038409945
8918,valid,0,0.038409945
6598,valid,0,0.038409945
835,valid,0,0.038409945
3488,valid,0,0.040795173
10703,valid,0,0.038409945
8883,valid,0,0.038409945
10641,valid,0,0.038409945
1625,valid,0,0.038409945
7685,valid,0,0.038409945
9089,valid,0,0.038409945
2483,valid,0,0.75017244
2414,valid,0,0.75017244
2143,valid,0,0.038409945
5473,valid,0,0.038409945
1581,valid,0,0.038409945
3142,valid,0,0.038409945
10324,valid,0,0.75017244
7766,valid,0,0.75017244
2005,valid,0,0.75017244
3149,valid,0,0.038409945
7690,valid,0,0.038409945
6587,valid,0,0.75017244
2106,valid,0,0.038409945
6746,valid,0,0.038409945
6079,valid,0,0.038409945
10540,valid,0,0.75017244
2892,valid,0,0.75017244
607,valid,0,0.03838789
4377,valid,0,0.038409945
2888,valid,0,0.038409945
7999,valid,0,0.038409945
9736,valid,0,0.75017244
400,valid,0,0.038409945
614,valid,0,0.038409945
6601,valid,0,0.038409945
1853,valid,0,0.038409945
7403,valid,0,0.038409945
3535,valid,0,0.038409945
8446,valid,0,0.75017244
3144,valid,0,0.038409945
7631,valid,0,0.75017244
5811,valid,0,0.038409945
264,valid,0,0.75017244
6067,valid,0,0.038409945
7012,valid,0,0.038409945
4309,valid,0,0.038364206
9730,valid,0,0.038409945
7917,valid,0,0.75017244
6599,valid,0,0.038409945
2914,valid,0,0.038409945
4055,valid,0,0.038409945
1595,valid,0,0.038409945
7416,valid,0,0.038409945
3770,valid,0,0.038409945
9882,valid,0,0.038364206
3878,valid,0,0.75017244
9046,valid,0,0.05459664
7159,valid,0,0.038409945
4302,valid,0,0.75017244
6031,valid,0,0.038409945
3459,valid,0,0.038409945
7397,valid,0,0.038409945
4048,valid,0,0.038409945
7252,valid,0,0.038409945
9227,valid,0,0.75017244
5343,valid,0,0.038409945
3011,valid,0,0.038409945
252,valid,0,0.038409945
6715,valid,0,0.038409945
8748,valid,0,0.038409945
985,valid,0,0.038409945
992,valid,0,0.038409945
8584,valid,0,0.038409945
8721,valid,0,0.038364206
2750,valid,0,0.038409945
10794,valid,0,0.75017244
5814,valid,0,0.038409945
2420,valid,0,0.03838789
268,valid,0,0.038364206
1857,valid,0,0.038409945
9204,valid,0,0.038409945
4308,valid,0,0.038409945
3486,valid,0,0.75017244
7119,valid,0,0.038409945
855,valid,0,0.038409945
4323,valid,0,0.038409945
7694,valid,0,0.038409945
1584,valid,0,0.75017244
2155,valid,0,0.038409945
8765,valid,0,0.75017244
7268,valid,0,0.038409945
9172,valid,0,0.04166043
1598,valid,0,0.04166043
9532,valid,0,0.038409945
2275,valid,0,0.75017244
1518,valid,0,0.038409945
1698,valid,0,0.038409945
3141,valid,0,0.038409945
3123,valid,0,0.038409945
815,valid,0,0.038409945
9092,valid,0,0.038409945
4320,valid,0,0.038409945
829,valid,0,0.038409945
7160,valid,0,0.038364206
3533,valid,0,0.038409945
1381,valid,0,0.75017244
9282,valid,0,0.038409945
2158,valid,0,0.75017244
6979,valid,0,0.038409945
10646,valid,0,0.038409945
8288,valid,0,0.038409945
3467,valid,0,0.038409945
9296,valid,0,0.75017244
8570,valid,0,0.038364206
6306,valid,0,0.75017244
1528,valid,0,0.038364206
2408,valid,0,0.038409945
10455,valid,0,0.038409945
3460,valid,0,0.038409945
100,valid,0,0.038409945
1695,valid,0,0.038409945
7368,valid,0,0.75017244
2399,valid,0,0.038409945
137,valid,0,0.038409945
9222,valid,0,0.038364206
11031,valid,0,0.038409945
5574,valid,0,0.038409945
2423,valid,0,0.038409945
7691,valid,0,0.038409945
5987,valid,0,0.75017244
2100,valid,0,0.038409945
4150,valid,0,0.75017244
2116,valid,0,0.75017244
9677,valid,0,0.75017244
7115,valid,0,0.75017244
7888,valid,0,0.038409945
9850,valid,0,0.038409945
7413,valid,0,0.038409945
6971,valid,0,0.75017244
9942,valid,0,0.038409945
5183,valid,0,0.038409945
686,valid,0,0.75017244
2018,valid,0,0.038409945
4298,valid,0,0.038364206
2034,valid,0,0.038409945
8229,valid,0,0.038364206
9093,valid,0,0.038409945
10864,valid,0,0.038409945
9311,valid,0,0.75017244
9309,valid,0,0.038409945
10653,valid,0,0.75017244
8997,valid,0,0.038409945
2960,valid,0,0.75017244
9299,valid,0,0.038409945
7277,valid,0,0.038409945
136,valid,0,0.038409945
8696,valid,0,0.038409945
10452,valid,0,0.038409945
5560,valid,0,0.038409945
843,valid,0,0.038409945
3559,valid,0,0.038409945
2163,valid,0,0.038409945
4384,valid,0,0.038409945
6230,valid,0,0.038409945
9293,valid,0,0.75017244
101,valid,0,0.038409945
4186,valid,0,0.038409945
251,valid,0,0.038409945
3464,valid,0,0.038409945
236,valid,0,0.038409945
6603,valid,0,0.038409945
8351,valid,0,0.038409945
10421,valid,0,0.75017244
9691,valid,0,0.75017244
5563,valid,0,0.038409945
4329,valid,0,0.040795173
3553,valid,0,0.038409945
5478,valid,0,0.038409945
8877,valid,0,0.75017244
1851,valid,0,0.038409945
8880,valid,0,0.038409945
8281,valid,0,0.75017244
8297,valid,0,0.038409945
2430,valid,0,0.75017244
3544,valid,0,0.038409945
2406,valid,0,0.03838789
8756,valid,0,0.038409945
8000,valid,0,0.038409945
5690,valid,0,0.038409945
10677,valid,0,0.038364206
5165,valid,0,0.038409945
7689,valid,0,0.10781388
2372,valid,0,0.038409945
4319,valid,0,0.038409945
6991,valid,0,0.038409945
11027,valid,0,0.038409945
2922,valid,0,0.038409945
10858,valid,0,0.038409945
9678,valid,0,0.038409945
90,valid,0,0.75017244
3513,valid,0,0.75017244
9533,valid,0,0.038409945
3294,valid,0,0.038409945
9083,valid,0,0.038409945
991,valid,0,0.038409945
9959,valid,0,0.75017244
1866,valid,0,0.038409945
8534,valid,0,0.03838789
3232,valid,0,0.038409945
10673,valid,0,0.038409945
5804,valid,0,0.038409945
1715,valid,0,0.038409945
974,valid,0,0.75017244
4389,valid,0,0.038409945
6245,valid,0,0.038409945
286,valid,0,0.07877909
275,valid,0,0.038409945
263,valid,0,0.038409945
6978,valid,0,0.038409945
6837,valid,0,0.038409945
1603,valid,0,0.75017244
1605,valid,0,0.75017244
8019,valid,0,0.75017244
2048,valid,0,0.75017244
273,valid,0,0.038409945
230,valid,0,0.038409945
4305,valid,0,0.038409945
6736,valid,0,0.038409945
2167,valid,0,0.038409945
9654,valid,0,0.038409945
3456,valid,0,0.038409945
289,valid,0,0.75017244
8876,valid,0,0.038409945
10541,valid,0,0.038364206
6579,valid,0,0.21822351
3192,valid,0,0.75017244
3656,valid,0,0.038409945
1710,valid,0,0.038409945
8332,valid,0,0.038409945
8090,valid,0,0.038364206
7220,valid,0,0.75017244
10866,valid,0,0.038409945
3473,valid,0,0.038409945
7381,valid,0,0.038364206
6045,valid,0,0.038409945
2042,valid,0,0.038409945
2359,valid,0,0.038409945
4184,valid,0,0.038364206
9712,valid,0,0.75017244
1593,valid,0,0.038409945
2919,valid,0,0.038409945
9405,valid,0,0.038409945
9597,valid,0,0.038409945
2736,valid,0,0.038409945
1238,valid,0,0.038409945
9899,valid,0,0.038409945
8324,valid,0,0.038364206
2367,valid,0,0.75017244
3227,valid,0,0.75017244
4262,valid,0,0.038409945
3515,valid,0,0.038409945
5339,valid,0,0.038409945
4149,valid,0,0.038364206
3224,valid,0,0.75017244
9097,valid,0,0.75017244
2056,valid,0,0.038409945
5651,valid,0,0.038409945
9071,valid,0,0.038409945
2020,valid,0,0.75017244
7198,valid,0,0.75017244
2108,valid,0,0.038409945
5797,valid,0,0.040795173
8292,valid,0,0.038409945
5764,valid,0,0.75017244
8011,valid,0,0.75017244
4648,valid,0,0.75017244
7260,valid,0,0.038409945
4044,valid,0,0.75017244
2049,valid,0,0.75017244
9043,valid,0,0.038409945
9073,valid,0,0.038409945
1700,valid,0,0.03838789
10714,valid,0,0.038409945
7769,valid,0,0.038409945
5207,valid,0,0.75017244
118,valid,0,0.75017244
696,valid,0,0.038409945
8923,valid,0,0.75017244
4045,valid,0,0.038409945
7117,valid,0,0.75017244
10489,valid,0,0.038409945
5700,valid,0,0.75017244
2148,valid,0,0.038409945
8978,valid,0,0.038409945
8322,valid,0,0.038364206
6301,valid,0,0.038409945
4297,valid,0,0.75017244
10685,valid,0,0.038364206
7920,valid,0,0.038409945
4435,valid,0,0.75017244
1341,valid,0,0.038409945
5214,valid,0,0.75017244
1626,valid,0,0.038409945
6313,valid,0,0.038409945
7150,valid,0,0.75017244
6577,valid,0,0.038409945
8323,valid,0,0.75017244
4622,valid,0,0.038409945
9546,valid,0,0.038409945
2402,valid,0,0.038409945
3667,valid,0,0.75017244
4565,valid,0,0.038409945
6856,valid,0,0.038409945
1812,valid,0,0.038364206
2898,valid,0,0.038409945
1852,valid,0,0.75017244
6392,valid,0,0.038409945
3127,valid,0,0.038409945
2725,valid,0,0.038409945
2482,valid,0,0.038409945
9835,valid,0,0.75017244
6852,valid,0,0.038409945
7269,valid,0,0.75017244
9692,valid,0,0.038409945
10690,valid,0,0.038409945
1407,valid,0,0.038409945
1,valid,0,0.038409945
4303,valid,0,0.03838789
6308,valid,0,0.038409945
8338,valid,0,0.038409945
7989,valid,0,0.038409945
7991,valid,0,0.038409945
10446,valid,0,0.038409945
9207,valid,0,0.038409945
8303,valid,0,0.040795173
1821,valid,0,0.038364206
176,valid,0,0.038409945
9074,valid,0,0.75017244
6238,valid,0,0.75017244
2980,valid,0,0.038409945
2046,valid,0,0.75017244
6741,valid,0,0.038409945
5658,valid,0,0.038409945
6073,valid,0,0.038409945
1671,valid,0,0.75017244
7266,valid,0,0.038409945
1872,valid,0,0.038409945
1353,valid,0,0.038364206
2131,valid,0,0.75017244
10287,valid,0,0.038409945
224,valid,0,0.038409945
4487,valid,0,0.75017244
7021,valid,0,0.75017244
7632,valid,0,0.057959106
5194,valid,0,0.75017244
9111,valid,0,0.038364206
7409,valid,0,0.038409945
2409,valid,0,0.038409945
11026,valid,0,0.038409945
4190,valid,0,0.038409945
10798,valid,0,0.05459664
6307,valid,0,0.038409945
6040,valid,0,0.038409945
7882,valid,0,0.038409945
8454,valid,0,0.75017244
4618,valid,0,0.75017244
7982,valid,0,0.038409945
3147,valid,0,0.75017244
8567,valid,0,0.75017244
2153,valid,0,0.75017244
2896,valid,0,0.038409945
5773,valid,0,0.75017244
6849,valid,0,0.038409945
3392,valid,0,0.038409945
2361,valid,0,0.038409945
8885,valid,0,0.038409945
1859,valid,0,0.038409945
10654,valid,0,0.038409945
3879,valid,0,0.038409945
836,valid,0,0.038409945
7161,valid,0,0.75017244
9595,valid,0,0.038409945
6299,valid,0,0.75017244
10530,valid,0,0.038364206
3136,valid,0,0.75017244
186,valid,0,0.038364206
9596,valid,0,0.038409945
3786,valid,0,0.75017244
1243,valid,0,0.75017244
7005,valid,0,0.75017244
9910,valid,0,0.038409945
1604,valid,0,0.038409945
3189,valid,0,0.038364206
9315,valid,0,0.038409945
7695,valid,0,0.75017244
2356,valid,0,0.038409945
4641,valid,0,0.75017244
10179,valid,0,0.038409945
2011,valid,0,0.75017244
4627,valid,0,0.038409945
200,valid,0,0.75017244
9054,valid,0,0.038409945
9885,valid,0,0.038409945
1362,valid,0,0.75017244
5694,valid,0,0.038409945
3212,valid,0,0.038409945
4173,valid,0,0.75017244
8301,valid,0,0.038409945
7206,valid,1,0.75017244
10859,valid,0,0.038409945
1339,valid,0,0.75017244
5184,valid,0,0.75017244
5704,valid,0,0.038409945
10057,valid,0,0.038409945
1360,valid,0,0.75017244
119,valid,0,0.040795173
6592,valid,0,0.038409945
9907,valid,0,0.038409945
5777,valid,0,0.038409945
857,valid,0,0.038409945
7165,valid,0,0.038409945
4311,valid,0,0.038409945
3527,valid,0,0.038409945
9856,valid,0,0.038409945
7110,valid,0,0.75017244
4502,valid,0,0.038364206
2157,valid,0,0.038409945
5166,valid,0,0.75017244
8992,valid,0,0.75017244
7980,valid,0,0.038409945
7179,valid,0,0.038409945
1858,valid,0,0.038409945
11017,valid,0,0.038409945
5609,valid,0,0.75017244
8929,valid,0,0.038409945
9606,valid,0,0.038409945
4178,valid,0,0.75017244
8382,valid,0,0.75017244
4491,valid,0,0.038409945
8944,valid,0,0.75017244
7880,valid,0,0.75017244
10783,valid,0,0.038409945
2171,valid,0,0.038409945
9862,valid,0,0.75017244
1816,valid,0,0.75017244
9289,valid,0,0.038409945
2890,valid,0,0.038364206
249,valid,0,0.75017244
3487,valid,0,0.75017244
3233,valid,0,0.75017244
9320,valid,0,0.038409945
8235,valid,0,0.038364206
7885,valid,0,0.040795173
5790,valid,0,0.03838789
1608,valid,0,0.75017244
6839,valid,0,0.038409945
4147,valid,0,0.038409945
5796,valid,0,0.038409945
132,valid,0,0.038409945
3540,valid,0,0.75017244
3234,valid,0,0.75017244
2440,valid,0,0.75017244
7013,valid,0,0.75017244
5198,valid,0,0.75017244
856,valid,0,0.038409945
10519,valid,0,0.75017244
5980,valid,0,0.75017244
6597,valid,0,0.75017244
9075,valid,0,0.75017244
8889,valid,0,0.038409945
4250,valid,0,0.75017244
6961,valid,0,0.75017244
1481,valid,0,0.75017244
1577,valid,0,0.03838789
7108,valid,0,0.75017244
4613,valid,0,0.03838789
7105,valid,0,0.75017244
4295,valid,0,0.12052462
3792,valid,0,0.75017244
250,valid,0,0.03838789
7898,valid,0,0.038409945
2891,valid,0,0.038409945
1811,valid,0,0.75017244
9168,valid,0,0.052689523
3455,valid,0,0.052689523
10716,valid,0,0.75017244
6726,valid,0,0.75017244
5667,valid,0,0.75017244
13,valid,0,0.75017244
1862,valid,0,0.03838789
5271,valid,0,0.040795017
8657,valid,0,0.75017244
10674,valid,0,0.038409945
6068,valid,0,0.75017244
9711,valid,0,0.75017244
8052,valid,0,0.03838789
9101,valid,0,0.03838789
1380,valid,0,0.75017244
2159,valid,0,0.03838789
3554,valid,0,0.75017244
2052,valid,0,0.052689523
5809,valid,0,0.75017244
3661,valid,0,0.05459664
7753,valid,0,0.75017244
693,valid,0,0.75017244
627,valid,0,0.75017244
10284,valid,0,0.75017244
1195,valid,0,0.75017244
2489,valid,0,0.75017244
9820,valid,0,0.75017244
11030,valid,0,0.75017244
4299,valid,0,0.0920828
88,valid,0,0.038409945
1366,valid,0,0.75017244
2150,valid,0,0.03838789
1627,valid,0,0.75017244
7425,valid,0,0.038409945
9291,valid,0,0.038409945
6590,valid,0,0.75017244
9900,valid,0,0.040795173
10639,valid,0,0.03838789
1363,valid,0,0.75017244
3662,valid,0,0.75017244
8062,valid,0,0.75017244
9675,valid,0,0.040795173
2383,valid,0,0.75017244
5972,valid,0,0.75017244
9719,valid,0,0.03838789
6028,valid,0,0.038409945
10528,valid,0,0.75017244
9211,valid,0,0.75017244
8061,valid,0,0.03838789
1349,valid,0,0.03838789
116,valid,0,0.040795017
390,valid,0,0.75017244
8225,valid,0,0.75017244
1702,valid,0,0.038409945
9879,valid,0,0.75017244
4425,valid,0,0.75017244
5476,valid,0,0.75017244
11037,valid,0,0.75017244
606,valid,0,0.75017244
619,valid,0,0.75017244
10676,valid,0,0.038409945
2729,valid,0,0.03838789
10867,valid,0,0.75017244
1196,valid,0,0.75017244
2733,valid,0,0.75017244
7635,valid,0,0.05792434
10643,valid,0,0.038409945
2436,valid,0,0.052689523
4558,valid,0,0.75017244
3590,valid,0,0.75017244
981,valid,0,0.03838789
1823,valid,0,0.75017244
3007,valid,0,0.75017244
10791,valid,0,0.75017244
1357,valid,0,0.75017244
1185,valid,0,0.75017244
1665,valid,0,0.75017244
8381,valid,0,0.75017244
5776,valid,0,0.75017244
3296,valid,0,0.75017244
5647,valid,0,0.03838789
5986,valid,0,0.75017244
9821,valid,0,0.03838789
178,valid,0,0.038409945
1245,valid,0,0.75017244
5996,valid,0,0.75017244
7755,valid,0,0.03838789
5213,valid,0,0.038409945
1382,valid,0,0.03838789
1486,valid,0,0.75017244
10290,valid,0,0.75017244
7166,valid,0,0.03838789
9933,valid,0,0.75017244
6595,valid,0,0.75017244
4562,valid,0,0.75017244
3877,valid,0,0.038409945
8879,valid,0,0.038409945
1661,valid,0,0.038409945
9662,valid,0,0.75017244
4269,valid,0,0.75017244
1650,valid,0,0.75017244
824,valid,0,0.03838789
1392,valid,0,0.03838789
8706,valid,0,0.75017244
4633,valid,0,0.038409945
1848,valid,0,0.052689523
9076,valid,0,0.040795173
85,valid,0,0.038409945
1864,valid,0,0.038409945
8693,valid,0,0.75017244
9723,valid,0,0.038409945
9892,valid,0,0.038409945
2350,valid,0,0.038409945
8009,valid,0,0.038409945
6722,valid,0,0.75017244
9094,valid,0,0.038409945
5268,valid,0,0.038409945
6990,valid,0,0.038409945
3394,valid,0,0.038409945
825,valid,0,0.038409945
7212,valid,0,0.038409945
4188,valid,0,0.038409945
638,valid,0,0.038409945
7752,valid,0,0.75017244
238,valid,0,0.75017244
7401,valid,0,0.038364206
6310,valid,0,0.038409945
9098,valid,0,0.038409945
9292,valid,0,0.038409945
1406,valid,0,0.040795173
7852,valid,0,0.03838789
6740,valid,0,0.038409945
3293,valid,0,0.038409945
10289,valid,0,0.038409945
10786,valid,0,0.038409945
2145,valid,0,0.038409945
11029,valid,0,0.057959106
6043,valid,0,0.75017244
9838,valid,0,0.038409945
2348,valid,0,0.038409945
229,valid,0,0.75017244
8348,valid,0,0.05459664
1493,valid,0,0.75017244
4574,valid,0,0.038409945
3138,valid,0,0.038409945
10800,valid,0,0.038409945
3799,valid,0,0.038409945
4388,valid,0,0.75017244
9713,valid,0,0.75017244
9237,valid,0,0.038364206
3226,valid,0,0.038409945
1198,valid,0,0.05459664
611,valid,0,0.038409945
9831,valid,0,0.038409945
812,valid,0,0.038409945
3210,valid,0,0.75017244
2745,valid,0,0.75017244
3389,valid,0,0.040795017
5333,valid,0,0.038409945
2982,valid,0,0.03838789
8350,valid,0,0.038364206
6989,valid,0,0.038409945
5815,valid,0,0.038409945
10984,valid,0,0.75017244
3218,valid,0,0.038409945
7875,valid,0,0.038409945
2127,valid,0,0.038409945
8453,valid,0,0.75017244
8524,valid,0,0.038409945
10550,valid,0,0.75017244
3207,valid,0,0.040795173
8448,valid,0,0.75017244
3458,valid,0,0.038409945
4559,valid,0,0.038409945
6578,valid,0,0.038409945
4488,valid,0,0.038409945
7374,valid,0,0.038409945
7418,valid,0,0.75017244
6029,valid,0,0.05459664
11024,valid,0,0.05459664
5222,valid,0,0.038409945
5963,valid,0,0.05459664
6044,valid,0,0.040795173
94,valid,0,0.75017244
3675,valid,0,0.038409945
3148,valid,0,0.038409945
9051,valid,0,0.038409945
2047,valid,0,0.038409945
9091,valid,0,0.75017244
1666,valid,0,0.038409945
2019,valid,0,0.038409945
10691,valid,0,0.038409945
6580,valid,0,0.03838789
8747,valid,0,0.75017244
10537,valid,0,0.03838789
7419,valid,0,0.08636963
3660,valid,0,0.75017244
4609,valid,0,0.040795173
4137,valid,0,0.038409945
858,valid,0,0.038409945
102,valid,0,0.75017244
5981,valid,0,0.75017244
2731,valid,0,0.038364206
6080,valid,0,0.038409945
629,valid,0,0.038409945
3223,valid,0,0.75017244
4332,valid,0,0.21822351
2429,valid,0,0.75017244
3790,valid,0,0.040795017
3006,valid,0,0.05792434
7154,valid,0,0.03838789
5190,valid,0,0.038409945
2376,valid,0,0.038409945
813,valid,0,0.038409945
10792,valid,0,0.038409945
8287,valid,0,0.75017244
2135,valid,0,0.75017244
7006,valid,0,0.038409945
3295,valid,0,0.038409945
6737,valid,0,0.75017244
6744,valid,0,0.046012037
10448,valid,0,0.038409945
6389,valid,0,0.040795017
7422,valid,0,0.75017244
2978,valid,0,0.038409945
6388,valid,0,0.75017244
8328,valid,0,0.75017244
5569,valid,0,0.038364206
9,valid,0,0.08536805
1488,valid,0,0.08536805
1387,valid,0,0.040795173
2400,valid,0,0.040795173
8282,valid,0,0.038409945
1654,valid,0,0.75017244
2920,valid,0,0.038409945
10491,valid,0,0.75017244
9549,valid,0,0.052689523
1597,valid,0,0.75017244
7148,valid,0,0.75017244
10493,valid,0,0.75017244
2439,valid,0,0.75017244
1697,valid,0,0.75017244
6087,valid,0,0.75017244
5810,valid,0,0.038409945
1182,valid,0,0.75017244
8576,valid,0,0.038409945
9617,valid,0,0.038364206
2983,valid,0,0.03838789
2022,valid,0,0.75017244
4381,valid,0,0.038409945
1344,valid,0,0.21822351
3517,valid,0,0.21822351
8983,valid,0,0.038409945
2036,valid,0,0.038409945
5225,valid,0,0.75017244
14,valid,0,0.038409945
6716,valid,0,0.75017244
8996,valid,0,0.038409945
2738,valid,0,0.75017244
259,valid,0,0.75017244
6711,valid,0,0.038409945
6240,valid,0,0.038409945
9876,valid,0,0.75017244
6745,valid,0,0.75017244
8299,valid,0,0.75017244
2981,valid,0,0.75017244
6846,valid,0,0.038409945
6318,valid,0,0.038409945
6992,valid,0,0.03838789
810,valid,0,0.038409945
4634,valid,0,0.038409945
1854,valid,0,0.75017244
7107,valid,0,0.040795173
5784,valid,0,0.75017244
1346,valid,0,0.75017244
397,valid,0,0.03838789
3537,valid,0,0.038409945
10697,valid,0,0.038409945
9688,valid,0,0.75017244
9539,valid,0,0.038409945
8334,valid,0,0.038409945
266,valid,0,0.75017244
7686,valid,0,0.038409945
833,valid,0,0.038409945
7201,valid,0,0.038409945
2730,valid,0,0.038409945
7205,valid,0,0.038409945
5552,valid,0,0.038409945
8892,valid,0,0.75017244
9913,valid,0,0.052689523
2404,valid,0,0.038409945
7863,valid,0,0.038409945
4185,valid,0,0.038409945
834,valid,0,0.75017244
5793,valid,0,0.03838789
2138,valid,0,0.75017244
10479,valid,0,0.038409945
3598,valid,0,0.75017244
8770,valid,0,0.038409945
6036,valid,0,0.038409945
7273,valid,0,0.038409945
8569,valid,0,0.038409945
5984,valid,0,0.038409945
8587,valid,0,0.038409945
4645,valid,0,0.038409945
1244,valid,0,0.75017244
697,valid,0,0.75017244
2425,valid,0,0.75017244
6315,valid,0,0.038409945
9663,valid,0,0.038409945
9543,valid,0,0.038409945
6980,valid,0,0.038409945
9176,valid,0,0.038409945
9897,valid,0,0.038409945
7376,valid,0,0.05046348
4615,valid,0,0.038409945
8014,valid,0,0.038409945
9846,valid,0,0.038409945
246,valid,0,0.038409945
2031,valid,0,0.038364206
6701,valid,0,0.038409945
5652,valid,0,0.75017244
4325,valid,0,0.038409945
244,valid,0,0.038409945
639,valid,0,0.75017244
7019,valid,0,0.040795173
5170,valid,0,0.038409945
9110,valid,0,0.03838789
3485,valid,0,0.040795173
7915,valid,0,0.038409945
3534,valid,0,0.75017244
6986,valid,0,0.038409945
2117,valid,0,0.75017244
8060,valid,0,0.038409945
17,valid,0,0.75017244
199,valid,0,0.75017244
2909,valid,0,0.05459664
3672,valid,0,0.038409945
7884,valid,0,0.038364206
3480,valid,0,0.038409945
5187,valid,0,0.038409945
5656,valid,0,0.75017244
4563,valid,0,0.75017244
8384,valid,0,0.75017244
9715,valid,0,0.038409945
4170,valid,0,0.75017244
9594,valid,0,0.038409945
2095,valid,0,0.038409945
1809,valid,0,0.75017244
9840,valid,0,0.038409945
5555,valid,0,0.038409945
4131,valid,0,0.038409945
2266,valid,0,0.75017244
8568,valid,0,0.038409945
1870,valid,0,0.03838789
8871,valid,0,0.038409945
5566,valid,0,0.038409945
10320,valid,0,0.05459664
8286,valid,0,0.038409945
7263,valid,0,0.038409945
9827,valid,0,0.038409945
5275,valid,0,0.75017244
3217,valid,0,0.038409945
1609,valid,0,0.75017244
7704,valid,0,0.038409945
632,valid,0,0.038409945
6602,valid,0,0.75017244
4318,valid,0,0.038409945
10418,valid,0,0.038409945
8285,valid,0,0.038409945
2043,valid,0,0.038409945
9084,valid,0,0.038409945
5549,valid,0,0.038409945
3520,valid,0,0.75017244
5208,valid,0,0.038409945
850,valid,0,0.038409945
291,valid,0,0.75017244
3471,valid,0,0.75017244
1356,valid,0,0.75017244
8582,valid,0,0.038409945
3387,valid,0,0.75017244
2378,valid,0,0.038409945
9205,valid,0,0.03838789
2044,valid,0,0.038409945
6070,valid,0,0.75017244
8007,valid,0,0.75017244
10481,valid,0,0.038409945
1388,valid,0,0.038409945
11033,valid,0,0.038364206
8692,valid,0,0.038409945
9716,valid,0,0.75017244
2885,valid,0,0.75017244
7209,valid,0,0.75017244
7375,valid,0,0.75017244
8894,valid,0,0.03838789
2294,valid,0,0.75017244
10916,valid,0,0.03838789
4141,valid,0,0.03838789
4037,valid,0,0.038409945
8656,valid,0,0.038409945
2008,valid,0,0.038409945
5186,valid,0,0.038409945
6232,valid,0,0.75017244
6977,valid,0,0.75017244
6594,valid,0,0.05358582
7151,valid,0,0.75017244
1714,valid,0,0.038409945
2172,valid,0,0.038409945
10995,valid,0,0.75017244
9082,valid,0,0.038409945
2964,valid,0,0.75017244
3205,valid,0,0.75017244
8336,valid,0,0.038409945
8048,valid,0,0.038409945
6576,valid,0,0.75017244
1179,valid,0,0.75017244
9287,valid,0,0.038409945
1590,valid,0,0.75017244
4140,valid,0,0.038409945
9863,valid,0,0.75017244
10520,valid,0,0.038409945
1623,valid,0,0.75017244
7278,valid,0,0.03838789
3798,valid,0,0.038409945
3874,valid,0,0.040795173
1694,valid,0,0.038409945
1522,valid,0,0.75017244
1483,valid,0,0.040795173
841,valid,0,0.038409945
9858,valid,0,0.75017244
4171,valid,0,0.038409945
9304,valid,0,0.038409945
3481,valid,0,0.75017244
1869,valid,0,0.75017244
8092,valid,0,0.75017244
3779,valid,0,0.03838789
3214,valid,0,0.03838789
9684,valid,0,0.75017244
5266,valid,0,0.75017244
8320,valid,0,0.038409945
9621,valid,0,0.038409945
8536,valid,0,0.75017244
5710,valid,0,0.03838789
3483,valid,0,0.03838789
9807,valid,0,0.03838789
2297,valid,0,0.75017244
1808,valid,0,0.75017244
9056,valid,0,0.038409945
2912,valid,0,0.75017244
9727,valid,0,0.75017244
5538,valid,0,0.03838789
5174,valid,0,0.75017244
4301,valid,0,0.038364206
5557,valid,0,0.038409945
11020,valid,0,0.03838789
2054,valid,0,0.038409945
7379,valid,0,0.038409945
4380,valid,0,0.038409945
8013,valid,0,0.038409945
3531,valid,0,0.75017244
6071,valid,0,0.038409945
1588,valid,0,0.75017244
3521,valid,0,0.038409945
2139,valid,0,0.75017244
232,valid,0,0.75017244
8343,valid,0,0.75017244
6698,valid,0,0.038409945
5600,valid,0,0.75017244
10517,valid,0,0.038409945
8050,valid,0,0.038409945
10364,valid,0,0.038409945
8873,valid,0,0.038409945
3547,valid,0,0.038409945
1616,valid,0,0.040795173
6316,valid,0,0.038409945
6994,valid,0,0.038409945
6999,valid,0,0.038409945
2346,valid,0,0.038409945
3551,valid,0,0.75017244
6743,valid,0,0.038409945
8347,valid,0,0.038409945
9085,valid,0,0.038409945
7692,valid,0,0.038409945
9319,valid,0,0.75017244
105,valid,0,0.038409945
971,valid,0,0.038409945
5537,valid,0,0.75017244
3457,valid,0,0.038409945
8882,valid,0,0.038409945
1586,valid,0,0.038409945
3659,valid,0,0.038409945
5193,valid,0,0.038409945
8975,valid,0,0.038409945
5172,valid,0,0.75017244
4041,valid,0,0.038409945
3775,valid,0,0.75017244
177,valid,0,0.75017244
5326,valid,0,0.038409945
7,valid,0,0.038409945
688,valid,0,0.038409945
8342,valid,0,0.038409945
1860,valid,0,0.038409945
3679,valid,0,0.038409945
4266,valid,0,0.038409945
2035,valid,0,0.038409945
8750,valid,0,0.038409945
4333,valid,0,0.038409945
8704,valid,0,0.038409945
10485,valid,0,0.038409945
3396,valid,0,0.75017244
5973,valid,0,0.038409945
1377,valid,0,0.75017244
5558,valid,0,0.038409945
2961,valid,0,0.75017244
4606,valid,0,0.75017244
9063,valid,0,0.75017244
4166,valid,0,0.75017244
8585,valid,0,0.03838789
7204,valid,0,0.038409945
4604,valid,0,0.038409945
6714,valid,0,0.03838789
9053,valid,0,0.038409945
8002,valid,0,0.038409945
9686,valid,0,0.75017244
8694,valid,0,0.75017244
2121,valid,0,0.038409945
4386,valid,0,0.038409945
9672,valid,0,0.75017244
2295,valid,0,0.03838789
4049,valid,0,0.03838789
9290,valid,0,0.038409945
4172,valid,0,0.75017244
10914,valid,0,0.75017244
2120,valid,0,0.038409945
6713,valid,0,0.038409945
10698,valid,0,0.75017244
5967,valid,0,0.038409945
2416,valid,0,0.75017244
9066,valid,0,0.75017244
7420,valid,0,0.75017244
3204,valid,0,0.75017244
6302,valid,0,0.038409945
8686,valid,0,0.038409945
5261,valid,0,0.038409945
10191,valid,0,0.21822351
237,valid,0,0.038409945
9837,valid,0,0.038409945
6309,valid,0,0.038409945
2126,valid,0,0.75017244
9893,valid,0,0.038409945
6042,valid,0,0.038409945
10060,valid,0,0.038364206
7016,valid,0,0.038409945
10353,valid,0,0.75017244
9294,valid,0,0.75017244
10451,valid,0,0.038409945
6032,valid,0,0.038409945
5567,valid,0,0.038409945
2916,valid,0,0.75017244
9845,valid,0,0.75017244
5782,valid,0,0.038409945
10,valid,0,0.038409945
7881,valid,0,0.038409945
1390,valid,0,0.038409945
1579,valid,0,0.038409945
9231,valid,0,0.038409945
3143,valid,0,0.038409945
6702,valid,0,0.75017244
7000,valid,0,0.038409945
5551,valid,0,0.038409945
1386,valid,0,0.038364206
4630,valid,0,0.75017244
9877,valid,0,0.75017244
3525,valid,0,0.75017244
3606,valid,0,0.038364206
7405,valid,0,0.038409945
6847,valid,0,0.75017244
5338,valid,0,0.038409945
8345,valid,0,0.75017244
9852,valid,0,0.038409945
10325,valid,0,0.038409945
1578,valid,0,0.038409945
10649,valid,0,0.75017244
1613,valid,0,0.03838789
6983,valid,0,0.038409945
9210,valid,0,0.038409945
3550,valid,0,0.038409945
4255,valid,0,0.038409945
4385,valid,0,0.75017244
2028,valid,0,0.038409945
3469,valid,0,0.75017244
7210,valid,0,0.038409945
10699,valid,0,0.038409945
3008,valid,0,0.75017244
3220,valid,0,0.75017244
1618,valid,0,0.03838789
4313,valid,0,0.75017244
8321,valid,0,0.040795173
6843,valid,0,0.038409945
4139,valid,0,0.038409945
2164,valid,0,0.038409945
7009,valid,0,0.038409945
5989,valid,0,0.038409945
8688,valid,0,0.038409945
2968,valid,0,0.75017244
7203,valid,0,0.038409945
110,valid,0,0.038409945
3119,valid,0,0.038409945
10675,valid,0,0.75017244
9301,valid,0,0.75017244
3203,valid,0,0.03838789
9245,valid,0,0.05459664
106,valid,0,0.75017244
9052,valid,0,0.038409945
9718,valid,0,0.75017244
8710,valid,0,0.038364206
4306,valid,0,0.75017244
8063,valid,0,0.038409945
3115,valid,0,0.038409945
7625,valid,0,0.05459664
6845,valid,0,0.75017244
225,valid,0,0.038409945
8925,valid,0,0.038409945
8768,valid,0,0.038409945
7011,valid,0,0.038409945
983,valid,0,0.038409945
7363,valid,0,0.038364206
10655,valid,0,0.75017244
8987,valid,0,0.038409945
9536,valid,0,0.75017244
9681,valid,0,0.75017244
8581,valid,0,0.038409945
9898,valid,0,0.038409945
2380,valid,0,0.038409945
10647,valid,0,0.038409945
3478,valid,0,0.038409945
1703,valid,0,0.038409945
1718,valid,0,0.038409945
8932,valid,0,0.038409945
5265,valid,0,0.75017244
10454,valid,0,0.03838789
4167,valid,0,0.038409945
7703,valid,0,0.75017244
1489,valid,0,0.75017244
4135,valid,0,0.75017244
6981,valid,0,0.75017244
2741,valid,0,0.038409945
7215,valid,0,0.038409945
8571,valid,0,0.038409945
9069,valid,0,0.75017244
280,valid,0,0.038409945
4181,valid,0,0.75017244
265,valid,0,0.038409945
9673,valid,0,0.75017244
10065,valid,0,0.75017244
9722,valid,0,0.75017244
8872,valid,0,0.038409945
2752,valid,0,0.038409945
10482,valid,0,0.038409945
831,valid,0,0.038409945
4326,valid,0,0.75017244
2037,valid,0,0.038409945
7637,valid,0,0.75017244
9946,valid,0,0.038409945
984,valid,0,0.038409945
3140,valid,0,0.038409945
8339,valid,0,0.75017244
9887,valid,0,0.75017244
3150,valid,0,0.038409945
99,valid,0,0.038409945
7889,valid,0,0.75017244
8684,valid,0,0.038409945
9208,valid,0,0.038409945
4636,valid,0,0.038409945
7373,valid,0,0.75017244
5978,valid,0,0.038409945
5332,valid,0,0.038409945
3479,valid,0,0.75017244
5573,valid,0,0.038409945
5572,valid,0,0.038409945
2347,valid,0,0.038409945
10715,valid,0,0.038409945
3470,valid,0,0.038409945
8335,valid,0,0.038409945
3539,valid,0,0.038409945
4035,valid,0,0.038409945
276,valid,0,0.038409945
2149,valid,0,0.038409945
10522,valid,0,0.038409945
698,valid,0,0.038409945
2917,valid,0,0.038409945
2403,valid,0,0.038409945
4336,valid,0,0.75017244
245,valid,0,0.038409945
10692,valid,0,0.75017244
3526,valid,0,0.038409945
2357,valid,0,0.038409945
2366,valid,0,0.038409945
3543,valid,0,0.038409945
4432,valid,0,0.75017244
9058,valid,0,0.040795173
9811,valid,0,0.040795173
4396,valid,0,0.038409945
5769,valid,0,0.75017244
1655,valid,0,0.75017244
3117,valid,0,0.040795173
5788,valid,0,0.038409945
4059,valid,0,0.038409945
7400,valid,0,0.038409945
6724,valid,0,0.038409945
9305,valid,0,0.038409945
6735,valid,0,0.038409945
5709,valid,0,0.75017244
8383,valid,0,0.75017244
243,valid,0,0.75017244
2006,valid,0,0.75017244
3180,valid,0,0.03838789
7757,valid,0,0.038364206
5178,valid,0,0.75017244
817,valid,0,0.75017244
2132,valid,0,0.038409945
3519,valid,0,0.038409945
2053,valid,0,0.75017244
9535,valid,0,0.038409945
10173,valid,0,0.75017244
8047,valid,0,0.038409945
1526,valid,0,0.038409945
8993,valid,0,0.038409945
262,valid,0,0.75017244
1231,valid,0,0.03838789
9826,valid,0,0.038364206
978,valid,0,0.038409945
7362,valid,0,0.05459664
5278,valid,0,0.75017244
2742,valid,0,0.040795173
603,valid,0,0.040795173
988,valid,0,0.75017244
7257,valid,0,0.75017244
7890,valid,0,0.75017244
7415,valid,0,0.038409945
4647,valid,0,0.75017244
255,valid,0,0.08636963
7199,valid,0,0.75017244
8380,valid,0,0.038409945
4036,valid,0,0.038409945
9166,valid,0,0.038364206
2407,valid,0,0.038409945
10709,valid,0,0.038409945
1693,valid,0,0.038409945
7276,valid,0,0.07877909
9810,valid,0,0.75017244
175,valid,0,0.75017244
9945,valid,0,0.75017244
9212,valid,0,0.10781388
3546,valid,0,0.038409945
5322,valid,0,0.038409945
10637,valid,0,0.038409945
1585,valid,0,0.038409945
8586,valid,0,0.038409945
8231,valid,0,0.75017244
4390,valid,0,0.038409945
10358,valid,0,0.038409945
7219,valid,0,0.75017244
5712,valid,0,0.75017244
9542,valid,0,0.040795173
3225,valid,0,0.75017244
5540,valid,0,0.038409945
1410,valid,0,0.75017244
4378,valid,0,0.038409945
4191,valid,0,0.75017244
8690,valid,0,0.75017244
9607,valid,0,0.038409945
8331,valid,0,0.05459664
8447,valid,0,0.038409945
129,valid,0,0.038364206
7254,valid,0,0.75017244
7258,valid,0,0.038409945
10645,valid,0,0.038409945
9932,valid,0,0.03838789
111,valid,0,0.038409945
5340,valid,0,0.038409945
8767,valid,0,0.038409945
4492,valid,0,0.75017244
6037,valid,0,0.18626489
9726,valid,0,0.040795173
5562,valid,0,0.038409945
1719,valid,0,0.75017244
6,valid,0,0.75017244
6312,valid,0,0.038409945
5192,valid,0,0.038409945
3287,valid,0,0.75017244
2743,valid,0,0.038409945
2405,valid,0,0.038409945
10704,valid,0,0.038409945
2974,valid,0,0.038409945
8527,valid,0,0.75017244
1822,valid,0,0.038364206
9050,valid,0,0.038409945
604,valid,0,0.75017244
6076,valid,0,0.75017244
10713,valid,0,0.038409945
3193,valid,0,0.75017244
5971,valid,0,0.75017244
8924,valid,0,0.038409945
6600,valid,0,0.038409945
1364,valid,0,0.75017244
103,valid,0,0.75017244
6842,valid,0,0.75017244
4268,valid,0,0.038409945
7918,valid,0,0.75017244
1361,valid,0,0.038409945
7380,valid,0,0.03838789
2029,valid,0,0.038409945
3771,valid,0,0.038409945
1379,valid,0,0.038364206
3673,valid,0,0.038409945
3135,valid,0,0.038409945
3666,valid,0,0.040795173
2040,valid,0,0.038409945
5565,valid,0,0.038409945
5698,valid,0,0.75017244
8531,valid,0,0.038364206
96,valid,0,0.75017244
7015,valid,0,0.75017244
9853,valid,0,0.038409945
9297,valid,0,0.05459664
6027,valid,0,0.038409945
8562,valid,0,0.038409945
8935,valid,0,0.038409945
9283,valid,0,0.038409945
8884,valid,0,0.75017244
4193,valid,0,0.038409945
4321,valid,0,0.038409945
8754,valid,0,0.038409945
3475,valid,0,0.038409945
1531,valid,0,0.75017244
287,valid,0,0.038409945
5979,valid,0,0.038409945
6855,valid,0,0.038409945
9714,valid,0,0.038409945
9220,valid,0,0.038409945
2146,valid,0,0.038409945
1612,valid,0,0.038409945
4264,valid,0,0.038409945
15,valid,0,0.038409945
2732,valid,0,0.75017244
4626,valid,0,0.75017244
9604,valid,0,0.038409945
7003,valid,0,0.75017244
6707,valid,0,0.75017244
4,valid,0,0.038409945
257,valid,0,0.038409945
6314,valid,0,0.038409945
4253,valid,0,0.75017244
9529,valid,0,0.038409945
8578,valid,0,0.038409945
182,valid,0,0.038409945
4338,valid,0,0.038409945
6081,valid,0,0.038409945
9062,valid,0,0.75017244
7421,valid,0,0.75017244
3462,valid,0,0.75017244
5202,valid,0,0.038409945
194,valid,0,0.75017244
11019,valid,0,0.75017244
816,valid,0,0.038409945
8762,valid,0,0.038409945
6851,valid,0,0.038409945
1193,valid,0,0.75017244
8701,valid,0,0.75017244
5272,valid,0,0.038409945
2166,valid,0,0.038409945
3015,valid,0,0.75017244
1653,valid,0,0.75017244
9905,valid,0,0.038409945
7175,valid,0,0.038409945
5548,valid,0,0.038409945
7164,valid,0,0.75017244
9284,valid,0,0.21822351
9836,valid,0,0.75017244
11022,valid,0,0.038409945
3184,valid,0,0.75017244
972,valid,0,0.038409945
5264,valid,0,0.038409945
8759,valid,0,0.038409945
10994,valid,0,0.038409945
9239,valid,0,0.75017244
8689,valid,0,0.038409945
2133,valid,0,0.038409945
5564,valid,0,0.038409945
9690,valid,0,0.038409945
3222,valid,0,0.038409945
10486,valid,0,0.75017244
8354,valid,0,0.038409945
4490,valid,0,0.75017244
6966,valid,0,0.75017244
3663,valid,0,0.038409945
6993,valid,0,0.75017244
7395,valid,0,0.75017244
4607,valid,0,0.75017244
3677,valid,0,0.75017244
7008,valid,0,0.038409945
278,valid,0,0.040795017
4031,valid,0,0.038409945
10456,valid,0,0.038409945
6244,valid,0,0.75017244
7256,valid,0,0.75017244
7261,valid,0,0.038409945
285,valid,0,0.038409945
7162,valid,0,0.040795173
4144,valid,0,0.040795173
7696,valid,0,0.038409945
7698,valid,0,0.038409945
10444,valid,0,0.038409945
5959,valid,0,0.038409945
9096,valid,0,0.038409945
4033,valid,0,0.75017244
5568,valid,0,0.038409945
1583,valid,0,0.038409945
5273,valid,0,0.75017244
109,valid,0,0.038409945
8344,valid,0,0.038409945
10712,valid,0,0.038409945
993,valid,0,0.75017244
979,valid,0,0.038409945
2911,valid,0,0.038409945
5556,valid,0,0.038409945
10490,valid,0,0.038409945
292,valid,0,0.75017244
234,valid,0,0.75017244
1619,valid,0,0.038409945
5189,valid,0,0.75017244
8749,valid,0,0.75017244
9303,valid,0,0.038409945
9668,valid,0,0.03838789
8888,valid,0,0.038409945
1696,valid,0,0.038409945
2906,valid,0,0.038409945
1589,valid,0,0.038409945
1373,valid,0,0.038409945
10555,valid,0,0.038364206
3139,valid,0,0.038409945
3452,valid,0,0.038409945
7213,valid,0,0.75017244
1378,valid,0,0.038409945
10531,valid,0,0.040795173
2412,valid,0,0.038409945
8053,valid,0,0.057959106
2349,valid,0,0.038409945
1868,valid,0,0.038409945
3463,valid,0,0.038409945
8302,valid,0,0.038409945
6077,valid,0,0.75017244
107,valid,0,0.038409945
10413,valid,0,0.75017244
8926,valid,0,0.038409945
3548,valid,0,0.038409945
9851,valid,0,0.75017244
2382,valid,0,0.038409945
9888,valid,0,0.038409945
3523,valid,0,0.038409945
5197,valid,0,0.75017244
2401,valid,0,0.038409945
2173,valid,0,0.038409945
9724,valid,0,0.75017244
9857,valid,0,0.038409945
4651,valid,0,0.75017244
8563,valid,0,0.75017244
4134,valid,0,0.038409945
1818,valid,0,0.038409945
2373,valid,0,0.038364206
10702,valid,0,0.038409945
1365,valid,0,0.038364206
4133,valid,0,0.038409945
7995,valid,0,0.75017244
7914,valid,0,0.038364206
6311,valid,0,0.038409945
1867,valid,0,0.038409945
8353,valid,0,0.038409945
1355,valid,0,0.75017244
6039,valid,0,0.040795173
6303,valid,0,0.038409945
201,valid,0,0.038409945
4265,valid,0,0.038409945
6696,valid,0,0.038409945
6850,valid,0,0.038409945
6046,valid,0,0.75017244
4628,valid,0,0.038409945
10188,valid,0,0.038409945
7280,valid,0,0.038409945
10329,valid,0,0.038364206
3131,valid,0,0.038409945
4136,valid,0,0.038409945
8564,valid,0,0.038409945
7913,valid,0,0.12052462
7858,valid,0,0.038364206
9823,valid,0,0.038409945
4192,valid,0,0.75017244
274,valid,0,0.75017244
11,valid,0,0.038409945
10672,valid,0,0.038409945
7927,valid,0,0.038409945
10547,valid,0,0.75017244
269,valid,0,0.038409945
7895,valid,0,0.038409945
126,valid,0,0.038409945
4058,valid,0,0.038409945
2101,valid,0,0.038409945
5799,valid,0,0.75017244
1856,valid,0,0.038364206
8766,valid,0,0.03838789
1513,valid,0,0.038364206
7626,valid,0,0.75017244
10678,valid,0,0.75017244
5262,valid,0,0.75017244
16,valid,0,0.038409945
3153,valid,0,0.75017244
277,valid,0,0.75017244
8003,valid,0,0.038409945
5554,valid,0,0.038409945
2443,valid,0,0.75017244
4637,valid,0,0.75017244
9541,valid,0,0.038409945
4642,valid,0,0.75017244
258,valid,0,0.05046348
9163,valid,0,0.03838789
4638,valid,0,0.038409945
8008,valid,0,0.037836403
10184,valid,0,0.037836403
6072,valid,0,0.75017244
4057,valid,0,0.038409945
4165,valid,0,0.038409945
2147,valid,0,0.038409945
2746,valid,0,0.038409945
9880,valid,0,0.038364206
6734,valid,0,0.038409945
260,valid,0,0.038409945
8758,valid,0,0.038409945
5196,valid,0,0.038409945
6848,valid,0,0.75017244
8112,valid,0,0.05459664
1740,valid,1,0.60885835
68,valid,0,0.03838789
318,valid,0,0.03838789
7670,valid,0,0.75017244
326,valid,0,0.038364206
57,valid,0,0.75017244
7662,valid,0,0.05459664
4154,valid,0,0.75017244
8131,valid,0,0.75017244
4664,valid,1,0.75017244
5834,valid,0,0.75017244
5843,valid,0,0.05459664
6779,valid,0,0.75017244
1981,valid,0,0.05459664
412,valid,0,0.05459664
6289,valid,0,0.75017244
7951,valid,1,0.75017244
2798,valid,0,0.75017244
2822,valid,0,0.038409945
405,valid,0,0.75017244
10508,valid,0,0.75017244
679,valid,0,0.75017244
10509,valid,0,0.75017244
511,valid,0,0.75017244
7700,valid,1,0.75017244
7867,valid,0,0.75017244
4646,valid,0,0.05459664
7879,valid,0,0.75017244
4176,valid,1,0.75017244
3196,valid,0,0.75017244
3291,valid,0,0.038409945
3832,valid,1,0.75017244
4968,valid,0,0.75017244
8136,valid,0,0.05459664
168,valid,0,0.05459664
3275,valid,0,0.05459664
4859,valid,1,0.75017244
3433,valid,0,0.05459664
5260,valid,1,0.75017244
4955,valid,1,0.75017244
7903,valid,0,0.05459664
4951,valid,1,0.75017244
7297,valid,1,0.75017244
7512,valid,0,0.75017244
5007,valid,0,0.75017244
4991,valid,0,0.75017244
4288,valid,1,0.75017244
3424,valid,0,0.75017244
7466,valid,0,0.75017244
5454,valid,0,0.75017244
3692,valid,0,0.75017244
2568,valid,0,0.75017244
11051,valid,1,0.75017244
10003,valid,0,0.75017244
887,valid,0,0.75017244
716,valid,1,0.75017244
341,valid,0,0.05459664
8158,valid,0,0.75017244
10030,valid,0,0.75017244
345,valid,0,0.03838789
8436,valid,0,0.75017244
6652,valid,0,0.75017244
10032,valid,0,0.038409945
4372,valid,0,0.75017244
1464,valid,0,0.75017244
7847,valid,0,0.05459664
6802,valid,0,0.75017244
5758,valid,0,0.05459664
1460,valid,0,0.75017244
9721,valid,1,0.75017244
9070,valid,1,0.75017244
10865,valid,0,0.75017244
6394,valid,0,0.05459664
10688,valid,0,0.05459664
9399,valid,0,0.75017244
9611,valid,0,0.75017244
5692,valid,0,0.75017244
1368,valid,0,0.75017244
9306,valid,0,0.05459664
9631,valid,0,0.05459664
9618,valid,0,0.75017244
6395,valid,0,0.05046348
8720,valid,0,0.040795173
2748,valid,0,0.040795173
1414,valid,0,0.75017244
7391,valid,0,0.75017244
3089,valid,1,0.75017244
8820,valid,1,0.75017244
8868,valid,0,0.75017244
8500,valid,0,0.75017244
1555,valid,0,0.75017244
7106,valid,0,0.75017244
1591,valid,1,0.75017244
8771,valid,1,0.75017244
2398,valid,1,0.75017244
4571,valid,0,0.05459664
9816,valid,0,0.75017244
1343,valid,0,0.05459664
4379,valid,1,0.038409945
8516,valid,0,0.75017244
3129,valid,0,0.75017244
3213,valid,0,0.75017244
6830,valid,1,0.75017244
217,valid,1,0.75017244
7674,valid,0,0.75017244
9015,valid,0,0.75017244
449,valid,0,0.75017244
599,valid,0,0.75017244
4954,valid,1,0.75017244
7684,valid,0,0.038409945
8616,valid,0,0.05459664
2874,valid,0,0.03838789
2278,valid,0,0.05459664
2873,valid,0,0.05459664
7163,valid,0,0.05459664
18,valid,1,0.75017244
10443,valid,1,0.75017244
9652,valid,0,0.75017244
9949,valid,0,0.75017244
9660,valid,0,0.05459664
9610,valid,1,0.75017244
2422,test,1,0.75017244
3768,test,0,0.75017244
10059,test,0,0.038409945
5328,test,0,0.038409945
10426,test,0,0.75017244
8445,test,0,0.75017244
7018,test,0,0.75017244
10978,test,0,0.75017244
8927,test,0,0.75017244
3778,test,0,0.75017244
8753,test,1,0.75017244
2413,test,1,0.75017244
10064,test,0,0.75017244
3472,test,1,0.75017244
4625,test,1,0.75017244
10553,test,0,0.75017244
6242,test,0,0.75017244
91,test,0,0.05459664
6236,test,0,0.75017244
198,test,0,0.75017244
113,test,1,0.75017244
4629,test,1,0.75017244
4179,test,0,0.75017244
3158,test,0,0.75017244
8027,test,0,0.75017244
3971,test,0,0.75017244
6780,test,0,0.75017244
2497,test,0,0.75017244
3734,test,0,0.75017244
3613,test,0,0.75017244
6660,test,0,0.75017244
76,test,0,0.75017244
1967,test,0,0.75017244
8157,test,0,0.75017244
2062,test,0,0.75017244
9010,test,0,0.75017244
3324,test,0,0.75017244
7597,test,0,0.03838789
2341,test,0,0.03838789
8022,test,0,0.75017244
4371,test,0,0.038364206
9023,test,0,0.75017244
8193,test,0,0.038409945
3620,test,0,0.75017244
8597,test,0,0.75017244
11086,test,0,0.75017244
5404,test,0,0.75017244
153,test,0,0.75017244
7510,test,0,0.03838789
469,test,0,0.75017244
5725,test,0,0.75017244
5714,test,1,0.75017244
2994,test,0,0.75017244
4901,test,0,0.75017244
9470,test,0,0.75017244
464,test,0,0.75017244
2811,test,0,0.75017244
9790,test,0,0.75017244
8197,test,0,0.75017244
5123,test,0,0.75017244
5400,test,0,0.75017244
8222,test,0,0.75017244
1943,test,0,0.75017244
5054,test,0,0.75017244
208,test,0,0.75017244
9915,test,0,0.75017244
4505,test,0,0.75017244
218,test,0,0.03838789
10126,test,0,0.75017244
6803,test,0,0.03838789
951,test,0,0.75017244
4229,test,0,0.75017244
10625,test,0,0.75017244
8780,test,0,0.75017244
6298,test,0,0.75017244
7802,test,0,0.75017244
8416,test,0,0.75017244
5394,test,0,0.75017244
5894,test,0,0.038409945
4994,test,0,0.75017244
1936,test,0,0.75017244
11069,test,0,0.75017244
5581,test,0,0.038409945
7804,test,0,0.75017244
9991,test,0,0.75017244
3353,test,0,0.75017244
4203,test,0,0.03838789
5715,test,0,0.75017244
9475,test,0,0.75017244
5901,test,0,0.038409945
6247,test,0,0.75017244
6865,test,0,0.75017244
5851,test,0,0.75017244
6940,test,0,0.75017244
10383,test,0,0.75017244
5899,test,0,0.75017244
6287,test,0,0.75017244
4927,test,0,0.75017244
361,test,0,0.05459664
8023,test,0,0.75017244
3405,test,0,0.038409945
4292,test,0,0.75017244
1790,test,0,0.038409945
6863,test,0,0.75017244
7551,test,0,0.75017244
11087,test,0,0.75017244
1510,test,0,0.75017244
4843,test,0,0.75017244
1938,test,0,0.75017244
3400,test,0,0.75017244
4727,test,0,0.75017244
10373,test,0,0.038409945
3854,test,0,0.75017244
6417,test,0,0.75017244
5860,test,0,0.75017244
10083,test,0,0.75017244
5159,test,0,0.75017244
2695,test,0,0.75017244
6616,test,0,0.75017244
3317,test,0,0.75017244
869,test,0,0.038409945
1033,test,0,0.75017244
4935,test,0,0.75017244
1021,test,0,0.75017244
6796,test,0,0.038409945
9198,test,0,0.75017244
3162,test,0,0.75017244
8151,test,0,0.75017244
6816,test,0,0.75017244
5643,test,0,0.75017244
9964,test,0,0.75017244
4670,test,0,0.038409945
6621,test,0,0.75017244
6149,test,0,0.038409945
8414,test,0,0.75017244
2815,test,0,0.05459664
5913,test,0,0.038409945
7648,test,0,0.038409945
8215,test,0,0.038409945
1202,test,0,0.75017244
6055,test,0,0.75017244
6441,test,0,0.75017244
3167,test,0,0.75017244
2855,test,0,0.75017244
5045,test,0,0.75017244
3252,test,0,0.75017244
3957,test,0,0.038409945
8553,test,0,0.75017244
10079,test,0,0.038409945
5361,test,0,0.75017244
8038,test,0,0.75017244
5880,test,0,0.038409945
7497,test,0,0.75017244
4858,test,0,0.75017244
6867,test,0,0.038409945
5916,test,0,0.75017244
1005,test,0,0.040795173
3822,test,0,0.75017244
9423,test,0,0.75017244
10615,test,0,0.040795173
3826,test,0,0.75017244
7613,test,0,0.75017244
6607,test,0,0.75017244
1217,test,0,0.038409945
6293,test,0,0.75017244
3354,test,0,0.75017244
5757,test,0,0.038409945
6143,test,0,0.038409945
11082,test,0,0.038409945
4996,test,0,0.03838789
1903,test,0,0.75017244
6810,test,0,0.038409945
7509,test,0,0.75017244
10955,test,0,0.75017244
8841,test,0,0.038409945
4459,test,0,0.75017244
3626,test,0,0.75017244
6768,test,0,0.75017244
539,test,0,0.038409945
79,test,0,0.75017244
3718,test,0,0.75017244
4960,test,0,0.75017244
4284,test,0,0.75017244
2539,test,0,0.75017244
1978,test,0,0.75017244
1292,test,0,0.75017244
9183,test,0,0.75017244
3850,test,0,0.040795173
5934,test,0,0.75017244
5124,test,0,0.75017244
3419,test,0,0.75017244
2804,test,0,0.75017244
4947,test,0,0.75017244
39,test,0,0.75017244
549,test,0,0.75017244
7493,test,0,0.038409945
8429,test,0,0.038409945
6764,test,0,0.75017244
3740,test,0,0.75017244
503,test,0,0.75017244
5883,test,0,0.75017244
8186,test,0,0.75017244
2242,test,0,0.75017244
2864,test,0,0.75017244
1500,test,0,0.75017244
5048,test,0,0.038409945
10269,test,0,0.038409945
8205,test,0,0.038409945
4854,test,0,0.75017244
344,test,0,0.038364206
364,test,0,0.75017244
10628,test,0,0.038364206
1902,test,0,0.03838789
4208,test,0,0.75017244
1014,test,0,0.75017244
4366,test,0,0.75017244
6783,test,0,0.75017244
2306,test,0,0.75017244
4067,test,0,0.75017244
10871,test,0,0.038409945
2071,test,0,0.038409945
7308,test,0,0.038409945
6626,test,0,0.038409945
8221,test,0,0.75017244
6147,test,0,0.75017244
9986,test,0,0.75017244
10252,test,0,0.05459664
9980,test,0,0.75017244
9000,test,0,0.75017244
9473,test,0,0.75017244
6752,test,0,0.75017244
5290,test,0,0.75017244
8171,test,0,0.75017244
4938,test,0,0.75017244
9477,test,0,0.05046348
10968,test,0,0.75017244
671,test,0,0.75017244
4961,test,0,0.75017244
1276,test,0,0.75017244
10271,test,0,0.038364206
1940,test,0,0.03838789
1893,test,0,0.038409945
5367,test,0,0.038409945
4358,test,0,0.75017244
7909,test,0,0.75017244
542,test,0,0.038409945
1805,test,0,0.75017244
3701,test,0,0.03838789
6277,test,0,0.75017244
4721,test,0,0.038364206
548,test,0,0.75017244
6797,test,0,0.03838789
2821,test,0,0.75017244
3240,test,0,0.03838789
5001,test,0,0.057959106
5871,test,0,0.03838789
2587,test,0,0.038409945
5722,test,0,0.75017244
10391,test,0,0.038364206
9410,test,0,0.75017244
10563,test,0,0.75017244
7907,test,0,0.03838789
2516,test,0,0.75017244
675,test,0,0.05046348
5230,test,0,0.75017244
475,test,0,0.75017244
8180,test,0,0.038364206
10280,test,0,0.75017244
7063,test,0,0.75017244
3157,test,0,0.75017244
3722,test,0,0.038409945
415,test,0,0.052689523
3745,test,0,0.038409945
2540,test,0,0.75017244
7783,test,0,0.75017244
3966,test,0,0.038364206
2592,test,0,0.75017244
7797,test,0,0.75017244
5289,test,0,0.03838789
8777,test,0,0.03838789
2310,test,0,0.03838789
2546,test,0,0.75017244
5300,test,0,0.75017244
3241,test,0,0.75017244
9417,test,0,0.75017244
9125,test,0,0.75017244
4219,test,0,0.038409945
4928,test,0,0.75017244
8145,test,0,0.038409945
1896,test,0,0.75017244
7499,test,0,0.75017244
5461,test,0,0.03838789
1279,test,0,0.75017244
1494,test,0,0.75017244
1472,test,0,0.75017244
1328,test,0,0.75017244
167,test,0,0.75017244
4222,test,0,0.75017244
10977,test,0,0.75017244
1064,test,0,0.75017244
5582,test,0,0.75017244
4949,test,0,0.75017244
8152,test,0,0.75017244
4463,test,0,0.75017244
1505,test,0,0.038409945
9500,test,0,0.03838789
1792,test,0,0.75017244
2542,test,0,0.75017244
7776,test,0,0.75017244
660,test,0,0.75017244
10123,test,0,0.75017244
2340,test,0,0.75017244
172,test,0,0.03838789
4907,test,0,0.03838789
8546,test,0,0.75017244
584,test,0,0.75017244
6773,test,0,0.03838789
5862,test,0,0.03838789
10659,test,0,0.03838789
7841,test,0,0.03838789
7726,test,0,0.03838789
10973,test,0,0.75017244
9002,test,0,0.038409945
1165,test,0,0.05459664
1066,test,0,0.75017244
6873,test,0,0.75017244
2698,test,0,0.75017244
9180,test,0,0.75017244
3311,test,0,0.75017244
2632,test,0,0.03838789
9424,test,0,0.75017244
10251,test,0,0.75017244
6056,test,0,0.040795173
3699,test,0,0.75017244
3814,test,0,0.75017244
7961,test,0,0.75017244
2240,test,0,0.75017244
4062,test,0,0.75017244
3964,test,0,0.75017244
2990,test,0,0.75017244
9427,test,0,0.75017244
4952,test,0,0.75017244
4506,test,0,0.75017244
595,test,0,0.75017244
10078,test,0,0.03838789
8776,test,0,0.038364206
5905,test,0,0.75017244
8170,test,0,0.03838789
4455,test,0,0.03838789
967,test,0,0.75017244
5859,test,0,0.75017244
6649,test,0,0.03838789
11067,test,0,0.75017244
3621,test,0,0.038364206
8172,test,0,0.75017244
10258,test,0,0.75017244
5578,test,0,0.75017244
5142,test,0,0.75017244
3809,test,0,0.75017244
10904,test,0,0.75017244
4205,test,0,0.038409945
1942,test,0,0.038409945
1280,test,0,0.75017244
1892,test,0,0.75017244
10099,test,0,0.75017244
1901,test,0,0.75017244
4966,test,0,0.75017244
3623,test,0,0.75017244
3502,test,0,0.75017244
2303,test,0,0.75017244
5379,test,0,0.75017244
8021,test,0,0.75017244
10033,test,0,0.03838789
8848,test,0,0.75017244
5012,test,0,0.75017244
2817,test,0,0.038409945
4364,test,0,0.038364206
7652,test,0,0.75017244
8138,test,0,0.038409945
776,test,0,0.038409945
6427,test,0,0.08493667
6829,test,0,0.75017244
3309,test,0,0.75017244
4732,test,0,0.038409945
4754,test,0,0.75017244
1310,test,0,0.75017244
450,test,0,0.038409945
8137,test,0,0.75017244
8167,test,0,0.03838789
10568,test,0,0.75017244
10254,test,0,0.75017244
2518,test,0,0.75017244
5836,test,0,0.03838789
4357,test,0,0.75017244
3314,test,0,0.75017244
5157,test,0,0.03838789
8555,test,0,0.75017244
8188,test,0,0.75017244
567,test,0,0.03838789
6640,test,0,0.75017244
7605,test,0,0.75017244
3987,test,0,0.75017244
8178,test,0,0.75017244
6131,test,0,0.75017244
6794,test,0,0.038409945
10119,test,0,0.75017244
2988,test,0,0.75017244
5839,test,0,0.75017244
10270,test,0,0.75017244
3704,test,0,0.03838789
8946,test,0,0.75017244
7650,test,0,0.75017244
3411,test,0,0.75017244
2861,test,0,0.75017244
8773,test,0,0.75017244
3816,test,0,0.03838789
674,test,0,0.75017244
6248,test,0,0.03838789
3963,test,0,0.03838789
7942,test,0,0.75017244
1173,test,0,0.03838789
5890,test,0,0.75017244
564,test,0,0.038364206
7947,test,0,0.038364206
448,test,0,0.038364206
7780,test,0,0.75017244
7496,test,0,0.75017244
7059,test,0,0.75017244
2235,test,0,0.75017244
10090,test,0,0.75017244
1798,test,0,0.038409945
5864,test,0,0.75017244
2526,test,0,0.75017244
1971,test,0,0.75017244
7134,test,0,0.75017244
9785,test,0,0.03838789
8592,test,0,0.03838789
10111,test,0,0.038409945
5844,test,0,0.75017244
3617,test,0,0.75017244
6902,test,0,0.75017244
3304,test,0,0.75017244
10961,test,0,0.75017244
5579,test,0,0.75017244
3719,test,0,0.75017244
5588,test,0,0.75017244
4272,test,0,0.038409945
3853,test,0,0.038364206
600,test,0,0.038409945
6943,test,0,0.75017244
8840,test,0,0.75017244
6297,test,0,0.75017244
461,test,0,0.75017244
3700,test,0,0.038409945
4715,test,0,0.75017244
3423,test,0,0.75017244
7785,test,0,0.05459664
3581,test,0,0.75017244
10884,test,0,0.75017244
8410,test,0,0.038409945
3716,test,0,0.05046348
4217,test,0,0.75017244
7786,test,0,0.75017244
3172,test,0,0.038409945
2524,test,0,0.03838789
2501,test,0,0.03838789
9787,test,0,0.75017244
2538,test,0,0.038409945
8948,test,0,0.75017244
10969,test,0,0.038409945
1083,test,0,0.75017244
10384,test,0,0.75017244
10663,test,0,0.038364206
6800,test,0,0.75017244
169,test,0,0.75017244
574,test,0,0.75017244
206,test,0,0.75017244
4087,test,0,0.038409945
5614,test,0,0.75017244
6860,test,0,0.75017244
10617,test,0,0.75017244
1897,test,0,0.75017244
7955,test,0,0.03838789
10953,test,0,0.038409945
4224,test,0,0.038409945
3579,test,0,0.75017244
10581,test,0,0.75017244
6790,test,0,0.75017244
10897,test,0,0.75017244
510,test,0,0.75017244
10664,test,0,0.75017244
5111,test,0,0.10781388
7600,test,0,0.75017244
6283,test,0,0.75017244
9984,test,0,0.03838789
8194,test,0,0.75017244
4728,test,0,0.75017244
7557,test,0,0.038409945
1331,test,0,0.75017244
570,test,0,0.75017244
360,test,0,0.03838789
9928,test,0,0.75017244
5849,test,0,0.75017244
5116,test,0,0.038364206
9112,test,0,0.75017244
4905,test,0,0.038409945
468,test,0,0.75017244
6416,test,0,0.038409945
10632,test,0,0.75017244
26,test,0,0.038409945
7793,test,0,0.038409945
6419,test,0,0.038409945
1077,test,0,0.75017244
5298,test,0,0.03838789
6431,test,0,0.75017244
6648,test,0,0.75017244
9917,test,0,0.75017244
864,test,0,0.75017244
772,test,0,0.03838789
1939,test,0,0.75017244
7849,test,0,0.75017244
9634,test,0,0.03838789
4348,test,0,0.75017244
5863,test,0,0.03838789
4069,test,0,0.75017244
445,test,0,0.03838789
9476,test,0,0.03838789
10027,test,0,0.038364206
8593,test,0,0.75017244
156,test,0,0.75017244
7565,test,0,0.75017244
2521,test,0,0.03838789
8600,test,0,0.038409945
7555,test,0,0.75017244
8147,test,0,0.038409945
4362,test,0,0.038364206
2502,test,0,0.75017244
1008,test,0,0.03838789
3337,test,0,0.038364206
560,test,0,0.038409945
1290,test,0,0.038409945
350,test,0,0.75017244
1463,test,0,0.038364206
10021,test,0,0.038364206
6250,test,0,0.038364206
5857,test,0,0.038364206
9463,test,0,0.038364206
366,test,0,0.038409945
4198,test,0,0.038409945
2506,test,0,0.038364206
7781,test,0,0.038409945
4995,test,0,0.75017244
3406,test,0,0.75017244
3247,test,0,0.038409945
3807,test,0,0.75017244
661,test,0,0.040795173
408,test,0,0.038409945
10132,test,0,0.03838789
3710,test,0,0.75017244
6903,test,0,0.038409945
4088,test,0,0.75017244
6295,test,0,0.038409945
359,test,0,0.038409945
4066,test,0,0.038409945
3260,test,0,0.75017244
170,test,0,0.03838789
10577,test,0,0.038364206
43,test,0,0.75017244
3741,test,0,0.75017244
4279,test,0,0.038364206
342,test,0,0.75017244
583,test,0,0.038364206
4196,test,0,0.038364206
31,test,0,0.75017244
9468,test,0,0.038364206
7602,test,0,0.038409945
3303,test,0,0.038409945
5931,test,0,0.75017244
7617,test,0,0.75017244
5257,test,0,0.75017244
4518,test,0,0.75017244
2623,test,0,0.038364206
1502,test,0,0.75017244
2504,test,0,0.75017244
4375,test,0,0.03838789
9416,test,0,0.038364206
8560,test,0,0.75017244
5847,test,0,0.75017244
10612,test,0,0.75017244
3341,test,0,0.038409945
1975,test,0,0.75017244
4457,test,0,0.75017244
736,test,0,0.040795017
6664,test,0,0.03838789
5718,test,0,0.75017244
2955,test,0,0.038409945
9130,test,0,0.75017244
8169,test,0,0.75017244
7505,test,0,0.75017244
3327,test,0,0.038409945
4278,test,0,0.75017244
1784,test,0,0.03838789
10630,test,0,0.75017244
3302,test,0,0.75017244
9799,test,0,0.75017244
1200,test,0,0.038409945
9444,test,0,0.03838789
3872,test,0,0.040795173
6437,test,0,0.75017244
6953,test,0,0.75017244
2808,test,0,0.75017244
453,test,0,0.75017244
9004,test,0,0.038409945
5867,test,0,0.75017244
1063,test,0,0.038409945
3849,test,0,0.75017244
4906,test,0,0.038409945
9009,test,0,0.75017244
10089,test,0,0.040795173
2853,test,0,0.038409945
8081,test,0,0.040795173
8025,test,0,0.038409945
6754,test,0,0.75017244
10097,test,0,0.75017244
497,test,0,0.75017244
7568,test,0,0.75017244
8971,test,0,0.75017244
6836,test,0,0.75017244
10951,test,0,0.038409945
10623,test,0,0.038409945
219,test,0,0.75017244
4897,test,0,0.038409945
4271,test,0,0.038364206
3171,test,0,0.75017244
4740,test,0,0.75017244
3255,test,0,0.75017244
7558,test,0,0.75017244
5729,test,0,0.75017244
4930,test,0,0.75017244
155,test,0,0.038409945
1026,test,0,0.75017244
5639,test,0,0.75017244
9804,test,0,0.75017244
452,test,0,0.75017244
7933,test,0,0.75017244
9185,test,0,0.75017244
5754,test,0,0.038409945
1642,test,0,0.75017244
4669,test,0,0.75017244
8426,test,0,0.75017244
10375,test,0,0.75017244
2780,test,0,0.038409945
7680,test,0,0.75017244
3979,test,0,0.75017244
5371,test,0,0.75017244
2637,test,0,0.75017244
3345,test,0,0.75017244
645,test,0,0.75017244
3342,test,0,0.75017244
8142,test,0,0.75017244
3729,test,0,0.75017244
8035,test,0,0.75017244
7792,test,0,0.75017244
4971,test,0,0.03838789
1285,test,0,0.75017244
7717,test,0,0.75017244
7616,test,0,0.75017244
1312,test,0,0.75017244
10428,test,0,0.038409945
5635,test,0,0.75017244
9191,test,0,0.75017244
578,test,0,0.038409945
7292,test,0,0.75017244
505,test,0,0.75017244
862,test,0,0.03838789
7566,test,0,0.75017244
4656,test,0,0.75017244
2523,test,0,0.75017244
8203,test,0,0.75017244
2785,test,0,0.75017244
1930,test,0,0.75017244
29,test,0,0.75017244
7953,test,0,0.038409945
6827,test,0,0.038409945
3955,test,0,0.038409945
3335,test,0,0.75017244
1793,test,0,0.038409945
1948,test,0,0.75017244
5009,test,0,0.75017244
3984,test,0,0.75017244
3735,test,0,0.75017244
1078,test,0,0.75017244
5299,test,0,0.75017244
8439,test,0,0.038409945
8146,test,0,0.038409945
643,test,0,0.038409945
28,test,0,0.75017244
556,test,0,0.75017244
1924,test,0,0.040795173
6627,test,0,0.75017244
6057,test,0,0.75017244
5915,test,0,0.75017244
5251,test,0,0.75017244
648,test,0,0.75017244
2307,test,0,0.75017244
8432,test,0,0.03838789
7649,test,0,0.03838789
775,test,0,0.75017244
73,test,0,0.038409945
10246,test,0,0.038409945
1004,test,0,0.75017244
3413,test,0,0.75017244
1927,test,0,0.040795173
161,test,0,0.038409945
1788,test,0,0.75017244
4460,test,0,0.75017244
5833,test,0,0.03838789
3262,test,0,0.03838789
3500,test,0,0.75017244
554,test,0,0.03838789
717,test,0,0.038364206
1204,test,0,0.75017244
4852,test,0,0.038409945
5854,test,0,0.038409945
5627,test,0,0.75017244
721,test,0,0.75017244
5052,test,0,0.03838789
6650,test,0,0.038364206
734,test,0,0.038409945
3270,test,0,0.75017244
10264,test,0,0.75017244
9982,test,0,0.03838789
3981,test,0,0.75017244
9480,test,0,0.038364206
4719,test,0,0.75017244
7791,test,0,0.75017244
8783,test,0,0.75017244
8999,test,0,0.75017244
5003,test,0,0.75017244
3608,test,0,0.038409945
3300,test,0,0.75017244
4969,test,0,0.75017244
9452,test,0,0.038409945
6748,test,0,0.05459664
4462,test,0,0.03838789
3273,test,0,0.038409945
8149,test,0,0.75017244
467,test,0,0.75017244
6765,test,0,0.03838789
5591,test,0,0.03838789
1922,test,0,0.03838789
3276,test,0,0.03838789
5395,test,0,0.038409945
1969,test,0,0.75017244
6769,test,0,0.038409945
2797,test,0,0.75017244
2525,test,0,0.75017244
1060,test,0,0.75017244
368,test,0,0.75017244
10104,test,0,0.75017244
4083,test,0,0.75017244
6870,test,0,0.038364206
4072,test,0,0.75017244
536,test,0,0.038409945
5723,test,0,0.75017244
5046,test,0,0.038409945
6415,test,0,0.038409945
5108,test,0,0.038364206
10441,test,0,0.75017244
5865,test,0,0.75017244
4863,test,0,0.75017244
5050,test,0,0.038409945
5403,test,0,0.75017244
5914,test,0,0.038409945
731,test,0,0.038364206
7500,test,0,0.75017244
5370,test,0,0.75017244
6775,test,0,0.75017244
4942,test,0,0.75017244
10902,test,0,0.038409945
3864,test,0,0.038409945
9975,test,0,0.75017244
8184,test,0,0.75017244
5118,test,0,0.05459664
3310,test,0,0.75017244
9916,test,0,0.038364206
5590,test,0,0.75017244
9503,test,0,0.75017244
8594,test,0,0.75017244
6880,test,0,0.75017244
5126,test,0,0.038409945
7676,test,0,0.03838789
10034,test,0,0.75017244
7682,test,0,0.75017244
3298,test,0,0.03838789
6435,test,0,0.75017244
964,test,0,0.038409945
1082,test,0,0.038409945
1024,test,0,0.038364206
676,test,0,0.038409945
8784,test,0,0.038364206
75,test,0,0.040795017
10903,test,0,0.038364206
10660,test,0,0.75017244
10392,test,0,0.75017244
9650,test,0,0.75017244
6424,test,0,0.038409945
1506,test,0,0.75017244
3426,test,0,0.03838789
5624,test,0,0.038409945
670,test,0,0.038364206
3410,test,0,0.03838789
9474,test,0,0.75017244
7563,test,0,0.75017244
589,test,0,0.75017244
7135,test,0,0.75017244
3338,test,0,0.038409945
2612,test,0,0.75017244
3983,test,0,0.038409945
6604,test,0,0.05046348
582,test,0,0.038409945
2179,test,0,0.75017244
646,test,0,0.038409945
10886,test,0,0.038409945
2334,test,0,0.038409945
5636,test,0,0.75017244
2776,test,0,0.038409945
5842,test,0,0.75017244
6257,test,0,0.75017244
5928,test,0,0.75017244
11084,test,0,0.038409945
6141,test,0,0.038409945
7673,test,0,0.75017244
9012,test,0,0.75017244
4082,test,0,0.038409945
4723,test,0,0.75017244
9409,test,0,0.05046348
998,test,0,0.038409945
4063,test,0,0.75017244
5587,test,0,0.75017244
5396,test,0,0.038409945
4917,test,0,0.75017244
10497,test,0,0.75017244
1061,test,0,0.75017244
7678,test,0,0.75017244
2701,test,0,0.038364206
8844,test,0,0.038409945
7950,test,0,0.038409945
572,test,0,0.75017244
4739,test,0,0.038364206
3806,test,0,0.038409945
9796,test,0,0.75017244
4708,test,0,0.038409945
8549,test,0,0.038409945
2342,test,0,0.75017244
1022,test,0,0.038364206
9701,test,0,0.038409945
3154,test,0,0.75017244
9637,test,0,0.75017244
969,test,0,0.038409945
5026,test,0,0.038409945
5589,test,0,0.038409945
5615,test,0,0.038409945
10578,test,0,0.038409945
10512,test,0,0.75017244
5240,test,0,0.038409945
2786,test,0,0.75017244
416,test,0,0.038364206
6366,test,0,0.75017244
4925,test,0,0.75017244
3336,test,0,0.038409945
407,test,0,0.038409945
4226,test,0,0.75017244
5237,test,0,0.05046348
6755,test,0,0.75017244
4970,test,0,0.75017244
5381,test,0,0.75017244
1795,test,0,0.75017244
2072,test,0,0.75017244
7773,test,0,0.038364206
952,test,0,0.038409945
6399,test,0,0.038409945
5471,test,0,0.75017244
1316,test,0,0.75017244
4200,test,0,0.03838789
10260,test,0,0.038409945
5840,test,0,0.75017244
410,test,0,0.75017244
10127,test,0,0.038364206
8079,test,0,0.75017244
3993,test,0,0.038409945
9426,test,0,0.038364206
9923,test,0,0.75017244
78,test,0,0.75017244
4730,test,0,0.75017244
10094,test,0,0.038409945
3827,test,0,0.75017244
9421,test,0,0.03838789
7309,test,0,0.75017244
6815,test,0,0.75017244
10108,test,0,0.038364206
7714,test,0,0.75017244
9022,test,0,0.75017244
3244,test,0,0.75017244
652,test,0,0.75017244
1471,test,0,0.038364206
3990,test,0,0.040795173
10379,test,0,0.038409945
8417,test,0,0.038409945
4929,test,0,0.75017244
7710,test,0,0.038409945
211,test,0,0.75017244
4202,test,0,0.038409945
6777,test,0,0.75017244
5879,test,0,0.75017244
3256,test,0,0.038409945
7507,test,0,0.75017244
569,test,0,0.038364206
1315,test,0,0.75017244
37,test,0,0.038409945
9469,test,0,0.75017244
533,test,0,0.038409945
9006,test,0,0.038409945
10880,test,0,0.75017244
6400,test,0,0.75017244
8218,test,0,0.038364206
7315,test,0,0.75017244
3954,test,0,0.75017244
2315,test,0,0.038409945
10245,test,0,0.75017244
5617,test,0,0.03838789
579,test,0,0.038364206
3978,test,0,0.75017244
4895,test,0,0.038409945
4714,test,0,0.038409945
5250,test,0,0.75017244
2324,test,0,0.75017244
2691,test,0,0.038409945
7838,test,0,0.038409945
3863,test,0,0.038409945
5235,test,0,0.75017244
2069,test,0,0.75017244
8161,test,0,0.75017244
2594,test,0,0.75017244
6791,test,0,0.75017244
7144,test,0,0.75017244
6657,test,0,0.75017244
506,test,0,0.038409945
7550,test,0,0.75017244
8159,test,0,0.75017244
773,test,0,0.03838789
11079,test,0,0.038364206
1465,test,0,0.038409945
654,test,0,0.75017244
5241,test,0,0.75017244
4720,test,0,0.05046348
2794,test,0,0.038409945
72,test,0,0.038409945
5932,test,0,0.75017244
10898,test,0,0.75017244
10962,test,0,0.038409945
5281,test,0,0.75017244
9930,test,0,0.038364206
6942,test,0,0.75017244
3737,test,0,0.75017244
9418,test,0,0.75017244
8310,test,0,0.038409945
655,test,0,0.038409945
6960,test,0,0.038409945
5897,test,0,0.038409945
7293,test,0,0.038409945
6434,test,0,0.75017244
8076,test,0,0.038409945
3870,test,0,0.038409945
6948,test,0,0.038409945
367,test,0,0.75017244
1320,test,0,0.75017244
3825,test,0,0.038409945
6422,test,0,0.75017244
6899,test,0,0.75017244
3835,test,0,0.75017244
8958,test,0,0.038409945
7711,test,0,0.038409945
7778,test,0,0.75017244
10499,test,0,0.75017244
5903,test,0,0.038364206
4270,test,0,0.038364206
2622,test,0,0.75017244
7501,test,0,0.75017244
6058,test,0,0.038409945
2803,test,0,0.75017244
27,test,0,0.75017244
8554,test,0,0.038409945
8141,test,0,0.75017244
4293,test,0,0.038409945
3830,test,0,0.038409945
10122,test,0,0.75017244
509,test,0,0.038409945
6806,test,0,0.75017244
1970,test,0,0.038364206
9972,test,0,0.75017244
4663,test,0,0.75017244
4855,test,0,0.038409945
2610,test,0,0.038409945
9635,test,0,0.75017244
4346,test,0,0.75017244
6772,test,0,0.75017244
9498,test,0,0.05046348
7848,test,0,0.75017244
7801,test,0,0.75017244
2065,test,0,0.038364206
860,test,0,0.038409945
4223,test,0,0.038364206
5015,test,0,0.75017244
4946,test,0,0.038409945
2859,test,0,0.038409945
3420,test,0,0.038409945
6139,test,0,0.038409945
5247,test,0,0.75017244
8150,test,0,0.038409945
6822,test,0,0.038409945
5575,test,0,0.75017244
1802,test,0,0.75017244
6368,test,0,0.75017244
5594,test,0,0.038409945
1274,test,0,0.038409945
1899,test,0,0.75017244
6647,test,0,0.038409945
7712,test,0,0.75017244
4355,test,0,0.75017244
5021,test,0,0.038409945
6862,test,0,0.038409945
4916,test,0,0.75017244
3848,test,0,0.038409945
10257,test,0,0.038409945
5645,test,0,0.038409945
3618,test,0,0.03838789
5008,test,0,0.038409945
2068,test,0,0.038364206
3254,test,0,0.03838789
353,test,0,0.75017244
6064,test,0,0.038409945
6282,test,0,0.75017244
10574,test,0,0.75017244
3803,test,0,0.03838789
2611,test,0,0.75017244
4847,test,0,0.75017244
6359,test,0,0.75017244
2953,test,0,0.05046348
1630,test,0,0.040795173
499,test,0,0.75017244
7777,test,0,0.038409945
6136,test,0,0.057959106
586,test,0,0.03838789
10900,test,0,0.038409945
5467,test,0,0.038409945
4744,test,0,0.75017244
7511,test,0,0.038409945
9705,test,0,0.038409945
9644,test,0,0.038409945
4074,test,0,0.038409945
6808,test,0,0.75017244
455,test,0,0.038409945
9802,test,0,0.038409945
440,test,0,0.038409945
6751,test,0,0.75017244
2532,test,0,0.038409945
5924,test,0,0.75017244
3828,test,0,0.038409945
8415,test,0,0.038364206
5717,test,0,0.75017244
9707,test,0,0.75017244
2992,test,0,0.75017244
4519,test,0,0.038409945
10899,test,0,0.038409945
2318,test,0,0.038364206
3859,test,0,0.038409945
4508,test,0,0.038364206
5378,test,0,0.038409945
4659,test,0,0.038364206
507,test,0,0.75017244
4726,test,0,0.10781388
10887,test,0,0.75017244
4998,test,0,0.03838789
7975,test,0,0.038409945
2997,test,0,0.038409945
6610,test,0,0.038409945
6365,test,0,0.038409945
868,test,0,0.038409945
6296,test,0,0.038409945
4896,test,0,0.03838789
2243,test,0,0.038409945
2491,test,0,0.038364206
551,test,0,0.75017244
4964,test,0,0.038364206
1072,test,0,0.038409945
6959,test,0,0.75017244
7145,test,0,0.038409945
6767,test,0,0.75017244
10386,test,0,0.038364206
10582,test,0,0.75017244
7146,test,0,0.038364206
9448,test,0,0.038409945
11083,test,0,0.038409945
4211,test,0,0.038409945
5037,test,0,0.038409945
7504,test,0,0.038409945
2631,test,0,0.038409945
2536,test,0,0.038364206
2865,test,0,0.038364206
6063,test,0,0.038409945
81,test,0,0.038364206
9795,test,0,0.057959106
7058,test,0,0.038409945
9926,test,0,0.038364206
1904,test,0,0.038409945
3847,test,0,0.038409945
171,test,0,0.038364206
3583,test,0,0.038409945
1501,test,0,0.038409945
5888,test,0,0.057959106
9467,test,0,0.75017244
5031,test,0,0.038409945
2060,test,0,0.038409945
10963,test,0,0.038409945
6821,test,0,0.75017244
2993,test,0,0.038364206
8544,test,0,0.75017244
11081,test,0,0.057959106
8139,test,0,0.75017244
5231,test,0,0.038409945
332,test,0,0.75017244
4862,test,0,0.038409945
3717,test,0,0.03838789
1919,test,0,0.038409945
10560,test,0,0.038409945
1910,test,0,0.038409945
2686,test,0,0.038409945
6762,test,0,0.03838789
5234,test,0,0.038364206
8973,test,0,0.75017244
6369,test,0,0.038409945
6813,test,0,0.75017244
504,test,0,0.038409945
6426,test,0,0.057959106
8843,test,0,0.038409945
3748,test,0,0.75017244
6944,test,0,0.75017244
447,test,0,0.03838789
6278,test,0,0.038409945
6884,test,0,0.038364206
9447,test,0,0.038409945
10614,test,0,0.038409945
4911,test,0,0.038364206
2238,test,0,0.03838789
1293,test,0,0.75017244
10086,test,0,0.038409945
9035,test,0,0.75017244
4653,test,0,0.75017244
5143,test,0,0.75017244
11078,test,0,0.75017244
3497,test,0,0.038409945
2535,test,0,0.038409945
1287,test,0,0.038409945
963,test,0,0.75017244
6420,test,0,0.75017244
4347,test,0,0.03838789
1003,test,0,0.75017244
10023,test,0,0.03838789
6890,test,0,0.75017244
9792,test,0,0.038409945
3257,test,0,0.038364206
10390,test,0,0.75017244
5053,test,0,0.038409945
10906,test,0,0.03838789
5861,test,0,0.038409945
9041,test,0,0.038409945
1223,test,0,0.75017244
4734,test,0,0.038409945
5121,test,0,0.75017244
8774,test,0,0.038409945
24,test,0,0.75017244
435,test,0,0.038409945
1806,test,0,0.75017244
1933,test,0,0.038409945
6895,test,0,0.03838789
1301,test,0,0.038409945
553,test,0,0.038409945
8959,test,0,0.040795017
2494,test,0,0.75017244
9963,test,0,0.75017244
1327,test,0,0.038409945
356,test,0,0.038364206
6409,test,0,0.038409945
3855,test,0,0.038409945
5114,test,0,0.75017244
3733,test,0,0.75017244
355,test,0,0.038364206
1081,test,0,0.75017244
2826,test,0,0.75017244
5882,test,0,0.75017244
9510,test,0,0.038409945
437,test,0,0.038409945
8968,test,0,0.75017244
585,test,0,0.75017244
9182,test,0,0.75017244
3319,test,0,0.75017244
6405,test,0,0.75017244
1804,test,0,0.038409945
4351,test,0,0.75017244
3851,test,0,0.038409945
9699,test,0,0.038409945
8423,test,0,0.038364206
3989,test,0,0.038409945
9993,test,0,0.75017244
4368,test,0,0.75017244
3865,test,0,0.038409945
10382,test,0,0.75017244
6048,test,0,0.038409945
5254,test,0,0.75017244
7720,test,0,0.038409945
7498,test,0,0.03838789
3867,test,0,0.75017244
10569,test,0,0.75017244
8179,test,0,0.038409945
9121,test,0,0.040795173
10434,test,0,0.038364206
7911,test,0,0.75017244
10877,test,0,0.038409945
9793,test,0,0.75017244
10440,test,0,0.038364206
10075,test,0,0.75017244
9969,test,0,0.038364206
9786,test,0,0.038409945
4060,test,0,0.057959106
9120,test,0,0.038409945
7970,test,0,0.038409945
5153,test,0,0.75017244
7304,test,0,0.038409945
4001,test,0,0.038409945
4675,test,0,0.038409945
5000,test,0,0.038409945
2305,test,0,0.038409945
7643,test,0,0.038409945
8591,test,0,0.75017244
9962,test,0,0.038409945
8967,test,0,0.038409945
4745,test,0,0.038409945
9038,test,0,0.75017244
4838,test,0,0.75017244
10092,test,0,0.75017244
6284,test,0,0.038409945
4837,test,0,0.038409945
3837,test,0,0.038409945
6885,test,0,0.03838789
8442,test,0,0.038409945
5010,test,0,0.038409945
7311,test,0,0.75017244
4830,test,0,0.038409945
9920,test,0,0.038409945
2806,test,0,0.038364206
6138,test,0,0.038409945
3965,test,0,0.038409945
7935,test,0,0.038409945
1296,test,0,0.75017244
11065,test,0,0.038409945
3958,test,0,0.038409945
8540,test,0,0.03838789
1932,test,0,0.040795017
2498,test,0,0.038364206
436,test,0,0.75017244
2320,test,0,0.038409945
7142,test,0,0.75017244
9001,test,0,0.038409945
10896,test,0,0.75017244
2595,test,0,0.038409945
557,test,0,0.038409945
2958,test,0,0.75017244
9967,test,0,0.038409945
8020,test,0,0.038409945
3159,test,0,0.75017244
82,test,0,0.038364206
1284,test,0,0.038409945
3838,test,0,0.75017244
2810,test,0,0.038409945
346,test,0,0.75017244
6763,test,0,0.75017244
2696,test,0,0.75017244
10001,test,0,0.75017244
3714,test,0,0.75017244
3331,test,0,0.75017244
8210,test,0,0.038409945
3249,test,0,0.038364206
3308,test,0,0.038409945
7056,test,0,0.038409945
2061,test,0,0.038364206
3347,test,0,0.038364206
5868,test,0,0.75017244
1914,test,0,0.75017244
1639,test,0,0.038409945
210,test,0,0.038409945
4363,test,0,0.038409945
3278,test,0,0.038409945
4280,test,0,0.038409945
5382,test,0,0.038409945
1466,test,0,0.75017244
713,test,0,0.75017244
7295,test,0,0.038409945
4356,test,0,0.038409945
10022,test,0,0.038409945
4948,test,0,0.75017244
456,test,0,0.75017244
10974,test,0,0.75017244
6362,test,0,0.75017244
7798,test,0,0.75017244
215,test,0,0.75017244
4209,test,0,0.75017244
9803,test,0,0.75017244
9977,test,0,0.03838789
4725,test,0,0.75017244
4370,test,0,0.75017244
3494,test,0,0.75017244
3265,test,0,0.038409945
7645,test,0,0.75017244
2520,test,0,0.75017244
534,test,0,0.75017244
457,test,0,0.75017244
2814,test,0,0.03838789
502,test,0,0.0920828
8154,test,0,0.75017244
4749,test,0,0.038409945
543,test,0,0.038409945
8957,test,0,0.75017244
3316,test,0,0.038364206
9505,test,0,0.038409945
7774,test,0,0.038409945
4513,test,0,0.75017244
9800,test,0,0.040795173
774,test,0,0.038364206
7647,test,0,0.75017244
10427,test,0,0.040795017
6142,test,0,0.038409945
2508,test,0,0.038409945
5034,test,0,0.038409945
5287,test,0,0.75017244
7966,test,0,0.75017244
1498,test,0,0.75017244
8160,test,0,0.75017244
6947,test,0,0.75017244
5463,test,0,0.75017244
9996,test,0,0.03838789
9501,test,0,0.75017244
4738,test,0,0.038409945
573,test,0,0.75017244
5125,test,0,0.038409945
3160,test,0,0.03838789
6358,test,0,0.75017244
9918,test,0,0.75017244
9453,test,0,0.75017244
4940,test,0,0.75017244
1324,test,0,0.75017244
3425,test,0,0.75017244
6363,test,0,0.038409945
6134,test,0,0.038409945
9460,test,0,0.038409945
1801,test,0,0.75017244
5855,test,0,0.046012037
6433,test,0,0.038409945
669,test,0,0.038409945
6887,test,0,0.038409945
2692,test,0,0.038409945
4756,test,0,0.05125594
8183,test,0,0.75017244
6901,test,0,0.75017244
10882,test,0,0.75017244
8163,test,0,0.75017244
451,test,0,0.05046348
5032,test,0,0.038409945
1636,test,0,0.75017244
8846,test,0,0.038409945
4923,test,0,0.75017244
6260,test,0,0.75017244
5583,test,0,0.75017244
9178,test,0,0.038409945
2627,test,0,0.046012037
4910,test,0,0.046012037
2640,test,0,0.75017244
2519,test,0,0.03838789
8835,test,0,0.038409945
8552,test,0,0.038409945
10576,test,0,0.03838789
2500,test,0,0.75017244
9465,test,0,0.75017244
8078,test,0,0.75017244
463,test,0,0.038364206
8187,test,0,0.75017244
2782,test,0,0.75017244
5646,test,0,0.038409945
6050,test,0,0.038409945
10500,test,0,0.038409945
5887,test,0,0.75017244
9502,test,0,0.038409945
1304,test,0,0.038409945
4860,test,0,0.038409945
5280,test,0,0.038409945
8207,test,0,0.038409945
7779,test,0,0.75017244
6061,test,0,0.038409945
10876,test,0,0.75017244
5620,test,0,0.038409945
1009,test,0,0.038409945
6654,test,0,0.75017244
1071,test,0,0.038409945
2184,test,0,0.03838789
9457,test,0,0.75017244
8775,test,0,0.75017244
9036,test,0,0.03838789
5164,test,0,0.038409945
8077,test,0,0.037836403
1213,test,0,0.038409945
2703,test,0,0.038409945
5402,test,0,0.038409945
3869,test,0,0.75017244
3860,test,0,0.038364206
3431,test,0,0.040795173
9645,test,0,0.038409945
6663,test,0,0.75017244
3839,test,0,0.038409945
8037,test,0,0.038409945
157,test,0,0.038409945
10611,test,0,0.75017244
2312,test,0,0.75017244
2537,test,0,0.75017244
3726,test,0,0.038409945
4064,test,0,0.75017244
8174,test,0,0.75017244
2634,test,0,0.75017244
214,test,0,0.038409945
1016,test,0,0.75017244
2327,test,0,0.75017244
9199,test,0,0.03838789
4081,test,0,0.75017244
3492,test,0,0.75017244
8545,test,0,0.75017244
1069,test,0,0.75017244
10124,test,0,0.038364206
7958,test,0,0.75017244
9458,test,0,0.03838789
6641,test,0,0.03838789
10658,test,0,0.038364206
2818,test,0,0.038409945
5297,test,0,0.038409945
1001,test,0,0.75017244
6823,test,0,0.038409945
4746,test,0,0.038409945
5374,test,0,0.05459664
5755,test,0,0.75017244
3350,test,0,0.75017244
2858,test,0,0.038409945
4194,test,0,0.75017244
209,test,0,0.038409945
8557,test,0,0.038409945
9643,test,0,0.038364206
5629,test,0,0.038409945
3340,test,0,0.75017244
4353,test,0,0.038409945
8220,test,0,0.75017244
597,test,0,0.038409945
1309,test,0,0.038409945
8963,test,0,0.038409945
7554,test,0,0.038409945
8307,test,0,0.05459664
10503,test,0,0.038364206
10020,test,0,0.038364206
1208,test,0,0.038409945
3339,test,0,0.75017244
865,test,0,0.038409945
3326,test,0,0.038409945
2824,test,0,0.038409945
7138,test,0,0.75017244
1216,test,0,0.038409945
10107,test,0,0.05459664
41,test,0,0.75017244
4716,test,0,0.75017244
4748,test,0,0.75017244
10274,test,0,0.75017244
6356,test,0,0.038409945
8189,test,0,0.038364206
5896,test,0,0.038409945
7788,test,0,0.038409945
5920,test,0,0.75017244
2512,test,0,0.038364206
3999,test,0,0.75017244
1311,test,0,0.038409945
9194,test,0,0.75017244
71,test,0,0.038409945
1065,test,0,0.75017244
3610,test,0,0.03838789
45,test,0,0.75017244
149,test,0,0.75017244
1800,test,0,0.038409945
10966,test,0,0.038409945
10636,test,0,0.038409945
5881,test,0,0.038409945
5013,test,0,0.038409945
3261,test,0,0.75017244
1018,test,0,0.038409945
5719,test,0,0.040795173
7912,test,0,0.75017244
5156,test,0,0.040795173
10071,test,0,0.038409945
5728,test,0,0.038409945
163,test,0,0.75017244
5366,test,0,0.038409945
1794,test,0,0.038409945
4361,test,0,0.75017244
7302,test,0,0.75017244
4654,test,0,0.038409945
778,test,0,0.038409945
8143,test,0,0.038409945
10028,test,0,0.038409945
10872,test,0,0.038409945
2505,test,0,0.75017244
7719,test,0,0.038409945
5377,test,0,0.038409945
2693,test,0,0.038409945
3616,test,0,0.038409945
2787,test,0,0.038409945
3840,test,0,0.75017244
3577,test,0,0.75017244
1789,test,0,0.038409945
9123,test,0,0.038409945
1509,test,0,0.75017244
5295,test,0,0.038409945
6825,test,0,0.038409945
9177,test,0,0.038409945
2860,test,0,0.75017244
7932,test,0,0.038409945
10070,test,0,0.038409945
3808,test,0,0.07232729
10570,test,0,0.038409945
4755,test,0,0.038409945
5616,test,0,0.038409945
7653,test,0,0.038364206
8965,test,0,0.75017244
5384,test,0,0.038409945
1000,test,0,0.038409945
2522,test,0,0.75017244
5286,test,0,0.038409945
8043,test,0,0.038409945
5892,test,0,0.038409945
10635,test,0,0.038409945
8148,test,0,0.038409945
10000,test,0,0.75017244
5727,test,0,0.038409945
2812,test,0,0.75017244
6818,test,0,0.038409945
5293,test,0,0.038409945
7963,test,0,0.75017244
7904,test,0,0.038409945
4924,test,0,0.038409945
6129,test,0,0.038409945
4753,test,0,0.038409945
9504,test,0,0.038409945
3712,test,0,0.75017244
1913,test,0,0.038409945
4085,test,0,0.038409945
5923,test,0,0.038409945
4086,test,0,0.038409945
4731,test,0,0.75017244
10248,test,0,0.038409945
10626,test,0,0.038409945
7057,test,0,0.75017244
1326,test,0,0.038409945
9973,test,0,0.038409945
5141,test,0,0.75017244
8849,test,0,0.040795173
3328,test,0,0.038409945
6133,test,0,0.75017244
4943,test,0,0.75017244
10895,test,0,0.75017244
2311,test,0,0.75017244
3738,test,0,0.038409945
6412,test,0,0.038409945
5024,test,0,0.75017244
2866,test,0,0.040795173
6256,test,0,0.038409945
10610,test,0,0.038409945
2599,test,0,0.038409945
6875,test,0,0.75017244
10960,test,0,0.038409945
561,test,0,0.038409945
5112,test,0,0.038409945
74,test,0,0.75017244
3321,test,0,0.038409945
1288,test,0,0.038409945
1277,test,0,0.75017244
10105,test,0,0.038409945
9184,test,0,0.038364206
726,test,0,0.038409945
11068,test,0,0.038409945
535,test,0,0.038409945
8208,test,0,0.038409945
462,test,0,0.038409945
1012,test,0,0.038409945
7641,test,0,0.75017244
140,test,0,0.038409945
8195,test,0,0.75017244
4752,test,0,0.038409945
3956,test,0,0.75017244
9128,test,0,0.038409945
8850,test,0,0.038409945
8166,test,0,0.038409945
6900,test,0,0.75017244
1632,test,0,0.038409945
2309,test,0,0.75017244
3325,test,0,0.75017244
4932,test,0,0.75017244
11073,test,0,0.75017244
2702,test,0,0.038409945
5041,test,0,0.038409945
9115,test,0,0.038409945
2495,test,0,0.052689523
5389,test,0,0.038409945
5390,test,0,0.038409945
5641,test,0,0.038409945
7789,test,0,0.038409945
657,test,0,0.038409945
591,test,0,0.75017244
2959,test,0,0.038409945
25,test,0,0.75017244
9979,test,0,0.038409945
5716,test,0,0.038409945
5148,test,0,0.038409945
5233,test,0,0.10781388
9005,test,0,0.040795173
44,test,0,0.038409945
6881,test,0,0.038409945
3723,test,0,0.75017244
7618,test,0,0.038409945
9998,test,0,0.038409945
8430,test,0,0.038409945
10091,test,0,0.038409945
727,test,0,0.75017244
9193,test,0,0.038409945
4757,test,0,0.75017244
8424,test,0,0.038409945
5006,test,0,0.038409945
1947,test,0,0.038409945
6054,test,0,0.038409945
1015,test,0,0.75017244
6824,test,0,0.038409945
8838,test,0,0.75017244
3725,test,0,0.038409945
3820,test,0,0.75017244
3833,test,0,0.038409945
10389,test,0,0.75017244
722,test,0,0.75017244
8537,test,0,0.038409945
5376,test,0,0.038409945
7944,test,0,0.75017244
1017,test,0,0.038409945
8440,test,0,0.038409945
5902,test,0,0.75017244
9506,test,0,0.75017244
2496,test,0,0.75017244
10624,test,0,0.038409945
10971,test,0,0.040795173
9925,test,0,0.040795173
1797,test,0,0.040795173
11085,test,0,0.038409945
7564,test,0,0.038409945
3982,test,0,0.75017244
5930,test,0,0.038409945
10504,test,0,0.038409945
1928,test,0,0.038409945
9027,test,0,0.038409945
4849,test,0,0.038409945
4514,test,0,0.03838789
10583,test,0,0.75017244
10618,test,0,0.038409945
6060,test,0,0.040795173
7964,test,0,0.038409945
5912,test,0,0.75017244
477,test,0,0.75017244
6655,test,0,0.75017244
5365,test,0,0.03838789
7549,test,0,0.75017244
5936,test,0,0.75017244
2793,test,0,0.038409945
2064,test,0,0.75017244
2788,test,0,0.75017244
460,test,0,0.038409945
3155,test,0,0.038409945
4215,test,0,0.75017244
8962,test,0,0.038409945
6357,test,0,0.038409945
5119,test,0,0.75017244
7608,test,0,0.75017244
4657,test,0,0.038409945
3245,test,0,0.038409945
6145,test,0,0.038409945
3346,test,0,0.75017244
10102,test,0,0.03838789
4662,test,0,0.75017244
3802,test,0,0.75017244
8964,test,0,0.038409945
1308,test,0,0.038409945
7651,test,0,0.03838789
715,test,0,0.038409945
545,test,0,0.038409945
2308,test,0,0.75017244
8961,test,0,0.038409945
6406,test,0,0.75017244
3969,test,0,0.75017244
6957,test,0,0.038409945
5244,test,0,0.038409945
9190,test,0,0.75017244
3861,test,0,0.038409945
6611,test,0,0.038409945
6619,test,0,0.75017244
8036,test,0,0.038409945
10559,test,0,0.038409945
9122,test,0,0.038409945
9921,test,0,0.75017244
5025,test,0,0.038409945
5385,test,0,0.038409945
6749,test,0,0.03838789
8209,test,0,0.038409945
8199,test,0,0.038409945
11080,test,0,0.038409945
4848,test,0,0.75017244
465,test,0,0.038409945
5051,test,0,0.038409945
1218,test,0,0.038409945
6144,test,0,0.038409945
4080,test,0,0.75017244
3744,test,0,0.75017244
9788,test,0,0.038409945
40,test,0,0.040795173
6826,test,0,0.038409945
2517,test,0,0.75017244
8952,test,0,0.038409945
1074,test,0,0.038409945
7906,test,0,0.75017244
5248,test,0,0.038364206
1067,test,0,0.038409945
7316,test,0,0.75017244
9700,test,0,0.038409945
2549,test,0,0.75017244
1457,test,0,0.038409945
3721,test,0,0.038409945
4914,test,0,0.038409945
207,test,0,0.038409945
4861,test,0,0.038409945
5150,test,0,0.038409945
866,test,0,0.038409945
7805,test,0,0.75017244
5904,test,0,0.75017244
10975,test,0,0.038409945
1298,test,0,0.75017244
441,test,0,0.75017244
10116,test,0,0.75017244
8140,test,0,0.05046348
8317,test,0,0.75017244
10959,test,0,0.75017244
10433,test,0,0.75017244
1076,test,0,0.038409945
4950,test,0,0.038409945
1313,test,0,0.75017244
1303,test,0,0.038409945
2700,test,0,0.038364206
6288,test,0,0.038364206
10956,test,0,0.038409945
10511,test,0,0.75017244
663,test,0,0.038409945
8412,test,0,0.038409945
2690,test,0,0.038409945
2616,test,0,0.03838789
3831,test,0,0.038409945
8082,test,0,0.038409945
4737,test,0,0.038409945
4275,test,0,0.03838789
5359,test,0,0.038409945
999,test,0,0.038409945
9981,test,0,0.75017244
4273,test,0,0.75017244
544,test,0,0.038409945
601,test,0,0.75017244
6941,test,0,0.038409945
10096,test,0,0.038409945
2783,test,0,0.038409945
724,test,0,0.040795017
7807,test,0,0.75017244
1323,test,0,0.038364206
3824,test,0,0.038409945
4277,test,0,0.038409945
6609,test,0,0.038409945
4516,test,0,0.040795173
3868,test,0,0.05459664
8969,test,0,0.038409945
10561,test,0,0.038409945
9192,test,0,0.038409945
212,test,0,0.038364206
4212,test,0,0.038409945
6052,test,0,0.038409945
8836,test,0,0.038409945
2790,test,0,0.038409945
10279,test,0,0.038409945
10907,test,0,0.038409945
6789,test,0,0.75017244
7808,test,0,0.038409945
6413,test,0,0.038409945
5362,test,0,0.038409945
8851,test,0,0.038409945
10957,test,0,0.038409945
2697,test,0,0.75017244
1503,test,0,0.040795017
4899,test,0,0.038409945
7948,test,0,0.040795173
8427,test,0,0.038409945
4220,test,0,0.038409945
2321,test,0,0.038364206
1275,test,0,0.038409945
647,test,0,0.038409945
3730,test,0,0.75017244
8073,test,0,0.038409945
6398,test,0,0.038409945
1281,test,0,0.038409945
1226,test,0,0.038409945
1921,test,0,0.038409945
365,test,0,0.038409945
8438,test,0,0.038409945
2777,test,0,0.75017244
5016,test,0,0.75017244
9961,test,0,0.75017244
2533,test,0,0.75017244
10082,test,0,0.75017244
4722,test,0,0.038364206
8134,test,0,0.038409945
7310,test,0,0.75017244
30,test,0,0.75017244
9197,test,0,0.75017244
4747,test,0,0.038409945
10369,test,0,0.038409945
7931,test,0,0.038409945
5042,test,0,0.038409945
8033,test,0,0.038409945
8201,test,0,0.03838789
770,test,0,0.038409945
10662,test,0,0.038409945
10949,test,0,0.038409945
9708,test,0,0.038409945
9419,test,0,0.75017244
3329,test,0,0.038409945
7782,test,0,0.038409945
8204,test,0,0.038409945
7715,test,0,0.038409945
142,test,0,0.75017244
1900,test,0,0.75017244
5279,test,0,0.038409945
6292,test,0,0.038409945
10888,test,0,0.038409945
3727,test,0,0.038409945
4673,test,0,0.038409945
1945,test,0,0.75017244
5733,test,0,0.038409945
5622,test,0,0.038409945
3609,test,0,0.040795173
4343,test,0,0.75017244
7598,test,0,0.038409945
723,test,0,0.038409945
2638,test,0,0.038409945
11071,test,0,0.038409945
5392,test,0,0.038409945
7606,test,0,0.038409945
9033,test,0,0.040795173
8155,test,0,0.75017244
7960,test,0,0.038409945
10263,test,0,0.038409945
10088,test,0,0.038364206
458,test,0,0.038409945
6950,test,0,0.038409945
3742,test,0,0.038409945
5047,test,0,0.038409945
7965,test,0,0.038409945
1977,test,0,0.038364206
8041,test,0,0.038364206
6403,test,0,0.75017244
10262,test,0,0.038409945
2867,test,0,0.75017244
6440,test,0,0.040795173
4201,test,0,0.038409945
10557,test,0,0.038409945
7298,test,0,0.75017244
4919,test,0,0.038409945
7559,test,0,0.038409945
10513,test,0,0.038409945
5369,test,0,0.038409945
8080,test,0,0.040795173
5245,test,0,0.038409945
7722,test,0,0.038409945
3279,test,0,0.75017244
9020,test,0,0.75017244
1459,test,0,0.038409945
4841,test,0,0.038364206
6831,test,0,0.038409945
3164,test,0,0.038409945
10029,test,0,0.038409945
2606,test,0,0.038409945
9992,test,0,0.75017244
1507,test,0,0.75017244
7957,test,0,0.038409945
1895,test,0,0.038364206
4666,test,0,0.038409945
532,test,0,0.03838789
10080,test,0,0.038409945
7681,test,0,0.75017244
1278,test,0,0.038409945
4218,test,0,0.038364206
9422,test,0,0.10781388
8853,test,0,0.038409945
6956,test,0,0.038409945
4758,test,0,0.75017244
650,test,0,0.038409945
10113,test,0,0.038409945
8974,test,0,0.038409945
6792,test,0,0.75017244
9113,test,0,0.038409945
3170,test,0,0.038409945
32,test,0,0.75017244
1220,test,0,0.038409945
7806,test,0,0.038409945
7930,test,0,0.038409945
5909,test,0,0.038409945
7790,test,0,0.038409945
6955,test,0,0.038409945
7508,test,0,0.038409945
3305,test,0,0.03838789
10370,test,0,0.038409945
4967,test,0,0.03838789
5110,test,0,0.75017244
7313,test,0,0.038409945
10085,test,0,0.038409945
8213,test,0,0.05046348
10891,test,0,0.75017244
4276,test,0,0.038409945
42,test,0,0.038409945
6059,test,0,0.038409945
6259,test,0,0.038409945
8954,test,0,0.038409945
7506,test,0,0.05459664
7800,test,0,0.75017244
473,test,0,0.038409945
6429,test,0,0.038409945
33,test,0,0.038409945
6784,test,0,0.038364206
9454,test,0,0.038409945
10657,test,0,0.75017244
3399,test,0,0.75017244
994,test,0,0.038409945
222,test,0,0.038409945
5391,test,0,0.038409945
173,test,0,0.75017244
9011,test,0,0.038409945
8972,test,0,0.038409945
6809,test,0,0.038409945
7646,test,0,0.75017244
10954,test,0,0.75017244
5917,test,0,0.038409945
8541,test,0,0.75017244
7603,test,0,0.038409945
6817,test,0,0.10781388
8196,test,0,0.038409945
10958,test,0,0.75017244
1212,test,0,0.038409945
7974,test,0,0.038409945
2588,test,0,0.038409945
4289,test,0,0.75017244
2316,test,0,0.038409945
3166,test,0,0.038409945
4936,test,0,0.75017244
4282,test,0,0.75017244
9186,test,0,0.038409945
2799,test,0,0.75017244
6624,test,0,0.038409945
3168,test,0,0.03838789
780,test,0,0.03838789
8075,test,0,0.040795173
10072,test,0,0.038409945
3169,test,0,0.75017244
558,test,0,0.040795173
2802,test,0,0.038409945
4751,test,0,0.038409945
4674,test,0,0.03838789
6430,test,0,0.038409945
7959,test,0,0.038409945
5626,test,0,0.75017244
5039,test,0,0.75017244
6294,test,0,0.75017244
4920,test,0,0.038409945
3584,test,0,0.75017244
777,test,0,0.038364206
4724,test,0,0.75017244
5397,test,0,0.75017244
5919,test,0,0.038409945
2325,test,0,0.038409945
5236,test,0,0.75017244
5625,test,0,0.038409945
3829,test,0,0.75017244
6659,test,0,0.038409945
6280,test,0,0.038409945
568,test,0,0.038409945
9633,test,0,0.038364206
6618,test,0,0.038409945
7612,test,0,0.03838789
5127,test,0,0.75017244
216,test,0,0.75017244
8311,test,0,0.038409945
7954,test,0,0.038409945
3977,test,0,0.038409945
5253,test,0,0.038409945
7910,test,0,0.75017244
1976,test,0,0.75017244
36,test,0,0.038409945
7795,test,0,0.038409945
5158,test,0,0.038409945
6360,test,0,0.038409945
1920,test,0,0.038409945
9798,test,0,0.038409945
417,test,0,0.038409945
7147,test,0,0.03838789
4369,test,0,0.038409945
1321,test,0,0.038409945
9966,test,0,0.038409945
4939,test,0,0.038409945
10873,test,0,0.038409945
4227,test,0,0.75017244
5128,test,0,0.038409945
10073,test,0,0.038409945
3731,test,0,0.75017244
5628,test,0,0.038364206
8144,test,0,0.038409945
11077,test,0,0.75017244
6364,test,0,0.03838789
4834,test,0,0.038409945
2784,test,0,0.038409945
9187,test,0,0.75017244
9642,test,0,0.038364206
10965,test,0,0.75017244
8024,test,0,0.038409945
9116,test,0,0.038409945
10098,test,0,0.75017244
4893,test,0,0.038364206
9696,test,0,0.038409945
1062,test,0,0.75017244
10892,test,0,0.038409945
5256,test,0,0.038409945
7615,test,0,0.75017244
8772,test,0,0.038409945
594,test,0,0.038409945
5753,test,0,0.038409945
5388,test,0,0.038409945
1209,test,0,0.038409945
3333,test,0,0.038409945
2073,test,0,0.038409945
1916,test,0,0.038409945
4071,test,0,0.75017244
4068,test,0,0.75017244
9129,test,0,0.038409945
2547,test,0,0.038409945
4999,test,0,0.038409945
46,test,0,0.038364206
3312,test,0,0.038409945
6066,test,0,0.75017244
8949,test,0,0.038364206
954,test,0,0.038409945
6864,test,0,0.038364206
349,test,0,0.038409945
9999,test,0,0.038409945
10093,test,0,0.75017244
5885,test,0,0.75017244
592,test,0,0.038409945
1215,test,0,0.038409945
3986,test,0,0.038409945
4926,test,0,0.038409945
1007,test,0,0.038409945
779,test,0,0.038364206
8068,test,0,0.038409945
718,test,0,0.038409945
1458,test,0,0.038409945
3585,test,0,0.038409945
2624,test,0,0.038409945
3818,test,0,0.038364206
1473,test,0,0.75017244
10268,test,0,0.040795173
3873,test,0,0.75017244
5364,test,0,0.038409945
7949,test,0,0.038409945
2323,test,0,0.05459664
8029,test,0,0.75017244
6132,test,0,0.038409945
11076,test,0,0.75017244
5870,test,0,0.038409945
9651,test,0,0.75017244
5055,test,0,0.038409945
4065,test,0,0.038409945
8428,test,0,0.038409945
10250,test,0,0.038364206
2339,test,0,0.038364206
6958,test,0,0.75017244
10110,test,0,0.038409945
2175,test,0,0.038364206
1029,test,0,0.038409945
6065,test,0,0.038409945
4464,test,0,0.038409945
3708,test,0,0.038409945
10661,test,0,0.038364206
5752,test,0,0.038364206
1935,test,0,0.038409945
5886,test,0,0.038409945
1210,test,0,0.75017244
8425,test,0,0.75017244
6246,test,0,0.75017244
7140,test,0,0.038409945
8419,test,0,0.038409945
7553,test,0,0.038409945
1925,test,0,0.038409945
8185,test,0,0.038409945
4672,test,0,0.038409945
6814,test,0,0.038409945
11063,test,0,0.040795173
2857,test,0,0.038409945
10106,test,0,0.038364206
3163,test,0,0.038409945
9415,test,0,0.75017244
1944,test,0,0.038409945
2950,test,0,0.038409945
10556,test,0,0.038409945
331,test,0,0.038409945
678,test,0,0.038409945
1633,test,0,0.038409945
6279,test,0,0.038409945
10074,test,0,0.038409945
9021,test,0,0.038409945
2313,test,0,0.038364206
576,test,0,0.75017244
4963,test,0,0.038409945
9179,test,0,0.75017244
1306,test,0,0.038364206
5726,test,0,0.038409945
205,test,0,0.75017244
2244,test,0,0.038409945
10385,test,0,0.038409945
6614,test,0,0.038409945
8315,test,0,0.038409945
10627,test,0,0.038409945
5020,test,0,0.10781388
3407,test,0,0.038409945
4742,test,0,0.75017244
7724,test,0,0.038409945
7901,test,0,0.038409945
9976,test,0,0.75017244
8845,test,0,0.038409945
537,test,0,0.038409945
8998,test,0,0.038409945
4844,test,0,0.75017244
9039,test,0,0.038409945
5246,test,0,0.038364206
8551,test,0,0.038409945
782,test,0,0.038409945
5375,test,0,0.038364206
771,test,0,0.038364206
4079,test,0,0.038409945
1199,test,0,0.75017244
6871,test,0,0.75017244
6425,test,0,0.75017244
6251,test,0,0.038409945
3720,test,0,0.038409945
9014,test,0,0.038409945
5634,test,0,0.75017244
672,test,0,0.75017244
4655,test,0,0.038364206
9702,test,0,0.75017244
6833,test,0,0.038409945
3614,test,0,0.038364206
4836,test,0,0.038409945
6868,test,0,0.038409945
21,test,0,0.75017244
454,test,0,0.03838789
9698,test,0,0.75017244
5040,test,0,0.038409945
3985,test,0,0.038409945
8067,test,0,0.038409945
7599,test,0,0.038409945
9040,test,0,0.038409945
5721,test,0,0.038409945
9471,test,0,0.038409945
5393,test,0,0.038409945
438,test,0,0.75017244
3272,test,0,0.75017244
7936,test,0,0.75017244
339,test,0,0.75017244
371,test,0,0.75017244
8421,test,0,0.038409945
9636,test,0,0.038409945
7803,test,0,0.75017244
8966,test,0,0.21822351
164,test,0,0.75017244
8778,test,0,0.046012037
5162,test,0,0.75017244
5926,test,0,0.040795017
5838,test,0,0.10781388
677,test,0,0.75017244
9647,test,0,0.75017244
4294,test,0,0.75017244
5109,test,0,0.75017244
9990,test,0,0.75017244
8028,test,0,0.75017244
3706,test,0,0.038409945
2621,test,0,0.038409945
213,test,0,0.75017244
1170,test,0,0.75017244
10501,test,0,0.75017244
5243,test,0,0.75017244
6137,test,0,0.75017244
4515,test,0,0.75017244
5469,test,0,0.038409945
2231,test,0,0.75017244
10253,test,0,0.038364206
6893,test,0,0.038409945
352,test,0,0.75017244
7644,test,0,0.75017244
6869,test,0,0.75017244
340,test,0,0.75017244
3415,test,0,0.03838789
2066,test,0,0.75017244
2629,test,0,0.75017244
8435,test,0,0.75017244
8219,test,0,0.75017244
7137,test,0,0.75017244
4352,test,0,0.03838789
2070,test,0,0.75017244
6651,test,0,0.75017244
3242,test,0,0.75017244
3274,test,0,0.75017244
9929,test,0,0.75017244
5858,test,0,0.05459664
1224,test,0,0.040795017
1504,test,0,0.038409945
4912,test,0,0.038409945
7937,test,0,0.040795173
3264,test,0,0.038409945
2807,test,0,0.75017244
667,test,0,0.75017244
3313,test,0,0.75017244
590,test,0,0.75017244
2596,test,0,0.75017244
9641,test,0,0.75017244
337,test,0,0.75017244
3952,test,0,0.75017244
9018,test,0,0.03838789
1894,test,0,0.038364206
6253,test,0,0.21822351
6759,test,0,0.040795173
9801,test,0,0.040795173
4070,test,0,0.038409945
5002,test,0,0.038409945
8212,test,0,0.07877909
3301,test,0,0.038409945
3821,test,0,0.75017244
540,test,0,0.75017244
148,test,0,0.75017244
3358,test,0,0.75017244
8173,test,0,0.75017244
3960,test,0,0.038409945
8596,test,0,0.040795173
6758,test,0,0.75017244
1214,test,0,0.038409945
6834,test,0,0.21822351
6760,test,0,0.038409945
4993,test,0,0.75017244
10620,test,0,0.75017244
10101,test,0,0.75017244
3815,test,0,0.03838789
2991,test,0,0.75017244
1979,test,0,0.03838789
6290,test,0,0.75017244
6770,test,0,0.75017244
7784,test,0,0.75017244
3619,test,0,0.03838789
563,test,0,0.75017244
4850,test,0,0.75017244
439,test,0,0.75017244
5640,test,0,0.75017244
2180,test,0,0.03838789
5144,test,0,0.75017244
9988,test,0,0.75017244
3713,test,0,0.03838789
3580,test,0,0.037836403
7305,test,0,0.75017244
3625,test,0,0.75017244
4281,test,0,0.75017244
9201,test,0,0.038364206
3429,test,0,0.038409945
3846,test,0,0.03838789
7844,test,0,0.03838789
5878,test,0,0.75017244
6620,test,0,0.038409945
8603,test,0,0.038409945
547,test,0,0.038409945
4839,test,0,0.038409945
10374,test,0,0.038364206
10631,test,0,0.038409945
552,test,0,0.75017244
719,test,0,0.038409945
5872,test,0,0.038409945
7552,test,0,0.038409945
8953,test,0,0.75017244
7902,test,0,0.03838789
1205,test,0,0.038409945
7306,test,0,0.038409945
7946,test,0,0.038409945
3841,test,0,0.038364206
9927,test,0,0.038409945
7939,test,0,0.75017244
2336,test,0,0.038364206
10889,test,0,0.75017244
4511,test,0,0.03838789
8190,test,0,0.040795173
4230,test,0,0.75017244
9411,test,0,0.75017244
10273,test,0,0.75017244
2514,test,0,0.03838789
3819,test,0,0.038409945
174,test,0,0.038409945
5472,test,0,0.038409945
10388,test,0,0.038409945
968,test,0,0.038409945
4944,test,0,0.038409945
559,test,0,0.75017244
1972,test,0,0.040795173
5027,test,0,0.040795173
3315,test,0,0.038409945
1911,test,0,0.75017244
1917,test,0,0.03838789
6436,test,0,0.75017244
2825,test,0,0.75017244
4658,test,0,0.75017244
10259,test,0,0.75017244
6396,test,0,0.038409945
9914,test,0,0.038409945
7610,test,0,0.75017244
6756,test,0,0.75017244
4073,test,0,0.040795173
863,test,0,0.038409945
404,test,0,0.038364206
7850,test,0,0.03838789
5846,test,0,0.75017244
10894,test,0,0.038409945
10031,test,0,0.038409945
9462,test,0,0.05459664
1906,test,0,0.038409945
2515,test,0,0.038409945
7654,test,0,0.038364206
3501,test,0,0.038409945
3995,test,0,0.038364206
414,test,0,0.03838789
5017,test,0,0.038409945
4921,test,0,0.75017244
6285,test,0,0.05459664
9794,test,0,0.05459664
2778,test,0,0.040795173
10580,test,0,0.038409945
8556,test,0,0.75017244
1946,test,0,0.75017244
3176,test,0,0.75017244
7929,test,0,0.038409945
1169,test,0,0.038409945
9789,test,0,0.038409945
6807,test,0,0.75017244
8072,test,0,0.038364206
5856,test,0,0.038409945
995,test,0,0.038409945
5732,test,0,0.038409945
500,test,0,0.75017244
9478,test,0,0.038409945
1638,test,0,0.038409945
1010,test,0,0.038409945
1332,test,0,0.038409945
1462,test,0,0.038409945
3238,test,0,0.75017244
8411,test,0,0.75017244
38,test,0,0.038409945
77,test,0,0.038409945
769,test,0,0.75017244
357,test,0,0.75017244
9196,test,0,0.038409945
2863,test,0,0.038409945
1228,test,0,0.75017244
144,test,0,0.75017244
498,test,0,0.75017244
4933,test,0,0.038409945
2957,test,0,0.03838789
9181,test,0,0.75017244
83,test,0,0.038409945
7296,test,0,0.75017244
2326,test,0,0.75017244
8548,test,0,0.75017244
562,test,0,0.03838789
5925,test,0,0.038409945
9632,test,0,0.75017244
642,test,0,0.30006015
1221,test,0,0.038409945
1201,test,0,0.038409945
5023,test,0,0.75017244
5874,test,0,0.03838789
3246,test,0,0.03838789
3161,test,0,0.75017244
6874,test,0,0.0920828
7604,test,0,0.038409945
3991,test,0,0.038409945
5018,test,0,0.038409945
10115,test,0,0.75017244
11064,test,0,0.75017244
6439,test,0,0.038409945
9511,test,0,0.75017244
4204,test,0,0.038409945
2805,test,0,0.75017244
9499,test,0,0.75017244
220,test,0,0.05046348
4287,test,0,0.057959106
3587,test,0,0.03838789
3320,test,0,0.75017244
9968,test,0,0.040795173
6788,test,0,0.75017244
10506,test,0,0.040795173
2862,test,0,0.038409945
2185,test,0,0.038409945
9922,test,0,0.038409945
3607,test,0,0.75017244
5229,test,0,0.18626489
1807,test,0,0.038409945
5756,test,0,0.75017244
10376,test,0,0.75017244
8168,test,0,0.038409945
6656,test,0,0.038409945
4213,test,0,0.038409945
6615,test,0,0.03838789
3280,test,0,0.75017244
8550,test,0,0.75017244
151,test,0,0.75017244
658,test,0,0.75017244
1302,test,0,0.038409945
5633,test,0,0.75017244
2237,test,0,0.038409945
9693,test,0,0.75017244
9126,test,0,0.75017244
8313,test,0,0.75017244
2314,test,0,0.04166043
656,test,0,0.038409945
9983,test,0,0.75017244
358,test,0,0.75017244
5462,test,0,0.75017244
2779,test,0,0.038409945
1909,test,0,0.038409945
2954,test,0,0.03838789
8039,test,0,0.75017244
7976,test,0,0.75017244
6644,test,0,0.038409945
5363,test,0,0.75017244
2176,test,0,0.10781388
2831,test,0,0.75017244
5036,test,0,0.03838789
6047,test,0,0.038364206
8162,test,0,0.038409945
3994,test,0,0.038409945
10432,test,0,0.75017244
8206,test,0,0.038409945
4228,test,0,0.75017244
4990,test,0,0.03838789
10575,test,0,0.75017244
10947,test,0,0.75017244
1006,test,0,0.040795173
2331,test,0,0.040795173
1637,test,0,0.038409945
9970,test,0,0.038409945
4909,test,0,0.038409945
10616,test,0,0.038409945
1314,test,0,0.18626489
5637,test,0,0.038409945
5155,test,0,0.75017244
3330,test,0,0.038409945
4354,test,0,0.038409945
3724,test,0,0.038364206
6286,test,0,0.038409945
1203,test,0,0.038409945
9461,test,0,0.03838789
6832,test,0,0.75017244
1174,test,0,0.040795173
7561,test,0,0.038409945
4509,test,0,0.75017244
6423,test,0,0.038409945
10952,test,0,0.038409945
6946,test,0,0.038409945
6410,test,0,0.038409945
8308,test,0,0.75017244
5921,test,0,0.038409945
8960,test,0,0.75017244
470,test,0,0.038409945
7967,test,0,0.038409945
871,test,0,0.75017244
1075,test,0,0.040795173
2181,test,0,0.040795173
5107,test,0,0.03838789
2800,test,0,0.038364206
10573,test,0,0.038409945
1929,test,0,0.75017244
9118,test,0,0.038409945
1635,test,0,0.75017244
47,test,0,0.75017244
6255,test,0,0.03838789
1028,test,0,0.75017244
9797,test,0,0.038409945
949,test,0,0.03838789
6606,test,0,0.038409945
8135,test,0,0.038364206
6945,test,0,0.038409945
950,test,0,0.75017244
1031,test,0,0.05046348
1282,test,0,0.038409945
10619,test,0,0.038409945
4061,test,0,0.038409945
1791,test,0,0.038409945
5294,test,0,0.038409945
5145,test,0,0.75017244
34,test,0,0.038409945
476,test,0,0.75017244
6811,test,0,0.038409945
9479,test,0,0.038409945
7133,test,0,0.038409945
6148,test,0,0.038409945
1025,test,0,0.75017244
1634,test,0,0.038409945
1002,test,0,0.040795173
348,test,0,0.046012037
5731,test,0,0.75017244
4089,test,0,0.75017244
997,test,0,0.038409945
7303,test,0,0.038409945
6049,test,0,0.03838789
6891,test,0,0.75017244
1019,test,0,0.21822351
1172,test,0,0.10781388
1322,test,0,0.038409945
8598,test,0,0.03838789
6949,test,0,0.038409945
8842,test,0,0.038409945
10948,test,0,0.038409945
10622,test,0,0.038409945
4512,test,0,0.038409945
2856,test,0,0.038409945
9200,test,0,0.75017244
2509,test,0,0.038409945
5759,test,0,0.038409945
10566,test,0,0.75017244
4845,test,0,0.038409945
7494,test,0,0.75017244
3578,test,0,0.038409945
7938,test,0,0.75017244
4521,test,0,0.03838789
735,test,0,0.75017244
10393,test,0,0.03838789
781,test,0,0.038364206
3843,test,0,0.75017244
5283,test,0,0.038409945
8955,test,0,0.038409945
555,test,0,0.75017244
5368,test,0,0.040795017
2319,test,0,0.75017244
5922,test,0,0.038409945
3746,test,0,0.05792434
5911,test,0,0.75017244
7725,test,0,0.75017244
162,test,0,0.05046348
4207,test,0,0.75017244
10878,test,0,0.75017244
10076,test,0,0.038409945
5730,test,0,0.75017244
10621,test,0,0.038409945
9026,test,0,0.038409945
1068,test,0,0.038409945
5630,test,0,0.038409945
1941,test,0,0.040795173
2795,test,0,0.040795173
3334,test,0,0.038409945
4210,test,0,0.038409945
1467,test,0,0.040795017
5933,test,0,0.75017244
8559,test,0,0.03838789
4283,test,0,0.038409945
5044,test,0,0.038409945
875,test,0,0.038409945
5386,test,0,0.038409945
166,test,0,0.75017244
1207,test,0,0.038409945
2619,test,0,0.038409945
6753,test,0,0.75017244
5147,test,0,0.038409945
3858,test,0,0.038364206
8026,test,0,0.05358582
2322,test,0,0.75017244
5621,test,0,0.038409945
9188,test,0,0.038409945
5038,test,0,0.038409945
10275,test,0,0.75017244
10069,test,0,0.038409945
714,test,0,0.038409945
7799,test,0,0.75017244
5720,test,0,0.038409945
5644,test,0,0.038409945
6628,test,0,0.038409945
10571,test,0,0.038409945
10567,test,0,0.038364206
4221,test,0,0.75017244
730,test,0,0.038409945
3703,test,0,0.038409945
996,test,0,0.75017244
5884,test,0,0.038409945
5464,test,0,0.038409945
10972,test,0,0.040795173
1937,test,0,0.052689523
10665,test,0,0.75017244
3980,test,0,0.038409945
7314,test,0,0.038409945
9025,test,0,0.75017244
7611,test,0,0.038409945
4832,test,0,0.75017244
7845,test,0,0.75017244
158,test,0,0.038409945
10377,test,0,0.038409945
1023,test,0,0.040795173
9127,test,0,0.038409945
1032,test,0,0.038364206
1211,test,0,0.75017244
9703,test,0,0.038409945
5623,test,0,0.038409945
10128,test,0,0.038409945
4729,test,0,0.038409945
1915,test,0,0.038409945
4225,test,0,0.038409945
3174,test,0,0.038409945
1796,test,0,0.038409945
1283,test,0,0.75017244
9030,test,0,0.038409945
10869,test,0,0.75017244
9697,test,0,0.75017244
146,test,0,0.03838789
7567,test,0,0.038364206
1317,test,0,0.038409945
10114,test,0,0.75017244
4075,test,0,0.038409945
10579,test,0,0.038409945
336,test,0,0.038409945
10381,test,0,0.038409945
5908,test,0,0.038409945
5252,test,0,0.038409945
8956,test,0,0.75017244
1289,test,0,0.038409945
8211,test,0,0.75017244
2174,test,0,0.75017244
9706,test,0,0.75017244
581,test,0,0.03838789
7136,test,0,0.75017244
10883,test,0,0.038409945
1640,test,0,0.038409945
2613,test,0,0.75017244
2852,test,0,0.038409945
8042,test,0,0.038409945
1227,test,0,0.038409945
5724,test,0,0.038409945
3747,test,0,0.038409945
2689,test,0,0.038409945
6418,test,0,0.038409945
7556,test,0,0.038409945
966,test,0,0.038409945
8034,test,0,0.03838789
1931,test,0,0.038409945
7620,test,0,0.038409945
5383,test,0,0.75017244
3823,test,0,0.038409945
7945,test,0,0.038409945
7713,test,0,0.038409945
5258,test,0,0.3199154
5161,test,0,0.038409945
9974,test,0,0.038409945
4214,test,0,0.038409945
6438,test,0,0.038409945
10380,test,0,0.040795173
1803,test,0,0.040795173
5049,test,0,0.75017244
147,test,0,0.05459664
3866,test,0,0.038409945
3976,test,0,0.038409945
501,test,0,0.75017244
5151,test,0,0.038409945
2792,test,0,0.038409945
10613,test,0,0.038409945
1926,test,0,0.05459664
8030,test,0,0.038409945
1470,test,0,0.038409945
1080,test,0,0.038409945
406,test,0,0.75017244
1027,test,0,0.057959106
2059,test,0,0.038409945
3307,test,0,0.75017244
1973,test,0,0.75017244
9704,test,0,0.05459664
8443,test,0,0.038364206
3988,test,0,0.038409945
1295,test,0,0.75017244
4522,test,0,0.03838789
5291,test,0,0.75017244
7601,test,0,0.75017244
5284,test,0,0.038409945
10558,test,0,0.038409945
1912,test,0,0.038409945
3323,test,0,0.038364206
2600,test,0,0.038409945
5642,test,0,0.038409945
8200,test,0,0.038409945
5631,test,0,0.21822351
3589,test,0,0.75017244
8431,test,0,0.038409945
6397,test,0,0.75017244
580,test,0,0.038364206
7973,test,0,0.038364206
10435,test,0,0.75017244
4931,test,0,0.038409945
5889,test,0,0.75017244
1918,test,0,0.038409945
2951,test,0,0.038409945
3834,test,0,0.038409945
152,test,0,0.75017244
10950,test,0,0.038409945
7675,test,0,0.038364206
6892,test,0,0.03838789
10885,test,0,0.038409945
3709,test,0,0.038409945
2687,test,0,0.038409945
10394,test,0,0.038409945
3348,test,0,0.038364206
6819,test,0,0.038409945
4454,test,0,0.05046348
2499,test,0,0.038409945
7301,test,0,0.038409945
9646,test,0,0.75017244
7971,test,0,0.038409945
1286,test,0,0.03838789
10387,test,0,0.038409945
1291,test,0,0.038409945
3175,test,0,0.75017244
6051,test,0,0.038409945
2628,test,0,0.03838789
466,test,0,0.75017244
3409,test,0,0.75017244
4842,test,0,0.038364206
659,test,0,0.75017244
550,test,0,0.038409945
4840,test,0,0.038409945
22,test,0,0.038364206
8032,test,0,0.038409945
6828,test,0,0.038409945
10081,test,0,0.038409945
3403,test,0,0.75017244
2304,test,0,0.038409945
9443,test,0,0.75017244
4286,test,0,0.038409945
4918,test,0,0.038409945
3743,test,0,0.038409945
9931,test,0,0.03838789
1333,test,0,0.038409945
8852,test,0,0.038409945
1329,test,0,0.038409945
5734,test,0,0.038409945
1073,test,0,0.038409945
5122,test,0,0.75017244
4735,test,0,0.038409945
6883,test,0,0.038409945
1011,test,0,0.038409945
5160,test,0,0.038409945
1785,test,0,0.038409945
5918,test,0,0.038409945
1511,test,0,0.038409945
4992,test,0,0.038409945
6747,test,0,0.038409945
1300,test,0,0.038409945
9971,test,0,0.038409945
10668,test,0,0.75017244
10095,test,0,0.038409945
3996,test,0,0.038409945
5893,test,0,0.038409945
10281,test,0,0.75017244
6411,test,0,0.038409945
664,test,0,0.75017244
5033,test,0,0.038409945
4741,test,0,0.038409945
2639,test,0,0.038409945
9639,test,0,0.08636963
5584,test,0,0.038409945
3842,test,0,0.038409945
6402,test,0,0.038409945
2589,test,0,0.75017244
7569,test,0,0.03838789
3857,test,0,0.038409945
8538,test,0,0.038409945
3430,test,0,0.038409945
10261,test,0,0.75017244
4965,test,0,0.03838789
6835,test,0,0.038409945
10970,test,0,0.038409945
8970,test,0,0.040795173
7560,test,0,0.038409945
5043,test,0,0.038409945
3332,test,0,0.038409945
4953,test,0,0.75017244
9019,test,0,0.038364206
10967,test,0,0.038409945
4000,test,0,0.038409945
5285,test,0,0.038409945
4671,test,0,0.038409945
5910,test,0,0.038409945
1299,test,0,0.038409945
2813,test,0,0.038409945
7716,test,0,0.038409945
5898,test,0,0.75017244
8951,test,0,0.038409945
9029,test,0,0.038409945
3624,test,0,0.75017244
5249,test,0,0.038409945
7962,test,0,0.038409945
9709,test,0,0.038409945
23,test,0,0.038409945
9119,test,0,0.038409945
3805,test,0,0.03838789
4661,test,0,0.038409945
5019,test,0,0.038409945
5011,test,0,0.03838789
9791,test,0,0.038409945
8542,test,0,0.038409945
472,test,0,0.038409945
7846,test,0,0.038409945
8834,test,0,0.038409945
9420,test,0,0.03838789
4078,test,0,0.038409945
9024,test,0,0.038409945
3432,test,0,0.03838789
1629,test,0,0.038409945
2998,test,0,0.038409945
3177,test,0,0.038409945
2605,test,0,0.75017244
4958,test,0,0.038364206
5259,test,0,0.038409945
2694,test,0,0.038409945
729,test,0,0.038409945
10103,test,0,0.75017244
732,test,0,0.038409945
2789,test,0,0.038409945
1934,test,0,0.038409945
5876,test,0,0.75017244
10371,test,0,0.038409945
7562,test,0,0.038409945
10277,test,0,0.038409945
3852,test,0,0.038409945
2183,test,0,0.75017244
4915,test,0,0.038409945
10002,test,0,0.038409945
6952,test,0,0.75017244
5907,test,0,0.038409945
4077,test,0,0.038409945
9638,test,0,0.75017244
2602,test,0,0.038364206
10875,test,0,0.038409945
9445,test,0,0.03838789
1297,test,0,0.03838789
1013,test,0,0.038409945
8309,test,0,0.038409945
725,test,0,0.038409945
4913,test,0,0.038409945
3739,test,0,0.038409945
5014,test,0,0.75017244
662,test,0,0.038409945
9034,test,0,0.038409945
4853,test,0,0.038409945
2177,test,0,0.75017244
6135,test,0,0.038409945
2230,test,0,0.038364206
4510,test,0,0.75017244
6799,test,0,0.75017244
10905,test,0,0.038364206
6793,test,0,0.75017244
1325,test,0,0.038409945
7139,test,0,0.75017244
8837,test,0,0.057959106
7943,test,0,0.038409945
1307,test,0,0.038409945
958,test,0,0.038409945
3862,test,0,0.038409945
546,test,0,0.038409945
3491,test,0,0.75017244
4668,test,0,0.75017244
5380,test,0,0.038409945
2302,test,0,0.038409945
474,test,0,0.75017244
10633,test,0,0.038409945
10507,test,0,0.038409945
10505,test,0,0.038409945
10272,test,0,0.038409945
10565,test,0,0.75017244
5028,test,0,0.038409945
3401,test,0,0.75017244
10278,test,0,0.038409945
10438,test,0,0.75017244
3318,test,0,0.75017244
7956,test,0,0.038409945
9413,test,0,0.038409945
8413,test,0,0.038409945
6889,test,0,0.75017244
5613,test,0,0.038409945
7718,test,0,0.75017244
3836,test,0,0.038409945
6804,test,0,0.75017244
5154,test,0,0.038409945
10964,test,0,0.75017244
6954,test,0,0.038409945
8418,test,0,0.038409945
5296,test,0,0.75017244
10131,test,0,0.75017244
5935,test,0,0.038409945
1908,test,0,0.038409945
6795,test,0,0.038364206
5618,test,0,0.038409945
3736,test,0,0.75017244
2781,test,0,0.038409945
9425,test,0,0.040795017
5891,test,0,0.038409945
4517,test,0,0.038409945
6146,test,0,0.038409945
4937,test,0,0.038409945
6872,test,0,0.75017244
3263,test,0,0.038409945
3998,test,0,0.040795173
9482,test,0,0.038409945
1079,test,0,0.038409945
1787,test,0,0.75017244
953,test,0,0.038409945
8434,test,0,0.75017244
5470,test,0,0.75017244
9117,test,0,0.038409945
9114,test,0,0.038409945
7968,test,0,0.038409945
363,test,0,0.03838789
10874,test,0,0.75017244
4665,test,0,0.038409945
8069,test,0,0.75017244
5140,test,0,0.75017244
5242,test,0,0.038409945
80,test,0,0.75017244
5226,test,0,0.75017244
541,test,0,0.75017244
1799,test,0,0.038409945
6605,test,0,0.038409945
9695,test,0,0.040795173
4274,test,0,0.04166043
728,test,0,0.75017244
7307,test,0,0.75017244
8782,test,0,0.03838789
5841,test,0,0.75017244
5927,test,0,0.057959106
11070,test,0,0.038409945
2699,test,0,0.75017244
5288,test,0,0.038409945
459,test,0,0.038409945
7972,test,0,0.038409945
5149,test,0,0.03838789
6361,test,0,0.038409945
10562,test,0,0.038409945
1330,test,0,0.038364206
3856,test,0,0.75017244
7721,test,0,0.038409945
665,test,0,0.75017244
2854,test,0,0.75017244
2534,test,0,0.038364206
653,test,0,0.75017244
6258,test,0,0.038409945
6608,test,0,0.038409945
961,test,0,0.75017244
5373,test,0,0.038409945
1225,test,0,0.75017244
1923,test,0,0.038409945
3404,test,0,0.038409945
733,test,0,0.038409945
4922,test,0,0.75017244
8781,test,0,0.75017244
1030,test,0,0.038409945
7312,test,0,0.038409945
5035,test,0,0.038409945
8031,test,0,0.038364206
2801,test,0,0.05358582
8543,test,0,0.038409945
4851,test,0,0.040795173
867,test,0,0.038409945
5632,test,0,0.038409945
3173,test,0,0.038409945
3582,test,0,0.038409945
3165,test,0,0.038409945
8558,test,0,0.038409945
2593,test,0,0.05459664
1070,test,0,0.038409945
6407,test,0,0.038409945
2335,test,0,0.75017244
6805,test,0,0.038409945
8198,test,0,0.75017244
5638,test,0,0.75017244
10256,test,0,0.75017244
7639,test,0,0.75017244
3871,test,0,0.038409945
2688,test,0,0.038409945
4908,test,0,0.038409945
2510,test,0,0.75017244
7952,test,0,0.75017244
1643,test,0,0.038409945
2952,test,0,0.10781388
3251,test,0,0.03838789
4291,test,0,0.038409945
5585,test,0,0.75017244
5360,test,0,0.038409945
5929,test,0,0.038364206
1319,test,0,0.038409945
5398,test,0,0.038409945
9965,test,0,0.038409945
6898,test,0,0.038409945
8839,test,0,0.038409945
5022,test,0,0.038409945
9124,test,0,0.10781388
3992,test,0,0.75017244
6820,test,0,0.75017244
7621,test,0,0.75017244
4733,test,0,0.75017244
4831,test,0,0.05046348
7794,test,0,0.75017244
6130,test,0,0.038409945
7977,test,0,0.038409945
4750,test,0,0.75017244
3845,test,0,0.038409945
5401,test,0,0.038409945
4344,test,0,0.75017244
1786,test,0,0.038409945
5877,test,0,0.038409945
10572,test,0,0.038409945
6421,test,0,0.038409945
7796,test,0,0.038409945
10265,test,0,0.038409945
10276,test,0,0.75017244
4456,test,0,0.038364206
35,test,0,0.038409945
7143,test,0,0.038409945
2301,test,0,0.038409945
5152,test,0,0.038409945
4360,test,0,0.03838789
9032,test,0,0.75017244
6894,test,0,0.052689523
538,test,0,0.038409945
4856,test,0,0.038409945
9195,test,0,0.038409945
8947,test,0,0.75017244
673,test,0,0.038409945
5163,test,0,0.05459664
4084,test,0,0.038409945
8601,test,0,0.75017244
10870,test,0,0.038409945
9003,test,0,0.75017244
9189,test,0,0.75017244
6062,test,0,0.038409945
3997,test,0,0.038409945
8202,test,0,0.038409945
5387,test,0,0.038409945
8164,test,0,0.03838789
1273,test,0,0.038409945
8590,test,0,0.75017244
7934,test,0,0.038409945
1219,test,0,0.038409945
1305,test,0,0.038409945
8779,test,0,0.75017244
2591,test,0,0.75017244
7787,test,0,0.040795173
2317,test,0,0.038409945
10634,test,0,0.75017244
5399,test,0,0.038409945
1294,test,0,0.038409945
6053,test,0,0.038409945
7294,test,0,0.038409945
651,test,0,0.038409945
6617,test,0,0.038409945
6861,test,0,0.03838789
8437,test,0,0.75017244
7607,test,0,0.75017244
2527,test,0,0.038364206
7969,test,0,0.038409945
644,test,0,0.75017244
7940,test,0,0.052689523
5372,test,0,0.038409945
10879,test,0,0.038409945
6781,test,0,0.75017244
9694,test,0,0.038409945
11072,test,0,0.038409945
10378,test,0,0.038409945
4941,test,0,0.038364206
2630,test,0,0.75017244
7614,test,0,0.038409945
9017,test,0,0.038409945
221,test,0,0.038409945
1512,test,0,0.038409945
10564,test,0,0.038409945
8040,test,0,0.038409945
4736,test,0,0.75017244
8950,test,0,0.038409945
6432,test,0,0.75017244
10372,test,0,0.038409945
6428,test,0,0.038409945
3344,test,0,0.038409945
3817,test,0,0.75017244
5900,test,0,0.038409945
1020,test,0,0.038409945
4864,test,0,0.75017244
5906,test,0,0.75017244
5619,test,0,0.038409945
10881,test,0,0.038409945
4857,test,0,0.05792434
8191,test,0,0.038409945
4197,test,0,0.75017244
5895,test,0,0.038409945
6622,test,0,0.75017244
8192,test,0,0.038409945
11074,test,0,0.038409945
8070,test,0,0.038409945
4835,test,0,0.75017244
4846,test,0,0.75017244
1206,test,0,0.038409945
6812,test,0,0.038409945
3496,test,0,0.75017244
10890,test,0,0.75017244
9978,test,0,0.038364206
7727,test,0,0.038409945
8312,test,0,0.038409945
6401,test,0,0.038409945
3414,test,0,0.038409945
5735,test,0,0.038409945
3728,test,0,0.038409945
10112,test,0,0.038409945
962,test,0,0.75017244
2543,test,0,0.038409945
4652,test,0,0.038409945
7723,test,0,0.038409945
9919,test,0,0.03838789
1641,test,0,0.75017244
4660,test,0,0.038409945
8074,test,0,0.038409945
9784,test,0,0.038409945
9028,test,0,0.038364206
2300,test,0,0.038409945
4945,test,0,0.75017244
1171,test,0,0.75017244
5030,test,0,0.038409945
4373,test,0,0.03838789
7619,test,0,0.038409945
6367,test,0,0.038409945
6623,test,0,0.038409945
6625,test,0,0.75017244
4743,test,0,0.75017244
3355,test,0,0.75017244
7299,test,0,0.75017244
10667,test,0,0.038409945
10976,test,0,0.038409945
6750,test,0,0.75017244
10267,test,0,0.75017244
4934,test,0,0.038409945
8422,test,0,0.038364206
9007,test,0,0.038409945
7609,test,0,0.75017244
9037,test,0,0.038409945
3428,test,0,0.75017244
10266,test,0,0.75017244
8599,test,0,0.75017244
8547,test,0,0.038409945
471,test,0,0.038364206
5292,test,0,0.038409945
6404,test,0,0.038409945
8847,test,0,0.038409945
3156,test,0,0.75017244
2615,test,0,0.05046348
10109,test,0,0.038409945
10077,test,0,0.038409945
6414,test,0,0.038409945
10629,test,0,0.038409945
4216,test,0,0.038409945
5029,test,0,0.038409945
6782,test,0,0.03838789
720,test,0,0.03838789
11066,test,0,0.038409945
2816,test,0,0.75017244
10515,test,0,0.038364206
4285,test,0,0.75017244
10100,test,0,0.03838789
11075,test,0,0.038409945
338,test,0,0.038409945
9031,test,0,0.038409945
6613,test,0,0.75017244
1631,test,0,0.038409945
4466,test,0,0.040795173
6140,test,0,0.038409945
4465,test,0,0.75017244
4290,test,0,0.75017244
6951,test,0,0.75017244
4903,test,0,0.038409945
10026,test,0,0.75017244
6612,test,0,0.75017244
4833,test,0,0.038409945
5255,test,0,0.038409945
4667,test,0,0.038409945
2614,test,0,0.038409945
649,test,0,0.038409945
2796,test,0,0.038409945
6408,test,0,0.75017244
783,test,0,0.038409945
8420,test,0,0.038409945
8785,test,0,0.75017244
8071,test,0,0.038409945
3612,test,0,0.038409945
3732,test,0,0.038409945
4076,test,0,0.03838789
3844,test,0,0.038409945
1222,test,0,0.038409945
10084,test,0,0.038409945
957,test,0,0.038409945
7941,test,0,0.038409945
8539,test,0,0.038409945
5282,test,0,0.038409945
5146,test,0,0.038409945
143,test,0,0.038409945
2791,test,0,0.038409945
7300,test,0,0.038409945
4551,test,0,0.75017244
7823,test,0,0.75017244
8633,test,0,0.75017244
2254,test,0,0.75017244
2474,test,0,0.75017244
699,test,0,0.75017244
1090,test,1,0.75017244
9560,test,0,0.75017244
4548,test,0,0.75017244
7465,test,0,0.038409945
10164,test,0,0.03838789
7281,test,0,0.038364206
8392,test,0,0.75017244
2216,test,0,0.75017244
6908,test,0,0.038364206
7480,test,0,0.038409945
2463,test,0,0.75017244
3938,test,0,0.75017244
1984,test,0,0.75017244
7450,test,0,0.75017244
2087,test,0,0.75017244
6504,test,0,0.75017244
2444,test,0,0.75017244
10775,test,0,0.75017244
6174,test,0,0.75017244
4772,test,0,0.75017244
7729,test,0,0.75017244
5747,test,0,0.75017244
7830,test,0,0.038364206
4582,test,0,0.75017244
8674,test,0,0.75017244
10821,test,0,0.75017244
9435,test,0,0.75017244
7349,test,0,0.75017244
7185,test,0,0.75017244
521,test,0,0.75017244
3635,test,0,0.038409945
8400,test,0,0.057959106
10814,test,1,0.75017244
1039,test,0,0.040795173
11045,test,0,0.75017244
4792,test,0,0.75017244
4812,test,0,0.75017244
4115,test,0,0.75017244
6913,test,0,0.75017244
1846,test,0,0.75017244
10311,test,0,0.75017244
3048,test,0,0.75017244
7472,test,0,0.75017244
1142,test,0,0.75017244
4817,test,0,0.75017244
6100,test,0,0.75017244
6482,test,0,0.75017244
8387,test,0,0.75017244
5523,test,0,0.75017244
5312,test,0,0.038409945
4486,test,0,0.75017244
9428,test,0,0.75017244
6475,test,0,0.75017244
6216,test,0,0.75017244
6385,test,0,0.75017244
10847,test,0,0.75017244
1838,test,0,0.75017244
10720,test,0,0.75017244
2460,test,0,0.75017244
6691,test,0,0.75017244
9355,test,0,0.75017244
4416,test,0,0.75017244
9334,test,0,0.75017244
9497,test,0,0.038409945
6159,test,0,0.75017244
5136,test,0,0.038409945
2255,test,0,0.75017244
3081,test,0,0.038409945
8818,test,0,0.75017244
3568,test,0,0.75017244
6268,test,0,0.75017244
7543,test,0,0.75017244
6496,test,0,0.75017244
2284,test,0,0.75017244
7452,test,0,0.75017244
8610,test,0,0.75017244
5407,test,0,0.75017244
7462,test,0,0.03838789
1134,test,0,0.03838789
1564,test,0,0.75017244
10229,test,0,0.75017244
10304,test,0,0.75017244
6327,test,0,0.75017244
5826,test,0,0.75017244
3762,test,0,0.03838789
10008,test,0,0.75017244
1837,test,0,0.75017244
3088,test,0,0.75017244
8488,test,0,0.038409945
9257,test,0,0.75017244
8407,test,0,0.75017244
4005,test,0,0.75017244
1689,test,0,0.75017244
5829,test,0,0.75017244
7286,test,0,0.75017244
904,test,0,0.03838789
2683,test,0,0.75017244
8814,test,0,0.75017244
8497,test,0,0.75017244
7131,test,0,0.75017244
2924,test,0,0.75017244
1560,test,0,0.75017244
2879,test,0,0.75017244
8237,test,0,0.03838789
6443,test,0,0.75017244
7125,test,0,0.75017244
10210,test,0,0.75017244
7514,test,0,0.75017244
526,test,0,0.75017244
8789,test,0,0.75017244
5418,test,0,0.038364206
737,test,0,0.75017244
743,test,0,0.75017244
1144,test,0,0.75017244
2287,test,0,0.05459664
11044,test,0,0.038409945
8268,test,0,0.057959106
7834,test,0,0.75017244
4478,test,0,0.05459664
1575,test,0,0.75017244
7091,test,0,0.75017244
9340,test,0,0.75017244
324,test,0,0.75017244
519,test,0,0.038364206
8662,test,0,0.75017244
2579,test,0,0.75017244
1748,test,0,0.75017244
3899,test,0,0.75017244
6526,test,0,0.75017244
2077,test,0,0.75017244
2676,test,0,0.75017244
6489,test,0,0.75017244
5685,test,0,0.75017244
10347,test,0,0.75017244
4583,test,1,0.75017244
8360,test,0,0.75017244
4868,test,0,0.75017244
10212,test,0,0.75017244
3361,test,0,0.75017244
5533,test,0,0.75017244
6493,test,0,0.038409945
3690,test,0,0.03838789
6016,test,0,0.75017244
9252,test,0,0.75017244
5741,test,0,0.057959106
4420,test,0,0.75017244
10230,test,0,0.75017244
6547,test,0,0.75017244
7447,test,0,0.038409945
1123,test,0,0.75017244
10407,test,0,0.03838789
1114,test,0,0.75017244
6328,test,0,0.75017244
9350,test,0,0.75017244
9558,test,0,0.75017244
10007,test,0,0.05459664
7024,test,0,0.038409945
5417,test,0,0.038409945
7547,test,0,0.75017244
491,test,0,0.75017244
946,test,0,0.75017244
2450,test,0,0.038409945
9250,test,0,0.03838789
10747,test,0,0.038409945
1880,test,0,0.75017244
2555,test,0,0.75017244
761,test,0,0.75017244
8133,test,0,0.75017244
2208,test,0,0.75017244
9142,test,0,0.75017244
5452,test,0,0.038364206
6332,test,0,0.75017244
804,test,0,0.038409945
4805,test,0,0.75017244
10929,test,0,0.75017244
1552,test,0,0.75017244
9523,test,0,0.03838789
3364,test,0,0.75017244
6932,test,0,0.75017244
2461,test,0,0.75017244
4767,test,0,0.75017244
908,test,0,0.038409945
8661,test,0,0.75017244
6630,test,0,0.75017244
1119,test,0,0.75017244
1724,test,0,0.75017244
896,test,0,0.75017244
8254,test,0,0.75017244
1430,test,0,0.05046348
2647,test,0,0.75017244
6012,test,0,0.75017244
1881,test,0,0.75017244
9251,test,0,0.038364206
10343,test,0,0.75017244
4703,test,0,0.75017244
7522,test,0,0.75017244
8116,test,0,0.75017244
529,test,0,0.75017244
766,test,0,0.75017244
9590,test,0,0.75017244
10213,test,0,0.75017244
5091,test,0,0.75017244
9774,test,0,0.75017244
1573,test,0,0.75017244
8741,test,0,0.75017244
5455,test,0,0.75017244
6116,test,0,0.75017244
9572,test,0,0.75017244
7234,test,0,0.038409945
6450,test,0,0.038409945
6456,test,0,0.75017244
4524,test,0,0.75017244
5095,test,0,0.75017244
3030,test,0,0.75017244
916,test,0,0.75017244
10827,test,0,0.75017244
6687,test,0,0.038409945
10044,test,0,0.75017244
8806,test,0,0.75017244
3569,test,0,0.75017244
7809,test,0,0.03838789
2198,test,0,0.038409945
3754,test,0,0.038409945
912,test,0,0.75017244
8615,test,0,0.75017244
4688,test,0,0.75017244
5449,test,0,0.75017244
8735,test,0,0.05046348
321,test,0,0.75017244
3694,test,0,0.75017244
6172,test,0,0.75017244
10743,test,0,0.038409945
4976,test,0,0.75017244
6541,test,0,0.038409945
1763,test,0,0.75017244
4408,test,0,0.75017244
8895,test,0,0.75017244
10014,test,0,0.75017244
6113,test,0,0.05046348
2710,test,0,0.75017244
7083,test,0,0.75017244
4155,test,0,0.75017244
1879,test,0,0.038409945
890,test,0,0.75017244
4579,test,0,0.75017244
9561,test,0,0.75017244
2210,test,0,0.03838789
7246,test,0,0.03838789
4241,test,0,0.75017244
8896,test,0,0.75017244
5084,test,0,0.75017244
7667,test,0,0.75017244
10154,test,0,0.03838789
9354,test,0,0.05459664
3025,test,0,0.75017244
7231,test,0,0.038409945
9366,test,0,0.03838789
5500,test,0,0.75017244
9578,test,0,0.75017244
8125,test,0,0.75017244
1034,test,0,0.038409945
746,test,0,0.75017244
7068,test,0,0.75017244
3372,test,0,0.03838789
9156,test,0,0.038409945
2277,test,0,0.75017244
3652,test,0,0.75017244
7745,test,0,0.75017244
1133,test,0,0.75017244
420,test,0,0.75017244
10402,test,0,0.75017244
1781,test,0,0.038409945
9269,test,0,0.038409945
8485,test,0,0.75017244
3052,test,0,0.75017244
7084,test,0,0.75017244
8671,test,0,0.75017244
7817,test,0,0.03838789
3940,test,0,0.038409945
3063,test,0,0.03838789
8659,test,0,0.75017244
2559,test,0,0.75017244
376,test,0,0.038364206
5428,test,0,0.75017244
1559,test,0,0.75017244
4878,test,0,0.75017244
5411,test,0,0.75017244
1425,test,0,0.75017244
7526,test,0,0.038364206
5942,test,0,0.75017244
2948,test,0,0.75017244
7317,test,0,0.038409945
5686,test,0,0.75017244
9576,test,0,0.75017244
9495,test,0,0.03838789
1093,test,0,0.75017244
8914,test,0,0.038409945
3051,test,0,0.75017244
5421,test,0,0.75017244
6168,test,0,0.038409945
3435,test,0,0.038409945
6675,test,0,0.75017244
10805,test,0,0.03838789
936,test,0,0.75017244
7130,test,0,0.03838789
1958,test,0,0.75017244
8620,test,0,0.75017244
6001,test,0,0.75017244
8672,test,0,0.037836403
10812,test,0,0.05046348
1258,test,0,0.75017244
8744,test,0,0.03838789
1102,test,0,0.75017244
897,test,0,0.75017244
6917,test,0,0.75017244
5433,test,0,0.75017244
8129,test,0,0.038409945
2280,test,0,0.75017244
10408,test,0,0.040795173
7529,test,0,0.03838789
9747,test,0,0.03838789
10198,test,0,0.03838789
10144,test,0,0.03838789
2838,test,0,0.75017244
10233,test,0,0.038364206
3449,test,0,0.75017244
5311,test,0,0.75017244
7048,test,0,0.75017244
8663,test,0,0.03838789
8863,test,0,0.75017244
10221,test,0,0.75017244
4160,test,0,0.038364206
69,test,0,0.75017244
8274,test,0,0.75017244
10928,test,0,0.0920828
1680,test,0,0.03838789
3696,test,0,0.75017244
8463,test,0,0.75017244
2583,test,0,0.038409945
10930,test,0,0.038409945
3920,test,0,0.75017244
10006,test,0,0.75017244
5748,test,0,0.03838789
8399,test,0,0.038409945
2566,test,0,0.75017244
4119,test,0,0.75017244
10458,test,0,0.75017244
10777,test,0,0.75017244
9519,test,0,0.038409945
9553,test,0,0.75017244
2396,test,0,0.03838789
3934,test,0,0.75017244
8635,test,0,0.05459664
6163,test,0,0.75017244
1842,test,0,0.038409945
6924,test,0,0.75017244
3942,test,0,0.75017244
5831,test,0,0.03838789
4405,test,0,0.038364206
7385,test,0,0.75017244
2221,test,0,0.03838789
1259,test,0,0.75017244
2076,test,0,0.75017244
6120,test,0,0.038364206
5738,test,0,0.038409945
6521,test,0,0.75017244
4243,test,0,0.038409945
3434,test,0,0.75017244
4866,test,0,0.038409945
6276,test,0,0.75017244
8115,test,0,0.75017244
8474,test,0,0.75017244
10196,test,0,0.038409945
4807,test,0,0.75017244
10925,test,0,0.75017244
494,test,0,0.75017244
2204,test,0,0.03838789
9587,test,0,0.75017244
1759,test,0,0.75017244
8730,test,0,0.03838789
2459,test,0,0.038409945
9557,test,0,0.03838789
2557,test,0,0.03838789
9743,test,0,0.03838789
4449,test,0,0.038409945
3752,test,0,0.038409945
4399,test,0,0.03838789
2928,test,0,0.75017244
7527,test,0,0.75017244
10223,test,0,0.038409945
10828,test,0,0.038409945
2085,test,0,0.038364206
5524,test,0,0.75017244
8729,test,0,0.75017244
8511,test,0,0.75017244
6371,test,0,0.75017244
3891,test,0,0.038364206
8271,test,0,0.038409945
5504,test,0,0.03838789
1131,test,0,0.038409945
2572,test,0,0.038364206
10997,test,0,0.75017244
6092,test,0,0.03838789
478,test,0,0.038409945
7249,test,0,0.75017244
7022,test,0,0.75017244
6372,test,0,0.75017244
4003,test,0,0.038364206
6549,test,0,0.038409945
2279,test,0,0.75017244
2939,test,0,0.75017244
7448,test,0,0.03838789
3105,test,0,0.75017244
6918,test,0,0.05459664
4781,test,0,0.038364206
4774,test,0,0.75017244
8366,test,0,0.75017244
9370,test,0,0.75017244
4477,test,0,0.75017244
5946,test,0,0.75017244
4240,test,0,0.75017244
3931,test,0,0.75017244
6334,test,0,0.75017244
7595,test,0,0.038409945
4867,test,0,0.75017244
8359,test,0,0.75017244
5527,test,0,0.75017244
6546,test,0,0.75017244
8481,test,0,0.75017244
518,test,0,0.75017244
8476,test,0,0.75017244
10758,test,0,0.75017244
10830,test,0,0.038409945
4545,test,0,0.03838789
6126,test,0,0.03838789
8510,test,0,0.03838789
10226,test,0,0.038409945
4865,test,0,0.038364206
1437,test,0,0.75017244
7053,test,0,0.75017244
3508,test,0,0.03838789
3442,test,0,0.75017244
6931,test,0,0.038409945
7233,test,0,0.75017244
3915,test,0,0.03838789
8509,test,0,0.75017244
7668,test,0,0.05459664
10605,test,0,0.75017244
5530,test,0,0.03838789
10748,test,0,0.038409945
10156,test,0,0.75017244
9763,test,0,0.038409945
1684,test,0,0.75017244
6197,test,0,0.75017244
5098,test,0,0.75017244
1562,test,0,0.038364206
2458,test,0,0.038364206
9489,test,0,0.08536805
706,test,0,0.05459664
8742,test,0,0.75017244
7076,test,0,0.75017244
6929,test,0,0.75017244
6343,test,0,0.75017244
3439,test,0,0.75017244
7085,test,0,0.03838789
10395,test,0,0.038409945
3697,test,0,0.75017244
2655,test,0,0.05046348
5075,test,0,0.038409945
3911,test,0,0.038409945
7101,test,0,0.75017244
8361,test,0,0.75017244
3910,test,0,0.03838789
1256,test,1,0.75017244
1455,test,0,0.75017244
6386,test,0,0.75017244
298,test,0,0.75017244
9779,test,0,0.03838789
768,test,0,0.038409945
4481,test,0,0.038409945
311,test,0,0.038409945
5134,test,0,0.75017244
10834,test,0,0.038409945
1135,test,0,0.75017244
10606,test,0,0.75017244
3939,test,0,0.75017244
6177,test,0,0.038409945
3022,test,0,0.75017244
6676,test,0,0.038409945
2944,test,0,0.038409945
3058,test,0,0.75017244
6567,test,0,0.75017244
6550,test,0,0.75017244
10169,test,0,0.038409945
8395,test,0,0.03838789
6488,test,0,0.75017244
753,test,0,0.75017244
7464,test,0,0.75017244
4980,test,0,0.05459664
4888,test,0,0.038364206
7049,test,0,0.75017244
10318,test,0,0.038364206
4485,test,0,0.75017244
4825,test,0,0.038409945
3890,test,0,0.75017244
10397,test,0,0.0920828
10016,test,0,0.75017244
3104,test,0,0.75017244
10945,test,0,0.038364206
6524,test,0,0.75017244
7531,test,0,0.75017244
5948,test,0,0.038409945
1567,test,0,0.05459664
60,test,0,0.05046348
1436,test,0,0.038409945
2646,test,0,0.03838789
3687,test,0,0.75017244
6562,test,0,0.038409945
4440,test,0,0.05459664
2709,test,0,0.038409945
7023,test,0,0.038364206
6636,test,0,0.75017244
10225,test,0,0.75017244
10596,test,0,0.75017244
2395,test,0,0.75017244
8857,test,0,0.75017244
2393,test,0,0.75017244
9555,test,0,0.038364206
7232,test,0,0.75017244
5497,test,0,0.75017244
7064,test,0,0.038409945
5318,test,0,0.75017244
7460,test,0,0.75017244
3510,test,0,0.038409945
2554,test,0,0.03838789
10050,test,0,0.03838789
8638,test,0,0.03838789
70,test,0,0.03838789
1058,test,0,0.057959106
1956,test,0,0.03838789
6180,test,0,0.038364206
2281,test,0,0.038364206
9346,test,0,0.040795173
2084,test,0,0.038409945
2228,test,0,0.75017244
8639,test,0,0.75017244
2930,test,0,0.038409945
4163,test,0,0.038409945
4986,test,0,0.038409945
10810,test,0,0.038409945
3023,test,0,0.75017244
10400,test,0,0.038364206
7031,test,0,0.75017244
9577,test,0,0.75017244
8117,test,0,0.038409945
10201,test,0,0.038364206
8810,test,0,0.038409945
52,test,0,0.038364206
9342,test,0,0.75017244
10590,test,0,0.75017244
3893,test,0,0.75017244
10042,test,0,0.75017244
9273,test,0,0.038409945
790,test,0,0.75017244
6498,test,0,0.038364206
7488,test,0,0.038409945
2226,test,0,0.75017244
6005,test,0,0.75017244
5087,test,0,0.75017244
9567,test,0,0.03838789
760,test,0,0.03838789
738,test,0,0.75017244
6544,test,0,0.75017244
1736,test,0,0.75017244
1832,test,0,0.75017244
10470,test,0,0.75017244
7229,test,0,0.75017244
7477,test,0,0.75017244
3897,test,0,0.03838789
8856,test,0,0.75017244
8665,test,0,0.75017244
51,test,0,0.038409945
3086,test,0,0.038409945
8860,test,0,0.75017244
4156,test,0,0.75017244
6215,test,0,0.038409945
3627,test,0,0.038409945
7657,test,0,0.75017244
9491,test,0,0.75017244
3445,test,0,0.038409945
1260,test,0,0.038409945
10755,test,0,0.038409945
9570,test,0,0.057959106
5093,test,0,0.75017244
703,test,0,0.75017244
7343,test,0,0.040795173
9265,test,0,0.05459664
9554,test,0,0.03838789
8251,test,0,0.75017244
901,test,0,0.75017244
884,test,0,0.03838789
7826,test,0,0.040795173
8099,test,0,0.75017244
1094,test,0,0.038409945
3637,test,0,0.038409945
7069,test,0,0.75017244
8504,test,0,0.03838789
10770,test,0,0.75017244
3941,test,0,0.75017244
1147,test,0,0.038409945
8464,test,0,0.038364206
5305,test,0,0.038409945
1777,test,0,0.75017244
2218,test,0,0.03838789
5681,test,0,0.038364206
5422,test,0,0.75017244
6219,test,0,0.75017244
6106,test,0,0.75017244
5102,test,0,0.75017244
3638,test,0,0.75017244
1051,test,0,0.75017244
8478,test,0,0.75017244
1765,test,0,0.75017244
3895,test,0,0.03838789
7476,test,0,0.75017244
1536,test,0,0.75017244
10013,test,0,0.03838789
4707,test,0,0.057959106
9436,test,0,0.75017244
4983,test,0,0.75017244
4694,test,0,0.75017244
932,test,0,0.040795017
4763,test,0,0.75017244
3096,test,0,0.75017244
895,test,0,0.75017244
4010,test,0,0.75017244
9271,test,0,0.038409945
877,test,0,0.10781388
3567,test,0,0.038364206
6448,test,0,0.75017244
7100,test,0,0.75017244
10193,test,0,0.03838789
4231,test,0,0.75017244
2285,test,0,0.038364206
2679,test,0,0.75017244
1738,test,0,0.75017244
705,test,0,0.038409945
5943,test,0,0.038364206
4161,test,0,0.038364206
5090,test,0,0.75017244
5068,test,0,0.75017244
9147,test,0,0.75017244
9140,test,0,0.75017244
4820,test,0,0.75017244
6468,test,0,0.75017244
1267,test,0,0.75017244
4601,test,0,0.75017244
919,test,0,0.75017244
6688,test,0,0.75017244
1782,test,0,0.038409945
9758,test,0,0.75017244
5941,test,0,0.75017244
6906,test,0,0.75017244
3440,test,0,0.75017244
10308,test,0,0.75017244
9379,test,0,0.038409945
4689,test,0,0.75017244
8484,test,0,0.038364206
2219,test,0,0.75017244
10843,test,0,0.75017244
6936,test,0,0.75017244
5442,test,0,0.75017244
8907,test,0,0.75017244
10825,test,0,0.75017244
4129,test,0,0.75017244
4439,test,0,0.75017244
10157,test,0,0.038364206
5408,test,0,0.75017244
6497,test,0,0.75017244
4883,test,0,0.03838789
1423,test,0,0.03838789
8466,test,0,0.038409945
8100,test,0,0.038409945
303,test,0,0.75017244
11054,test,0,0.75017244
6015,test,0,0.038409945
10166,test,0,0.038409945
2833,test,0,0.75017244
9363,test,0,0.75017244
4880,test,0,0.038409945
7072,test,0,0.75017244
10228,test,0,0.75017244
9276,test,0,0.75017244
3645,test,0,0.75017244
922,test,0,0.038409945
5315,test,0,0.038409945
876,test,0,0.03838789
5420,test,0,0.75017244
2199,test,0,0.75017244
7593,test,0,0.75017244
1569,test,0,0.75017244
1571,test,0,0.038409945
5426,test,0,0.75017244
7026,test,0,0.75017244
7123,test,0,0.038364206
4598,test,0,0.75017244
744,test,0,0.03838789
5057,test,0,0.75017244
7812,test,0,0.75017244
751,test,0,0.75017244
4764,test,0,0.75017244
530,test,0,0.03838789
5088,test,0,0.75017244
1994,test,0,0.75017244
1553,test,0,0.75017244
7392,test,0,0.03838789
1446,test,0,0.038409945
2845,test,0,0.75017244
6384,test,0,0.05459664
8911,test,0,0.038364206
6093,test,0,0.75017244
1041,test,0,0.75017244
488,test,0,0.75017244
7288,test,0,0.75017244
6275,test,0,0.03838789
2846,test,0,0.057959106
7041,test,0,0.75017244
10159,test,0,0.03838789
6672,test,0,0.75017244
9574,test,0,0.75017244
1445,test,0,0.038364206
9524,test,0,0.75017244
7831,test,0,0.75017244
9378,test,0,0.040795173
1551,test,0,0.038409945
4121,test,0,0.75017244
1056,test,0,0.75017244
6153,test,0,0.038409945
10216,test,0,0.75017244
9527,test,0,0.75017244
5313,test,0,0.038409945
4686,test,0,0.75017244
6632,test,0,0.038364206
4421,test,0,0.75017244
3059,test,0,0.75017244
9744,test,0,0.038364206
6195,test,0,0.040795173
1097,test,0,0.038409945
1681,test,0,0.75017244
6161,test,0,0.75017244
482,test,0,0.038409945
2759,test,0,0.75017244
10780,test,0,0.75017244
2768,test,0,0.038409945
7241,test,0,0.75017244
7193,test,0,0.038409945
10607,test,0,0.038409945
8256,test,0,0.75017244
915,test,0,0.038409945
7244,test,0,0.038409945
6212,test,0,0.038409945
6491,test,0,0.038409945
10215,test,0,0.75017244
4479,test,0,0.75017244
1156,test,0,0.75017244
5817,test,0,0.75017244
1985,test,0,0.75017244
5443,test,0,0.038409945
1986,test,0,0.75017244
8468,test,0,0.75017244
3572,test,0,0.038409945
933,test,0,0.75017244
3029,test,0,0.75017244
6523,test,0,0.038409945
4803,test,0,0.038409945
7520,test,0,0.040795173
1533,test,0,0.75017244
4782,test,0,0.75017244
8255,test,0,0.75017244
2556,test,0,0.040795173
10399,test,0,0.75017244
10297,test,0,0.75017244
3921,test,0,0.038364206
8788,test,0,0.75017244
9563,test,0,0.038364206
1154,test,0,0.75017244
5938,test,0,0.75017244
5415,test,0,0.038364206
7325,test,0,0.75017244
3074,test,0,0.038364206
7446,test,0,0.75017244
2773,test,0,0.03838789
3691,test,0,0.75017244
9488,test,0,0.75017244
4407,test,0,0.038409945
2478,test,0,0.75017244
9247,test,0,0.05046348
9525,test,0,0.03838789
4244,test,0,0.75017244
9515,test,0,0.038409945
2586,test,0,0.03838789
941,test,0,0.038364206
7050,test,0,0.03838789
7492,test,0,0.75017244
6382,test,0,0.75017244
9520,test,0,0.038409945
8104,test,0,0.03838789
3914,test,0,0.040795017
7467,test,0,0.75017244
4109,test,0,0.75017244
799,test,0,0.75017244
9345,test,0,0.038409945
380,test,0,0.75017244
2713,test,0,0.75017244
10820,test,0,0.038364206
2202,test,0,0.75017244
1130,test,0,0.03838789
6338,test,0,0.057959106
2207,test,0,0.75017244
9390,test,0,0.75017244
7453,test,0,0.75017244
5677,test,0,0.03838789
1679,test,0,0.75017244
523,test,0,0.75017244
5447,test,0,0.75017244
8391,test,0,0.75017244
7816,test,0,0.75017244
1677,test,0,0.03838789
3095,test,0,0.75017244
6209,test,0,0.75017244
8472,test,0,0.03838789
5821,test,0,0.038409945
2878,test,0,0.75017244
3045,test,0,0.038409945
11055,test,0,0.038409945
9749,test,0,0.75017244
3753,test,0,0.03838789
5105,test,0,0.038409945
1542,test,0,0.057959106
8482,test,0,0.75017244
299,test,0,0.038409945
10724,test,0,0.038409945
5066,test,0,0.75017244
2229,test,0,0.75017244
8905,test,0,0.038409945
1059,test,0,0.03838789
7181,test,0,0.75017244
10937,test,0,0.038409945
9581,test,0,0.038409945
9591,test,0,0.75017244
6528,test,0,0.75017244
6013,test,0,0.75017244
6460,test,0,0.03838789
8812,test,0,0.75017244
8105,test,0,0.03838789
2849,test,0,0.75017244
11042,test,0,0.038409945
6167,test,0,0.057959106
3565,test,0,0.038409945
2551,test,0,0.75017244
2665,test,0,0.75017244
6118,test,0,0.03838789
5956,test,0,0.038409945
2834,test,0,0.038364206
6471,test,0,0.038409945
7088,test,0,0.057959106
3764,test,0,0.75017244
7194,test,0,0.75017244
745,test,0,0.038364206
2880,test,0,0.038409945
2187,test,0,0.038364206
1874,test,0,0.05046348
7470,test,0,0.038409945
7813,test,0,0.75017244
8124,test,0,0.75017244
4092,test,0,0.038409945
6545,test,0,0.75017244
7384,test,0,0.038409945
5356,test,0,0.038409945
7449,test,0,0.038364206
6125,test,0,0.03838789
3695,test,0,0.03838789
10341,test,0,0.03838789
5405,test,0,0.038409945
3065,test,0,0.038409945
6509,test,0,0.038409945
1111,test,0,0.75017244
10829,test,0,0.75017244
5410,test,0,0.038409945
4776,test,0,0.038409945
7478,test,0,0.038364206
10593,test,0,0.75017244
8356,test,0,0.75017244
2192,test,0,0.038409945
4093,test,0,0.038409945
7747,test,0,0.75017244
7815,test,0,0.75017244
8629,test,0,0.75017244
1055,test,0,0.75017244
8408,test,0,0.75017244
1687,test,0,0.038409945
1572,test,0,0.75017244
4590,test,0,0.038409945
4875,test,0,0.03838789
5951,test,0,0.03838789
6671,test,0,0.75017244
4532,test,0,0.03838789
10737,test,0,0.75017244
4884,test,0,0.05459664
3761,test,0,0.75017244
8816,test,0,0.75017244
3759,test,0,0.038409945
9742,test,0,0.038409945
7104,test,0,0.038409945
10404,test,0,0.75017244
5947,test,0,0.75017244
3031,test,0,0.038409945
5138,test,0,0.75017244
7383,test,0,0.038364206
3689,test,0,0.75017244
10849,test,0,0.75017244
10235,test,0,0.75017244
5080,test,0,0.038409945
8745,test,0,0.75017244
9740,test,0,0.75017244
3922,test,0,0.038364206
4881,test,0,0.75017244
11013,test,0,0.75017244
7332,test,0,0.75017244
7065,test,0,0.038364206
10298,test,0,0.75017244
3027,test,0,0.038409945
2286,test,0,0.038364206
10168,test,0,0.038364206
5940,test,0,0.038409945
5451,test,0,0.038409945
6695,test,0,0.038409945
9556,test,0,0.75017244
7051,test,0,0.038409945
2196,test,0,0.038409945
6453,test,0,0.75017244
1774,test,0,0.038409945
5493,test,0,0.038409945
4473,test,0,0.75017244
8865,test,0,0.038409945
5818,test,0,0.038409945
4232,test,0,0.038409945
7528,test,0,0.75017244
3925,test,0,0.038409945
6485,test,0,0.038409945
6127,test,0,0.038409945
8114,test,0,0.03838789
5517,test,0,0.038409945
4484,test,0,0.75017244
9776,test,0,0.038409945
3649,test,0,0.038409945
2477,test,0,0.038409945
2190,test,0,0.038409945
6207,test,0,0.75017244
3760,test,0,0.75017244
4525,test,0,0.038409945
8101,test,0,0.038409945
1952,test,0,0.038409945
5303,test,0,0.038409945
6514,test,0,0.75017244
5510,test,0,0.75017244
6095,test,0,0.038409945
3369,test,0,0.038409945
2850,test,0,0.046012037
8792,test,0,0.75017244
9365,test,0,0.75017244
6494,test,0,0.057959106
2259,test,0,0.038409945
7833,test,0,0.038409945
6337,test,0,0.75017244
4471,test,0,0.038409945
6501,test,0,0.75017244
1159,test,0,0.75017244
1546,test,0,0.75017244
1421,test,0,0.038364206
58,test,0,0.03838789
9490,test,0,0.75017244
8636,test,0,0.038409945
10832,test,0,0.038409945
10046,test,0,0.038409945
9148,test,0,0.75017244
9145,test,0,0.038409945
4102,test,0,0.03838789
4128,test,0,0.038409945
6194,test,0,0.038409945
7750,test,0,0.75017244
1095,test,0,0.75017244
9151,test,0,0.038409945
5668,test,0,0.75017244
10839,test,0,0.75017244
8682,test,0,0.75017244
3892,test,0,0.038409945
8660,test,0,0.038409945
10603,test,0,0.038409945
7535,test,0,0.75017244
2462,test,0,0.038409945
4164,test,0,0.038409945
6444,test,0,0.038409945
7455,test,0,0.038409945
8628,test,0,0.038409945
10150,test,0,0.038409945
4556,test,0,0.038364206
5505,test,0,0.038409945
2251,test,0,0.038409945
3092,test,0,0.75017244
8681,test,0,0.038409945
5528,test,0,0.75017244
2447,test,0,0.038409945
3894,test,0,0.038364206
10609,test,0,0.75017244
4022,test,0,0.75017244
6533,test,0,0.038409945
9327,test,0,0.038409945
2468,test,0,0.75017244
7128,test,0,0.05459664
3109,test,0,0.05459664
4418,test,0,0.75017244
10153,test,0,0.75017244
4543,test,0,0.03838789
3064,test,0,0.75017244
6272,test,0,0.75017244
10854,test,0,0.03838789
5419,test,0,0.75017244
3507,test,0,0.75017244
1683,test,0,0.03838789
2716,test,0,0.75017244
3362,test,0,0.03838789
7052,test,0,0.05459664
10840,test,0,0.75017244
7103,test,0,0.75017244
6217,test,0,0.75017244
7032,test,0,0.038409945
8495,test,0,0.75017244
1441,test,0,0.038409945
3919,test,0,0.038409945
7513,test,0,0.75017244
5676,test,0,0.03838789
5439,test,0,0.75017244
7097,test,0,0.038364206
4535,test,0,0.75017244
4009,test,0,0.75017244
8462,test,0,0.038409945
2708,test,0,0.75017244
6210,test,0,0.038364206
1544,test,0,0.75017244
5999,test,0,0.75017244
6926,test,0,0.038409945
6681,test,0,0.03838789
10732,test,0,0.038409945
1729,test,0,0.040795173
4448,test,0,0.0920828
8916,test,0,0.03838789
6350,test,0,0.75017244
5431,test,0,0.038409945
5104,test,0,0.038409945
4578,test,0,0.75017244
1885,test,0,0.75017244
3693,test,0,0.03838789
10148,test,0,0.046012037
1447,test,0,0.75017244
6564,test,0,0.038409945
5094,test,0,0.03838789
480,test,0,0.75017244
8791,test,0,0.75017244
9750,test,0,0.038364206
4554,test,0,0.75017244
4441,test,0,0.75017244
1561,test,0,0.03838789
4002,test,0,0.038409945
4021,test,0,0.75017244
4533,test,0,0.052689523
3062,test,0,0.75017244
10756,test,0,0.038364206
5939,test,0,0.038364206
2668,test,0,0.038409945
3916,test,0,0.03838789
1744,test,0,0.038409945
10602,test,0,0.75017244
7523,test,0,0.75017244
7077,test,0,0.75017244
3561,test,0,0.038409945
6091,test,0,0.75017244
6554,test,0,0.75017244
2475,test,0,0.75017244
8677,test,0,0.75017244
6228,test,0,0.038409945
7542,test,0,0.03838789
6187,test,0,0.75017244
1754,test,0,0.038409945
1557,test,0,0.75017244
2670,test,0,0.75017244
8727,test,0,0.03838789
6469,test,0,0.75017244
2946,test,0,0.75017244
11061,test,0,0.038409945
48,test,0,0.75017244
3111,test,0,0.038409945
2004,test,0,0.038409945
9387,test,0,0.038364206
6522,test,0,0.75017244
7821,test,0,0.75017244
5516,test,0,0.75017244
2456,test,0,0.75017244
3373,test,0,0.03838789
7080,test,0,0.75017244
8619,test,0,0.038364206
7045,test,0,0.038409945
11046,test,0,0.038364206
1773,test,0,0.038409945
10944,test,0,0.038409945
11010,test,0,0.75017244
10922,test,0,0.038409945
516,test,0,0.75017244
2552,test,0,0.038364206
2847,test,0,0.75017244
9358,test,0,0.75017244
6474,test,0,0.038409945
2256,test,0,0.75017244
3036,test,0,0.038409945
10608,test,0,0.038409945
6629,test,0,0.038409945
7090,test,0,0.75017244
1543,test,0,0.038409945
10476,test,0,0.038409945
479,test,0,0.75017244
7336,test,0,0.038364206
62,test,0,0.75017244
2661,test,0,0.038364206
2765,test,0,0.038409945
6198,test,0,0.75017244
8110,test,0,0.03838789
9583,test,0,0.038409945
3943,test,0,0.038409945
8627,test,0,0.038409945
524,test,0,0.038409945
6223,test,0,0.75017244
5494,test,0,0.03838789
9326,test,0,0.038409945
3047,test,0,0.75017244
10746,test,0,0.038409945
6019,test,0,0.038409945
6505,test,0,0.038409945
7245,test,0,0.038409945
7814,test,0,0.038409945
10725,test,0,0.038409945
3576,test,0,0.038409945
4447,test,0,0.03838789
1953,test,0,0.038409945
2760,test,0,0.038409945
909,test,0,0.038409945
7338,test,0,0.038409945
10597,test,0,0.75017244
4677,test,0,0.75017244
5674,test,0,0.75017244
6354,test,0,0.038364206
5069,test,0,0.75017244
925,test,0,0.038409945
7473,test,0,0.75017244
2656,test,0,0.75017244
6461,test,0,0.038409945
3636,test,0,0.038409945
1775,test,0,0.038409945
1989,test,0,0.75017244
6265,test,0,0.038409945
7530,test,0,0.75017244
4246,test,0,0.75017244
6678,test,0,0.038409945
7326,test,0,0.038409945
5321,test,0,0.75017244
8397,test,0,0.75017244
9360,test,0,0.75017244
6519,test,0,0.038409945
6916,test,0,0.038409945
8238,test,0,0.03838789
4800,test,0,0.75017244
6480,test,0,0.040795173
5519,test,0,0.038409945
9371,test,0,0.75017244
1995,test,0,0.038409945
7482,test,0,0.038409945
67,test,0,0.75017244
1732,test,0,0.038409945
786,test,0,0.75017244
1747,test,0,0.75017244
6532,test,0,0.038409945
1760,test,0,0.75017244
6189,test,0,0.038409945
1272,test,0,0.75017244
2220,test,0,0.75017244
10222,test,0,0.038409945
3443,test,0,0.038409945
10208,test,0,0.03838789
7578,test,0,0.75017244
2723,test,0,0.75017244
2081,test,0,0.75017244
6457,test,0,0.038409945
7486,test,0,0.75017244
6922,test,0,0.038409945
7484,test,0,0.040795017
7247,test,0,0.038409945
6170,test,0,0.038409945
8898,test,0,0.75017244
1826,test,0,0.75017244
7666,test,0,0.038364206
6199,test,0,0.038409945
8739,test,0,0.038409945
1840,test,0,0.038409945
10316,test,0,0.75017244
3091,test,0,0.038409945
6529,test,0,0.038409945
9513,test,0,0.03838789
1261,test,0,0.038409945
7663,test,0,0.75017244
8829,test,0,0.75017244
7461,test,0,0.03838789
10586,test,0,0.038409945
792,test,0,0.038409945
1053,test,0,0.057959106
802,test,0,0.75017244
9333,test,0,0.75017244
3360,test,0,0.038409945
1770,test,0,0.038409945
10778,test,0,0.038409945
3898,test,0,0.038409945
5683,test,0,0.038409945
2758,test,0,0.038409945
2080,test,0,0.05046348
11060,test,0,0.75017244
6558,test,0,0.038409945
2947,test,0,0.038409945
5304,test,0,0.75017244
6176,test,0,0.75017244
10466,test,0,0.038409945
5502,test,0,0.038409945
7320,test,0,0.038409945
307,test,0,0.75017244
4765,test,0,0.04166043
6481,test,0,0.038409945
5531,test,0,0.75017244
4547,test,0,0.75017244
7516,test,0,0.038409945
1548,test,0,0.038409945
880,test,0,0.75017244
1731,test,0,0.75017244
50,test,0,0.038409945
7039,test,0,0.038364206
3946,test,0,0.75017244
1725,test,0,0.75017244
7089,test,0,0.038409945
6261,test,0,0.75017244
3097,test,0,0.038409945
910,test,0,0.75017244
6008,test,0,0.038409945
6218,test,0,0.038409945
8248,test,0,0.75017244
7575,test,0,0.75017244
1429,test,0,0.03838789
5520,test,0,0.038409945
7671,test,0,0.038409945
316,test,0,0.75017244
7353,test,0,0.038409945
3101,test,0,0.75017244
4111,test,0,0.75017244
2685,test,0,0.75017244
5092,test,0,0.038409945
7352,test,0,0.038409945
2933,test,0,0.038409945
5670,test,0,0.75017244
7515,test,0,0.75017244
4684,test,0,0.75017244
2194,test,0,0.75017244
3509,test,0,0.75017244
8605,test,0,0.75017244
4091,test,0,0.75017244
3069,test,0,0.75017244
749,test,0,0.75017244
1884,test,0,0.75017244
9566,test,0,0.75017244
2648,test,0,0.038409945
8120,test,0,0.75017244
10045,test,0,0.038409945
2563,test,0,0.21822351
9259,test,0,0.75017244
10816,test,0,0.75017244
7659,test,0,0.75017244
10409,test,0,0.75017244
5825,test,0,0.75017244
7829,test,0,0.75017244
944,test,0,0.75017244
3375,test,0,0.03838789
327,test,0,0.03838789
7660,test,0,0.75017244
2203,test,0,0.03838789
1418,test,0,0.038409945
4235,test,0,0.75017244
1103,test,0,0.038409945
5444,test,0,0.31779435
6375,test,0,0.038409945
10211,test,0,0.038364206
10171,test,0,0.75017244
7519,test,0,0.038364206
9335,test,0,0.75017244
2394,test,0,0.038409945
5830,test,0,0.10781388
4103,test,0,0.05459664
10218,test,0,0.03838789
61,test,0,0.75017244
6270,test,0,0.038409945
1435,test,0,0.75017244
4879,test,0,0.75017244
6637,test,0,0.038409945
3646,test,0,0.75017244
8367,test,0,0.038364206
5816,test,0,0.03838789
2641,test,0,0.038409945
2186,test,0,0.038409945
49,test,0,0.03838789
5076,test,0,0.038409945
5317,test,0,0.75017244
6006,test,0,0.75017244
2215,test,0,0.03838789
1743,test,0,0.038409945
6449,test,0,0.038409945
2565,test,0,0.05459664
2721,test,0,0.038409945
1539,test,0,0.038409945
879,test,0,0.038409945
3906,test,0,0.038409945
9493,test,0,0.75017244
2770,test,0,0.75017244
2935,test,0,0.75017244
1037,test,0,0.038409945
2558,test,0,0.038409945
6226,test,0,0.038409945
6557,test,0,0.038409945
7479,test,0,0.75017244
6227,test,0,0.75017244
4815,test,0,0.75017244
6101,test,0,0.038409945
10935,test,0,0.038409945
2261,test,0,0.75017244
4690,test,0,0.038409945
5071,test,0,0.038409945
5414,test,0,0.038409945
6165,test,0,0.038409945
6515,test,0,0.038409945
913,test,0,0.75017244
6353,test,0,0.75017244
4816,test,0,0.038409945
4476,test,0,0.75017244
2649,test,0,0.75017244
7335,test,0,0.038409945
7536,test,0,0.038409945
8861,test,0,0.038409945
5949,test,0,0.038409945
6162,test,0,0.038409945
6326,test,0,0.038364206
5081,test,0,0.038409945
10398,test,0,0.03838789
11049,test,0,0.038409945
10301,test,0,0.038409945
2756,test,0,0.75017244
8252,test,0,0.75017244
9343,test,0,0.038409945
9344,test,0,0.038364206
8458,test,0,0.75017244
2000,test,0,0.75017244
6679,test,0,0.038409945
4242,test,0,0.038409945
3078,test,0,0.038409945
4446,test,0,0.75017244
7242,test,0,0.038409945
1741,test,0,0.21822351
8732,test,0,0.75017244
8626,test,0,0.75017244
1558,test,0,0.21822351
6510,test,0,0.75017244
5085,test,0,0.040795173
6473,test,0,0.040795173
704,test,0,0.75017244
9585,test,0,0.05459664
11062,test,0,0.75017244
319,test,0,0.75017244
7324,test,0,0.18626489
1750,test,0,0.038409945
11059,test,0,0.03838789
7749,test,0,0.75017244
3643,test,0,0.038409945
798,test,0,0.038409945
10718,test,0,0.75017244
2927,test,0,0.75017244
4791,test,0,0.038409945
6517,test,0,0.75017244
7672,test,0,0.75017244
1990,test,0,0.038364206
914,test,0,0.038409945
7655,test,0,0.038364206
10598,test,0,0.038364206
7127,test,0,0.75017244
2252,test,0,0.038409945
10822,test,0,0.038409945
5106,test,0,0.038409945
9261,test,0,0.038409945
8240,test,0,0.038409945
9272,test,0,0.75017244
1767,test,0,0.038409945
10053,test,0,0.75017244
1087,test,0,0.75017244
4116,test,0,0.038409945
7121,test,0,0.75017244
5074,test,0,0.038409945
9262,test,0,0.75017244
1254,test,0,0.038409945
4482,test,0,0.038409945
4702,test,0,0.75017244
5320,test,0,0.75017244
1443,test,0,0.75017244
6928,test,0,0.038409945
4778,test,0,0.75017244
10015,test,0,0.75017244
7836,test,0,0.038364206
6264,test,0,0.038409945
1876,test,0,0.038409945
7463,test,0,0.038364206
1737,test,0,0.038409945
8358,test,0,0.75017244
9782,test,0,0.75017244
6551,test,0,0.75017244
4539,test,0,0.75017244
9738,test,0,0.75017244
5100,test,0,0.03838789
4101,test,0,0.75017244
2660,test,0,0.038409945
7594,test,0,0.038409945
8280,test,0,0.75017244
531,test,0,0.75017244
2657,test,0,0.038409945
2224,test,0,0.03838789
7190,test,0,0.75017244
2569,test,0,0.038409945
1828,test,0,0.038409945
2448,test,0,0.75017244
2941,test,0,0.038409945
11043,test,0,0.038409945
1248,test,0,0.75017244
6347,test,0,0.75017244
9133,test,0,0.038409945
1107,test,0,0.038409945
5509,test,0,0.03838789
2678,test,0,0.038364206
9761,test,0,0.21822351
3098,test,0,0.038409945
7393,test,0,0.75017244
10844,test,0,0.75017244
9270,test,0,0.038409945
7250,test,0,0.75017244
7739,test,0,0.038364206
6911,test,0,0.038409945
7485,test,0,0.75017244
8793,test,0,0.038364206
1161,test,0,0.038409945
4410,test,0,0.038409945
2582,test,0,0.75017244
4793,test,0,0.038409945
5349,test,0,0.038409945
3945,test,0,0.75017244
6483,test,0,0.75017244
1045,test,0,0.03838789
6344,test,0,0.75017244
2248,test,0,0.038409945
4693,test,0,0.038409945
6370,test,0,0.75017244
740,test,0,0.75017244
4403,test,0,0.038409945
9769,test,0,0.040795173
791,test,0,0.038409945
5306,test,0,0.038364206
9279,test,0,0.75017244
4696,test,0,0.75017244
4972,test,0,0.75017244
5513,test,0,0.038409945
4797,test,0,0.038409945
1115,test,0,0.038409945
1993,test,0,0.038409945
924,test,0,0.038409945
10599,test,0,0.038409945
935,test,0,0.038409945
10589,test,0,0.05459664
5512,test,0,0.038409945
6376,test,0,0.038409945
8269,test,0,0.038409945
10946,test,0,0.038409945
6512,test,0,0.75017244
8473,test,0,0.75017244
8389,test,0,0.038409945
6445,test,0,0.75017244
7534,test,0,0.75017244
2775,test,0,0.040795017
6669,test,0,0.040795173
10833,test,0,0.038409945
10241,test,0,0.75017244
9369,test,0,0.03838789
10012,test,0,0.040795173
6380,test,0,0.75017244
6683,test,0,0.038409945
382,test,0,0.75017244
3103,test,0,0.038409945
490,test,0,0.038409945
6023,test,0,0.038364206
5749,test,0,0.038364206
2386,test,0,0.75017244
878,test,0,0.75017244
8465,test,0,0.038409945
2769,test,0,0.75017244
6914,test,0,0.038409945
10923,test,0,0.75017244
6178,test,0,0.75017244
917,test,0,0.75017244
3642,test,0,0.038409945
4526,test,0,0.75017244
2449,test,0,0.038409945
9134,test,0,0.038409945
8394,test,0,0.05792434
8404,test,0,0.038409945
9386,test,0,0.038409945
7824,test,0,0.75017244
2258,test,0,0.038364206
2654,test,0,0.038409945
10804,test,0,0.040795017
6124,test,0,0.75017244
9777,test,0,0.038409945
6513,test,0,0.75017244
3937,test,0,0.75017244
885,test,0,0.038409945
10238,test,0,0.038409945
1112,test,0,0.038409945
304,test,0,0.75017244
7334,test,0,0.038409945
7592,test,0,0.75017244
7228,test,0,0.038409945
3367,test,0,0.75017244
6938,test,0,0.75017244
3084,test,0,0.75017244
10753,test,0,0.038409945
1038,test,0,0.038409945
1249,test,0,0.038409945
10807,test,0,0.038409945
3041,test,0,0.75017244
8813,test,0,0.75017244
1036,test,0,0.040795173
2772,test,0,0.75017244
9783,test,0,0.75017244
3628,test,0,0.038409945
6014,test,0,0.038409945
1092,test,0,0.038409945
6339,test,0,0.03838789
3757,test,0,0.038409945
1998,test,0,0.038409945
5352,test,0,0.038409945
8470,test,0,0.038409945
7490,test,0,0.05358582
2675,test,0,0.038409945
2193,test,0,0.75017244
10773,test,0,0.038409945
3684,test,0,0.038409945
11058,test,0,0.038364206
7098,test,0,0.038409945
3926,test,0,0.038364206
6452,test,0,0.038409945
6004,test,0,0.038409945
1117,test,0,0.038409945
4808,test,0,0.75017244
6096,test,0,0.038409945
9389,test,0,0.040795173
5744,test,0,0.038409945
938,test,0,0.038409945
1088,test,0,0.038409945
4542,test,0,0.038409945
8807,test,0,0.038409945
10823,test,0,0.75017244
8409,test,0,0.038409945
9569,test,0,0.038409945
702,test,0,0.038409945
6214,test,0,0.038409945
5064,test,0,0.038409945
4698,test,0,0.03838789
4105,test,0,0.75017244
11006,test,0,0.75017244
10771,test,0,0.038364206
4469,test,0,0.038409945
7351,test,0,0.038409945
8493,test,0,0.038409945
8811,test,0,0.038409945
4821,test,0,0.038409945
4591,test,0,0.75017244
6506,test,0,0.75017244
7346,test,0,0.038409945
8245,test,0,0.038409945
3564,test,0,0.75017244
6670,test,0,0.038409945
9589,test,0,0.75017244
9139,test,0,0.038409945
9331,test,0,0.05459664
1757,test,0,0.038409945
430,test,0,0.038409945
9383,test,0,0.038409945
3936,test,0,0.038409945
8279,test,0,0.75017244
423,test,0,0.038409945
484,test,0,0.038409945
493,test,0,0.038409945
2645,test,0,0.03838789
5492,test,0,0.038409945
5099,test,0,0.038409945
1257,test,0,0.059032507
8239,test,0,0.038409945
7819,test,0,0.038409945
931,test,0,0.038409945
10232,test,0,0.038409945
6465,test,0,0.038409945
3927,test,0,0.038409945
9766,test,0,0.038409945
6117,test,0,0.038409945
6331,test,0,0.038409945
1565,test,0,0.038409945
4581,test,0,0.038409945
1568,test,0,0.038409945
6530,test,0,0.038409945
3644,test,0,0.03838789
1742,test,0,0.75017244
11004,test,0,0.75017244
4123,test,0,0.038409945
5083,test,0,0.038409945
4822,test,0,0.038409945
11014,test,0,0.038409945
4588,test,0,0.038409945
4238,test,0,0.038409945
6105,test,0,0.038409945
7661,test,0,0.038409945
1678,test,0,0.040795017
2934,test,0,0.038409945
6351,test,0,0.038409945
8460,test,0,0.038409945
4443,test,0,0.75017244
7283,test,0,0.75017244
10236,test,0,0.038409945
6335,test,0,0.038409945
1540,test,0,0.038409945
797,test,0,0.038409945
1417,test,0,0.03838789
6321,test,0,0.75017244
1728,test,0,0.038409945
789,test,0,0.05459664
10472,test,0,0.038409945
3574,test,0,0.038409945
4097,test,0,0.038409945
806,test,0,0.038409945
10011,test,0,0.75017244
8794,test,0,0.038364206
803,test,0,0.038409945
5688,test,0,0.75017244
8494,test,0,0.038409945
1873,test,0,0.038364206
4786,test,0,0.038409945
894,test,0,0.038409945
10588,test,0,0.75017244
7588,test,0,0.038409945
2227,test,0,0.10781388
5067,test,0,0.038409945
4806,test,0,0.038409945
10733,test,0,0.75017244
6667,test,0,0.038409945
2283,test,0,0.75017244
6202,test,0,0.038409945
9755,test,0,0.75017244
9568,test,0,0.038409945
930,test,0,0.038409945
10337,test,0,0.75017244
7538,test,0,0.038409945
6682,test,0,0.038409945
2659,test,0,0.038409945
1050,test,0,0.038409945
8258,test,0,0.038409945
434,test,0,0.75017244
10591,test,0,0.75017244
5073,test,0,0.038409945
8270,test,0,0.038364206
8467,test,0,0.038409945
512,test,0,0.038409945
4585,test,0,0.038409945
1251,test,0,0.038409945
6935,test,0,0.038409945
4104,test,0,0.038409945
5089,test,0,0.038409945
4697,test,0,0.038409945
1158,test,0,0.75017244
8912,test,0,0.038409945
10931,test,0,0.75017244
1151,test,0,0.038409945
10219,test,0,0.038409945
7445,test,0,0.75017244
927,test,0,0.038409945
1961,test,0,0.75017244
6181,test,0,0.038409945
7331,test,0,0.038409945
5062,test,0,0.038409945
6635,test,0,0.038409945
7240,test,0,0.038409945
7237,test,0,0.038409945
928,test,0,0.038409945
10601,test,0,0.75017244
903,test,0,0.038409945
2762,test,0,0.038409945
4589,test,0,0.75017244
4809,test,0,0.038409945
6157,test,0,0.038409945
3639,test,0,0.038409945
8867,test,0,0.03838789
8915,test,0,0.75017244
8909,test,0,0.038409945
10741,test,0,0.038409945
6352,test,0,0.038409945
5135,test,0,0.75017244
53,test,0,0.75017244
4162,test,0,0.038409945
8276,test,0,0.038409945
2936,test,0,0.038409945
4599,test,0,0.038409945
3026,test,0,0.75017244
6154,test,0,0.038364206
4759,test,0,0.75017244
6520,test,0,0.75017244
1084,test,0,0.038409945
6186,test,0,0.038409945
4770,test,0,0.75017244
9132,test,0,0.038409945
3055,test,0,0.038409945
10345,test,0,0.12052462
5059,test,0,0.038409945
7525,test,0,0.038364206
2673,test,0,0.038409945
10147,test,0,0.75017244
4523,test,0,0.75017244
764,test,0,0.038409945
4110,test,0,0.038409945
1891,test,0,0.038409945
4004,test,0,0.038409945
10723,test,0,0.038409945
1882,test,0,0.03838789
4239,test,0,0.038409945
3930,test,0,0.038409945
317,test,0,0.038409945
10940,test,0,0.75017244
8386,test,0,0.75017244
1046,test,0,0.040795173
2943,test,0,0.038409945
9330,test,0,0.038409945
3929,test,0,0.038409945
906,test,0,0.038409945
8901,test,0,0.75017244
3562,test,0,0.038409945
7099,test,0,0.03838789
3935,test,0,0.038409945
5952,test,0,0.038409945
6909,test,0,0.038364206
8097,test,0,0.038409945
6566,test,0,0.038409945
6487,test,0,0.038409945
10401,test,0,0.75017244
10765,test,0,0.038409945
7360,test,0,0.75017244
4592,test,0,0.75017244
5445,test,0,0.038409945
4796,test,0,0.038409945
2667,test,0,0.038409945
2840,test,0,0.10781388
8275,test,0,0.75017244
4236,test,0,0.038409945
9149,test,0,0.75017244
6179,test,0,0.038409945
4874,test,0,0.038409945
5737,test,0,0.038409945
7333,test,0,0.75017244
4769,test,0,0.038409945
1761,test,0,0.038409945
7540,test,0,0.038409945
1836,test,0,0.038409945
2653,test,0,0.052689523
6525,test,0,0.038409945
3924,test,0,0.038409945
9154,test,0,0.038409945
4114,test,0,0.038409945
2926,test,0,0.75017244
6464,test,0,0.038409945
8913,test,0,0.038409945
3083,test,0,0.038409945
2469,test,0,0.038409945
4795,test,0,0.03838789
3629,test,0,0.038409945
1252,test,0,0.038409945
9260,test,0,0.038409945
5434,test,0,0.038409945
3436,test,0,0.038409945
4555,test,0,0.75017244
10036,test,0,0.038409945
2720,test,0,0.038409945
9131,test,0,0.75017244
9361,test,0,0.038409945
6690,test,0,0.03838789
9263,test,0,0.038364206
10938,test,0,0.038409945
1105,test,0,0.038409945
11057,test,0,0.038409945
7487,test,0,0.038409945
4451,test,0,0.038364206
4977,test,0,0.040795017
2705,test,0,0.75017244
2253,test,0,0.038409945
3085,test,0,0.038409945
9137,test,0,0.038409945
8613,test,0,0.038409945
10592,test,0,0.038409945
6527,test,0,0.040795173
315,test,0,0.038409945
10757,test,0,0.038409945
1270,test,0,0.038409945
421,test,0,0.040795173
2949,test,0,0.038409945
4701,test,0,0.038409945
4785,test,0,0.75017244
7330,test,0,0.038409945
10850,test,0,0.038409945
10585,test,0,0.75017244
6442,test,0,0.038409945
10736,test,0,0.75017244
4829,test,0,0.038409945
8664,test,0,0.038409945
3640,test,0,0.038409945
7743,test,0,0.038409945
10463,test,0,0.038409945
4540,test,0,0.038364206
7827,test,0,0.038409945
8503,test,0,0.038409945
3928,test,0,0.038409945
6455,test,0,0.038364206
9339,test,0,0.038409945
10465,test,0,0.75017244
8897,test,0,0.038409945
2387,test,0,0.038409945
10317,test,0,0.75017244
4828,test,0,0.038409945
1734,test,0,0.038409945
9268,test,0,0.038409945
1749,test,0,0.038409945
7728,test,0,0.75017244
757,test,0,0.038409945
787,test,0,0.038409945
3024,test,0,0.038409945
6169,test,0,0.038409945
8388,test,0,0.038409945
4988,test,0,0.038409945
7182,test,0,0.038409945
1951,test,0,0.75017244
4766,test,0,0.038409945
9146,test,0,0.038409945
10237,test,0,0.038409945
7094,test,0,0.038409945
7348,test,0,0.038409945
8827,test,0,0.038409945
4527,test,0,0.75017244
2717,test,0,0.038409945
1132,test,0,0.038409945
1143,test,0,0.038409945
7736,test,0,0.038409945
4445,test,0,0.038409945
4008,test,0,0.038409945
9765,test,0,0.038409945
1265,test,0,0.75017244
5354,test,0,0.03838789
4024,test,0,0.038409945
2682,test,0,0.038409945
424,test,0,0.038409945
10220,test,0,0.038409945
300,test,0,0.038409945
2260,test,0,0.038409945
4695,test,0,0.038409945
1101,test,0,0.038409945
5751,test,0,0.038409945
2832,test,0,0.75017244
486,test,0,0.038364206
929,test,0,0.038409945
7590,test,0,0.038409945
3698,test,0,0.75017244
8267,test,0,0.038409945
6213,test,0,0.038409945
5096,test,0,0.038409945
2763,test,0,0.038409945
1831,test,0,0.75017244
6921,test,0,0.038409945
296,test,0,0.75017244
6185,test,0,0.038409945
5065,test,0,0.038409945
6330,test,0,0.75017244
7070,test,0,0.038409945
10314,test,0,0.75017244
1752,test,0,0.038409945
7810,test,0,0.038409945
899,test,0,0.75017244
9377,test,0,0.03838789
3633,test,0,0.038409945
6379,test,0,0.038409945
6930,test,0,0.038409945
6561,test,0,0.038409945
2931,test,0,0.75017244
9138,test,0,0.038409945
10745,test,0,0.038409945
1100,test,0,0.038409945
11053,test,0,0.038409945
6109,test,0,0.038409945
5526,test,0,0.038409945
1886,test,0,0.038409945
2002,test,0,0.038409945
4006,test,0,0.038409945
8505,test,0,0.75017244
7347,test,0,0.75017244
6206,test,0,0.038409945
6378,test,0,0.038409945
1127,test,0,0.038409945
10809,test,0,0.038409945
1730,test,0,0.038409945
9737,test,0,0.75017244
755,test,0,0.75017244
4593,test,0,0.038409945
10852,test,0,0.038409945
306,test,0,0.038409945
6221,test,0,0.038409945
1109,test,0,0.038409945
309,test,0,0.038409945
4536,test,0,0.038409945
8405,test,0,0.038409945
3654,test,0,0.038364206
481,test,0,0.038409945
7235,test,0,0.038409945
483,test,0,0.038409945
1139,test,0,0.75017244
1988,test,0,0.038409945
10941,test,0,0.038409945
9391,test,0,0.038409945
10738,test,0,0.038409945
2664,test,0,0.038409945
5673,test,0,0.038409945
10405,test,0,0.040795173
7596,test,0,0.75017244
4682,test,0,0.75017244
6151,test,0,0.75017244
6022,test,0,0.038409945
9781,test,0,0.038409945
2567,test,0,0.038409945
5101,test,0,0.038409945
7073,test,0,0.75017244
8121,test,0,0.75017244
6320,test,0,0.038409945
10197,test,0,0.75017244
1439,test,0,0.75017244
7195,test,0,0.038409945
4885,test,0,0.75017244
7388,test,0,0.038364206
7354,test,0,0.038409945
4761,test,0,0.038409945
6003,test,0,0.75017244
4112,test,0,0.057959106
4982,test,0,0.057959106
3573,test,0,0.038409945
3653,test,0,0.038409945
1835,test,0,0.75017244
7483,test,0,0.75017244
7589,test,0,0.038409945
4771,test,0,0.038409945
2389,test,0,0.75017244
495,test,0,0.75017244
4974,test,0,0.75017244
6508,test,0,0.75017244
8236,test,0,0.038409945
5437,test,0,0.038409945
6563,test,0,0.038409945
10462,test,0,0.038409945
10845,test,0,0.038364206
1149,test,0,0.038409945
10315,test,0,0.75017244
4987,test,0,0.75017244
4683,test,0,0.038409945
7081,test,0,0.75017244
8906,test,0,0.040795173
9351,test,0,0.75017244
8272,test,0,0.75017244
10761,test,0,0.040795173
1992,test,0,0.038409945
9150,test,0,0.038409945
3038,test,0,0.038409945
9362,test,0,0.038409945
8243,test,0,0.038409945
4029,test,0,0.038364206
10729,test,0,0.038364206
801,test,0,0.038409945
7584,test,0,0.038409945
6336,test,0,0.038409945
7046,test,0,0.038364206
9434,test,0,0.038364206
1106,test,0,0.038409945
3034,test,0,0.038409945
1691,test,0,0.75017244
2848,test,0,0.75017244
5955,test,0,0.75017244
2644,test,0,0.75017244
3948,test,0,0.038409945
8833,test,0,0.75017244
1755,test,0,0.75017244
9778,test,0,0.75017244
2835,test,0,0.75017244
8512,test,0,0.038409945
4681,test,0,0.038409945
1104,test,0,0.038409945
1554,test,0,0.040795173
8264,test,0,0.75017244
425,test,0,0.75017244
5061,test,0,0.038409945
5435,test,0,0.75017244
8401,test,0,0.040795173
1160,test,0,0.038409945
5827,test,0,0.038409945
10926,test,0,0.038409945
5750,test,0,0.038409945
3446,test,0,0.75017244
900,test,0,0.038409945
6536,test,0,0.038409945
3685,test,0,0.038409945
7042,test,0,0.75017244
6156,test,0,0.038409945
923,test,0,0.03838789
4811,test,0,0.75017244
5310,test,0,0.75017244
7571,test,0,0.75017244
2771,test,0,0.038409945
9253,test,0,0.038409945
7122,test,0,0.038409945
8406,test,0,0.038409945
1727,test,0,0.038409945
4442,test,0,0.75017244
10146,test,0,0.75017244
5348,test,0,0.038409945
5490,test,0,0.038409945
701,test,0,0.038409945
10759,test,0,0.038409945
11048,test,0,0.038409945
891,test,0,0.038409945
2001,test,0,0.038409945
3075,test,0,0.038409945
9246,test,0,0.038409945
6175,test,0,0.038409945
3057,test,0,0.038409945
2089,test,0,0.038409945
2391,test,0,0.75017244
9518,test,0,0.038409945
6098,test,0,0.038409945
295,test,0,0.038409945
5532,test,0,0.038409945
7517,test,0,0.038364206
4152,test,0,0.038409945
7238,test,0,0.21822351
1137,test,0,0.21822351
4098,test,0,0.038364206
7585,test,0,0.75017244
6638,test,0,0.038409945
7475,test,0,0.75017244
5679,test,0,0.038409945
7489,test,0,0.05046348
8471,test,0,0.038409945
10309,test,0,0.038409945
9384,test,0,0.03838789
8819,test,0,0.75017244
10312,test,0,0.038409945
5522,test,0,0.038409945
4706,test,0,0.038409945
8900,test,0,0.040795173
1768,test,0,0.038409945
4020,test,0,0.75017244
759,test,0,0.038409945
921,test,0,0.038409945
6458,test,0,0.038409945
1089,test,0,0.75017244
9579,test,0,0.038409945
5347,test,0,0.038409945
4015,test,0,0.038409945
10848,test,0,0.038409945
4444,test,0,0.75017244
8802,test,0,0.038364206
1753,test,0,0.75017244
6377,test,0,0.75017244
2188,test,0,0.75017244
8480,test,0,0.038409945
1833,test,0,0.038364206
10158,test,0,0.038409945
4108,test,0,0.038409945
10815,test,0,0.75017244
3688,test,0,0.038409945
7731,test,0,0.038409945
3368,test,0,0.75017244
2937,test,0,0.05459664
4402,test,0,0.75017244
6531,test,0,0.75017244
3067,test,0,0.038364206
7025,test,0,0.05459664
6694,test,0,0.75017244
1739,test,0,0.038409945
10749,test,0,0.038409945
8508,test,0,0.038409945
8683,test,0,0.75017244
3909,test,0,0.03838789
5820,test,0,0.038409945
3947,test,0,0.03838789
2868,test,0,0.038409945
7732,test,0,0.75017244
10595,test,0,0.75017244
9762,test,0,0.75017244
10224,test,0,0.038409945
8103,test,0,0.038409945
4436,test,0,0.75017244
8670,test,0,0.038409945
4790,test,0,0.038409945
4819,test,0,0.038409945
2652,test,0,0.03838789
3950,test,0,0.75017244
8825,test,0,0.038409945
7835,test,0,0.75017244
8403,test,0,0.038409945
3650,test,0,0.038409945
7029,test,0,0.038409945
3908,test,0,0.038409945
6097,test,0,0.75017244
10744,test,0,0.038409945
2932,test,0,0.038409945
3070,test,0,0.038409945
2650,test,0,0.038409945
6685,test,0,0.03838789
9382,test,0,0.75017244
6919,test,0,0.75017244
1442,test,0,0.038364206
7548,test,0,0.038409945
10846,test,0,0.75017244
3035,test,0,0.75017244
2577,test,0,0.038409945
9258,test,0,0.038409945
7184,test,0,0.038409945
10803,test,0,0.038409945
10842,test,0,0.038409945
3901,test,0,0.038409945
10838,test,0,0.038409945
8795,test,0,0.75017244
4016,test,0,0.75017244
2839,test,0,0.038409945
9277,test,0,0.038409945
2578,test,0,0.038409945
7822,test,0,0.038409945
6543,test,0,0.038409945
2672,test,0,0.038409945
1049,test,0,0.038409945
10943,test,0,0.75017244
2707,test,0,0.038409945
8622,test,0,0.038364206
8363,test,0,0.03838789
7188,test,0,0.038409945
2249,test,0,0.038409945
3094,test,0,0.038409945
5082,test,0,0.75017244
5058,test,0,0.038409945
1772,test,0,0.038409945
9388,test,0,0.038409945
5137,test,0,0.038409945
7730,test,0,0.038409945
2472,test,0,0.038409945
3444,test,0,0.038409945
2677,test,0,0.038409945
2580,test,0,0.75017244
8123,test,0,0.038409945
7572,test,0,0.75017244
5525,test,0,0.75017244
1839,test,0,0.75017244
9364,test,0,0.038409945
2841,test,0,0.75017244
5743,test,0,0.057959106
5937,test,0,0.75017244
7591,test,0,0.038409945
756,test,0,0.038409945
1125,test,0,0.75017244
889,test,0,0.75017244
6345,test,0,0.038409945
6537,test,0,0.75017244
2651,test,0,0.038409945
1966,test,0,0.038409945
7669,test,0,0.038409945
754,test,0,0.038409945
7357,test,0,0.038409945
1954,test,0,0.038409945
7340,test,0,0.038409945
7587,test,0,0.1822662
6666,test,0,0.038409945
1153,test,0,0.038409945
6503,test,0,0.038364206
4678,test,0,0.75017244
7481,test,0,0.038409945
6383,test,0,0.038409945
9772,test,0,0.038364206
1124,test,0,0.75017244
1035,test,0,0.03838789
432,test,0,0.038409945
5529,test,0,0.038409945
10835,test,0,0.75017244
10300,test,0,0.038409945
5954,test,0,0.038409945
5499,test,0,0.038409945
8902,test,0,0.75017244
3066,test,0,0.03838789
7832,test,0,0.75017244
5496,test,0,0.75017244
2464,test,0,0.75017244
6499,test,0,0.75017244
7028,test,0,0.75017244
2473,test,0,0.040795017
8260,test,0,0.038409945
11005,test,0,0.038409945
788,test,0,0.040795173
4415,test,0,0.75017244
8107,test,0,0.75017244
795,test,0,0.038409945
7386,test,0,0.75017244
11011,test,0,0.75017244
3106,test,0,0.75017244
10170,test,0,0.75017244
5129,test,0,0.75017244
4475,test,0,0.037836403
10999,test,0,0.75017244
308,test,0,0.038409945
712,test,0,0.038409945
6200,test,0,0.052689523
1140,test,0,0.052689523
7741,test,0,0.05459664
3888,test,0,0.75017244
9433,test,0,0.75017244
7071,test,0,0.040795017
1448,test,0,0.03838789
2564,test,0,0.75017244
10772,test,0,0.75017244
3365,test,0,0.75017244
6017,test,0,0.75017244
9528,test,0,0.75017244
2211,test,0,0.75017244
893,test,0,0.75017244
5457,test,0,0.038409945
6466,test,0,0.03838789
10200,test,0,0.03838789
6266,test,0,0.75017244
1128,test,0,0.038409945
4691,test,0,0.038409945
10043,test,0,0.038364206
6160,test,0,0.75017244
8257,test,0,0.03838789
10478,test,0,0.05459664
805,test,0,0.75017244
8479,test,0,0.038409945
1048,test,0,0.75017244
426,test,0,0.75017244
3017,test,0,0.75017244
4775,test,0,0.040795173
8801,test,0,0.038409945
6907,test,0,0.75017244
7047,test,0,0.75017244
7658,test,0,0.038409945
10214,test,0,0.75017244
8487,test,0,0.75017244
8355,test,0,0.038409945
5427,test,0,0.038409945
384,test,0,0.75017244
4094,test,0,0.75017244
381,test,0,0.03838789
7389,test,0,0.75017244
8244,test,0,0.038409945
9512,test,0,0.038409945
1889,test,0,0.75017244
5828,test,0,0.75017244
4027,test,0,0.75017244
2088,test,0,0.03838789
2078,test,0,0.75017244
7186,test,0,0.75017244
7189,test,0,0.03838789
902,test,0,0.038409945
5819,test,0,0.038409945
5507,test,0,0.03838789
11003,test,0,0.75017244
10005,test,0,0.75017244
4553,test,0,0.75017244
513,test,0,0.75017244
1887,test,0,0.03838789
8864,test,0,0.75017244
9571,test,0,0.75017244
6348,test,0,0.03838789
8854,test,0,0.038409945
10764,test,0,0.75017244
767,test,0,0.038409945
2003,test,0,0.038409945
1547,test,0,0.03838789
10826,test,0,0.038409945
2451,test,0,0.038409945
5070,test,0,0.038409945
796,test,0,0.038409945
3447,test,0,0.038409945
4107,test,0,0.038409945
5515,test,0,0.038364206
6355,test,0,0.040795173
2704,test,0,0.038409945
8398,test,0,0.75017244
6099,test,0,0.038409945
1268,test,0,0.038364206
7290,test,0,0.75017244
9249,test,0,0.03838789
8673,test,0,0.038409945
4011,test,0,0.75017244
4779,test,0,0.040795173
520,test,0,0.038409945
5430,test,0,0.038364206
6196,test,0,0.038409945
1991,test,0,0.75017244
6459,test,0,0.038409945
1456,test,0,0.038364206
3651,test,0,0.038409945
7828,test,0,0.038409945
9485,test,0,0.038409945
1735,test,0,0.75017244
6500,test,0,0.05459664
4979,test,0,0.038409945
10817,test,0,0.038409945
9328,test,0,0.038409945
2470,test,0,0.038364206
8746,test,0,0.038409945
1890,test,0,0.038409945
9745,test,0,0.038409945
1042,test,0,0.75017244
8809,test,0,0.038409945
302,test,0,0.038409945
8658,test,0,0.75017244
9551,test,0,0.038364206
5671,test,0,0.038409945
8869,test,0,0.75017244
6322,test,0,0.052689523
9347,test,0,0.75017244
6470,test,0,0.75017244
7230,test,0,0.038364206
3366,test,0,0.038364206
2200,test,0,0.038409945
6324,test,0,0.038409945
8858,test,0,0.038409945
1762,test,0,0.038409945
8475,test,0,0.038364206
2467,test,0,0.03838789
5824,test,0,0.75017244
322,test,0,0.75017244
5132,test,0,0.03838789
8621,test,0,0.03838789
8108,test,0,0.038364206
7521,test,0,0.03838789
8606,test,0,0.038409945
1162,test,0,0.038409945
3370,test,0,0.75017244
4422,test,0,0.03838789
6349,test,0,0.75017244
3114,test,0,0.038409945
1877,test,0,0.038409945
9780,test,0,0.038409945
9746,test,0,0.03838789
809,test,0,0.038409945
5536,test,0,0.038409945
9514,test,0,0.75017244
4973,test,0,0.75017244
4398,test,0,0.75017244
10768,test,0,0.038409945
2925,test,0,0.038409945
10037,test,0,0.038409945
10722,test,0,0.038409945
10306,test,0,0.038409945
10155,test,0,0.05459664
3374,test,0,0.03838789
9143,test,0,0.038409945
5448,test,0,0.75017244
1085,test,0,0.75017244
9564,test,0,0.038409945
6340,test,0,0.038409945
6112,test,0,0.75017244
2212,test,0,0.75017244
7344,test,0,0.038409945
9588,test,0,0.038409945
881,test,0,0.038409945
3082,test,0,0.038409945
10234,test,0,0.038409945
6565,test,0,0.038409945
1745,test,0,0.75017244
9266,test,0,0.038409945
3113,test,0,0.038409945
9375,test,0,0.038409945
8617,test,0,0.038409945
3563,test,0,0.038409945
6002,test,0,0.75017244
6937,test,0,0.038409945
9486,test,0,0.038409945
2553,test,0,0.040795017
4400,test,0,0.75017244
4468,test,0,0.75017244
6492,test,0,0.75017244
10841,test,0,0.05459664
6089,test,0,0.038409945
2581,test,0,0.038409945
6920,test,0,0.75017244
2561,test,0,0.03838789
6325,test,0,0.75017244
1875,test,0,0.038409945
2191,test,0,0.1739985
10205,test,0,0.038409945
3042,test,0,0.038409945
8273,test,0,0.038409945
3631,test,0,0.038409945
6934,test,0,0.038409945
4826,test,0,0.038409945
7580,test,0,0.75017244
898,test,0,0.038409945
6915,test,0,0.038409945
3912,test,0,0.03838789
301,test,0,0.038409945
8098,test,0,0.052689523
4014,test,0,0.038409945
1253,test,0,0.038409945
8832,test,0,0.038409945
10240,test,0,0.75017244
6211,test,0,0.75017244
10009,test,0,0.75017244
6495,test,0,0.75017244
8736,test,0,0.75017244
10853,test,0,0.75017244
5440,test,0,0.038409945
1040,test,0,0.75017244
525,test,0,0.75017244
8241,test,0,0.038409945
2714,test,0,0.75017244
3566,test,0,0.75017244
3054,test,0,0.75017244
3053,test,0,0.038409945
9573,test,0,0.038409945
8368,test,0,0.75017244
10239,test,0,0.05459664
8680,test,0,0.75017244
3933,test,0,0.038409945
6329,test,0,0.03838789
9336,test,0,0.038409945
5350,test,0,0.038409945
4975,test,0,0.038409945
1129,test,0,0.75017244
10933,test,0,0.038409945
9374,test,0,0.038409945
1783,test,0,0.75017244
7124,test,0,0.038364206
9770,test,0,0.038364206
2074,test,0,0.03838789
373,test,0,0.03838789
7078,test,0,0.038409945
1723,test,0,0.75017244
4813,test,0,0.038409945
8614,test,0,0.038409945
4802,test,0,0.038409945
4890,test,0,0.038409945
6193,test,0,0.038409945
5739,test,0,0.75017244
4580,test,0,0.038409945
1960,test,0,0.038409945
9771,test,0,0.75017244
6094,test,1,0.75017244
1778,test,0,0.75017244
4787,test,0,0.038409945
10818,test,0,0.038409945
3749,test,0,0.75017244
2757,test,0,0.038409945
8507,test,0,0.75017244
8496,test,0,0.75017244
807,test,0,0.038409945
7345,test,0,0.038409945
7546,test,0,0.03838789
6538,test,0,0.038409945
7284,test,0,0.75017244
1999,test,0,0.03838789
4544,test,0,0.0920828
9255,test,0,0.75017244
1451,test,0,0.75017244
2083,test,0,0.03838789
10461,test,0,0.038409945
11009,test,0,0.038409945
3949,test,0,0.75017244
10049,test,0,0.75017244
4768,test,0,0.038409945
8821,test,0,0.03838789
5458,test,0,0.75017244
10726,test,0,0.03838789
2837,test,0,0.03838789
1764,test,0,0.038409945
1118,test,0,0.75017244
11056,test,0,0.038409945
6484,test,0,0.038409945
10779,test,0,0.038409945
5953,test,0,0.038409945
6553,test,0,0.75017244
4125,test,0,0.75017244
9337,test,0,0.040795173
6560,test,0,0.040795173
485,test,0,0.75017244
10763,test,0,0.038409945
7474,test,0,0.038409945
9393,test,0,0.75017244
3020,test,0,0.75017244
3751,test,0,0.038409945
5958,test,0,0.038409945
4113,test,0,0.038409945
4237,test,0,0.038409945
4597,test,0,0.038409945
1771,test,0,0.038409945
3110,test,0,0.038409945
9757,test,0,0.038409945
5514,test,0,0.038409945
6905,test,0,0.038409945
6673,test,0,0.038409945
10396,test,0,0.040795017
10728,test,0,0.75017244
4801,test,0,0.038409945
3503,test,0,0.75017244
1098,test,0,0.038409945
940,test,0,0.75017244
5056,test,0,0.038409945
8826,test,0,0.038409945
2851,test,0,0.12052462
785,test,0,0.038409945
1091,test,0,0.038409945
1150,test,0,0.038409945
1164,test,0,0.75017244
11008,test,0,0.75017244
4676,test,0,0.038409945
8263,test,0,0.038409945
3033,test,0,0.038409945
10600,test,0,0.038409945
10719,test,0,0.75017244
2842,test,0,0.75017244
1963,test,0,0.75017244
5060,test,0,0.75017244
10162,test,0,0.038409945
6346,test,0,0.75017244
11050,test,0,0.038409945
6555,test,0,0.038409945
7337,test,0,0.038409945
1829,test,0,0.038409945
7820,test,0,0.03838789
3099,test,0,0.03838789
1266,test,0,0.038409945
7327,test,0,0.038409945
1834,test,0,0.038409945
2465,test,0,0.038409945
10734,test,0,0.038409945
8823,test,0,0.038409945
10594,test,0,0.038409945
10782,test,0,0.75017244
9380,test,0,0.038409945
2766,test,0,0.75017244
6486,test,0,0.75017244
3944,test,0,0.038409945
1827,test,0,0.038409945
8637,test,0,0.75017244
8903,test,0,0.038409945
6477,test,0,0.038409945
1269,test,0,0.038409945
489,test,0,0.75017244
1263,test,0,0.75017244
5351,test,0,0.038409945
2872,test,0,0.038409945
8247,test,0,0.040795173
6511,test,0,0.038409945
6539,test,0,0.038409945
700,test,0,0.75017244
9593,test,0,0.75017244
4404,test,0,0.03838789
10762,test,0,0.038409945
945,test,0,0.038409945
6222,test,0,0.038409945
3441,test,0,0.038409945
2663,test,0,0.038409945
10145,test,0,0.038409945
431,test,0,0.75017244
6205,test,0,0.052689523
918,test,0,0.038409945
5672,test,0,0.75017244
10242,test,0,0.038409945
7581,test,0,0.038409945
1157,test,0,0.040795173
7035,test,0,0.038409945
9575,test,0,0.038409945
8490,test,0,0.75017244
6000,test,0,0.03838789
4120,test,0,0.038409945
1121,test,0,0.038364206
5736,test,0,0.038409945
8266,test,0,0.03838789
1428,test,0,0.038409945
4704,test,0,0.038409945
10769,test,0,0.038409945
4818,test,0,0.03838789
6158,test,0,0.75017244
1152,test,0,0.038409945
2075,test,0,0.038409945
6150,test,0,0.75017244
314,test,0,0.75017244
6446,test,0,0.75017244
4679,test,0,0.75017244
8390,test,0,0.75017244
7318,test,0,0.038409945
1537,test,0,0.75017244
4018,test,0,0.75017244
8262,test,0,0.038409945
7102,test,0,0.03838789
3049,test,0,0.038409945
1264,test,0,0.038409945
2666,test,0,0.038409945
10475,test,0,0.038409945
2938,test,0,0.038409945
6490,test,0,0.038409945
3918,test,0,0.75017244
1126,test,0,0.75017244
4783,test,0,0.038409945
8830,test,0,0.038409945
6535,test,0,0.038409945
4700,test,0,0.038409945
9264,test,0,0.05459664
1845,test,0,0.038409945
9275,test,0,0.038409945
6904,test,0,0.038409945
2455,test,0,0.75017244
9155,test,0,0.03838789
4788,test,0,0.038409945
9267,test,0,0.038409945
4794,test,0,0.75017244
6192,test,0,0.05358582
10165,test,0,0.038409945
6548,test,0,0.038409945
7187,test,0,0.03838789
8246,test,0,0.038409945
10836,test,0,0.038409945
6201,test,0,0.038409945
8489,test,0,0.75017244
5518,test,0,0.05459664
8679,test,0,0.038409945
10766,test,0,0.03838789
323,test,0,0.03838789
1751,test,0,0.038409945
6104,test,0,0.038409945
5079,test,0,0.038409945
9768,test,0,0.038409945
1271,test,0,0.038364206
6552,test,0,0.75017244
3632,test,0,0.038409945
4692,test,0,0.038409945
6182,test,0,0.038409945
9352,test,0,0.057959106
4474,test,0,0.75017244
522,test,0,0.038409945
4798,test,0,0.038409945
1148,test,0,0.038409945
4247,test,0,0.038409945
7573,test,0,0.038409945
6534,test,0,0.038409945
793,test,0,0.038409945
10740,test,0,0.038409945
6692,test,0,0.75017244
4124,test,0,0.038409945
7132,test,0,0.038409945
7356,test,0,0.038409945
3100,test,0,0.038409945
7748,test,0,0.038409945
7087,test,0,0.05046348
10217,test,0,0.038409945
10831,test,0,0.038409945
1997,test,0,0.038409945
5345,test,0,0.038409945
5353,test,0,0.038409945
5740,test,0,0.038409945
7342,test,0,0.038409945
1996,test,0,0.75017244
56,test,0,0.75017244
6341,test,0,0.038409945
5950,test,0,0.75017244
10346,test,0,0.75017244
427,test,0,0.038409945
4406,test,0,0.75017244
5077,test,0,0.038409945
4472,test,0,0.75017244
7079,test,0,0.038409945
330,test,0,0.03838789
6204,test,0,0.75017244
6188,test,0,0.038409945
9584,test,0,0.75017244
2929,test,0,0.038409945
6333,test,0,0.038364206
7583,test,0,0.03838789
3093,test,0,0.038409945
3686,test,0,0.75017244
8253,test,0,0.75017244
9496,test,0,0.75017244
4233,test,0,0.038409945
1250,test,0,0.038409945
6381,test,0,0.75017244
3112,test,0,0.038409945
5357,test,0,0.038409945
487,test,0,0.038409945
5521,test,0,0.038409945
911,test,0,0.75017244
10942,test,0,0.05459664
1541,test,0,0.038409945
9153,test,0,0.038364206
1847,test,0,0.038409945
8396,test,0,0.75017244
905,test,0,0.75017244
3570,test,0,0.038409945
5746,test,0,0.038409945
6939,test,0,0.038409945
10927,test,0,0.038409945
10473,test,0,0.038409945
1758,test,0,0.038364206
8249,test,0,0.038409945
2471,test,0,0.038409945
8477,test,0,0.038364206
10477,test,0,0.038409945
2466,test,0,0.75017244
1682,test,0,0.03838789
9348,test,0,0.038409945
1534,test,0,0.75017244
429,test,0,0.038364206
8491,test,0,0.038409945
5429,test,0,0.038364206
3039,test,0,0.038409945
7735,test,0,0.75017244
8393,test,0,0.038409945
7811,test,0,0.038409945
3560,test,0,0.038409945
9586,test,0,0.038409945
7095,test,0,0.038409945
8862,test,0,0.75017244
9429,test,0,0.038409945
4577,test,0,0.038409945
7537,test,0,0.75017244
3438,test,0,0.038409945
1145,test,0,0.038409945
8798,test,0,0.038364206
4804,test,0,0.040795173
7239,test,0,0.038409945
9329,test,0,0.040795017
10739,test,0,0.038409945
9760,test,0,0.038409945
1052,test,0,0.75017244
4784,test,0,0.038409945
6684,test,0,0.038409945
9359,test,0,0.038409945
4122,test,0,0.038409945
2761,test,0,0.038409945
7350,test,0,0.038409945
10206,test,0,0.038409945
1044,test,0,0.052689523
385,test,0,0.75017244
2397,test,0,0.75017244
3028,test,0,0.038409945
1086,test,0,0.038409945
4529,test,0,0.75017244
1057,test,0,0.038409945
8790,test,0,0.03838789
9759,test,0,0.038409945
8817,test,0,0.75017244
2843,test,0,0.75017244
4602,test,0,0.038364206
3630,test,0,0.038409945
10460,test,0,0.038409945
9392,test,0,0.038409945
6451,test,0,0.038409945
9494,test,0,0.03838789
8815,test,0,0.038409945
1550,test,0,0.038409945
4762,test,0,0.038409945
8486,test,0,0.75017244
7733,test,0,0.038409945
6103,test,0,0.038409945
8678,test,0,0.75017244
6518,test,0,0.75017244
7248,test,0,0.75017244
800,test,0,0.038409945
4245,test,0,0.038409945
6342,test,0,0.038409945
6668,test,0,0.038409945
5680,test,0,0.03838789
3889,test,0,0.038409945
4699,test,0,0.038409945
8122,test,0,0.038409945
3080,test,0,0.75017244
2658,test,0,0.038364206
10302,test,0,0.038409945
5745,test,0,0.038409945
6542,test,0,0.75017244
10721,test,0,0.038409945
7359,test,0,0.038409945
6476,test,0,0.038409945
7361,test,0,0.038409945
937,test,0,0.038409945
5944,test,0,0.75017244
8365,test,0,0.75017244
10231,test,0,0.75017244
6090,test,0,0.038409945
9775,test,0,0.75017244
1766,test,0,0.038409945
7129,test,0,0.75017244
741,test,0,0.75017244
907,test,0,0.75017244
7471,test,0,0.75017244
418,test,0,0.75017244
10806,test,0,0.75017244
1746,test,0,0.040795173
8904,test,0,0.07877909
4552,test,0,0.038409945
5086,test,0,0.75017244
4480,test,0,0.038409945
6111,test,0,0.75017244
3087,test,0,0.038409945
9582,test,0,0.038409945
1449,test,0,0.75017244
3765,test,0,0.038409945
9135,test,0,0.038409945
10939,test,0,0.038409945
2942,test,0,0.03838789
5355,test,0,0.038409945
1780,test,0,0.038409945
8831,test,0,0.75017244
6569,test,0,0.038409945
1538,test,0,0.75017244
9152,test,0,0.75017244
3044,test,0,0.75017244
6183,test,0,0.038409945
2669,test,0,0.038409945
4007,test,0,0.038409945
11007,test,0,0.03838789
5302,test,0,0.75017244
7579,test,0,0.038409945
1545,test,0,0.038409945
8277,test,0,0.038409945
9773,test,0,0.038409945
6166,test,0,0.038409945
5945,test,0,0.038409945
1099,test,0,0.038409945
7291,test,0,0.75017244
5063,test,0,0.75017244
9442,test,0,0.038409945
10474,test,0,0.038409945
6374,test,0,0.038409945
6108,test,0,0.038409945
10750,test,0,0.038409945
419,test,0,0.038409945
7319,test,0,0.038409945
3923,test,0,0.75017244
1047,test,0,0.75017244
4030,test,0,0.038409945
10742,test,0,0.038409945
6689,test,0,0.038409945
4810,test,0,0.038409945
9438,test,0,0.038409945
2680,test,0,0.038409945
5438,test,0,0.038409945
8917,test,0,0.038409945
1116,test,0,0.038409945
10936,test,0,0.038409945
2882,test,0,0.038364206
3076,test,0,0.75017244
8242,test,0,0.038409945
3046,test,0,0.040795017
7539,test,0,0.038364206
3634,test,0,0.75017244
6912,test,0,0.038409945
808,test,0,0.038409945
6674,test,0,0.038409945
10767,test,0,0.75017244
5072,test,0,0.038409945
7038,test,0,0.75017244
3019,test,0,0.038409945
7738,test,0,0.75017244
8728,test,0,0.75017244
7328,test,0,0.038409945
1685,test,0,0.038409945
1255,test,0,0.038409945
9437,test,0,0.75017244
10310,test,0,0.038364206
4025,test,0,0.040795173
7744,test,0,0.038409945
6208,test,0,0.038409945
1054,test,0,0.038409945
6634,test,0,0.75017244
3641,test,0,0.038409945
7524,test,0,0.75017244
4550,test,0,0.05459664
6923,test,0,0.038409945
5957,test,0,0.038409945
7737,test,0,0.038409945
3102,test,0,0.75017244
1841,test,0,0.040795173
377,test,0,0.038364206
4827,test,0,0.038364206
10199,test,0,0.75017244
8737,test,0,0.038409945
4760,test,0,0.040795173
10851,test,0,0.038409945
3068,test,0,0.038409945
6152,test,0,0.038409945
6472,test,0,0.038409945
11052,test,0,0.038409945
1844,test,0,0.038409945
9338,test,0,0.038409945
10781,test,0,0.75017244
1779,test,0,0.038409945
9144,test,0,0.038409945
10052,test,0,0.03838789
2945,test,0,0.038409945
7742,test,0,0.038409945
9141,test,0,0.038409945
2681,test,0,0.038409945
6274,test,0,0.038409945
7082,test,0,0.038409945
7358,test,0,0.75017244
6184,test,0,0.038409945
6102,test,0,0.038409945
6479,test,0,0.038409945
10303,test,0,0.75017244
9767,test,0,0.040795017
4600,test,0,0.038409945
10227,test,0,0.038409945
7034,test,0,0.75017244
1163,test,0,0.038409945
10459,test,0,0.75017244
8870,test,0,0.040795017
9136,test,0,0.038409945
10932,test,0,0.038409945
1776,test,0,0.038409945
6225,test,0,0.038409945
10811,test,0,0.038409945
4130,test,0,0.038409945
4453,test,0,0.75017244
6925,test,0,0.038409945
6693,test,0,0.038409945
7746,test,0,0.038409945
6107,test,0,0.038409945
8899,test,0,0.038409945
297,test,0,0.038409945
10313,test,0,0.75017244
4126,test,0,0.038409945
6686,test,0,0.038409945
6462,test,0,0.038409945
8624,test,0,0.038409945
1419,test,0,0.038364206
310,test,0,0.038409945
7468,test,0,0.75017244
8796,test,0,0.052689523
3056,test,0,0.038409945
6191,test,0,0.75017244
1556,test,0,0.038409945
2390,test,0,0.75017244
10752,test,0,0.038409945
1987,test,0,0.038409945
4814,test,0,0.038409945
11047,test,0,0.75017244
1532,test,0,0.038409945
7570,test,0,0.038409945
5097,test,0,0.038409945
9552,test,0,0.038364206
9430,test,0,0.040795173
10464,test,0,0.040795173
9332,test,0,0.038409945
9278,test,0,0.040795173
9381,test,0,0.75017244
6018,test,0,0.75017244
10584,test,0,0.038409945
6631,test,0,0.038409945
4773,test,0,0.038409945
7322,test,0,0.75017244
4705,test,0,0.038409945
6119,test,0,0.75017244
7282,test,0,0.21822351
5103,test,0,0.038409945
6677,test,0,0.038409945
6220,test,0,0.038409945
4017,test,0,0.040795173
8824,test,0,0.038409945
8265,test,0,0.038409945
4824,test,0,0.038409945
2457,test,0,0.03838789
1535,test,0,0.038409945
1962,test,0,0.08493667
4685,test,0,0.08493667
3571,test,0,0.07877909
1576,test,0,0.75017244
10587,test,0,0.038409945
6540,test,0,0.75017244
8492,test,0,0.038409945
4028,test,0,0.038409945
4095,test,0,0.75017244
10468,test,0,0.038409945
4596,test,0,0.75017244
3504,test,0,0.038364206
5078,test,0,0.038409945
10998,test,0,0.03838789
10717,test,0,0.038409945
422,test,0,0.75017244
7664,test,0,0.75017244
1438,test,0,0.038409945
4026,test,0,0.038409945
9432,test,0,0.75017244
3896,test,0,0.75017244
4019,test,0,0.038409945
4594,test,0,0.038409945
10735,test,0,0.038409945
7321,test,0,0.038409945
4687,test,0,0.038409945
10837,test,0,0.038409945
6164,test,0,0.038409945
7093,test,0,0.75017244
10457,test,0,0.038409945
5436,test,0,0.75017244
3448,test,0,0.038409945
6171,test,0,0.038409945
7390,test,0,0.75017244
1549,test,0,0.038409945
4823,test,0,0.038409945
2774,test,0,0.038409945
5423,test,0,0.038409945
6373,test,0,0.038409945
9349,test,0,0.038409945
1120,test,0,0.038409945
2764,test,0,0.75017244
1043,test,0,0.038409945
10760,test,0,0.75017244
4586,test,0,0.75017244
6323,test,0,0.038409945
3575,test,0,0.75017244
7086,test,0,0.038409945
8259,test,0,0.038409945
7183,test,0,0.038409945
3648,test,0,0.038409945
3108,test,0,0.038409945
7092,test,0,0.038409945
4012,test,0,0.03838789
3090,test,0,0.038409945
4780,test,0,0.038409945
4117,test,0,0.75017244
6516,test,0,0.038409945
9274,test,0,0.75017244
8461,test,0,0.75017244
4023,test,0,0.038409945
6478,test,0,0.03838789
2767,test,0,0.038409945
10469,test,0,0.038364206
1108,test,0,0.038409945
6021,test,0,0.038409945
6088,test,0,0.038409945
9562,test,0,0.038409945
6910,test,0,0.75017244
1726,test,0,0.038409945
1769,test,0,0.038409945
515,test,0,0.038409945
6454,test,0,0.75017244
3037,test,0,0.038409945
4587,test,0,0.75017244
6262,test,0,0.75017244
6467,test,0,0.038409945
312,test,0,0.75017244
8630,test,0,0.038409945
4799,test,0,0.038409945
3767,test,0,0.75017244
4889,test,0,0.038409945
2844,test,0,0.038409945
4584,test,0,0.038409945
3021,test,0,0.75017244
926,test,0,0.038409945
9756,test,0,0.038409945
5406,test,0,0.038409945
1262,test,0,0.038364206
9376,test,0,0.038409945
7287,test,0,0.75017244
3079,test,0,0.038409945
3932,test,0,0.038409945
9341,test,0,0.038409945
4483,test,0,0.038409945
10776,test,0,0.038409945
6263,test,0,0.038409945
4106,test,0,0.038409945
8740,test,0,0.038364206
2225,test,0,0.75017244
6927,test,0,0.038364206
10730,test,0,0.038409945
1113,test,0,0.75017244
10808,test,0,0.038409945
6933,test,0,0.038364206
7236,test,0,0.040795173
6128,test,0,0.75017244
6025,test,0,0.05046348
7577,test,0,0.038409945
5441,test,0,0.038409945
294,test,0,0.038409945
8261,test,0,0.038409945
4680,test,0,0.038409945
3043,test,0,0.75017244
5511,test,0,0.038409945
10751,test,0,0.75017244
7339,test,0,0.038409945
3040,test,0,0.03838789
8611,test,0,0.038409945
10403,test,0,0.038364206
3018,test,0,0.040795017
4127,test,0,0.038409945
8132,test,0,0.03838789
3032,test,0,0.038409945
1155,test,0,0.038409945
6556,test,0,0.038409945
8908,test,0,0.038409945
5139,test,0,0.040795017
2940,test,0,0.038409945
794,test,0,0.038409945
6502,test,0,0.75017244
2585,test,0,0.038409945
7323,test,0,0.038409945
6190,test,0,0.046012037
10727,test,0,0.038409945
10819,test,0,0.75017244
7582,test,0,0.038409945
10348,test,0,0.038409945
6173,test,0,0.038409945
8910,test,0,0.038409945
9516,test,0,0.75017244
7033,test,0,0.05459664
6224,test,0,0.038409945
5425,test,0,0.038409945
10754,test,0,0.75017244
7243,test,0,0.038409945
10038,test,0,0.75017244
6203,test,0,0.038409945
7574,test,0,0.040795173
9372,test,0,0.040795017
6447,test,0,0.038409945
4419,test,0,0.038409945
8822,test,0,0.038409945
8469,test,0,0.038409945
5432,test,0,0.038409945
10934,test,0,0.038409945
8828,test,0,0.75017244
8859,test,0,0.75017244
2684,test,0,0.038409945
305,test,0,0.038409945
8808,test,0,0.038409945
10305,test,0,0.038409945
10467,test,0,0.038409945
428,test,0,0.038409945
433,test,0,0.038409945
1122,test,0,0.038409945
5832,test,0,0.038409945
8402,test,0,0.038409945
7126,test,0,0.75017244
10813,test,0,0.75017244
4450,test,0,0.038409945
9492,test,0,0.038409945
9353,test,0,0.75017244
7355,test,0,0.038409945
1830,test,0,0.75017244
10471,test,0,0.038409945
2711,test,0,0.038364206
9487,test,0,0.03838789
10035,test,0,0.75017244
5301,test,0,0.75017244
8459,test,0,0.75017244
8866,test,0,0.038364206
9580,test,0,0.75017244
6110,test,0,0.038409945
9592,test,0,0.038409945
10824,test,0,0.038409945
1756,test,0,0.038409945
2674,test,0,0.038409945
920,test,0,0.038409945
5742,test,0,0.75017244
293,test,0,0.038409945
7096,test,0,0.038409945
492,test,0,0.75017244
10924,test,0,0.038409945
2214,test,0,0.03838789
9356,test,0,0.75017244
1146,test,0,0.038409945
313,test,0,0.038409945
4789,test,0,0.038409945
7734,test,0,0.038409945
10307,test,0,0.75017244
9385,test,0,0.038409945
6559,test,0,0.038409945
5346,test,0,0.03838789
6568,test,0,0.038409945
10731,test,0,0.038409945
8625,test,0,0.038409945
934,test,0,0.038409945
1452,test,0,0.038409945
4595,test,0,0.038409945
7341,test,0,0.038409945
4013,test,0,0.75017244
8250,test,0,0.038409945
9764,test,0,0.038409945
10299,test,0,0.75017244
8278,test,0,0.038409945
2671,test,0,0.038409945
7740,test,0,0.038409945
3511,test,0,0.038364206
4118,test,0,0.038409945
3951,test,0,0.038409945
4541,test,0,0.038409945
6680,test,0,0.040795173
1096,test,0,0.75017244
1883,test,0,0.038409945
6463,test,0,0.038409945
3107,test,0,0.038409945
10996,test,0,0.05459664
5424,test,0,0.75017244
4470,test,0,0.75017244
1110,test,0,0.03838789
3437,test,0,0.038409945
784,test,0,0.038409945
1843,test,0,0.038409945
3647,test,0,0.038409945
3077,test,0,0.038409945
4090,test,0,0.75017244
4777,test,0,0.038409945
1453,test,0,0.038409945
4234,test,0,0.038409945
7576,test,0,0.038409945
10204,test,0,0.75017244
8096,test,0,0.038409945
10207,test,0,0.75017244
10339,test,0,0.75017244
10209,test,0,0.75017244
2445,test,0,0.75017244
10344,test,0,0.75017244
8095,test,0,0.05459664
7067,test,0,0.75017244
9373,test,1,0.75017244
3902,test,0,0.03838789
8483,test,0,0.75017244
8498,test,0,0.05459664
5358,test,1,0.75017244
3758,test,0,0.75017244
10087,test,1,0.75017244
369,test,0,0.75017244
3322,test,1,0.75017244
1497,test,0,0.05046348
2236,test,0,0.038364206
8175,test,0,0.05046348
145,test,0,0.75017244
141,test,0,0.05046348
2245,test,0,0.75017244
1318,test,0,0.75017244
1508,test,0,0.03838789
7642,test,0,0.75017244
575,test,0,0.75017244
223,test,1,0.75017244
7265,test,1,0.10781388
3592,test,0,0.08536805
8370,test,0,0.75017244
1191,test,0,0.75017244
5763,test,0,0.75017244
10774,test,1,0.75017244
6267,test,0,0.05459664
10604,test,1,0.75017244
9368,test,0,0.75017244
3913,test,0,0.75017244
7054,test,0,0.75017244
7491,test,0,0.75017244
3371,test,0,0.75017244
3050,test,1,0.75017244
7329,test,1,0.75017244
1733,test,1,0.75017244
5495,test,0,0.75017244
5503,test,0,0.75017244
2213,test,0,0.75017244
1444,test,0,0.75017244
2206,test,0,0.05046348
6155,test,1,0.75017244
1420,test,0,0.75017244
1950,test,0,0.05459664
1424,test,0,0.75017244
7586,test,1,0.75017244
1888,test,0,0.75017244
9526,test,0,0.03838789
5669,test,0,0.75017244
2250,test,0,0.75017244
4713,test,0,0.75017244
3972,test,0,0.75017244
279,test,1,0.75017244
5545,test,1,0.75017244
5794,test,0,0.75017244
10294,test,0,0.75017244
2740,test,0,0.05459664
10795,test,0,0.75017244
5199,test,0,0.75017244
10286,test,0,0.75017244
9240,test,0,0.75017244
6237,test,0,0.75017244
10330,test,0,0.75017244
10913,test,0,0.75017244
5324,test,0,0.75017244
9729,test,0,0.75017244
191,test,0,0.75017244
5570,test,0,0.75017244
6739,test,0,0.75017244
9616,test,0,0.75017244
5167,test,0,0.75017244
10529,test,0,0.75017244
5596,test,0,0.75017244
2739,test,0,0.75017244
1371,test,0,0.75017244
10707,test,0,0.75017244
2058,test,0,0.75017244
6840,test,0,0.75017244
622,test,0,0.75017244
8719,test,0,0.75017244
1232,test,0,0.75017244
95,test,0,0.75017244
7217,test,0,0.75017244
2265,test,0,0.75017244
5974,test,0,0.75017244
2123,test,0,0.75017244
6233,test,0,0.03838789
10797,test,0,0.75017244
8703,test,0,0.75017244
7873,test,0,0.03838789
1599,test,0,0.75017244
8561,test,0,0.75017244
9849,test,0,0.75017244
9316,test,0,0.057959106
1617,test,0,0.75017244
9318,test,0,0.75017244
10642,test,0,0.038409945
7414,test,0,0.75017244
8875,test,0,0.75017244
5547,test,0,0.75017244
8699,test,0,0.75017244
8714,test,0,0.75017244
10710,test,0,0.75017244
4259,test,0,0.75017244
3489,test,0,0.057959106
2010,test,0,0.75017244
3529,test,0,0.75017244
8,test,0,0.75017244
2169,test,0,0.03838789
247,test,0,0.75017244
3658,test,0,0.038409945
3120,test,0,0.75017244
2007,test,0,0.75017244
4042,test,0,0.75017244
2057,test,0,0.75017244
3541,test,0,0.75017244
7272,test,0,0.75017244
5185,test,0,0.75017244
8760,test,0,0.75017244
5269,test,0,0.75017244
2747,test,0,0.75017244
7222,test,0,0.75017244
3484,test,0,0.038409945
2913,test,0,0.75017244
9808,test,0,0.75017244
9733,test,0,0.75017244
1197,test,0,0.038409945
2262,test,0,0.75017244
9042,test,0,0.75017244
8525,test,0,0.038409945
5965,test,0,0.038409945
9218,test,0,0.75017244
5803,test,0,0.038409945
7367,test,0,0.038409945
9530,test,0,0.75017244
112,test,0,0.75017244
7922,test,0,0.038409945
3235,test,0,0.75017244
7001,test,0,0.75017244
9059,test,0,0.75017244
6709,test,0,0.75017244
1523,test,0,0.75017244
8931,test,0,0.75017244
818,test,0,0.75017244
6033,test,0,0.75017244
2009,test,0,0.75017244
6582,test,0,0.75017244
2097,test,0,0.75017244
3605,test,0,0.038409945
9229,test,0,0.75017244
9734,test,0,0.75017244
1235,test,0,0.75017244
3195,test,0,0.75017244
1393,test,0,0.75017244
1628,test,0,0.75017244
9841,test,0,0.75017244
4619,test,0,0.75017244
1527,test,0,0.75017244
1385,test,0,0.75017244
10190,test,0,0.05459664
7899,test,0,0.057959106
3793,test,0,0.75017244
10539,test,0,0.75017244
3216,test,0,0.75017244
6975,test,0,0.75017244
7855,test,0,0.75017244
839,test,0,0.75017244
1659,test,0,0.75017244
2125,test,0,0.75017244
9067,test,0,0.75017244
10554,test,0,0.03838789
10652,test,0,0.75017244
8228,test,0,0.75017244
2887,test,0,0.75017244
1236,test,0,0.75017244
9830,test,0,0.75017244
631,test,0,0.75017244
3016,test,0,0.75017244
8653,test,0,0.75017244
3137,test,0,0.75017244
9884,test,0,0.75017244
7706,test,0,0.75017244
9048,test,0,0.75017244
8055,test,0,0.75017244
10361,test,0,0.75017244
6235,test,0,0.75017244
3796,test,0,0.03838789
8017,test,0,0.75017244
9599,test,0,0.75017244
6082,test,0,0.75017244
5541,test,0,0.038409945
634,test,0,0.038409945
2124,test,0,0.75017244
9891,test,0,0.038409945
8640,test,0,0.75017244
10323,test,0,0.75017244
2485,test,0,0.03838789
5693,test,0,0.038409945
4189,test,0,0.75017244
3116,test,0,0.75017244
12,test,0,0.75017244
609,test,0,0.75017244
3229,test,0,0.75017244
4631,test,0,0.75017244
10335,test,0,0.75017244
9221,test,0,0.038409945
7764,test,0,0.03838789
10062,test,0,0.75017244
621,test,0,0.75017244
5559,test,0,0.75017244
7988,test,0,0.08636963
8994,test,0,0.75017244
2385,test,0,0.03838789
8945,test,0,0.75017244
9839,test,0,0.75017244
3,test,0,0.75017244
2103,test,0,0.038364206
9202,test,0,0.75017244
8928,test,0,0.75017244
3381,test,0,0.03838789
10133,test,0,0.75017244
8056,test,0,0.75017244
5990,test,0,0.75017244
8580,test,0,0.75017244
1707,test,0,0.75017244
5474,test,0,0.038409945
9619,test,0,0.75017244
7761,test,0,0.75017244
8713,test,0,0.75017244
2144,test,0,0.038364206
7271,test,0,0.03838789
9903,test,0,0.75017244
3769,test,0,0.75017244
8920,test,0,0.75017244
10527,test,0,0.75017244
3453,test,0,0.038409945
3005,test,0,0.03838789
394,test,0,0.75017244
2438,test,0,0.75017244
10180,test,0,0.75017244
6241,test,0,0.75017244
396,test,0,0.75017244
3886,test,0,0.03838789
7876,test,0,0.75017244
195,test,0,0.038364206
6982,test,0,0.75017244
10918,test,0,0.75017244
4341,test,0,0.75017244
10495,test,0,0.75017244
1519,test,0,0.75017244
2488,test,0,0.75017244
10182,test,0,0.03838789
9883,test,0,0.75017244
8046,test,0,0.75017244
681,test,0,0.75017244
1705,test,0,0.75017244
2033,test,0,0.75017244
3181,test,0,0.75017244
5772,test,0,0.038364206
1865,test,1,0.75017244
2979,test,0,0.038409945
7756,test,0,0.75017244
9322,test,0,0.038409945
691,test,0,0.75017244
10175,test,0,0.75017244
2051,test,0,0.75017244
4180,test,0,0.040795173
3297,test,0,0.75017244
7173,test,0,0.75017244
3206,test,0,0.040795173
2999,test,0,0.03838789
8094,test,0,0.03838789
272,test,0,0.75017244
10980,test,0,0.75017244
6967,test,0,0.75017244
6300,test,0,0.75017244
6041,test,0,0.038409945
3883,test,0,0.03838789
7370,test,0,0.03838789
8522,test,0,0.75017244
389,test,0,0.75017244
819,test,0,0.040795173
8716,test,0,0.75017244
4573,test,0,0.038364206
7170,test,0,0.75017244
401,test,0,0.75017244
8378,test,0,0.75017244
4052,test,0,0.75017244
5977,test,0,0.75017244
10292,test,0,0.75017244
4394,test,0,0.052689523
2970,test,0,0.75017244
4251,test,0,0.75017244
8452,test,0,0.75017244
7887,test,0,0.75017244
1525,test,0,0.03838789
5805,test,0,0.03838789
4566,test,0,0.03838789
2354,test,0,0.75017244
3377,test,0,0.038364206
5975,test,0,0.75017244
7861,test,0,0.75017244
3783,test,0,0.75017244
2431,test,0,0.75017244
3286,test,0,0.05459664
2298,test,0,0.03838789
9107,test,0,0.03838789
9078,test,0,0.75017244
5770,test,0,0.03838789
4051,test,0,0.75017244
7262,test,0,0.038409945
9300,test,0,0.75017244
9615,test,0,0.03838789
4254,test,0,0.040795173
2137,test,0,0.75017244
692,test,0,0.75017244
3522,test,0,0.75017244
11025,test,0,0.75017244
3211,test,0,0.07116724
6710,test,0,0.75017244
10552,test,0,0.05459664
1517,test,0,0.75017244
9655,test,0,0.038409945
5706,test,0,0.75017244
6733,test,0,0.03838789
2114,test,0,0.75017244
2264,test,0,0.75017244
8535,test,0,0.03838789
9055,test,0,0.75017244
3202,test,0,0.03838789
5982,test,0,0.03838789
9895,test,0,0.75017244
3655,test,0,0.75017244
1667,test,0,0.75017244
1246,test,0,0.75017244
9906,test,0,0.75017244
114,test,0,0.75017244
7894,test,0,0.75017244
10187,test,0,0.75017244
2021,test,0,0.75017244
3801,test,0,0.75017244
1515,test,0,0.03838789
8519,test,0,0.03838789
3774,test,0,0.75017244
7177,test,0,0.03838789
8377,test,0,0.03838789
9934,test,0,0.03838789
3179,test,0,0.75017244
2091,test,0,0.038409945
6078,test,0,0.038409945
11021,test,0,0.038409945
9223,test,0,0.75017244
4649,test,0,0.03838789
8059,test,0,0.75017244
1675,test,0,0.75017244
2735,test,0,0.03838789
2415,test,0,0.75017244
2490,test,0,0.75017244
9869,test,0,0.75017244
3516,test,0,0.03838789
7864,test,0,0.03838789
4310,test,0,0.05459664
1587,test,0,0.038409945
3391,test,0,0.75017244
9620,test,0,0.75017244
9550,test,0,0.03838789
5985,test,0,0.038409945
2884,test,0,0.03838789
5188,test,0,0.040795173
4494,test,0,0.03838789
6084,test,0,0.75017244
9402,test,0,0.03838789
4040,test,0,0.75017244
7377,test,0,0.03838789
10483,test,0,0.75017244
8751,test,0,0.75017244
2749,test,0,0.75017244
7270,test,0,0.75017244
7897,test,0,0.038409945
10987,test,0,0.75017244
5707,test,0,0.75017244
5327,test,0,0.03838789
8012,test,0,0.03838789
9954,test,0,0.038364206
1624,test,0,0.038409945
8583,test,0,0.75017244
8346,test,0,0.75017244
10447,test,0,0.038409945
8088,test,0,0.75017244
10488,test,0,0.75017244
8300,test,0,0.75017244
9217,test,0,0.75017244
10484,test,0,0.75017244
1819,test,0,0.75017244
4143,test,0,0.75017244
989,test,0,0.75017244
9324,test,0,0.75017244
10487,test,0,0.75017244
7178,test,0,0.05046348
9232,test,0,0.75017244
1184,test,0,0.75017244
1389,test,0,0.03838789
602,test,0,0.75017244
2269,test,0,0.75017244
3010,test,0,0.03838789
7624,test,0,0.10781388
4249,test,0,0.75017244
4397,test,0,0.03838789
4572,test,0,0.03838789
8984,test,0,0.038409945
7399,test,0,0.75017244
2377,test,0,0.75017244
9238,test,0,0.03838789
122,test,0,0.038409945
2435,test,0,0.03838789
3875,test,0,0.03838789
4501,test,0,0.03838789
2434,test,0,0.05046348
4426,test,0,0.03838789
1394,test,0,0.75017244
2894,test,0,0.03838789
5801,test,0,0.03838789
9081,test,0,0.75017244
6589,test,0,0.75017244
8341,test,0,0.75017244
4312,test,0,0.75017244
7435,test,0,0.75017244
8226,test,0,0.75017244
6083,test,0,0.75017244
8980,test,0,0.038409945
5182,test,0,0.038409945
618,test,0,0.038364206
1709,test,0,0.75017244
1514,test,0,0.75017244
184,test,0,0.75017244
8455,test,0,0.75017244
2484,test,0,0.038409945
7417,test,0,0.038409945
9298,test,0,0.75017244
9843,test,0,0.038409945
4182,test,0,0.038409945
10056,test,0,0.03838789
2421,test,0,0.75017244
8654,test,0,0.75017244
5798,test,0,0.75017244
5598,test,0,0.038409945
10533,test,0,0.75017244
10860,test,0,0.75017244
2113,test,0,0.75017244
3599,test,0,0.03838789
8064,test,0,0.75017244
838,test,0,0.75017244
9307,test,0,0.038409945
8977,test,0,0.75017244
3395,test,0,0.75017244
7767,test,0,0.03838789
2130,test,0,0.038409945
7157,test,0,0.75017244
5205,test,0,0.038409945
4560,test,0,0.038409945
10189,test,0,0.75017244
10863,test,0,0.75017244
393,test,0,0.75017244
6844,test,0,0.75017244
4495,test,0,0.038364206
7633,test,0,0.75017244
1582,test,0,0.75017244
9230,test,0,0.038364206
9241,test,0,0.038409945
2364,test,0,0.75017244
10450,test,0,0.038409945
5204,test,0,0.038409945
9669,test,0,0.75017244
1664,test,0,0.75017244
9956,test,0,0.03838789
7883,test,0,0.038409945
2152,test,0,0.05459664
8933,test,0,0.75017244
1474,test,0,0.03838789
2427,test,0,0.038364206
8015,test,0,0.75017244
2025,test,0,0.75017244
1479,test,0,0.75017244
3777,test,0,0.038409945
1370,test,0,0.038409945
5783,test,0,0.038409945
844,test,0,0.03838789
6721,test,0,0.038364206
10288,test,0,0.75017244
7227,test,0,0.038409945
4330,test,0,0.75017244
8517,test,0,0.03838789
3219,test,0,0.038409945
7226,test,0,0.75017244
8058,test,0,0.038409945
2026,test,0,0.038409945
4337,test,0,0.75017244
7900,test,0,0.040795173
982,test,0,0.09044438
4187,test,0,0.75017244
11018,test,0,0.038409945
4504,test,0,0.75017244
5802,test,0,0.05459664
204,test,0,0.038409945
84,test,0,0.75017244
9625,test,0,0.03838789
8325,test,0,0.75017244
8642,test,0,0.75017244
10785,test,0,0.75017244
3183,test,0,0.038409945
682,test,0,0.038364206
9628,test,0,0.038409945
3185,test,0,0.038409945
9872,test,0,0.03838789
8319,test,0,0.75017244
7113,test,0,0.75017244
5791,test,0,0.75017244
1369,test,0,0.75017244
9866,test,0,0.038409945
9680,test,0,0.038409945
3594,test,0,0.75017244
1699,test,0,0.75017244
2344,test,0,0.05046348
9815,test,0,0.03838789
9060,test,0,0.038409945
7112,test,0,0.038409945
10445,test,0,0.038364206
8373,test,0,0.052689523
10669,test,0,0.75017244
10681,test,0,0.038364206
10796,test,0,0.038364206
8702,test,0,0.75017244
7924,test,0,0.75017244
5767,test,0,0.75017244
6319,test,0,0.75017244
8989,test,0,0.75017244
7259,test,0,0.75017244
235,test,0,0.038409945
4257,test,0,0.75017244
1594,test,0,0.040795173
8930,test,0,0.75017244
9398,test,0,0.75017244
5962,test,0,0.75017244
1194,test,0,0.038409945
3600,test,0,0.038409945
8697,test,0,0.75017244
8293,test,0,0.75017244
10793,test,0,0.038364206
2369,test,0,0.75017244
10054,test,0,0.038364206
10480,test,0,0.040795173
6962,test,0,0.038364206
7216,test,0,0.75017244
9233,test,0,0.75017244
5807,test,0,0.038409945
3676,test,0,0.038409945
7200,test,0,0.038364206
10420,test,0,0.038409945
7623,test,0,0.03838789
623,test,0,0.03838789
5335,test,0,0.75017244
690,test,0,0.038409945
2093,test,0,0.038364206
2014,test,0,0.038409945
7770,test,0,0.038409945
2962,test,0,0.038364206
8577,test,0,0.75017244
4043,test,0,0.75017244
7638,test,0,0.038364206
3198,test,0,0.038409945
6586,test,0,0.75017244
10319,test,0,0.75017244
3390,test,0,0.03838789
637,test,0,0.038409945
4623,test,0,0.75017244
1415,test,0,0.75017244
8991,test,0,0.038409945
1620,test,0,0.038409945
6712,test,0,0.75017244
2273,test,0,0.03838789
3882,test,0,0.038409945
970,test,0,0.038409945
1234,test,0,0.038409945
1530,test,0,0.03838789
5221,test,0,0.038409945
10142,test,0,0.75017244
8723,test,0,0.038409945
9674,test,0,0.038409945
3122,test,0,0.75017244
9940,test,0,0.038364206
6239,test,0,0.038364206
7856,test,0,0.038409945
3292,test,0,0.038364206
9805,test,0,0.038409945
9881,test,0,0.038409945
9325,test,0,0.038409945
2168,test,0,0.75017244
3557,test,0,0.038364206
7984,test,0,0.038364206
7382,test,0,0.75017244
1814,test,0,0.038409945
5601,test,0,0.03838789
9824,test,0,0.038409945
9671,test,0,0.75017244
5976,test,0,0.75017244
7412,test,0,0.75017244
11041,test,0,0.038409945
203,test,0,0.05046348
10992,test,0,0.03838789
5330,test,0,0.038409945
8641,test,0,0.75017244
9613,test,0,0.040795017
8769,test,0,0.03838789
2134,test,0,0.75017244
5475,test,0,0.75017244
9404,test,0,0.038409945
5605,test,0,0.75017244
3190,test,0,0.038364206
3657,test,0,0.75017244
7116,test,0,0.03838789
4603,test,0,0.75017244
1824,test,0,0.75017244
3530,test,0,0.75017244
5217,test,0,0.03838789
2289,test,0,0.75017244
3776,test,0,0.75017244
4339,test,0,0.038409945
2381,test,0,0.75017244
5342,test,0,0.75017244
8919,test,0,0.75017244
5336,test,0,0.75017244
128,test,0,0.75017244
1716,test,0,0.75017244
4569,test,0,0.03838789
7925,test,0,0.038364206
7705,test,0,0.75017244
188,test,0,0.75017244
3603,test,0,0.75017244
5195,test,0,0.75017244
8572,test,0,0.75017244
10326,test,0,0.038364206
5785,test,0,0.038409945
4430,test,0,0.75017244
5603,test,0,0.038364206
3514,test,0,0.75017244
8712,test,0,0.75017244
1614,test,0,0.75017244
5612,test,0,0.038364206
6970,test,0,0.75017244
986,test,0,0.038409945
2985,test,0,0.038409945
9653,test,0,0.75017244
4145,test,0,0.75017244
10525,test,0,0.75017244
1240,test,0,0.038409945
7223,test,0,0.75017244
10350,test,0,0.75017244
8051,test,0,0.038409945
193,test,0,0.038364206
8709,test,0,0.75017244
8942,test,0,0.75017244
8755,test,0,0.038409945
395,test,0,0.038409945
2355,test,0,0.038409945
5611,test,0,0.03838789
2910,test,0,0.75017244
6706,test,0,0.75017244
1376,test,0,0.038409945
5176,test,0,0.75017244
3671,test,0,0.75017244
2410,test,0,0.038409945
9219,test,0,0.75017244
2755,test,0,0.75017244
9173,test,0,0.75017244
6718,test,0,0.75017244
4175,test,0,0.040795173
228,test,0,0.75017244
4387,test,0,0.75017244
8982,test,0,0.75017244
10138,test,0,0.75017244
8575,test,0,0.75017244
9603,test,0,0.75017244
9667,test,0,0.03838789
1713,test,0,0.75017244
6317,test,0,0.038409945
4620,test,0,0.038409945
2050,test,0,0.75017244
2030,test,0,0.038409945
4260,test,0,0.75017244
5270,test,0,0.75017244
1372,test,0,0.75017244
1602,test,0,0.75017244
8764,test,0,0.75017244
9064,test,0,0.75017244
8352,test,0,0.75017244
2977,test,0,0.75017244
2371,test,0,0.75017244
2352,test,0,0.038409945
10784,test,0,0.75017244
190,test,0,0.038409945
8649,test,0,0.038409945
7442,test,0,0.05459664
7002,test,0,0.75017244
8934,test,0,0.75017244
7928,test,0,0.75017244
7404,test,1,0.75017244
9732,test,0,0.75017244
9687,test,0,0.75017244
4608,test,0,0.038409945
2142,test,0,0.75017244
3477,test,0,0.75017244
3670,test,0,0.75017244
3552,test,0,0.75017244
2965,test,0,0.05459664
9165,test,0,0.75017244
7202,test,0,0.75017244
7992,test,0,0.038364206
6591,test,0,0.75017244
9406,test,0,0.03838789
1668,test,0,0.05459664
6720,test,0,0.75017244
10706,test,0,0.057959106
4177,test,0,0.75017244
1580,test,0,0.75017244
1622,test,0,0.038409945
5606,test,0,0.75017244
3121,test,0,0.038409945
5648,test,0,0.75017244
2140,test,0,0.038364206
3194,test,0,0.038364206
8450,test,0,0.75017244
7369,test,0,0.03838789
3683,test,0,0.040795173
4317,test,0,0.75017244
7987,test,0,0.038364206
4174,test,0,0.75017244
987,test,0,0.038409945
7424,test,0,0.75017244
4640,test,0,0.038409945
6708,test,0,0.75017244
3001,test,0,0.038409945
4616,test,0,0.038409945
11028,test,0,0.75017244
7274,test,0,0.75017244
2437,test,0,0.038409945
7174,test,0,0.038409945
6997,test,0,0.038409945
9665,test,0,0.038409945
6974,test,0,0.038409945
2986,test,0,0.03838789
9909,test,0,0.038409945
2418,test,0,0.75017244
2104,test,0,0.75017244
5206,test,0,0.038409945
1670,test,0,0.75017244
7697,test,0,0.75017244
7709,test,0,0.75017244
3604,test,0,0.040795017
9313,test,0,0.75017244
2972,test,0,0.75017244
9045,test,0,0.75017244
3664,test,0,0.75017244
5179,test,0,0.75017244
197,test,0,0.038409945
8990,test,0,0.75017244
5695,test,0,0.75017244
6719,test,0,0.03838789
5998,test,0,0.75017244
694,test,0,0.03838789
8230,test,0,0.75017244
8718,test,0,0.75017244
3454,test,0,0.75017244
10412,test,0,0.038364206
5216,test,0,0.75017244
10192,test,0,0.03838789
10985,test,0,0.03838789
3466,test,0,0.75017244
7004,test,0,0.75017244
3397,test,0,0.75017244
7429,test,0,0.038364206
7923,test,0,0.75017244
1592,test,0,0.75017244
2107,test,0,0.75017244
8881,test,0,0.75017244
847,test,0,0.038364206
5175,test,0,0.75017244
1188,test,0,0.75017244
8290,test,0,0.03838789
3542,test,0,0.038364206
9072,test,0,0.75017244
7371,test,0,0.038409945
2102,test,0,0.75017244
6973,test,0,0.03838789
6984,test,0,0.75017244
2345,test,0,0.038409945
7978,test,0,0.75017244
8333,test,0,0.75017244
9833,test,0,0.038364206
3379,test,0,0.75017244
123,test,0,0.75017244
7439,test,0,0.75017244
3674,test,0,0.038409945
2272,test,0,0.75017244
2263,test,0,0.038409945
2136,test,0,0.75017244
5325,test,0,0.75017244
2038,test,0,0.75017244
1672,test,0,0.038364206
3178,test,0,0.75017244
4334,test,0,0.038409945
4138,test,0,0.038364206
1621,test,0,0.038409945
8337,test,0,0.038364206
10993,test,0,0.75017244
1404,test,0,0.038409945
4395,test,0,0.038409945
2374,test,0,0.75017244
1708,test,0,0.75017244
1717,test,0,0.03838789
4331,test,0,0.75017244
5539,test,0,0.75017244
7758,test,0,0.75017244
4382,test,0,0.75017244
10061,test,0,0.75017244
640,test,0,0.03838789
3474,test,0,0.03838789
10862,test,0,0.75017244
3528,test,0,0.75017244
180,test,0,0.75017244
2094,test,0,0.75017244
10363,test,0,0.75017244
4431,test,0,0.03838789
5665,test,0,0.03838789
610,test,0,0.03838789
11035,test,0,0.03838789
1657,test,0,0.03838789
9540,test,0,0.75017244
8227,test,0,0.038409945
975,test,0,0.038409945
10534,test,0,0.038364206
2045,test,0,0.75017244
9044,test,0,0.75017244
1529,test,0,0.057959106
9242,test,0,0.038409945
7366,test,0,0.038409945
1384,test,0,0.03838789
7434,test,0,0.03838789
4314,test,0,0.75017244
1704,test,0,0.75017244
7149,test,0,0.038364206
5542,test,0,0.75017244
5786,test,0,0.03838789
5489,test,0,0.75017244
9158,test,0,0.03838789
2360,test,0,0.03838789
5482,test,0,0.75017244
2753,test,0,0.75017244
3476,test,0,0.038364206
5689,test,0,0.038409945
8369,test,0,0.042691905
9171,test,0,0.038364206
1601,test,0,0.038409945
7211,test,0,0.03838789
2904,test,0,0.038409945
7868,test,0,0.75017244
5561,test,0,0.75017244
5781,test,0,0.75017244
6985,test,0,0.038409945
7993,test,0,0.75017244
9878,test,0,0.75017244
3781,test,0,0.75017244
1813,test,0,0.038364206
6700,test,0,0.75017244
1673,test,0,0.75017244
6231,test,0,0.75017244
9813,test,0,0.75017244
7687,test,0,0.75017244
8093,test,0,0.75017244
2963,test,0,0.03838789
4340,test,0,0.75017244
7874,test,0,0.75017244
10861,test,0,0.75017244
10545,test,0,0.75017244
1712,test,0,0.75017244
3290,test,0,0.75017244
9814,test,0,0.10781388
842,test,0,0.03838789
9213,test,0,0.75017244
10296,test,0,0.75017244
8283,test,0,0.75017244
4635,test,0,0.75017244
9948,test,0,0.038409945
8937,test,0,0.75017244
3208,test,0,0.75017244
9157,test,0,0.038409945
10058,test,0,0.038364206
5168,test,0,0.03838789
5969,test,0,0.038409945
9666,test,0,0.038409945
227,test,0,0.75017244
8700,test,0,0.75017244
3681,test,0,0.75017244
6304,test,0,0.038409945
3885,test,0,0.75017244
625,test,0,0.038364206
4575,test,0,0.75017244
3595,test,0,0.038364206
9859,test,0,0.75017244
5218,test,0,0.038409945
7427,test,0,0.038409945
3785,test,0,0.038409945
2161,test,0,0.038409945
2987,test,0,0.03838789
5664,test,0,0.038409945
8018,test,0,0.038409945
2156,test,0,0.75017244
8979,test,0,0.038409945
7862,test,0,0.75017244
6732,test,0,0.75017244
1482,test,0,0.052689523
4248,test,0,0.75017244
9175,test,0,0.03838789
9086,test,0,0.75017244
1189,test,0,0.038409945
9656,test,0,0.038409945
4567,test,0,0.03838789
9894,test,0,0.75017244
990,test,0,0.75017244
2487,test,0,0.038364206
11023,test,0,0.75017244
3236,test,0,0.038409945
1401,test,0,0.75017244
7017,test,0,0.038409945
9087,test,0,0.75017244
7754,test,0,0.038409945
9842,test,0,0.038409945
5774,test,0,0.75017244
2375,test,0,0.038409945
9896,test,0,0.75017244
6988,test,0,0.75017244
6730,test,0,0.21822351
5487,test,0,0.75017244
284,test,0,0.038409945
3789,test,0,0.038409945
3197,test,0,0.038409945
2115,test,0,0.75017244
8532,test,0,0.03838789
5711,test,0,0.038409945
8988,test,0,0.75017244
2151,test,0,0.75017244
2270,test,0,0.75017244
8708,test,0,0.05046348
8083,test,0,0.038409945
9534,test,0,0.038409945
2119,test,0,0.038409945
7627,test,0,0.12488858
8566,test,0,0.12488858
231,test,0,0.75017244
2128,test,0,0.038409945
1400,test,0,0.038364206
10177,test,0,0.038409945
7267,test,0,0.038364206
7699,test,0,0.038409945
10355,test,0,0.038409945
5224,test,0,0.038364206
3596,test,0,0.038409945
2039,test,0,0.038409945
8995,test,0,0.038409945
121,test,0,0.75017244
5993,test,0,0.75017244
9812,test,0,0.03838789
2267,test,0,0.75017244
10542,test,0,0.038409945
10424,test,0,0.038364206
3791,test,0,0.75017244
8643,test,0,0.75017244
1192,test,0,0.038364206
10419,test,0,0.75017244
6858,test,0,0.038409945
196,test,0,0.038364206
5961,test,0,0.038364206
2441,test,0,0.038364206
3461,test,0,0.038409945
7865,test,0,0.05046348
7208,test,0,0.75017244
10176,test,0,0.75017244
1596,test,0,0.75017244
3199,test,0,0.038364206
7870,test,0,0.038409945
9288,test,0,0.038409945
10910,test,0,0.05046348
134,test,0,0.038409945
8065,test,0,0.038409945
10694,test,0,0.75017244
8372,test,0,0.75017244
9904,test,0,0.038409945
1610,test,0,0.038409945
8451,test,0,0.038364206
6838,test,0,0.038409945
3385,test,0,0.75017244
1600,test,0,0.75017244
9095,test,0,0.03838789
1337,test,0,0.75017244
86,test,0,0.038409945
1395,test,0,0.038409945
7438,test,0,0.038409945
1817,test,0,0.038364206
3795,test,0,0.038409945
8223,test,0,0.038409945
2442,test,0,0.038409945
2726,test,0,0.038364206
687,test,0,0.038409945
830,test,0,0.75017244
9912,test,0,0.75017244
821,test,0,0.75017244
8981,test,0,0.75017244
10521,test,0,0.038364206
9228,test,0,0.038409945
5595,test,0,0.038409945
9280,test,0,0.75017244
5966,test,0,0.75017244
8379,test,0,0.75017244
2027,test,0,0.038409945
7751,test,0,0.038409945
4146,test,0,0.75017244
261,test,0,0.040795173
8893,test,0,0.75017244
2754,test,0,0.038409945
9068,test,0,0.75017244
10551,test,0,0.75017244
9911,test,0,0.038409945
4258,test,0,0.038409945
19,test,0,0.75017244
1345,test,0,0.75017244
7871,test,0,0.03838789
1187,test,0,0.75017244
9612,test,0,0.75017244
9102,test,0,0.038409945
10172,test,0,0.038409945
10701,test,0,0.040795173
10422,test,0,0.038409945
6854,test,0,0.038409945
6725,test,0,0.75017244
10414,test,0,0.040795017
10909,test,0,0.038409945
10494,test,0,0.75017244
10423,test,0,0.75017244
4032,test,0,0.75017244
7436,test,0,0.038409945
4614,test,0,0.75017244
4183,test,0,0.75017244
104,test,0,0.75017244
2902,test,0,0.038409945
1350,test,0,0.75017244
6234,test,0,0.75017244
9400,test,0,0.75017244
7365,test,0,0.052689523
6728,test,0,0.038409945
7411,test,0,0.75017244
3532,test,0,0.75017244
10981,test,0,0.75017244
9951,test,0,0.038409945
9685,test,0,0.038409945
5209,test,0,0.75017244
3884,test,0,0.038409945
10453,test,0,0.038409945
1644,test,0,0.75017244
3118,test,0,0.038409945
5775,test,0,0.75017244
8010,test,0,0.75017244
10368,test,0,0.038409945
5779,test,0,0.038409945
685,test,0,0.038409945
5806,test,0,0.75017244
7628,test,0,0.038409945
5778,test,0,0.75017244
832,test,0,0.038409945
10295,test,0,0.038409945
2751,test,0,0.75017244
859,test,0,0.038409945
10696,test,0,0.038364206
5169,test,0,0.75017244
5180,test,0,0.75017244
9901,test,0,0.75017244
9952,test,0,0.75017244
2055,test,0,0.03838789
1354,test,0,0.75017244
4557,test,0,0.75017244
7877,test,0,0.038409945
10135,test,0,0.038364206
1491,test,0,0.75017244
3536,test,0,0.75017244
7426,test,0,0.75017244
10801,test,0,0.038364206
202,test,0,0.038409945
4612,test,0,0.038409945
2023,test,0,0.057959106
6972,test,0,0.03838789
7926,test,0,0.75017244
9728,test,0,0.75017244
7636,test,0,0.75017244
7708,test,0,0.038409945
3383,test,0,0.03838789
977,test,0,0.038409945
7378,test,0,0.75017244
10986,test,0,0.75017244
3152,test,0,0.038409945
3132,test,0,0.038409945
2092,test,0,0.05459664
4564,test,0,0.75017244
6853,test,0,0.038409945
5991,test,0,0.75017244
4383,test,0,0.038409945
9679,test,0,0.75017244
9725,test,0,0.038409945
282,test,0,0.18626489
1397,test,0,0.75017244
8757,test,0,0.75017244
9286,test,0,0.75017244
3002,test,0,0.75017244
4256,test,0,0.75017244
9537,test,0,0.038409945
5223,test,0,0.03838789
10802,test,0,0.038409945
8573,test,0,0.75017244
6387,test,0,0.75017244
5200,test,0,0.040795173
3125,test,0,0.05459664
5655,test,0,0.75017244
5220,test,0,0.038364206
6703,test,0,0.75017244
10523,test,0,0.038409945
5543,test,0,0.038409945
3380,test,0,0.75017244
3283,test,0,0.038409945
9312,test,0,0.75017244
1487,test,0,0.75017244
7169,test,0,0.75017244
8650,test,0,0.038409945
8294,test,0,0.038409945
8579,test,0,0.75017244
5337,test,0,0.038409945
9216,test,0,0.038409945
3682,test,0,0.75017244
403,test,0,0.75017244
7854,test,0,0.75017244
10856,test,0,0.038409945
5795,test,0,0.03838789
9865,test,0,0.038409945
7630,test,0,0.75017244
192,test,0,0.038409945
8691,test,0,0.75017244
2099,test,0,0.75017244
7760,test,0,0.75017244
1611,test,0,0.75017244
9049,test,0,0.038409945
6305,test,0,0.038364206
10919,test,0,0.038409945
3450,test,0,0.75017244
6727,test,0,0.038409945
1347,test,0,0.75017244
5812,test,0,0.75017244
9310,test,0,0.75017244
1475,test,0,0.75017244
9164,test,0,0.038409945
2893,test,0,0.75017244
402,test,0,0.038409945
5780,test,0,0.75017244
4424,test,0,0.75017244
823,test,0,0.038409945
9544,test,0,0.75017244
9281,test,0,0.75017244
1615,test,0,0.03838789
9935,test,0,0.05459664
139,test,0,0.75017244
10991,test,0,0.75017244
1663,test,0,0.75017244
1342,test,0,0.038409945
6593,test,0,0.038409945
2141,test,0,0.038409945
8985,test,0,0.038364206
9717,test,0,0.75017244
1336,test,0,0.038409945
7158,test,0,0.75017244
4605,test,0,0.038409945
1720,test,0,0.038409945
8004,test,0,0.75017244
9403,test,0,0.75017244
6391,test,0,0.038364206
8449,test,0,0.038364206
689,test,0,0.75017244
4038,test,0,0.75017244
8298,test,0,0.038409945
2419,test,0,0.038409945
6731,test,0,0.75017244
5608,test,0,0.038364206
2908,test,0,0.75017244
7176,test,0,0.038409945
6069,test,0,0.75017244
10140,test,0,0.038409945
6859,test,0,0.75017244
2918,test,0,0.038409945
2351,test,0,0.75017244
976,test,0,0.75017244
5654,test,0,0.038409945
8941,test,0,0.75017244
3130,test,0,0.038409945
4489,test,0,0.75017244
7688,test,0,0.75017244
3215,test,0,0.038409945
9302,test,0,0.75017244
8006,test,0,0.057959106
7224,test,0,0.038409945
253,test,0,0.038409945
10362,test,0,0.03838789
7896,test,0,0.038409945
4142,test,0,0.038409945
187,test,0,0.038409945
115,test,0,0.038409945
9960,test,0,0.75017244
1863,test,0,0.75017244
3524,test,0,0.038409945
127,test,0,0.038409945
4132,test,0,0.038409945
3555,test,0,0.038409945
8939,test,0,0.75017244
9314,test,0,0.75017244
8685,test,0,0.75017244
5768,test,0,0.038409945
5277,test,0,0.75017244
9818,test,0,0.75017244
10349,test,0,0.75017244
2379,test,0,0.75017244
5331,test,0,0.038409945
6034,test,0,0.75017244
179,test,0,0.038409945
5994,test,0,0.038409945
1849,test,0,0.038364206
2122,test,0,0.038409945
5699,test,0,0.038409945
9731,test,0,0.038409945
3545,test,0,0.75017244
9547,test,0,0.75017244
4391,test,0,0.038409945
2013,test,0,0.038409945
8588,test,0,0.038409945
2024,test,0,0.038409945
9106,test,0,0.75017244
8695,test,0,0.75017244
10417,test,0,0.75017244
10908,test,0,0.040795173
1375,test,0,0.038409945
5988,test,0,0.75017244
254,test,0,0.038409945
6969,test,0,0.75017244
9538,test,0,0.038409945
3182,test,0,0.75017244
8687,test,0,0.038409945
3146,test,0,0.038409945
6038,test,0,0.03838789
5766,test,0,0.038409945
2966,test,0,0.038409945
3549,test,0,0.038409945
10640,test,0,0.038409945
1367,test,0,0.038409945
3490,test,0,0.75017244
7275,test,0,0.040795017
183,test,0,0.75017244
4263,test,0,0.75017244
5691,test,0,0.038409945
10354,test,0,0.038409945
9065,test,0,0.75017244
270,test,0,0.038409945
8330,test,0,0.038409945
8763,test,0,0.038409945
2016,test,0,0.038409945
10333,test,0,0.038409945
267,test,0,0.75017244
7014,test,0,0.038409945
5210,test,0,0.75017244
239,test,0,0.038409945
1662,test,0,0.75017244
133,test,0,0.038409945
10700,test,0,0.038409945
8533,test,0,0.038409945
4168,test,0,0.038409945
6074,test,0,0.038409945
9090,test,0,0.75017244
6976,test,0,0.75017244
5173,test,0,0.75017244
9080,test,0,0.038409945
5267,test,0,0.75017244
3228,test,0,0.75017244
7402,test,0,0.75017244
1403,test,0,0.038364206
1411,test,0,0.75017244
5274,test,0,0.038409945
5571,test,0,0.75017244
9079,test,0,0.038409945
6393,test,0,0.038409945
3465,test,0,0.75017244
7408,test,0,0.038409945
10790,test,0,0.038409945
4039,test,0,0.038409945
2734,test,0,0.038364206
3668,test,0,0.75017244
10518,test,0,0.038409945
9854,test,0,0.038409945
2727,test,0,0.038409945
9308,test,0,0.75017244
8921,test,0,0.038409945
8049,test,0,0.75017244
628,test,0,0.038409945
7983,test,0,0.75017244
1490,test,0,0.038364206
3451,test,0,0.038409945
10526,test,0,0.038364206
8291,test,0,0.038409945
7253,test,0,0.038409945
9902,test,0,0.75017244
7892,test,0,0.75017244
8940,test,0,0.038409945
4267,test,0,0.038409945
7893,test,0,0.75017244
4610,test,0,0.038409945
8234,test,0,0.75017244
2976,test,0,0.75017244
9822,test,0,0.75017244
1825,test,0,0.75017244
8530,test,0,0.75017244
9099,test,0,0.75017244
10711,test,0,0.75017244
6742,test,0,0.75017244
1850,test,0,0.75017244
2118,test,0,0.75017244
1399,test,0,0.75017244
7701,test,0,0.75017244
11034,test,0,0.75017244
8457,test,0,0.75017244
8374,test,0,0.03838789
4496,test,0,0.03838789
8648,test,0,0.75017244
9167,test,0,0.05459664
288,test,0,0.038409945
5191,test,0,0.038364206
5171,test,0,0.038409945
5203,test,0,0.75017244
5964,test,0,0.75017244
9682,test,0,0.75017244
2417,test,0,0.75017244
9809,test,0,0.038409945
7251,test,0,0.038409945
2154,test,0,0.75017244
9670,test,0,0.038364206
10293,test,0,0.75017244
9735,test,0,0.03838789
10911,test,0,0.75017244
7428,test,0,0.03838789
1721,test,0,0.03838789
5181,test,0,0.038409945
10983,test,0,0.75017244
2426,test,0,0.038409945
6086,test,0,0.75017244
1485,test,0,0.03838789
6987,test,0,0.75017244
1402,test,0,0.038409945
2032,test,0,0.75017244
3669,test,0,0.75017244
4261,test,0,0.038364206
10693,test,0,0.75017244
3876,test,0,0.75017244
7693,test,0,0.038409945
10650,test,0,0.038409945
4050,test,0,0.038364206
9944,test,0,0.038409945
6596,test,0,0.038409945
4617,test,0,0.038409945
1492,test,0,0.05459664
2728,test,0,0.75017244
5800,test,0,0.75017244
281,test,0,0.038409945
7423,test,0,0.03838789
5,test,0,0.038409945
6704,test,0,0.75017244
9689,test,0,0.038409945
6998,test,0,0.038409945
9657,test,0,0.75017244
10982,test,0,0.05459664
7020,test,0,0.75017244
3133,test,0,0.038409945
2895,test,0,0.038409945
5968,test,0,0.038409945
10644,test,0,0.75017244
4624,test,0,0.75017244
9226,test,0,0.75017244
8943,test,0,0.038409945
7919,test,0,0.038409945
9941,test,0,0.05046348
2353,test,0,0.75017244
7214,test,0,0.038409945
4493,test,0,0.75017244
2744,test,0,0.03838789
9627,test,0,0.75017244
2160,test,0,0.75017244
5713,test,0,0.75017244
4046,test,0,0.03838789
4639,test,0,0.03838789
3538,test,0,0.75017244
8340,test,0,0.038409945
3200,test,0,0.03838789
3680,test,0,0.75017244
8986,test,0,0.75017244
9817,test,0,0.038409945
283,test,0,0.75017244
8938,test,0,0.75017244
826,test,0,0.038364206
849,test,0,0.038409945
3518,test,0,0.03838789
7407,test,0,0.03838789
2165,test,0,0.038409945
3788,test,0,0.038409945
138,test,0,0.038409945
7886,test,0,0.038409945
8574,test,0,0.75017244
9224,test,0,0.038409945
7255,test,0,0.038409945
10416,test,0,0.75017244
5663,test,0,0.75017244
242,test,0,0.75017244
840,test,0,0.75017244
3237,test,0,0.038409945
3556,test,0,0.75017244
7279,test,0,0.038409945
391,test,0,0.75017244
9601,test,0,0.75017244
10695,test,0,0.038409945
8016,test,0,0.038409945
6584,test,0,0.03838789
1647,test,0,0.038364206
9939,test,0,0.75017244
9598,test,0,0.75017244
5344,test,0,0.040795173
3134,test,0,0.038409945
5546,test,0,0.75017244
131,test,0,0.75017244
4047,test,0,0.038409945
3230,test,0,0.75017244
1692,test,0,0.038409945
6085,test,0,0.038409945
7878,test,0,0.038409945
2111,test,0,0.75017244
10671,test,0,0.75017244
10449,test,0,0.75017244
5970,test,0,0.75017244
130,test,0,0.038409945
1398,test,0,0.75017244
135,test,0,0.038409945
5276,test,0,0.038409945
8232,test,0,0.75017244
6705,test,0,0.038409945
5323,test,0,0.038409945
10638,test,0,0.75017244
827,test,0,0.75017244
20,test,0,0.038409945
6857,test,0,0.038409945
6390,test,0,0.75017244
9321,test,0,0.038409945
8295,test,0,0.038409945
4392,test,0,0.038409945
5653,test,0,0.75017244
3128,test,0,0.038409945
9855,test,0,0.75017244
2012,test,0,0.038409945
9864,test,0,0.75017244
7916,test,0,0.038409945
10789,test,0,0.75017244
5792,test,0,0.038409945
2110,test,0,0.038364206
822,test,0,0.038364206
8086,test,0,0.75017244
8890,test,0,0.038409945
10532,test,0,0.75017244
4570,test,0,0.03838789
973,test,0,0.038409945
626,test,0,0.038409945
814,test,0,0.75017244
5650,test,0,0.038409945
1651,test,0,0.03838789
8698,test,0,0.03838789
240,test,0,0.038409945
2432,test,0,0.038409945
2162,test,0,0.038409945
2358,test,0,0.03838789
256,test,0,0.75017244
10183,test,0,0.038409945
9624,test,0,0.038409945
6699,test,0,0.75017244
2299,test,0,0.038409945
8514,test,0,0.75017244
5341,test,0,0.038409945
4621,test,0,0.038409945
7225,test,0,0.038409945
9806,test,0,0.75017244
120,test,0,0.038409945
8066,test,0,0.75017244
7010,test,0,0.038409945
2015,test,0,0.038409945
2967,test,0,0.03838789
4296,test,0,0.038409945
2362,test,0,0.038409945
1855,test,0,0.75017244
9295,test,0,0.038409945
7707,test,0,0.03838789
8589,test,0,0.038409945
7156,test,0,0.038409945
7221,test,0,0.75017244
9077,test,0,0.038409945
1722,test,0,0.038364206
8044,test,0,0.038409945
10708,test,0,0.038409945
10680,test,0,0.03838789
8057,test,0,0.038409945
9203,test,0,0.038409945
2292,test,0,0.038409945
10705,test,0,0.038409945
10360,test,0,0.75017244
9605,test,0,0.038409945
853,test,0,0.038409945
7264,test,0,0.038409945
8761,test,0,0.038409945
10921,test,0,0.038409945
2365,test,0,0.038409945
4423,test,0,0.75017244
233,test,0,0.038409945
6030,test,0,0.038409945
9061,test,0,0.038409945
2428,test,0,0.038409945
4393,test,0,0.75017244
8371,test,0,0.75017244
635,test,0,0.038409945
1711,test,0,0.038409945
2363,test,0,0.038409945
5484,test,0,0.038409945
9214,test,0,0.038409945
4611,test,0,0.040795173
9608,test,0,0.038409945
1658,test,0,0.038409945
6965,test,0,0.038409945
7152,test,0,0.038409945
9088,test,0,0.038409945
2907,test,0,0.03838789
9602,test,0,0.038409945
10365,test,0,0.75017244
10492,test,0,0.038409945
9908,test,0,0.038364206
7994,test,0,0.038409945
8936,test,0,0.75017244
1338,test,0,0.75017244
828,test,0,0.038409945
2041,test,0,0.038409945
3145,test,0,0.038409945
8722,test,0,0.038409945
10415,test,0,0.038409945
636,test,0,0.75017244
9683,test,0,0.038409945
2170,test,0,0.038409945
5813,test,0,0.75017244
5550,test,0,0.038409945
2296,test,0,0.038409945
845,test,0,0.75017244
7872,test,0,0.038409945
4053,test,0,0.038409945
1652,test,0,0.75017244
4324,test,0,0.75017244
271,test,0,0.038409945
5610,test,0,0.75017244
6572,test,0,0.75017244
8284,test,0,0.038409945
9162,test,0,0.038409945
9676,test,0,0.75017244
7406,test,0,0.75017244
1391,test,0,0.040795173
388,test,0,0.038409945
4342,test,0,0.038409945
5553,test,0,0.038409945
852,test,0,0.038409945
3012,test,0,0.038409945
5544,test,0,0.038409945
5263,test,0,0.038364206
7702,test,0,0.040795173
9868,test,0,0.038409945
124,test,0,0.2603198
9938,test,0,0.038409945
117,test,0,0.038409945
7398,test,0,0.038409945
2923,test,0,0.75017244
6573,test,0,0.038409945
5201,test,0,0.038409945
4434,test,0,0.75017244
6697,test,0,0.038409945
248,test,0,0.038409945
811,test,0,0.038409945
9548,test,0,0.75017244
1701,test,0,0.038409945
7634,test,0,0.038409945
2384,test,0,0.038409945
7218,test,0,0.038409945
2411,test,0,0.038409945
5334,test,0,0.75017244
8376,test,0,0.75017244
8349,test,0,0.03838789
1484,test,0,0.038409945
2984,test,0,0.75017244
3678,test,0,0.038409945
8005,test,0,0.038409945
10544,test,0,0.038364206
6717,test,0,0.038409945
8891,test,0,0.038409945
9235,test,0,0.038409945
2,test,0,0.038409945
8887,test,0,0.75017244
8054,test,0,0.038409945
6738,test,0,0.038409945
9161,test,0,0.038409945
4056,test,0,0.038409945
226,test,0,0.038409945
1237,test,0,0.038409945
3468,test,0,0.038409945
2368,test,0,0.75017244
9955,test,0,0.038364206
5771,test,0,0.038364206
125,test,0,0.038364206
9629,test,0,0.040795017
9848,test,0,0.038409945
3004,test,0,0.038409945
3482,test,0,0.057959106
8874,test,0,0.038409945
3151,test,0,0.038409945
8084,test,0,0.75017244
2424,test,0,0.038409945
6723,test,0,0.75017244
2905,test,0,0.038409945
9953,test,0,0.038409945
851,test,0,0.038409945
9847,test,0,0.038409945
1607,test,0,0.75017244
4322,test,0,0.038409945
2105,test,0,0.75017244
9860,test,0,0.038409945
8001,test,0,0.75017244
5808,test,0,0.038409945
10651,test,0,0.057959106
10332,test,0,0.038409945
3124,test,0,0.038409945
1861,test,0,0.038409945
9545,test,0,0.038364206
9531,test,0,0.038409945
9047,test,0,0.038409945
6075,test,0,0.75017244
848,test,0,0.038409945
5483,test,0,0.038409945
3126,test,0,0.03838789
7410,test,0,0.038409945
3221,test,0,0.040795173
4054,test,0,0.75017244
9832,test,0,0.038409945
10174,test,0,0.038409945
1374,test,0,0.038409945
6995,test,0,0.038409945
7921,test,0,0.038409945
7990,test,0,0.038409945
837,test,0,0.038409945
9317,test,0,0.038409945
641,test,0,0.038409945
5177,test,0,0.038409945
2129,test,0,0.038409945
8296,test,0,0.038364206
8976,test,0,0.038409945
6583,test,0,0.038409945
3665,test,0,0.038409945
2737,test,0,0.038409945
4034,test,0,0.038409945
8651,test,0,0.038409945
3558,test,0,0.038409945
9844,test,0,0.038409945
7007,test,0,0.038409945
4252,test,0,0.03838789
9209,test,0,0.038409945
7996,test,0,0.038409945
8752,test,0,0.038409945
1871,test,0,0.038409945
9614,test,0,0.038409945
10648,test,0,0.038409945
3398,test,0,0.75017244
2017,test,0,0.038409945
9225,test,0,0.038409945
9834,test,0,0.038409945
8886,test,0,0.038409945
8705,test,0,0.75017244
7629,test,0,0.038409945
9215,test,0,0.038409945
241,test,0,0.038409945
3231,test,0,0.75017244
9057,test,0,0.038409945
1478,test,0,0.038409945
6841,test,0,0.038409945
7153,test,0,0.038409945
7155,test,0,0.038409945
3191,test,0,0.038409945
10496,test,0,0.75017244
6035,test,0,0.038409945
6964,test,0,0.75017244
6026,test,0,0.038409945
8456,test,0,0.75017244
4148,test,0,0.03838789
9108,test,0,0.75017244
4327,test,0,0.038409945
8646,test,0,0.038409945
820,test,0,0.75017244
9720,test,0,0.038409945
10979,test,0,0.75017244
9103,test,0,0.038409945
9285,test,0,0.038409945
108,test,0,0.75017244
7207,test,0,0.75017244
4169,test,0,0.038409945
5607,test,0,0.75017244
9609,test,0,0.038364206
1706,test,0,0.038409945
4632,test,0,0.038364206
2486,test,0,0.75017244
5702,test,0,0.75017244
5329,test,0,0.038409945
4328,test,0,0.038409945
8045,test,0,0.038409945
2915,test,0,0.038409945
2293,test,0,0.038409945
10799,test,0,0.038364206
8565,test,0,0.038409945
9206,test,0,0.75017244
10291,test,0,0.038364206
8289,test,0,0.038409945
8878,test,0,0.038409945
9323,test,0,0.038409945
5960,test,0,0.05459664
6996,test,0,0.038409945
4335,test,0,0.038364206
8329,test,0,0.038409945
9710,test,0,0.038409945
1183,test,0,0.038364206
181,test,0,0.75017244
290,test,0,0.038409945
7172,test,0,0.038409945
854,test,0,0.75017244
7396,test,0,0.75017244
6729,test,0,0.040795173
9867,test,0,0.038409945
7891,test,0,0.038409945
10359,test,0,0.75017244
2481,test,0,0.038409945
8922,test,0,0.038409945
2921,test,0,0.038409945
846,test,0,0.038409945
980,test,0,0.75017244
9401,test,0,0.038409945
2370,test,0,0.057959106
10425,test,0,0.038409945
1606,test,0,0.038409945
9600,test,0,0.038364206
8515,test,0,0.038409945
8918,test,0,0.038409945
6598,test,0,0.038409945
835,test,0,0.038409945
3488,test,0,0.03838789
10703,test,0,0.038409945
8883,test,0,0.038409945
10641,test,0,0.038409945
1625,test,0,0.038409945
7685,test,0,0.038409945
9089,test,0,0.038409945
2483,test,0,0.75017244
2414,test,0,0.75017244
2143,test,0,0.038409945
5473,test,0,0.038409945
1581,test,0,0.038409945
3142,test,0,0.038409945
10324,test,0,0.038364206
7766,test,0,0.75017244
2005,test,0,0.75017244
3149,test,0,0.038409945
7690,test,0,0.038409945
6587,test,0,0.038409945
2106,test,0,0.038409945
6746,test,0,0.038409945
6079,test,0,0.038409945
10540,test,0,0.75017244
2892,test,0,0.75017244
607,test,0,0.75017244
4377,test,0,0.038409945
2888,test,0,0.038364206
7999,test,0,0.038409945
9736,test,0,0.75017244
400,test,0,0.038364206
614,test,0,0.038409945
6601,test,0,0.038409945
1853,test,0,0.75017244
7403,test,0,0.038409945
3535,test,0,0.038409945
8446,test,0,0.03838789
3144,test,0,0.038409945
7631,test,0,0.75017244
5811,test,0,0.038409945
264,test,0,0.75017244
6067,test,0,0.038409945
7012,test,0,0.038409945
4309,test,0,0.038364206
9730,test,0,0.038409945
7917,test,0,0.75017244
6599,test,0,0.038409945
2914,test,0,0.038409945
4055,test,0,0.038409945
1595,test,0,0.040795173
7416,test,0,0.038409945
3770,test,0,0.038409945
9882,test,0,0.038364206
3878,test,0,0.75017244
9046,test,0,0.75017244
7159,test,0,0.038409945
4302,test,0,0.75017244
6031,test,0,0.75017244
3459,test,0,0.038409945
7397,test,0,0.038409945
4048,test,0,0.038409945
7252,test,0,0.038409945
9227,test,0,0.75017244
5343,test,0,0.038409945
3011,test,0,0.038409945
252,test,0,0.038409945
6715,test,0,0.038409945
8748,test,0,0.038409945
985,test,0,0.038409945
992,test,0,0.038409945
8584,test,0,0.038409945
8721,test,0,0.038364206
2750,test,0,0.038409945
10794,test,0,0.03838789
5814,test,0,0.038409945
2420,test,0,0.03838789
268,test,0,0.038409945
1857,test,0,0.038409945
9204,test,0,0.038409945
4308,test,0,0.038409945
3486,test,0,0.038409945
7119,test,0,0.038409945
855,test,0,0.038409945
4323,test,0,0.038409945
7694,test,0,0.038409945
1584,test,0,0.75017244
2155,test,0,0.038409945
8765,test,0,0.75017244
7268,test,0,0.038409945
9172,test,0,0.05792434
1598,test,0,0.05792434
9532,test,0,0.038409945
2275,test,0,0.75017244
1518,test,0,0.038409945
1698,test,0,0.038409945
3141,test,0,0.038409945
3123,test,0,0.038409945
815,test,0,0.038409945
9092,test,0,0.038409945
4320,test,0,0.038409945
829,test,0,0.038409945
7160,test,0,0.038409945
3533,test,0,0.038409945
1381,test,0,0.75017244
9282,test,0,0.038409945
2158,test,0,0.75017244
6979,test,0,0.038409945
10646,test,0,0.038409945
8288,test,0,0.038409945
3467,test,0,0.75017244
9296,test,0,0.75017244
8570,test,0,0.038409945
6306,test,0,0.75017244
1528,test,0,0.038364206
2408,test,0,0.038409945
10455,test,0,0.038409945
3460,test,0,0.038409945
100,test,0,0.038409945
1695,test,0,0.038409945
7368,test,0,0.038409945
2399,test,0,0.038409945
137,test,0,0.038409945
9222,test,0,0.038364206
11031,test,0,0.038409945
5574,test,0,0.038409945
2423,test,0,0.038409945
7691,test,0,0.038409945
5987,test,0,0.038409945
2100,test,0,0.040795017
4150,test,0,0.038409945
2116,test,0,0.057959106
9677,test,0,0.75017244
7115,test,0,0.75017244
7888,test,0,0.038409945
9850,test,0,0.038409945
7413,test,0,0.038409945
6971,test,0,0.038364206
9942,test,0,0.038409945
5183,test,0,0.75017244
686,test,0,0.75017244
2018,test,0,0.038409945
4298,test,0,0.038364206
2034,test,0,0.038409945
8229,test,0,0.038364206
9093,test,0,0.038409945
10864,test,0,0.038409945
9311,test,0,0.75017244
9309,test,0,0.038409945
10653,test,0,0.75017244
8997,test,0,0.038409945
2960,test,0,0.75017244
9299,test,0,0.038409945
7277,test,0,0.038409945
136,test,0,0.038409945
8696,test,0,0.038409945
10452,test,0,0.038409945
5560,test,0,0.038409945
843,test,0,0.038409945
3559,test,0,0.038409945
2163,test,0,0.038409945
4384,test,0,0.038409945
6230,test,0,0.038409945
9293,test,0,0.75017244
101,test,0,0.038409945
4186,test,0,0.038409945
251,test,0,0.038409945
3464,test,0,0.038409945
236,test,0,0.038409945
6603,test,0,0.038409945
8351,test,0,0.038409945
10421,test,0,0.75017244
9691,test,0,0.75017244
5563,test,0,0.038409945
4329,test,0,0.038409945
3553,test,0,0.038409945
5478,test,0,0.038364206
8877,test,0,0.038409945
1851,test,0,0.038409945
8880,test,0,0.038409945
8281,test,0,0.038409945
8297,test,0,0.038409945
2430,test,0,0.75017244
3544,test,0,0.038409945
2406,test,0,0.038409945
8756,test,0,0.038409945
8000,test,0,0.038409945
5690,test,0,0.038409945
10677,test,0,0.038364206
5165,test,0,0.038409945
7689,test,0,0.75017244
2372,test,0,0.038409945
4319,test,0,0.038409945
6991,test,0,0.038409945
11027,test,0,0.038409945
2922,test,0,0.038409945
10858,test,0,0.038409945
9678,test,0,0.038409945
90,test,0,0.75017244
3513,test,0,0.038409945
9533,test,0,0.038409945
3294,test,0,0.038409945
9083,test,0,0.038409945
991,test,0,0.038409945
9959,test,0,0.75017244
1866,test,0,0.038409945
8534,test,0,0.75017244
3232,test,0,0.038409945
10673,test,0,0.038409945
5804,test,0,0.038409945
1715,test,0,0.038409945
974,test,0,0.75017244
4389,test,0,0.038409945
6245,test,0,0.038409945
286,test,0,0.07877909
275,test,0,0.75017244
263,test,0,0.038409945
6978,test,0,0.038409945
6837,test,0,0.038409945
1603,test,0,0.75017244
1605,test,0,0.038409945
8019,test,0,0.75017244
2048,test,0,0.75017244
273,test,0,0.038409945
230,test,0,0.038409945
4305,test,0,0.038409945
6736,test,0,0.038409945
2167,test,0,0.75017244
9654,test,0,0.038409945
3456,test,0,0.038409945
289,test,0,0.75017244
8876,test,0,0.038409945
10541,test,0,0.038364206
6579,test,0,0.75017244
3192,test,0,0.75017244
3656,test,0,0.038409945
1710,test,0,0.038409945
8332,test,0,0.038409945
8090,test,0,0.038364206
7220,test,0,0.75017244
10866,test,0,0.038409945
3473,test,0,0.038409945
7381,test,0,0.038409945
6045,test,0,0.75017244
2042,test,0,0.038409945
2359,test,0,0.038409945
4184,test,0,0.038409945
9712,test,0,0.75017244
1593,test,0,0.038409945
2919,test,0,0.038409945
9405,test,0,0.038409945
9597,test,0,0.038409945
2736,test,0,0.038409945
1238,test,0,0.038409945
9899,test,0,0.038409945
8324,test,0,0.038364206
2367,test,0,0.75017244
3227,test,0,0.75017244
4262,test,0,0.038409945
3515,test,0,0.038409945
5339,test,0,0.038409945
4149,test,0,0.038409945
3224,test,0,0.75017244
9097,test,0,0.75017244
2056,test,0,0.038409945
5651,test,0,0.038364206
9071,test,0,0.038409945
2020,test,0,0.038409945
7198,test,0,0.040795173
2108,test,0,0.038409945
5797,test,0,0.038409945
8292,test,0,0.038409945
5764,test,0,0.75017244
8011,test,0,0.75017244
4648,test,0,0.75017244
7260,test,0,0.038409945
4044,test,0,0.75017244
2049,test,0,0.75017244
9043,test,0,0.038409945
9073,test,0,0.038409945
1700,test,0,0.75017244
10714,test,0,0.038409945
7769,test,0,0.038409945
5207,test,0,0.040795017
118,test,0,0.75017244
696,test,0,0.038409945
8923,test,0,0.75017244
4045,test,0,0.038409945
7117,test,0,0.75017244
10489,test,0,0.038409945
5700,test,0,0.75017244
2148,test,0,0.038409945
8978,test,0,0.038409945
8322,test,0,0.038364206
6301,test,0,0.038409945
4297,test,0,0.038409945
10685,test,0,0.038409945
7920,test,0,0.038409945
4435,test,0,0.038409945
1341,test,0,0.038409945
5214,test,0,0.038364206
1626,test,0,0.038409945
6313,test,0,0.038409945
7150,test,0,0.75017244
6577,test,0,0.038409945
8323,test,0,0.75017244
4622,test,0,0.75017244
9546,test,0,0.038409945
2402,test,0,0.038409945
3667,test,0,0.75017244
4565,test,0,0.038409945
6856,test,0,0.038409945
1812,test,0,0.038364206
2898,test,0,0.038409945
1852,test,0,0.75017244
6392,test,0,0.038409945
3127,test,0,0.038409945
2725,test,0,0.03838789
2482,test,0,0.038409945
9835,test,0,0.05459664
6852,test,0,0.038409945
7269,test,0,0.21822351
9692,test,0,0.038409945
10690,test,0,0.038409945
1407,test,0,0.038409945
1,test,0,0.038409945
4303,test,0,0.75017244
6308,test,0,0.038409945
8338,test,0,0.038364206
7989,test,0,0.038409945
7991,test,0,0.038409945
10446,test,0,0.038409945
9207,test,0,0.038409945
8303,test,0,0.040795173
1821,test,0,0.038364206
176,test,0,0.038409945
9074,test,0,0.75017244
6238,test,0,0.75017244
2980,test,0,0.038409945
2046,test,0,0.038409945
6741,test,0,0.75017244
5658,test,0,0.038409945
6073,test,0,0.038409945
1671,test,0,0.75017244
7266,test,0,0.038364206
1872,test,0,0.038409945
1353,test,0,0.038364206
2131,test,0,0.75017244
10287,test,0,0.038409945
224,test,0,0.75017244
4487,test,0,0.75017244
7021,test,0,0.75017244
7632,test,0,0.03838789
5194,test,0,0.75017244
9111,test,0,0.038364206
7409,test,0,0.038409945
2409,test,0,0.038409945
11026,test,0,0.038409945
4190,test,0,0.038409945
10798,test,0,0.038409945
6307,test,0,0.038409945
6040,test,0,0.038409945
7882,test,0,0.038409945
8454,test,0,0.75017244
4618,test,0,0.75017244
7982,test,0,0.038409945
3147,test,0,0.038409945
8567,test,0,0.75017244
2153,test,0,0.75017244
2896,test,0,0.038409945
5773,test,0,0.75017244
6849,test,0,0.038409945
3392,test,0,0.038409945
2361,test,0,0.038409945
8885,test,0,0.038409945
1859,test,0,0.038409945
10654,test,0,0.038409945
3879,test,0,0.038409945
836,test,0,0.038409945
7161,test,0,0.75017244
9595,test,0,0.038409945
6299,test,0,0.75017244
10530,test,0,0.038364206
3136,test,0,0.75017244
186,test,0,0.038364206
9596,test,0,0.038409945
3786,test,0,0.75017244
1243,test,0,0.75017244
7005,test,0,0.75017244
9910,test,0,0.038409945
1604,test,0,0.038409945
3189,test,0,0.038364206
9315,test,0,0.038409945
7695,test,0,0.12052462
2356,test,0,0.038409945
4641,test,0,0.038409945
10179,test,0,0.038409945
2011,test,0,0.05358582
4627,test,0,0.038409945
200,test,0,0.75017244
9054,test,0,0.038409945
9885,test,0,0.038409945
1362,test,0,0.75017244
5694,test,0,0.038409945
3212,test,0,0.038409945
4173,test,0,0.038409945
8301,test,0,0.038409945
7206,test,1,0.75017244
10859,test,0,0.038409945
1339,test,0,0.75017244
5184,test,0,0.038409945
5704,test,0,0.038409945
10057,test,0,0.038409945
1360,test,0,0.75017244
119,test,0,0.057959106
6592,test,0,0.038409945
9907,test,0,0.038409945
5777,test,0,0.038409945
857,test,0,0.038409945
7165,test,0,0.038409945
4311,test,0,0.038409945
3527,test,0,0.038409945
9856,test,0,0.038409945
7110,test,0,0.75017244
4502,test,0,0.038364206
2157,test,0,0.038409945
5166,test,0,0.75017244
8992,test,0,0.75017244
7980,test,0,0.038409945
7179,test,0,0.038409945
1858,test,0,0.038409945
11017,test,0,0.038409945
5609,test,0,0.75017244
8929,test,0,0.038409945
9606,test,0,0.038409945
4178,test,0,0.75017244
8382,test,0,0.75017244
4491,test,0,0.038409945
8944,test,0,0.038364206
7880,test,0,0.75017244
10783,test,0,0.038409945
2171,test,0,0.038409945
9862,test,0,0.75017244
1816,test,0,0.75017244
9289,test,0,0.038409945
2890,test,0,0.038364206
249,test,0,0.75017244
3487,test,0,0.75017244
3233,test,0,0.75017244
9320,test,0,0.038409945
8235,test,0,0.038364206
7885,test,0,0.040795173
5790,test,0,0.03838789
1608,test,0,0.75017244
6839,test,0,0.038409945
4147,test,0,0.038409945
5796,test,0,0.038409945
132,test,0,0.038409945
3540,test,0,0.75017244
3234,test,0,0.75017244
2440,test,0,0.75017244
7013,test,0,0.038409945
5198,test,0,0.75017244
856,test,0,0.038409945
10519,test,0,0.75017244
5980,test,0,0.038409945
6597,test,0,0.038409945
9075,test,0,0.038409945
8889,test,0,0.038409945
4250,test,0,0.75017244
6961,test,0,0.75017244
1481,test,0,0.75017244
1577,test,0,0.03838789
7108,test,0,0.75017244
4613,test,0,0.75017244
7105,test,0,0.75017244
4295,test,0,0.10781388
3792,test,0,0.75017244
250,test,0,0.03838789
7898,test,0,0.03838789
2891,test,0,0.03838789
1811,test,0,0.75017244
9168,test,0,0.21822351
3455,test,0,0.21822351
10716,test,0,0.75017244
6726,test,0,0.75017244
5667,test,0,0.75017244
13,test,0,0.75017244
1862,test,0,0.75017244
5271,test,0,0.12052462
8657,test,0,0.75017244
10674,test,0,0.038409945
6068,test,0,0.05459664
9711,test,0,0.75017244
8052,test,0,0.03838789
9101,test,0,0.03838789
1380,test,0,0.05459664
2159,test,0,0.75017244
3554,test,0,0.038409945
2052,test,0,0.052689523
5809,test,0,0.75017244
3661,test,0,0.75017244
7753,test,0,0.75017244
693,test,0,0.03838789
627,test,0,0.03838789
10284,test,0,0.03838789
1195,test,0,0.75017244
2489,test,0,0.038364206
9820,test,0,0.75017244
11030,test,0,0.75017244
4299,test,0,0.05459664
88,test,0,0.75017244
1366,test,0,0.75017244
2150,test,0,0.03838789
1627,test,0,0.75017244
7425,test,0,0.038409945
9291,test,0,0.038409945
6590,test,0,0.75017244
9900,test,0,0.03838789
10639,test,0,0.03838789
1363,test,0,0.75017244
3662,test,0,0.75017244
8062,test,0,0.75017244
9675,test,0,0.040795173
2383,test,0,0.75017244
5972,test,0,0.75017244
9719,test,0,0.038409945
6028,test,0,0.038409945
10528,test,0,0.75017244
9211,test,0,0.75017244
8061,test,0,0.040795173
1349,test,0,0.040795173
116,test,0,0.75017244
390,test,0,0.038409945
8225,test,0,0.75017244
1702,test,0,0.038409945
9879,test,0,0.75017244
4425,test,0,0.75017244
5476,test,0,0.75017244
11037,test,0,0.75017244
606,test,0,0.75017244
619,test,0,0.038364206
10676,test,0,0.038409945
2729,test,0,0.03838789
10867,test,0,0.75017244
1196,test,0,0.75017244
2733,test,0,0.10781388
7635,test,0,0.03838789
10643,test,0,0.038409945
2436,test,0,0.05459664
4558,test,0,0.75017244
3590,test,0,0.75017244
981,test,0,0.03838789
1823,test,0,0.03838789
3007,test,0,0.75017244
10791,test,0,0.75017244
1357,test,0,0.75017244
1185,test,0,0.03838789
1665,test,0,0.75017244
8381,test,0,0.03838789
5776,test,0,0.75017244
3296,test,0,0.03838789
5647,test,0,0.03838789
5986,test,0,0.75017244
9821,test,0,0.03838789
178,test,0,0.038409945
1245,test,0,0.75017244
5996,test,0,0.75017244
7755,test,0,0.75017244
5213,test,0,0.03838789
1382,test,0,0.75017244
1486,test,0,0.75017244
10290,test,0,0.75017244
7166,test,0,0.03838789
9933,test,0,0.03838789
6595,test,0,0.75017244
4562,test,0,0.040795017
3877,test,0,0.038409945
8879,test,0,0.038409945
1661,test,0,0.038364206
9662,test,0,0.07116724
4269,test,0,0.07116724
1650,test,0,0.75017244
824,test,0,0.038409945
1392,test,0,0.038409945
8706,test,0,0.75017244
4633,test,0,0.038409945
1848,test,0,0.037836403
9076,test,0,0.038409945
85,test,0,0.038409945
1864,test,0,0.038409945
8693,test,0,0.75017244
9723,test,0,0.038409945
9892,test,0,0.038409945
2350,test,0,0.038409945
8009,test,0,0.038409945
6722,test,0,0.75017244
9094,test,0,0.038409945
5268,test,0,0.038409945
6990,test,0,0.038409945
3394,test,0,0.038409945
825,test,0,0.038409945
7212,test,0,0.038409945
4188,test,0,0.038409945
638,test,0,0.038409945
7752,test,0,0.75017244
238,test,0,0.75017244
7401,test,0,0.038364206
6310,test,0,0.038409945
9098,test,0,0.038409945
9292,test,0,0.038409945
1406,test,0,0.03838789
7852,test,0,0.040795173
6740,test,0,0.038364206
3293,test,0,0.038409945
10289,test,0,0.038409945
10786,test,0,0.05459664
2145,test,0,0.05459664
11029,test,0,0.75017244
6043,test,0,0.052689523
9838,test,0,0.038409945
2348,test,0,0.038409945
229,test,0,0.75017244
8348,test,0,0.75017244
1493,test,0,0.05459664
4574,test,0,0.038409945
3138,test,0,0.038409945
10800,test,0,0.038409945
3799,test,0,0.038409945
4388,test,0,0.75017244
9713,test,0,0.05046348
9237,test,0,0.038364206
3226,test,0,0.038409945
1198,test,0,0.038409945
611,test,0,0.038409945
9831,test,0,0.038409945
812,test,0,0.038409945
3210,test,0,0.75017244
2745,test,0,0.75017244
3389,test,0,0.040795017
5333,test,0,0.038409945
2982,test,0,0.03838789
8350,test,0,0.038364206
6989,test,0,0.75017244
5815,test,0,0.038409945
10984,test,0,0.75017244
3218,test,0,0.038409945
7875,test,0,0.038409945
2127,test,0,0.038409945
8453,test,0,0.75017244
8524,test,0,0.03838789
10550,test,0,0.03838789
3207,test,0,0.03838789
8448,test,0,0.03838789
3458,test,0,0.038409945
4559,test,0,0.038409945
6578,test,0,0.038409945
4488,test,0,0.038409945
7374,test,0,0.038409945
7418,test,0,0.75017244
6029,test,0,0.05358582
11024,test,0,0.05358582
5222,test,0,0.038409945
5963,test,0,0.05358582
6044,test,0,0.040795173
94,test,0,0.75017244
3675,test,0,0.038409945
3148,test,0,0.038409945
9051,test,0,0.038409945
2047,test,0,0.038409945
9091,test,0,0.75017244
1666,test,0,0.038409945
2019,test,0,0.038409945
10691,test,0,0.038409945
6580,test,0,0.03838789
8747,test,0,0.75017244
10537,test,0,0.75017244
7419,test,0,0.03838789
3660,test,0,0.75017244
4609,test,0,0.040795173
4137,test,0,0.75017244
858,test,0,0.038409945
102,test,0,0.75017244
5981,test,0,0.75017244
2731,test,0,0.038364206
6080,test,0,0.038409945
629,test,0,0.038409945
3223,test,0,0.040795173
4332,test,0,0.05459664
2429,test,0,0.75017244
3790,test,0,0.040795017
3006,test,0,0.03838789
7154,test,0,0.03838789
5190,test,0,0.038409945
2376,test,0,0.038409945
813,test,0,0.038409945
10792,test,0,0.75017244
8287,test,0,0.75017244
2135,test,0,0.75017244
7006,test,0,0.038409945
3295,test,0,0.75017244
6737,test,0,0.75017244
6744,test,0,0.038409945
10448,test,0,0.038409945
6389,test,0,0.040795017
7422,test,0,0.75017244
2978,test,0,0.038409945
6388,test,0,0.75017244
8328,test,0,0.75017244
5569,test,0,0.038409945
9,test,0,0.21822351
1488,test,0,0.21822351
1387,test,0,0.040795173
2400,test,0,0.040795173
8282,test,0,0.038409945
1654,test,0,0.75017244
2920,test,0,0.038364206
10491,test,0,0.75017244
9549,test,0,0.03838789
1597,test,0,0.75017244
7148,test,0,0.75017244
10493,test,0,0.75017244
2439,test,0,0.75017244
1697,test,0,0.75017244
6087,test,0,0.038409945
5810,test,0,0.038409945
1182,test,0,0.75017244
8576,test,0,0.040795173
9617,test,0,0.038364206
2983,test,0,0.03838789
2022,test,0,0.75017244
4381,test,0,0.038409945
1344,test,0,0.05459664
3517,test,0,0.05459664
8983,test,0,0.03838789
2036,test,0,0.038409945
5225,test,0,0.75017244
14,test,0,0.038409945
6716,test,0,0.03838789
8996,test,0,0.038409945
2738,test,0,0.75017244
259,test,0,0.75017244
6711,test,0,0.038409945
6240,test,0,0.03838789
9876,test,0,0.75017244
6745,test,0,0.75017244
8299,test,0,0.75017244
2981,test,0,0.75017244
6846,test,0,0.038409945
6318,test,0,0.038409945
6992,test,0,0.75017244
810,test,0,0.038409945
4634,test,0,0.038409945
1854,test,0,0.038409945
7107,test,0,0.03838789
5784,test,0,0.03838789
1346,test,0,0.75017244
397,test,0,0.75017244
3537,test,0,0.038409945
10697,test,0,0.038409945
9688,test,0,0.75017244
9539,test,0,0.038409945
8334,test,0,0.038409945
266,test,0,0.75017244
7686,test,0,0.038409945
833,test,0,0.040795173
7201,test,0,0.038409945
2730,test,0,0.038409945
7205,test,0,0.040795173
5552,test,0,0.038409945
8892,test,0,0.75017244
9913,test,0,0.07116724
2404,test,0,0.038409945
7863,test,0,0.038409945
4185,test,0,0.038409945
834,test,0,0.05792434
5793,test,0,0.75017244
2138,test,0,0.75017244
10479,test,0,0.038409945
3598,test,0,0.75017244
8770,test,0,0.038409945
6036,test,0,0.038409945
7273,test,0,0.038409945
8569,test,0,0.038409945
5984,test,0,0.038409945
8587,test,0,0.038409945
4645,test,0,0.038409945
1244,test,0,0.038409945
697,test,0,0.038364206
2425,test,0,0.75017244
6315,test,0,0.038409945
9663,test,0,0.038409945
9543,test,0,0.038409945
6980,test,0,0.038409945
9176,test,0,0.038409945
9897,test,0,0.038409945
7376,test,0,0.05459664
4615,test,0,0.038409945
8014,test,0,0.038409945
9846,test,0,0.038409945
246,test,0,0.038409945
2031,test,0,0.038409945
6701,test,0,0.038409945
5652,test,0,0.03838789
4325,test,0,0.038409945
244,test,0,0.038409945
639,test,0,0.75017244
7019,test,0,0.040795173
5170,test,0,0.038409945
9110,test,0,0.03838789
3485,test,0,0.038409945
7915,test,0,0.038409945
3534,test,0,0.75017244
6986,test,0,0.038409945
2117,test,0,0.75017244
8060,test,0,0.038409945
17,test,0,0.040795173
199,test,0,0.75017244
2909,test,0,0.75017244
3672,test,0,0.038409945
7884,test,0,0.038364206
3480,test,0,0.038409945
5187,test,0,0.038409945
5656,test,0,0.03838789
4563,test,0,0.75017244
8384,test,0,0.75017244
9715,test,0,0.038409945
4170,test,0,0.75017244
9594,test,0,0.038409945
2095,test,0,0.038409945
1809,test,0,0.75017244
9840,test,0,0.038409945
5555,test,0,0.038409945
4131,test,0,0.038409945
2266,test,0,0.75017244
8568,test,0,0.038409945
1870,test,0,0.75017244
8871,test,0,0.038409945
5566,test,0,0.038409945
10320,test,0,0.05459664
8286,test,0,0.038409945
7263,test,0,0.038409945
9827,test,0,0.038409945
5275,test,0,0.75017244
3217,test,0,0.038409945
1609,test,0,0.038409945
7704,test,0,0.038409945
632,test,0,0.038409945
6602,test,0,0.03838789
4318,test,0,0.038409945
10418,test,0,0.75017244
8285,test,0,0.038409945
2043,test,0,0.038409945
9084,test,0,0.038409945
5549,test,0,0.038409945
3520,test,0,0.75017244
5208,test,0,0.038409945
850,test,0,0.038409945
291,test,0,0.75017244
3471,test,0,0.75017244
1356,test,0,0.038364206
8582,test,0,0.75017244
3387,test,0,0.75017244
2378,test,0,0.038409945
9205,test,0,0.038409945
2044,test,0,0.038409945
6070,test,0,0.75017244
8007,test,0,0.05459664
10481,test,0,0.038409945
1388,test,0,0.038409945
11033,test,0,0.03838789
8692,test,0,0.038409945
9716,test,0,0.75017244
2885,test,0,0.75017244
7209,test,0,0.75017244
7375,test,0,0.03838789
8894,test,0,0.038409945
2294,test,0,0.75017244
10916,test,0,0.75017244
4141,test,0,0.75017244
4037,test,0,0.038409945
8656,test,0,0.038409945
2008,test,0,0.038409945
5186,test,0,0.038409945
6232,test,0,0.05358582
6977,test,0,0.03838789
6594,test,0,0.040795173
7151,test,0,0.75017244
1714,test,0,0.038409945
2172,test,0,0.75017244
10995,test,0,0.75017244
9082,test,0,0.038409945
2964,test,0,0.75017244
3205,test,0,0.75017244
8336,test,0,0.038409945
8048,test,0,0.038409945
6576,test,0,0.75017244
1179,test,0,0.75017244
9287,test,0,0.038409945
1590,test,0,0.038409945
4140,test,0,0.038409945
9863,test,0,0.03838789
10520,test,0,0.038409945
1623,test,0,0.75017244
7278,test,0,0.75017244
3798,test,0,0.038409945
3874,test,0,0.040795173
1694,test,0,0.038409945
1522,test,0,0.75017244
1483,test,0,0.03838789
841,test,0,0.038409945
9858,test,0,0.05459664
4171,test,0,0.038409945
9304,test,0,0.038409945
3481,test,0,0.75017244
1869,test,0,0.75017244
8092,test,0,0.75017244
3779,test,0,0.03838789
3214,test,0,0.75017244
9684,test,0,0.75017244
5266,test,0,0.75017244
8320,test,0,0.038409945
9621,test,0,0.038409945
8536,test,0,0.03838789
5710,test,0,0.03838789
3483,test,0,0.03838789
9807,test,0,0.03838789
2297,test,0,0.75017244
1808,test,0,0.75017244
9056,test,0,0.038409945
2912,test,0,0.75017244
9727,test,0,0.75017244
5538,test,0,0.03838789
5174,test,0,0.75017244
4301,test,0,0.038364206
5557,test,0,0.038409945
11020,test,0,0.03838789
2054,test,0,0.038409945
7379,test,0,0.038409945
4380,test,0,0.038409945
8013,test,0,0.038409945
3531,test,0,0.75017244
6071,test,0,0.038409945
1588,test,0,0.75017244
3521,test,0,0.038409945
2139,test,0,0.75017244
232,test,0,0.75017244
8343,test,0,0.03838789
6698,test,0,0.038409945
5600,test,0,0.75017244
10517,test,0,0.75017244
8050,test,0,0.038409945
10364,test,0,0.038409945
8873,test,0,0.038409945
3547,test,0,0.038409945
1616,test,0,0.040795173
6316,test,0,0.038409945
6994,test,0,0.038409945
6999,test,0,0.038409945
2346,test,0,0.038409945
3551,test,0,0.75017244
6743,test,0,0.038409945
8347,test,0,0.038409945
9085,test,0,0.038409945
7692,test,0,0.038409945
9319,test,0,0.75017244
105,test,0,0.038409945
971,test,0,0.038409945
5537,test,0,0.038409945
3457,test,0,0.038409945
8882,test,0,0.038409945
1586,test,0,0.038409945
3659,test,0,0.038409945
5193,test,0,0.038409945
8975,test,0,0.038409945
5172,test,0,0.75017244
4041,test,0,0.038409945
3775,test,0,0.75017244
177,test,0,0.038409945
5326,test,0,0.038409945
7,test,0,0.038409945
688,test,0,0.038409945
8342,test,0,0.038409945
1860,test,0,0.040795173
3679,test,0,0.038409945
4266,test,0,0.038409945
2035,test,0,0.038409945
8750,test,0,0.038409945
4333,test,0,0.038364206
8704,test,0,0.038409945
10485,test,0,0.038409945
3396,test,0,0.10781388
5973,test,0,0.038409945
1377,test,0,0.75017244
5558,test,0,0.038409945
2961,test,0,0.75017244
4606,test,0,0.038409945
9063,test,0,0.75017244
4166,test,0,0.75017244
8585,test,0,0.038409945
7204,test,0,0.038409945
4604,test,0,0.038409945
6714,test,0,0.03838789
9053,test,0,0.038409945
8002,test,0,0.038409945
9686,test,0,0.75017244
8694,test,0,0.040795173
2121,test,0,0.038409945
4386,test,0,0.038409945
9672,test,0,0.75017244
2295,test,0,0.75017244
4049,test,0,0.75017244
9290,test,0,0.038409945
4172,test,0,0.038409945
10914,test,0,0.75017244
2120,test,0,0.038409945
6713,test,0,0.038409945
10698,test,0,0.75017244
5967,test,0,0.038409945
2416,test,0,0.75017244
9066,test,0,0.75017244
7420,test,0,0.75017244
3204,test,0,0.75017244
6302,test,0,0.038409945
8686,test,0,0.038409945
5261,test,0,0.038409945
10191,test,0,0.75017244
237,test,0,0.038409945
9837,test,0,0.038409945
6309,test,0,0.038409945
2126,test,0,0.75017244
9893,test,0,0.038409945
6042,test,0,0.038409945
10060,test,0,0.75017244
7016,test,0,0.038409945
10353,test,0,0.75017244
9294,test,0,0.75017244
10451,test,0,0.038409945
6032,test,0,0.038364206
5567,test,0,0.038409945
2916,test,0,0.75017244
9845,test,0,0.75017244
5782,test,0,0.040795173
10,test,0,0.038409945
7881,test,0,0.038409945
1390,test,0,0.038409945
1579,test,0,0.038409945
9231,test,0,0.038409945
3143,test,0,0.038409945
6702,test,0,0.75017244
7000,test,0,0.038409945
5551,test,0,0.038409945
1386,test,0,0.75017244
4630,test,0,0.75017244
9877,test,0,0.75017244
3525,test,0,0.75017244
3606,test,0,0.038364206
7405,test,0,0.038409945
6847,test,0,0.75017244
5338,test,0,0.75017244
8345,test,0,0.75017244
9852,test,0,0.038409945
10325,test,0,0.038409945
1578,test,0,0.038409945
10649,test,0,0.038409945
1613,test,0,0.75017244
6983,test,0,0.038409945
9210,test,0,0.038409945
3550,test,0,0.038409945
4255,test,0,0.038409945
4385,test,0,0.75017244
2028,test,0,0.038409945
3469,test,0,0.75017244
7210,test,0,0.038409945
10699,test,0,0.038409945
3008,test,0,0.75017244
3220,test,0,0.038409945
1618,test,0,0.05046348
4313,test,0,0.10781388
8321,test,0,0.75017244
6843,test,0,0.038409945
4139,test,0,0.038409945
2164,test,0,0.038409945
7009,test,0,0.038409945
5989,test,0,0.038409945
8688,test,0,0.038409945
2968,test,0,0.75017244
7203,test,0,0.038409945
110,test,0,0.038409945
3119,test,0,0.038409945
10675,test,0,0.75017244
9301,test,0,0.75017244
3203,test,0,0.038409945
9245,test,0,0.03838789
106,test,0,0.75017244
9052,test,0,0.038409945
9718,test,0,0.038409945
8710,test,0,0.038364206
4306,test,0,0.75017244
8063,test,0,0.038409945
3115,test,0,0.038409945
7625,test,0,0.75017244
6845,test,0,0.057959106
225,test,0,0.038409945
8925,test,0,0.75017244
8768,test,0,0.038409945
7011,test,0,0.038409945
983,test,0,0.038409945
7363,test,0,0.038364206
10655,test,0,0.038409945
8987,test,0,0.038409945
9536,test,0,0.75017244
9681,test,0,0.75017244
8581,test,0,0.038409945
9898,test,0,0.038409945
2380,test,0,0.038409945
10647,test,0,0.038409945
3478,test,0,0.038409945
1703,test,0,0.038409945
1718,test,0,0.038409945
8932,test,0,0.038409945
5265,test,0,0.75017244
10454,test,0,0.038409945
4167,test,0,0.038409945
7703,test,0,0.75017244
1489,test,0,0.052689523
4135,test,0,0.038364206
6981,test,0,0.038409945
2741,test,0,0.038409945
7215,test,0,0.038409945
8571,test,0,0.038409945
9069,test,0,0.75017244
280,test,0,0.038409945
4181,test,0,0.75017244
265,test,0,0.038409945
9673,test,0,0.75017244
10065,test,0,0.75017244
9722,test,0,0.038409945
8872,test,0,0.038409945
2752,test,0,0.038409945
10482,test,0,0.038409945
831,test,0,0.75017244
4326,test,0,0.038409945
2037,test,0,0.038409945
7637,test,0,0.75017244
9946,test,0,0.038409945
984,test,0,0.038409945
3140,test,0,0.038409945
8339,test,0,0.75017244
9887,test,0,0.75017244
3150,test,0,0.038409945
99,test,0,0.75017244
7889,test,0,0.040795173
8684,test,0,0.038409945
9208,test,0,0.038409945
4636,test,0,0.038409945
7373,test,0,0.75017244
5978,test,0,0.038409945
5332,test,0,0.038409945
3479,test,0,0.038409945
5573,test,0,0.75017244
5572,test,0,0.038409945
2347,test,0,0.038409945
10715,test,0,0.038409945
3470,test,0,0.038409945
8335,test,0,0.038409945
3539,test,0,0.038409945
4035,test,0,0.038409945
276,test,0,0.038409945
2149,test,0,0.038409945
10522,test,0,0.038409945
698,test,0,0.038409945
2917,test,0,0.038409945
2403,test,0,0.038409945
4336,test,0,0.75017244
245,test,0,0.038409945
10692,test,0,0.75017244
3526,test,0,0.038409945
2357,test,0,0.040795173
2366,test,0,0.038409945
3543,test,0,0.038409945
4432,test,0,0.75017244
9058,test,0,0.040795173
9811,test,0,0.040795173
4396,test,0,0.038409945
5769,test,0,0.75017244
1655,test,0,0.75017244
3117,test,0,0.038409945
5788,test,0,0.038409945
4059,test,0,0.038409945
7400,test,0,0.038409945
6724,test,0,0.038409945
9305,test,0,0.038409945
6735,test,0,0.038409945
5709,test,0,0.75017244
8383,test,0,0.75017244
243,test,0,0.75017244
2006,test,0,0.75017244
3180,test,0,0.03838789
7757,test,0,0.038364206
5178,test,0,0.75017244
817,test,0,0.75017244
2132,test,0,0.038409945
3519,test,0,0.038409945
2053,test,0,0.75017244
9535,test,0,0.038409945
10173,test,0,0.75017244
8047,test,0,0.038409945
1526,test,0,0.038409945
8993,test,0,0.038364206
262,test,0,0.75017244
1231,test,0,0.03838789
9826,test,0,0.038364206
978,test,0,0.038409945
7362,test,0,0.75017244
5278,test,0,0.038409945
2742,test,0,0.040795173
603,test,0,0.03838789
988,test,0,0.75017244
7257,test,0,0.038409945
7890,test,0,0.75017244
7415,test,0,0.038409945
4647,test,0,0.75017244
255,test,0,0.08636963
7199,test,0,0.75017244
8380,test,0,0.038409945
4036,test,0,0.038409945
9166,test,0,0.038364206
2407,test,0,0.038409945
10709,test,0,0.038409945
1693,test,0,0.038409945
7276,test,0,0.046012037
9810,test,0,0.116575554
175,test,0,0.75017244
9945,test,0,0.75017244
9212,test,0,0.75017244
3546,test,0,0.038409945
5322,test,0,0.038409945
10637,test,0,0.038409945
1585,test,0,0.038409945
8586,test,0,0.038409945
8231,test,0,0.75017244
4390,test,0,0.038409945
10358,test,0,0.75017244
7219,test,0,0.75017244
5712,test,0,0.75017244
9542,test,0,0.040795173
3225,test,0,0.10781388
5540,test,0,0.038409945
1410,test,0,0.75017244
4378,test,0,0.038409945
4191,test,0,0.75017244
8690,test,0,0.038409945
9607,test,0,0.038409945
8331,test,0,0.75017244
8447,test,0,0.038409945
129,test,0,0.18626489
7254,test,0,0.03838789
7258,test,0,0.038409945
10645,test,0,0.038409945
9932,test,0,0.75017244
111,test,0,0.038409945
5340,test,0,0.038409945
8767,test,0,0.75017244
4492,test,0,0.75017244
6037,test,0,0.75017244
9726,test,0,0.040795173
5562,test,0,0.038409945
1719,test,0,0.75017244
6,test,0,0.75017244
6312,test,0,0.038409945
5192,test,0,0.038409945
3287,test,0,0.75017244
2743,test,0,0.038409945
2405,test,0,0.038409945
10704,test,0,0.038409945
2974,test,0,0.038409945
8527,test,0,0.75017244
1822,test,0,0.038364206
9050,test,0,0.038409945
604,test,0,0.75017244
6076,test,0,0.75017244
10713,test,0,0.038409945
3193,test,0,0.75017244
5971,test,0,0.75017244
8924,test,0,0.038409945
6600,test,0,0.038409945
1364,test,0,0.75017244
103,test,0,0.75017244
6842,test,0,0.75017244
4268,test,0,0.038409945
7918,test,0,0.75017244
1361,test,0,0.038409945
7380,test,0,0.03838789
2029,test,0,0.038409945
3771,test,0,0.038409945
1379,test,0,0.038364206
3673,test,0,0.038409945
3135,test,0,0.038409945
3666,test,0,0.040795173
2040,test,0,0.038409945
5565,test,0,0.038409945
5698,test,0,0.75017244
8531,test,0,0.038364206
96,test,0,0.038409945
7015,test,0,0.75017244
9853,test,0,0.038409945
9297,test,0,0.75017244
6027,test,0,0.038409945
8562,test,0,0.038409945
8935,test,0,0.75017244
9283,test,0,0.038409945
8884,test,0,0.03838789
4193,test,0,0.038409945
4321,test,0,0.038409945
8754,test,0,0.038409945
3475,test,0,0.038409945
1531,test,0,0.05459664
287,test,0,0.038409945
5979,test,0,0.038409945
6855,test,0,0.038409945
9714,test,0,0.038409945
9220,test,0,0.038409945
2146,test,0,0.038409945
1612,test,0,0.038409945
4264,test,0,0.038409945
15,test,0,0.038409945
2732,test,0,0.75017244
4626,test,0,0.038409945
9604,test,0,0.038409945
7003,test,0,0.75017244
6707,test,0,0.75017244
4,test,0,0.038409945
257,test,0,0.75017244
6314,test,0,0.038409945
4253,test,0,0.75017244
9529,test,0,0.038409945
8578,test,0,0.038409945
182,test,0,0.038409945
4338,test,0,0.038409945
6081,test,0,0.038409945
9062,test,0,0.057959106
7421,test,0,0.75017244
3462,test,0,0.75017244
5202,test,0,0.038409945
194,test,0,0.75017244
11019,test,0,0.75017244
816,test,0,0.038409945
8762,test,0,0.038409945
6851,test,0,0.038409945
1193,test,0,0.75017244
8701,test,0,0.75017244
5272,test,0,0.038409945
2166,test,0,0.038409945
3015,test,0,0.75017244
1653,test,0,0.75017244
9905,test,0,0.038409945
7175,test,0,0.038409945
5548,test,0,0.038409945
7164,test,0,0.038409945
9284,test,0,0.75017244
9836,test,0,0.75017244
11022,test,0,0.038409945
3184,test,0,0.75017244
972,test,0,0.038409945
5264,test,0,0.038409945
8759,test,0,0.038409945
10994,test,0,0.038409945
9239,test,0,0.75017244
8689,test,0,0.038409945
2133,test,0,0.038409945
5564,test,0,0.038409945
9690,test,0,0.038409945
3222,test,0,0.038409945
10486,test,0,0.75017244
8354,test,0,0.038409945
4490,test,0,0.75017244
6966,test,0,0.75017244
3663,test,0,0.038409945
6993,test,0,0.75017244
7395,test,0,0.038364206
4607,test,0,0.75017244
3677,test,0,0.75017244
7008,test,0,0.038409945
278,test,0,0.038409945
4031,test,0,0.038409945
10456,test,0,0.038409945
6244,test,0,0.75017244
7256,test,0,0.75017244
7261,test,0,0.038409945
285,test,0,0.038409945
7162,test,0,0.040795173
4144,test,0,0.040795173
7696,test,0,0.038409945
7698,test,0,0.038409945
10444,test,0,0.038409945
5959,test,0,0.038409945
9096,test,0,0.038409945
4033,test,0,0.75017244
5568,test,0,0.038409945
1583,test,0,0.038409945
5273,test,0,0.75017244
109,test,0,0.038409945
8344,test,0,0.038409945
10712,test,0,0.038409945
993,test,0,0.75017244
979,test,0,0.038409945
2911,test,0,0.03838789
5556,test,0,0.038409945
10490,test,0,0.038409945
292,test,0,0.75017244
234,test,0,0.75017244
1619,test,0,0.038409945
5189,test,0,0.75017244
8749,test,0,0.75017244
9303,test,0,0.038409945
9668,test,0,0.040795173
8888,test,0,0.038409945
1696,test,0,0.038409945
2906,test,0,0.038409945
1589,test,0,0.038409945
1373,test,0,0.038409945
10555,test,0,0.038364206
3139,test,0,0.038409945
3452,test,0,0.038409945
7213,test,0,0.038409945
1378,test,0,0.038409945
10531,test,0,0.75017244
2412,test,0,0.038409945
8053,test,0,0.05459664
2349,test,0,0.038409945
1868,test,0,0.75017244
3463,test,0,0.038409945
8302,test,0,0.038409945
6077,test,0,0.038409945
107,test,0,0.038409945
10413,test,0,0.75017244
8926,test,0,0.038409945
3548,test,0,0.038409945
9851,test,0,0.05459664
2382,test,0,0.038409945
9888,test,0,0.038409945
3523,test,0,0.038409945
5197,test,0,0.05459664
2401,test,0,0.038409945
2173,test,0,0.038409945
9724,test,0,0.75017244
9857,test,0,0.75017244
4651,test,0,0.038409945
8563,test,0,0.03838789
4134,test,0,0.038409945
1818,test,0,0.038409945
2373,test,0,0.038409945
10702,test,0,0.038409945
1365,test,0,0.038409945
4133,test,0,0.038409945
7995,test,0,0.75017244
7914,test,0,0.75017244
6311,test,0,0.038409945
1867,test,0,0.038409945
8353,test,0,0.038409945
1355,test,0,0.75017244
6039,test,0,0.75017244
6303,test,0,0.038409945
201,test,0,0.038409945
4265,test,0,0.038409945
6696,test,0,0.038409945
6850,test,0,0.038409945
6046,test,0,0.75017244
4628,test,0,0.038409945
10188,test,0,0.038409945
7280,test,0,0.038409945
10329,test,0,0.038364206
3131,test,0,0.038409945
4136,test,0,0.038409945
8564,test,0,0.038409945
7913,test,0,0.75017244
7858,test,0,0.038409945
9823,test,0,0.060466964
4192,test,0,0.038409945
274,test,0,0.038409945
11,test,0,0.038409945
10672,test,0,0.038409945
7927,test,0,0.038409945
10547,test,0,0.75017244
269,test,0,0.038409945
7895,test,0,0.038409945
126,test,0,0.038409945
4058,test,0,0.038409945
2101,test,0,0.038409945
5799,test,0,0.75017244
1856,test,0,0.038409945
8766,test,0,0.75017244
1513,test,0,0.038364206
7626,test,0,0.75017244
10678,test,0,0.040795173
5262,test,0,0.75017244
16,test,0,0.038409945
3153,test,0,0.038409945
277,test,0,0.75017244
8003,test,0,0.038409945
5554,test,0,0.038409945
2443,test,0,0.038409945
4637,test,0,0.038364206
9541,test,0,0.038409945
4642,test,0,0.75017244
258,test,0,0.03838789
9163,test,0,0.03838789
4638,test,0,0.038409945
8008,test,0,0.037836403
10184,test,0,0.037836403
6072,test,0,0.75017244
4057,test,0,0.038409945
4165,test,0,0.038409945
2147,test,0,0.038409945
2746,test,0,0.038409945
9880,test,0,0.038364206
6734,test,0,0.038409945
260,test,0,0.75017244
8758,test,0,0.038409945
5196,test,0,0.038409945
6848,test,0,0.05459664
8112,test,0,0.75017244
1740,test,1,0.5076633
68,test,0,0.75017244
318,test,0,0.75017244
7670,test,0,0.75017244
326,test,0,0.038364206
57,test,0,0.05459664
7662,test,0,0.75017244
4154,test,0,0.75017244
8131,test,0,0.03838789
4664,test,1,0.75017244
5834,test,0,0.05459664
5843,test,0,0.75017244
6779,test,0,0.75017244
1981,test,0,0.75017244
412,test,0,0.75017244
6289,test,0,0.03838789
7951,test,1,0.75017244
2798,test,0,0.75017244
2822,test,0,0.75017244
405,test,0,0.05459664
10508,test,0,0.75017244
679,test,0,0.75017244
10509,test,0,0.75017244
511,test,0,0.75017244
7700,test,1,0.75017244
7867,test,0,0.75017244
4646,test,0,0.75017244
7879,test,0,0.03838789
4176,test,1,0.75017244
3196,test,0,0.05459664
3291,test,0,0.038409945
3832,test,1,0.75017244
4968,test,0,0.03838789
8136,test,0,0.059032507
168,test,0,0.059032507
3275,test,0,0.75017244
4859,test,1,0.75017244
3433,test,0,0.75017244
5260,test,1,0.75017244
4955,test,1,0.75017244
7903,test,0,0.05459664
4951,test,1,0.75017244
7297,test,1,0.75017244
7512,test,0,0.75017244
5007,test,0,0.75017244
4991,test,0,0.05459664
4288,test,1,0.75017244
3424,test,0,0.75017244
7466,test,0,0.75017244
5454,test,0,0.05459664
3692,test,0,0.75017244
2568,test,0,0.75017244
11051,test,1,0.75017244
10003,test,0,0.05459664
887,test,0,0.75017244
716,test,1,0.75017244
341,test,0,0.75017244
8158,test,0,0.75017244
10030,test,0,0.05459664
345,test,0,0.75017244
8436,test,0,0.05459664
6652,test,0,0.75017244
10032,test,0,0.038409945
4372,test,0,0.75017244
1464,test,0,0.05459664
7847,test,0,0.03838789
6802,test,0,0.05459664
5758,test,0,0.75017244
1460,test,0,0.03838789
9721,test,1,0.75017244
9070,test,1,0.75017244
10865,test,0,0.75017244
6394,test,0,0.75017244
10688,test,0,0.75017244
9399,test,0,0.75017244
9611,test,0,0.75017244
5692,test,0,0.75017244
1368,test,0,0.75017244
9306,test,0,0.75017244
9631,test,0,0.75017244
9618,test,0,0.75017244
6395,test,0,0.05459664
8720,test,0,0.75017244
2748,test,0,0.75017244
1414,test,0,0.75017244
7391,test,0,0.75017244
3089,test,1,0.75017244
8820,test,1,0.75017244
8868,test,0,0.75017244
8500,test,0,0.040795173
1555,test,0,0.040795173
7106,test,0,0.75017244
1591,test,1,0.75017244
8771,test,1,0.75017244
2398,test,1,0.75017244
4571,test,0,0.75017244
9816,test,0,0.75017244
1343,test,0,0.75017244
4379,test,1,0.75017244
8516,test,0,0.75017244
3129,test,0,0.75017244
3213,test,0,0.75017244
6830,test,1,0.75017244
217,test,1,0.75017244
7674,test,0,0.75017244
9015,test,0,0.05459664
449,test,0,0.05046348
599,test,0,0.75017244
4954,test,1,0.75017244
7684,test,0,0.038409945
8616,test,0,0.75017244
2874,test,0,0.05046348
2278,test,0,0.75017244
2873,test,0,0.75017244
7163,test,0,0.75017244
18,test,1,0.75017244
10443,test,1,0.75017244
9652,test,0,0.75017244
9949,test,0,0.05459664
9660,test,0,0.75017244
9610,test,1,0.75017244
