account_id,split,target,score
5662,train,0,0.5615425
5660,train,0,0.7994363
1229,train,0,0.86348104
3386,train,0,0.59848493
8085,train,0,0.78938854
1247,train,0,0.7087424
10990,train,0,0.43029606
2422,train,1,0.86461395
7364,train,0,0.70730394
10067,train,0,0.8240253
5661,train,0,0.85724896
1233,train,0,0.4876524
8089,train,0,0.6898881
8087,train,0,0.37232
10066,train,0,0.44839114
5659,train,0,0.71066856
10988,train,0,0.8418379
1242,train,0,0.8012949
5657,train,0,0.72220206
7372,train,0,0.7243973
5649,train,0,0.65562665
1239,train,0,0.4327918
3384,train,0,0.75384295
6968,train,0,0.50819004
3784,train,0,0.2648666
6963,train,0,0.79222417
1241,train,0,0.53176975
10068,train,0,0.72266144
3768,train,0,0.19895367
3780,train,0,0.78371495
3782,train,0,0.67022115
10989,train,0,0.72594464
5666,train,0,0.08607907
10059,train,0,0.010757746
5328,train,0,0.014321763
3382,train,0,0.6177855
10411,train,0,0.6762124
3773,train,0,0.6309923
10426,train,0,0.01654239
1230,train,0,0.7178041
8091,train,0,0.36940458
3388,train,0,0.49350697
8445,train,0,0.21651545
10055,train,0,0.69035995
7018,train,0,0.020837504
10978,train,0,0.025947347
3772,train,0,0.8336616
3378,train,0,0.5918444
8927,train,0,0.00949684
3778,train,0,0.00949684
3393,train,0,0.88796544
8753,train,1,0.8902994
2413,train,1,0.83082545
10064,train,0,0.01615304
10063,train,0,0.11943992
11038,train,0,0.798714
9874,train,0,0.24090956
9870,train,0,0.7811265
3472,train,1,0.8172251
2971,train,0,0.26961797
93,train,0,0.5882442
7860,train,0,0.15820035
2969,train,0,0.2615175
89,train,0,0.60993373
9871,train,0,0.27146605
10549,train,0,0.8126307
7853,train,0,0.15915507
4625,train,1,0.889379
10548,train,0,0.72443324
1521,train,0,0.3862823
6585,train,0,0.47526497
92,train,0,0.6048742
10553,train,0,0.010929717
1524,train,0,0.5645521
9873,train,0,0.38095883
7851,train,0,0.64469326
6588,train,0,0.4143162
6242,train,0,0.014732808
91,train,0,0.017162032
9861,train,0,0.24472362
10543,train,0,0.421744
7859,train,0,0.44231555
6581,train,0,0.39937946
9875,train,0,0.25496745
6236,train,0,0.010929717
198,train,0,0.012079524
98,train,0,0.3377963
97,train,0,0.7286077
6571,train,0,0.5074068
113,train,1,0.830201
6570,train,0,0.45073512
10546,train,0,0.39249995
87,train,0,0.7833089
4629,train,1,0.85242754
11040,train,0,0.44094217
1516,train,0,0.7693092
11032,train,0,0.8610368
11036,train,0,0.11594988
7857,train,0,0.758054
4179,train,0,0.18527621
11039,train,0,0.47525325
6575,train,0,0.5249816
6243,train,0,0.12276521
1520,train,0,0.67223877
6229,train,0,0.8381268
185,train,0,0.018697295
189,train,0,0.75361764
6574,train,0,0.16887197
3158,train,0,0.15426716
8027,train,0,0.018604469
3971,train,0,0.32244247
6780,train,0,0.018573387
2497,train,0,0.011106055
3734,train,0,0.22736226
3613,train,0,0.020052262
6660,train,0,0.011106055
76,train,0,0.01959259
1967,train,0,0.017689597
8157,train,0,0.010342102
2062,train,0,0.011460464
9010,train,0,0.019307205
3324,train,0,0.013388805
7597,train,0,0.016565818
2341,train,0,0.016364826
8022,train,0,0.52457595
4371,train,0,0.010929717
9023,train,0,0.7422397
8193,train,0,0.055763017
3620,train,0,0.015593518
8597,train,0,0.17491177
11086,train,0,0.01937969
5404,train,0,0.514693
153,train,0,0.18916743
7510,train,0,0.011460464
469,train,0,0.47899473
5725,train,0,0.012762396
5714,train,1,0.7681969
2994,train,0,0.010015041
4901,train,0,0.5134515
9470,train,0,0.8410238
464,train,0,0.009526332
2811,train,0,0.040396776
9790,train,0,0.012747144
8197,train,0,0.5769661
5123,train,0,0.51842195
5400,train,0,0.35129443
8222,train,0,0.011436805
1943,train,0,0.7749346
5054,train,0,0.0535872
208,train,0,0.009526332
9915,train,0,0.65191287
4505,train,0,0.57805717
218,train,0,0.020829517
10126,train,0,0.012683012
6803,train,0,0.8502941
951,train,0,0.011877345
4229,train,0,0.5180247
10625,train,0,0.012747144
8780,train,0,0.25489375
6298,train,0,0.020192988
7802,train,0,0.009526332
8416,train,0,0.7451454
5394,train,0,0.008453257
5894,train,0,0.012747144
4994,train,0,0.019115971
1936,train,0,0.009556587
11069,train,0,0.7274267
5581,train,0,0.01037492
7804,train,0,0.705967
9991,train,0,0.010342102
3353,train,0,0.29001826
4203,train,0,0.8119115
5715,train,0,0.6628783
9475,train,0,0.7521083
5901,train,0,0.82144016
6247,train,0,0.011647608
6865,train,0,0.6700722
5851,train,0,0.6563614
6940,train,0,0.8269936
10383,train,0,0.74866205
5899,train,0,0.52023274
6287,train,0,0.34088093
4927,train,0,0.7322806
361,train,0,0.40722832
8023,train,0,0.01181958
3405,train,0,0.88194364
4292,train,0,0.013388805
1790,train,0,0.013388805
6863,train,0,0.5784283
7551,train,0,0.009526332
11087,train,0,0.8111652
1510,train,0,0.5695312
4843,train,0,0.7254589
1938,train,0,0.020006396
3400,train,0,0.013542369
4727,train,0,0.014079325
10373,train,0,0.013388805
3854,train,0,0.039846674
6417,train,0,0.010230648
5860,train,0,0.012912211
10083,train,0,0.019229425
5159,train,0,0.7566906
2695,train,0,0.5663563
6616,train,0,0.7598669
3317,train,0,0.013388805
869,train,0,0.02158082
1033,train,0,0.4844848
4935,train,0,0.9039047
1021,train,0,0.016412297
6796,train,0,0.017429162
9198,train,0,0.012747144
3162,train,0,0.012747144
8151,train,0,0.020860096
6816,train,0,0.017235233
5643,train,0,0.019059902
9964,train,0,0.6586967
4670,train,0,0.016412297
6621,train,0,0.016412297
6149,train,0,0.009526332
8414,train,0,0.24077038
2815,train,0,0.014978375
5913,train,0,0.013388805
7648,train,0,0.023881504
8215,train,0,0.020765873
1202,train,0,0.65903753
6055,train,0,0.88774306
6441,train,0,0.014717167
3167,train,0,0.017235233
2855,train,0,0.69364107
5045,train,0,0.8151926
3252,train,0,0.4947138
3957,train,0,0.7497472
8553,train,0,0.016412297
10079,train,0,0.012747144
5361,train,0,0.33217844
8038,train,0,0.016412297
5880,train,0,0.017235233
7497,train,0,0.79860795
4858,train,0,0.44274285
6867,train,0,0.8393802
5916,train,0,0.69995105
1005,train,0,0.82810384
3822,train,0,0.26585203
9423,train,0,0.019229425
10615,train,0,0.5816917
3826,train,0,0.7376425
7613,train,0,0.014717167
6607,train,0,0.012747144
1217,train,0,0.009749027
6293,train,0,0.6756389
3354,train,0,0.0495727
5757,train,0,0.020097926
6143,train,0,0.146191
11082,train,0,0.012747144
4996,train,0,0.5591524
1903,train,0,0.707916
6810,train,0,0.012747144
7509,train,0,0.19395865
10955,train,0,0.014717167
8841,train,0,0.013388805
4459,train,0,0.049804524
3626,train,0,0.020052262
6768,train,0,0.6755022
539,train,0,0.013388805
79,train,0,0.024215778
3718,train,0,0.3297309
4960,train,0,0.010754657
4284,train,0,0.013388805
2539,train,0,0.71911955
1978,train,0,0.82324386
1292,train,0,0.101438746
9183,train,0,0.7457659
3850,train,0,0.7225524
5934,train,0,0.013388805
5124,train,0,0.7661174
3419,train,0,0.6571851
2804,train,0,0.78794056
4947,train,0,0.03942473
39,train,0,0.01624617
549,train,0,0.6909899
7493,train,0,0.01000304
8429,train,0,0.01000304
6764,train,0,0.65835136
3740,train,0,0.019006098
503,train,0,0.01000304
5883,train,0,0.010586834
8186,train,0,0.62493813
2242,train,0,0.013388805
2864,train,0,0.71563596
1500,train,0,0.7825854
5048,train,0,0.40640125
10269,train,0,0.01181958
8205,train,0,0.45627934
4854,train,0,0.017235233
344,train,0,0.01037492
364,train,0,0.022101253
10628,train,0,0.009046924
1902,train,0,0.34331253
4208,train,0,0.017211793
1014,train,0,0.009526332
4366,train,0,0.17249969
6783,train,0,0.019115971
2306,train,0,0.40834418
4067,train,0,0.013388805
10871,train,0,0.013388805
2071,train,0,0.683086
7308,train,0,0.014717167
6626,train,0,0.01000304
8221,train,0,0.017689597
6147,train,0,0.009526332
9986,train,0,0.7822735
10252,train,0,0.019307205
9980,train,0,0.009556587
9000,train,0,0.8538818
9473,train,0,0.81831884
6752,train,0,0.022905208
5290,train,0,0.009537767
8171,train,0,0.021972183
4938,train,0,0.78210294
9477,train,0,0.72753507
10968,train,0,0.019229425
671,train,0,0.011106055
4961,train,0,0.32831347
1276,train,0,0.2606962
10271,train,0,0.010881979
1940,train,0,0.017306102
1893,train,0,0.01573394
5367,train,0,0.022188056
4358,train,0,0.18892199
7909,train,0,0.70544136
542,train,0,0.013388805
1805,train,0,0.010865116
3701,train,0,0.011446751
6277,train,0,0.011877345
4721,train,0,0.012506778
548,train,0,0.022383425
6797,train,0,0.01867977
2821,train,0,0.019307205
3240,train,0,0.011877345
5001,train,0,0.020192988
5871,train,0,0.019626591
2587,train,0,0.78509295
5722,train,0,0.74541146
10391,train,0,0.17104755
9410,train,0,0.015292468
10563,train,0,0.33196154
7907,train,0,0.020052262
2516,train,0,0.2712804
675,train,0,0.018507013
5230,train,0,0.020617392
475,train,0,0.013388805
8180,train,0,0.010342102
10280,train,0,0.01037492
7063,train,0,0.5327762
3157,train,0,0.03963503
3722,train,0,0.014717167
415,train,0,0.017579164
3745,train,0,0.013388805
2540,train,0,0.65796244
7783,train,0,0.050914615
3966,train,0,0.010202253
2592,train,0,0.21350108
7797,train,0,0.56732637
5289,train,0,0.020854237
8777,train,0,0.011446751
2310,train,0,0.6372698
2546,train,0,0.010754657
5300,train,0,0.77931845
3241,train,0,0.22843419
9417,train,0,0.79255915
9125,train,0,0.5190482
4219,train,0,0.012160096
4928,train,0,0.38243595
8145,train,0,0.009537767
1896,train,0,0.44292912
7499,train,0,0.49271378
5461,train,0,0.44171166
1279,train,0,0.6102207
1494,train,0,0.5905614
1472,train,0,0.8590225
1328,train,0,0.21338049
167,train,0,0.65485173
4222,train,0,0.68695104
10977,train,0,0.010278339
1064,train,0,0.009046924
5582,train,0,0.019028692
4949,train,0,0.020854237
8152,train,0,0.009146085
4463,train,0,0.030113751
1505,train,0,0.011834163
9500,train,0,0.011834163
1792,train,0,0.009556587
2542,train,0,0.012113766
7776,train,0,0.6112578
660,train,0,0.01876939
10123,train,0,0.011566956
2340,train,0,0.014650227
172,train,0,0.047730498
4907,train,0,0.18824874
8546,train,0,0.039444
584,train,0,0.38087764
6773,train,0,0.010901993
5862,train,0,0.011834163
10659,train,0,0.011834163
7841,train,0,0.011834163
7726,train,0,0.8282543
10973,train,0,0.019229425
9002,train,0,0.0093956785
1165,train,0,0.014978375
1066,train,0,0.013388805
6873,train,0,0.015727356
2698,train,0,0.018626595
9180,train,0,0.009914437
3311,train,0,0.3744467
2632,train,0,0.011446751
9424,train,0,0.81011
10251,train,0,0.8580067
6056,train,0,0.013388805
3699,train,0,0.84188855
3814,train,0,0.8263296
7961,train,0,0.034657296
2240,train,0,0.10010396
4062,train,0,0.009365628
3964,train,0,0.6796944
2990,train,0,0.5318576
9427,train,0,0.6428297
4952,train,0,0.20889774
4506,train,0,0.0114885345
595,train,0,0.8032397
10078,train,0,0.6830338
8776,train,0,0.010342102
5905,train,0,0.2624825
8170,train,0,0.010051301
4455,train,0,0.011834163
967,train,0,0.0787532
5859,train,0,0.21598169
6649,train,0,0.3781368
11067,train,0,0.15617359
3621,train,0,0.017969357
8172,train,0,0.63641983
10258,train,0,0.054584336
5578,train,0,0.78272307
5142,train,0,0.7182773
3809,train,0,0.0159446
10904,train,0,0.8101717
4205,train,0,0.020829517
1942,train,0,0.009526332
1280,train,0,0.013388805
1892,train,0,0.34894887
10099,train,0,0.18997808
1901,train,0,0.04931135
4966,train,0,0.018537285
3623,train,0,0.011460464
3502,train,0,0.8220419
2303,train,0,0.021103116
5379,train,0,0.84455395
8021,train,0,0.012034086
10033,train,0,0.803388
8848,train,0,0.65336496
5012,train,0,0.02181014
2817,train,0,0.011834163
4364,train,0,0.3260808
7652,train,0,0.7154839
8138,train,0,0.009526332
776,train,0,0.010342102
6427,train,0,0.1821627
6829,train,0,0.023806356
3309,train,0,0.010051301
4732,train,0,0.80661607
4754,train,0,0.009526332
1310,train,0,0.013388805
450,train,0,0.019954827
8137,train,0,0.75642806
8167,train,0,0.011877345
10568,train,0,0.041573167
10254,train,0,0.011834163
2518,train,0,0.18291542
5836,train,0,0.08032874
4357,train,0,0.4566729
3314,train,0,0.09259423
5157,train,0,0.034944423
8555,train,0,0.37267447
8188,train,0,0.7236449
567,train,0,0.013388805
6640,train,0,0.3382248
7605,train,0,0.013388805
3987,train,0,0.015285456
8178,train,0,0.012689772
6131,train,0,0.02056699
6794,train,0,0.06398673
10119,train,0,0.014732808
2988,train,0,0.51878595
5839,train,0,0.5564141
10270,train,0,0.1219093
3704,train,0,0.5940189
8946,train,0,0.30639037
7650,train,0,0.6751001
3411,train,0,0.012113766
2861,train,0,0.01197959
8773,train,0,0.103874765
3816,train,0,0.011834163
674,train,0,0.019115971
6248,train,0,0.011834163
3963,train,0,0.011834163
7942,train,0,0.7079375
1173,train,0,0.011834163
5890,train,0,0.009526332
564,train,0,0.026957871
7947,train,0,0.017680213
448,train,0,0.016222257
7780,train,0,0.5999601
7496,train,0,0.61114883
7059,train,0,0.02053524
2235,train,0,0.019219233
10090,train,0,0.46466437
1798,train,0,0.013388805
5864,train,0,0.6918083
2526,train,0,0.75720054
1971,train,0,0.015262246
7134,train,0,0.659813
9785,train,0,0.46237415
8592,train,0,0.17071007
10111,train,0,0.009537767
5844,train,0,0.1846131
3617,train,0,0.58962137
6902,train,0,0.79417294
3304,train,0,0.014398243
10961,train,0,0.59959453
5579,train,0,0.011460464
3719,train,0,0.009568058
5588,train,0,0.19828165
4272,train,0,0.010684132
3853,train,0,0.009526332
600,train,0,0.0090873595
6943,train,0,0.697185
8840,train,0,0.5736964
6297,train,0,0.09198649
461,train,0,0.69426286
3700,train,0,0.011011104
4715,train,0,0.4685934
3423,train,0,0.8412465
7785,train,0,0.008453257
3581,train,0,0.80261016
10884,train,0,0.7749317
8410,train,0,0.009526332
3716,train,0,0.022473479
4217,train,0,0.6390824
7786,train,0,0.012747144
3172,train,0,0.009556587
2524,train,0,0.011834163
2501,train,0,0.011834163
9787,train,0,0.012747144
2538,train,0,0.83332753
8948,train,0,0.19120215
10969,train,0,0.013388805
1083,train,0,0.013388805
10384,train,0,0.5743618
10663,train,0,0.01037492
6800,train,0,0.014732808
169,train,0,0.1254108
574,train,0,0.010409307
206,train,0,0.2588464
4087,train,0,0.009046924
5614,train,0,0.02112815
6860,train,0,0.47366878
10617,train,0,0.5568123
1897,train,0,0.6613385
7955,train,0,0.7981244
10953,train,0,0.009526332
4224,train,0,0.47875822
3579,train,0,0.6369082
10581,train,0,0.07393565
6790,train,0,0.019115971
10897,train,0,0.39053348
510,train,0,0.5168567
10664,train,0,0.5988227
5111,train,0,0.71578413
7600,train,0,0.7195234
6283,train,0,0.7946465
9984,train,0,0.011834163
8194,train,0,0.21102431
4728,train,0,0.009526332
7557,train,0,0.009526332
1331,train,0,0.009526332
570,train,0,0.66366965
360,train,0,0.22246675
9928,train,0,0.1821627
5849,train,0,0.020829517
5116,train,0,0.018573387
9112,train,0,0.76011294
4905,train,0,0.009365927
468,train,0,0.012747144
6416,train,0,0.017235233
10632,train,0,0.7441535
26,train,0,0.019229425
7793,train,0,0.013388805
6419,train,0,0.019229425
1077,train,0,0.15379089
5298,train,0,0.017235233
6431,train,0,0.35351008
6648,train,0,0.3195967
9917,train,0,0.19272389
864,train,0,0.06305072
772,train,0,0.010832991
1939,train,0,0.11236698
7849,train,0,0.11045813
9634,train,0,0.010929717
4348,train,0,0.010929717
5863,train,0,0.096744515
4069,train,0,0.054517496
445,train,0,0.011460464
9476,train,0,0.0100633595
10027,train,0,0.017491208
8593,train,0,0.7385075
156,train,0,0.28024322
7565,train,0,0.6856069
2521,train,0,0.010051301
8600,train,0,0.010034794
7555,train,0,0.52831215
8147,train,0,0.010650345
4362,train,0,0.012743874
2502,train,0,0.70962274
1008,train,0,0.010733314
3337,train,0,0.00972865
560,train,0,0.013388805
1290,train,0,0.010034794
350,train,0,0.4040201
1463,train,0,0.018614495
10021,train,0,0.5830243
6250,train,0,0.017343113
5857,train,0,0.015235538
9463,train,0,0.01980791
366,train,0,0.010342102
4198,train,0,0.011106055
2506,train,0,0.011106055
7781,train,0,0.009365927
4995,train,0,0.7775673
3406,train,0,0.02115893
3247,train,0,0.010342102
3807,train,0,0.37133935
661,train,0,0.009526332
408,train,0,0.59122235
10132,train,0,0.011834163
3710,train,0,0.336786
6903,train,0,0.017982926
4088,train,0,0.008465956
6295,train,0,0.01037492
359,train,0,0.01037492
4066,train,0,0.016955456
3260,train,0,0.02115893
170,train,0,0.011834163
10577,train,0,0.010342102
43,train,0,0.56666064
3741,train,0,0.6637208
4279,train,0,0.009526332
342,train,0,0.019229425
583,train,0,0.0093956785
4196,train,0,0.010342102
31,train,0,0.7807156
9468,train,0,0.010342102
7602,train,0,0.010508787
3303,train,0,0.012506778
5931,train,0,0.46503964
7617,train,0,0.8451482
5257,train,0,0.91515017
4518,train,0,0.37892267
2623,train,0,0.78873503
1502,train,0,0.06313645
2504,train,0,0.071390584
4375,train,0,0.012079524
9416,train,0,0.013991826
8560,train,0,0.009046924
5847,train,0,0.08043506
10612,train,0,0.19890577
3341,train,0,0.010202253
1975,train,0,0.122040585
4457,train,0,0.6414888
736,train,0,0.09904907
6664,train,0,0.011460464
5718,train,0,0.012762396
2955,train,0,0.010015041
9130,train,0,0.009537767
8169,train,0,0.5337164
7505,train,0,0.53676313
3327,train,0,0.009537767
4278,train,0,0.2811884
1784,train,0,0.023118956
10630,train,0,0.013388805
3302,train,0,0.32044283
9799,train,0,0.013388805
1200,train,0,0.012235938
9444,train,0,0.011345502
3872,train,0,0.29164428
6437,train,0,0.534631
6953,train,0,0.013388805
2808,train,0,0.0555792
453,train,0,0.1566464
9004,train,0,0.6083187
5867,train,0,0.6987237
1063,train,0,0.010650345
3849,train,0,0.012747144
4906,train,0,0.010230648
9009,train,0,0.7719839
10089,train,0,0.70706326
2853,train,0,0.013388805
8081,train,0,0.48892662
8025,train,0,0.009526332
6754,train,0,0.65234697
10097,train,0,0.7931086
497,train,0,0.7858514
7568,train,0,0.009526332
8971,train,0,0.020829517
6836,train,0,0.013388805
10951,train,0,0.011286158
10623,train,0,0.011311429
219,train,0,0.05538677
4897,train,0,0.01037492
4271,train,0,0.42038938
3171,train,0,0.010342102
4740,train,0,0.008782031
3255,train,0,0.6740844
7558,train,0,0.52576816
5729,train,0,0.760543
4930,train,0,0.54877484
155,train,0,0.011106055
1026,train,0,0.68762887
5639,train,0,0.012747144
9804,train,0,0.40389988
452,train,0,0.071516
7933,train,0,0.009556587
9185,train,0,0.38650337
5754,train,0,0.01037492
1642,train,0,0.6817505
4669,train,0,0.38235158
8426,train,0,0.52587193
10375,train,0,0.697515
2780,train,0,0.013388805
7680,train,0,0.8498331
3979,train,0,0.7159042
5371,train,0,0.80566365
2637,train,0,0.23126523
3345,train,0,0.011877345
645,train,0,0.7635913
3342,train,0,0.74074465
8142,train,0,0.64095926
3729,train,0,0.013388805
8035,train,0,0.013388805
7792,train,0,0.7747049
4971,train,0,0.011834163
1285,train,0,0.70344085
7717,train,0,0.047822867
7616,train,0,0.65965074
1312,train,0,0.013388805
10428,train,0,0.010342102
5635,train,0,0.033962272
9191,train,0,0.7999174
578,train,0,0.76578826
7292,train,0,0.0818073
505,train,0,0.69653195
862,train,0,0.30927065
7566,train,0,0.012747144
4656,train,0,0.61091465
2523,train,0,0.8633049
8203,train,0,0.70113885
2785,train,0,0.012747144
1930,train,0,0.010475549
29,train,0,0.014717167
7953,train,0,0.013388805
6827,train,0,0.68238974
3955,train,0,0.22121483
3335,train,0,0.013388805
1793,train,0,0.2923384
1948,train,0,0.10575274
5009,train,0,0.20318763
3984,train,0,0.29862773
3735,train,0,0.013388805
1078,train,0,0.019219426
5299,train,0,0.52016246
8439,train,0,0.01037492
8146,train,0,0.6822571
643,train,0,0.019229425
28,train,0,0.013388805
556,train,0,0.23300928
1924,train,0,0.476273
6627,train,0,0.012747144
6057,train,0,0.015068806
5915,train,0,0.016412297
5251,train,0,0.113137424
648,train,0,0.014717167
2307,train,0,0.2719149
8432,train,0,0.011834163
7649,train,0,0.018689668
775,train,0,0.72942424
73,train,0,0.028406376
10246,train,0,0.010342102
1004,train,0,0.83023435
3413,train,0,0.6181062
1927,train,0,0.80828655
161,train,0,0.009365927
1788,train,0,0.7177966
4460,train,0,0.59707606
5833,train,0,0.010051301
3262,train,0,0.030098362
3500,train,0,0.739077
554,train,0,0.02181014
717,train,0,0.017982926
1204,train,0,0.009526332
4852,train,0,0.009556587
5854,train,0,0.01037492
5627,train,0,0.5903836
721,train,0,0.013388805
5052,train,0,0.020829517
6650,train,0,0.01716615
734,train,0,0.009526332
3270,train,0,0.30102158
10264,train,0,0.7410234
9982,train,0,0.45803246
3981,train,0,0.47483435
9480,train,0,0.77417755
4719,train,0,0.13199908
7791,train,0,0.01876939
8783,train,0,0.21232697
8999,train,0,0.019056901
5003,train,0,0.22318333
3608,train,0,0.010202253
3300,train,0,0.014099541
4969,train,0,0.30749717
9452,train,0,0.009499872
6748,train,0,0.11493108
4462,train,0,0.13309981
3273,train,0,0.0107550975
8149,train,0,0.1936042
467,train,0,0.72843415
6765,train,0,0.011460464
5591,train,0,0.011460464
1922,train,0,0.6915006
3276,train,0,0.19697393
5395,train,0,0.009772255
1969,train,0,0.44187266
6769,train,0,0.01000304
2797,train,0,0.6078088
2525,train,0,0.16944906
1060,train,0,0.009556587
368,train,0,0.6677102
10104,train,0,0.45851418
4083,train,0,0.009526332
6870,train,0,0.010742219
4072,train,0,0.749832
536,train,0,0.009556587
5723,train,0,0.65579265
5046,train,0,0.009526332
6415,train,0,0.009526332
5108,train,0,0.020233234
10441,train,0,0.6851355
5865,train,0,0.6538824
4863,train,0,0.009526332
5050,train,0,0.012315806
5403,train,0,0.009046924
5914,train,0,0.009537767
731,train,0,0.7796671
7500,train,0,0.6203159
5370,train,0,0.016955456
6775,train,0,0.020829517
4942,train,0,0.014056052
10902,train,0,0.0090873595
3864,train,0,0.009556587
9975,train,0,0.017107721
8184,train,0,0.67074454
5118,train,0,0.017343113
3310,train,0,0.01867977
9916,train,0,0.017969357
5590,train,0,0.7784738
9503,train,0,0.094820194
8594,train,0,0.09070345
6880,train,0,0.17284334
5126,train,0,0.108989656
7676,train,0,0.014098168
10034,train,0,0.011755736
7682,train,0,0.12570718
3298,train,0,0.010929717
6435,train,0,0.18226328
964,train,0,0.009499872
1082,train,0,0.12153818
1024,train,0,0.009530044
676,train,0,0.009499872
8784,train,0,0.015727356
75,train,0,0.041072868
10903,train,0,0.010202253
10660,train,0,0.06707529
10392,train,0,0.058406767
9650,train,0,0.19464216
6424,train,0,0.009046924
1506,train,0,0.01615304
3426,train,0,0.010929717
5624,train,0,0.01654239
670,train,0,0.016599078
3410,train,0,0.011460464
9474,train,0,0.4253198
7563,train,0,0.3348458
589,train,0,0.6460593
7135,train,0,0.118303955
3338,train,0,0.0107550975
2612,train,0,0.56394726
3983,train,0,0.009537767
6604,train,0,0.16027819
582,train,0,0.0107550975
2179,train,0,0.36790586
646,train,0,0.009537767
10886,train,0,0.35050076
2334,train,0,0.01000304
5636,train,0,0.009556587
2776,train,0,0.009526332
5842,train,0,0.032398164
6257,train,0,0.6578494
5928,train,0,0.7843055
11084,train,0,0.01000304
6141,train,0,0.009526332
7673,train,0,0.54584277
9012,train,0,0.382429
4082,train,0,0.009526332
4723,train,0,0.76816154
9409,train,0,0.010754657
998,train,0,0.01000304
4063,train,0,0.010733314
5587,train,0,0.5563036
5396,train,0,0.009556587
4917,train,0,0.013388805
10497,train,0,0.5999278
1061,train,0,0.009526332
7678,train,0,0.74273026
2701,train,0,0.016124018
8844,train,0,0.009526332
7950,train,0,0.009526332
572,train,0,0.011446751
4739,train,0,0.009526332
3806,train,0,0.0090873595
9796,train,0,0.55907625
4708,train,0,0.01000304
8549,train,0,0.013388805
2342,train,0,0.013257566
1022,train,0,0.012034086
9701,train,0,0.009526332
3154,train,0,0.44266716
9637,train,0,0.6470016
969,train,0,0.010342102
5026,train,0,0.011011104
5589,train,0,0.5414741
5615,train,0,0.010342102
10578,train,0,0.010342102
10512,train,0,0.8417614
5240,train,0,0.010342102
2786,train,0,0.7610304
416,train,0,0.6559398
6366,train,0,0.72328794
4925,train,0,0.02791897
3336,train,0,0.009526332
407,train,0,0.01037492
4226,train,0,0.012034086
5237,train,0,0.012113766
6755,train,0,0.4509119
4970,train,0,0.019307205
5381,train,0,0.011106055
1795,train,0,0.009526332
2072,train,0,0.8163359
7773,train,0,0.72480094
952,train,0,0.020152492
6399,train,0,0.009365927
5471,train,0,0.6929092
1316,train,0,0.7617181
4200,train,0,0.011834163
10260,train,0,0.010230648
5840,train,0,0.7528813
410,train,0,0.39605594
10127,train,0,0.01037492
8079,train,0,0.009526332
3993,train,0,0.010342102
9426,train,0,0.011106055
9923,train,0,0.049657814
78,train,0,0.011877345
4730,train,0,0.85390854
10094,train,0,0.009526332
3827,train,0,0.887176
9421,train,0,0.011834163
7309,train,0,0.59891146
6815,train,0,0.7675839
10108,train,0,0.009526332
7714,train,0,0.016955456
9022,train,0,0.25113726
3244,train,0,0.6657637
652,train,0,0.009526332
1471,train,0,0.015159477
3990,train,0,0.009526332
10379,train,0,0.009526332
8417,train,0,0.009526332
4929,train,0,0.009526332
7710,train,0,0.013388805
211,train,0,0.015770292
4202,train,0,0.01037492
6777,train,0,0.3007727
5879,train,0,0.5081519
3256,train,0,0.018573387
7507,train,0,0.017005615
569,train,0,0.04182903
1315,train,0,0.010475549
37,train,0,0.019229425
9469,train,0,0.020052262
533,train,0,0.019229425
9006,train,0,0.01037492
10880,train,0,0.02181014
6400,train,0,0.8797894
8218,train,0,0.011106055
7315,train,0,0.83285475
3954,train,0,0.010058506
2315,train,0,0.019229425
10245,train,0,0.65022165
5617,train,0,0.8162063
579,train,0,0.010342102
3978,train,0,0.15079276
4895,train,0,0.011106055
4714,train,0,0.018176395
5250,train,0,0.65870434
2324,train,0,0.71128035
2691,train,0,0.21085694
7838,train,0,0.01654239
3863,train,0,0.017090194
5235,train,0,0.23253794
2069,train,0,0.08818322
8161,train,0,0.014098168
2594,train,0,0.16608007
6791,train,0,0.035806675
7144,train,0,0.0397718
6657,train,0,0.022550402
506,train,0,0.012582941
7550,train,0,0.06836802
8159,train,0,0.35806987
773,train,0,0.010929717
11079,train,0,0.009046924
1465,train,0,0.010202253
654,train,0,0.009716145
5241,train,0,0.027766053
4720,train,0,0.017573442
2794,train,0,0.009046924
72,train,0,0.010862309
5932,train,0,0.030125376
10898,train,0,0.010929717
10962,train,0,0.011285897
5281,train,0,0.23224488
9930,train,0,0.021450408
6942,train,0,0.03262669
3737,train,0,0.009046924
9418,train,0,0.074569136
8310,train,0,0.20512757
655,train,0,0.010599528
6960,train,0,0.009537767
5897,train,0,0.009537767
7293,train,0,0.009537767
6434,train,0,0.5064446
8076,train,0,0.009568058
3870,train,0,0.009537767
6948,train,0,0.009537767
367,train,0,0.40181553
1320,train,0,0.01937969
3825,train,0,0.009537767
6422,train,0,0.38328075
6899,train,0,0.011460464
3835,train,0,0.6134053
8958,train,0,0.009537767
7711,train,0,0.009537767
7778,train,0,0.7619964
10499,train,0,0.6233818
5903,train,0,0.016975654
4270,train,0,0.0079614865
2622,train,0,0.24022464
7501,train,0,0.325618
6058,train,0,0.009526332
2803,train,0,0.5593416
27,train,0,0.66427964
8554,train,0,0.010684132
8141,train,0,0.009526332
4293,train,0,0.009526332
3830,train,0,0.009526332
10122,train,0,0.7760823
509,train,0,0.0159446
6806,train,0,0.80346286
1970,train,0,0.01980791
9972,train,0,0.019006098
4663,train,0,0.013388805
4855,train,0,0.011436805
2610,train,0,0.010742219
9635,train,0,0.010742219
4346,train,0,0.4190299
6772,train,0,0.010742219
9498,train,0,0.011446751
7848,train,0,0.0114885345
7801,train,0,0.66330725
2065,train,0,0.045202594
860,train,0,0.010742219
4223,train,0,0.012072208
5015,train,0,0.01000304
4946,train,0,0.009526332
2859,train,0,0.009526332
3420,train,0,0.011436805
6139,train,0,0.009526332
5247,train,0,0.009556587
8150,train,0,0.008453257
6822,train,0,0.009526332
5575,train,0,0.7709829
1802,train,0,0.009556587
6368,train,0,0.010230648
5594,train,0,0.011106055
1274,train,0,0.009526332
1899,train,0,0.013388805
6647,train,0,0.009712457
7712,train,0,0.31299058
4355,train,0,0.7665296
5021,train,0,0.009556587
6862,train,0,0.016940916
4916,train,0,0.009526332
3848,train,0,0.009556587
10257,train,0,0.009526332
5645,train,0,0.009526332
3618,train,0,0.011834163
5008,train,0,0.01368147
2068,train,0,0.009712457
3254,train,0,0.011877345
353,train,0,0.011877345
6064,train,0,0.011106055
6282,train,0,0.6443758
10574,train,0,0.012747144
3803,train,0,0.011834163
2611,train,0,0.5538928
4847,train,0,0.80963165
6359,train,0,0.010230648
2953,train,0,0.022473479
1630,train,0,0.00864898
499,train,0,0.17475808
7777,train,0,0.018782062
6136,train,0,0.009526332
586,train,0,0.011834163
10900,train,0,0.016123747
5467,train,0,0.013083617
4744,train,0,0.012747144
7511,train,0,0.01037492
9705,train,0,0.009556587
9644,train,0,0.012496836
4074,train,0,0.7932666
6808,train,0,0.018573387
455,train,0,0.38185102
9802,train,0,0.009526332
440,train,0,0.01456552
6751,train,0,0.112237364
2532,train,0,0.0206417
5924,train,0,0.8593845
3828,train,0,0.009526332
8415,train,0,0.009526332
5717,train,0,0.5999248
9707,train,0,0.012747144
2992,train,0,0.83317983
4519,train,0,0.022188056
10899,train,0,0.011647608
2318,train,0,0.016394341
3859,train,0,0.009526332
4508,train,0,0.6908416
5378,train,0,0.010342102
4659,train,0,0.01197959
507,train,0,0.011877345
4726,train,0,0.011877345
10887,train,0,0.67581505
4998,train,0,0.011834163
7975,train,0,0.007924611
2997,train,0,0.010583663
6610,train,0,0.019229425
6365,train,0,0.014024433
868,train,0,0.010342102
6296,train,0,0.014978375
4896,train,0,0.011834163
2243,train,0,0.020075915
2491,train,0,0.011684521
551,train,0,0.42362535
4964,train,0,0.028283456
1072,train,0,0.7091975
6959,train,0,0.65715724
7145,train,0,0.018187946
6767,train,0,0.8088665
10386,train,0,0.010508787
10582,train,0,0.10451474
7146,train,0,0.017820232
9448,train,0,0.01037492
11083,train,0,0.011684521
4211,train,0,0.009526332
5037,train,0,0.014978375
7504,train,0,0.019229425
2631,train,0,0.021783523
2536,train,0,0.01613216
2865,train,0,0.012754954
6063,train,0,0.019229425
81,train,0,0.010901993
9795,train,0,0.47931737
7058,train,0,0.017202972
9926,train,0,0.34201843
1904,train,0,0.022077043
3847,train,0,0.009526332
171,train,0,0.036859628
3583,train,0,0.023702433
1501,train,0,0.01954675
5888,train,0,0.019229425
9467,train,0,0.6487456
5031,train,0,0.019229425
2060,train,0,0.010342102
10963,train,0,0.012315806
6821,train,0,0.5801861
2993,train,0,0.012559028
8544,train,0,0.41238073
11081,train,0,0.20944315
8139,train,0,0.18576749
5231,train,0,0.016815396
332,train,0,0.7354774
4862,train,0,0.009526332
3717,train,0,0.0159446
1919,train,0,0.009365927
10560,train,0,0.009526332
1910,train,0,0.019229425
2686,train,0,0.011311429
6762,train,0,0.011345502
5234,train,0,0.018573387
8973,train,0,0.050462052
6369,train,0,0.011347289
6813,train,0,0.62979686
504,train,0,0.77855444
6426,train,0,0.011311429
8843,train,0,0.010230648
3748,train,0,0.69327104
6944,train,0,0.22172704
447,train,0,0.011834163
6278,train,0,0.011106055
6884,train,0,0.77676094
9447,train,0,0.016819851
10614,train,0,0.009556587
4911,train,0,0.012689772
2238,train,0,0.011834163
1293,train,0,0.009526332
10086,train,0,0.009365927
9035,train,0,0.010230648
4653,train,0,0.009556587
5143,train,0,0.009526332
11078,train,0,0.42521253
3497,train,0,0.01037492
2535,train,0,0.013083617
1287,train,0,0.011106055
963,train,0,0.02012001
6420,train,0,0.016955456
4347,train,0,0.32232195
1003,train,0,0.02181014
10023,train,0,0.011877345
6890,train,0,0.66057074
9792,train,0,0.009526332
3257,train,0,0.7449016
10390,train,0,0.009526332
5053,train,0,0.009556587
10906,train,0,0.020829517
5861,train,0,0.01037492
9041,train,0,0.01037492
1223,train,0,0.5668702
4734,train,0,0.009526332
5121,train,0,0.013748766
8774,train,0,0.019229425
24,train,0,0.009556587
435,train,0,0.010342102
1806,train,0,0.009526332
1933,train,0,0.009526332
6895,train,0,0.7459259
1301,train,0,0.009526332
553,train,0,0.009526332
8959,train,0,0.05548162
2494,train,0,0.61494863
9963,train,0,0.014826904
1327,train,0,0.009526332
356,train,0,0.010342102
6409,train,0,0.011647608
3855,train,0,0.01037492
5114,train,0,0.47843152
3733,train,0,0.010666873
355,train,0,0.011106055
1081,train,0,0.52178246
2826,train,0,0.46208724
5882,train,0,0.6503931
9510,train,0,0.022188056
437,train,0,0.010342102
8968,train,0,0.019229425
585,train,0,0.29536375
9182,train,0,0.68064255
3319,train,0,0.010230648
6405,train,0,0.013388805
1804,train,0,0.009556587
4351,train,0,0.54320925
3851,train,0,0.009526332
9699,train,0,0.019229425
8423,train,0,0.009556587
3989,train,0,0.009526332
9993,train,0,0.6316803
4368,train,0,0.31323498
3865,train,0,0.009526332
10382,train,0,0.38360652
6048,train,0,0.009526332
5254,train,0,0.21177575
7720,train,0,0.009526332
7498,train,0,0.020617392
3867,train,0,0.010230648
10569,train,0,0.80094975
8179,train,0,0.019229425
9121,train,0,0.010230648
10434,train,0,0.019239783
7911,train,0,0.49571007
10877,train,0,0.011591788
9793,train,0,0.5162873
10440,train,0,0.013271683
10075,train,0,0.009078965
9969,train,0,0.009526332
9786,train,0,0.009526332
4060,train,0,0.5166517
9120,train,0,0.009526332
7970,train,0,0.009526332
5153,train,0,0.012072208
7304,train,0,0.009526332
4001,train,0,0.009526332
4675,train,0,0.7789884
5000,train,0,0.011834163
2305,train,0,0.009526332
7643,train,0,0.01906077
8591,train,0,0.73163444
9962,train,0,0.009526332
8967,train,0,0.009556587
4745,train,0,0.009526332
9038,train,0,0.65104336
4838,train,0,0.7863454
10092,train,0,0.80348635
6284,train,0,0.7249008
4837,train,0,0.014690266
3837,train,0,0.009526332
6885,train,0,0.6721255
8442,train,0,0.019219233
5010,train,0,0.009526332
7311,train,0,0.77116483
4830,train,0,0.013388805
9920,train,0,0.018573387
2806,train,0,0.009365927
6138,train,0,0.009526332
3965,train,0,0.021668056
7935,train,0,0.009526332
1296,train,0,0.012747144
11065,train,0,0.3619028
3958,train,0,0.022878997
8540,train,0,0.014530478
1932,train,0,0.012747144
2498,train,0,0.011106055
436,train,0,0.036380418
2320,train,0,0.011249248
7142,train,0,0.83368224
9001,train,0,0.021273542
10896,train,0,0.04076798
2595,train,0,0.017429162
557,train,0,0.013572858
2958,train,0,0.68299866
9967,train,0,0.013388805
8020,train,0,0.009556587
3159,train,0,0.5714826
82,train,0,0.017966563
1284,train,0,0.019229425
3838,train,0,0.041573167
2810,train,0,0.8849955
346,train,0,0.013388805
6763,train,0,0.6572995
2696,train,0,0.78469884
10001,train,0,0.82292956
3714,train,0,0.55957663
3331,train,0,0.009556587
8210,train,0,0.011106055
3249,train,0,0.021655114
3308,train,0,0.021028794
7056,train,0,0.017267989
2061,train,0,0.012506778
3347,train,0,0.018573387
5868,train,0,0.84263927
1914,train,0,0.044017527
1639,train,0,0.013388805
210,train,0,0.009526332
4363,train,0,0.8102102
3278,train,0,0.011106055
4280,train,0,0.010058506
5382,train,0,0.014717167
1466,train,0,0.013388805
713,train,0,0.7717304
7295,train,0,0.010475549
4356,train,0,0.6934667
10022,train,0,0.8223038
4948,train,0,0.2119512
456,train,0,0.5027605
10974,train,0,0.6497114
6362,train,0,0.78832906
7798,train,0,0.8059142
215,train,0,0.5407185
4209,train,0,0.21233559
9803,train,0,0.049129132
9977,train,0,0.01876939
4725,train,0,0.19456874
4370,train,0,0.018525476
3494,train,0,0.12888776
3265,train,0,0.020683749
7645,train,0,0.069801055
2520,train,0,0.028530786
534,train,0,0.023522526
457,train,0,0.011285897
2814,train,0,0.010929717
502,train,0,0.36435887
8154,train,0,0.08687497
4749,train,0,0.009317206
543,train,0,0.009046924
8957,train,0,0.009046924
3316,train,0,0.010862309
9505,train,0,0.010202253
7774,train,0,0.009530044
4513,train,0,0.04761074
9800,train,0,0.08402786
774,train,0,0.13219707
7647,train,0,0.11688361
10427,train,0,0.027319042
6142,train,0,0.009046924
2508,train,0,0.08687079
5034,train,0,0.009046924
5287,train,0,0.009046924
7966,train,0,0.22430646
1498,train,0,0.2817734
8160,train,0,0.095671035
6947,train,0,0.14173275
5463,train,0,0.5165683
9996,train,0,0.010767549
9501,train,0,0.02318767
4738,train,0,0.009537767
573,train,0,0.40368557
5125,train,0,0.010046832
3160,train,0,0.020854237
6358,train,0,0.011644321
9918,train,0,0.5986122
9453,train,0,0.23156229
4940,train,0,0.5882743
1324,train,0,0.12337227
3425,train,0,0.03243615
6363,train,0,0.009537767
6134,train,0,0.009568058
9460,train,0,0.010403929
1801,train,0,0.01024292
5855,train,0,0.22574416
6433,train,0,0.009568058
669,train,0,0.5152866
6887,train,0,0.010015041
2692,train,0,0.010015041
4756,train,0,0.3227028
8183,train,0,0.7105963
6901,train,0,0.011460464
10882,train,0,0.62075067
8163,train,0,0.020854237
451,train,0,0.3466113
5032,train,0,0.009537767
1636,train,0,0.45581913
8846,train,0,0.009537767
4923,train,0,0.46113843
6260,train,0,0.47351655
5583,train,0,0.37299696
9178,train,0,0.009537767
2627,train,0,0.0107550975
4910,train,0,0.0107550975
2640,train,0,0.5467078
2519,train,0,0.7962979
8835,train,0,0.009568058
8552,train,0,0.0107550975
10576,train,0,0.5068055
2500,train,0,0.8587641
9465,train,0,0.31513986
8078,train,0,0.009568058
463,train,0,0.010742219
8187,train,0,0.575211
2782,train,0,0.74780715
5646,train,0,0.009526332
6050,train,0,0.018604469
10500,train,0,0.018604469
5887,train,0,0.6646768
9502,train,0,0.01000304
1304,train,0,0.009526332
4860,train,0,0.009526332
5280,train,0,0.009526332
8207,train,0,0.009526332
7779,train,0,0.6138236
6061,train,0,0.009526332
10876,train,0,0.38567433
5620,train,0,0.010391467
1009,train,0,0.009526332
6654,train,0,0.32238054
1071,train,0,0.009526332
2184,train,0,0.49576128
9457,train,0,0.42272502
8775,train,0,0.75022596
9036,train,0,0.009526332
5164,train,0,0.009526332
8077,train,0,0.19645524
1213,train,0,0.009556587
2703,train,0,0.009526332
5402,train,0,0.009526332
3869,train,0,0.6035979
3860,train,0,0.010650345
3431,train,0,0.5731604
9645,train,0,0.013299517
6663,train,0,0.017717335
3839,train,0,0.008458147
8037,train,0,0.009526332
157,train,0,0.015326303
10611,train,0,0.009526332
2312,train,0,0.6115733
2537,train,0,0.011446751
3726,train,0,0.009526332
4064,train,0,0.01000304
8174,train,0,0.013382847
2634,train,0,0.011436805
214,train,0,0.009526332
1016,train,0,0.28909537
2327,train,0,0.011290181
9199,train,0,0.010733314
4081,train,0,0.24863067
3492,train,0,0.21417177
8545,train,0,0.7114605
1069,train,0,0.013388805
10124,train,0,0.010034794
7958,train,0,0.7598198
9458,train,0,0.37762937
6641,train,0,0.014764286
10658,train,0,0.017343113
2818,train,0,0.020829517
5297,train,0,0.009526332
1001,train,0,0.026739351
6823,train,0,0.009526332
4746,train,0,0.009526332
5374,train,0,0.018604469
5755,train,0,0.018614495
3350,train,0,0.018211335
2858,train,0,0.009526332
4194,train,0,0.6352639
209,train,0,0.009526332
8557,train,0,0.009556587
9643,train,0,0.010650345
5629,train,0,0.009526332
3340,train,0,0.19127688
4353,train,0,0.009058577
8220,train,0,0.86660457
597,train,0,0.01000304
1309,train,0,0.009556587
8963,train,0,0.009526332
7554,train,0,0.009526332
8307,train,0,0.641048
10503,train,0,0.018614495
10020,train,0,0.5588022
1208,train,0,0.009556587
3339,train,0,0.6440352
865,train,0,0.8316617
3326,train,0,0.009556587
2824,train,0,0.011106055
7138,train,0,0.7023525
1216,train,0,0.009556587
10107,train,0,0.019644273
41,train,0,0.45714784
4716,train,0,0.010342102
4748,train,0,0.62437046
10274,train,0,0.009526332
6356,train,0,0.009526332
8189,train,0,0.010342102
5896,train,0,0.011106055
7788,train,0,0.68249416
5920,train,0,0.40299228
2512,train,0,0.0373968
3999,train,0,0.65789825
1311,train,0,0.009304244
9194,train,0,0.011877345
71,train,0,0.019522667
1065,train,0,0.5927303
3610,train,0,0.011834163
45,train,0,0.016955456
149,train,0,0.14597829
1800,train,0,0.009556587
10966,train,0,0.009526332
10636,train,0,0.009526332
5881,train,0,0.016955456
5013,train,0,0.019229425
3261,train,0,0.05125586
1018,train,0,0.009526332
5719,train,0,0.009526332
7912,train,0,0.015749145
5156,train,0,0.010342102
10071,train,0,0.010230648
5728,train,0,0.009526332
163,train,0,0.0110366605
5366,train,0,0.009526332
1794,train,0,0.009526332
4361,train,0,0.37488744
7302,train,0,0.72348547
4654,train,0,0.009526332
778,train,0,0.014547476
8143,train,0,0.009526332
10028,train,0,0.010342102
10872,train,0,0.009304244
2505,train,0,0.013628744
7719,train,0,0.009861754
5377,train,0,0.011311429
2693,train,0,0.010342102
3616,train,0,0.011106055
2787,train,0,0.010230648
3840,train,0,0.7324532
3577,train,0,0.051947225
1789,train,0,0.008453257
9123,train,0,0.009556587
1509,train,0,0.026842358
5295,train,0,0.010342102
6825,train,0,0.009526332
9177,train,0,0.009526332
2860,train,0,0.009526332
7932,train,0,0.01037492
10070,train,0,0.009526332
3808,train,0,0.033035904
10570,train,0,0.010342102
4755,train,0,0.010342102
5616,train,0,0.008809943
7653,train,0,0.019229425
8965,train,0,0.01037492
5384,train,0,0.010230648
1000,train,0,0.009526332
2522,train,0,0.0535872
5286,train,0,0.009526332
8043,train,0,0.009526332
5892,train,0,0.009526332
10635,train,0,0.008465956
8148,train,0,0.009556587
10000,train,0,0.015262246
5727,train,0,0.009526332
2812,train,0,0.37317964
6818,train,0,0.009365927
5293,train,0,0.009556587
7963,train,0,0.013388805
7904,train,0,0.021965012
4924,train,0,0.020206923
6129,train,0,0.009526332
4753,train,0,0.009526332
9504,train,0,0.010342102
3712,train,0,0.021668056
1913,train,0,0.009526332
4085,train,0,0.019229425
5923,train,0,0.009526332
4086,train,0,0.009304244
4731,train,0,0.45935827
10248,train,0,0.020152492
10626,train,0,0.009526332
7057,train,0,0.6582037
1326,train,0,0.010342102
9973,train,0,0.009526332
5141,train,0,0.009526332
8849,train,0,0.010095913
3328,train,0,0.009526332
6133,train,0,0.010230648
4943,train,0,0.77374434
10895,train,0,0.32359576
2311,train,0,0.016955456
3738,train,0,0.009526332
6412,train,0,0.009526332
5024,train,0,0.011944835
2866,train,0,0.009526332
6256,train,0,0.018534534
10610,train,0,0.009526332
2599,train,0,0.01417731
6875,train,0,0.51281345
10960,train,0,0.009526332
561,train,0,0.009526332
5112,train,0,0.04638118
74,train,0,0.699685
3321,train,0,0.009526332
1288,train,0,0.009526332
1277,train,0,0.23469317
10105,train,0,0.009526332
9184,train,0,0.009072434
726,train,0,0.010230648
11068,train,0,0.009526332
535,train,0,0.009526332
8208,train,0,0.010342102
462,train,0,0.010230648
1012,train,0,0.009526332
7641,train,0,0.8370884
140,train,0,0.018176395
8195,train,0,0.76610714
4752,train,0,0.0097432975
3956,train,0,0.8372137
9128,train,0,0.010230648
8850,train,0,0.009526332
8166,train,0,0.012496836
6900,train,0,0.7380522
1632,train,0,0.009526332
2309,train,0,0.64211136
3325,train,0,0.010342102
4932,train,0,0.009526332
11073,train,0,0.011106055
2702,train,0,0.009304244
5041,train,0,0.009556587
9115,train,0,0.009526332
2495,train,0,0.012530658
5389,train,0,0.009526332
5390,train,0,0.009526332
5641,train,0,0.009526332
7789,train,0,0.010013136
657,train,0,0.01037492
591,train,0,0.020829517
2959,train,0,0.016782658
25,train,0,0.009526332
9979,train,0,0.009526332
5716,train,0,0.008141315
5148,train,0,0.8106643
5233,train,0,0.020829517
9005,train,0,0.7521277
44,train,0,0.009526332
6881,train,0,0.00864486
3723,train,0,0.009526332
7618,train,0,0.009526332
9998,train,0,0.014714117
8430,train,0,0.009526332
10091,train,0,0.010230648
727,train,0,0.17997888
9193,train,0,0.009526332
4757,train,0,0.01181958
8424,train,0,0.01197959
5006,train,0,0.021715913
1947,train,0,0.010230648
6054,train,0,0.010342102
1015,train,0,0.009526332
6824,train,0,0.009526332
8838,train,0,0.009526332
3725,train,0,0.009526332
3820,train,0,0.66365385
3833,train,0,0.010230648
10389,train,0,0.018565442
722,train,0,0.74627113
8537,train,0,0.009526332
5376,train,0,0.009556587
7944,train,0,0.74325186
1017,train,0,0.009556587
8440,train,0,0.018025445
5902,train,0,0.017640851
9506,train,0,0.010342102
2496,train,0,0.8475125
10624,train,0,0.009526332
10971,train,0,0.010342102
9925,train,0,0.015634928
1797,train,0,0.015634928
11085,train,0,0.009526332
7564,train,0,0.009526332
3982,train,0,0.040337313
5930,train,0,0.011735163
10504,train,0,0.012563706
1928,train,0,0.019229425
9027,train,0,0.010342102
4849,train,0,0.011286158
4514,train,0,0.010051301
10583,train,0,0.782547
10618,train,0,0.009526332
6060,train,0,0.010230648
7964,train,0,0.009526332
5912,train,0,0.5514551
477,train,0,0.39222232
6655,train,0,0.79388934
5365,train,0,0.019229425
7549,train,0,0.08135026
5936,train,0,0.009526332
2793,train,0,0.009526332
2064,train,0,0.74133325
2788,train,0,0.6766472
460,train,0,0.009526332
3155,train,0,0.012506778
4215,train,0,0.62680894
8962,train,0,0.009526332
6357,train,0,0.009526332
5119,train,0,0.6483094
7608,train,0,0.009556587
4657,train,0,0.011967603
3245,train,0,0.010342102
6145,train,0,0.012506778
3346,train,0,0.62523526
10102,train,0,0.010342102
4662,train,0,0.2753466
3802,train,0,0.56148905
8964,train,0,0.009526332
1308,train,0,0.009556587
7651,train,0,0.011834163
715,train,0,0.009526332
545,train,0,0.009526332
2308,train,0,0.018198946
8961,train,0,0.009526332
6406,train,0,0.009526332
3969,train,0,0.011684521
6957,train,0,0.010342102
5244,train,0,0.009526332
9190,train,0,0.02124069
3861,train,0,0.009526332
6611,train,0,0.019229425
6619,train,0,0.009526332
8036,train,0,0.009556587
10559,train,0,0.009526332
9122,train,0,0.009526332
9921,train,0,0.44109467
5025,train,0,0.01037492
5385,train,0,0.009556587
6749,train,0,0.6656331
8209,train,0,0.79959583
8199,train,0,0.019229425
11080,train,0,0.0088591045
4848,train,0,0.4671334
465,train,0,0.009526332
5051,train,0,0.009526332
1218,train,0,0.009526332
6144,train,0,0.009526332
4080,train,0,0.01037492
3744,train,0,0.012747144
9788,train,0,0.011647608
40,train,0,0.019229425
6826,train,0,0.010342102
2517,train,0,0.34383294
8952,train,0,0.009556587
1074,train,0,0.010230648
7906,train,0,0.77004653
5248,train,0,0.009526332
1067,train,0,0.019229425
7316,train,0,0.6928841
9700,train,0,0.009526332
2549,train,0,0.79597086
1457,train,0,0.01898696
3721,train,0,0.009526332
4914,train,0,0.010155292
207,train,0,0.011364767
4861,train,0,0.009526332
5150,train,0,0.009526332
866,train,0,0.020097926
7805,train,0,0.009526332
5904,train,0,0.44800544
10975,train,0,0.009556587
1298,train,0,0.17221384
441,train,0,0.49186575
10116,train,0,0.76961815
8140,train,0,0.010620421
8317,train,0,0.55883104
10959,train,0,0.012203332
10433,train,0,0.011834163
1076,train,0,0.009526332
4950,train,0,0.009556587
1313,train,0,0.39908686
1303,train,0,0.010342102
2700,train,0,0.009526332
6288,train,0,0.01743857
10956,train,0,0.009526332
10511,train,0,0.81204593
663,train,0,0.009526332
8412,train,0,0.009526332
2690,train,0,0.009526332
2616,train,0,0.011834163
3831,train,0,0.01573394
8082,train,0,0.009526332
4737,train,0,0.009526332
4275,train,0,0.020829517
5359,train,0,0.019229425
999,train,0,0.009556587
9981,train,0,0.702409
4273,train,0,0.009526332
544,train,0,0.009556587
601,train,0,0.80397254
6941,train,0,0.009526332
10096,train,0,0.009526332
2783,train,0,0.010342102
724,train,0,0.010187523
7807,train,0,0.009526332
1323,train,0,0.01037492
3824,train,0,0.009556587
4277,train,0,0.009526332
6609,train,0,0.01037492
4516,train,0,0.022591153
3868,train,0,0.021926686
8969,train,0,0.009526332
10561,train,0,0.010342102
9192,train,0,0.009526332
212,train,0,0.009526332
4212,train,0,0.009526332
6052,train,0,0.009526332
8836,train,0,0.009526332
2790,train,0,0.01181958
10279,train,0,0.008782031
10907,train,0,0.022188056
6789,train,0,0.8178753
7808,train,0,0.009556587
6413,train,0,0.009526332
5362,train,0,0.010230648
8851,train,0,0.009526332
10957,train,0,0.009526332
2697,train,0,0.009556587
1503,train,0,0.019229425
4899,train,0,0.013388805
7948,train,0,0.010342102
8427,train,0,0.010342102
4220,train,0,0.01037492
2321,train,0,0.010155292
1275,train,0,0.0159446
647,train,0,0.009526332
3730,train,0,0.23602957
8073,train,0,0.009526332
6398,train,0,0.009556587
1281,train,0,0.009556587
1226,train,0,0.011364767
1921,train,0,0.009526332
365,train,0,0.011106055
8438,train,0,0.01573394
2777,train,0,0.45061243
5016,train,0,0.5219286
9961,train,0,0.51085854
2533,train,0,0.58568025
10082,train,0,0.009526332
4722,train,0,0.010342102
8134,train,0,0.013624103
7310,train,0,0.019229425
30,train,0,0.5322146
9197,train,0,0.02181014
4747,train,0,0.009556587
10369,train,0,0.009526332
7931,train,0,0.009526332
5042,train,0,0.009526332
8033,train,0,0.009526332
8201,train,0,0.009526332
770,train,0,0.015300585
10662,train,0,0.019229425
10949,train,0,0.019229425
9708,train,0,0.009526332
9419,train,0,0.81821096
3329,train,0,0.009526332
7782,train,0,0.014899735
8204,train,0,0.014899735
7715,train,0,0.009526332
142,train,0,0.27669424
1900,train,0,0.57081217
5279,train,0,0.013388805
6292,train,0,0.014852816
10888,train,0,0.014852816
3727,train,0,0.009526332
4673,train,0,0.009526332
1945,train,0,0.68937856
5733,train,0,0.009526332
5622,train,0,0.009526332
3609,train,0,0.018573387
4343,train,0,0.26005208
7598,train,0,0.009526332
723,train,0,0.009526332
2638,train,0,0.01573394
11071,train,0,0.009526332
5392,train,0,0.009526332
7606,train,0,0.008782031
9033,train,0,0.020829517
8155,train,0,0.06677535
7960,train,0,0.009526332
10263,train,0,0.009556587
10088,train,0,0.01037492
458,train,0,0.009556587
6950,train,0,0.009526332
3742,train,0,0.009526332
5047,train,0,0.009526332
7965,train,0,0.009526332
1977,train,0,0.04287472
8041,train,0,0.009526332
6403,train,0,0.2881447
10262,train,0,0.019644273
2867,train,0,0.009526332
6440,train,0,0.008782031
4201,train,0,0.035379846
10557,train,0,0.009526332
7298,train,0,0.018507201
4919,train,0,0.010342102
7559,train,0,0.010342102
10513,train,0,0.010342102
5369,train,0,0.009526332
8080,train,0,0.011106055
5245,train,0,0.009914437
7722,train,0,0.009526332
3279,train,0,0.38286248
9020,train,0,0.009556587
1459,train,0,0.01037492
4841,train,0,0.011364767
6831,train,0,0.011297087
3164,train,0,0.010230648
10029,train,0,0.0206417
2606,train,0,0.014978375
9992,train,0,0.10524228
1507,train,0,0.016191816
7957,train,0,0.009526332
1895,train,0,0.019229425
4666,train,0,0.009556587
532,train,0,0.02181014
10080,train,0,0.01272653
7681,train,0,0.4521831
1278,train,0,0.009526332
4218,train,0,0.008453257
9422,train,0,0.020829517
8853,train,0,0.009526332
6956,train,0,0.009526332
4758,train,0,0.015111753
650,train,0,0.009526332
10113,train,0,0.009526332
8974,train,0,0.009526332
6792,train,0,0.76138
9113,train,0,0.009526332
3170,train,0,0.009526332
32,train,0,0.009526332
1220,train,0,0.009556587
7806,train,0,0.010342102
7930,train,0,0.013388805
5909,train,0,0.009526332
7790,train,0,0.011400794
6955,train,0,0.009526332
7508,train,0,0.014978375
3305,train,0,0.020829517
10370,train,0,0.009526332
4967,train,0,0.49423912
5110,train,0,0.8255277
7313,train,0,0.009526332
10085,train,0,0.009526332
8213,train,0,0.79310685
10891,train,0,0.010901993
4276,train,0,0.009556587
42,train,0,0.009526332
6059,train,0,0.01197959
6259,train,0,0.3403219
8954,train,0,0.009526332
7506,train,0,0.025714472
7800,train,0,0.010583663
473,train,0,0.014024433
6429,train,0,0.009556587
33,train,0,0.012506778
6784,train,0,0.012506778
9454,train,0,0.019229425
10657,train,0,0.7247977
3399,train,0,0.019105092
994,train,0,0.009526332
222,train,0,0.009304244
5391,train,0,0.010342102
173,train,0,0.19313759
9011,train,0,0.018573387
8972,train,0,0.011400794
6809,train,0,0.010342102
7646,train,0,0.50428957
10954,train,0,0.015342115
5917,train,0,0.019229425
8541,train,0,0.009526332
7603,train,0,0.009526332
6817,train,0,0.7259092
8196,train,0,0.010342102
10958,train,0,0.11019972
1212,train,0,0.009526332
7974,train,0,0.014373355
2588,train,0,0.01121168
4289,train,0,0.013624103
2316,train,0,0.009304244
3166,train,0,0.010342102
4936,train,0,0.83358246
4282,train,0,0.010230648
9186,train,0,0.009526332
2799,train,0,0.75407225
6624,train,0,0.009526332
3168,train,0,0.010342102
780,train,0,0.65457267
8075,train,0,0.009526332
10072,train,0,0.014690266
3169,train,0,0.009526332
558,train,0,0.009556587
2802,train,0,0.009939783
4751,train,0,0.009526332
4674,train,0,0.019219233
6430,train,0,0.009526332
7959,train,0,0.009526332
5626,train,0,0.042816624
5039,train,0,0.58491045
6294,train,0,0.76360536
4920,train,0,0.012747144
3584,train,0,0.017482884
777,train,0,0.49040705
4724,train,0,0.69510305
5397,train,0,0.009526332
5919,train,0,0.021715913
2325,train,0,0.021715913
5236,train,0,0.011095842
5625,train,0,0.009526332
3829,train,0,0.019229425
6659,train,0,0.009431348
6280,train,0,0.011106055
568,train,0,0.011851305
9633,train,0,0.033827566
6618,train,0,0.01272653
7612,train,0,0.009526332
5127,train,0,0.019219233
216,train,0,0.55992097
8311,train,0,0.020829517
7954,train,0,0.009526332
3977,train,0,0.009526332
5253,train,0,0.019229425
7910,train,0,0.77106655
1976,train,0,0.61767244
36,train,0,0.010342102
7795,train,0,0.009526332
5158,train,0,0.009526332
6360,train,0,0.010081717
1920,train,0,0.01037492
9798,train,0,0.010155292
417,train,0,0.014978375
7147,train,0,0.013852538
4369,train,0,0.021241637
1321,train,0,0.009526332
9966,train,0,0.009526332
4939,train,0,0.009526332
10873,train,0,0.009526332
4227,train,0,0.009526332
5128,train,0,0.01573394
10073,train,0,0.019229425
3731,train,0,0.009526332
5628,train,0,0.010342102
8144,train,0,0.010342102
11077,train,0,0.2973739
6364,train,0,0.09522881
4834,train,0,0.019229425
2784,train,0,0.009526332
9187,train,0,0.54172516
9642,train,0,0.05846701
10965,train,0,0.36893257
8024,train,0,0.009526332
9116,train,0,0.009526332
10098,train,0,0.8700001
4893,train,0,0.015068212
9696,train,0,0.010230648
1062,train,0,0.814731
10892,train,0,0.0206417
5256,train,0,0.010475549
7615,train,0,0.79609007
8772,train,0,0.01646182
594,train,0,0.017290905
5753,train,0,0.010342102
5388,train,0,0.010475549
1209,train,0,0.009526332
3333,train,0,0.009526332
2073,train,0,0.017290905
1916,train,0,0.009526332
4071,train,0,0.010475549
4068,train,0,0.022878997
9129,train,0,0.010475549
2547,train,0,0.01573394
4999,train,0,0.01573394
46,train,0,0.008447172
3312,train,0,0.015842915
6066,train,0,0.670866
8949,train,0,0.012120809
954,train,0,0.0206417
6864,train,0,0.02012001
349,train,0,0.013225559
9999,train,0,0.010901993
10093,train,0,0.07094418
5885,train,0,0.39189613
592,train,0,0.020097926
1215,train,0,0.017963871
3986,train,0,0.63427705
4926,train,0,0.01037492
1007,train,0,0.009526332
779,train,0,0.016738676
8068,train,0,0.019229425
718,train,0,0.019229425
1458,train,0,0.025572645
3585,train,0,0.019229425
2624,train,0,0.01037492
3818,train,0,0.052866533
1473,train,0,0.75636566
10268,train,0,0.011364767
3873,train,0,0.41405252
5364,train,0,0.019229425
7949,train,0,0.01790748
2323,train,0,0.8118832
8029,train,0,0.5255119
6132,train,0,0.016385855
11076,train,0,0.013388805
5870,train,0,0.019229425
9651,train,0,0.84341836
5055,train,0,0.012155493
4065,train,0,0.010508787
8428,train,0,0.019229425
10250,train,0,0.01716615
2339,train,0,0.009365927
6958,train,0,0.8302109
10110,train,0,0.009526332
2175,train,0,0.89410037
1029,train,0,0.009526332
6065,train,0,0.010230648
4464,train,0,0.01646182
3708,train,0,0.01573394
10661,train,0,0.044404455
5752,train,0,0.025560647
1935,train,0,0.009526332
5886,train,0,0.009526332
1210,train,0,0.26880574
8425,train,0,0.8734288
6246,train,0,0.02635082
7140,train,0,0.7841111
8419,train,0,0.009526332
7553,train,0,0.010230648
1925,train,0,0.012203332
8185,train,0,0.01573394
4672,train,0,0.018507013
6814,train,0,0.009526332
11063,train,0,0.008453257
2857,train,0,0.009526332
10106,train,0,0.009526332
3163,train,0,0.009526332
9415,train,0,0.45406708
1944,train,0,0.009526332
2950,train,0,0.014978375
10556,train,0,0.009556587
331,train,0,0.017290905
678,train,0,0.014978375
1633,train,0,0.009526332
6279,train,0,0.02158082
10074,train,0,0.009526332
9021,train,0,0.8414642
2313,train,0,0.018760294
576,train,0,0.74559546
4963,train,0,0.01646182
9179,train,0,0.009526332
1306,train,0,0.009526332
5726,train,0,0.0206417
205,train,0,0.010475549
2244,train,0,0.010342102
10385,train,0,0.011701913
6614,train,0,0.009556587
8315,train,0,0.010342102
10627,train,0,0.019229425
5020,train,0,0.020829517
3407,train,0,0.018573387
4742,train,0,0.25056928
7724,train,0,0.010897423
7901,train,0,0.01178902
9976,train,0,0.6085851
8845,train,0,0.009526332
537,train,0,0.010475549
8998,train,0,0.01646182
4844,train,0,0.0211139
9039,train,0,0.010230648
5246,train,0,0.8130799
8551,train,0,0.6738806
782,train,0,0.014978375
5375,train,0,0.012034086
771,train,0,0.019229425
4079,train,0,0.010475549
1199,train,0,0.41112885
6871,train,0,0.016943213
6425,train,0,0.87355745
6251,train,0,0.014978375
3720,train,0,0.009526332
9014,train,0,0.01821838
5634,train,0,0.79203355
672,train,0,0.82815033
4655,train,0,0.008447172
9702,train,0,0.8115062
6833,train,0,0.7140968
3614,train,0,0.015833959
4836,train,0,0.012276924
6868,train,0,0.01646182
21,train,0,0.13558242
454,train,0,0.64682674
9698,train,0,0.00998406
5040,train,0,0.12033944
3985,train,0,0.32457456
8067,train,0,0.82151645
7599,train,0,0.8781852
9040,train,0,0.8670988
5721,train,0,0.8480134
9471,train,0,0.012785186
5393,train,0,0.012785186
438,train,0,0.23027037
3272,train,0,0.042352
7936,train,0,0.23581417
339,train,0,0.12467364
371,train,0,0.20803834
8421,train,0,0.012172097
9636,train,0,0.012172097
7803,train,0,0.018525476
8966,train,0,0.22212021
164,train,0,0.059744406
8778,train,0,0.018525476
5162,train,0,0.38005427
5926,train,0,0.10017641
5838,train,0,0.18905273
677,train,0,0.14422044
9647,train,0,0.018525476
4294,train,0,0.01654239
5109,train,0,0.04947781
9990,train,0,0.34219393
8028,train,0,0.01654239
3706,train,0,0.01876939
2621,train,0,0.018525256
213,train,0,0.01654239
1170,train,0,0.23320259
10501,train,0,0.18403651
5243,train,0,0.20549619
6137,train,0,0.24624124
4515,train,0,0.012582941
5469,train,0,0.012582941
2231,train,0,0.2163642
10253,train,0,0.012582941
6893,train,0,0.012582941
352,train,0,0.019432804
7644,train,0,0.014098168
6869,train,0,0.10018555
340,train,0,0.019673511
3415,train,0,0.014098168
2066,train,0,0.14147048
2629,train,0,0.23089105
8435,train,0,0.2516742
8219,train,0,0.1586112
7137,train,0,0.08532973
4352,train,0,0.0765846
2070,train,0,0.012582941
6651,train,0,0.20499313
3242,train,0,0.020683749
3274,train,0,0.025164373
9929,train,0,0.08534441
5858,train,0,0.01876939
1224,train,0,0.0846493
1504,train,0,0.01317454
4912,train,0,0.1765515
7937,train,0,0.012580749
3264,train,0,0.01317454
2807,train,0,0.0580143
667,train,0,0.2186896
3313,train,0,0.18400814
590,train,0,0.21390195
2596,train,0,0.013347083
9641,train,0,0.10782083
337,train,0,0.018674199
3952,train,0,0.013422759
9018,train,0,0.048200794
1894,train,0,0.013155207
6253,train,0,0.018096726
6759,train,0,0.010358977
9801,train,0,0.010358977
4070,train,0,0.010358977
5002,train,0,0.010358977
8212,train,0,0.18874168
3301,train,0,0.019866243
3821,train,0,0.16122025
540,train,0,0.048067506
148,train,0,0.16829927
3358,train,0,0.17008077
8173,train,0,0.18649091
3960,train,0,0.00863298
8596,train,0,0.012261795
6758,train,0,0.038985252
1214,train,0,0.014173532
6834,train,0,0.10976719
6760,train,0,0.14683616
4993,train,0,0.012079524
10620,train,0,0.011285897
10101,train,0,0.1948829
3815,train,0,0.1551289
2991,train,0,0.15567632
1979,train,0,0.010780143
6290,train,0,0.22633012
6770,train,0,0.07069038
7784,train,0,0.13957877
3619,train,0,0.20358497
563,train,0,0.010929717
4850,train,0,0.21781634
439,train,0,0.010929717
5640,train,0,0.01587704
2180,train,0,0.010929717
5144,train,0,0.12372645
9988,train,0,0.009596686
3713,train,0,0.066654414
3580,train,0,0.026637938
7305,train,0,0.18534136
3625,train,0,0.014732808
4281,train,0,0.31044203
9201,train,0,0.0106090335
3429,train,0,0.01268945
3846,train,0,0.00957077
7844,train,0,0.014099541
5878,train,0,0.008339765
6620,train,0,0.009046924
8603,train,0,0.009983768
547,train,0,0.009046924
4839,train,0,0.009046924
10374,train,0,0.015180834
10631,train,0,0.01136675
552,train,0,0.11722085
719,train,0,0.009046924
5872,train,0,0.010862309
7552,train,0,0.009046924
8953,train,0,0.044184905
7902,train,0,0.010202253
1205,train,0,0.009365628
7306,train,0,0.009046924
7946,train,0,0.010768916
3841,train,0,0.015593518
9927,train,0,0.010202253
7939,train,0,0.01382397
2336,train,0,0.017181983
10889,train,0,0.014696513
4511,train,0,0.009307954
8190,train,0,0.009530044
4230,train,0,0.014696513
9411,train,0,0.08632353
10273,train,0,0.009900289
2514,train,0,0.013424282
3819,train,0,0.009499872
174,train,0,0.010862309
5472,train,0,0.010202253
10388,train,0,0.010268559
968,train,0,0.009983768
4944,train,0,0.010712151
559,train,0,0.10307604
1972,train,0,0.009499872
5027,train,0,0.009046924
3315,train,0,0.012172097
1911,train,0,0.15865652
1917,train,0,0.011290714
6436,train,0,0.26337418
2825,train,0,0.009499872
4658,train,0,0.029242933
10259,train,0,0.110175855
6396,train,0,0.008792547
9914,train,0,0.010660374
7610,train,0,0.014789805
6756,train,0,0.009499872
4073,train,0,0.009716145
863,train,0,0.009499872
404,train,0,0.010862309
7850,train,0,0.010202253
5846,train,0,0.010202253
10894,train,0,0.009499872
10031,train,0,0.009499872
9462,train,0,0.18268177
1906,train,0,0.009499872
2515,train,0,0.010268559
7654,train,0,0.012079524
3501,train,0,0.009499872
3995,train,0,0.009499872
414,train,0,0.024214769
5017,train,0,0.009046924
4921,train,0,0.009499872
6285,train,0,0.018525476
9794,train,0,0.01654239
2778,train,0,0.009499872
10580,train,0,0.009499872
8556,train,0,0.009046924
1946,train,0,0.01136675
3176,train,0,0.009499872
7929,train,0,0.009499872
1169,train,0,0.009868956
9789,train,0,0.009213887
6807,train,0,0.18031372
8072,train,0,0.07896904
5856,train,0,0.012513829
995,train,0,0.012717965
5732,train,0,0.009046924
500,train,0,0.09335802
9478,train,0,0.014766076
1638,train,0,0.014766076
1010,train,0,0.01011495
1332,train,0,0.009046924
1462,train,0,0.010202253
3238,train,0,0.20839678
8411,train,0,0.03942473
38,train,0,0.009499872
77,train,0,0.009046924
769,train,0,0.24560839
357,train,0,0.010929717
9196,train,0,0.009046924
2863,train,0,0.01056489
1228,train,0,0.13050427
144,train,0,0.10504113
498,train,0,0.19253284
4933,train,0,0.009046924
2957,train,0,0.29426792
9181,train,0,0.117865704
83,train,0,0.010202253
7296,train,0,0.29026827
2326,train,0,0.09717792
8548,train,0,0.20727521
562,train,0,0.19035988
5925,train,0,0.011285897
9632,train,0,0.12819074
642,train,0,0.03183321
1221,train,0,0.009499872
1201,train,0,0.009046924
5023,train,0,0.13334507
5874,train,0,0.010202253
3246,train,0,0.009499872
3161,train,0,0.009046924
6874,train,0,0.108037114
7604,train,0,0.009046924
3991,train,0,0.010742046
5018,train,0,0.009046924
10115,train,0,0.26509222
11064,train,0,0.06064017
6439,train,0,0.010202253
9511,train,0,0.079807
4204,train,0,0.012172097
2805,train,0,0.009596686
9499,train,0,0.10841545
220,train,0,0.04761074
4287,train,0,0.009499872
3587,train,0,0.010929717
3320,train,0,0.18439116
9968,train,0,0.009046924
6788,train,0,0.20216063
10506,train,0,0.024539335
2862,train,0,0.009046924
2185,train,0,0.019325271
9922,train,0,0.009499872
3607,train,0,0.010929717
5229,train,0,0.21100089
1807,train,0,0.009046924
5756,train,0,0.012785186
10376,train,0,0.20002617
8168,train,0,0.009868956
6656,train,0,0.010202253
4213,train,0,0.009046924
6615,train,0,0.050485544
3280,train,0,0.012785186
8550,train,0,0.010202253
151,train,0,0.3362929
658,train,0,0.22795224
1302,train,0,0.119621955
5633,train,0,0.14240834
2237,train,0,0.34497362
9693,train,0,0.21129873
9126,train,0,0.009365628
8313,train,0,0.058603622
2314,train,0,0.075525954
656,train,0,0.009046924
9983,train,0,0.1877263
358,train,0,0.03180447
5462,train,0,0.16574487
2779,train,0,0.009537767
1909,train,0,0.010015041
2954,train,0,0.012665391
8039,train,0,0.009537767
7976,train,0,0.11045581
6644,train,0,0.010015041
5363,train,0,0.009568058
2176,train,0,0.4821835
2831,train,0,0.36145908
5036,train,0,0.009537767
6047,train,0,0.42469892
8162,train,0,0.013404814
3994,train,0,0.013404814
10432,train,0,0.013537134
8206,train,0,0.009537767
4228,train,0,0.08564608
4990,train,0,0.23723806
10575,train,0,0.009046924
10947,train,0,0.2066981
1006,train,0,0.01937969
2331,train,0,0.01937969
1637,train,0,0.009537767
9970,train,0,0.009537767
4909,train,0,0.009146085
10616,train,0,0.012741757
1314,train,0,0.015738461
5637,train,0,0.009537767
5155,train,0,0.016914953
3330,train,0,0.009537767
4354,train,0,0.0107550975
3724,train,0,0.009537767
6286,train,0,0.015963616
1203,train,0,0.009537767
9461,train,0,0.014074442
6832,train,0,0.0106631145
1174,train,0,0.010249042
7561,train,0,0.009537767
4509,train,0,0.5752475
6423,train,0,0.009537767
10952,train,0,0.009537767
6946,train,0,0.009537767
6410,train,0,0.009537767
8308,train,0,0.28596815
5921,train,0,0.009537767
8960,train,0,0.44046423
470,train,0,0.009537767
7967,train,0,0.009537767
871,train,0,0.52071834
1075,train,0,0.018626595
2181,train,0,0.02112815
5107,train,0,0.015963616
2800,train,0,0.009568058
10573,train,0,0.009537767
1929,train,0,0.009537767
9118,train,0,0.011981932
1635,train,0,0.010878141
47,train,0,0.49634168
6255,train,0,0.6776762
1028,train,0,0.5897483
9797,train,0,0.009537767
949,train,0,0.0115022985
6606,train,0,0.009537767
8135,train,0,0.010746182
6945,train,0,0.009537767
950,train,0,0.33093837
1031,train,0,0.018626595
1282,train,0,0.009537767
10619,train,0,0.010046832
4061,train,0,0.01487055
1791,train,0,0.009568058
5294,train,0,0.0106631145
5145,train,0,0.009568058
34,train,0,0.009537767
476,train,0,0.016975654
6811,train,0,0.012741757
9479,train,0,0.01024292
7133,train,0,0.0107550975
6148,train,0,0.009146085
1025,train,0,0.034304395
1634,train,0,0.009800525
1002,train,0,0.009537767
348,train,0,0.018537285
5731,train,0,0.02112815
4089,train,0,0.7191661
997,train,0,0.009537767
7303,train,0,0.010696942
6049,train,0,0.048734732
6891,train,0,0.011460464
1019,train,0,0.07560966
1172,train,0,0.011215344
1322,train,0,0.009537767
8598,train,0,0.011460464
6949,train,0,0.010633155
8842,train,0,0.009537767
10948,train,0,0.009537767
10622,train,0,0.01487055
4512,train,0,0.01487055
2856,train,0,0.009537767
9200,train,0,0.52670825
2509,train,0,0.011015108
5759,train,0,0.010696942
10566,train,0,0.57295036
4845,train,0,0.009537767
7494,train,0,0.20629503
3578,train,0,0.6187413
7938,train,0,0.010746182
4521,train,0,0.0115022985
735,train,0,0.40685117
10393,train,0,0.020854237
781,train,0,0.010046832
3843,train,0,0.4263641
5283,train,0,0.009537767
8955,train,0,0.009537767
555,train,0,0.52048576
5368,train,0,0.0107550975
2319,train,0,0.28649434
5922,train,0,0.009537767
3746,train,0,0.27284518
5911,train,0,0.36516303
7725,train,0,0.048607856
162,train,0,0.0100633595
4207,train,0,0.70856136
10878,train,0,0.34512544
10076,train,0,0.009568058
5730,train,0,0.009568058
10621,train,0,0.009568058
9026,train,0,0.017882306
1068,train,0,0.010046832
5630,train,0,0.009873588
1941,train,0,0.010015041
2795,train,0,0.009537767
3334,train,0,0.009537767
4210,train,0,0.011981932
1467,train,0,0.015963616
5933,train,0,0.7473894
8559,train,0,0.009537767
4283,train,0,0.009537767
5044,train,0,0.012339552
875,train,0,0.013908231
5386,train,0,0.013908231
166,train,0,0.47597942
1207,train,0,0.01487055
2619,train,0,0.01487055
6753,train,0,0.6739324
5147,train,0,0.009537767
3858,train,0,0.009537767
8026,train,0,0.009537767
2322,train,0,0.0106631145
5621,train,0,0.009568058
9188,train,0,0.009537767
5038,train,0,0.009537767
10275,train,0,0.7177629
10069,train,0,0.009568058
714,train,0,0.009537767
7799,train,0,0.012936847
5720,train,0,0.009537767
5644,train,0,0.009537767
6628,train,0,0.010015041
10571,train,0,0.009633407
10567,train,0,0.009537767
4221,train,0,0.010046832
730,train,0,0.020854237
3703,train,0,0.020143902
996,train,0,0.008205555
5884,train,0,0.009537767
5464,train,0,0.009537767
10972,train,0,0.009537767
1937,train,0,0.14538647
10665,train,0,0.010046832
3980,train,0,0.009537767
7314,train,0,0.010015041
9025,train,0,0.046354506
7611,train,0,0.009069455
4832,train,0,0.009537767
7845,train,0,0.010015041
158,train,0,0.012545653
10377,train,0,0.009537767
1023,train,0,0.009800525
9127,train,0,0.009568058
1032,train,0,0.008869746
1211,train,0,0.020854237
9703,train,0,0.009537767
5623,train,0,0.013952207
10128,train,0,0.013952207
4729,train,0,0.009537767
1915,train,0,0.009537767
4225,train,0,0.009537767
3174,train,0,0.009537767
1796,train,0,0.009537767
1283,train,0,0.009537767
9030,train,0,0.010015041
10869,train,0,0.010015041
9697,train,0,0.49046367
146,train,0,0.011460464
7567,train,0,0.010403929
1317,train,0,0.009537767
10114,train,0,0.017029162
4075,train,0,0.009537767
10579,train,0,0.011874032
336,train,0,0.014971052
10381,train,0,0.009537767
5908,train,0,0.009537767
5252,train,0,0.00879258
8956,train,0,0.5111253
1289,train,0,0.009537767
8211,train,0,0.61886954
2174,train,0,0.014072847
9706,train,0,0.13471024
581,train,0,0.09644774
7136,train,0,0.6397555
10883,train,0,0.009537767
1640,train,0,0.009526332
2613,train,0,0.010650345
2852,train,0,0.009526332
8042,train,0,0.009537767
1227,train,0,0.009537767
5724,train,0,0.009526332
3747,train,0,0.010391467
2689,train,0,0.009526332
6418,train,0,0.009526332
7556,train,0,0.01000304
966,train,0,0.010650345
8034,train,0,0.019356687
1931,train,0,0.009537767
7620,train,0,0.009537767
5383,train,0,0.5565605
3823,train,0,0.009526332
7945,train,0,0.009526332
7713,train,0,0.009537767
5258,train,0,0.12445948
5161,train,0,0.010684132
9974,train,0,0.009526332
4214,train,0,0.010650345
6438,train,0,0.010015041
10380,train,0,0.69398993
1803,train,0,0.009526332
5049,train,0,0.20100547
147,train,0,0.014056052
3866,train,0,0.01000304
3976,train,0,0.009526332
501,train,0,0.75278187
5151,train,0,0.009556587
2792,train,0,0.009537767
10613,train,0,0.009526332
1926,train,0,0.69646055
8030,train,0,0.010015041
1470,train,0,0.010403929
1080,train,0,0.009526332
406,train,0,0.7565385
1027,train,0,0.008998899
2059,train,0,0.010742219
3307,train,0,0.010034794
1973,train,0,0.3603781
9704,train,0,0.7399177
8443,train,0,0.010034794
3988,train,0,0.009526332
1295,train,0,0.008453257
4522,train,0,0.6712103
5291,train,0,0.010230648
7601,train,0,0.74769354
5284,train,0,0.009914437
10558,train,0,0.009526332
1912,train,0,0.009526332
3323,train,0,0.01000304
2600,train,0,0.01000304
5642,train,0,0.010230648
8200,train,0,0.009526332
5631,train,0,0.010742219
3589,train,0,0.70874643
8431,train,0,0.010742219
6397,train,0,0.5120459
580,train,0,0.01000304
7973,train,0,0.010830764
10435,train,0,0.66742015
4931,train,0,0.009556587
5889,train,0,0.009526332
1918,train,0,0.009526332
2951,train,0,0.010742219
3834,train,0,0.010742219
152,train,0,0.013382847
10950,train,0,0.009526332
7675,train,0,0.01000304
6892,train,0,0.010742219
10885,train,0,0.009526332
3709,train,0,0.013382847
2687,train,0,0.009556587
10394,train,0,0.009526332
3348,train,0,0.017307604
6819,train,0,0.014101768
4454,train,0,0.030571485
2499,train,0,0.010468207
7301,train,0,0.009526332
9646,train,0,0.17102116
7971,train,0,0.009526332
1286,train,0,0.012144847
10387,train,0,0.009526332
1291,train,0,0.008453257
3175,train,0,0.33959565
6051,train,0,0.01197959
2628,train,0,0.020829517
466,train,0,0.009526332
3409,train,0,0.7731222
4842,train,0,0.013025834
659,train,0,0.4928662
550,train,0,0.009526332
4840,train,0,0.009526332
22,train,0,0.01000304
8032,train,0,0.009526332
6828,train,0,0.009351065
10081,train,0,0.009526332
3403,train,0,0.010197198
2304,train,0,0.009526332
9443,train,0,0.678248
4286,train,0,0.009526332
4918,train,0,0.009861754
3743,train,0,0.009526332
9931,train,0,0.011446751
1333,train,0,0.010650345
8852,train,0,0.009526332
1329,train,0,0.009526332
5734,train,0,0.009526332
1073,train,0,0.010930366
5122,train,0,0.17873055
4735,train,0,0.009526332
6883,train,0,0.01000304
1011,train,0,0.01000304
5160,train,0,0.009526332
1785,train,0,0.009526332
5918,train,0,0.011433048
1511,train,0,0.013525111
4992,train,0,0.01000304
6747,train,0,0.01000304
1300,train,0,0.01000304
9971,train,0,0.009526332
10668,train,0,0.52394277
10095,train,0,0.009526332
3996,train,0,0.6748838
5893,train,0,0.009526332
10281,train,0,0.009526332
6411,train,0,0.009526332
664,train,0,0.009526332
5033,train,0,0.01181958
4741,train,0,0.008453257
2639,train,0,0.010034794
9639,train,0,0.10102007
5584,train,0,0.018604469
3842,train,0,0.018604469
6402,train,0,0.011436805
2589,train,0,0.65020925
7569,train,0,0.010230648
3857,train,0,0.018604469
8538,train,0,0.018604469
3430,train,0,0.010742219
10261,train,0,0.020829517
4965,train,0,0.01000304
6835,train,0,0.018604469
10970,train,0,0.009526332
8970,train,0,0.01000304
7560,train,0,0.009526332
5043,train,0,0.009526332
3332,train,0,0.010034794
4953,train,0,0.023266234
9019,train,0,0.010391467
10967,train,0,0.009526332
4000,train,0,0.010650345
5285,train,0,0.009526332
4671,train,0,0.009526332
5910,train,0,0.01000304
1299,train,0,0.01000304
2813,train,0,0.01000304
7716,train,0,0.009526332
5898,train,0,0.23478903
8951,train,0,0.009526332
9029,train,0,0.01000304
3624,train,0,0.83413434
5249,train,0,0.009526332
7962,train,0,0.009526332
9709,train,0,0.009526332
23,train,0,0.009526332
9119,train,0,0.009526332
3805,train,0,0.01328861
4661,train,0,0.009526332
5019,train,0,0.010586834
5011,train,0,0.018604469
9791,train,0,0.009526332
8542,train,0,0.009526332
472,train,0,0.009556587
7846,train,0,0.018596778
8834,train,0,0.018596778
9420,train,0,0.020829517
4078,train,0,0.009526332
9024,train,0,0.009526332
3432,train,0,0.010742219
1629,train,0,0.009526332
2998,train,0,0.009526332
3177,train,0,0.009526332
2605,train,0,0.019401092
4958,train,0,0.019219233
5259,train,0,0.01000304
2694,train,0,0.010034794
729,train,0,0.01000304
10103,train,0,0.012747144
732,train,0,0.009526332
2789,train,0,0.009526332
1934,train,0,0.009526332
5876,train,0,0.7490503
10371,train,0,0.01000304
7562,train,0,0.009526332
10277,train,0,0.009526332
3852,train,0,0.0170089
2183,train,0,0.0159446
4915,train,0,0.009556587
10002,train,0,0.010034794
6952,train,0,0.63962054
5907,train,0,0.009526332
4077,train,0,0.010034794
9638,train,0,0.678763
2602,train,0,0.017343113
10875,train,0,0.01000304
9445,train,0,0.020829517
1297,train,0,0.020829517
1013,train,0,0.018604469
8309,train,0,0.010034794
725,train,0,0.009526332
4913,train,0,0.009526332
3739,train,0,0.009526332
5014,train,0,0.017397758
662,train,0,0.013388805
9034,train,0,0.010650345
4853,train,0,0.009526332
2177,train,0,0.01000304
6135,train,0,0.009556587
2230,train,0,0.010742219
4510,train,0,0.6272218
6799,train,0,0.6455705
10905,train,0,0.010742219
6793,train,0,0.25104055
1325,train,0,0.009526332
7139,train,0,0.21738467
8837,train,0,0.016955456
7943,train,0,0.018604469
1307,train,0,0.009526332
958,train,0,0.014764286
3862,train,0,0.011967603
546,train,0,0.009526332
3491,train,0,0.6780492
4668,train,0,0.8412306
5380,train,0,0.009526332
2302,train,0,0.01000304
474,train,0,0.6275431
10633,train,0,0.009526332
10507,train,0,0.014057645
10505,train,0,0.01000304
10272,train,0,0.009526332
10565,train,0,0.30792275
5028,train,0,0.009526332
3401,train,0,0.7869795
10278,train,0,0.01000304
10438,train,0,0.51581824
3318,train,0,0.7459167
7956,train,0,0.010078696
9413,train,0,0.010078696
8413,train,0,0.013624103
6889,train,0,0.010742219
5613,train,0,0.01000304
7718,train,0,0.011379526
3836,train,0,0.009893065
6804,train,0,0.4491469
5154,train,0,0.009556587
10964,train,0,0.55116665
6954,train,0,0.009526332
8418,train,0,0.009526332
5296,train,0,0.010733314
10131,train,0,0.42049196
5935,train,0,0.009526332
1908,train,0,0.010742219
6795,train,0,0.010742219
5618,train,0,0.010230648
3736,train,0,0.0084801335
2781,train,0,0.009526332
9425,train,0,0.021668056
5891,train,0,0.015883725
4517,train,0,0.013997709
6146,train,0,0.009526332
4937,train,0,0.01000304
6872,train,0,0.61065
3263,train,0,0.011290181
3998,train,0,0.01000304
9482,train,0,0.009652413
1079,train,0,0.009652413
1787,train,0,0.6789733
953,train,0,0.010742219
8434,train,0,0.1963783
5470,train,0,0.013388805
9117,train,0,0.018005304
9114,train,0,0.008782031
7968,train,0,0.009526332
363,train,0,0.01000304
10874,train,0,0.012801011
4665,train,0,0.009526332
8069,train,0,0.37463117
5140,train,0,0.68715405
5242,train,0,0.009526332
80,train,0,0.010405289
5226,train,0,0.5425976
541,train,0,0.8408479
1799,train,0,0.6643484
6605,train,0,0.009526332
9695,train,0,0.009526332
4274,train,0,0.031078909
728,train,0,0.43506014
7307,train,0,0.009526332
8782,train,0,0.010051301
5841,train,0,0.74924564
5927,train,0,0.018933633
11070,train,0,0.009526332
2699,train,0,0.010684132
5288,train,0,0.009526332
459,train,0,0.009526332
7972,train,0,0.013624103
5149,train,0,0.021103116
6361,train,0,0.013624103
10562,train,0,0.009526332
1330,train,0,0.013388805
3856,train,0,0.009526332
7721,train,0,0.009526332
665,train,0,0.027362723
2854,train,0,0.027362723
2534,train,0,0.021859376
653,train,0,0.7435429
6258,train,0,0.01000304
6608,train,0,0.009526332
961,train,0,0.18279916
5373,train,0,0.009526332
1225,train,0,0.6695532
1923,train,0,0.01055481
3404,train,0,0.009652413
733,train,0,0.009526332
4922,train,0,0.009526332
8781,train,0,0.41987488
1030,train,0,0.009526332
7312,train,0,0.0090873595
5035,train,0,0.009526332
8031,train,0,0.010650345
2801,train,0,0.01197959
8543,train,0,0.009526332
4851,train,0,0.011436805
867,train,0,0.010034794
5632,train,0,0.009526332
3173,train,0,0.009526332
3582,train,0,0.011436805
3165,train,0,0.009526332
8558,train,0,0.010650345
2593,train,0,0.52368134
1070,train,0,0.009526332
6407,train,0,0.009526332
2335,train,0,0.6763865
6805,train,0,0.018614495
8198,train,0,0.5859311
5638,train,0,0.5383758
10256,train,0,0.60199034
7639,train,0,0.25706708
3871,train,0,0.009526332
2688,train,0,0.009526332
4908,train,0,0.009526332
2510,train,0,0.6330415
7952,train,0,0.4708231
1643,train,0,0.009526332
2952,train,0,0.018614495
3251,train,0,0.013388805
4291,train,0,0.009526332
5585,train,0,0.6515318
5360,train,0,0.011368658
5929,train,0,0.009058577
1319,train,0,0.009861754
5398,train,0,0.01000304
9965,train,0,0.009526332
6898,train,0,0.010742219
8839,train,0,0.009526332
5022,train,0,0.009526332
9124,train,0,0.020829517
3992,train,0,0.03747321
6820,train,0,0.5711225
7621,train,0,0.7104222
4733,train,0,0.012747144
4831,train,0,0.01000304
7794,train,0,0.62645584
6130,train,0,0.010230648
7977,train,0,0.013388805
4750,train,0,0.009526332
3845,train,0,0.009526332
5401,train,0,0.009526332
4344,train,0,0.020012291
1786,train,0,0.009526332
5877,train,0,0.009526332
10572,train,0,0.009526332
6421,train,0,0.009526332
7796,train,0,0.018604469
10265,train,0,0.013388805
10276,train,0,0.8118963
4456,train,0,0.017397758
35,train,0,0.82622564
7143,train,0,0.018527595
2301,train,0,0.017343113
5152,train,0,0.009526332
4360,train,0,0.01000304
9032,train,0,0.009861754
6894,train,0,0.04244397
538,train,0,0.009526332
4856,train,0,0.009526332
9195,train,0,0.009526332
8947,train,0,0.3164617
673,train,0,0.01000304
5163,train,0,0.017343113
4084,train,0,0.009556587
8601,train,0,0.5043116
10870,train,0,0.009526332
9003,train,0,0.64429176
9189,train,0,0.009526332
6062,train,0,0.009526332
3997,train,0,0.009526332
8202,train,0,0.009556587
5387,train,0,0.009526332
8164,train,0,0.4171383
1273,train,0,0.01000304
8590,train,0,0.85922897
7934,train,0,0.009526332
1219,train,0,0.01285007
1305,train,0,0.010650345
8779,train,0,0.83449006
2591,train,0,0.013388805
7787,train,0,0.010034794
2317,train,0,0.009526332
10634,train,0,0.24004371
5399,train,0,0.009526332
1294,train,0,0.010034794
6053,train,0,0.009526332
7294,train,0,0.009526332
651,train,0,0.009556587
6617,train,0,0.009526332
6861,train,0,0.010901993
8437,train,0,0.7022713
7607,train,0,0.009556587
2527,train,0,0.01000304
7969,train,0,0.009526332
644,train,0,0.69856006
7940,train,0,0.5578189
5372,train,0,0.009526332
10879,train,0,0.009526332
6781,train,0,0.013914771
9694,train,0,0.009556587
11072,train,0,0.009526332
10378,train,0,0.01000304
4941,train,0,0.01000304
2630,train,0,0.010197198
7614,train,0,0.009526332
9017,train,0,0.010034794
221,train,0,0.010034794
1512,train,0,0.8259585
10564,train,0,0.009526332
8040,train,0,0.009526332
4736,train,0,0.009526332
8950,train,0,0.01000304
6432,train,0,0.05093139
10372,train,0,0.009526332
6428,train,0,0.017078834
3344,train,0,0.017078834
3817,train,0,0.011834163
5900,train,0,0.009526332
1020,train,0,0.011106055
4864,train,0,0.57697064
5906,train,0,0.009526332
5619,train,0,0.011106055
10881,train,0,0.010230648
4857,train,0,0.012530658
8191,train,0,0.009526332
4197,train,0,0.020829517
5895,train,0,0.011967603
6622,train,0,0.5419671
8192,train,0,0.009526332
11074,train,0,0.009526332
8070,train,0,0.009526332
4835,train,0,0.7261857
4846,train,0,0.6150853
1206,train,0,0.009526332
6812,train,0,0.009526332
3496,train,0,0.75925213
10890,train,0,0.32221594
9978,train,0,0.010342102
7727,train,0,0.011071659
8312,train,0,0.011071659
6401,train,0,0.01037492
3414,train,0,0.01037492
5735,train,0,0.009526332
3728,train,0,0.011106055
10112,train,0,0.009556587
962,train,0,0.67932093
2543,train,0,0.01037492
4652,train,0,0.010230648
7723,train,0,0.009526332
9919,train,0,0.019239783
1641,train,0,0.80978966
4660,train,0,0.0093338005
8074,train,0,0.010230648
9784,train,0,0.009526332
9028,train,0,0.0110366605
2300,train,0,0.009526332
4945,train,0,0.43741032
1171,train,0,0.26787588
5030,train,0,0.009526332
4373,train,0,0.011877345
7619,train,0,0.009556587
6367,train,0,0.01037492
6623,train,0,0.009526332
6625,train,0,0.009556587
4743,train,0,0.8395294
3355,train,0,0.7156797
7299,train,0,0.65187585
10667,train,0,0.015026304
10976,train,0,0.026013585
6750,train,0,0.16974269
10267,train,0,0.013388805
4934,train,0,0.011311429
8422,train,0,0.009526332
9007,train,0,0.016965816
7609,train,0,0.05548162
9037,train,0,0.010342102
3428,train,0,0.6016524
10266,train,0,0.6932974
8599,train,0,0.6664009
8547,train,0,0.011106055
471,train,0,0.0170089
5292,train,0,0.013388805
6404,train,0,0.008782031
8847,train,0,0.010342102
3156,train,0,0.019229425
2615,train,0,0.011994149
10109,train,0,0.009526332
10077,train,0,0.009526332
6414,train,0,0.011106055
10629,train,0,0.010230648
4216,train,0,0.010342102
5029,train,0,0.009526332
6782,train,0,0.011877345
720,train,0,0.011877345
11066,train,0,0.020829517
2816,train,0,0.07501337
10515,train,0,0.6312942
4285,train,0,0.37514699
10100,train,0,0.020006396
11075,train,0,0.014852816
338,train,0,0.013705421
9031,train,0,0.009526332
6613,train,0,0.009526332
1631,train,0,0.011311429
4466,train,0,0.012530658
6140,train,0,0.019229425
4465,train,0,0.6829971
4290,train,0,0.6686072
6951,train,0,0.009526332
4903,train,0,0.010058506
10026,train,0,0.54180014
6612,train,0,0.00891659
4833,train,0,0.009526332
5255,train,0,0.009526332
4667,train,0,0.009556587
2614,train,0,0.018623354
649,train,0,0.010230648
2796,train,0,0.010230648
6408,train,0,0.79784966
783,train,0,0.010058506
8420,train,0,0.010230648
8785,train,0,0.80627847
8071,train,0,0.010342102
3612,train,0,0.015548655
3732,train,0,0.009526332
4076,train,0,0.010342102
3844,train,0,0.009526332
1222,train,0,0.019229425
10084,train,0,0.010078696
957,train,0,0.010078696
7941,train,0,0.01037492
8539,train,0,0.019229425
5282,train,0,0.01037492
5146,train,0,0.009365927
143,train,0,0.021935847
2791,train,0,0.019311067
7300,train,0,0.009526332
4551,train,0,0.36549306
7823,train,0,0.67956424
8633,train,0,0.04988944
2254,train,0,0.0093956785
2474,train,0,0.0107550975
699,train,0,0.37207937
1090,train,1,0.8781272
9560,train,0,0.6305065
4548,train,0,0.010051301
7465,train,0,0.021643905
10164,train,0,0.4362866
7281,train,0,0.019273086
8392,train,0,0.09723749
2216,train,0,0.023118956
6908,train,0,0.010650345
7480,train,0,0.009556587
2463,train,0,0.6549234
3938,train,0,0.8254835
1984,train,0,0.23119354
7450,train,0,0.011307291
2087,train,0,0.011877345
6504,train,0,0.80570585
2444,train,0,0.59881055
10775,train,0,0.013388805
6174,train,0,0.013388805
4772,train,0,0.7283282
7729,train,0,0.019229425
5747,train,0,0.5476378
7830,train,0,0.009365927
4582,train,0,0.6291173
8674,train,0,0.5910957
10821,train,0,0.013388805
9435,train,0,0.74895084
7349,train,0,0.013388805
7185,train,0,0.019229425
521,train,0,0.81979895
3635,train,0,0.009526332
8400,train,0,0.040930323
10814,train,1,0.70464665
1039,train,0,0.013388805
11045,train,0,0.49575576
4792,train,0,0.47734517
4812,train,0,0.02181014
4115,train,0,0.38347074
6913,train,0,0.010230648
1846,train,0,0.012747144
10311,train,0,0.59012556
3048,train,0,0.013388805
7472,train,0,0.2543267
1142,train,0,0.8922394
4817,train,0,0.8279727
6100,train,0,0.014012748
6482,train,0,0.014717167
8387,train,0,0.011249248
5523,train,0,0.7003124
5312,train,0,0.010475549
4486,train,0,0.013388805
9428,train,0,0.7802199
6475,train,0,0.017235233
6216,train,0,0.014717167
6385,train,0,0.0129943015
10847,train,0,0.016412297
1838,train,0,0.64594823
10720,train,0,0.014717167
2460,train,0,0.015784146
6691,train,0,0.019229425
9355,train,0,0.69519204
4416,train,0,0.011877345
9334,train,0,0.018313047
9497,train,0,0.7805114
6159,train,0,0.009526332
5136,train,0,0.020617392
2255,train,0,0.45708472
3081,train,0,0.010508787
8818,train,0,0.016412297
3568,train,0,0.016412297
6268,train,0,0.75825864
7543,train,0,0.48273158
6496,train,0,0.01149988
2284,train,0,0.079724975
7452,train,0,0.20031056
8610,train,0,0.013422759
5407,train,0,0.020198734
7462,train,0,0.010929717
1134,train,0,0.06732998
1564,train,0,0.43169948
10229,train,0,0.14980303
10304,train,0,0.071280025
6327,train,0,0.016900273
5826,train,0,0.012079524
3762,train,0,0.30294037
10008,train,0,0.011460464
1837,train,0,0.013404814
3088,train,0,0.5414783
8488,train,0,0.22912462
9257,train,0,0.021972183
8407,train,0,0.016975654
4005,train,0,0.44490117
1689,train,0,0.011460464
5829,train,0,0.6870431
7286,train,0,0.63485956
904,train,0,0.020829517
2683,train,0,0.7799041
8814,train,0,0.6573827
8497,train,0,0.51615894
7131,train,0,0.04871102
2924,train,0,0.07721682
1560,train,0,0.049314547
2879,train,0,0.80999136
8237,train,0,0.021103116
6443,train,0,0.57833654
7125,train,0,0.4554083
10210,train,0,0.19805571
7514,train,0,0.47194004
526,train,0,0.19802499
8789,train,0,0.32239175
5418,train,0,0.0090873595
737,train,0,0.80498403
743,train,0,0.14204255
1144,train,0,0.013388805
2287,train,0,0.68064624
11044,train,0,0.013388805
8268,train,0,0.14526941
7834,train,0,0.0831907
4478,train,0,0.019644273
1575,train,0,0.097907804
7091,train,0,0.5084626
9340,train,0,0.013388805
324,train,0,0.008909043
519,train,0,0.017926475
8662,train,0,0.01037492
2579,train,0,0.82867795
1748,train,0,0.80089235
3899,train,0,0.017926475
6526,train,0,0.31848273
2077,train,0,0.014530478
2676,train,0,0.85208887
6489,train,0,0.012747144
5685,train,0,0.010901993
10347,train,0,0.011106055
4583,train,1,0.86721754
8360,train,0,0.014819091
4868,train,0,0.82494795
10212,train,0,0.6632861
3361,train,0,0.012113766
5533,train,0,0.586306
6493,train,0,0.6519343
3690,train,0,0.011834163
6016,train,0,0.54222924
9252,train,0,0.7464913
5741,train,0,0.49416173
4420,train,0,0.011307291
10230,train,0,0.30645996
6547,train,0,0.688176
7447,train,0,0.0107550975
1123,train,0,0.009537767
10407,train,0,0.014057645
1114,train,0,0.013388805
6328,train,0,0.8232506
9350,train,0,0.29547092
9558,train,0,0.02115893
10007,train,0,0.019192342
7024,train,0,0.020075915
5417,train,0,0.015300585
7547,train,0,0.20282884
491,train,0,0.012747144
946,train,0,0.7584897
2450,train,0,0.7703475
9250,train,0,0.010929717
10747,train,0,0.009526332
1880,train,0,0.48469934
2555,train,0,0.011106055
761,train,0,0.12605084
8133,train,0,0.62794447
2208,train,0,0.019307205
9142,train,0,0.52906144
5452,train,0,0.018063542
6332,train,0,0.013388805
804,train,0,0.012747144
4805,train,0,0.016412297
10929,train,0,0.38217896
1552,train,0,0.66351473
9523,train,0,0.25485227
3364,train,0,0.61587775
6932,train,0,0.75661105
2461,train,0,0.3590332
4767,train,0,0.38238606
908,train,0,0.013388805
8661,train,0,0.76043075
6630,train,0,0.57565767
1119,train,0,0.009526332
1724,train,0,0.013388805
896,train,0,0.010475549
8254,train,0,0.16117129
1430,train,0,0.017647382
2647,train,0,0.008937355
6012,train,0,0.76570636
1881,train,0,0.772788
9251,train,0,0.011106055
10343,train,0,0.61383927
4703,train,0,0.012747144
7522,train,0,0.11337964
8116,train,0,0.021771206
529,train,0,0.5677333
766,train,0,0.014056052
9590,train,0,0.05634853
10213,train,0,0.6249914
5091,train,0,0.7728599
9774,train,0,0.4003534
1573,train,0,0.18690896
8741,train,0,0.35481605
5455,train,0,0.011460464
6116,train,0,0.011460464
9572,train,0,0.016955456
7234,train,0,0.009556587
6450,train,0,0.009526332
6456,train,0,0.15996373
4524,train,0,0.018910063
5095,train,0,0.009526332
3030,train,0,0.009526332
916,train,0,0.2982883
10827,train,0,0.01000304
6687,train,0,0.012747144
10044,train,0,0.27788222
8806,train,0,0.013077861
3569,train,0,0.009526332
7809,train,0,0.8631707
2198,train,0,0.021028794
3754,train,0,0.012506778
912,train,0,0.6986913
8615,train,0,0.019229425
4688,train,0,0.019229425
5449,train,0,0.0115022985
8735,train,0,0.019307205
321,train,0,0.019229425
3694,train,0,0.018626595
6172,train,0,0.009568058
10743,train,0,0.01000304
4976,train,0,0.6699097
6541,train,0,0.009046924
1763,train,0,0.05149046
4408,train,0,0.68656623
8895,train,0,0.47955838
10014,train,0,0.48738593
6113,train,0,0.019307205
2710,train,0,0.064675
7083,train,0,0.010006921
4155,train,0,0.010006921
1879,train,0,0.023998283
890,train,0,0.5744906
4579,train,0,0.013388805
9561,train,0,0.27397436
2210,train,0,0.016337454
7246,train,0,0.1706891
4241,train,0,0.5542196
8896,train,0,0.54801154
5084,train,0,0.041573167
7667,train,0,0.12618104
10154,train,0,0.011460464
9354,train,0,0.022264225
3025,train,0,0.52592975
7231,train,0,0.019229425
9366,train,0,0.010901993
5500,train,0,0.34833294
9578,train,0,0.7350039
8125,train,0,0.7765994
1034,train,0,0.014717167
746,train,0,0.011834163
7068,train,0,0.020829517
3372,train,0,0.02455185
9156,train,0,0.011286158
2277,train,0,0.01862385
3652,train,0,0.6456258
7745,train,0,0.8750305
1133,train,0,0.19183539
420,train,0,0.011286158
10402,train,0,0.47125655
1781,train,0,0.011368658
9269,train,0,0.009526332
8485,train,0,0.6728568
3052,train,0,0.38551036
7084,train,0,0.045493755
8671,train,0,0.27146748
7817,train,0,0.011834163
3940,train,0,0.6461901
3063,train,0,0.011345502
8659,train,0,0.82571816
2559,train,0,0.7278725
376,train,0,0.028116109
5428,train,0,0.009046924
1559,train,0,0.686838
4878,train,0,0.6405047
5411,train,0,0.012650254
1425,train,0,0.019948244
7526,train,0,0.01571662
5942,train,0,0.053463966
2948,train,0,0.019242078
7317,train,0,0.40253508
5686,train,0,0.1867645
9576,train,0,0.2246074
9495,train,0,0.011834163
1093,train,0,0.77634823
8914,train,0,0.019229425
3051,train,0,0.24661374
5421,train,0,0.7610403
6168,train,0,0.019229425
3435,train,0,0.019229425
6675,train,0,0.019229425
10805,train,0,0.016900273
936,train,0,0.18041542
7130,train,0,0.15542878
1958,train,0,0.6319072
8620,train,0,0.6550372
6001,train,0,0.028839134
8672,train,0,0.015522894
10812,train,0,0.6263443
1258,train,0,0.009526332
8744,train,0,0.011834163
1102,train,0,0.43475547
897,train,0,0.5934731
6917,train,0,0.46704385
5433,train,0,0.016412297
8129,train,0,0.014920942
2280,train,0,0.20631257
10408,train,0,0.018604469
7529,train,0,0.011834163
9747,train,0,0.5648258
10198,train,0,0.011834163
10144,train,0,0.010051301
2838,train,0,0.016318
10233,train,0,0.009526332
3449,train,0,0.012747144
5311,train,0,0.01020943
7048,train,0,0.017045565
8663,train,0,0.014732808
8863,train,0,0.27661234
10221,train,0,0.035379846
4160,train,0,0.046077773
69,train,0,0.399651
8274,train,0,0.010342102
10928,train,0,0.010733314
1680,train,0,0.011834163
3696,train,0,0.34200066
8463,train,0,0.019229425
2583,train,0,0.8708051
10930,train,0,0.009526332
3920,train,0,0.5692278
10006,train,0,0.71460414
5748,train,0,0.19260937
8399,train,0,0.25608733
2566,train,0,0.30756646
4119,train,0,0.677743
10458,train,0,0.010230648
10777,train,0,0.014717167
9519,train,0,0.13707092
9553,train,0,0.05385907
2396,train,0,0.19046448
3934,train,0,0.016975654
8635,train,0,0.023165148
6163,train,0,0.019219233
1842,train,0,0.019229425
6924,train,0,0.05634853
3942,train,0,0.009526332
5831,train,0,0.011834163
4405,train,0,0.011834163
7385,train,0,0.18410172
2221,train,0,0.017579164
1259,train,0,0.62665796
2076,train,0,0.022473479
6120,train,0,0.01743857
5738,train,0,0.009526332
6521,train,0,0.013388805
4243,train,0,0.019229425
3434,train,0,0.02181014
4866,train,0,0.011834163
6276,train,0,0.2425305
8115,train,0,0.81976575
8474,train,0,0.56352234
10196,train,0,0.018840142
4807,train,0,0.041573167
10925,train,0,0.032676864
494,train,0,0.5563269
2204,train,0,0.48052007
9587,train,0,0.016955456
1759,train,0,0.15731041
8730,train,0,0.011834163
2459,train,0,0.011425791
9557,train,0,0.011834163
2557,train,0,0.011834163
9743,train,0,0.011834163
4449,train,0,0.017982926
3752,train,0,0.011834163
4399,train,0,0.011834163
2928,train,0,0.009526332
7527,train,0,0.6778911
10223,train,0,0.013388805
10828,train,0,0.009526332
2085,train,0,0.036181215
5524,train,0,0.009526332
8729,train,0,0.78624094
8511,train,0,0.7443645
6371,train,0,0.8008388
3891,train,0,0.01037492
8271,train,0,0.69253665
5504,train,0,0.010929717
1131,train,0,0.11399148
2572,train,0,0.009499872
10997,train,0,0.009009706
6092,train,0,0.021103116
478,train,0,0.009526332
7249,train,0,0.7806423
7022,train,0,0.41145453
6372,train,0,0.7092066
4003,train,0,0.009526332
6549,train,0,0.51059383
2279,train,0,0.5796162
2939,train,0,0.013388805
7448,train,0,0.011834163
3105,train,0,0.87806004
6918,train,0,0.36270234
4781,train,0,0.009526332
4774,train,0,0.029650778
8366,train,0,0.18596587
9370,train,0,0.27664787
4477,train,0,0.009526332
5946,train,0,0.09394861
4240,train,0,0.013388805
3931,train,0,0.009526332
6334,train,0,0.012530658
7595,train,0,0.01000304
4867,train,0,0.7435192
8359,train,0,0.77077425
5527,train,0,0.012747144
6546,train,0,0.009526332
8481,train,0,0.68218315
518,train,0,0.019654183
8476,train,0,0.6586358
10758,train,0,0.8489401
10830,train,0,0.009526332
4545,train,0,0.011834163
6126,train,0,0.011834163
8510,train,0,0.015262246
10226,train,0,0.009526332
4865,train,0,0.017982926
1437,train,0,0.45941505
7053,train,0,0.7209662
3508,train,0,0.018176395
3442,train,0,0.3514021
6931,train,0,0.009078965
7233,train,0,0.4297205
3915,train,0,0.012785186
8509,train,0,0.014696513
7668,train,0,0.12795104
10605,train,0,0.009046924
5530,train,0,0.0107550975
10748,train,0,0.009537767
10156,train,0,0.54892117
9763,train,0,0.009537767
1684,train,0,0.026298832
6197,train,0,0.013388805
5098,train,0,0.43454963
1562,train,0,0.3841566
2458,train,0,0.009058577
9489,train,0,0.7475593
706,train,0,0.7617625
8742,train,0,0.15410632
7076,train,0,0.018614495
6929,train,0,0.8191664
6343,train,0,0.013388805
3439,train,0,0.012747144
7085,train,0,0.019219233
10395,train,0,0.009365927
3697,train,0,0.011106055
2655,train,0,0.019307205
5075,train,0,0.013388805
3911,train,0,0.010342102
7101,train,0,0.2929663
8361,train,0,0.87299633
3910,train,0,0.011834163
1256,train,1,0.9021271
1455,train,0,0.7099082
6386,train,0,0.83188677
298,train,0,0.11682413
9779,train,0,0.010155292
768,train,0,0.019229425
4481,train,0,0.019229425
311,train,0,0.013388805
5134,train,0,0.01794281
10834,train,0,0.019229425
1135,train,0,0.8050261
10606,train,0,0.012747144
3939,train,0,0.009526332
6177,train,0,0.009526332
3022,train,0,0.012747144
6676,train,0,0.019229425
2944,train,0,0.013388805
3058,train,0,0.7724573
6567,train,0,0.63796264
6550,train,0,0.012747144
10169,train,0,0.5089667
8395,train,0,0.02181014
6488,train,0,0.014717167
753,train,0,0.08212465
7464,train,0,0.23370382
4980,train,0,0.010929717
4888,train,0,0.015593518
7049,train,0,0.17802458
10318,train,0,0.009046924
4485,train,0,0.009926333
4825,train,0,0.009537767
3890,train,0,0.017585646
10397,train,0,0.30661196
10016,train,0,0.011460464
3104,train,0,0.009537767
10945,train,0,0.010230648
6524,train,0,0.632454
7531,train,0,0.00972865
5948,train,0,0.009526332
1567,train,0,0.012994253
60,train,0,0.010732338
1436,train,0,0.01000304
2646,train,0,0.011446751
3687,train,0,0.4674018
6562,train,0,0.009526332
4440,train,0,0.514042
2709,train,0,0.010742219
7023,train,0,0.018614495
6636,train,0,0.80924845
10225,train,0,0.009526332
10596,train,0,0.70430875
2395,train,0,0.844175
8857,train,0,0.60852534
2393,train,0,0.03155677
9555,train,0,0.017982926
7232,train,0,0.009526332
5497,train,0,0.5221834
7064,train,0,0.013164229
5318,train,0,0.010342102
7460,train,0,0.010901993
3510,train,0,0.0097432975
2554,train,0,0.011834163
10050,train,0,0.011834163
8638,train,0,0.011834163
70,train,0,0.011877345
1058,train,0,0.11265654
1956,train,0,0.011834163
6180,train,0,0.010342102
2281,train,0,0.010342102
9346,train,0,0.7165926
2084,train,0,0.0093956785
2228,train,0,0.76503
8639,train,0,0.019229425
2930,train,0,0.013388805
4163,train,0,0.01202235
4986,train,0,0.01037492
10810,train,0,0.013388805
3023,train,0,0.013388805
10400,train,0,0.016943213
7031,train,0,0.4115346
9577,train,0,0.011106055
8117,train,0,0.01037492
10201,train,0,0.011106055
8810,train,0,0.011684521
52,train,0,0.016943213
9342,train,0,0.009526332
10590,train,0,0.5520176
3893,train,0,0.6560561
10042,train,0,0.6502712
9273,train,0,0.013388805
790,train,0,0.012747144
6498,train,0,0.017820232
7488,train,0,0.01654239
2226,train,0,0.010929717
6005,train,0,0.045703795
5087,train,0,0.009046924
9567,train,0,0.010929717
760,train,0,0.013404814
738,train,0,0.38568273
6544,train,0,0.18896353
1736,train,0,0.45124462
1832,train,0,0.48125204
10470,train,0,0.7781786
7229,train,0,0.009556587
7477,train,0,0.013388805
3897,train,0,0.011446751
8856,train,0,0.84189516
8665,train,0,0.020829517
51,train,0,0.010650345
3086,train,0,0.013388805
8860,train,0,0.011446751
4156,train,0,0.7029177
6215,train,0,0.011221623
3627,train,0,0.009526332
7657,train,0,0.010742219
9491,train,0,0.012113766
3445,train,0,0.009526332
1260,train,0,0.009526332
10755,train,0,0.013388805
9570,train,0,0.78266805
5093,train,0,0.013388805
703,train,0,0.77594894
7343,train,0,0.012747144
9265,train,0,0.3877541
9554,train,0,0.011834163
8251,train,0,0.7814655
901,train,0,0.013388805
884,train,0,0.011106055
7826,train,0,0.010583663
8099,train,0,0.7790624
1094,train,0,0.009526332
3637,train,0,0.011286158
7069,train,0,0.02115893
8504,train,0,0.011834163
10770,train,0,0.56587946
3941,train,0,0.73451513
1147,train,0,0.010230648
8464,train,0,0.010342102
5305,train,0,0.2418902
1777,train,0,0.013388805
2218,train,0,0.13606709
5681,train,0,0.011106055
5422,train,0,0.5278768
6219,train,0,0.3473858
6106,train,0,0.67283154
5102,train,0,0.012747144
3638,train,0,0.69036007
1051,train,0,0.62737554
8478,train,0,0.019229425
1765,train,0,0.013388805
3895,train,0,0.011834163
7476,train,0,0.19982396
1536,train,0,0.013388805
10013,train,0,0.011834163
4707,train,0,0.727684
9436,train,0,0.01786313
4983,train,0,0.7355883
4694,train,0,0.6208478
932,train,0,0.31437984
4763,train,0,0.728467
3096,train,0,0.013388805
895,train,0,0.6557812
4010,train,0,0.23656964
9271,train,0,0.012747144
877,train,0,0.26928157
3567,train,0,0.019229425
6448,train,0,0.6562105
7100,train,0,0.7156212
10193,train,0,0.7263266
4231,train,0,0.41654277
2285,train,0,0.010058506
2679,train,0,0.828671
1738,train,0,0.012747144
705,train,0,0.019229425
5943,train,0,0.009526332
4161,train,0,0.64267206
5090,train,0,0.76076937
5068,train,0,0.46876857
9147,train,0,0.012747144
9140,train,0,0.013388805
4820,train,0,0.40446433
6468,train,0,0.0375242
1267,train,0,0.60126364
4601,train,0,0.32867035
919,train,0,0.26490825
6688,train,0,0.012747144
1782,train,0,0.013388805
9758,train,0,0.6367194
5941,train,0,0.6119586
6906,train,0,0.012747144
3440,train,0,0.6053924
10308,train,0,0.012747144
9379,train,0,0.87630314
4689,train,0,0.042182412
8484,train,0,0.039338592
2219,train,0,0.8208226
10843,train,0,0.013388805
6936,train,0,0.6516692
5442,train,0,0.017235233
8907,train,0,0.010475549
10825,train,0,0.020829517
4129,train,0,0.017235233
4439,train,0,0.09164147
10157,train,0,0.014098168
5408,train,0,0.16674137
6497,train,0,0.33110896
4883,train,0,0.010929717
1423,train,0,0.010929717
8466,train,0,0.08982464
8100,train,0,0.009499872
303,train,0,0.01587704
11054,train,0,0.23352234
6015,train,0,0.009499872
10166,train,0,0.009499872
2833,train,0,0.06251894
9363,train,0,0.09959389
4880,train,0,0.011325211
7072,train,0,0.39829734
10228,train,0,0.19415991
9276,train,0,0.11689167
3645,train,0,0.060329787
922,train,0,0.009046924
5315,train,0,0.010015041
876,train,0,0.011460464
5420,train,0,0.14371745
2199,train,0,0.25066793
7593,train,0,0.08984596
1569,train,0,0.70672166
1571,train,0,0.010650345
5426,train,0,0.23992302
7026,train,0,0.7895069
7123,train,0,0.01000304
4598,train,0,0.5452546
744,train,0,0.5646254
5057,train,0,0.018198946
7812,train,0,0.010034794
751,train,0,0.011446751
4764,train,0,0.009526332
530,train,0,0.81017303
5088,train,0,0.6926364
1994,train,0,0.49239063
1553,train,0,0.6997538
7392,train,0,0.014057645
1446,train,0,0.010034794
2845,train,0,0.8097135
6384,train,0,0.010733314
8911,train,0,0.009526332
6093,train,0,0.009526332
1041,train,0,0.05093139
488,train,0,0.018507201
7288,train,0,0.69905955
6275,train,0,0.011834163
2846,train,0,0.019229425
7041,train,0,0.73658544
10159,train,0,0.011834163
6672,train,0,0.41552588
9574,train,0,0.49704066
1445,train,0,0.01037492
9524,train,0,0.42881185
7831,train,0,0.7903136
9378,train,0,0.009526332
1551,train,0,0.009526332
4121,train,0,0.73475736
1056,train,0,0.1835664
6153,train,0,0.019229425
10216,train,0,0.009526332
9527,train,0,0.022188056
5313,train,0,0.010901993
4686,train,0,0.74068433
6632,train,0,0.011106055
4421,train,0,0.8105926
3059,train,0,0.41060784
9744,train,0,0.015784146
6195,train,0,0.70098096
1097,train,0,0.6735567
1681,train,0,0.38450807
6161,train,0,0.020012885
482,train,0,0.009526332
2759,train,0,0.61504066
10780,train,0,0.009556587
2768,train,0,0.009526332
7241,train,0,0.41853127
7193,train,0,0.010342102
10607,train,0,0.010342102
8256,train,0,0.009526332
915,train,0,0.010230648
7244,train,0,0.0085408455
6212,train,0,0.010230648
6491,train,0,0.009526332
10215,train,0,0.76843154
4479,train,0,0.82885325
1156,train,0,0.010475549
5817,train,0,0.035021152
1985,train,0,0.03518246
5443,train,0,0.008545806
1986,train,0,0.008339765
8468,train,0,0.614839
3572,train,0,0.009537767
933,train,0,0.51691395
3029,train,0,0.010391467
6523,train,0,0.009526332
4803,train,0,0.01000304
7520,train,0,0.012160096
1533,train,0,0.78110176
4782,train,0,0.07176705
8255,train,0,0.169274
2556,train,0,0.14584036
10399,train,0,0.5954791
10297,train,0,0.010015041
3921,train,0,0.01037492
8788,train,0,0.6939359
9563,train,0,0.01037492
1154,train,0,0.31988963
5938,train,0,0.010230648
5415,train,0,0.013271683
7325,train,0,0.61736447
3074,train,0,0.031376343
7446,train,0,0.37852225
2773,train,0,0.030121865
3691,train,0,0.05275248
9488,train,0,0.08919402
4407,train,0,0.014098168
2478,train,0,0.123400584
9247,train,0,0.014732808
9525,train,0,0.010929717
4244,train,0,0.19307406
9515,train,0,0.009530044
2586,train,0,0.43434906
941,train,0,0.010202253
7050,train,0,0.008792505
7492,train,0,0.009868956
6382,train,0,0.020215835
9520,train,0,0.010202253
8104,train,0,0.009994925
3914,train,0,0.011104484
7467,train,0,0.014732808
4109,train,0,0.009046924
799,train,0,0.018525476
9345,train,0,0.009325819
380,train,0,0.10945839
2713,train,0,0.012810832
10820,train,0,0.009046924
2202,train,0,0.18422894
1130,train,0,0.015963616
6338,train,0,0.41072914
2207,train,0,0.47823483
9390,train,0,0.27720615
7453,train,0,0.08335606
5677,train,0,0.011460464
1679,train,0,0.036511812
523,train,0,0.43285567
5447,train,0,0.18391964
8391,train,0,0.5728585
7816,train,0,0.0107550975
1677,train,0,0.011460464
3095,train,0,0.42137903
6209,train,0,0.017418474
8472,train,0,0.021693744
5821,train,0,0.01000304
2878,train,0,0.011446751
3045,train,0,0.009526332
11055,train,0,0.013358183
9749,train,0,0.011446751
3753,train,0,0.3354554
5105,train,0,0.010034794
1542,train,0,0.009526332
8482,train,0,0.011446751
299,train,0,0.009526332
10724,train,0,0.009526332
5066,train,0,0.532545
2229,train,0,0.33377302
8905,train,0,0.009526332
1059,train,0,0.019219233
7181,train,0,0.52444917
10937,train,0,0.009526332
9581,train,0,0.012747144
9591,train,0,0.59658575
6528,train,0,0.6492797
6013,train,0,0.39243189
6460,train,0,0.020829517
8812,train,0,0.61585504
8105,train,0,0.021103116
2849,train,0,0.6187118
11042,train,0,0.009526332
6167,train,0,0.009749027
3565,train,0,0.009526332
2551,train,0,0.032398164
2665,train,0,0.6904338
6118,train,0,0.8276552
5956,train,0,0.009861754
2834,train,0,0.010342102
6471,train,0,0.009526332
7088,train,0,0.41465557
3764,train,0,0.019239783
7194,train,0,0.011106055
745,train,0,0.38463536
2880,train,0,0.012146105
2187,train,0,0.013705421
1874,train,0,0.010901993
7470,train,0,0.010342102
7813,train,0,0.63498336
8124,train,0,0.19383746
4092,train,0,0.8810976
6545,train,0,0.009526332
7384,train,0,0.01037492
5356,train,0,0.009526332
7449,train,0,0.01037492
6125,train,0,0.012101281
3695,train,0,0.011834163
10341,train,0,0.011834163
5405,train,0,0.010342102
3065,train,0,0.5347117
6509,train,0,0.010342102
1111,train,0,0.012718241
10829,train,0,0.6355355
5410,train,0,0.010342102
4776,train,0,0.009526332
7478,train,0,0.009526332
10593,train,0,0.009556587
8356,train,0,0.8185341
2192,train,0,0.010003885
4093,train,0,0.011106055
7747,train,0,0.012747144
7815,train,0,0.429927
8629,train,0,0.76493824
1055,train,0,0.009526332
8408,train,0,0.009556587
1687,train,0,0.01786313
1572,train,0,0.019239783
4590,train,0,0.008453257
4875,train,0,0.6894664
5951,train,0,0.6280535
6671,train,0,0.014290985
4532,train,0,0.6620362
10737,train,0,0.44775093
4884,train,0,0.02455185
3761,train,0,0.76933545
8816,train,0,0.61252975
3759,train,0,0.011106055
9742,train,0,0.020052262
7104,train,0,0.019229425
10404,train,0,0.022253282
5947,train,0,0.5133424
3031,train,0,0.019229425
5138,train,0,0.40703484
7383,train,0,0.018573387
3689,train,0,0.31816518
10849,train,0,0.32929033
10235,train,0,0.7692168
5080,train,0,0.012276924
8745,train,0,0.023702433
9740,train,0,0.855795
3922,train,0,0.8503996
4881,train,0,0.90384716
11013,train,0,0.023147782
7332,train,0,0.55329365
7065,train,0,0.042098485
10298,train,0,0.6748843
3027,train,0,0.7923605
2286,train,0,0.014670546
10168,train,0,0.015749145
5940,train,0,0.009526332
5451,train,0,0.020829517
6695,train,0,0.010230648
9556,train,0,0.5169733
7051,train,0,0.8100456
2196,train,0,0.018534534
6453,train,0,0.7995614
1774,train,0,0.010342102
5493,train,0,0.01037492
4473,train,0,0.84854865
8865,train,0,0.72389525
5818,train,0,0.010342102
4232,train,0,0.41052184
7528,train,0,0.5891068
3925,train,0,0.010230648
6485,train,0,0.009526332
6127,train,0,0.016782658
8114,train,0,0.011106055
5517,train,0,0.009712457
4484,train,0,0.10350331
9776,train,0,0.010342102
3649,train,0,0.009365927
2477,train,0,0.0138348695
2190,train,0,0.014978375
6207,train,0,0.009556587
3760,train,0,0.7756122
4525,train,0,0.012496836
8101,train,0,0.016782658
1952,train,0,0.014978375
5303,train,0,0.01954675
6514,train,0,0.5871052
5510,train,0,0.68976307
6095,train,0,0.009526332
3369,train,0,0.014978375
2850,train,0,0.26416865
8792,train,0,0.7990205
9365,train,0,0.011877345
6494,train,0,0.27422968
2259,train,0,0.01880525
7833,train,0,0.01724976
6337,train,0,0.2753798
4471,train,0,0.009526332
6501,train,0,0.8215025
1159,train,0,0.76363677
1546,train,0,0.009526332
1421,train,0,0.010342102
58,train,0,0.011834163
9490,train,0,0.01480135
8636,train,0,0.08335587
10832,train,0,0.08335587
10046,train,0,0.009365927
9148,train,0,0.5171362
9145,train,0,0.012747144
4102,train,0,0.016940916
4128,train,0,0.009526332
6194,train,0,0.009526332
7750,train,0,0.38794646
1095,train,0,0.75245196
9151,train,0,0.019229425
5668,train,0,0.4204075
10839,train,0,0.01790748
8682,train,0,0.8809257
3892,train,0,0.011106055
8660,train,0,0.014978375
10603,train,0,0.014978375
7535,train,0,0.8149964
2462,train,0,0.020659756
4164,train,0,0.020829517
6444,train,0,0.009526332
7455,train,0,0.019229425
8628,train,0,0.0107227275
10150,train,0,0.013225559
4556,train,0,0.6001516
5505,train,0,0.017718596
2251,train,0,0.017045237
3092,train,0,0.82863945
8681,train,0,0.017231526
5528,train,0,0.6555292
2447,train,0,0.671893
3894,train,0,0.017966563
10609,train,0,0.26800513
4022,train,0,0.85556686
6533,train,0,0.6611091
9327,train,0,0.0093956785
2468,train,0,0.13708818
7128,train,0,0.20722406
3109,train,0,0.20722406
4418,train,0,0.07169919
10153,train,0,0.050090056
4543,train,0,0.38299012
3064,train,0,0.012079524
6272,train,0,0.2209004
10854,train,0,0.136745
5419,train,0,0.08471973
3507,train,0,0.08721661
1683,train,0,0.25768003
2716,train,0,0.010929717
3362,train,0,0.010929717
7052,train,0,0.20607837
10840,train,0,0.21340458
7103,train,0,0.012043103
6217,train,0,0.47467524
7032,train,0,0.011407321
8495,train,0,0.16966896
1441,train,0,0.009499872
3919,train,0,0.009499872
7513,train,0,0.009499872
5676,train,0,0.010268559
5439,train,0,0.18445231
7097,train,0,0.009046924
4535,train,0,0.18998177
4009,train,0,0.009046924
8462,train,0,0.009046924
2708,train,0,0.34163374
6210,train,0,0.015126451
1544,train,0,0.032630097
5999,train,0,0.34889895
6926,train,0,0.01654239
6681,train,0,0.01876939
10732,train,0,0.009537767
1729,train,0,0.18444788
4448,train,0,0.43928945
8916,train,0,0.13140184
6350,train,0,0.016975654
5431,train,0,0.013404814
5104,train,0,0.009537767
4578,train,0,0.009537767
1885,train,0,0.011460464
3693,train,0,0.0100633595
10148,train,0,0.020854237
1447,train,0,0.02176782
6564,train,0,0.009537767
5094,train,0,0.02112815
480,train,0,0.54958194
8791,train,0,0.49464154
9750,train,0,0.0107550975
4554,train,0,0.3504888
4441,train,0,0.022147873
1561,train,0,0.011446751
4002,train,0,0.009537767
4021,train,0,0.13906324
4533,train,0,0.77227277
3062,train,0,0.011460464
10756,train,0,0.018827276
5939,train,0,0.010391467
2668,train,0,0.009526332
3916,train,0,0.010236763
1744,train,0,0.009526332
10602,train,0,0.009526332
7523,train,0,0.5742015
7077,train,0,0.7533109
3561,train,0,0.009526332
6091,train,0,0.28208938
6554,train,0,0.019006098
2475,train,0,0.35236698
8677,train,0,0.6812576
6228,train,0,0.0094841
7542,train,0,0.010733314
6187,train,0,0.13108541
1754,train,0,0.012747144
1557,train,0,0.7184414
2670,train,0,0.012747144
8727,train,0,0.3794959
6469,train,0,0.7273832
2946,train,0,0.012747144
11061,train,0,0.009526332
48,train,0,0.50859904
3111,train,0,0.010742219
2004,train,0,0.009526332
9387,train,0,0.017343113
6522,train,0,0.022951335
7821,train,0,0.27437666
5516,train,0,0.009526332
2456,train,0,0.01254254
3373,train,0,0.4877529
7080,train,0,0.55218637
8619,train,0,0.011106055
7045,train,0,0.01037492
11046,train,0,0.010342102
1773,train,0,0.009526332
10944,train,0,0.009526332
11010,train,0,0.0159446
10922,train,0,0.012146105
516,train,0,0.8364587
2552,train,0,0.010342102
2847,train,0,0.8274367
9358,train,0,0.4267692
6474,train,0,0.009526332
2256,train,0,0.37218115
3036,train,0,0.011011104
10608,train,0,0.010230648
6629,train,0,0.018563537
7090,train,0,0.0109614795
1543,train,0,0.010230648
10476,train,0,0.009526332
479,train,0,0.01343609
7336,train,0,0.010230648
62,train,0,0.6153254
2661,train,0,0.49110514
2765,train,0,0.009556587
6198,train,0,0.009526332
8110,train,0,0.012350797
9583,train,0,0.009526332
3943,train,0,0.010230648
8627,train,0,0.011106055
524,train,0,0.019239783
6223,train,0,0.77495956
5494,train,0,0.010051301
9326,train,0,0.009526332
3047,train,0,0.21423982
10746,train,0,0.009526332
6019,train,0,0.019115971
6505,train,0,0.017982926
7245,train,0,0.009556587
7814,train,0,0.01649909
10725,train,0,0.009526332
3576,train,0,0.009526332
4447,train,0,0.011834163
1953,train,0,0.7274696
2760,train,0,0.010230648
909,train,0,0.009526332
7338,train,0,0.009526332
10597,train,0,0.010230648
4677,train,0,0.012072208
5674,train,0,0.019229425
6354,train,0,0.009556587
5069,train,0,0.13985541
925,train,0,0.009526332
7473,train,0,0.08117681
2656,train,0,0.5940564
6461,train,0,0.009526332
3636,train,0,0.009526332
1775,train,0,0.009092595
1989,train,0,0.41014224
6265,train,0,0.011106055
7530,train,0,0.8160545
4246,train,0,0.7871
6678,train,0,0.013388805
7326,train,0,0.010230648
5321,train,0,0.010342102
8397,train,0,0.76865184
9360,train,0,0.020006396
6519,train,0,0.13121791
6916,train,0,0.009526332
8238,train,0,0.6460853
4800,train,0,0.009526332
6480,train,0,0.013490691
5519,train,0,0.010058506
9371,train,0,0.80648875
1995,train,0,0.009526332
7482,train,0,0.016955456
67,train,0,0.7260204
1732,train,0,0.009526332
786,train,0,0.013388805
1747,train,0,0.5887262
6532,train,0,0.009526332
1760,train,0,0.62065977
6189,train,0,0.008453257
1272,train,0,0.010230648
2220,train,0,0.01037492
10222,train,0,0.009526332
3443,train,0,0.009526332
10208,train,0,0.0123464875
7578,train,0,0.7015187
2723,train,0,0.52806365
2081,train,0,0.011877345
6457,train,0,0.009526332
7486,train,0,0.7911626
6922,train,0,0.009556587
7484,train,0,0.084215865
7247,train,0,0.009526332
6170,train,0,0.009526332
8898,train,0,0.8298573
1826,train,0,0.013388805
7666,train,0,0.011106055
6199,train,0,0.009526332
8739,train,0,0.019229425
1840,train,0,0.009526332
10316,train,0,0.009526332
3091,train,0,0.009556587
6529,train,0,0.010586834
9513,train,0,0.24696565
1261,train,0,0.009556587
7663,train,0,0.875263
8829,train,0,0.654493
7461,train,0,0.011834163
10586,train,0,0.009526332
792,train,0,0.009526332
1053,train,0,0.039846674
802,train,0,0.009526332
9333,train,0,0.015111753
3360,train,0,0.014978375
1770,train,0,0.010230648
10778,train,0,0.009526332
3898,train,0,0.011647608
5683,train,0,0.01954675
2758,train,0,0.012747144
2080,train,0,0.023881504
11060,train,0,0.5727421
6558,train,0,0.009526332
2947,train,0,0.009526332
5304,train,0,0.7641341
6176,train,0,0.37856588
10466,train,0,0.009526332
5502,train,0,0.019229425
7320,train,0,0.010230648
307,train,0,0.37593576
4765,train,0,0.012506778
6481,train,0,0.008453257
5531,train,0,0.02012001
4547,train,0,0.74907553
7516,train,0,0.011106055
1548,train,0,0.019229425
880,train,0,0.015833959
1731,train,0,0.019675232
50,train,0,0.01037492
7039,train,0,0.02012001
3946,train,0,0.041573167
1725,train,0,0.016412297
7089,train,0,0.019229425
6261,train,0,0.7859342
3097,train,0,0.009526332
910,train,0,0.64869857
6008,train,0,0.01646182
6218,train,0,0.010342102
8248,train,0,0.6119853
7575,train,0,0.017235233
1429,train,0,0.022077043
5520,train,0,0.009526332
7671,train,0,0.0093956785
316,train,0,0.6872978
7353,train,0,0.009526332
3101,train,0,0.4190335
4111,train,0,0.8780326
2685,train,0,0.009526332
5092,train,0,0.019229425
7352,train,0,0.7872345
2933,train,0,0.31810623
5670,train,0,0.108274326
7515,train,0,0.10305962
4684,train,0,0.017090194
2194,train,0,0.1938106
3509,train,0,0.25694397
8605,train,0,0.12060007
4091,train,0,0.066087276
3069,train,0,0.07313403
749,train,0,0.15437911
1884,train,0,0.21060945
9566,train,0,0.16316964
2648,train,0,0.17892016
8120,train,0,0.026365966
10045,train,0,0.21980548
2563,train,0,0.020722339
9259,train,0,0.1367572
10816,train,0,0.088587455
7659,train,0,0.0232929
10409,train,0,0.09627259
5825,train,0,0.23497786
7829,train,0,0.049440797
944,train,0,0.17355523
3375,train,0,0.010929717
327,train,0,0.010929717
7660,train,0,0.010929717
2203,train,0,0.010929717
1418,train,0,0.010202253
4235,train,0,0.12048092
1103,train,0,0.009046924
5444,train,0,0.24259508
6375,train,0,0.009046924
10211,train,0,0.01011495
10171,train,0,0.019913245
7519,train,0,0.015727356
9335,train,0,0.015180834
2394,train,0,0.009773843
5830,train,0,0.009530044
4103,train,0,0.013410901
10218,train,0,0.07660566
61,train,0,0.092145845
6270,train,0,0.010202253
1435,train,0,0.21266215
4879,train,0,0.048135865
6637,train,0,0.14511122
3646,train,0,0.10304417
8367,train,0,0.01011495
5816,train,0,0.34134802
2641,train,0,0.010202253
2186,train,0,0.009499872
49,train,0,0.010929717
5076,train,0,0.009365628
5317,train,0,0.18546747
6006,train,0,0.012079524
2215,train,0,0.010929717
1743,train,0,0.009046924
6449,train,0,0.008675223
2565,train,0,0.01615304
2721,train,0,0.40622777
1539,train,0,0.010911721
879,train,0,0.2930264
3906,train,0,0.18892911
9493,train,0,0.059448212
2770,train,0,0.11555792
2935,train,0,0.03557325
1037,train,0,0.009537767
2558,train,0,0.010015041
6226,train,0,0.009537767
6557,train,0,0.010015041
7479,train,0,0.009537767
6227,train,0,0.009537767
4815,train,0,0.016975654
6101,train,0,0.009537767
10935,train,0,0.009537767
2261,train,0,0.011620637
4690,train,0,0.0106631145
5071,train,0,0.009537767
5414,train,0,0.0107550975
6165,train,0,0.009537767
6515,train,0,0.010015041
913,train,0,0.017585646
6353,train,0,0.39074343
4816,train,0,0.010015041
4476,train,0,0.18339695
2649,train,0,0.44070157
7335,train,0,0.018626595
7536,train,0,0.018626595
8861,train,0,0.0115022985
5949,train,0,0.009537767
6162,train,0,0.009873588
6326,train,0,0.011450507
5081,train,0,0.009568058
10398,train,0,0.011460464
11049,train,0,0.009537767
10301,train,0,0.009831643
2756,train,0,0.27411586
8252,train,0,0.009537767
9343,train,0,0.009537767
9344,train,0,0.011323807
8458,train,0,0.6240375
2000,train,0,0.46549958
6679,train,0,0.013404814
4242,train,0,0.010015041
3078,train,0,0.00813887
4446,train,0,0.021771206
7242,train,0,0.009537767
1741,train,0,0.010034794
8732,train,0,0.79617995
8626,train,0,0.4481197
1558,train,0,0.26739648
6510,train,0,0.029336147
5085,train,0,0.012747144
6473,train,0,0.020829517
704,train,0,0.59330744
9585,train,0,0.010830764
11062,train,0,0.011159026
319,train,0,0.011446751
7324,train,0,0.20564951
1750,train,0,0.009526332
11059,train,0,0.30033186
7749,train,0,0.6927983
3643,train,0,0.009526332
798,train,0,0.49218723
10718,train,0,0.047254704
2927,train,0,0.83856606
4791,train,0,0.009526332
6517,train,0,0.58476883
7672,train,0,0.5563977
1990,train,0,0.009526332
914,train,0,0.009526332
7655,train,0,0.010034794
10598,train,0,0.010684132
7127,train,0,0.63593495
2252,train,0,0.010230648
10822,train,0,0.009526332
5106,train,0,0.009526332
9261,train,0,0.009526332
8240,train,0,0.009526332
9272,train,0,0.07790358
1767,train,0,0.010034794
10053,train,0,0.43586025
1087,train,0,0.009526332
4116,train,0,0.009526332
7121,train,0,0.019356687
5074,train,0,0.009526332
9262,train,0,0.8489241
1254,train,0,0.009526332
4482,train,0,0.009526332
4702,train,0,0.017343113
5320,train,0,0.7091859
1443,train,0,0.45355228
6928,train,0,0.009526332
4778,train,0,0.73934966
10015,train,0,0.6502173
7836,train,0,0.010742219
6264,train,0,0.01000304
1876,train,0,0.021103116
7463,train,0,0.011436805
1737,train,0,0.009526332
8358,train,0,0.7368823
9782,train,0,0.009526332
6551,train,0,0.013388805
4539,train,0,0.020829517
9738,train,0,0.7485586
5100,train,0,0.33608398
4101,train,0,0.35213158
2660,train,0,0.014056052
7594,train,0,0.009861754
8280,train,0,0.009526332
531,train,0,0.011446751
2657,train,0,0.014057645
2224,train,0,0.010754657
7190,train,0,0.32085955
2569,train,0,0.018604469
1828,train,0,0.009526332
2448,train,0,0.44091746
2941,train,0,0.009526332
11043,train,0,0.01000304
1248,train,0,0.009526332
6347,train,0,0.009526332
9133,train,0,0.009526332
1107,train,0,0.009526332
5509,train,0,0.011446751
2678,train,0,0.009058577
9761,train,0,0.010865116
3098,train,0,0.009526332
7393,train,0,0.018614495
10844,train,0,0.7818249
9270,train,0,0.008169722
7250,train,0,0.1196618
7739,train,0,0.009556587
6911,train,0,0.023806356
7485,train,0,0.63392806
8793,train,0,0.011106055
1161,train,0,0.012184826
4410,train,0,0.012184826
2582,train,0,0.72641724
4793,train,0,0.009992307
5349,train,0,0.009526332
3945,train,0,0.011118909
6483,train,0,0.05634853
1045,train,0,0.010248409
6344,train,0,0.25400802
2248,train,0,0.011106055
4693,train,0,0.010590605
6370,train,0,0.009526332
740,train,0,0.35677707
4403,train,0,0.017706841
9769,train,0,0.009526332
791,train,0,0.009526332
5306,train,0,0.01037492
9279,train,0,0.009556587
4696,train,0,0.7255251
4972,train,0,0.011106055
5513,train,0,0.011763937
4797,train,0,0.009526332
1115,train,0,0.02155403
1993,train,0,0.009526332
924,train,0,0.009526332
10599,train,0,0.009526332
935,train,0,0.009526332
10589,train,0,0.009526332
5512,train,0,0.013388805
6376,train,0,0.009526332
8269,train,0,0.011106055
10946,train,0,0.009526332
6512,train,0,0.010733314
8473,train,0,0.8620434
8389,train,0,0.009526332
6445,train,0,0.81848085
7534,train,0,0.010230648
2775,train,0,0.17123812
6669,train,0,0.02181014
10833,train,0,0.009526332
10241,train,0,0.40381333
9369,train,0,0.285832
10012,train,0,0.0093956785
6380,train,0,0.009861754
6683,train,0,0.009526332
382,train,0,0.48731142
3103,train,0,0.009526332
490,train,0,0.009526332
6023,train,0,0.026188359
5749,train,0,0.6690059
2386,train,0,0.6550627
878,train,0,0.014876641
8465,train,0,0.009526332
2769,train,0,0.017982926
6914,train,0,0.017982926
10923,train,0,0.4898789
6178,train,0,0.7750247
917,train,0,0.009526332
3642,train,0,0.009556587
4526,train,0,0.020829517
2449,train,0,0.01037492
9134,train,0,0.010230648
8394,train,0,0.020829517
8404,train,0,0.009526332
9386,train,0,0.009526332
7824,train,0,0.75768584
2258,train,0,0.009365927
2654,train,0,0.01037492
10804,train,0,0.015735855
6124,train,0,0.5745591
9777,train,0,0.013388805
6513,train,0,0.7208068
3937,train,0,0.016955456
885,train,0,0.009365927
10238,train,0,0.010342102
1112,train,0,0.010230648
304,train,0,0.013388805
7334,train,0,0.009526332
7592,train,0,0.6775385
7228,train,0,0.009526332
3367,train,0,0.011106055
6938,train,0,0.6590889
3084,train,0,0.1730365
10753,train,0,0.013388805
1038,train,0,0.010230648
1249,train,0,0.009526332
10807,train,0,0.009556587
3041,train,0,0.2764785
8813,train,0,0.4826489
1036,train,0,0.009556587
2772,train,0,0.009861754
9783,train,0,0.046891734
3628,train,0,0.008453257
6014,train,0,0.01037492
1092,train,0,0.01037492
6339,train,0,0.010733314
3757,train,0,0.01345504
1998,train,0,0.009526332
5352,train,0,0.009526332
8470,train,0,0.009526332
7490,train,0,0.009365927
2675,train,0,0.01272653
2193,train,0,0.47152326
10773,train,0,0.0097432975
3684,train,0,0.016782658
11058,train,0,0.009556587
7098,train,0,0.009526332
3926,train,0,0.009526332
6452,train,0,0.009526332
6004,train,0,0.011877345
1117,train,0,0.008465956
4808,train,0,0.009526332
6096,train,0,0.009526332
9389,train,0,0.008453257
5744,train,0,0.01389093
938,train,0,0.01389093
1088,train,0,0.009526332
4542,train,0,0.015281644
8807,train,0,0.015842915
10823,train,0,0.8056363
8409,train,0,0.009526332
9569,train,0,0.009526332
702,train,0,0.017562736
6214,train,0,0.009526332
5064,train,0,0.010230648
4698,train,0,0.007924611
4105,train,0,0.20439285
11006,train,0,0.71772826
10771,train,0,0.0097432975
4469,train,0,0.009526332
7351,train,0,0.009526332
8493,train,0,0.011106055
8811,train,0,0.009526332
4821,train,0,0.009526332
4591,train,0,0.17123812
6506,train,0,0.46380442
7346,train,0,0.009526332
8245,train,0,0.009526332
3564,train,0,0.010230648
6670,train,0,0.011106055
9589,train,0,0.8308954
9139,train,0,0.011123833
9331,train,0,0.49500757
1757,train,0,0.009526332
430,train,0,0.009556587
9383,train,0,0.009526332
3936,train,0,0.009526332
8279,train,0,0.2926545
423,train,0,0.009556587
484,train,0,0.009526332
493,train,0,0.009556587
2645,train,0,0.011834163
5492,train,0,0.01037492
5099,train,0,0.010342102
1257,train,0,0.24749659
8239,train,0,0.0127668185
7819,train,0,0.014547476
931,train,0,0.010230648
10232,train,0,0.009872605
6465,train,0,0.009365927
3927,train,0,0.009526332
9766,train,0,0.011106055
6117,train,0,0.010058506
6331,train,0,0.009526332
1565,train,0,0.009476157
4581,train,0,0.009476157
1568,train,0,0.011834163
6530,train,0,0.009526332
3644,train,0,0.010342102
1742,train,0,0.009526332
11004,train,0,0.7123664
4123,train,0,0.009526332
5083,train,0,0.010230648
4822,train,0,0.009526332
11014,train,0,0.014852816
4588,train,0,0.01664689
4238,train,0,0.009526332
6105,train,0,0.009526332
7661,train,0,0.020829517
1678,train,0,0.020729868
2934,train,0,0.010342102
6351,train,0,0.009526332
8460,train,0,0.008782031
4443,train,0,0.80141723
7283,train,0,0.019229425
10236,train,0,0.010230648
6335,train,0,0.009526332
1540,train,0,0.009526332
797,train,0,0.009526332
1417,train,0,0.0159446
6321,train,0,0.6138666
1728,train,0,0.009526332
789,train,0,0.019229425
10472,train,0,0.009526332
3574,train,0,0.010176803
4097,train,0,0.01043039
806,train,0,0.009526332
10011,train,0,0.011106055
8794,train,0,0.010342102
803,train,0,0.009556587
5688,train,0,0.83882827
8494,train,0,0.014579324
1873,train,0,0.01037492
4786,train,0,0.009526332
894,train,0,0.0131288925
10588,train,0,0.3620589
7588,train,0,0.01197959
2227,train,0,0.12830505
5067,train,0,0.7827811
4806,train,0,0.009526332
10733,train,0,0.012747144
6667,train,0,0.009526332
2283,train,0,0.7403032
6202,train,0,0.009526332
9755,train,0,0.010230648
9568,train,0,0.01037492
930,train,0,0.009526332
10337,train,0,0.8402425
7538,train,0,0.013077861
6682,train,0,0.014852816
2659,train,0,0.014852816
1050,train,0,0.009526332
8258,train,0,0.01043039
434,train,0,0.009365927
10591,train,0,0.8355563
5073,train,0,0.009526332
8270,train,0,0.010230648
8467,train,0,0.013705421
512,train,0,0.021867264
4585,train,0,0.009526332
1251,train,0,0.010342102
6935,train,0,0.009526332
4104,train,0,0.010230648
5089,train,0,0.009526332
4697,train,0,0.009526332
1158,train,0,0.6918056
8912,train,0,0.009526332
10931,train,0,0.30247858
1151,train,0,0.010342102
10219,train,0,0.010586834
7445,train,0,0.6064421
927,train,0,0.011400794
1961,train,0,0.8206122
6181,train,0,0.013388805
7331,train,0,0.01285007
5062,train,0,0.009526332
6635,train,0,0.011123833
7240,train,0,0.011693103
7237,train,0,0.009526332
928,train,0,0.010230648
10601,train,0,0.009556587
903,train,0,0.009556587
2762,train,0,0.009526332
4589,train,0,0.8275624
4809,train,0,0.013388805
6157,train,0,0.009526332
3639,train,0,0.009908327
8867,train,0,0.7165635
8915,train,0,0.45893958
8909,train,0,0.010230648
10741,train,0,0.009526332
6352,train,0,0.019229425
5135,train,0,0.74268144
53,train,0,0.8282728
4162,train,0,0.018573387
8276,train,0,0.009526332
2936,train,0,0.009526332
4599,train,0,0.009526332
3026,train,0,0.39207247
6154,train,0,0.009526332
4759,train,0,0.009526332
6520,train,0,0.67055774
1084,train,0,0.009526332
6186,train,0,0.009556587
4770,train,0,0.009556587
9132,train,0,0.008809943
3055,train,0,0.020829517
10345,train,0,0.02427604
5059,train,0,0.009526332
7525,train,0,0.019229425
2673,train,0,0.009526332
10147,train,0,0.45757815
4523,train,0,0.47487512
764,train,0,0.010901993
4110,train,0,0.009526332
1891,train,0,0.022154117
4004,train,0,0.022154117
10723,train,0,0.01197959
1882,train,0,0.011834163
4239,train,0,0.019229425
3930,train,0,0.019229425
317,train,0,0.01272653
10940,train,0,0.012747144
8386,train,0,0.65953296
1046,train,0,0.009526332
2943,train,0,0.009556587
9330,train,0,0.009526332
3929,train,0,0.74476516
906,train,0,0.009526332
8901,train,0,0.009526332
3562,train,0,0.009526332
7099,train,0,0.009526332
3935,train,0,0.01037492
5952,train,0,0.009526332
6909,train,0,0.009556587
8097,train,0,0.011106055
6566,train,0,0.009526332
6487,train,0,0.009526332
10401,train,0,0.7465411
10765,train,0,0.010342102
7360,train,0,0.6126633
4592,train,0,0.012747144
5445,train,0,0.009526332
4796,train,0,0.009556587
2667,train,0,0.009526332
2840,train,0,0.124773614
8275,train,0,0.009431843
4236,train,0,0.009556587
9149,train,0,0.010230648
6179,train,0,0.009556587
4874,train,0,0.016123747
5737,train,0,0.009556587
7333,train,0,0.009526332
4769,train,0,0.009526332
1761,train,0,0.009526332
7540,train,0,0.011106055
1836,train,0,0.009526332
2653,train,0,0.01724976
6525,train,0,0.009526332
3924,train,0,0.013388805
9154,train,0,0.010342102
4114,train,0,0.010230648
2926,train,0,0.19373553
6464,train,0,0.01272653
8913,train,0,0.009526332
3083,train,0,0.42746067
2469,train,0,0.014978375
4795,train,0,0.009526332
3629,train,0,0.009556587
1252,train,0,0.009526332
9260,train,0,0.009556587
5434,train,0,0.010342102
3436,train,0,0.013388805
4555,train,0,0.8603937
10036,train,0,0.01573394
2720,train,0,0.02158082
9131,train,0,0.7682841
9361,train,0,0.017926475
6690,train,0,0.019356687
9263,train,0,0.009526332
10938,train,0,0.009526332
1105,train,0,0.009526332
11057,train,0,0.010342102
7487,train,0,0.009526332
4451,train,0,0.037638824
4977,train,0,0.020729868
2705,train,0,0.013388805
2253,train,0,0.01573394
3085,train,0,0.009526332
9137,train,0,0.010342102
8613,train,0,0.014978375
10592,train,0,0.010230648
6527,train,0,0.011364767
315,train,0,0.01272653
10757,train,0,0.009526332
1270,train,0,0.010342102
421,train,0,0.011647608
2949,train,0,0.009526332
4701,train,0,0.010342102
4785,train,0,0.019229425
7330,train,0,0.010342102
10850,train,0,0.009526332
10585,train,0,0.009526332
6442,train,0,0.013388805
10736,train,0,0.8760146
4829,train,0,0.019229425
8664,train,0,0.010342102
3640,train,0,0.009526332
7743,train,0,0.009526332
10463,train,0,0.010342102
4540,train,0,0.0093956785
7827,train,0,0.015339637
8503,train,0,0.014978375
3928,train,0,0.009526332
6455,train,0,0.009556587
9339,train,0,0.009526332
10465,train,0,0.009526332
8897,train,0,0.009526332
2387,train,0,0.020829517
10317,train,0,0.8214221
4828,train,0,0.009914437
1734,train,0,0.009556587
9268,train,0,0.01037492
1749,train,0,0.010230648
7728,train,0,0.012747144
757,train,0,0.0206417
787,train,0,0.009526332
3024,train,0,0.011364767
6169,train,0,0.019229425
8388,train,0,0.009556587
4988,train,0,0.011834163
7182,train,0,0.013748766
1951,train,0,0.84187245
4766,train,0,0.009526332
9146,train,0,0.010488394
10237,train,0,0.009526332
7094,train,0,0.009556587
7348,train,0,0.009526332
8827,train,0,0.009526332
4527,train,0,0.19166617
2717,train,0,0.016123747
1132,train,0,0.014852816
1143,train,0,0.014852816
7736,train,0,0.009526332
4445,train,0,0.015300585
4008,train,0,0.009526332
9765,train,0,0.019229425
1265,train,0,0.05548162
5354,train,0,0.0093956785
4024,train,0,0.009526332
2682,train,0,0.009526332
424,train,0,0.009526332
10220,train,0,0.008453257
300,train,0,0.009526332
2260,train,0,0.014852816
4695,train,0,0.014852816
1101,train,0,0.009526332
5751,train,0,0.009304244
2832,train,0,0.020829517
486,train,0,0.009526332
929,train,0,0.009556587
7590,train,0,0.009526332
3698,train,0,0.70949227
8267,train,0,0.010342102
6213,train,0,0.009526332
5096,train,0,0.010230648
2763,train,0,0.009526332
1831,train,0,0.7386167
6921,train,0,0.009526332
296,train,0,0.7348194
6185,train,0,0.009556587
5065,train,0,0.010230648
6330,train,0,0.072519705
7070,train,0,0.009526332
10314,train,0,0.80418956
1752,train,0,0.009556587
7810,train,0,0.0206417
899,train,0,0.009526332
9377,train,0,0.009526332
3633,train,0,0.009526332
6379,train,0,0.010230648
6930,train,0,0.009526332
6561,train,0,0.009526332
2931,train,0,0.47587812
9138,train,0,0.010342102
10745,train,0,0.011106055
1100,train,0,0.010342102
11053,train,0,0.009526332
6109,train,0,0.009526332
5526,train,0,0.009526332
1886,train,0,0.02012001
2002,train,0,0.009526332
4006,train,0,0.009526332
8505,train,0,0.7750516
7347,train,0,0.84665775
6206,train,0,0.009556587
6378,train,0,0.009526332
1127,train,0,0.019229425
10809,train,0,0.009526332
1730,train,0,0.009526332
9737,train,0,0.204714
755,train,0,0.8421592
4593,train,0,0.009526332
10852,train,0,0.008447172
306,train,0,0.009526332
6221,train,0,0.009526332
1109,train,0,0.011364767
309,train,0,0.011730159
4536,train,0,0.011730159
8405,train,0,0.009526332
3654,train,0,0.009526332
481,train,0,0.009526332
7235,train,0,0.009526332
483,train,0,0.009526332
1139,train,0,0.3476144
1988,train,0,0.009526332
10941,train,0,0.009526332
9391,train,0,0.010230648
10738,train,0,0.018507013
2664,train,0,0.020829517
5673,train,0,0.015111753
10405,train,0,0.74476576
7596,train,0,0.009304244
4682,train,0,0.42576233
6151,train,0,0.6988126
6022,train,0,0.020829517
9781,train,0,0.009526332
2567,train,0,0.013705421
5101,train,0,0.013705421
7073,train,0,0.020006396
8121,train,0,0.20802289
6320,train,0,0.009526332
10197,train,0,0.7395845
1439,train,0,0.011834163
7195,train,0,0.02012001
4885,train,0,0.51523495
7388,train,0,0.015111753
7354,train,0,0.009556587
4761,train,0,0.016800229
6003,train,0,0.38776404
4112,train,0,0.010230648
4982,train,0,0.010230648
3573,train,0,0.009526332
3653,train,0,0.013388805
1835,train,0,0.5034445
7483,train,0,0.009526332
7589,train,0,0.010230648
4771,train,0,0.5943345
2389,train,0,0.06334315
495,train,0,0.009526332
4974,train,0,0.014532125
6508,train,0,0.8584985
8236,train,0,0.011106055
5437,train,0,0.009526332
6563,train,0,0.009526332
10462,train,0,0.008453257
10845,train,0,0.009526332
1149,train,0,0.009526332
10315,train,0,0.39216238
4987,train,0,0.67033106
4683,train,0,0.009365927
7081,train,0,0.23165067
8906,train,0,0.010155292
9351,train,0,0.009365927
8272,train,0,0.8250534
10761,train,0,0.008782031
1992,train,0,0.009526332
9150,train,0,0.014024433
3038,train,0,0.0120175425
9362,train,0,0.016819851
8243,train,0,0.009556587
4029,train,0,0.009526332
10729,train,0,0.009556587
801,train,0,0.009526332
7584,train,0,0.009526332
6336,train,0,0.019229425
7046,train,0,0.012506778
9434,train,0,0.019229425
1106,train,0,0.009526332
3034,train,0,0.009526332
1691,train,0,0.015770292
2848,train,0,0.6776807
5955,train,0,0.6840851
2644,train,0,0.4009301
3948,train,0,0.009526332
8833,train,0,0.86127406
1755,train,0,0.6833052
9778,train,0,0.009526332
2835,train,0,0.8487028
8512,train,0,0.010901993
4681,train,0,0.011647608
1104,train,0,0.014978375
1554,train,0,0.009526332
8264,train,0,0.009526332
425,train,0,0.7352463
5061,train,0,0.010342102
5435,train,0,0.74845344
8401,train,0,0.5903112
1160,train,0,0.010342102
5827,train,0,0.011364767
10926,train,0,0.011364767
5750,train,0,0.012034086
3446,train,0,0.7137376
900,train,0,0.010230648
6536,train,0,0.011364767
3685,train,0,0.015361936
7042,train,0,0.75752175
6156,train,0,0.009556587
923,train,0,0.010342102
4811,train,0,0.80067295
5310,train,0,0.011290181
7571,train,0,0.011364767
2771,train,0,0.010230648
9253,train,0,0.014978375
7122,train,0,0.016123747
8406,train,0,0.010230648
1727,train,0,0.009526332
4442,train,0,0.34951562
10146,train,0,0.81587267
5348,train,0,0.010475549
5490,train,0,0.016123747
701,train,0,0.020097926
10759,train,0,0.009526332
11048,train,0,0.009526332
891,train,0,0.01573394
2001,train,0,0.009526332
3075,train,0,0.017290905
9246,train,0,0.011106055
6175,train,0,0.010342102
3057,train,0,0.014978375
2089,train,0,0.022673124
2391,train,0,0.71581614
9518,train,0,0.011106055
6098,train,0,0.010475549
295,train,0,0.019229425
5532,train,0,0.017718596
7517,train,0,0.012506778
4152,train,0,0.022077043
7238,train,0,0.13810343
1137,train,0,0.13810343
4098,train,0,0.7020048
7585,train,0,0.74366766
6638,train,0,0.02452697
7475,train,0,0.503921
5679,train,0,0.0206417
7489,train,0,0.01954463
8471,train,0,0.009526332
10309,train,0,0.009526332
9384,train,0,0.64405394
8819,train,0,0.76990247
10312,train,0,0.009526332
5522,train,0,0.010508787
4706,train,0,0.012276924
8900,train,0,0.010342102
1768,train,0,0.011123833
4020,train,0,0.013181895
759,train,0,0.013916388
921,train,0,0.019229425
6458,train,0,0.01317001
1089,train,0,0.020829517
9579,train,0,0.019229425
5347,train,0,0.010230648
4015,train,0,0.019229425
10848,train,0,0.009526332
4444,train,0,0.014714117
8802,train,0,0.016943213
1753,train,0,0.70652443
6377,train,0,0.39418283
2188,train,0,0.0121129835
8480,train,0,0.014978375
1833,train,0,0.011249248
10158,train,0,0.01037492
4108,train,0,0.019229425
10815,train,0,0.010475549
3688,train,0,0.018185232
7731,train,0,0.009006795
3368,train,0,0.10716612
2937,train,0,0.89542603
4402,train,0,0.35387945
6531,train,0,0.012747144
3067,train,0,0.50848174
7025,train,0,0.7089274
6694,train,0,0.010230648
1739,train,0,0.019229425
10749,train,0,0.009526332
8508,train,0,0.011877345
8683,train,0,0.71265435
3909,train,0,0.828708
5820,train,0,0.019229425
3947,train,0,0.013181895
2868,train,0,0.017290905
7732,train,0,0.55432385
10595,train,0,0.5182119
9762,train,0,0.55440456
10224,train,0,0.009526332
8103,train,0,0.30194756
4436,train,0,0.6374114
8670,train,0,0.018999102
4790,train,0,0.012276924
4819,train,0,0.009526332
2652,train,0,0.017357072
3950,train,0,0.42417026
8825,train,0,0.010230648
7835,train,0,0.7329705
8403,train,0,0.008447172
3650,train,0,0.009526332
7029,train,0,0.01037492
3908,train,0,0.01786313
6097,train,0,0.7573221
10744,train,0,0.011684521
2932,train,0,0.009526332
3070,train,0,0.020097926
2650,train,0,0.01646182
6685,train,0,0.012120809
9382,train,0,0.009556587
6919,train,0,0.7877998
1442,train,0,0.016579317
7548,train,0,0.01646182
10846,train,0,0.58846325
3035,train,0,0.7694017
2577,train,0,0.01646182
9258,train,0,0.019229425
7184,train,0,0.019192198
10803,train,0,0.019229425
10842,train,0,0.86823314
3901,train,0,0.729151
10838,train,0,0.010230648
8795,train,0,0.39617836
4016,train,0,0.4155935
2839,train,0,0.01646182
9277,train,0,0.009526332
2578,train,0,0.014978375
7822,train,0,0.016677968
6543,train,0,0.009556587
2672,train,0,0.014717167
1049,train,0,0.012276924
10943,train,0,0.40939236
2707,train,0,0.019626591
8622,train,0,0.013863355
8363,train,0,0.01037492
7188,train,0,0.016988058
2249,train,0,0.020829517
3094,train,0,0.009556587
5082,train,0,0.8346498
5058,train,0,0.019229425
1772,train,0,0.019229425
9388,train,0,0.009526332
5137,train,0,0.01954675
7730,train,0,0.010508787
2472,train,0,0.017290905
3444,train,0,0.016385855
2677,train,0,0.009526332
2580,train,0,0.8184706
8123,train,0,0.8512814
7572,train,0,0.48889905
5525,train,0,0.011249248
1839,train,0,0.47908074
9364,train,0,0.014978375
2841,train,0,0.5087705
5743,train,0,0.009526332
5937,train,0,0.011286158
7591,train,0,0.012276924
756,train,0,0.01646182
1125,train,0,0.019229425
889,train,0,0.63951504
6345,train,0,0.009526332
6537,train,0,0.010155292
2651,train,0,0.0206417
1966,train,0,0.016123747
7669,train,0,0.020097926
754,train,0,0.01646182
7357,train,0,0.019229425
1954,train,0,0.019229425
7340,train,0,0.4887589
7587,train,0,0.028850058
6666,train,0,0.683232
1153,train,0,0.019229425
6503,train,0,0.02934107
4678,train,0,0.40585282
7481,train,0,0.5465296
6383,train,0,0.6858997
9772,train,0,0.7466069
1124,train,0,0.68306655
1035,train,0,0.5447246
432,train,0,0.8607322
5529,train,0,0.7761163
10835,train,0,0.8961649
10300,train,0,0.73342484
5954,train,0,0.344946
5499,train,0,0.013422759
8902,train,0,0.13113077
3066,train,0,0.012717965
7832,train,0,0.109110475
5496,train,0,0.054401044
2464,train,0,0.18400814
6499,train,0,0.32417327
7028,train,0,0.23526312
2473,train,0,0.018525476
8260,train,0,0.016900273
11005,train,0,0.01654239
788,train,0,0.01654239
4415,train,0,0.083814025
8107,train,0,0.13369577
795,train,0,0.018525476
7386,train,0,0.13391985
11011,train,0,0.099408634
3106,train,0,0.05387769
10170,train,0,0.11665285
5129,train,0,0.09627259
4475,train,0,0.027319042
10999,train,0,0.19715399
308,train,0,0.018525476
712,train,0,0.018525476
6200,train,0,0.017107721
1140,train,0,0.01654239
7741,train,0,0.08187866
3888,train,0,0.025186941
9433,train,0,0.2429636
7071,train,0,0.016900273
1448,train,0,0.014098168
2564,train,0,0.15265507
10772,train,0,0.17197841
3365,train,0,0.013460155
6017,train,0,0.09855227
9528,train,0,0.12620188
2211,train,0,0.25763175
893,train,0,0.026365966
5457,train,0,0.16645882
6466,train,0,0.012079524
10200,train,0,0.012079524
6266,train,0,0.014098168
1128,train,0,0.019464819
4691,train,0,0.019464819
10043,train,0,0.02421038
6160,train,0,0.18830743
8257,train,0,0.01317454
10478,train,0,0.02018077
805,train,0,0.120766036
8479,train,0,0.012580749
1048,train,0,0.010776299
426,train,0,0.1720943
3017,train,0,0.19183479
4775,train,0,0.014629755
8801,train,0,0.012717851
6907,train,0,0.012172097
7047,train,0,0.19389966
7658,train,0,0.011755736
10214,train,0,0.25270158
8487,train,0,0.09620549
8355,train,0,0.010780143
5427,train,0,0.011325211
384,train,0,0.009716145
4094,train,0,0.101927966
381,train,0,0.010780143
7389,train,0,0.010780143
8244,train,0,0.013422759
9512,train,0,0.013422759
1889,train,0,0.11111674
5828,train,0,0.19830148
4027,train,0,0.009716145
2088,train,0,0.010929717
2078,train,0,0.2108291
7186,train,0,0.010929717
7189,train,0,0.3132723
902,train,0,0.012758671
5819,train,0,0.010929717
5507,train,0,0.010929717
11003,train,0,0.010929717
10005,train,0,0.08404095
4553,train,0,0.19740707
513,train,0,0.085076734
1887,train,0,0.012785186
8864,train,0,0.086291455
9571,train,0,0.32545826
6348,train,0,0.009499872
8854,train,0,0.010862309
10764,train,0,0.2012492
767,train,0,0.010202253
2003,train,0,0.009499872
1547,train,0,0.009046924
10826,train,0,0.009046924
2451,train,0,0.010202253
5070,train,0,0.009046924
796,train,0,0.01136675
3447,train,0,0.009046924
4107,train,0,0.009868956
5515,train,0,0.010202253
6355,train,0,0.011705525
2704,train,0,0.013422759
8398,train,0,0.30911532
6099,train,0,0.009046924
1268,train,0,0.010202253
7290,train,0,0.0459526
9249,train,0,0.19274004
8673,train,0,0.010598333
4011,train,0,0.075179935
4779,train,0,0.0095133195
520,train,0,0.009530044
5430,train,0,0.009530044
6196,train,0,0.009046924
1991,train,0,0.009137688
6459,train,0,0.009499872
1456,train,0,0.010202253
3651,train,0,0.01011495
7828,train,0,0.012079524
9485,train,0,0.010147056
1735,train,0,0.20752907
6500,train,0,0.01044904
4979,train,0,0.010202253
10817,train,0,0.009046924
9328,train,0,0.0112485
2470,train,0,0.010598333
8746,train,0,0.009530044
1890,train,0,0.010147056
9745,train,0,0.018016223
1042,train,0,0.009046924
8809,train,0,0.010202253
302,train,0,0.009499872
8658,train,0,0.06785256
9551,train,0,0.009499872
5671,train,0,0.009530044
8869,train,0,0.22729263
6322,train,0,0.059670977
9347,train,0,0.21857409
6470,train,0,0.013216912
7230,train,0,0.009499872
3366,train,0,0.010202253
2200,train,0,0.015593518
6324,train,0,0.009716145
8858,train,0,0.011407321
1762,train,0,0.0090756705
8475,train,0,0.011564028
2467,train,0,0.013422759
5824,train,0,0.3940262
322,train,0,0.014650227
5132,train,0,0.3311144
8621,train,0,0.013424282
8108,train,0,0.010202253
7521,train,0,0.008572973
8606,train,0,0.009773843
1162,train,0,0.009773843
3370,train,0,0.16457686
4422,train,0,0.009530044
6349,train,0,0.30484447
3114,train,0,0.010202253
1877,train,0,0.15251186
9780,train,0,0.010742046
9746,train,0,0.009499872
809,train,0,0.009499872
5536,train,0,0.009868956
9514,train,0,0.009499872
4973,train,0,0.010202253
4398,train,0,0.012785186
10768,train,0,0.009499872
2925,train,0,0.008675223
10037,train,0,0.016051657
10722,train,0,0.016051657
10306,train,0,0.009046924
10155,train,0,0.010929717
3374,train,0,0.010409307
9143,train,0,0.009046924
5448,train,0,0.014732808
1085,train,0,0.020233264
9564,train,0,0.010202253
6340,train,0,0.009046924
6112,train,0,0.052596748
2212,train,0,0.14280452
7344,train,0,0.009046924
9588,train,0,0.009868956
881,train,0,0.011269904
3082,train,0,0.011269904
10234,train,0,0.009716145
6565,train,0,0.009046924
1745,train,0,0.029242933
9266,train,0,0.009046924
3113,train,0,0.009046924
9375,train,0,0.009046924
8617,train,0,0.01654239
3563,train,0,0.009046924
6002,train,0,0.014650227
6937,train,0,0.009046924
9486,train,0,0.012785186
2553,train,0,0.052813902
4400,train,0,0.25364855
4468,train,0,0.009046924
6492,train,0,0.15895005
10841,train,0,0.018525476
6089,train,0,0.009137688
2581,train,0,0.009137688
6920,train,0,0.017780116
2561,train,0,0.010929717
6325,train,0,0.017874537
1875,train,0,0.013422759
2191,train,0,0.114743926
10205,train,0,0.010567716
3042,train,0,0.008675223
8273,train,0,0.01011495
3631,train,0,0.009046924
6934,train,0,0.009499872
4826,train,0,0.009365628
7580,train,0,0.06577196
898,train,0,0.009499872
6915,train,0,0.009046924
3912,train,0,0.009773843
301,train,0,0.009046924
8098,train,0,0.19687153
4014,train,0,0.008675223
1253,train,0,0.009046924
8832,train,0,0.008675223
10240,train,0,0.2246033
6211,train,0,0.015712962
10009,train,0,0.1159029
6495,train,0,0.008545806
8736,train,0,0.010929717
10853,train,0,0.06456499
5440,train,0,0.009046924
1040,train,0,0.23822762
525,train,0,0.014098168
8241,train,0,0.009046924
2714,train,0,0.18718895
3566,train,0,0.3177684
3054,train,0,0.20722406
3053,train,0,0.009716145
9573,train,0,0.009046924
8368,train,0,0.1567902
10239,train,0,0.010338818
8680,train,0,0.14359924
3933,train,0,0.009046924
6329,train,0,0.009046924
9336,train,0,0.009365628
5350,train,0,0.010768916
4975,train,0,0.012785186
1129,train,0,0.02479695
10933,train,0,0.009046924
9374,train,0,0.009046924
1783,train,0,0.01944368
7124,train,0,0.014098168
9770,train,0,0.010058183
2074,train,0,0.047690775
373,train,0,0.02138823
7078,train,0,0.009499872
1723,train,0,0.15212043
4813,train,0,0.009046924
8614,train,0,0.012079524
4802,train,0,0.009868956
4890,train,0,0.009868956
6193,train,0,0.009046924
5739,train,0,0.18493608
4580,train,0,0.009046924
1960,train,0,0.0107550975
9771,train,0,0.45217678
6094,train,1,0.6760755
1778,train,0,0.36609063
4787,train,0,0.009046924
10818,train,0,0.009046924
3749,train,0,0.31803626
2757,train,0,0.009537767
8507,train,0,0.010015041
8496,train,0,0.3817656
807,train,0,0.010015041
7345,train,0,0.010403929
7546,train,0,0.011460464
6538,train,0,0.009537767
7284,train,0,0.04095307
1999,train,0,0.010746182
4544,train,0,0.5102826
9255,train,0,0.34679827
1451,train,0,0.011450507
2083,train,0,0.37414938
10461,train,0,0.010403929
11009,train,0,0.010403929
3949,train,0,0.4495491
10049,train,0,0.025479969
4768,train,0,0.009537767
8821,train,0,0.3841818
5458,train,0,0.37064394
10726,train,0,0.018626595
2837,train,0,0.018626595
1764,train,0,0.009873588
1118,train,0,0.19773123
11056,train,0,0.009537767
6484,train,0,0.009537767
10779,train,0,0.009537767
5953,train,0,0.009537767
6553,train,0,0.5041645
4125,train,0,0.48898533
9337,train,0,0.33852568
6560,train,0,0.21004245
485,train,0,0.11033345
10763,train,0,0.0106631145
7474,train,0,0.009537767
9393,train,0,0.026770892
3020,train,0,0.009537767
3751,train,0,0.010745204
5958,train,0,0.009800525
4113,train,0,0.009800525
4237,train,0,0.009537767
4597,train,0,0.009537767
1771,train,0,0.010403929
3110,train,0,0.009537767
9757,train,0,0.009537767
5514,train,0,0.010599528
6905,train,0,0.009537767
6673,train,0,0.009537767
10396,train,0,0.10034305
10728,train,0,0.45958388
4801,train,0,0.008179542
3503,train,0,0.38854387
1098,train,0,0.009537767
940,train,0,0.1974733
5056,train,0,0.0119939335
8826,train,0,0.009146085
2851,train,0,0.020754468
785,train,0,0.009568058
1091,train,0,0.009537767
1150,train,0,0.009537767
1164,train,0,0.36316767
11008,train,0,0.43565154
4676,train,0,0.009537767
8263,train,0,0.009537767
3033,train,0,0.009873588
10600,train,0,0.009537767
10719,train,0,0.010260701
2842,train,0,0.038361497
1963,train,0,0.19321685
5060,train,0,0.016975654
10162,train,0,0.010046832
6346,train,0,0.5849988
11050,train,0,0.009537767
6555,train,0,0.009568058
7337,train,0,0.010015041
1829,train,0,0.011295484
7820,train,0,0.018626595
3099,train,0,0.018626595
1266,train,0,0.009537767
7327,train,0,0.22575675
1834,train,0,0.011450507
2465,train,0,0.010046832
10734,train,0,0.009873588
8823,train,0,0.009537767
10594,train,0,0.010015041
10782,train,0,0.02297851
9380,train,0,0.009568058
2766,train,0,0.009537767
6486,train,0,0.3546971
3944,train,0,0.009537767
1827,train,0,0.009537767
8637,train,0,0.017647382
8903,train,0,0.009568058
6477,train,0,0.009537767
1269,train,0,0.009537767
489,train,0,0.009537767
1263,train,0,0.17605458
5351,train,0,0.009537767
2872,train,0,0.010015041
8247,train,0,0.00879258
6511,train,0,0.0107550975
6539,train,0,0.012048494
700,train,0,0.7426741
9593,train,0,0.009537767
4404,train,0,0.010249042
10762,train,0,0.009362292
945,train,0,0.010745204
6222,train,0,0.009800525
3441,train,0,0.010403929
2663,train,0,0.010046832
10145,train,0,0.0119859185
431,train,0,0.15188314
6205,train,0,0.70415616
918,train,0,0.010260701
5672,train,0,0.0107550975
10242,train,0,0.009537767
7581,train,0,0.009537767
1157,train,0,0.009873588
7035,train,0,0.01435533
9575,train,0,0.009568058
8490,train,0,0.59477973
6000,train,0,0.49282506
4120,train,0,0.009537767
1121,train,0,0.009537767
5736,train,0,0.010015041
8266,train,0,0.011979861
1428,train,0,0.014774284
4704,train,0,0.010754971
10769,train,0,0.009537767
4818,train,0,0.018626595
6158,train,0,0.14158805
1152,train,0,0.009537767
2075,train,0,0.018626595
6150,train,0,0.46209118
314,train,0,0.23135787
6446,train,0,0.40661573
4679,train,0,0.017032588
8390,train,0,0.40795428
7318,train,0,0.009537767
1537,train,0,0.01024292
4018,train,0,0.009537767
8262,train,0,0.009537767
7102,train,0,0.009537767
3049,train,0,0.010603304
1264,train,0,0.009537767
2666,train,0,0.009537767
10475,train,0,0.01024292
2938,train,0,0.009537767
6490,train,0,0.009537767
3918,train,0,0.0107550975
1126,train,0,0.16666728
4783,train,0,0.009537767
8830,train,0,0.012762396
6535,train,0,0.009537767
4700,train,0,0.009568058
9264,train,0,0.015707962
1845,train,0,0.009568058
9275,train,0,0.009537767
6904,train,0,0.009537767
2455,train,0,0.57131994
9155,train,0,0.010015041
4788,train,0,0.010015041
9267,train,0,0.015230682
4794,train,0,0.014232597
6192,train,0,0.009175143
10165,train,0,0.014723848
6548,train,0,0.009537767
7187,train,0,0.8402301
8246,train,0,0.009873588
10836,train,0,0.009537767
6201,train,0,0.009568058
8489,train,0,0.2870521
5518,train,0,0.009537767
8679,train,0,0.009366729
10766,train,0,0.01937969
323,train,0,0.01937969
1751,train,0,0.009537767
6104,train,0,0.010696942
5079,train,0,0.013404814
9768,train,0,0.009537767
1271,train,0,0.011450507
6552,train,0,0.010696942
3632,train,0,0.009873588
4692,train,0,0.0119939335
6182,train,0,0.70131606
9352,train,0,0.012762396
4474,train,0,0.009174233
522,train,0,0.015963616
4798,train,0,0.009537767
1148,train,0,0.009537767
4247,train,0,0.009568058
7573,train,0,0.009537767
6534,train,0,0.009568058
793,train,0,0.009537767
10740,train,0,0.010046832
6692,train,0,0.5482058
4124,train,0,0.009537767
7132,train,0,0.01507032
7356,train,0,0.01507032
3100,train,0,0.0107550975
7748,train,0,0.009537767
7087,train,0,0.017983044
10217,train,0,0.009009706
10831,train,0,0.01000304
1997,train,0,0.009621858
5345,train,0,0.0107550975
5353,train,0,0.009526332
5740,train,0,0.009526332
7342,train,0,0.009537767
1996,train,0,0.28098497
56,train,0,0.01286293
6341,train,0,0.009537767
5950,train,0,0.009526332
10346,train,0,0.69204277
427,train,0,0.009526332
4406,train,0,0.75735533
5077,train,0,0.010015041
4472,train,0,0.012530658
7079,train,0,0.009526332
330,train,0,0.014057645
6204,train,0,0.08073092
6188,train,0,0.009526332
9584,train,0,0.54299045
2929,train,0,0.009537767
6333,train,0,0.009526332
7583,train,0,0.018604469
3093,train,0,0.009526332
3686,train,0,0.57692504
8253,train,0,0.010230648
9496,train,0,0.029301677
4233,train,0,0.01000304
1250,train,0,0.009537767
6381,train,0,0.010742219
3112,train,0,0.009526332
5357,train,0,0.009556587
487,train,0,0.009526332
5521,train,0,0.009526332
911,train,0,0.7967737
10942,train,0,0.010830764
1541,train,0,0.009526332
9153,train,0,0.009526332
1847,train,0,0.009526332
8396,train,0,0.009526332
905,train,0,0.020748664
3570,train,0,0.009526332
5746,train,0,0.009537767
6939,train,0,0.01000304
10927,train,0,0.009027495
10473,train,0,0.009537767
1758,train,0,0.009526332
8249,train,0,0.01000304
2471,train,0,0.01000304
8477,train,0,0.009537767
10477,train,0,0.009873588
2466,train,0,0.69431406
1682,train,0,0.014764286
9348,train,0,0.009526332
1534,train,0,0.4526467
429,train,0,0.010650345
8491,train,0,0.010015041
5429,train,0,0.009537767
3039,train,0,0.009556587
7735,train,0,0.7617851
8393,train,0,0.009526332
7811,train,0,0.009526332
3560,train,0,0.0105560655
9586,train,0,0.009526332
7095,train,0,0.009526332
8862,train,0,0.7020882
9429,train,0,0.013324264
4577,train,0,0.013324264
7537,train,0,0.68310773
3438,train,0,0.009861754
1145,train,0,0.009526332
8798,train,0,0.00972865
4804,train,0,0.009526332
7239,train,0,0.01000304
9329,train,0,0.3066224
10739,train,0,0.009526332
9760,train,0,0.009526332
1052,train,0,0.81622636
4784,train,0,0.009526332
6684,train,0,0.009239593
9359,train,0,0.009934421
4122,train,0,0.009526332
2761,train,0,0.01197959
7350,train,0,0.009058577
10206,train,0,0.014056052
1044,train,0,0.0134536475
385,train,0,0.64968723
2397,train,0,0.40234098
3028,train,0,0.009526332
1086,train,0,0.009526332
4529,train,0,0.3494098
1057,train,0,0.01000304
8790,train,0,0.7624768
9759,train,0,0.009556587
8817,train,0,0.021103116
2843,train,0,0.76526475
4602,train,0,0.016955456
3630,train,0,0.009526332
10460,train,0,0.009526332
9392,train,0,0.009526332
6451,train,0,0.009058577
9494,train,0,0.6351491
8815,train,0,0.013624103
1550,train,0,0.009914437
4762,train,0,0.009526332
8486,train,0,0.012856811
7733,train,0,0.009526332
6103,train,0,0.009526332
8678,train,0,0.71019
6518,train,0,0.025190795
7248,train,0,0.009526332
800,train,0,0.009526332
4245,train,0,0.31939468
6342,train,0,0.009526332
6668,train,0,0.009526332
5680,train,0,0.6901255
3889,train,0,0.014852816
4699,train,0,0.014852816
8122,train,0,0.011436805
3080,train,0,0.32801837
2658,train,0,0.013087219
10302,train,0,0.009526332
5745,train,0,0.009526332
6542,train,0,0.46084467
10721,train,0,0.009526332
7359,train,0,0.009526332
6476,train,0,0.009526332
7361,train,0,0.0090873595
937,train,0,0.013388805
5944,train,0,0.021103116
8365,train,0,0.55048573
10231,train,0,0.72537905
6090,train,0,0.009526332
9775,train,0,0.019356687
1766,train,0,0.009526332
7129,train,0,0.014233783
741,train,0,0.012102056
907,train,0,0.008458147
7471,train,0,0.054584336
418,train,0,0.016413853
10806,train,0,0.0170089
1746,train,0,0.009526332
8904,train,0,0.010248409
4552,train,0,0.010650345
5086,train,0,0.010684132
4480,train,0,0.009556587
6111,train,0,0.009526332
3087,train,0,0.009526332
9582,train,0,0.009526332
1449,train,0,0.7090509
3765,train,0,0.010391467
9135,train,0,0.009526332
10939,train,0,0.009526332
2942,train,0,0.019356687
5355,train,0,0.009526332
1780,train,0,0.009526332
8831,train,0,0.75081766
6569,train,0,0.009526332
1538,train,0,0.8023239
9152,train,0,0.72799927
3044,train,0,0.013257566
6183,train,0,0.009526332
2669,train,0,0.009526332
4007,train,0,0.009526332
11007,train,0,0.4873541
5302,train,0,0.010805016
7579,train,0,0.009526332
1545,train,0,0.009556587
8277,train,0,0.009526332
9773,train,0,0.009526332
6166,train,0,0.009526332
5945,train,0,0.018604469
1099,train,0,0.009526332
7291,train,0,0.2902134
5063,train,0,0.01197959
9442,train,0,0.010650345
10474,train,0,0.019311441
6374,train,0,0.010391467
6108,train,0,0.009556587
10750,train,0,0.009526332
419,train,0,0.009556587
7319,train,0,0.009556587
3923,train,0,0.01000304
1047,train,0,0.009526332
4030,train,0,0.009526332
10742,train,0,0.018604469
6689,train,0,0.009526332
4810,train,0,0.009526332
9438,train,0,0.01000304
2680,train,0,0.01000304
5438,train,0,0.009526332
8917,train,0,0.013624103
1116,train,0,0.01000304
10936,train,0,0.009526332
2882,train,0,0.010742219
3076,train,0,0.018614495
8242,train,0,0.011037966
3046,train,0,0.01000304
7539,train,0,0.018744899
3634,train,0,0.24339934
6912,train,0,0.010650345
808,train,0,0.009526332
6674,train,0,0.009526332
10767,train,0,0.51860344
5072,train,0,0.01805224
7038,train,0,0.5004218
3019,train,0,0.009526332
7738,train,0,0.7313099
8728,train,0,0.801254
7328,train,0,0.009914437
1685,train,0,0.01000304
1255,train,0,0.009526332
9437,train,0,0.018604469
10310,train,0,0.009526332
4025,train,0,0.009526332
7744,train,0,0.009526332
6208,train,0,0.01272653
1054,train,0,0.009526332
6634,train,0,0.04229645
3641,train,0,0.010742219
7524,train,0,0.30074602
4550,train,0,0.513258
6923,train,0,0.010391467
5957,train,0,0.009526332
7737,train,0,0.009526332
3102,train,0,0.016955456
1841,train,0,0.009526332
377,train,0,0.01000304
4827,train,0,0.01000304
10199,train,0,0.01371577
8737,train,0,0.019401092
4760,train,0,0.012034086
10851,train,0,0.01000304
3068,train,0,0.01000304
6152,train,0,0.009526332
6472,train,0,0.009526332
11052,train,0,0.009526332
1844,train,0,0.013388805
9338,train,0,0.009526332
10781,train,0,0.010248409
1779,train,0,0.009526332
9144,train,0,0.009526332
10052,train,0,0.3546011
2945,train,0,0.009526332
7742,train,0,0.010684132
9141,train,0,0.009526332
2681,train,0,0.009526332
6274,train,0,0.0090873595
7082,train,0,0.009526332
7358,train,0,0.787498
6184,train,0,0.009526332
6102,train,0,0.009526332
6479,train,0,0.010650345
10303,train,0,0.009526332
9767,train,0,0.57635325
4600,train,0,0.009526332
10227,train,0,0.018604469
7034,train,0,0.122137204
1163,train,0,0.009526332
10459,train,0,0.04366419
8870,train,0,0.014576652
9136,train,0,0.013388805
10932,train,0,0.01197959
1776,train,0,0.007977222
6225,train,0,0.009526332
10811,train,0,0.01000304
4130,train,0,0.009556587
4453,train,0,0.014689362
6925,train,0,0.009526332
6693,train,0,0.009526332
7746,train,0,0.01000304
6107,train,0,0.009526332
8899,train,0,0.009526332
297,train,0,0.009526332
10313,train,0,0.010034794
4126,train,0,0.009526332
6686,train,0,0.010034794
6462,train,0,0.016084896
8624,train,0,0.016084896
1419,train,0,0.011436805
310,train,0,0.009556587
7468,train,0,0.438477
8796,train,0,0.32555422
3056,train,0,0.009526332
6191,train,0,0.016955456
1556,train,0,0.009526332
2390,train,0,0.59833306
10752,train,0,0.011076704
1987,train,0,0.009556587
4814,train,0,0.009526332
11047,train,0,0.009556587
1532,train,0,0.010230648
7570,train,0,0.009526332
5097,train,0,0.009526332
9552,train,0,0.010684132
9430,train,0,0.013388805
10464,train,0,0.013388805
9332,train,0,0.009556587
9278,train,0,0.020829517
9381,train,0,0.4915407
6018,train,0,0.01867977
10584,train,0,0.009526332
6631,train,0,0.011771684
4773,train,0,0.011771684
7322,train,0,0.6912428
4705,train,0,0.009526332
6119,train,0,0.7604916
7282,train,0,0.011001922
5103,train,0,0.009526332
6677,train,0,0.009861754
6220,train,0,0.01000304
4017,train,0,0.009556587
8824,train,0,0.009526332
8265,train,0,0.009526332
4824,train,0,0.010650345
2457,train,0,0.7919809
1535,train,0,0.009526332
1962,train,0,0.009054631
4685,train,0,0.009054631
3571,train,0,0.0170089
1576,train,0,0.79282683
10587,train,0,0.009526332
6540,train,0,0.012747144
8492,train,0,0.020829517
4028,train,0,0.020829517
4095,train,0,0.7318869
10468,train,0,0.009526332
4596,train,0,0.010830764
3504,train,0,0.010742219
5078,train,0,0.009526332
10998,train,0,0.008727537
10717,train,0,0.010230648
422,train,0,0.009526332
7664,train,0,0.7144508
1438,train,0,0.015026304
4026,train,0,0.015026304
9432,train,0,0.30380112
3896,train,0,0.5552116
4019,train,0,0.009526332
4594,train,0,0.012041118
10735,train,0,0.009526332
7321,train,0,0.010391467
4687,train,0,0.009526332
10837,train,0,0.009027495
6164,train,0,0.01000304
7093,train,0,0.29084906
10457,train,0,0.009328521
5436,train,0,0.01805224
3448,train,0,0.009526332
6171,train,0,0.009526332
7390,train,0,0.014689362
1549,train,0,0.009526332
4823,train,0,0.010742219
2774,train,0,0.010391467
5423,train,0,0.009526332
6373,train,0,0.01000304
9349,train,0,0.009526332
1120,train,0,0.009526332
2764,train,0,0.009526332
1043,train,0,0.009526332
10760,train,0,0.012034086
4586,train,0,0.49433267
6323,train,0,0.009526332
3575,train,0,0.7744756
7086,train,0,0.009526332
8259,train,0,0.01000304
7183,train,0,0.010684132
3648,train,0,0.010424441
3108,train,0,0.009526332
7092,train,0,0.009893065
4012,train,0,0.020829517
3090,train,0,0.010230648
4780,train,0,0.009526332
4117,train,0,0.009526332
6516,train,0,0.009526332
9274,train,0,0.76705635
8461,train,0,0.43495628
4023,train,0,0.009664602
6478,train,0,0.010391467
2767,train,0,0.009556587
10469,train,0,0.01000304
1108,train,0,0.018604469
6021,train,0,0.020829517
6088,train,0,0.018915001
9562,train,0,0.021002185
6910,train,0,0.009526332
1726,train,0,0.009526332
1769,train,0,0.01000304
515,train,0,0.01000304
6454,train,0,0.6674387
3037,train,0,0.009526332
4587,train,0,0.009556587
6262,train,0,0.53880864
6467,train,0,0.009526332
312,train,0,0.80552423
8630,train,0,0.01000304
4799,train,0,0.009526332
3767,train,0,0.3622497
4889,train,0,0.014547476
2844,train,0,0.014547476
4584,train,0,0.009526332
3021,train,0,0.70991737
926,train,0,0.009526332
9756,train,0,0.013959615
5406,train,0,0.015421424
1262,train,0,0.010650345
9376,train,0,0.010391467
7287,train,0,0.77119946
3079,train,0,0.01272653
3932,train,0,0.008782031
9341,train,0,0.009526332
4483,train,0,0.009526332
10776,train,0,0.009526332
6263,train,0,0.011446751
4106,train,0,0.009526332
8740,train,0,0.01000304
2225,train,0,0.045053676
6927,train,0,0.008453257
10730,train,0,0.0090873595
1113,train,0,0.009526332
10808,train,0,0.01000304
6933,train,0,0.010391467
7236,train,0,0.01181958
6128,train,0,0.7840371
6025,train,0,0.7567529
7577,train,0,0.009526332
5441,train,0,0.009526332
294,train,0,0.009526332
8261,train,0,0.009526332
4680,train,0,0.01000304
3043,train,0,0.8808838
5511,train,0,0.009526332
10751,train,0,0.009556587
7339,train,0,0.010230648
3040,train,0,0.01000304
8611,train,0,0.01037492
10403,train,0,0.010742219
3018,train,0,0.013388805
4127,train,0,0.008809943
8132,train,0,0.01037492
3032,train,0,0.010230648
1155,train,0,0.009526332
6556,train,0,0.010684132
8908,train,0,0.009893065
5139,train,0,0.01331846
2940,train,0,0.024746735
794,train,0,0.01000304
6502,train,0,0.1280872
2585,train,0,0.010342102
7323,train,0,0.010342102
6190,train,0,0.011197565
10727,train,0,0.009526332
10819,train,0,0.009526332
7582,train,0,0.01000304
10348,train,0,0.020829517
6173,train,0,0.009526332
8910,train,0,0.009526332
9516,train,0,0.7567098
7033,train,0,0.060637686
6224,train,0,0.011046022
5425,train,0,0.009556587
10754,train,0,0.009304244
7243,train,0,0.00972865
10038,train,0,0.60880554
6203,train,0,0.010248409
7574,train,0,0.009526332
9372,train,0,0.011965534
6447,train,0,0.009556587
4419,train,0,0.010342102
8822,train,0,0.009526332
8469,train,0,0.009526332
5432,train,0,0.01197959
10934,train,0,0.009893065
8828,train,0,0.2890902
8859,train,0,0.8311395
2684,train,0,0.011011104
305,train,0,0.009526332
8808,train,0,0.010342102
10305,train,0,0.010342102
10467,train,0,0.009893065
428,train,0,0.0088591045
433,train,0,0.009526332
1122,train,0,0.009526332
5832,train,0,0.011095842
8402,train,0,0.009526332
7126,train,0,0.029301677
10813,train,0,0.009556587
4450,train,0,0.015660422
9492,train,0,0.014547476
9353,train,0,0.8547561
7355,train,0,0.009526332
1830,train,0,0.008782031
10471,train,0,0.009526332
2711,train,0,0.017982926
9487,train,0,0.7032891
10035,train,0,0.7352775
5301,train,0,0.38906273
8459,train,0,0.8615072
8866,train,0,0.010058506
9580,train,0,0.009526332
6110,train,0,0.009526332
9592,train,0,0.0110366605
10824,train,0,0.009556587
1756,train,0,0.010342102
2674,train,0,0.010342102
920,train,0,0.009526332
5742,train,0,0.017926475
293,train,0,0.009556587
7096,train,0,0.009556587
492,train,0,0.018198946
10924,train,0,0.010342102
2214,train,0,0.011834163
9356,train,0,0.7585181
1146,train,0,0.009526332
313,train,0,0.009526332
4789,train,0,0.011693103
7734,train,0,0.01037492
10307,train,0,0.019239783
9385,train,0,0.009861754
6559,train,0,0.010230648
5346,train,0,0.009526332
6568,train,0,0.009526332
10731,train,0,0.009526332
8625,train,0,0.0106814355
934,train,0,0.0106814355
1452,train,0,0.014852816
4595,train,0,0.016704783
7341,train,0,0.009526332
4013,train,0,0.009556587
8250,train,0,0.01000304
9764,train,0,0.009526332
10299,train,0,0.010230648
8278,train,0,0.009526332
2671,train,0,0.019229425
7740,train,0,0.009526332
3511,train,0,0.011106055
4118,train,0,0.009526332
3951,train,0,0.0110366605
4541,train,0,0.011502916
6680,train,0,0.009526332
1096,train,0,0.010342102
1883,train,0,0.013388805
6463,train,0,0.009526332
3107,train,0,0.010342102
10996,train,0,0.030095007
5424,train,0,0.7456803
4470,train,0,0.019229425
1110,train,0,0.7365377
3437,train,0,0.009526332
784,train,0,0.010230648
1843,train,0,0.009526332
3647,train,0,0.009556587
3077,train,0,0.009526332
4090,train,0,0.48243463
4777,train,0,0.009526332
1453,train,0,0.011106055
4234,train,0,0.009526332
7576,train,0,0.009526332
2454,train,0,0.7150585
2205,train,0,0.22781116
517,train,0,0.2406101
2446,train,0,0.40283403
514,train,0,0.2599568
10340,train,0,0.7944951
2195,train,0,0.8701922
8102,train,0,0.25184974
2452,train,0,0.7258725
708,train,0,0.8024178
2724,train,0,0.28441888
710,train,0,0.7499034
10203,train,0,0.8949718
4438,train,0,0.81115085
2706,train,0,0.13297167
4452,train,0,0.8079768
2453,train,0,0.7281934
6115,train,0,0.3612695
6114,train,0,0.7624645
10202,train,0,0.76083326
10342,train,0,0.36781254
6123,train,0,0.7409706
8111,train,0,0.21898954
711,train,0,0.37093624
528,train,0,0.5514132
6121,train,0,0.7785038
4437,train,0,0.7247991
10194,train,0,0.092740186
8109,train,0,0.37703988
709,train,0,0.45662546
10204,train,0,0.112987086
2715,train,0,0.43444306
8096,train,0,0.017373694
7454,train,0,0.0948415
10207,train,0,0.31475154
2718,train,0,0.7620674
10339,train,0,0.20151122
2197,train,0,0.7752406
7451,train,0,0.76017576
2722,train,0,0.55074716
10209,train,0,0.18365559
527,train,0,0.42671415
8106,train,0,0.21104057
2445,train,0,0.08461194
10338,train,0,0.09380176
2712,train,0,0.8116027
2719,train,0,0.76190823
2201,train,0,0.013831227
707,train,0,0.60327834
10195,train,0,0.40388936
6122,train,0,0.65123165
2189,train,0,0.6723715
10344,train,0,0.023856068
8095,train,0,0.32601684
8800,train,0,0.20167902
3750,train,0,0.29084617
7067,train,0,0.010929717
8799,train,0,0.17006972
4984,train,0,0.6212141
5412,train,0,0.042744093
4401,train,0,0.74930394
5535,train,0,0.27546972
4417,train,0,0.6090851
3766,train,0,0.22648503
5416,train,0,0.45471147
4981,train,0,0.6205778
7074,train,0,0.39230907
5534,train,0,0.64423984
8623,train,0,0.7394134
4978,train,0,0.2310228
9373,train,1,0.8240273
5409,train,0,0.804588
7066,train,0,0.74470425
3903,train,0,0.8008038
7120,train,0,0.7235099
7075,train,0,0.79622406
8632,train,0,0.4105298
4412,train,0,0.7476826
3902,train,0,0.29654583
3756,train,0,0.6608522
8797,train,0,0.63237846
8631,train,0,0.75894684
8483,train,0,0.010929717
4413,train,0,0.4611084
5413,train,0,0.17217988
8499,train,0,0.76435584
8498,train,0,0.1859817
4414,train,0,0.7640606
4411,train,0,0.79758924
8805,train,0,0.65734303
3900,train,0,0.017926475
5358,train,1,0.87554425
3755,train,0,0.8466156
3758,train,0,0.014732808
8804,train,0,0.08302154
8634,train,0,0.11311523
8803,train,0,0.66921437
3763,train,0,0.128928
4985,train,0,0.6431985
4409,train,0,0.5902621
351,train,0,0.6981801
370,train,0,0.2595864
2241,train,0,0.77825505
10656,train,0,0.78194755
2234,train,0,0.72122437
2067,train,0,0.7482679
7640,train,0,0.18213117
571,train,0,0.34037846
154,train,0,0.1775849
566,train,0,0.7420127
10087,train,1,0.83413607
8181,train,0,0.25861254
6757,train,0,0.1015026
2233,train,0,0.81777924
577,train,0,0.37241212
2232,train,0,0.782217
6761,train,0,0.8385403
2246,train,0,0.41310388
369,train,0,0.08195099
10666,train,0,0.6931897
1496,train,0,0.14977719
565,train,0,0.78176636
1495,train,0,0.48594478
3322,train,1,0.8048954
1497,train,0,0.29624712
2239,train,0,0.51895726
354,train,0,0.5171918
1499,train,0,0.41396943
2236,train,0,0.012166307
150,train,0,0.71003383
8182,train,0,0.4277701
8175,train,0,0.01630215
8176,train,0,0.75376385
362,train,0,0.68686783
145,train,0,0.013422759
2063,train,0,0.8034655
141,train,0,0.014732808
2245,train,0,0.009596686
1318,train,0,0.20906143
1508,train,0,0.13759597
7642,train,0,0.1905372
575,train,0,0.011748104
8177,train,0,0.5710771
1348,train,0,0.34092334
3013,train,0,0.79179853
1186,train,0,0.49888158
3014,train,0,0.38044608
8375,train,0,0.6866477
3597,train,0,0.6422832
1358,train,0,0.7656882
1676,train,0,0.6487061
8224,train,0,0.71583337
3602,train,0,0.61648166
223,train,1,0.8081826
7985,train,0,0.1768529
1359,train,0,0.8550954
5762,train,0,0.72612923
1669,train,0,0.4216654
9100,train,0,0.7131241
7986,train,0,0.5925811
9109,train,0,0.3836525
9104,train,0,0.10727455
7265,train,1,0.90099347
3000,train,0,0.2656786
1674,train,0,0.011877345
1660,train,0,0.29125255
1352,train,0,0.73064
3592,train,0,0.30231187
3601,train,0,0.5811494
8655,train,0,0.5961332
8645,train,0,0.09727339
8644,train,0,0.726484
8370,train,0,0.014732808
1180,train,0,0.7329231
3009,train,0,0.010046832
7997,train,0,0.33524004
3593,train,0,0.5963035
8652,train,0,0.776307
1181,train,0,0.59740853
8233,train,0,0.4226976
5761,train,0,0.76434344
1191,train,0,0.1789498
3591,train,0,0.6667022
1351,train,0,0.4947342
1190,train,0,0.22732931
7998,train,0,0.68503296
9105,train,0,0.010197198
8647,train,0,0.49543807
5765,train,0,0.7157723
7981,train,0,0.6635279
7979,train,0,0.7569135
8385,train,0,0.09853091
3003,train,0,0.51745427
5763,train,0,0.21375637
9440,train,0,0.79404676
7036,train,0,0.7249754
9439,train,0,0.78710043
11000,train,0,0.379187
5822,train,0,0.51820844
1688,train,0,0.22328822
7055,train,0,0.35104755
11016,train,0,0.021846436
11012,train,0,0.53633153
3905,train,0,0.5073827
1690,train,0,0.38815942
7037,train,0,0.81520605
7043,train,0,0.5245773
9357,train,0,0.7296267
6269,train,0,0.25064984
11001,train,0,0.360529
3907,train,0,0.84145325
3917,train,0,0.0114885345
6273,train,0,0.8313319
2643,train,0,0.3582169
2642,train,0,0.17402495
10774,train,1,0.69998
7040,train,0,0.29128137
9441,train,0,0.80006385
6267,train,0,0.014732808
3376,train,0,0.74761593
3363,train,0,0.5440745
2662,train,0,0.40292698
10604,train,1,0.8748829
9368,train,0,0.012079524
7044,train,0,0.8691598
5823,train,0,0.53363025
3904,train,0,0.34400386
9256,train,0,0.7904
3913,train,0,0.18128169
7054,train,0,0.13182168
1686,train,0,0.70810294
6271,train,0,0.71369165
7491,train,0,0.33820418
3371,train,0,0.22761784
11015,train,0,0.87325716
9367,train,0,0.7925452
9254,train,0,0.61234164
9248,train,0,0.78326964
11002,train,0,0.7404723
9431,train,0,0.50812453
2209,train,0,0.5633599
4876,train,0,0.15754429
3050,train,1,0.57774216
10160,train,0,0.66154855
5501,train,0,0.7683304
4869,train,0,0.4409426
1450,train,0,0.05608334
8666,train,0,0.5059024
10161,train,0,0.7146817
8667,train,0,0.752246
2223,train,0,0.8096114
2222,train,0,0.77130556
7196,train,0,0.79278785
7329,train,1,0.90432996
4870,train,0,0.6672522
5498,train,0,0.8144142
7191,train,0,0.6251666
939,train,0,0.14070857
4877,train,0,0.70886785
10167,train,0,0.63626546
1440,train,0,0.7401577
4873,train,0,0.20246972
5506,train,0,0.7080684
8676,train,0,0.68432057
8669,train,0,0.5687387
943,train,0,0.39009294
2388,train,0,0.7407917
4872,train,0,0.03889625
1733,train,1,0.8123098
4871,train,0,0.08873242
5508,train,0,0.7504143
2392,train,0,0.256363
5495,train,0,0.062589936
1454,train,0,0.81673706
5491,train,0,0.8203338
5503,train,0,0.32675153
8675,train,0,0.8595935
6507,train,0,0.33203995
2213,train,0,0.010929717
1444,train,0,0.08459441
2217,train,0,0.099730276
7192,train,0,0.286224
10163,train,0,0.7043189
8668,train,0,0.82590526
9484,train,0,0.019229425
7197,train,0,0.8093278
942,train,0,0.08910197
2206,train,0,0.26340693
1426,train,0,0.48493695
5684,train,0,0.61049485
8731,train,0,0.832158
1965,train,0,0.6988514
7533,train,0,0.7454337
7544,train,0,0.23031582
7289,train,0,0.4220027
9522,train,0,0.251264
6155,train,1,0.8675957
1422,train,0,0.7979261
1431,train,0,0.8328045
9517,train,0,0.63976073
9521,train,0,0.09086421
3073,train,0,0.07293282
2257,train,0,0.39011455
1427,train,0,0.5982055
1964,train,0,0.7187636
2247,train,0,0.7147483
1957,train,0,0.6138654
1138,train,0,0.52734005
8738,train,0,0.6092323
5678,train,0,0.14905244
8743,train,0,0.7389447
3060,train,0,0.12981331
8726,train,0,0.1631392
1959,train,0,0.74998707
7285,train,0,0.8811656
3072,train,0,0.15659137
7541,train,0,0.7466074
1949,train,0,0.41713458
1416,train,0,0.16068137
8733,train,0,0.57392806
1432,train,0,0.66529137
1420,train,0,0.014732808
1141,train,0,0.7929033
1950,train,0,0.21651545
7545,train,0,0.074086614
1878,train,0,0.55989814
8734,train,0,0.69027245
1424,train,0,0.22831239
7532,train,0,0.6161868
7586,train,1,0.66331226
1433,train,0,0.16127859
1888,train,0,0.28195286
5687,train,0,0.6859892
5682,train,0,0.016383357
1955,train,0,0.017162032
5675,train,0,0.4287383
3061,train,0,0.32181314
1136,train,0,0.31899488
9526,train,0,0.20404418
5669,train,0,0.014732808
2250,train,0,0.014732808
1434,train,0,0.56254137
3071,train,0,0.20222199
9456,train,0,0.44098467
3359,train,0,0.15769258
10118,train,0,0.8040417
9451,train,0,0.4453275
3967,train,0,0.7742568
3974,train,0,0.52978295
4507,train,0,0.6425236
3586,train,0,0.6263567
5869,train,0,0.53501785
3953,train,0,0.5089779
9450,train,0,0.82802206
4712,train,0,0.35590276
3351,train,0,0.31086564
872,train,0,0.4932784
3961,train,0,0.7436566
10125,train,0,0.80138206
4710,train,0,0.21512914
4199,train,0,0.041578967
10117,train,0,0.0732448
2182,train,0,0.5440461
3962,train,0,0.4934832
3356,train,0,0.7178896
3975,train,0,0.075069144
3959,train,0,0.82324886
4717,train,0,0.8534254
5866,train,0,0.7327161
4711,train,0,0.12490069
10121,train,0,0.6856968
3352,train,0,0.7584435
3588,train,0,0.808208
870,train,0,0.5658482
4520,train,0,0.086882114
873,train,0,0.52672535
10129,train,0,0.7736491
4718,train,0,0.75542825
10130,train,0,0.57122386
4709,train,0,0.24993439
3968,train,0,0.77556664
4713,train,0,0.03892809
3343,train,0,0.81915814
2178,train,0,0.6240901
861,train,0,0.75505227
3970,train,0,0.72850674
4195,train,0,0.5391111
9446,train,0,0.60427874
3357,train,0,0.652679
5873,train,0,0.8491849
3973,train,0,0.02320118
3972,train,0,0.010929717
874,train,0,0.08408278
10120,train,0,0.37434718
5875,train,0,0.47972518
9449,train,0,0.7110218
9455,train,0,0.8317845
3349,train,0,0.84035647
4206,train,0,0.009365927
4498,train,0,0.052880526
4497,train,0,0.6455845
10787,train,0,0.48239666
684,train,0,0.38895252
2433,train,0,0.20918414
279,train,1,0.88778335
5545,train,1,0.854532
5485,train,0,0.13576153
5477,train,0,0.30510563
680,train,0,0.6683205
2291,train,0,0.8043246
10538,train,0,0.5421534
4503,train,0,0.5636509
10535,train,0,0.42823192
1476,train,0,0.7913148
10788,train,0,0.23805009
5488,train,0,0.7499544
10524,train,0,0.3224849
5481,train,0,0.7472813
5794,train,0,0.21624368
5479,train,0,0.6043991
4500,train,0,0.7058904
10285,train,0,0.5014479
5480,train,0,0.5516508
1480,train,0,0.898842
10283,train,0,0.08159658
10516,train,0,0.5880113
5789,train,0,0.5512939
10294,train,0,0.36148694
1477,train,0,0.590127
5486,train,0,0.64961666
683,train,0,0.8392114
10536,train,0,0.5142891
2740,train,0,0.01615304
2290,train,0,0.35929924
4499,train,0,0.0687438
10795,train,0,0.014732808
5787,train,0,0.69416517
695,train,0,0.1407172
10282,train,0,0.7705939
5199,train,0,0.39258072
10286,train,0,0.051710464
9240,train,0,0.011106055
6237,train,0,0.019229425
10330,train,0,0.01741991
10913,train,0,0.014056052
5324,train,0,0.014056052
9729,train,0,0.010650345
191,train,0,0.7015526
5570,train,0,0.016412297
6739,train,0,0.012747144
9616,train,0,0.5229937
5167,train,0,0.79836035
10529,train,0,0.35663784
5596,train,0,0.022889083
2739,train,0,0.011834163
1371,train,0,0.0084801335
10707,train,0,0.009526332
2058,train,0,0.30397612
6840,train,0,0.009046924
622,train,0,0.10438144
8719,train,0,0.0100633595
1232,train,0,0.4751795
95,train,0,0.45980656
7217,train,0,0.009568058
2265,train,0,0.64997685
5974,train,0,0.84749603
2123,train,0,0.009526332
6233,train,0,0.57105
10797,train,0,0.014530478
8703,train,0,0.81225204
7873,train,0,0.011877345
1599,train,0,0.62344915
8561,train,0,0.011286158
9849,train,0,0.011286158
9316,train,0,0.04704843
1617,train,0,0.013388805
9318,train,0,0.012747144
10642,train,0,0.7450545
7414,train,0,0.020006396
8875,train,0,0.8042051
5547,train,0,0.7408325
8699,train,0,0.010230648
8714,train,0,0.02455185
10710,train,0,0.012747144
4259,train,0,0.4402241
3489,train,0,0.71586245
2010,train,0,0.4189166
3529,train,0,0.019229425
8,train,0,0.013388805
2169,train,0,0.7624263
247,train,0,0.012747144
3658,train,0,0.013388805
3120,train,0,0.82456756
2007,train,0,0.5968218
4042,train,0,0.86900663
2057,train,0,0.014717167
3541,train,0,0.014012748
7272,train,0,0.016412297
5185,train,0,0.63283193
8760,train,0,0.014717167
5269,train,0,0.013388805
2747,train,0,0.6346461
7222,train,0,0.010475549
3484,train,0,0.013388805
2913,train,0,0.06463233
9808,train,0,0.70764893
9733,train,0,0.014012748
1197,train,0,0.020052262
2262,train,0,0.012120809
9042,train,0,0.6035484
8525,train,0,0.017804248
5965,train,0,0.017235233
9218,train,0,0.019229425
5803,train,0,0.01954675
7367,train,0,0.020052262
9530,train,0,0.016412297
112,train,0,0.016412297
7922,train,0,0.016412297
3235,train,0,0.014012748
7001,train,0,0.017235233
9059,train,0,0.012747144
6709,train,0,0.7853865
1523,train,0,0.5548348
8931,train,0,0.77665126
818,train,0,0.24885827
6033,train,0,0.31317088
2009,train,0,0.8630883
6582,train,0,0.012079524
2097,train,0,0.21335751
3605,train,0,0.010015041
9229,train,0,0.0107550975
9734,train,0,0.0446686
1235,train,0,0.5850739
3195,train,0,0.010046832
1393,train,0,0.020820329
1628,train,0,0.017717335
9841,train,0,0.019372165
4619,train,0,0.009526332
1527,train,0,0.49518517
1385,train,0,0.019401092
10190,train,0,0.80132437
7899,train,0,0.18039347
3793,train,0,0.049314547
10539,train,0,0.42273474
3216,train,0,0.7284461
6975,train,0,0.012650254
7855,train,0,0.01000304
839,train,0,0.016955456
1659,train,0,0.6771046
2125,train,0,0.013388805
9067,train,0,0.26262382
10554,train,0,0.7665774
10652,train,0,0.5912368
8228,train,0,0.044998758
2887,train,0,0.80448216
1236,train,0,0.51969254
9830,train,0,0.7033711
631,train,0,0.6158995
3016,train,0,0.019221481
8653,train,0,0.8546001
3137,train,0,0.8283256
9884,train,0,0.7696371
7706,train,0,0.26416865
9048,train,0,0.28202057
8055,train,0,0.37528542
10361,train,0,0.011834163
6235,train,0,0.011446751
3796,train,0,0.7040952
8017,train,0,0.73776466
9599,train,0,0.6192679
6082,train,0,0.012747144
5541,train,0,0.48923218
634,train,0,0.011106055
2124,train,0,0.016412297
9891,train,0,0.014978375
8640,train,0,0.013291305
10323,train,0,0.24465379
2485,train,0,0.011834163
5693,train,0,0.01786313
4189,train,0,0.014717167
3116,train,0,0.011106055
12,train,0,0.013388805
609,train,0,0.370862
3229,train,0,0.010475549
4631,train,0,0.009526332
10335,train,0,0.010929717
9221,train,0,0.013388805
7764,train,0,0.22700146
10062,train,0,0.73143506
621,train,0,0.71523196
5559,train,0,0.56631464
7988,train,0,0.13911061
8994,train,0,0.014717167
2385,train,0,0.018626595
8945,train,0,0.7250877
9839,train,0,0.47513682
3,train,0,0.095927194
2103,train,0,0.011106055
9202,train,0,0.71879524
8928,train,0,0.68869704
3381,train,0,0.5399052
10133,train,0,0.0114885345
8056,train,0,0.041573167
5990,train,0,0.089891784
8580,train,0,0.009526332
1707,train,0,0.009526332
5474,train,0,0.011106055
9619,train,0,0.019343046
7761,train,0,0.017343113
8713,train,0,0.016297417
2144,train,0,0.6622031
7271,train,0,0.05634853
9903,train,0,0.013388805
3769,train,0,0.011307291
8920,train,0,0.4886524
10527,train,0,0.6282823
3453,train,0,0.013388805
3005,train,0,0.6232657
394,train,0,0.019229425
2438,train,0,0.020192988
10180,train,0,0.72707933
6241,train,0,0.6164007
396,train,0,0.626766
3886,train,0,0.60485315
7876,train,0,0.75268346
195,train,0,0.010058506
6982,train,0,0.77675045
10918,train,0,0.019229425
4341,train,0,0.013388805
10495,train,0,0.27750233
1519,train,0,0.73691255
2488,train,0,0.011446751
10182,train,0,0.02115893
9883,train,0,0.19691622
8046,train,0,0.016900273
681,train,0,0.01654239
1705,train,0,0.2894379
2033,train,0,0.054646872
3181,train,0,0.34884664
5772,train,0,0.030959032
1865,train,1,0.8995692
2979,train,0,0.8393898
7756,train,0,0.8298044
9322,train,0,0.86939687
691,train,0,0.1473025
10175,train,0,0.4698381
2051,train,0,0.02112815
4180,train,0,0.029301677
3297,train,0,0.020829517
7173,train,0,0.7371874
3206,train,0,0.017645141
2999,train,0,0.022591153
8094,train,0,0.020083515
272,train,0,0.013388805
10980,train,0,0.69228345
6967,train,0,0.014989642
6300,train,0,0.019229425
6041,train,0,0.014717167
3883,train,0,0.31682864
7370,train,0,0.1390165
8522,train,0,0.012079421
389,train,0,0.5670854
819,train,0,0.013388805
8716,train,0,0.67822915
4573,train,0,0.013704623
7170,train,0,0.35810983
401,train,0,0.7798278
8378,train,0,0.09954172
4052,train,0,0.019006098
5977,train,0,0.037847213
10292,train,0,0.62962526
4394,train,0,0.21417177
2970,train,0,0.010929717
4251,train,0,0.27936092
8452,train,0,0.014072847
7887,train,0,0.62224454
1525,train,0,0.4187803
5805,train,0,0.16362298
4566,train,0,0.010901993
2354,train,0,0.4583879
3377,train,0,0.015842915
5975,train,0,0.74015677
7861,train,0,0.017320082
3783,train,0,0.21654575
2431,train,0,0.054243527
3286,train,0,0.01867977
2298,train,0,0.010051301
9107,train,0,0.011834163
9078,train,0,0.008453257
5770,train,0,0.010051301
4051,train,0,0.012747144
7262,train,0,0.019229425
9300,train,0,0.83327377
9615,train,0,0.011834163
4254,train,0,0.3576997
2137,train,0,0.80124354
692,train,0,0.7757715
3522,train,0,0.010475549
11025,train,0,0.010929717
3211,train,0,0.0126817515
6710,train,0,0.37772405
10552,train,0,0.017710656
1517,train,0,0.16224174
9655,train,0,0.010015041
5706,train,0,0.0495727
6733,train,0,0.76313925
2114,train,0,0.7083723
2264,train,0,0.021011878
8535,train,0,0.64556205
9055,train,0,0.6706246
3202,train,0,0.011834163
5982,train,0,0.011834163
9895,train,0,0.014717167
3655,train,0,0.010342102
1667,train,0,0.14576915
1246,train,0,0.2955894
9906,train,0,0.010599528
114,train,0,0.013388805
7894,train,0,0.010034794
10187,train,0,0.010034794
2021,train,0,0.41534737
3801,train,0,0.23889463
1515,train,0,0.7027675
8519,train,0,0.011834163
3774,train,0,0.8072003
7177,train,0,0.011834163
8377,train,0,0.011834163
9934,train,0,0.011834163
3179,train,0,0.39174852
2091,train,0,0.018204903
6078,train,0,0.014608955
11021,train,0,0.019229425
9223,train,0,0.44602767
4649,train,0,0.2721969
8059,train,0,0.11083146
1675,train,0,0.027533788
2735,train,0,0.011460464
2415,train,0,0.009526332
2490,train,0,0.020829517
9869,train,0,0.12515134
3516,train,0,0.27774003
7864,train,0,0.011877345
4310,train,0,0.019307205
1587,train,0,0.013388805
3391,train,0,0.8276144
9620,train,0,0.8268309
9550,train,0,0.02181014
5985,train,0,0.018197136
2884,train,0,0.57162863
5188,train,0,0.010583663
4494,train,0,0.011834163
6084,train,0,0.54609674
9402,train,0,0.71661955
4040,train,0,0.3486235
7377,train,0,0.010051301
10483,train,0,0.5350921
8751,train,0,0.013388805
2749,train,0,0.009556587
7270,train,0,0.73353255
7897,train,0,0.7322812
10987,train,0,0.61124164
5707,train,0,0.011877345
5327,train,0,0.020829517
8012,train,0,0.019644273
9954,train,0,0.019239783
1624,train,0,0.662885
8583,train,0,0.81340545
8346,train,0,0.721539
10447,train,0,0.656826
8088,train,0,0.011834163
10488,train,0,0.80233175
8300,train,0,0.6279882
9217,train,0,0.019229425
10484,train,0,0.6158427
1819,train,0,0.2942698
4143,train,0,0.12334351
989,train,0,0.029336147
9324,train,0,0.67378616
10487,train,0,0.84039915
7178,train,0,0.010342102
9232,train,0,0.050478492
1184,train,0,0.32420632
1389,train,0,0.010409307
602,train,0,0.012079524
2269,train,0,0.0824151
3010,train,0,0.25132155
7624,train,0,0.6527614
4249,train,0,0.31336704
4397,train,0,0.014056052
4572,train,0,0.014056052
8984,train,0,0.009526332
7399,train,0,0.11317408
2377,train,0,0.013388805
9238,train,0,0.011834163
122,train,0,0.013388805
2435,train,0,0.011834163
3875,train,0,0.011834163
4501,train,0,0.011834163
2434,train,0,0.019307205
4426,train,0,0.011834163
1394,train,0,0.7244364
2894,train,0,0.010901993
5801,train,0,0.012113766
9081,train,0,0.3453773
6589,train,0,0.25872555
8341,train,0,0.5192907
4312,train,0,0.020829517
7435,train,0,0.34818023
8226,train,0,0.59409195
6083,train,0,0.6615834
8980,train,0,0.019229425
5182,train,0,0.85569036
618,train,0,0.033827566
1709,train,0,0.009526332
1514,train,0,0.07539279
184,train,0,0.17918599
8455,train,0,0.25442103
2484,train,0,0.13085929
7417,train,0,0.502197
9298,train,0,0.33571285
9843,train,0,0.009556587
4182,train,0,0.009526332
10056,train,0,0.011446751
2421,train,0,0.305732
8654,train,0,0.7260186
5798,train,0,0.10502383
5598,train,0,0.020738242
10533,train,0,0.73993
10860,train,0,0.011834163
2113,train,0,0.69663334
3599,train,0,0.8224432
8064,train,0,0.016955456
838,train,0,0.009526332
9307,train,0,0.013388805
8977,train,0,0.012747144
3395,train,0,0.5452346
7767,train,0,0.008851349
2130,train,0,0.013388805
7157,train,0,0.011286158
5205,train,0,0.019229425
4560,train,0,0.020198734
10189,train,0,0.25217152
10863,train,0,0.014098168
393,train,0,0.2941514
6844,train,0,0.032954168
4495,train,0,0.009900289
7633,train,0,0.55368066
1582,train,0,0.009537767
9230,train,0,0.010034794
9241,train,0,0.011716552
2364,train,0,0.731526
10450,train,0,0.013388805
5204,train,0,0.009526332
9669,train,0,0.25023153
1664,train,0,0.74905896
9956,train,0,0.72747684
7883,train,0,0.013388805
2152,train,0,0.64449036
8933,train,0,0.019006098
1474,train,0,0.010757837
2427,train,0,0.011106055
8015,train,0,0.7464247
2025,train,0,0.3823578
1479,train,0,0.014530478
3777,train,0,0.01037492
1370,train,0,0.013388805
5783,train,0,0.020829517
844,train,0,0.12799525
6721,train,0,0.009526332
10288,train,0,0.28153935
7227,train,0,0.013388805
4330,train,0,0.36356124
8517,train,0,0.011834163
3219,train,0,0.013388805
7226,train,0,0.021668056
8058,train,0,0.012747144
2026,train,0,0.013388805
4337,train,0,0.014717167
7900,train,0,0.7552105
982,train,0,0.041573167
4187,train,0,0.012747144
11018,train,0,0.011106055
4504,train,0,0.20602643
5802,train,0,0.18922168
204,train,0,0.012582941
84,train,0,0.19699211
9625,train,0,0.010929717
8325,train,0,0.010929717
8642,train,0,0.010409307
10785,train,0,0.33249193
3183,train,0,0.010147056
682,train,0,0.01011495
9628,train,0,0.010862309
3185,train,0,0.009983768
9872,train,0,0.010929717
8319,train,0,0.009499872
7113,train,0,0.012079524
5791,train,0,0.010202253
1369,train,0,0.016900273
9866,train,0,0.010202253
9680,train,0,0.009537767
3594,train,0,0.41762078
1699,train,0,0.49618015
2344,train,0,0.045723043
9815,train,0,0.012128268
9060,train,0,0.009537767
7112,train,0,0.010046832
10445,train,0,0.010015041
8373,train,0,0.49992907
10669,train,0,0.292721
10681,train,0,0.0107550975
10796,train,0,0.016435029
8702,train,0,0.009537767
7924,train,0,0.7653132
5767,train,0,0.012113766
6319,train,0,0.009526332
8989,train,0,0.11322825
7259,train,0,0.013388805
235,train,0,0.01000304
4257,train,0,0.68903846
1594,train,0,0.009526332
8930,train,0,0.5687246
9398,train,0,0.017689597
5962,train,0,0.7900307
1194,train,0,0.010034794
3600,train,0,0.010742219
8697,train,0,0.009556587
8293,train,0,0.37651828
10793,train,0,0.010034794
2369,train,0,0.009526332
10054,train,0,0.010034794
10480,train,0,0.008129098
6962,train,0,0.019239783
7216,train,0,0.62378925
9233,train,0,0.021025345
5807,train,0,0.011106055
3676,train,0,0.009526332
7200,train,0,0.011106055
10420,train,0,0.011106055
7623,train,0,0.011834163
623,train,0,0.011834163
5335,train,0,0.014024433
690,train,0,0.012146105
2093,train,0,0.009365927
2014,train,0,0.009556587
7770,train,0,0.01037492
2962,train,0,0.014670546
8577,train,0,0.6464514
4043,train,0,0.013388805
7638,train,0,0.010342102
3198,train,0,0.01037492
6586,train,0,0.8042144
10319,train,0,0.6004197
3390,train,0,0.688605
637,train,0,0.010342102
4623,train,0,0.013388805
1415,train,0,0.010792312
8991,train,0,0.009526332
1620,train,0,0.009526332
6712,train,0,0.013388805
2273,train,0,0.78854346
3882,train,0,0.011106055
970,train,0,0.009526332
1234,train,0,0.01037492
1530,train,0,0.011834163
5221,train,0,0.01037492
10142,train,0,0.7350207
8723,train,0,0.015790287
9674,train,0,0.0130191855
3122,train,0,0.12726463
9940,train,0,0.01037492
6239,train,0,0.010342102
7856,train,0,0.01037492
3292,train,0,0.016943213
9805,train,0,0.010058506
9881,train,0,0.013798142
9325,train,0,0.019229425
2168,train,0,0.865852
3557,train,0,0.011647608
7984,train,0,0.25208643
7382,train,0,0.013460155
1814,train,0,0.010409307
5601,train,0,0.010929717
9824,train,0,0.010202253
9671,train,0,0.18053888
5976,train,0,0.20654763
7412,train,0,0.012785186
11041,train,0,0.017642042
203,train,0,0.017647382
10992,train,0,0.011460464
5330,train,0,0.009537767
8641,train,0,0.08733486
9613,train,0,0.008205555
8769,train,0,0.29586577
2134,train,0,0.2936851
5475,train,0,0.7063602
9404,train,0,0.013404814
5605,train,0,0.7716679
3190,train,0,0.18945347
3657,train,0,0.009526332
7116,train,0,0.010901993
4603,train,0,0.33752123
1824,train,0,0.5113686
3530,train,0,0.32928783
5217,train,0,0.7054774
2289,train,0,0.7869795
3776,train,0,0.6183364
4339,train,0,0.013388805
2381,train,0,0.013388805
5342,train,0,0.8287767
8919,train,0,0.013388805
5336,train,0,0.013388805
128,train,0,0.72893876
1716,train,0,0.013388805
4569,train,0,0.01867977
7925,train,0,0.017343113
7705,train,0,0.009526332
188,train,0,0.32578015
3603,train,0,0.7473446
5195,train,0,0.6461425
8572,train,0,0.013388805
10326,train,0,0.01907664
5785,train,0,0.013388805
4430,train,0,0.83991516
5603,train,0,0.011106055
3514,train,0,0.009526332
8712,train,0,0.021025345
1614,train,0,0.6406084
5612,train,0,0.009431843
6970,train,0,0.019221481
986,train,0,0.2986578
2985,train,0,0.011311429
9653,train,0,0.7750381
4145,train,0,0.88479763
10525,train,0,0.76514685
1240,train,0,0.009365927
7223,train,0,0.011286158
10350,train,0,0.017689597
8051,train,0,0.65708834
193,train,0,0.011106055
8709,train,0,0.011106055
8942,train,0,0.012747144
8755,train,0,0.011368658
395,train,0,0.010230648
2355,train,0,0.013388805
5611,train,0,0.010051301
2910,train,0,0.013388805
6706,train,0,0.48420647
1376,train,0,0.009526332
5176,train,0,0.013388805
3671,train,0,0.16341999
2410,train,0,0.010155292
9219,train,0,0.009526332
2755,train,0,0.41440073
9173,train,0,0.053527813
6718,train,0,0.6863726
4175,train,0,0.8095692
228,train,0,0.7478254
4387,train,0,0.019644273
8982,train,0,0.65233666
10138,train,0,0.4336131
8575,train,0,0.02264302
9603,train,0,0.38247836
9667,train,0,0.010901993
1713,train,0,0.012747144
6317,train,0,0.013388805
4620,train,0,0.009526332
2050,train,0,0.84175456
2030,train,0,0.01197959
4260,train,0,0.67179596
5270,train,0,0.4472782
1372,train,0,0.26780096
1602,train,0,0.5313195
8764,train,0,0.8064096
9064,train,0,0.013388805
8352,train,0,0.038030207
2977,train,0,0.7565317
2371,train,0,0.7433477
2352,train,0,0.010230648
10784,train,0,0.87755483
190,train,0,0.008804623
8649,train,0,0.011684521
7442,train,0,0.022188056
7002,train,0,0.013388805
8934,train,0,0.5053027
7928,train,0,0.013388805
7404,train,1,0.86279106
9732,train,0,0.82306856
9687,train,0,0.017235233
4608,train,0,0.014717167
2142,train,0,0.012747144
3477,train,0,0.38554415
3670,train,0,0.014012748
3552,train,0,0.012747144
2965,train,0,0.01573394
9165,train,0,0.020829517
7202,train,0,0.013388805
7992,train,0,0.7511036
6591,train,0,0.69891554
9406,train,0,0.011834163
1668,train,0,0.48799875
6720,train,0,0.41422755
10706,train,0,0.4040097
4177,train,0,0.2475585
1580,train,0,0.013388805
1622,train,0,0.013388805
5606,train,0,0.85659665
3121,train,0,0.009556587
5648,train,0,0.7356796
2140,train,0,0.011730159
3194,train,0,0.011311429
8450,train,0,0.020829517
7369,train,0,0.010051301
3683,train,0,0.4532558
4317,train,0,0.6939963
7987,train,0,0.28778863
4174,train,0,0.010342102
987,train,0,0.012034086
7424,train,0,0.011877345
4640,train,0,0.011106055
6708,train,0,0.010155292
3001,train,0,0.012203332
4616,train,0,0.012747144
11028,train,0,0.54983515
7274,train,0,0.16870819
2437,train,0,0.018573387
7174,train,0,0.010058506
6997,train,0,0.009526332
9665,train,0,0.01000304
6974,train,0,0.010342102
2986,train,0,0.50300485
9909,train,0,0.009526332
2418,train,0,0.013388805
2104,train,0,0.6949243
5206,train,0,0.014290985
1670,train,0,0.018689668
7697,train,0,0.8086123
7709,train,0,0.7813492
3604,train,0,0.01199654
9313,train,0,0.7612181
2972,train,0,0.66960317
9045,train,0,0.8086352
3664,train,0,0.6235752
5179,train,0,0.37370506
197,train,0,0.01037492
8990,train,0,0.08671375
5695,train,0,0.068080634
6719,train,0,0.01876939
5998,train,0,0.10429219
694,train,0,0.3728447
8230,train,0,0.38074613
8718,train,0,0.009499872
3454,train,0,0.14971091
10412,train,0,0.02079352
5216,train,0,0.020683749
10192,train,0,0.015963616
10985,train,0,0.24708436
3466,train,0,0.30226782
7004,train,0,0.16795745
3397,train,0,0.6417383
7429,train,0,0.0107550975
7923,train,0,0.009537767
1592,train,0,0.45582843
2107,train,0,0.58132243
8881,train,0,0.0848667
847,train,0,0.01000304
5175,train,0,0.016955456
1188,train,0,0.63471144
8290,train,0,0.018604469
3542,train,0,0.009556587
9072,train,0,0.36951238
7371,train,0,0.017982926
2102,train,0,0.86832803
6973,train,0,0.011834163
6984,train,0,0.62004036
2345,train,0,0.009526332
7978,train,0,0.25570157
8333,train,0,0.29328454
9833,train,0,0.009537767
3379,train,0,0.56303966
123,train,0,0.009526332
7439,train,0,0.57599145
3674,train,0,0.009526332
2272,train,0,0.2038051
2263,train,0,0.009058577
2136,train,0,0.63520813
5325,train,0,0.72884333
2038,train,0,0.7208387
1672,train,0,0.011311429
3178,train,0,0.8344572
4334,train,0,0.009526332
4138,train,0,0.009526332
1621,train,0,0.009526332
8337,train,0,0.009526332
10993,train,0,0.64951545
1404,train,0,0.01037492
4395,train,0,0.009526332
2374,train,0,0.49157566
1708,train,0,0.28000304
1717,train,0,0.02181014
4331,train,0,0.40133673
5539,train,0,0.009526332
7758,train,0,0.19415146
4382,train,0,0.009526332
10061,train,0,0.0114885345
640,train,0,0.014366777
3474,train,0,0.2167617
10862,train,0,0.19209142
3528,train,0,0.08185789
180,train,0,0.34865242
2094,train,0,0.28773305
10363,train,0,0.19206342
4431,train,0,0.012785186
5665,train,0,0.009596686
610,train,0,0.10079104
11035,train,0,0.010929717
1657,train,0,0.091019094
9540,train,0,0.016093064
8227,train,0,0.01011495
975,train,0,0.009868956
10534,train,0,0.01011495
2045,train,0,0.17507176
9044,train,0,0.20782165
1529,train,0,0.032954864
9242,train,0,0.010202253
7366,train,0,0.009296288
1384,train,0,0.122754864
7434,train,0,0.010929717
4314,train,0,0.009983768
1704,train,0,0.009046924
7149,train,0,0.014650227
5542,train,0,0.016283548
5786,train,0,0.015963616
5489,train,0,0.11200983
9158,train,0,0.32412362
2360,train,0,0.30237913
5482,train,0,0.34045154
2753,train,0,0.29468468
3476,train,0,0.010015041
5689,train,0,0.36234432
8369,train,0,0.16993533
9171,train,0,0.015963616
1601,train,0,0.009568058
7211,train,0,0.018626595
2904,train,0,0.009537767
7868,train,0,0.49847367
5561,train,0,0.45747238
5781,train,0,0.22187635
6985,train,0,0.009537767
7993,train,0,0.6290957
9878,train,0,0.43597206
3781,train,0,0.82170075
1813,train,0,0.019831441
6700,train,0,0.36762708
1673,train,0,0.7047369
6231,train,0,0.83302355
9813,train,0,0.31458864
7687,train,0,0.5331568
8093,train,0,0.8079004
2963,train,0,0.011446751
4340,train,0,0.013388805
7874,train,0,0.34889305
10861,train,0,0.5679014
10545,train,0,0.6850129
1712,train,0,0.17956397
3290,train,0,0.74935836
9814,train,0,0.64344054
842,train,0,0.2117574
9213,train,0,0.60125923
10296,train,0,0.82020235
8283,train,0,0.77471703
4635,train,0,0.048317123
9948,train,0,0.027491527
8937,train,0,0.36792696
3208,train,0,0.7944959
9157,train,0,0.010742219
10058,train,0,0.01037492
5168,train,0,0.02181014
5969,train,0,0.009365927
9666,train,0,0.011011104
227,train,0,0.008453257
8700,train,0,0.2646594
3681,train,0,0.25518864
6304,train,0,0.009526332
3885,train,0,0.26107556
625,train,0,0.2792205
4575,train,0,0.02115893
3595,train,0,0.011106055
9859,train,0,0.6101395
5218,train,0,0.011106055
7427,train,0,0.01037492
3785,train,0,0.011106055
2161,train,0,0.009526332
2987,train,0,0.011834163
5664,train,0,0.011106055
8018,train,0,0.008154953
2156,train,0,0.7269277
8979,train,0,0.009526332
7862,train,0,0.05013491
6732,train,0,0.71609503
1482,train,0,0.7147213
4248,train,0,0.010586834
9175,train,0,0.011834163
9086,train,0,0.39940575
1189,train,0,0.85376906
9656,train,0,0.01037492
4567,train,0,0.010901993
9894,train,0,0.009526332
990,train,0,0.76447695
2487,train,0,0.010342102
11023,train,0,0.018814053
3236,train,0,0.009526332
1401,train,0,0.77837884
7017,train,0,0.009556587
9087,train,0,0.6082912
7754,train,0,0.011647608
9842,train,0,0.009526332
5774,train,0,0.85626864
2375,train,0,0.010230648
9896,train,0,0.41103727
6988,train,0,0.013388805
6730,train,0,0.016955456
5487,train,0,0.6077219
284,train,0,0.010342102
3789,train,0,0.010342102
3197,train,0,0.019229425
2115,train,0,0.7933075
8532,train,0,0.011834163
5711,train,0,0.011647608
8988,train,0,0.2549106
2151,train,0,0.009526332
2270,train,0,0.673208
8708,train,0,0.014532125
8083,train,0,0.0093338005
9534,train,0,0.014978375
2119,train,0,0.014978375
7627,train,0,0.019229425
8566,train,0,0.019229425
231,train,0,0.009526332
2128,train,0,0.009526332
1400,train,0,0.063977785
10177,train,0,0.010342102
7267,train,0,0.009526332
7699,train,0,0.019229425
10355,train,0,0.015842915
5224,train,0,0.015833959
3596,train,0,0.010342102
2039,train,0,0.009526332
8995,train,0,0.019229425
121,train,0,0.6563913
5993,train,0,0.02455185
9812,train,0,0.8214697
2267,train,0,0.02374629
10542,train,0,0.7848771
10424,train,0,0.017820232
3791,train,0,0.020052262
8643,train,0,0.769854
1192,train,0,0.03865277
10419,train,0,0.5227135
6858,train,0,0.009526332
196,train,0,0.37717846
5961,train,0,0.011106055
2441,train,0,0.011106055
3461,train,0,0.009526332
7865,train,0,0.030761471
7208,train,0,0.009526332
10176,train,0,0.013388805
1596,train,0,0.013388805
3199,train,0,0.016842932
7870,train,0,0.013083617
9288,train,0,0.008465956
10910,train,0,0.011834163
134,train,0,0.51014763
8065,train,0,0.0088591045
10694,train,0,0.50158435
8372,train,0,0.020829517
9904,train,0,0.011106055
1610,train,0,0.009526332
8451,train,0,0.010342102
6838,train,0,0.009526332
3385,train,0,0.585455
1600,train,0,0.8124935
9095,train,0,0.011834163
1337,train,0,0.7475203
86,train,0,0.01368147
1395,train,0,0.01037492
7438,train,0,0.010058506
1817,train,0,0.010901993
3795,train,0,0.011106055
8223,train,0,0.015281644
2442,train,0,0.011106055
2726,train,0,0.013179539
687,train,0,0.0131288925
830,train,0,0.7304996
9912,train,0,0.012747144
821,train,0,0.012747144
8981,train,0,0.0156238
10521,train,0,0.010058506
9228,train,0,0.013083617
5595,train,0,0.009365927
9280,train,0,0.008458147
5966,train,0,0.016955456
8379,train,0,0.017926475
2027,train,0,0.009526332
7751,train,0,0.014978375
4146,train,0,0.02181014
261,train,0,0.0159446
8893,train,0,0.020829517
2754,train,0,0.009526332
9068,train,0,0.012747144
10551,train,0,0.02115893
9911,train,0,0.009526332
4258,train,0,0.009526332
19,train,0,0.03225568
1345,train,0,0.3586041
7871,train,0,0.68903697
1187,train,0,0.6735866
9612,train,0,0.7042837
9102,train,0,0.014978375
10172,train,0,0.01573394
10701,train,0,0.020829517
10422,train,0,0.014978375
6854,train,0,0.010155292
6725,train,0,0.7562189
10414,train,0,0.13428679
10909,train,0,0.010342102
10494,train,0,0.040930323
10423,train,0,0.81183946
4032,train,0,0.81324726
7436,train,0,0.018573387
4614,train,0,0.009526332
4183,train,0,0.76451856
104,train,0,0.012747144
2902,train,0,0.018573387
1350,train,0,0.38873208
6234,train,0,0.6786421
9400,train,0,0.019837499
7365,train,0,0.027357552
6728,train,0,0.009526332
7411,train,0,0.6712337
3532,train,0,0.010230648
10981,train,0,0.75878274
9951,train,0,0.019192198
9685,train,0,0.019229425
5209,train,0,0.32580307
3884,train,0,0.017718596
10453,train,0,0.019737078
1644,train,0,0.8198046
3118,train,0,0.874903
5775,train,0,0.50045323
8010,train,0,0.01181958
10368,train,0,0.7694195
5779,train,0,0.0151348505
685,train,0,0.022905208
5806,train,0,0.78490555
7628,train,0,0.010342102
5778,train,0,0.052591745
832,train,0,0.014717167
10295,train,0,0.016123747
2751,train,0,0.79119104
859,train,0,0.63790673
10696,train,0,0.69263357
5169,train,0,0.47751808
5180,train,0,0.85192984
9901,train,0,0.14664724
9952,train,0,0.20714603
2055,train,0,0.034833964
1354,train,0,0.032307304
4557,train,0,0.42951128
7877,train,0,0.011651874
10135,train,0,0.019056901
1491,train,0,0.01072248
3536,train,0,0.08951562
7426,train,0,0.010929717
10801,train,0,0.015642738
202,train,0,0.009530044
4612,train,0,0.009046924
2023,train,0,0.24157369
6972,train,0,0.09673318
7926,train,0,0.10557418
9728,train,0,0.010691679
7636,train,0,0.6370194
7708,train,0,0.009537767
3383,train,0,0.014781914
977,train,0,0.009537767
7378,train,0,0.6336352
10986,train,0,0.03212345
3152,train,0,0.009537767
3132,train,0,0.009537767
2092,train,0,0.010015041
4564,train,0,0.47672507
6853,train,0,0.009146085
5991,train,0,0.011460464
4383,train,0,0.009537767
9679,train,0,0.020854237
9725,train,0,0.009146085
282,train,0,0.010015041
1397,train,0,0.51233965
8757,train,0,0.1420438
9286,train,0,0.019580942
3002,train,0,0.3153097
4256,train,0,0.01024292
9537,train,0,0.009537767
5223,train,0,0.25519523
10802,train,0,0.01000304
8573,train,0,0.009526332
6387,train,0,0.0114885345
5200,train,0,0.009526332
3125,train,0,0.045561355
5655,train,0,0.52532154
5220,train,0,0.011436805
6703,train,0,0.009526332
10523,train,0,0.010742219
5543,train,0,0.009526332
3380,train,0,0.6133922
3283,train,0,0.01000304
9312,train,0,0.2685163
1487,train,0,0.6757409
7169,train,0,0.029920861
8650,train,0,0.010650345
8294,train,0,0.009526332
8579,train,0,0.47284037
5337,train,0,0.009526332
9216,train,0,0.009526332
3682,train,0,0.014764286
403,train,0,0.145506
7854,train,0,0.18250395
10856,train,0,0.010742219
5795,train,0,0.7587216
9865,train,0,0.010742219
7630,train,0,0.01000304
192,train,0,0.010236763
8691,train,0,0.42604396
2099,train,0,0.5873093
7760,train,0,0.3796085
1611,train,0,0.6631814
9049,train,0,0.010650345
6305,train,0,0.012034086
10919,train,0,0.01000304
3450,train,0,0.5302615
6727,train,0,0.009526332
1347,train,0,0.5719848
5812,train,0,0.5242536
9310,train,0,0.5583757
1475,train,0,0.43101063
9164,train,0,0.01037492
2893,train,0,0.7729205
402,train,0,0.8731013
5780,train,0,0.7432406
4424,train,0,0.014530478
823,train,0,0.010342102
9544,train,0,0.009556587
9281,train,0,0.05634853
1615,train,0,0.7425133
9935,train,0,0.7763593
139,train,0,0.020829517
10991,train,0,0.19484834
1663,train,0,0.8101717
1342,train,0,0.01037492
6593,train,0,0.009526332
2141,train,0,0.011106055
8985,train,0,0.009526332
9717,train,0,0.79041255
1336,train,0,0.015660422
7158,train,0,0.0110366605
4605,train,0,0.009526332
1720,train,0,0.010230648
8004,train,0,0.033035904
9403,train,0,0.033035904
6391,train,0,0.01743857
8449,train,0,0.032723047
689,train,0,0.02491337
4038,train,0,0.59364384
8298,train,0,0.009556587
2419,train,0,0.01037492
6731,train,0,0.5754739
5608,train,0,0.010058506
2908,train,0,0.42620683
7176,train,0,0.0131288925
6069,train,0,0.019229425
10140,train,0,0.0093956785
6859,train,0,0.009526332
2918,train,0,0.009526332
2351,train,0,0.29864752
976,train,0,0.016955456
5654,train,0,0.01723831
8941,train,0,0.54967165
3130,train,0,0.009526332
4489,train,0,0.69457144
7688,train,0,0.4188411
3215,train,0,0.008465956
9302,train,0,0.04988944
8006,train,0,0.01197959
7224,train,0,0.009526332
253,train,0,0.009526332
10362,train,0,0.011834163
7896,train,0,0.009526332
4142,train,0,0.009556587
187,train,0,0.011834163
115,train,0,0.009526332
9960,train,0,0.01037492
1863,train,0,0.86227316
3524,train,0,0.009526332
127,train,0,0.010230648
4132,train,0,0.009556587
3555,train,0,0.009526332
8939,train,0,0.42922932
9314,train,0,0.24406594
8685,train,0,0.5249198
5768,train,0,0.014978375
5277,train,0,0.009526332
9818,train,0,0.8808283
10349,train,0,0.009365927
2379,train,0,0.81358594
5331,train,0,0.009526332
6034,train,0,0.7181955
179,train,0,0.02158082
5994,train,0,0.012506778
1849,train,0,0.009526332
2122,train,0,0.012747144
5699,train,0,0.093568444
9731,train,0,0.13401699
3545,train,0,0.011106055
9547,train,0,0.80124843
4391,train,0,0.009526332
2013,train,0,0.009526332
8588,train,0,0.009526332
2024,train,0,0.009526332
9106,train,0,0.6068101
8695,train,0,0.70388025
10417,train,0,0.12881996
10908,train,0,0.019229425
1375,train,0,0.009526332
5988,train,0,0.4764088
254,train,0,0.017982926
6969,train,0,0.6570788
9538,train,0,0.009526332
3182,train,0,0.70661825
8687,train,0,0.009526332
3146,train,0,0.009526332
6038,train,0,0.01181958
5766,train,0,0.019229425
2966,train,0,0.010058506
3549,train,0,0.009526332
10640,train,0,0.013388805
1367,train,0,0.25986645
3490,train,0,0.009526332
7275,train,0,0.014532125
183,train,0,0.010342102
4263,train,0,0.7230971
5691,train,0,0.01037492
10354,train,0,0.3107304
9065,train,0,0.65722716
270,train,0,0.009526332
8330,train,0,0.009526332
8763,train,0,0.009526332
2016,train,0,0.009526332
10333,train,0,0.010901993
267,train,0,0.85806954
7014,train,0,0.009526332
5210,train,0,0.8198473
239,train,0,0.010342102
1662,train,0,0.011106055
133,train,0,0.009526332
10700,train,0,0.009526332
8533,train,0,0.01037492
4168,train,0,0.009526332
6074,train,0,0.010230648
9090,train,0,0.75472164
6976,train,0,0.8314211
5173,train,0,0.7865716
9080,train,0,0.009526332
5267,train,0,0.018313047
3228,train,0,0.86487424
7402,train,0,0.010475549
1403,train,0,0.017820232
1411,train,0,0.57626164
5274,train,0,0.011647608
5571,train,0,0.29408976
9079,train,0,0.75574726
6393,train,0,0.73382986
3465,train,0,0.6333372
7408,train,0,0.012315806
10790,train,0,0.7304041
4039,train,0,0.010475549
2734,train,0,0.011106055
3668,train,0,0.8273292
10518,train,0,0.687802
9854,train,0,0.87295663
2727,train,0,0.11680068
9308,train,0,0.7160749
8921,train,0,0.012407583
8049,train,0,0.010187523
628,train,0,0.011106055
7983,train,0,0.813957
1490,train,0,0.01883628
3451,train,0,0.009526332
10526,train,0,0.040810313
8291,train,0,0.8554395
7253,train,0,0.8771492
9902,train,0,0.6858149
7892,train,0,0.73760855
8940,train,0,0.41796786
4267,train,0,0.73278594
7893,train,0,0.048709396
4610,train,0,0.01876939
8234,train,0,0.36950397
2976,train,0,0.41937983
9822,train,0,0.17008498
1825,train,0,0.3565497
8530,train,0,0.34872583
9099,train,0,0.18234254
10711,train,0,0.1467883
6742,train,0,0.31394672
1850,train,0,0.2261846
2118,train,0,0.3458647
1399,train,0,0.087339215
7701,train,0,0.102952845
11034,train,0,0.07113126
8457,train,0,0.032820687
8374,train,0,0.25376981
4496,train,0,0.1139168
8648,train,0,0.1489416
9167,train,0,0.21781634
288,train,0,0.009046924
5191,train,0,0.13732444
5171,train,0,0.009046924
5203,train,0,0.009046924
5964,train,0,0.009046924
9682,train,0,0.13381055
2417,train,0,0.017187491
9809,train,0,0.009499872
7251,train,0,0.009296288
2154,train,0,0.053368427
9670,train,0,0.016738832
10293,train,0,0.34294564
9735,train,0,0.010902322
10911,train,0,0.091080815
7428,train,0,0.008005876
1721,train,0,0.007200759
5181,train,0,0.009716145
10983,train,0,0.10768971
2426,train,0,0.009530044
6086,train,0,0.0121136345
1485,train,0,0.010192863
6987,train,0,0.12332004
1402,train,0,0.009499872
2032,train,0,0.03557325
3669,train,0,0.009601165
4261,train,0,0.010147056
10693,train,0,0.18028454
3876,train,0,0.23024929
7693,train,0,0.009046924
10650,train,0,0.009046924
4050,train,0,0.009499872
9944,train,0,0.010202253
6596,train,0,0.009046924
4617,train,0,0.009046924
1492,train,0,0.010929717
2728,train,0,0.21317217
5800,train,0,0.18423556
281,train,0,0.009499872
7423,train,0,0.010929717
5,train,0,0.009046924
6704,train,0,0.009499872
9689,train,0,0.009046924
6998,train,0,0.009046924
9657,train,0,0.21243152
10982,train,0,0.12857352
7020,train,0,0.009046924
3133,train,0,0.009537767
2895,train,0,0.0107550975
5968,train,0,0.015826901
10644,train,0,0.009537767
4624,train,0,0.18356498
9226,train,0,0.49329618
8943,train,0,0.009568058
7919,train,0,0.009537767
9941,train,0,0.017647382
2353,train,0,0.36293647
7214,train,0,0.009537767
4493,train,0,0.5125833
2744,train,0,0.008179542
9627,train,0,0.27578664
2160,train,0,0.009747959
5713,train,0,0.24966592
4046,train,0,0.019028692
4639,train,0,0.30571276
3538,train,0,0.009568058
8340,train,0,0.009537767
3200,train,0,0.011460464
3680,train,0,0.6406949
8986,train,0,0.25889382
9817,train,0,0.010696942
283,train,0,0.39965686
8938,train,0,0.7399525
826,train,0,0.016955456
849,train,0,0.013404814
3518,train,0,0.009568058
7407,train,0,0.018604469
2165,train,0,0.010650345
3788,train,0,0.81790376
138,train,0,0.009526332
7886,train,0,0.010230648
8574,train,0,0.009526332
9224,train,0,0.009556587
7255,train,0,0.009526332
10416,train,0,0.6161893
5663,train,0,0.49433744
242,train,0,0.20929435
840,train,0,0.79495126
3237,train,0,0.009058577
3556,train,0,0.01000304
7279,train,0,0.009556587
391,train,0,0.6658156
9601,train,0,0.62147295
10695,train,0,0.009526332
8016,train,0,0.009526332
6584,train,0,0.72265
1647,train,0,0.011436805
9939,train,0,0.6337423
9598,train,0,0.013388805
5344,train,0,0.009526332
3134,train,0,0.009526332
5546,train,0,0.009556587
131,train,0,0.627772
4047,train,0,0.009526332
3230,train,0,0.0084801335
1692,train,0,0.009526332
6085,train,0,0.010650345
7878,train,0,0.010650345
2111,train,0,0.011446751
10671,train,0,0.6984463
10449,train,0,0.39022452
5970,train,0,0.18020335
130,train,0,0.013388805
1398,train,0,0.011446751
135,train,0,0.010230648
5276,train,0,0.009556587
8232,train,0,0.01625139
6705,train,0,0.009526332
5323,train,0,0.01000304
10638,train,0,0.010230648
827,train,0,0.014195168
20,train,0,0.009556587
6857,train,0,0.009526332
6390,train,0,0.7168845
9321,train,0,0.009526332
8295,train,0,0.009526332
4392,train,0,0.009526332
5653,train,0,0.39432797
3128,train,0,0.009526332
9855,train,0,0.061830413
2012,train,0,0.010230648
9864,train,0,0.09810145
7916,train,0,0.009526332
10789,train,0,0.8309453
5792,train,0,0.010742219
2110,train,0,0.010650345
822,train,0,0.009526332
8086,train,0,0.05083527
8890,train,0,0.009526332
10532,train,0,0.76915807
4570,train,0,0.019217072
973,train,0,0.009526332
626,train,0,0.6879926
814,train,0,0.62822837
5650,train,0,0.010650345
1651,train,0,0.013388805
8698,train,0,0.010733314
240,train,0,0.018604469
2432,train,0,0.018604469
2162,train,0,0.012747144
2358,train,0,0.010733314
256,train,0,0.01000304
10183,train,0,0.85607886
9624,train,0,0.010342102
6699,train,0,0.2951953
2299,train,0,0.69493365
8514,train,0,0.018563537
5341,train,0,0.009526332
4621,train,0,0.009526332
7225,train,0,0.010342102
9806,train,0,0.86004335
120,train,0,0.009526332
8066,train,0,0.11825512
7010,train,0,0.009526332
2015,train,0,0.010342102
2967,train,0,0.010342102
4296,train,0,0.019239783
2362,train,0,0.011286158
1855,train,0,0.6521154
9295,train,0,0.009992307
7707,train,0,0.011347289
8589,train,0,0.0093338005
7156,train,0,0.010342102
7221,train,0,0.009526332
9077,train,0,0.009526332
1722,train,0,0.010342102
8044,train,0,0.010342102
10708,train,0,0.0121334
10680,train,0,0.7697963
8057,train,0,0.009526332
9203,train,0,0.01272653
2292,train,0,0.014852816
10705,train,0,0.009526332
10360,train,0,0.86768484
9605,train,0,0.009526332
853,train,0,0.009861754
7264,train,0,0.009526332
8761,train,0,0.009526332
10921,train,0,0.009521797
2365,train,0,0.010230648
4423,train,0,0.65531445
233,train,0,0.009526332
6030,train,0,0.009861754
9061,train,0,0.009526332
2428,train,0,0.010342102
4393,train,0,0.6903755
8371,train,0,0.8599555
635,train,0,0.018717717
1711,train,0,0.018717717
2363,train,0,0.015973559
5484,train,0,0.014547476
9214,train,0,0.009526332
4611,train,0,0.25168467
9608,train,0,0.02467287
1658,train,0,0.02467287
6965,train,0,0.011106055
7152,train,0,0.01272653
9088,train,0,0.009304244
2907,train,0,0.010733314
9602,train,0,0.011311429
10365,train,0,0.6628542
10492,train,0,0.46230507
9908,train,0,0.019229425
7994,train,0,0.016782658
8936,train,0,0.011576631
1338,train,0,0.7331702
828,train,0,0.009526332
2041,train,0,0.0093956785
3145,train,0,0.01037492
8722,train,0,0.012496836
10415,train,0,0.020829517
636,train,0,0.059540562
9683,train,0,0.009526332
2170,train,0,0.009526332
5813,train,0,0.8382952
5550,train,0,0.009556587
2296,train,0,0.015262246
845,train,0,0.010230648
7872,train,0,0.015281644
4053,train,0,0.009526332
1652,train,0,0.7198925
4324,train,0,0.013388805
271,train,0,0.009526332
5610,train,0,0.19109945
6572,train,0,0.019127136
8284,train,0,0.014530478
9162,train,0,0.014530478
9676,train,0,0.77711874
7406,train,0,0.029237114
1391,train,0,0.021668056
388,train,0,0.020964025
4342,train,0,0.010230648
5553,train,0,0.009365927
852,train,0,0.009526332
3012,train,0,0.025155416
5544,train,0,0.025142165
5263,train,0,0.79297966
7702,train,0,0.009526332
9868,train,0,0.011106055
124,train,0,0.61604553
9938,train,0,0.01037492
117,train,0,0.009526332
7398,train,0,0.010342102
2923,train,0,0.31043312
6573,train,0,0.009526332
5201,train,0,0.009526332
4434,train,0,0.01037492
6697,train,0,0.009526332
248,train,0,0.012747144
811,train,0,0.010586834
9548,train,0,0.25890055
1701,train,0,0.009526332
7634,train,0,0.012496836
2384,train,0,0.009526332
7218,train,0,0.010230648
2411,train,0,0.009526332
5334,train,0,0.46550208
8376,train,0,0.4076526
8349,train,0,0.019644273
1484,train,0,0.019804752
2984,train,0,0.01043039
3678,train,0,0.009526332
8005,train,0,0.010342102
10544,train,0,0.010342102
6717,train,0,0.009526332
8891,train,0,0.009526332
9235,train,0,0.022154117
2,train,0,0.025142165
8887,train,0,0.65032035
8054,train,0,0.009526332
6738,train,0,0.009526332
9161,train,0,0.010586834
4056,train,0,0.009526332
226,train,0,0.009526332
1237,train,0,0.020051192
3468,train,0,0.009526332
2368,train,0,0.009988558
9955,train,0,0.015749145
5771,train,0,0.019229425
125,train,0,0.010342102
9629,train,0,0.023454743
9848,train,0,0.009526332
3004,train,0,0.01345504
3482,train,0,0.009526332
8874,train,0,0.009712457
3151,train,0,0.009556587
8084,train,0,0.78527343
2424,train,0,0.010230648
6723,train,0,0.83457184
2905,train,0,0.008492873
9953,train,0,0.010342102
851,train,0,0.009526332
9847,train,0,0.010583663
1607,train,0,0.6020247
4322,train,0,0.009526332
2105,train,0,0.6273053
9860,train,0,0.009556587
8001,train,0,0.7510352
5808,train,0,0.010244883
10651,train,0,0.016955456
10332,train,0,0.018989695
3124,train,0,0.018989695
1861,train,0,0.010342102
9545,train,0,0.019239783
9531,train,0,0.009526332
9047,train,0,0.009526332
6075,train,0,0.009556587
848,train,0,0.01037492
5483,train,0,0.0097432975
3126,train,0,0.0535872
7410,train,0,0.009556587
3221,train,0,0.011106055
4054,train,0,0.12465421
9832,train,0,0.558198
10174,train,0,0.012530658
1374,train,0,0.012530658
6995,train,0,0.6190772
7921,train,0,0.0093956785
7990,train,0,0.018655032
837,train,0,0.018655032
9317,train,0,0.010342102
641,train,0,0.010342102
5177,train,0,0.010230648
2129,train,0,0.007951926
8296,train,0,0.01037492
8976,train,0,0.009526332
6583,train,0,0.019229425
3665,train,0,0.009526332
2737,train,0,0.014852816
4034,train,0,0.014852816
8651,train,0,0.010342102
3558,train,0,0.009526332
9844,train,0,0.012072208
7007,train,0,0.009526332
4252,train,0,0.01037492
9209,train,0,0.009526332
7996,train,0,0.012496836
8752,train,0,0.009526332
1871,train,0,0.009476157
9614,train,0,0.010342102
10648,train,0,0.009526332
3398,train,0,0.6908396
2017,train,0,0.009526332
9225,train,0,0.013388805
9834,train,0,0.009526332
8886,train,0,0.009526332
8705,train,0,0.019625496
7629,train,0,0.009267545
9215,train,0,0.010052578
241,train,0,0.009526332
3231,train,0,0.009556587
9057,train,0,0.009526332
1478,train,0,0.010342102
6841,train,0,0.36415073
7153,train,0,0.009526332
7155,train,0,0.010058506
3191,train,0,0.01043039
10496,train,0,0.64225763
6035,train,0,0.009526332
6964,train,0,0.0138348695
6026,train,0,0.009526332
8456,train,0,0.013545892
4148,train,0,0.010342102
9108,train,0,0.019229425
4327,train,0,0.009526332
8646,train,0,0.008506029
820,train,0,0.012530658
9720,train,0,0.012034086
10979,train,0,0.44841453
9103,train,0,0.01573394
9285,train,0,0.009556587
108,train,0,0.010155292
7207,train,0,0.013388805
4169,train,0,0.010230648
5607,train,0,0.011106055
9609,train,0,0.009526332
1706,train,0,0.009526332
4632,train,0,0.009526332
2486,train,0,0.8179486
5702,train,0,0.88239896
5329,train,0,0.010342102
4328,train,0,0.01037492
8045,train,0,0.009304244
2915,train,0,0.013388805
2293,train,0,0.01037492
10799,train,0,0.011106055
8565,train,0,0.011364767
9206,train,0,0.6061738
10291,train,0,0.013704623
8289,train,0,0.009526332
8878,train,0,0.010342102
9323,train,0,0.009526332
5960,train,0,0.801675
6996,train,0,0.011106055
4335,train,0,0.017926475
8329,train,0,0.009526332
9710,train,0,0.009556587
1183,train,0,0.02504682
181,train,0,0.7429862
290,train,0,0.009556587
7172,train,0,0.010342102
854,train,0,0.010230648
7396,train,0,0.013388805
6729,train,0,0.011079733
9867,train,0,0.011106055
7891,train,0,0.009526332
10359,train,0,0.84368974
2481,train,0,0.8088567
8922,train,0,0.009526332
2921,train,0,0.009526332
846,train,0,0.009526332
980,train,0,0.013664185
9401,train,0,0.011106055
2370,train,0,0.36429635
10425,train,0,0.010110687
1606,train,0,0.010110687
9600,train,0,0.009526332
8515,train,0,0.010378618
8918,train,0,0.010378618
6598,train,0,0.009526332
835,train,0,0.010342102
3488,train,0,0.010342102
10703,train,0,0.009526332
8883,train,0,0.009526332
10641,train,0,0.009526332
1625,train,0,0.009526332
7685,train,0,0.009526332
9089,train,0,0.009556587
2483,train,0,0.61163867
2414,train,0,0.3795709
2143,train,0,0.014978375
5473,train,0,0.01573394
1581,train,0,0.010230648
3142,train,0,0.009526332
10324,train,0,0.046077773
7766,train,0,0.78929615
2005,train,0,0.009556587
3149,train,0,0.009526332
7690,train,0,0.009526332
6587,train,0,0.0093956785
2106,train,0,0.011647608
6746,train,0,0.009526332
6079,train,0,0.009526332
10540,train,0,0.72031176
2892,train,0,0.71487874
607,train,0,0.13982284
4377,train,0,0.009526332
2888,train,0,0.019229425
7999,train,0,0.009526332
9736,train,0,0.7271974
400,train,0,0.020829517
614,train,0,0.015679823
6601,train,0,0.01037492
1853,train,0,0.00847403
7403,train,0,0.009526332
3535,train,0,0.009556587
8446,train,0,0.29132083
3144,train,0,0.009526332
7631,train,0,0.54425037
5811,train,0,0.023118956
264,train,0,0.6070828
6067,train,0,0.009556587
7012,train,0,0.009526332
4309,train,0,0.011106055
9730,train,0,0.009526332
7917,train,0,0.6852961
6599,train,0,0.009526332
2914,train,0,0.010342102
4055,train,0,0.009556587
1595,train,0,0.010365437
7416,train,0,0.010342102
3770,train,0,0.015300585
9882,train,0,0.019239783
3878,train,0,0.73853153
9046,train,0,0.7916645
7159,train,0,0.009526332
4302,train,0,0.67917967
6031,train,0,0.010230648
3459,train,0,0.008782031
7397,train,0,0.011106055
4048,train,0,0.009526332
7252,train,0,0.009526332
9227,train,0,0.015292468
5343,train,0,0.009556587
3011,train,0,0.01741991
252,train,0,0.009526332
6715,train,0,0.009526332
8748,train,0,0.009556587
985,train,0,0.009526332
992,train,0,0.009526332
8584,train,0,0.011106055
8721,train,0,0.045638032
2750,train,0,0.009526332
10794,train,0,0.120831236
5814,train,0,0.010342102
2420,train,0,0.019219233
268,train,0,0.009365927
1857,train,0,0.01037492
9204,train,0,0.014852816
4308,train,0,0.014852816
3486,train,0,0.70526224
7119,train,0,0.011647608
855,train,0,0.009526332
4323,train,0,0.009526332
7694,train,0,0.009526332
1584,train,0,0.5651706
2155,train,0,0.009526332
8765,train,0,0.012747144
7268,train,0,0.013388805
9172,train,0,0.1421835
1598,train,0,0.13428679
9532,train,0,0.01037492
2275,train,0,0.7747206
1518,train,0,0.011364767
1698,train,0,0.011647608
3141,train,0,0.009526332
3123,train,0,0.010342102
815,train,0,0.009526332
9092,train,0,0.009526332
4320,train,0,0.009526332
829,train,0,0.009526332
7160,train,0,0.010230648
3533,train,0,0.009526332
1381,train,0,0.81845313
9282,train,0,0.009526332
2158,train,0,0.69721955
6979,train,0,0.011106055
10646,train,0,0.009526332
8288,train,0,0.009526332
3467,train,0,0.009526332
9296,train,0,0.013388805
8570,train,0,0.013967547
6306,train,0,0.025385471
1528,train,0,0.011106055
2408,train,0,0.009556587
10455,train,0,0.01197959
3460,train,0,0.009526332
100,train,0,0.009365927
1695,train,0,0.01272653
7368,train,0,0.01037492
2399,train,0,0.009526332
137,train,0,0.009556587
9222,train,0,0.020203723
11031,train,0,0.01573394
5574,train,0,0.009526332
2423,train,0,0.009526332
7691,train,0,0.009526332
5987,train,0,0.018573387
2100,train,0,0.020829517
4150,train,0,0.012747144
2116,train,0,0.020192988
9677,train,0,0.16019937
7115,train,0,0.77966607
7888,train,0,0.01037492
9850,train,0,0.009526332
7413,train,0,0.012747144
6971,train,0,0.70007807
9942,train,0,0.010058506
5183,train,0,0.011844718
686,train,0,0.020052262
2018,train,0,0.01272653
4298,train,0,0.036046654
2034,train,0,0.009526332
8229,train,0,0.010342102
9093,train,0,0.009526332
10864,train,0,0.009526332
9311,train,0,0.6904662
9309,train,0,0.01037492
10653,train,0,0.6933228
8997,train,0,0.009526332
2960,train,0,0.02415158
9299,train,0,0.009526332
7277,train,0,0.009556587
136,train,0,0.009526332
8696,train,0,0.009526332
10452,train,0,0.016244281
5560,train,0,0.009526332
843,train,0,0.009556587
3559,train,0,0.011967603
2163,train,0,0.009526332
4384,train,0,0.009526332
6230,train,0,0.020617392
9293,train,0,0.009526332
101,train,0,0.009526332
4186,train,0,0.01037492
251,train,0,0.009526332
3464,train,0,0.011281966
236,train,0,0.009556587
6603,train,0,0.009526332
8351,train,0,0.009556587
10421,train,0,0.5405297
9691,train,0,0.013388805
5563,train,0,0.010342102
4329,train,0,0.01064714
3553,train,0,0.009526332
5478,train,0,0.019219233
8877,train,0,0.009556587
1851,train,0,0.009526332
8880,train,0,0.009526332
8281,train,0,0.015257273
8297,train,0,0.013388805
2430,train,0,0.80698174
3544,train,0,0.010342102
2406,train,0,0.009526332
8756,train,0,0.009526332
8000,train,0,0.009526332
5690,train,0,0.010058506
10677,train,0,0.01037492
5165,train,0,0.009526332
7689,train,0,0.011131027
2372,train,0,0.009526332
4319,train,0,0.009526332
6991,train,0,0.009526332
11027,train,0,0.016986798
2922,train,0,0.013388805
10858,train,0,0.01037492
9678,train,0,0.009526332
90,train,0,0.76661825
3513,train,0,0.7476746
9533,train,0,0.024595944
3294,train,0,0.024595944
9083,train,0,0.009526332
991,train,0,0.009526332
9959,train,0,0.16809307
1866,train,0,0.010342102
8534,train,0,0.01958307
3232,train,0,0.009556587
10673,train,0,0.009365927
5804,train,0,0.015300585
1715,train,0,0.009526332
974,train,0,0.013179377
4389,train,0,0.013388805
6245,train,0,0.014978375
286,train,0,0.26416865
275,train,0,0.013388805
263,train,0,0.009526332
6978,train,0,0.021028794
6837,train,0,0.011647608
1603,train,0,0.010230648
1605,train,0,0.010342102
8019,train,0,0.5952007
2048,train,0,0.010342102
273,train,0,0.011967603
230,train,0,0.009526332
4305,train,0,0.020829517
6736,train,0,0.010342102
2167,train,0,0.013388805
9654,train,0,0.011106055
3456,train,0,0.010187523
289,train,0,0.78688145
8876,train,0,0.009526332
10541,train,0,0.019229425
6579,train,0,0.7930136
3192,train,0,0.7955553
3656,train,0,0.010342102
1710,train,0,0.009526332
8332,train,0,0.009526332
8090,train,0,0.010901993
7220,train,0,0.81030077
10866,train,0,0.009526332
3473,train,0,0.008453257
7381,train,0,0.017537963
6045,train,0,0.009526332
2042,train,0,0.009526332
2359,train,0,0.010230648
4184,train,0,0.009526332
9712,train,0,0.5012849
1593,train,0,0.009526332
2919,train,0,0.009556587
9405,train,0,0.019229425
9597,train,0,0.51833934
2736,train,0,0.5392817
1238,train,0,0.010901993
9899,train,0,0.01272653
8324,train,0,0.040080577
2367,train,0,0.009526332
3227,train,0,0.64517176
4262,train,0,0.012034086
3515,train,0,0.009526332
5339,train,0,0.011281966
4149,train,0,0.010230648
3224,train,0,0.3700676
9097,train,0,0.66555065
2056,train,0,0.009526332
5651,train,0,0.011684521
9071,train,0,0.009526332
2020,train,0,0.8098837
7198,train,0,0.009078965
2108,train,0,0.014978375
5797,train,0,0.019115971
8292,train,0,0.019229425
5764,train,0,0.33318225
8011,train,0,0.74315614
4648,train,0,0.043024
7260,train,0,0.011046022
4044,train,0,0.8418688
2049,train,0,0.012747144
9043,train,0,0.009526332
9073,train,0,0.009526332
1700,train,0,0.63674176
10714,train,0,0.009526332
7769,train,0,0.011647608
5207,train,0,0.51877743
118,train,0,0.74653465
696,train,0,0.018573387
8923,train,0,0.010230648
4045,train,0,0.010342102
7117,train,0,0.7469441
10489,train,0,0.009526332
5700,train,0,0.66312164
2148,train,0,0.010155292
8978,train,0,0.010230648
8322,train,0,0.011106055
6301,train,0,0.009556587
4297,train,0,0.89066774
10685,train,0,0.65067565
7920,train,0,0.009526332
4435,train,0,0.017982926
1341,train,0,0.01573394
5214,train,0,0.015842915
1626,train,0,0.01037492
6313,train,0,0.009526332
7150,train,0,0.01790748
6577,train,0,0.014978375
8323,train,0,0.74762887
4622,train,0,0.6348655
9546,train,0,0.009914437
2402,train,0,0.009526332
3667,train,0,0.009526332
4565,train,0,0.015457927
6856,train,0,0.009526332
1812,train,0,0.015490101
2898,train,0,0.02147294
1852,train,0,0.80644214
6392,train,0,0.022673124
3127,train,0,0.011281966
2725,train,0,0.019115971
2482,train,0,0.014978375
9835,train,0,0.013061783
6852,train,0,0.010475549
7269,train,0,0.85245764
9692,train,0,0.009526332
10690,train,0,0.010342102
1407,train,0,0.014978375
1,train,0,0.009296561
4303,train,0,0.024367878
6308,train,0,0.014125753
8338,train,0,0.8235782
7989,train,0,0.014978375
7991,train,0,0.019229425
10446,train,0,0.019229425
9207,train,0,0.33470628
8303,train,0,0.8617029
1821,train,0,0.011106055
176,train,0,0.016803112
9074,train,0,0.009526332
6238,train,0,0.7348335
2980,train,0,0.01646182
2046,train,0,0.019229425
6741,train,0,0.011249248
5658,train,0,0.015300585
6073,train,0,0.009526332
1671,train,0,0.7907267
7266,train,0,0.010230648
1872,train,0,0.010475549
1353,train,0,0.011106055
2131,train,0,0.7031603
10287,train,0,0.01037492
224,train,0,0.013388805
4487,train,0,0.014530478
7021,train,0,0.011106055
7632,train,0,0.009304244
5194,train,0,0.010475549
9111,train,0,0.04521515
7409,train,0,0.009556587
2409,train,0,0.009326093
11026,train,0,0.014978375
4190,train,0,0.008745657
10798,train,0,0.035110388
6307,train,0,0.012120809
6040,train,0,0.013181895
7882,train,0,0.013181895
8454,train,0,0.7592328
4618,train,0,0.7935583
7982,train,0,0.023138393
3147,train,0,0.25544187
8567,train,0,0.9088662
2153,train,0,0.733013
2896,train,0,0.019192198
5773,train,0,0.87022907
6849,train,0,0.010230648
3392,train,0,0.014978375
2361,train,0,0.009526332
8885,train,0,0.010508787
1859,train,0,0.3430161
10654,train,0,0.019229425
3879,train,0,0.022417517
836,train,0,0.012276924
7161,train,0,0.5928786
9595,train,0,0.011249248
6299,train,0,0.6320985
10530,train,0,0.033883817
3136,train,0,0.31480917
186,train,0,0.010342102
9596,train,0,0.009526332
3786,train,0,0.8816514
1243,train,0,0.027857132
7005,train,0,0.71559936
9910,train,0,0.010230648
1604,train,0,0.019229425
3189,train,0,0.021668056
9315,train,0,0.010230648
7695,train,0,0.019219426
2356,train,0,0.009526332
4641,train,0,0.013624103
10179,train,0,0.015198125
2011,train,0,0.76247615
4627,train,0,0.010475549
200,train,0,0.7672484
9054,train,0,0.0120383445
9885,train,0,0.013609732
1362,train,0,0.012276924
5694,train,0,0.014978375
3212,train,0,0.022673124
4173,train,0,0.70977294
8301,train,0,0.013639414
7206,train,1,0.85730374
10859,train,0,0.01573394
1339,train,0,0.42146617
5184,train,0,0.29420415
5704,train,0,0.6881894
10057,train,0,0.017467076
1360,train,0,0.49228787
119,train,0,0.010342102
6592,train,0,0.019229425
9907,train,0,0.010475549
5777,train,0,0.018176395
857,train,0,0.010475549
7165,train,0,0.01646182
4311,train,0,0.01646182
3527,train,0,0.010475549
9856,train,0,0.009526332
7110,train,0,0.86843914
4502,train,0,0.010342102
2157,train,0,0.010230648
5166,train,0,0.76178473
8992,train,0,0.010508787
7980,train,0,0.022077043
7179,train,0,0.017290905
1858,train,0,0.019229425
11017,train,0,0.01646182
5609,train,0,0.81246644
8929,train,0,0.013975554
9606,train,0,0.010475549
4178,train,0,0.8234315
8382,train,0,0.75798297
4491,train,0,0.018575115
8944,train,0,0.70450413
7880,train,0,0.27304518
10783,train,0,0.022673124
2171,train,0,0.009526332
9862,train,0,0.6925529
1816,train,0,0.018573387
9289,train,0,0.012276924
2890,train,0,0.015343319
249,train,0,0.32628462
3487,train,0,0.6949458
3233,train,0,0.010230648
9320,train,0,0.009526332
8235,train,0,0.011647608
7885,train,0,0.012276924
5790,train,0,0.023798035
1608,train,0,0.75908417
6839,train,0,0.010475549
4147,train,0,0.84078383
5796,train,0,0.019192198
132,train,0,0.012315806
3540,train,0,0.38104
3234,train,0,0.32668397
2440,train,0,0.75939345
7013,train,0,0.3392016
5198,train,0,0.4715471
856,train,0,0.6641539
10519,train,0,0.38479796
5980,train,0,0.77255607
6597,train,0,0.34561044
9075,train,0,0.50943756
8889,train,0,0.4003855
4250,train,0,0.26495034
6961,train,0,0.1566614
1481,train,0,0.039527934
1577,train,0,0.01197661
7108,train,0,0.05227256
4613,train,0,0.047688834
7105,train,0,0.022290103
4295,train,0,0.021745386
3792,train,0,0.13883334
250,train,0,0.018525476
7898,train,0,0.018525476
2891,train,0,0.018525476
1811,train,0,0.23644055
9168,train,0,0.018525476
3455,train,0,0.018525476
10716,train,0,0.21654743
6726,train,0,0.012785186
5667,train,0,0.04756755
13,train,0,0.01876939
1862,train,0,0.018525476
5271,train,0,0.01654239
8657,train,0,0.3026722
10674,train,0,0.016462902
6068,train,0,0.01654239
9711,train,0,0.01654239
8052,train,0,0.021599174
9101,train,0,0.021599174
1380,train,0,0.18608525
2159,train,0,0.033048224
3554,train,0,0.012785186
2052,train,0,0.09627259
5809,train,0,0.09987083
3661,train,0,0.12711869
7753,train,0,0.21879959
693,train,0,0.1441611
627,train,0,0.20783916
10284,train,0,0.014098168
1195,train,0,0.17032933
2489,train,0,0.012582941
9820,train,0,0.1264957
11030,train,0,0.026365966
4299,train,0,0.026365966
88,train,0,0.014098168
1366,train,0,0.012785186
2150,train,0,0.011285897
1627,train,0,0.048042376
7425,train,0,0.011285897
9291,train,0,0.011285897
6590,train,0,0.09300448
9900,train,0,0.010776299
10639,train,0,0.010776299
1363,train,0,0.20931156
3662,train,0,0.2100052
8062,train,0,0.16185173
9675,train,0,0.011285897
2383,train,0,0.10244611
5972,train,0,0.020686677
9719,train,0,0.024619872
6028,train,0,0.011285897
10528,train,0,0.014696513
9211,train,0,0.079052486
8061,train,0,0.016093064
1349,train,0,0.016093064
116,train,0,0.32886064
390,train,0,0.02149994
8225,train,0,0.17969382
1702,train,0,0.014444248
9879,train,0,0.13100557
4425,train,0,0.29043224
5476,train,0,0.18744883
11037,train,0,0.35795584
606,train,0,0.22775167
619,train,0,0.014785789
10676,train,0,0.0136225205
2729,train,0,0.012785186
10867,train,0,0.34091052
1196,train,0,0.07631817
2733,train,0,0.14923953
7635,train,0,0.075525954
10643,train,0,0.075525954
2436,train,0,0.075525954
4558,train,0,0.21039882
3590,train,0,0.08102893
981,train,0,0.011285897
1823,train,0,0.012079524
3007,train,0,0.35626408
10791,train,0,0.14996958
1357,train,0,0.012785186
1185,train,0,0.1449454
1665,train,0,0.04157462
8381,train,0,0.010929717
5776,train,0,0.12766969
3296,train,0,0.1578371
5647,train,0,0.010929717
5986,train,0,0.010832991
9821,train,0,0.010929717
178,train,0,0.014321763
1245,train,0,0.18940464
5996,train,0,0.2711542
7755,train,0,0.010929717
5213,train,0,0.01117665
1382,train,0,0.013636226
1486,train,0,0.31652337
10290,train,0,0.009596686
7166,train,0,0.10061818
9933,train,0,0.2918637
6595,train,0,0.05516628
4562,train,0,0.01843664
3877,train,0,0.013067666
8879,train,0,0.010058183
1661,train,0,0.009530044
9662,train,0,0.010776121
4269,train,0,0.010776121
1650,train,0,0.009530044
824,train,0,0.01654239
1392,train,0,0.01654239
8706,train,0,0.11490524
4633,train,0,0.009046924
1848,train,0,0.015150708
9076,train,0,0.009499872
85,train,0,0.013424282
1864,train,0,0.009499872
8693,train,0,0.029686294
9723,train,0,0.009499872
9892,train,0,0.009499872
2350,train,0,0.009046924
8009,train,0,0.009046924
6722,train,0,0.09078168
9094,train,0,0.008675223
5268,train,0,0.009046924
6990,train,0,0.014190171
3394,train,0,0.014190171
825,train,0,0.009046924
7212,train,0,0.009046924
4188,train,0,0.008675223
638,train,0,0.009499872
7752,train,0,0.19824867
238,train,0,0.23495287
7401,train,0,0.009530044
6310,train,0,0.009499872
9098,train,0,0.009499872
9292,train,0,0.009046924
1406,train,0,0.014099541
7852,train,0,0.010202253
6740,train,0,0.009046924
3293,train,0,0.010202253
10289,train,0,0.008468799
10786,train,0,0.009530044
2145,train,0,0.009530044
11029,train,0,0.13915043
6043,train,0,0.21678172
9838,train,0,0.014041026
2348,train,0,0.010202253
229,train,0,0.010202253
8348,train,0,0.07965615
1493,train,0,0.012779493
4574,train,0,0.010598333
3138,train,0,0.009046924
10800,train,0,0.009530044
3799,train,0,0.010202253
4388,train,0,0.10073022
9713,train,0,0.018255359
9237,train,0,0.010202253
3226,train,0,0.010598333
1198,train,0,0.014099541
611,train,0,0.014099541
9831,train,0,0.011535199
812,train,0,0.011535199
3210,train,0,0.116514325
2745,train,0,0.022829017
3389,train,0,0.014844474
5333,train,0,0.009499872
2982,train,0,0.009530044
8350,train,0,0.0106090335
6989,train,0,0.010147056
5815,train,0,0.010202253
10984,train,0,0.015727356
3218,train,0,0.014444248
7875,train,0,0.010202253
2127,train,0,0.010780423
8453,train,0,0.12818584
8524,train,0,0.009499872
10550,train,0,0.12665184
3207,train,0,0.009169843
8448,train,0,0.33584267
3458,train,0,0.013422759
4559,train,0,0.008545806
6578,train,0,0.009499872
4488,train,0,0.009499872
7374,train,0,0.019273086
7418,train,0,0.009499872
6029,train,0,0.021745386
11024,train,0,0.020472538
5222,train,0,0.1925653
5963,train,0,0.009046924
6044,train,0,0.009046924
94,train,0,0.124512225
3675,train,0,0.010742046
3148,train,0,0.009046924
9051,train,0,0.009296288
2047,train,0,0.009046924
9091,train,0,0.009046924
1666,train,0,0.0108769
2019,train,0,0.0108769
10691,train,0,0.008339765
6580,train,0,0.010929717
8747,train,0,0.2602951
10537,train,0,0.012079524
7419,train,0,0.09129862
3660,train,0,0.119536765
4609,train,0,0.009499872
4137,train,0,0.009046924
858,train,0,0.010768916
102,train,0,0.03942473
5981,train,0,0.010929717
2731,train,0,0.014696513
6080,train,0,0.008905405
629,train,0,0.008905405
3223,train,0,0.01011495
4332,train,0,0.01870003
2429,train,0,0.09127306
3790,train,0,0.021495923
3006,train,0,0.14355974
7154,train,0,0.010776299
5190,train,0,0.012785186
2376,train,0,0.009046924
813,train,0,0.009046924
10792,train,0,0.009530044
8287,train,0,0.08872124
2135,train,0,0.1898237
7006,train,0,0.009296288
3295,train,0,0.014677103
6737,train,0,0.009046924
6744,train,0,0.009296288
10448,train,0,0.009046924
6389,train,0,0.09627259
7422,train,0,0.19014281
2978,train,0,0.0093469005
6388,train,0,0.012785186
8328,train,0,0.22845943
5569,train,0,0.010643635
9,train,0,0.04756755
1488,train,0,0.04756755
1387,train,0,0.01654239
2400,train,0,0.01654239
8282,train,0,0.009499872
1654,train,0,0.03042457
2920,train,0,0.009046924
10491,train,0,0.0989527
9549,train,0,0.018525476
1597,train,0,0.19189936
7148,train,0,0.06814372
10493,train,0,0.044250872
2439,train,0,0.116765976
1697,train,0,0.009046924
6087,train,0,0.01869098
5810,train,0,0.01011495
1182,train,0,0.008792505
8576,train,0,0.009046924
9617,train,0,0.014650227
2983,train,0,0.010929717
2022,train,0,0.06195064
4381,train,0,0.009046924
1344,train,0,0.010929717
3517,train,0,0.010929717
8983,train,0,0.017090194
2036,train,0,0.01136675
5225,train,0,0.11753808
14,train,0,0.009499872
6716,train,0,0.014222452
8996,train,0,0.009046924
2738,train,0,0.18409285
259,train,0,0.2620031
6711,train,0,0.009046924
6240,train,0,0.40813807
9876,train,0,0.010929717
6745,train,0,0.009046924
8299,train,0,0.0090756705
2981,train,0,0.10391786
6846,train,0,0.009046924
6318,train,0,0.009046924
6992,train,0,0.12845637
810,train,0,0.009046924
4634,train,0,0.009046924
1854,train,0,0.027617278
7107,train,0,0.008545806
5784,train,0,0.010409307
1346,train,0,0.10737736
397,train,0,0.12904654
3537,train,0,0.008675223
10697,train,0,0.009046924
9688,train,0,0.11741667
9539,train,0,0.009046924
8334,train,0,0.009046924
266,train,0,0.009868956
7686,train,0,0.009046924
833,train,0,0.012580749
7201,train,0,0.01011495
2730,train,0,0.009499872
7205,train,0,0.009046924
5552,train,0,0.010015041
8892,train,0,0.57413644
9913,train,0,0.02787245
2404,train,0,0.009537767
7863,train,0,0.010403929
4185,train,0,0.010403929
834,train,0,0.013794457
5793,train,0,0.018618897
2138,train,0,0.6327014
10479,train,0,0.009537767
3598,train,0,0.25969568
8770,train,0,0.009046924
6036,train,0,0.009146085
7273,train,0,0.008675223
8569,train,0,0.009537767
5984,train,0,0.010046832
8587,train,0,0.010046832
4645,train,0,0.0107550975
1244,train,0,0.012064181
697,train,0,0.4931517
2425,train,0,0.34706
6315,train,0,0.0106631145
9663,train,0,0.010015041
9543,train,0,0.0119939335
6980,train,0,0.011979861
9176,train,0,0.011979861
9897,train,0,0.009537767
7376,train,0,0.0109150605
4615,train,0,0.010015041
8014,train,0,0.009537767
9846,train,0,0.009537767
246,train,0,0.0106631145
2031,train,0,0.009537767
6701,train,0,0.009146085
5652,train,0,0.25963992
4325,train,0,0.009537767
244,train,0,0.009537767
639,train,0,0.455805
7019,train,0,0.009537767
5170,train,0,0.009537767
9110,train,0,0.011460464
3485,train,0,0.010015041
7915,train,0,0.009537767
3534,train,0,0.28062293
6986,train,0,0.009537767
2117,train,0,0.40821677
8060,train,0,0.010015041
17,train,0,0.009537767
199,train,0,0.3558663
2909,train,0,0.3669541
3672,train,0,0.011981932
7884,train,0,0.010015041
3480,train,0,0.009873588
5187,train,0,0.009537767
5656,train,0,0.021885175
4563,train,0,0.479562
8384,train,0,0.382992
9715,train,0,0.009537767
4170,train,0,0.5733728
9594,train,0,0.009537767
2095,train,0,0.010767549
1809,train,0,0.008633083
9840,train,0,0.009568058
5555,train,0,0.009537767
4131,train,0,0.009537767
2266,train,0,0.641773
8568,train,0,0.009537767
1870,train,0,0.4490921
8871,train,0,0.009537767
5566,train,0,0.012741757
10320,train,0,0.011460464
8286,train,0,0.009537767
7263,train,0,0.009537767
9827,train,0,0.010015041
5275,train,0,0.01024292
3217,train,0,0.01024292
1609,train,0,0.01024292
7704,train,0,0.009537767
632,train,0,0.0107550975
6602,train,0,0.009568058
4318,train,0,0.010015041
10418,train,0,0.0107550975
8285,train,0,0.009747959
2043,train,0,0.009537767
9084,train,0,0.009568058
5549,train,0,0.009537767
3520,train,0,0.675744
5208,train,0,0.010603304
850,train,0,0.009009706
291,train,0,0.009537767
3471,train,0,0.04504056
1356,train,0,0.53111166
8582,train,0,0.009568058
3387,train,0,0.61146086
2378,train,0,0.009537767
9205,train,0,0.009537767
2044,train,0,0.009568058
6070,train,0,0.4211354
8007,train,0,0.019161914
10481,train,0,0.016458824
1388,train,0,0.013153641
11033,train,0,0.016383357
8692,train,0,0.009537767
9716,train,0,0.0120866615
2885,train,0,0.03243615
7209,train,0,0.43340543
7375,train,0,0.013404814
8894,train,0,0.020854237
2294,train,0,0.40586329
10916,train,0,0.019028692
4141,train,0,0.019028692
4037,train,0,0.013404814
8656,train,0,0.008037855
2008,train,0,0.008037855
5186,train,0,0.009537767
6232,train,0,0.0107550975
6977,train,0,0.013404814
6594,train,0,0.015048918
7151,train,0,0.016067594
1714,train,0,0.009146085
2172,train,0,0.009537767
10995,train,0,0.70586467
9082,train,0,0.009568058
2964,train,0,0.6220887
3205,train,0,0.37696907
8336,train,0,0.010015041
8048,train,0,0.009537767
6576,train,0,0.010950045
1179,train,0,0.010403929
9287,train,0,0.00879258
1590,train,0,0.009537767
4140,train,0,0.010046832
9863,train,0,0.61363256
10520,train,0,0.0107550975
1623,train,0,0.23971613
7278,train,0,0.018626595
3798,train,0,0.010015041
3874,train,0,0.015567204
1694,train,0,0.009537767
1522,train,0,0.44498047
1483,train,0,0.5842403
841,train,0,0.009537767
9858,train,0,0.009537767
4171,train,0,0.009537767
9304,train,0,0.009537767
3481,train,0,0.12038681
1869,train,0,0.6098925
8092,train,0,0.42769387
3779,train,0,0.012742452
3214,train,0,0.44165072
9684,train,0,0.009873588
5266,train,0,0.45710042
8320,train,0,0.0106631145
9621,train,0,0.011172399
8536,train,0,0.63160425
5710,train,0,0.018626595
3483,train,0,0.018626595
9807,train,0,0.011460464
2297,train,0,0.46655548
1808,train,0,0.03767245
9056,train,0,0.009568058
2912,train,0,0.38374734
9727,train,0,0.33880126
5538,train,0,0.40180144
5174,train,0,0.53047454
4301,train,0,0.010046832
5557,train,0,0.009537767
11020,train,0,0.010046832
2054,train,0,0.009537767
7379,train,0,0.01487055
4380,train,0,0.01487055
8013,train,0,0.010015041
3531,train,0,0.28401175
6071,train,0,0.009537767
1588,train,0,0.42026323
3521,train,0,0.009537767
2139,train,0,0.010046832
232,train,0,0.010260701
8343,train,0,0.008490323
6698,train,0,0.009537767
5600,train,0,0.40494275
10517,train,0,0.0107550975
8050,train,0,0.01487055
10364,train,0,0.0113727525
8873,train,0,0.009537767
3547,train,0,0.008179542
1616,train,0,0.009537767
6316,train,0,0.009537767
6994,train,0,0.009537767
6999,train,0,0.009537767
2346,train,0,0.009537767
3551,train,0,0.7327283
6743,train,0,0.009537767
8347,train,0,0.009537767
9085,train,0,0.00879258
7692,train,0,0.009537767
9319,train,0,0.26633105
105,train,0,0.009537767
971,train,0,0.009537767
5537,train,0,0.009873588
3457,train,0,0.01024292
8882,train,0,0.009537767
1586,train,0,0.0106631145
3659,train,0,0.010599528
5193,train,0,0.009537767
8975,train,0,0.009537767
5172,train,0,0.074365474
4041,train,0,0.009537767
3775,train,0,0.52102375
177,train,0,0.013404814
5326,train,0,0.009537767
7,train,0,0.010029211
688,train,0,0.010029211
8342,train,0,0.009537767
1860,train,0,0.009537767
3679,train,0,0.009526332
4266,train,0,0.009526332
2035,train,0,0.009537767
8750,train,0,0.009526332
4333,train,0,0.010391467
8704,train,0,0.009526332
10485,train,0,0.019115971
3396,train,0,0.013388805
5973,train,0,0.0087059345
1377,train,0,0.66239774
5558,train,0,0.009537767
2961,train,0,0.020829517
4606,train,0,0.009526332
9063,train,0,0.009526332
4166,train,0,0.015707962
8585,train,0,0.010590605
7204,train,0,0.61533165
4604,train,0,0.01197959
6714,train,0,0.020829517
9053,train,0,0.01000304
8002,train,0,0.009526332
9686,train,0,0.009526332
8694,train,0,0.009526332
2121,train,0,0.009556587
4386,train,0,0.009526332
9672,train,0,0.7485065
2295,train,0,0.021103116
4049,train,0,0.019006098
9290,train,0,0.012415165
4172,train,0,0.010230648
10914,train,0,0.40274996
2120,train,0,0.01000304
6713,train,0,0.009526332
10698,train,0,0.01024292
5967,train,0,0.009537767
2416,train,0,0.20281807
9066,train,0,0.009556587
7420,train,0,0.016730696
3204,train,0,0.50887895
6302,train,0,0.008453257
8686,train,0,0.009556587
5261,train,0,0.009526332
10191,train,0,0.010015041
237,train,0,0.01000304
9837,train,0,0.009526332
6309,train,0,0.009526332
2126,train,0,0.44446263
9893,train,0,0.009526332
6042,train,0,0.009526332
10060,train,0,0.011001922
7016,train,0,0.009861754
10353,train,0,0.018434359
9294,train,0,0.18200178
10451,train,0,0.01000304
6032,train,0,0.009526332
5567,train,0,0.009914437
2916,train,0,0.009058577
9845,train,0,0.70671105
5782,train,0,0.013382847
10,train,0,0.009526332
7881,train,0,0.009526332
1390,train,0,0.010853525
1579,train,0,0.013915617
9231,train,0,0.018604469
3143,train,0,0.009526332
6702,train,0,0.7051699
7000,train,0,0.009526332
5551,train,0,0.009526332
1386,train,0,0.013299517
4630,train,0,0.009556587
9877,train,0,0.6738821
3525,train,0,0.009556587
3606,train,0,0.010684132
7405,train,0,0.009526332
6847,train,0,0.6732238
5338,train,0,0.009526332
8345,train,0,0.015058265
9852,train,0,0.01000304
10325,train,0,0.020829517
1578,train,0,0.020829517
10649,train,0,0.009526332
1613,train,0,0.01181958
6983,train,0,0.010034794
9210,train,0,0.009526332
3550,train,0,0.010034794
4255,train,0,0.009526332
4385,train,0,0.0170089
2028,train,0,0.009526332
3469,train,0,0.23374279
7210,train,0,0.009526332
10699,train,0,0.009526332
3008,train,0,0.010754657
3220,train,0,0.013388805
1618,train,0,0.010586834
4313,train,0,0.021984821
8321,train,0,0.011373327
6843,train,0,0.009526332
4139,train,0,0.009526332
2164,train,0,0.009526332
7009,train,0,0.010230648
5989,train,0,0.014852816
8688,train,0,0.014852816
2968,train,0,0.56522256
7203,train,0,0.009526332
110,train,0,0.010650345
3119,train,0,0.008169722
10675,train,0,0.08922268
9301,train,0,0.07916563
3203,train,0,0.02247485
9245,train,0,0.10997663
106,train,0,0.41616753
9052,train,0,0.009526332
9718,train,0,0.010230648
8710,train,0,0.010742219
4306,train,0,0.10062585
8063,train,0,0.009526332
3115,train,0,0.008453257
7625,train,0,0.01867977
6845,train,0,0.016955456
225,train,0,0.009526332
8925,train,0,0.010742219
8768,train,0,0.010650345
7011,train,0,0.010622486
983,train,0,0.018604469
7363,train,0,0.011436805
10655,train,0,0.009556587
8987,train,0,0.008782031
9536,train,0,0.33847815
9681,train,0,0.7680479
8581,train,0,0.0084801335
9898,train,0,0.013624103
2380,train,0,0.01272653
10647,train,0,0.009526332
3478,train,0,0.009526332
1703,train,0,0.009526332
1718,train,0,0.009526332
8932,train,0,0.009526332
5265,train,0,0.010230648
10454,train,0,0.008998899
4167,train,0,0.009526332
7703,train,0,0.013388805
1489,train,0,0.009556587
4135,train,0,0.009526332
6981,train,0,0.01000304
2741,train,0,0.009526332
7215,train,0,0.01000304
8571,train,0,0.009526332
9069,train,0,0.01000304
280,train,0,0.009526332
4181,train,0,0.6365521
265,train,0,0.009526332
9673,train,0,0.009526332
10065,train,0,0.35599342
9722,train,0,0.009526332
8872,train,0,0.009526332
2752,train,0,0.009526332
10482,train,0,0.009526332
831,train,0,0.012747144
4326,train,0,0.009526332
2037,train,0,0.009526332
7637,train,0,0.6793895
9946,train,0,0.01000304
984,train,0,0.010650345
3140,train,0,0.01000304
8339,train,0,0.7050691
9887,train,0,0.6496433
3150,train,0,0.009526332
99,train,0,0.009526332
7889,train,0,0.009526332
8684,train,0,0.009526332
9208,train,0,0.009526332
4636,train,0,0.009526332
7373,train,0,0.024160307
5978,train,0,0.009526332
5332,train,0,0.009526332
3479,train,0,0.009526332
5573,train,0,0.009526332
5572,train,0,0.008998899
2347,train,0,0.009526332
10715,train,0,0.009526332
3470,train,0,0.009526332
8335,train,0,0.01000304
3539,train,0,0.018604469
4035,train,0,0.009526332
276,train,0,0.009526332
2149,train,0,0.009526332
10522,train,0,0.011436805
698,train,0,0.009526332
2917,train,0,0.01197959
2403,train,0,0.009526332
4336,train,0,0.019356687
245,train,0,0.009526332
10692,train,0,0.53125143
3526,train,0,0.009526332
2357,train,0,0.0094841
2366,train,0,0.009526332
3543,train,0,0.01000304
4432,train,0,0.73519593
9058,train,0,0.010230648
9811,train,0,0.010230648
4396,train,0,0.010650345
5769,train,0,0.7659066
1655,train,0,0.8388826
3117,train,0,0.01000304
5788,train,0,0.014057645
4059,train,0,0.013832307
7400,train,0,0.009526332
6724,train,0,0.009526332
9305,train,0,0.010034794
6735,train,0,0.009526332
5709,train,0,0.49910253
8383,train,0,0.76036495
243,train,0,0.5213566
2006,train,0,0.81633854
3180,train,0,0.011446751
7757,train,0,0.010391467
5178,train,0,0.73412967
817,train,0,0.010230648
2132,train,0,0.009526332
3519,train,0,0.009526332
2053,train,0,0.75284237
9535,train,0,0.009526332
10173,train,0,0.551469
8047,train,0,0.011967603
1526,train,0,0.018915001
8993,train,0,0.009526332
262,train,0,0.08775841
1231,train,0,0.010742219
9826,train,0,0.010034794
978,train,0,0.009861754
7362,train,0,0.69296676
5278,train,0,0.43335572
2742,train,0,0.01000304
603,train,0,0.010742219
988,train,0,0.010230648
7257,train,0,0.009861754
7890,train,0,0.54613286
7415,train,0,0.009526332
4647,train,0,0.8214258
255,train,0,0.041582286
7199,train,0,0.009861754
8380,train,0,0.011436805
4036,train,0,0.009526332
9166,train,0,0.011436805
2407,train,0,0.009526332
10709,train,0,0.010230648
1693,train,0,0.01000304
7276,train,0,0.01169969
9810,train,0,0.30074602
175,train,0,0.31270468
9945,train,0,0.7740509
9212,train,0,0.032200206
3546,train,0,0.009526332
5322,train,0,0.009526332
10637,train,0,0.010034794
1585,train,0,0.009526332
8586,train,0,0.01000304
8231,train,0,0.73763645
4390,train,0,0.009556587
10358,train,0,0.014764286
7219,train,0,0.80535096
5712,train,0,0.011446751
9542,train,0,0.010034794
3225,train,0,0.78658175
5540,train,0,0.01000304
1410,train,0,0.46426123
4378,train,0,0.009556587
4191,train,0,0.009556587
8690,train,0,0.010230648
9607,train,0,0.009526332
8331,train,0,0.045332838
8447,train,0,0.008360972
129,train,0,0.01810908
7254,train,0,0.01000304
7258,train,0,0.009526332
10645,train,0,0.011281966
9932,train,0,0.029301677
111,train,0,0.009526332
5340,train,0,0.009526332
8767,train,0,0.009861754
4492,train,0,0.6789065
6037,train,0,0.32970452
9726,train,0,0.009526332
5562,train,0,0.009526332
1719,train,0,0.009526332
6,train,0,0.81425864
6312,train,0,0.009526332
5192,train,0,0.01197959
3287,train,0,0.045543108
2743,train,0,0.010650345
2405,train,0,0.009526332
10704,train,0,0.018604469
2974,train,0,0.01000304
8527,train,0,0.79624426
1822,train,0,0.010391467
9050,train,0,0.009556587
604,train,0,0.07919807
6076,train,0,0.015105821
10713,train,0,0.009526332
3193,train,0,0.49701953
5971,train,0,0.009526332
8924,train,0,0.010256015
6600,train,0,0.009526332
1364,train,0,0.5537282
103,train,0,0.009556587
6842,train,0,0.40179756
4268,train,0,0.009526332
7918,train,0,0.019219233
1361,train,0,0.009526332
7380,train,0,0.010236763
2029,train,0,0.010733314
3771,train,0,0.009301361
1379,train,0,0.010391467
3673,train,0,0.011317734
3135,train,0,0.012095085
3666,train,0,0.009556587
2040,train,0,0.01197959
5565,train,0,0.010633141
5698,train,0,0.70117825
8531,train,0,0.018604469
96,train,0,0.010650345
7015,train,0,0.010830764
9853,train,0,0.009526332
9297,train,0,0.5159807
6027,train,0,0.009526332
8562,train,0,0.01000304
8935,train,0,0.009526332
9283,train,0,0.01000304
8884,train,0,0.3346986
4193,train,0,0.01000304
4321,train,0,0.008453257
8754,train,0,0.009526332
3475,train,0,0.009526332
1531,train,0,0.47623348
287,train,0,0.009526332
5979,train,0,0.009526332
6855,train,0,0.012197299
9714,train,0,0.009526332
9220,train,0,0.009556587
2146,train,0,0.009526332
1612,train,0,0.009526332
4264,train,0,0.009526332
15,train,0,0.009526332
2732,train,0,0.826245
4626,train,0,0.009526332
9604,train,0,0.010901993
7003,train,0,0.0170089
6707,train,0,0.5576078
4,train,0,0.010230648
257,train,0,0.6206872
6314,train,0,0.010230648
4253,train,0,0.5004792
9529,train,0,0.009526332
8578,train,0,0.009556587
182,train,0,0.019401092
4338,train,0,0.01000304
6081,train,0,0.009526332
9062,train,0,0.016010243
7421,train,0,0.05346864
3462,train,0,0.7312173
5202,train,0,0.018604469
194,train,0,0.024850192
11019,train,0,0.65677786
816,train,0,0.009526332
8762,train,0,0.009526332
6851,train,0,0.009526332
1193,train,0,0.5948695
8701,train,0,0.79414517
5272,train,0,0.009526332
2166,train,0,0.009556587
3015,train,0,0.8025885
1653,train,0,0.2315792
9905,train,0,0.009526332
7175,train,0,0.017386438
5548,train,0,0.018757423
7164,train,0,0.74453753
9284,train,0,0.018198946
9836,train,0,0.009556587
11022,train,0,0.015229058
3184,train,0,0.011446751
972,train,0,0.009526332
5264,train,0,0.009526332
8759,train,0,0.014852816
10994,train,0,0.014852816
9239,train,0,0.122137204
8689,train,0,0.009526332
2133,train,0,0.009526332
5564,train,0,0.012615377
9690,train,0,0.009526332
3222,train,0,0.008809943
10486,train,0,0.15240161
8354,train,0,0.009526332
4490,train,0,0.83808935
6966,train,0,0.74867994
3663,train,0,0.009526332
6993,train,0,0.7195204
7395,train,0,0.009526332
4607,train,0,0.5950965
3677,train,0,0.5991849
7008,train,0,0.010586834
278,train,0,0.64661676
4031,train,0,0.010230648
10456,train,0,0.010013136
6244,train,0,0.48399952
7256,train,0,0.77618855
7261,train,0,0.009526332
285,train,0,0.009526332
7162,train,0,0.014056052
4144,train,0,0.010230648
7696,train,0,0.009556587
7698,train,0,0.01272653
10444,train,0,0.009526332
5959,train,0,0.010034794
9096,train,0,0.010034794
4033,train,0,0.7406852
5568,train,0,0.009526332
1583,train,0,0.011310255
5273,train,0,0.34616622
109,train,0,0.009526332
8344,train,0,0.01000304
10712,train,0,0.009526332
993,train,0,0.36382416
979,train,0,0.009556587
2911,train,0,0.018604469
5556,train,0,0.009526332
10490,train,0,0.009526332
292,train,0,0.38605076
234,train,0,0.013061783
1619,train,0,0.010342102
5189,train,0,0.70193124
8749,train,0,0.788974
9303,train,0,0.009526332
9668,train,0,0.011576265
8888,train,0,0.009526332
1696,train,0,0.009526332
2906,train,0,0.010342102
1589,train,0,0.009526332
1373,train,0,0.009526332
10555,train,0,0.019229425
3139,train,0,0.009526332
3452,train,0,0.009526332
7213,train,0,0.009526332
1378,train,0,0.009526332
10531,train,0,0.008909043
2412,train,0,0.009556587
8053,train,0,0.018003779
2349,train,0,0.009556587
1868,train,0,0.0170089
3463,train,0,0.01197959
8302,train,0,0.009526332
6077,train,0,0.53451705
107,train,0,0.014852636
10413,train,0,0.7747319
8926,train,0,0.009526332
3548,train,0,0.009526332
9851,train,0,0.020829517
2382,train,0,0.009526332
9888,train,0,0.01238049
3523,train,0,0.017153839
5197,train,0,0.5965513
2401,train,0,0.009526332
2173,train,0,0.009526332
9724,train,0,0.781971
9857,train,0,0.7598888
4651,train,0,0.014714117
8563,train,0,0.01064714
4134,train,0,0.009304244
1818,train,0,0.011311429
2373,train,0,0.011311429
10702,train,0,0.008622723
1365,train,0,0.01037492
4133,train,0,0.010230648
7995,train,0,0.7476967
7914,train,0,0.010230648
6311,train,0,0.009556587
1867,train,0,0.009526332
8353,train,0,0.0084801335
1355,train,0,0.7228624
6039,train,0,0.42364696
6303,train,0,0.010342102
201,train,0,0.014530478
4265,train,0,0.009526332
6696,train,0,0.009526332
6850,train,0,0.011106055
6046,train,0,0.010248409
4628,train,0,0.009526332
10188,train,0,0.019231591
7280,train,0,0.010230648
10329,train,0,0.017982926
3131,train,0,0.019229425
4136,train,0,0.009526332
8564,train,0,0.009526332
7913,train,0,0.011106055
7858,train,0,0.01037492
9823,train,0,0.020829517
4192,train,0,0.009526332
274,train,0,0.010230648
11,train,0,0.009526332
10672,train,0,0.020829517
7927,train,0,0.009526332
10547,train,0,0.35290393
269,train,0,0.010342102
7895,train,0,0.009526332
126,train,0,0.009526332
4058,train,0,0.011123833
2101,train,0,0.018573387
5799,train,0,0.013388805
1856,train,0,0.010342102
8766,train,0,0.055669494
1513,train,0,0.016207913
7626,train,0,0.73081785
10678,train,0,0.013388805
5262,train,0,0.009526332
16,train,0,0.010230648
3153,train,0,0.009556587
277,train,0,0.011202518
8003,train,0,0.009526332
5554,train,0,0.010230648
2443,train,0,0.011311429
4637,train,0,0.79934776
9541,train,0,0.01197959
4642,train,0,0.78829366
258,train,0,0.009526332
9163,train,0,0.01037492
4638,train,0,0.009526332
8008,train,0,0.011354528
10184,train,0,0.011354528
6072,train,0,0.8304979
4057,train,0,0.009861754
4165,train,0,0.011347289
2147,train,0,0.009861754
2746,train,0,0.009526332
9880,train,0,0.019229425
6734,train,0,0.009526332
260,train,0,0.009526332
8758,train,0,0.010342102
5196,train,0,0.009526332
6848,train,0,0.013103118
10051,train,0,0.5958894
8128,train,0,0.34008738
4151,train,0,0.45894557
8112,train,0,0.12926522
8362,train,0,0.6909124
10406,train,0,0.037262727
4159,train,0,0.21747176
7656,train,0,0.75743246
8113,train,0,0.7028258
8364,train,0,0.15007098
2836,train,0,0.07891171
1574,train,0,0.10999974
8130,train,0,0.2017132
10048,train,0,0.8322817
328,train,0,0.6905863
4158,train,0,0.7420118
329,train,0,0.59359425
8357,train,0,0.5799454
7665,train,0,0.38861027
1563,train,0,0.5026392
66,train,0,0.70280105
8119,train,0,0.7588404
1570,train,0,0.59544
1740,train,1,0.66785437
8118,train,0,0.38530895
10047,train,0,0.5413175
68,train,0,0.2630796
4546,train,0,0.3354477
10041,train,0,0.662739
318,train,0,0.22495896
4538,train,0,0.2672993
59,train,0,0.7310993
4549,train,0,0.73830014
4153,train,0,0.34550726
8126,train,0,0.8318625
65,train,0,0.7511016
325,train,0,0.060809083
8127,train,0,0.54834443
320,train,0,0.2613163
10410,train,0,0.017717335
7670,train,0,0.012079524
326,train,0,0.0211143
54,train,0,0.34929302
57,train,0,0.014732808
7662,train,0,0.014732808
64,train,0,0.7576139
4157,train,0,0.48780528
1566,train,0,0.7321301
10039,train,0,0.47367212
10040,train,0,0.60269386
4154,train,0,0.29296896
8131,train,0,0.22171833
55,train,0,0.3508012
63,train,0,0.0114885345
6778,train,0,0.47671917
947,train,0,0.49857327
2337,train,0,0.6975142
2333,train,0,0.8067413
6896,train,0,0.4064244
6878,train,0,0.2337762
6771,train,0,0.6464738
6879,train,0,0.11511892
965,train,0,0.2604792
6882,train,0,0.8057958
6766,train,0,0.6741946
6774,train,0,0.6216027
2329,train,0,0.88862664
955,train,0,0.7268942
5850,train,0,0.19223754
4664,train,1,0.82396436
3499,train,0,0.35277757
7141,train,0,0.25623176
6888,train,0,0.31844607
5835,train,0,0.80807143
6876,train,0,0.054447398
9412,train,0,0.66327024
6877,train,0,0.3104214
3493,train,0,0.4610088
1983,train,0,0.5609274
3498,train,0,0.73487884
948,train,0,0.8653846
5853,train,0,0.53756815
6866,train,0,0.22980049
6886,train,0,0.83326954
6776,train,0,0.71827114
9414,train,0,0.6597815
3622,train,0,0.6296267
5845,train,0,0.7610443
2332,train,0,0.75738496
3495,train,0,0.47091988
5852,train,0,0.21403655
1982,train,0,0.6347563
5837,train,0,0.72273564
2338,train,0,0.5068524
2330,train,0,0.552675
5848,train,0,0.8016285
6897,train,0,0.73144466
2328,train,0,0.32048693
5834,train,0,0.014732808
3611,train,0,0.44101602
5843,train,0,0.013636226
1968,train,0,0.6753736
960,train,0,0.5852461
6779,train,0,0.17169191
959,train,0,0.19844815
956,train,0,0.7432293
1980,train,0,0.8916691
3615,train,0,0.54529256
1974,train,0,0.26632726
2343,train,0,0.74076974
1981,train,0,0.19541949
6252,train,0,0.65048796
2550,train,0,0.57736826
10498,train,0,0.051739044
412,train,0,0.010929717
6289,train,0,0.21253937
2828,train,0,0.5650778
2809,train,0,0.365188
6254,train,0,0.29369405
10514,train,0,0.18409713
3306,train,0,0.12265447
10510,train,0,0.454254
666,train,0,0.6223537
6281,train,0,0.10904192
2541,train,0,0.37284142
6249,train,0,0.5667829
8214,train,0,0.08969241
2511,train,0,0.60463506
413,train,0,0.2744312
2820,train,0,0.7736213
409,train,0,0.28847265
2493,train,0,0.11121128
7951,train,1,0.90325063
2513,train,0,0.25917333
2507,train,0,0.6899678
8217,train,0,0.09212285
668,train,0,0.78126585
2819,train,0,0.016337454
2545,train,0,0.14111629
2798,train,0,0.17138974
411,train,0,0.33846202
10502,train,0,0.14992505
2822,train,0,0.016473899
2544,train,0,0.5696382
2823,train,0,0.101535074
508,train,0,0.5804578
2492,train,0,0.40015963
405,train,0,0.24483176
10508,train,0,0.014732808
2503,train,0,0.22865148
679,train,0,0.012079524
2829,train,0,0.62093395
6291,train,0,0.73135066
3299,train,0,0.82296234
8216,train,0,0.63579637
2548,train,0,0.6801851
496,train,0,0.81666243
10509,train,0,0.13924207
511,train,0,0.25439766
2830,train,0,0.3292908
2827,train,0,0.6576193
7432,train,0,0.53343266
2109,train,0,0.7737858
7431,train,0,0.26723072
3285,train,0,0.667678
4650,train,0,0.5743448
2886,train,0,0.14707118
7700,train,1,0.91817176
3281,train,0,0.069080204
2889,train,0,0.77782804
2897,train,0,0.7888637
2271,train,0,0.7091845
3186,train,0,0.5660399
10137,train,0,0.7956816
3284,train,0,0.25357735
2903,train,0,0.8236614
10136,train,0,0.74833125
10139,train,0,0.09192161
10141,train,0,0.10057032
7443,train,0,0.17703067
7441,train,0,0.12941912
4643,train,0,0.19642088
4428,train,0,0.5994599
7430,train,0,0.8043708
2899,train,0,0.627049
3188,train,0,0.79437584
2901,train,0,0.23632497
7440,train,0,0.8220894
2112,train,0,0.8356385
4427,train,0,0.5995126
7867,train,0,0.013636226
4646,train,0,0.3521895
9936,train,0,0.8215169
3187,train,0,0.70417786
3289,train,0,0.8201687
2268,train,0,0.8191564
7879,train,0,0.21174404
2883,train,0,0.76985544
7433,train,0,0.8324436
2274,train,0,0.10145319
7437,train,0,0.8693856
4176,train,1,0.8593576
7444,train,0,0.4342876
3196,train,0,0.15859823
4644,train,0,0.5831429
7866,train,0,0.67405003
4429,train,0,0.66265804
2900,train,0,0.2806247
9937,train,0,0.6861562
3282,train,0,0.6925853
3288,train,0,0.65591425
3291,train,0,0.012079524
4433,train,0,0.25377804
10134,train,0,0.7557464
10143,train,0,0.010901993
7869,train,0,0.009526332
7772,train,0,0.7823329
2956,train,0,0.3141322
4957,train,0,0.7087955
5593,train,0,0.54552704
3271,train,0,0.67996746
5117,train,0,0.47079465
4898,train,0,0.5494274
4902,train,0,0.70801663
8604,train,0,0.64399695
7775,train,0,0.46345726
3832,train,1,0.8800768
9924,train,0,0.8050376
5586,train,0,0.74723035
3266,train,0,0.20304324
5576,train,0,0.24352409
10893,train,0,0.6080233
4956,train,0,0.54397184
5120,train,0,0.73384756
4904,train,0,0.8261672
159,train,0,0.8314084
3267,train,0,0.12495519
160,train,0,0.6389651
8595,train,0,0.25351125
5580,train,0,0.7664746
5113,train,0,0.81914467
4968,train,0,0.37261617
3268,train,0,0.22394082
5577,train,0,0.16300155
4900,train,0,0.24314952
4959,train,0,0.6361923
3269,train,0,0.84843093
4962,train,0,0.102795474
8602,train,0,0.586863
165,train,0,0.57298654
5115,train,0,0.834884
5592,train,0,0.8068876
4894,train,0,0.74003065
7771,train,0,0.49146307
3277,train,0,0.78898257
8136,train,0,0.013264973
168,train,0,0.013264973
3275,train,0,0.01615304
10901,train,0,0.33331397
4859,train,1,0.8448229
7908,train,0,0.0515712
9989,train,0,0.1717172
9640,train,0,0.56007
7503,train,0,0.49710435
8786,train,0,0.695124
3412,train,0,0.21697676
3433,train,0,0.12978324
10255,train,0,0.5298109
9985,train,0,0.79998076
5004,train,0,0.62761146
9997,train,0,0.80362046
7502,train,0,0.6678067
9649,train,0,0.566037
3421,train,0,0.5863845
10243,train,0,0.26462716
9509,train,0,0.33382526
4989,train,0,0.24224186
9507,train,0,0.821557
3422,train,0,0.30509293
3417,train,0,0.06582164
9648,train,0,0.20620629
10244,train,0,0.14295465
9987,train,0,0.4089576
5260,train,1,0.89731485
3416,train,0,0.143332
3418,train,0,0.33388788
4955,train,1,0.86806655
10249,train,0,0.7819226
7903,train,0,0.18877472
8787,train,0,0.7255665
4951,train,1,0.75154513
9994,train,0,0.6271401
7495,train,0,0.7736515
7297,train,1,0.88172054
7905,train,0,0.7558132
7512,train,0,0.046337646
9995,train,0,0.40581313
5007,train,0,0.012079524
4991,train,0,0.14399618
5005,train,0,0.65140396
4288,train,1,0.8965219
3424,train,0,0.39327052
10247,train,0,0.49317002
4997,train,0,0.82535243
3427,train,0,0.17441386
3402,train,0,0.80605173
9508,train,0,0.79646057
3408,train,0,0.38795087
10152,train,0,0.4949252
762,train,0,0.7057032
10149,train,0,0.72258955
10151,train,0,0.72829777
7518,train,0,0.62115437
5450,train,0,0.81309277
2574,train,0,0.1494003
10004,train,0,0.58326286
7459,train,0,0.26485294
888,train,0,0.6328474
2575,train,0,0.7173788
758,train,0,0.67033434
5453,train,0,0.12972036
7466,train,0,0.014732808
7469,train,0,0.5282304
7458,train,0,0.46012908
10010,train,0,0.46562567
10018,train,0,0.2253234
2570,train,0,0.78136694
10019,train,0,0.685336
882,train,0,0.5518619
2562,train,0,0.43295237
5446,train,0,0.74226034
2560,train,0,0.49974093
3512,train,0,0.5907476
765,train,0,0.45520198
883,train,0,0.8510729
3506,train,0,0.7666328
2584,train,0,0.24466854
7456,train,0,0.6797967
5454,train,0,0.010929717
3505,train,0,0.8392911
3692,train,0,0.2416326
752,train,0,0.14334697
892,train,0,0.7862731
2573,train,0,0.6060475
5456,train,0,0.16785702
763,train,0,0.46716046
2568,train,0,0.01615304
2576,train,0,0.1625025
7457,train,0,0.77787954
11051,train,1,0.84869874
10017,train,0,0.55918634
10003,train,0,0.12049697
887,train,0,0.010929717
886,train,0,0.5083885
2571,train,0,0.529751
1176,train,0,0.6832147
716,train,1,0.87836224
1898,train,0,0.380624
3813,train,0,0.15001114
1177,train,0,0.17259891
6642,train,0,0.8477723
3810,train,0,0.7468033
2995,train,0,0.7796959
2989,train,0,0.7681056
10442,train,0,0.4410521
347,train,0,0.51988333
10024,train,0,0.48136443
333,train,0,0.72925985
6646,train,0,0.2141869
10430,train,0,0.48614597
8165,train,0,0.22135732
334,train,0,0.13296118
10437,train,0,0.7281637
8444,train,0,0.67617714
8153,train,0,0.4474225
10429,train,0,0.7176122
1175,train,0,0.6036376
9472,train,0,0.11916855
9464,train,0,0.51315814
2996,train,0,0.8443629
8433,train,0,0.8169434
9481,train,0,0.6181526
6662,train,0,0.7998943
10025,train,0,0.58562744
343,train,0,0.48317796
1907,train,0,0.4516122
1167,train,0,0.79078627
335,train,0,0.76572907
6643,train,0,0.6574132
3811,train,0,0.72006494
1178,train,0,0.57470155
6653,train,0,0.55222106
6645,train,0,0.8514253
341,train,0,0.27096444
3804,train,0,0.5941535
9483,train,0,0.8402458
8158,train,0,0.014732808
6658,train,0,0.62363786
10030,train,0,0.010929717
345,train,0,0.07745291
6661,train,0,0.47191402
6665,train,0,0.63916564
10436,train,0,0.7661558
1166,train,0,0.4844947
8156,train,0,0.5903107
10431,train,0,0.5429473
8436,train,0,0.21840228
1168,train,0,0.76404786
10439,train,0,0.53767884
6652,train,0,0.16194764
10032,train,0,0.012078699
9459,train,0,0.5988979
8441,train,0,0.71809345
1905,train,0,0.00837102
3812,train,0,0.0107550975
9466,train,0,0.48819268
3702,train,0,0.7363097
3715,train,0,0.4195774
3705,train,0,0.33507136
3707,train,0,0.23285413
4372,train,0,0.1329185
4365,train,0,0.20309733
5468,train,0,0.78831255
4345,train,0,0.4558993
1468,train,0,0.71071345
6801,train,0,0.33346012
7839,train,0,0.26163182
7837,train,0,0.09427374
6785,train,0,0.079897285
4374,train,0,0.5155381
5238,train,0,0.5948543
3711,train,0,0.75398695
5460,train,0,0.19286327
2617,train,0,0.15818056
5760,train,0,0.39110765
2607,train,0,0.7473082
5227,train,0,0.45116556
5239,train,0,0.56658757
4359,train,0,0.6439663
5465,train,0,0.5633108
6798,train,0,0.5472362
4376,train,0,0.8581013
2618,train,0,0.60042965
7843,train,0,0.665433
1464,train,0,0.11152881
4367,train,0,0.49985692
5228,train,0,0.47546148
2609,train,0,0.09322088
7847,train,0,0.33141145
7842,train,0,0.73994344
6802,train,0,0.16951989
5232,train,0,0.862698
1461,train,0,0.42396453
6786,train,0,0.12928706
7840,train,0,0.7904503
5466,train,0,0.018626595
6787,train,0,0.53044426
4350,train,0,0.8820337
4349,train,0,0.82725126
2620,train,0,0.7626606
1469,train,0,0.7854864
5459,train,0,0.76403016
2608,train,0,0.011877345
5758,train,0,0.010929717
1460,train,0,0.24483176
9626,train,0,0.1954846
10682,train,0,0.70125276
10687,train,0,0.57499814
9407,train,0,0.7058195
633,train,0,0.5134864
10686,train,0,0.7735015
9721,train,1,0.7761055
10679,train,0,0.43587378
9630,train,0,0.72246766
10684,train,0,0.7729326
10185,train,0,0.7622241
9397,train,0,0.6264439
9623,train,0,0.6534207
5701,train,0,0.23474637
10868,train,0,0.6481769
9070,train,1,0.7477736
9394,train,0,0.19411321
5697,train,0,0.1694543
2098,train,0,0.48962653
10178,train,0,0.18652621
9622,train,0,0.06408062
10857,train,0,0.6699137
5708,train,0,0.1971685
9396,train,0,0.4650946
5703,train,0,0.6860534
10865,train,0,0.014732808
630,train,0,0.4784564
5705,train,0,0.5322242
6394,train,0,0.3515391
2480,train,0,0.46419516
2975,train,0,0.032871045
2090,train,0,0.46746546
620,train,0,0.16633646
9408,train,0,0.70552087
9395,train,0,0.011877345
10855,train,0,0.48738712
10186,train,0,0.6206307
10688,train,0,0.010409307
10670,train,0,0.68597925
9399,train,0,0.10837706
5696,train,0,0.5111894
9611,train,0,0.12834676
2973,train,0,0.33969375
5692,train,0,0.01592525
1368,train,0,0.013653419
9306,train,0,0.012580288
9631,train,0,0.014321763
9618,train,0,0.11549423
6395,train,0,0.014732808
10181,train,0,0.17833352
10689,train,0,0.4841373
10683,train,0,0.54008794
624,train,0,0.6092859
2096,train,0,0.52318025
10336,train,0,0.59845805
9828,train,0,0.7329281
9829,train,0,0.62652284
1409,train,0,0.6233609
1405,train,0,0.7917386
1413,train,0,0.38391945
1645,train,0,0.3787466
9890,train,0,0.24402122
9160,train,0,0.8034399
10322,train,0,0.68982875
616,train,0,0.348993
8717,train,0,0.22558482
10327,train,0,0.6913226
9169,train,0,0.5376313
1408,train,0,0.62179965
612,train,0,0.7803555
10328,train,0,0.2747164
1648,train,0,0.3891202
8711,train,0,0.26627505
605,train,0,0.62569606
613,train,0,0.40704623
10331,train,0,0.15926102
1649,train,0,0.34866947
8715,train,0,0.18267666
10917,train,0,0.7106491
617,train,0,0.6105523
10912,train,0,0.5530175
1383,train,0,0.8408858
8707,train,0,0.584642
7768,train,0,0.04431417
7759,train,0,0.82019544
10334,train,0,0.70072764
1412,train,0,0.13466638
8720,train,0,0.25517833
2748,train,0,0.27895737
7762,train,0,0.76746595
8725,train,0,0.20558679
9886,train,0,0.50499284
9174,train,0,0.6376201
9819,train,0,0.37801313
1646,train,0,0.77205545
1396,train,0,0.82349324
10920,train,0,0.2033625
615,train,0,0.054474097
9159,train,0,0.27891868
9889,train,0,0.38173366
1414,train,0,0.014732808
608,train,0,0.59084684
7763,train,0,0.4359957
10321,train,0,0.26875106
9170,train,0,0.7807222
7765,train,0,0.79608446
10915,train,0,0.052267063
9825,train,0,0.7624564
8724,train,0,0.5778115
1656,train,0,0.8119226
8501,train,0,0.3249091
4537,train,0,0.263291
2079,train,0,0.19156641
4892,train,0,0.5438935
4887,train,0,0.12958185
4528,train,0,0.19365542
5307,train,0,0.18939312
9565,train,0,0.73584425
372,train,0,0.8396347
4882,train,0,0.7485717
7391,train,0,0.120335765
375,train,0,0.68130606
3089,train,1,0.78493226
4534,train,0,0.15899722
750,train,0,0.5229214
4891,train,0,0.38275
7030,train,0,0.42295638
386,train,0,0.048643176
8855,train,0,0.7158189
8506,train,0,0.64486116
7387,train,0,0.74084055
747,train,0,0.79962564
739,train,0,0.6834089
8820,train,1,0.72322893
379,train,0,0.09189807
742,train,0,0.037731133
378,train,0,0.74290895
2082,train,0,0.7293107
2086,train,0,0.76122886
4530,train,0,0.6122014
383,train,0,0.5758021
5316,train,0,0.775145
7027,train,0,0.5650231
9559,train,0,0.67010146
8868,train,0,0.01654239
4886,train,0,0.7949299
748,train,0,0.50452566
8502,train,0,0.8109215
374,train,0,0.7126612
5319,train,0,0.019401092
5308,train,0,0.8990121
4531,train,0,0.86065143
5309,train,0,0.4858269
8500,train,0,0.15770385
1555,train,0,0.26056007
5314,train,0,0.5750298
7394,train,0,0.03333797
1820,train,0,0.31894928
1810,train,0,0.6249137
8327,train,0,0.16762333
5219,train,0,0.2525737
7109,train,0,0.07523575
5212,train,0,0.4636734
5215,train,0,0.8339281
3201,train,0,0.68777204
8513,train,0,0.026564198
8529,train,0,0.38277876
8318,train,0,0.014996832
399,train,0,0.71570474
7106,train,0,0.010929717
1815,train,0,0.545757
392,train,0,0.7606841
398,train,0,0.83238477
1591,train,1,0.88397306
4568,train,0,0.76903933
8518,train,0,0.80082697
1340,train,0,0.5513497
1335,train,0,0.659609
387,train,0,0.6810452
8771,train,1,0.8764642
3209,train,0,0.67342275
8326,train,0,0.11934194
1334,train,0,0.8530759
3887,train,0,0.17906992
8523,train,0,0.2925158
7114,train,0,0.13234809
4561,train,0,0.5457777
2398,train,1,0.822263
8520,train,0,0.84498924
5211,train,0,0.7459734
4576,train,0,0.73156685
4571,train,0,0.409719
9816,train,0,0.093759775
7111,train,0,0.6299877
8528,train,0,0.11605369
7118,train,0,0.7196392
1343,train,0,0.014732808
8526,train,0,0.5923808
8521,train,0,0.56927663
3881,train,0,0.5307462
3880,train,0,0.6423874
4379,train,1,0.8740539
8516,train,0,0.02383859
3129,train,0,0.02383859
3213,train,0,0.012079524
3253,train,0,0.7452089
7062,train,0,0.68369013
2636,train,0,0.57514626
588,train,0,0.11036652
7679,train,0,0.8269607
2528,train,0,0.19242416
8314,train,0,0.8764833
2601,train,0,0.71735024
7061,train,0,0.68919516
3248,train,0,0.42707294
7683,train,0,0.5145299
2626,train,0,0.64750546
4458,train,0,0.630285
2530,train,0,0.19013241
444,train,0,0.14093211
7060,train,0,0.5010296
587,train,0,0.10950787
9013,train,0,0.49847367
8304,train,0,0.40925932
3258,train,0,0.8627585
2529,train,0,0.3168409
443,train,0,0.6022149
2625,train,0,0.62516296
9016,train,0,0.70751595
4467,train,0,0.6683119
8306,train,0,0.76441693
596,train,0,0.5206599
2598,train,0,0.09813723
6830,train,1,0.75190127
217,train,1,0.8798776
2604,train,0,0.27190214
7674,train,0,0.042436246
3259,train,0,0.2735223
3243,train,0,0.070809364
9008,train,0,0.75103116
2597,train,0,0.1824008
7677,train,0,0.15669918
442,train,0,0.7106373
3239,train,0,0.69268763
4461,train,0,0.32445285
9015,train,0,0.28610927
449,train,0,0.25943333
8305,train,0,0.68898666
446,train,0,0.49723387
2635,train,0,0.25415558
598,train,0,0.80629736
593,train,0,0.33636555
2603,train,0,0.1538981
599,train,0,0.30632055
2590,train,0,0.6306062
2633,train,0,0.7961132
3250,train,0,0.84274745
4954,train,1,0.8864261
2531,train,0,0.45640993
7684,train,0,0.014321763
8316,train,0,0.7081718
6639,train,0,0.86092687
6007,train,0,0.7292978
6633,train,0,0.6944105
2877,train,0,0.776817
2871,train,0,0.40599892
6020,train,0,0.6447465
6024,train,0,0.68711835
9753,train,0,0.8317837
8618,train,0,0.6778517
2881,train,0,0.55536836
4099,train,0,0.41978478
8607,train,0,0.6927084
8609,train,0,0.080965
2875,train,0,0.73831743
2876,train,0,0.10713964
2282,train,0,0.06627022
5131,train,0,0.7563736
8612,train,0,0.23901138
2870,train,0,0.6697008
8608,train,0,0.72785074
6009,train,0,0.31775236
5130,train,0,0.5610159
4100,train,0,0.019115971
9751,train,0,0.6170736
9741,train,0,0.81586295
9752,train,0,0.7062655
2276,train,0,0.38201168
9748,train,0,0.7463881
9739,train,0,0.8752918
8616,train,0,0.10078688
6011,train,0,0.78987646
7818,train,0,0.49458018
6010,train,0,0.68890166
7825,train,0,0.6438756
2288,train,0,0.8050256
2869,train,0,0.87048787
2479,train,0,0.5962167
5133,train,0,0.4388932
9754,train,0,0.44103226
4096,train,0,0.8219558
2874,train,0,0.010832991
2278,train,0,0.33255625
2873,train,0,0.03731373
2476,train,0,0.15130842
7622,train,0,0.81118906
9950,train,0,0.6650989
7167,train,0,0.87395126
9243,train,0,0.6640354
10356,train,0,0.8060814
10352,train,0,0.6534566
3797,train,0,0.4886095
9236,train,0,0.6184749
9234,train,0,0.4921881
10351,train,0,0.7370132
4300,train,0,0.38679403
3787,train,0,0.779262
9958,train,0,0.7079497
9957,train,0,0.5109614
9661,train,0,0.2877716
7168,train,0,0.7378573
7163,train,0,0.041763425
9659,train,0,0.21592984
18,train,1,0.8712633
10357,train,0,0.7893301
4316,train,0,0.36624938
4315,train,0,0.7876969
10443,train,1,0.91021943
10367,train,0,0.6819413
3794,train,0,0.17173544
9947,train,0,0.75274366
7180,train,0,0.7950824
5604,train,0,0.7174616
9652,train,0,0.014785789
5992,train,0,0.61285126
5597,train,0,0.46639234
5983,train,0,0.75477225
4307,train,0,0.7211104
9943,train,0,0.84534925
5995,train,0,0.7035421
9244,train,0,0.5715037
9949,train,0,0.009596686
5997,train,0,0.78705704
10366,train,0,0.7848915
9664,train,0,0.7406275
9660,train,0,0.33196595
4304,train,0,0.7951207
5602,train,0,0.64666
9610,train,1,0.87490743
5599,train,0,0.72798556
3800,train,0,0.5830407
7171,train,0,0.23024651
9658,train,0,0.23047571
5662,valid,0,0.8030282
5660,valid,0,0.7228631
1229,valid,0,0.093635604
3386,valid,0,0.82981557
8085,valid,0,0.7270715
1247,valid,0,0.5609338
10990,valid,0,0.14885797
2422,valid,1,0.74160075
7364,valid,0,0.84557486
10067,valid,0,0.4643864
5661,valid,0,0.63012964
1233,valid,0,0.10551526
8089,valid,0,0.35797563
8087,valid,0,0.67041665
10066,valid,0,0.21173486
5659,valid,0,0.06395447
10988,valid,0,0.34862918
1242,valid,0,0.56452996
5657,valid,0,0.76606494
7372,valid,0,0.76945585
5649,valid,0,0.56887263
1239,valid,0,0.10320286
3384,valid,0,0.5152225
6968,valid,0,0.034591366
3784,valid,0,0.6336713
6963,valid,0,0.88316643
1241,valid,0,0.61562866
10068,valid,0,0.75104135
3768,valid,0,0.011311503
3780,valid,0,0.84215075
3782,valid,0,0.8166641
10989,valid,0,0.8318409
5666,valid,0,0.71638185
10059,valid,0,0.010058297
5328,valid,0,0.010058297
3382,valid,0,0.0784831
10411,valid,0,0.739963
3773,valid,0,0.8015103
10426,valid,0,0.17668507
1230,valid,0,0.46125507
8091,valid,0,0.68370444
3388,valid,0,0.6885463
8445,valid,0,0.15802522
10055,valid,0,0.8362002
7018,valid,0,0.18534136
10978,valid,0,0.17415203
3772,valid,0,0.6037474
3378,valid,0,0.84328246
8927,valid,0,0.102009445
3778,valid,0,0.108394176
3393,valid,0,0.69911546
8753,valid,1,0.8009829
2413,valid,1,0.5267882
10064,valid,0,0.33891326
10063,valid,0,0.053830065
11038,valid,0,0.52291167
9874,valid,0,0.71496147
9870,valid,0,0.6740271
3472,valid,1,0.20742723
2971,valid,0,0.057104986
93,valid,0,0.56187314
7860,valid,0,0.24769391
2969,valid,0,0.6203572
89,valid,0,0.77014077
9871,valid,0,0.0935943
10549,valid,0,0.27104393
7853,valid,0,0.18163374
4625,valid,1,0.79928213
10548,valid,0,0.51727724
1521,valid,0,0.4268891
6585,valid,0,0.10966445
92,valid,0,0.5192173
10553,valid,0,0.076694824
1524,valid,0,0.35952264
9873,valid,0,0.6449163
7851,valid,0,0.3879793
6588,valid,0,0.6861938
6242,valid,0,0.13516995
91,valid,0,0.011311503
9861,valid,0,0.094514996
10543,valid,0,0.18709925
7859,valid,0,0.75209683
6581,valid,0,0.65479994
9875,valid,0,0.5777863
6236,valid,0,0.24353398
198,valid,0,0.013421598
98,valid,0,0.42037392
97,valid,0,0.7219586
6571,valid,0,0.47449923
113,valid,1,0.7671175
6570,valid,0,0.66521484
10546,valid,0,0.46993464
87,valid,0,0.70495534
4629,valid,1,0.8171667
11040,valid,0,0.5926399
1516,valid,0,0.7764457
11032,valid,0,0.7093968
11036,valid,0,0.047821097
7857,valid,0,0.21806109
4179,valid,0,0.28574365
11039,valid,0,0.8610929
6575,valid,0,0.7790624
6243,valid,0,0.65606517
1520,valid,0,0.7337592
6229,valid,0,0.7489483
185,valid,0,0.1381742
189,valid,0,0.7701346
6574,valid,0,0.6882374
3158,valid,0,0.6772822
8027,valid,0,0.6494794
3971,valid,0,0.21446197
6780,valid,0,0.69462836
2497,valid,0,0.32843322
3734,valid,0,0.6466506
3613,valid,0,0.6114347
6660,valid,0,0.8578088
76,valid,0,0.8066479
1967,valid,0,0.83545226
8157,valid,0,0.8250248
2062,valid,0,0.008633083
9010,valid,0,0.01263961
3324,valid,0,0.8240569
7597,valid,0,0.010040655
2341,valid,0,0.010040655
8022,valid,0,0.45508352
4371,valid,0,0.008188413
9023,valid,0,0.68780637
8193,valid,0,0.12579833
3620,valid,0,0.2655579
8597,valid,0,0.2250095
11086,valid,0,0.54894
5404,valid,0,0.619346
153,valid,0,0.4799952
7510,valid,0,0.20026268
469,valid,0,0.42870614
5725,valid,0,0.77737784
5714,valid,1,0.71285635
2994,valid,0,0.15310146
4901,valid,0,0.82312286
9470,valid,0,0.5803177
464,valid,0,0.5534581
2811,valid,0,0.6941832
9790,valid,0,0.048223518
8197,valid,0,0.17403945
5123,valid,0,0.67656785
5400,valid,0,0.2659178
8222,valid,0,0.4286463
1943,valid,0,0.6228489
5054,valid,0,0.7129385
208,valid,0,0.39383322
9915,valid,0,0.8169566
4505,valid,0,0.59956104
218,valid,0,0.74228317
10126,valid,0,0.5640958
6803,valid,0,0.8607627
951,valid,0,0.58583516
4229,valid,0,0.74390876
10625,valid,0,0.69704556
8780,valid,0,0.012419697
6298,valid,0,0.55938756
7802,valid,0,0.45679864
8416,valid,0,0.6818882
5394,valid,0,0.2027505
5894,valid,0,0.7530066
4994,valid,0,0.47658923
1936,valid,0,0.72187614
11069,valid,0,0.3473474
5581,valid,0,0.00847403
7804,valid,0,0.64167637
9991,valid,0,0.6105412
3353,valid,0,0.54137003
4203,valid,0,0.53084743
5715,valid,0,0.017125137
9475,valid,0,0.017125137
5901,valid,0,0.7277408
6247,valid,0,0.4954749
6865,valid,0,0.7236952
5851,valid,0,0.87368083
6940,valid,0,0.71847266
10383,valid,0,0.33189806
5899,valid,0,0.80841887
6287,valid,0,0.5010835
4927,valid,0,0.44391483
361,valid,0,0.79293454
8023,valid,0,0.45322025
3405,valid,0,0.60882163
4292,valid,0,0.83735675
1790,valid,0,0.012491023
6863,valid,0,0.59792954
7551,valid,0,0.6080574
11087,valid,0,0.60231775
1510,valid,0,0.7785974
4843,valid,0,0.6814297
1938,valid,0,0.4510641
3400,valid,0,0.5839105
4727,valid,0,0.8217273
10373,valid,0,0.39831963
3854,valid,0,0.82068795
6417,valid,0,0.7464723
5860,valid,0,0.7959751
10083,valid,0,0.7367032
5159,valid,0,0.8283163
2695,valid,0,0.526503
6616,valid,0,0.725072
3317,valid,0,0.19370328
869,valid,0,0.018910214
1033,valid,0,0.6373064
4935,valid,0,0.018000238
1021,valid,0,0.80781937
6796,valid,0,0.018910214
9198,valid,0,0.79869384
3162,valid,0,0.8724232
8151,valid,0,0.7052464
6816,valid,0,0.8447819
5643,valid,0,0.7871542
9964,valid,0,0.8710669
4670,valid,0,0.59007895
6621,valid,0,0.7763358
6149,valid,0,0.011967603
8414,valid,0,0.8220367
2815,valid,0,0.11568074
5913,valid,0,0.44618526
7648,valid,0,0.018910214
8215,valid,0,0.018910214
1202,valid,0,0.41107595
6055,valid,0,0.011727318
6441,valid,0,0.5005968
3167,valid,0,0.7487653
2855,valid,0,0.604117
5045,valid,0,0.81200755
3252,valid,0,0.70419496
3957,valid,0,0.8822151
8553,valid,0,0.5507204
10079,valid,0,0.81755435
5361,valid,0,0.09604405
8038,valid,0,0.81809634
5880,valid,0,0.67198956
7497,valid,0,0.21784721
4858,valid,0,0.013975554
6867,valid,0,0.5384152
5916,valid,0,0.0099226935
1005,valid,0,0.69401467
3822,valid,0,0.90829045
9423,valid,0,0.013659289
10615,valid,0,0.69231474
3826,valid,0,0.5218569
7613,valid,0,0.015697962
6607,valid,0,0.8224648
1217,valid,0,0.011632922
6293,valid,0,0.3306848
3354,valid,0,0.7827507
5757,valid,0,0.018910214
6143,valid,0,0.17297338
11082,valid,0,0.79816324
4996,valid,0,0.696918
1903,valid,0,0.8295431
6810,valid,0,0.79134554
7509,valid,0,0.5388387
10955,valid,0,0.8828454
8841,valid,0,0.6934637
4459,valid,0,0.66678864
3626,valid,0,0.88774306
6768,valid,0,0.5709259
539,valid,0,0.73030007
79,valid,0,0.018910214
3718,valid,0,0.308145
4960,valid,0,0.5708379
4284,valid,0,0.42617497
2539,valid,0,0.5287624
1978,valid,0,0.25877056
1292,valid,0,0.10801639
9183,valid,0,0.8123565
3850,valid,0,0.15669848
5934,valid,0,0.012491023
5124,valid,0,0.79622406
3419,valid,0,0.012654734
2804,valid,0,0.69354594
4947,valid,0,0.12851386
39,valid,0,0.50182873
549,valid,0,0.83862185
7493,valid,0,0.01000304
8429,valid,0,0.01000304
6764,valid,0,0.62016314
3740,valid,0,0.7542277
503,valid,0,0.00864898
5883,valid,0,0.5708288
8186,valid,0,0.46175852
2242,valid,0,0.84060204
2864,valid,0,0.008622723
1500,valid,0,0.64124906
5048,valid,0,0.25572973
10269,valid,0,0.4299105
8205,valid,0,0.56476
4854,valid,0,0.48374987
344,valid,0,0.01365733
364,valid,0,0.01198663
10628,valid,0,0.009046924
1902,valid,0,0.24610378
4208,valid,0,0.41192052
1014,valid,0,0.5680131
4366,valid,0,0.03471225
6783,valid,0,0.7140124
2306,valid,0,0.79260457
4067,valid,0,0.57634014
10871,valid,0,0.012491023
2071,valid,0,0.83096397
7308,valid,0,0.015697962
6626,valid,0,0.009058577
8221,valid,0,0.74891764
6147,valid,0,0.40165007
9986,valid,0,0.7514585
10252,valid,0,0.01263961
9980,valid,0,0.008809943
9000,valid,0,0.6215908
9473,valid,0,0.4064839
6752,valid,0,0.67408675
5290,valid,0,0.48686168
8171,valid,0,0.013887136
4938,valid,0,0.3379337
9477,valid,0,0.46183804
10968,valid,0,0.21829498
671,valid,0,0.7179452
4961,valid,0,0.5974787
1276,valid,0,0.40552002
10271,valid,0,0.7102964
1940,valid,0,0.49625224
1893,valid,0,0.016417155
5367,valid,0,0.013388805
4358,valid,0,0.3530266
7909,valid,0,0.79473233
542,valid,0,0.8059841
1805,valid,0,0.027942684
3701,valid,0,0.6995804
6277,valid,0,0.60342026
4721,valid,0,0.027470335
548,valid,0,0.017757745
6797,valid,0,0.15706904
2821,valid,0,0.01263961
3240,valid,0,0.74340254
5001,valid,0,0.87486994
5871,valid,0,0.75387806
2587,valid,0,0.7840445
5722,valid,0,0.5211655
10391,valid,0,0.80270195
9410,valid,0,0.010901993
10563,valid,0,0.39073032
7907,valid,0,0.69374263
2516,valid,0,0.76760656
675,valid,0,0.8190551
5230,valid,0,0.722896
475,valid,0,0.012491023
8180,valid,0,0.012565209
10280,valid,0,0.5287238
7063,valid,0,0.62668025
3157,valid,0,0.36326203
3722,valid,0,0.7385187
415,valid,0,0.69732714
3745,valid,0,0.5875421
2540,valid,0,0.6751313
7783,valid,0,0.2731915
3966,valid,0,0.015727356
2592,valid,0,0.0745402
7797,valid,0,0.20109124
5289,valid,0,0.008273449
8777,valid,0,0.55435395
2310,valid,0,0.7659066
2546,valid,0,0.008097226
5300,valid,0,0.86689603
3241,valid,0,0.16309838
9417,valid,0,0.13642526
9125,valid,0,0.6639741
4219,valid,0,0.011637501
4928,valid,0,0.0115898
8145,valid,0,0.016975654
1896,valid,0,0.73713136
7499,valid,0,0.7327389
5461,valid,0,0.6492131
1279,valid,0,0.61395025
1494,valid,0,0.69045043
1472,valid,0,0.8143294
1328,valid,0,0.26121232
167,valid,0,0.7831867
4222,valid,0,0.7307273
10977,valid,0,0.012717086
1064,valid,0,0.009365628
5582,valid,0,0.010408407
4949,valid,0,0.010408407
8152,valid,0,0.1844382
4463,valid,0,0.669017
1505,valid,0,0.008622723
9500,valid,0,0.7421676
1792,valid,0,0.78498757
2542,valid,0,0.84619033
7776,valid,0,0.7114146
660,valid,0,0.008188413
10123,valid,0,0.18595359
2340,valid,0,0.11956945
172,valid,0,0.11026583
4907,valid,0,0.063786075
8546,valid,0,0.46738243
584,valid,0,0.68433404
6773,valid,0,0.008622723
5862,valid,0,0.008622723
10659,valid,0,0.008622723
7841,valid,0,0.008622723
7726,valid,0,0.6288872
10973,valid,0,0.7761108
9002,valid,0,0.015271982
1165,valid,0,0.018910214
1066,valid,0,0.8216922
6873,valid,0,0.03421537
2698,valid,0,0.53108954
9180,valid,0,0.44498122
3311,valid,0,0.41256565
2632,valid,0,0.008622723
9424,valid,0,0.82884824
10251,valid,0,0.6206329
6056,valid,0,0.7936947
3699,valid,0,0.57005465
3814,valid,0,0.22406514
7961,valid,0,0.009066473
2240,valid,0,0.12929003
4062,valid,0,0.009046924
3964,valid,0,0.012654734
2990,valid,0,0.8014563
9427,valid,0,0.85210794
4952,valid,0,0.3298417
4506,valid,0,0.5142685
595,valid,0,0.7502208
10078,valid,0,0.7747279
8776,valid,0,0.79846495
5905,valid,0,0.55550015
8170,valid,0,0.008622723
4455,valid,0,0.008622723
967,valid,0,0.048775844
5859,valid,0,0.08533062
6649,valid,0,0.66802335
11067,valid,0,0.062373254
3621,valid,0,0.017689597
8172,valid,0,0.6622789
10258,valid,0,0.43398944
5578,valid,0,0.7310675
5142,valid,0,0.83607
3809,valid,0,0.67375094
10904,valid,0,0.008622723
4205,valid,0,0.010901993
1942,valid,0,0.10562606
1280,valid,0,0.8363067
1892,valid,0,0.008622723
10099,valid,0,0.01035842
1901,valid,0,0.11724569
4966,valid,0,0.30105478
3623,valid,0,0.61656344
3502,valid,0,0.8330263
2303,valid,0,0.7231771
5379,valid,0,0.76603365
8021,valid,0,0.5412716
10033,valid,0,0.008622723
8848,valid,0,0.738165
5012,valid,0,0.64516646
2817,valid,0,0.60100174
4364,valid,0,0.7333456
7652,valid,0,0.83582777
8138,valid,0,0.009526332
776,valid,0,0.009304244
6427,valid,0,0.035219967
6829,valid,0,0.5132726
3309,valid,0,0.7478318
4732,valid,0,0.41160524
4754,valid,0,0.43442732
1310,valid,0,0.7282479
450,valid,0,0.78030676
8137,valid,0,0.6024219
8167,valid,0,0.013292993
10568,valid,0,0.8565993
10254,valid,0,0.258326
2518,valid,0,0.22731872
5836,valid,0,0.1748889
4357,valid,0,0.011311503
3314,valid,0,0.25351125
5157,valid,0,0.0070577143
8555,valid,0,0.34219128
8188,valid,0,0.76385456
567,valid,0,0.7819827
6640,valid,0,0.30743733
7605,valid,0,0.7127297
3987,valid,0,0.58442473
8178,valid,0,0.4636622
6131,valid,0,0.04828236
6794,valid,0,0.11247224
10119,valid,0,0.11298513
2988,valid,0,0.300161
5839,valid,0,0.71074563
10270,valid,0,0.76823026
3704,valid,0,0.008622723
8946,valid,0,0.24708596
7650,valid,0,0.3433798
3411,valid,0,0.008622723
2861,valid,0,0.74444866
8773,valid,0,0.8636867
3816,valid,0,0.008622723
674,valid,0,0.011727318
6248,valid,0,0.008622723
3963,valid,0,0.008622723
7942,valid,0,0.89319444
1173,valid,0,0.008622723
5890,valid,0,0.60274994
564,valid,0,0.0149115035
7947,valid,0,0.009556587
448,valid,0,0.012915153
7780,valid,0,0.7273165
7496,valid,0,0.63701004
7059,valid,0,0.018344337
2235,valid,0,0.83744955
10090,valid,0,0.47246653
1798,valid,0,0.78672147
5864,valid,0,0.77631813
2526,valid,0,0.49724662
1971,valid,0,0.009072434
7134,valid,0,0.68965495
9785,valid,0,0.008370181
8592,valid,0,0.37893358
10111,valid,0,0.38459104
5844,valid,0,0.10712965
3617,valid,0,0.7061162
6902,valid,0,0.6114292
3304,valid,0,0.2230959
10961,valid,0,0.5897491
5579,valid,0,0.008633083
3719,valid,0,0.009175143
5588,valid,0,0.16798405
4272,valid,0,0.013854381
3853,valid,0,0.009526332
600,valid,0,0.008195705
6943,valid,0,0.5086084
8840,valid,0,0.76520646
6297,valid,0,0.6569003
461,valid,0,0.009526332
3700,valid,0,0.016800685
4715,valid,0,0.8246672
3423,valid,0,0.63027656
7785,valid,0,0.018507201
3581,valid,0,0.7995216
10884,valid,0,0.6777444
8410,valid,0,0.009526332
3716,valid,0,0.01263961
4217,valid,0,0.5481423
7786,valid,0,0.78819215
3172,valid,0,0.009556587
2524,valid,0,0.007827934
2501,valid,0,0.008622723
9787,valid,0,0.81207806
2538,valid,0,0.79248357
8948,valid,0,0.829472
10969,valid,0,0.01428235
1083,valid,0,0.01428235
10384,valid,0,0.74645734
10663,valid,0,0.87567014
6800,valid,0,0.011311503
169,valid,0,0.46251526
574,valid,0,0.20597151
206,valid,0,0.015180834
4087,valid,0,0.009046924
5614,valid,0,0.5812052
6860,valid,0,0.012654734
10617,valid,0,0.39047176
1897,valid,0,0.3396011
7955,valid,0,0.33616233
10953,valid,0,0.017640851
4224,valid,0,0.7963389
3579,valid,0,0.63726276
10581,valid,0,0.56891245
6790,valid,0,0.6665441
10897,valid,0,0.53876376
510,valid,0,0.7290088
10664,valid,0,0.66288686
5111,valid,0,0.019570235
7600,valid,0,0.77292526
6283,valid,0,0.65789825
9984,valid,0,0.008622723
8194,valid,0,0.40220353
4728,valid,0,0.62068915
7557,valid,0,0.009526332
1331,valid,0,0.69988203
570,valid,0,0.8233593
360,valid,0,0.1297682
9928,valid,0,0.75268346
5849,valid,0,0.81497204
5116,valid,0,0.013659289
9112,valid,0,0.4578899
4905,valid,0,0.015223909
468,valid,0,0.0116697885
6416,valid,0,0.8511729
10632,valid,0,0.7550197
26,valid,0,0.5181332
7793,valid,0,0.77846116
6419,valid,0,0.012892996
1077,valid,0,0.77310705
5298,valid,0,0.8479962
6431,valid,0,0.008188413
6648,valid,0,0.010040655
9917,valid,0,0.12375228
864,valid,0,0.2815612
772,valid,0,0.008188413
1939,valid,0,0.086974844
7849,valid,0,0.043072004
9634,valid,0,0.008188413
4348,valid,0,0.008188413
5863,valid,0,0.0069549605
4069,valid,0,0.08385893
445,valid,0,0.008633083
9476,valid,0,0.008633083
10027,valid,0,0.014794864
8593,valid,0,0.79773
156,valid,0,0.6878561
7565,valid,0,0.67386985
2521,valid,0,0.01263961
8600,valid,0,0.013821202
7555,valid,0,0.33998734
8147,valid,0,0.013810709
4362,valid,0,0.013854381
2502,valid,0,0.78929526
1008,valid,0,0.0070577143
3337,valid,0,0.022468906
560,valid,0,0.76367545
1290,valid,0,0.009027495
350,valid,0,0.4414398
1463,valid,0,0.014827044
10021,valid,0,0.47931078
6250,valid,0,0.013810709
5857,valid,0,0.02658481
9463,valid,0,0.014827044
366,valid,0,0.008447172
4198,valid,0,0.009072434
2506,valid,0,0.03019876
7781,valid,0,0.008447172
4995,valid,0,0.79007137
3406,valid,0,0.01263961
3247,valid,0,0.008447172
3807,valid,0,0.81748456
661,valid,0,0.578902
408,valid,0,0.6392544
10132,valid,0,0.008622723
3710,valid,0,0.7064136
6903,valid,0,0.28972661
4088,valid,0,0.56092286
6295,valid,0,0.00847403
359,valid,0,0.015271982
4066,valid,0,0.65119976
3260,valid,0,0.8727133
170,valid,0,0.008622723
10577,valid,0,0.02560988
43,valid,0,0.84372115
3741,valid,0,0.35662022
4279,valid,0,0.009526332
342,valid,0,0.50106907
583,valid,0,0.01831183
4196,valid,0,0.013243836
31,valid,0,0.8262968
9468,valid,0,0.022570442
7602,valid,0,0.8913827
3303,valid,0,0.009072434
5931,valid,0,0.61880434
7617,valid,0,0.69942266
5257,valid,0,0.8855477
4518,valid,0,0.58712393
2623,valid,0,0.665116
1502,valid,0,0.22982316
2504,valid,0,0.23244017
4375,valid,0,0.013421598
9416,valid,0,0.014785789
8560,valid,0,0.14569004
5847,valid,0,0.027394809
10612,valid,0,0.23141657
3341,valid,0,0.0091783
1975,valid,0,0.26339507
4457,valid,0,0.12493152
736,valid,0,0.5360059
6664,valid,0,0.008633083
5718,valid,0,0.266333
2955,valid,0,0.0130438395
9130,valid,0,0.275763
8169,valid,0,0.7002248
7505,valid,0,0.5936694
3327,valid,0,0.01563195
4278,valid,0,0.43297574
1784,valid,0,0.73527014
10630,valid,0,0.5453704
3302,valid,0,0.49974525
9799,valid,0,0.012491023
1200,valid,0,0.013810709
9444,valid,0,0.008622723
3872,valid,0,0.8243774
6437,valid,0,0.15877664
6953,valid,0,0.037067935
2808,valid,0,0.54237264
453,valid,0,0.082058966
9004,valid,0,0.5074882
5867,valid,0,0.008622723
1063,valid,0,0.008169722
3849,valid,0,0.82267433
4906,valid,0,0.010742219
9009,valid,0,0.52132016
10089,valid,0,0.8094574
2853,valid,0,0.717315
8081,valid,0,0.51794916
8025,valid,0,0.010342102
6754,valid,0,0.79511124
10097,valid,0,0.84770393
497,valid,0,0.81269485
7568,valid,0,0.016955456
8971,valid,0,0.38063788
6836,valid,0,0.47712183
10951,valid,0,0.5407233
10623,valid,0,0.010342102
219,valid,0,0.5737292
4897,valid,0,0.00847403
4271,valid,0,0.64626944
3171,valid,0,0.71984476
4740,valid,0,0.5642483
3255,valid,0,0.21056707
7558,valid,0,0.7934956
5729,valid,0,0.7191302
4930,valid,0,0.72444177
155,valid,0,0.009072434
1026,valid,0,0.037568796
5639,valid,0,0.22007954
9804,valid,0,0.69457346
452,valid,0,0.4394222
7933,valid,0,0.8423967
9185,valid,0,0.42338482
5754,valid,0,0.015271982
1642,valid,0,0.24690403
4669,valid,0,0.28915206
8426,valid,0,0.2697067
10375,valid,0,0.70401525
2780,valid,0,0.8156334
7680,valid,0,0.6876731
3979,valid,0,0.5376667
5371,valid,0,0.7473277
2637,valid,0,0.53657
3345,valid,0,0.68572676
645,valid,0,0.19968598
3342,valid,0,0.720483
8142,valid,0,0.7752033
3729,valid,0,0.78492767
8035,valid,0,0.55512255
7792,valid,0,0.012491023
4971,valid,0,0.008622723
1285,valid,0,0.85721105
7717,valid,0,0.49073353
7616,valid,0,0.65599066
1312,valid,0,0.79386663
10428,valid,0,0.008447172
5635,valid,0,0.44377014
9191,valid,0,0.81698173
578,valid,0,0.58787125
7292,valid,0,0.15179601
505,valid,0,0.58734053
862,valid,0,0.008622723
7566,valid,0,0.856253
4656,valid,0,0.51351374
2523,valid,0,0.8551779
8203,valid,0,0.35226616
2785,valid,0,0.0116697885
1930,valid,0,0.57356036
29,valid,0,0.7589152
7953,valid,0,0.5479539
6827,valid,0,0.86990446
3955,valid,0,0.020475473
3335,valid,0,0.27170444
1793,valid,0,0.009556587
1948,valid,0,0.5209882
5009,valid,0,0.40962464
3984,valid,0,0.49661928
3735,valid,0,0.8843911
1078,valid,0,0.7002157
5299,valid,0,0.5832951
8439,valid,0,0.018717717
8146,valid,0,0.010155292
643,valid,0,0.011727318
28,valid,0,0.71372294
556,valid,0,0.29815662
1924,valid,0,0.8702847
6627,valid,0,0.42225808
6057,valid,0,0.011249248
5915,valid,0,0.8096882
5251,valid,0,0.66552836
648,valid,0,0.41194317
2307,valid,0,0.63483036
8432,valid,0,0.008622723
7649,valid,0,0.018910214
775,valid,0,0.6253058
73,valid,0,0.70282024
10246,valid,0,0.015223909
1004,valid,0,0.40257755
3413,valid,0,0.77942103
1927,valid,0,0.75831085
161,valid,0,0.012843697
1788,valid,0,0.85466206
4460,valid,0,0.85173285
5833,valid,0,0.008622723
3262,valid,0,0.85647446
3500,valid,0,0.5516508
554,valid,0,0.008622723
717,valid,0,0.014322099
1204,valid,0,0.66889757
4852,valid,0,0.01037492
5854,valid,0,0.00847403
5627,valid,0,0.6173958
721,valid,0,0.014572297
5052,valid,0,0.008622723
6650,valid,0,0.016654525
734,valid,0,0.81240344
3270,valid,0,0.76419866
10264,valid,0,0.6238314
9982,valid,0,0.020774858
3981,valid,0,0.3875081
9480,valid,0,0.01628418
4719,valid,0,0.023485892
7791,valid,0,0.13116272
8783,valid,0,0.15800874
8999,valid,0,0.011370003
5003,valid,0,0.18047938
3608,valid,0,0.012717086
3300,valid,0,0.31025854
4969,valid,0,0.26691338
9452,valid,0,0.008545806
6748,valid,0,0.045774586
4462,valid,0,0.3132723
3273,valid,0,0.012174241
8149,valid,0,0.20380807
467,valid,0,0.5911264
6765,valid,0,0.008633083
5591,valid,0,0.008633083
1922,valid,0,0.024685467
3276,valid,0,0.008633083
5395,valid,0,0.7553771
1969,valid,0,0.7434729
6769,valid,0,0.013777632
2797,valid,0,0.63476676
2525,valid,0,0.4420121
1060,valid,0,0.80339384
368,valid,0,0.6247031
10104,valid,0,0.34454015
4083,valid,0,0.7052673
6870,valid,0,0.022468906
4072,valid,0,0.7524206
536,valid,0,0.088720895
5723,valid,0,0.7579255
5046,valid,0,0.009526332
6415,valid,0,0.6785194
5108,valid,0,0.014322099
10441,valid,0,0.13922228
5865,valid,0,0.67035407
4863,valid,0,0.8434207
5050,valid,0,0.012315806
5403,valid,0,0.008339765
5914,valid,0,0.009537767
731,valid,0,0.5803089
7500,valid,0,0.5283527
5370,valid,0,0.21387337
6775,valid,0,0.3581431
4942,valid,0,0.14707805
10902,valid,0,0.012462991
3864,valid,0,0.012496153
9975,valid,0,0.27161425
8184,valid,0,0.7198652
5118,valid,0,0.010689536
3310,valid,0,0.7817623
9916,valid,0,0.017689597
5590,valid,0,0.018176276
9503,valid,0,0.36137825
8594,valid,0,0.19908534
6880,valid,0,0.22586587
5126,valid,0,0.051386613
7676,valid,0,0.37869292
10034,valid,0,0.16566893
7682,valid,0,0.104249276
3298,valid,0,0.008188413
6435,valid,0,0.07605222
964,valid,0,0.012612925
1082,valid,0,0.18734963
1024,valid,0,0.017819313
676,valid,0,0.008545806
8784,valid,0,0.013784404
75,valid,0,0.19013579
10903,valid,0,0.013784404
10660,valid,0,0.14352526
10392,valid,0,0.21906571
9650,valid,0,0.11400953
6424,valid,0,0.009365628
1506,valid,0,0.29187983
3426,valid,0,0.3323212
5624,valid,0,0.008188413
670,valid,0,0.017710656
3410,valid,0,0.008633083
9474,valid,0,0.014977952
7563,valid,0,0.39204633
589,valid,0,0.5986338
7135,valid,0,0.3782487
3338,valid,0,0.00878517
2612,valid,0,0.15065736
3983,valid,0,0.02383452
6604,valid,0,0.008633083
582,valid,0,0.01628169
2179,valid,0,0.012654734
646,valid,0,0.009537767
10886,valid,0,0.68911487
2334,valid,0,0.008169722
5636,valid,0,0.63795966
2776,valid,0,0.011967603
5842,valid,0,0.6026397
6257,valid,0,0.031635094
5928,valid,0,0.57800573
11084,valid,0,0.010391467
6141,valid,0,0.009526332
7673,valid,0,0.51558447
9012,valid,0,0.3492488
4082,valid,0,0.6161668
4723,valid,0,0.6179598
9409,valid,0,0.73221993
998,valid,0,0.01000304
4063,valid,0,0.23139954
5587,valid,0,0.68157405
5396,valid,0,0.8023907
4917,valid,0,0.012491023
10497,valid,0,0.6889154
1061,valid,0,0.77854794
7678,valid,0,0.6546881
2701,valid,0,0.02725177
8844,valid,0,0.009526332
7950,valid,0,0.71828264
572,valid,0,0.7110153
4739,valid,0,0.016955456
3806,valid,0,0.009027495
9796,valid,0,0.010230648
4708,valid,0,0.01805224
8549,valid,0,0.4320526
2342,valid,0,0.7938353
1022,valid,0,0.009526332
9701,valid,0,0.1927615
3154,valid,0,0.4677883
9637,valid,0,0.8350642
969,valid,0,0.018610515
5026,valid,0,0.010342102
5589,valid,0,0.37634555
5615,valid,0,0.009365927
10578,valid,0,0.008447172
10512,valid,0,0.82289
5240,valid,0,0.008447172
2786,valid,0,0.7246176
416,valid,0,0.66133565
6366,valid,0,0.8648734
4925,valid,0,0.7761685
3336,valid,0,0.009526332
407,valid,0,0.00847403
4226,valid,0,0.6062252
5237,valid,0,0.01263961
6755,valid,0,0.6186904
4970,valid,0,0.01263961
5381,valid,0,0.69408166
1795,valid,0,0.50340223
2072,valid,0,0.20846823
7773,valid,0,0.5150448
952,valid,0,0.8222399
6399,valid,0,0.009365927
5471,valid,0,0.68068117
1316,valid,0,0.77893347
4200,valid,0,0.008622723
10260,valid,0,0.010230648
5840,valid,0,0.8581294
410,valid,0,0.43948475
10127,valid,0,0.013245894
8079,valid,0,0.7495534
3993,valid,0,0.009304244
9426,valid,0,0.015327095
9923,valid,0,0.71913755
78,valid,0,0.013292993
4730,valid,0,0.70041263
10094,valid,0,0.009526332
3827,valid,0,0.77510464
9421,valid,0,0.008622723
7309,valid,0,0.3465881
6815,valid,0,0.7156619
10108,valid,0,0.016955456
7714,valid,0,0.79580444
9022,valid,0,0.80541474
3244,valid,0,0.71727467
652,valid,0,0.6436363
1471,valid,0,0.8735763
3990,valid,0,0.6880503
10379,valid,0,0.01197959
8417,valid,0,0.009526332
4929,valid,0,0.63168705
7710,valid,0,0.8311975
211,valid,0,0.85887045
4202,valid,0,0.016803246
6777,valid,0,0.7696123
5879,valid,0,0.8106038
3256,valid,0,0.010901993
7507,valid,0,0.65318274
569,valid,0,0.83306515
1315,valid,0,0.48025128
37,valid,0,0.756439
9469,valid,0,0.43710646
533,valid,0,0.012892996
9006,valid,0,0.00847403
10880,valid,0,0.82835215
6400,valid,0,0.3366484
8218,valid,0,0.02421558
7315,valid,0,0.68491596
3954,valid,0,0.018033031
2315,valid,0,0.011727318
10245,valid,0,0.8866807
5617,valid,0,0.011896455
579,valid,0,0.012565209
3978,valid,0,0.16794404
4895,valid,0,0.009072434
4714,valid,0,0.020774858
5250,valid,0,0.61568546
2324,valid,0,0.8368878
2691,valid,0,0.013975554
7838,valid,0,0.008188413
3863,valid,0,0.008188413
5235,valid,0,0.22474666
2069,valid,0,0.16108452
8161,valid,0,0.1805252
2594,valid,0,0.16072746
6791,valid,0,0.038985252
7144,valid,0,0.3135429
6657,valid,0,0.09259423
506,valid,0,0.011370003
7550,valid,0,0.0520498
8159,valid,0,0.014105189
773,valid,0,0.011311503
11079,valid,0,0.16424084
1465,valid,0,0.0091783
654,valid,0,0.009716145
5241,valid,0,0.092272475
4720,valid,0,0.014232893
2794,valid,0,0.2531275
72,valid,0,0.21769834
5932,valid,0,0.030899638
10898,valid,0,0.008188413
10962,valid,0,0.007089353
5281,valid,0,0.16863737
9930,valid,0,0.009395483
6942,valid,0,0.29377258
3737,valid,0,0.025212957
9418,valid,0,0.08978501
8310,valid,0,0.0071500866
655,valid,0,0.009537767
6960,valid,0,0.009537767
5897,valid,0,0.009537767
7293,valid,0,0.009537767
6434,valid,0,0.4889774
8076,valid,0,0.009568058
3870,valid,0,0.099672794
6948,valid,0,0.009873588
367,valid,0,0.097844735
1320,valid,0,0.47977814
3825,valid,0,0.009537767
6422,valid,0,0.39259917
6899,valid,0,0.50981784
3835,valid,0,0.59907615
8958,valid,0,0.5776799
7711,valid,0,0.009537767
7778,valid,0,0.5317554
10499,valid,0,0.69905996
5903,valid,0,0.10397881
4270,valid,0,0.009537767
2622,valid,0,0.19251528
7501,valid,0,0.7368823
6058,valid,0,0.009861754
2803,valid,0,0.2958311
27,valid,0,0.45503995
8554,valid,0,0.009556587
8141,valid,0,0.6906807
4293,valid,0,0.008782031
3830,valid,0,0.009526332
10122,valid,0,0.59314483
509,valid,0,0.015111094
6806,valid,0,0.1726711
1970,valid,0,0.024890058
9972,valid,0,0.45662546
4663,valid,0,0.01428235
4855,valid,0,0.010742219
2610,valid,0,0.014791577
9635,valid,0,0.31462017
4346,valid,0,0.7188579
6772,valid,0,0.78658175
9498,valid,0,0.008622723
7848,valid,0,0.013292993
7801,valid,0,0.08922268
2065,valid,0,0.017689597
860,valid,0,0.014791577
4223,valid,0,0.0170089
5015,valid,0,0.68441194
4946,valid,0,0.009526332
2859,valid,0,0.38366288
3420,valid,0,0.019374585
6139,valid,0,0.48626718
5247,valid,0,0.009556587
8150,valid,0,0.009526332
6822,valid,0,0.009526332
5575,valid,0,0.84289056
1802,valid,0,0.80140764
6368,valid,0,0.011106055
5594,valid,0,0.009072434
1274,valid,0,0.009526332
1899,valid,0,0.014337819
6647,valid,0,0.015223909
7712,valid,0,0.009526332
4355,valid,0,0.693664
5021,valid,0,0.009556587
6862,valid,0,0.018910214
4916,valid,0,0.009526332
3848,valid,0,0.009556587
10257,valid,0,0.6058274
5645,valid,0,0.020052519
3618,valid,0,0.008622723
5008,valid,0,0.018910214
2068,valid,0,0.014276974
3254,valid,0,0.013292993
353,valid,0,0.6690606
6064,valid,0,0.011106055
6282,valid,0,0.8235087
10574,valid,0,0.7650299
3803,valid,0,0.008622723
2611,valid,0,0.48428753
4847,valid,0,0.4878403
6359,valid,0,0.010230648
2953,valid,0,0.01263961
1630,valid,0,0.4416632
499,valid,0,0.7344392
7777,valid,0,0.018910214
6136,valid,0,0.7528381
586,valid,0,0.008622723
10900,valid,0,0.018910214
5467,valid,0,0.018910214
4744,valid,0,0.7510716
7511,valid,0,0.00847403
9705,valid,0,0.662446
9644,valid,0,0.018910214
4074,valid,0,0.009526332
6808,valid,0,0.010901993
455,valid,0,0.4328917
9802,valid,0,0.009526332
440,valid,0,0.018910214
6751,valid,0,0.7243663
2532,valid,0,0.016694127
5924,valid,0,0.8674934
3828,valid,0,0.009526332
8415,valid,0,0.39720047
5717,valid,0,0.7285488
9707,valid,0,0.82216287
2992,valid,0,0.56163466
4519,valid,0,0.018910214
10899,valid,0,0.015223909
2318,valid,0,0.018684246
3859,valid,0,0.010155292
4508,valid,0,0.013659289
5378,valid,0,0.010342102
4659,valid,0,0.009526332
507,valid,0,0.7992979
4726,valid,0,0.68623435
10887,valid,0,0.62706137
4998,valid,0,0.008622723
7975,valid,0,0.8417037
2997,valid,0,0.018659003
6610,valid,0,0.8446007
6365,valid,0,0.010921101
868,valid,0,0.67109126
6296,valid,0,0.018910214
4896,valid,0,0.008622723
2243,valid,0,0.018910214
2491,valid,0,0.012066375
551,valid,0,0.3703637
4964,valid,0,0.013659289
1072,valid,0,0.81983936
6959,valid,0,0.47609714
7145,valid,0,0.018910214
6767,valid,0,0.809883
10386,valid,0,0.51250917
10582,valid,0,0.11830039
7146,valid,0,0.012604993
9448,valid,0,0.01037492
11083,valid,0,0.011684521
4211,valid,0,0.009526332
5037,valid,0,0.018910214
7504,valid,0,0.010901993
2631,valid,0,0.020774858
2536,valid,0,0.014747232
2865,valid,0,0.014747232
6063,valid,0,0.011727318
81,valid,0,0.0111483075
9795,valid,0,0.01808652
7058,valid,0,0.010901993
9926,valid,0,0.013834278
1904,valid,0,0.020774858
3847,valid,0,0.009526332
171,valid,0,0.019970018
3583,valid,0,0.020774858
1501,valid,0,0.018910214
5888,valid,0,0.019871581
9467,valid,0,0.6637435
5031,valid,0,0.012892996
2060,valid,0,0.015223909
10963,valid,0,0.012315806
6821,valid,0,0.329738
2993,valid,0,0.013491142
8544,valid,0,0.018574234
11081,valid,0,0.90223515
8139,valid,0,0.018000238
5231,valid,0,0.020774858
332,valid,0,0.8961356
4862,valid,0,0.009526332
3717,valid,0,0.016425997
1919,valid,0,0.017926475
10560,valid,0,0.01197959
1910,valid,0,0.011727318
2686,valid,0,0.0110366605
6762,valid,0,0.01263961
5234,valid,0,0.017689597
8973,valid,0,0.8167217
6369,valid,0,0.009556587
6813,valid,0,0.7706534
504,valid,0,0.016494192
6426,valid,0,0.5962172
8843,valid,0,0.010230648
3748,valid,0,0.7590496
6944,valid,0,0.46553838
447,valid,0,0.008622723
6278,valid,0,0.009072434
6884,valid,0,0.75240296
9447,valid,0,0.011727318
10614,valid,0,0.009556587
4911,valid,0,0.025689892
2238,valid,0,0.008622723
1293,valid,0,0.009526332
10086,valid,0,0.010342102
9035,valid,0,0.5620323
4653,valid,0,0.8029343
5143,valid,0,0.65047395
11078,valid,0,0.34483853
3497,valid,0,0.7910849
2535,valid,0,0.018910214
1287,valid,0,0.019239783
963,valid,0,0.4289107
6420,valid,0,0.015058265
4347,valid,0,0.40259898
1003,valid,0,0.008622723
10023,valid,0,0.013292993
6890,valid,0,0.7865806
9792,valid,0,0.009526332
3257,valid,0,0.83643633
10390,valid,0,0.748445
5053,valid,0,0.009556587
10906,valid,0,0.011727318
5861,valid,0,0.014287823
9041,valid,0,0.015271982
1223,valid,0,0.31275636
4734,valid,0,0.009526332
5121,valid,0,0.00731101
8774,valid,0,0.7418371
24,valid,0,0.012072208
435,valid,0,0.008447172
1806,valid,0,0.740575
1933,valid,0,0.009526332
6895,valid,0,0.6680079
1301,valid,0,0.76190186
553,valid,0,0.009526332
8959,valid,0,0.052276455
2494,valid,0,0.6605047
9963,valid,0,0.58105004
1327,valid,0,0.009526332
356,valid,0,0.014276974
6409,valid,0,0.030805042
3855,valid,0,0.00847403
5114,valid,0,0.7703217
3733,valid,0,0.5757984
355,valid,0,0.015327095
1081,valid,0,0.08919516
2826,valid,0,0.65925103
5882,valid,0,0.625984
9510,valid,0,0.018910214
437,valid,0,0.016800685
8968,valid,0,0.8261672
585,valid,0,0.5881987
9182,valid,0,0.6253683
3319,valid,0,0.787439
6405,valid,0,0.72574025
1804,valid,0,0.010187523
4351,valid,0,0.8059699
3851,valid,0,0.009526332
9699,valid,0,0.011727318
8423,valid,0,0.009556587
3989,valid,0,0.009526332
9993,valid,0,0.67984754
4368,valid,0,0.76834
3865,valid,0,0.010342102
10382,valid,0,0.64843553
6048,valid,0,0.009526332
5254,valid,0,0.6686194
7720,valid,0,0.009526332
7498,valid,0,0.018910214
3867,valid,0,0.716571
10569,valid,0,0.67646426
8179,valid,0,0.010901993
9121,valid,0,0.015342115
10434,valid,0,0.015327095
7911,valid,0,0.82073736
10877,valid,0,0.7714818
9793,valid,0,0.39037502
10440,valid,0,0.012915153
10075,valid,0,0.4668848
9969,valid,0,0.009526332
9786,valid,0,0.010342102
4060,valid,0,0.15993598
9120,valid,0,0.009526332
7970,valid,0,0.010342102
5153,valid,0,0.6959926
7304,valid,0,0.009526332
4001,valid,0,0.009526332
4675,valid,0,0.014336154
5000,valid,0,0.008622723
2305,valid,0,0.73247844
7643,valid,0,0.010901993
8591,valid,0,0.7227901
9962,valid,0,0.009526332
8967,valid,0,0.010620421
4745,valid,0,0.009526332
9038,valid,0,0.69950885
4838,valid,0,0.6257929
10092,valid,0,0.3299188
6284,valid,0,0.7905987
4837,valid,0,0.009526332
3837,valid,0,0.009526332
6885,valid,0,0.51539314
8442,valid,0,0.009447752
5010,valid,0,0.009526332
7311,valid,0,0.7581035
4830,valid,0,0.7156658
9920,valid,0,0.010901993
2806,valid,0,0.022570442
6138,valid,0,0.008453257
3965,valid,0,0.010901993
7935,valid,0,0.008453257
1296,valid,0,0.7127696
11065,valid,0,0.018910214
3958,valid,0,0.012892996
8540,valid,0,0.01428235
1932,valid,0,0.0116697885
2498,valid,0,0.013491142
436,valid,0,0.41984487
2320,valid,0,0.00998406
7142,valid,0,0.7104992
9001,valid,0,0.018344337
10896,valid,0,0.4180079
2595,valid,0,0.018910214
557,valid,0,0.015697962
2958,valid,0,0.6450247
9967,valid,0,0.7048799
8020,valid,0,0.009556587
3159,valid,0,0.6931932
82,valid,0,0.014309019
1284,valid,0,0.012892996
3838,valid,0,0.26319584
2810,valid,0,0.018344337
346,valid,0,0.804665
6763,valid,0,0.6725502
2696,valid,0,0.83975595
10001,valid,0,0.5667367
3714,valid,0,0.8328033
3331,valid,0,0.009556587
8210,valid,0,0.017986143
3249,valid,0,0.01770184
3308,valid,0,0.018910214
7056,valid,0,0.7303189
2061,valid,0,0.022668349
3347,valid,0,0.01830089
5868,valid,0,0.81976104
1914,valid,0,0.09831689
1639,valid,0,0.67636436
210,valid,0,0.009526332
4363,valid,0,0.8164018
3278,valid,0,0.014611996
4280,valid,0,0.024272919
5382,valid,0,0.01601618
1466,valid,0,0.44212523
713,valid,0,0.6222784
7295,valid,0,0.010475549
4356,valid,0,0.018344337
10022,valid,0,0.018344337
4948,valid,0,0.76950276
456,valid,0,0.8402489
10974,valid,0,0.71875185
6362,valid,0,0.3941166
7798,valid,0,0.8621508
215,valid,0,0.68259376
4209,valid,0,0.30377844
9803,valid,0,0.008188413
9977,valid,0,0.008188413
4725,valid,0,0.23089105
4370,valid,0,0.012481916
3494,valid,0,0.11465975
3265,valid,0,0.010058297
7645,valid,0,0.147884
2520,valid,0,0.14061543
534,valid,0,0.008315405
457,valid,0,0.008709655
2814,valid,0,0.011311503
502,valid,0,0.16247855
8154,valid,0,0.17774355
4749,valid,0,0.53487515
543,valid,0,0.009046924
8957,valid,0,0.009046924
3316,valid,0,0.019496934
9505,valid,0,0.04284317
7774,valid,0,0.0075251968
4513,valid,0,0.014781901
9800,valid,0,0.015180834
774,valid,0,0.09656944
7647,valid,0,0.32417327
10427,valid,0,0.032918725
6142,valid,0,0.29100314
2508,valid,0,0.027511267
5034,valid,0,0.26771048
5287,valid,0,0.1854644
7966,valid,0,0.22559983
1498,valid,0,0.0990031
8160,valid,0,0.378666
6947,valid,0,0.072231814
5463,valid,0,0.06669236
9996,valid,0,0.591057
9501,valid,0,0.019750414
4738,valid,0,0.009146085
573,valid,0,0.37600788
5125,valid,0,0.50490963
3160,valid,0,0.010408407
6358,valid,0,0.35003316
9918,valid,0,0.48981345
9453,valid,0,0.10336862
4940,valid,0,0.3701457
1324,valid,0,0.24828127
3425,valid,0,0.6733741
6363,valid,0,0.009537767
6134,valid,0,0.009568058
9460,valid,0,0.008179542
1801,valid,0,0.0107550975
5855,valid,0,0.19242603
6433,valid,0,0.009568058
669,valid,0,0.46006832
6887,valid,0,0.011089979
2692,valid,0,0.011089979
4756,valid,0,0.06861833
8183,valid,0,0.008633083
6901,valid,0,0.012654734
10882,valid,0,0.009537767
8163,valid,0,0.49392542
451,valid,0,0.012654734
5032,valid,0,0.0119939335
1636,valid,0,0.12935723
8846,valid,0,0.009537767
4923,valid,0,0.45596054
6260,valid,0,0.69114727
5583,valid,0,0.086304165
9178,valid,0,0.009537767
2627,valid,0,0.033445373
4910,valid,0,0.043168373
2640,valid,0,0.46068028
2519,valid,0,0.71024686
8835,valid,0,0.009568058
8552,valid,0,0.016340235
10576,valid,0,0.77945673
2500,valid,0,0.62403196
9465,valid,0,0.6811868
8078,valid,0,0.6519656
463,valid,0,0.014827044
8187,valid,0,0.8059191
2782,valid,0,0.36877948
5646,valid,0,0.01000304
6050,valid,0,0.013292993
10500,valid,0,0.013292993
5887,valid,0,0.0754202
9502,valid,0,0.013810709
1304,valid,0,0.009526332
4860,valid,0,0.009526332
5280,valid,0,0.009526332
8207,valid,0,0.009526332
7779,valid,0,0.82885104
6061,valid,0,0.009526332
10876,valid,0,0.4161386
5620,valid,0,0.008169722
1009,valid,0,0.009526332
6654,valid,0,0.2651373
1071,valid,0,0.016955456
2184,valid,0,0.013292993
9457,valid,0,0.015047194
8775,valid,0,0.72629803
9036,valid,0,0.009526332
5164,valid,0,0.008453257
8077,valid,0,0.028991226
1213,valid,0,0.0170089
2703,valid,0,0.009526332
5402,valid,0,0.009861754
3869,valid,0,0.15261358
3860,valid,0,0.0247828
3431,valid,0,0.011727318
9645,valid,0,0.00731101
6663,valid,0,0.45492068
3839,valid,0,0.6644783
8037,valid,0,0.01000304
157,valid,0,0.010901993
10611,valid,0,0.009526332
2312,valid,0,0.3185864
2537,valid,0,0.69563234
3726,valid,0,0.009526332
4064,valid,0,0.00864898
8174,valid,0,0.7313521
2634,valid,0,0.015809871
214,valid,0,0.009526332
1016,valid,0,0.7738253
2327,valid,0,0.013292993
9199,valid,0,0.0070577143
4081,valid,0,0.18142568
3492,valid,0,0.075284734
8545,valid,0,0.53855264
1069,valid,0,0.703058
10124,valid,0,0.021005621
7958,valid,0,0.2725718
9458,valid,0,0.7447756
6641,valid,0,0.00928904
10658,valid,0,0.0247828
2818,valid,0,0.010901993
5297,valid,0,0.01000304
1001,valid,0,0.54996747
6823,valid,0,0.009526332
4746,valid,0,0.009526332
5374,valid,0,0.011575934
5755,valid,0,0.33905894
3350,valid,0,0.008453901
2858,valid,0,0.01000304
4194,valid,0,0.7919809
209,valid,0,0.009526332
8557,valid,0,0.008809943
9643,valid,0,0.013810709
5629,valid,0,0.009526332
3340,valid,0,0.49010947
4353,valid,0,0.008998899
8220,valid,0,0.6466273
597,valid,0,0.008169722
1309,valid,0,0.7406692
8963,valid,0,0.016955456
7554,valid,0,0.009526332
8307,valid,0,0.35019016
10503,valid,0,0.014827044
10020,valid,0,0.66211104
1208,valid,0,0.009556587
3339,valid,0,0.821845
865,valid,0,0.015413866
3326,valid,0,0.0127668185
2824,valid,0,0.016342519
7138,valid,0,0.7785268
1216,valid,0,0.009556587
10107,valid,0,0.008622723
41,valid,0,0.76171416
4716,valid,0,0.7669663
4748,valid,0,0.17156194
10274,valid,0,0.74403286
6356,valid,0,0.1627819
8189,valid,0,0.4617395
5896,valid,0,0.012146105
7788,valid,0,0.61623275
5920,valid,0,0.4315274
2512,valid,0,0.016207913
3999,valid,0,0.7148914
1311,valid,0,0.010342102
9194,valid,0,0.7793959
71,valid,0,0.018910214
1065,valid,0,0.22349623
3610,valid,0,0.008622723
45,valid,0,0.82991964
149,valid,0,0.010230648
1800,valid,0,0.009945913
10966,valid,0,0.009526332
10636,valid,0,0.009526332
5881,valid,0,0.019773912
5013,valid,0,0.011727318
3261,valid,0,0.016480662
1018,valid,0,0.009861754
5719,valid,0,0.010342102
7912,valid,0,0.015290443
5156,valid,0,0.017097173
10071,valid,0,0.010230648
5728,valid,0,0.012034086
163,valid,0,0.015223909
5366,valid,0,0.009526332
1794,valid,0,0.009526332
4361,valid,0,0.2417254
7302,valid,0,0.6076765
4654,valid,0,0.009861754
778,valid,0,0.018910214
8143,valid,0,0.009526332
10028,valid,0,0.018199893
10872,valid,0,0.009526332
2505,valid,0,0.7562477
7719,valid,0,0.010342102
5377,valid,0,0.010342102
2693,valid,0,0.010342102
3616,valid,0,0.027470335
2787,valid,0,0.010590605
3840,valid,0,0.7530526
3577,valid,0,0.052955832
1789,valid,0,0.008453257
9123,valid,0,0.009556587
1509,valid,0,0.5955741
5295,valid,0,0.010342102
6825,valid,0,0.011123833
9177,valid,0,0.009861754
2860,valid,0,0.010342102
7932,valid,0,0.01037492
10070,valid,0,0.009526332
3808,valid,0,0.7895211
10570,valid,0,0.014242805
4755,valid,0,0.008465956
5616,valid,0,0.01037492
7653,valid,0,0.017689597
8965,valid,0,0.57178974
5384,valid,0,0.010230648
1000,valid,0,0.009526332
2522,valid,0,0.02681613
5286,valid,0,0.009526332
8043,valid,0,0.009526332
5892,valid,0,0.009526332
10635,valid,0,0.007951926
8148,valid,0,0.009556587
10000,valid,0,0.6590889
5727,valid,0,0.009526332
2812,valid,0,0.548341
6818,valid,0,0.010342102
5293,valid,0,0.009556587
7963,valid,0,0.86548537
7904,valid,0,0.011106055
4924,valid,0,0.011106055
6129,valid,0,0.009526332
4753,valid,0,0.009526332
9504,valid,0,0.015223909
3712,valid,0,0.010901993
1913,valid,0,0.009526332
4085,valid,0,0.011727318
5923,valid,0,0.010342102
4086,valid,0,0.014242805
4731,valid,0,0.33047524
10248,valid,0,0.011773215
10626,valid,0,0.009526332
7057,valid,0,0.8064183
1326,valid,0,0.010342102
9973,valid,0,0.009526332
5141,valid,0,0.18045218
8849,valid,0,0.014425253
3328,valid,0,0.011311429
6133,valid,0,0.33479366
4943,valid,0,0.010230648
10895,valid,0,0.74080193
2311,valid,0,0.5813033
3738,valid,0,0.010342102
6412,valid,0,0.010342102
5024,valid,0,0.7954054
2866,valid,0,0.008465956
6256,valid,0,0.018910214
10610,valid,0,0.008453257
2599,valid,0,0.018910214
6875,valid,0,0.6801409
10960,valid,0,0.009526332
561,valid,0,0.009526332
5112,valid,0,0.017689597
74,valid,0,0.7365272
3321,valid,0,0.6193794
1288,valid,0,0.010342102
1277,valid,0,0.6073342
10105,valid,0,0.008129098
9184,valid,0,0.011106055
726,valid,0,0.009092595
11068,valid,0,0.008453257
535,valid,0,0.009526332
8208,valid,0,0.015223909
462,valid,0,0.010230648
1012,valid,0,0.009526332
7641,valid,0,0.25529984
140,valid,0,0.018910214
8195,valid,0,0.51107347
4752,valid,0,0.01037492
3956,valid,0,0.02499081
9128,valid,0,0.029761842
8850,valid,0,0.009526332
8166,valid,0,0.018910214
6900,valid,0,0.37848738
1632,valid,0,0.009526332
2309,valid,0,0.6766913
3325,valid,0,0.009526332
4932,valid,0,0.016955456
11073,valid,0,0.55866754
2702,valid,0,0.009526332
5041,valid,0,0.009556587
9115,valid,0,0.009526332
2495,valid,0,0.42151046
5389,valid,0,0.009526332
5390,valid,0,0.009476157
5641,valid,0,0.009526332
7789,valid,0,0.012034086
657,valid,0,0.09751775
591,valid,0,0.66475624
2959,valid,0,0.018910214
25,valid,0,0.008782031
9979,valid,0,0.70902526
5716,valid,0,0.009872605
5148,valid,0,0.83856136
5233,valid,0,0.5561948
9005,valid,0,0.010901993
44,valid,0,0.00825973
6881,valid,0,0.01238049
3723,valid,0,0.5077223
7618,valid,0,0.008453257
9998,valid,0,0.011727318
8430,valid,0,0.008465956
10091,valid,0,0.010230648
727,valid,0,0.34876034
9193,valid,0,0.009526332
4757,valid,0,0.3664812
8424,valid,0,0.010586834
5006,valid,0,0.007814173
1947,valid,0,0.011106055
6054,valid,0,0.010342102
1015,valid,0,0.009526332
6824,valid,0,0.009526332
8838,valid,0,0.009526332
3725,valid,0,0.008465956
3820,valid,0,0.77424794
3833,valid,0,0.010230648
10389,valid,0,0.8206855
722,valid,0,0.07186725
8537,valid,0,0.009526332
5376,valid,0,0.008809943
7944,valid,0,0.71495825
1017,valid,0,0.009556587
8440,valid,0,0.018910214
5902,valid,0,0.7043461
9506,valid,0,0.40181583
2496,valid,0,0.8360202
10624,valid,0,0.7768715
10971,valid,0,0.009476157
9925,valid,0,0.00847403
1797,valid,0,0.00847403
11085,valid,0,0.009526332
7564,valid,0,0.009526332
3982,valid,0,0.45772105
5930,valid,0,0.010342102
10504,valid,0,0.010342102
1928,valid,0,0.011727318
9027,valid,0,0.010342102
4849,valid,0,0.73195153
4514,valid,0,0.008622723
10583,valid,0,0.7233204
10618,valid,0,0.009526332
6060,valid,0,0.011368658
7964,valid,0,0.014852816
5912,valid,0,0.010230648
477,valid,0,0.6822922
6655,valid,0,0.41163215
5365,valid,0,0.011575934
7549,valid,0,0.800924
5936,valid,0,0.011647608
2793,valid,0,0.010155292
2064,valid,0,0.6598478
2788,valid,0,0.27589604
460,valid,0,0.010342102
3155,valid,0,0.010058506
4215,valid,0,0.03844555
8962,valid,0,0.009526332
6357,valid,0,0.009526332
5119,valid,0,0.77907515
7608,valid,0,0.64185786
4657,valid,0,0.009526332
3245,valid,0,0.008447172
6145,valid,0,0.75751626
3346,valid,0,0.3693283
10102,valid,0,0.010342102
4662,valid,0,0.009526332
3802,valid,0,0.64516824
8964,valid,0,0.010342102
1308,valid,0,0.009556587
7651,valid,0,0.008622723
715,valid,0,0.010342102
545,valid,0,0.008453257
2308,valid,0,0.7931208
8961,valid,0,0.009526332
6406,valid,0,0.009526332
3969,valid,0,0.8315167
6957,valid,0,0.008447172
5244,valid,0,0.009526332
9190,valid,0,0.63999814
3861,valid,0,0.009914437
6611,valid,0,0.011727318
6619,valid,0,0.008782031
8036,valid,0,0.021542706
10559,valid,0,0.014852816
9122,valid,0,0.013624103
9921,valid,0,0.8472218
5025,valid,0,0.01037492
5385,valid,0,0.009556587
6749,valid,0,0.7367183
8209,valid,0,0.8250477
8199,valid,0,0.011727318
11080,valid,0,0.0088591045
4848,valid,0,0.46366733
465,valid,0,0.010342102
5051,valid,0,0.009526332
1218,valid,0,0.009526332
6144,valid,0,0.009914437
4080,valid,0,0.019002337
3744,valid,0,0.0116697885
9788,valid,0,0.011647608
40,valid,0,0.011727318
6826,valid,0,0.011647608
2517,valid,0,0.51120764
8952,valid,0,0.009556587
1074,valid,0,0.009078965
7906,valid,0,0.8056441
5248,valid,0,0.009526332
1067,valid,0,0.011727318
7316,valid,0,0.30168733
9700,valid,0,0.009526332
2549,valid,0,0.6746378
1457,valid,0,0.018910214
3721,valid,0,0.009526332
4914,valid,0,0.010342102
207,valid,0,0.010342102
4861,valid,0,0.009526332
5150,valid,0,0.009526332
866,valid,0,0.018910214
7805,valid,0,0.009914437
5904,valid,0,0.2664924
10975,valid,0,0.014532125
1298,valid,0,0.5622292
441,valid,0,0.8449666
10116,valid,0,0.26226687
8140,valid,0,0.008809943
8317,valid,0,0.5907768
10959,valid,0,0.7634333
10433,valid,0,0.35506356
1076,valid,0,0.010342102
4950,valid,0,0.46197954
1313,valid,0,0.20643601
1303,valid,0,0.011647608
2700,valid,0,0.34770066
6288,valid,0,0.015327095
10956,valid,0,0.012034086
10511,valid,0,0.81793547
663,valid,0,0.009526332
8412,valid,0,0.009526332
2690,valid,0,0.013624103
2616,valid,0,0.008622723
3831,valid,0,0.018910214
8082,valid,0,0.010342102
4737,valid,0,0.4675455
4275,valid,0,0.01428235
5359,valid,0,0.011727318
999,valid,0,0.009556587
9981,valid,0,0.79170525
4273,valid,0,0.30291635
544,valid,0,0.010187523
601,valid,0,0.6182838
6941,valid,0,0.009526332
10096,valid,0,0.010342102
2783,valid,0,0.010342102
724,valid,0,0.69985014
7807,valid,0,0.009526332
1323,valid,0,0.018717717
3824,valid,0,0.009556587
4277,valid,0,0.01272653
6609,valid,0,0.009556587
4516,valid,0,0.010901993
3868,valid,0,0.4897662
8969,valid,0,0.009526332
10561,valid,0,0.0084251985
9192,valid,0,0.009526332
212,valid,0,0.016955456
4212,valid,0,0.016955456
6052,valid,0,0.009526332
8836,valid,0,0.009526332
2790,valid,0,0.0050891573
10279,valid,0,0.009526332
10907,valid,0,0.018910214
6789,valid,0,0.17277698
7808,valid,0,0.010187523
6413,valid,0,0.010342102
5362,valid,0,0.01286293
8851,valid,0,0.008782031
10957,valid,0,0.009526332
2697,valid,0,0.8239725
1503,valid,0,0.016978495
4899,valid,0,0.011637501
7948,valid,0,0.009526332
8427,valid,0,0.009526332
4220,valid,0,0.01037492
2321,valid,0,0.7368145
1275,valid,0,0.010230648
647,valid,0,0.009526332
3730,valid,0,0.63097024
8073,valid,0,0.011967603
6398,valid,0,0.009556587
1281,valid,0,0.009556587
1226,valid,0,0.010342102
1921,valid,0,0.009526332
365,valid,0,0.015290443
8438,valid,0,0.018910214
2777,valid,0,0.7142653
5016,valid,0,0.34288183
9961,valid,0,0.07198371
2533,valid,0,0.7188427
10082,valid,0,0.70416224
4722,valid,0,0.014276974
8134,valid,0,0.009526332
7310,valid,0,0.011727318
30,valid,0,0.5329002
9197,valid,0,0.7502187
4747,valid,0,0.008809943
10369,valid,0,0.68352664
7931,valid,0,0.009526332
5042,valid,0,0.009526332
8033,valid,0,0.009526332
8201,valid,0,0.009526332
770,valid,0,0.018910214
10662,valid,0,0.013292993
10949,valid,0,0.013292993
9708,valid,0,0.009526332
9419,valid,0,0.6440172
3329,valid,0,0.009526332
7782,valid,0,0.008457391
8204,valid,0,0.010034794
7715,valid,0,0.009526332
142,valid,0,0.77424806
1900,valid,0,0.69339556
5279,valid,0,0.01428235
6292,valid,0,0.010342102
10888,valid,0,0.010342102
3727,valid,0,0.009526332
4673,valid,0,0.7078182
1945,valid,0,0.3166544
5733,valid,0,0.01272653
5622,valid,0,0.010155292
3609,valid,0,0.010901993
4343,valid,0,0.7150733
7598,valid,0,0.5857376
723,valid,0,0.009526332
2638,valid,0,0.018910214
11071,valid,0,0.010342102
5392,valid,0,0.009526332
7606,valid,0,0.009526332
9033,valid,0,0.018910214
8155,valid,0,0.64424396
7960,valid,0,0.009526332
10263,valid,0,0.009556587
10088,valid,0,0.028246617
458,valid,0,0.3981742
6950,valid,0,0.01272653
3742,valid,0,0.009526332
5047,valid,0,0.009526332
7965,valid,0,0.010342102
1977,valid,0,0.016207913
8041,valid,0,0.016955456
6403,valid,0,0.7926247
10262,valid,0,0.7980176
2867,valid,0,0.009526332
6440,valid,0,0.010342102
4201,valid,0,0.035219967
10557,valid,0,0.009526332
7298,valid,0,0.018827276
4919,valid,0,0.009526332
7559,valid,0,0.010342102
10513,valid,0,0.010342102
5369,valid,0,0.013624103
8080,valid,0,0.011368658
5245,valid,0,0.010342102
7722,valid,0,0.010342102
3279,valid,0,0.80980915
9020,valid,0,0.009556587
1459,valid,0,0.015271982
4841,valid,0,0.009914437
6831,valid,0,0.009526332
3164,valid,0,0.011106055
10029,valid,0,0.018910214
2606,valid,0,0.018910214
9992,valid,0,0.74756384
1507,valid,0,0.67538524
7957,valid,0,0.009526332
1895,valid,0,0.013659289
4666,valid,0,0.009556587
532,valid,0,0.008622723
10080,valid,0,0.009526332
7681,valid,0,0.49348468
1278,valid,0,0.009526332
4218,valid,0,0.010342102
9422,valid,0,0.020695595
8853,valid,0,0.009526332
6956,valid,0,0.009526332
4758,valid,0,0.43126208
650,valid,0,0.010342102
10113,valid,0,0.014290985
8974,valid,0,0.009526332
6792,valid,0,0.876532
9113,valid,0,0.010342102
3170,valid,0,0.010586834
32,valid,0,0.65784377
1220,valid,0,0.009556587
7806,valid,0,0.010342102
7930,valid,0,0.011983253
5909,valid,0,0.009526332
7790,valid,0,0.018669078
6955,valid,0,0.009526332
7508,valid,0,0.018910214
3305,valid,0,0.80417186
10370,valid,0,0.009526332
4967,valid,0,0.7701143
5110,valid,0,0.54240376
7313,valid,0,0.009526332
10085,valid,0,0.009526332
8213,valid,0,0.018910214
10891,valid,0,0.25900722
4276,valid,0,0.009556587
42,valid,0,0.009526332
6059,valid,0,0.010342102
6259,valid,0,0.011943383
8954,valid,0,0.009526332
7506,valid,0,0.8245686
7800,valid,0,0.58374196
473,valid,0,0.010921101
6429,valid,0,0.009556587
33,valid,0,0.011106055
6784,valid,0,0.012915153
9454,valid,0,0.011727318
10657,valid,0,0.111461185
3399,valid,0,0.8046051
994,valid,0,0.008453257
222,valid,0,0.009526332
5391,valid,0,0.010342102
173,valid,0,0.48947233
9011,valid,0,0.6926977
8972,valid,0,0.01037492
6809,valid,0,0.010342102
7646,valid,0,0.68480784
10954,valid,0,0.7397348
5917,valid,0,0.011727318
8541,valid,0,0.711582
7603,valid,0,0.009526332
6817,valid,0,0.80302715
8196,valid,0,0.010342102
10958,valid,0,0.26113856
1212,valid,0,0.009526332
7974,valid,0,0.01037492
2588,valid,0,0.01037492
4289,valid,0,0.009526332
2316,valid,0,0.009526332
3166,valid,0,0.011693103
4936,valid,0,0.856122
4282,valid,0,0.010230648
9186,valid,0,0.009526332
2799,valid,0,0.7280092
6624,valid,0,0.01272653
3168,valid,0,0.009365927
780,valid,0,0.21992297
8075,valid,0,0.009526332
10072,valid,0,0.010342102
3169,valid,0,0.5134734
558,valid,0,0.009556587
2802,valid,0,0.012419697
4751,valid,0,0.009526332
4674,valid,0,0.008622723
6430,valid,0,0.009365927
7959,valid,0,0.009526332
5626,valid,0,0.6266005
5039,valid,0,0.5587198
6294,valid,0,0.57502526
4920,valid,0,0.0116697885
3584,valid,0,0.3944268
777,valid,0,0.023834461
4724,valid,0,0.8102417
5397,valid,0,0.009526332
5919,valid,0,0.011727318
2325,valid,0,0.011727318
5236,valid,0,0.7096496
5625,valid,0,0.009526332
3829,valid,0,0.7546689
6659,valid,0,0.00847403
6280,valid,0,0.016342519
568,valid,0,0.020024883
9633,valid,0,0.016654525
6618,valid,0,0.010155292
7612,valid,0,0.010342102
5127,valid,0,0.010901993
216,valid,0,0.49163255
8311,valid,0,0.010901993
7954,valid,0,0.5307901
3977,valid,0,0.65250826
5253,valid,0,0.011727318
7910,valid,0,0.3587851
1976,valid,0,0.7901935
36,valid,0,0.011281966
7795,valid,0,0.009526332
5158,valid,0,0.009526332
6360,valid,0,0.009526332
1920,valid,0,0.6149823
9798,valid,0,0.008782031
417,valid,0,0.018910214
7147,valid,0,0.018911771
4369,valid,0,0.020774858
1321,valid,0,0.009526332
9966,valid,0,0.009526332
4939,valid,0,0.009526332
10873,valid,0,0.00989257
4227,valid,0,0.009526332
5128,valid,0,0.018910214
10073,valid,0,0.011727318
3731,valid,0,0.71724176
5628,valid,0,0.012565209
8144,valid,0,0.009526332
11077,valid,0,0.6694819
6364,valid,0,0.7304738
4834,valid,0,0.011727318
2784,valid,0,0.009526332
9187,valid,0,0.0111664785
9642,valid,0,0.018176276
10965,valid,0,0.71981823
8024,valid,0,0.009526332
9116,valid,0,0.009526332
10098,valid,0,0.69506323
4893,valid,0,0.013491142
9696,valid,0,0.010230648
1062,valid,0,0.7328805
10892,valid,0,0.018343208
5256,valid,0,0.010475549
7615,valid,0,0.5428581
8772,valid,0,0.020774858
594,valid,0,0.020774858
5753,valid,0,0.009304244
5388,valid,0,0.009296561
1209,valid,0,0.009526332
3333,valid,0,0.64625156
2073,valid,0,0.020774858
1916,valid,0,0.009526332
4071,valid,0,0.010475549
4068,valid,0,0.8700001
9129,valid,0,0.12852822
2547,valid,0,0.018910214
4999,valid,0,0.016694127
46,valid,0,0.009526332
3312,valid,0,0.010901993
6066,valid,0,0.8282918
8949,valid,0,0.012120809
954,valid,0,0.018910214
6864,valid,0,0.016654525
349,valid,0,0.31258613
9999,valid,0,0.008622723
10093,valid,0,0.0093338005
5885,valid,0,0.8124533
592,valid,0,0.018910214
1215,valid,0,0.009556587
3986,valid,0,0.8042381
4926,valid,0,0.01037492
1007,valid,0,0.009526332
779,valid,0,0.015068679
8068,valid,0,0.012892996
718,valid,0,0.012892996
1458,valid,0,0.043141626
3585,valid,0,0.012870447
2624,valid,0,0.014287823
3818,valid,0,0.018176276
1473,valid,0,0.6969274
10268,valid,0,0.009526332
3873,valid,0,0.24047123
5364,valid,0,0.011727318
7949,valid,0,0.24300589
2323,valid,0,0.655126
8029,valid,0,0.82602066
6132,valid,0,0.012276924
11076,valid,0,0.23928995
5870,valid,0,0.010901993
9651,valid,0,0.7253915
5055,valid,0,0.013181895
4065,valid,0,0.010508787
8428,valid,0,0.011727318
10250,valid,0,0.018176276
2339,valid,0,0.012565209
6958,valid,0,0.78009063
10110,valid,0,0.010342102
2175,valid,0,0.867147
1029,valid,0,0.009526332
6065,valid,0,0.010230648
4464,valid,0,0.020774858
3708,valid,0,0.018910214
10661,valid,0,0.019970018
5752,valid,0,0.01830089
1935,valid,0,0.009526332
5886,valid,0,0.008782031
1210,valid,0,0.2980568
8425,valid,0,0.85309494
6246,valid,0,0.13575599
7140,valid,0,0.010614094
8419,valid,0,0.010342102
7553,valid,0,0.010230648
1925,valid,0,0.013491142
8185,valid,0,0.013388805
4672,valid,0,0.013388805
6814,valid,0,0.010342102
11063,valid,0,0.009526332
2857,valid,0,0.009526332
10106,valid,0,0.008453257
3163,valid,0,0.009526332
9415,valid,0,0.8758198
1944,valid,0,0.008453257
2950,valid,0,0.01535769
10556,valid,0,0.009556587
331,valid,0,0.020774858
678,valid,0,0.018910214
1633,valid,0,0.011123833
6279,valid,0,0.018910214
10074,valid,0,0.009526332
9021,valid,0,0.012892996
2313,valid,0,0.7352912
576,valid,0,0.7649681
4963,valid,0,0.020774858
9179,valid,0,0.4411165
1306,valid,0,0.009526332
5726,valid,0,0.016338257
205,valid,0,0.009365927
2244,valid,0,0.012843697
10385,valid,0,0.013181895
6614,valid,0,0.009556587
8315,valid,0,0.08979818
10627,valid,0,0.012892996
5020,valid,0,0.7260433
3407,valid,0,0.61428416
4742,valid,0,0.7666049
7724,valid,0,0.0113201775
7901,valid,0,0.01913327
9976,valid,0,0.78158295
8845,valid,0,0.009526332
537,valid,0,0.010475549
8998,valid,0,0.020774858
4844,valid,0,0.5937347
9039,valid,0,0.010230648
5246,valid,0,0.020925587
8551,valid,0,0.012276924
782,valid,0,0.016417155
5375,valid,0,0.010155292
771,valid,0,0.016654525
4079,valid,0,0.010475549
1199,valid,0,0.748711
6871,valid,0,0.60382307
6425,valid,0,0.79040456
6251,valid,0,0.018910214
3720,valid,0,0.010342102
9014,valid,0,0.01198663
5634,valid,0,0.017963871
672,valid,0,0.8588663
4655,valid,0,0.74206555
9702,valid,0,0.6749423
6833,valid,0,0.27910054
3614,valid,0,0.024892645
4836,valid,0,0.012276924
6868,valid,0,0.020774858
21,valid,0,0.8683424
454,valid,0,0.56386447
9698,valid,0,0.28694052
5040,valid,0,0.013798142
3985,valid,0,0.013975554
8067,valid,0,0.015523587
7599,valid,0,0.7200119
9040,valid,0,0.6943057
5721,valid,0,0.86325794
9471,valid,0,0.010058297
5393,valid,0,0.010058297
438,valid,0,0.23828413
3272,valid,0,0.01202848
7936,valid,0,0.16355613
339,valid,0,0.020842949
371,valid,0,0.37245366
8421,valid,0,0.009378992
9636,valid,0,0.009378992
7803,valid,0,0.030385394
8966,valid,0,0.0678146
164,valid,0,0.049664102
8778,valid,0,0.17810796
5162,valid,0,0.28196326
5926,valid,0,0.115260445
5838,valid,0,0.010686798
677,valid,0,0.08717798
9647,valid,0,0.13891785
4294,valid,0,0.13844761
5109,valid,0,0.058055602
9990,valid,0,0.084759645
8028,valid,0,0.008188413
3706,valid,0,0.010040655
2621,valid,0,0.010058297
213,valid,0,0.13331425
1170,valid,0,0.117844805
10501,valid,0,0.2793306
5243,valid,0,0.115803435
6137,valid,0,0.05489022
4515,valid,0,0.011370003
5469,valid,0,0.010058297
2231,valid,0,0.17942551
10253,valid,0,0.16340147
6893,valid,0,0.010058297
352,valid,0,0.10778776
7644,valid,0,0.31732082
6869,valid,0,0.053485334
340,valid,0,0.32749885
3415,valid,0,0.009746666
2066,valid,0,0.119836435
2629,valid,0,0.02041417
8435,valid,0,0.21594775
8219,valid,0,0.12348284
7137,valid,0,0.07643356
4352,valid,0,0.27877322
2070,valid,0,0.27603394
6651,valid,0,0.13730335
3242,valid,0,0.281655
3274,valid,0,0.11665285
9929,valid,0,0.22790755
5858,valid,0,0.008879967
1224,valid,0,0.060162026
1504,valid,0,0.008694358
4912,valid,0,0.097160734
7937,valid,0,0.0069899736
3264,valid,0,0.008709655
2807,valid,0,0.20228659
667,valid,0,0.12059443
3313,valid,0,0.19650134
590,valid,0,0.11078835
2596,valid,0,0.21109475
9641,valid,0,0.22676106
337,valid,0,0.11328801
3952,valid,0,0.15286316
9018,valid,0,0.061017595
1894,valid,0,0.013543981
6253,valid,0,0.24375565
6759,valid,0,0.008174024
9801,valid,0,0.008174024
4070,valid,0,0.008174024
5002,valid,0,0.008174024
8212,valid,0,0.40066504
3301,valid,0,0.010409307
3821,valid,0,0.1621637
540,valid,0,0.2293065
148,valid,0,0.041103873
3358,valid,0,0.10130667
8173,valid,0,0.03989312
3960,valid,0,0.12593919
8596,valid,0,0.26776242
6758,valid,0,0.2471075
1214,valid,0,0.18538098
6834,valid,0,0.013784404
6760,valid,0,0.2835607
4993,valid,0,0.14677754
10620,valid,0,0.25726274
10101,valid,0,0.14562741
3815,valid,0,0.30542898
2991,valid,0,0.008188413
1979,valid,0,0.008188413
6290,valid,0,0.27589756
6770,valid,0,0.008188413
7784,valid,0,0.09228244
3619,valid,0,0.2642772
563,valid,0,0.008188413
4850,valid,0,0.016866084
439,valid,0,0.04221296
5640,valid,0,0.022076359
2180,valid,0,0.008188413
5144,valid,0,0.31676188
9988,valid,0,0.008188413
3713,valid,0,0.16070238
3580,valid,0,0.09858488
7305,valid,0,0.10502736
3625,valid,0,0.30034623
4281,valid,0,0.115570255
9201,valid,0,0.019064961
3429,valid,0,0.009265089
3846,valid,0,0.014014626
7844,valid,0,0.0091783
5878,valid,0,0.26408535
6620,valid,0,0.009046924
8603,valid,0,0.0091783
547,valid,0,0.009046924
4839,valid,0,0.009046924
10374,valid,0,0.015180834
10631,valid,0,0.24237986
552,valid,0,0.16563056
719,valid,0,0.009499872
5872,valid,0,0.011727975
7552,valid,0,0.009499872
8953,valid,0,0.20388843
7902,valid,0,0.017893463
1205,valid,0,0.009046924
7306,valid,0,0.009046924
7946,valid,0,0.015180834
3841,valid,0,0.019539481
9927,valid,0,0.013542324
7939,valid,0,0.081529535
2336,valid,0,0.017252177
10889,valid,0,0.22029366
4511,valid,0,0.012500378
8190,valid,0,0.013707104
4230,valid,0,0.19539271
9411,valid,0,0.1237259
10273,valid,0,0.10556
2514,valid,0,0.0121523775
3819,valid,0,0.008545806
174,valid,0,0.0091783
5472,valid,0,0.3167824
10388,valid,0,0.012500378
968,valid,0,0.013542324
4944,valid,0,0.009365733
559,valid,0,0.21271715
1972,valid,0,0.007200759
5027,valid,0,0.007200759
3315,valid,0,0.08161773
1911,valid,0,0.06658648
1917,valid,0,0.023132594
6436,valid,0,0.2021089
2825,valid,0,0.1093761
4658,valid,0,0.025471019
10259,valid,0,0.014130204
6396,valid,0,0.009046924
9914,valid,0,0.009046924
7610,valid,0,0.028135706
6756,valid,0,0.010921715
4073,valid,0,0.19541949
863,valid,0,0.012114005
404,valid,0,0.013784404
7850,valid,0,0.010722611
5846,valid,0,0.0091783
10894,valid,0,0.011372083
10031,valid,0,0.009046924
9462,valid,0,0.32753077
1906,valid,0,0.0127648655
2515,valid,0,0.008545806
7654,valid,0,0.10104458
3501,valid,0,0.008545806
3995,valid,0,0.017763367
414,valid,0,0.011653373
5017,valid,0,0.009046924
4921,valid,0,0.010082012
6285,valid,0,0.01869098
9794,valid,0,0.01869098
2778,valid,0,0.014014626
10580,valid,0,0.008545806
8556,valid,0,0.008675223
1946,valid,0,0.009046924
3176,valid,0,0.009046924
7929,valid,0,0.009499872
1169,valid,0,0.008545806
9789,valid,0,0.08011406
6807,valid,0,0.17165247
8072,valid,0,0.1143298
5856,valid,0,0.009378992
995,valid,0,0.009378992
5732,valid,0,0.009046924
500,valid,0,0.0091783
9478,valid,0,0.0117185945
1638,valid,0,0.0117185945
1010,valid,0,0.009046924
1332,valid,0,0.009046924
1462,valid,0,0.015045738
3238,valid,0,0.013708575
8411,valid,0,0.018068112
38,valid,0,0.009499872
77,valid,0,0.009499872
769,valid,0,0.26637235
357,valid,0,0.1763669
9196,valid,0,0.009046924
2863,valid,0,0.009046924
1228,valid,0,0.2356259
144,valid,0,0.093718536
498,valid,0,0.2722876
4933,valid,0,0.009046924
2957,valid,0,0.1875335
9181,valid,0,0.008211972
83,valid,0,0.0144763775
7296,valid,0,0.045971926
2326,valid,0,0.18931167
8548,valid,0,0.069148496
562,valid,0,0.11237479
5925,valid,0,0.085587695
9632,valid,0,0.18265064
642,valid,0,0.016058052
1221,valid,0,0.009046924
1201,valid,0,0.013131135
5023,valid,0,0.1237005
5874,valid,0,0.008057143
3246,valid,0,0.2588464
3161,valid,0,0.05335913
6874,valid,0,0.13126525
7604,valid,0,0.009046924
3991,valid,0,0.007200759
5018,valid,0,0.009046924
10115,valid,0,0.37580648
11064,valid,0,0.078865536
6439,valid,0,0.010202253
9511,valid,0,0.05796735
4204,valid,0,0.0066836257
2805,valid,0,0.113750376
9499,valid,0,0.119156145
220,valid,0,0.06501362
4287,valid,0,0.044492655
3587,valid,0,0.123471744
3320,valid,0,0.10943403
9968,valid,0,0.3084627
6788,valid,0,0.17499182
10506,valid,0,0.020437058
2862,valid,0,0.18283992
2185,valid,0,0.012481916
9922,valid,0,0.010921715
3607,valid,0,0.0965459
5229,valid,0,0.060511768
1807,valid,0,0.009046924
5756,valid,0,0.013421598
10376,valid,0,0.084448285
8168,valid,0,0.0105692865
6656,valid,0,0.0091783
4213,valid,0,0.009046924
6615,valid,0,0.14413428
3280,valid,0,0.2013881
8550,valid,0,0.05098584
151,valid,0,0.11287161
658,valid,0,0.4045952
1302,valid,0,0.05084016
5633,valid,0,0.15469024
2237,valid,0,0.25783405
9693,valid,0,0.013453142
9126,valid,0,0.15330166
8313,valid,0,0.24575572
2314,valid,0,0.033565786
656,valid,0,0.015180834
9983,valid,0,0.12759915
358,valid,0,0.107278526
5462,valid,0,0.10225985
2779,valid,0,0.010599528
1909,valid,0,0.0106631145
2954,valid,0,0.5061167
8039,valid,0,0.6078356
7976,valid,0,0.045957103
6644,valid,0,0.011337653
5363,valid,0,0.024078533
2176,valid,0,0.015197139
2831,valid,0,0.37652972
5036,valid,0,0.009537767
6047,valid,0,0.22004448
8162,valid,0,0.010408407
3994,valid,0,0.010408407
10432,valid,0,0.25600234
8206,valid,0,0.009537767
4228,valid,0,0.026744312
4990,valid,0,0.43633235
10575,valid,0,0.008675223
10947,valid,0,0.31138197
1006,valid,0,0.00878517
2331,valid,0,0.00878517
1637,valid,0,0.009537767
9970,valid,0,0.009537767
4909,valid,0,0.009537767
10616,valid,0,0.009146085
1314,valid,0,0.02466265
5637,valid,0,0.009537767
5155,valid,0,0.016914953
3330,valid,0,0.010015041
4354,valid,0,0.011387393
3724,valid,0,0.009537767
6286,valid,0,0.6354396
1203,valid,0,0.009537767
9461,valid,0,0.008205555
6832,valid,0,0.010015041
1174,valid,0,0.008179542
7561,valid,0,0.009537767
4509,valid,0,0.5897505
6423,valid,0,0.009537767
10952,valid,0,0.010015041
6946,valid,0,0.009537767
6410,valid,0,0.009537767
8308,valid,0,0.24815148
5921,valid,0,0.014826759
8960,valid,0,0.20806408
470,valid,0,0.010015041
7967,valid,0,0.009537767
871,valid,0,0.34054068
1075,valid,0,0.010408407
2181,valid,0,0.010408407
5107,valid,0,0.008529434
2800,valid,0,0.009957847
10573,valid,0,0.010015041
1929,valid,0,0.010015041
9118,valid,0,0.009146085
1635,valid,0,0.025722908
47,valid,0,0.621955
6255,valid,0,0.61177266
1028,valid,0,0.6077503
9797,valid,0,0.009537767
949,valid,0,0.4861465
6606,valid,0,0.009537767
8135,valid,0,0.0058283806
6945,valid,0,0.009873588
950,valid,0,0.6631341
1031,valid,0,0.008633083
1282,valid,0,0.009537767
10619,valid,0,0.008205555
4061,valid,0,0.009537767
1791,valid,0,0.009568058
5294,valid,0,0.010015041
5145,valid,0,0.29388547
34,valid,0,0.010015041
476,valid,0,0.00919531
6811,valid,0,0.009537767
9479,valid,0,0.013887136
7133,valid,0,0.016520226
6148,valid,0,0.010015041
1025,valid,0,0.34441552
1634,valid,0,0.009537767
1002,valid,0,0.48429415
348,valid,0,0.0125124045
5731,valid,0,0.5549617
4089,valid,0,0.06512855
997,valid,0,0.009537767
7303,valid,0,0.010046832
6049,valid,0,0.0115898
6891,valid,0,0.41066054
1019,valid,0,0.06080651
1172,valid,0,0.045169156
1322,valid,0,0.010015041
8598,valid,0,0.4220942
6949,valid,0,0.010046832
8842,valid,0,0.009537767
10948,valid,0,0.009537767
10622,valid,0,0.010015041
4512,valid,0,0.010015041
2856,valid,0,0.012741757
9200,valid,0,0.008633083
2509,valid,0,0.016961226
5759,valid,0,0.008205555
10566,valid,0,0.038739882
4845,valid,0,0.010599528
7494,valid,0,0.44093958
3578,valid,0,0.012934382
7938,valid,0,0.18030258
4521,valid,0,0.3403349
735,valid,0,0.12723239
10393,valid,0,0.010408407
781,valid,0,0.0130851185
3843,valid,0,0.5230933
5283,valid,0,0.010015041
8955,valid,0,0.14076342
555,valid,0,0.63799137
5368,valid,0,0.01024292
2319,valid,0,0.079260126
5922,valid,0,0.009537767
3746,valid,0,0.53564054
5911,valid,0,0.26045698
7725,valid,0,0.36041453
162,valid,0,0.008633083
4207,valid,0,0.20351294
10878,valid,0,0.60649407
10076,valid,0,0.010046832
5730,valid,0,0.19402306
10621,valid,0,0.009568058
9026,valid,0,0.010408407
1068,valid,0,0.010046832
5630,valid,0,0.009537767
1941,valid,0,0.251119
2795,valid,0,0.5820926
3334,valid,0,0.009537767
4210,valid,0,0.009537767
1467,valid,0,0.2469806
5933,valid,0,0.47922105
8559,valid,0,0.010015041
4283,valid,0,0.009537767
5044,valid,0,0.009568058
875,valid,0,0.010015041
5386,valid,0,0.010015041
166,valid,0,0.43278247
1207,valid,0,0.009537767
2619,valid,0,0.009537767
6753,valid,0,0.5523271
5147,valid,0,0.009537767
3858,valid,0,0.17907967
8026,valid,0,0.016383357
2322,valid,0,0.33699706
5621,valid,0,0.009568058
9188,valid,0,0.009537767
5038,valid,0,0.009537767
10275,valid,0,0.59497607
10069,valid,0,0.009568058
714,valid,0,0.009537767
7799,valid,0,0.024632487
5720,valid,0,0.009537767
5644,valid,0,0.01487055
6628,valid,0,0.32657227
10571,valid,0,0.009537767
10567,valid,0,0.015076238
4221,valid,0,0.610846
730,valid,0,0.008633083
3703,valid,0,0.008633083
996,valid,0,0.07825065
5884,valid,0,0.010015041
5464,valid,0,0.010015041
10972,valid,0,0.009873588
1937,valid,0,0.017363766
10665,valid,0,0.5576516
3980,valid,0,0.010015041
7314,valid,0,0.009537767
9025,valid,0,0.7470452
7611,valid,0,0.010015041
4832,valid,0,0.6431275
7845,valid,0,0.014242791
158,valid,0,0.00891002
10377,valid,0,0.009537767
1023,valid,0,0.022157872
9127,valid,0,0.009568058
1032,valid,0,0.008869746
1211,valid,0,0.01599982
9703,valid,0,0.009537767
5623,valid,0,0.010046832
10128,valid,0,0.010046832
4729,valid,0,0.009537767
1915,valid,0,0.009873588
4225,valid,0,0.009537767
3174,valid,0,0.009537767
1796,valid,0,0.010015041
1283,valid,0,0.009537767
9030,valid,0,0.010015041
10869,valid,0,0.6969241
9697,valid,0,0.77629846
146,valid,0,0.008633083
7567,valid,0,0.013908231
1317,valid,0,0.009537767
10114,valid,0,0.73154455
4075,valid,0,0.009537767
10579,valid,0,0.009873588
336,valid,0,0.009537767
10381,valid,0,0.009537767
5908,valid,0,0.010015041
5252,valid,0,0.0106631145
8956,valid,0,0.6972334
1289,valid,0,0.009537767
8211,valid,0,0.5988544
2174,valid,0,0.6533529
9706,valid,0,0.23882775
581,valid,0,0.3254921
7136,valid,0,0.64503366
10883,valid,0,0.009537767
1640,valid,0,0.009526332
2613,valid,0,0.19801961
2852,valid,0,0.009526332
8042,valid,0,0.012048494
1227,valid,0,0.009537767
5724,valid,0,0.01000304
3747,valid,0,0.010650345
2689,valid,0,0.009526332
6418,valid,0,0.009526332
7556,valid,0,0.01000304
966,valid,0,0.01000304
8034,valid,0,0.009610751
1931,valid,0,0.009537767
7620,valid,0,0.009537767
5383,valid,0,0.53540945
3823,valid,0,0.008453257
7945,valid,0,0.009526332
7713,valid,0,0.009537767
5258,valid,0,0.11300287
5161,valid,0,0.024747552
9974,valid,0,0.016955456
4214,valid,0,0.01000304
6438,valid,0,0.016402671
10380,valid,0,0.69254893
1803,valid,0,0.008782031
5049,valid,0,0.47202477
147,valid,0,0.795146
3866,valid,0,0.010650345
3976,valid,0,0.009526332
501,valid,0,0.49345502
5151,valid,0,0.009652413
2792,valid,0,0.009537767
10613,valid,0,0.01000304
1926,valid,0,0.02895217
8030,valid,0,0.010015041
1470,valid,0,0.013827215
1080,valid,0,0.01000304
406,valid,0,0.6069369
1027,valid,0,0.6536618
2059,valid,0,0.02658481
3307,valid,0,0.83513737
1973,valid,0,0.22123137
9704,valid,0,0.66321087
8443,valid,0,0.030040832
3988,valid,0,0.008453257
1295,valid,0,0.009526332
4522,valid,0,0.38556722
5291,valid,0,0.011436805
7601,valid,0,0.6883546
5284,valid,0,0.01000304
10558,valid,0,0.008453257
1912,valid,0,0.009526332
3323,valid,0,0.017343113
2600,valid,0,0.013777632
5642,valid,0,0.010230648
8200,valid,0,0.009526332
5631,valid,0,0.37205243
3589,valid,0,0.5824394
8431,valid,0,0.008774629
6397,valid,0,0.009526332
580,valid,0,0.020939887
7973,valid,0,0.01985349
10435,valid,0,0.50120205
4931,valid,0,0.009556587
5889,valid,0,0.17436658
1918,valid,0,0.009526332
2951,valid,0,0.011436805
3834,valid,0,0.011436805
152,valid,0,0.7488063
10950,valid,0,0.008453257
7675,valid,0,0.013810709
6892,valid,0,0.008774629
10885,valid,0,0.009526332
3709,valid,0,0.020844165
2687,valid,0,0.009556587
10394,valid,0,0.009526332
3348,valid,0,0.029227925
6819,valid,0,0.61687326
4454,valid,0,0.8108996
2499,valid,0,0.00864898
7301,valid,0,0.008782031
9646,valid,0,0.4488796
7971,valid,0,0.009526332
1286,valid,0,0.0155568905
10387,valid,0,0.009526332
1291,valid,0,0.009526332
3175,valid,0,0.6819115
6051,valid,0,0.009526332
2628,valid,0,0.008622723
466,valid,0,0.009526332
3409,valid,0,0.44961447
4842,valid,0,0.021984821
659,valid,0,0.6748855
550,valid,0,0.76646
4840,valid,0,0.105386585
22,valid,0,0.013810709
8032,valid,0,0.009526332
6828,valid,0,0.009351065
10081,valid,0,0.010391467
3403,valid,0,0.38919163
2304,valid,0,0.009861754
9443,valid,0,0.56719303
4286,valid,0,0.009526332
4918,valid,0,0.01000304
3743,valid,0,0.009526332
9931,valid,0,0.008622723
1333,valid,0,0.01000304
8852,valid,0,0.008453257
1329,valid,0,0.009861754
5734,valid,0,0.009526332
1073,valid,0,0.009526332
5122,valid,0,0.7014
4735,valid,0,0.009526332
6883,valid,0,0.010650345
1011,valid,0,0.010650345
5160,valid,0,0.009526332
1785,valid,0,0.009526332
5918,valid,0,0.013292993
1511,valid,0,0.013292993
4992,valid,0,0.0247828
6747,valid,0,0.009526332
1300,valid,0,0.009526332
9971,valid,0,0.009526332
10668,valid,0,0.5589392
10095,valid,0,0.009526332
3996,valid,0,0.7424061
5893,valid,0,0.009526332
10281,valid,0,0.5418589
6411,valid,0,0.012034086
664,valid,0,0.49665305
5033,valid,0,0.0065149367
4741,valid,0,0.01000304
2639,valid,0,0.014773701
9639,valid,0,0.80921364
5584,valid,0,0.012110056
3842,valid,0,0.012110056
6402,valid,0,0.014827044
2589,valid,0,0.04782494
7569,valid,0,0.019217072
3857,valid,0,0.011727318
8538,valid,0,0.011727318
3430,valid,0,0.014791577
10261,valid,0,0.28624794
4965,valid,0,0.016467627
6835,valid,0,0.011727318
10970,valid,0,0.23157924
8970,valid,0,0.016955456
7560,valid,0,0.009526332
5043,valid,0,0.009526332
3332,valid,0,0.010034794
4953,valid,0,0.6216122
9019,valid,0,0.017343113
10967,valid,0,0.009526332
4000,valid,0,0.036727034
5285,valid,0,0.01000304
4671,valid,0,0.009526332
5910,valid,0,0.01000304
1299,valid,0,0.01000304
2813,valid,0,0.01000304
7716,valid,0,0.008782031
5898,valid,0,0.21942534
8951,valid,0,0.009526332
9029,valid,0,0.01000304
3624,valid,0,0.7347608
5249,valid,0,0.009526332
7962,valid,0,0.009861754
9709,valid,0,0.009526332
23,valid,0,0.009526332
9119,valid,0,0.009861754
3805,valid,0,0.008774629
4661,valid,0,0.01000304
5019,valid,0,0.009526332
5011,valid,0,0.33897114
9791,valid,0,0.009526332
8542,valid,0,0.009526332
472,valid,0,0.009556587
7846,valid,0,0.010265123
8834,valid,0,0.010906344
9420,valid,0,0.62311184
4078,valid,0,0.009526332
9024,valid,0,0.009526332
3432,valid,0,0.014791577
1629,valid,0,0.009526332
2998,valid,0,0.009526332
3177,valid,0,0.01000304
2605,valid,0,0.016694127
4958,valid,0,0.016207913
5259,valid,0,0.01000304
2694,valid,0,0.024860293
729,valid,0,0.01000304
10103,valid,0,0.0116697885
732,valid,0,0.009526332
2789,valid,0,0.016955456
1934,valid,0,0.009526332
5876,valid,0,0.019867362
10371,valid,0,0.01000304
7562,valid,0,0.009526332
10277,valid,0,0.009526332
3852,valid,0,0.45864922
2183,valid,0,0.7751841
4915,valid,0,0.009556587
10002,valid,0,0.012076571
6952,valid,0,0.64484775
5907,valid,0,0.01000304
4077,valid,0,0.008195705
9638,valid,0,0.32169187
2602,valid,0,0.023200188
10875,valid,0,0.01000304
9445,valid,0,0.61811006
1297,valid,0,0.15462475
1013,valid,0,0.011727318
8309,valid,0,0.013821202
725,valid,0,0.49446812
4913,valid,0,0.009861754
3739,valid,0,0.01000304
5014,valid,0,0.21192749
662,valid,0,0.7398679
9034,valid,0,0.01000304
4853,valid,0,0.009526332
2177,valid,0,0.020939887
6135,valid,0,0.009556587
2230,valid,0,0.014827044
4510,valid,0,0.6813939
6799,valid,0,0.6338673
10905,valid,0,0.014827044
6793,valid,0,0.24055617
1325,valid,0,0.009526332
7139,valid,0,0.8454218
8837,valid,0,0.016955456
7943,valid,0,0.011727318
1307,valid,0,0.009526332
958,valid,0,0.008774629
3862,valid,0,0.009526332
546,valid,0,0.009526332
3491,valid,0,0.40654603
4668,valid,0,0.6288149
5380,valid,0,0.009526332
2302,valid,0,0.010650345
474,valid,0,0.022007931
10633,valid,0,0.009526332
10507,valid,0,0.008195705
10505,valid,0,0.0068834582
10272,valid,0,0.4061492
10565,valid,0,0.7399969
5028,valid,0,0.009526332
3401,valid,0,0.7941921
10278,valid,0,0.010650345
10438,valid,0,0.45912397
3318,valid,0,0.8237953
7956,valid,0,0.009526332
9413,valid,0,0.009526332
8413,valid,0,0.008782031
6889,valid,0,0.00928904
5613,valid,0,0.01000304
7718,valid,0,0.39178634
3836,valid,0,0.010424441
6804,valid,0,0.5704187
5154,valid,0,0.010034794
10964,valid,0,0.06021544
6954,valid,0,0.01000304
8418,valid,0,0.009526332
5296,valid,0,0.43820587
10131,valid,0,0.31952718
5935,valid,0,0.009526332
1908,valid,0,0.010742219
6795,valid,0,0.02658481
5618,valid,0,0.010230648
3736,valid,0,0.7316616
2781,valid,0,0.009861754
9425,valid,0,0.010901993
5891,valid,0,0.012160096
4517,valid,0,0.012160096
6146,valid,0,0.01000304
4937,valid,0,0.01000304
6872,valid,0,0.8550954
3263,valid,0,0.008622723
3998,valid,0,0.009058577
9482,valid,0,0.010034794
1079,valid,0,0.010034794
1787,valid,0,0.5271337
953,valid,0,0.014791577
8434,valid,0,0.50993735
5470,valid,0,0.6859104
9117,valid,0,0.009526332
9114,valid,0,0.009526332
7968,valid,0,0.009526332
363,valid,0,0.013777632
10874,valid,0,0.018198946
4665,valid,0,0.009526332
8069,valid,0,0.0071327393
5140,valid,0,0.46796596
5242,valid,0,0.009526332
80,valid,0,0.51318717
5226,valid,0,0.50442106
541,valid,0,0.59859306
1799,valid,0,0.01000304
6605,valid,0,0.01000304
9695,valid,0,0.6805341
4274,valid,0,0.049860317
728,valid,0,0.386281
7307,valid,0,0.66772926
8782,valid,0,0.008622723
5841,valid,0,0.062093474
5927,valid,0,0.64786714
11070,valid,0,0.009526332
2699,valid,0,0.48679143
5288,valid,0,0.6038661
459,valid,0,0.009526332
7972,valid,0,0.009526332
5149,valid,0,0.008622723
6361,valid,0,0.009526332
10562,valid,0,0.012563706
1330,valid,0,0.008622723
3856,valid,0,0.009526332
7721,valid,0,0.009526332
665,valid,0,0.45966193
2854,valid,0,0.6781354
2534,valid,0,0.017689597
653,valid,0,0.200595
6258,valid,0,0.0117488345
6608,valid,0,0.012041118
961,valid,0,0.7762978
5373,valid,0,0.01000304
1225,valid,0,0.82318276
1923,valid,0,0.010034794
3404,valid,0,0.010034794
733,valid,0,0.009526332
4922,valid,0,0.008453257
8781,valid,0,0.50145054
1030,valid,0,0.009526332
7312,valid,0,0.013854381
5035,valid,0,0.009526332
8031,valid,0,0.0247828
2801,valid,0,0.009526332
8543,valid,0,0.008782031
4851,valid,0,0.010742219
867,valid,0,0.5775149
5632,valid,0,0.010681582
3173,valid,0,0.01000304
3582,valid,0,0.008774629
3165,valid,0,0.009526332
8558,valid,0,0.009058577
2593,valid,0,0.20564951
1070,valid,0,0.008453257
6407,valid,0,0.009526332
2335,valid,0,0.5038357
6805,valid,0,0.008633234
8198,valid,0,0.008622723
5638,valid,0,0.57847285
10256,valid,0,0.73068
7639,valid,0,0.39058688
3871,valid,0,0.009526332
2688,valid,0,0.009526332
4908,valid,0,0.015133813
2510,valid,0,0.2232048
7952,valid,0,0.67267084
1643,valid,0,0.009526332
2952,valid,0,0.3597453
3251,valid,0,0.82823604
4291,valid,0,0.008169722
5585,valid,0,0.7647268
5360,valid,0,0.010230648
5929,valid,0,0.009526332
1319,valid,0,0.01000304
5398,valid,0,0.008998899
9965,valid,0,0.010586834
6898,valid,0,0.008774629
8839,valid,0,0.009526332
5022,valid,0,0.016955456
9124,valid,0,0.34823415
3992,valid,0,0.39312008
6820,valid,0,0.43713662
7621,valid,0,0.7910963
4733,valid,0,0.5367195
4831,valid,0,0.012034086
7794,valid,0,0.84324026
6130,valid,0,0.010230648
7977,valid,0,0.7217856
4750,valid,0,0.54845303
3845,valid,0,0.01000304
5401,valid,0,0.010586834
4344,valid,0,0.53673404
1786,valid,0,0.009526332
5877,valid,0,0.009526332
10572,valid,0,0.009526332
6421,valid,0,0.008453257
7796,valid,0,0.011727318
10265,valid,0,0.012491023
10276,valid,0,0.76551324
4456,valid,0,0.013854381
35,valid,0,0.009556587
7143,valid,0,0.018910214
2301,valid,0,0.7051283
5152,valid,0,0.009526332
4360,valid,0,0.80276424
9032,valid,0,0.01733183
6894,valid,0,0.22929542
538,valid,0,0.01000304
4856,valid,0,0.009526332
9195,valid,0,0.009526332
8947,valid,0,0.24806301
673,valid,0,0.008169722
5163,valid,0,0.7894324
4084,valid,0,0.01760312
8601,valid,0,0.01336755
10870,valid,0,0.009526332
9003,valid,0,0.6899882
9189,valid,0,0.29860556
6062,valid,0,0.009526332
3997,valid,0,0.009526332
8202,valid,0,0.009556587
5387,valid,0,0.6175785
8164,valid,0,0.7922658
1273,valid,0,0.01000304
8590,valid,0,0.008622723
7934,valid,0,0.729809
1219,valid,0,0.010230648
1305,valid,0,0.01000304
8779,valid,0,0.65203404
2591,valid,0,0.013292993
7787,valid,0,0.009556587
2317,valid,0,0.008453257
10634,valid,0,0.08968756
5399,valid,0,0.009526332
1294,valid,0,0.010034794
6053,valid,0,0.009526332
7294,valid,0,0.009526332
651,valid,0,0.009556587
6617,valid,0,0.012034086
6861,valid,0,0.008622723
8437,valid,0,0.61862683
7607,valid,0,0.009556587
2527,valid,0,0.013810709
7969,valid,0,0.009526332
644,valid,0,0.7399921
7940,valid,0,0.37137702
5372,valid,0,0.009526332
10879,valid,0,0.009861754
6781,valid,0,0.70270187
9694,valid,0,0.008809943
11072,valid,0,0.009526332
10378,valid,0,0.008169722
4941,valid,0,0.013810709
2630,valid,0,0.23319459
7614,valid,0,0.009526332
9017,valid,0,0.009556587
221,valid,0,0.009556587
1512,valid,0,0.72672987
10564,valid,0,0.009526332
8040,valid,0,0.009526332
4736,valid,0,0.5707441
8950,valid,0,0.008169722
6432,valid,0,0.71501464
10372,valid,0,0.01000304
6428,valid,0,0.013705421
3344,valid,0,0.012570411
3817,valid,0,0.7001752
5900,valid,0,0.009861754
1020,valid,0,0.009072434
4864,valid,0,0.55300325
5906,valid,0,0.28691247
5619,valid,0,0.016775515
10881,valid,0,0.016164903
4857,valid,0,0.37534735
8191,valid,0,0.008453257
4197,valid,0,0.63581663
5895,valid,0,0.009526332
6622,valid,0,0.49643037
8192,valid,0,0.012034086
11074,valid,0,0.009861754
8070,valid,0,0.78519994
4835,valid,0,0.51725394
4846,valid,0,0.72888327
1206,valid,0,0.010342102
6812,valid,0,0.009526332
3496,valid,0,0.75081426
10890,valid,0,0.37702483
9978,valid,0,0.018610515
7727,valid,0,0.01037492
8312,valid,0,0.01037492
6401,valid,0,0.016824285
3414,valid,0,0.014262862
5735,valid,0,0.009526332
3728,valid,0,0.011106055
10112,valid,0,0.01037492
962,valid,0,0.3378881
2543,valid,0,0.00847403
4652,valid,0,0.010230648
7723,valid,0,0.009526332
9919,valid,0,0.024944881
1641,valid,0,0.21223344
4660,valid,0,0.01037492
8074,valid,0,0.010230648
9784,valid,0,0.009526332
9028,valid,0,0.7364722
2300,valid,0,0.013624103
4945,valid,0,0.42275596
1171,valid,0,0.7818172
5030,valid,0,0.009526332
4373,valid,0,0.65892434
7619,valid,0,0.009556587
6367,valid,0,0.011347289
6623,valid,0,0.009526332
6625,valid,0,0.83443886
4743,valid,0,0.8093731
3355,valid,0,0.8046925
7299,valid,0,0.7646276
10667,valid,0,0.014852816
10976,valid,0,0.014852816
6750,valid,0,0.017125137
10267,valid,0,0.80250233
4934,valid,0,0.010342102
8422,valid,0,0.020226175
9007,valid,0,0.016694127
7609,valid,0,0.67592865
9037,valid,0,0.010342102
3428,valid,0,0.016342519
10266,valid,0,0.3273721
8599,valid,0,0.30211768
8547,valid,0,0.011106055
471,valid,0,0.35404313
5292,valid,0,0.07509742
6404,valid,0,0.009526332
8847,valid,0,0.010342102
3156,valid,0,0.84946656
2615,valid,0,0.02651532
10109,valid,0,0.009526332
10077,valid,0,0.008453257
6414,valid,0,0.011106055
10629,valid,0,0.009431843
4216,valid,0,0.010342102
5029,valid,0,0.009526332
6782,valid,0,0.009610751
720,valid,0,0.012601634
11066,valid,0,0.008622723
2816,valid,0,0.79024976
10515,valid,0,0.84566486
4285,valid,0,0.73977894
10100,valid,0,0.6964883
11075,valid,0,0.010342102
338,valid,0,0.010342102
9031,valid,0,0.009526332
6613,valid,0,0.26245147
1631,valid,0,0.010342102
4466,valid,0,0.0072763567
6140,valid,0,0.011727318
4465,valid,0,0.6761471
4290,valid,0,0.58624953
6951,valid,0,0.016955456
4903,valid,0,0.016342519
10026,valid,0,0.83270586
6612,valid,0,0.55594075
4833,valid,0,0.009861754
5255,valid,0,0.009526332
4667,valid,0,0.009556587
2614,valid,0,0.018910214
649,valid,0,0.010230648
2796,valid,0,0.011106055
6408,valid,0,0.37181038
783,valid,0,0.009992307
8420,valid,0,0.010230648
8785,valid,0,0.24522793
8071,valid,0,0.010342102
3612,valid,0,0.011980905
3732,valid,0,0.009526332
4076,valid,0,0.010342102
3844,valid,0,0.009526332
1222,valid,0,0.011727318
10084,valid,0,0.009526332
957,valid,0,0.009526332
7941,valid,0,0.015271982
8539,valid,0,0.011727318
5282,valid,0,0.01037492
5146,valid,0,0.31593895
143,valid,0,0.009556587
2791,valid,0,0.009556587
7300,valid,0,0.009526332
4551,valid,0,0.85042137
7823,valid,0,0.7164074
8633,valid,0,0.6831229
2254,valid,0,0.77212685
2474,valid,0,0.5739899
699,valid,0,0.117033966
1090,valid,1,0.38920093
9560,valid,0,0.80894107
4548,valid,0,0.14178066
7465,valid,0,0.01378987
10164,valid,0,0.5446211
7281,valid,0,0.014785789
8392,valid,0,0.39778292
2216,valid,0,0.80115616
6908,valid,0,0.017343113
7480,valid,0,0.008492873
2463,valid,0,0.008622723
3938,valid,0,0.823219
1984,valid,0,0.51871026
7450,valid,0,0.58430827
2087,valid,0,0.702598
6504,valid,0,0.8433771
2444,valid,0,0.6717766
10775,valid,0,0.66850924
6174,valid,0,0.73206556
4772,valid,0,0.7461988
7729,valid,0,0.79865116
5747,valid,0,0.12722753
7830,valid,0,0.014276974
4582,valid,0,0.8463864
8674,valid,0,0.65945077
10821,valid,0,0.01428235
9435,valid,0,0.4709063
7349,valid,0,0.178583
7185,valid,0,0.010901993
521,valid,0,0.7785651
3635,valid,0,0.009526332
8400,valid,0,0.72797745
10814,valid,1,0.7557238
1039,valid,0,0.012491023
11045,valid,0,0.26304376
4792,valid,0,0.008622723
4812,valid,0,0.20653045
4115,valid,0,0.7600609
6913,valid,0,0.7438268
1846,valid,0,0.60942775
10311,valid,0,0.46836638
3048,valid,0,0.114221685
7472,valid,0,0.6615115
1142,valid,0,0.71163774
4817,valid,0,0.47841364
6100,valid,0,0.70509535
6482,valid,0,0.23628034
8387,valid,0,0.8641985
5523,valid,0,0.84032375
5312,valid,0,0.010475549
4486,valid,0,0.44988668
9428,valid,0,0.8534757
6475,valid,0,0.42958096
6216,valid,0,0.5027983
6385,valid,0,0.008803999
10847,valid,0,0.8614824
1838,valid,0,0.79414636
10720,valid,0,0.79942983
2460,valid,0,0.67856413
6691,valid,0,0.73433334
9355,valid,0,0.7734772
4416,valid,0,0.013292993
9334,valid,0,0.010955738
9497,valid,0,0.82539386
6159,valid,0,0.6574574
5136,valid,0,0.016694127
2255,valid,0,0.5780412
3081,valid,0,0.010508787
8818,valid,0,0.785825
3568,valid,0,0.45324343
6268,valid,0,0.8911522
7543,valid,0,0.51844674
6496,valid,0,0.20745715
2284,valid,0,0.280924
7452,valid,0,0.20649543
8610,valid,0,0.20165707
5407,valid,0,0.05188106
7462,valid,0,0.4693151
1134,valid,0,0.31979817
1564,valid,0,0.011311503
10229,valid,0,0.047076263
10304,valid,0,0.14482981
6327,valid,0,0.2618336
5826,valid,0,0.21562357
3762,valid,0,0.020595763
10008,valid,0,0.6475829
1837,valid,0,0.4443049
3088,valid,0,0.39136207
8488,valid,0,0.2259656
9257,valid,0,0.674427
8407,valid,0,0.5419988
4005,valid,0,0.48400164
1689,valid,0,0.008633083
5829,valid,0,0.008622723
7286,valid,0,0.6575776
904,valid,0,0.6241429
2683,valid,0,0.2527831
8814,valid,0,0.79722935
8497,valid,0,0.4398476
7131,valid,0,0.007447209
2924,valid,0,0.006565481
1560,valid,0,0.75679195
2879,valid,0,0.7488383
8237,valid,0,0.012601634
6443,valid,0,0.010955738
7125,valid,0,0.012419697
10210,valid,0,0.14905775
7514,valid,0,0.29167306
526,valid,0,0.66327024
8789,valid,0,0.760288
5418,valid,0,0.013854381
737,valid,0,0.7075685
743,valid,0,0.7591978
1144,valid,0,0.56688017
2287,valid,0,0.82579374
11044,valid,0,0.6362393
8268,valid,0,0.78148127
7834,valid,0,0.01263961
4478,valid,0,0.5507448
1575,valid,0,0.7970606
7091,valid,0,0.369388
9340,valid,0,0.83608174
324,valid,0,0.7655823
519,valid,0,0.014276974
8662,valid,0,0.014287823
2579,valid,0,0.42754573
1748,valid,0,0.15873128
3899,valid,0,0.68431956
6526,valid,0,0.76378596
2077,valid,0,0.68588495
2676,valid,0,0.68215513
6489,valid,0,0.0116697885
5685,valid,0,0.7002744
10347,valid,0,0.64772135
4583,valid,1,0.7135772
8360,valid,0,0.68650645
4868,valid,0,0.01263961
10212,valid,0,0.7649131
3361,valid,0,0.27587888
5533,valid,0,0.6120909
6493,valid,0,0.4482987
3690,valid,0,0.01263961
6016,valid,0,0.064463116
9252,valid,0,0.010230648
5741,valid,0,0.8029847
4420,valid,0,0.70405436
10230,valid,0,0.7144728
6547,valid,0,0.6785608
7447,valid,0,0.012174241
1123,valid,0,0.016975654
10407,valid,0,0.10528917
1114,valid,0,0.36172837
6328,valid,0,0.74496263
9350,valid,0,0.014572297
9558,valid,0,0.01263961
10007,valid,0,0.018910214
7024,valid,0,0.018910214
5417,valid,0,0.018910214
7547,valid,0,0.43285567
491,valid,0,0.8058605
946,valid,0,0.012419697
2450,valid,0,0.011312949
9250,valid,0,0.038939133
10747,valid,0,0.5624379
1880,valid,0,0.759465
2555,valid,0,0.86780167
761,valid,0,0.07595603
8133,valid,0,0.32680032
2208,valid,0,0.01263961
9142,valid,0,0.19667427
5452,valid,0,0.013642121
6332,valid,0,0.71825206
804,valid,0,0.7026941
4805,valid,0,0.463732
10929,valid,0,0.877148
1552,valid,0,0.4865931
9523,valid,0,0.20472626
3364,valid,0,0.56115496
6932,valid,0,0.7816257
2461,valid,0,0.069224976
4767,valid,0,0.4356603
908,valid,0,0.65029746
8661,valid,0,0.4907437
6630,valid,0,0.80264896
1119,valid,0,0.606218
1724,valid,0,0.77339816
896,valid,0,0.010475549
8254,valid,0,0.092236534
1430,valid,0,0.48413768
2647,valid,0,0.86329037
6012,valid,0,0.84154314
1881,valid,0,0.8142032
9251,valid,0,0.027470335
10343,valid,0,0.69203925
4703,valid,0,0.7363236
7522,valid,0,0.013421598
8116,valid,0,0.6411101
529,valid,0,0.78488666
766,valid,0,0.013292993
9590,valid,0,0.015111094
10213,valid,0,0.4907298
5091,valid,0,0.4929322
9774,valid,0,0.13792141
1573,valid,0,0.41376922
8741,valid,0,0.012654734
5455,valid,0,0.43114388
6116,valid,0,0.6411921
9572,valid,0,0.49933985
7234,valid,0,0.0084801335
6450,valid,0,0.009526332
6456,valid,0,0.27432328
4524,valid,0,0.7076997
5095,valid,0,0.009526332
3030,valid,0,0.45714575
916,valid,0,0.44473022
10827,valid,0,0.7691272
6687,valid,0,0.8477203
10044,valid,0,0.5093432
8806,valid,0,0.7234579
3569,valid,0,0.6859641
7809,valid,0,0.6159609
2198,valid,0,0.018910214
3754,valid,0,0.80190593
912,valid,0,0.71918255
8615,valid,0,0.5284895
4688,valid,0,0.7616623
5449,valid,0,0.12652324
8735,valid,0,0.01263961
321,valid,0,0.6246689
3694,valid,0,0.00965831
6172,valid,0,0.52368
10743,valid,0,0.01000304
4976,valid,0,0.6362773
6541,valid,0,0.009046924
1763,valid,0,0.086122796
4408,valid,0,0.6778154
8895,valid,0,0.81437886
10014,valid,0,0.7548953
6113,valid,0,0.01263961
2710,valid,0,0.5169058
7083,valid,0,0.76619667
4155,valid,0,0.63824236
1879,valid,0,0.018910214
890,valid,0,0.76644874
4579,valid,0,0.7936993
9561,valid,0,0.6246515
2210,valid,0,0.008633083
7246,valid,0,0.695829
4241,valid,0,0.6689302
8896,valid,0,0.7463311
5084,valid,0,0.82561433
7667,valid,0,0.008188413
10154,valid,0,0.7370986
9354,valid,0,0.7754885
3025,valid,0,0.5022837
7231,valid,0,0.011727318
9366,valid,0,0.01263961
5500,valid,0,0.8401847
9578,valid,0,0.8134731
8125,valid,0,0.68209344
1034,valid,0,0.88310283
746,valid,0,0.526638
7068,valid,0,0.8940391
3372,valid,0,0.018910214
9156,valid,0,0.6862108
2277,valid,0,0.8500211
3652,valid,0,0.34670243
7745,valid,0,0.87757367
1133,valid,0,0.1747719
420,valid,0,0.045729242
10402,valid,0,0.7229559
1781,valid,0,0.7998472
9269,valid,0,0.45164186
8485,valid,0,0.48910156
3052,valid,0,0.72743154
7084,valid,0,0.4858752
8671,valid,0,0.008659372
7817,valid,0,0.008622723
3940,valid,0,0.7581513
3063,valid,0,0.008622723
8659,valid,0,0.027470335
2559,valid,0,0.59399915
376,valid,0,0.016654525
5428,valid,0,0.13256395
1559,valid,0,0.5187832
4878,valid,0,0.48797715
5411,valid,0,0.013292993
1425,valid,0,0.3242616
7526,valid,0,0.013810709
5942,valid,0,0.41978016
2948,valid,0,0.727938
7317,valid,0,0.009537767
5686,valid,0,0.28558102
9576,valid,0,0.17153619
9495,valid,0,0.008622723
1093,valid,0,0.85421413
8914,valid,0,0.33652556
3051,valid,0,0.50535685
5421,valid,0,0.6467358
6168,valid,0,0.8480013
3435,valid,0,0.012892996
6675,valid,0,0.012892996
10805,valid,0,0.24107115
936,valid,0,0.1383894
7130,valid,0,0.097390294
1958,valid,0,0.4857119
8620,valid,0,0.007179502
6001,valid,0,0.43024126
8672,valid,0,0.031261597
10812,valid,0,0.81399244
1258,valid,0,0.6748624
8744,valid,0,0.008622723
1102,valid,0,0.63381153
897,valid,0,0.018208053
6917,valid,0,0.897378
5433,valid,0,0.83360773
8129,valid,0,0.013421598
2280,valid,0,0.0125399595
10408,valid,0,0.009447752
7529,valid,0,0.008622723
9747,valid,0,0.249314
10198,valid,0,0.008622723
10144,valid,0,0.008622723
2838,valid,0,0.1953778
10233,valid,0,0.7120251
3449,valid,0,0.013616115
5311,valid,0,0.65293854
7048,valid,0,0.32322574
8663,valid,0,0.008188413
8863,valid,0,0.6471364
10221,valid,0,0.7665956
4160,valid,0,0.016207913
69,valid,0,0.35553893
8274,valid,0,0.017640851
10928,valid,0,0.008212734
1680,valid,0,0.008622723
3696,valid,0,0.013292993
8463,valid,0,0.011727318
2583,valid,0,0.010846719
10930,valid,0,0.009526332
3920,valid,0,0.73990285
10006,valid,0,0.6376307
5748,valid,0,0.6168087
8399,valid,0,0.77432346
2566,valid,0,0.6710326
4119,valid,0,0.6594051
10458,valid,0,0.010230648
10777,valid,0,0.015697962
9519,valid,0,0.013421598
9553,valid,0,0.19891468
2396,valid,0,0.18395807
3934,valid,0,0.71743983
8635,valid,0,0.19068685
6163,valid,0,0.81353796
1842,valid,0,0.011727318
6924,valid,0,0.008622723
3942,valid,0,0.69322395
5831,valid,0,0.007827934
4405,valid,0,0.59707606
7385,valid,0,0.76235384
2221,valid,0,0.19021524
1259,valid,0,0.009556587
2076,valid,0,0.09042943
6120,valid,0,0.025720626
5738,valid,0,0.009526332
6521,valid,0,0.012491023
4243,valid,0,0.86678964
3434,valid,0,0.75503546
4866,valid,0,0.008622723
6276,valid,0,0.7861573
8115,valid,0,0.7565553
8474,valid,0,0.719862
10196,valid,0,0.013225559
4807,valid,0,0.27038985
10925,valid,0,0.13042298
494,valid,0,0.29899573
2204,valid,0,0.4053862
9587,valid,0,0.3604123
1759,valid,0,0.2228901
8730,valid,0,0.008622723
2459,valid,0,0.022011483
9557,valid,0,0.008622723
2557,valid,0,0.008622723
9743,valid,0,0.008622723
4449,valid,0,0.28244275
3752,valid,0,0.008622723
4399,valid,0,0.008622723
2928,valid,0,0.26603654
7527,valid,0,0.33173162
10223,valid,0,0.012491023
10828,valid,0,0.009526332
2085,valid,0,0.0149115035
5524,valid,0,0.008453257
8729,valid,0,0.36307713
8511,valid,0,0.849303
6371,valid,0,0.015697962
3891,valid,0,0.01912383
8271,valid,0,0.012892996
5504,valid,0,0.008188413
1131,valid,0,0.22321521
2572,valid,0,0.012838608
10997,valid,0,0.6653294
6092,valid,0,0.7781786
478,valid,0,0.30480376
7249,valid,0,0.50104624
7022,valid,0,0.16027744
6372,valid,0,0.014572297
4003,valid,0,0.7777122
6549,valid,0,0.28734347
2279,valid,0,0.74502426
2939,valid,0,0.4728862
7448,valid,0,0.008622723
3105,valid,0,0.5966993
6918,valid,0,0.8355992
4781,valid,0,0.009526332
4774,valid,0,0.24932988
8366,valid,0,0.24975987
9370,valid,0,0.51917547
4477,valid,0,0.72397846
5946,valid,0,0.22135872
4240,valid,0,0.42009366
3931,valid,0,0.009526332
6334,valid,0,0.23982073
7595,valid,0,0.01000304
4867,valid,0,0.73684
8359,valid,0,0.4859632
5527,valid,0,0.6794373
6546,valid,0,0.6913084
8481,valid,0,0.2932042
518,valid,0,0.15116392
8476,valid,0,0.86484665
10758,valid,0,0.2800693
10830,valid,0,0.009526332
4545,valid,0,0.008622723
6126,valid,0,0.008622723
8510,valid,0,0.015172089
10226,valid,0,0.009526332
4865,valid,0,0.014322099
1437,valid,0,0.011727318
7053,valid,0,0.8662743
3508,valid,0,0.016694127
3442,valid,0,0.6625899
6931,valid,0,0.52076155
7233,valid,0,0.42088988
3915,valid,0,0.39913416
8509,valid,0,0.0090756705
7668,valid,0,0.3606304
10605,valid,0,0.027675679
5530,valid,0,0.6649377
10748,valid,0,0.009537767
10156,valid,0,0.49813658
9763,valid,0,0.009537767
1684,valid,0,0.011014874
6197,valid,0,0.4655125
5098,valid,0,0.6334219
1562,valid,0,0.34781224
2458,valid,0,0.56523037
9489,valid,0,0.75729513
706,valid,0,0.76662314
8742,valid,0,0.56199753
7076,valid,0,0.8166155
6929,valid,0,0.6986032
6343,valid,0,0.012491023
3439,valid,0,0.7223985
7085,valid,0,0.008622723
10395,valid,0,0.008447172
3697,valid,0,0.53596306
2655,valid,0,0.7931823
5075,valid,0,0.66132504
3911,valid,0,0.014242805
7101,valid,0,0.81804085
8361,valid,0,0.008622723
3910,valid,0,0.008622723
1256,valid,1,0.8524452
1455,valid,0,0.6880539
6386,valid,0,0.81285167
298,valid,0,0.16021998
9779,valid,0,0.055715296
768,valid,0,0.013292993
4481,valid,0,0.013292993
311,valid,0,0.26983804
5134,valid,0,0.6104357
10834,valid,0,0.011727318
1135,valid,0,0.5722045
10606,valid,0,0.0116697885
3939,valid,0,0.70779335
6177,valid,0,0.64721143
3022,valid,0,0.75977135
6676,valid,0,0.012110056
2944,valid,0,0.86136144
3058,valid,0,0.6863592
6567,valid,0,0.8831824
6550,valid,0,0.013344936
10169,valid,0,0.008447172
8395,valid,0,0.77646625
6488,valid,0,0.77688897
753,valid,0,0.13655873
7464,valid,0,0.1426268
4980,valid,0,0.011311503
4888,valid,0,0.017763367
7049,valid,0,0.27469414
10318,valid,0,0.15384656
4485,valid,0,0.009537767
4825,valid,0,0.009537767
3890,valid,0,0.6545253
10397,valid,0,0.098442234
10016,valid,0,0.5282341
3104,valid,0,0.015076238
10945,valid,0,0.16882023
6524,valid,0,0.7006314
7531,valid,0,0.6732333
5948,valid,0,0.01000304
1567,valid,0,0.019918282
60,valid,0,0.014999819
1436,valid,0,0.008169722
2646,valid,0,0.008622723
3687,valid,0,0.3294946
6562,valid,0,0.009526332
4440,valid,0,0.6274788
2709,valid,0,0.008774629
7023,valid,0,0.014827044
6636,valid,0,0.75609434
10225,valid,0,0.38189057
10596,valid,0,0.77590805
2395,valid,0,0.68271947
8857,valid,0,0.7567137
2393,valid,0,0.47002733
9555,valid,0,0.021709451
7232,valid,0,0.009526332
5497,valid,0,0.6621851
7064,valid,0,0.013292993
5318,valid,0,0.61992437
7460,valid,0,0.01263961
3510,valid,0,0.00847403
2554,valid,0,0.008622723
10050,valid,0,0.008622723
8638,valid,0,0.008622723
70,valid,0,0.013292993
1058,valid,0,0.8104442
1956,valid,0,0.008622723
6180,valid,0,0.014276974
2281,valid,0,0.014276974
9346,valid,0,0.63169205
2084,valid,0,0.00847403
2228,valid,0,0.51306516
8639,valid,0,0.010901993
2930,valid,0,0.5745143
4163,valid,0,0.023192484
4986,valid,0,0.014287823
10810,valid,0,0.2770683
3023,valid,0,0.6996011
10400,valid,0,0.02255441
7031,valid,0,0.6978076
9577,valid,0,0.44691163
8117,valid,0,0.022641178
10201,valid,0,0.022668349
8810,valid,0,0.014287823
52,valid,0,0.022668349
9342,valid,0,0.009526332
10590,valid,0,0.33644745
3893,valid,0,0.52782667
10042,valid,0,0.80373603
9273,valid,0,0.012491023
790,valid,0,0.76853484
6498,valid,0,0.012604993
7488,valid,0,0.010058297
2226,valid,0,0.061966937
6005,valid,0,0.15927748
5087,valid,0,0.04977081
9567,valid,0,0.008188413
760,valid,0,0.50966805
738,valid,0,0.35919565
6544,valid,0,0.44571766
1736,valid,0,0.5818081
1832,valid,0,0.17466284
10470,valid,0,0.6243391
7229,valid,0,0.6287029
7477,valid,0,0.27912423
3897,valid,0,0.44330373
8856,valid,0,0.7590833
8665,valid,0,0.4736385
51,valid,0,0.008169722
3086,valid,0,0.011637501
8860,valid,0,0.70434546
4156,valid,0,0.41531524
6215,valid,0,0.4813087
3627,valid,0,0.009526332
7657,valid,0,0.015288556
9491,valid,0,0.7207443
3445,valid,0,0.009526332
1260,valid,0,0.009526332
10755,valid,0,0.01428235
9570,valid,0,0.6617289
5093,valid,0,0.6396177
703,valid,0,0.8125102
7343,valid,0,0.22558852
9265,valid,0,0.21999498
9554,valid,0,0.2529718
8251,valid,0,0.59720093
901,valid,0,0.8202676
884,valid,0,0.00928904
7826,valid,0,0.65444237
8099,valid,0,0.61868334
1094,valid,0,0.59956264
3637,valid,0,0.00882636
7069,valid,0,0.01263961
8504,valid,0,0.008622723
10770,valid,0,0.6555477
3941,valid,0,0.015709642
1147,valid,0,0.018198946
8464,valid,0,0.014276974
5305,valid,0,0.77502286
1777,valid,0,0.6123125
2218,valid,0,0.83033717
5681,valid,0,0.015327095
5422,valid,0,0.38370028
6219,valid,0,0.31541723
6106,valid,0,0.60792625
5102,valid,0,0.663334
3638,valid,0,0.25201708
1051,valid,0,0.86309195
8478,valid,0,0.011727318
1765,valid,0,0.14669383
3895,valid,0,0.008622723
7476,valid,0,0.8158477
1536,valid,0,0.72888905
10013,valid,0,0.008622723
4707,valid,0,0.5601002
9436,valid,0,0.81583613
4983,valid,0,0.63440543
4694,valid,0,0.5366757
932,valid,0,0.6257929
4763,valid,0,0.7147055
3096,valid,0,0.45930988
895,valid,0,0.818788
4010,valid,0,0.10368274
9271,valid,0,0.8128686
877,valid,0,0.39959973
3567,valid,0,0.011727318
6448,valid,0,0.81137764
7100,valid,0,0.4452634
10193,valid,0,0.008622723
4231,valid,0,0.38632676
2285,valid,0,0.019591216
2679,valid,0,0.02551691
1738,valid,0,0.77284056
705,valid,0,0.010901993
5943,valid,0,0.66905534
4161,valid,0,0.60474885
5090,valid,0,0.36171243
5068,valid,0,0.3678213
9147,valid,0,0.68121916
9140,valid,0,0.78852254
4820,valid,0,0.48448837
6468,valid,0,0.5947543
1267,valid,0,0.37908095
4601,valid,0,0.5387181
919,valid,0,0.46170062
6688,valid,0,0.6878581
1782,valid,0,0.59978074
9758,valid,0,0.5390243
5941,valid,0,0.76984674
6906,valid,0,0.80782783
3440,valid,0,0.65720004
10308,valid,0,0.6765744
9379,valid,0,0.7195101
4689,valid,0,0.43605608
8484,valid,0,0.74071085
2219,valid,0,0.5902344
10843,valid,0,0.85237134
6936,valid,0,0.5895842
5442,valid,0,0.37703058
8907,valid,0,0.010475549
10825,valid,0,0.7897065
4129,valid,0,0.012850217
4439,valid,0,0.043487012
10157,valid,0,0.009066473
5408,valid,0,0.07229521
6497,valid,0,0.1110243
4883,valid,0,0.008188413
1423,valid,0,0.12862563
8466,valid,0,0.009046924
8100,valid,0,0.008545806
303,valid,0,0.023523338
11054,valid,0,0.22056046
6015,valid,0,0.008545806
10166,valid,0,0.011843641
2833,valid,0,0.21302047
9363,valid,0,0.020437058
4880,valid,0,0.010409307
7072,valid,0,0.021794291
10228,valid,0,0.28523442
9276,valid,0,0.03935227
3645,valid,0,0.19761983
922,valid,0,0.24750854
5315,valid,0,0.008179542
876,valid,0,0.007837347
5420,valid,0,0.016227236
2199,valid,0,0.29875007
7593,valid,0,0.38066408
1569,valid,0,0.5394819
1571,valid,0,0.014727174
5426,valid,0,0.39507148
7026,valid,0,0.49063325
7123,valid,0,0.0247828
4598,valid,0,0.58261925
744,valid,0,0.8566205
5057,valid,0,0.30793855
7812,valid,0,0.2765126
751,valid,0,0.7584511
4764,valid,0,0.50616485
530,valid,0,0.83317345
5088,valid,0,0.21630426
1994,valid,0,0.54397476
1553,valid,0,0.7036677
7392,valid,0,0.008676474
1446,valid,0,0.016304627
2845,valid,0,0.15298642
6384,valid,0,0.0070577143
8911,valid,0,0.016955456
6093,valid,0,0.5483067
1041,valid,0,0.8824505
488,valid,0,0.5551931
7288,valid,0,0.8538264
6275,valid,0,0.008622723
2846,valid,0,0.011727318
7041,valid,0,0.6627224
10159,valid,0,0.008622723
6672,valid,0,0.37724653
9574,valid,0,0.7707821
1445,valid,0,0.014322099
9524,valid,0,0.45125052
7831,valid,0,0.3508875
9378,valid,0,0.009526332
1551,valid,0,0.7454994
4121,valid,0,0.40180323
1056,valid,0,0.6172336
6153,valid,0,0.03634123
10216,valid,0,0.010586834
9527,valid,0,0.5717779
5313,valid,0,0.010901993
4686,valid,0,0.3658451
6632,valid,0,0.013447168
4421,valid,0,0.3637246
3059,valid,0,0.6297555
9744,valid,0,0.012565209
6195,valid,0,0.79658276
1097,valid,0,0.7685498
1681,valid,0,0.5065287
6161,valid,0,0.82387143
482,valid,0,0.009526332
2759,valid,0,0.18307711
10780,valid,0,0.6188884
2768,valid,0,0.6178228
7241,valid,0,0.81280065
7193,valid,0,0.010342102
10607,valid,0,0.010342102
8256,valid,0,0.8168299
915,valid,0,0.83714354
7244,valid,0,0.010230648
6212,valid,0,0.5116158
6491,valid,0,0.009526332
10215,valid,0,0.40662318
4479,valid,0,0.59349334
1156,valid,0,0.7573634
5817,valid,0,0.25467888
1985,valid,0,0.21502171
5443,valid,0,0.15423815
1986,valid,0,0.0100545995
8468,valid,0,0.68303126
3572,valid,0,0.009537767
933,valid,0,0.25747743
3029,valid,0,0.47693965
6523,valid,0,0.01272653
4803,valid,0,0.009526332
7520,valid,0,0.6479673
1533,valid,0,0.60215837
4782,valid,0,0.19801842
8255,valid,0,0.21640915
2556,valid,0,0.16226451
10399,valid,0,0.48084348
10297,valid,0,0.092512645
3921,valid,0,0.021709451
8788,valid,0,0.82970876
9563,valid,0,0.014322099
1154,valid,0,0.5685901
5938,valid,0,0.39429483
5415,valid,0,0.3628645
7325,valid,0,0.58754855
3074,valid,0,0.76215094
7446,valid,0,0.109737515
2773,valid,0,0.010058297
3691,valid,0,0.10116985
9488,valid,0,0.13153054
4407,valid,0,0.2013701
2478,valid,0,0.27783284
9247,valid,0,0.11147313
9525,valid,0,0.008188413
4244,valid,0,0.18595359
9515,valid,0,0.008572973
2586,valid,0,0.11390985
941,valid,0,0.010202253
7050,valid,0,0.012114005
7492,valid,0,0.10390112
6382,valid,0,0.2800615
9520,valid,0,0.0091783
8104,valid,0,0.009046924
3914,valid,0,0.102532715
7467,valid,0,0.008188413
4109,valid,0,0.009499872
799,valid,0,0.1070835
9345,valid,0,0.014058934
380,valid,0,0.13090503
2713,valid,0,0.16188219
10820,valid,0,0.009046924
2202,valid,0,0.008188413
1130,valid,0,0.00932942
6338,valid,0,0.5073706
2207,valid,0,0.56649065
9390,valid,0,0.4410663
7453,valid,0,0.0109668095
5677,valid,0,0.008633083
1679,valid,0,0.39408964
523,valid,0,0.6241846
5447,valid,0,0.68565315
8391,valid,0,0.087287776
7816,valid,0,0.69448006
1677,valid,0,0.008633083
3095,valid,0,0.80012673
6209,valid,0,0.017983044
8472,valid,0,0.01005787
5821,valid,0,0.014727174
2878,valid,0,0.8627585
3045,valid,0,0.6575815
11055,valid,0,0.01238049
9749,valid,0,0.22141251
3753,valid,0,0.46781397
5105,valid,0,0.651798
1542,valid,0,0.009526332
8482,valid,0,0.008622723
299,valid,0,0.009526332
10724,valid,0,0.009526332
5066,valid,0,0.65620494
2229,valid,0,0.21368591
8905,valid,0,0.6643484
1059,valid,0,0.007827934
7181,valid,0,0.64553905
10937,valid,0,0.009526332
9581,valid,0,0.5360813
9591,valid,0,0.518141
6528,valid,0,0.5739572
6013,valid,0,0.57247865
6460,valid,0,0.008622723
8812,valid,0,0.56620866
8105,valid,0,0.01428235
2849,valid,0,0.69936377
11042,valid,0,0.01272653
6167,valid,0,0.01238049
3565,valid,0,0.009526332
2551,valid,0,0.82609075
2665,valid,0,0.6322079
6118,valid,0,0.60911644
5956,valid,0,0.01754784
2834,valid,0,0.014276974
6471,valid,0,0.61352724
7088,valid,0,0.67499954
3764,valid,0,0.71257824
7194,valid,0,0.73961717
745,valid,0,0.009072434
2880,valid,0,0.015290443
2187,valid,0,0.70943815
1874,valid,0,0.01263961
7470,valid,0,0.008447172
7813,valid,0,0.83423096
8124,valid,0,0.84324676
4092,valid,0,0.8396928
6545,valid,0,0.009526332
7384,valid,0,0.015271982
5356,valid,0,0.012034086
7449,valid,0,0.00847403
6125,valid,0,0.008622723
3695,valid,0,0.008622723
10341,valid,0,0.008622723
5405,valid,0,0.010342102
3065,valid,0,0.7539762
6509,valid,0,0.015223909
1111,valid,0,0.69469833
10829,valid,0,0.34131166
5410,valid,0,0.032062076
4776,valid,0,0.009526332
7478,valid,0,0.009526332
10593,valid,0,0.009556587
8356,valid,0,0.76782995
2192,valid,0,0.014242805
4093,valid,0,0.1310361
7747,valid,0,0.7704225
7815,valid,0,0.8036844
8629,valid,0,0.7203426
1055,valid,0,0.009526332
8408,valid,0,0.845366
1687,valid,0,0.011727318
1572,valid,0,0.023220604
4590,valid,0,0.018610515
4875,valid,0,0.7149414
5951,valid,0,0.012601634
6671,valid,0,0.014290985
4532,valid,0,0.013344936
10737,valid,0,0.16665938
4884,valid,0,0.018910214
3761,valid,0,0.84566706
8816,valid,0,0.30219102
3759,valid,0,0.016342519
9742,valid,0,0.020774858
7104,valid,0,0.012892996
10404,valid,0,0.020774858
5947,valid,0,0.45373082
3031,valid,0,0.011727318
5138,valid,0,0.8877568
7383,valid,0,0.018176276
3689,valid,0,0.84000623
10849,valid,0,0.47021842
10235,valid,0,0.63186973
5080,valid,0,0.012276924
8745,valid,0,0.6486204
9740,valid,0,0.63886094
3922,valid,0,0.43855324
4881,valid,0,0.7501586
11013,valid,0,0.020774858
7332,valid,0,0.43409187
7065,valid,0,0.019970018
10298,valid,0,0.63872355
3027,valid,0,0.6727043
2286,valid,0,0.014276974
10168,valid,0,0.025720626
5940,valid,0,0.023806356
5451,valid,0,0.016417155
6695,valid,0,0.009092595
9556,valid,0,0.7861153
7051,valid,0,0.7773344
2196,valid,0,0.018910214
6453,valid,0,0.45186606
1774,valid,0,0.008447172
5493,valid,0,0.75029993
4473,valid,0,0.5782134
8865,valid,0,0.5447701
5818,valid,0,0.016756946
4232,valid,0,0.009526332
7528,valid,0,0.6277627
3925,valid,0,0.010230648
6485,valid,0,0.009526332
6127,valid,0,0.018910214
8114,valid,0,0.00928904
5517,valid,0,0.009712457
4484,valid,0,0.46600074
9776,valid,0,0.009304244
3649,valid,0,0.010342102
2477,valid,0,0.6766519
2190,valid,0,0.018910214
6207,valid,0,0.009556587
3760,valid,0,0.5788293
4525,valid,0,0.018910214
8101,valid,0,0.018910214
1952,valid,0,0.018910214
5303,valid,0,0.018910214
6514,valid,0,0.8346164
5510,valid,0,0.20549515
6095,valid,0,0.009526332
3369,valid,0,0.018910214
2850,valid,0,0.10040341
8792,valid,0,0.83909005
9365,valid,0,0.79992473
6494,valid,0,0.7736077
2259,valid,0,0.018910214
7833,valid,0,0.010901993
6337,valid,0,0.594707
4471,valid,0,0.009526332
6501,valid,0,0.8333632
1159,valid,0,0.8440003
1546,valid,0,0.57877547
1421,valid,0,0.014276974
58,valid,0,0.008622723
9490,valid,0,0.8023371
8636,valid,0,0.31454855
10832,valid,0,0.8579205
10046,valid,0,0.015223909
9148,valid,0,0.009526332
9145,valid,0,0.7007076
4102,valid,0,0.016694127
4128,valid,0,0.009526332
6194,valid,0,0.014290985
7750,valid,0,0.3622262
1095,valid,0,0.6529552
9151,valid,0,0.011727318
5668,valid,0,0.8094358
10839,valid,0,0.82616013
8682,valid,0,0.26631942
3892,valid,0,0.017979162
8660,valid,0,0.018910214
10603,valid,0,0.013388805
7535,valid,0,0.76196754
2462,valid,0,0.020774858
4164,valid,0,0.011727318
6444,valid,0,0.010342102
7455,valid,0,0.01198663
8628,valid,0,0.010995822
10150,valid,0,0.81922543
4556,valid,0,0.01628418
5505,valid,0,0.020774858
2251,valid,0,0.020774858
3092,valid,0,0.6544689
8681,valid,0,0.020774858
5528,valid,0,0.5984723
2447,valid,0,0.6388297
3894,valid,0,0.014309019
10609,valid,0,0.20457257
4022,valid,0,0.7214502
6533,valid,0,0.012892996
9327,valid,0,0.009556587
2468,valid,0,0.1873731
7128,valid,0,0.08360595
3109,valid,0,0.24745752
4418,valid,0,0.18662776
10153,valid,0,0.4492497
4543,valid,0,0.27546754
3064,valid,0,0.1672533
6272,valid,0,0.19184324
10854,valid,0,0.18998957
5419,valid,0,0.05648747
3507,valid,0,0.3070235
1683,valid,0,0.20151122
2716,valid,0,0.12276148
3362,valid,0,0.011311503
7052,valid,0,0.011311503
10840,valid,0,0.015180834
7103,valid,0,0.2814475
6217,valid,0,0.10673057
7032,valid,0,0.0091783
8495,valid,0,0.1503711
1441,valid,0,0.008545806
3919,valid,0,0.008545806
7513,valid,0,0.08477515
5676,valid,0,0.009046924
5439,valid,0,0.27099526
7097,valid,0,0.009046924
4535,valid,0,0.22652791
4009,valid,0,0.21868847
8462,valid,0,0.009046924
2708,valid,0,0.12800862
6210,valid,0,0.32663065
1544,valid,0,0.040260453
5999,valid,0,0.20235361
6926,valid,0,0.008188413
6681,valid,0,0.011125931
10732,valid,0,0.009537767
1729,valid,0,0.61170316
4448,valid,0,0.35905397
8916,valid,0,0.21278179
6350,valid,0,0.5615181
5431,valid,0,0.008474776
5104,valid,0,0.009537767
4578,valid,0,0.009146085
1885,valid,0,0.6554646
3693,valid,0,0.008633083
10148,valid,0,0.010817968
1447,valid,0,0.68361694
6564,valid,0,0.009537767
5094,valid,0,0.008633083
480,valid,0,0.19208708
8791,valid,0,0.26843807
9750,valid,0,0.017585646
4554,valid,0,0.35941198
4441,valid,0,0.018617941
1561,valid,0,0.5460179
4002,valid,0,0.009537767
4021,valid,0,0.41272217
4533,valid,0,0.6097395
3062,valid,0,0.25717494
10756,valid,0,0.5653418
5939,valid,0,0.010650345
2668,valid,0,0.017905284
3916,valid,0,0.013777632
1744,valid,0,0.009526332
10602,valid,0,0.744158
7523,valid,0,0.4791023
7077,valid,0,0.74051714
3561,valid,0,0.009526332
6091,valid,0,0.19936332
6554,valid,0,0.008622723
2475,valid,0,0.5991646
8677,valid,0,0.71456426
6228,valid,0,0.010650345
7542,valid,0,0.006565481
6187,valid,0,0.7357228
1754,valid,0,0.0116697885
1557,valid,0,0.008622723
2670,valid,0,0.37830725
8727,valid,0,0.013292993
6469,valid,0,0.42312685
2946,valid,0,0.66007924
11061,valid,0,0.65284085
48,valid,0,0.59349763
3111,valid,0,0.014827044
2004,valid,0,0.009526332
9387,valid,0,0.031113083
6522,valid,0,0.008212734
7821,valid,0,0.7032395
5516,valid,0,0.009861754
2456,valid,0,0.6339272
3373,valid,0,0.014048666
7080,valid,0,0.66354275
8619,valid,0,0.009072434
7045,valid,0,0.00847403
11046,valid,0,0.010342102
1773,valid,0,0.013624103
10944,valid,0,0.010681582
11010,valid,0,0.75445056
10922,valid,0,0.011106055
516,valid,0,0.7563944
2552,valid,0,0.02560988
2847,valid,0,0.7897743
9358,valid,0,0.7950604
6474,valid,0,0.01197959
2256,valid,0,0.013596282
3036,valid,0,0.010342102
10608,valid,0,0.010230648
6629,valid,0,0.010901993
7090,valid,0,0.009526332
1543,valid,0,0.010230648
10476,valid,0,0.008453257
479,valid,0,0.50490046
7336,valid,0,0.018198946
62,valid,0,0.6961873
2661,valid,0,0.5442352
2765,valid,0,0.4700466
6198,valid,0,0.6763032
8110,valid,0,0.07126904
9583,valid,0,0.008782031
3943,valid,0,0.010230648
8627,valid,0,0.01846622
524,valid,0,0.8817458
6223,valid,0,0.70072633
5494,valid,0,0.6645805
9326,valid,0,0.009526332
3047,valid,0,0.021596862
10746,valid,0,0.009526332
6019,valid,0,0.76039624
6505,valid,0,0.10455509
7245,valid,0,0.009556587
7814,valid,0,0.018910214
10725,valid,0,0.008465956
3576,valid,0,0.009526332
4447,valid,0,0.008622723
1953,valid,0,0.7522515
2760,valid,0,0.011106055
909,valid,0,0.009526332
7338,valid,0,0.01272653
10597,valid,0,0.16060427
4677,valid,0,0.70364934
5674,valid,0,0.6764243
6354,valid,0,0.66604596
5069,valid,0,0.1920463
925,valid,0,0.009526332
7473,valid,0,0.53409636
2656,valid,0,0.013292993
6461,valid,0,0.009526332
3636,valid,0,0.009526332
1775,valid,0,0.010230648
1989,valid,0,0.2217282
6265,valid,0,0.009072434
7530,valid,0,0.31834528
4246,valid,0,0.009556587
6678,valid,0,0.6496184
7326,valid,0,0.011106055
5321,valid,0,0.008447172
8397,valid,0,0.57562846
9360,valid,0,0.38320804
6519,valid,0,0.012491023
6916,valid,0,0.7572524
8238,valid,0,0.70922756
4800,valid,0,0.7662881
6480,valid,0,0.019429225
5519,valid,0,0.023220604
9371,valid,0,0.48481116
1995,valid,0,0.009526332
7482,valid,0,0.012034086
67,valid,0,0.008622723
1732,valid,0,0.009526332
786,valid,0,0.7501303
1747,valid,0,0.3465262
6532,valid,0,0.008782031
1760,valid,0,0.7351621
6189,valid,0,0.009526332
1272,valid,0,0.76792234
2220,valid,0,0.68433905
10222,valid,0,0.012034086
3443,valid,0,0.009526332
10208,valid,0,0.013292993
7578,valid,0,0.10969213
2723,valid,0,0.83419454
2081,valid,0,0.77235764
6457,valid,0,0.009526332
7486,valid,0,0.7205373
6922,valid,0,0.009556587
7484,valid,0,0.76149577
7247,valid,0,0.009526332
6170,valid,0,0.009526332
8898,valid,0,0.75453925
1826,valid,0,0.6035668
7666,valid,0,0.027470335
6199,valid,0,0.009526332
8739,valid,0,0.010901993
1840,valid,0,0.009526332
10316,valid,0,0.009526332
3091,valid,0,0.009556587
6529,valid,0,0.009365927
9513,valid,0,0.008622723
1261,valid,0,0.009556587
7663,valid,0,0.40754777
8829,valid,0,0.57137084
7461,valid,0,0.24142352
10586,valid,0,0.009526332
792,valid,0,0.009526332
1053,valid,0,0.01443438
802,valid,0,0.009526332
9333,valid,0,0.68274057
3360,valid,0,0.018910214
1770,valid,0,0.6571668
10778,valid,0,0.009526332
3898,valid,0,0.01202827
5683,valid,0,0.018910214
2758,valid,0,0.013344936
2080,valid,0,0.016694127
11060,valid,0,0.5826452
6558,valid,0,0.08250179
2947,valid,0,0.012034086
5304,valid,0,0.8507298
6176,valid,0,0.7611668
10466,valid,0,0.010681582
5502,valid,0,0.010901993
7320,valid,0,0.010230648
307,valid,0,0.79526985
4765,valid,0,0.014097772
6481,valid,0,0.008453257
5531,valid,0,0.5330571
4547,valid,0,0.7337596
7516,valid,0,0.015290443
1548,valid,0,0.011727318
880,valid,0,0.89896804
1731,valid,0,0.5755639
50,valid,0,0.0093338005
7039,valid,0,0.018176276
3946,valid,0,0.019871581
1725,valid,0,0.88472897
7089,valid,0,0.012892996
6261,valid,0,0.49550685
3097,valid,0,0.009526332
910,valid,0,0.83846354
6008,valid,0,0.020774858
6218,valid,0,0.38156018
8248,valid,0,0.012892996
7575,valid,0,0.6029368
1429,valid,0,0.020774858
5520,valid,0,0.013624103
7671,valid,0,0.011773215
316,valid,0,0.8656178
7353,valid,0,0.016519282
3101,valid,0,0.008803999
4111,valid,0,0.81958824
2685,valid,0,0.75972223
5092,valid,0,0.011727318
7352,valid,0,0.770507
2933,valid,0,0.77332604
5670,valid,0,0.09054214
7515,valid,0,0.26526263
4684,valid,0,0.008188413
2194,valid,0,0.060279313
3509,valid,0,0.051289227
8605,valid,0,0.20514068
4091,valid,0,0.1300863
3069,valid,0,0.05164063
749,valid,0,0.033181246
1884,valid,0,0.13459149
9566,valid,0,0.0521311
2648,valid,0,0.10438144
8120,valid,0,0.25815028
10045,valid,0,0.053487822
2563,valid,0,0.07203289
9259,valid,0,0.05431914
10816,valid,0,0.11043101
7659,valid,0,0.22721656
10409,valid,0,0.030077472
5825,valid,0,0.15106697
7829,valid,0,0.19365326
944,valid,0,0.02717568
3375,valid,0,0.17897646
327,valid,0,0.008188413
7660,valid,0,0.008188413
2203,valid,0,0.19123116
1418,valid,0,0.0091783
4235,valid,0,0.25384048
1103,valid,0,0.06103819
5444,valid,0,0.021952514
6375,valid,0,0.009046924
10211,valid,0,0.012838608
10171,valid,0,0.41167542
7519,valid,0,0.16191787
9335,valid,0,0.12579833
2394,valid,0,0.010710004
5830,valid,0,0.24553373
4103,valid,0,0.014781901
10218,valid,0,0.013568861
61,valid,0,0.111833505
6270,valid,0,0.0091783
1435,valid,0,0.32821137
4879,valid,0,0.34497362
6637,valid,0,0.071280025
3646,valid,0,0.1449461
8367,valid,0,0.012838608
5816,valid,0,0.11179156
2641,valid,0,0.0091783
2186,valid,0,0.010710004
49,valid,0,0.008188413
5076,valid,0,0.12564176
5317,valid,0,0.07850359
6006,valid,0,0.07525108
2215,valid,0,0.008188413
1743,valid,0,0.009046924
6449,valid,0,0.009046924
2565,valid,0,0.19965354
2721,valid,0,0.31119564
1539,valid,0,0.009046924
879,valid,0,0.17417318
3906,valid,0,0.14272813
9493,valid,0,0.11293763
2770,valid,0,0.30983698
2935,valid,0,0.23929913
1037,valid,0,0.009146085
2558,valid,0,0.011337653
6226,valid,0,0.43250227
6557,valid,0,0.016886042
7479,valid,0,0.43084133
6227,valid,0,0.5362811
4815,valid,0,0.24534647
6101,valid,0,0.009873588
10935,valid,0,0.009537767
2261,valid,0,0.020802313
4690,valid,0,0.013871931
5071,valid,0,0.009537767
5414,valid,0,0.0096762
6165,valid,0,0.009537767
6515,valid,0,0.010604295
913,valid,0,0.014004541
6353,valid,0,0.37121052
4816,valid,0,0.010015041
4476,valid,0,0.30901474
2649,valid,0,0.32689914
7335,valid,0,0.0109150605
7536,valid,0,0.0109150605
8861,valid,0,0.0805203
5949,valid,0,0.010015041
6162,valid,0,0.010015041
6326,valid,0,0.012174241
5081,valid,0,0.009568058
10398,valid,0,0.24990803
11049,valid,0,0.009537767
10301,valid,0,0.01810271
2756,valid,0,0.5776926
8252,valid,0,0.4766266
9343,valid,0,0.009537767
9344,valid,0,0.016383357
8458,valid,0,0.34616694
2000,valid,0,0.38920766
6679,valid,0,0.29324198
4242,valid,0,0.010015041
3078,valid,0,0.009537767
4446,valid,0,0.72046757
7242,valid,0,0.009537767
1741,valid,0,0.74191386
8732,valid,0,0.74305034
8626,valid,0,0.811009
1558,valid,0,0.046663467
6510,valid,0,0.18032023
5085,valid,0,0.013616115
6473,valid,0,0.7316037
704,valid,0,0.6767297
9585,valid,0,0.020939887
11062,valid,0,0.76823115
319,valid,0,0.5609262
7324,valid,0,0.6860414
1750,valid,0,0.009526332
11059,valid,0,0.019217072
7749,valid,0,0.76627296
3643,valid,0,0.008453257
798,valid,0,0.009526332
10718,valid,0,0.36085343
2927,valid,0,0.30508283
4791,valid,0,0.009526332
6517,valid,0,0.49384558
7672,valid,0,0.2754952
1990,valid,0,0.33847815
914,valid,0,0.009526332
7655,valid,0,0.019649832
10598,valid,0,0.013854381
7127,valid,0,0.272123
2252,valid,0,0.010230648
10822,valid,0,0.009526332
5106,valid,0,0.01754784
9261,valid,0,0.008782031
8240,valid,0,0.008453257
9272,valid,0,0.70937645
1767,valid,0,0.010034794
10053,valid,0,0.60035604
1087,valid,0,0.6056307
4116,valid,0,0.76453215
7121,valid,0,0.68022895
5074,valid,0,0.69450957
9262,valid,0,0.79038453
1254,valid,0,0.009526332
4482,valid,0,0.009526332
4702,valid,0,0.18064381
5320,valid,0,0.67978996
1443,valid,0,0.652444
6928,valid,0,0.008453257
4778,valid,0,0.24694046
10015,valid,0,0.65596557
7836,valid,0,0.01632078
6264,valid,0,0.008169722
1876,valid,0,0.017871195
7463,valid,0,0.021779073
1737,valid,0,0.009526332
8358,valid,0,0.6584115
9782,valid,0,0.6738672
6551,valid,0,0.6555205
4539,valid,0,0.019088188
9738,valid,0,0.48518658
5100,valid,0,0.2056528
4101,valid,0,0.45226654
2660,valid,0,0.019374585
7594,valid,0,0.009526332
8280,valid,0,0.7441974
531,valid,0,0.25728786
2657,valid,0,0.008195705
2224,valid,0,0.0068834582
7190,valid,0,0.69963396
2569,valid,0,0.010901993
1828,valid,0,0.009526332
2448,valid,0,0.76976347
2941,valid,0,0.008453257
11043,valid,0,0.013025834
1248,valid,0,0.01733183
6347,valid,0,0.009526332
9133,valid,0,0.21229255
1107,valid,0,0.009526332
5509,valid,0,0.8305245
2678,valid,0,0.6268487
9761,valid,0,0.82968915
3098,valid,0,0.010586834
7393,valid,0,0.017446268
10844,valid,0,0.04929316
9270,valid,0,0.009526332
7250,valid,0,0.6316658
7739,valid,0,0.0170089
6911,valid,0,0.009526332
7485,valid,0,0.8312998
8793,valid,0,0.015327095
1161,valid,0,0.010554492
4410,valid,0,0.009583366
2582,valid,0,0.5548376
4793,valid,0,0.012146105
5349,valid,0,0.009526332
3945,valid,0,0.61024195
6483,valid,0,0.53164655
1045,valid,0,0.008904816
6344,valid,0,0.46407455
2248,valid,0,0.015327095
4693,valid,0,0.54429144
6370,valid,0,0.67503667
740,valid,0,0.058493115
4403,valid,0,0.022326544
9769,valid,0,0.018659003
791,valid,0,0.010342102
5306,valid,0,0.010095413
9279,valid,0,0.78074247
4696,valid,0,0.7950658
4972,valid,0,0.8637686
5513,valid,0,0.009365927
4797,valid,0,0.009526332
1115,valid,0,0.019429225
1993,valid,0,0.008453257
924,valid,0,0.009526332
10599,valid,0,0.009861754
935,valid,0,0.009861754
10589,valid,0,0.45665044
5512,valid,0,0.01428235
6376,valid,0,0.009526332
8269,valid,0,0.011106055
10946,valid,0,0.009526332
6512,valid,0,0.5249293
8473,valid,0,0.82021356
8389,valid,0,0.010342102
6445,valid,0,0.73487073
7534,valid,0,0.79092443
2775,valid,0,0.026251059
6669,valid,0,0.59091127
10833,valid,0,0.008782031
10241,valid,0,0.47388253
9369,valid,0,0.7646059
10012,valid,0,0.012884351
6380,valid,0,0.80495965
6683,valid,0,0.009526332
382,valid,0,0.029119829
3103,valid,0,0.010342102
490,valid,0,0.008453257
6023,valid,0,0.015413866
5749,valid,0,0.7226073
2386,valid,0,0.7726067
878,valid,0,0.81980735
8465,valid,0,0.009526332
2769,valid,0,0.83638126
6914,valid,0,0.025689892
10923,valid,0,0.48139265
6178,valid,0,0.39155063
917,valid,0,0.009526332
3642,valid,0,0.009556587
4526,valid,0,0.011727318
2449,valid,0,0.00847403
9134,valid,0,0.010230648
8394,valid,0,0.008622723
8404,valid,0,0.009526332
9386,valid,0,0.009526332
7824,valid,0,0.70448864
2258,valid,0,0.02560988
2654,valid,0,0.0071401997
10804,valid,0,0.011773215
6124,valid,0,0.75278753
9777,valid,0,0.8037642
6513,valid,0,0.31753194
3937,valid,0,0.74892294
885,valid,0,0.008447172
10238,valid,0,0.010342102
1112,valid,0,0.010230648
304,valid,0,0.013292993
7334,valid,0,0.009526332
7592,valid,0,0.71334076
7228,valid,0,0.010342102
3367,valid,0,0.7767181
6938,valid,0,0.11099378
3084,valid,0,0.5294329
10753,valid,0,0.018684246
1038,valid,0,0.010230648
1249,valid,0,0.009526332
10807,valid,0,0.80482584
3041,valid,0,0.6048497
8813,valid,0,0.57592016
1036,valid,0,0.009893065
2772,valid,0,0.010342102
9783,valid,0,0.70851403
3628,valid,0,0.010586834
6014,valid,0,0.0097432975
1092,valid,0,0.009506254
6339,valid,0,0.12612411
3757,valid,0,0.018910214
1998,valid,0,0.009526332
5352,valid,0,0.010342102
8470,valid,0,0.009526332
7490,valid,0,0.016955456
2675,valid,0,0.009526332
2193,valid,0,0.7287628
10773,valid,0,0.01037492
3684,valid,0,0.018910214
11058,valid,0,0.613392
7098,valid,0,0.008782031
3926,valid,0,0.43220496
6452,valid,0,0.009526332
6004,valid,0,0.013292993
1117,valid,0,0.009526332
4808,valid,0,0.79280883
6096,valid,0,0.009526332
9389,valid,0,0.008453257
5744,valid,0,0.018910214
938,valid,0,0.018910214
1088,valid,0,0.009526332
4542,valid,0,0.018910214
8807,valid,0,0.010901993
10823,valid,0,0.6953408
8409,valid,0,0.009526332
9569,valid,0,0.009526332
702,valid,0,0.018910214
6214,valid,0,0.009526332
5064,valid,0,0.009431843
4698,valid,0,0.0127668185
4105,valid,0,0.115246825
11006,valid,0,0.010901993
10771,valid,0,0.018669078
4469,valid,0,0.008782031
7351,valid,0,0.009526332
8493,valid,0,0.015290443
8811,valid,0,0.009526332
4821,valid,0,0.012034086
4591,valid,0,0.01428235
6506,valid,0,0.787124
7346,valid,0,0.012034086
8245,valid,0,0.009526332
3564,valid,0,0.019862192
6670,valid,0,0.012125389
9589,valid,0,0.008622723
9139,valid,0,0.009526332
9331,valid,0,0.028221149
1757,valid,0,0.008782031
430,valid,0,0.009556587
9383,valid,0,0.009526332
3936,valid,0,0.009526332
8279,valid,0,0.6725326
423,valid,0,0.009556587
484,valid,0,0.009526332
493,valid,0,0.01037492
2645,valid,0,0.4038722
5492,valid,0,0.015271982
5099,valid,0,0.010342102
1257,valid,0,0.011727318
8239,valid,0,0.009556587
7819,valid,0,0.018910214
931,valid,0,0.010230648
10232,valid,0,0.65672076
6465,valid,0,0.010342102
3927,valid,0,0.009526332
9766,valid,0,0.010230648
6117,valid,0,0.025720626
6331,valid,0,0.010342102
1565,valid,0,0.010342102
4581,valid,0,0.009712457
1568,valid,0,0.008622723
6530,valid,0,0.010342102
3644,valid,0,0.012841387
1742,valid,0,0.4089734
11004,valid,0,0.6748162
4123,valid,0,0.009526332
5083,valid,0,0.691022
4822,valid,0,0.01197959
11014,valid,0,0.013705421
4588,valid,0,0.012570411
4238,valid,0,0.009526332
6105,valid,0,0.016955456
7661,valid,0,0.5936222
1678,valid,0,0.015735218
2934,valid,0,0.009914437
6351,valid,0,0.009526332
8460,valid,0,0.009526332
4443,valid,0,0.7169819
7283,valid,0,0.8223877
10236,valid,0,0.010230648
6335,valid,0,0.009526332
1540,valid,0,0.009526332
797,valid,0,0.009526332
1417,valid,0,0.016425997
6321,valid,0,0.41031614
1728,valid,0,0.010342102
789,valid,0,0.008622723
10472,valid,0,0.009526332
3574,valid,0,0.01043039
4097,valid,0,0.011106055
806,valid,0,0.009526332
10011,valid,0,0.009072434
8794,valid,0,0.7470101
803,valid,0,0.009556587
5688,valid,0,0.80400586
8494,valid,0,0.018910214
1873,valid,0,0.021042434
4786,valid,0,0.010342102
894,valid,0,0.017060569
10588,valid,0,0.11917764
7588,valid,0,0.009526332
2227,valid,0,0.34034023
5067,valid,0,0.699664
4806,valid,0,0.009526332
10733,valid,0,0.83342195
6667,valid,0,0.010586834
2283,valid,0,0.5301509
6202,valid,0,0.01272653
9755,valid,0,0.010230648
9568,valid,0,0.010187523
930,valid,0,0.010342102
10337,valid,0,0.7196603
7538,valid,0,0.013292993
6682,valid,0,0.013705421
2659,valid,0,0.013705421
1050,valid,0,0.009526332
8258,valid,0,0.011106055
434,valid,0,0.30704048
10591,valid,0,0.71685636
5073,valid,0,0.016955456
8270,valid,0,0.9021271
8467,valid,0,0.012570411
512,valid,0,0.012570411
4585,valid,0,0.009526332
1251,valid,0,0.009526332
6935,valid,0,0.010155292
4104,valid,0,0.01462691
5089,valid,0,0.009526332
4697,valid,0,0.009526332
1158,valid,0,0.7088874
8912,valid,0,0.008453257
10931,valid,0,0.051560555
1151,valid,0,0.009365927
10219,valid,0,0.009526332
7445,valid,0,0.8242609
927,valid,0,0.0093956785
1961,valid,0,0.7752009
6181,valid,0,0.01428235
7331,valid,0,0.010230648
5062,valid,0,0.013624103
6635,valid,0,0.010342102
7240,valid,0,0.010342102
7237,valid,0,0.009526332
928,valid,0,0.59537417
10601,valid,0,0.79270214
903,valid,0,0.0127668185
2762,valid,0,0.009526332
4589,valid,0,0.009556587
4809,valid,0,0.014572297
6157,valid,0,0.009526332
3639,valid,0,0.010342102
8867,valid,0,0.8473237
8915,valid,0,0.6827175
8909,valid,0,0.77116144
10741,valid,0,0.009526332
6352,valid,0,0.3206442
5135,valid,0,0.85800225
53,valid,0,0.8041378
4162,valid,0,0.010901993
8276,valid,0,0.013309527
2936,valid,0,0.6326279
4599,valid,0,0.009526332
3026,valid,0,0.72753334
6154,valid,0,0.7661363
4759,valid,0,0.009526332
6520,valid,0,0.7264312
1084,valid,0,0.009526332
6186,valid,0,0.01037492
4770,valid,0,0.8008805
9132,valid,0,0.01037492
3055,valid,0,0.011727318
10345,valid,0,0.8646516
5059,valid,0,0.009526332
7525,valid,0,0.017689597
2673,valid,0,0.012034086
10147,valid,0,0.595871
4523,valid,0,0.84596336
764,valid,0,0.01263961
4110,valid,0,0.009526332
1891,valid,0,0.013705421
4004,valid,0,0.013705421
10723,valid,0,0.016955456
1882,valid,0,0.008622723
4239,valid,0,0.011727318
3930,valid,0,0.42260697
317,valid,0,0.009526332
10940,valid,0,0.011773215
8386,valid,0,0.6113512
1046,valid,0,0.011693103
2943,valid,0,0.013748766
9330,valid,0,0.009526332
3929,valid,0,0.3890112
906,valid,0,0.009526332
8901,valid,0,0.015058265
3562,valid,0,0.008453257
7099,valid,0,0.016955456
3935,valid,0,0.01037492
5952,valid,0,0.009526332
6909,valid,0,0.8402615
8097,valid,0,0.009072434
6566,valid,0,0.8508496
6487,valid,0,0.009526332
10401,valid,0,0.39914155
10765,valid,0,0.010342102
7360,valid,0,0.42198318
4592,valid,0,0.8119666
5445,valid,0,0.009526332
4796,valid,0,0.009556587
2667,valid,0,0.009526332
2840,valid,0,0.050462805
8275,valid,0,0.6007485
4236,valid,0,0.009556587
9149,valid,0,0.010230648
6179,valid,0,0.009556587
4874,valid,0,0.016694127
5737,valid,0,0.01037492
7333,valid,0,0.47423375
4769,valid,0,0.009526332
1761,valid,0,0.018659003
7540,valid,0,0.009072434
1836,valid,0,0.7864872
2653,valid,0,0.077099614
6525,valid,0,0.009526332
3924,valid,0,0.6881215
9154,valid,0,0.010342102
4114,valid,0,0.010230648
2926,valid,0,0.54026973
6464,valid,0,0.008782031
8913,valid,0,0.013624103
3083,valid,0,0.77799296
2469,valid,0,0.018910214
4795,valid,0,0.009526332
3629,valid,0,0.010187523
1252,valid,0,0.78497154
9260,valid,0,0.009556587
5434,valid,0,0.010342102
3436,valid,0,0.01428235
4555,valid,0,0.8813722
10036,valid,0,0.018910214
2720,valid,0,0.018910214
9131,valid,0,0.7023812
9361,valid,0,0.016403709
6690,valid,0,0.008622723
9263,valid,0,0.009526332
10938,valid,0,0.008782031
1105,valid,0,0.010342102
11057,valid,0,0.010342102
7487,valid,0,0.009526332
4451,valid,0,0.7312677
4977,valid,0,0.0248151
2705,valid,0,0.76800567
2253,valid,0,0.018910214
3085,valid,0,0.009526332
9137,valid,0,0.010342102
8613,valid,0,0.018910214
10592,valid,0,0.009078965
6527,valid,0,0.07762609
315,valid,0,0.016955456
10757,valid,0,0.009526332
1270,valid,0,0.010342102
421,valid,0,0.009528905
2949,valid,0,0.009526332
4701,valid,0,0.010342102
4785,valid,0,0.011727318
7330,valid,0,0.010342102
10850,valid,0,0.014852816
10585,valid,0,0.008782031
6442,valid,0,0.012491023
10736,valid,0,0.7750282
4829,valid,0,0.011727318
8664,valid,0,0.008447172
3640,valid,0,0.009526332
7743,valid,0,0.009526332
10463,valid,0,0.010342102
4540,valid,0,0.014322099
7827,valid,0,0.013642121
8503,valid,0,0.018910214
3928,valid,0,0.009526332
6455,valid,0,0.8376113
9339,valid,0,0.010586834
10465,valid,0,0.7058597
8897,valid,0,0.010342102
2387,valid,0,0.78970313
10317,valid,0,0.58526933
4828,valid,0,0.010586834
1734,valid,0,0.0136672
9268,valid,0,0.01037492
1749,valid,0,0.3495319
7728,valid,0,0.56583285
757,valid,0,0.018910214
787,valid,0,0.009526332
3024,valid,0,0.010342102
6169,valid,0,0.011727318
8388,valid,0,0.015873047
4988,valid,0,0.01428235
7182,valid,0,0.015413866
1951,valid,0,0.69122654
4766,valid,0,0.008782031
9146,valid,0,0.009431843
10237,valid,0,0.009526332
7094,valid,0,0.014899735
7348,valid,0,0.008782031
8827,valid,0,0.009526332
4527,valid,0,0.70752573
2717,valid,0,0.018910214
1132,valid,0,0.010342102
1143,valid,0,0.010342102
7736,valid,0,0.009526332
4445,valid,0,0.018910214
4008,valid,0,0.009526332
9765,valid,0,0.011727318
1265,valid,0,0.7170257
5354,valid,0,0.01037492
4024,valid,0,0.008453257
2682,valid,0,0.009526332
424,valid,0,0.009526332
10220,valid,0,0.009526332
300,valid,0,0.009526332
2260,valid,0,0.014852816
4695,valid,0,0.014852816
1101,valid,0,0.018507201
5751,valid,0,0.009526332
2832,valid,0,0.62378925
486,valid,0,0.33847475
929,valid,0,0.009556587
7590,valid,0,0.009526332
3698,valid,0,0.5673138
8267,valid,0,0.010342102
6213,valid,0,0.008782031
5096,valid,0,0.010230648
2763,valid,0,0.009526332
1831,valid,0,0.5650677
6921,valid,0,0.010342102
296,valid,0,0.82238877
6185,valid,0,0.009556587
5065,valid,0,0.010230648
6330,valid,0,0.7327976
7070,valid,0,0.39314875
10314,valid,0,0.81290656
1752,valid,0,0.6211552
7810,valid,0,0.018910214
899,valid,0,0.009526332
9377,valid,0,0.009526332
3633,valid,0,0.014242805
6379,valid,0,0.010230648
6930,valid,0,0.009526332
6561,valid,0,0.009526332
2931,valid,0,0.26580918
9138,valid,0,0.008453257
10745,valid,0,0.011106055
1100,valid,0,0.009526332
11053,valid,0,0.008782031
6109,valid,0,0.008782031
5526,valid,0,0.010342102
1886,valid,0,0.013659289
2002,valid,0,0.013196561
4006,valid,0,0.009526332
8505,valid,0,0.18294935
7347,valid,0,0.6491745
6206,valid,0,0.009556587
6378,valid,0,0.009526332
1127,valid,0,0.010901993
10809,valid,0,0.61669505
1730,valid,0,0.009526332
9737,valid,0,0.8282627
755,valid,0,0.72583807
4593,valid,0,0.009526332
10852,valid,0,0.01197959
306,valid,0,0.009526332
6221,valid,0,0.009526332
1109,valid,0,0.010342102
309,valid,0,0.01037492
4536,valid,0,0.011684521
8405,valid,0,0.009526332
3654,valid,0,0.009526332
481,valid,0,0.010342102
7235,valid,0,0.7463311
483,valid,0,0.009526332
1139,valid,0,0.3737241
1988,valid,0,0.010342102
10941,valid,0,0.009526332
9391,valid,0,0.010230648
10738,valid,0,0.011727318
2664,valid,0,0.011727318
5673,valid,0,0.01202827
10405,valid,0,0.75756776
7596,valid,0,0.010586834
4682,valid,0,0.84225047
6151,valid,0,0.47932136
6022,valid,0,0.7958226
9781,valid,0,0.009526332
2567,valid,0,0.010342102
5101,valid,0,0.010342102
7073,valid,0,0.022794865
8121,valid,0,0.010901993
6320,valid,0,0.010342102
10197,valid,0,0.8576968
1439,valid,0,0.24571995
7195,valid,0,0.008622723
4885,valid,0,0.5671389
7388,valid,0,0.01202827
7354,valid,0,0.009556587
4761,valid,0,0.013388805
6003,valid,0,0.23761494
4112,valid,0,0.01064714
4982,valid,0,0.011106055
3573,valid,0,0.009526332
3653,valid,0,0.56038976
1835,valid,0,0.64091814
7483,valid,0,0.7841978
7589,valid,0,0.010230648
4771,valid,0,0.6332817
2389,valid,0,0.7053947
495,valid,0,0.76968306
4974,valid,0,0.74463624
6508,valid,0,0.77369225
8236,valid,0,0.7882478
5437,valid,0,0.009526332
6563,valid,0,0.010155292
10462,valid,0,0.010155292
10845,valid,0,0.012688087
1149,valid,0,0.01272653
10315,valid,0,0.45639533
4987,valid,0,0.16478746
4683,valid,0,0.009365927
7081,valid,0,0.7849883
8906,valid,0,0.009526332
9351,valid,0,0.7647303
8272,valid,0,0.4259923
10761,valid,0,0.009526332
1992,valid,0,0.009526332
9150,valid,0,0.010921101
3038,valid,0,0.009556587
9362,valid,0,0.011727318
8243,valid,0,0.275459
4029,valid,0,0.48467436
10729,valid,0,0.7789844
801,valid,0,0.012826485
7584,valid,0,0.009526332
6336,valid,0,0.011727318
7046,valid,0,0.023834461
9434,valid,0,0.0149115035
1106,valid,0,0.009526332
3034,valid,0,0.010155292
1691,valid,0,0.76990426
2848,valid,0,0.71306884
5955,valid,0,0.6966024
2644,valid,0,0.2758797
3948,valid,0,0.009526332
8833,valid,0,0.6197512
1755,valid,0,0.7516322
9778,valid,0,0.7731013
2835,valid,0,0.81051296
8512,valid,0,0.011324011
4681,valid,0,0.0227207
1104,valid,0,0.018910214
1554,valid,0,0.6414204
8264,valid,0,0.7687225
425,valid,0,0.10311673
5061,valid,0,0.009526332
5435,valid,0,0.70618576
8401,valid,0,0.7156568
1160,valid,0,0.010155292
5827,valid,0,0.010342102
10926,valid,0,0.010342102
5750,valid,0,0.01954463
3446,valid,0,0.7168347
900,valid,0,0.6908368
6536,valid,0,0.010342102
3685,valid,0,0.010901993
7042,valid,0,0.86002904
6156,valid,0,0.009556587
923,valid,0,0.010342102
4811,valid,0,0.021979634
5310,valid,0,0.8087944
7571,valid,0,0.78063875
2771,valid,0,0.010230648
9253,valid,0,0.018910214
7122,valid,0,0.018910214
8406,valid,0,0.010230648
1727,valid,0,0.009526332
4442,valid,0,0.84126335
10146,valid,0,0.7633441
5348,valid,0,0.010475549
5490,valid,0,0.018910214
701,valid,0,0.018910214
10759,valid,0,0.009526332
11048,valid,0,0.009526332
891,valid,0,0.018910214
2001,valid,0,0.009526332
3075,valid,0,0.020774858
9246,valid,0,0.009072434
6175,valid,0,0.009526332
3057,valid,0,0.018910214
2089,valid,0,0.020774858
2391,valid,0,0.7877671
9518,valid,0,0.009072434
6098,valid,0,0.019675232
295,valid,0,0.012892996
5532,valid,0,0.020774858
7517,valid,0,0.022668349
4152,valid,0,0.020774858
7238,valid,0,0.010265656
1137,valid,0,0.010265656
4098,valid,0,0.013491142
7585,valid,0,0.82473904
6638,valid,0,0.01198663
7475,valid,0,0.7516643
5679,valid,0,0.018910214
7489,valid,0,0.01954463
8471,valid,0,0.009526332
10309,valid,0,0.009526332
9384,valid,0,0.6008755
8819,valid,0,0.30079383
10312,valid,0,0.008453257
5522,valid,0,0.009326093
4706,valid,0,0.012276924
8900,valid,0,0.010342102
1768,valid,0,0.014975462
4020,valid,0,0.5650677
759,valid,0,0.014611996
921,valid,0,0.012892996
6458,valid,0,0.010475549
1089,valid,0,0.69072855
9579,valid,0,0.011727318
5347,valid,0,0.010230648
4015,valid,0,0.011727318
10848,valid,0,0.009526332
4444,valid,0,0.58491045
8802,valid,0,0.016943213
1753,valid,0,0.7231183
6377,valid,0,0.20156081
2188,valid,0,0.62329453
8480,valid,0,0.018910214
1833,valid,0,0.0211139
10158,valid,0,0.02058397
4108,valid,0,0.012892996
10815,valid,0,0.010475549
3688,valid,0,0.020774858
7731,valid,0,0.4621908
3368,valid,0,0.42785156
2937,valid,0,0.46356186
4402,valid,0,0.25151113
6531,valid,0,0.85169584
3067,valid,0,0.02042102
7025,valid,0,0.012892996
6694,valid,0,0.020475151
1739,valid,0,0.011727318
10749,valid,0,0.009526332
8508,valid,0,0.014611996
8683,valid,0,0.80942124
3909,valid,0,0.74072796
5820,valid,0,0.01198663
3947,valid,0,0.3261534
2868,valid,0,0.020774858
7732,valid,0,0.16107269
10595,valid,0,0.012276924
9762,valid,0,0.4969936
10224,valid,0,0.009526332
8103,valid,0,0.020774858
4436,valid,0,0.7406883
8670,valid,0,0.020774858
4790,valid,0,0.012276924
4819,valid,0,0.009526332
2652,valid,0,0.018910214
3950,valid,0,0.5610486
8825,valid,0,0.010230648
7835,valid,0,0.8762539
8403,valid,0,0.009526332
3650,valid,0,0.009526332
7029,valid,0,0.016809776
3908,valid,0,0.011727318
6097,valid,0,0.79438484
10744,valid,0,0.0093956785
2932,valid,0,0.009526332
3070,valid,0,0.018910214
2650,valid,0,0.020774858
6685,valid,0,0.012120809
9382,valid,0,0.8673449
6919,valid,0,0.42485228
1442,valid,0,0.016654525
7548,valid,0,0.020774858
10846,valid,0,0.4660017
3035,valid,0,0.83078706
2577,valid,0,0.020774858
9258,valid,0,0.011727318
7184,valid,0,0.020774858
10803,valid,0,0.012892996
10842,valid,0,0.017672082
3901,valid,0,0.017672082
10838,valid,0,0.010230648
8795,valid,0,0.8801927
4016,valid,0,0.062765695
2839,valid,0,0.020774858
9277,valid,0,0.010342102
2578,valid,0,0.018910214
7822,valid,0,0.013225559
6543,valid,0,0.009556587
2672,valid,0,0.01601618
1049,valid,0,0.012276924
10943,valid,0,0.7102178
2707,valid,0,0.012892996
8622,valid,0,0.02421558
8363,valid,0,0.8755409
7188,valid,0,0.020774858
2249,valid,0,0.011727318
3094,valid,0,0.009556587
5082,valid,0,0.82663465
5058,valid,0,0.011727318
1772,valid,0,0.011727318
9388,valid,0,0.010155292
5137,valid,0,0.018910214
7730,valid,0,0.010508787
2472,valid,0,0.020774858
3444,valid,0,0.012276924
2677,valid,0,0.009526332
2580,valid,0,0.8165411
8123,valid,0,0.021205181
7572,valid,0,0.809653
5525,valid,0,0.0211139
1839,valid,0,0.16167663
9364,valid,0,0.018910214
2841,valid,0,0.8201669
5743,valid,0,0.4632341
5937,valid,0,0.00882636
7591,valid,0,0.012276924
756,valid,0,0.020774858
1125,valid,0,0.72772104
889,valid,0,0.75721794
6345,valid,0,0.009526332
6537,valid,0,0.13633685
2651,valid,0,0.018910214
1966,valid,0,0.018910214
7669,valid,0,0.018910214
754,valid,0,0.020774858
7357,valid,0,0.011727318
1954,valid,0,0.01198663
7340,valid,0,0.013181895
7587,valid,0,0.01857276
6666,valid,0,0.012892996
1153,valid,0,0.011727318
6503,valid,0,0.018176276
4678,valid,0,0.14651018
7481,valid,0,0.60015756
6383,valid,0,0.013975554
9772,valid,0,0.014019739
1124,valid,0,0.013975554
1035,valid,0,0.87840724
432,valid,0,0.01864227
5529,valid,0,0.5739361
10835,valid,0,0.6849202
10300,valid,0,0.82296485
5954,valid,0,0.8763879
5499,valid,0,0.010058297
8902,valid,0,0.2687512
3066,valid,0,0.01334599
7832,valid,0,0.20993307
5496,valid,0,0.012784006
2464,valid,0,0.06443369
6499,valid,0,0.1983217
7028,valid,0,0.099327646
2473,valid,0,0.008188413
8260,valid,0,0.010058297
11005,valid,0,0.010058297
788,valid,0,0.010058297
4415,valid,0,0.09544503
8107,valid,0,0.099739395
795,valid,0,0.01869098
7386,valid,0,0.23521854
11011,valid,0,0.16318822
3106,valid,0,0.1037125
10170,valid,0,0.10724065
5129,valid,0,0.18578115
4475,valid,0,0.014204106
10999,valid,0,0.05502671
308,valid,0,0.008188413
712,valid,0,0.008188413
6200,valid,0,0.008188413
1140,valid,0,0.008188413
7741,valid,0,0.21210997
3888,valid,0,0.009746666
9433,valid,0,0.07175915
7071,valid,0,0.010058297
1448,valid,0,0.17420922
2564,valid,0,0.15586805
10772,valid,0,0.1928452
3365,valid,0,0.15248598
6017,valid,0,0.23383656
9528,valid,0,0.36950397
2211,valid,0,0.19502884
893,valid,0,0.011018599
5457,valid,0,0.010250174
6466,valid,0,0.010058297
10200,valid,0,0.010058297
6266,valid,0,0.16167904
1128,valid,0,0.009746666
4691,valid,0,0.009746666
10043,valid,0,0.09807005
6160,valid,0,0.21297179
8257,valid,0,0.05599022
10478,valid,0,0.17245805
805,valid,0,0.030890025
8479,valid,0,0.008315405
1048,valid,0,0.2594313
426,valid,0,0.14294782
3017,valid,0,0.15145038
4775,valid,0,0.01482036
8801,valid,0,0.009395483
6907,valid,0,0.035256933
7047,valid,0,0.13463898
7658,valid,0,0.009395483
10214,valid,0,0.12349223
8487,valid,0,0.08982107
8355,valid,0,0.0144763775
5427,valid,0,0.0144763775
384,valid,0,0.27786526
4094,valid,0,0.13814695
381,valid,0,0.0144763775
7389,valid,0,0.060590975
8244,valid,0,0.010058297
9512,valid,0,0.010058297
1889,valid,0,0.06933371
5828,valid,0,0.21601778
4027,valid,0,0.3438077
2088,valid,0,0.008188413
2078,valid,0,0.011311503
7186,valid,0,0.08872166
7189,valid,0,0.18904233
902,valid,0,0.010058297
5819,valid,0,0.008188413
5507,valid,0,0.09897323
11003,valid,0,0.20917304
10005,valid,0,0.008188413
4553,valid,0,0.16770278
513,valid,0,0.07240085
1887,valid,0,0.013575681
8864,valid,0,0.21224168
9571,valid,0,0.09087052
6348,valid,0,0.008545806
8854,valid,0,0.0091783
10764,valid,0,0.17489664
767,valid,0,0.010169034
2003,valid,0,0.009499872
1547,valid,0,0.33169797
10826,valid,0,0.009499872
2451,valid,0,0.0091783
5070,valid,0,0.009046924
796,valid,0,0.009365628
3447,valid,0,0.009499872
4107,valid,0,0.009499872
5515,valid,0,0.013784404
6355,valid,0,0.009716145
2704,valid,0,0.0091783
8398,valid,0,0.1072819
6099,valid,0,0.009046924
1268,valid,0,0.013784404
7290,valid,0,0.105693586
9249,valid,0,0.16954604
8673,valid,0,0.012287516
4011,valid,0,0.17482655
4779,valid,0,0.18103117
520,valid,0,0.0121523775
5430,valid,0,0.012879245
6196,valid,0,0.009046924
1991,valid,0,0.013453142
6459,valid,0,0.009046924
1456,valid,0,0.019530965
3651,valid,0,0.012637664
7828,valid,0,0.013007126
9485,valid,0,0.011881174
1735,valid,0,0.14461716
6500,valid,0,0.0618653
4979,valid,0,0.013007126
10817,valid,0,0.008675223
9328,valid,0,0.012043103
2470,valid,0,0.013784404
8746,valid,0,0.011881174
1890,valid,0,0.011881174
9745,valid,0,0.016371697
1042,valid,0,0.009365628
8809,valid,0,0.014130204
302,valid,0,0.012114005
8658,valid,0,0.017045684
9551,valid,0,0.017763367
5671,valid,0,0.011881174
8869,valid,0,0.14224605
6322,valid,0,0.024039285
9347,valid,0,0.11443798
6470,valid,0,0.28679314
7230,valid,0,0.012838608
3366,valid,0,0.013784404
2200,valid,0,0.28474295
6324,valid,0,0.009716145
8858,valid,0,0.11083146
1762,valid,0,0.2313739
8475,valid,0,0.11966956
2467,valid,0,0.0091783
5824,valid,0,0.013784404
322,valid,0,0.20382595
5132,valid,0,0.014781901
8621,valid,0,0.007647868
8108,valid,0,0.013784404
7521,valid,0,0.19943675
8606,valid,0,0.014014626
1162,valid,0,0.014014626
3370,valid,0,0.104225524
4422,valid,0,0.0121523775
6349,valid,0,0.16894564
3114,valid,0,0.010202253
1877,valid,0,0.008545806
9780,valid,0,0.012114005
9746,valid,0,0.03157824
809,valid,0,0.018841278
5536,valid,0,0.011843641
9514,valid,0,0.15395658
4973,valid,0,0.013542324
4398,valid,0,0.268899
10768,valid,0,0.009499872
2925,valid,0,0.009046924
10037,valid,0,0.0112485
10722,valid,0,0.013131135
10306,valid,0,0.009046924
10155,valid,0,0.20840882
3374,valid,0,0.13276675
9143,valid,0,0.009046924
5448,valid,0,0.011311503
1085,valid,0,0.09692034
9564,valid,0,0.013542324
6340,valid,0,0.009046924
6112,valid,0,0.049498346
2212,valid,0,0.3230014
7344,valid,0,0.009499872
9588,valid,0,0.009046924
881,valid,0,0.008880399
3082,valid,0,0.009296288
10234,valid,0,0.009716145
6565,valid,0,0.009046924
1745,valid,0,0.09577476
9266,valid,0,0.009046924
3113,valid,0,0.009046924
9375,valid,0,0.009365628
8617,valid,0,0.010409307
3563,valid,0,0.009046924
6002,valid,0,0.09310084
6937,valid,0,0.009046924
9486,valid,0,0.0144763775
2553,valid,0,0.11493108
4400,valid,0,0.31519136
4468,valid,0,0.009046924
6492,valid,0,0.16587947
10841,valid,0,0.16994126
6089,valid,0,0.009499872
2581,valid,0,0.009499872
6920,valid,0,0.29913557
2561,valid,0,0.008188413
6325,valid,0,0.010629173
1875,valid,0,0.0091783
2191,valid,0,0.01889659
10205,valid,0,0.008709655
3042,valid,0,0.009499872
8273,valid,0,0.01011495
3631,valid,0,0.009046924
6934,valid,0,0.013161002
4826,valid,0,0.009046924
7580,valid,0,0.089677505
898,valid,0,0.01011495
6915,valid,0,0.17198792
3912,valid,0,0.017763367
301,valid,0,0.009499872
8098,valid,0,0.06443107
4014,valid,0,0.009046924
1253,valid,0,0.009046924
8832,valid,0,0.009046924
10240,valid,0,0.10283154
6211,valid,0,0.21341898
10009,valid,0,0.10191553
6495,valid,0,0.04155884
8736,valid,0,0.35536337
10853,valid,0,0.009046924
5440,valid,0,0.17473811
1040,valid,0,0.056804307
525,valid,0,0.14296535
8241,valid,0,0.009499872
2714,valid,0,0.13618468
3566,valid,0,0.05400165
3054,valid,0,0.15017438
3053,valid,0,0.013702721
9573,valid,0,0.009046924
8368,valid,0,0.03325849
10239,valid,0,0.016388284
8680,valid,0,0.19922043
3933,valid,0,0.009046924
6329,valid,0,0.009365628
9336,valid,0,0.009046924
5350,valid,0,0.009046924
4975,valid,0,0.010058297
1129,valid,0,0.24634865
10933,valid,0,0.009046924
9374,valid,0,0.009365628
1783,valid,0,0.044011395
7124,valid,0,0.010058297
9770,valid,0,0.009317206
2074,valid,0,0.35209185
373,valid,0,0.009395483
7078,valid,0,0.009499872
1723,valid,0,0.203208
4813,valid,0,0.009046924
8614,valid,0,0.1905372
4802,valid,0,0.008033795
4890,valid,0,0.010082012
6193,valid,0,0.21091948
5739,valid,0,0.36135492
4580,valid,0,0.009046924
1960,valid,0,0.5538151
9771,valid,0,0.5515906
6094,valid,1,0.32052836
1778,valid,0,0.2999779
4787,valid,0,0.009046924
10818,valid,0,0.008675223
3749,valid,0,0.60985047
2757,valid,0,0.009537767
8507,valid,0,0.45820278
8496,valid,0,0.45401353
807,valid,0,0.010015041
7345,valid,0,0.010015041
7546,valid,0,0.007837347
6538,valid,0,0.009537767
7284,valid,0,0.3024529
1999,valid,0,0.00794759
4544,valid,0,0.3374602
9255,valid,0,0.5885148
1451,valid,0,0.009443165
2083,valid,0,0.18459898
10461,valid,0,0.009800525
11009,valid,0,0.009800525
3949,valid,0,0.20678963
10049,valid,0,0.7374174
4768,valid,0,0.009537767
8821,valid,0,0.48769486
5458,valid,0,0.014977952
10726,valid,0,0.007837347
2837,valid,0,0.009179323
1764,valid,0,0.009537767
1118,valid,0,0.5175231
11056,valid,0,0.01487055
6484,valid,0,0.009537767
10779,valid,0,0.009537767
5953,valid,0,0.009537767
6553,valid,0,0.24733466
4125,valid,0,0.37648284
9337,valid,0,0.37578702
6560,valid,0,0.007577435
485,valid,0,0.23499529
10763,valid,0,0.009800525
7474,valid,0,0.009537767
9393,valid,0,0.080479585
3020,valid,0,0.009537767
3751,valid,0,0.008179542
5958,valid,0,0.010015041
4113,valid,0,0.010015041
4237,valid,0,0.016469635
4597,valid,0,0.009537767
1771,valid,0,0.44700122
3110,valid,0,0.009926333
9757,valid,0,0.009873588
5514,valid,0,0.17016408
6905,valid,0,0.009537767
6673,valid,0,0.009537767
10396,valid,0,0.15348674
10728,valid,0,0.41263005
4801,valid,0,0.50426656
3503,valid,0,0.75462884
1098,valid,0,0.00879258
940,valid,0,0.48071724
5056,valid,0,0.010015041
8826,valid,0,0.009537767
2851,valid,0,0.019508729
785,valid,0,0.009568058
1091,valid,0,0.009537767
1150,valid,0,0.010015041
1164,valid,0,0.35420454
11008,valid,0,0.42017427
4676,valid,0,0.009537767
8263,valid,0,0.009537767
3033,valid,0,0.009537767
10600,valid,0,0.009873588
10719,valid,0,0.52946967
2842,valid,0,0.1894653
1963,valid,0,0.4455841
5060,valid,0,0.54018265
10162,valid,0,0.011373601
6346,valid,0,0.27928576
11050,valid,0,0.009537767
6555,valid,0,0.009904935
7337,valid,0,0.010015041
1829,valid,0,0.010015041
7820,valid,0,0.008633083
3099,valid,0,0.008633083
1266,valid,0,0.010015041
7327,valid,0,0.35554603
1834,valid,0,0.0107550975
2465,valid,0,0.01810271
10734,valid,0,0.009537767
8823,valid,0,0.009537767
10594,valid,0,0.012152917
10782,valid,0,0.23002717
9380,valid,0,0.009568058
2766,valid,0,0.14163981
6486,valid,0,0.6770397
3944,valid,0,0.009537767
1827,valid,0,0.010015041
8637,valid,0,0.7189349
8903,valid,0,0.009568058
6477,valid,0,0.009537767
1269,valid,0,0.010015041
489,valid,0,0.38228115
1263,valid,0,0.2244275
5351,valid,0,0.010599528
2872,valid,0,0.008179542
8247,valid,0,0.009800525
6511,valid,0,0.012174241
6539,valid,0,0.012741757
700,valid,0,0.53664213
9593,valid,0,0.11277107
4404,valid,0,0.006891743
10762,valid,0,0.010015041
945,valid,0,0.010604295
6222,valid,0,0.010015041
3441,valid,0,0.013908231
2663,valid,0,0.008205555
10145,valid,0,0.00878517
431,valid,0,0.30212542
6205,valid,0,0.030312786
918,valid,0,0.007587571
5672,valid,0,0.012174241
10242,valid,0,0.009537767
7581,valid,0,0.009537767
1157,valid,0,0.015800947
7035,valid,0,0.025962336
9575,valid,0,0.009568058
8490,valid,0,0.56601304
6000,valid,0,0.15689589
4120,valid,0,0.009537767
1121,valid,0,0.20770593
5736,valid,0,0.010015041
8266,valid,0,0.20684123
1428,valid,0,0.010408407
4704,valid,0,0.010408407
10769,valid,0,0.013640389
4818,valid,0,0.009179323
6158,valid,0,0.5604993
1152,valid,0,0.010599528
2075,valid,0,0.0109150605
6150,valid,0,0.581469
314,valid,0,0.32694384
6446,valid,0,0.5664605
4679,valid,0,0.45728132
8390,valid,0,0.4043731
7318,valid,0,0.009537767
1537,valid,0,0.01024292
4018,valid,0,0.009537767
8262,valid,0,0.0119939335
7102,valid,0,0.009537767
3049,valid,0,0.7637257
1264,valid,0,0.009537767
2666,valid,0,0.009537767
10475,valid,0,0.6084777
2938,valid,0,0.009537767
6490,valid,0,0.009537767
3918,valid,0,0.014004541
1126,valid,0,0.48966628
4783,valid,0,0.009537767
8830,valid,0,0.010652747
6535,valid,0,0.009537767
4700,valid,0,0.009568058
9264,valid,0,0.017029162
1845,valid,0,0.009098273
9275,valid,0,0.009537767
6904,valid,0,0.009537767
2455,valid,0,0.69137454
9155,valid,0,0.010015041
4788,valid,0,0.010015041
9267,valid,0,0.6577827
4794,valid,0,0.5337427
6192,valid,0,0.011144576
10165,valid,0,0.013076334
6548,valid,0,0.009537767
7187,valid,0,0.43371117
8246,valid,0,0.009537767
10836,valid,0,0.00879258
6201,valid,0,0.009568058
8489,valid,0,0.48821506
5518,valid,0,0.016975654
8679,valid,0,0.009973273
10766,valid,0,0.011383261
323,valid,0,0.011383261
1751,valid,0,0.009537767
6104,valid,0,0.009904935
5079,valid,0,0.7643723
9768,valid,0,0.011137164
1271,valid,0,0.019105155
6552,valid,0,0.32915664
3632,valid,0,0.38019785
4692,valid,0,0.009537767
6182,valid,0,0.54528993
9352,valid,0,0.75105196
4474,valid,0,0.6864934
522,valid,0,0.5870496
4798,valid,0,0.009537767
1148,valid,0,0.010015041
4247,valid,0,0.010046832
7573,valid,0,0.008463415
6534,valid,0,0.009568058
793,valid,0,0.009537767
10740,valid,0,0.010046832
6692,valid,0,0.70199996
4124,valid,0,0.010015041
7132,valid,0,0.014902379
7356,valid,0,0.014902379
3100,valid,0,0.0107550975
7748,valid,0,0.009537767
7087,valid,0,0.01704812
10217,valid,0,0.017363766
10831,valid,0,0.009058577
1997,valid,0,0.009861754
5345,valid,0,0.014362213
5353,valid,0,0.009914437
5740,valid,0,0.009526332
7342,valid,0,0.010015041
1996,valid,0,0.16939342
56,valid,0,0.747932
6341,valid,0,0.009537767
5950,valid,0,0.80751073
10346,valid,0,0.41189936
427,valid,0,0.009526332
4406,valid,0,0.20667782
5077,valid,0,0.010015041
4472,valid,0,0.2639084
7079,valid,0,0.01272653
330,valid,0,0.014773701
6204,valid,0,0.7744801
6188,valid,0,0.01000304
9584,valid,0,0.37073398
2929,valid,0,0.009537767
6333,valid,0,0.009526332
7583,valid,0,0.008622723
3093,valid,0,0.68998325
3686,valid,0,0.7127326
8253,valid,0,0.82415766
9496,valid,0,0.6167558
4233,valid,0,0.009526332
1250,valid,0,0.008463415
6381,valid,0,0.57659
3112,valid,0,0.01000304
5357,valid,0,0.30017868
487,valid,0,0.009526332
5521,valid,0,0.009526332
911,valid,0,0.82663
10942,valid,0,0.05119784
1541,valid,0,0.019160418
9153,valid,0,0.016955456
1847,valid,0,0.009526332
8396,valid,0,0.008453257
905,valid,0,0.59459156
3570,valid,0,0.009861754
5746,valid,0,0.009537767
6939,valid,0,0.01000304
10927,valid,0,0.009556587
10473,valid,0,0.009537767
1758,valid,0,0.5705644
8249,valid,0,0.009621858
2471,valid,0,0.009861754
8477,valid,0,0.13827184
10477,valid,0,0.009537767
2466,valid,0,0.80987394
1682,valid,0,0.024890058
9348,valid,0,0.009526332
1534,valid,0,0.49779534
429,valid,0,0.015203635
8491,valid,0,0.013377308
5429,valid,0,0.106457
3039,valid,0,0.009556587
7735,valid,0,0.81797373
8393,valid,0,0.01000304
7811,valid,0,0.01000304
3560,valid,0,0.01000304
9586,valid,0,0.009526332
7095,valid,0,0.009861754
8862,valid,0,0.7887645
9429,valid,0,0.012469168
4577,valid,0,0.014257406
7537,valid,0,0.47198498
3438,valid,0,0.01000304
1145,valid,0,0.009526332
8798,valid,0,0.014827044
4804,valid,0,0.01000304
7239,valid,0,0.016211014
9329,valid,0,0.076774955
10739,valid,0,0.014852816
9760,valid,0,0.009526332
1052,valid,0,0.6077664
4784,valid,0,0.01000304
6684,valid,0,0.008169722
9359,valid,0,0.008169722
4122,valid,0,0.009526332
2761,valid,0,0.009526332
7350,valid,0,0.011310255
10206,valid,0,0.008607577
1044,valid,0,0.01634613
385,valid,0,0.17838109
2397,valid,0,0.3903578
3028,valid,0,0.008758494
1086,valid,0,0.009526332
4529,valid,0,0.15671843
1057,valid,0,0.009526332
8790,valid,0,0.2579194
9759,valid,0,0.04477816
8817,valid,0,0.026160369
2843,valid,0,0.4458912
4602,valid,0,0.53985834
3630,valid,0,0.009526332
10460,valid,0,0.009526332
9392,valid,0,0.009526332
6451,valid,0,0.01000304
9494,valid,0,0.011575934
8815,valid,0,0.009526332
1550,valid,0,0.009526332
4762,valid,0,0.009526332
8486,valid,0,0.013810709
7733,valid,0,0.24555685
6103,valid,0,0.009526332
8678,valid,0,0.35236698
6518,valid,0,0.07417945
7248,valid,0,0.58840215
800,valid,0,0.009526332
4245,valid,0,0.009526332
6342,valid,0,0.01000304
6668,valid,0,0.01000304
5680,valid,0,0.008622723
3889,valid,0,0.009526332
4699,valid,0,0.009526332
8122,valid,0,0.015809871
3080,valid,0,0.5729737
2658,valid,0,0.017689597
10302,valid,0,0.009526332
5745,valid,0,0.009526332
6542,valid,0,0.5756372
10721,valid,0,0.009526332
7359,valid,0,0.009526332
6476,valid,0,0.012034086
7361,valid,0,0.009893065
937,valid,0,0.023939664
5944,valid,0,0.1333442
8365,valid,0,0.7474892
10231,valid,0,0.7708835
6090,valid,0,0.009526332
9775,valid,0,0.6541988
1766,valid,0,0.009914437
7129,valid,0,0.02160315
741,valid,0,0.013195337
907,valid,0,0.013195337
7471,valid,0,0.091528244
418,valid,0,0.18458723
10806,valid,0,0.58600736
1746,valid,0,0.01000304
8904,valid,0,0.46885514
4552,valid,0,0.008169722
5086,valid,0,0.009556587
4480,valid,0,0.009556587
6111,valid,0,0.27575728
3087,valid,0,0.5445239
9582,valid,0,0.013624103
1449,valid,0,0.55035186
3765,valid,0,0.008169722
9135,valid,0,0.009526332
10939,valid,0,0.009526332
2942,valid,0,0.017871195
5355,valid,0,0.009526332
1780,valid,0,0.009526332
8831,valid,0,0.7149452
6569,valid,0,0.009526332
1538,valid,0,0.28925383
9152,valid,0,0.45583484
3044,valid,0,0.7578283
6183,valid,0,0.009526332
2669,valid,0,0.009526332
4007,valid,0,0.009526332
11007,valid,0,0.22037628
5302,valid,0,0.24406318
7579,valid,0,0.008453257
1545,valid,0,0.009893065
8277,valid,0,0.009526332
9773,valid,0,0.014852816
6166,valid,0,0.01000304
5945,valid,0,0.011727318
1099,valid,0,0.01000304
7291,valid,0,0.49602416
5063,valid,0,0.5310404
9442,valid,0,0.014659687
10474,valid,0,0.56500864
6374,valid,0,0.009058577
6108,valid,0,0.009556587
10750,valid,0,0.009526332
419,valid,0,0.009556587
7319,valid,0,0.009556587
3923,valid,0,0.008169722
1047,valid,0,0.017343113
4030,valid,0,0.009526332
10742,valid,0,0.011727318
6689,valid,0,0.009861754
4810,valid,0,0.01000304
9438,valid,0,0.013810709
2680,valid,0,0.009058577
5438,valid,0,0.008782031
8917,valid,0,0.009526332
1116,valid,0,0.01683818
10936,valid,0,0.009526332
2882,valid,0,0.02658481
3076,valid,0,0.02658481
8242,valid,0,0.014791577
3046,valid,0,0.009526332
7539,valid,0,0.011727318
3634,valid,0,0.32192987
6912,valid,0,0.01000304
808,valid,0,0.008782031
6674,valid,0,0.009526332
10767,valid,0,0.78635037
5072,valid,0,0.01000304
7038,valid,0,0.6183364
3019,valid,0,0.79495126
7738,valid,0,0.57487166
8728,valid,0,0.6661713
7328,valid,0,0.01000304
1685,valid,0,0.01000304
1255,valid,0,0.009526332
9437,valid,0,0.010901993
10310,valid,0,0.009526332
4025,valid,0,0.009526332
7744,valid,0,0.01000304
6208,valid,0,0.008782031
1054,valid,0,0.009526332
6634,valid,0,0.10185322
3641,valid,0,0.010742219
7524,valid,0,0.7285288
4550,valid,0,0.3029989
6923,valid,0,0.009526332
5957,valid,0,0.01197959
7737,valid,0,0.009526332
3102,valid,0,0.009526332
1841,valid,0,0.009526332
377,valid,0,0.01000304
4827,valid,0,0.01000304
10199,valid,0,0.013821202
8737,valid,0,0.016694127
4760,valid,0,0.19584116
10851,valid,0,0.06021544
3068,valid,0,0.05409202
6152,valid,0,0.008782031
6472,valid,0,0.009526332
11052,valid,0,0.009526332
1844,valid,0,0.65978664
9338,valid,0,0.009861754
10781,valid,0,0.37273663
1779,valid,0,0.01000304
9144,valid,0,0.009526332
10052,valid,0,0.67783594
2945,valid,0,0.009526332
7742,valid,0,0.014773701
9141,valid,0,0.009526332
2681,valid,0,0.009526332
6274,valid,0,0.008195705
7082,valid,0,0.009526332
7358,valid,0,0.8052758
6184,valid,0,0.009526332
6102,valid,0,0.009526332
6479,valid,0,0.01000304
10303,valid,0,0.009526332
9767,valid,0,0.5910058
4600,valid,0,0.009526332
10227,valid,0,0.016694127
7034,valid,0,0.52830875
1163,valid,0,0.009526332
10459,valid,0,0.7283935
8870,valid,0,0.015890673
9136,valid,0,0.013292993
10932,valid,0,0.009526332
1776,valid,0,0.009556587
6225,valid,0,0.009526332
10811,valid,0,0.015613762
4130,valid,0,0.009556587
4453,valid,0,0.6336002
6925,valid,0,0.01000304
6693,valid,0,0.009526332
7746,valid,0,0.008453257
6107,valid,0,0.014852816
8899,valid,0,0.009526332
297,valid,0,0.01805224
10313,valid,0,0.0170089
4126,valid,0,0.009861754
6686,valid,0,0.010034794
6462,valid,0,0.012601634
8624,valid,0,0.012601634
1419,valid,0,0.57885605
310,valid,0,0.009556587
7468,valid,0,0.012496288
8796,valid,0,0.076774955
3056,valid,0,0.009526332
6191,valid,0,0.009526332
1556,valid,0,0.01000304
2390,valid,0,0.008195705
10752,valid,0,0.15460326
1987,valid,0,0.009556587
4814,valid,0,0.009526332
11047,valid,0,0.009556587
1532,valid,0,0.010230648
7570,valid,0,0.7039013
5097,valid,0,0.013624103
9552,valid,0,0.013854381
9430,valid,0,0.011617121
10464,valid,0,0.011617121
9332,valid,0,0.009556587
9278,valid,0,0.010052578
9381,valid,0,0.7655304
6018,valid,0,0.8620554
10584,valid,0,0.009526332
6631,valid,0,0.010684132
4773,valid,0,0.010424441
7322,valid,0,0.025579846
4705,valid,0,0.009526332
6119,valid,0,0.7423969
7282,valid,0,0.02367332
5103,valid,0,0.009861754
6677,valid,0,0.009526332
6220,valid,0,0.010650345
4017,valid,0,0.009556587
8824,valid,0,0.009526332
8265,valid,0,0.009526332
4824,valid,0,0.010650345
2457,valid,0,0.015890673
1535,valid,0,0.009526332
1962,valid,0,0.02367332
4685,valid,0,0.020818755
3571,valid,0,0.0170089
1576,valid,0,0.5319448
10587,valid,0,0.009526332
6540,valid,0,0.77581215
8492,valid,0,0.012601634
4028,valid,0,0.012601634
4095,valid,0,0.8355718
10468,valid,0,0.01000304
4596,valid,0,0.01805224
3504,valid,0,0.008774629
5078,valid,0,0.009526332
10998,valid,0,0.013777632
10717,valid,0,0.010230648
422,valid,0,0.016955456
7664,valid,0,0.70056695
1438,valid,0,0.014852816
4026,valid,0,0.014852816
9432,valid,0,0.64831537
3896,valid,0,0.5084625
4019,valid,0,0.009526332
4594,valid,0,0.01000304
10735,valid,0,0.009526332
7321,valid,0,0.01000304
4687,valid,0,0.009526332
10837,valid,0,0.008134625
6164,valid,0,0.01000304
7093,valid,0,0.055442616
10457,valid,0,0.009526332
5436,valid,0,0.01000304
3448,valid,0,0.009526332
6171,valid,0,0.01000304
7390,valid,0,0.75792533
1549,valid,0,0.009526332
4823,valid,0,0.00972865
2774,valid,0,0.01000304
5423,valid,0,0.009526332
6373,valid,0,0.01000304
9349,valid,0,0.009526332
1120,valid,0,0.009526332
2764,valid,0,0.7475418
1043,valid,0,0.009526332
10760,valid,0,0.6840807
4586,valid,0,0.8218984
6323,valid,0,0.01000304
3575,valid,0,0.3407775
7086,valid,0,0.009861754
8259,valid,0,0.008782031
7183,valid,0,0.010034794
3648,valid,0,0.008195705
3108,valid,0,0.009526332
7092,valid,0,0.010034794
4012,valid,0,0.58476883
3090,valid,0,0.01064714
4780,valid,0,0.013624103
4117,valid,0,0.017640851
6516,valid,0,0.016955456
9274,valid,0,0.53275543
8461,valid,0,0.08820778
4023,valid,0,0.009664602
6478,valid,0,0.01000304
2767,valid,0,0.009556587
10469,valid,0,0.015607675
1108,valid,0,0.011727318
6021,valid,0,0.6881306
6088,valid,0,0.008607577
9562,valid,0,0.008607577
6910,valid,0,0.2749321
1726,valid,0,0.008453257
1769,valid,0,0.009526332
515,valid,0,0.014727174
6454,valid,0,0.4028839
3037,valid,0,0.009526332
4587,valid,0,0.71644837
6262,valid,0,0.22351092
6467,valid,0,0.009526332
312,valid,0,0.8488695
8630,valid,0,0.013777632
4799,valid,0,0.009526332
3767,valid,0,0.008622723
4889,valid,0,0.018910214
2844,valid,0,0.018910214
4584,valid,0,0.009526332
3021,valid,0,0.7097359
926,valid,0,0.009914437
9756,valid,0,0.010034794
5406,valid,0,0.010034794
1262,valid,0,0.4757986
9376,valid,0,0.014756345
7287,valid,0,0.5475847
3079,valid,0,0.009526332
3932,valid,0,0.01000304
9341,valid,0,0.01000304
4483,valid,0,0.009526332
10776,valid,0,0.009526332
6263,valid,0,0.8292619
4106,valid,0,0.009526332
8740,valid,0,0.031033257
2225,valid,0,0.020341607
6927,valid,0,0.009861754
10730,valid,0,0.018061997
1113,valid,0,0.008453257
10808,valid,0,0.017343113
6933,valid,0,0.014727016
7236,valid,0,0.008005016
6128,valid,0,0.7980824
6025,valid,0,0.8373864
7577,valid,0,0.011123833
5441,valid,0,0.01000304
294,valid,0,0.009526332
8261,valid,0,0.009526332
4680,valid,0,0.01000304
3043,valid,0,0.7519458
5511,valid,0,0.009526332
10751,valid,0,0.72650117
7339,valid,0,0.48479873
3040,valid,0,0.009058577
8611,valid,0,0.013426651
10403,valid,0,0.02658481
3018,valid,0,0.022970172
4127,valid,0,0.009556587
8132,valid,0,0.012884351
3032,valid,0,0.010230648
1155,valid,0,0.009914437
6556,valid,0,0.010034794
8908,valid,0,0.009556587
5139,valid,0,0.20051056
2940,valid,0,0.009964369
794,valid,0,0.01733183
6502,valid,0,0.6996223
2585,valid,0,0.008447172
7323,valid,0,0.010342102
6190,valid,0,0.3208446
10727,valid,0,0.009526332
10819,valid,0,0.016955456
7582,valid,0,0.01000304
10348,valid,0,0.010901993
6173,valid,0,0.009526332
8910,valid,0,0.008453257
9516,valid,0,0.71571255
7033,valid,0,0.6978923
6224,valid,0,0.015271982
5425,valid,0,0.009556587
10754,valid,0,0.27412605
7243,valid,0,0.010230648
10038,valid,0,0.45043144
6203,valid,0,0.01181626
7574,valid,0,0.009526332
9372,valid,0,0.014651093
6447,valid,0,0.0136672
4419,valid,0,0.0100634685
8822,valid,0,0.009526332
8469,valid,0,0.010586834
5432,valid,0,0.009526332
10934,valid,0,0.009556587
8828,valid,0,0.6464965
8859,valid,0,0.63700867
2684,valid,0,0.009861754
305,valid,0,0.010342102
8808,valid,0,0.010342102
10305,valid,0,0.010342102
10467,valid,0,0.009556587
428,valid,0,0.0088591045
433,valid,0,0.008782031
1122,valid,0,0.009526332
5832,valid,0,0.008447172
8402,valid,0,0.010342102
7126,valid,0,0.79203886
10813,valid,0,0.7229279
4450,valid,0,0.016694127
9492,valid,0,0.018910214
9353,valid,0,0.8014909
7355,valid,0,0.009526332
1830,valid,0,0.2433856
10471,valid,0,0.009861754
2711,valid,0,0.025689892
9487,valid,0,0.019860806
10035,valid,0,0.7648496
5301,valid,0,0.4360112
8459,valid,0,0.7417363
8866,valid,0,0.027470335
9580,valid,0,0.7812276
6110,valid,0,0.009526332
9592,valid,0,0.008782031
10824,valid,0,0.01037492
1756,valid,0,0.010342102
2674,valid,0,0.010342102
920,valid,0,0.009526332
5742,valid,0,0.7782848
293,valid,0,0.009556587
7096,valid,0,0.01037492
492,valid,0,0.7094895
10924,valid,0,0.010342102
2214,valid,0,0.008622723
9356,valid,0,0.44827276
1146,valid,0,0.014852816
313,valid,0,0.009526332
4789,valid,0,0.011693103
7734,valid,0,0.012884351
10307,valid,0,0.75528395
9385,valid,0,0.009861754
6559,valid,0,0.010230648
5346,valid,0,0.010342102
6568,valid,0,0.009526332
10731,valid,0,0.011011104
8625,valid,0,0.006503469
934,valid,0,0.006503469
1452,valid,0,0.013705421
4595,valid,0,0.014852816
7341,valid,0,0.009526332
4013,valid,0,0.76926976
8250,valid,0,0.010391467
9764,valid,0,0.01197959
10299,valid,0,0.78620327
8278,valid,0,0.008453257
2671,valid,0,0.011727318
7740,valid,0,0.009526332
3511,valid,0,0.50924987
4118,valid,0,0.009526332
3951,valid,0,0.015716176
4541,valid,0,0.015716176
6680,valid,0,0.29599237
1096,valid,0,0.7769672
1883,valid,0,0.011637501
6463,valid,0,0.009526332
3107,valid,0,0.010342102
10996,valid,0,0.7056686
5424,valid,0,0.51365715
4470,valid,0,0.8345327
1110,valid,0,0.7782403
3437,valid,0,0.009526332
784,valid,0,0.010230648
1843,valid,0,0.009526332
3647,valid,0,0.009556587
3077,valid,0,0.010342102
4090,valid,0,0.57064545
4777,valid,0,0.009526332
1453,valid,0,0.009072434
4234,valid,0,0.009526332
7576,valid,0,0.008453257
2454,valid,0,0.38025796
2205,valid,0,0.37932903
517,valid,0,0.18247311
2446,valid,0,0.60470265
514,valid,0,0.49950245
10340,valid,0,0.7365367
2195,valid,0,0.7979879
8102,valid,0,0.6627404
2452,valid,0,0.8038843
708,valid,0,0.84142536
2724,valid,0,0.19458757
710,valid,0,0.7235298
10203,valid,0,0.76907045
4438,valid,0,0.8839196
2706,valid,0,0.11663015
4452,valid,0,0.798076
2453,valid,0,0.8203674
6115,valid,0,0.6145296
6114,valid,0,0.5843657
10202,valid,0,0.7962983
10342,valid,0,0.7388995
6123,valid,0,0.18570183
8111,valid,0,0.4562183
711,valid,0,0.3510036
528,valid,0,0.42579657
6121,valid,0,0.44546914
4437,valid,0,0.65642095
10194,valid,0,0.04093168
8109,valid,0,0.26435578
709,valid,0,0.64991504
10204,valid,0,0.063638754
2715,valid,0,0.29120827
8096,valid,0,0.013421598
7454,valid,0,0.1854492
10207,valid,0,0.011311503
2718,valid,0,0.79553264
10339,valid,0,0.14429209
2197,valid,0,0.6877993
7451,valid,0,0.8665151
2722,valid,0,0.52335453
10209,valid,0,0.31342995
527,valid,0,0.6678887
8106,valid,0,0.20124577
2445,valid,0,0.011311503
10338,valid,0,0.08753952
2712,valid,0,0.51274115
2719,valid,0,0.8509446
2201,valid,0,0.01428235
707,valid,0,0.59320074
10195,valid,0,0.8684779
6122,valid,0,0.784166
2189,valid,0,0.7663095
10344,valid,0,0.35566053
8095,valid,0,0.057802297
8800,valid,0,0.8045626
3750,valid,0,0.45815954
7067,valid,0,0.38594815
8799,valid,0,0.3866127
4984,valid,0,0.6670895
5412,valid,0,0.14940836
4401,valid,0,0.78126585
5535,valid,0,0.36606085
4417,valid,0,0.3124215
3766,valid,0,0.3391521
5416,valid,0,0.84731674
4981,valid,0,0.55215096
7074,valid,0,0.26565936
5534,valid,0,0.7705064
8623,valid,0,0.8035066
4978,valid,0,0.48426127
9373,valid,1,0.7793317
5409,valid,0,0.8269806
7066,valid,0,0.80514026
3903,valid,0,0.4337794
7120,valid,0,0.77587396
7075,valid,0,0.74246377
8632,valid,0,0.23248515
4412,valid,0,0.5619468
3902,valid,0,0.17641883
3756,valid,0,0.7683711
8797,valid,0,0.41492295
8631,valid,0,0.54425037
8483,valid,0,0.011311503
4413,valid,0,0.5335112
5413,valid,0,0.053448822
8499,valid,0,0.58765006
8498,valid,0,0.011311503
4414,valid,0,0.10217199
4411,valid,0,0.8444457
8805,valid,0,0.23299886
3900,valid,0,0.014276974
5358,valid,1,0.6532357
3755,valid,0,0.15783376
3758,valid,0,0.10934732
8804,valid,0,0.18716434
8634,valid,0,0.6414888
8803,valid,0,0.35821223
3763,valid,0,0.043341078
4985,valid,0,0.86791825
4409,valid,0,0.604121
351,valid,0,0.60886544
370,valid,0,0.06294903
2241,valid,0,0.8614548
10656,valid,0,0.670502
2234,valid,0,0.09692386
2067,valid,0,0.45681047
7640,valid,0,0.5850018
571,valid,0,0.2981203
154,valid,0,0.07007596
566,valid,0,0.77165705
10087,valid,1,0.5664958
8181,valid,0,0.05991619
6757,valid,0,0.1728571
2233,valid,0,0.19258732
577,valid,0,0.28001854
2232,valid,0,0.47003934
6761,valid,0,0.50302243
2246,valid,0,0.5017391
369,valid,0,0.008188413
10666,valid,0,0.7491485
1496,valid,0,0.4147538
565,valid,0,0.8703639
1495,valid,0,0.40809992
3322,valid,1,0.8010967
1497,valid,0,0.31750068
2239,valid,0,0.5897818
354,valid,0,0.6839411
1499,valid,0,0.8111074
2236,valid,0,0.012414995
150,valid,0,0.70733714
8182,valid,0,0.3297064
8175,valid,0,0.11083146
8176,valid,0,0.70189434
362,valid,0,0.46675745
145,valid,0,0.26965252
2063,valid,0,0.85359395
141,valid,0,0.07703197
2245,valid,0,0.36453855
1318,valid,0,0.19245158
1508,valid,0,0.3934042
7642,valid,0,0.13549528
575,valid,0,0.011311503
8177,valid,0,0.16032721
1348,valid,0,0.49222693
3013,valid,0,0.7417141
1186,valid,0,0.81148195
3014,valid,0,0.29246956
8375,valid,0,0.59876066
3597,valid,0,0.71888703
1358,valid,0,0.83603853
1676,valid,0,0.5374102
8224,valid,0,0.7020125
3602,valid,0,0.5979653
223,valid,1,0.5258107
7985,valid,0,0.10657876
1359,valid,0,0.50288534
5762,valid,0,0.5898656
1669,valid,0,0.33437976
9100,valid,0,0.5566417
7986,valid,0,0.5734756
9109,valid,0,0.26480556
9104,valid,0,0.18228973
7265,valid,1,0.0374521
3000,valid,0,0.28997335
1674,valid,0,0.6999247
1660,valid,0,0.48930347
1352,valid,0,0.79793215
3592,valid,0,0.013421598
3601,valid,0,0.3537692
8655,valid,0,0.8115978
8645,valid,0,0.2127892
8644,valid,0,0.8647079
8370,valid,0,0.011311503
1180,valid,0,0.5887888
3009,valid,0,0.008205555
7997,valid,0,0.29049787
3593,valid,0,0.41100198
8652,valid,0,0.45990038
1181,valid,0,0.43253428
8233,valid,0,0.581106
5761,valid,0,0.32876453
1191,valid,0,0.095902
3591,valid,0,0.4779141
1351,valid,0,0.7487482
1190,valid,0,0.037676822
7998,valid,0,0.18559732
9105,valid,0,0.01119198
8647,valid,0,0.88570476
5765,valid,0,0.29780683
7981,valid,0,0.8530286
7979,valid,0,0.75213915
8385,valid,0,0.8770729
3003,valid,0,0.5893189
5763,valid,0,0.019398235
9440,valid,0,0.68604285
7036,valid,0,0.8475277
9439,valid,0,0.40559083
11000,valid,0,0.12017105
5822,valid,0,0.60152936
1688,valid,0,0.5257747
7055,valid,0,0.71924293
11016,valid,0,0.14408804
11012,valid,0,0.6131374
3905,valid,0,0.14130457
1690,valid,0,0.47037804
7037,valid,0,0.48923466
7043,valid,0,0.5435021
9357,valid,0,0.8059671
6269,valid,0,0.8221004
11001,valid,0,0.5421629
3907,valid,0,0.8434295
3917,valid,0,0.23937747
6273,valid,0,0.62850195
2643,valid,0,0.5886883
2642,valid,0,0.15419546
10774,valid,1,0.69701004
7040,valid,0,0.69528925
9441,valid,0,0.22880961
6267,valid,0,0.17764989
3376,valid,0,0.099573694
3363,valid,0,0.39516854
2662,valid,0,0.5737808
10604,valid,1,0.8026021
9368,valid,0,0.11959648
7044,valid,0,0.6439678
5823,valid,0,0.66106147
3904,valid,0,0.8019525
9256,valid,0,0.88622016
3913,valid,0,0.24244666
7054,valid,0,0.14159958
1686,valid,0,0.7268158
6271,valid,0,0.69159335
7491,valid,0,0.0103871375
3371,valid,0,0.0103871375
11015,valid,0,0.85062873
9367,valid,0,0.50373566
9254,valid,0,0.6127358
9248,valid,0,0.73769844
11002,valid,0,0.32861835
9431,valid,0,0.18219145
2209,valid,0,0.12184596
4876,valid,0,0.13914469
3050,valid,1,0.15809165
10160,valid,0,0.09766853
5501,valid,0,0.4973114
4869,valid,0,0.736687
1450,valid,0,0.45514786
8666,valid,0,0.742583
10161,valid,0,0.066813886
8667,valid,0,0.54834604
2223,valid,0,0.7720923
2222,valid,0,0.5805447
7196,valid,0,0.647299
7329,valid,1,0.8303501
4870,valid,0,0.534023
5498,valid,0,0.7569115
7191,valid,0,0.72146887
939,valid,0,0.06537678
4877,valid,0,0.5503991
10167,valid,0,0.7616067
1440,valid,0,0.7532124
4873,valid,0,0.6899634
5506,valid,0,0.5760863
8676,valid,0,0.7757395
8669,valid,0,0.21918917
943,valid,0,0.526311
2388,valid,0,0.5065098
4872,valid,0,0.14721115
1733,valid,1,0.8096099
4871,valid,0,0.25694397
5508,valid,0,0.6695957
2392,valid,0,0.20802289
5495,valid,0,0.16947168
1454,valid,0,0.6953418
5491,valid,0,0.43508548
5503,valid,0,0.011311503
8675,valid,0,0.89390975
6507,valid,0,0.110246815
2213,valid,0,0.24826573
1444,valid,0,0.18724743
2217,valid,0,0.26289025
7192,valid,0,0.785587
10163,valid,0,0.27615145
8668,valid,0,0.59352565
9484,valid,0,0.5880566
7197,valid,0,0.8298215
942,valid,0,0.79524195
2206,valid,0,0.011311503
1426,valid,0,0.7430879
5684,valid,0,0.80932856
8731,valid,0,0.816708
1965,valid,0,0.58973235
7533,valid,0,0.5176613
7544,valid,0,0.48513415
7289,valid,0,0.39594874
9522,valid,0,0.32052216
6155,valid,1,0.21602388
1422,valid,0,0.7335259
1431,valid,0,0.6471805
9517,valid,0,0.2649841
9521,valid,0,0.5366756
3073,valid,0,0.448146
2257,valid,0,0.86675584
1427,valid,0,0.7809929
1964,valid,0,0.7414912
2247,valid,0,0.6428263
1957,valid,0,0.85354936
1138,valid,0,0.22436051
8738,valid,0,0.32841283
5678,valid,0,0.30694196
8743,valid,0,0.54586613
3060,valid,0,0.3434632
8726,valid,0,0.19750471
1959,valid,0,0.39359975
7285,valid,0,0.83601403
3072,valid,0,0.77291846
7541,valid,0,0.086837776
1949,valid,0,0.6733741
1416,valid,0,0.07291269
8733,valid,0,0.6034643
1432,valid,0,0.22263512
1420,valid,0,0.15547489
1141,valid,0,0.42490703
1950,valid,0,0.28696343
7545,valid,0,0.7066857
1878,valid,0,0.57393646
8734,valid,0,0.78400403
1424,valid,0,0.011311503
7532,valid,0,0.47125655
7586,valid,1,0.84850484
1433,valid,0,0.31087878
1888,valid,0,0.011311503
5687,valid,0,0.2608936
5682,valid,0,0.425357
1955,valid,0,0.011311503
5675,valid,0,0.6959566
3061,valid,0,0.5892758
1136,valid,0,0.50021863
9526,valid,0,0.32238144
5669,valid,0,0.011311503
2250,valid,0,0.35901406
1434,valid,0,0.6736889
3071,valid,0,0.6553434
9456,valid,0,0.884103
3359,valid,0,0.23230194
10118,valid,0,0.73871875
9451,valid,0,0.7624638
3967,valid,0,0.3944208
3974,valid,0,0.8168125
4507,valid,0,0.8020043
3586,valid,0,0.7038686
5869,valid,0,0.8235148
3953,valid,0,0.6605485
9450,valid,0,0.5689864
4712,valid,0,0.4359561
3351,valid,0,0.3067845
872,valid,0,0.84591633
3961,valid,0,0.88864714
10125,valid,0,0.81783754
4710,valid,0,0.14322247
4199,valid,0,0.21527533
10117,valid,0,0.16397016
2182,valid,0,0.34109578
3962,valid,0,0.6019128
3356,valid,0,0.28801626
3975,valid,0,0.23320998
3959,valid,0,0.31088948
4717,valid,0,0.21692698
5866,valid,0,0.3442155
4711,valid,0,0.1141182
10121,valid,0,0.71059614
3352,valid,0,0.5384847
3588,valid,0,0.8623768
870,valid,0,0.25603157
4520,valid,0,0.15651518
873,valid,0,0.27300218
10129,valid,0,0.47765312
4718,valid,0,0.14874753
10130,valid,0,0.70177495
4709,valid,0,0.25791687
3968,valid,0,0.6813177
4713,valid,0,0.011311503
3343,valid,0,0.7136577
2178,valid,0,0.13501549
861,valid,0,0.7027973
3970,valid,0,0.14233372
4195,valid,0,0.73039997
9446,valid,0,0.6475608
3357,valid,0,0.7087606
5873,valid,0,0.7972401
3973,valid,0,0.15628484
3972,valid,0,0.25494048
874,valid,0,0.15915293
10120,valid,0,0.3760859
5875,valid,0,0.80228835
9449,valid,0,0.75458276
9455,valid,0,0.67420113
3349,valid,0,0.84878635
4206,valid,0,0.015223909
4498,valid,0,0.017716032
4497,valid,0,0.7325275
10787,valid,0,0.74562305
684,valid,0,0.24124867
2433,valid,0,0.3222457
279,valid,1,0.16893719
5545,valid,1,0.59160835
5485,valid,0,0.03527302
5477,valid,0,0.68519634
680,valid,0,0.4576937
2291,valid,0,0.11422655
10538,valid,0,0.49503958
4503,valid,0,0.78015846
10535,valid,0,0.52526265
1476,valid,0,0.78798914
10788,valid,0,0.09642474
5488,valid,0,0.3341533
10524,valid,0,0.25790164
5481,valid,0,0.5664722
5794,valid,0,0.20309733
5479,valid,0,0.38247818
4500,valid,0,0.76173455
10285,valid,0,0.5216361
5480,valid,0,0.51738936
1480,valid,0,0.85055965
10283,valid,0,0.16371757
10516,valid,0,0.6333916
5789,valid,0,0.79799396
10294,valid,0,0.011311503
1477,valid,0,0.7350215
5486,valid,0,0.68672806
683,valid,0,0.8817996
10536,valid,0,0.80187225
2740,valid,0,0.30384225
2290,valid,0,0.75279325
4499,valid,0,0.75522834
10795,valid,0,0.011311503
5787,valid,0,0.072957784
695,valid,0,0.597673
10282,valid,0,0.7716843
5199,valid,0,0.6470371
10286,valid,0,0.6194357
9240,valid,0,0.5090641
6237,valid,0,0.73279876
10330,valid,0,0.84811854
10913,valid,0,0.75742984
5324,valid,0,0.7398061
9729,valid,0,0.5747002
191,valid,0,0.42033952
5570,valid,0,0.27167565
6739,valid,0,0.28167096
9616,valid,0,0.48294312
5167,valid,0,0.7452732
10529,valid,0,0.6569552
5596,valid,0,0.20466873
2739,valid,0,0.71258694
1371,valid,0,0.009556587
10707,valid,0,0.54648876
2058,valid,0,0.72324365
6840,valid,0,0.10159058
622,valid,0,0.22318333
8719,valid,0,0.58873856
1232,valid,0,0.48283082
95,valid,0,0.011727318
7217,valid,0,0.017983044
2265,valid,0,0.1580963
5974,valid,0,0.80281246
2123,valid,0,0.8402284
6233,valid,0,0.8203395
10797,valid,0,0.8105172
8703,valid,0,0.34276402
7873,valid,0,0.013292993
1599,valid,0,0.29449144
8561,valid,0,0.47739404
9849,valid,0,0.78706235
9316,valid,0,0.8003706
1617,valid,0,0.75482625
9318,valid,0,0.58147347
10642,valid,0,0.47829562
7414,valid,0,0.860877
8875,valid,0,0.7286375
5547,valid,0,0.5758623
8699,valid,0,0.7650839
8714,valid,0,0.83827424
10710,valid,0,0.81285936
4259,valid,0,0.6603132
3489,valid,0,0.6428261
2010,valid,0,0.7212267
3529,valid,0,0.008622723
8,valid,0,0.8001234
2169,valid,0,0.75355095
247,valid,0,0.82713
3658,valid,0,0.012491023
3120,valid,0,0.6128974
2007,valid,0,0.52850467
4042,valid,0,0.5019568
2057,valid,0,0.8558751
3541,valid,0,0.8950029
7272,valid,0,0.8417688
5185,valid,0,0.57761866
8760,valid,0,0.7990948
5269,valid,0,0.77677304
2747,valid,0,0.25378317
7222,valid,0,0.63530356
3484,valid,0,0.77205545
2913,valid,0,0.6373064
9808,valid,0,0.583498
9733,valid,0,0.68245506
1197,valid,0,0.018910214
2262,valid,0,0.010859906
9042,valid,0,0.71564955
8525,valid,0,0.018910214
5965,valid,0,0.83434457
9218,valid,0,0.011727318
5803,valid,0,0.018910214
7367,valid,0,0.018910214
9530,valid,0,0.8693098
112,valid,0,0.7996179
7922,valid,0,0.21153487
3235,valid,0,0.7289791
7001,valid,0,0.82772404
9059,valid,0,0.76629376
6709,valid,0,0.8315921
1523,valid,0,0.7455244
8931,valid,0,0.017672082
818,valid,0,0.015462267
6033,valid,0,0.013975554
2009,valid,0,0.7323706
6582,valid,0,0.19964322
2097,valid,0,0.008188413
3605,valid,0,0.008179542
9229,valid,0,0.12147488
9734,valid,0,0.34707028
1235,valid,0,0.008633083
3195,valid,0,0.6579342
1393,valid,0,0.5081214
1628,valid,0,0.3045316
9841,valid,0,0.71005064
4619,valid,0,0.7124587
1527,valid,0,0.734532
1385,valid,0,0.76067716
10190,valid,0,0.66301924
7899,valid,0,0.2509995
3793,valid,0,0.72168595
10539,valid,0,0.43528152
3216,valid,0,0.011575934
6975,valid,0,0.564915
7855,valid,0,0.07433975
839,valid,0,0.68348503
1659,valid,0,0.028315417
2125,valid,0,0.012491023
9067,valid,0,0.12385948
10554,valid,0,0.20435306
10652,valid,0,0.18602169
8228,valid,0,0.7606138
2887,valid,0,0.6837547
1236,valid,0,0.48850945
9830,valid,0,0.713885
631,valid,0,0.69588715
3016,valid,0,0.6607614
8653,valid,0,0.7491722
3137,valid,0,0.5891202
9884,valid,0,0.7642437
7706,valid,0,0.008622723
9048,valid,0,0.743361
8055,valid,0,0.48547432
10361,valid,0,0.40031537
6235,valid,0,0.4796468
3796,valid,0,0.867405
8017,valid,0,0.008622723
9599,valid,0,0.1628571
6082,valid,0,0.22640872
5541,valid,0,0.28576946
634,valid,0,0.22969708
2124,valid,0,0.8246144
9891,valid,0,0.018910214
8640,valid,0,0.5568504
10323,valid,0,0.108583175
2485,valid,0,0.008622723
5693,valid,0,0.011727318
4189,valid,0,0.692342
3116,valid,0,0.7497184
12,valid,0,0.01428235
609,valid,0,0.8678064
3229,valid,0,0.73132515
4631,valid,0,0.5524286
10335,valid,0,0.31652337
9221,valid,0,0.79769915
7764,valid,0,0.011311503
10062,valid,0,0.30066893
621,valid,0,0.52717096
5559,valid,0,0.69274336
7988,valid,0,0.39399755
8994,valid,0,0.7679294
2385,valid,0,0.61655366
8945,valid,0,0.009526332
9839,valid,0,0.008622723
3,valid,0,0.36080226
2103,valid,0,0.015327095
9202,valid,0,0.4216754
8928,valid,0,0.5450877
3381,valid,0,0.54587305
10133,valid,0,0.3816431
8056,valid,0,0.5514755
5990,valid,0,0.7776427
8580,valid,0,0.34674665
1707,valid,0,0.75190854
5474,valid,0,0.77710974
9619,valid,0,0.41573134
7761,valid,0,0.40360707
8713,valid,0,0.6962858
2144,valid,0,0.009526332
7271,valid,0,0.44800588
9903,valid,0,0.5922103
3769,valid,0,0.012419697
8920,valid,0,0.25552174
10527,valid,0,0.5211522
3453,valid,0,0.5144476
3005,valid,0,0.09926608
394,valid,0,0.553529
2438,valid,0,0.7438935
10180,valid,0,0.48502302
6241,valid,0,0.38725808
396,valid,0,0.77726793
3886,valid,0,0.4390666
7876,valid,0,0.6925259
195,valid,0,0.015327095
6982,valid,0,0.5410267
10918,valid,0,0.018910214
4341,valid,0,0.7713901
10495,valid,0,0.8445378
1519,valid,0,0.24057926
2488,valid,0,0.8352984
10182,valid,0,0.72521394
9883,valid,0,0.04257546
8046,valid,0,0.25345868
681,valid,0,0.17630535
1705,valid,0,0.27745983
2033,valid,0,0.0115898
3181,valid,0,0.45129123
5772,valid,0,0.01830089
1865,valid,1,0.83225495
2979,valid,0,0.664554
7756,valid,0,0.7779814
9322,valid,0,0.87043
691,valid,0,0.17925346
10175,valid,0,0.28269982
2051,valid,0,0.30042893
4180,valid,0,0.68756104
3297,valid,0,0.75705624
7173,valid,0,0.59455156
3206,valid,0,0.011727318
2999,valid,0,0.018910214
8094,valid,0,0.018910214
272,valid,0,0.012491023
10980,valid,0,0.6603769
6967,valid,0,0.6674841
6300,valid,0,0.7136904
6041,valid,0,0.8513521
3883,valid,0,0.018344337
7370,valid,0,0.008188413
8522,valid,0,0.2038656
389,valid,0,0.4517655
819,valid,0,0.7624768
8716,valid,0,0.6350111
4573,valid,0,0.6115808
7170,valid,0,0.13018818
401,valid,0,0.80396867
8378,valid,0,0.8701439
4052,valid,0,0.6890941
5977,valid,0,0.21384571
10292,valid,0,0.25452438
4394,valid,0,0.008622723
2970,valid,0,0.057822607
4251,valid,0,0.119730376
8452,valid,0,0.38906193
7887,valid,0,0.36580846
1525,valid,0,0.6604126
5805,valid,0,0.012843697
4566,valid,0,0.008622723
2354,valid,0,0.1017307
3377,valid,0,0.018176276
5975,valid,0,0.013731558
7861,valid,0,0.327906
3783,valid,0,0.027893933
2431,valid,0,0.008188413
3286,valid,0,0.01263961
2298,valid,0,0.008622723
9107,valid,0,0.008622723
9078,valid,0,0.216179
5770,valid,0,0.008622723
4051,valid,0,0.50159013
7262,valid,0,0.011727318
9300,valid,0,0.7677255
9615,valid,0,0.008622723
4254,valid,0,0.013344936
2137,valid,0,0.6894664
692,valid,0,0.6527803
3522,valid,0,0.69506496
11025,valid,0,0.011311503
3211,valid,0,0.10828198
6710,valid,0,0.50146055
10552,valid,0,0.012654734
1517,valid,0,0.24010946
9655,valid,0,0.009559151
5706,valid,0,0.8049125
6733,valid,0,0.008622723
2114,valid,0,0.79484946
2264,valid,0,0.7337691
8535,valid,0,0.6183873
9055,valid,0,0.42545035
3202,valid,0,0.008622723
5982,valid,0,0.008622723
9895,valid,0,0.16204335
3655,valid,0,0.7431882
1667,valid,0,0.1065166
1246,valid,0,0.28239486
9906,valid,0,0.1231667
114,valid,0,0.59088814
7894,valid,0,0.71020913
10187,valid,0,0.7089494
2021,valid,0,0.42690626
3801,valid,0,0.78011894
1515,valid,0,0.84455776
8519,valid,0,0.008622723
3774,valid,0,0.67669946
7177,valid,0,0.008622723
8377,valid,0,0.008622723
9934,valid,0,0.008622723
3179,valid,0,0.6645284
2091,valid,0,0.010955738
6078,valid,0,0.49477208
11021,valid,0,0.01198663
9223,valid,0,0.70068353
4649,valid,0,0.22725007
8059,valid,0,0.19059531
1675,valid,0,0.5941389
2735,valid,0,0.008633083
2415,valid,0,0.5017834
2490,valid,0,0.6660239
9869,valid,0,0.32904688
3516,valid,0,0.76560384
7864,valid,0,0.5267594
4310,valid,0,0.01263961
1587,valid,0,0.74703604
3391,valid,0,0.78431076
9620,valid,0,0.84440935
9550,valid,0,0.72053635
5985,valid,0,0.013225559
2884,valid,0,0.24369034
5188,valid,0,0.29119948
4494,valid,0,0.008622723
6084,valid,0,0.6887068
9402,valid,0,0.6740776
4040,valid,0,0.35665846
7377,valid,0,0.008622723
10483,valid,0,0.7484099
8751,valid,0,0.821653
2749,valid,0,0.44326192
7270,valid,0,0.66364896
7897,valid,0,0.73625904
10987,valid,0,0.82101583
5707,valid,0,0.57039106
5327,valid,0,0.70850915
8012,valid,0,0.5971471
9954,valid,0,0.025720626
1624,valid,0,0.7907337
8583,valid,0,0.62899745
8346,valid,0,0.2666847
10447,valid,0,0.012491023
8088,valid,0,0.8134457
10488,valid,0,0.72551113
8300,valid,0,0.3801799
9217,valid,0,0.8002787
10484,valid,0,0.80717653
1819,valid,0,0.008188413
4143,valid,0,0.17538594
989,valid,0,0.12034007
9324,valid,0,0.46510616
10487,valid,0,0.532505
7178,valid,0,0.014999819
9232,valid,0,0.06233035
1184,valid,0,0.17724216
1389,valid,0,0.008188413
602,valid,0,0.19226742
2269,valid,0,0.2401443
3010,valid,0,0.23471768
7624,valid,0,0.061305247
4249,valid,0,0.5115297
4397,valid,0,0.008941237
4572,valid,0,0.008941237
8984,valid,0,0.009861754
7399,valid,0,0.6350815
2377,valid,0,0.012491023
9238,valid,0,0.008622723
122,valid,0,0.01428235
2435,valid,0,0.008622723
3875,valid,0,0.008622723
4501,valid,0,0.008622723
2434,valid,0,0.84175503
4426,valid,0,0.008622723
1394,valid,0,0.14083256
2894,valid,0,0.008622723
5801,valid,0,0.008622723
9081,valid,0,0.5501779
6589,valid,0,0.519858
8341,valid,0,0.40034187
4312,valid,0,0.7961259
7435,valid,0,0.16443338
8226,valid,0,0.7569465
6083,valid,0,0.009526332
8980,valid,0,0.012892996
5182,valid,0,0.34544876
618,valid,0,0.85341096
1709,valid,0,0.71499
1514,valid,0,0.049754452
184,valid,0,0.013543981
8455,valid,0,0.18468004
2484,valid,0,0.29497734
7417,valid,0,0.6523838
9298,valid,0,0.5735403
9843,valid,0,0.0084801335
4182,valid,0,0.01000304
10056,valid,0,0.008622723
2421,valid,0,0.039398175
8654,valid,0,0.74296516
5798,valid,0,0.8082126
5598,valid,0,0.018910214
10533,valid,0,0.87918675
10860,valid,0,0.6629226
2113,valid,0,0.5653485
3599,valid,0,0.83395714
8064,valid,0,0.71916807
838,valid,0,0.010342102
9307,valid,0,0.2621055
8977,valid,0,0.75494826
3395,valid,0,0.61539364
7767,valid,0,0.01238049
2130,valid,0,0.7245012
7157,valid,0,0.68544966
5205,valid,0,0.011727318
4560,valid,0,0.013421598
10189,valid,0,0.071155
10863,valid,0,0.1895344
393,valid,0,0.34876814
6844,valid,0,0.17334403
4495,valid,0,0.012879245
7633,valid,0,0.56649065
1582,valid,0,0.45183378
9230,valid,0,0.6658227
9241,valid,0,0.70729506
2364,valid,0,0.6677102
10450,valid,0,0.7599827
5204,valid,0,0.009526332
9669,valid,0,0.7561185
1664,valid,0,0.6930798
9956,valid,0,0.69882643
7883,valid,0,0.791086
2152,valid,0,0.29513505
8933,valid,0,0.73355246
1474,valid,0,0.013292993
2427,valid,0,0.027470335
8015,valid,0,0.053707708
2025,valid,0,0.6896277
1479,valid,0,0.69361115
3777,valid,0,0.008337438
1370,valid,0,0.62400365
5783,valid,0,0.011727318
844,valid,0,0.5015842
6721,valid,0,0.75024784
10288,valid,0,0.48098174
7227,valid,0,0.35827672
4330,valid,0,0.8177374
8517,valid,0,0.008622723
3219,valid,0,0.5672003
7226,valid,0,0.36530492
8058,valid,0,0.8666738
2026,valid,0,0.6992167
4337,valid,0,0.8899422
7900,valid,0,0.75728554
982,valid,0,0.23799253
4187,valid,0,0.6508781
11018,valid,0,0.49944434
4504,valid,0,0.11480841
5802,valid,0,0.15026402
204,valid,0,0.010058297
84,valid,0,0.099899165
9625,valid,0,0.008188413
8325,valid,0,0.25960842
8642,valid,0,0.3951568
10785,valid,0,0.008188413
3183,valid,0,0.011881174
682,valid,0,0.012838608
9628,valid,0,0.0091783
3185,valid,0,0.013007126
9872,valid,0,0.008188413
8319,valid,0,0.20428272
7113,valid,0,0.032630097
5791,valid,0,0.28610754
1369,valid,0,0.09257391
9866,valid,0,0.2752994
9680,valid,0,0.009537767
3594,valid,0,0.42349374
1699,valid,0,0.25849664
2344,valid,0,0.04036857
9815,valid,0,0.008633083
9060,valid,0,0.009537767
7112,valid,0,0.7026074
10445,valid,0,0.016886042
8373,valid,0,0.29146224
10669,valid,0,0.32956254
10681,valid,0,0.022630075
10796,valid,0,0.016939273
8702,valid,0,0.009537767
7924,valid,0,0.67930645
5767,valid,0,0.01263961
6319,valid,0,0.55339986
8989,valid,0,0.33314565
7259,valid,0,0.77259445
235,valid,0,0.01000304
4257,valid,0,0.6760466
1594,valid,0,0.009526332
8930,valid,0,0.20821513
9398,valid,0,0.09183341
5962,valid,0,0.5716134
1194,valid,0,0.013821202
3600,valid,0,0.008774629
8697,valid,0,0.009556587
8293,valid,0,0.17417392
10793,valid,0,0.013854381
2369,valid,0,0.75282
10054,valid,0,0.013854381
10480,valid,0,0.009526332
6962,valid,0,0.025720626
7216,valid,0,0.011575934
9233,valid,0,0.6478031
5807,valid,0,0.016342519
3676,valid,0,0.009526332
7200,valid,0,0.015327095
10420,valid,0,0.015803922
7623,valid,0,0.008622723
623,valid,0,0.008622723
5335,valid,0,0.6657079
690,valid,0,0.009072434
2093,valid,0,0.020976586
2014,valid,0,0.65954006
7770,valid,0,0.00847403
2962,valid,0,0.02560988
8577,valid,0,0.698623
4043,valid,0,0.012491023
7638,valid,0,0.014276974
3198,valid,0,0.00847403
6586,valid,0,0.79179204
10319,valid,0,0.78691524
3390,valid,0,0.8698355
637,valid,0,0.009304244
4623,valid,0,0.014572297
1415,valid,0,0.7072107
8991,valid,0,0.010155292
1620,valid,0,0.01197959
6712,valid,0,0.7234249
2273,valid,0,0.008676474
3882,valid,0,0.009072434
970,valid,0,0.009526332
1234,valid,0,0.00847403
1530,valid,0,0.008622723
5221,valid,0,0.015271982
10142,valid,0,0.81210124
8723,valid,0,0.013388805
9674,valid,0,0.013388805
3122,valid,0,0.8428983
9940,valid,0,0.012604993
6239,valid,0,0.012565209
7856,valid,0,0.012485037
3292,valid,0,0.013491142
9805,valid,0,0.011330627
9881,valid,0,0.011277196
9325,valid,0,0.011727318
2168,valid,0,0.7449977
3557,valid,0,0.017764283
7984,valid,0,0.7207366
7382,valid,0,0.15555263
1814,valid,0,0.008188413
5601,valid,0,0.008188413
9824,valid,0,0.012717086
9671,valid,0,0.044827145
5976,valid,0,0.020050894
7412,valid,0,0.16519535
11041,valid,0,0.0125399595
203,valid,0,0.012654734
10992,valid,0,0.008633083
5330,valid,0,0.29158822
8641,valid,0,0.019755028
9613,valid,0,0.19704357
8769,valid,0,0.648985
2134,valid,0,0.43783763
5475,valid,0,0.6084687
9404,valid,0,0.008116624
5605,valid,0,0.7551212
3190,valid,0,0.013810709
3657,valid,0,0.7597781
7116,valid,0,0.008622723
4603,valid,0,0.49732304
1824,valid,0,0.73464656
3530,valid,0,0.38272038
5217,valid,0,0.32972068
2289,valid,0,0.26979926
3776,valid,0,0.6025392
4339,valid,0,0.049860317
2381,valid,0,0.7123843
5342,valid,0,0.08051557
8919,valid,0,0.36186138
5336,valid,0,0.036454294
128,valid,0,0.71963
1716,valid,0,0.14508164
4569,valid,0,0.008622723
7925,valid,0,0.031113083
7705,valid,0,0.79261625
188,valid,0,0.04756133
3603,valid,0,0.74204624
5195,valid,0,0.6717749
8572,valid,0,0.54850066
10326,valid,0,0.02397575
5785,valid,0,0.011637501
4430,valid,0,0.6292135
5603,valid,0,0.015327095
3514,valid,0,0.5239253
8712,valid,0,0.45154637
1614,valid,0,0.41508257
5612,valid,0,0.6825718
6970,valid,0,0.011727318
986,valid,0,0.7145241
2985,valid,0,0.008447172
9653,valid,0,0.37090135
4145,valid,0,0.60706586
10525,valid,0,0.75804824
1240,valid,0,0.016756946
7223,valid,0,0.082450874
10350,valid,0,0.01263961
8051,valid,0,0.06577457
193,valid,0,0.015290443
8709,valid,0,0.015290443
8942,valid,0,0.8133809
8755,valid,0,0.010230648
395,valid,0,0.012553754
2355,valid,0,0.56308246
5611,valid,0,0.008622723
2910,valid,0,0.019570235
6706,valid,0,0.3639481
1376,valid,0,0.009526332
5176,valid,0,0.01428235
3671,valid,0,0.44164115
2410,valid,0,0.010342102
9219,valid,0,0.7177986
2755,valid,0,0.41596946
9173,valid,0,0.8596707
6718,valid,0,0.5938801
4175,valid,0,0.009526332
228,valid,0,0.7581551
4387,valid,0,0.7909377
8982,valid,0,0.6293187
10138,valid,0,0.39852718
8575,valid,0,0.8462178
9603,valid,0,0.008622723
9667,valid,0,0.008622723
1713,valid,0,0.5969056
6317,valid,0,0.6412693
4620,valid,0,0.009526332
2050,valid,0,0.016955456
2030,valid,0,0.010342102
4260,valid,0,0.41706622
5270,valid,0,0.7458402
1372,valid,0,0.108890556
1602,valid,0,0.37201706
8764,valid,0,0.8138265
9064,valid,0,0.01428235
8352,valid,0,0.030944528
2977,valid,0,0.5434382
2371,valid,0,0.009556587
2352,valid,0,0.019972917
10784,valid,0,0.83850485
190,valid,0,0.01428235
8649,valid,0,0.015271982
7442,valid,0,0.76809084
7002,valid,0,0.08436422
8934,valid,0,0.71826273
7928,valid,0,0.55497587
7404,valid,1,0.80965537
9732,valid,0,0.6755666
9687,valid,0,0.14348133
4608,valid,0,0.41305164
2142,valid,0,0.0116697885
3477,valid,0,0.5389705
3670,valid,0,0.81910527
3552,valid,0,0.87849444
2965,valid,0,0.81388426
9165,valid,0,0.28612173
7202,valid,0,0.5727197
7992,valid,0,0.019970018
6591,valid,0,0.53768164
9406,valid,0,0.00948277
1668,valid,0,0.020205092
6720,valid,0,0.7090094
10706,valid,0,0.54013866
4177,valid,0,0.5107642
1580,valid,0,0.5247519
1622,valid,0,0.7090498
5606,valid,0,0.7148716
3121,valid,0,0.7197535
5648,valid,0,0.7103725
2140,valid,0,0.008939315
3194,valid,0,0.017926475
8450,valid,0,0.8021262
7369,valid,0,0.008622723
3683,valid,0,0.80291027
4317,valid,0,0.7054687
7987,valid,0,0.54315066
4174,valid,0,0.009526332
987,valid,0,0.010342102
7424,valid,0,0.80107987
4640,valid,0,0.016342519
6708,valid,0,0.8335165
3001,valid,0,0.015290443
4616,valid,0,0.5704379
11028,valid,0,0.8544842
7274,valid,0,0.4668453
2437,valid,0,0.010901993
7174,valid,0,0.009072434
6997,valid,0,0.009526332
9665,valid,0,0.016253358
6974,valid,0,0.008447172
2986,valid,0,0.8678406
9909,valid,0,0.010342102
2418,valid,0,0.014572297
2104,valid,0,0.66937995
5206,valid,0,0.55378884
1670,valid,0,0.8754208
7697,valid,0,0.71776444
7709,valid,0,0.009526332
3604,valid,0,0.70250255
9313,valid,0,0.8596189
2972,valid,0,0.8301326
9045,valid,0,0.7571083
3664,valid,0,0.7870906
5179,valid,0,0.7312013
197,valid,0,0.0093338005
8990,valid,0,0.17607237
5695,valid,0,0.06883825
6719,valid,0,0.008188413
5998,valid,0,0.49870375
694,valid,0,0.22649314
8230,valid,0,0.18226328
8718,valid,0,0.36560515
3454,valid,0,0.16837658
10412,valid,0,0.012414995
5216,valid,0,0.011370003
10192,valid,0,0.15189704
10985,valid,0,0.54820675
3466,valid,0,0.6111375
7004,valid,0,0.009518129
3397,valid,0,0.38264862
7429,valid,0,0.014004541
7923,valid,0,0.010015041
1592,valid,0,0.22055182
2107,valid,0,0.6948219
8881,valid,0,0.67748916
847,valid,0,0.027322149
5175,valid,0,0.46394664
1188,valid,0,0.56903476
8290,valid,0,0.32577085
3542,valid,0,0.0084801335
9072,valid,0,0.67922455
7371,valid,0,0.8794222
2102,valid,0,0.008622723
6973,valid,0,0.008622723
6984,valid,0,0.43524757
2345,valid,0,0.58960754
7978,valid,0,0.011311503
8333,valid,0,0.03932535
9833,valid,0,0.39086053
3379,valid,0,0.013292993
123,valid,0,0.5439042
7439,valid,0,0.8378174
3674,valid,0,0.01000304
2272,valid,0,0.75756603
2263,valid,0,0.018005304
2136,valid,0,0.7311788
5325,valid,0,0.6990335
2038,valid,0,0.62998474
1672,valid,0,0.028148068
3178,valid,0,0.83790475
4334,valid,0,0.009526332
4138,valid,0,0.009526332
1621,valid,0,0.009526332
8337,valid,0,0.009526332
10993,valid,0,0.7869601
1404,valid,0,0.016803246
4395,valid,0,0.82396173
2374,valid,0,0.019675232
1708,valid,0,0.76058364
1717,valid,0,0.6383423
4331,valid,0,0.12547918
5539,valid,0,0.01790748
7758,valid,0,0.011311503
4382,valid,0,0.47648382
10061,valid,0,0.013292993
640,valid,0,0.6604679
3474,valid,0,0.066034205
10862,valid,0,0.24949843
3528,valid,0,0.30720285
180,valid,0,0.18234254
2094,valid,0,0.22817527
10363,valid,0,0.17191017
4431,valid,0,0.0144763775
5665,valid,0,0.008188413
610,valid,0,0.09003023
11035,valid,0,0.008188413
1657,valid,0,0.23022673
9540,valid,0,0.09424514
8227,valid,0,0.008545806
975,valid,0,0.008545806
10534,valid,0,0.017763367
2045,valid,0,0.1763018
9044,valid,0,0.014232893
1529,valid,0,0.12565984
9242,valid,0,0.013007126
7366,valid,0,0.012114005
1384,valid,0,0.008188413
7434,valid,0,0.008188413
4314,valid,0,0.1526574
1704,valid,0,0.13043736
7149,valid,0,0.017763367
5542,valid,0,0.25546896
5786,valid,0,0.49508545
5489,valid,0,0.12804726
9158,valid,0,0.17818515
2360,valid,0,0.4269813
5482,valid,0,0.3359934
2753,valid,0,0.36000836
3476,valid,0,0.0130438395
5689,valid,0,0.51191545
8369,valid,0,0.43144616
9171,valid,0,0.017710656
1601,valid,0,0.009568058
7211,valid,0,0.008633083
2904,valid,0,0.009537767
7868,valid,0,0.17127945
5561,valid,0,0.10649338
5781,valid,0,0.57775456
6985,valid,0,0.0113727525
7993,valid,0,0.6646405
9878,valid,0,0.5448465
3781,valid,0,0.77350056
1813,valid,0,0.014844746
6700,valid,0,0.28031978
1673,valid,0,0.55909526
6231,valid,0,0.55870676
9813,valid,0,0.3517471
7687,valid,0,0.47459495
8093,valid,0,0.54394037
2963,valid,0,0.01263961
4340,valid,0,0.69988763
7874,valid,0,0.62101305
10861,valid,0,0.6217097
10545,valid,0,0.5975563
1712,valid,0,0.71089226
3290,valid,0,0.18263932
9814,valid,0,0.013821202
842,valid,0,0.7432782
9213,valid,0,0.34191388
10296,valid,0,0.47606456
8283,valid,0,0.7203841
4635,valid,0,0.8440701
9948,valid,0,0.008195705
8937,valid,0,0.1957456
3208,valid,0,0.013292993
9157,valid,0,0.008774629
10058,valid,0,0.025689892
5168,valid,0,0.008622723
5969,valid,0,0.010342102
9666,valid,0,0.010342102
227,valid,0,0.55141115
8700,valid,0,0.79039264
3681,valid,0,0.37294093
6304,valid,0,0.009606553
3885,valid,0,0.87296385
625,valid,0,0.27757686
4575,valid,0,0.7219077
3595,valid,0,0.030187199
9859,valid,0,0.65109926
5218,valid,0,0.7511827
7427,valid,0,0.015271982
3785,valid,0,0.016267752
2161,valid,0,0.009526332
2987,valid,0,0.008622723
5664,valid,0,0.009072434
8018,valid,0,0.46253118
2156,valid,0,0.33418882
8979,valid,0,0.009526332
7862,valid,0,0.8275974
6732,valid,0,0.7417933
1482,valid,0,0.69305897
4248,valid,0,0.55776006
9175,valid,0,0.008622723
9086,valid,0,0.48457855
1189,valid,0,0.83479285
9656,valid,0,0.015271982
4567,valid,0,0.007827934
9894,valid,0,0.009526332
990,valid,0,0.60871327
2487,valid,0,0.014276974
11023,valid,0,0.08197857
3236,valid,0,0.009526332
1401,valid,0,0.66142416
7017,valid,0,0.008809943
9087,valid,0,0.010586834
7754,valid,0,0.008447172
9842,valid,0,0.009526332
5774,valid,0,0.8172466
2375,valid,0,0.010230648
9896,valid,0,0.78497154
6988,valid,0,0.3593132
6730,valid,0,0.5254242
5487,valid,0,0.4111596
284,valid,0,0.010342102
3789,valid,0,0.010342102
3197,valid,0,0.84982145
2115,valid,0,0.8007409
8532,valid,0,0.008622723
5711,valid,0,0.010342102
8988,valid,0,0.599407
2151,valid,0,0.009526332
2270,valid,0,0.58980584
8708,valid,0,0.8354723
8083,valid,0,0.017820824
9534,valid,0,0.011727318
2119,valid,0,0.011727318
7627,valid,0,0.013292993
8566,valid,0,0.013292993
231,valid,0,0.42601126
2128,valid,0,0.009526332
1400,valid,0,0.019970018
10177,valid,0,0.008447172
7267,valid,0,0.008453257
7699,valid,0,0.012892996
10355,valid,0,0.01198663
5224,valid,0,0.012604993
3596,valid,0,0.009304244
2039,valid,0,0.009526332
8995,valid,0,0.012892996
121,valid,0,0.09529566
5993,valid,0,0.020774858
9812,valid,0,0.017595107
2267,valid,0,0.020774858
10542,valid,0,0.014580777
10424,valid,0,0.8177504
3791,valid,0,0.020774858
8643,valid,0,0.4880047
1192,valid,0,0.01830089
10419,valid,0,0.8732445
6858,valid,0,0.009526332
196,valid,0,0.72164667
5961,valid,0,0.18121803
2441,valid,0,0.67714524
3461,valid,0,0.009526332
7865,valid,0,0.76804084
7208,valid,0,0.008782031
10176,valid,0,0.83844084
1596,valid,0,0.51370746
3199,valid,0,0.014276974
7870,valid,0,0.018910214
9288,valid,0,0.009526332
10910,valid,0,0.01263961
134,valid,0,0.22117989
8065,valid,0,0.007860592
10694,valid,0,0.67491186
8372,valid,0,0.48712823
9904,valid,0,0.010230648
1610,valid,0,0.009526332
8451,valid,0,0.3633663
6838,valid,0,0.009526332
3385,valid,0,0.6250118
1600,valid,0,0.8278209
9095,valid,0,0.008622723
1337,valid,0,0.7842539
86,valid,0,0.017060569
1395,valid,0,0.015271982
7438,valid,0,0.016342519
1817,valid,0,0.01148945
3795,valid,0,0.016342519
8223,valid,0,0.018910214
2442,valid,0,0.009072434
2726,valid,0,0.017689597
687,valid,0,0.018910214
830,valid,0,0.7015187
9912,valid,0,0.013616115
821,valid,0,0.0116697885
8981,valid,0,0.57163596
10521,valid,0,0.015327095
9228,valid,0,0.018910214
5595,valid,0,0.008447172
9280,valid,0,0.32164484
5966,valid,0,0.3344731
8379,valid,0,0.75283396
2027,valid,0,0.009526332
7751,valid,0,0.018910214
4146,valid,0,0.5857983
261,valid,0,0.79526305
8893,valid,0,0.8133703
2754,valid,0,0.5809988
9068,valid,0,0.013616115
10551,valid,0,0.48059964
9911,valid,0,0.009526332
4258,valid,0,0.009526332
19,valid,0,0.6170126
1345,valid,0,0.6230313
7871,valid,0,0.80290663
1187,valid,0,0.17852807
9612,valid,0,0.70776725
9102,valid,0,0.018910214
10172,valid,0,0.018910214
10701,valid,0,0.020695595
10422,valid,0,0.018910214
6854,valid,0,0.009526332
6725,valid,0,0.76744896
10414,valid,0,0.10969213
10909,valid,0,0.014242805
10494,valid,0,0.24358386
10423,valid,0,0.86510265
4032,valid,0,0.3653113
7436,valid,0,0.010901993
4614,valid,0,0.009526332
4183,valid,0,0.011727318
104,valid,0,0.0116697885
2902,valid,0,0.010901993
1350,valid,0,0.72173774
6234,valid,0,0.80050284
9400,valid,0,0.8208373
7365,valid,0,0.49754047
6728,valid,0,0.009526332
7411,valid,0,0.7635639
3532,valid,0,0.7815454
10981,valid,0,0.84841174
9951,valid,0,0.020774858
9685,valid,0,0.011727318
5209,valid,0,0.68629843
3884,valid,0,0.020774858
10453,valid,0,0.009688477
1644,valid,0,0.7283547
3118,valid,0,0.49656633
5775,valid,0,0.80162007
8010,valid,0,0.4529215
10368,valid,0,0.8873588
5779,valid,0,0.018910214
685,valid,0,0.018910214
5806,valid,0,0.70015734
7628,valid,0,0.016750436
5778,valid,0,0.02912346
832,valid,0,0.013731558
10295,valid,0,0.018910214
2751,valid,0,0.74258494
859,valid,0,0.014019739
10696,valid,0,0.017554296
5169,valid,0,0.61518514
5180,valid,0,0.8771492
9901,valid,0,0.008792035
9952,valid,0,0.20639874
2055,valid,0,0.3083261
1354,valid,0,0.10447369
4557,valid,0,0.17194375
7877,valid,0,0.25600582
10135,valid,0,0.011370003
1491,valid,0,0.15698291
3536,valid,0,0.15884322
7426,valid,0,0.22684029
10801,valid,0,0.012879245
202,valid,0,0.014375881
4612,valid,0,0.009046924
2023,valid,0,0.2139682
6972,valid,0,0.11176723
7926,valid,0,0.01629633
9728,valid,0,0.009873588
7636,valid,0,0.16759421
7708,valid,0,0.009537767
3383,valid,0,0.00771166
977,valid,0,0.009537767
7378,valid,0,0.5593671
10986,valid,0,0.7004207
3152,valid,0,0.45761368
3132,valid,0,0.18590283
2092,valid,0,0.015017725
4564,valid,0,0.56863284
6853,valid,0,0.5279682
5991,valid,0,0.6206387
4383,valid,0,0.009873588
9679,valid,0,0.0069949394
9725,valid,0,0.009537767
282,valid,0,0.26548898
1397,valid,0,0.75635695
8757,valid,0,0.5224641
9286,valid,0,0.026097031
3002,valid,0,0.13511217
4256,valid,0,0.7433272
9537,valid,0,0.64294595
5223,valid,0,0.008622723
10802,valid,0,0.008169722
8573,valid,0,0.5288492
6387,valid,0,0.013292993
5200,valid,0,0.01197959
3125,valid,0,0.64423984
5655,valid,0,0.72110075
5220,valid,0,0.02658481
6703,valid,0,0.3186043
10523,valid,0,0.008774629
5543,valid,0,0.009526332
3380,valid,0,0.827587
3283,valid,0,0.008169722
9312,valid,0,0.4736615
1487,valid,0,0.23977412
7169,valid,0,0.7460202
8650,valid,0,0.008169722
8294,valid,0,0.008453257
8579,valid,0,0.68219775
5337,valid,0,0.009526332
9216,valid,0,0.009526332
3682,valid,0,0.06409509
403,valid,0,0.07910187
7854,valid,0,0.58402485
10856,valid,0,0.014827044
5795,valid,0,0.00864898
9865,valid,0,0.014827044
7630,valid,0,0.7086318
192,valid,0,0.014727174
8691,valid,0,0.82018
2099,valid,0,0.34404328
7760,valid,0,0.60598993
1611,valid,0,0.27168977
9049,valid,0,0.013810709
6305,valid,0,0.009526332
10919,valid,0,0.01242365
3450,valid,0,0.70792687
6727,valid,0,0.010586834
1347,valid,0,0.013292993
5812,valid,0,0.7933597
9310,valid,0,0.36218977
1475,valid,0,0.82729644
9164,valid,0,0.014287823
2893,valid,0,0.7602099
402,valid,0,0.8365305
5780,valid,0,0.74178797
4424,valid,0,0.56310534
823,valid,0,0.010342102
9544,valid,0,0.592387
9281,valid,0,0.8249753
1615,valid,0,0.6392544
9935,valid,0,0.7273996
139,valid,0,0.79315
10991,valid,0,0.45188424
1663,valid,0,0.7349018
1342,valid,0,0.00847403
6593,valid,0,0.009526332
2141,valid,0,0.012146105
8985,valid,0,0.016955456
9717,valid,0,0.7571248
1336,valid,0,0.018910214
7158,valid,0,0.009526332
4605,valid,0,0.010342102
1720,valid,0,0.011368658
8004,valid,0,0.008622723
9403,valid,0,0.008622723
6391,valid,0,0.023220604
8449,valid,0,0.016207913
689,valid,0,0.4127742
4038,valid,0,0.8324743
8298,valid,0,0.009556587
2419,valid,0,0.01037492
6731,valid,0,0.7904362
5608,valid,0,0.019239783
2908,valid,0,0.3525909
7176,valid,0,0.018910214
6069,valid,0,0.6759178
10140,valid,0,0.014322099
6859,valid,0,0.736823
2918,valid,0,0.008782031
2351,valid,0,0.7588178
976,valid,0,0.68451816
5654,valid,0,0.018910214
8941,valid,0,0.2988864
3130,valid,0,0.009526332
4489,valid,0,0.4789687
7688,valid,0,0.872416
3215,valid,0,0.008782031
9302,valid,0,0.34192547
8006,valid,0,0.6900021
7224,valid,0,0.009526332
253,valid,0,0.009526332
10362,valid,0,0.008622723
7896,valid,0,0.010342102
4142,valid,0,0.009556587
187,valid,0,0.008622723
115,valid,0,0.010342102
9960,valid,0,0.76564777
1863,valid,0,0.8236311
3524,valid,0,0.009526332
127,valid,0,0.018198946
4132,valid,0,0.021003405
3555,valid,0,0.7853831
8939,valid,0,0.6226679
9314,valid,0,0.009526332
8685,valid,0,0.49687833
5768,valid,0,0.018910214
5277,valid,0,0.28273
9818,valid,0,0.42610085
10349,valid,0,0.009526332
2379,valid,0,0.5010235
5331,valid,0,0.01197959
6034,valid,0,0.69488466
179,valid,0,0.018910214
5994,valid,0,0.3304822
1849,valid,0,0.009526332
2122,valid,0,0.36491266
5699,valid,0,0.02208198
9731,valid,0,0.02208198
3545,valid,0,0.020328967
9547,valid,0,0.7322287
4391,valid,0,0.009526332
2013,valid,0,0.009526332
8588,valid,0,0.009526332
2024,valid,0,0.008453257
9106,valid,0,0.7950413
8695,valid,0,0.44370103
10417,valid,0,0.67843896
10908,valid,0,0.48414734
1375,valid,0,0.009526332
5988,valid,0,0.1447597
254,valid,0,0.015765779
6969,valid,0,0.60888135
9538,valid,0,0.009526332
3182,valid,0,0.72229075
8687,valid,0,0.009526332
3146,valid,0,0.7813492
6038,valid,0,0.34904712
5766,valid,0,0.010901993
2966,valid,0,0.83189094
3549,valid,0,0.009526332
10640,valid,0,0.01428235
1367,valid,0,0.009526332
3490,valid,0,0.009526332
7275,valid,0,0.6116049
183,valid,0,0.008447172
4263,valid,0,0.7833813
5691,valid,0,0.012404289
10354,valid,0,0.8454788
9065,valid,0,0.014837614
270,valid,0,0.009526332
8330,valid,0,0.009526332
8763,valid,0,0.39144775
2016,valid,0,0.009526332
10333,valid,0,0.014815542
267,valid,0,0.009556587
7014,valid,0,0.67902786
5210,valid,0,0.7994311
239,valid,0,0.009526332
1662,valid,0,0.013362859
133,valid,0,0.009526332
10700,valid,0,0.009526332
8533,valid,0,0.012602887
4168,valid,0,0.013624103
6074,valid,0,0.010230648
9090,valid,0,0.77865636
6976,valid,0,0.34418446
5173,valid,0,0.86236
9080,valid,0,0.009526332
5267,valid,0,0.78837776
3228,valid,0,0.8390572
7402,valid,0,0.8215502
1403,valid,0,0.85451585
1411,valid,0,0.7578671
5274,valid,0,0.010342102
5571,valid,0,0.6387708
9079,valid,0,0.84269387
6393,valid,0,0.018344337
3465,valid,0,0.46031463
7408,valid,0,0.012315806
10790,valid,0,0.020774858
4039,valid,0,0.010475549
2734,valid,0,0.019829407
3668,valid,0,0.46002775
10518,valid,0,0.018344337
9854,valid,0,0.017672082
2727,valid,0,0.017672082
9308,valid,0,0.35288692
8921,valid,0,0.012407583
8049,valid,0,0.5455867
628,valid,0,0.009072434
7983,valid,0,0.7220208
1490,valid,0,0.013327718
3451,valid,0,0.010342102
10526,valid,0,0.019317405
8291,valid,0,0.013975554
7253,valid,0,0.015003835
9902,valid,0,0.7630651
7892,valid,0,0.8593991
8940,valid,0,0.9020321
4267,valid,0,0.440579
7893,valid,0,0.012784006
4610,valid,0,0.014105189
8234,valid,0,0.26062077
2976,valid,0,0.17680743
9822,valid,0,0.1049023
1825,valid,0,0.147823
8530,valid,0,0.34491843
9099,valid,0,0.34515476
10711,valid,0,0.048893426
6742,valid,0,0.22191878
1850,valid,0,0.10423605
2118,valid,0,0.19415313
1399,valid,0,0.06956969
7701,valid,0,0.19455554
11034,valid,0,0.10451947
8457,valid,0,0.15431367
8374,valid,0,0.23619828
4496,valid,0,0.124529235
8648,valid,0,0.10651219
9167,valid,0,0.2679607
288,valid,0,0.12219875
5191,valid,0,0.3718114
5171,valid,0,0.009046924
5203,valid,0,0.17606574
5964,valid,0,0.009046924
9682,valid,0,0.05044901
2417,valid,0,0.08529698
9809,valid,0,0.011843641
7251,valid,0,0.009046924
2154,valid,0,0.1676893
9670,valid,0,0.013784404
10293,valid,0,0.18005136
9735,valid,0,0.012358349
10911,valid,0,0.31603932
7428,valid,0,0.012114005
1721,valid,0,0.008545806
5181,valid,0,0.010202253
10983,valid,0,0.11431958
2426,valid,0,0.011881174
6086,valid,0,0.1575255
1485,valid,0,0.012838608
6987,valid,0,0.08103205
1402,valid,0,0.011372083
2032,valid,0,0.01035842
3669,valid,0,0.009530044
4261,valid,0,0.017819313
10693,valid,0,0.16888492
3876,valid,0,0.47754994
7693,valid,0,0.1896078
10650,valid,0,0.009046924
4050,valid,0,0.009499872
9944,valid,0,0.0091783
6596,valid,0,0.1520057
4617,valid,0,0.009046924
1492,valid,0,0.008188413
2728,valid,0,0.1689792
5800,valid,0,0.22418864
281,valid,0,0.009296288
7423,valid,0,0.008188413
5,valid,0,0.009046924
6704,valid,0,0.013131135
9689,valid,0,0.009046924
6998,valid,0,0.009046924
9657,valid,0,0.50586134
10982,valid,0,0.16874589
7020,valid,0,0.10614963
3133,valid,0,0.009537767
2895,valid,0,0.0096762
5968,valid,0,0.16690513
10644,valid,0,0.5760505
4624,valid,0,0.5510476
9226,valid,0,0.2113865
8943,valid,0,0.012223074
7919,valid,0,0.015228156
9941,valid,0,0.012654734
2353,valid,0,0.45431632
7214,valid,0,0.30416843
4493,valid,0,0.012654734
2744,valid,0,0.009873588
9627,valid,0,0.3328331
2160,valid,0,0.370574
5713,valid,0,0.37510437
4046,valid,0,0.011014874
4639,valid,0,0.678981
3538,valid,0,0.5823488
8340,valid,0,0.011137164
3200,valid,0,0.01005787
3680,valid,0,0.16303053
8986,valid,0,0.25381523
9817,valid,0,0.016454402
283,valid,0,0.5055032
8938,valid,0,0.5086417
826,valid,0,0.009526332
849,valid,0,0.5368579
3518,valid,0,0.60537785
7407,valid,0,0.6950251
2165,valid,0,0.7233712
3788,valid,0,0.013292993
138,valid,0,0.01197959
7886,valid,0,0.009431843
8574,valid,0,0.27944332
9224,valid,0,0.009556587
7255,valid,0,0.6110776
10416,valid,0,0.63073796
5663,valid,0,0.58529544
242,valid,0,0.512583
840,valid,0,0.6077626
3237,valid,0,0.01108301
3556,valid,0,0.009526332
7279,valid,0,0.009893065
391,valid,0,0.78937185
9601,valid,0,0.4491357
10695,valid,0,0.01000304
8016,valid,0,0.009526332
6584,valid,0,0.008676474
1647,valid,0,0.014827044
9939,valid,0,0.6869198
9598,valid,0,0.82824683
5344,valid,0,0.009526332
3134,valid,0,0.012456709
5546,valid,0,0.775864
131,valid,0,0.75669515
4047,valid,0,0.009526332
3230,valid,0,0.0170089
1692,valid,0,0.009526332
6085,valid,0,0.009526332
7878,valid,0,0.010842391
2111,valid,0,0.638686
10671,valid,0,0.70357513
10449,valid,0,0.008782031
5970,valid,0,0.02725177
130,valid,0,0.049860317
1398,valid,0,0.76975965
135,valid,0,0.010230648
5276,valid,0,0.009556587
8232,valid,0,0.019588254
6705,valid,0,0.009526332
5323,valid,0,0.008169722
10638,valid,0,0.18079536
827,valid,0,0.38991743
20,valid,0,0.010256737
6857,valid,0,0.009526332
6390,valid,0,0.33416113
9321,valid,0,0.009526332
8295,valid,0,0.009526332
4392,valid,0,0.009526332
5653,valid,0,0.23429407
3128,valid,0,0.009526332
9855,valid,0,0.6872367
2012,valid,0,0.010230648
9864,valid,0,0.7473138
7916,valid,0,0.009526332
10789,valid,0,0.5504911
5792,valid,0,0.014827044
2110,valid,0,0.027322149
822,valid,0,0.009526332
8086,valid,0,0.8140355
8890,valid,0,0.009526332
10532,valid,0,0.7013074
4570,valid,0,0.1442875
973,valid,0,0.6878248
626,valid,0,0.82901525
814,valid,0,0.78139985
5650,valid,0,0.008169722
1651,valid,0,0.44361323
8698,valid,0,0.0070577143
240,valid,0,0.04277251
2432,valid,0,0.04277251
2162,valid,0,0.010871765
2358,valid,0,0.008212734
256,valid,0,0.4616824
10183,valid,0,0.00847403
9624,valid,0,0.015223909
6699,valid,0,0.83814514
2299,valid,0,0.015223909
8514,valid,0,0.7825031
5341,valid,0,0.008782031
4621,valid,0,0.009526332
7225,valid,0,0.009526332
9806,valid,0,0.79136485
120,valid,0,0.009526332
8066,valid,0,0.6431786
7010,valid,0,0.20495315
2015,valid,0,0.014852816
2967,valid,0,0.6234074
4296,valid,0,0.83389026
2362,valid,0,0.34284917
1855,valid,0,0.5363544
9295,valid,0,0.011106055
7707,valid,0,0.029692285
8589,valid,0,0.01037492
7156,valid,0,0.010342102
7221,valid,0,0.008453257
9077,valid,0,0.009526332
1722,valid,0,0.018610515
8044,valid,0,0.010342102
10708,valid,0,0.7773488
10680,valid,0,0.8328757
8057,valid,0,0.009526332
9203,valid,0,0.009526332
2292,valid,0,0.009526332
10705,valid,0,0.009526332
10360,valid,0,0.7032891
9605,valid,0,0.009526332
853,valid,0,0.008782031
7264,valid,0,0.009526332
8761,valid,0,0.009526332
10921,valid,0,0.01238049
2365,valid,0,0.010230648
4423,valid,0,0.7573448
233,valid,0,0.009526332
6030,valid,0,0.018399933
9061,valid,0,0.009526332
2428,valid,0,0.012843697
4393,valid,0,0.009526332
8371,valid,0,0.7452659
635,valid,0,0.013748766
1711,valid,0,0.013748766
2363,valid,0,0.013388805
5484,valid,0,0.013388805
9214,valid,0,0.009526332
4611,valid,0,0.72652453
9608,valid,0,0.013748766
1658,valid,0,0.013748766
6965,valid,0,0.015290443
7152,valid,0,0.010586834
9088,valid,0,0.009526332
2907,valid,0,0.03291463
9602,valid,0,0.009365927
10365,valid,0,0.8349713
10492,valid,0,0.7888629
9908,valid,0,0.011727318
7994,valid,0,0.018910214
8936,valid,0,0.6927018
1338,valid,0,0.79164416
828,valid,0,0.009526332
2041,valid,0,0.00847403
3145,valid,0,0.0097432975
8722,valid,0,0.018910214
10415,valid,0,0.018910214
636,valid,0,0.15702985
9683,valid,0,0.010342102
2170,valid,0,0.009526332
5813,valid,0,0.832267
5550,valid,0,0.009556587
2296,valid,0,0.016342519
845,valid,0,0.010230648
7872,valid,0,0.018910214
4053,valid,0,0.009526332
1652,valid,0,0.642019
4324,valid,0,0.029277824
271,valid,0,0.009526332
5610,valid,0,0.41841123
6572,valid,0,0.79394126
8284,valid,0,0.011727318
9162,valid,0,0.011727318
9676,valid,0,0.010342102
7406,valid,0,0.5556046
1391,valid,0,0.010901993
388,valid,0,0.018910214
4342,valid,0,0.010230648
5553,valid,0,0.009526332
852,valid,0,0.009861754
3012,valid,0,0.013624103
5544,valid,0,0.01272653
5263,valid,0,0.021725021
7702,valid,0,0.018827276
9868,valid,0,0.009072434
124,valid,0,0.71532464
9938,valid,0,0.5910718
117,valid,0,0.009526332
7398,valid,0,0.010342102
2923,valid,0,0.58681667
6573,valid,0,0.008447172
5201,valid,0,0.009712457
4434,valid,0,0.6818167
6697,valid,0,0.008465956
248,valid,0,0.013344936
811,valid,0,0.009526332
9548,valid,0,0.31665662
1701,valid,0,0.008453257
7634,valid,0,0.018910214
2384,valid,0,0.009526332
7218,valid,0,0.010230648
2411,valid,0,0.008453257
5334,valid,0,0.35492873
8376,valid,0,0.4458086
8349,valid,0,0.008622723
1484,valid,0,0.018910214
2984,valid,0,0.017324643
3678,valid,0,0.01197959
8005,valid,0,0.010342102
10544,valid,0,0.02560988
6717,valid,0,0.015058265
8891,valid,0,0.009526332
9235,valid,0,0.012570411
2,valid,0,0.012570411
8887,valid,0,0.4621941
8054,valid,0,0.009526332
6738,valid,0,0.009526332
9161,valid,0,0.009526332
4056,valid,0,0.009526332
226,valid,0,0.009526332
1237,valid,0,0.018910214
3468,valid,0,0.010342102
2368,valid,0,0.009526332
9955,valid,0,0.015327095
5771,valid,0,0.017689597
125,valid,0,0.02560988
9629,valid,0,0.03814166
9848,valid,0,0.014852816
3004,valid,0,0.018910214
3482,valid,0,0.4660496
8874,valid,0,0.009476157
3151,valid,0,0.009556587
8084,valid,0,0.7366573
2424,valid,0,0.011106055
6723,valid,0,0.6857352
2905,valid,0,0.009556587
9953,valid,0,0.014242805
851,valid,0,0.009526332
9847,valid,0,0.013573184
1607,valid,0,0.49374634
4322,valid,0,0.009526332
2105,valid,0,0.8270122
9860,valid,0,0.009556587
8001,valid,0,0.7939096
5808,valid,0,0.02557349
10651,valid,0,0.016955456
10332,valid,0,0.015486219
3124,valid,0,0.0251552
1861,valid,0,0.009526332
9545,valid,0,0.015327095
9531,valid,0,0.008465956
9047,valid,0,0.009526332
6075,valid,0,0.009556587
848,valid,0,0.01037492
5483,valid,0,0.01037492
3126,valid,0,0.008622723
7410,valid,0,0.009556587
3221,valid,0,0.010230648
4054,valid,0,0.6430113
9832,valid,0,0.61910915
10174,valid,0,0.0057635955
1374,valid,0,0.0050801816
6995,valid,0,0.7498149
7921,valid,0,0.01037492
7990,valid,0,0.011727318
837,valid,0,0.011727318
9317,valid,0,0.010342102
641,valid,0,0.010342102
5177,valid,0,0.010230648
2129,valid,0,0.009526332
8296,valid,0,0.012689772
8976,valid,0,0.009526332
6583,valid,0,0.010901993
3665,valid,0,0.009526332
2737,valid,0,0.014852816
4034,valid,0,0.014852816
8651,valid,0,0.014242805
3558,valid,0,0.27326652
9844,valid,0,0.7320518
7007,valid,0,0.008465956
4252,valid,0,0.0084801335
9209,valid,0,0.009526332
7996,valid,0,0.018910214
8752,valid,0,0.009526332
1871,valid,0,0.010342102
9614,valid,0,0.014242805
10648,valid,0,0.009526332
3398,valid,0,0.12893873
2017,valid,0,0.009526332
9225,valid,0,0.729816
9834,valid,0,0.009526332
8886,valid,0,0.010342102
8705,valid,0,0.019761777
7629,valid,0,0.008607577
9215,valid,0,0.008607577
241,valid,0,0.009712457
3231,valid,0,0.01037492
9057,valid,0,0.010342102
1478,valid,0,0.008447172
6841,valid,0,0.009526332
7153,valid,0,0.009526332
7155,valid,0,0.011106055
3191,valid,0,0.011106055
10496,valid,0,0.009861754
6035,valid,0,0.009526332
6964,valid,0,0.017463025
6026,valid,0,0.013624103
8456,valid,0,0.015047194
4148,valid,0,0.010586834
9108,valid,0,0.8241554
4327,valid,0,0.009526332
8646,valid,0,0.008447172
820,valid,0,0.35751578
9720,valid,0,0.009712457
10979,valid,0,0.58076316
9103,valid,0,0.018910214
9285,valid,0,0.8172738
108,valid,0,0.6709896
7207,valid,0,0.014572297
4169,valid,0,0.010230648
5607,valid,0,0.009072434
9609,valid,0,0.6709432
1706,valid,0,0.009526332
4632,valid,0,0.008465956
2486,valid,0,0.08791304
5702,valid,0,0.8783869
5329,valid,0,0.009712457
4328,valid,0,0.01037492
8045,valid,0,0.009365927
2915,valid,0,0.037568796
2293,valid,0,0.014287823
10799,valid,0,0.023220604
8565,valid,0,0.009304244
9206,valid,0,0.65205705
10291,valid,0,0.016207913
8289,valid,0,0.009526332
8878,valid,0,0.010342102
9323,valid,0,0.009526332
5960,valid,0,0.6442973
6996,valid,0,0.015327095
4335,valid,0,0.010342102
8329,valid,0,0.009526332
9710,valid,0,0.009556587
1183,valid,0,0.78349364
181,valid,0,0.51375264
290,valid,0,0.009556587
7172,valid,0,0.014242805
854,valid,0,0.011106055
7396,valid,0,0.012491023
6729,valid,0,0.57936764
9867,valid,0,0.015290443
7891,valid,0,0.009526332
10359,valid,0,0.2043793
2481,valid,0,0.47719255
8922,valid,0,0.010342102
2921,valid,0,0.009526332
846,valid,0,0.008782031
980,valid,0,0.7442934
9401,valid,0,0.025720626
2370,valid,0,0.51605815
10425,valid,0,0.010034794
1606,valid,0,0.010034794
9600,valid,0,0.009526332
8515,valid,0,0.010342102
8918,valid,0,0.010342102
6598,valid,0,0.009526332
835,valid,0,0.010342102
3488,valid,0,0.009526332
10703,valid,0,0.010342102
8883,valid,0,0.009526332
10641,valid,0,0.010342102
1625,valid,0,0.010342102
7685,valid,0,0.009526332
9089,valid,0,0.009556587
2483,valid,0,0.14377499
2414,valid,0,0.7547475
2143,valid,0,0.018910214
5473,valid,0,0.018910214
1581,valid,0,0.011106055
3142,valid,0,0.009526332
10324,valid,0,0.8197042
7766,valid,0,0.2299638
2005,valid,0,0.46130866
3149,valid,0,0.007951926
7690,valid,0,0.009526332
6587,valid,0,0.38227028
2106,valid,0,0.009304244
6746,valid,0,0.009526332
6079,valid,0,0.009526332
10540,valid,0,0.5267239
2892,valid,0,0.82575977
607,valid,0,0.013344936
4377,valid,0,0.009526332
2888,valid,0,0.010901993
7999,valid,0,0.009526332
9736,valid,0,0.82155
400,valid,0,0.008622723
614,valid,0,0.018910214
6601,valid,0,0.01037492
1853,valid,0,0.020102598
7403,valid,0,0.010342102
3535,valid,0,0.009556587
8446,valid,0,0.65414625
3144,valid,0,0.009526332
7631,valid,0,0.52974886
5811,valid,0,0.010901993
264,valid,0,0.44642904
6067,valid,0,0.01037492
7012,valid,0,0.014852816
4309,valid,0,0.025720626
9730,valid,0,0.008453257
7917,valid,0,0.796283
6599,valid,0,0.010391467
2914,valid,0,0.008447172
4055,valid,0,0.0093956785
1595,valid,0,0.010905598
7416,valid,0,0.010342102
3770,valid,0,0.018910214
9882,valid,0,0.025720626
3878,valid,0,0.56889075
9046,valid,0,0.032244217
7159,valid,0,0.008782031
4302,valid,0,0.6012916
6031,valid,0,0.010230648
3459,valid,0,0.009526332
7397,valid,0,0.0159446
4048,valid,0,0.010342102
7252,valid,0,0.009526332
9227,valid,0,0.75629145
5343,valid,0,0.009556587
3011,valid,0,0.017060569
252,valid,0,0.009526332
6715,valid,0,0.010342102
8748,valid,0,0.009556587
985,valid,0,0.010155292
992,valid,0,0.009526332
8584,valid,0,0.011106055
8721,valid,0,0.015413866
2750,valid,0,0.010586834
10794,valid,0,0.68884677
5814,valid,0,0.008447172
2420,valid,0,0.008622723
268,valid,0,0.014276974
1857,valid,0,0.011400794
9204,valid,0,0.01174143
4308,valid,0,0.013705421
3486,valid,0,0.67853767
7119,valid,0,0.008447172
855,valid,0,0.009526332
4323,valid,0,0.009526332
7694,valid,0,0.010342102
1584,valid,0,0.8167881
2155,valid,0,0.009526332
8765,valid,0,0.727727
7268,valid,0,0.012491023
9172,valid,0,0.074131764
1598,valid,0,0.074131764
9532,valid,0,0.01037492
2275,valid,0,0.81174934
1518,valid,0,0.010342102
1698,valid,0,0.010342102
3141,valid,0,0.009526332
3123,valid,0,0.010342102
815,valid,0,0.009526332
9092,valid,0,0.01272653
4320,valid,0,0.009526332
829,valid,0,0.009526332
7160,valid,0,0.019389307
3533,valid,0,0.009526332
1381,valid,0,0.12400496
9282,valid,0,0.010342102
2158,valid,0,0.7583037
6979,valid,0,0.015290443
10646,valid,0,0.00989257
8288,valid,0,0.009526332
3467,valid,0,0.009526332
9296,valid,0,0.6954508
8570,valid,0,0.025720626
6306,valid,0,0.7505492
1528,valid,0,0.027470335
2408,valid,0,0.016405387
10455,valid,0,0.009526332
3460,valid,0,0.01272653
100,valid,0,0.009766508
1695,valid,0,0.009526332
7368,valid,0,0.8115754
2399,valid,0,0.010586834
137,valid,0,0.009556587
9222,valid,0,0.032144465
11031,valid,0,0.018910214
5574,valid,0,0.010342102
2423,valid,0,0.010342102
7691,valid,0,0.009526332
5987,valid,0,0.7726929
2100,valid,0,0.007835185
4150,valid,0,0.57705784
2116,valid,0,0.8472431
9677,valid,0,0.81097853
7115,valid,0,0.6832872
7888,valid,0,0.01037492
9850,valid,0,0.011647608
7413,valid,0,0.013344936
6971,valid,0,0.6985208
9942,valid,0,0.016342519
5183,valid,0,0.010342102
686,valid,0,0.26005208
2018,valid,0,0.009526332
4298,valid,0,0.016207913
2034,valid,0,0.01272653
8229,valid,0,0.014276974
9093,valid,0,0.010342102
10864,valid,0,0.010342102
9311,valid,0,0.16464208
9309,valid,0,0.0093956785
10653,valid,0,0.72653836
8997,valid,0,0.009526332
2960,valid,0,0.52217776
9299,valid,0,0.010155292
7277,valid,0,0.009556587
136,valid,0,0.010342102
8696,valid,0,0.009526332
10452,valid,0,0.009526332
5560,valid,0,0.009526332
843,valid,0,0.009556587
3559,valid,0,0.009526332
2163,valid,0,0.009526332
4384,valid,0,0.013624103
6230,valid,0,0.018910214
9293,valid,0,0.3109845
101,valid,0,0.011045757
4186,valid,0,0.01037492
251,valid,0,0.008453257
3464,valid,0,0.009526332
236,valid,0,0.009556587
6603,valid,0,0.008453257
8351,valid,0,0.009556587
10421,valid,0,0.81631684
9691,valid,0,0.69871956
5563,valid,0,0.010342102
4329,valid,0,0.010230648
3553,valid,0,0.009526332
5478,valid,0,0.010901993
8877,valid,0,0.5892351
1851,valid,0,0.01197959
8880,valid,0,0.009914437
8281,valid,0,0.7283729
8297,valid,0,0.012491023
2430,valid,0,0.7470838
3544,valid,0,0.009526332
2406,valid,0,0.010342102
8756,valid,0,0.008453257
8000,valid,0,0.010342102
5690,valid,0,0.018033031
10677,valid,0,0.021683121
5165,valid,0,0.008453257
7689,valid,0,0.05352246
2372,valid,0,0.010586834
4319,valid,0,0.009526332
6991,valid,0,0.009526332
11027,valid,0,0.018910214
2922,valid,0,0.012491023
10858,valid,0,0.015271982
9678,valid,0,0.014852816
90,valid,0,0.64211005
3513,valid,0,0.19496375
9533,valid,0,0.013705421
3294,valid,0,0.013705421
9083,valid,0,0.009526332
991,valid,0,0.009526332
9959,valid,0,0.1288277
1866,valid,0,0.010342102
8534,valid,0,0.018910214
3232,valid,0,0.010187523
10673,valid,0,0.008447172
5804,valid,0,0.018910214
1715,valid,0,0.009526332
974,valid,0,0.517822
4389,valid,0,0.012491023
6245,valid,0,0.018910214
286,valid,0,0.034240074
275,valid,0,0.014572297
263,valid,0,0.010342102
6978,valid,0,0.018910214
6837,valid,0,0.010342102
1603,valid,0,0.069699824
1605,valid,0,0.74050236
8019,valid,0,0.59917563
2048,valid,0,0.590212
273,valid,0,0.009526332
230,valid,0,0.009526332
4305,valid,0,0.011727318
6736,valid,0,0.010342102
2167,valid,0,0.014572297
9654,valid,0,0.009072434
3456,valid,0,0.009556587
289,valid,0,0.22592676
8876,valid,0,0.01197959
10541,valid,0,0.0149115035
6579,valid,0,0.06743226
3192,valid,0,0.76944023
3656,valid,0,0.009526332
1710,valid,0,0.009526332
8332,valid,0,0.012034086
8090,valid,0,0.015247012
7220,valid,0,0.29514652
10866,valid,0,0.010342102
3473,valid,0,0.010342102
7381,valid,0,0.022284275
6045,valid,0,0.009526332
2042,valid,0,0.009526332
2359,valid,0,0.010230648
4184,valid,0,0.012688087
9712,valid,0,0.6434006
1593,valid,0,0.009526332
2919,valid,0,0.009556587
9405,valid,0,0.010901993
9597,valid,0,0.010342102
2736,valid,0,0.010342102
1238,valid,0,0.01011898
9899,valid,0,0.009526332
8324,valid,0,0.013659289
2367,valid,0,0.6762764
3227,valid,0,0.7812555
4262,valid,0,0.009526332
3515,valid,0,0.009526332
5339,valid,0,0.009526332
4149,valid,0,0.015342115
3224,valid,0,0.17042658
9097,valid,0,0.6431103
2056,valid,0,0.010342102
5651,valid,0,0.00847403
9071,valid,0,0.008782031
2020,valid,0,0.6770933
7198,valid,0,0.8084707
2108,valid,0,0.018910214
5797,valid,0,0.011727318
8292,valid,0,0.011727318
5764,valid,0,0.45418796
8011,valid,0,0.23152499
4648,valid,0,0.36546713
7260,valid,0,0.009556587
4044,valid,0,0.82656854
2049,valid,0,0.47214556
9043,valid,0,0.009526332
9073,valid,0,0.009526332
1700,valid,0,0.008622723
10714,valid,0,0.009526332
7769,valid,0,0.018610515
5207,valid,0,0.1627043
118,valid,0,0.79594535
696,valid,0,0.010901993
8923,valid,0,0.69385785
4045,valid,0,0.010342102
7117,valid,0,0.21718335
10489,valid,0,0.009526332
5700,valid,0,0.68051606
2148,valid,0,0.010342102
8978,valid,0,0.010230648
8322,valid,0,0.013491142
6301,valid,0,0.009556587
4297,valid,0,0.6695134
10685,valid,0,0.015838953
7920,valid,0,0.009526332
4435,valid,0,0.25558242
1341,valid,0,0.018910214
5214,valid,0,0.658116
1626,valid,0,0.009556587
6313,valid,0,0.009526332
7150,valid,0,0.74820167
6577,valid,0,0.018910214
8323,valid,0,0.5716709
4622,valid,0,0.008453257
9546,valid,0,0.010342102
2402,valid,0,0.009526332
3667,valid,0,0.557157
4565,valid,0,0.018910214
6856,valid,0,0.009526332
1812,valid,0,0.018176276
2898,valid,0,0.018910214
1852,valid,0,0.89626646
6392,valid,0,0.020774858
3127,valid,0,0.009526332
2725,valid,0,0.011727318
2482,valid,0,0.018910214
9835,valid,0,0.7322081
6852,valid,0,0.010475549
7269,valid,0,0.6912224
9692,valid,0,0.011359144
10690,valid,0,0.016756946
1407,valid,0,0.018910214
1,valid,0,0.009657808
4303,valid,0,0.020774858
6308,valid,0,0.011249248
8338,valid,0,0.010508787
7989,valid,0,0.018910214
7991,valid,0,0.011727318
10446,valid,0,0.011727318
9207,valid,0,0.011106055
8303,valid,0,0.008459142
1821,valid,0,0.013491142
176,valid,0,0.018910214
9074,valid,0,0.7887035
6238,valid,0,0.83368224
2980,valid,0,0.022817686
2046,valid,0,0.71570796
6741,valid,0,0.011249248
5658,valid,0,0.018910214
6073,valid,0,0.009526332
1671,valid,0,0.50850934
7266,valid,0,0.010230648
1872,valid,0,0.010475549
1353,valid,0,0.013491142
2131,valid,0,0.26354623
10287,valid,0,0.00847403
224,valid,0,0.012491023
4487,valid,0,0.81352305
7021,valid,0,0.8246603
7632,valid,0,0.015843814
5194,valid,0,0.6335363
9111,valid,0,0.016654525
7409,valid,0,0.011159105
2409,valid,0,0.010508787
11026,valid,0,0.018910214
4190,valid,0,0.010342102
10798,valid,0,0.04027736
6307,valid,0,0.012120809
6040,valid,0,0.013181895
7882,valid,0,0.013181895
8454,valid,0,0.8236936
4618,valid,0,0.6900994
7982,valid,0,0.020774858
3147,valid,0,0.4617342
8567,valid,0,0.74678904
2153,valid,0,0.7077356
2896,valid,0,0.020774858
5773,valid,0,0.3637246
6849,valid,0,0.009431843
3392,valid,0,0.018910214
2361,valid,0,0.009526332
8885,valid,0,0.010508787
1859,valid,0,0.012829823
10654,valid,0,0.012892996
3879,valid,0,0.013225559
836,valid,0,0.012276924
7161,valid,0,0.551037
9595,valid,0,0.011249248
6299,valid,0,0.85051656
10530,valid,0,0.0282791
3136,valid,0,0.6112578
186,valid,0,0.012565209
9596,valid,0,0.009526332
3786,valid,0,0.8068961
1243,valid,0,0.6646618
7005,valid,0,0.7512393
9910,valid,0,0.010230648
1604,valid,0,0.011727318
3189,valid,0,0.018176276
9315,valid,0,0.022466538
7695,valid,0,0.76982427
2356,valid,0,0.009526332
4641,valid,0,0.8324771
10179,valid,0,0.010921101
2011,valid,0,0.30994534
4627,valid,0,0.010342102
200,valid,0,0.7170694
9054,valid,0,0.011773215
9885,valid,0,0.011773215
1362,valid,0,0.73553264
5694,valid,0,0.018910214
3212,valid,0,0.020774858
4173,valid,0,0.4882536
8301,valid,0,0.012120809
7206,valid,1,0.8322256
10859,valid,0,0.018910214
1339,valid,0,0.6655654
5184,valid,0,0.71794975
5704,valid,0,0.010846719
10057,valid,0,0.018910214
1360,valid,0,0.5604922
119,valid,0,0.010155292
6592,valid,0,0.012892996
9907,valid,0,0.010475549
5777,valid,0,0.020774858
857,valid,0,0.009296561
7165,valid,0,0.020774858
4311,valid,0,0.020774858
3527,valid,0,0.013990122
9856,valid,0,0.009526332
7110,valid,0,0.6337416
4502,valid,0,0.012565209
2157,valid,0,0.010230648
5166,valid,0,0.6534284
8992,valid,0,0.79452175
7980,valid,0,0.020774858
7179,valid,0,0.020774858
1858,valid,0,0.011727318
11017,valid,0,0.020774858
5609,valid,0,0.80903935
8929,valid,0,0.013975554
9606,valid,0,0.0109019
4178,valid,0,0.8814505
8382,valid,0,0.7508566
4491,valid,0,0.020774858
8944,valid,0,0.766975
7880,valid,0,0.76673174
10783,valid,0,0.020774858
2171,valid,0,0.009526332
9862,valid,0,0.60393846
1816,valid,0,0.6678906
9289,valid,0,0.012120809
2890,valid,0,0.012213171
249,valid,0,0.84713775
3487,valid,0,0.52842695
3233,valid,0,0.32032493
9320,valid,0,0.010342102
8235,valid,0,0.012565209
7885,valid,0,0.012276924
5790,valid,0,0.020774858
1608,valid,0,0.5080232
6839,valid,0,0.010475549
4147,valid,0,0.015003835
5796,valid,0,0.020774858
132,valid,0,0.01759218
3540,valid,0,0.8340288
3234,valid,0,0.5776837
2440,valid,0,0.8889137
7013,valid,0,0.72080404
5198,valid,0,0.63238364
856,valid,0,0.01864227
10519,valid,0,0.7976279
5980,valid,0,0.81746817
6597,valid,0,0.3392016
9075,valid,0,0.890075
8889,valid,0,0.015003835
4250,valid,0,0.6276014
6961,valid,0,0.2298317
1481,valid,0,0.12649201
1577,valid,0,0.009395483
7108,valid,0,0.100428015
4613,valid,0,0.008188413
7105,valid,0,0.13982594
4295,valid,0,0.01889058
3792,valid,0,0.12620188
250,valid,0,0.010058297
7898,valid,0,0.008188413
2891,valid,0,0.008188413
1811,valid,0,0.08919402
9168,valid,0,0.013887377
3455,valid,0,0.014545349
10716,valid,0,0.4096032
6726,valid,0,0.29163378
5667,valid,0,0.1482431
13,valid,0,0.13405442
1862,valid,0,0.010058297
5271,valid,0,0.010682328
8657,valid,0,0.26345122
10674,valid,0,0.012481916
6068,valid,0,0.1507729
9711,valid,0,0.14086773
8052,valid,0,0.008188413
9101,valid,0,0.008188413
1380,valid,0,0.2230729
2159,valid,0,0.008188413
3554,valid,0,0.08737637
2052,valid,0,0.014324779
5809,valid,0,0.23901138
3661,valid,0,0.022437125
7753,valid,0,0.12758468
693,valid,0,0.24171971
627,valid,0,0.25585857
10284,valid,0,0.029388739
1195,valid,0,0.08728282
2489,valid,0,0.31592417
9820,valid,0,0.31562606
11030,valid,0,0.18837707
4299,valid,0,0.011803744
88,valid,0,0.010058297
1366,valid,0,0.09091469
2150,valid,0,0.008709655
1627,valid,0,0.20335455
7425,valid,0,0.008694358
9291,valid,0,0.008694358
6590,valid,0,0.050273683
9900,valid,0,0.008315405
10639,valid,0,0.008315405
1363,valid,0,0.1325919
3662,valid,0,0.16596727
8062,valid,0,0.2580016
9675,valid,0,0.008994805
2383,valid,0,0.110344864
5972,valid,0,0.037497457
9719,valid,0,0.008331987
6028,valid,0,0.007089353
10528,valid,0,0.25855377
9211,valid,0,0.25674552
8061,valid,0,0.009395483
1349,valid,0,0.009395483
116,valid,0,0.034294058
390,valid,0,0.06207534
8225,valid,0,0.0747401
1702,valid,0,0.009395483
9879,valid,0,0.075291686
4425,valid,0,0.42374673
5476,valid,0,0.35397953
11037,valid,0,0.10650969
606,valid,0,0.08895359
619,valid,0,0.16608886
10676,valid,0,0.010409307
2729,valid,0,0.013421598
10867,valid,0,0.33303416
1196,valid,0,0.17228688
2733,valid,0,0.039503258
7635,valid,0,0.0124121895
10643,valid,0,0.007416804
2436,valid,0,0.0124121895
4558,valid,0,0.19665942
3590,valid,0,0.17724216
981,valid,0,0.008709655
1823,valid,0,0.26801363
3007,valid,0,0.054355957
10791,valid,0,0.120644294
1357,valid,0,0.16846426
1185,valid,0,0.1877127
1665,valid,0,0.0860007
8381,valid,0,0.21457288
5776,valid,0,0.1003523
3296,valid,0,0.19373249
5647,valid,0,0.009066473
5986,valid,0,0.2551314
9821,valid,0,0.008188413
178,valid,0,0.010058297
1245,valid,0,0.15507875
5996,valid,0,0.058370944
7755,valid,0,0.008188413
5213,valid,0,0.008188413
1382,valid,0,0.0077344803
1486,valid,0,0.22820918
10290,valid,0,0.25397262
7166,valid,0,0.008188413
9933,valid,0,0.15124959
6595,valid,0,0.5664156
4562,valid,0,0.15975541
3877,valid,0,0.008572973
8879,valid,0,0.009716145
1661,valid,0,0.008572973
9662,valid,0,0.096212305
4269,valid,0,0.48794955
1650,valid,0,0.06194449
824,valid,0,0.010058297
1392,valid,0,0.010058297
8706,valid,0,0.13280375
4633,valid,0,0.009046924
1848,valid,0,0.04320587
9076,valid,0,0.0100545995
85,valid,0,0.008572973
1864,valid,0,0.014014626
8693,valid,0,0.10221998
9723,valid,0,0.009499872
9892,valid,0,0.008545806
2350,valid,0,0.009046924
8009,valid,0,0.008675223
6722,valid,0,0.16140443
9094,valid,0,0.008675223
5268,valid,0,0.009046924
6990,valid,0,0.010202253
3394,valid,0,0.010202253
825,valid,0,0.009046924
7212,valid,0,0.009046924
4188,valid,0,0.008675223
638,valid,0,0.013590055
7752,valid,0,0.0840189
238,valid,0,0.11944488
7401,valid,0,0.012879245
6310,valid,0,0.008530793
9098,valid,0,0.008530793
9292,valid,0,0.009046924
1406,valid,0,0.0091783
7852,valid,0,0.013007126
6740,valid,0,0.008675223
3293,valid,0,0.013007126
10289,valid,0,0.011843641
10786,valid,0,0.01483139
2145,valid,0,0.01208874
11029,valid,0,0.015868563
6043,valid,0,0.32276684
9838,valid,0,0.0091783
2348,valid,0,0.0091783
229,valid,0,0.3080521
8348,valid,0,0.019064961
1493,valid,0,0.23450516
4574,valid,0,0.0091783
3138,valid,0,0.009046924
10800,valid,0,0.0121523775
3799,valid,0,0.0091783
4388,valid,0,0.10441194
9713,valid,0,0.27601358
9237,valid,0,0.019064961
3226,valid,0,0.010300369
1198,valid,0,0.015585322
611,valid,0,0.013007126
9831,valid,0,0.010378867
812,valid,0,0.010378867
3210,valid,0,0.1726835
2745,valid,0,0.17097844
3389,valid,0,0.015829768
5333,valid,0,0.0069549605
2982,valid,0,0.0121523775
8350,valid,0,0.013784404
6989,valid,0,0.013495698
5815,valid,0,0.013007126
10984,valid,0,0.32411444
3218,valid,0,0.011690305
7875,valid,0,0.012717086
2127,valid,0,0.009104199
8453,valid,0,0.23593305
8524,valid,0,0.008545806
10550,valid,0,0.08389693
3207,valid,0,0.008545806
8448,valid,0,0.13829874
3458,valid,0,0.009265089
4559,valid,0,0.012114005
6578,valid,0,0.008545806
4488,valid,0,0.012612925
7374,valid,0,0.012481916
7418,valid,0,0.1640419
6029,valid,0,0.011370003
11024,valid,0,0.011370003
5222,valid,0,0.008545806
5963,valid,0,0.015126451
6044,valid,0,0.009046924
94,valid,0,0.042561077
3675,valid,0,0.012114005
3148,valid,0,0.009046924
9051,valid,0,0.009499872
2047,valid,0,0.009046924
9091,valid,0,0.11300526
1666,valid,0,0.016482161
2019,valid,0,0.016482161
10691,valid,0,0.009046924
6580,valid,0,0.008188413
8747,valid,0,0.26264066
10537,valid,0,0.013421598
7419,valid,0,0.015519143
3660,valid,0,0.15091008
4609,valid,0,0.009365628
4137,valid,0,0.009046924
858,valid,0,0.010768916
102,valid,0,0.19196005
5981,valid,0,0.23178606
2731,valid,0,0.020319285
6080,valid,0,0.009046924
629,valid,0,0.009046924
3223,valid,0,0.12193995
4332,valid,0,0.025507629
2429,valid,0,0.036570348
3790,valid,0,0.026304238
3006,valid,0,0.010682328
7154,valid,0,0.008315405
5190,valid,0,0.0081891725
2376,valid,0,0.008675223
813,valid,0,0.008675223
10792,valid,0,0.008572973
8287,valid,0,0.07177533
2135,valid,0,0.09252013
7006,valid,0,0.009499872
3295,valid,0,0.013421598
6737,valid,0,0.17571218
6744,valid,0,0.02821434
10448,valid,0,0.008675223
6389,valid,0,0.01869098
7422,valid,0,0.17139858
2978,valid,0,0.007200759
6388,valid,0,0.41478825
8328,valid,0,0.16053689
5569,valid,0,0.015727356
9,valid,0,0.01035842
1488,valid,0,0.01035842
1387,valid,0,0.013421598
2400,valid,0,0.013421598
8282,valid,0,0.009499872
1654,valid,0,0.17240408
2920,valid,0,0.008339765
10491,valid,0,0.15666156
9549,valid,0,0.026304238
1597,valid,0,0.12421614
7148,valid,0,0.30185995
10493,valid,0,0.17574981
2439,valid,0,0.06866088
1697,valid,0,0.07474183
6087,valid,0,0.38129666
5810,valid,0,0.008545806
1182,valid,0,0.023669513
8576,valid,0,0.009046924
9617,valid,0,0.012838608
2983,valid,0,0.008188413
2022,valid,0,0.08016709
4381,valid,0,0.009499872
1344,valid,0,0.045971926
3517,valid,0,0.045971926
8983,valid,0,0.010058297
2036,valid,0,0.009415685
5225,valid,0,0.29101354
14,valid,0,0.012114005
6716,valid,0,0.21707055
8996,valid,0,0.009365628
2738,valid,0,0.14069138
259,valid,0,0.23894343
6711,valid,0,0.009046924
6240,valid,0,0.0125399595
9876,valid,0,0.11548582
6745,valid,0,0.28901878
8299,valid,0,0.19450161
2981,valid,0,0.4363387
6846,valid,0,0.009046924
6318,valid,0,0.009046924
6992,valid,0,0.014586724
810,valid,0,0.009046924
4634,valid,0,0.009499872
1854,valid,0,0.1432695
7107,valid,0,0.0127648655
5784,valid,0,0.34091052
1346,valid,0,0.11112543
397,valid,0,0.013421598
3537,valid,0,0.009499872
10697,valid,0,0.009046924
9688,valid,0,0.08910992
9539,valid,0,0.009046924
8334,valid,0,0.009046924
266,valid,0,0.1006453
7686,valid,0,0.011378142
833,valid,0,0.008587759
7201,valid,0,0.013453142
2730,valid,0,0.008545806
7205,valid,0,0.009365628
5552,valid,0,0.010015041
8892,valid,0,0.11459622
9913,valid,0,0.024855368
2404,valid,0,0.009537767
7863,valid,0,0.008179542
4185,valid,0,0.008179542
834,valid,0,0.14446363
5793,valid,0,0.01225235
2138,valid,0,0.54890716
10479,valid,0,0.009800525
3598,valid,0,0.12193422
8770,valid,0,0.009046924
6036,valid,0,0.009537767
7273,valid,0,0.009046924
8569,valid,0,0.013640389
5984,valid,0,0.008205555
8587,valid,0,0.008205555
4645,valid,0,0.00878517
1244,valid,0,0.25980556
697,valid,0,0.12186791
2425,valid,0,0.2539231
6315,valid,0,0.016019193
9663,valid,0,0.015204957
9543,valid,0,0.013640389
6980,valid,0,0.007234062
9176,valid,0,0.007234062
9897,valid,0,0.009537767
7376,valid,0,0.012654734
4615,valid,0,0.009926333
8014,valid,0,0.009926333
9846,valid,0,0.009873588
246,valid,0,0.010015041
2031,valid,0,0.016975654
6701,valid,0,0.010015041
5652,valid,0,0.61739504
4325,valid,0,0.009537767
244,valid,0,0.009537767
639,valid,0,0.37635088
7019,valid,0,0.009537767
5170,valid,0,0.009537767
9110,valid,0,0.008633083
3485,valid,0,0.0106631145
7915,valid,0,0.009537767
3534,valid,0,0.51564914
6986,valid,0,0.01487055
2117,valid,0,0.43697742
8060,valid,0,0.010015041
17,valid,0,0.4535278
199,valid,0,0.5880794
2909,valid,0,0.010559851
3672,valid,0,0.009537767
7884,valid,0,0.0130438395
3480,valid,0,0.010403929
5187,valid,0,0.010015041
5656,valid,0,0.48520032
4563,valid,0,0.75488675
8384,valid,0,0.3149508
9715,valid,0,0.009537767
4170,valid,0,0.57080626
9594,valid,0,0.012741757
2095,valid,0,0.008179542
1809,valid,0,0.5041774
9840,valid,0,0.009568058
5555,valid,0,0.009537767
4131,valid,0,0.010015041
2266,valid,0,0.41490635
8568,valid,0,0.009537767
1870,valid,0,0.008633083
8871,valid,0,0.010599528
5566,valid,0,0.010015041
10320,valid,0,0.012654734
8286,valid,0,0.009537767
7263,valid,0,0.010015041
9827,valid,0,0.010604295
5275,valid,0,0.13951954
3217,valid,0,0.01024292
1609,valid,0,0.1650794
7704,valid,0,0.0106631145
632,valid,0,0.00878517
6602,valid,0,0.707075
4318,valid,0,0.010015041
10418,valid,0,0.00878517
8285,valid,0,0.008319924
2043,valid,0,0.009537767
9084,valid,0,0.009568058
5549,valid,0,0.010015041
3520,valid,0,0.38103813
5208,valid,0,0.01024292
850,valid,0,0.009537767
291,valid,0,0.20084569
3471,valid,0,0.49435946
1356,valid,0,0.43973553
8582,valid,0,0.009568058
3387,valid,0,0.5630178
2378,valid,0,0.009537767
9205,valid,0,0.010599528
2044,valid,0,0.009568058
6070,valid,0,0.4635816
8007,valid,0,0.43571228
10481,valid,0,0.00878517
1388,valid,0,0.00878517
11033,valid,0,0.014065453
8692,valid,0,0.009537767
9716,valid,0,0.26987043
2885,valid,0,0.5365264
7209,valid,0,0.50967485
7375,valid,0,0.32977468
8894,valid,0,0.008633083
2294,valid,0,0.3526252
10916,valid,0,0.009179323
4141,valid,0,0.009179323
4037,valid,0,0.009098475
8656,valid,0,0.009873588
2008,valid,0,0.009633407
5186,valid,0,0.010015041
6232,valid,0,0.6998078
6977,valid,0,0.756446
6594,valid,0,0.016989315
7151,valid,0,0.55621797
1714,valid,0,0.009873588
2172,valid,0,0.009537767
10995,valid,0,0.5405544
9082,valid,0,0.009568058
2964,valid,0,0.44164366
3205,valid,0,0.6122471
8336,valid,0,0.0106631145
8048,valid,0,0.009873588
6576,valid,0,0.30128944
1179,valid,0,0.76083124
9287,valid,0,0.010015041
1590,valid,0,0.40029526
4140,valid,0,0.010046832
9863,valid,0,0.61745477
10520,valid,0,0.00878517
1623,valid,0,0.70384145
7278,valid,0,0.008633083
3798,valid,0,0.012220006
3874,valid,0,0.013036696
1694,valid,0,0.009537767
1522,valid,0,0.3425381
1483,valid,0,0.00771166
841,valid,0,0.009537767
9858,valid,0,0.3986565
4171,valid,0,0.0106631145
9304,valid,0,0.009537767
3481,valid,0,0.5656939
1869,valid,0,0.3830282
8092,valid,0,0.29995072
3779,valid,0,0.008633083
3214,valid,0,0.008633083
9684,valid,0,0.560438
5266,valid,0,0.64627147
8320,valid,0,0.008179542
9621,valid,0,0.01343946
8536,valid,0,0.32013702
5710,valid,0,0.010408407
3483,valid,0,0.010408407
9807,valid,0,0.008633083
2297,valid,0,0.34988567
1808,valid,0,0.092152886
9056,valid,0,0.010046832
2912,valid,0,0.3234957
9727,valid,0,0.46569398
5538,valid,0,0.008633083
5174,valid,0,0.27878243
4301,valid,0,0.01810271
5557,valid,0,0.011269935
11020,valid,0,0.012518951
2054,valid,0,0.009537767
7379,valid,0,0.013273419
4380,valid,0,0.013273419
8013,valid,0,0.010015041
3531,valid,0,0.6848561
6071,valid,0,0.009537767
1588,valid,0,0.7455214
3521,valid,0,0.009537767
2139,valid,0,0.45088583
232,valid,0,0.24648094
8343,valid,0,0.6237929
6698,valid,0,0.009633407
5600,valid,0,0.67061394
10517,valid,0,0.00878517
8050,valid,0,0.009537767
10364,valid,0,0.009537767
8873,valid,0,0.009537767
3547,valid,0,0.012741757
1616,valid,0,0.010015041
6316,valid,0,0.009537767
6994,valid,0,0.009537767
6999,valid,0,0.009537767
2346,valid,0,0.009537767
3551,valid,0,0.73449695
6743,valid,0,0.010015041
8347,valid,0,0.009537767
9085,valid,0,0.013350946
7692,valid,0,0.009537767
9319,valid,0,0.33859497
105,valid,0,0.009537767
971,valid,0,0.0119939335
5537,valid,0,0.55833715
3457,valid,0,0.01024292
8882,valid,0,0.010015041
1586,valid,0,0.009537767
3659,valid,0,0.009537767
5193,valid,0,0.009537767
8975,valid,0,0.009537767
5172,valid,0,0.38929197
4041,valid,0,0.009537767
3775,valid,0,0.44190404
177,valid,0,0.6112641
5326,valid,0,0.009537767
7,valid,0,0.011426576
688,valid,0,0.011426576
8342,valid,0,0.009537767
1860,valid,0,0.00879258
3679,valid,0,0.008453257
4266,valid,0,0.009861754
2035,valid,0,0.010015041
8750,valid,0,0.010650345
4333,valid,0,0.01000304
8704,valid,0,0.009526332
10485,valid,0,0.016694127
3396,valid,0,0.549338
5973,valid,0,0.012513688
1377,valid,0,0.28157157
5558,valid,0,0.008463415
2961,valid,0,0.59432137
4606,valid,0,0.26804844
9063,valid,0,0.68693656
4166,valid,0,0.6727294
8585,valid,0,0.011436805
7204,valid,0,0.008782031
4604,valid,0,0.009526332
6714,valid,0,0.01428235
9053,valid,0,0.01000304
8002,valid,0,0.009526332
9686,valid,0,0.4790283
8694,valid,0,0.5796722
2121,valid,0,0.009556587
4386,valid,0,0.009526332
9672,valid,0,0.7187744
2295,valid,0,0.01428235
4049,valid,0,0.01428235
9290,valid,0,0.009537767
4172,valid,0,0.5533115
10914,valid,0,0.22759418
2120,valid,0,0.01000304
6713,valid,0,0.009526332
10698,valid,0,0.56376463
5967,valid,0,0.009873588
2416,valid,0,0.7073472
9066,valid,0,0.7357067
7420,valid,0,0.65196013
3204,valid,0,0.4998996
6302,valid,0,0.009526332
8686,valid,0,0.009556587
5261,valid,0,0.009526332
10191,valid,0,0.16997752
237,valid,0,0.01000304
9837,valid,0,0.009526332
6309,valid,0,0.010650345
2126,valid,0,0.8519766
9893,valid,0,0.009526332
6042,valid,0,0.009526332
10060,valid,0,0.015308929
7016,valid,0,0.020497179
10353,valid,0,0.6835749
9294,valid,0,0.22471772
10451,valid,0,0.01000304
6032,valid,0,0.009526332
5567,valid,0,0.010650345
2916,valid,0,0.3434912
9845,valid,0,0.7073237
5782,valid,0,0.01810908
10,valid,0,0.01000304
7881,valid,0,0.008782031
1390,valid,0,0.01000304
1579,valid,0,0.01000304
9231,valid,0,0.010901993
3143,valid,0,0.009526332
6702,valid,0,0.5597128
7000,valid,0,0.009526332
5551,valid,0,0.009526332
1386,valid,0,0.015413866
4630,valid,0,0.67849416
9877,valid,0,0.6837076
3525,valid,0,0.5739984
3606,valid,0,0.021005621
7405,valid,0,0.009526332
6847,valid,0,0.8406917
5338,valid,0,0.009526332
8345,valid,0,0.13945623
9852,valid,0,0.01000304
10325,valid,0,0.008622723
1578,valid,0,0.008622723
10649,valid,0,0.6883546
1613,valid,0,0.008062365
6983,valid,0,0.010034794
9210,valid,0,0.009526332
3550,valid,0,0.0084801335
4255,valid,0,0.009526332
4385,valid,0,0.7031728
2028,valid,0,0.009526332
3469,valid,0,0.56604415
7210,valid,0,0.009861754
10699,valid,0,0.009526332
3008,valid,0,0.6144162
3220,valid,0,0.6992701
1618,valid,0,0.012235938
4313,valid,0,0.38773593
8321,valid,0,0.008676474
6843,valid,0,0.009526332
4139,valid,0,0.009861754
2164,valid,0,0.009526332
7009,valid,0,0.01064714
5989,valid,0,0.01000304
8688,valid,0,0.01000304
2968,valid,0,0.7961091
7203,valid,0,0.009526332
110,valid,0,0.01000304
3119,valid,0,0.010650345
10675,valid,0,0.5671933
9301,valid,0,0.6953655
3203,valid,0,0.018910214
9245,valid,0,0.026302397
106,valid,0,0.4999516
9052,valid,0,0.009526332
9718,valid,0,0.40087217
8710,valid,0,0.021779073
4306,valid,0,0.6700795
8063,valid,0,0.009526332
3115,valid,0,0.009526332
7625,valid,0,0.01263961
6845,valid,0,0.5921104
225,valid,0,0.012034086
8925,valid,0,0.009610751
8768,valid,0,0.007633442
7011,valid,0,0.009526332
983,valid,0,0.011727318
7363,valid,0,0.014827044
10655,valid,0,0.58911073
8987,valid,0,0.010391467
9536,valid,0,0.5138711
9681,valid,0,0.4523373
8581,valid,0,0.010620421
9898,valid,0,0.009526332
2380,valid,0,0.009526332
10647,valid,0,0.009526332
3478,valid,0,0.009526332
1703,valid,0,0.009526332
1718,valid,0,0.009526332
8932,valid,0,0.01805224
5265,valid,0,0.67582947
10454,valid,0,0.009526332
4167,valid,0,0.009526332
7703,valid,0,0.422562
1489,valid,0,0.29263023
4135,valid,0,0.6384882
6981,valid,0,0.5858643
2741,valid,0,0.009526332
7215,valid,0,0.01000304
8571,valid,0,0.009526332
9069,valid,0,0.32755867
280,valid,0,0.009526332
4181,valid,0,0.6219586
265,valid,0,0.009526332
9673,valid,0,0.39564875
10065,valid,0,0.8271355
9722,valid,0,0.70939195
8872,valid,0,0.008782031
2752,valid,0,0.009526332
10482,valid,0,0.009526332
831,valid,0,0.0116697885
4326,valid,0,0.7599466
2037,valid,0,0.009526332
7637,valid,0,0.65678483
9946,valid,0,0.008169722
984,valid,0,0.008169722
3140,valid,0,0.01000304
8339,valid,0,0.710872
9887,valid,0,0.5165142
3150,valid,0,0.009861754
99,valid,0,0.009526332
7889,valid,0,0.7446961
8684,valid,0,0.009526332
9208,valid,0,0.009526332
4636,valid,0,0.010689586
7373,valid,0,0.7816447
5978,valid,0,0.009861754
5332,valid,0,0.008453257
3479,valid,0,0.57320535
5573,valid,0,0.009526332
5572,valid,0,0.009526332
2347,valid,0,0.009526332
10715,valid,0,0.014852816
3470,valid,0,0.008782031
8335,valid,0,0.01000304
3539,valid,0,0.011727318
4035,valid,0,0.01000304
276,valid,0,0.009526332
2149,valid,0,0.009526332
10522,valid,0,0.008774629
698,valid,0,0.01000304
2917,valid,0,0.012159192
2403,valid,0,0.009526332
4336,valid,0,0.21942534
245,valid,0,0.009526332
10692,valid,0,0.588039
3526,valid,0,0.009526332
2357,valid,0,0.009526332
2366,valid,0,0.009526332
3543,valid,0,0.01000304
4432,valid,0,0.1334934
9058,valid,0,0.008774629
9811,valid,0,0.010230648
4396,valid,0,0.01000304
5769,valid,0,0.74139524
1655,valid,0,0.3694869
3117,valid,0,0.01000304
5788,valid,0,0.014773701
4059,valid,0,0.013821202
7400,valid,0,0.009526332
6724,valid,0,0.008453257
9305,valid,0,0.010034794
6735,valid,0,0.009526332
5709,valid,0,0.7309143
8383,valid,0,0.6652632
243,valid,0,0.707182
2006,valid,0,0.77082187
3180,valid,0,0.008622723
7757,valid,0,0.013810709
5178,valid,0,0.58143467
817,valid,0,0.72063726
2132,valid,0,0.009526332
3519,valid,0,0.009526332
2053,valid,0,0.5622119
9535,valid,0,0.017905284
10173,valid,0,0.6560241
8047,valid,0,0.01000304
1526,valid,0,0.017871195
8993,valid,0,0.009526332
262,valid,0,0.42410934
1231,valid,0,0.014791577
9826,valid,0,0.013854381
978,valid,0,0.008453257
7362,valid,0,0.016918806
5278,valid,0,0.6112949
2742,valid,0,0.010650345
603,valid,0,0.009922923
988,valid,0,0.64776564
7257,valid,0,0.7740378
7890,valid,0,0.082638
7415,valid,0,0.009526332
4647,valid,0,0.740911
255,valid,0,0.054576762
7199,valid,0,0.36487642
8380,valid,0,0.008774629
4036,valid,0,0.008453257
9166,valid,0,0.03327424
2407,valid,0,0.009526332
10709,valid,0,0.009431843
1693,valid,0,0.008998899
7276,valid,0,0.02340102
9810,valid,0,0.5188411
175,valid,0,0.5163295
9945,valid,0,0.5582638
9212,valid,0,0.15451106
3546,valid,0,0.009526332
5322,valid,0,0.01000304
10637,valid,0,0.017386438
1585,valid,0,0.009526332
8586,valid,0,0.009526332
8231,valid,0,0.29289696
4390,valid,0,0.009945913
10358,valid,0,0.008774629
7219,valid,0,0.09430182
5712,valid,0,0.6334769
9542,valid,0,0.0090873595
3225,valid,0,0.828991
5540,valid,0,0.01000304
1410,valid,0,0.64501286
4378,valid,0,0.009556587
4191,valid,0,0.81314856
8690,valid,0,0.8224276
9607,valid,0,0.008453257
8331,valid,0,0.010511823
8447,valid,0,0.008169722
129,valid,0,0.0170089
7254,valid,0,0.6765534
7258,valid,0,0.009526332
10645,valid,0,0.01197959
9932,valid,0,0.014337819
111,valid,0,0.009526332
5340,valid,0,0.009526332
8767,valid,0,0.009526332
4492,valid,0,0.51156783
6037,valid,0,0.11761585
9726,valid,0,0.008453257
5562,valid,0,0.012456709
1719,valid,0,0.5044194
6,valid,0,0.3916529
6312,valid,0,0.009526332
5192,valid,0,0.009526332
3287,valid,0,0.66800344
2743,valid,0,0.009526332
2405,valid,0,0.009526332
10704,valid,0,0.011727318
2974,valid,0,0.009733452
8527,valid,0,0.68960375
1822,valid,0,0.0247828
9050,valid,0,0.009556587
604,valid,0,0.5628152
6076,valid,0,0.2983729
10713,valid,0,0.009526332
3193,valid,0,0.31284526
5971,valid,0,0.6060635
8924,valid,0,0.01000304
6600,valid,0,0.0105560655
1364,valid,0,0.53639925
103,valid,0,0.42656574
6842,valid,0,0.45563656
4268,valid,0,0.009526332
7918,valid,0,0.74551415
1361,valid,0,0.008782031
7380,valid,0,0.008324942
2029,valid,0,0.0070577143
3771,valid,0,0.0070577143
1379,valid,0,0.020939887
3673,valid,0,0.009556587
3135,valid,0,0.013624103
3666,valid,0,0.0090873595
2040,valid,0,0.009526332
5565,valid,0,0.009526332
5698,valid,0,0.81755453
8531,valid,0,0.017689597
96,valid,0,0.5823746
7015,valid,0,0.23390932
9853,valid,0,0.01000304
9297,valid,0,0.032024723
6027,valid,0,0.009526332
8562,valid,0,0.009526332
8935,valid,0,0.009526332
9283,valid,0,0.008998899
8884,valid,0,0.43457162
4193,valid,0,0.01000304
4321,valid,0,0.008782031
8754,valid,0,0.009526332
3475,valid,0,0.009526332
1531,valid,0,0.7683304
287,valid,0,0.008782031
5979,valid,0,0.009526332
6855,valid,0,0.010230648
9714,valid,0,0.009526332
9220,valid,0,0.009556587
2146,valid,0,0.009526332
1612,valid,0,0.0094841
4264,valid,0,0.009526332
15,valid,0,0.009526332
2732,valid,0,0.7005322
4626,valid,0,0.6293498
9604,valid,0,0.008622723
7003,valid,0,0.74466157
6707,valid,0,0.7983259
4,valid,0,0.010742219
257,valid,0,0.00882636
6314,valid,0,0.010742219
4253,valid,0,0.53571993
9529,valid,0,0.009526332
8578,valid,0,0.009556587
182,valid,0,0.018910214
4338,valid,0,0.01000304
6081,valid,0,0.009526332
9062,valid,0,0.630891
7421,valid,0,0.5766705
3462,valid,0,0.79364747
5202,valid,0,0.011727318
194,valid,0,0.5699237
11019,valid,0,0.2187926
816,valid,0,0.009526332
8762,valid,0,0.009526332
6851,valid,0,0.01000304
1193,valid,0,0.5796152
8701,valid,0,0.44663322
5272,valid,0,0.01733183
2166,valid,0,0.009556587
3015,valid,0,0.40380672
1653,valid,0,0.718248
9905,valid,0,0.009526332
7175,valid,0,0.017386438
5548,valid,0,0.017386438
7164,valid,0,0.73034495
9284,valid,0,0.066575445
9836,valid,0,0.7888624
11022,valid,0,0.018910214
3184,valid,0,0.8068722
972,valid,0,0.009526332
5264,valid,0,0.009526332
8759,valid,0,0.01000304
10994,valid,0,0.01000304
9239,valid,0,0.38505188
8689,valid,0,0.009526332
2133,valid,0,0.009526332
5564,valid,0,0.010742219
9690,valid,0,0.009861754
3222,valid,0,0.010034794
10486,valid,0,0.2722559
8354,valid,0,0.009526332
4490,valid,0,0.7421456
6966,valid,0,0.53295165
3663,valid,0,0.009526332
6993,valid,0,0.5420624
7395,valid,0,0.7817017
4607,valid,0,0.65046024
3677,valid,0,0.36031875
7008,valid,0,0.014852816
278,valid,0,0.06600843
4031,valid,0,0.010230648
10456,valid,0,0.009526332
6244,valid,0,0.6676923
7256,valid,0,0.78384036
7261,valid,0,0.009526332
285,valid,0,0.008453257
7162,valid,0,0.013292993
4144,valid,0,0.018198946
7696,valid,0,0.009556587
7698,valid,0,0.009526332
10444,valid,0,0.009526332
5959,valid,0,0.006905378
9096,valid,0,0.006905378
4033,valid,0,0.6193761
5568,valid,0,0.009526332
1583,valid,0,0.011123833
5273,valid,0,0.57876456
109,valid,0,0.01272653
8344,valid,0,0.009621858
10712,valid,0,0.009526332
993,valid,0,0.82037127
979,valid,0,0.009556587
2911,valid,0,0.008622723
5556,valid,0,0.009526332
10490,valid,0,0.009526332
292,valid,0,0.37747842
234,valid,0,0.2238432
1619,valid,0,0.010342102
5189,valid,0,0.72556806
8749,valid,0,0.8403713
9303,valid,0,0.011011104
9668,valid,0,0.011011104
8888,valid,0,0.008453257
1696,valid,0,0.009861754
2906,valid,0,0.008782031
1589,valid,0,0.009526332
1373,valid,0,0.009526332
10555,valid,0,0.016207913
3139,valid,0,0.009526332
3452,valid,0,0.008453257
7213,valid,0,0.67969656
1378,valid,0,0.009526332
10531,valid,0,0.009612761
2412,valid,0,0.009556587
8053,valid,0,0.018198946
2349,valid,0,0.009556587
1868,valid,0,0.009556587
3463,valid,0,0.011967603
8302,valid,0,0.008453257
6077,valid,0,0.27536663
107,valid,0,0.009526332
10413,valid,0,0.6605665
8926,valid,0,0.009861754
3548,valid,0,0.009526332
9851,valid,0,0.14497428
2382,valid,0,0.009526332
9888,valid,0,0.010342102
3523,valid,0,0.010342102
5197,valid,0,0.14972237
2401,valid,0,0.009526332
2173,valid,0,0.009526332
9724,valid,0,0.6057516
9857,valid,0,0.012491023
4651,valid,0,0.66626024
8563,valid,0,0.5092317
4134,valid,0,0.009526332
1818,valid,0,0.008447172
2373,valid,0,0.014276974
10702,valid,0,0.0130142355
1365,valid,0,0.025689892
4133,valid,0,0.01064714
7995,valid,0,0.8525327
7914,valid,0,0.018198946
6311,valid,0,0.009556587
1867,valid,0,0.012034086
8353,valid,0,0.01037492
1355,valid,0,0.16753617
6039,valid,0,0.010342102
6303,valid,0,0.010342102
201,valid,0,0.013292993
4265,valid,0,0.009526332
6696,valid,0,0.009526332
6850,valid,0,0.009072434
6046,valid,0,0.1765934
4628,valid,0,0.009526332
10188,valid,0,0.0117526
7280,valid,0,0.010230648
10329,valid,0,0.028246617
3131,valid,0,0.011727318
4136,valid,0,0.008782031
8564,valid,0,0.009526332
7913,valid,0,0.047567282
7858,valid,0,0.014322099
9823,valid,0,0.0102615915
4192,valid,0,0.77711946
274,valid,0,0.6501526
11,valid,0,0.009526332
10672,valid,0,0.011727318
7927,valid,0,0.014852816
10547,valid,0,0.8476904
269,valid,0,0.008453257
7895,valid,0,0.009526332
126,valid,0,0.01272653
4058,valid,0,0.01272653
2101,valid,0,0.0076451395
5799,valid,0,0.65781623
1856,valid,0,0.016955456
8766,valid,0,0.008622723
1513,valid,0,0.011575934
7626,valid,0,0.7278644
10678,valid,0,0.6503498
5262,valid,0,0.4113167
16,valid,0,0.011106055
3153,valid,0,0.6423978
277,valid,0,0.735217
8003,valid,0,0.009526332
5554,valid,0,0.011106055
2443,valid,0,0.21002473
4637,valid,0,0.8122933
9541,valid,0,0.009526332
4642,valid,0,0.30272886
258,valid,0,0.017926475
9163,valid,0,0.010526568
4638,valid,0,0.012034086
8008,valid,0,0.063992806
10184,valid,0,0.063992806
6072,valid,0,0.24673997
4057,valid,0,0.010342102
4165,valid,0,0.01037492
2147,valid,0,0.010342102
2746,valid,0,0.009526332
9880,valid,0,0.016207913
6734,valid,0,0.009526332
260,valid,0,0.009526332
8758,valid,0,0.011311429
5196,valid,0,0.009526332
6848,valid,0,0.8256339
10051,valid,0,0.51047075
8128,valid,0,0.6168373
4151,valid,0,0.33746007
8112,valid,0,0.011311503
8362,valid,0,0.5230485
10406,valid,0,0.11681881
4159,valid,0,0.22028199
7656,valid,0,0.80539834
8113,valid,0,0.4983242
8364,valid,0,0.39074305
2836,valid,0,0.2243277
1574,valid,0,0.10359478
8130,valid,0,0.4065612
10048,valid,0,0.8080297
328,valid,0,0.76911885
4158,valid,0,0.7735096
329,valid,0,0.87010074
8357,valid,0,0.86900836
7665,valid,0,0.2537319
1563,valid,0,0.45332453
66,valid,0,0.7842226
8119,valid,0,0.5138134
1570,valid,0,0.023935623
1740,valid,1,0.032709796
8118,valid,0,0.75783384
10047,valid,0,0.48699546
68,valid,0,0.008188413
4546,valid,0,0.36091188
10041,valid,0,0.2870718
318,valid,0,0.008188413
4538,valid,0,0.22903784
59,valid,0,0.38076168
4549,valid,0,0.7722193
4153,valid,0,0.68623793
8126,valid,0,0.1564568
65,valid,0,0.059320085
325,valid,0,0.12785876
8127,valid,0,0.038063996
320,valid,0,0.6669432
10410,valid,0,0.01600416
7670,valid,0,0.07893746
326,valid,0,0.012414995
54,valid,0,0.18738297
57,valid,0,0.12732817
7662,valid,0,0.011311503
64,valid,0,0.7223805
4157,valid,0,0.7592911
1566,valid,0,0.72518486
10039,valid,0,0.7527009
10040,valid,0,0.7833488
4154,valid,0,0.31936705
8131,valid,0,0.03300017
55,valid,0,0.5385362
63,valid,0,0.013292993
6778,valid,0,0.56147957
947,valid,0,0.7451447
2337,valid,0,0.44301978
2333,valid,0,0.8220023
6896,valid,0,0.59995586
6878,valid,0,0.33912373
6771,valid,0,0.30450144
6879,valid,0,0.057811223
965,valid,0,0.1068248
6882,valid,0,0.86674595
6766,valid,0,0.7224751
6774,valid,0,0.7773618
2329,valid,0,0.77671593
955,valid,0,0.647018
5850,valid,0,0.11467822
4664,valid,1,0.5293167
3499,valid,0,0.60805535
7141,valid,0,0.44296345
6888,valid,0,0.52306664
5835,valid,0,0.78206223
6876,valid,0,0.1590757
9412,valid,0,0.6177869
6877,valid,0,0.8299053
3493,valid,0,0.46035045
1983,valid,0,0.64591604
3498,valid,0,0.23677664
948,valid,0,0.57183564
5853,valid,0,0.5822789
6866,valid,0,0.21231706
6886,valid,0,0.55927026
6776,valid,0,0.75103116
9414,valid,0,0.6736167
3622,valid,0,0.7255017
5845,valid,0,0.7727295
2332,valid,0,0.7963109
3495,valid,0,0.6762869
5852,valid,0,0.116596945
1982,valid,0,0.7877994
5837,valid,0,0.8144273
2338,valid,0,0.7886691
2330,valid,0,0.80315983
5848,valid,0,0.8167088
6897,valid,0,0.6741617
2328,valid,0,0.48200318
5834,valid,0,0.26626465
3611,valid,0,0.68246835
5843,valid,0,0.011311503
1968,valid,0,0.73879176
960,valid,0,0.8203455
6779,valid,0,0.06196165
959,valid,0,0.8143063
956,valid,0,0.68904626
1980,valid,0,0.82801074
3615,valid,0,0.35374373
1974,valid,0,0.30808485
2343,valid,0,0.36414793
1981,valid,0,0.011311503
6252,valid,0,0.7802297
2550,valid,0,0.1030475
10498,valid,0,0.1385974
412,valid,0,0.011311503
6289,valid,0,0.104374304
2828,valid,0,0.81378686
2809,valid,0,0.6059301
6254,valid,0,0.3617544
10514,valid,0,0.3416251
3306,valid,0,0.082854524
10510,valid,0,0.79780656
666,valid,0,0.4019993
6281,valid,0,0.5666023
2541,valid,0,0.7131498
6249,valid,0,0.2901782
8214,valid,0,0.382131
2511,valid,0,0.45564872
413,valid,0,0.6544443
2820,valid,0,0.71279
409,valid,0,0.47631586
2493,valid,0,0.311875
7951,valid,1,0.85187435
2513,valid,0,0.8099208
2507,valid,0,0.46068463
8217,valid,0,0.48208708
668,valid,0,0.7908257
2819,valid,0,0.52448297
2545,valid,0,0.18563002
2798,valid,0,0.35475904
411,valid,0,0.8453342
10502,valid,0,0.49093497
2822,valid,0,0.019193046
2544,valid,0,0.5548369
2823,valid,0,0.10055723
508,valid,0,0.7618183
2492,valid,0,0.43810862
405,valid,0,0.13862476
10508,valid,0,0.05735543
2503,valid,0,0.8383605
679,valid,0,0.35566053
2829,valid,0,0.2796265
6291,valid,0,0.83316183
3299,valid,0,0.85900974
8216,valid,0,0.662801
2548,valid,0,0.7101526
496,valid,0,0.11580797
10509,valid,0,0.11549423
511,valid,0,0.2971209
2830,valid,0,0.3676395
2827,valid,0,0.09557611
7432,valid,0,0.5147138
2109,valid,0,0.8333553
7431,valid,0,0.8122188
3285,valid,0,0.38526878
4650,valid,0,0.6243478
2886,valid,0,0.22033592
7700,valid,1,0.7793209
3281,valid,0,0.08516092
2889,valid,0,0.78293794
2897,valid,0,0.44634756
2271,valid,0,0.6733098
3186,valid,0,0.27427572
10137,valid,0,0.2271182
3284,valid,0,0.78184503
2903,valid,0,0.7299197
10136,valid,0,0.8133708
10139,valid,0,0.18150698
10141,valid,0,0.12349697
7443,valid,0,0.25768003
7441,valid,0,0.43145207
4643,valid,0,0.10724905
4428,valid,0,0.80070066
7430,valid,0,0.76357394
2899,valid,0,0.6733975
3188,valid,0,0.75600415
2901,valid,0,0.45788386
7440,valid,0,0.77691877
2112,valid,0,0.73450136
4427,valid,0,0.7456522
7867,valid,0,0.05488186
4646,valid,0,0.011311503
9936,valid,0,0.7750356
3187,valid,0,0.7464275
3289,valid,0,0.7796124
2268,valid,0,0.8045163
7879,valid,0,0.20825574
2883,valid,0,0.6670291
7433,valid,0,0.6010131
2274,valid,0,0.46785983
7437,valid,0,0.71126944
4176,valid,1,0.58880424
7444,valid,0,0.85837257
3196,valid,0,0.2884127
4644,valid,0,0.55679184
7866,valid,0,0.7403
4429,valid,0,0.4286393
2900,valid,0,0.41615224
9937,valid,0,0.009698052
3282,valid,0,0.45061848
3288,valid,0,0.6626731
3291,valid,0,0.013421598
4433,valid,0,0.17115572
10134,valid,0,0.61767864
10143,valid,0,0.56193495
7869,valid,0,0.15720531
7772,valid,0,0.74923486
2956,valid,0,0.63673544
4957,valid,0,0.7664642
5593,valid,0,0.46806872
3271,valid,0,0.6503576
5117,valid,0,0.4979396
4898,valid,0,0.051061902
4902,valid,0,0.26392335
8604,valid,0,0.3046588
7775,valid,0,0.3890281
3832,valid,1,0.74186754
9924,valid,0,0.86998737
5586,valid,0,0.45453328
3266,valid,0,0.21957107
5576,valid,0,0.063946165
10893,valid,0,0.6960895
4956,valid,0,0.7059795
5120,valid,0,0.48370597
4904,valid,0,0.75875235
159,valid,0,0.64135677
3267,valid,0,0.76167744
160,valid,0,0.70638216
8595,valid,0,0.11330794
5580,valid,0,0.6812576
5113,valid,0,0.73687464
4968,valid,0,0.19380504
3268,valid,0,0.08157083
5577,valid,0,0.13398427
4900,valid,0,0.13308689
4959,valid,0,0.3172049
3269,valid,0,0.7895109
4962,valid,0,0.4835772
8602,valid,0,0.35239416
165,valid,0,0.35331708
5115,valid,0,0.77754587
5592,valid,0,0.823139
4894,valid,0,0.26855555
7771,valid,0,0.45510224
3277,valid,0,0.6893121
8136,valid,0,0.012414995
168,valid,0,0.012414995
3275,valid,0,0.011311503
10901,valid,0,0.8844386
4859,valid,1,0.77559364
7908,valid,0,0.08019771
9989,valid,0,0.64974743
9640,valid,0,0.5688339
7503,valid,0,0.6006734
8786,valid,0,0.40864104
3412,valid,0,0.20095272
3433,valid,0,0.011311503
10255,valid,0,0.3810777
9985,valid,0,0.2225699
5004,valid,0,0.21271512
9997,valid,0,0.6768338
7502,valid,0,0.8082637
9649,valid,0,0.77128273
3421,valid,0,0.5478858
10243,valid,0,0.42867163
9509,valid,0,0.24803561
4989,valid,0,0.27217984
9507,valid,0,0.26872072
3422,valid,0,0.13554667
3417,valid,0,0.35001227
9648,valid,0,0.42967206
10244,valid,0,0.23020738
9987,valid,0,0.85458857
5260,valid,1,0.7264612
3416,valid,0,0.2824694
3418,valid,0,0.08247638
4955,valid,1,0.5548348
10249,valid,0,0.72492194
7903,valid,0,0.011311503
8787,valid,0,0.4735317
4951,valid,1,0.7890804
9994,valid,0,0.48743662
7495,valid,0,0.38692248
7297,valid,1,0.88950586
7905,valid,0,0.2921578
7512,valid,0,0.1955786
9995,valid,0,0.6396225
5007,valid,0,0.36545274
4991,valid,0,0.31582952
5005,valid,0,0.6444084
4288,valid,1,0.84981936
3424,valid,0,0.19759397
10247,valid,0,0.31270456
4997,valid,0,0.62352693
3427,valid,0,0.57360536
3402,valid,0,0.58326894
9508,valid,0,0.7683086
3408,valid,0,0.70505166
10152,valid,0,0.40296587
762,valid,0,0.6885517
10149,valid,0,0.8424286
10151,valid,0,0.74576163
7518,valid,0,0.44791004
5450,valid,0,0.80258244
2574,valid,0,0.43512243
10004,valid,0,0.6504853
7459,valid,0,0.41275662
888,valid,0,0.50532204
2575,valid,0,0.67523235
758,valid,0,0.32331437
5453,valid,0,0.18677516
7466,valid,0,0.22989663
7469,valid,0,0.19787662
7458,valid,0,0.22338091
10010,valid,0,0.66070557
10018,valid,0,0.07435151
2570,valid,0,0.55433536
10019,valid,0,0.82537395
882,valid,0,0.4675407
2562,valid,0,0.7547081
5446,valid,0,0.39602724
2560,valid,0,0.7978482
3512,valid,0,0.44133806
765,valid,0,0.70421445
883,valid,0,0.54704994
3506,valid,0,0.81964695
2584,valid,0,0.8094237
7456,valid,0,0.6705401
5454,valid,0,0.10557418
3505,valid,0,0.5977854
3692,valid,0,0.27428824
752,valid,0,0.055433214
892,valid,0,0.82411945
2573,valid,0,0.4353313
5456,valid,0,0.44037
763,valid,0,0.6705607
2568,valid,0,0.03665064
2576,valid,0,0.10350044
7457,valid,0,0.7239192
11051,valid,1,0.826702
10017,valid,0,0.7788392
10003,valid,0,0.032086566
887,valid,0,0.14451614
886,valid,0,0.2159554
2571,valid,0,0.46808523
1176,valid,0,0.73512757
716,valid,1,0.75512475
1898,valid,0,0.17932712
3813,valid,0,0.08299125
1177,valid,0,0.16116688
6642,valid,0,0.814548
3810,valid,0,0.7694162
2995,valid,0,0.61189
2989,valid,0,0.41375396
10442,valid,0,0.48700106
347,valid,0,0.80170965
10024,valid,0,0.74015677
333,valid,0,0.18323338
6646,valid,0,0.20489396
10430,valid,0,0.2117154
8165,valid,0,0.17832524
334,valid,0,0.23106845
10437,valid,0,0.2038051
8444,valid,0,0.7383776
8153,valid,0,0.381674
10429,valid,0,0.77779496
1175,valid,0,0.04609818
9472,valid,0,0.7609881
9464,valid,0,0.71318424
2996,valid,0,0.88902265
8433,valid,0,0.7573845
9481,valid,0,0.07152204
6662,valid,0,0.7791058
10025,valid,0,0.8347597
343,valid,0,0.46013698
1907,valid,0,0.37214017
1167,valid,0,0.6452384
335,valid,0,0.6531658
6643,valid,0,0.31595317
3811,valid,0,0.79917085
1178,valid,0,0.1959714
6653,valid,0,0.82783085
6645,valid,0,0.89005405
341,valid,0,0.011311503
3804,valid,0,0.8517614
9483,valid,0,0.84320676
8158,valid,0,0.30231187
6658,valid,0,0.49632517
10030,valid,0,0.20286745
345,valid,0,0.008188413
6661,valid,0,0.7994329
6665,valid,0,0.62972975
10436,valid,0,0.76410204
1166,valid,0,0.45841572
8156,valid,0,0.22458884
10431,valid,0,0.40619007
8436,valid,0,0.06856937
1168,valid,0,0.843741
10439,valid,0,0.52427566
6652,valid,0,0.27513826
10032,valid,0,0.010416966
9459,valid,0,0.44323903
8441,valid,0,0.80650944
1905,valid,0,0.54288816
3812,valid,0,0.02658481
9466,valid,0,0.7134695
3702,valid,0,0.7424543
3715,valid,0,0.24483196
3705,valid,0,0.15194637
3707,valid,0,0.17282094
4372,valid,0,0.08779895
4365,valid,0,0.2847249
5468,valid,0,0.8300863
4345,valid,0,0.70779693
1468,valid,0,0.4556905
6801,valid,0,0.68013775
7839,valid,0,0.251545
7837,valid,0,0.11682486
6785,valid,0,0.8015103
4374,valid,0,0.6895945
5238,valid,0,0.6840983
3711,valid,0,0.63324517
5460,valid,0,0.11093848
2617,valid,0,0.06777465
5760,valid,0,0.64469326
2607,valid,0,0.70810074
5227,valid,0,0.58339447
5239,valid,0,0.3058695
4359,valid,0,0.811276
5465,valid,0,0.64475054
6798,valid,0,0.637821
4376,valid,0,0.7541524
2618,valid,0,0.70372623
7843,valid,0,0.6179823
1464,valid,0,0.278747
4367,valid,0,0.23278141
5228,valid,0,0.4617785
2609,valid,0,0.79115945
7847,valid,0,0.011311503
7842,valid,0,0.81221867
6802,valid,0,0.14312384
5232,valid,0,0.55724335
1461,valid,0,0.5242717
6786,valid,0,0.76594317
7840,valid,0,0.49221578
5466,valid,0,0.01225235
6787,valid,0,0.4233943
4350,valid,0,0.31635597
4349,valid,0,0.68974495
2620,valid,0,0.72300285
1469,valid,0,0.6952257
5459,valid,0,0.5765662
2608,valid,0,0.8139208
5758,valid,0,0.011311503
1460,valid,0,0.20014583
9626,valid,0,0.15394944
10682,valid,0,0.4149313
10687,valid,0,0.6703464
9407,valid,0,0.8615273
633,valid,0,0.6523135
10686,valid,0,0.7986428
9721,valid,1,0.664875
10679,valid,0,0.11174356
9630,valid,0,0.6313425
10684,valid,0,0.5779362
10185,valid,0,0.82441586
9397,valid,0,0.6097975
9623,valid,0,0.6912533
5701,valid,0,0.29083627
10868,valid,0,0.37123868
9070,valid,1,0.63057274
9394,valid,0,0.4492346
5697,valid,0,0.75721896
2098,valid,0,0.65090495
10178,valid,0,0.896484
9622,valid,0,0.07382218
10857,valid,0,0.7431832
5708,valid,0,0.73194104
9396,valid,0,0.4959526
5703,valid,0,0.15730934
10865,valid,0,0.056703236
630,valid,0,0.06286764
5705,valid,0,0.15738158
6394,valid,0,0.011311503
2480,valid,0,0.35321236
2975,valid,0,0.17181328
2090,valid,0,0.73341864
620,valid,0,0.48469552
9408,valid,0,0.80542123
9395,valid,0,0.7763559
10855,valid,0,0.29041222
10186,valid,0,0.47595662
10688,valid,0,0.011311503
10670,valid,0,0.3678701
9399,valid,0,0.19220056
5696,valid,0,0.80830485
9611,valid,0,0.18477553
2973,valid,0,0.37967587
5692,valid,0,0.16628775
1368,valid,0,0.1765912
9306,valid,0,0.012414995
9631,valid,0,0.012414995
9618,valid,0,0.06469488
6395,valid,0,0.011311503
10181,valid,0,0.013665605
10689,valid,0,0.5320077
10683,valid,0,0.4798669
624,valid,0,0.64155984
2096,valid,0,0.73389465
10336,valid,0,0.3686615
9828,valid,0,0.75456375
9829,valid,0,0.83189434
1409,valid,0,0.80129635
1405,valid,0,0.65126306
1413,valid,0,0.34497362
1645,valid,0,0.52703506
9890,valid,0,0.036870234
9160,valid,0,0.83065057
10322,valid,0,0.22919042
616,valid,0,0.6539525
8717,valid,0,0.06841802
10327,valid,0,0.40379673
9169,valid,0,0.75265557
1408,valid,0,0.51352787
612,valid,0,0.7368745
10328,valid,0,0.060355783
1648,valid,0,0.7870376
8711,valid,0,0.73368895
605,valid,0,0.7287053
613,valid,0,0.8735238
10331,valid,0,0.6338285
1649,valid,0,0.24176109
8715,valid,0,0.18294635
10917,valid,0,0.5320359
617,valid,0,0.79462045
10912,valid,0,0.58813715
1383,valid,0,0.7212746
8707,valid,0,0.80667275
7768,valid,0,0.80334586
7759,valid,0,0.8872783
10334,valid,0,0.75601435
1412,valid,0,0.2181506
8720,valid,0,0.0103871375
2748,valid,0,0.0103871375
7762,valid,0,0.6454109
8725,valid,0,0.6067646
9886,valid,0,0.28024033
9174,valid,0,0.71071345
9819,valid,0,0.7601536
1646,valid,0,0.8520325
1396,valid,0,0.7223079
10920,valid,0,0.069317095
615,valid,0,0.64122766
9159,valid,0,0.5386057
9889,valid,0,0.8972582
1414,valid,0,0.08459441
608,valid,0,0.75923663
7763,valid,0,0.69669586
10321,valid,0,0.82236713
9170,valid,0,0.8668088
7765,valid,0,0.22943737
10915,valid,0,0.07613234
9825,valid,0,0.7421622
8724,valid,0,0.7257321
1656,valid,0,0.7907867
8501,valid,0,0.4164563
4537,valid,0,0.7690061
2079,valid,0,0.14637974
4892,valid,0,0.3818964
4887,valid,0,0.1646999
4528,valid,0,0.14551276
5307,valid,0,0.63991964
9565,valid,0,0.72666705
372,valid,0,0.8207709
4882,valid,0,0.8192983
7391,valid,0,0.40715572
375,valid,0,0.65649194
3089,valid,1,0.56524426
4534,valid,0,0.06537096
750,valid,0,0.53778166
4891,valid,0,0.7897002
7030,valid,0,0.19253284
386,valid,0,0.108509265
8855,valid,0,0.09702076
8506,valid,0,0.17812735
7387,valid,0,0.8768585
747,valid,0,0.7282944
739,valid,0,0.67680496
8820,valid,1,0.83437485
379,valid,0,0.35724378
742,valid,0,0.14938271
378,valid,0,0.799697
2082,valid,0,0.65334994
2086,valid,0,0.10232034
4530,valid,0,0.3251726
383,valid,0,0.59730715
5316,valid,0,0.6302896
7027,valid,0,0.7970795
9559,valid,0,0.6778042
8868,valid,0,0.22430646
4886,valid,0,0.74965394
748,valid,0,0.33121866
8502,valid,0,0.25757357
374,valid,0,0.7954008
5319,valid,0,0.018910214
5308,valid,0,0.62658316
4531,valid,0,0.554349
5309,valid,0,0.66438186
8500,valid,0,0.28693825
1555,valid,0,0.3159904
5314,valid,0,0.73110384
7394,valid,0,0.26793066
1820,valid,0,0.63001317
1810,valid,0,0.5396931
8327,valid,0,0.5462023
5219,valid,0,0.4030624
7109,valid,0,0.45322773
5212,valid,0,0.7285983
5215,valid,0,0.811249
3201,valid,0,0.26679444
8513,valid,0,0.2616697
8529,valid,0,0.6439578
8318,valid,0,0.018684246
399,valid,0,0.7533586
7106,valid,0,0.1524386
1815,valid,0,0.5497997
392,valid,0,0.6733568
398,valid,0,0.7591086
1591,valid,1,0.84249127
4568,valid,0,0.26639277
8518,valid,0,0.45624053
1340,valid,0,0.68963665
1335,valid,0,0.6478902
387,valid,0,0.6193091
8771,valid,1,0.8346894
3209,valid,0,0.8039958
8326,valid,0,0.33078974
1334,valid,0,0.7051923
3887,valid,0,0.85013425
8523,valid,0,0.7031616
7114,valid,0,0.07249988
4561,valid,0,0.5475652
2398,valid,1,0.45271274
8520,valid,0,0.7539709
5211,valid,0,0.5948263
4576,valid,0,0.65483177
4571,valid,0,0.011311503
9816,valid,0,0.14349043
7111,valid,0,0.8373091
8528,valid,0,0.3670973
7118,valid,0,0.75342405
1343,valid,0,0.011311503
8526,valid,0,0.7905189
8521,valid,0,0.50258857
3881,valid,0,0.31437984
3880,valid,0,0.8512814
4379,valid,1,0.012892996
8516,valid,0,0.07397734
3129,valid,0,0.18411532
3213,valid,0,0.18756443
3253,valid,0,0.74084806
7062,valid,0,0.7619492
2636,valid,0,0.19085653
588,valid,0,0.76967394
7679,valid,0,0.6488152
2528,valid,0,0.65945417
8314,valid,0,0.6729718
2601,valid,0,0.42858183
7061,valid,0,0.607136
3248,valid,0,0.24526131
7683,valid,0,0.86105025
2626,valid,0,0.5064091
4458,valid,0,0.41716653
2530,valid,0,0.075394936
444,valid,0,0.26523697
7060,valid,0,0.7140537
587,valid,0,0.16941571
9013,valid,0,0.58655465
8304,valid,0,0.5445831
3258,valid,0,0.74148816
2529,valid,0,0.666616
443,valid,0,0.19606666
2625,valid,0,0.73780954
9016,valid,0,0.76481205
4467,valid,0,0.7894611
8306,valid,0,0.8727133
596,valid,0,0.5879875
2598,valid,0,0.123458356
6830,valid,1,0.67934823
217,valid,1,0.44248456
2604,valid,0,0.58937234
7674,valid,0,0.17081346
3259,valid,0,0.2970549
3243,valid,0,0.52444917
9008,valid,0,0.61961544
2597,valid,0,0.445691
7677,valid,0,0.5471105
442,valid,0,0.5446446
3239,valid,0,0.695475
4461,valid,0,0.7602065
9015,valid,0,0.16536802
449,valid,0,0.19745378
8305,valid,0,0.7249704
446,valid,0,0.684055
2635,valid,0,0.5828782
598,valid,0,0.33727333
593,valid,0,0.57201535
2603,valid,0,0.72612375
599,valid,0,0.080293335
2590,valid,0,0.64894015
2633,valid,0,0.6389126
3250,valid,0,0.72600055
4954,valid,1,0.658779
2531,valid,0,0.45602414
7684,valid,0,0.008792035
8316,valid,0,0.45089793
6639,valid,0,0.86798626
6007,valid,0,0.6699415
6633,valid,0,0.7760198
2877,valid,0,0.42147386
2871,valid,0,0.6836704
6020,valid,0,0.7084203
6024,valid,0,0.8436356
9753,valid,0,0.20129585
8618,valid,0,0.57156813
2881,valid,0,0.599217
4099,valid,0,0.46793234
8607,valid,0,0.7643277
8609,valid,0,0.6773893
2875,valid,0,0.7210424
2876,valid,0,0.6719636
2282,valid,0,0.61663795
5131,valid,0,0.6950588
8612,valid,0,0.14635989
2870,valid,0,0.58313185
8608,valid,0,0.7976815
6009,valid,0,0.027370326
5130,valid,0,0.37690544
4100,valid,0,0.8740808
9751,valid,0,0.68225
9741,valid,0,0.32715952
9752,valid,0,0.5994848
2276,valid,0,0.5446122
9748,valid,0,0.8277657
9739,valid,0,0.7621241
8616,valid,0,0.011311503
6011,valid,0,0.7240481
7818,valid,0,0.78166837
6010,valid,0,0.23478903
7825,valid,0,0.6005031
2288,valid,0,0.8414634
2869,valid,0,0.7112315
2479,valid,0,0.8046247
5133,valid,0,0.55919194
9754,valid,0,0.42598563
4096,valid,0,0.77226895
2874,valid,0,0.008188413
2278,valid,0,0.011311503
2873,valid,0,0.011311503
2476,valid,0,0.5208262
7622,valid,0,0.84149486
9950,valid,0,0.2337788
7167,valid,0,0.81860393
9243,valid,0,0.78692776
10356,valid,0,0.72749877
10352,valid,0,0.77833414
3797,valid,0,0.46871498
9236,valid,0,0.29546952
9234,valid,0,0.67691797
10351,valid,0,0.2017404
4300,valid,0,0.089465655
3787,valid,0,0.77323824
9958,valid,0,0.8656658
9957,valid,0,0.8324687
9661,valid,0,0.18313806
7168,valid,0,0.13717347
7163,valid,0,0.011311503
9659,valid,0,0.47216892
18,valid,1,0.21433432
10357,valid,0,0.77783
4316,valid,0,0.74684376
4315,valid,0,0.56023574
10443,valid,1,0.8190137
10367,valid,0,0.8221428
3794,valid,0,0.4814244
9947,valid,0,0.83404624
7180,valid,0,0.8248922
5604,valid,0,0.41465557
9652,valid,0,0.14037596
5992,valid,0,0.6854409
5597,valid,0,0.46451637
5983,valid,0,0.43866137
4307,valid,0,0.85021955
9943,valid,0,0.7665326
5995,valid,0,0.38961262
9244,valid,0,0.42525828
9949,valid,0,0.042897906
5997,valid,0,0.32917544
10366,valid,0,0.80286837
9664,valid,0,0.78951025
9660,valid,0,0.011311503
4304,valid,0,0.8382393
5602,valid,0,0.6912379
9610,valid,1,0.5972438
5599,valid,0,0.7915034
3800,valid,0,0.669568
7171,valid,0,0.27724388
9658,valid,0,0.49187508
5662,test,0,0.76260376
5660,test,0,0.86927664
1229,test,0,0.7569746
3386,test,0,0.6109167
8085,test,0,0.22747232
1247,test,0,0.32684258
10990,test,0,0.84456956
2422,test,1,0.8057842
7364,test,0,0.8299855
10067,test,0,0.40642962
5661,test,0,0.7565992
1233,test,0,0.030561531
8089,test,0,0.48147756
8087,test,0,0.3160622
10066,test,0,0.44797137
5659,test,0,0.69698566
10988,test,0,0.72167224
1242,test,0,0.6665204
5657,test,0,0.7384254
7372,test,0,0.8180359
5649,test,0,0.66629004
1239,test,0,0.69575715
3384,test,0,0.071936324
6968,test,0,0.019327518
3784,test,0,0.57953477
6963,test,0,0.88380504
1241,test,0,0.39962438
10068,test,0,0.32453737
3768,test,0,0.24160025
3780,test,0,0.77088326
3782,test,0,0.78210294
10989,test,0,0.7754072
5666,test,0,0.5508451
10059,test,0,0.012165529
5328,test,0,0.015613126
3382,test,0,0.77553725
10411,test,0,0.64946145
3773,test,0,0.6593021
10426,test,0,0.19046448
1230,test,0,0.799173
8091,test,0,0.7511357
3388,test,0,0.5540885
8445,test,0,0.12498611
10055,test,0,0.7117775
7018,test,0,0.28610927
10978,test,0,0.20233503
3772,test,0,0.75836307
3378,test,0,0.652863
8927,test,0,0.11792554
3778,test,0,0.24999797
3393,test,0,0.6331497
8753,test,1,0.6813705
2413,test,1,0.6795337
10064,test,0,0.1648391
10063,test,0,0.1154912
11038,test,0,0.76776576
9874,test,0,0.50095147
9870,test,0,0.6134382
3472,test,1,0.7979994
2971,test,0,0.3001938
93,test,0,0.20192634
7860,test,0,0.22110511
2969,test,0,0.37732148
89,test,0,0.7616473
9871,test,0,0.07465219
10549,test,0,0.41917318
7853,test,0,0.12850492
4625,test,1,0.83013403
10548,test,0,0.78809917
1521,test,0,0.79626745
6585,test,0,0.10907857
92,test,0,0.18323056
10553,test,0,0.25902522
1524,test,0,0.5276954
9873,test,0,0.76898676
7851,test,0,0.7455093
6588,test,0,0.6681794
6242,test,0,0.057679314
91,test,0,0.030984897
9861,test,0,0.16344818
10543,test,0,0.11897741
7859,test,0,0.49213618
6581,test,0,0.8217273
9875,test,0,0.24385183
6236,test,0,0.11227589
198,test,0,0.1578371
98,test,0,0.52434653
97,test,0,0.37818563
6571,test,0,0.52299726
113,test,1,0.7520909
6570,test,0,0.57572174
10546,test,0,0.35263428
87,test,0,0.83019733
4629,test,1,0.073054746
11040,test,0,0.5621811
1516,test,0,0.85368663
11032,test,0,0.42498013
11036,test,0,0.21568336
7857,test,0,0.7387072
4179,test,0,0.060383674
11039,test,0,0.6998835
6575,test,0,0.67378944
6243,test,0,0.6985024
1520,test,0,0.84731674
6229,test,0,0.62805814
185,test,0,0.47319835
189,test,0,0.2042759
6574,test,0,0.83362794
3158,test,0,0.7457541
8027,test,0,0.6855222
3971,test,0,0.061475728
6780,test,0,0.4226228
2497,test,0,0.4764245
3734,test,0,0.72180456
3613,test,0,0.6158017
6660,test,0,0.81705827
76,test,0,0.6042227
1967,test,0,0.7520863
8157,test,0,0.26185703
2062,test,0,0.13601765
9010,test,0,0.776415
3324,test,0,0.67485625
7597,test,0,0.038701143
2341,test,0,0.038701143
8022,test,0,0.4480691
4371,test,0,0.030984897
9023,test,0,0.7222648
8193,test,0,0.009365628
3620,test,0,0.24473003
8597,test,0,0.057092838
11086,test,0,0.5879388
5404,test,0,0.5733728
153,test,0,0.40058598
7510,test,0,0.019203434
469,test,0,0.8340646
5725,test,0,0.61250514
5714,test,1,0.4322784
2994,test,0,0.6304053
4901,test,0,0.6778953
9470,test,0,0.6304935
464,test,0,0.669929
2811,test,0,0.82736325
9790,test,0,0.8149588
8197,test,0,0.258466
5123,test,0,0.4766771
5400,test,0,0.51635426
8222,test,0,0.7463278
1943,test,0,0.55939263
5054,test,0,0.78401476
208,test,0,0.5759515
9915,test,0,0.77927446
4505,test,0,0.48868087
218,test,0,0.028273407
10126,test,0,0.71447754
6803,test,0,0.010116239
951,test,0,0.57342654
4229,test,0,0.44991347
10625,test,0,0.8216647
8780,test,0,0.6709144
6298,test,0,0.80738235
7802,test,0,0.077316344
8416,test,0,0.49598464
5394,test,0,0.69602907
5894,test,0,0.011266159
4994,test,0,0.8221849
1936,test,0,0.22971937
11069,test,0,0.6029628
5581,test,0,0.008011258
7804,test,0,0.7121088
9991,test,0,0.3399367
3353,test,0,0.72258955
4203,test,0,0.018910214
5715,test,0,0.8500456
9475,test,0,0.84263164
5901,test,0,0.010155292
6247,test,0,0.6108874
6865,test,0,0.6877211
5851,test,0,0.73966664
6940,test,0,0.7592541
10383,test,0,0.51961315
5899,test,0,0.8126022
6287,test,0,0.18729454
4927,test,0,0.6266919
361,test,0,0.034810796
8023,test,0,0.20713116
3405,test,0,0.024015814
4292,test,0,0.77343374
1790,test,0,0.014294183
6863,test,0,0.35127375
7551,test,0,0.5023331
11087,test,0,0.64417565
1510,test,0,0.22023295
4843,test,0,0.81427217
1938,test,0,0.77280486
3400,test,0,0.75193393
4727,test,0,0.6880735
10373,test,0,0.011834163
3854,test,0,0.69572806
6417,test,0,0.7630268
5860,test,0,0.5434874
10083,test,0,0.8647959
5159,test,0,0.86281437
2695,test,0,0.61625093
6616,test,0,0.82278574
3317,test,0,0.79717994
869,test,0,0.020658797
1033,test,0,0.4636684
4935,test,0,0.7178223
1021,test,0,0.764338
6796,test,0,0.020658797
9198,test,0,0.8578153
3162,test,0,0.8798307
8151,test,0,0.73218894
6816,test,0,0.83388287
5643,test,0,0.7578042
9964,test,0,0.7339089
4670,test,0,0.01328254
6621,test,0,0.83684534
6149,test,0,0.020433903
8414,test,0,0.6234856
2815,test,0,0.030425396
5913,test,0,0.011834163
7648,test,0,0.020658797
8215,test,0,0.020658797
1202,test,0,0.8115886
6055,test,0,0.85190415
6441,test,0,0.5659052
3167,test,0,0.31893623
2855,test,0,0.89808327
5045,test,0,0.6044284
3252,test,0,0.44074306
3957,test,0,0.016904607
8553,test,0,0.88263667
10079,test,0,0.011266159
5361,test,0,0.55720097
8038,test,0,0.82925355
5880,test,0,0.01395077
7497,test,0,0.63399374
4858,test,0,0.80189544
6867,test,0,0.022009384
5916,test,0,0.3793877
1005,test,0,0.0134394085
3822,test,0,0.85162985
9423,test,0,0.24566555
10615,test,0,0.011834163
3826,test,0,0.6109722
7613,test,0,0.61267626
6607,test,0,0.78309286
1217,test,0,0.0091961445
6293,test,0,0.603967
3354,test,0,0.46216506
5757,test,0,0.020658797
6143,test,0,0.017166715
11082,test,0,0.011266159
4996,test,0,0.018910214
1903,test,0,0.75938225
6810,test,0,0.011266159
7509,test,0,0.20142275
10955,test,0,0.4482987
8841,test,0,0.011834163
4459,test,0,0.7260833
3626,test,0,0.8412654
6768,test,0,0.57949024
539,test,0,0.015300613
79,test,0,0.42401266
3718,test,0,0.69350845
4960,test,0,0.5531462
4284,test,0,0.75050867
2539,test,0,0.25499198
1978,test,0,0.61677283
1292,test,0,0.53409636
9183,test,0,0.36353105
3850,test,0,0.010589556
5934,test,0,0.612675
5124,test,0,0.8802317
3419,test,0,0.67062134
2804,test,0,0.8737973
4947,test,0,0.17420922
39,test,0,0.6215065
549,test,0,0.30318767
7493,test,0,0.009621858
8429,test,0,0.009621858
6764,test,0,0.81953615
3740,test,0,0.3839037
503,test,0,0.40287274
5883,test,0,0.6864652
8186,test,0,0.70918065
2242,test,0,0.5663167
2864,test,0,0.7676711
1500,test,0,0.64821416
5048,test,0,0.009092595
10269,test,0,0.010846391
8205,test,0,0.0084801335
4854,test,0,0.8846762
344,test,0,0.0153196985
364,test,0,0.74944633
10628,test,0,0.015180834
1902,test,0,0.019193046
4208,test,0,0.22890703
1014,test,0,0.1852439
4366,test,0,0.35417888
6783,test,0,0.4451151
2306,test,0,0.652925
4067,test,0,0.7798037
10871,test,0,0.012644782
2071,test,0,0.020658797
7308,test,0,0.012644782
6626,test,0,0.008758494
8221,test,0,0.6402365
6147,test,0,0.7605431
9986,test,0,0.69041175
10252,test,0,0.034810796
9980,test,0,0.7554178
9000,test,0,0.73312986
9473,test,0,0.13625129
6752,test,0,0.29562852
5290,test,0,0.63347787
8171,test,0,0.5073827
4938,test,0,0.7437855
9477,test,0,0.034810796
10968,test,0,0.14199345
671,test,0,0.77294976
4961,test,0,0.68327606
1276,test,0,0.09536333
10271,test,0,0.016075278
1940,test,0,0.028273407
1893,test,0,0.020658797
5367,test,0,0.020658797
4358,test,0,0.044899292
7909,test,0,0.6056059
542,test,0,0.011446751
1805,test,0,0.57065487
3701,test,0,0.018910214
6277,test,0,0.43323115
4721,test,0,0.018916314
548,test,0,0.912462
6797,test,0,0.018910214
2821,test,0,0.6324704
3240,test,0,0.0314451
5001,test,0,0.032398164
5871,test,0,0.02220728
2587,test,0,0.023659471
5722,test,0,0.117010705
10391,test,0,0.0193924
9410,test,0,0.6739924
10563,test,0,0.16720489
7907,test,0,0.023462377
2516,test,0,0.67455935
675,test,0,0.02914778
5230,test,0,0.71053654
475,test,0,0.35556135
8180,test,0,0.01563578
10280,test,0,0.84067833
7063,test,0,0.6383888
3157,test,0,0.85515594
3722,test,0,0.015300613
415,test,0,0.045573145
3745,test,0,0.011834163
2540,test,0,0.6131921
7783,test,0,0.18259779
3966,test,0,0.014731354
2592,test,0,0.11114965
7797,test,0,0.40616053
5289,test,0,0.021795485
8777,test,0,0.018910214
2310,test,0,0.027362723
2546,test,0,0.39518553
5300,test,0,0.6264393
3241,test,0,0.16590768
9417,test,0,0.7070026
9125,test,0,0.51315814
4219,test,0,0.04640886
4928,test,0,0.75703424
8145,test,0,0.009537767
1896,test,0,0.74153787
7499,test,0,0.2758965
5461,test,0,0.018910214
1279,test,0,0.4803646
1494,test,0,0.727075
1472,test,0,0.23579137
1328,test,0,0.10925014
167,test,0,0.62486947
4222,test,0,0.56139016
10977,test,0,0.16600846
1064,test,0,0.20264415
5582,test,0,0.52277076
4949,test,0,0.38883513
8152,test,0,0.2242583
4463,test,0,0.56303966
1505,test,0,0.018910214
9500,test,0,0.018910214
1792,test,0,0.81569123
2542,test,0,0.76692355
7776,test,0,0.6691417
660,test,0,0.2846761
10123,test,0,0.11594959
2340,test,0,0.08982464
172,test,0,0.013131135
4907,test,0,0.014189438
8546,test,0,0.6515281
584,test,0,0.6735778
6773,test,0,0.018910214
5862,test,0,0.018910214
10659,test,0,0.018910214
7841,test,0,0.018910214
7726,test,0,0.028273407
10973,test,0,0.78483695
9002,test,0,0.009610751
1165,test,0,0.030425396
1066,test,0,0.37723452
6873,test,0,0.099834725
2698,test,0,0.60269547
9180,test,0,0.80994433
3311,test,0,0.8540233
2632,test,0,0.018910214
9424,test,0,0.81294084
10251,test,0,0.7529909
6056,test,0,0.011834163
3699,test,0,0.7450776
3814,test,0,0.8274367
7961,test,0,0.28664273
2240,test,0,0.14576915
4062,test,0,0.13935906
3964,test,0,0.7161326
2990,test,0,0.5323843
9427,test,0,0.74051714
4952,test,0,0.073277116
4506,test,0,0.5446835
595,test,0,0.79776186
10078,test,0,0.027362723
8776,test,0,0.01176075
5905,test,0,0.42369625
8170,test,0,0.018910214
4455,test,0,0.018910214
967,test,0,0.11665285
5859,test,0,0.43863
6649,test,0,0.019750414
11067,test,0,0.3956544
3621,test,0,0.028057827
8172,test,0,0.25357735
10258,test,0,0.80323577
5578,test,0,0.6924094
5142,test,0,0.78836924
3809,test,0,0.117102176
10904,test,0,0.57060343
4205,test,0,0.014530478
1942,test,0,0.010155292
1280,test,0,0.69771624
1892,test,0,0.40038246
10099,test,0,0.044404928
1901,test,0,0.17522436
4966,test,0,0.56955194
3623,test,0,0.11481749
3502,test,0,0.7581587
2303,test,0,0.3561696
5379,test,0,0.6498009
8021,test,0,0.5717597
10033,test,0,0.018910214
8848,test,0,0.82383
5012,test,0,0.74042886
2817,test,0,0.018910214
4364,test,0,0.015353248
7652,test,0,0.71803147
8138,test,0,0.011647608
776,test,0,0.00932356
6427,test,0,0.18269692
6829,test,0,0.5446646
3309,test,0,0.776243
4732,test,0,0.009526332
4754,test,0,0.28747827
1310,test,0,0.41968137
450,test,0,0.020658797
8137,test,0,0.7639372
8167,test,0,0.013062508
10568,test,0,0.5494013
10254,test,0,0.8586573
2518,test,0,0.10912795
5836,test,0,0.014694234
4357,test,0,0.06839672
3314,test,0,0.14927076
5157,test,0,0.02066286
8555,test,0,0.2901113
8188,test,0,0.8164227
567,test,0,0.014996832
6640,test,0,0.33043787
7605,test,0,0.40076002
3987,test,0,0.48976415
8178,test,0,0.76269966
6131,test,0,0.13874876
6794,test,0,0.02772982
10119,test,0,0.28061494
2988,test,0,0.28486976
5839,test,0,0.18764934
10270,test,0,0.5307654
3704,test,0,0.018910214
8946,test,0,0.28621247
7650,test,0,0.67477226
3411,test,0,0.80212367
2861,test,0,0.59780157
8773,test,0,0.6699015
3816,test,0,0.018910214
674,test,0,0.7588331
6248,test,0,0.018910214
3963,test,0,0.018910214
7942,test,0,0.6409041
1173,test,0,0.018910214
5890,test,0,0.60168755
564,test,0,0.026991028
7947,test,0,0.013196001
448,test,0,0.016069856
7780,test,0,0.7015329
7496,test,0,0.7398399
7059,test,0,0.7602597
2235,test,0,0.78852254
10090,test,0,0.7269134
1798,test,0,0.015300613
5864,test,0,0.76875263
2526,test,0,0.85825366
1971,test,0,0.8350524
7134,test,0,0.66162413
9785,test,0,0.0175383
8592,test,0,0.011314634
10111,test,0,0.009537767
5844,test,0,0.29021043
3617,test,0,0.25680512
6902,test,0,0.8192899
3304,test,0,0.22162046
10961,test,0,0.046859875
5579,test,0,0.12912872
3719,test,0,0.19362396
5588,test,0,0.6480636
4272,test,0,0.010424441
3853,test,0,0.013282221
600,test,0,0.008786332
6943,test,0,0.6139926
8840,test,0,0.7439142
6297,test,0,0.6432001
461,test,0,0.61335415
3700,test,0,0.009055756
4715,test,0,0.8225527
3423,test,0,0.8772848
7785,test,0,0.013282221
3581,test,0,0.7273434
10884,test,0,0.32467526
8410,test,0,0.009526332
3716,test,0,0.034810796
4217,test,0,0.71023315
7786,test,0,0.6396348
3172,test,0,0.01037492
2524,test,0,0.018910214
2501,test,0,0.018910214
9787,test,0,0.6561756
2538,test,0,0.008247518
8948,test,0,0.8479381
10969,test,0,0.015300613
1083,test,0,0.52076155
10384,test,0,0.62780344
10663,test,0,0.015685132
6800,test,0,0.32998756
169,test,0,0.3728447
574,test,0,0.036166202
206,test,0,0.12206123
4087,test,0,0.008675223
5614,test,0,0.312337
6860,test,0,0.47823247
10617,test,0,0.6394768
1897,test,0,0.27286017
7955,test,0,0.027362723
10953,test,0,0.009861754
4224,test,0,0.009861754
3579,test,0,0.4096529
10581,test,0,0.5754642
6790,test,0,0.44488242
10897,test,0,0.4000956
510,test,0,0.35712725
10664,test,0,0.4788626
5111,test,0,0.47546962
7600,test,0,0.3635093
6283,test,0,0.6100697
9984,test,0,0.018910214
8194,test,0,0.19238369
4728,test,0,0.40274477
7557,test,0,0.009526332
1331,test,0,0.5483163
570,test,0,0.35295975
360,test,0,0.010417271
9928,test,0,0.7154041
5849,test,0,0.5143794
5116,test,0,0.026991028
9112,test,0,0.6090873
4905,test,0,0.011182105
468,test,0,0.8268142
6416,test,0,0.018197136
10632,test,0,0.8418439
26,test,0,0.0159446
7793,test,0,0.0133139305
6419,test,0,0.017522046
1077,test,0,0.7578165
5298,test,0,0.018840142
6431,test,0,0.035214003
6648,test,0,0.17683041
9917,test,0,0.21228589
864,test,0,0.16422845
772,test,0,0.019193046
1939,test,0,0.12703383
7849,test,0,0.15187061
9634,test,0,0.019193046
4348,test,0,0.16558398
5863,test,0,0.0101821115
4069,test,0,0.06847843
445,test,0,0.019750414
9476,test,0,0.019750414
10027,test,0,0.01503416
8593,test,0,0.39986312
156,test,0,0.530652
7565,test,0,0.72558665
2521,test,0,0.018910214
8600,test,0,0.008786332
7555,test,0,0.6380261
8147,test,0,0.01869859
4362,test,0,0.01629773
2502,test,0,0.7537101
1008,test,0,0.024421444
3337,test,0,0.017438898
560,test,0,0.011446751
1290,test,0,0.008786332
350,test,0,0.4940668
1463,test,0,0.017438898
10021,test,0,0.015916158
6250,test,0,0.016246483
5857,test,0,0.017438898
9463,test,0,0.017438898
366,test,0,0.009303251
4198,test,0,0.009991242
2506,test,0,0.018025415
7781,test,0,0.009303251
4995,test,0,0.76751953
3406,test,0,0.63177174
3247,test,0,0.0110366605
3807,test,0,0.6966118
661,test,0,0.0086572105
408,test,0,0.008011258
10132,test,0,0.018910214
3710,test,0,0.7482757
6903,test,0,0.008011258
4088,test,0,0.8296303
6295,test,0,0.008011258
359,test,0,0.009332805
4066,test,0,0.009908327
3260,test,0,0.6797967
170,test,0,0.018910214
10577,test,0,0.017758343
43,test,0,0.8242753
3741,test,0,0.40409833
4279,test,0,0.013218871
342,test,0,0.7849883
583,test,0,0.015016906
4196,test,0,0.014969625
31,test,0,0.5996358
9468,test,0,0.01563578
7602,test,0,0.009326093
3303,test,0,0.01159046
5931,test,0,0.43869096
7617,test,0,0.606077
5257,test,0,0.84052455
4518,test,0,0.71269435
2623,test,0,0.013708432
1502,test,0,0.11971385
2504,test,0,0.17321254
4375,test,0,0.013739142
9416,test,0,0.023024695
8560,test,0,0.10926757
5847,test,0,0.14463504
10612,test,0,0.34194592
3341,test,0,0.010598333
1975,test,0,0.16768059
4457,test,0,0.36354357
736,test,0,0.15437566
6664,test,0,0.019750414
5718,test,0,0.25874054
2955,test,0,0.010403929
9130,test,0,0.109982535
8169,test,0,0.7541253
7505,test,0,0.66070557
3327,test,0,0.009537767
4278,test,0,0.28279504
1784,test,0,0.027362723
10630,test,0,0.5897796
3302,test,0,0.406064
9799,test,0,0.4038676
1200,test,0,0.011076704
9444,test,0,0.018910214
3872,test,0,0.013164966
6437,test,0,0.5719333
6953,test,0,0.5624138
2808,test,0,0.75439095
453,test,0,0.40542334
9004,test,0,0.014056052
5867,test,0,0.63005567
1063,test,0,0.009621858
3849,test,0,0.75183606
4906,test,0,0.010333164
9009,test,0,0.678248
10089,test,0,0.013827364
2853,test,0,0.017969357
8081,test,0,0.0097008
8025,test,0,0.017926475
6754,test,0,0.8405258
10097,test,0,0.8031467
497,test,0,0.6316932
7568,test,0,0.5628659
8971,test,0,0.5886612
6836,test,0,0.35776794
10951,test,0,0.0097008
10623,test,0,0.0110366605
219,test,0,0.3332574
4897,test,0,0.009332805
4271,test,0,0.016955456
3171,test,0,0.36215293
4740,test,0,0.78261167
3255,test,0,0.3493768
7558,test,0,0.6962879
5729,test,0,0.38463536
4930,test,0,0.7071537
155,test,0,0.010176803
1026,test,0,0.7604618
5639,test,0,0.7049707
9804,test,0,0.6666363
452,test,0,0.248958
7933,test,0,0.7071372
9185,test,0,0.5541083
5754,test,0,0.009610751
1642,test,0,0.68100315
4669,test,0,0.44813818
8426,test,0,0.54356825
10375,test,0,0.73487806
2780,test,0,0.011834163
7680,test,0,0.7130773
3979,test,0,0.3412386
5371,test,0,0.8475277
2637,test,0,0.83336896
3345,test,0,0.50497067
645,test,0,0.84373575
3342,test,0,0.76166886
8142,test,0,0.63381946
3729,test,0,0.6886901
8035,test,0,0.82123566
7792,test,0,0.60508126
4971,test,0,0.018910214
1285,test,0,0.7428641
7717,test,0,0.29463172
7616,test,0,0.66109693
1312,test,0,0.7181766
10428,test,0,0.011364767
5635,test,0,0.17074667
9191,test,0,0.55127084
578,test,0,0.014530478
7292,test,0,0.50174975
505,test,0,0.8698092
862,test,0,0.018910214
7566,test,0,0.3556883
4656,test,0,0.593111
2523,test,0,0.40109628
8203,test,0,0.7815005
2785,test,0,0.12040549
1930,test,0,0.8005744
29,test,0,0.67772686
7953,test,0,0.012644782
6827,test,0,0.011931667
3955,test,0,0.010288592
3335,test,0,0.18873909
1793,test,0,0.010764827
1948,test,0,0.75815004
5009,test,0,0.5978505
3984,test,0,0.24058406
3735,test,0,0.7803126
1078,test,0,0.7571445
5299,test,0,0.44103226
8439,test,0,0.008273746
8146,test,0,0.009908327
643,test,0,0.0159446
28,test,0,0.5228679
556,test,0,0.3478861
1924,test,0,0.013609732
6627,test,0,0.8003627
6057,test,0,0.60044265
5915,test,0,0.61413777
5251,test,0,0.64923656
648,test,0,0.72296464
2307,test,0,0.13614991
8432,test,0,0.018910214
7649,test,0,0.023462377
775,test,0,0.749954
73,test,0,0.030551106
10246,test,0,0.007985856
1004,test,0,0.7807584
3413,test,0,0.27585018
1927,test,0,0.008871242
161,test,0,0.007985856
1788,test,0,0.68792045
4460,test,0,0.6723715
5833,test,0,0.018910214
3262,test,0,0.010417271
3500,test,0,0.8168692
554,test,0,0.028273407
717,test,0,0.017814273
1204,test,0,0.09289356
4852,test,0,0.017982926
5854,test,0,0.008273746
5627,test,0,0.81076425
721,test,0,0.68641096
5052,test,0,0.028273407
6650,test,0,0.024070086
734,test,0,0.010155292
3270,test,0,0.80991256
10264,test,0,0.9178827
9982,test,0,0.020658797
3981,test,0,0.62625957
9480,test,0,0.014795428
4719,test,0,0.2541352
7791,test,0,0.2793575
8783,test,0,0.36737743
8999,test,0,0.27255413
5003,test,0,0.36308047
3608,test,0,0.008933145
3300,test,0,0.2942698
4969,test,0,0.19000983
9452,test,0,0.009868956
6748,test,0,0.030984897
4462,test,0,0.019193046
3273,test,0,0.009417873
8149,test,0,0.06368963
467,test,0,0.6011328
6765,test,0,0.019750414
5591,test,0,0.019750414
1922,test,0,0.021127446
3276,test,0,0.019203434
5395,test,0,0.009621858
1969,test,0,0.20597279
6769,test,0,0.0102242865
2797,test,0,0.31924817
2525,test,0,0.76595706
1060,test,0,0.56089073
368,test,0,0.7485532
10104,test,0,0.14456387
4083,test,0,0.49699402
6870,test,0,0.017438898
4072,test,0,0.7272547
536,test,0,0.0084801335
5723,test,0,0.3899598
5046,test,0,0.010155292
6415,test,0,0.010155292
5108,test,0,0.017814273
10441,test,0,0.77545375
5865,test,0,0.58787125
4863,test,0,0.61537945
5050,test,0,0.012081124
5403,test,0,0.06429625
5914,test,0,0.009537767
731,test,0,0.014260228
7500,test,0,0.21979164
5370,test,0,0.6385765
6775,test,0,0.36484945
4942,test,0,0.45726237
10902,test,0,0.008786332
3864,test,0,0.009076837
9975,test,0,0.20012157
8184,test,0,0.49338293
5118,test,0,0.0105718
3310,test,0,0.2744312
9916,test,0,0.030921375
5590,test,0,0.78661275
9503,test,0,0.101932466
8594,test,0,0.24045414
6880,test,0,0.2167617
5126,test,0,0.01177418
7676,test,0,0.016298976
10034,test,0,0.023832876
7682,test,0,0.2796103
3298,test,0,0.019193046
6435,test,0,0.19651373
964,test,0,0.008317403
1082,test,0,0.009365628
1024,test,0,0.014975039
676,test,0,0.008317403
8784,test,0,0.014731354
75,test,0,0.057991643
10903,test,0,0.014731354
10660,test,0,0.2227256
10392,test,0,0.13266583
9650,test,0,0.20083646
6424,test,0,0.009415685
1506,test,0,0.050619718
3426,test,0,0.019193046
5624,test,0,0.021400146
670,test,0,0.02923256
3410,test,0,0.019750414
9474,test,0,0.67864865
7563,test,0,0.29474753
589,test,0,0.46826208
7135,test,0,0.27295533
3338,test,0,0.009417873
2612,test,0,0.6010805
3983,test,0,0.009633407
6604,test,0,0.034762453
582,test,0,0.013770858
2179,test,0,0.7145397
646,test,0,0.009537767
10886,test,0,0.009861754
2334,test,0,0.010488152
5636,test,0,0.12817708
2776,test,0,0.009861754
5842,test,0,0.67529863
6257,test,0,0.7323715
5928,test,0,0.77244675
11084,test,0,0.010391467
6141,test,0,0.009861754
7673,test,0,0.67406046
9012,test,0,0.51844513
4082,test,0,0.012034086
4723,test,0,0.6879323
9409,test,0,0.034240667
998,test,0,0.010391467
4063,test,0,0.4015043
5587,test,0,0.80756855
5396,test,0,0.011615303
4917,test,0,0.80204976
10497,test,0,0.1490095
1061,test,0,0.5650691
7678,test,0,0.77226895
2701,test,0,0.016246483
8844,test,0,0.009621858
7950,test,0,0.009526332
572,test,0,0.7175103
4739,test,0,0.01754784
3806,test,0,0.012922242
9796,test,0,0.4775903
4708,test,0,0.008758494
8549,test,0,0.011446751
2342,test,0,0.7499731
1022,test,0,0.018827276
9701,test,0,0.009526332
3154,test,0,0.52696246
9637,test,0,0.7295638
969,test,0,0.010743552
5026,test,0,0.010743552
5589,test,0,0.009084531
5615,test,0,0.0110366605
10578,test,0,0.0094669415
10512,test,0,0.7323349
5240,test,0,0.009621858
2786,test,0,0.6075466
416,test,0,0.04747868
6366,test,0,0.88676405
4925,test,0,0.7879621
3336,test,0,0.013904235
407,test,0,0.009084531
4226,test,0,0.4468265
5237,test,0,0.034810796
6755,test,0,0.7590129
4970,test,0,0.5209695
5381,test,0,0.42094222
1795,test,0,0.74518824
2072,test,0,0.8309681
7773,test,0,0.022702591
952,test,0,0.015864862
6399,test,0,0.00825973
5471,test,0,0.6732888
1316,test,0,0.49956152
4200,test,0,0.018910214
10260,test,0,0.009092595
5840,test,0,0.3629451
410,test,0,0.7824811
10127,test,0,0.014757746
8079,test,0,0.6921849
3993,test,0,0.009580325
9426,test,0,0.019059572
9923,test,0,0.64905894
78,test,0,0.69856316
4730,test,0,0.44807413
10094,test,0,0.010342102
3827,test,0,0.42807958
9421,test,0,0.018910214
7309,test,0,0.3931884
6815,test,0,0.8048023
10108,test,0,0.024675857
7714,test,0,0.57084674
9022,test,0,0.8793599
3244,test,0,0.55546623
652,test,0,0.67179596
1471,test,0,0.015306419
3990,test,0,0.011857008
10379,test,0,0.0127635
8417,test,0,0.008453257
4929,test,0,0.70209366
7710,test,0,0.012644782
211,test,0,0.72937274
4202,test,0,0.009610751
6777,test,0,0.7283247
5879,test,0,0.38842586
3256,test,0,0.014530478
7507,test,0,0.7518867
569,test,0,0.033711515
1315,test,0,0.35065228
37,test,0,0.0159446
9469,test,0,0.7696776
533,test,0,0.017522046
9006,test,0,0.009610751
10880,test,0,0.8301326
6400,test,0,0.35620502
8218,test,0,0.016391374
7315,test,0,0.8062771
3954,test,0,0.81081
2315,test,0,0.0159446
10245,test,0,0.69392955
5617,test,0,0.028273407
579,test,0,0.012067261
3978,test,0,0.41699868
4895,test,0,0.012203332
4714,test,0,0.020658797
5250,test,0,0.7367232
2324,test,0,0.7881377
2691,test,0,0.015533064
7838,test,0,0.021400146
3863,test,0,0.021400146
5235,test,0,0.08644599
2069,test,0,0.16309838
8161,test,0,0.2745434
2594,test,0,0.23153584
6791,test,0,0.15037785
7144,test,0,0.07768169
6657,test,0,0.18980916
506,test,0,0.025981136
7550,test,0,0.10666472
8159,test,0,0.17488284
773,test,0,0.019193046
11079,test,0,0.017666603
1465,test,0,0.008933145
654,test,0,0.33688498
5241,test,0,0.11781713
4720,test,0,0.011986456
2794,test,0,0.009365628
72,test,0,0.008933145
5932,test,0,0.032044545
10898,test,0,0.29426792
10962,test,0,0.023128554
5281,test,0,0.10556102
9930,test,0,0.033435754
6942,test,0,0.14337707
3737,test,0,0.050573997
9418,test,0,0.08841711
8310,test,0,0.012405936
655,test,0,0.009633407
6960,test,0,0.009537767
5897,test,0,0.009537767
7293,test,0,0.009873588
6434,test,0,0.57141364
8076,test,0,0.012782092
3870,test,0,0.009537767
6948,test,0,0.009146085
367,test,0,0.59609604
1320,test,0,0.29489318
3825,test,0,0.009633407
6422,test,0,0.06449717
6899,test,0,0.32793766
3835,test,0,0.20123012
8958,test,0,0.009633407
7711,test,0,0.009873588
7778,test,0,0.7590559
10499,test,0,0.68984544
5903,test,0,0.01525385
4270,test,0,0.01563195
2622,test,0,0.17509508
7501,test,0,0.53540945
6058,test,0,0.009914437
2803,test,0,0.5474962
27,test,0,0.48572692
8554,test,0,0.009556587
8141,test,0,0.46730202
4293,test,0,0.009861754
3830,test,0,0.011691395
10122,test,0,0.81280875
509,test,0,0.032363456
6806,test,0,0.7507422
1970,test,0,0.017438898
9972,test,0,0.7657209
4663,test,0,0.72959745
4855,test,0,0.010333164
2610,test,0,0.009406581
9635,test,0,0.7488824
4346,test,0,0.850029
6772,test,0,0.7290922
9498,test,0,0.034810796
7848,test,0,0.52200496
7801,test,0,0.8165779
2065,test,0,0.031854775
860,test,0,0.009406581
4223,test,0,0.015105821
5015,test,0,0.63309973
4946,test,0,0.008782031
2859,test,0,0.010650345
3420,test,0,0.009406581
6139,test,0,0.009861754
5247,test,0,0.7989021
8150,test,0,0.009621858
6822,test,0,0.009526332
5575,test,0,0.73911005
1802,test,0,0.7961579
6368,test,0,0.832267
5594,test,0,0.02334323
1274,test,0,0.009526332
1899,test,0,0.79345703
6647,test,0,0.007985856
7712,test,0,0.7180323
4355,test,0,0.48223773
5021,test,0,0.009556587
6862,test,0,0.020658797
4916,test,0,0.843515
3848,test,0,0.009893065
10257,test,0,0.010342102
5645,test,0,0.016955456
3618,test,0,0.018910214
5008,test,0,0.023593476
2068,test,0,0.014823165
3254,test,0,0.027077993
353,test,0,0.7313834
6064,test,0,0.010176803
6282,test,0,0.65389067
10574,test,0,0.17365955
3803,test,0,0.018910214
2611,test,0,0.7564742
4847,test,0,0.7007018
6359,test,0,0.6396821
2953,test,0,0.034810796
1630,test,0,0.008453257
499,test,0,0.27972957
7777,test,0,0.020658797
6136,test,0,0.016955456
586,test,0,0.018910214
10900,test,0,0.020658797
5467,test,0,0.020658797
4744,test,0,0.54374593
7511,test,0,0.008273746
9705,test,0,0.008492873
9644,test,0,0.020658797
4074,test,0,0.010155292
6808,test,0,0.857118
455,test,0,0.010230648
9802,test,0,0.009317633
440,test,0,0.020658797
6751,test,0,0.61779475
2532,test,0,0.020658797
5924,test,0,0.7852896
3828,test,0,0.010842391
8415,test,0,0.013676163
5717,test,0,0.85743356
9707,test,0,0.73110455
2992,test,0,0.8434044
4519,test,0,0.020658797
10899,test,0,0.009580325
2318,test,0,0.027897218
3859,test,0,0.010155292
4508,test,0,0.026991028
5378,test,0,0.009528905
4659,test,0,0.017640851
507,test,0,0.7633059
4726,test,0,0.5613922
10887,test,0,0.3214701
4998,test,0,0.018910214
7975,test,0,0.011400794
2997,test,0,0.008247518
6610,test,0,0.0159446
6365,test,0,0.014852816
868,test,0,0.009528905
6296,test,0,0.020658797
4896,test,0,0.018910214
2243,test,0,0.020658797
2491,test,0,0.015016906
551,test,0,0.74917525
4964,test,0,0.02541911
1072,test,0,0.011472901
6959,test,0,0.4101015
7145,test,0,0.020658797
6767,test,0,0.7425578
10386,test,0,0.0210259
10582,test,0,0.50921136
7146,test,0,0.015685132
9448,test,0,0.0109297475
11083,test,0,0.0109297475
4211,test,0,0.010342102
5037,test,0,0.020658797
7504,test,0,0.014530478
2631,test,0,0.020658797
2536,test,0,0.030010074
2865,test,0,0.0280246
6063,test,0,0.0159446
81,test,0,0.033711515
9795,test,0,0.034187127
7058,test,0,0.014872833
9926,test,0,0.01563578
1904,test,0,0.020658797
3847,test,0,0.010155292
171,test,0,0.02653776
3583,test,0,0.020658797
1501,test,0,0.020658797
5888,test,0,0.036513463
9467,test,0,0.43739915
5031,test,0,0.017522046
2060,test,0,0.009580325
10963,test,0,0.012315806
6821,test,0,0.5031938
2993,test,0,0.016784145
8544,test,0,0.41977763
11081,test,0,0.039715394
8139,test,0,0.7735968
5231,test,0,0.020658797
332,test,0,0.077239126
4862,test,0,0.009861754
3717,test,0,0.025691377
1919,test,0,0.0110366605
10560,test,0,0.009621858
1910,test,0,0.0159446
2686,test,0,0.009621858
6762,test,0,0.018910214
5234,test,0,0.031946607
8973,test,0,0.66545624
6369,test,0,0.011071659
6813,test,0,0.3131798
504,test,0,0.009991242
6426,test,0,0.013918018
8843,test,0,0.010590605
3748,test,0,0.6683104
6944,test,0,0.6355617
447,test,0,0.018910214
6278,test,0,0.010889059
6884,test,0,0.015156715
9447,test,0,0.020658797
10614,test,0,0.009076837
4911,test,0,0.01486999
2238,test,0,0.018910214
1293,test,0,0.70466495
10086,test,0,0.009476157
9035,test,0,0.7523859
4653,test,0,0.78969806
5143,test,0,0.68344504
11078,test,0,0.52882224
3497,test,0,0.008011258
2535,test,0,0.020658797
1287,test,0,0.008531192
963,test,0,0.7617242
6420,test,0,0.69132656
4347,test,0,0.018910214
1003,test,0,0.7616675
10023,test,0,0.022854002
6890,test,0,0.7226179
9792,test,0,0.008465956
3257,test,0,0.025478695
10390,test,0,0.57634294
5053,test,0,0.012500979
10906,test,0,0.024015814
5861,test,0,0.009652413
9041,test,0,0.008134625
1223,test,0,0.57395583
4734,test,0,0.008246575
5121,test,0,0.78372747
8774,test,0,0.014530478
24,test,0,0.56580657
435,test,0,0.009580325
1806,test,0,0.4061295
1933,test,0,0.009526332
6895,test,0,0.013933267
1301,test,0,0.012159152
553,test,0,0.009526332
8959,test,0,0.029033015
2494,test,0,0.7591241
9963,test,0,0.3344731
1327,test,0,0.009526332
356,test,0,0.017758343
6409,test,0,0.01894275
3855,test,0,0.009610751
5114,test,0,0.271863
3733,test,0,0.6541574
355,test,0,0.019059572
1081,test,0,0.25765207
2826,test,0,0.6088487
5882,test,0,0.7489942
9510,test,0,0.020658797
437,test,0,0.011364767
8968,test,0,0.7664508
585,test,0,0.78948575
9182,test,0,0.8246326
3319,test,0,0.5745608
6405,test,0,0.536695
1804,test,0,0.009556587
4351,test,0,0.8280057
3851,test,0,0.009908327
9699,test,0,0.0159446
8423,test,0,0.013590074
3989,test,0,0.010155292
9993,test,0,0.6419806
4368,test,0,0.62980473
3865,test,0,0.009908327
10382,test,0,0.8607207
6048,test,0,0.009526332
5254,test,0,0.7505356
7720,test,0,0.009076383
7498,test,0,0.020658797
3867,test,0,0.68612117
10569,test,0,0.6230886
8179,test,0,0.014530478
9121,test,0,0.010230648
10434,test,0,0.018916314
7911,test,0,0.64185476
10877,test,0,0.009939783
9793,test,0,0.091167
10440,test,0,0.016069856
10075,test,0,0.5372101
9969,test,0,0.024037423
9786,test,0,0.009908327
4060,test,0,0.02212936
9120,test,0,0.009526332
7970,test,0,0.009908327
5153,test,0,0.7733325
7304,test,0,0.008129098
4001,test,0,0.009526332
4675,test,0,0.009556587
5000,test,0,0.018910214
2305,test,0,0.009908327
7643,test,0,0.014530478
8591,test,0,0.35800144
9962,test,0,0.009526332
8967,test,0,0.010187523
4745,test,0,0.009526332
9038,test,0,0.3048844
4838,test,0,0.6931065
10092,test,0,0.33173162
6284,test,0,0.008273746
4837,test,0,0.009908327
3837,test,0,0.010155292
6885,test,0,0.01038432
8442,test,0,0.013164229
5010,test,0,0.010155292
7311,test,0,0.34008288
4830,test,0,0.018573387
9920,test,0,0.014530478
2806,test,0,0.01563578
6138,test,0,0.009526332
3965,test,0,0.014530478
7935,test,0,0.008453257
1296,test,0,0.8239614
11065,test,0,0.020658797
3958,test,0,0.02220728
8540,test,0,0.03320185
1932,test,0,0.12686448
2498,test,0,0.016784145
436,test,0,0.8968592
2320,test,0,0.011249248
7142,test,0,0.8343196
9001,test,0,0.020658797
10896,test,0,0.7114672
2595,test,0,0.020658797
557,test,0,0.015842915
2958,test,0,0.837375
9967,test,0,0.012632138
8020,test,0,0.009556587
3159,test,0,0.7304041
82,test,0,0.015976248
1284,test,0,0.017522046
3838,test,0,0.8142032
2810,test,0,0.020658797
346,test,0,0.75522274
6763,test,0,0.7712844
2696,test,0,0.40716243
10001,test,0,0.6632221
3714,test,0,0.72406334
3331,test,0,0.8090148
8210,test,0,0.010640582
3249,test,0,0.028124027
3308,test,0,0.020658797
7056,test,0,0.037085786
2061,test,0,0.016391374
3347,test,0,0.02653776
5868,test,0,0.3376024
1914,test,0,0.6992145
1639,test,0,0.012644782
210,test,0,0.009908327
4363,test,0,0.018172218
3278,test,0,0.012253776
4280,test,0,0.012647223
5382,test,0,0.018573387
1466,test,0,0.79599375
713,test,0,0.6224923
7295,test,0,0.010475549
4356,test,0,0.020658797
10022,test,0,0.020658797
4948,test,0,0.751012
456,test,0,0.16383083
10974,test,0,0.77637213
6362,test,0,0.8764714
7798,test,0,0.7105568
215,test,0,0.71875185
4209,test,0,0.08308225
9803,test,0,0.25829583
9977,test,0,0.025598733
4725,test,0,0.13617353
4370,test,0,0.09875508
3494,test,0,0.19528946
3265,test,0,0.025339555
7645,test,0,0.33142352
2520,test,0,0.14143834
534,test,0,0.18699527
457,test,0,0.12161809
2814,test,0,0.019193046
502,test,0,0.030984897
8154,test,0,0.20150353
4749,test,0,0.009317206
543,test,0,0.009046924
8957,test,0,0.057904325
3316,test,0,0.014731354
9505,test,0,0.010598333
7774,test,0,0.013495698
4513,test,0,0.094606504
9800,test,0,0.009365628
774,test,0,0.029781368
7647,test,0,0.060206007
10427,test,0,0.09627259
6142,test,0,0.009046924
2508,test,0,0.008317403
5034,test,0,0.008675223
5287,test,0,0.20784913
7966,test,0,0.17258446
1498,test,0,0.11341285
8160,test,0,0.10431266
6947,test,0,0.064529054
5463,test,0,0.73455167
9996,test,0,0.010536486
9501,test,0,0.52135116
4738,test,0,0.009633407
573,test,0,0.67385054
5125,test,0,0.008796887
3160,test,0,0.021127446
6358,test,0,0.4413556
9918,test,0,0.17760728
9453,test,0,0.42887744
4940,test,0,0.4073671
1324,test,0,0.1537249
3425,test,0,0.56002903
6363,test,0,0.009537767
6134,test,0,0.009957847
9460,test,0,0.008769015
1801,test,0,0.341524
5855,test,0,0.118913926
6433,test,0,0.009568058
669,test,0,0.015667208
6887,test,0,0.010403929
2692,test,0,0.009134433
4756,test,0,0.21336873
8183,test,0,0.70885944
6901,test,0,0.09935555
10882,test,0,0.08684025
8163,test,0,0.50883627
451,test,0,0.036331303
5032,test,0,0.013882149
1636,test,0,0.6559393
8846,test,0,0.009537767
4923,test,0,0.1728709
6260,test,0,0.058633942
5583,test,0,0.48113918
9178,test,0,0.009873588
2627,test,0,0.025243692
4910,test,0,0.023739824
2640,test,0,0.34334162
2519,test,0,0.010998659
8835,test,0,0.010696942
8552,test,0,0.010345557
10576,test,0,0.009175143
2500,test,0,0.5374979
9465,test,0,0.40651518
8078,test,0,0.6169901
463,test,0,0.017438898
8187,test,0,0.66727716
2782,test,0,0.22541349
5646,test,0,0.01000304
6050,test,0,0.018075217
10500,test,0,0.021871472
5887,test,0,0.6685466
9502,test,0,0.01008423
1304,test,0,0.009861754
4860,test,0,0.010650345
5280,test,0,0.01000304
8207,test,0,0.009526332
7779,test,0,0.70312256
6061,test,0,0.009621858
10876,test,0,0.6458913
5620,test,0,0.010391467
1009,test,0,0.009526332
6654,test,0,0.4482819
1071,test,0,0.009861754
2184,test,0,0.014996832
9457,test,0,0.7532207
8775,test,0,0.8069741
9036,test,0,0.009621858
5164,test,0,0.009526332
8077,test,0,0.021655736
1213,test,0,0.009893065
2703,test,0,0.008782031
5402,test,0,0.009861754
3869,test,0,0.7677558
3860,test,0,0.016246483
3431,test,0,0.0159446
9645,test,0,0.018368326
6663,test,0,0.8393091
3839,test,0,0.008458147
8037,test,0,0.009621858
157,test,0,0.014056052
10611,test,0,0.62353575
2312,test,0,0.38374987
2537,test,0,0.20942256
3726,test,0,0.009621858
4064,test,0,0.44092157
8174,test,0,0.53567266
2634,test,0,0.6808368
214,test,0,0.009861754
1016,test,0,0.68558663
2327,test,0,0.64601064
9199,test,0,0.024421444
4081,test,0,0.24280563
3492,test,0,0.5465275
8545,test,0,0.61425644
1069,test,0,0.71911955
10124,test,0,0.015916158
7958,test,0,0.06985414
9458,test,0,0.014996832
6641,test,0,0.010829343
10658,test,0,0.016246483
2818,test,0,0.014056052
5297,test,0,0.008453257
1001,test,0,0.31090668
6823,test,0,0.009861754
4746,test,0,0.009861754
5374,test,0,0.05795274
5755,test,0,0.8388915
3350,test,0,0.45653084
2858,test,0,0.009526332
4194,test,0,0.1900099
209,test,0,0.009058577
8557,test,0,0.009893065
9643,test,0,0.016124018
5629,test,0,0.009526332
3340,test,0,0.79720455
4353,test,0,0.008758494
8220,test,0,0.6882977
597,test,0,0.018616116
1309,test,0,0.009556587
8963,test,0,0.009621858
7554,test,0,0.009861754
8307,test,0,0.031854775
10503,test,0,0.017307604
10020,test,0,0.016246483
1208,test,0,0.013959615
3339,test,0,0.7059693
865,test,0,0.02470264
3326,test,0,0.01037492
2824,test,0,0.011851305
7138,test,0,0.61605793
1216,test,0,0.009076837
10107,test,0,0.03583051
41,test,0,0.7648496
4716,test,0,0.17679998
4748,test,0,0.47869265
10274,test,0,0.46678883
6356,test,0,0.009526332
8189,test,0,0.01724887
5896,test,0,0.011851305
7788,test,0,0.009861754
5920,test,0,0.5444264
2512,test,0,0.031946607
3999,test,0,0.77595764
1311,test,0,0.008453257
9194,test,0,0.60667217
71,test,0,0.020658797
1065,test,0,0.62732506
3610,test,0,0.018910214
45,test,0,0.7235074
149,test,0,0.65695506
1800,test,0,0.010983736
10966,test,0,0.009621858
10636,test,0,0.009526332
5881,test,0,0.009526332
5013,test,0,0.0159446
3261,test,0,0.48030207
1018,test,0,0.009526332
5719,test,0,0.015982121
7912,test,0,0.8509893
5156,test,0,0.009526332
10071,test,0,0.009992307
5728,test,0,0.0116784815
163,test,0,0.49746516
5366,test,0,0.009861754
1794,test,0,0.008453257
4361,test,0,0.7367917
7302,test,0,0.40552333
4654,test,0,0.009526332
778,test,0,0.020658797
8143,test,0,0.009861754
10028,test,0,0.014420509
10872,test,0,0.009621858
2505,test,0,0.7872112
7719,test,0,0.010633141
5377,test,0,0.009621858
2693,test,0,0.010379406
3616,test,0,0.011660917
2787,test,0,0.009078965
3840,test,0,0.53034264
3577,test,0,0.45212442
1789,test,0,0.009621858
9123,test,0,0.009556587
1509,test,0,0.84535104
5295,test,0,0.009621858
6825,test,0,0.009621858
9177,test,0,0.009621858
2860,test,0,0.6918372
7932,test,0,0.011071659
10070,test,0,0.009526332
3808,test,0,0.36165348
10570,test,0,0.0069593918
4755,test,0,0.00825973
5616,test,0,0.009506254
7653,test,0,0.028990956
8965,test,0,0.8415734
5384,test,0,0.009092595
1000,test,0,0.00825973
2522,test,0,0.8094543
5286,test,0,0.009621858
8043,test,0,0.009526332
5892,test,0,0.008465956
10635,test,0,0.009712457
8148,test,0,0.008492873
10000,test,0,0.73028594
5727,test,0,0.0077665495
2812,test,0,0.44891164
6818,test,0,0.009476157
5293,test,0,0.009652413
7963,test,0,0.7409749
7904,test,0,0.01117144
4924,test,0,0.010823404
6129,test,0,0.010410347
4753,test,0,0.009861754
9504,test,0,0.009303251
3712,test,0,0.21697137
1913,test,0,0.009861754
4085,test,0,0.0159446
5923,test,0,0.009526332
4086,test,0,0.009303251
4731,test,0,0.4197853
10248,test,0,0.008011258
10626,test,0,0.008465956
7057,test,0,0.6581643
1326,test,0,0.008045649
9973,test,0,0.00825973
5141,test,0,0.65632683
8849,test,0,0.009078965
3328,test,0,0.009621858
6133,test,0,0.8134998
4943,test,0,0.7145641
10895,test,0,0.5985358
2311,test,0,0.708961
3738,test,0,0.008465956
6412,test,0,0.009476157
5024,test,0,0.60660434
2866,test,0,0.00825973
6256,test,0,0.020658797
10610,test,0,0.00864898
2599,test,0,0.020658797
6875,test,0,0.85723996
10960,test,0,0.00825973
561,test,0,0.00825973
5112,test,0,0.014530478
74,test,0,0.76604205
3321,test,0,0.009476157
1288,test,0,0.009526332
1277,test,0,0.53677267
10105,test,0,0.0077665495
9184,test,0,0.014655589
726,test,0,0.008871242
11068,test,0,0.009954989
535,test,0,0.009861754
8208,test,0,0.009621858
462,test,0,0.008871242
1012,test,0,0.0093105845
7641,test,0,0.24937162
140,test,0,0.020658797
8195,test,0,0.18344851
4752,test,0,0.008285997
3956,test,0,0.8293298
9128,test,0,0.008871242
8850,test,0,0.009526332
8166,test,0,0.020658797
6900,test,0,0.5764302
1632,test,0,0.0076739676
2309,test,0,0.8087938
3325,test,0,0.48411694
4932,test,0,0.18099216
11073,test,0,0.7382829
2702,test,0,0.008465956
5041,test,0,0.0077912593
9115,test,0,0.00825973
2495,test,0,0.03334293
5389,test,0,0.00825973
5390,test,0,0.008652452
5641,test,0,0.008465956
7789,test,0,0.00825973
657,test,0,0.009506254
591,test,0,0.6214801
2959,test,0,0.020658797
25,test,0,0.46409157
9979,test,0,0.015080736
5716,test,0,0.00825973
5148,test,0,0.008492873
5233,test,0,0.6035985
9005,test,0,0.014530478
44,test,0,0.008465956
6881,test,0,0.011781145
3723,test,0,0.6772885
7618,test,0,0.00825973
9998,test,0,0.0159446
8430,test,0,0.0077665495
10091,test,0,0.008871242
727,test,0,0.7616351
9193,test,0,0.010139879
4757,test,0,0.60838425
8424,test,0,0.00825973
5006,test,0,0.028139161
1947,test,0,0.008871242
6054,test,0,0.0110366605
1015,test,0,0.5324642
6824,test,0,0.00825973
8838,test,0,0.56034416
3725,test,0,0.008465956
3820,test,0,0.7696308
3833,test,0,0.010590605
10389,test,0,0.8230227
722,test,0,0.70343184
8537,test,0,0.014932363
5376,test,0,0.0077912593
7944,test,0,0.7788748
1017,test,0,0.009556587
8440,test,0,0.020658797
5902,test,0,0.7353711
9506,test,0,0.5635395
2496,test,0,0.6726979
10624,test,0,0.0077665495
10971,test,0,0.010139879
9925,test,0,0.01786215
1797,test,0,0.009610751
11085,test,0,0.010155292
7564,test,0,0.008411562
3982,test,0,0.544601
5930,test,0,0.010074362
10504,test,0,0.01072206
1928,test,0,0.0159446
9027,test,0,0.009476157
4849,test,0,0.0097008
4514,test,0,0.018910214
10583,test,0,0.4351829
10618,test,0,0.009526332
6060,test,0,0.010176803
7964,test,0,0.009526332
5912,test,0,0.4947914
477,test,0,0.101144604
6655,test,0,0.8625611
5365,test,0,0.028273407
7549,test,0,0.72746587
5936,test,0,0.72170484
2793,test,0,0.009526332
2064,test,0,0.79620415
2788,test,0,0.22868477
460,test,0,0.010576979
3155,test,0,0.010640582
4215,test,0,0.14807421
8962,test,0,0.009526332
6357,test,0,0.011166563
5119,test,0,0.49537238
7608,test,0,0.18270364
4657,test,0,0.008465956
3245,test,0,0.009580325
6145,test,0,0.010230648
3346,test,0,0.8124935
10102,test,0,0.009908327
4662,test,0,0.12972426
3802,test,0,0.7866912
8964,test,0,0.008465956
1308,test,0,0.010137371
7651,test,0,0.018910214
715,test,0,0.00989257
545,test,0,0.008453257
2308,test,0,0.6680411
8961,test,0,0.00825973
6406,test,0,0.7463459
3969,test,0,0.39267537
6957,test,0,0.011364767
5244,test,0,0.00825973
9190,test,0,0.3928461
3861,test,0,0.009526332
6611,test,0,0.0159446
6619,test,0,0.46146613
8036,test,0,0.020838773
10559,test,0,0.0084251985
9122,test,0,0.008169869
9921,test,0,0.3632473
5025,test,0,0.011400794
5385,test,0,0.011684521
6749,test,0,0.018910214
8209,test,0,0.016394341
8199,test,0,0.0159446
11080,test,0,0.0088591045
4848,test,0,0.65673107
465,test,0,0.01038432
5051,test,0,0.011123833
1218,test,0,0.0092205545
6144,test,0,0.010155292
4080,test,0,0.13904957
3744,test,0,0.68134266
9788,test,0,0.009908327
40,test,0,0.0159446
6826,test,0,0.017624697
2517,test,0,0.11861055
8952,test,0,0.009556587
1074,test,0,0.010905598
7906,test,0,0.8199147
5248,test,0,0.016773399
1067,test,0,0.0159446
7316,test,0,0.72655284
9700,test,0,0.009476157
2549,test,0,0.67601305
1457,test,0,0.019988332
3721,test,0,0.009526332
4914,test,0,0.010155292
207,test,0,0.010730788
4861,test,0,0.009317633
5150,test,0,0.01272653
866,test,0,0.020658797
7805,test,0,0.8365656
5904,test,0,0.71943945
10975,test,0,0.009556587
1298,test,0,0.6413048
441,test,0,0.60702556
10116,test,0,0.45048282
8140,test,0,0.013719415
8317,test,0,0.69908
10959,test,0,0.8026643
10433,test,0,0.8160768
1076,test,0,0.012159152
4950,test,0,0.012867085
1313,test,0,0.43817848
1303,test,0,0.009908327
2700,test,0,0.014330543
6288,test,0,0.019059572
10956,test,0,0.011364767
10511,test,0,0.8050256
663,test,0,0.01894275
8412,test,0,0.009526332
2690,test,0,0.016403709
2616,test,0,0.018910214
3831,test,0,0.020658797
8082,test,0,0.011364767
4737,test,0,0.011111885
4275,test,0,0.027476037
5359,test,0,0.0159446
999,test,0,0.009556587
9981,test,0,0.65029746
4273,test,0,0.7946965
544,test,0,0.010187523
601,test,0,0.6695312
6941,test,0,0.009526332
10096,test,0,0.009526332
2783,test,0,0.008247518
724,test,0,0.06894614
7807,test,0,0.13276163
1323,test,0,0.014140038
3824,test,0,0.009556587
4277,test,0,0.008453257
6609,test,0,0.011159105
4516,test,0,0.014530478
3868,test,0,0.060789328
8969,test,0,0.009317633
10561,test,0,0.011364767
9192,test,0,0.009526332
212,test,0,0.016075278
4212,test,0,0.009526332
6052,test,0,0.011857008
8836,test,0,0.010155292
2790,test,0,0.011716076
10279,test,0,0.009908327
10907,test,0,0.020658797
6789,test,0,0.6867695
7808,test,0,0.009939783
6413,test,0,0.010155292
5362,test,0,0.011106055
8851,test,0,0.009908327
10957,test,0,0.009526332
2697,test,0,0.856888
1503,test,0,0.42777413
4899,test,0,0.044941045
7948,test,0,0.010906848
8427,test,0,0.009526332
4220,test,0,0.011684521
2321,test,0,0.014330543
1275,test,0,0.009085492
647,test,0,0.009526332
3730,test,0,0.4265425
8073,test,0,0.009076383
6398,test,0,0.00847403
1281,test,0,0.010187523
1226,test,0,0.009528905
1921,test,0,0.011166563
365,test,0,0.011151357
8438,test,0,0.020658797
2777,test,0,0.26221383
5016,test,0,0.14858992
9961,test,0,0.6660237
2533,test,0,0.6355713
10082,test,0,0.12766008
4722,test,0,0.017624697
8134,test,0,0.00864898
7310,test,0,0.70007116
30,test,0,0.41163716
9197,test,0,0.53914994
4747,test,0,0.01037492
10369,test,0,0.008453257
7931,test,0,0.008453257
5042,test,0,0.009908327
8033,test,0,0.008453257
8201,test,0,0.008453257
770,test,0,0.020658797
10662,test,0,0.0159446
10949,test,0,0.0159446
9708,test,0,0.009526332
9419,test,0,0.09866383
3329,test,0,0.010155292
7782,test,0,0.010110687
8204,test,0,0.010110687
7715,test,0,0.008453257
142,test,0,0.7234742
1900,test,0,0.8047332
5279,test,0,0.011834163
6292,test,0,0.011844718
10888,test,0,0.011844718
3727,test,0,0.009908327
4673,test,0,0.010155292
1945,test,0,0.17810206
5733,test,0,0.011647608
5622,test,0,0.009526332
3609,test,0,0.014530478
4343,test,0,0.7349711
7598,test,0,0.012159152
723,test,0,0.009526332
2638,test,0,0.020658797
11071,test,0,0.008453257
5392,test,0,0.009317633
7606,test,0,0.011364767
9033,test,0,0.020658797
8155,test,0,0.30007344
7960,test,0,0.009908327
10263,test,0,0.009556587
10088,test,0,0.017814273
458,test,0,0.010187523
6950,test,0,0.010688185
3742,test,0,0.010155292
5047,test,0,0.008453257
7965,test,0,0.009317633
1977,test,0,0.031946607
8041,test,0,0.016075278
6403,test,0,0.6010513
10262,test,0,0.029160678
2867,test,0,0.72728723
6440,test,0,0.009908327
4201,test,0,0.022119353
10557,test,0,0.009526332
7298,test,0,0.66871345
4919,test,0,0.010342102
7559,test,0,0.011364767
10513,test,0,0.009908327
5369,test,0,0.010342102
8080,test,0,0.010640582
5245,test,0,0.011364767
7722,test,0,0.009908327
3279,test,0,0.6660477
9020,test,0,0.49690247
1459,test,0,0.009610751
4841,test,0,0.016955456
6831,test,0,0.009526332
3164,test,0,0.010905598
10029,test,0,0.020658797
2606,test,0,0.020658797
9992,test,0,0.5464493
1507,test,0,0.7107878
7957,test,0,0.009526332
1895,test,0,0.022839906
4666,test,0,0.007977222
532,test,0,0.028273407
10080,test,0,0.009526332
7681,test,0,0.6677242
1278,test,0,0.010155292
4218,test,0,0.017180791
9422,test,0,0.3550632
8853,test,0,0.010155292
6956,test,0,0.009908327
4758,test,0,0.30397087
650,test,0,0.010155292
10113,test,0,0.011857008
8974,test,0,0.010586834
6792,test,0,0.74078107
9113,test,0,0.010342102
3170,test,0,0.010155292
32,test,0,0.7017611
1220,test,0,0.010187523
7806,test,0,0.009908327
7930,test,0,0.01794281
5909,test,0,0.010155292
7790,test,0,0.011400794
6955,test,0,0.010155292
7508,test,0,0.020658797
3305,test,0,0.02220728
10370,test,0,0.009526332
4967,test,0,0.018910214
5110,test,0,0.80185795
7313,test,0,0.009908327
10085,test,0,0.010342102
8213,test,0,0.02914778
10891,test,0,0.7833782
4276,test,0,0.009556587
42,test,0,0.010342102
6059,test,0,0.010155292
6259,test,0,0.013432178
8954,test,0,0.009317633
7506,test,0,0.034020457
7800,test,0,0.7471798
473,test,0,0.014852816
6429,test,0,0.011197649
33,test,0,0.010640582
6784,test,0,0.016069856
9454,test,0,0.0159446
10657,test,0,0.42992276
3399,test,0,0.3954207
994,test,0,0.009317633
222,test,0,0.010155292
5391,test,0,0.011364767
173,test,0,0.7725235
9011,test,0,0.013164229
8972,test,0,0.009559169
6809,test,0,0.009908327
7646,test,0,0.8366168
10954,test,0,0.70170766
5917,test,0,0.0159446
8541,test,0,0.8158781
7603,test,0,0.010155292
6817,test,0,0.045406744
8196,test,0,0.011364767
10958,test,0,0.53623855
1212,test,0,0.009908327
7974,test,0,0.008486235
2588,test,0,0.008486235
4289,test,0,0.58887315
2316,test,0,0.009908327
3166,test,0,0.011364767
4936,test,0,0.6638799
4282,test,0,0.79337895
9186,test,0,0.010155292
2799,test,0,0.50248504
6624,test,0,0.009612761
3168,test,0,0.017158445
780,test,0,0.01038432
8075,test,0,0.010155292
10072,test,0,0.012159152
3169,test,0,0.5313937
558,test,0,0.009939783
2802,test,0,0.01037826
4751,test,0,0.011647608
4674,test,0,0.028273407
6430,test,0,0.009908327
7959,test,0,0.009317633
5626,test,0,0.33310616
5039,test,0,0.6284961
6294,test,0,0.7389622
4920,test,0,0.011266159
3584,test,0,0.6592498
777,test,0,0.016518004
4724,test,0,0.74350107
5397,test,0,0.14017875
5919,test,0,0.0159446
2325,test,0,0.0159446
5236,test,0,0.7906278
5625,test,0,0.009526332
3829,test,0,0.84952676
6659,test,0,0.019002337
6280,test,0,0.012203332
568,test,0,0.015964102
9633,test,0,0.02653776
6618,test,0,0.009526332
7612,test,0,0.014852816
5127,test,0,0.8429887
216,test,0,0.7003487
8311,test,0,0.014530478
7954,test,0,0.010586834
3977,test,0,0.009526332
5253,test,0,0.0159446
7910,test,0,0.49621218
1976,test,0,0.5343999
36,test,0,0.009908327
7795,test,0,0.012461513
5158,test,0,0.012826485
6360,test,0,0.009526332
1920,test,0,0.009556587
9798,test,0,0.010155292
417,test,0,0.020658797
7147,test,0,0.033235103
4369,test,0,0.020658797
1321,test,0,0.008782031
9966,test,0,0.009908327
4939,test,0,0.009526332
10873,test,0,0.012159152
4227,test,0,0.8115211
5128,test,0,0.020658797
10073,test,0,0.0159446
3731,test,0,0.67723006
5628,test,0,0.01563578
8144,test,0,0.009526332
11077,test,0,0.52321255
6364,test,0,0.01169952
4834,test,0,0.0159446
2784,test,0,0.010155292
9187,test,0,0.82895297
9642,test,0,0.02653776
10965,test,0,0.41319916
8024,test,0,0.010378618
9116,test,0,0.009526332
10098,test,0,0.7712821
4893,test,0,0.016391374
9696,test,0,0.010905598
1062,test,0,0.17192172
10892,test,0,0.020658797
5256,test,0,0.010895193
7615,test,0,0.69774437
8772,test,0,0.020658797
594,test,0,0.020658797
5753,test,0,0.009580325
5388,test,0,0.010246276
1209,test,0,0.009908327
3333,test,0,0.010155292
2073,test,0,0.020658797
1916,test,0,0.009526332
4071,test,0,0.68971264
4068,test,0,0.5546147
9129,test,0,0.011640473
2547,test,0,0.020658797
4999,test,0,0.020658797
46,test,0,0.019079158
3312,test,0,0.014530478
6066,test,0,0.73918366
8949,test,0,0.019272432
954,test,0,0.020658797
6864,test,0,0.02653776
349,test,0,0.017017154
9999,test,0,0.0123464875
10093,test,0,0.5432056
5885,test,0,0.73823714
592,test,0,0.020658797
1215,test,0,0.015656717
3986,test,0,0.01768771
4926,test,0,0.0109297475
1007,test,0,0.009908327
779,test,0,0.017156973
8068,test,0,0.017522046
718,test,0,0.017522046
1458,test,0,0.010137371
3585,test,0,0.017522046
2624,test,0,0.008273746
3818,test,0,0.033711515
1473,test,0,0.4737851
10268,test,0,0.012461513
3873,test,0,0.7959876
5364,test,0,0.0159446
7949,test,0,0.009526332
2323,test,0,0.043293457
8029,test,0,0.7416058
6132,test,0,0.012042967
11076,test,0,0.790316
5870,test,0,0.013164229
9651,test,0,0.49471948
5055,test,0,0.014048798
4065,test,0,0.010278794
8428,test,0,0.0159446
10250,test,0,0.03785415
2339,test,0,0.01563578
6958,test,0,0.25190613
10110,test,0,0.009526332
2175,test,0,0.021812161
1029,test,0,0.009526332
6065,test,0,0.024108995
4464,test,0,0.020658797
3708,test,0,0.020658797
10661,test,0,0.02653776
5752,test,0,0.033711515
1935,test,0,0.010342102
5886,test,0,0.009526332
1210,test,0,0.8421598
8425,test,0,0.59540105
6246,test,0,0.86857474
7140,test,0,0.019002337
8419,test,0,0.009908327
7553,test,0,0.010230648
1925,test,0,0.010640582
8185,test,0,0.020658797
4672,test,0,0.020658797
6814,test,0,0.009651931
11063,test,0,0.009908327
2857,test,0,0.009914437
10106,test,0,0.019079158
3163,test,0,0.009526332
9415,test,0,0.5396204
1944,test,0,0.009526332
2950,test,0,0.020658797
10556,test,0,0.009556587
331,test,0,0.020658797
678,test,0,0.020658797
1633,test,0,0.009526332
6279,test,0,0.020658797
10074,test,0,0.010155292
9021,test,0,0.02051002
2313,test,0,0.0150640085
576,test,0,0.5086232
4963,test,0,0.020658797
9179,test,0,0.69273454
1306,test,0,0.01697875
5726,test,0,0.019455474
205,test,0,0.1963898
2244,test,0,0.008247518
10385,test,0,0.013181895
6614,test,0,0.010187523
8315,test,0,0.009580325
10627,test,0,0.017522046
5020,test,0,0.4333658
3407,test,0,0.014530478
4742,test,0,0.661664
7724,test,0,0.012276924
7901,test,0,0.012810524
9976,test,0,0.81532234
8845,test,0,0.010342102
537,test,0,0.009296561
8998,test,0,0.020658797
4844,test,0,0.71595544
9039,test,0,0.010230648
5246,test,0,0.019333037
8551,test,0,0.012276924
782,test,0,0.020658797
5375,test,0,0.020267384
771,test,0,0.033711515
4079,test,0,0.01285355
1199,test,0,0.6267081
6871,test,0,0.71541923
6425,test,0,0.82788664
6251,test,0,0.020658797
3720,test,0,0.009526332
9014,test,0,0.014530478
5634,test,0,0.2768698
672,test,0,0.45129123
4655,test,0,0.01954463
9702,test,0,0.7593269
6833,test,0,0.012081124
3614,test,0,0.015685132
4836,test,0,0.010897423
6868,test,0,0.020658797
21,test,0,0.8512814
454,test,0,0.0137096755
9698,test,0,0.83280176
5040,test,0,0.0137096755
3985,test,0,0.014893863
8067,test,0,0.013449915
7599,test,0,0.015472028
9040,test,0,0.019144826
5721,test,0,0.013975554
9471,test,0,0.014224291
5393,test,0,0.017440507
438,test,0,0.15914708
3272,test,0,0.27750406
7936,test,0,0.09221605
339,test,0,0.2322854
371,test,0,0.23613806
8421,test,0,0.019579377
9636,test,0,0.019579377
7803,test,0,0.08504657
8966,test,0,0.13127425
164,test,0,0.15723857
8778,test,0,0.08437463
5162,test,0,0.3177098
5926,test,0,0.06634458
5838,test,0,0.14694998
677,test,0,0.24088237
9647,test,0,0.10118469
4294,test,0,0.17279455
5109,test,0,0.1629215
9990,test,0,0.23905614
8028,test,0,0.09070345
3706,test,0,0.020459412
2621,test,0,0.020557795
213,test,0,0.42429632
1170,test,0,0.37179828
10501,test,0,0.22858284
5243,test,0,0.1896311
6137,test,0,0.18943939
4515,test,0,0.24255344
5469,test,0,0.025339555
2231,test,0,0.10034522
10253,test,0,0.03274025
6893,test,0,0.021104632
352,test,0,0.20827833
7644,test,0,0.1219104
6869,test,0,0.24629101
340,test,0,0.3202008
3415,test,0,0.016298976
2066,test,0,0.1454668
2629,test,0,0.23979971
8435,test,0,0.09670954
8219,test,0,0.20977339
7137,test,0,0.15233998
4352,test,0,0.013575681
2070,test,0,0.17491326
6651,test,0,0.10214279
3242,test,0,0.13720319
3274,test,0,0.090521745
9929,test,0,0.12911189
5858,test,0,0.01971141
1224,test,0,0.018678851
1504,test,0,0.014948349
4912,test,0,0.026496775
7937,test,0,0.016826445
3264,test,0,0.016920814
2807,test,0,0.1332617
667,test,0,0.030695282
3313,test,0,0.16124636
590,test,0,0.37601686
2596,test,0,0.3138924
9641,test,0,0.40977696
337,test,0,0.19197457
3952,test,0,0.13669358
9018,test,0,0.021400146
1894,test,0,0.02445226
6253,test,0,0.060819253
6759,test,0,0.013824004
9801,test,0,0.013824004
4070,test,0,0.01323382
5002,test,0,0.012785186
8212,test,0,0.11267412
3301,test,0,0.013422759
3821,test,0,0.073544316
540,test,0,0.23567523
148,test,0,0.26776242
3358,test,0,0.16107139
8173,test,0,0.095750175
3960,test,0,0.025339555
8596,test,0,0.01409569
6758,test,0,0.0821843
1214,test,0,0.021400146
6834,test,0,0.046683494
6760,test,0,0.014443549
4993,test,0,0.35524398
10620,test,0,0.03507974
10101,test,0,0.080988884
3815,test,0,0.019193046
2991,test,0,0.19415146
1979,test,0,0.019193046
6290,test,0,0.2630783
6770,test,0,0.3138042
7784,test,0,0.22190836
3619,test,0,0.019193046
563,test,0,0.2612614
4850,test,0,0.14948954
439,test,0,0.28260547
5640,test,0,0.38121668
2180,test,0,0.019193046
5144,test,0,0.19476269
9988,test,0,0.38470381
3713,test,0,0.019193046
3580,test,0,0.0748099
7305,test,0,0.19851735
3625,test,0,0.25376981
4281,test,0,0.06143171
9201,test,0,0.014896319
3429,test,0,0.009796338
3846,test,0,0.007700207
7844,test,0,0.015057933
5878,test,0,0.14042172
6620,test,0,0.009046924
8603,test,0,0.008933145
547,test,0,0.010536297
4839,test,0,0.009137688
10374,test,0,0.015180834
10631,test,0,0.009192339
552,test,0,0.09970903
719,test,0,0.008905405
5872,test,0,0.010427861
7552,test,0,0.009046924
8953,test,0,0.2062444
7902,test,0,0.03013106
1205,test,0,0.009365628
7306,test,0,0.009137688
7946,test,0,0.009046924
3841,test,0,0.011173477
9927,test,0,0.008933145
7939,test,0,0.13466196
2336,test,0,0.015015446
10889,test,0,0.29657045
4511,test,0,0.012551332
8190,test,0,0.008343851
4230,test,0,0.19554724
9411,test,0,0.2693072
10273,test,0,0.32461894
2514,test,0,0.010214428
3819,test,0,0.009137688
174,test,0,0.008933145
5472,test,0,0.008933145
10388,test,0,0.007700207
968,test,0,0.010598333
4944,test,0,0.0074618435
559,test,0,0.08460194
1972,test,0,0.0097101
5027,test,0,0.009868956
3315,test,0,0.02478288
1911,test,0,0.10786569
1917,test,0,0.008933145
6436,test,0,0.14887159
2825,test,0,0.14602564
4658,test,0,0.17949443
10259,test,0,0.20124577
6396,test,0,0.010164254
9914,test,0,0.010164254
7610,test,0,0.19315669
6756,test,0,0.07722207
4073,test,0,0.010640733
863,test,0,0.0097101
404,test,0,0.014731354
7850,test,0,0.010826964
5846,test,0,0.34649485
10894,test,0,0.009868956
10031,test,0,0.011165415
9462,test,0,0.011162625
1906,test,0,0.013670356
2515,test,0,0.008317403
7654,test,0,0.011717827
3501,test,0,0.008317403
3995,test,0,0.0137214875
414,test,0,0.009843789
5017,test,0,0.0112485
4921,test,0,0.11556404
6285,test,0,0.03125845
9794,test,0,0.03125845
2778,test,0,0.008005876
10580,test,0,0.009137688
8556,test,0,0.22980614
1946,test,0,0.073072396
3176,test,0,0.16546263
7929,test,0,0.009868956
1169,test,0,0.008317403
9789,test,0,0.011378142
6807,test,0,0.056703236
8072,test,0,0.015712202
5856,test,0,0.009562488
995,test,0,0.011541089
5732,test,0,0.008675223
500,test,0,0.10523355
9478,test,0,0.010222188
1638,test,0,0.010222188
1010,test,0,0.009137688
1332,test,0,0.00989682
1462,test,0,0.009156029
3238,test,0,0.2805361
8411,test,0,0.14787231
38,test,0,0.009868956
77,test,0,0.009868956
769,test,0,0.35911188
357,test,0,0.26955608
9196,test,0,0.009137688
2863,test,0,0.009365628
1228,test,0,0.32010105
144,test,0,0.017843874
498,test,0,0.27283633
4933,test,0,0.009365628
2957,test,0,0.019193046
9181,test,0,0.1777847
83,test,0,0.021438187
7296,test,0,0.11365208
2326,test,0,0.08894562
8548,test,0,0.205217
562,test,0,0.0101821115
5925,test,0,0.009700576
9632,test,0,0.09891307
642,test,0,0.036691505
1221,test,0,0.009137688
1201,test,0,0.009006799
5023,test,0,0.2005727
5874,test,0,0.010934377
3246,test,0,0.014747627
3161,test,0,0.20051125
6874,test,0,0.030984897
7604,test,0,0.009137688
3991,test,0,0.007700207
5018,test,0,0.009137688
10115,test,0,0.3046541
11064,test,0,0.19213298
6439,test,0,0.00967308
9511,test,0,0.3001938
4204,test,0,0.026805038
2805,test,0,0.2600721
9499,test,0,0.11957561
220,test,0,0.0153717995
4287,test,0,0.011887406
3587,test,0,0.019193046
3320,test,0,0.11190499
9968,test,0,0.009365628
6788,test,0,0.15315486
10506,test,0,0.014321763
2862,test,0,0.009365628
2185,test,0,0.020557795
9922,test,0,0.008317403
3607,test,0,0.43683895
5229,test,0,0.0969104
1807,test,0,0.009046924
5756,test,0,0.051678862
10376,test,0,0.100146495
8168,test,0,0.009868956
6656,test,0,0.008933145
4213,test,0,0.010657819
6615,test,0,0.022096172
3280,test,0,0.39777052
8550,test,0,0.03260396
151,test,0,0.09380014
658,test,0,0.22355619
1302,test,0,0.009365628
5633,test,0,0.08144915
2237,test,0,0.008933145
9693,test,0,0.22885388
9126,test,0,0.120342396
8313,test,0,0.0981405
2314,test,0,0.09875612
656,test,0,0.009046924
9983,test,0,0.25758794
358,test,0,0.21104217
5462,test,0,0.113667615
2779,test,0,0.009633407
1909,test,0,0.009633407
2954,test,0,0.012536063
8039,test,0,0.57162297
7976,test,0,0.43556944
6644,test,0,0.009633407
5363,test,0,0.5799562
2176,test,0,0.26591274
2831,test,0,0.3440938
5036,test,0,0.009146085
6047,test,0,0.013445645
8162,test,0,0.016655471
3994,test,0,0.021036806
10432,test,0,0.35529274
8206,test,0,0.008659372
4228,test,0,0.22313684
4990,test,0,0.019750414
10575,test,0,0.049932513
10947,test,0,0.39681157
1006,test,0,0.016576745
2331,test,0,0.01566973
1637,test,0,0.009537767
9970,test,0,0.009873588
4909,test,0,0.009873588
10616,test,0,0.009873588
1314,test,0,0.018015897
5637,test,0,0.009873588
5155,test,0,0.36054882
3330,test,0,0.009873588
4354,test,0,0.009417873
3724,test,0,0.016725652
6286,test,0,0.027321767
1203,test,0,0.009537767
9461,test,0,0.010569915
6832,test,0,0.11514046
1174,test,0,0.008118582
7561,test,0,0.009873588
4509,test,0,0.35425428
6423,test,0,0.009873588
10952,test,0,0.009633407
6946,test,0,0.009146085
6410,test,0,0.009873588
8308,test,0,0.14488438
5921,test,0,0.010403929
8960,test,0,0.3487469
470,test,0,0.009633407
7967,test,0,0.009873588
871,test,0,0.56921816
1075,test,0,0.020527342
2181,test,0,0.021795485
5107,test,0,0.010771608
2800,test,0,0.013340177
10573,test,0,0.009633407
1929,test,0,0.3621585
9118,test,0,0.009537767
1635,test,0,0.48512238
47,test,0,0.3694724
6255,test,0,0.016090201
1028,test,0,0.46214885
9797,test,0,0.009873588
949,test,0,0.010732626
6606,test,0,0.009873588
8135,test,0,0.030683536
6945,test,0,0.009633407
950,test,0,0.3885723
1031,test,0,0.042592797
1282,test,0,0.009058953
10619,test,0,0.008796887
4061,test,0,0.009146085
1791,test,0,0.009568058
5294,test,0,0.010403929
5145,test,0,0.5623661
34,test,0,0.011137164
476,test,0,0.2253911
6811,test,0,0.008179542
9479,test,0,0.010345557
7133,test,0,0.019102028
6148,test,0,0.009633407
1025,test,0,0.48906094
1634,test,0,0.009873588
1002,test,0,0.009873588
348,test,0,0.26428506
5731,test,0,0.5372811
4089,test,0,0.5520535
997,test,0,0.009873588
7303,test,0,0.008796887
6049,test,0,0.021127446
6891,test,0,0.03371197
1019,test,0,0.06574878
1172,test,0,0.13767795
1322,test,0,0.010422832
8598,test,0,0.019750414
6949,test,0,0.009904935
8842,test,0,0.009633407
10948,test,0,0.009873588
10622,test,0,0.008529737
4512,test,0,0.008529737
2856,test,0,0.009633407
9200,test,0,0.41672263
2509,test,0,0.011644321
5759,test,0,0.008796887
10566,test,0,0.55430365
4845,test,0,0.009537767
7494,test,0,0.6029075
3578,test,0,0.012603194
7938,test,0,0.36165544
4521,test,0,0.011314634
735,test,0,0.16030458
10393,test,0,0.021127446
781,test,0,0.015394911
3843,test,0,0.66427654
5283,test,0,0.009537767
8955,test,0,0.01123507
555,test,0,0.24826182
5368,test,0,0.08112417
2319,test,0,0.5512858
5922,test,0,0.010015041
3746,test,0,0.31457457
5911,test,0,0.54069346
7725,test,0,0.2759791
162,test,0,0.036331303
4207,test,0,0.58831507
10878,test,0,0.6353372
10076,test,0,0.009663998
5730,test,0,0.6231732
10621,test,0,0.009568058
9026,test,0,0.008474776
1068,test,0,0.009663998
5630,test,0,0.009146085
1941,test,0,0.009633407
2795,test,0,0.010422832
3334,test,0,0.009537767
4210,test,0,0.010286685
1467,test,0,0.17516692
5933,test,0,0.3439379
8559,test,0,0.009633407
4283,test,0,0.009537767
5044,test,0,0.009568058
875,test,0,0.013350946
5386,test,0,0.010403929
166,test,0,0.2366049
1207,test,0,0.008529737
2619,test,0,0.008529737
6753,test,0,0.66483945
5147,test,0,0.009633407
3858,test,0,0.016975654
8026,test,0,0.013298104
2322,test,0,0.15262204
5621,test,0,0.009904935
9188,test,0,0.009537767
5038,test,0,0.009873588
10275,test,0,0.5363484
10069,test,0,0.009568058
714,test,0,0.009873588
7799,test,0,0.08092838
5720,test,0,0.010015041
5644,test,0,0.009537767
6628,test,0,0.009537767
10571,test,0,0.01487055
10567,test,0,0.016975654
4221,test,0,0.21246466
730,test,0,0.024883967
3703,test,0,0.024155902
996,test,0,0.7046529
5884,test,0,0.010433289
5464,test,0,0.010433289
10972,test,0,0.009873588
1937,test,0,0.04371382
10665,test,0,0.20638062
3980,test,0,0.012415165
7314,test,0,0.009633407
9025,test,0,0.8047713
7611,test,0,0.009633407
4832,test,0,0.7135437
7845,test,0,0.27792138
158,test,0,0.031727508
10377,test,0,0.009537767
1023,test,0,0.009633407
9127,test,0,0.010436943
1032,test,0,0.01416729
1211,test,0,0.36416292
9703,test,0,0.009537767
5623,test,0,0.010105062
10128,test,0,0.010105062
4729,test,0,0.008463415
1915,test,0,0.009783982
4225,test,0,0.009633407
3174,test,0,0.009537767
1796,test,0,0.009146085
1283,test,0,0.25339797
9030,test,0,0.010403929
10869,test,0,0.53379816
9697,test,0,0.30025825
146,test,0,0.019750414
7567,test,0,0.015346458
1317,test,0,0.009633407
10114,test,0,0.86097753
4075,test,0,0.009537767
10579,test,0,0.009058953
336,test,0,0.008224289
10381,test,0,0.009873588
5908,test,0,0.016990988
5252,test,0,0.009633407
8956,test,0,0.633064
1289,test,0,0.009873588
8211,test,0,0.5589651
2174,test,0,0.4502691
9706,test,0,0.38764897
581,test,0,0.010732626
7136,test,0,0.15111038
10883,test,0,0.009537767
1640,test,0,0.009621858
2613,test,0,0.64211684
2852,test,0,0.009621858
8042,test,0,0.009633407
1227,test,0,0.009537767
5724,test,0,0.009861754
3747,test,0,0.009621858
2689,test,0,0.009621858
6418,test,0,0.009526332
7556,test,0,0.010391467
966,test,0,0.010391467
8034,test,0,0.027362723
1931,test,0,0.009537767
7620,test,0,0.009633407
5383,test,0,0.651732
3823,test,0,0.011210386
7945,test,0,0.008453257
7713,test,0,0.010015041
5258,test,0,0.31117362
5161,test,0,0.010424441
9974,test,0,0.009526332
4214,test,0,0.010420792
6438,test,0,0.009633407
10380,test,0,0.009904935
1803,test,0,0.009621858
5049,test,0,0.20070831
147,test,0,0.014942129
3866,test,0,0.009621858
3976,test,0,0.010420792
501,test,0,0.2780269
5151,test,0,0.009652413
2792,test,0,0.010943468
10613,test,0,0.009621858
1926,test,0,0.009869771
8030,test,0,0.009633407
1470,test,0,0.008769015
1080,test,0,0.009621858
406,test,0,0.8516036
1027,test,0,0.020372916
2059,test,0,0.009406581
3307,test,0,0.6227027
1973,test,0,0.60767096
9704,test,0,0.010605341
8443,test,0,0.01629773
3988,test,0,0.009621858
1295,test,0,0.14473817
4522,test,0,0.028110279
5291,test,0,0.63344747
7601,test,0,0.60175467
5284,test,0,0.009621858
10558,test,0,0.009621858
1912,test,0,0.008453257
3323,test,0,0.016246483
2600,test,0,0.015780998
5642,test,0,0.010230648
8200,test,0,0.009526332
5631,test,0,0.05092638
3589,test,0,0.77758247
8431,test,0,0.010979635
6397,test,0,0.5866034
580,test,0,0.016246483
7973,test,0,0.010167235
10435,test,0,0.7888271
4931,test,0,0.009652413
5889,test,0,0.73179406
1918,test,0,0.014852816
2951,test,0,0.010333164
3834,test,0,0.010333164
152,test,0,0.70335937
10950,test,0,0.009861754
7675,test,0,0.014963306
6892,test,0,0.010829343
10885,test,0,0.009861754
3709,test,0,0.010865116
2687,test,0,0.009652413
10394,test,0,0.009861754
3348,test,0,0.017438898
6819,test,0,0.014101768
4454,test,0,0.012599267
2499,test,0,0.008365338
7301,test,0,0.011221623
9646,test,0,0.5472754
7971,test,0,0.008453257
1286,test,0,0.023616094
10387,test,0,0.01000304
1291,test,0,0.009526332
3175,test,0,0.7772175
6051,test,0,0.009861754
2628,test,0,0.046837706
466,test,0,0.44094312
3409,test,0,0.22835773
4842,test,0,0.013282221
659,test,0,0.20406137
550,test,0,0.009621858
4840,test,0,0.009861754
22,test,0,0.014963306
8032,test,0,0.009621858
6828,test,0,0.009621858
10081,test,0,0.024213778
3403,test,0,0.4508271
2304,test,0,0.009861754
9443,test,0,0.6679949
4286,test,0,0.009526332
4918,test,0,0.009861754
3743,test,0,0.009526332
9931,test,0,0.018910214
1333,test,0,0.010391467
8852,test,0,0.009861754
1329,test,0,0.009621858
5734,test,0,0.009861754
1073,test,0,0.009861754
5122,test,0,0.5548292
4735,test,0,0.009861754
6883,test,0,0.011235202
1011,test,0,0.011235202
5160,test,0,0.009861754
1785,test,0,0.010567661
5918,test,0,0.030473864
1511,test,0,0.015204527
4992,test,0,0.009621858
6747,test,0,0.009526332
1300,test,0,0.009526332
9971,test,0,0.009861754
10668,test,0,0.6483091
10095,test,0,0.009526332
3996,test,0,0.009526332
5893,test,0,0.009526332
10281,test,0,0.6538404
6411,test,0,0.009861754
664,test,0,0.43678528
5033,test,0,0.024421444
4741,test,0,0.011071628
2639,test,0,0.008786332
9639,test,0,0.2618922
5584,test,0,0.0159446
3842,test,0,0.0159446
6402,test,0,0.009054631
2589,test,0,0.12987165
7569,test,0,0.014260228
3857,test,0,0.0159446
8538,test,0,0.0159446
3430,test,0,0.011159026
10261,test,0,0.3733079
4965,test,0,0.01008423
6835,test,0,0.0159446
10970,test,0,0.008998899
8970,test,0,0.013282221
7560,test,0,0.009621858
5043,test,0,0.008782031
3332,test,0,0.010424441
4953,test,0,0.81718606
9019,test,0,0.016246483
10967,test,0,0.009526332
4000,test,0,0.009794951
5285,test,0,0.009861754
4671,test,0,0.009526332
5910,test,0,0.010391467
1299,test,0,0.0102242865
2813,test,0,0.008758494
7716,test,0,0.010650345
5898,test,0,0.5391419
8951,test,0,0.009526332
9029,test,0,0.009621858
3624,test,0,0.4611084
5249,test,0,0.009861754
7962,test,0,0.009526332
9709,test,0,0.01000304
23,test,0,0.009526332
9119,test,0,0.009526332
3805,test,0,0.010829343
4661,test,0,0.009526332
5019,test,0,0.009526332
5011,test,0,0.028222242
9791,test,0,0.009861754
8542,test,0,0.009772255
472,test,0,0.009556587
7846,test,0,0.010823404
8834,test,0,0.010823404
9420,test,0,0.020324491
4078,test,0,0.010256015
9024,test,0,0.009621858
3432,test,0,0.010829343
1629,test,0,0.012034086
2998,test,0,0.01000304
3177,test,0,0.009526332
2605,test,0,0.70656997
4958,test,0,0.026425462
5259,test,0,0.010391467
2694,test,0,0.009652413
729,test,0,0.009621858
10103,test,0,0.5922076
732,test,0,0.01000304
2789,test,0,0.009526332
1934,test,0,0.00864898
5876,test,0,0.7809713
10371,test,0,0.010391467
7562,test,0,0.009621858
10277,test,0,0.008453257
3852,test,0,0.009556587
2183,test,0,0.62331456
4915,test,0,0.0084801335
10002,test,0,0.0163416
6952,test,0,0.5257879
5907,test,0,0.009526332
4077,test,0,0.018757423
9638,test,0,0.6038055
2602,test,0,0.011375713
10875,test,0,0.009621858
9445,test,0,0.04743852
1297,test,0,0.04743852
1013,test,0,0.0159446
8309,test,0,0.019052088
725,test,0,0.013624103
4913,test,0,0.009621858
3739,test,0,0.009621858
5014,test,0,0.69586235
662,test,0,0.01223116
9034,test,0,0.009621858
4853,test,0,0.009526332
2177,test,0,0.5230516
6135,test,0,0.009652413
2230,test,0,0.01606308
4510,test,0,0.3317794
6799,test,0,0.265752
10905,test,0,0.017438898
6793,test,0,0.71288216
1325,test,0,0.008453257
7139,test,0,0.60527563
8837,test,0,0.020938566
7943,test,0,0.0159446
1307,test,0,0.009526332
958,test,0,0.009406581
3862,test,0,0.009621858
546,test,0,0.009861754
3491,test,0,0.71924824
4668,test,0,0.7118055
5380,test,0,0.008453257
2302,test,0,0.010391467
474,test,0,0.6743907
10633,test,0,0.008953791
10507,test,0,0.0163416
10505,test,0,0.008758494
10272,test,0,0.009526332
10565,test,0,0.2751811
5028,test,0,0.010650345
3401,test,0,0.59313196
10278,test,0,0.009621858
10438,test,0,0.597982
3318,test,0,0.6176341
7956,test,0,0.0074804607
9413,test,0,0.008794114
8413,test,0,0.009526332
6889,test,0,0.30736497
5613,test,0,0.009621858
7718,test,0,0.70172465
3836,test,0,0.009893065
6804,test,0,0.45509472
5154,test,0,0.009652413
10964,test,0,0.36354193
6954,test,0,0.009048087
8418,test,0,0.01210213
5296,test,0,0.28376177
10131,test,0,0.8489241
5935,test,0,0.009621858
1908,test,0,0.011159026
6795,test,0,0.01606308
5618,test,0,0.010333164
3736,test,0,0.43368018
2781,test,0,0.009526332
9425,test,0,0.18398565
5891,test,0,0.018434176
4517,test,0,0.018434176
6146,test,0,0.009621858
4937,test,0,0.010391467
6872,test,0,0.8428024
3263,test,0,0.015704814
3998,test,0,0.009621858
9482,test,0,0.008546585
1079,test,0,0.01340045
1787,test,0,0.7440671
953,test,0,0.01997892
8434,test,0,0.69353384
5470,test,0,0.71217996
9117,test,0,0.009861754
9114,test,0,0.009621858
7968,test,0,0.009526332
363,test,0,0.01008423
10874,test,0,0.42273474
4665,test,0,0.009526332
8069,test,0,0.4478493
5140,test,0,0.7528028
5242,test,0,0.009621858
80,test,0,0.5366756
5226,test,0,0.7084722
541,test,0,0.7431689
1799,test,0,0.009621858
6605,test,0,0.009772255
9695,test,0,0.011514856
4274,test,0,0.32552204
728,test,0,0.06780013
7307,test,0,0.33770683
8782,test,0,0.018910214
5841,test,0,0.5431432
5927,test,0,0.01883394
11070,test,0,0.009621858
2699,test,0,0.56319946
5288,test,0,0.008453257
459,test,0,0.009526332
7972,test,0,0.009048087
5149,test,0,0.027362723
6361,test,0,0.009861754
10562,test,0,0.008953791
1330,test,0,0.036599208
3856,test,0,0.8073509
7721,test,0,0.009526332
665,test,0,0.5975805
2854,test,0,0.78903925
2534,test,0,0.030921375
653,test,0,0.523345
6258,test,0,0.010391467
6608,test,0,0.009621858
961,test,0,0.13262403
5373,test,0,0.009526332
1225,test,0,0.7027547
1923,test,0,0.009652413
3404,test,0,0.009652413
733,test,0,0.009861754
4922,test,0,0.18511882
8781,test,0,0.7897104
1030,test,0,0.009526332
7312,test,0,0.008786332
5035,test,0,0.009048087
8031,test,0,0.016246483
2801,test,0,0.016955456
8543,test,0,0.009621858
4851,test,0,0.01117144
867,test,0,0.008786332
5632,test,0,0.014760603
3173,test,0,0.009526332
3582,test,0,0.009406581
3165,test,0,0.019160418
8558,test,0,0.010391467
2593,test,0,0.034810796
1070,test,0,0.009621858
6407,test,0,0.009526332
2335,test,0,0.7510101
6805,test,0,0.009406581
8198,test,0,0.80011463
5638,test,0,0.4338134
10256,test,0,0.26448968
7639,test,0,0.3626183
3871,test,0,0.009526332
2688,test,0,0.009621858
4908,test,0,0.009670486
2510,test,0,0.6546934
7952,test,0,0.6777676
1643,test,0,0.010650345
2952,test,0,0.042511042
3251,test,0,0.014996832
4291,test,0,0.01008423
5585,test,0,0.71910876
5360,test,0,0.010590605
5929,test,0,0.015866091
1319,test,0,0.009621858
5398,test,0,0.010391467
9965,test,0,0.0127634285
6898,test,0,0.009406581
8839,test,0,0.010078696
5022,test,0,0.009861754
9124,test,0,0.21344016
3992,test,0,0.4307686
6820,test,0,0.853483
7621,test,0,0.78104925
4733,test,0,0.7386928
4831,test,0,0.015235667
7794,test,0,0.8510729
6130,test,0,0.010230648
7977,test,0,0.028222242
4750,test,0,0.17030242
3845,test,0,0.009861754
5401,test,0,0.009526332
4344,test,0,0.8399176
1786,test,0,0.009526332
5877,test,0,0.009048087
10572,test,0,0.009048087
6421,test,0,0.009861754
7796,test,0,0.0159446
10265,test,0,0.013827364
10276,test,0,0.779693
4456,test,0,0.01661152
35,test,0,0.009893065
7143,test,0,0.019988332
2301,test,0,0.009048087
5152,test,0,0.009861754
4360,test,0,0.01008423
9032,test,0,0.106021464
6894,test,0,0.34768975
538,test,0,0.009621858
4856,test,0,0.009621858
9195,test,0,0.009526332
8947,test,0,0.6772168
673,test,0,0.008758494
5163,test,0,0.021140726
4084,test,0,0.009652413
8601,test,0,0.81822294
10870,test,0,0.009621858
9003,test,0,0.7043983
9189,test,0,0.63185596
6062,test,0,0.008453257
3997,test,0,0.009861754
8202,test,0,0.009893065
5387,test,0,0.0098131895
8164,test,0,0.010829343
1273,test,0,0.010391467
8590,test,0,0.80595696
7934,test,0,0.008453257
1219,test,0,0.010590605
1305,test,0,0.010391467
8779,test,0,0.60206586
2591,test,0,0.7681362
7787,test,0,0.009556587
2317,test,0,0.009526332
10634,test,0,0.1678858
5399,test,0,0.011235202
1294,test,0,0.009652413
6053,test,0,0.009621858
7294,test,0,0.010403036
651,test,0,0.009652413
6617,test,0,0.0098131895
6861,test,0,0.016417155
8437,test,0,0.8708293
7607,test,0,0.83343405
2527,test,0,0.016246483
7969,test,0,0.009861754
644,test,0,0.8233095
7940,test,0,0.18883224
5372,test,0,0.009861754
10879,test,0,0.010078696
6781,test,0,0.7828061
9694,test,0,0.0084801335
11072,test,0,0.009526332
10378,test,0,0.010391467
4941,test,0,0.014963306
2630,test,0,0.060845736
7614,test,0,0.009861754
9017,test,0,0.009803284
221,test,0,0.009803284
1512,test,0,0.008786332
10564,test,0,0.009914437
8040,test,0,0.009861754
4736,test,0,0.7874199
8950,test,0,0.010391467
6432,test,0,0.7702534
10372,test,0,0.009621858
6428,test,0,0.0091735525
3344,test,0,0.0091735525
3817,test,0,0.6863702
5900,test,0,0.009621858
1020,test,0,0.010333164
4864,test,0,0.2691898
5906,test,0,0.23858498
5619,test,0,0.011106055
10881,test,0,0.012994386
4857,test,0,0.044030882
8191,test,0,0.010342102
4197,test,0,0.1280872
5895,test,0,0.009861754
6622,test,0,0.43110391
8192,test,0,0.009526332
11074,test,0,0.009526332
8070,test,0,0.009526332
4835,test,0,0.79396015
4846,test,0,0.6733137
1206,test,0,0.009526332
6812,test,0,0.009621858
3496,test,0,0.8607627
10890,test,0,0.8751864
9978,test,0,0.015887802
7727,test,0,0.009652413
8312,test,0,0.009402578
6401,test,0,0.021786438
3414,test,0,0.010098496
5735,test,0,0.008610605
3728,test,0,0.010333164
10112,test,0,0.009076837
962,test,0,0.8251398
2543,test,0,0.016364142
4652,test,0,0.010230648
7723,test,0,0.009048087
9919,test,0,0.022938555
1641,test,0,0.5132902
4660,test,0,0.011071659
8074,test,0,0.010590605
9784,test,0,0.009526332
9028,test,0,0.01711899
2300,test,0,0.011578607
4945,test,0,0.39068416
1171,test,0,0.7594489
5030,test,0,0.009526332
4373,test,0,0.0314451
7619,test,0,0.009893065
6367,test,0,0.009652413
6623,test,0,0.009861754
6625,test,0,0.8319195
4743,test,0,0.8323782
3355,test,0,0.60353464
7299,test,0,0.5744092
10667,test,0,0.009424237
10976,test,0,0.009424237
6750,test,0,0.7513115
10267,test,0,0.8613274
4934,test,0,0.009621858
8422,test,0,0.017497625
9007,test,0,0.020658797
7609,test,0,0.75983316
9037,test,0,0.009621858
3428,test,0,0.610386
10266,test,0,0.8605909
8599,test,0,0.74743515
8547,test,0,0.010333164
471,test,0,0.015258034
5292,test,0,0.027509041
6404,test,0,0.009621858
8847,test,0,0.0110366605
3156,test,0,0.5533331
2615,test,0,0.03155373
10109,test,0,0.009526332
10077,test,0,0.009861754
6414,test,0,0.011146084
10629,test,0,0.010230648
4216,test,0,0.009621858
5029,test,0,0.008453257
6782,test,0,0.03432555
720,test,0,0.038135014
11066,test,0,0.03583051
2816,test,0,0.8336426
10515,test,0,0.009893065
4285,test,0,0.56490695
10100,test,0,0.028273407
11075,test,0,0.012678617
338,test,0,0.012284211
9031,test,0,0.009304244
6613,test,0,0.50941795
1631,test,0,0.0110366605
4466,test,0,0.011377944
6140,test,0,0.0159446
4465,test,0,0.7984252
4290,test,0,0.15911889
6951,test,0,0.7566496
4903,test,0,0.009991242
10026,test,0,0.64933103
6612,test,0,0.6892686
4833,test,0,0.009861754
5255,test,0,0.009621858
4667,test,0,0.009556587
2614,test,0,0.020658797
649,test,0,0.010058506
2796,test,0,0.011190493
6408,test,0,0.57511824
783,test,0,0.011851305
8420,test,0,0.010230648
8785,test,0,0.35292467
8071,test,0,0.0110366605
3612,test,0,0.027935417
3732,test,0,0.00864898
4076,test,0,0.009621858
3844,test,0,0.011691395
1222,test,0,0.0159446
10084,test,0,0.009424237
957,test,0,0.009424237
7941,test,0,0.009332805
8539,test,0,0.0159446
5282,test,0,0.009652413
5146,test,0,0.009365927
143,test,0,0.00824054
2791,test,0,0.006943203
7300,test,0,0.009526332
4551,test,0,0.22152342
7823,test,0,0.81109625
8633,test,0,0.8380087
2254,test,0,0.86760527
2474,test,0,0.28915218
699,test,0,0.09540104
1090,test,1,0.3424208
9560,test,0,0.31170583
4548,test,0,0.5690172
7465,test,0,0.012007357
10164,test,0,0.024015814
7281,test,0,0.02445226
8392,test,0,0.7631971
2216,test,0,0.70373
6908,test,0,0.016246483
7480,test,0,0.009556587
2463,test,0,0.8008821
3938,test,0,0.4162139
1984,test,0,0.7188789
7450,test,0,0.12661825
2087,test,0,0.7995216
6504,test,0,0.77071744
2444,test,0,0.8767855
10775,test,0,0.8504634
6174,test,0,0.68646747
4772,test,0,0.55676943
7729,test,0,0.79206795
5747,test,0,0.20398705
7830,test,0,0.017758343
4582,test,0,0.63552904
8674,test,0,0.16206768
10821,test,0,0.8281483
9435,test,0,0.3495319
7349,test,0,0.7711541
7185,test,0,0.7144981
521,test,0,0.72767496
3635,test,0,0.009908327
8400,test,0,0.028128918
10814,test,1,0.4285159
1039,test,0,0.014294183
11045,test,0,0.6719608
4792,test,0,0.4259923
4812,test,0,0.72026634
4115,test,0,0.879204
6913,test,0,0.62160814
1846,test,0,0.62062407
10311,test,0,0.32185814
3048,test,0,0.7405878
7472,test,0,0.28872758
1142,test,0,0.8094294
4817,test,0,0.85795546
6100,test,0,0.7305954
6482,test,0,0.70597327
8387,test,0,0.7394113
5523,test,0,0.81839055
5312,test,0,0.0111664785
4486,test,0,0.68725854
9428,test,0,0.6061241
6475,test,0,0.8275793
6216,test,0,0.3305469
6385,test,0,0.49054006
10847,test,0,0.75843424
1838,test,0,0.63217276
10720,test,0,0.71928805
2460,test,0,0.28628793
6691,test,0,0.631885
9355,test,0,0.84878254
4416,test,0,0.76213837
9334,test,0,0.807024
9497,test,0,0.018668974
6159,test,0,0.6517709
5136,test,0,0.023462377
2255,test,0,0.66515756
3081,test,0,0.010508787
8818,test,0,0.80174345
3568,test,0,0.50747114
6268,test,0,0.88346475
7543,test,0,0.80871356
6496,test,0,0.21756937
2284,test,0,0.1999535
7452,test,0,0.08856201
8610,test,0,0.11932329
5407,test,0,0.4365382
7462,test,0,0.019193046
1134,test,0,0.019193046
1564,test,0,0.24864942
10229,test,0,0.27720422
10304,test,0,0.18455361
6327,test,0,0.14881827
5826,test,0,0.21575993
3762,test,0,0.019136524
10008,test,0,0.37719193
1837,test,0,0.2343271
3088,test,0,0.3790055
8488,test,0,0.014774284
9257,test,0,0.26440692
8407,test,0,0.6111375
4005,test,0,0.32449588
1689,test,0,0.61247
5829,test,0,0.8576772
7286,test,0,0.24675474
904,test,0,0.027362723
2683,test,0,0.5497461
8814,test,0,0.5118932
8497,test,0,0.26420656
7131,test,0,0.38070253
2924,test,0,0.16278024
1560,test,0,0.6287817
2879,test,0,0.41162694
8237,test,0,0.029878495
6443,test,0,0.6301746
7125,test,0,0.61792105
10210,test,0,0.6334861
7514,test,0,0.7370423
526,test,0,0.5404004
8789,test,0,0.38255912
5418,test,0,0.01661152
737,test,0,0.53805447
743,test,0,0.73922557
1144,test,0,0.72834694
2287,test,0,0.034810796
11044,test,0,0.011834163
8268,test,0,0.01915711
7834,test,0,0.8675335
4478,test,0,0.048983715
1575,test,0,0.7054562
7091,test,0,0.25529295
9340,test,0,0.8002483
324,test,0,0.5470695
519,test,0,0.01724887
8662,test,0,0.71549565
2579,test,0,0.6288294
1748,test,0,0.6560393
3899,test,0,0.7739721
6526,test,0,0.66798055
2077,test,0,0.7591449
2676,test,0,0.76543856
6489,test,0,0.71661603
5685,test,0,0.383998
10347,test,0,0.7477239
4583,test,1,0.42585585
8360,test,0,0.75341153
4868,test,0,0.42667153
10212,test,0,0.7180985
3361,test,0,0.6629226
5533,test,0,0.66099477
6493,test,0,0.014003376
3690,test,0,0.018910214
6016,test,0,0.197339
9252,test,0,0.7496113
5741,test,0,0.035403997
4420,test,0,0.62510574
10230,test,0,0.7788578
6547,test,0,0.8337579
7447,test,0,0.009417873
1123,test,0,0.25015697
10407,test,0,0.0163416
1114,test,0,0.87558377
6328,test,0,0.8028974
9350,test,0,0.14324692
9558,test,0,0.7372795
10007,test,0,0.030425396
7024,test,0,0.020658797
5417,test,0,0.020658797
7547,test,0,0.08514951
491,test,0,0.55777705
946,test,0,0.452333
2450,test,0,0.009603682
9250,test,0,0.019193046
10747,test,0,0.01038432
1880,test,0,0.5652954
2555,test,0,0.7332637
761,test,0,0.25103378
8133,test,0,0.15658885
2208,test,0,0.7962504
9142,test,0,0.5536508
5452,test,0,0.020206407
6332,test,0,0.82111794
804,test,0,0.011266159
4805,test,0,0.8186572
10929,test,0,0.7582191
1552,test,0,0.8364176
9523,test,0,0.018910214
3364,test,0,0.81841993
6932,test,0,0.83974195
2461,test,0,0.77311575
4767,test,0,0.38730484
908,test,0,0.011834163
8661,test,0,0.803988
6630,test,0,0.64468074
1119,test,0,0.7940826
1724,test,0,0.81762135
896,test,0,0.6980794
8254,test,0,0.22681718
1430,test,0,0.036331303
2647,test,0,0.77935797
6012,test,0,0.83667475
1881,test,0,0.71727127
9251,test,0,0.019059572
10343,test,0,0.61193395
4703,test,0,0.61291015
7522,test,0,0.18039706
8116,test,0,0.41981143
529,test,0,0.6505803
766,test,0,0.7981244
9590,test,0,0.59258384
10213,test,0,0.7328261
5091,test,0,0.711429
9774,test,0,0.15967771
1573,test,0,0.5502774
8741,test,0,0.30593497
5455,test,0,0.7412507
6116,test,0,0.62352836
9572,test,0,0.25245544
7234,test,0,0.012496153
6450,test,0,0.01038432
6456,test,0,0.34017435
4524,test,0,0.18577458
5095,test,0,0.6939489
3030,test,0,0.5958835
916,test,0,0.2859405
10827,test,0,0.29110995
6687,test,0,0.011644326
10044,test,0,0.7805927
8806,test,0,0.6600135
3569,test,0,0.66769475
7809,test,0,0.018910214
2198,test,0,0.020658797
3754,test,0,0.012007357
912,test,0,0.5346085
8615,test,0,0.773528
4688,test,0,0.75279444
5449,test,0,0.31991655
8735,test,0,0.034810796
321,test,0,0.5097509
3694,test,0,0.29866832
6172,test,0,0.54331994
10743,test,0,0.009861754
4976,test,0,0.7568037
6541,test,0,0.009046924
1763,test,0,0.6154131
4408,test,0,0.23394017
8895,test,0,0.24425478
10014,test,0,0.6278622
6113,test,0,0.034810796
2710,test,0,0.61489403
7083,test,0,0.61844945
4155,test,0,0.78739375
1879,test,0,0.020658797
890,test,0,0.6250714
4579,test,0,0.44819462
9561,test,0,0.4442194
2210,test,0,0.019750414
7246,test,0,0.024883967
4241,test,0,0.3731161
8896,test,0,0.62353665
5084,test,0,0.89511395
7667,test,0,0.18527094
10154,test,0,0.019203434
9354,test,0,0.012599267
3025,test,0,0.5187194
7231,test,0,0.0159446
9366,test,0,0.018910214
5500,test,0,0.66637766
9578,test,0,0.077099614
8125,test,0,0.7665106
1034,test,0,0.011834163
746,test,0,0.7617769
7068,test,0,0.16646776
3372,test,0,0.023462377
9156,test,0,0.0097008
2277,test,0,0.43967357
3652,test,0,0.6554682
7745,test,0,0.50016737
1133,test,0,0.29597592
420,test,0,0.44297454
10402,test,0,0.79770267
1781,test,0,0.01177639
9269,test,0,0.009526332
8485,test,0,0.44655168
3052,test,0,0.7255146
7084,test,0,0.63257825
8671,test,0,0.124046914
7817,test,0,0.018910214
3940,test,0,0.0120383445
3063,test,0,0.018910214
8659,test,0,0.47921276
2559,test,0,0.8018044
376,test,0,0.028176859
5428,test,0,0.056350224
1559,test,0,0.65392536
4878,test,0,0.5768177
5411,test,0,0.6253164
1425,test,0,0.78025407
7526,test,0,0.016246483
5942,test,0,0.09934426
2948,test,0,0.45570117
7317,test,0,0.010015041
5686,test,0,0.5626262
9576,test,0,0.3508221
9495,test,0,0.018910214
1093,test,0,0.6940253
8914,test,0,0.0159446
3051,test,0,0.4557838
5421,test,0,0.7406473
6168,test,0,0.0159446
3435,test,0,0.017522046
6675,test,0,0.4455559
10805,test,0,0.021400146
936,test,0,0.31006667
7130,test,0,0.019193046
1958,test,0,0.58655465
8620,test,0,0.12683068
6001,test,0,0.5206318
8672,test,0,0.0632665
10812,test,0,0.048983715
1258,test,0,0.62172854
8744,test,0,0.018910214
1102,test,0,0.41758627
897,test,0,0.8161987
6917,test,0,0.8177504
5433,test,0,0.6659428
8129,test,0,0.015976535
2280,test,0,0.026793273
10408,test,0,0.014961674
7529,test,0,0.018910214
9747,test,0,0.018910214
10198,test,0,0.018910214
10144,test,0,0.018910214
2838,test,0,0.8542775
10233,test,0,0.018507201
3449,test,0,0.6719251
5311,test,0,0.44378543
7048,test,0,0.058690317
8663,test,0,0.019193046
8863,test,0,0.35331708
10221,test,0,0.6086054
4160,test,0,0.031946607
69,test,0,0.55279034
8274,test,0,0.52695155
10928,test,0,0.034670662
1680,test,0,0.018910214
3696,test,0,0.8229725
8463,test,0,0.8180091
2583,test,0,0.019760372
10930,test,0,0.008411562
3920,test,0,0.12368988
10006,test,0,0.6073165
5748,test,0,0.028273407
8399,test,0,0.008453257
2566,test,0,0.8071125
4119,test,0,0.5422929
10458,test,0,0.47403368
10777,test,0,0.16338962
9519,test,0,0.009650222
9553,test,0,0.058599196
2396,test,0,0.019193046
3934,test,0,0.4532113
8635,test,0,0.027863508
6163,test,0,0.56064284
1842,test,0,0.0159446
6924,test,0,0.77514654
3942,test,0,0.68594074
5831,test,0,0.018910214
4405,test,0,0.034810796
7385,test,0,0.5518439
2221,test,0,0.0138254585
1259,test,0,0.56533015
2076,test,0,0.58173895
6120,test,0,0.019676268
5738,test,0,0.009526332
6521,test,0,0.60777915
4243,test,0,0.0159446
3434,test,0,0.35858655
4866,test,0,0.018910214
6276,test,0,0.4822469
8115,test,0,0.76675636
8474,test,0,0.41037154
10196,test,0,0.017017154
4807,test,0,0.2166239
10925,test,0,0.10796216
494,test,0,0.28506443
2204,test,0,0.019750414
9587,test,0,0.4491357
1759,test,0,0.42602164
8730,test,0,0.018910214
2459,test,0,0.021428129
9557,test,0,0.018910214
2557,test,0,0.018910214
9743,test,0,0.018910214
4449,test,0,0.008011258
3752,test,0,0.018910214
4399,test,0,0.018910214
2928,test,0,0.8037109
7527,test,0,0.7582602
10223,test,0,0.014294183
10828,test,0,0.008453257
2085,test,0,0.026991028
5524,test,0,0.64276314
8729,test,0,0.7312948
8511,test,0,0.8557748
6371,test,0,0.49792793
3891,test,0,0.015553341
8271,test,0,0.02051002
5504,test,0,0.019193046
1131,test,0,0.008933145
2572,test,0,0.0126351835
10997,test,0,0.19791894
6092,test,0,0.027362723
478,test,0,0.011691395
7249,test,0,0.5293125
7022,test,0,0.5657876
6372,test,0,0.79474396
4003,test,0,0.013282221
6549,test,0,0.008453257
2279,test,0,0.6847406
2939,test,0,0.6601353
7448,test,0,0.018910214
3105,test,0,0.4934925
6918,test,0,0.048983715
4781,test,0,0.014446773
4774,test,0,0.15451771
8366,test,0,0.05183866
9370,test,0,0.8277933
4477,test,0,0.53815496
5946,test,0,0.11772039
4240,test,0,0.79132
3931,test,0,0.46410027
6334,test,0,0.32128286
7595,test,0,0.010391467
4867,test,0,0.5537749
8359,test,0,0.7281085
5527,test,0,0.67248917
6546,test,0,0.4048499
8481,test,0,0.52450633
518,test,0,0.80205697
8476,test,0,0.76443523
10758,test,0,0.8065779
10830,test,0,0.009526332
4545,test,0,0.018910214
6126,test,0,0.018910214
8510,test,0,0.025795778
10226,test,0,0.008453257
4865,test,0,0.017814273
1437,test,0,0.8008846
7053,test,0,0.6944806
3508,test,0,0.023462377
3442,test,0,0.6485527
6931,test,0,0.009078965
7233,test,0,0.4883532
3915,test,0,0.014321763
8509,test,0,0.048258986
7668,test,0,0.015602758
10605,test,0,0.085766636
5530,test,0,0.011314634
10748,test,0,0.010599528
10156,test,0,0.20874962
9763,test,0,0.009633407
1684,test,0,0.27137455
6197,test,0,0.5887279
5098,test,0,0.15139857
1562,test,0,0.018053703
2458,test,0,0.016246483
9489,test,0,0.034810796
706,test,0,0.034810796
8742,test,0,0.72759616
7076,test,0,0.7451904
6929,test,0,0.29872292
6343,test,0,0.544323
3439,test,0,0.8454458
7085,test,0,0.028273407
10395,test,0,0.009303251
3697,test,0,0.63698846
2655,test,0,0.034810796
5075,test,0,0.012644782
3911,test,0,0.009303251
7101,test,0,0.8590399
8361,test,0,0.85104674
3910,test,0,0.018910214
1256,test,1,0.81505865
1455,test,0,0.77747905
6386,test,0,0.721216
298,test,0,0.56616086
9779,test,0,0.01894275
768,test,0,0.021871472
4481,test,0,0.0159446
311,test,0,0.011834163
5134,test,0,0.7497184
10834,test,0,0.0159446
1135,test,0,0.6015783
10606,test,0,0.77299976
3939,test,0,0.85063624
6177,test,0,0.009526332
3022,test,0,0.13751966
6676,test,0,0.018598204
2944,test,0,0.011834163
3058,test,0,0.6815917
6567,test,0,0.8066536
6550,test,0,0.80224437
10169,test,0,0.009580325
8395,test,0,0.028273407
6488,test,0,0.8480013
753,test,0,0.059854463
7464,test,0,0.12476567
4980,test,0,0.030984897
4888,test,0,0.0126351835
7049,test,0,0.03380517
10318,test,0,0.015180834
4485,test,0,0.28031418
4825,test,0,0.009537767
3890,test,0,0.397356
10397,test,0,0.036331303
10016,test,0,0.6355443
3104,test,0,0.6452184
10945,test,0,0.01883394
6524,test,0,0.19248696
7531,test,0,0.25132477
5948,test,0,0.009621858
1567,test,0,0.03784484
60,test,0,0.011733819
1436,test,0,0.008758494
2646,test,0,0.018910214
3687,test,0,0.64786744
6562,test,0,0.009861754
4440,test,0,0.033935007
2709,test,0,0.009406581
7023,test,0,0.017438898
6636,test,0,0.60580945
10225,test,0,0.49751887
10596,test,0,0.61911523
2395,test,0,0.7305466
8857,test,0,0.74136436
2393,test,0,0.83300114
9555,test,0,0.017303225
7232,test,0,0.35101253
5497,test,0,0.13022636
7064,test,0,0.01265004
5318,test,0,0.7477755
7460,test,0,0.60701215
3510,test,0,0.008011258
2554,test,0,0.018910214
10050,test,0,0.018910214
8638,test,0,0.018910214
70,test,0,0.027947586
1058,test,0,0.016955456
1956,test,0,0.018910214
6180,test,0,0.018099738
2281,test,0,0.017343186
9346,test,0,0.011834163
2084,test,0,0.009610751
2228,test,0,0.75605726
8639,test,0,0.76719433
2930,test,0,0.011834163
4163,test,0,0.011151357
4986,test,0,0.009610751
10810,test,0,0.012644782
3023,test,0,0.77591604
10400,test,0,0.016784145
7031,test,0,0.6381468
9577,test,0,0.45385316
8117,test,0,0.012500302
10201,test,0,0.016657697
8810,test,0,0.009610751
52,test,0,0.014053991
9342,test,0,0.47666413
10590,test,0,0.32445654
3893,test,0,0.8793142
10042,test,0,0.8011473
9273,test,0,0.011834163
790,test,0,0.7366646
6498,test,0,0.015685132
7488,test,0,0.014449821
2226,test,0,0.120357364
6005,test,0,0.1953916
5087,test,0,0.15395658
9567,test,0,0.019193046
760,test,0,0.015014733
738,test,0,0.3532297
6544,test,0,0.3895818
1736,test,0,0.61955315
1832,test,0,0.35711256
10470,test,0,0.2679821
7229,test,0,0.7540867
7477,test,0,0.1688767
3897,test,0,0.018910214
8856,test,0,0.628727
8665,test,0,0.12738977
51,test,0,0.008758494
3086,test,0,0.044941045
8860,test,0,0.486237
4156,test,0,0.3978783
6215,test,0,0.009526332
3627,test,0,0.009621858
7657,test,0,0.4870406
9491,test,0,0.81323415
3445,test,0,0.019385101
1260,test,0,0.008453257
10755,test,0,0.04044601
9570,test,0,0.02115893
5093,test,0,0.5994848
703,test,0,0.7854972
7343,test,0,0.0120383445
9265,test,0,0.06860434
9554,test,0,0.018910214
8251,test,0,0.4891847
901,test,0,0.09350201
884,test,0,0.025061602
7826,test,0,0.009303251
8099,test,0,0.74285966
1094,test,0,0.009526332
3637,test,0,0.0097008
7069,test,0,0.28618813
8504,test,0,0.018910214
10770,test,0,0.7079732
3941,test,0,0.8267385
1147,test,0,0.010230648
8464,test,0,0.018099738
5305,test,0,0.02372042
1777,test,0,0.6517141
2218,test,0,0.01038432
5681,test,0,0.019059572
5422,test,0,0.38946474
6219,test,0,0.45419976
6106,test,0,0.70050883
5102,test,0,0.5458555
3638,test,0,0.38137263
1051,test,0,0.42044014
8478,test,0,0.43777767
1765,test,0,0.8178335
3895,test,0,0.018910214
7476,test,0,0.864525
1536,test,0,0.43040505
10013,test,0,0.018910214
4707,test,0,0.02713268
9436,test,0,0.8015103
4983,test,0,0.7383919
4694,test,0,0.6224081
932,test,0,0.02067658
4763,test,0,0.7560588
3096,test,0,0.71377754
895,test,0,0.1866841
4010,test,0,0.34773463
9271,test,0,0.0120383445
877,test,0,0.057662096
3567,test,0,0.02737452
6448,test,0,0.66601616
7100,test,0,0.70413345
10193,test,0,0.018910214
4231,test,0,0.4313483
2285,test,0,0.016069856
2679,test,0,0.7519294
1738,test,0,0.7947118
705,test,0,0.014530478
5943,test,0,0.01790748
4161,test,0,0.015685132
5090,test,0,0.37211317
5068,test,0,0.0074148453
9147,test,0,0.76403624
9140,test,0,0.7416274
4820,test,0,0.35503548
6468,test,0,0.5868545
1267,test,0,0.6423494
4601,test,0,0.7016114
919,test,0,0.23989138
6688,test,0,0.8467541
1782,test,0,0.014294183
9758,test,0,0.48726562
5941,test,0,0.1970892
6906,test,0,0.7689898
3440,test,0,0.88537997
10308,test,0,0.8958319
9379,test,0,0.013695454
4689,test,0,0.37353468
8484,test,0,0.030425396
2219,test,0,0.8733196
10843,test,0,0.7655418
6936,test,0,0.32866597
5442,test,0,0.7332781
8907,test,0,0.5190332
10825,test,0,0.6987135
4129,test,0,0.60638297
4439,test,0,0.2835607
10157,test,0,0.03274025
5408,test,0,0.21879959
6497,test,0,0.15273647
4883,test,0,0.019193046
1423,test,0,0.019193046
8466,test,0,0.009365628
8100,test,0,0.008317403
303,test,0,0.33278865
11054,test,0,0.42357174
6015,test,0,0.008317403
10166,test,0,0.008317403
2833,test,0,0.08101566
9363,test,0,0.15721188
4880,test,0,0.013422759
7072,test,0,0.02419183
10228,test,0,0.16241467
9276,test,0,0.018638453
3645,test,0,0.11390481
922,test,0,0.009137688
5315,test,0,0.008769015
876,test,0,0.019750414
5420,test,0,0.472369
2199,test,0,0.17773756
7593,test,0,0.46533567
1569,test,0,0.7067235
1571,test,0,0.0102242865
5426,test,0,0.5844746
7026,test,0,0.6943158
7123,test,0,0.011375713
4598,test,0,0.8339621
744,test,0,0.018910214
5057,test,0,0.7285943
7812,test,0,0.75669336
751,test,0,0.7339145
4764,test,0,0.44166905
530,test,0,0.018910214
5088,test,0,0.57769877
1994,test,0,0.47075218
1553,test,0,0.7233366
7392,test,0,0.010116239
1446,test,0,0.008786332
2845,test,0,0.5263174
6384,test,0,0.047354277
8911,test,0,0.03610849
6093,test,0,0.6878764
1041,test,0,0.36259678
488,test,0,0.27387795
7288,test,0,0.58047533
6275,test,0,0.018910214
2846,test,0,0.028823718
7041,test,0,0.801663
10159,test,0,0.018910214
6672,test,0,0.45269507
9574,test,0,0.7533402
1445,test,0,0.017814273
9524,test,0,0.6999474
7831,test,0,0.7234392
9378,test,0,0.009526332
1551,test,0,0.008453257
4121,test,0,0.30761722
1056,test,0,0.41115052
6153,test,0,0.018598204
10216,test,0,0.8304842
9527,test,0,0.78402233
5313,test,0,0.018515503
4686,test,0,0.83122873
6632,test,0,0.016670143
4421,test,0,0.7538715
3059,test,0,0.41296223
9744,test,0,0.01563578
6195,test,0,0.01038432
1097,test,0,0.017522046
1681,test,0,0.6187851
6161,test,0,0.8314261
482,test,0,0.010342102
2759,test,0,0.84114164
10780,test,0,0.61800426
2768,test,0,0.010155292
7241,test,0,0.5066146
7193,test,0,0.011364767
10607,test,0,0.011364767
8256,test,0,0.16712338
915,test,0,0.011106055
7244,test,0,0.014023787
6212,test,0,0.010927583
6491,test,0,0.010155292
10215,test,0,0.79998565
4479,test,0,0.8056512
1156,test,0,0.710619
5817,test,0,0.29559034
1985,test,0,0.1396751
5443,test,0,0.0101821115
1986,test,0,0.19266921
8468,test,0,0.6779338
3572,test,0,0.009873588
933,test,0,0.43364987
3029,test,0,0.624094
6523,test,0,0.008453257
4803,test,0,0.009526332
7520,test,0,0.025975514
1533,test,0,0.62346447
4782,test,0,0.036645327
8255,test,0,0.23916873
2556,test,0,0.008343851
10399,test,0,0.5699405
10297,test,0,0.61370265
3921,test,0,0.015937936
8788,test,0,0.75050074
9563,test,0,0.014140038
1154,test,0,0.5449364
5938,test,0,0.82447606
5415,test,0,0.016069856
7325,test,0,0.77912897
3074,test,0,0.026991028
7446,test,0,0.050566103
2773,test,0,0.020792468
3691,test,0,0.24234165
9488,test,0,0.06627216
4407,test,0,0.013575681
2478,test,0,0.24339893
9247,test,0,0.030984897
9525,test,0,0.019193046
4244,test,0,0.10197171
9515,test,0,0.009740933
2586,test,0,0.011578923
941,test,0,0.014385927
7050,test,0,0.011818226
7492,test,0,0.06103819
6382,test,0,0.09053438
9520,test,0,0.010598333
8104,test,0,0.0101821115
3914,test,0,0.032598924
7467,test,0,0.07878589
4109,test,0,0.2565662
799,test,0,0.22959976
9345,test,0,0.008343851
380,test,0,0.18973689
2713,test,0,0.11165381
10820,test,0,0.015180834
2202,test,0,0.18895172
1130,test,0,0.017586734
6338,test,0,0.017725378
2207,test,0,0.177629
9390,test,0,0.72881496
7453,test,0,0.12626141
5677,test,0,0.019750414
1679,test,0,0.6851474
523,test,0,0.60638356
5447,test,0,0.59206194
8391,test,0,0.2823029
7816,test,0,0.4233173
1677,test,0,0.019750414
3095,test,0,0.55137134
6209,test,0,0.554057
8472,test,0,0.024883967
5821,test,0,0.0102242865
2878,test,0,0.6260954
3045,test,0,0.009526332
11055,test,0,0.009526332
9749,test,0,0.53878844
3753,test,0,0.018910214
5105,test,0,0.008786332
1542,test,0,0.015058265
8482,test,0,0.5157775
299,test,0,0.009861754
10724,test,0,0.011105688
5066,test,0,0.46973318
2229,test,0,0.57727635
8905,test,0,0.009861754
1059,test,0,0.027362723
7181,test,0,0.7402548
10937,test,0,0.009526332
9581,test,0,0.013164966
9591,test,0,0.58765614
6528,test,0,0.32153547
6013,test,0,0.7836216
6460,test,0,0.027362723
8812,test,0,0.35392493
8105,test,0,0.04417832
2849,test,0,0.2291945
11042,test,0,0.009861754
6167,test,0,0.014936214
3565,test,0,0.008978264
2551,test,0,0.80573183
2665,test,0,0.8169566
6118,test,0,0.018910214
5956,test,0,0.009621858
2834,test,0,0.01724887
6471,test,0,0.011311429
7088,test,0,0.02115893
3764,test,0,0.4244308
7194,test,0,0.79549104
745,test,0,0.01851347
2880,test,0,0.010829343
2187,test,0,0.03918924
1874,test,0,0.034810796
7470,test,0,0.007985856
7813,test,0,0.61664635
8124,test,0,0.69695646
4092,test,0,0.008011258
6545,test,0,0.5836471
7384,test,0,0.008011258
5356,test,0,0.012034086
7449,test,0,0.017303225
6125,test,0,0.018910214
3695,test,0,0.018910214
10341,test,0,0.018910214
5405,test,0,0.009580325
3065,test,0,0.015864862
6509,test,0,0.011364767
1111,test,0,0.8447696
10829,test,0,0.3965632
5410,test,0,0.00825973
4776,test,0,0.009526332
7478,test,0,0.015660217
10593,test,0,0.82009256
8356,test,0,0.4486185
2192,test,0,0.008247518
4093,test,0,0.010288592
7747,test,0,0.28443068
7815,test,0,0.10195285
8629,test,0,0.8479308
1055,test,0,0.76004076
8408,test,0,0.80242157
1687,test,0,0.024015814
1572,test,0,0.7719825
4590,test,0,0.009908327
4875,test,0,0.011151357
5951,test,0,0.03317385
6671,test,0,0.3570889
4532,test,0,0.021817558
10737,test,0,0.66342884
4884,test,0,0.02914778
3761,test,0,0.86446166
8816,test,0,0.4827145
3759,test,0,0.010288592
9742,test,0,0.020658797
7104,test,0,0.017522046
10404,test,0,0.8109446
5947,test,0,0.7411116
3031,test,0,0.0159446
5138,test,0,0.8610364
7383,test,0,0.033711515
3689,test,0,0.6559639
10849,test,0,0.5005497
10235,test,0,0.52501726
5080,test,0,0.012276924
8745,test,0,0.80099535
9740,test,0,0.67691785
3922,test,0,0.017156973
4881,test,0,0.43986827
11013,test,0,0.7021428
7332,test,0,0.79717994
7065,test,0,0.02653776
10298,test,0,0.4483468
3027,test,0,0.013975554
2286,test,0,0.01724887
10168,test,0,0.01851347
5940,test,0,0.018610515
5451,test,0,0.020658797
6695,test,0,0.009092595
9556,test,0,0.8716184
7051,test,0,0.0110366605
2196,test,0,0.020658797
6453,test,0,0.80106044
1774,test,0,0.007985856
5493,test,0,0.01486999
4473,test,0,0.8551912
8865,test,0,0.009353177
5818,test,0,0.007985856
4232,test,0,0.00825973
7528,test,0,0.17710456
3925,test,0,0.010058506
6485,test,0,0.018610515
6127,test,0,0.020658797
8114,test,0,0.009297874
5517,test,0,0.008465956
4484,test,0,0.13398246
9776,test,0,0.011364767
3649,test,0,0.011364767
2477,test,0,0.009594787
2190,test,0,0.020658797
6207,test,0,0.766683
3760,test,0,0.76196635
4525,test,0,0.020658797
8101,test,0,0.020658797
1952,test,0,0.020658797
5303,test,0,0.020658797
6514,test,0,0.7609352
5510,test,0,0.8056871
6095,test,0,0.012034086
3369,test,0,0.020658797
2850,test,0,0.32696676
8792,test,0,0.7460063
9365,test,0,0.82136726
6494,test,0,0.030369606
2259,test,0,0.023593476
7833,test,0,0.014530478
6337,test,0,0.54160374
4471,test,0,0.009526332
6501,test,0,0.20975335
1159,test,0,0.5534757
1546,test,0,0.7586826
1421,test,0,0.017758343
58,test,0,0.018910214
9490,test,0,0.74465436
8636,test,0,0.028273407
10832,test,0,0.028273407
10046,test,0,0.011182105
9148,test,0,0.5004256
9145,test,0,0.011266159
4102,test,0,0.020658797
4128,test,0,0.011166563
6194,test,0,0.009526332
7750,test,0,0.22515425
1095,test,0,0.19833691
9151,test,0,0.0159446
5668,test,0,0.80559784
10839,test,0,0.6820764
8682,test,0,0.25897002
3892,test,0,0.010640582
8660,test,0,0.020024883
10603,test,0,0.020024883
7535,test,0,0.7280438
2462,test,0,0.020658797
4164,test,0,0.024015814
6444,test,0,0.009526332
7455,test,0,0.014530478
8628,test,0,0.022552608
10150,test,0,0.017017154
4556,test,0,0.014795428
5505,test,0,0.020658797
2251,test,0,0.020658797
3092,test,0,0.7736403
8681,test,0,0.020658797
5528,test,0,0.7343066
2447,test,0,0.020658797
3894,test,0,0.015407797
10609,test,0,0.7332009
4022,test,0,0.5499454
6533,test,0,0.02051002
9327,test,0,0.009939783
2468,test,0,0.10266236
7128,test,0,0.030880878
3109,test,0,0.030880878
4418,test,0,0.26062077
10153,test,0,0.25788984
4543,test,0,0.016298976
3064,test,0,0.18318799
6272,test,0,0.18073304
10854,test,0,0.023128554
5419,test,0,0.34726933
3507,test,0,0.2055416
1683,test,0,0.019193046
2716,test,0,0.31372795
3362,test,0,0.019193046
7052,test,0,0.030984897
10840,test,0,0.19064914
7103,test,0,0.1735699
6217,test,0,0.25461712
7032,test,0,0.008933145
8495,test,0,0.056413252
1441,test,0,0.008317403
3919,test,0,0.008317403
7513,test,0,0.110944524
5676,test,0,0.0101821115
5439,test,0,0.18634504
7097,test,0,0.014560818
4535,test,0,0.30319977
4009,test,0,0.1568966
8462,test,0,0.009046924
2708,test,0,0.070394814
6210,test,0,0.015180834
1544,test,0,0.22830552
5999,test,0,0.04360246
6926,test,0,0.021400146
6681,test,0,0.021400146
10732,test,0,0.009537767
1729,test,0,0.011460464
4448,test,0,0.036331303
8916,test,0,0.024517147
6350,test,0,0.45150226
5431,test,0,0.0348436
5104,test,0,0.013871931
4578,test,0,0.41867986
1885,test,0,0.054463297
3693,test,0,0.019750414
10148,test,0,0.26238105
1447,test,0,0.6726561
6564,test,0,0.009633407
5094,test,0,0.021127446
480,test,0,0.26560622
8791,test,0,0.5659557
9750,test,0,0.011535769
4554,test,0,0.559313
4441,test,0,0.50394815
1561,test,0,0.018910214
4002,test,0,0.009537767
4021,test,0,0.72953385
4533,test,0,0.070571594
3062,test,0,0.7466625
10756,test,0,0.021496417
5939,test,0,0.016246483
2668,test,0,0.009621858
3916,test,0,0.01008423
1744,test,0,0.009861754
10602,test,0,0.68048793
7523,test,0,0.74336594
7077,test,0,0.65406716
3561,test,0,0.012034086
6091,test,0,0.37082496
6554,test,0,0.7282811
2475,test,0,0.6270321
8677,test,0,0.34388018
6228,test,0,0.009621858
7542,test,0,0.0147176925
6187,test,0,0.715062
1754,test,0,0.010897135
1557,test,0,0.4654809
2670,test,0,0.7739661
8727,test,0,0.014996832
6469,test,0,0.27997723
2946,test,0,0.10150502
11061,test,0,0.009861754
48,test,0,0.7250291
3111,test,0,0.011159026
2004,test,0,0.009621858
9387,test,0,0.011375713
6522,test,0,0.46518323
7821,test,0,0.7182168
5516,test,0,0.77527523
2456,test,0,0.7093096
3373,test,0,0.01899235
7080,test,0,0.6367361
8619,test,0,0.017604126
7045,test,0,0.009084531
11046,test,0,0.016793583
1773,test,0,0.008453257
10944,test,0,0.009621858
11010,test,0,0.67217124
10922,test,0,0.010065887
516,test,0,0.8269764
2552,test,0,0.015887802
2847,test,0,0.84921134
9358,test,0,0.61553085
6474,test,0,0.008453257
2256,test,0,0.6348514
3036,test,0,0.010743552
10608,test,0,0.013236112
6629,test,0,0.013164229
7090,test,0,0.69818896
1543,test,0,0.009092595
10476,test,0,0.00825973
479,test,0,0.7796393
7336,test,0,0.016188998
62,test,0,0.77175695
2661,test,0,0.04747868
2765,test,0,0.009556587
6198,test,0,0.7085913
8110,test,0,0.025061602
9583,test,0,0.008465956
3943,test,0,0.010230648
8627,test,0,0.008577267
524,test,0,0.01808776
6223,test,0,0.5644419
5494,test,0,0.018910214
9326,test,0,0.009526332
3047,test,0,0.45785487
10746,test,0,0.009526332
6019,test,0,0.018550653
6505,test,0,0.008011258
7245,test,0,0.009652413
7814,test,0,0.020658797
10725,test,0,0.00825973
3576,test,0,0.00825973
4447,test,0,0.018910214
1953,test,0,0.008011258
2760,test,0,0.010176803
909,test,0,0.009712457
7338,test,0,0.009861754
10597,test,0,0.83589387
4677,test,0,0.81110793
5674,test,0,0.5379407
6354,test,0,0.024793738
5069,test,0,0.48955002
925,test,0,0.0077665495
7473,test,0,0.55900055
2656,test,0,0.70424163
6461,test,0,0.00825973
3636,test,0,0.009526332
1775,test,0,0.009092595
1989,test,0,0.22598
6265,test,0,0.012007357
7530,test,0,0.2126819
4246,test,0,0.8669085
6678,test,0,0.015145794
7326,test,0,0.010905598
5321,test,0,0.6389713
8397,test,0,0.7484767
9360,test,0,0.23889463
6519,test,0,0.0133139305
6916,test,0,0.010155292
8238,test,0,0.028273407
4800,test,0,0.37352863
6480,test,0,0.020873059
5519,test,0,0.012203332
9371,test,0,0.6480356
1995,test,0,0.009908327
7482,test,0,0.010155292
67,test,0,0.6432223
1732,test,0,0.010155292
786,test,0,0.7054323
1747,test,0,0.59456
6532,test,0,0.010342102
1760,test,0,0.7335554
6189,test,0,0.010155292
1272,test,0,0.659481
2220,test,0,0.85744673
10222,test,0,0.010155292
3443,test,0,0.011857008
10208,test,0,0.016394341
7578,test,0,0.8572441
2723,test,0,0.7804536
2081,test,0,0.7036338
6457,test,0,0.011857008
7486,test,0,0.6632937
6922,test,0,0.009556587
7484,test,0,0.017578572
7247,test,0,0.010155292
6170,test,0,0.009526332
8898,test,0,0.36549345
1826,test,0,0.5208044
7666,test,0,0.015535915
6199,test,0,0.010155292
8739,test,0,0.014530478
1840,test,0,0.009526332
10316,test,0,0.4226187
3091,test,0,0.010187523
6529,test,0,0.009908327
9513,test,0,0.018910214
1261,test,0,0.010715466
7663,test,0,0.5159348
8829,test,0,0.62106496
7461,test,0,0.018910214
10586,test,0,0.009526332
792,test,0,0.010155292
1053,test,0,0.02737452
802,test,0,0.64977103
9333,test,0,0.6306868
3360,test,0,0.020658797
1770,test,0,0.012203332
10778,test,0,0.009526332
3898,test,0,0.011364767
5683,test,0,0.020658797
2758,test,0,0.011266159
2080,test,0,0.02914778
11060,test,0,0.56958115
6558,test,0,0.010342102
2947,test,0,0.009304244
5304,test,0,0.83296657
6176,test,0,0.16019937
10466,test,0,0.010155292
5502,test,0,0.014530478
7320,test,0,0.015342115
307,test,0,0.8268629
4765,test,0,0.03548961
6481,test,0,0.009908327
5531,test,0,0.2336349
4547,test,0,0.80460036
7516,test,0,0.010288592
1548,test,0,0.0159446
880,test,0,0.70245224
1731,test,0,0.2330995
50,test,0,0.009610751
7039,test,0,0.02653776
3946,test,0,0.88309467
1725,test,0,0.6283774
7089,test,0,0.017522046
6261,test,0,0.87287456
3097,test,0,0.009526332
910,test,0,0.72212595
6008,test,0,0.023462377
6218,test,0,0.010475549
8248,test,0,0.81469136
7575,test,0,0.63424224
1429,test,0,0.020658797
5520,test,0,0.010688185
7671,test,0,0.019002337
316,test,0,0.7411582
7353,test,0,0.010342102
3101,test,0,0.2605825
4111,test,0,0.65985894
2685,test,0,0.81499743
5092,test,0,0.0159446
7352,test,0,0.010708589
2933,test,0,0.018631529
5670,test,0,0.230106
7515,test,0,0.18503965
4684,test,0,0.31732082
2194,test,0,0.22201392
3509,test,0,0.14147048
8605,test,0,0.028739683
4091,test,0,0.13908327
3069,test,0,0.32420632
749,test,0,0.34515476
1884,test,0,0.24785246
9566,test,0,0.20488779
2648,test,0,0.025339555
8120,test,0,0.23386587
10045,test,0,0.025339555
2563,test,0,0.07999328
9259,test,0,0.022096941
10816,test,0,0.30214918
7659,test,0,0.34913695
10409,test,0,0.1041101
5825,test,0,0.1849693
7829,test,0,0.18097565
944,test,0,0.046188205
3375,test,0,0.019193046
327,test,0,0.019193046
7660,test,0,0.3318787
2203,test,0,0.019193046
1418,test,0,0.008933145
4235,test,0,0.12915777
1103,test,0,0.008675223
5444,test,0,0.03422852
6375,test,0,0.009365628
10211,test,0,0.0137214875
10171,test,0,0.22468606
7519,test,0,0.014731354
9335,test,0,0.19989853
2394,test,0,0.012641628
5830,test,0,0.20918237
4103,test,0,0.011162625
10218,test,0,0.00827064
61,test,0,0.09925203
6270,test,0,0.008933145
1435,test,0,0.28486884
4879,test,0,0.1085643
6637,test,0,0.008317403
3646,test,0,0.26334116
8367,test,0,0.0137214875
5816,test,0,0.009650222
2641,test,0,0.008933145
2186,test,0,0.008317403
49,test,0,0.019193046
5076,test,0,0.009046924
5317,test,0,0.3031935
6006,test,0,0.077687606
2215,test,0,0.019193046
1743,test,0,0.009046924
6449,test,0,0.009365628
2565,test,0,0.030984897
2721,test,0,0.009464858
1539,test,0,0.009365628
879,test,0,0.0097101
3906,test,0,0.011056231
9493,test,0,0.12976858
2770,test,0,0.60234565
2935,test,0,0.18887258
1037,test,0,0.009633407
2558,test,0,0.008769015
6226,test,0,0.009537767
6557,test,0,0.010403929
7479,test,0,0.5028621
6227,test,0,0.23075335
4815,test,0,0.39297524
6101,test,0,0.009146085
10935,test,0,0.012741757
2261,test,0,0.29702637
4690,test,0,0.009633407
5071,test,0,0.009633407
5414,test,0,0.009417873
6165,test,0,0.009146085
6515,test,0,0.008769015
913,test,0,0.15369609
6353,test,0,0.17180404
4816,test,0,0.009633407
4476,test,0,0.43350562
2649,test,0,0.3916395
7335,test,0,0.020854237
7536,test,0,0.020854237
8861,test,0,0.026939152
5949,test,0,0.009633407
6162,test,0,0.010403929
6326,test,0,0.016791055
5081,test,0,0.009663998
10398,test,0,0.019750414
11049,test,0,0.009926333
10301,test,0,0.011488113
2756,test,0,0.4461121
8252,test,0,0.19181924
9343,test,0,0.009873588
9344,test,0,0.010742579
8458,test,0,0.42829105
2000,test,0,0.11023302
6679,test,0,0.012233552
4242,test,0,0.010604519
3078,test,0,0.009633407
4446,test,0,0.56186
7242,test,0,0.009537767
1741,test,0,0.040714867
8732,test,0,0.63229156
8626,test,0,0.5461151
1558,test,0,0.048707448
6510,test,0,0.6264319
5085,test,0,0.013164966
6473,test,0,0.028222242
704,test,0,0.76687646
9585,test,0,0.0105718
11062,test,0,0.83317345
319,test,0,0.3841566
7324,test,0,0.07503533
1750,test,0,0.009526332
11059,test,0,0.008709272
7749,test,0,0.66025156
3643,test,0,0.009526332
798,test,0,0.009621858
10718,test,0,0.5960399
2927,test,0,0.26137173
4791,test,0,0.009621858
6517,test,0,0.5587282
7672,test,0,0.644511
1990,test,0,0.016124018
914,test,0,0.009861754
7655,test,0,0.01629773
10598,test,0,0.01629773
7127,test,0,0.519013
2252,test,0,0.014996832
10822,test,0,0.009861754
5106,test,0,0.009526332
9261,test,0,0.009526332
8240,test,0,0.009351065
9272,test,0,0.24598771
1767,test,0,0.010424441
10053,test,0,0.3759979
1087,test,0,0.5713597
4116,test,0,0.009526332
7121,test,0,0.78244233
5074,test,0,0.009526332
9262,test,0,0.72001004
1254,test,0,0.010420792
4482,test,0,0.009526332
4702,test,0,0.62243277
5320,test,0,0.0962085
1443,test,0,0.50198066
6928,test,0,0.009526332
4778,test,0,0.76564115
10015,test,0,0.62403196
7836,test,0,0.017438898
6264,test,0,0.008758494
1876,test,0,0.046837706
7463,test,0,0.017438898
1737,test,0,0.009861754
8358,test,0,0.12539898
9782,test,0,0.5890393
6551,test,0,0.55742604
4539,test,0,0.23705596
9738,test,0,0.07456987
5100,test,0,0.024421444
4101,test,0,0.7184414
2660,test,0,0.009406581
7594,test,0,0.009526332
8280,test,0,0.641067
531,test,0,0.8013723
2657,test,0,0.018674696
2224,test,0,0.019743519
7190,test,0,0.6681385
2569,test,0,0.014056052
1828,test,0,0.009526332
2448,test,0,0.697212
2941,test,0,0.009621858
11043,test,0,0.010391467
1248,test,0,0.4807385
6347,test,0,0.43457085
9133,test,0,0.009621858
1107,test,0,0.009621858
5509,test,0,0.018910214
2678,test,0,0.016124018
9761,test,0,0.045191072
3098,test,0,0.009621858
7393,test,0,0.30495107
10844,test,0,0.6443999
9270,test,0,0.009526332
7250,test,0,0.21828453
7739,test,0,0.0170089
6911,test,0,0.009861754
7485,test,0,0.57289743
8793,test,0,0.018025415
1161,test,0,0.010777631
4410,test,0,0.010777631
2582,test,0,0.49981266
4793,test,0,0.010333164
5349,test,0,0.009526332
3945,test,0,0.75497717
6483,test,0,0.80219465
1045,test,0,0.031492006
6344,test,0,0.45507362
2248,test,0,0.012972011
4693,test,0,0.012114496
6370,test,0,0.8189331
740,test,0,0.73849005
4403,test,0,0.027509041
9769,test,0,0.009526332
791,test,0,0.009621858
5306,test,0,0.016898522
9279,test,0,0.70385617
4696,test,0,0.7695708
4972,test,0,0.75353664
5513,test,0,0.009621858
4797,test,0,0.009526332
1115,test,0,0.023593476
1993,test,0,0.011311429
924,test,0,0.009861754
10599,test,0,0.009861754
935,test,0,0.009621858
10589,test,0,0.0152100045
5512,test,0,0.018573387
6376,test,0,0.009048087
8269,test,0,0.010333164
10946,test,0,0.010342102
6512,test,0,0.20595703
8473,test,0,0.8759085
8389,test,0,0.010013136
6445,test,0,0.78379357
7534,test,0,0.80242354
2775,test,0,0.3851874
6669,test,0,0.029160678
10833,test,0,0.009526332
10241,test,0,0.6461267
9369,test,0,0.010829343
10012,test,0,0.009332805
6380,test,0,0.38844004
6683,test,0,0.010342102
382,test,0,0.6816459
3103,test,0,0.010379406
490,test,0,0.009861754
6023,test,0,0.04747868
5749,test,0,0.01602638
2386,test,0,0.31983113
878,test,0,0.46115765
8465,test,0,0.009861754
2769,test,0,0.7914553
6914,test,0,0.009506254
10923,test,0,0.6656352
6178,test,0,0.85667825
917,test,0,0.6928377
3642,test,0,0.008492873
4526,test,0,0.6733754
2449,test,0,0.008011258
9134,test,0,0.009092595
8394,test,0,0.41041112
8404,test,0,0.008453257
9386,test,0,0.009526332
7824,test,0,0.8084513
2258,test,0,0.01684542
2654,test,0,0.009332805
10804,test,0,0.058953404
6124,test,0,0.7908877
9777,test,0,0.012644782
6513,test,0,0.78570324
3937,test,0,0.76119363
885,test,0,0.007985856
10238,test,0,0.010342102
1112,test,0,0.009078965
304,test,0,0.7992866
7334,test,0,0.008453257
7592,test,0,0.8172135
7228,test,0,0.0110366605
3367,test,0,0.8668088
6938,test,0,0.51661396
3084,test,0,0.3860272
10753,test,0,0.015300613
1038,test,0,0.011106055
1249,test,0,0.0124003235
10807,test,0,0.009652413
3041,test,0,0.1977558
8813,test,0,0.39839676
1036,test,0,0.009652413
2772,test,0,0.613616
9783,test,0,0.5502854
3628,test,0,0.009621858
6014,test,0,0.00897501
1092,test,0,0.008679957
6339,test,0,0.021681437
3757,test,0,0.020658797
1998,test,0,0.008453257
5352,test,0,0.00825973
8470,test,0,0.009861754
7490,test,0,0.016955456
2675,test,0,0.008453257
2193,test,0,0.79050565
10773,test,0,0.009506254
3684,test,0,0.020658797
11058,test,0,0.017443964
7098,test,0,0.008465956
3926,test,0,0.013067223
6452,test,0,0.00825973
6004,test,0,0.01265004
1117,test,0,0.008465956
4808,test,0,0.59796786
6096,test,0,0.008465956
9389,test,0,0.008465956
5744,test,0,0.023593476
938,test,0,0.023593476
1088,test,0,0.00825973
4542,test,0,0.019305794
8807,test,0,0.013164229
10823,test,0,0.3510762
8409,test,0,0.008465956
9569,test,0,0.0077665495
702,test,0,0.020658797
6214,test,0,0.009526332
5064,test,0,0.010230648
4698,test,0,0.009556587
4105,test,0,0.7416899
11006,test,0,0.7885027
10771,test,0,0.013694025
4469,test,0,0.008465956
7351,test,0,0.009083973
8493,test,0,0.011851305
8811,test,0,0.009621858
4821,test,0,0.009861754
4591,test,0,0.7931823
6506,test,0,0.6290562
7346,test,0,0.008453257
8245,test,0,0.00825973
3564,test,0,0.21545438
6670,test,0,0.010176803
9589,test,0,0.8154032
9139,test,0,0.009365927
9331,test,0,0.008841357
1757,test,0,0.010237502
430,test,0,0.008285997
9383,test,0,0.009526332
3936,test,0,0.014852816
8279,test,0,0.19587047
423,test,0,0.009556587
484,test,0,0.018971242
493,test,0,0.008492873
2645,test,0,0.018910214
5492,test,0,0.008011258
5099,test,0,0.0110366605
1257,test,0,0.06665985
8239,test,0,0.008154953
7819,test,0,0.020658797
931,test,0,0.010230648
10232,test,0,0.008141315
6465,test,0,0.009476157
3927,test,0,0.008453257
9766,test,0,0.017074615
6117,test,0,0.008871242
6331,test,0,0.009526332
1565,test,0,0.00825973
4581,test,0,0.00825973
1568,test,0,0.018910214
6530,test,0,0.009887415
3644,test,0,0.01698879
1742,test,0,0.6533431
11004,test,0,0.67747664
4123,test,0,0.010342102
5083,test,0,0.010634218
4822,test,0,0.009526332
11014,test,0,0.010745493
4588,test,0,0.011091051
4238,test,0,0.010342102
6105,test,0,0.00825973
7661,test,0,0.03433087
1678,test,0,0.30360925
2934,test,0,0.00825973
6351,test,0,0.00864898
8460,test,0,0.008910997
4443,test,0,0.6077437
7283,test,0,0.13648964
10236,test,0,0.011106055
6335,test,0,0.009526332
1540,test,0,0.010649079
797,test,0,0.00825973
1417,test,0,0.026203359
6321,test,0,0.34069186
1728,test,0,0.008045649
789,test,0,0.04797039
10472,test,0,0.009526332
3574,test,0,0.008871242
4097,test,0,0.010176803
806,test,0,0.009861754
10011,test,0,0.5171918
8794,test,0,0.014823165
803,test,0,0.008492873
5688,test,0,0.2728372
8494,test,0,0.020658797
1873,test,0,0.015937936
4786,test,0,0.009303313
894,test,0,0.020658797
10588,test,0,0.30718663
7588,test,0,0.009526332
2227,test,0,0.16889544
5067,test,0,0.010155292
4806,test,0,0.009526332
10733,test,0,0.7035702
6667,test,0,0.0077665495
2283,test,0,0.85628957
6202,test,0,0.009526332
9755,test,0,0.71161586
9568,test,0,0.009939783
930,test,0,0.008453257
10337,test,0,0.8344362
7538,test,0,0.027077993
6682,test,0,0.010745493
2659,test,0,0.010745493
1050,test,0,0.011166563
8258,test,0,0.008871242
434,test,0,0.6324714
10591,test,0,0.75022876
5073,test,0,0.008453257
8270,test,0,0.016164903
8467,test,0,0.009704879
512,test,0,0.010576979
4585,test,0,0.009908327
1251,test,0,0.011647608
6935,test,0,0.010155292
4104,test,0,0.010230648
5089,test,0,0.009526332
4697,test,0,0.009526332
1158,test,0,0.5516785
8912,test,0,0.009526332
10931,test,0,0.5421855
1151,test,0,0.018708553
10219,test,0,0.013624103
7445,test,0,0.418499
927,test,0,0.009939783
1961,test,0,0.45031533
6181,test,0,0.012644782
7331,test,0,0.008871242
5062,test,0,0.008453257
6635,test,0,0.009528905
7240,test,0,0.009908327
7237,test,0,0.009317633
928,test,0,0.010640582
10601,test,0,0.7088639
903,test,0,0.009556587
2762,test,0,0.010155292
4589,test,0,0.49704802
4809,test,0,0.011834163
6157,test,0,0.008453257
3639,test,0,0.010155292
8867,test,0,0.011151357
8915,test,0,0.7103003
8909,test,0,0.009092595
10741,test,0,0.009526332
6352,test,0,0.0159446
5135,test,0,0.46721312
53,test,0,0.12097221
4162,test,0,0.013164229
8276,test,0,0.009712457
2936,test,0,0.01000304
4599,test,0,0.009908327
3026,test,0,0.75335664
6154,test,0,0.016955456
4759,test,0,0.61361873
6520,test,0,0.6498341
1084,test,0,0.009526332
6186,test,0,0.009939783
4770,test,0,0.27192584
9132,test,0,0.009559169
3055,test,0,0.0159446
10345,test,0,0.36165348
5059,test,0,0.009526332
7525,test,0,0.031946607
2673,test,0,0.010342102
10147,test,0,0.7477755
4523,test,0,0.46912983
764,test,0,0.025838442
4110,test,0,0.009317633
1891,test,0,0.009704879
4004,test,0,0.011318561
10723,test,0,0.009908327
1882,test,0,0.018910214
4239,test,0,0.0159446
3930,test,0,0.0159446
317,test,0,0.009526332
10940,test,0,0.6811638
8386,test,0,0.09497632
1046,test,0,0.009526332
2943,test,0,0.011400794
9330,test,0,0.010155292
3929,test,0,0.010155292
906,test,0,0.009914437
8901,test,0,0.71630025
3562,test,0,0.009526332
7099,test,0,0.010155292
3935,test,0,0.011400794
5952,test,0,0.009908327
6909,test,0,0.013719415
8097,test,0,0.010288592
6566,test,0,0.010906848
6487,test,0,0.009908327
10401,test,0,0.62899745
10765,test,0,0.011364767
7360,test,0,0.6301453
4592,test,0,0.6548934
5445,test,0,0.009908327
4796,test,0,0.009939783
2667,test,0,0.009526332
2840,test,0,0.06438419
8275,test,0,0.7540292
4236,test,0,0.009556587
9149,test,0,0.8071898
6179,test,0,0.009556587
4874,test,0,0.020658797
5737,test,0,0.009939783
7333,test,0,0.73956764
4769,test,0,0.0084251985
1761,test,0,0.010155292
7540,test,0,0.012007357
1836,test,0,0.009908327
2653,test,0,0.18124045
6525,test,0,0.00864898
3924,test,0,0.011834163
9154,test,0,0.011364767
4114,test,0,0.010640582
2926,test,0,0.547181
6464,test,0,0.010155292
8913,test,0,0.009526332
3083,test,0,0.018573387
2469,test,0,0.020658797
4795,test,0,0.009908327
3629,test,0,0.009556587
1252,test,0,0.009908327
9260,test,0,0.009347232
5434,test,0,0.011364767
3436,test,0,0.014294183
4555,test,0,0.71985805
10036,test,0,0.020658797
2720,test,0,0.020658797
9131,test,0,0.7800828
9361,test,0,0.01038432
6690,test,0,0.027362723
9263,test,0,0.015660217
10938,test,0,0.010155292
1105,test,0,0.009526332
11057,test,0,0.011364767
7487,test,0,0.010155292
4451,test,0,0.029301677
4977,test,0,0.0499828
2705,test,0,0.86538273
2253,test,0,0.020658797
3085,test,0,0.010155292
9137,test,0,0.011364767
8613,test,0,0.020658797
10592,test,0,0.010230648
6527,test,0,0.008453257
315,test,0,0.009526332
10757,test,0,0.009526332
1270,test,0,0.011364767
421,test,0,0.009908327
2949,test,0,0.010342102
4701,test,0,0.009908327
4785,test,0,0.83057785
7330,test,0,0.009651931
10850,test,0,0.022395601
10585,test,0,0.72940826
6442,test,0,0.011834163
10736,test,0,0.7576003
4829,test,0,0.012977824
8664,test,0,0.009580325
3640,test,0,0.010342102
7743,test,0,0.009526332
10463,test,0,0.011364767
4540,test,0,0.017814273
7827,test,0,0.016181793
8503,test,0,0.020658797
3928,test,0,0.010155292
6455,test,0,0.015105821
9339,test,0,0.009908327
10465,test,0,0.8078701
8897,test,0,0.009908327
2387,test,0,0.014530478
10317,test,0,0.799851
4828,test,0,0.009526332
1734,test,0,0.010187523
9268,test,0,0.009939783
1749,test,0,0.010230648
7728,test,0,0.32156366
757,test,0,0.020658797
787,test,0,0.009317633
3024,test,0,0.009908327
6169,test,0,0.0159446
8388,test,0,0.009556587
4988,test,0,0.017168162
7182,test,0,0.019002337
1951,test,0,0.56819886
4766,test,0,0.009304244
9146,test,0,0.009078965
10237,test,0,0.010342102
7094,test,0,0.008451986
7348,test,0,0.009526332
8827,test,0,0.008453257
4527,test,0,0.69426167
2717,test,0,0.020658797
1132,test,0,0.012883794
1143,test,0,0.012883794
7736,test,0,0.011647608
4445,test,0,0.020658797
4008,test,0,0.009908327
9765,test,0,0.0159446
1265,test,0,0.5808056
5354,test,0,0.009559169
4024,test,0,0.009526332
2682,test,0,0.011555165
424,test,0,0.010155292
10220,test,0,0.009908327
300,test,0,0.009526332
2260,test,0,0.012883794
4695,test,0,0.012883794
1101,test,0,0.010155292
5751,test,0,0.009526332
2832,test,0,0.47016928
486,test,0,0.015058265
929,test,0,0.009556587
7590,test,0,0.010342102
3698,test,0,0.80913854
8267,test,0,0.011364767
6213,test,0,0.010586834
5096,test,0,0.011712025
2763,test,0,0.008453257
1831,test,0,0.46829262
6921,test,0,0.009908327
296,test,0,0.2574407
6185,test,0,0.010187523
5065,test,0,0.010640582
6330,test,0,0.6252003
7070,test,0,0.01038432
10314,test,0,0.53483236
1752,test,0,0.0084801335
7810,test,0,0.020658797
899,test,0,0.66836303
9377,test,0,0.010174354
3633,test,0,0.011647608
6379,test,0,0.009078965
6930,test,0,0.010921101
6561,test,0,0.011364767
2931,test,0,0.29466733
9138,test,0,0.010155292
10745,test,0,0.0128612835
1100,test,0,0.009908327
11053,test,0,0.009908327
6109,test,0,0.020433903
5526,test,0,0.008453257
1886,test,0,0.014530478
2002,test,0,0.009908327
4006,test,0,0.009526332
8505,test,0,0.63640064
7347,test,0,0.48871332
6206,test,0,0.009939783
6378,test,0,0.009908327
1127,test,0,0.014530478
10809,test,0,0.010105139
1730,test,0,0.009317633
9737,test,0,0.8643154
755,test,0,0.44313323
4593,test,0,0.010155292
10852,test,0,0.014290985
306,test,0,0.009317633
6221,test,0,0.010155292
1109,test,0,0.010155292
309,test,0,0.009939783
4536,test,0,0.009939783
8405,test,0,0.020433903
3654,test,0,0.013196561
481,test,0,0.009908327
7235,test,0,0.010342102
483,test,0,0.010155292
1139,test,0,0.7937412
1988,test,0,0.009908327
10941,test,0,0.008453257
9391,test,0,0.010640582
10738,test,0,0.020658797
2664,test,0,0.020658797
5673,test,0,0.009908327
10405,test,0,0.014530478
7596,test,0,0.4641709
4682,test,0,0.7681348
6151,test,0,0.6204347
6022,test,0,0.02220728
9781,test,0,0.010155292
2567,test,0,0.009704879
5101,test,0,0.009704879
7073,test,0,0.27063498
8121,test,0,0.7054299
6320,test,0,0.010155292
10197,test,0,0.64695424
1439,test,0,0.46027058
7195,test,0,0.014530478
4885,test,0,0.7382219
7388,test,0,0.015258241
7354,test,0,0.010187523
4761,test,0,0.020024883
6003,test,0,0.49562156
4112,test,0,0.026991028
4982,test,0,0.02541911
3573,test,0,0.011569142
3653,test,0,0.014294183
1835,test,0,0.6787634
7483,test,0,0.74991167
7589,test,0,0.010640582
4771,test,0,0.012826485
2389,test,0,0.6069706
495,test,0,0.655262
4974,test,0,0.7483025
6508,test,0,0.63303953
8236,test,0,0.015381886
5437,test,0,0.009526332
6563,test,0,0.009526332
10462,test,0,0.009908327
10845,test,0,0.014290985
1149,test,0,0.011647608
10315,test,0,0.59005326
4987,test,0,0.40960696
4683,test,0,0.009908327
7081,test,0,0.86293036
8906,test,0,0.009908327
9351,test,0,0.38630682
8272,test,0,0.6113752
10761,test,0,0.009526332
1992,test,0,0.010155292
9150,test,0,0.014852816
3038,test,0,0.009556587
9362,test,0,0.02220728
8243,test,0,0.009556587
4029,test,0,0.013196561
10729,test,0,0.0147366775
801,test,0,0.010155292
7584,test,0,0.009526332
6336,test,0,0.0159446
7046,test,0,0.01637933
9434,test,0,0.02305299
1106,test,0,0.010155292
3034,test,0,0.008453257
1691,test,0,0.15250474
2848,test,0,0.763481
5955,test,0,0.5577919
2644,test,0,0.5323532
3948,test,0,0.010155292
8833,test,0,0.84307057
1755,test,0,0.6967373
9778,test,0,0.5711738
2835,test,0,0.61620265
8512,test,0,0.016038476
4681,test,0,0.009908327
1104,test,0,0.020658797
1554,test,0,0.009908327
8264,test,0,0.5972639
425,test,0,0.42269632
5061,test,0,0.008459338
5435,test,0,0.7501404
8401,test,0,0.011834163
1160,test,0,0.008453257
5827,test,0,0.011364767
10926,test,0,0.011364767
5750,test,0,0.011364767
3446,test,0,0.78256524
900,test,0,0.010640582
6536,test,0,0.009908327
3685,test,0,0.014530478
7042,test,0,0.724739
6156,test,0,0.01037492
923,test,0,0.01894275
4811,test,0,0.5737625
5310,test,0,0.6060176
7571,test,0,0.2589894
2771,test,0,0.009078965
9253,test,0,0.020658797
7122,test,0,0.020658797
8406,test,0,0.009078965
1727,test,0,0.009526332
4442,test,0,0.82008225
10146,test,0,0.69947326
5348,test,0,0.010475549
5490,test,0,0.020658797
701,test,0,0.020658797
10759,test,0,0.010155292
11048,test,0,0.011647608
891,test,0,0.020658797
2001,test,0,0.009766508
3075,test,0,0.020658797
9246,test,0,0.010288592
6175,test,0,0.011364767
3057,test,0,0.020658797
2089,test,0,0.020658797
2391,test,0,0.76131827
9518,test,0,0.010288592
6098,test,0,0.010475549
295,test,0,0.017522046
5532,test,0,0.020658797
7517,test,0,0.012956982
4152,test,0,0.020658797
7238,test,0,0.18189369
1137,test,0,0.18189369
4098,test,0,0.016391374
7585,test,0,0.23095101
6638,test,0,0.013164229
7475,test,0,0.78349704
5679,test,0,0.020658797
7489,test,0,0.014446773
8471,test,0,0.010155292
10309,test,0,0.009526332
9384,test,0,0.010187523
8819,test,0,0.68488884
10312,test,0,0.009908327
5522,test,0,0.011728396
4706,test,0,0.013253729
8900,test,0,0.010478382
1768,test,0,0.010475549
4020,test,0,0.60298693
759,test,0,0.027947586
921,test,0,0.017522046
6458,test,0,0.010895193
1089,test,0,0.82893586
9579,test,0,0.0159446
5347,test,0,0.009431843
4015,test,0,0.0159446
10848,test,0,0.009908327
4444,test,0,0.43964344
8802,test,0,0.016784145
1753,test,0,0.6779094
6377,test,0,0.6062383
2188,test,0,0.7453922
8480,test,0,0.020658797
1833,test,0,0.0211139
10158,test,0,0.008480318
4108,test,0,0.017522046
10815,test,0,0.85063624
3688,test,0,0.020658797
7731,test,0,0.010764827
3368,test,0,0.48573294
2937,test,0,0.043293457
4402,test,0,0.2639126
6531,test,0,0.8485453
3067,test,0,0.013824808
7025,test,0,0.0431056
6694,test,0,0.72053033
1739,test,0,0.0159446
10749,test,0,0.009526332
8508,test,0,0.026256647
8683,test,0,0.8276144
3909,test,0,0.030769292
5820,test,0,0.016355963
3947,test,0,0.014048798
2868,test,0,0.020658797
7732,test,0,0.5235002
10595,test,0,0.82130677
9762,test,0,0.68022
10224,test,0,0.009526332
8103,test,0,0.020658797
4436,test,0,0.7591092
8670,test,0,0.020658797
4790,test,0,0.013085101
4819,test,0,0.008453257
2652,test,0,0.020658797
3950,test,0,0.73419476
8825,test,0,0.009078965
7835,test,0,0.54358
8403,test,0,0.009526332
3650,test,0,0.010155292
7029,test,0,0.009610751
3908,test,0,0.02220728
6097,test,0,0.4555196
10744,test,0,0.009939783
2932,test,0,0.008453257
3070,test,0,0.020658797
2650,test,0,0.020658797
6685,test,0,0.012042967
9382,test,0,0.6913305
6919,test,0,0.74060225
1442,test,0,0.033711515
7548,test,0,0.020658797
10846,test,0,0.5836909
3035,test,0,0.6350078
2577,test,0,0.020658797
9258,test,0,0.0159446
7184,test,0,0.020658797
10803,test,0,0.017522046
10842,test,0,0.023844182
3901,test,0,0.023844182
10838,test,0,0.011106055
8795,test,0,0.63507175
4016,test,0,0.15232189
2839,test,0,0.020658797
9277,test,0,0.009908327
2578,test,0,0.020024883
7822,test,0,0.017017154
6543,test,0,0.009556587
2672,test,0,0.011834163
1049,test,0,0.012276924
10943,test,0,0.81922376
2707,test,0,0.02220728
8622,test,0,0.014053991
8363,test,0,0.010417271
7188,test,0,0.020658797
2249,test,0,0.024015814
3094,test,0,0.010187523
5082,test,0,0.775892
5058,test,0,0.0159446
1772,test,0,0.0159446
9388,test,0,0.009526332
5137,test,0,0.020658797
7730,test,0,0.010278794
2472,test,0,0.020658797
3444,test,0,0.012042967
2677,test,0,0.008782031
2580,test,0,0.49360943
8123,test,0,0.020658797
7572,test,0,0.67954516
5525,test,0,0.78484464
1839,test,0,0.5506428
9364,test,0,0.020658797
2841,test,0,0.8009554
5743,test,0,0.014446773
5937,test,0,0.5985073
7591,test,0,0.010897423
756,test,0,0.020658797
1125,test,0,0.36429095
889,test,0,0.7605045
6345,test,0,0.009908327
6537,test,0,0.66905534
2651,test,0,0.020658797
1966,test,0,0.020658797
7669,test,0,0.020658797
754,test,0,0.020658797
7357,test,0,0.0159446
1954,test,0,0.014530478
7340,test,0,0.014048798
7587,test,0,0.121027976
6666,test,0,0.02051002
1153,test,0,0.0159446
6503,test,0,0.030925117
4678,test,0,0.45952365
7481,test,0,0.015324607
6383,test,0,0.012407583
9772,test,0,0.030985156
1124,test,0,0.6014281
1035,test,0,0.028854474
432,test,0,0.022454275
5529,test,0,0.014581893
10835,test,0,0.6147668
10300,test,0,0.028401773
5954,test,0,0.031061292
5499,test,0,0.013873757
8902,test,0,0.20949037
3066,test,0,0.013209165
7832,test,0,0.42297795
5496,test,0,0.23083676
2464,test,0,0.06220732
6499,test,0,0.23111634
7028,test,0,0.1968677
2473,test,0,0.0969104
8260,test,0,0.021400146
11005,test,0,0.026343094
788,test,0,0.020557795
4415,test,0,0.09807005
8107,test,0,0.11733075
795,test,0,0.020557795
7386,test,0,0.010214636
11011,test,0,0.03198154
3106,test,0,0.22440656
10170,test,0,0.062107082
5129,test,0,0.24608856
4475,test,0,0.100298114
10999,test,0,0.14196695
308,test,0,0.021652378
712,test,0,0.022538548
6200,test,0,0.10065663
1140,test,0,0.10065663
7741,test,0,0.030880878
3888,test,0,0.112310186
9433,test,0,0.058167882
7071,test,0,0.08437463
1448,test,0,0.016298976
2564,test,0,0.06384539
10772,test,0,0.16661024
3365,test,0,0.06782872
6017,test,0,0.10840296
9528,test,0,0.069378875
2211,test,0,0.11664779
893,test,0,0.17138804
5457,test,0,0.025339555
6466,test,0,0.021400146
10200,test,0,0.021400146
6266,test,0,0.032311775
1128,test,0,0.011280105
4691,test,0,0.011280105
10043,test,0,0.03274025
6160,test,0,0.14833757
8257,test,0,0.016920814
10478,test,0,0.031844094
805,test,0,0.12474694
8479,test,0,0.016826445
1048,test,0,0.11909993
426,test,0,0.3069389
3017,test,0,0.26044145
4775,test,0,0.018265894
8801,test,0,0.013254067
6907,test,0,0.07141575
7047,test,0,0.24415764
7658,test,0,0.022530157
10214,test,0,0.17256959
8487,test,0,0.078463495
8355,test,0,0.014321763
5427,test,0,0.014321763
384,test,0,0.19651179
4094,test,0,0.16892771
381,test,0,0.014321763
7389,test,0,0.02934153
8244,test,0,0.013422759
9512,test,0,0.013422759
1889,test,0,0.13426156
5828,test,0,0.2444326
4027,test,0,0.22586587
2088,test,0,0.019193046
2078,test,0,0.19651923
7186,test,0,0.115323626
7189,test,0,0.019193046
902,test,0,0.013680402
5819,test,0,0.019193046
5507,test,0,0.019193046
11003,test,0,0.2094972
10005,test,0,0.5206573
4553,test,0,0.17210443
513,test,0,0.15820782
1887,test,0,0.009650222
8864,test,0,0.13798515
9571,test,0,0.19232677
6348,test,0,0.007700207
8854,test,0,0.008933145
10764,test,0,0.14430626
767,test,0,0.0106090335
2003,test,0,0.009137688
1547,test,0,0.009365628
10826,test,0,0.009046924
2451,test,0,0.008933145
5070,test,0,0.008342624
796,test,0,0.009046924
3447,test,0,0.009137688
4107,test,0,0.009137688
5515,test,0,0.013566201
6355,test,0,0.010058183
2704,test,0,0.008933145
8398,test,0,0.16067603
6099,test,0,0.009046924
1268,test,0,0.014731354
7290,test,0,0.0576718
9249,test,0,0.013686878
8673,test,0,0.01306504
4011,test,0,0.33380553
4779,test,0,0.010214428
520,test,0,0.009740933
5430,test,0,0.013764881
6196,test,0,0.009365628
1991,test,0,0.5101096
6459,test,0,0.008545806
1456,test,0,0.013566201
3651,test,0,0.009868956
7828,test,0,0.007953428
9485,test,0,0.008343851
1735,test,0,0.464619
6500,test,0,0.011986456
4979,test,0,0.008933145
10817,test,0,0.009046924
9328,test,0,0.009046924
2470,test,0,0.014385927
8746,test,0,0.008059349
1890,test,0,0.008343851
9745,test,0,0.00916672
1042,test,0,0.27983457
8809,test,0,0.008933145
302,test,0,0.009406425
8658,test,0,0.15756059
9551,test,0,0.0136178
5671,test,0,0.008343851
8869,test,0,0.14205064
6322,test,0,0.029729791
9347,test,0,0.27926815
6470,test,0,0.16569363
7230,test,0,0.013399416
3366,test,0,0.014731354
2200,test,0,0.008317403
6324,test,0,0.009317206
8858,test,0,0.008933145
1762,test,0,0.00916672
8475,test,0,0.015631478
2467,test,0,0.010250281
5824,test,0,0.2464905
322,test,0,0.17363738
5132,test,0,0.0101821115
8621,test,0,0.0074475086
8108,test,0,0.014731354
7521,test,0,0.010214428
8606,test,0,0.008005876
1162,test,0,0.00855653
3370,test,0,0.18999189
4422,test,0,0.007648577
6349,test,0,0.22687773
3114,test,0,0.008933145
1877,test,0,0.009868956
9780,test,0,0.013453142
9746,test,0,0.007700207
809,test,0,0.010918084
5536,test,0,0.009137688
9514,test,0,0.3062912
4973,test,0,0.2276009
4398,test,0,0.17298786
10768,test,0,0.009868956
2925,test,0,0.009137688
10037,test,0,0.010348531
10722,test,0,0.010348531
10306,test,0,0.009046924
10155,test,0,0.030984897
3374,test,0,0.019193046
9143,test,0,0.012152601
5448,test,0,0.31682196
1085,test,0,0.2859405
9564,test,0,0.008628725
6340,test,0,0.008675223
6112,test,0,0.29267356
2212,test,0,0.08274061
7344,test,0,0.008592539
9588,test,0,0.009365628
881,test,0,0.009137688
3082,test,0,0.009137688
10234,test,0,0.010058183
6565,test,0,0.009868956
1745,test,0,0.08694673
9266,test,0,0.009886896
3113,test,0,0.014174911
9375,test,0,0.009137688
8617,test,0,0.013422759
3563,test,0,0.009137688
6002,test,0,0.16019267
6937,test,0,0.009046924
9486,test,0,0.014092251
2553,test,0,0.027667968
4400,test,0,0.22188953
4468,test,0,0.046506587
6492,test,0,0.40150383
10841,test,0,0.020557795
6089,test,0,0.008905405
2581,test,0,0.008905405
6920,test,0,0.3280607
2561,test,0,0.019193046
6325,test,0,0.33137867
1875,test,0,0.008933145
2191,test,0,0.024011444
10205,test,0,0.013857547
3042,test,0,0.009046924
8273,test,0,0.009137688
3631,test,0,0.009046924
6934,test,0,0.009137688
4826,test,0,0.009137688
7580,test,0,0.29696533
898,test,0,0.009137688
6915,test,0,0.012274143
3912,test,0,0.008812792
301,test,0,0.009365628
8098,test,0,0.024230987
4014,test,0,0.009365628
1253,test,0,0.012579327
8832,test,0,0.009046924
10240,test,0,0.12332004
6211,test,0,0.19014281
10009,test,0,0.16066442
6495,test,0,0.25057423
8736,test,0,0.15443768
10853,test,0,0.028798508
5440,test,0,0.009046924
1040,test,0,0.08418423
525,test,0,0.21394336
8241,test,0,0.009137688
2714,test,0,0.2059746
3566,test,0,0.107077435
3054,test,0,0.020858228
3053,test,0,0.009317206
9573,test,0,0.009365628
8368,test,0,0.08069485
10239,test,0,0.010125125
8680,test,0,0.12287636
3933,test,0,0.009046924
6329,test,0,0.014145962
9336,test,0,0.009137688
5350,test,0,0.009365628
4975,test,0,0.013873757
1129,test,0,0.19503415
10933,test,0,0.009046924
9374,test,0,0.012152601
1783,test,0,0.11932238
7124,test,0,0.03274025
9770,test,0,0.014642402
2074,test,0,0.019193046
373,test,0,0.024265094
7078,test,0,0.008592539
1723,test,0,0.11260336
4813,test,0,0.011544054
8614,test,0,0.020467684
4802,test,0,0.009868956
4890,test,0,0.009868956
6193,test,0,0.012152601
5739,test,0,0.06856937
4580,test,0,0.008675223
1960,test,0,0.016477956
9771,test,0,0.13276272
6094,test,1,0.18231583
1778,test,0,0.27329448
4787,test,0,0.009137688
10818,test,0,0.009365628
3749,test,0,0.41700992
2757,test,0,0.009537767
8507,test,0,0.359776
8496,test,0,0.482456
807,test,0,0.008769015
7345,test,0,0.009633407
7546,test,0,0.019750414
6538,test,0,0.009058953
7284,test,0,0.19046448
1999,test,0,0.028956097
4544,test,0,0.036331303
9255,test,0,0.20995663
1451,test,0,0.18067573
2083,test,0,0.012952225
10461,test,0,0.010090786
11009,test,0,0.010415512
3949,test,0,0.11541029
10049,test,0,0.53358096
4768,test,0,0.009058953
8821,test,0,0.028956097
5458,test,0,0.33170912
10726,test,0,0.021127446
2837,test,0,0.026009068
1764,test,0,0.009873588
1118,test,0,0.47161412
11056,test,0,0.009009706
6484,test,0,0.009873588
10779,test,0,0.013466058
5953,test,0,0.009537767
6553,test,0,0.8043004
4125,test,0,0.2972656
9337,test,0,0.024421193
6560,test,0,0.02428013
485,test,0,0.22078288
10763,test,0,0.009633407
7474,test,0,0.009783982
9393,test,0,0.32786956
3020,test,0,0.46018922
3751,test,0,0.012337001
5958,test,0,0.009537767
4113,test,0,0.015854467
4237,test,0,0.010403929
4597,test,0,0.009537767
1771,test,0,0.013298104
3110,test,0,0.009633407
9757,test,0,0.011156669
5514,test,0,0.009873588
6905,test,0,0.010253416
6673,test,0,0.009682092
10396,test,0,0.21239047
10728,test,0,0.28224638
4801,test,0,0.010015041
3503,test,0,0.66758233
1098,test,0,0.012643729
940,test,0,0.7838062
5056,test,0,0.009633407
8826,test,0,0.009633407
2851,test,0,0.42033052
785,test,0,0.010046832
1091,test,0,0.010403929
1150,test,0,0.009058953
1164,test,0,0.16271637
11008,test,0,0.13259149
4676,test,0,0.009058953
8263,test,0,0.009873588
3033,test,0,0.009058953
10600,test,0,0.009633407
10719,test,0,0.59840137
2842,test,0,0.27456743
1963,test,0,0.65759945
5060,test,0,0.60291344
10162,test,0,0.007831994
6346,test,0,0.5756198
11050,test,0,0.007179502
6555,test,0,0.009568058
7337,test,0,0.010403929
1829,test,0,0.009633407
7820,test,0,0.021127446
3099,test,0,0.021127446
1266,test,0,0.0109532215
7327,test,0,0.009537767
1834,test,0,0.010345557
2465,test,0,0.008796887
10734,test,0,0.009537767
8823,test,0,0.009783982
10594,test,0,0.010403929
10782,test,0,0.057207346
9380,test,0,0.011729523
2766,test,0,0.46840987
6486,test,0,0.08787168
3944,test,0,0.009537767
1827,test,0,0.009058953
8637,test,0,0.69881016
8903,test,0,0.009904935
6477,test,0,0.009926333
1269,test,0,0.009633407
489,test,0,0.172883
1263,test,0,0.14774527
5351,test,0,0.009873588
2872,test,0,0.00847014
8247,test,0,0.009633407
6511,test,0,0.009417873
6539,test,0,0.0106631145
700,test,0,0.49038607
9593,test,0,0.32782793
4404,test,0,0.011848569
10762,test,0,0.009537767
945,test,0,0.010403929
6222,test,0,0.009633407
3441,test,0,0.010403929
2663,test,0,0.008796887
10145,test,0,0.011172399
431,test,0,0.31263632
6205,test,0,0.04142605
918,test,0,0.021357657
5672,test,0,0.30235597
10242,test,0,0.009009706
7581,test,0,0.009537767
1157,test,0,0.009633407
7035,test,0,0.015552639
9575,test,0,0.009904935
8490,test,0,0.20709331
6000,test,0,0.010536486
4120,test,0,0.009873588
1121,test,0,0.0154658975
5736,test,0,0.009633407
8266,test,0,0.027670963
1428,test,0,0.014079974
4704,test,0,0.012521422
10769,test,0,0.009009706
4818,test,0,0.021127446
6158,test,0,0.60163975
1152,test,0,0.009146085
2075,test,0,0.014072847
6150,test,0,0.6770633
314,test,0,0.24462691
6446,test,0,0.12882744
4679,test,0,0.3777943
8390,test,0,0.37341833
7318,test,0,0.009146085
1537,test,0,0.467464
4018,test,0,0.3976937
8262,test,0,0.009537767
7102,test,0,0.009633407
3049,test,0,0.010345557
1264,test,0,0.009633407
2666,test,0,0.009633407
10475,test,0,0.011314634
2938,test,0,0.0119939335
6490,test,0,0.009873588
3918,test,0,0.6093429
1126,test,0,0.44029492
4783,test,0,0.009873588
8830,test,0,0.010910197
6535,test,0,0.009873588
4700,test,0,0.009568058
9264,test,0,0.013340177
1845,test,0,0.010466394
9275,test,0,0.009537767
6904,test,0,0.009537767
2455,test,0,0.51897013
9155,test,0,0.0110848965
4788,test,0,0.010403929
9267,test,0,0.010403929
4794,test,0,0.6942413
6192,test,0,0.017029162
10165,test,0,0.015448424
6548,test,0,0.009146085
7187,test,0,0.019203434
8246,test,0,0.009873588
10836,test,0,0.009537767
6201,test,0,0.009568058
8489,test,0,0.6660156
5518,test,0,0.029793486
8679,test,0,0.013153808
10766,test,0,0.030606415
323,test,0,0.030606415
1751,test,0,0.009873588
6104,test,0,0.011527471
5079,test,0,0.017990746
9768,test,0,0.009537767
1271,test,0,0.017459663
6552,test,0,0.4234621
3632,test,0,0.009633407
4692,test,0,0.009873588
6182,test,0,0.009822568
9352,test,0,0.019521302
4474,test,0,0.60494155
522,test,0,0.016093494
4798,test,0,0.008463415
1148,test,0,0.010242016
4247,test,0,0.009392031
7573,test,0,0.009633407
6534,test,0,0.009663998
793,test,0,0.009537767
10740,test,0,0.010436943
6692,test,0,0.4925356
4124,test,0,0.009873588
7132,test,0,0.012643097
7356,test,0,0.012643097
3100,test,0,0.010345557
7748,test,0,0.009058953
7087,test,0,0.013340177
10217,test,0,0.011451813
10831,test,0,0.009621858
1997,test,0,0.009621858
5345,test,0,0.0122501515
5353,test,0,0.010403036
5740,test,0,0.009861754
7342,test,0,0.009633407
1996,test,0,0.09362828
56,test,0,0.7509259
6341,test,0,0.009537767
5950,test,0,0.53039193
10346,test,0,0.5668721
427,test,0,0.009048087
4406,test,0,0.6067648
5077,test,0,0.010403929
4472,test,0,0.52766716
7079,test,0,0.009813037
330,test,0,0.018674696
6204,test,0,0.4312004
6188,test,0,0.009621858
9584,test,0,0.0608179
2929,test,0,0.009873588
6333,test,0,0.016955456
7583,test,0,0.04847033
3093,test,0,0.010650345
3686,test,0,0.30590066
8253,test,0,0.764201
9496,test,0,0.80330116
4233,test,0,0.009621858
1250,test,0,0.009873588
6381,test,0,0.833267
3112,test,0,0.009685672
5357,test,0,0.012032816
487,test,0,0.009861754
5521,test,0,0.009621858
911,test,0,0.7505004
10942,test,0,0.015446676
1541,test,0,0.010586834
9153,test,0,0.015235667
1847,test,0,0.008998899
8396,test,0,0.8157401
905,test,0,0.52796143
3570,test,0,0.009048087
5746,test,0,0.011310623
6939,test,0,0.010391467
10927,test,0,0.019220676
10473,test,0,0.009633407
1758,test,0,0.015235667
8249,test,0,0.011994816
2471,test,0,0.010420792
8477,test,0,0.01525385
10477,test,0,0.009633407
2466,test,0,0.8627585
1682,test,0,0.010829343
9348,test,0,0.009621858
1534,test,0,0.72480094
429,test,0,0.015866091
8491,test,0,0.010236551
5429,test,0,0.013298104
3039,test,0,0.011728445
7735,test,0,0.27523705
8393,test,0,0.010650345
7811,test,0,0.009621858
3560,test,0,0.009621858
9586,test,0,0.009048087
7095,test,0,0.009621858
8862,test,0,0.74493974
9429,test,0,0.011391464
4577,test,0,0.011391464
7537,test,0,0.55025804
3438,test,0,0.009621858
1145,test,0,0.009526332
8798,test,0,0.018965846
4804,test,0,0.009621858
7239,test,0,0.008758494
9329,test,0,0.0443237
10739,test,0,0.0094841
9760,test,0,0.01754784
1052,test,0,0.282966
4784,test,0,0.009861754
6684,test,0,0.013769504
9359,test,0,0.010832138
4122,test,0,0.009526332
2761,test,0,0.009621858
7350,test,0,0.011076704
10206,test,0,0.014922708
1044,test,0,0.22258785
385,test,0,0.2978177
2397,test,0,0.4195213
3028,test,0,0.009861754
1086,test,0,0.01000304
4529,test,0,0.28035143
1057,test,0,0.009861754
8790,test,0,0.018910214
9759,test,0,0.009556587
8817,test,0,0.7750679
2843,test,0,0.42202917
4602,test,0,0.018457169
3630,test,0,0.009526332
10460,test,0,0.009526332
9392,test,0,0.008998899
6451,test,0,0.009621858
9494,test,0,0.011431599
8815,test,0,0.010078696
1550,test,0,0.008453257
4762,test,0,0.011105688
8486,test,0,0.50455594
7733,test,0,0.009621858
6103,test,0,0.011514856
8678,test,0,0.5855296
6518,test,0,0.62542766
7248,test,0,0.33559802
800,test,0,0.009621858
4245,test,0,0.009861754
6342,test,0,0.009621858
6668,test,0,0.009058577
5680,test,0,0.018910214
3889,test,0,0.0085195
4699,test,0,0.0085195
8122,test,0,0.009406581
3080,test,0,0.38855153
2658,test,0,0.029127406
10302,test,0,0.009621858
5745,test,0,0.009526332
6542,test,0,0.8039764
10721,test,0,0.010650345
7359,test,0,0.01000304
6476,test,0,0.009861754
7361,test,0,0.010116239
937,test,0,0.015627746
5944,test,0,0.29971316
8365,test,0,0.3182404
10231,test,0,0.7851272
6090,test,0,0.009861754
9775,test,0,0.29788834
1766,test,0,0.009526332
7129,test,0,0.44569135
741,test,0,0.36244193
907,test,0,0.78242517
7471,test,0,0.45947024
418,test,0,0.6158393
10806,test,0,0.7174194
1746,test,0,0.009526332
8904,test,0,0.10926313
4552,test,0,0.009621858
5086,test,0,0.27416924
4480,test,0,0.009652413
6111,test,0,0.19375373
3087,test,0,0.008782031
9582,test,0,0.009861754
1449,test,0,0.21903147
3765,test,0,0.008758494
9135,test,0,0.009621858
10939,test,0,0.009526332
2942,test,0,0.027362723
5355,test,0,0.009526332
1780,test,0,0.009058577
8831,test,0,0.6621443
6569,test,0,0.00864898
1538,test,0,0.2613163
9152,test,0,0.642121
3044,test,0,0.32755867
6183,test,0,0.009861754
2669,test,0,0.009526332
4007,test,0,0.009861754
11007,test,0,0.02066286
5302,test,0,0.73115045
7579,test,0,0.008782031
1545,test,0,0.009652413
8277,test,0,0.014760603
9773,test,0,0.009058577
6166,test,0,0.011632451
5945,test,0,0.0159446
1099,test,0,0.009048087
7291,test,0,0.5059024
5063,test,0,0.25092423
9442,test,0,0.018616116
10474,test,0,0.011808384
6374,test,0,0.009621858
6108,test,0,0.012496153
10750,test,0,0.009861754
419,test,0,0.009076837
7319,test,0,0.009652413
3923,test,0,0.49732304
1047,test,0,0.59246397
4030,test,0,0.009621858
10742,test,0,0.0159446
6689,test,0,0.009621858
4810,test,0,0.009861754
9438,test,0,0.009621858
2680,test,0,0.010391467
5438,test,0,0.009239593
8917,test,0,0.009621858
1116,test,0,0.009621858
10936,test,0,0.009048087
2882,test,0,0.017438898
3076,test,0,0.71827114
8242,test,0,0.009406581
3046,test,0,0.033362404
7539,test,0,0.013374752
3634,test,0,0.63397735
6912,test,0,0.010391467
808,test,0,0.01008423
6674,test,0,0.016317733
10767,test,0,0.55713725
5072,test,0,0.009861754
7038,test,0,0.813745
3019,test,0,0.010842391
7738,test,0,0.5108748
8728,test,0,0.82016563
7328,test,0,0.009621858
1685,test,0,0.009253304
1255,test,0,0.010100856
9437,test,0,0.39841133
10310,test,0,0.013282221
4025,test,0,0.009621858
7744,test,0,0.009861754
6208,test,0,0.009526332
1054,test,0,0.009861754
6634,test,0,0.67700756
3641,test,0,0.011159026
7524,test,0,0.48034903
4550,test,0,0.012599267
6923,test,0,0.010391467
5957,test,0,0.009526332
7737,test,0,0.009526332
3102,test,0,0.5742472
1841,test,0,0.009526332
377,test,0,0.016559303
4827,test,0,0.016559303
10199,test,0,0.4664063
8737,test,0,0.0159446
4760,test,0,0.009621858
10851,test,0,0.010391467
3068,test,0,0.008758494
6152,test,0,0.009621858
6472,test,0,0.009526332
11052,test,0,0.009861754
1844,test,0,0.053194378
9338,test,0,0.009861754
10781,test,0,0.15378168
1779,test,0,0.009621858
9144,test,0,0.008453257
10052,test,0,0.014725446
2945,test,0,0.008782031
7742,test,0,0.008786332
9141,test,0,0.009621858
2681,test,0,0.010650345
6274,test,0,0.008786332
7082,test,0,0.009621858
7358,test,0,0.15030971
6184,test,0,0.008872458
6102,test,0,0.009861754
6479,test,0,0.009621858
10303,test,0,0.57975113
9767,test,0,0.021655736
4600,test,0,0.014852816
10227,test,0,0.0159446
7034,test,0,0.25456083
1163,test,0,0.009861754
10459,test,0,0.4677138
8870,test,0,0.19710968
9136,test,0,0.027267933
10932,test,0,0.009526332
1776,test,0,0.009652413
6225,test,0,0.008953791
10811,test,0,0.016124018
4130,test,0,0.009893065
4453,test,0,0.7928904
6925,test,0,0.009621858
6693,test,0,0.009526332
7746,test,0,0.009861754
6107,test,0,0.008953791
8899,test,0,0.009526332
297,test,0,0.009526332
10313,test,0,0.045903996
4126,test,0,0.009048087
6686,test,0,0.013324245
6462,test,0,0.032363456
8624,test,0,0.032363456
1419,test,0,0.01703107
310,test,0,0.009893065
7468,test,0,0.5223157
8796,test,0,0.047165006
3056,test,0,0.009861754
6191,test,0,0.75117457
1556,test,0,0.009861754
2390,test,0,0.8033612
10752,test,0,0.009621858
1987,test,0,0.009893065
4814,test,0,0.009621858
11047,test,0,0.3443933
1532,test,0,0.015774239
7570,test,0,0.008453257
5097,test,0,0.009526332
9552,test,0,0.015916158
9430,test,0,0.015552582
10464,test,0,0.027869396
9332,test,0,0.010034794
9278,test,0,0.045437746
9381,test,0,0.8534254
6018,test,0,0.4274992
10584,test,0,0.009861754
6631,test,0,0.009652413
4773,test,0,0.009652413
7322,test,0,0.7843055
4705,test,0,0.008453257
6119,test,0,0.686189
7282,test,0,0.16209629
5103,test,0,0.009861754
6677,test,0,0.009621858
6220,test,0,0.009621858
4017,test,0,0.009380769
8824,test,0,0.009526332
8265,test,0,0.009861754
4824,test,0,0.010391467
2457,test,0,0.029780678
1535,test,0,0.009621858
1962,test,0,0.021655736
4685,test,0,0.015173315
3571,test,0,0.034480523
1576,test,0,0.7978697
10587,test,0,0.009526332
6540,test,0,0.66464996
8492,test,0,0.028222242
4028,test,0,0.028222242
4095,test,0,0.46116844
10468,test,0,0.009621858
4596,test,0,0.5382456
3504,test,0,0.017438898
5078,test,0,0.009526332
10998,test,0,0.01008423
10717,test,0,0.009078965
422,test,0,0.5611277
7664,test,0,0.77607274
1438,test,0,0.01469429
4026,test,0,0.01469429
9432,test,0,0.69392616
3896,test,0,0.5269074
4019,test,0,0.009048087
4594,test,0,0.009621858
10735,test,0,0.009621858
7321,test,0,0.009123477
4687,test,0,0.009861754
10837,test,0,0.009652413
6164,test,0,0.009621858
7093,test,0,0.14456655
10457,test,0,0.009621858
5436,test,0,0.7265039
3448,test,0,0.009526332
6171,test,0,0.009861754
7390,test,0,0.64775604
1549,test,0,0.009621858
4823,test,0,0.011159026
2774,test,0,0.009621858
5423,test,0,0.009048087
6373,test,0,0.009621858
9349,test,0,0.009048087
1120,test,0,0.00864898
2764,test,0,0.7624564
1043,test,0,0.009861754
10760,test,0,0.4209171
4586,test,0,0.8126638
6323,test,0,0.009621858
3575,test,0,0.7239734
7086,test,0,0.009526332
8259,test,0,0.008453257
7183,test,0,0.009652413
3648,test,0,0.009652413
3108,test,0,0.007899481
7092,test,0,0.009556587
4012,test,0,0.026564118
3090,test,0,0.012921392
4780,test,0,0.009058577
4117,test,0,0.6309319
6516,test,0,0.010391467
9274,test,0,0.6513529
8461,test,0,0.4579423
4023,test,0,0.017307604
6478,test,0,0.009621858
2767,test,0,0.0084801335
10469,test,0,0.016246483
1108,test,0,0.0159446
6021,test,0,0.05060864
6088,test,0,0.027232679
9562,test,0,0.027232679
6910,test,0,0.75442064
1726,test,0,0.010403036
1769,test,0,0.01000304
515,test,0,0.008758494
6454,test,0,0.60709906
3037,test,0,0.009621858
4587,test,0,0.80451363
6262,test,0,0.59961057
6467,test,0,0.009526332
312,test,0,0.826829
8630,test,0,0.008758494
4799,test,0,0.009526332
3767,test,0,0.676157
4889,test,0,0.019988332
2844,test,0,0.019988332
4584,test,0,0.009526332
3021,test,0,0.4382443
926,test,0,0.009621858
9756,test,0,0.010110687
5406,test,0,0.010436046
1262,test,0,0.015613322
9376,test,0,0.009621858
7287,test,0,0.720875
3079,test,0,0.009526332
3932,test,0,0.010391467
9341,test,0,0.009048087
4483,test,0,0.009861754
10776,test,0,0.009621858
6263,test,0,0.018910214
4106,test,0,0.009621858
8740,test,0,0.016246483
2225,test,0,0.45783126
6927,test,0,0.016955456
10730,test,0,0.009652413
1113,test,0,0.23217942
10808,test,0,0.010391467
6933,test,0,0.016246483
7236,test,0,0.015751911
6128,test,0,0.6804077
6025,test,0,0.012599267
7577,test,0,0.009253304
5441,test,0,0.01000304
294,test,0,0.009861754
8261,test,0,0.008453257
4680,test,0,0.009621858
3043,test,0,0.77338904
5511,test,0,0.009861754
10751,test,0,0.8292315
7339,test,0,0.009431843
3040,test,0,0.009621858
8611,test,0,0.009084531
10403,test,0,0.017438898
3018,test,0,0.060727816
4127,test,0,0.009556587
8132,test,0,0.016891846
3032,test,0,0.010230648
1155,test,0,0.010391467
6556,test,0,0.009652413
8908,test,0,0.009652413
5139,test,0,0.054670166
2940,test,0,0.008120329
794,test,0,0.010391467
6502,test,0,0.86629236
2585,test,0,0.009055756
7323,test,0,0.010743552
6190,test,0,0.02187514
10727,test,0,0.009526332
10819,test,0,0.7905697
7582,test,0,0.009621858
10348,test,0,0.014056052
6173,test,0,0.010342102
8910,test,0,0.009621858
9516,test,0,0.59378666
7033,test,0,0.011733819
6224,test,0,0.009084531
5425,test,0,0.009652413
10754,test,0,0.39860368
7243,test,0,0.010333164
10038,test,0,0.3728612
6203,test,0,0.017022252
7574,test,0,0.009794951
9372,test,0,0.12376761
6447,test,0,0.011046022
4419,test,0,0.011808384
8822,test,0,0.009526332
8469,test,0,0.009621858
5432,test,0,0.009621858
10934,test,0,0.009652413
8828,test,0,0.7944679
8859,test,0,0.8380784
2684,test,0,0.011221623
305,test,0,0.009621858
8808,test,0,0.011994816
10305,test,0,0.011994816
10467,test,0,0.0084801335
428,test,0,0.009846066
433,test,0,0.008782031
1122,test,0,0.009526332
5832,test,0,0.009621858
8402,test,0,0.009621858
7126,test,0,0.522795
10813,test,0,0.8569464
4450,test,0,0.020658797
9492,test,0,0.023593476
9353,test,0,0.6663709
7355,test,0,0.009526332
1830,test,0,0.7829148
10471,test,0,0.01272653
2711,test,0,0.016898522
9487,test,0,0.025061602
10035,test,0,0.7663294
5301,test,0,0.83742815
8459,test,0,0.7259974
8866,test,0,0.01851347
9580,test,0,0.6020922
6110,test,0,0.008953791
9592,test,0,0.009526332
10824,test,0,0.0120175425
1756,test,0,0.009621858
2674,test,0,0.0110366605
920,test,0,0.009621858
5742,test,0,0.60215837
293,test,0,0.009556587
7096,test,0,0.011071659
492,test,0,0.79564327
10924,test,0,0.0110366605
2214,test,0,0.018910214
9356,test,0,0.86897403
1146,test,0,0.010342102
313,test,0,0.007899481
4789,test,0,0.009253304
7734,test,0,0.011071659
10307,test,0,0.5472608
9385,test,0,0.009861754
6559,test,0,0.010590605
5346,test,0,0.009621858
6568,test,0,0.009621858
10731,test,0,0.009048087
8625,test,0,0.012029483
934,test,0,0.012029483
1452,test,0,0.010132644
4595,test,0,0.010132644
7341,test,0,0.010420792
4013,test,0,0.5679327
8250,test,0,0.009621858
9764,test,0,0.009526332
10299,test,0,0.6452575
8278,test,0,0.009526332
2671,test,0,0.0159446
7740,test,0,0.010521111
3511,test,0,0.015506466
4118,test,0,0.009365927
3951,test,0,0.009303251
4541,test,0,0.0077977795
6680,test,0,0.011162257
1096,test,0,0.076729886
1883,test,0,0.016592601
6463,test,0,0.009621858
3107,test,0,0.0110366605
10996,test,0,0.033994842
5424,test,0,0.59082896
4470,test,0,0.6886009
1110,test,0,0.028273407
3437,test,0,0.009526332
784,test,0,0.010230648
1843,test,0,0.009621858
3647,test,0,0.011257201
3077,test,0,0.010342102
4090,test,0,0.7572576
4777,test,0,0.009621858
1453,test,0,0.01299369
4234,test,0,0.009621858
7576,test,0,0.009621858
2454,test,0,0.4664685
2205,test,0,0.27146605
517,test,0,0.27840397
2446,test,0,0.27360728
514,test,0,0.36929062
10340,test,0,0.6081939
2195,test,0,0.81588393
8102,test,0,0.6908799
2452,test,0,0.6544443
708,test,0,0.71026444
2724,test,0,0.039255522
710,test,0,0.7766415
10203,test,0,0.77243066
4438,test,0,0.76269174
2706,test,0,0.1556918
4452,test,0,0.78736097
2453,test,0,0.81585336
6115,test,0,0.44957942
6114,test,0,0.47362313
10202,test,0,0.27240115
10342,test,0,0.6532357
6123,test,0,0.72483456
8111,test,0,0.62579286
711,test,0,0.28495392
528,test,0,0.78837264
6121,test,0,0.6734699
4437,test,0,0.5487127
10194,test,0,0.13059385
8109,test,0,0.66802335
709,test,0,0.48433912
10204,test,0,0.19694926
2715,test,0,0.5050177
8096,test,0,0.014592208
7454,test,0,0.16823675
10207,test,0,0.10744983
2718,test,0,0.34419122
10339,test,0,0.24004081
2197,test,0,0.82097
7451,test,0,0.24051817
2722,test,0,0.6560035
10209,test,0,0.08453642
527,test,0,0.26980606
8106,test,0,0.095902
2445,test,0,0.20320831
10338,test,0,0.08965095
2712,test,0,0.7345547
2719,test,0,0.8315906
2201,test,0,0.8954411
707,test,0,0.26044652
10195,test,0,0.6937152
6122,test,0,0.75984967
2189,test,0,0.06984494
10344,test,0,0.1879022
8095,test,0,0.030984897
8800,test,0,0.75796914
3750,test,0,0.80073667
7067,test,0,0.2032631
8799,test,0,0.48093683
4984,test,0,0.7009648
5412,test,0,0.14280452
4401,test,0,0.7827854
5535,test,0,0.06844279
4417,test,0,0.5893127
3766,test,0,0.07312315
5416,test,0,0.6817447
4981,test,0,0.7569245
7074,test,0,0.24808638
5534,test,0,0.70632046
8623,test,0,0.19981103
4978,test,0,0.6936324
9373,test,1,0.6941391
5409,test,0,0.7193355
7066,test,0,0.29536048
3903,test,0,0.8391404
7120,test,0,0.7054782
7075,test,0,0.6423954
8632,test,0,0.28329232
4412,test,0,0.78217167
3902,test,0,0.019193046
3756,test,0,0.4755783
8797,test,0,0.80905753
8631,test,0,0.8677686
8483,test,0,0.20055647
4413,test,0,0.3450547
5413,test,0,0.11888331
8499,test,0,0.6670895
8498,test,0,0.030984897
4414,test,0,0.80044436
4411,test,0,0.76790625
8805,test,0,0.6905169
3900,test,0,0.63215315
5358,test,1,0.78811914
3755,test,0,0.54298913
3758,test,0,0.06592147
8804,test,0,0.122687474
8634,test,0,0.54290825
8803,test,0,0.6908794
3763,test,0,0.07790358
4985,test,0,0.738348
4409,test,0,0.68392646
351,test,0,0.58396846
370,test,0,0.30093783
2241,test,0,0.70348597
10656,test,0,0.79056793
2234,test,0,0.51712596
2067,test,0,0.3863187
7640,test,0,0.63318706
571,test,0,0.63881606
154,test,0,0.1130714
566,test,0,0.688176
10087,test,1,0.7795646
8181,test,0,0.23618615
6757,test,0,0.32393545
2233,test,0,0.6925082
577,test,0,0.16856055
2232,test,0,0.54307526
6761,test,0,0.7453739
2246,test,0,0.7631959
369,test,0,0.24483176
10666,test,0,0.87194246
1496,test,0,0.80019385
565,test,0,0.8016519
1495,test,0,0.06494184
3322,test,1,0.8699717
1497,test,0,0.030984897
2239,test,0,0.7088243
354,test,0,0.82048434
1499,test,0,0.6036994
2236,test,0,0.015445472
150,test,0,0.42323664
8182,test,0,0.6881173
8175,test,0,0.030984897
8176,test,0,0.6554337
362,test,0,0.7115255
145,test,0,0.2536175
2063,test,0,0.3043766
141,test,0,0.030984897
2245,test,0,0.1874023
1318,test,0,0.039034992
1508,test,0,0.019193046
7642,test,0,0.16987312
575,test,0,0.18247311
8177,test,0,0.14072794
1348,test,0,0.6265565
3013,test,0,0.38977396
1186,test,0,0.6745126
3014,test,0,0.4233121
8375,test,0,0.14352255
3597,test,0,0.13343859
1358,test,0,0.50854
1676,test,0,0.6298089
8224,test,0,0.5159845
3602,test,0,0.857824
223,test,1,0.52527344
7985,test,0,0.16390657
1359,test,0,0.5540208
5762,test,0,0.50884694
1669,test,0,0.5974906
9100,test,0,0.82833815
7986,test,0,0.76134926
9109,test,0,0.525144
9104,test,0,0.30174324
7265,test,1,0.43893087
3000,test,0,0.40223145
1674,test,0,0.54732305
1660,test,0,0.37207937
1352,test,0,0.58128244
3592,test,0,0.016810274
3601,test,0,0.5484505
8655,test,0,0.54760015
8645,test,0,0.101657405
8644,test,0,0.6776617
8370,test,0,0.2831813
1180,test,0,0.5212063
3009,test,0,0.010436943
7997,test,0,0.05564572
3593,test,0,0.89345855
8652,test,0,0.56993824
1181,test,0,0.6700504
8233,test,0,0.48958555
5761,test,0,0.8546987
1191,test,0,0.15798414
3591,test,0,0.56252575
1351,test,0,0.4272616
1190,test,0,0.09371289
7998,test,0,0.59832877
9105,test,0,0.022278229
8647,test,0,0.88433033
5765,test,0,0.31888708
7981,test,0,0.530933
7979,test,0,0.31795382
8385,test,0,0.82766944
3003,test,0,0.77363634
5763,test,0,0.13125885
9440,test,0,0.3923266
7036,test,0,0.6205814
9439,test,0,0.81790376
11000,test,0,0.35985544
5822,test,0,0.78550506
1688,test,0,0.30036715
7055,test,0,0.5093896
11016,test,0,0.20928441
11012,test,0,0.46939138
3905,test,0,0.45937377
1690,test,0,0.68583107
7037,test,0,0.6598765
7043,test,0,0.57277507
9357,test,0,0.5189897
6269,test,0,0.21844327
11001,test,0,0.6089421
3907,test,0,0.47256398
3917,test,0,0.029642599
6273,test,0,0.7028871
2643,test,0,0.81084615
2642,test,0,0.09132601
10774,test,1,0.67492485
7040,test,0,0.73137504
9441,test,0,0.3541472
6267,test,0,0.030984897
3376,test,0,0.53198016
3363,test,0,0.7757395
2662,test,0,0.651423
10604,test,1,0.29676446
9368,test,0,0.17782602
7044,test,0,0.7820073
5823,test,0,0.5126119
3904,test,0,0.5829471
9256,test,0,0.63975793
3913,test,0,0.09855227
7054,test,0,0.201472
1686,test,0,0.35367602
6271,test,0,0.87184304
7491,test,0,0.12005696
3371,test,0,0.32472414
11015,test,0,0.55845684
9367,test,0,0.7325288
9254,test,0,0.6163456
9248,test,0,0.608527
11002,test,0,0.0336961
9431,test,0,0.21300584
2209,test,0,0.4260933
4876,test,0,0.16513182
3050,test,1,0.2607946
10160,test,0,0.44179666
5501,test,0,0.6726913
4869,test,0,0.23410438
1450,test,0,0.10808815
8666,test,0,0.08832065
10161,test,0,0.4630095
8667,test,0,0.1756305
2223,test,0,0.86645365
2222,test,0,0.74047726
7196,test,0,0.7171477
7329,test,1,0.3467634
4870,test,0,0.29434016
5498,test,0,0.84986323
7191,test,0,0.7310072
939,test,0,0.09454613
4877,test,0,0.7729193
10167,test,0,0.7529912
1440,test,0,0.64109445
4873,test,0,0.73586327
5506,test,0,0.7124587
8676,test,0,0.86165863
8669,test,0,0.3059897
943,test,0,0.27110365
2388,test,0,0.3287482
4872,test,0,0.04947986
1733,test,1,0.66459614
4871,test,0,0.26267844
5508,test,0,0.71383876
2392,test,0,0.69917077
5495,test,0,0.30980563
1454,test,0,0.45666257
5491,test,0,0.13653009
5503,test,0,0.1721761
8675,test,0,0.36109376
6507,test,0,0.71363854
2213,test,0,0.17614485
1444,test,0,0.023127837
2217,test,0,0.47791976
7192,test,0,0.832
10163,test,0,0.43298692
8668,test,0,0.29374883
9484,test,0,0.0159446
7197,test,0,0.76669794
942,test,0,0.7976241
2206,test,0,0.030984897
1426,test,0,0.7837877
5684,test,0,0.1410253
8731,test,0,0.4748611
1965,test,0,0.6849834
7533,test,0,0.3603878
7544,test,0,0.72093874
7289,test,0,0.500558
9522,test,0,0.36062732
6155,test,1,0.4934206
1422,test,0,0.76911765
1431,test,0,0.63061154
9517,test,0,0.73412806
9521,test,0,0.72841895
3073,test,0,0.5895987
2257,test,0,0.7935115
1427,test,0,0.75804824
1964,test,0,0.65180176
2247,test,0,0.49280226
1957,test,0,0.68131095
1138,test,0,0.31816548
8738,test,0,0.39633542
5678,test,0,0.8032695
8743,test,0,0.38452137
3060,test,0,0.34091052
8726,test,0,0.30631855
1959,test,0,0.45473582
7285,test,0,0.15798716
3072,test,0,0.6445696
7541,test,0,0.07750971
1949,test,0,0.3847191
1416,test,0,0.60501343
8733,test,0,0.84494823
1432,test,0,0.8183045
1420,test,0,0.29117107
1141,test,0,0.7424614
1950,test,0,0.030984897
7545,test,0,0.5382425
1878,test,0,0.6193562
8734,test,0,0.6025392
1424,test,0,0.053794265
7532,test,0,0.4226976
7586,test,1,0.5891768
1433,test,0,0.7100432
1888,test,0,0.056097433
5687,test,0,0.013164229
5682,test,0,0.38221037
1955,test,0,0.030984897
5675,test,0,0.8628991
3061,test,0,0.87147313
1136,test,0,0.33199888
9526,test,0,0.019193046
5669,test,0,0.27217984
2250,test,0,0.19957425
1434,test,0,0.733569
3071,test,0,0.65204996
9456,test,0,0.6819486
3359,test,0,0.111096375
10118,test,0,0.38072705
9451,test,0,0.6746122
3967,test,0,0.68960375
3974,test,0,0.122432016
4507,test,0,0.750296
3586,test,0,0.7801461
5869,test,0,0.44907165
3953,test,0,0.3085365
9450,test,0,0.63158655
4712,test,0,0.7666199
3351,test,0,0.37853998
872,test,0,0.69568306
3961,test,0,0.8508873
10125,test,0,0.21835421
4710,test,0,0.042831294
4199,test,0,0.12997323
10117,test,0,0.24059422
2182,test,0,0.39841163
3962,test,0,0.16531155
3356,test,0,0.37350205
3975,test,0,0.20514682
3959,test,0,0.76868534
4717,test,0,0.69486517
5866,test,0,0.69998026
4711,test,0,0.43671224
10121,test,0,0.75064343
3352,test,0,0.8077628
3588,test,0,0.8062709
870,test,0,0.810152
4520,test,0,0.09228244
873,test,0,0.08630522
10129,test,0,0.58540684
4718,test,0,0.48903105
10130,test,0,0.5622227
4709,test,0,0.22123696
3968,test,0,0.6935019
4713,test,0,0.1955786
3343,test,0,0.42707008
2178,test,0,0.37715107
861,test,0,0.5306925
3970,test,0,0.11256596
4195,test,0,0.6821712
9446,test,0,0.79885006
3357,test,0,0.37865078
5873,test,0,0.61335725
3973,test,0,0.1273163
3972,test,0,0.1947438
874,test,0,0.34996
10120,test,0,0.4848181
5875,test,0,0.6750145
9449,test,0,0.73680127
9455,test,0,0.6490452
3349,test,0,0.7096291
4206,test,0,0.007985856
4498,test,0,0.1292926
4497,test,0,0.32114676
10787,test,0,0.6318682
684,test,0,0.2067842
2433,test,0,0.104362525
279,test,1,0.71581686
5545,test,1,0.6145374
5485,test,0,0.032101687
5477,test,0,0.64498335
680,test,0,0.71094686
2291,test,0,0.7964813
10538,test,0,0.42159954
4503,test,0,0.72895855
10535,test,0,0.32711884
1476,test,0,0.7518983
10788,test,0,0.14941566
5488,test,0,0.63689935
10524,test,0,0.4562183
5481,test,0,0.5297647
5794,test,0,0.18518052
5479,test,0,0.34686953
4500,test,0,0.7854862
10285,test,0,0.2358954
5480,test,0,0.73208785
1480,test,0,0.70788336
10283,test,0,0.2672845
10516,test,0,0.7693603
5789,test,0,0.7473485
10294,test,0,0.24707414
1477,test,0,0.79585856
5486,test,0,0.100105725
683,test,0,0.81158465
10536,test,0,0.54462004
2740,test,0,0.030984897
2290,test,0,0.6745106
4499,test,0,0.54152054
10795,test,0,0.14969751
5787,test,0,0.58067656
695,test,0,0.7802529
10282,test,0,0.74412745
5199,test,0,0.32319176
10286,test,0,0.7356861
9240,test,0,0.79099274
6237,test,0,0.8008154
10330,test,0,0.44798893
10913,test,0,0.41823176
5324,test,0,0.45823458
9729,test,0,0.74977106
191,test,0,0.6042195
5570,test,0,0.8186572
6739,test,0,0.5449972
9616,test,0,0.69581723
5167,test,0,0.83616644
10529,test,0,0.7532686
5596,test,0,0.69601446
2739,test,0,0.76857394
1371,test,0,0.4532336
10707,test,0,0.7471685
2058,test,0,0.580458
6840,test,0,0.09681657
622,test,0,0.15439007
8719,test,0,0.65888697
1232,test,0,0.33855587
95,test,0,0.7195267
7217,test,0,0.49631694
2265,test,0,0.7899644
5974,test,0,0.74094635
2123,test,0,0.34416524
6233,test,0,0.024536602
10797,test,0,0.8335963
8703,test,0,0.84498924
7873,test,0,0.027947586
1599,test,0,0.861562
8561,test,0,0.72817445
9849,test,0,0.47571036
9316,test,0,0.032398164
1617,test,0,0.29834554
9318,test,0,0.7816478
10642,test,0,0.0120383445
7414,test,0,0.5253921
8875,test,0,0.68793356
5547,test,0,0.64992297
8699,test,0,0.8117143
8714,test,0,0.82126915
10710,test,0,0.7282951
4259,test,0,0.6408172
3489,test,0,0.0246013
2010,test,0,0.6366587
3529,test,0,0.3836035
8,test,0,0.8856864
2169,test,0,0.028273407
247,test,0,0.53684443
3658,test,0,0.011834163
3120,test,0,0.74631906
2007,test,0,0.5967456
4042,test,0,0.75207394
2057,test,0,0.5268761
3541,test,0,0.7821485
7272,test,0,0.09623026
5185,test,0,0.85203713
8760,test,0,0.7432696
5269,test,0,0.72363734
2747,test,0,0.4125542
7222,test,0,0.6566428
3484,test,0,0.015145794
2913,test,0,0.37048298
9808,test,0,0.81388164
9733,test,0,0.86488986
1197,test,0,0.023462377
2262,test,0,0.54134727
9042,test,0,0.5588575
8525,test,0,0.020658797
5965,test,0,0.01395077
9218,test,0,0.40027967
5803,test,0,0.020658797
7367,test,0,0.023462377
9530,test,0,0.6760093
112,test,0,0.89908147
7922,test,0,0.01333266
3235,test,0,0.48375204
7001,test,0,0.7777362
9059,test,0,0.70349795
6709,test,0,0.6848391
1523,test,0,0.41956684
8931,test,0,0.7292297
818,test,0,0.8896148
6033,test,0,0.6545127
2009,test,0,0.6660577
6582,test,0,0.057701442
2097,test,0,0.22980049
3605,test,0,0.008769015
9229,test,0,0.1594411
9734,test,0,0.19572918
1235,test,0,0.77995056
3195,test,0,0.718918
1393,test,0,0.20577855
1628,test,0,0.84657437
9841,test,0,0.06149085
4619,test,0,0.6165304
1527,test,0,0.521967
1385,test,0,0.7138176
10190,test,0,0.034810796
7899,test,0,0.02389607
3793,test,0,0.6618399
10539,test,0,0.35236675
3216,test,0,0.52410364
6975,test,0,0.28354323
7855,test,0,0.4690057
839,test,0,0.59952563
1659,test,0,0.60032934
2125,test,0,0.76264155
9067,test,0,0.7041045
10554,test,0,0.014725446
10652,test,0,0.03392655
8228,test,0,0.3873216
2887,test,0,0.7890294
1236,test,0,0.43438417
9830,test,0,0.7320463
631,test,0,0.7153463
3016,test,0,0.78865415
8653,test,0,0.23129971
3137,test,0,0.3984546
9884,test,0,0.7095625
7706,test,0,0.72202694
9048,test,0,0.76464045
8055,test,0,0.5516761
10361,test,0,0.77549773
6235,test,0,0.2207346
3796,test,0,0.018910214
8017,test,0,0.8034879
9599,test,0,0.5147575
6082,test,0,0.33360937
5541,test,0,0.015300613
634,test,0,0.012007357
2124,test,0,0.8603145
9891,test,0,0.020658797
8640,test,0,0.8365656
10323,test,0,0.17508738
2485,test,0,0.018910214
5693,test,0,0.02220728
4189,test,0,0.72102934
3116,test,0,0.71458596
12,test,0,0.66184807
609,test,0,0.43284273
3229,test,0,0.5936598
4631,test,0,0.63130265
10335,test,0,0.44830874
9221,test,0,0.018573387
7764,test,0,0.019193046
10062,test,0,0.6913422
621,test,0,0.87173134
5559,test,0,0.58697903
7988,test,0,0.059129115
8994,test,0,0.758038
2385,test,0,0.034762453
8945,test,0,0.529751
9839,test,0,0.41581815
3,test,0,0.27183053
2103,test,0,0.019059572
9202,test,0,0.81798327
8928,test,0,0.8012796
3381,test,0,0.010242016
10133,test,0,0.17650042
8056,test,0,0.70410556
5990,test,0,0.07648783
8580,test,0,0.7601276
1707,test,0,0.7381257
5474,test,0,0.010288592
9619,test,0,0.44229624
7761,test,0,0.75373906
8713,test,0,0.79548115
2144,test,0,0.016955456
7271,test,0,0.028273407
9903,test,0,0.7139219
3769,test,0,0.87009585
8920,test,0,0.026852854
10527,test,0,0.701676
3453,test,0,0.011446751
3005,test,0,0.018910214
394,test,0,0.7940219
2438,test,0,0.07932845
10180,test,0,0.5034445
6241,test,0,0.83513004
396,test,0,0.81237936
3886,test,0,0.018910214
7876,test,0,0.10370529
195,test,0,0.019059572
6982,test,0,0.36882392
10918,test,0,0.8148045
4341,test,0,0.59694356
10495,test,0,0.7870285
1519,test,0,0.43558493
2488,test,0,0.735197
10182,test,0,0.018910214
9883,test,0,0.22209853
8046,test,0,0.3006985
681,test,0,0.11373066
1705,test,0,0.5713763
2033,test,0,0.6496545
3181,test,0,0.734015
5772,test,0,0.035280567
1865,test,1,0.35167897
2979,test,0,0.023659471
7756,test,0,0.58182925
9322,test,0,0.011443001
691,test,0,0.15329497
10175,test,0,0.32446733
2051,test,0,0.5644985
4180,test,0,0.012644782
3297,test,0,0.8373079
7173,test,0,0.8387819
3206,test,0,0.0159446
2999,test,0,0.020658797
8094,test,0,0.020658797
272,test,0,0.14980064
10980,test,0,0.7590042
6967,test,0,0.86652344
6300,test,0,0.4803075
6041,test,0,0.0133139305
3883,test,0,0.020658797
7370,test,0,0.019193046
8522,test,0,0.14947133
389,test,0,0.47545356
819,test,0,0.011446751
8716,test,0,0.61236954
4573,test,0,0.027054524
7170,test,0,0.11385868
401,test,0,0.84867954
8378,test,0,0.1185586
4052,test,0,0.6316525
5977,test,0,0.0998136
10292,test,0,0.28620914
4394,test,0,0.06616591
2970,test,0,0.10651219
4251,test,0,0.06139963
8452,test,0,0.31850854
7887,test,0,0.5281527
1525,test,0,0.030317971
5805,test,0,0.01698879
4566,test,0,0.018910214
2354,test,0,0.869837
3377,test,0,0.02653776
5975,test,0,0.3018061
7861,test,0,0.27316335
3783,test,0,0.030502073
2431,test,0,0.17002195
3286,test,0,0.034810796
2298,test,0,0.018910214
9107,test,0,0.018910214
9078,test,0,0.5481423
5770,test,0,0.018910214
4051,test,0,0.8834251
7262,test,0,0.0159446
9300,test,0,0.43200538
9615,test,0,0.018910214
4254,test,0,0.014568682
2137,test,0,0.59921265
692,test,0,0.147392
3522,test,0,0.29745418
11025,test,0,0.16069588
3211,test,0,0.05876375
6710,test,0,0.3492432
10552,test,0,0.03534168
1517,test,0,0.3437849
9655,test,0,0.008769015
5706,test,0,0.26906717
6733,test,0,0.027362723
2114,test,0,0.62196904
2264,test,0,0.6560087
8535,test,0,0.02175945
9055,test,0,0.44130427
3202,test,0,0.018910214
5982,test,0,0.018910214
9895,test,0,0.8313319
3655,test,0,0.6623987
1667,test,0,0.20806813
1246,test,0,0.06950228
9906,test,0,0.17612168
114,test,0,0.7548097
7894,test,0,0.1719506
10187,test,0,0.8334129
2021,test,0,0.22033268
3801,test,0,0.7762355
1515,test,0,0.018910214
8519,test,0,0.018910214
3774,test,0,0.7177966
7177,test,0,0.018910214
8377,test,0,0.018910214
9934,test,0,0.018910214
3179,test,0,0.8137068
2091,test,0,0.020760672
6078,test,0,0.020658797
11021,test,0,0.014530478
9223,test,0,0.8143543
4649,test,0,0.019193046
8059,test,0,0.04515619
1675,test,0,0.041333955
2735,test,0,0.019750414
2415,test,0,0.72538227
2490,test,0,0.45464084
9869,test,0,0.7452826
3516,test,0,0.028273407
7864,test,0,0.0314451
4310,test,0,0.034810796
1587,test,0,0.011834163
3391,test,0,0.52096194
9620,test,0,0.72526443
9550,test,0,0.028273407
5985,test,0,0.017017154
2884,test,0,0.0086572105
5188,test,0,0.008220809
4494,test,0,0.018910214
6084,test,0,0.60161835
9402,test,0,0.018910214
4040,test,0,0.43593594
7377,test,0,0.018910214
10483,test,0,0.8819573
8751,test,0,0.8418617
2749,test,0,0.2613699
7270,test,0,0.41713548
7897,test,0,0.010155292
10987,test,0,0.5999768
5707,test,0,0.6719636
5327,test,0,0.028273407
8012,test,0,0.028273407
9954,test,0,0.0155401025
1624,test,0,0.009526332
8583,test,0,0.72969085
8346,test,0,0.19968598
10447,test,0,0.011834163
8088,test,0,0.7647763
10488,test,0,0.16478391
8300,test,0,0.58734506
9217,test,0,0.8184798
10484,test,0,0.6616657
1819,test,0,0.3024529
4143,test,0,0.29701298
989,test,0,0.47024086
9324,test,0,0.65860206
10487,test,0,0.7855383
7178,test,0,0.011733819
9232,test,0,0.22866349
1184,test,0,0.056469657
1389,test,0,0.019193046
602,test,0,0.25852218
2269,test,0,0.20907933
3010,test,0,0.019750414
7624,test,0,0.5031077
4249,test,0,0.33697942
4397,test,0,0.02067866
4572,test,0,0.023616094
8984,test,0,0.009526332
7399,test,0,0.8433665
2377,test,0,0.81927705
9238,test,0,0.018910214
122,test,0,0.015300613
2435,test,0,0.018910214
3875,test,0,0.018910214
4501,test,0,0.018910214
2434,test,0,0.034810796
4426,test,0,0.018910214
1394,test,0,0.6190211
2894,test,0,0.018910214
5801,test,0,0.018910214
9081,test,0,0.2645831
6589,test,0,0.5032932
8341,test,0,0.20414016
4312,test,0,0.22771706
7435,test,0,0.7205387
8226,test,0,0.79739356
6083,test,0,0.7358655
8980,test,0,0.017522046
5182,test,0,0.015003835
618,test,0,0.033711515
1709,test,0,0.6105177
1514,test,0,0.032925677
184,test,0,0.19643372
8455,test,0,0.32496667
2484,test,0,0.008343851
7417,test,0,0.011460464
9298,test,0,0.22599217
9843,test,0,0.009556587
4182,test,0,0.008453257
10056,test,0,0.018910214
2421,test,0,0.18120453
8654,test,0,0.8375054
5798,test,0,0.75670016
5598,test,0,0.020658797
10533,test,0,0.47712183
10860,test,0,0.5891202
2113,test,0,0.7326481
3599,test,0,0.011151357
8064,test,0,0.63726616
838,test,0,0.504354
9307,test,0,0.018573387
8977,test,0,0.8384359
3395,test,0,0.29301155
7767,test,0,0.012165631
2130,test,0,0.014294183
7157,test,0,0.82784873
5205,test,0,0.0159446
4560,test,0,0.010749488
10189,test,0,0.1449454
10863,test,0,0.04600403
393,test,0,0.2355319
6844,test,0,0.3189804
4495,test,0,0.009395377
7633,test,0,0.14939433
1582,test,0,0.39473042
9230,test,0,0.01629773
9241,test,0,0.047250744
2364,test,0,0.21143936
10450,test,0,0.01223116
5204,test,0,0.009861754
9669,test,0,0.8156724
1664,test,0,0.6452284
9956,test,0,0.018910214
7883,test,0,0.013827364
2152,test,0,0.04743852
8933,test,0,0.252651
1474,test,0,0.014725446
2427,test,0,0.01851347
8015,test,0,0.45348337
2025,test,0,0.75130916
1479,test,0,0.6653245
3777,test,0,0.008011258
1370,test,0,0.012644782
5783,test,0,0.02220728
844,test,0,0.021575682
6721,test,0,0.037153948
10288,test,0,0.7302702
7227,test,0,0.011834163
4330,test,0,0.5967045
8517,test,0,0.018910214
3219,test,0,0.014294183
7226,test,0,0.69097286
8058,test,0,0.011266159
2026,test,0,0.011834163
4337,test,0,0.8846281
7900,test,0,0.011443001
982,test,0,0.034187127
4187,test,0,0.8660873
11018,test,0,0.010288592
4504,test,0,0.13922459
5802,test,0,0.019315554
204,test,0,0.020548921
84,test,0,0.29163378
9625,test,0,0.019193046
8325,test,0,0.20588945
8642,test,0,0.3899655
10785,test,0,0.05634821
3183,test,0,0.008343851
682,test,0,0.0137214875
9628,test,0,0.008933145
3185,test,0,0.008933145
9872,test,0,0.019193046
8319,test,0,0.081086025
7113,test,0,0.28498462
5791,test,0,0.4060802
1369,test,0,0.2401443
9866,test,0,0.008933145
9680,test,0,0.009146085
3594,test,0,0.07259424
1699,test,0,0.19458534
2344,test,0,0.043903645
9815,test,0,0.019750414
9060,test,0,0.010015041
7112,test,0,0.008796887
10445,test,0,0.014986827
8373,test,0,0.025527308
10669,test,0,0.2772774
10681,test,0,0.017459663
10796,test,0,0.015394911
8702,test,0,0.5377101
7924,test,0,0.7578283
5767,test,0,0.49669203
6319,test,0,0.7688278
8989,test,0,0.73729455
7259,test,0,0.73144746
235,test,0,0.009621858
4257,test,0,0.80751073
1594,test,0,0.007951926
8930,test,0,0.2523975
9398,test,0,0.23734243
5962,test,0,0.7657687
1194,test,0,0.008786332
3600,test,0,0.016939845
8697,test,0,0.5691645
8293,test,0,0.33988115
10793,test,0,0.01629773
2369,test,0,0.733549
10054,test,0,0.01629773
10480,test,0,0.011514856
6962,test,0,0.018025415
7216,test,0,0.23082432
9233,test,0,0.7711844
5807,test,0,0.011851305
3676,test,0,0.018828865
7200,test,0,0.015506466
10420,test,0,0.009991242
7623,test,0,0.018910214
623,test,0,0.018910214
5335,test,0,0.5263216
690,test,0,0.009991242
2093,test,0,0.014823165
2014,test,0,0.008492873
7770,test,0,0.009506254
2962,test,0,0.014823165
8577,test,0,0.725196
4043,test,0,0.44906673
7638,test,0,0.010374617
3198,test,0,0.008011258
6586,test,0,0.6929566
10319,test,0,0.5360113
3390,test,0,0.018910214
637,test,0,0.009580325
4623,test,0,0.754404
1415,test,0,0.4213697
8991,test,0,0.009526332
1620,test,0,0.011691395
6712,test,0,0.8269607
2273,test,0,0.010417271
3882,test,0,0.012203332
970,test,0,0.007951926
1234,test,0,0.009610751
1530,test,0,0.018910214
5221,test,0,0.009610751
10142,test,0,0.22050625
8723,test,0,0.020658797
9674,test,0,0.021989733
3122,test,0,0.89122283
9940,test,0,0.015685132
6239,test,0,0.012067261
7856,test,0,0.009610751
3292,test,0,0.016784145
9805,test,0,0.01403089
9881,test,0,0.009573279
9325,test,0,0.0159446
2168,test,0,0.63825536
3557,test,0,0.015269471
7984,test,0,0.018177303
7382,test,0,0.26175043
1814,test,0,0.019193046
5601,test,0,0.019193046
9824,test,0,0.008933145
9671,test,0,0.05924963
5976,test,0,0.14118668
7412,test,0,0.10680694
11041,test,0,0.014858825
203,test,0,0.036331303
10992,test,0,0.019750414
5330,test,0,0.009146085
8641,test,0,0.46137744
9613,test,0,0.038678825
8769,test,0,0.021127446
2134,test,0,0.4161851
5475,test,0,0.22450313
9404,test,0,0.040936902
5605,test,0,0.32473
3190,test,0,0.016246483
3657,test,0,0.57750124
7116,test,0,0.012733835
4603,test,0,0.6987469
1824,test,0,0.2359033
3530,test,0,0.5163491
5217,test,0,0.018910214
2289,test,0,0.6667022
3776,test,0,0.6435048
4339,test,0,0.06068109
2381,test,0,0.15127844
5342,test,0,0.40501174
8919,test,0,0.80346286
5336,test,0,0.7118068
128,test,0,0.6305985
1716,test,0,0.40900782
4569,test,0,0.018910214
7925,test,0,0.016246483
7705,test,0,0.64563394
188,test,0,0.237011
3603,test,0,0.72554827
5195,test,0,0.73766017
8572,test,0,0.61668247
10326,test,0,0.016400602
5785,test,0,0.0398167
4430,test,0,0.6033701
5603,test,0,0.01851347
3514,test,0,0.30236578
8712,test,0,0.7610304
1614,test,0,0.6864169
5612,test,0,0.017482197
6970,test,0,0.73448557
986,test,0,0.0133139305
2985,test,0,0.009303251
9653,test,0,0.7051231
4145,test,0,0.34177965
10525,test,0,0.6413103
1240,test,0,0.007985856
7223,test,0,0.75895077
10350,test,0,0.40514022
8051,test,0,0.018573387
193,test,0,0.015912805
8709,test,0,0.7470152
8942,test,0,0.5059918
8755,test,0,0.008871242
395,test,0,0.008871242
2355,test,0,0.012644782
5611,test,0,0.018910214
2910,test,0,0.7366838
6706,test,0,0.060757633
1376,test,0,0.009908327
5176,test,0,0.62286687
3671,test,0,0.018474033
2410,test,0,0.009526332
9219,test,0,0.20371252
2755,test,0,0.40624377
9173,test,0,0.83075005
6718,test,0,0.47216618
4175,test,0,0.012461513
228,test,0,0.11170156
4387,test,0,0.23381425
8982,test,0,0.83634305
10138,test,0,0.77357507
8575,test,0,0.5807756
9603,test,0,0.09957217
9667,test,0,0.018910214
1713,test,0,0.3333493
6317,test,0,0.012644782
4620,test,0,0.009526332
2050,test,0,0.72763586
2030,test,0,0.009526332
4260,test,0,0.50423825
5270,test,0,0.60377574
1372,test,0,0.6937904
1602,test,0,0.6300883
8764,test,0,0.6891002
9064,test,0,0.8131656
8352,test,0,0.4779536
2977,test,0,0.72007406
2371,test,0,0.75207597
2352,test,0,0.010233411
10784,test,0,0.72639275
190,test,0,0.017168162
8649,test,0,0.009610751
7442,test,0,0.030425396
7002,test,0,0.8020958
8934,test,0,0.718248
7928,test,0,0.8451446
7404,test,1,0.80965537
9732,test,0,0.6791534
9687,test,0,0.81499815
4608,test,0,0.011834163
2142,test,0,0.4426437
3477,test,0,0.37292588
3670,test,0,0.6027211
3552,test,0,0.75516844
2965,test,0,0.030425396
9165,test,0,0.71340287
7202,test,0,0.8239523
7992,test,0,0.028176859
6591,test,0,0.37357464
9406,test,0,0.020774858
1668,test,0,0.02221282
6720,test,0,0.82323116
10706,test,0,0.039715394
4177,test,0,0.43081087
1580,test,0,0.5618893
1622,test,0,0.011834163
5606,test,0,0.9081258
3121,test,0,0.009844347
5648,test,0,0.67586017
2140,test,0,0.01486999
3194,test,0,0.01724887
8450,test,0,0.42917043
7369,test,0,0.018910214
3683,test,0,0.009556587
4317,test,0,0.13115321
7987,test,0,0.014655589
4174,test,0,0.6602084
987,test,0,0.009526332
7424,test,0,0.8392627
4640,test,0,0.013379189
6708,test,0,0.7077509
3001,test,0,0.012203332
4616,test,0,0.0120383445
11028,test,0,0.66008806
7274,test,0,0.8056939
2437,test,0,0.014530478
7174,test,0,0.010288592
6997,test,0,0.009526332
9665,test,0,0.008758494
6974,test,0,0.011182105
2986,test,0,0.011151357
9909,test,0,0.009526332
2418,test,0,0.7272897
2104,test,0,0.74481666
5206,test,0,0.010342102
1670,test,0,0.6008433
7697,test,0,0.78005946
7709,test,0,0.71551967
3604,test,0,0.09896986
9313,test,0,0.59231055
2972,test,0,0.74098176
9045,test,0,0.6877082
3664,test,0,0.703546
5179,test,0,0.7240735
197,test,0,0.009610751
8990,test,0,0.27528605
5695,test,0,0.3012638
6719,test,0,0.021400146
5998,test,0,0.14940836
694,test,0,0.019193046
8230,test,0,0.27840397
8718,test,0,0.111447275
3454,test,0,0.0497625
10412,test,0,0.015602758
5216,test,0,0.18413842
10192,test,0,0.017586734
10985,test,0,0.011314634
3466,test,0,0.09321959
7004,test,0,0.45054087
3397,test,0,0.29134488
7429,test,0,0.0160883
7923,test,0,0.4482753
1592,test,0,0.09684319
2107,test,0,0.62641215
8881,test,0,0.4776696
847,test,0,0.016559303
5175,test,0,0.6021655
1188,test,0,0.7331889
8290,test,0,0.027362723
3542,test,0,0.012532487
9072,test,0,0.4204164
7371,test,0,0.009084531
2102,test,0,0.7246997
6973,test,0,0.018910214
6984,test,0,0.29462832
2345,test,0,0.010342102
7978,test,0,0.25291908
8333,test,0,0.20060535
9833,test,0,0.015228156
3379,test,0,0.3687927
123,test,0,0.6183208
7439,test,0,0.83637226
3674,test,0,0.01008423
2272,test,0,0.6212589
2263,test,0,0.0102242865
2136,test,0,0.61112857
5325,test,0,0.7844163
2038,test,0,0.49033505
1672,test,0,0.01711899
3178,test,0,0.5176803
4334,test,0,0.01197959
4138,test,0,0.018065982
1621,test,0,0.010376996
8337,test,0,0.015229694
10993,test,0,0.7827043
1404,test,0,0.011217561
4395,test,0,0.017582912
2374,test,0,0.7864307
1708,test,0,0.48630163
1717,test,0,0.028273407
4331,test,0,0.2903175
5539,test,0,0.80757433
7758,test,0,0.20615605
4382,test,0,0.6154355
10061,test,0,0.83146995
640,test,0,0.018910214
3474,test,0,0.021400146
10862,test,0,0.03609791
3528,test,0,0.093701065
180,test,0,0.19709863
2094,test,0,0.12450734
10363,test,0,0.33635616
4431,test,0,0.014321763
5665,test,0,0.019193046
610,test,0,0.019193046
11035,test,0,0.019193046
1657,test,0,0.019193046
9540,test,0,0.05994166
8227,test,0,0.009868956
975,test,0,0.009868956
10534,test,0,0.0137214875
2045,test,0,0.28950864
9044,test,0,0.30414498
1529,test,0,0.0137214875
9242,test,0,0.008933145
7366,test,0,0.009868956
1384,test,0,0.019193046
7434,test,0,0.019193046
4314,test,0,0.06057024
1704,test,0,0.030325592
7149,test,0,0.0137214875
5542,test,0,0.12581539
5786,test,0,0.016769782
5489,test,0,0.5033225
9158,test,0,0.013982093
2360,test,0,0.021127446
5482,test,0,0.5387107
2753,test,0,0.024963694
3476,test,0,0.015642224
5689,test,0,0.008769015
8369,test,0,0.044246756
9171,test,0,0.02923256
1601,test,0,0.010046832
7211,test,0,0.021127446
2904,test,0,0.009873588
7868,test,0,0.6906866
5561,test,0,0.37293908
5781,test,0,0.6769518
6985,test,0,0.008543406
7993,test,0,0.4814502
9878,test,0,0.5864551
3781,test,0,0.6018884
1813,test,0,0.017459663
6700,test,0,0.10829714
1673,test,0,0.5114195
6231,test,0,0.7534955
9813,test,0,0.7619316
7687,test,0,0.7843055
8093,test,0,0.4661469
2963,test,0,0.018910214
4340,test,0,0.8152737
7874,test,0,0.70766324
10861,test,0,0.7728979
10545,test,0,0.69039726
1712,test,0,0.6035285
3290,test,0,0.81012666
9814,test,0,0.062368892
842,test,0,0.027362723
9213,test,0,0.6294619
10296,test,0,0.3878115
8283,test,0,0.71459943
4635,test,0,0.63589334
9948,test,0,0.019052088
8937,test,0,0.2801169
3208,test,0,0.86052555
9157,test,0,0.009406581
10058,test,0,0.017303225
5168,test,0,0.028273407
5969,test,0,0.011825239
9666,test,0,0.009882067
227,test,0,0.4902912
8700,test,0,0.8300144
3681,test,0,0.7786388
6304,test,0,0.009621858
3885,test,0,0.23140973
625,test,0,0.034869507
4575,test,0,0.29800507
3595,test,0,0.01851347
9859,test,0,0.7241305
5218,test,0,0.009991242
7427,test,0,0.010893656
3785,test,0,0.011660917
2161,test,0,0.009526332
2987,test,0,0.018910214
5664,test,0,0.011660917
8018,test,0,0.010269993
2156,test,0,0.4671013
8979,test,0,0.008453257
7862,test,0,0.7579841
6732,test,0,0.5961517
1482,test,0,0.105581276
4248,test,0,0.74391156
9175,test,0,0.018910214
9086,test,0,0.5375347
1189,test,0,0.009610751
9656,test,0,0.009060571
4567,test,0,0.018910214
9894,test,0,0.44441622
990,test,0,0.6752924
2487,test,0,0.017758343
11023,test,0,0.33359772
3236,test,0,0.009526332
1401,test,0,0.79880154
7017,test,0,0.010187523
9087,test,0,0.4736798
7754,test,0,0.009580325
9842,test,0,0.009526332
5774,test,0,0.74214077
2375,test,0,0.011106055
9896,test,0,0.33481714
6988,test,0,0.7869988
6730,test,0,0.4846883
5487,test,0,0.6586534
284,test,0,0.010155292
3789,test,0,0.009580325
3197,test,0,0.014530478
2115,test,0,0.84290516
8532,test,0,0.018910214
5711,test,0,0.009580325
8988,test,0,0.673614
2151,test,0,0.49784207
2270,test,0,0.81315833
8708,test,0,0.012804773
8083,test,0,0.010118537
9534,test,0,0.020658797
2119,test,0,0.020658797
7627,test,0,0.18557774
8566,test,0,0.19215435
231,test,0,0.8036121
2128,test,0,0.009526332
1400,test,0,0.024070086
10177,test,0,0.011182105
7267,test,0,0.015905488
7699,test,0,0.017522046
10355,test,0,0.013164229
5224,test,0,0.015566838
3596,test,0,0.011182105
2039,test,0,0.009526332
8995,test,0,0.017522046
121,test,0,0.7825659
5993,test,0,0.17147152
9812,test,0,0.01038432
2267,test,0,0.7377295
10542,test,0,0.009971696
10424,test,0,0.012105489
3791,test,0,0.31081346
8643,test,0,0.7255698
1192,test,0,0.033711515
10419,test,0,0.86578023
6858,test,0,0.009526332
196,test,0,0.011140945
5961,test,0,0.01851347
2441,test,0,0.017054355
3461,test,0,0.009861754
7865,test,0,0.012599267
7208,test,0,0.646156
10176,test,0,0.8173024
1596,test,0,0.49771193
3199,test,0,0.014823165
7870,test,0,0.020658797
9288,test,0,0.009526332
10910,test,0,0.034810796
134,test,0,0.015300613
8065,test,0,0.007872408
10694,test,0,0.7001575
8372,test,0,0.4361589
9904,test,0,0.009078965
1610,test,0,0.010342102
8451,test,0,0.014823165
6838,test,0,0.008465956
3385,test,0,0.6738562
1600,test,0,0.46348134
9095,test,0,0.018910214
1337,test,0,0.8132322
86,test,0,0.020658797
1395,test,0,0.008011258
7438,test,0,0.008577267
1817,test,0,0.030558303
3795,test,0,0.009991242
8223,test,0,0.023462377
2442,test,0,0.008577267
2726,test,0,0.031946607
687,test,0,0.020658797
830,test,0,0.7442052
9912,test,0,0.81664795
821,test,0,0.71162754
8981,test,0,0.73206735
10521,test,0,0.015912805
9228,test,0,0.020658797
5595,test,0,0.009580325
9280,test,0,0.27336445
5966,test,0,0.8052711
8379,test,0,0.42030877
2027,test,0,0.010155292
7751,test,0,0.023593476
4146,test,0,0.781169
261,test,0,0.014294183
8893,test,0,0.72234243
2754,test,0,0.010586834
9068,test,0,0.7843586
10551,test,0,0.85377157
9911,test,0,0.009908327
4258,test,0,0.009908327
19,test,0,0.77937967
1345,test,0,0.53069496
7871,test,0,0.018910214
1187,test,0,0.8020592
9612,test,0,0.7315028
9102,test,0,0.020658797
10172,test,0,0.020658797
10701,test,0,0.05326377
10422,test,0,0.020658797
6854,test,0,0.009526332
6725,test,0,0.7871187
10414,test,0,0.062042657
10909,test,0,0.009580325
10494,test,0,0.8130363
10423,test,0,0.6435008
4032,test,0,0.83869463
7436,test,0,0.014530478
4614,test,0,0.68384594
4183,test,0,0.8022022
104,test,0,0.76135445
2902,test,0,0.014530478
1350,test,0,0.6619401
6234,test,0,0.8122052
9400,test,0,0.73290807
7365,test,0,0.01648536
6728,test,0,0.009526332
7411,test,0,0.55067337
3532,test,0,0.30056435
10981,test,0,0.6040905
9951,test,0,0.023593476
9685,test,0,0.0159446
5209,test,0,0.76227945
3884,test,0,0.020658797
10453,test,0,0.011201884
1644,test,0,0.81648296
3118,test,0,0.029160678
5775,test,0,0.8194227
8010,test,0,0.11362421
10368,test,0,0.020658797
5779,test,0,0.020658797
685,test,0,0.020658797
5806,test,0,0.6380896
7628,test,0,0.009580325
5778,test,0,0.7859815
832,test,0,0.014294183
10295,test,0,0.023593476
2751,test,0,0.7161771
859,test,0,0.013753033
10696,test,0,0.015302603
5169,test,0,0.82359636
5180,test,0,0.6705823
9901,test,0,0.1667555
9952,test,0,0.252531
2055,test,0,0.021400146
1354,test,0,0.2155586
4557,test,0,0.27255413
7877,test,0,0.02413306
10135,test,0,0.03274025
1491,test,0,0.08951562
3536,test,0,0.11356829
7426,test,0,0.08377612
10801,test,0,0.013764881
202,test,0,0.011931864
4612,test,0,0.009365628
2023,test,0,0.02003846
6972,test,0,0.013575681
7926,test,0,0.2673005
9728,test,0,0.37897462
7636,test,0,0.3868819
7708,test,0,0.010015041
3383,test,0,0.011314634
977,test,0,0.009146085
7378,test,0,0.26828194
10986,test,0,0.08746883
3152,test,0,0.013356285
3132,test,0,0.009873588
2092,test,0,0.012259144
4564,test,0,0.6274346
6853,test,0,0.009537767
5991,test,0,0.07245052
4383,test,0,0.009058953
9679,test,0,0.5342822
9725,test,0,0.009633407
282,test,0,0.012711525
1397,test,0,0.49625605
8757,test,0,0.053125337
9286,test,0,0.37910584
3002,test,0,0.31617677
4256,test,0,0.71052915
9537,test,0,0.009633407
5223,test,0,0.018910214
10802,test,0,0.008758494
8573,test,0,0.6795231
6387,test,0,0.38329738
5200,test,0,0.009526332
3125,test,0,0.04743852
5655,test,0,0.68871933
5220,test,0,0.017438898
6703,test,0,0.111032955
10523,test,0,0.009406581
5543,test,0,0.009526332
3380,test,0,0.33474767
3283,test,0,0.008758494
9312,test,0,0.78387845
1487,test,0,0.78289247
7169,test,0,0.65515834
8650,test,0,0.008758494
8294,test,0,0.009861754
8579,test,0,0.36764497
5337,test,0,0.008453257
9216,test,0,0.008453257
3682,test,0,0.2106667
403,test,0,0.1683329
7854,test,0,0.5046951
10856,test,0,0.009406581
5795,test,0,0.01008423
9865,test,0,0.010166912
7630,test,0,0.4892468
192,test,0,0.008758494
8691,test,0,0.74117565
2099,test,0,0.30123347
7760,test,0,0.5025747
1611,test,0,0.70227116
9049,test,0,0.010391467
6305,test,0,0.016955456
10919,test,0,0.008758494
3450,test,0,0.70044875
6727,test,0,0.0077883624
1347,test,0,0.6396903
5812,test,0,0.26757112
9310,test,0,0.7717927
1475,test,0,0.7490312
9164,test,0,0.009084531
2893,test,0,0.66134447
402,test,0,0.009725623
5780,test,0,0.7121213
4424,test,0,0.7335466
823,test,0,0.0110366605
9544,test,0,0.7717635
9281,test,0,0.6580665
1615,test,0,0.019823888
9935,test,0,0.034810796
139,test,0,0.77363837
10991,test,0,0.66266704
1663,test,0,0.80497605
1342,test,0,0.009332805
6593,test,0,0.009621858
2141,test,0,0.011851305
8985,test,0,0.015058265
9717,test,0,0.86597234
1336,test,0,0.020658797
7158,test,0,0.32556063
4605,test,0,0.009526332
1720,test,0,0.008871242
8004,test,0,0.7742768
9403,test,0,0.5533235
6391,test,0,0.016429387
8449,test,0,0.031946607
689,test,0,0.7585102
4038,test,0,0.6190772
8298,test,0,0.009556587
2419,test,0,0.009506254
6731,test,0,0.6857064
5608,test,0,0.01084804
2908,test,0,0.24950852
7176,test,0,0.020658797
6069,test,0,0.7720313
10140,test,0,0.012426769
6859,test,0,0.38146308
2918,test,0,0.009526332
2351,test,0,0.63608545
976,test,0,0.4640624
5654,test,0,0.020658797
8941,test,0,0.80563605
3130,test,0,0.009526332
4489,test,0,0.1712097
7688,test,0,0.24576856
3215,test,0,0.00825973
9302,test,0,0.6798459
8006,test,0,0.016955456
7224,test,0,0.009526332
253,test,0,0.009526332
10362,test,0,0.018910214
7896,test,0,0.010342102
4142,test,0,0.008438307
187,test,0,0.018910214
115,test,0,0.009526332
9960,test,0,0.76725274
1863,test,0,0.47132397
3524,test,0,0.009526332
127,test,0,0.013771402
4132,test,0,0.009556587
3555,test,0,0.010155292
8939,test,0,0.5554719
9314,test,0,0.44946846
8685,test,0,0.2660265
5768,test,0,0.020658797
5277,test,0,0.71366286
9818,test,0,0.48130935
10349,test,0,0.6810051
2379,test,0,0.51480114
5331,test,0,0.010155292
6034,test,0,0.61536855
179,test,0,0.020658797
5994,test,0,0.010288592
1849,test,0,0.015639883
2122,test,0,0.013609732
5699,test,0,0.035321284
9731,test,0,0.035321284
3545,test,0,0.76158625
9547,test,0,0.591927
4391,test,0,0.009526332
2013,test,0,0.009526332
8588,test,0,0.009526332
2024,test,0,0.009526332
9106,test,0,0.79227906
8695,test,0,0.79188067
10417,test,0,0.75122285
10908,test,0,0.013649355
1375,test,0,0.010342102
5988,test,0,0.8273179
254,test,0,0.011400794
6969,test,0,0.818591
9538,test,0,0.00864898
3182,test,0,0.6628574
8687,test,0,0.010342102
3146,test,0,0.009365927
6038,test,0,0.021844966
5766,test,0,0.014530478
2966,test,0,0.010288592
3549,test,0,0.015823113
10640,test,0,0.012644782
1367,test,0,0.011274544
3490,test,0,0.7838453
7275,test,0,0.21537563
183,test,0,0.76207596
4263,test,0,0.7855698
5691,test,0,0.017304668
10354,test,0,0.009610751
9065,test,0,0.75881004
270,test,0,0.011647608
8330,test,0,0.010342102
8763,test,0,0.010155292
2016,test,0,0.009526332
10333,test,0,0.035064742
267,test,0,0.8036783
7014,test,0,0.009317633
5210,test,0,0.5023158
239,test,0,0.009908327
1662,test,0,0.7937685
133,test,0,0.008453257
10700,test,0,0.009526332
8533,test,0,0.009610751
4168,test,0,0.010342102
6074,test,0,0.009431843
9090,test,0,0.8331344
6976,test,0,0.85813206
5173,test,0,0.7652083
9080,test,0,0.010155292
5267,test,0,0.68338066
3228,test,0,0.5630232
7402,test,0,0.8309892
1403,test,0,0.015685132
1411,test,0,0.74361354
5274,test,0,0.009908327
5571,test,0,0.48026642
9079,test,0,0.015621305
6393,test,0,0.020658797
3465,test,0,0.81656593
7408,test,0,0.012315806
10790,test,0,0.020658797
4039,test,0,0.010475549
2734,test,0,0.016784145
3668,test,0,0.7464235
10518,test,0,0.020658797
9854,test,0,0.013148213
2727,test,0,0.021228053
9308,test,0,0.6764307
8921,test,0,0.014893863
8049,test,0,0.4662039
628,test,0,0.008858133
7983,test,0,0.7262859
1490,test,0,0.012016569
3451,test,0,0.009908327
10526,test,0,0.028124027
8291,test,0,0.017134314
7253,test,0,0.015988616
9902,test,0,0.57061976
7892,test,0,0.793908
8940,test,0,0.011707477
4267,test,0,0.015621305
7893,test,0,0.23497467
4610,test,0,0.021400146
8234,test,0,0.0803306
2976,test,0,0.027501428
9822,test,0,0.087414004
1825,test,0,0.17338279
8530,test,0,0.08896542
9099,test,0,0.15265507
10711,test,0,0.102636226
6742,test,0,0.1267374
1850,test,0,0.1158605
2118,test,0,0.23222111
1399,test,0,0.17720202
7701,test,0,0.022370987
11034,test,0,0.03932597
8457,test,0,0.27822408
8374,test,0,0.019193046
4496,test,0,0.019193046
8648,test,0,0.1689792
9167,test,0,0.030984897
288,test,0,0.011559021
5191,test,0,0.015712202
5171,test,0,0.009046924
5203,test,0,0.17109066
5964,test,0,0.104736015
9682,test,0,0.10878194
2417,test,0,0.10945314
9809,test,0,0.009137688
7251,test,0,0.009137688
2154,test,0,0.12810603
9670,test,0,0.014620149
10293,test,0,0.13762306
9735,test,0,0.007953428
10911,test,0,0.19944227
7428,test,0,0.013780393
1721,test,0,0.013780393
5181,test,0,0.009716145
10983,test,0,0.2360673
2426,test,0,0.008343851
6086,test,0,0.13423696
1485,test,0,0.0101821115
6987,test,0,0.09972556
1402,test,0,0.008317403
2032,test,0,0.1627853
3669,test,0,0.16945419
4261,test,0,0.013764881
10693,test,0,0.2612672
3876,test,0,0.13050427
7693,test,0,0.009137688
10650,test,0,0.008675223
4050,test,0,0.0137214875
9944,test,0,0.008933145
6596,test,0,0.0101821115
4617,test,0,0.008545806
1492,test,0,0.030984897
2728,test,0,0.0459526
5800,test,0,0.15139066
281,test,0,0.008317403
7423,test,0,0.019193046
5,test,0,0.008675223
6704,test,0,0.048321813
9689,test,0,0.009192339
6998,test,0,0.009365628
9657,test,0,0.56437707
10982,test,0,0.030984897
7020,test,0,0.18128912
3133,test,0,0.008659372
2895,test,0,0.009417873
5968,test,0,0.0399883
10644,test,0,0.36715746
4624,test,0,0.34707418
9226,test,0,0.33081824
8943,test,0,0.009904935
7919,test,0,0.009537767
9941,test,0,0.036331303
2353,test,0,0.49109685
7214,test,0,0.009537767
4493,test,0,0.59108865
2744,test,0,0.009633407
9627,test,0,0.40916148
2160,test,0,0.2308333
5713,test,0,0.39000186
4046,test,0,0.021127446
4639,test,0,0.010274521
3538,test,0,0.48214337
8340,test,0,0.009633407
3200,test,0,0.019203434
3680,test,0,0.14292048
8986,test,0,0.48955995
9817,test,0,0.010436943
283,test,0,0.7182106
8938,test,0,0.7274317
826,test,0,0.016955456
849,test,0,0.011460464
3518,test,0,0.010572758
7407,test,0,0.027362723
2165,test,0,0.017061071
3788,test,0,0.029642599
138,test,0,0.012034086
7886,test,0,0.010590605
8574,test,0,0.4716506
9224,test,0,0.011728445
7255,test,0,0.008453257
10416,test,0,0.15670703
5663,test,0,0.7533611
242,test,0,0.5324514
840,test,0,0.08480542
3237,test,0,0.008758494
3556,test,0,0.2987188
7279,test,0,0.009652413
391,test,0,0.3901488
9601,test,0,0.6347409
10695,test,0,0.009621858
8016,test,0,0.010921101
6584,test,0,0.010116239
1647,test,0,0.017774262
9939,test,0,0.8306254
9598,test,0,0.062093474
5344,test,0,0.010650345
3134,test,0,0.009861754
5546,test,0,0.81831247
131,test,0,0.3699601
4047,test,0,0.009351065
3230,test,0,0.51374507
1692,test,0,0.009526332
6085,test,0,0.009621858
7878,test,0,0.009621858
2111,test,0,0.25988507
10671,test,0,0.26804844
10449,test,0,0.09646179
5970,test,0,0.5545656
130,test,0,0.055004742
1398,test,0,0.7808349
135,test,0,0.010333164
5276,test,0,0.0084801335
8232,test,0,0.53530365
6705,test,0,0.009861754
5323,test,0,0.010391467
10638,test,0,0.8609186
827,test,0,0.17888802
20,test,0,0.010684132
6857,test,0,0.01000304
6390,test,0,0.7635224
9321,test,0,0.009526332
8295,test,0,0.009861754
4392,test,0,0.009621858
5653,test,0,0.35025257
3128,test,0,0.008453257
9855,test,0,0.5617007
2012,test,0,0.020562232
9864,test,0,0.6100959
7916,test,0,0.011691395
10789,test,0,0.8488053
5792,test,0,0.011159026
2110,test,0,0.016246483
822,test,0,0.013282221
8086,test,0,0.5643453
8890,test,0,0.009621858
10532,test,0,0.3868602
4570,test,0,0.010829343
973,test,0,0.009526332
626,test,0,0.008786332
814,test,0,0.34803748
5650,test,0,0.008758494
1651,test,0,0.0155025115
8698,test,0,0.024421444
240,test,0,0.0159446
2432,test,0,0.0159446
2162,test,0,0.04136264
2358,test,0,0.024421444
256,test,0,0.60575694
10183,test,0,0.020234946
9624,test,0,0.010743552
6699,test,0,0.7740307
2299,test,0,0.010859215
8514,test,0,0.7009461
5341,test,0,0.009861754
4621,test,0,0.009861754
7225,test,0,0.009621858
9806,test,0,0.27502227
120,test,0,0.009526332
8066,test,0,0.7104676
7010,test,0,0.009861754
2015,test,0,0.009621858
2967,test,0,0.01008423
4296,test,0,0.009991242
2362,test,0,0.0097008
1855,test,0,0.79939944
9295,test,0,0.011536814
7707,test,0,0.018457847
8589,test,0,0.009893065
7156,test,0,0.009621858
7221,test,0,0.6509202
9077,test,0,0.008453257
1722,test,0,0.01684542
8044,test,0,0.0110366605
10708,test,0,0.009652413
10680,test,0,0.010116239
8057,test,0,0.009526332
9203,test,0,0.009477943
2292,test,0,0.009477943
10705,test,0,0.009526332
10360,test,0,0.81723195
9605,test,0,0.012456709
853,test,0,0.009621858
7264,test,0,0.009861754
8761,test,0,0.008701318
10921,test,0,0.013715977
2365,test,0,0.012146105
4423,test,0,0.8747259
233,test,0,0.009861754
6030,test,0,0.009621858
9061,test,0,0.009526332
2428,test,0,0.009303251
4393,test,0,0.70990044
8371,test,0,0.6516311
635,test,0,0.009454171
1711,test,0,0.009454171
2363,test,0,0.020024883
5484,test,0,0.019455474
9214,test,0,0.009526332
4611,test,0,0.009794951
9608,test,0,0.00847403
1658,test,0,0.010303976
6965,test,0,0.010829343
7152,test,0,0.009526332
9088,test,0,0.010342102
2907,test,0,0.02076223
9602,test,0,0.009621858
10365,test,0,0.58488137
10492,test,0,0.013195337
9908,test,0,0.032398164
7994,test,0,0.020658797
8936,test,0,0.77009815
1338,test,0,0.8540588
828,test,0,0.009526332
2041,test,0,0.008011258
3145,test,0,0.0077912593
8722,test,0,0.020658797
10415,test,0,0.020658797
636,test,0,0.41339603
9683,test,0,0.00825973
2170,test,0,0.008465956
5813,test,0,0.76351196
5550,test,0,0.009893065
2296,test,0,0.017984232
845,test,0,0.14277157
7872,test,0,0.020658797
4053,test,0,0.009621858
1652,test,0,0.26290023
4324,test,0,0.8222538
271,test,0,0.0127634285
5610,test,0,0.64477205
6572,test,0,0.70385456
8284,test,0,0.0159446
9162,test,0,0.0159446
9676,test,0,0.33287093
7406,test,0,0.879606
1391,test,0,0.014530478
388,test,0,0.020658797
4342,test,0,0.014143236
5553,test,0,0.009861754
852,test,0,0.009861754
3012,test,0,0.009424237
5544,test,0,0.009424237
5263,test,0,0.016760066
7702,test,0,0.011691395
9868,test,0,0.009991242
124,test,0,0.21444441
9938,test,0,0.009353177
117,test,0,0.009526332
7398,test,0,0.00825973
2923,test,0,0.62444395
6573,test,0,0.009476157
5201,test,0,0.00825973
4434,test,0,0.7877377
6697,test,0,0.00825973
248,test,0,0.0120383445
811,test,0,0.008465956
9548,test,0,0.21785803
1701,test,0,0.008465956
7634,test,0,0.020658797
2384,test,0,0.007685505
7218,test,0,0.008688898
2411,test,0,0.009526332
5334,test,0,0.5732321
8376,test,0,0.6982308
8349,test,0,0.028273407
1484,test,0,0.020658797
2984,test,0,0.71853656
3678,test,0,0.008782031
8005,test,0,0.009526332
10544,test,0,0.014823165
6717,test,0,0.008465956
8891,test,0,0.010342102
9235,test,0,0.008420534
2,test,0,0.010745493
8887,test,0,0.4079241
8054,test,0,0.008129098
6738,test,0,0.009083973
9161,test,0,0.009476157
4056,test,0,0.0077665495
226,test,0,0.009365927
1237,test,0,0.020658797
3468,test,0,0.009621858
2368,test,0,0.7657745
9955,test,0,0.015912805
5771,test,0,0.031946607
125,test,0,0.015109001
9629,test,0,0.36168727
9848,test,0,0.009304244
3004,test,0,0.020658797
3482,test,0,0.0114078745
8874,test,0,0.00825973
3151,test,0,0.0084801335
8084,test,0,0.60194033
2424,test,0,0.009570259
6723,test,0,0.8364752
2905,test,0,0.008285997
9953,test,0,0.009476157
851,test,0,0.00825973
9847,test,0,0.007126022
1607,test,0,0.5145583
4322,test,0,0.009526332
2105,test,0,0.76890266
9860,test,0,0.015412341
8001,test,0,0.7790222
5808,test,0,0.008011258
10651,test,0,0.013282221
10332,test,0,0.0123464875
3124,test,0,0.014530478
1861,test,0,0.008465956
9545,test,0,0.014655589
9531,test,0,0.011297087
9047,test,0,0.009526332
6075,test,0,0.5998723
848,test,0,0.008285997
5483,test,0,0.008285997
3126,test,0,0.028273407
7410,test,0,0.009556587
3221,test,0,0.010618142
4054,test,0,0.43299407
9832,test,0,0.023478467
10174,test,0,0.0070972587
1374,test,0,0.0063826423
6995,test,0,0.008453257
7921,test,0,0.0084801335
7990,test,0,0.023290709
837,test,0,0.023290709
9317,test,0,0.009621858
641,test,0,0.009621858
5177,test,0,0.009431843
2129,test,0,0.009526332
8296,test,0,0.01486999
8976,test,0,0.00894658
6583,test,0,0.014530478
3665,test,0,0.009621858
2737,test,0,0.008698834
4034,test,0,0.006950921
8651,test,0,0.007985856
3558,test,0,0.009526332
9844,test,0,0.008492873
7007,test,0,0.008465956
4252,test,0,0.008285997
9209,test,0,0.009887415
7996,test,0,0.020658797
8752,test,0,0.008818117
1871,test,0,0.009476157
9614,test,0,0.007985856
10648,test,0,0.010342102
3398,test,0,0.40246984
2017,test,0,0.009526332
9225,test,0,0.018573387
9834,test,0,0.0077665495
8886,test,0,0.010342102
8705,test,0,0.72640574
7629,test,0,0.019429225
9215,test,0,0.019429225
241,test,0,0.010342102
3231,test,0,0.47073284
9057,test,0,0.00825973
1478,test,0,0.009303251
6841,test,0,0.009712457
7153,test,0,0.008453257
7155,test,0,0.008871242
3191,test,0,0.008871242
10496,test,0,0.8008362
6035,test,0,0.00864898
6964,test,0,0.76655483
6026,test,0,0.008465956
8456,test,0,0.7195351
4148,test,0,0.009621858
9108,test,0,0.7590531
4327,test,0,0.009861754
8646,test,0,0.007985856
820,test,0,0.37584722
9720,test,0,0.00825973
10979,test,0,0.112237364
9103,test,0,0.020658797
9285,test,0,0.0099738045
108,test,0,0.5215707
7207,test,0,0.7033429
4169,test,0,0.009431843
5607,test,0,0.7047952
9609,test,0,0.015639883
1706,test,0,0.007942934
4632,test,0,0.015080736
2486,test,0,0.77785826
5702,test,0,0.79241526
5329,test,0,0.00825973
4328,test,0,0.009506254
8045,test,0,0.00825973
2915,test,0,0.06130175
2293,test,0,0.008011258
10799,test,0,0.019059572
8565,test,0,0.009908327
9206,test,0,0.5890227
10291,test,0,0.030041562
8289,test,0,0.009526332
8878,test,0,0.009908327
9323,test,0,0.0076484755
5960,test,0,0.009217432
6996,test,0,0.010640582
4335,test,0,0.017758343
8329,test,0,0.010155292
9710,test,0,0.010187523
1183,test,0,0.01486999
181,test,0,0.77317953
290,test,0,0.009939783
7172,test,0,0.007985856
854,test,0,0.861579
7396,test,0,0.25582942
6729,test,0,0.00935711
9867,test,0,0.010288592
7891,test,0,0.010155292
10359,test,0,0.47160587
2481,test,0,0.014530478
8922,test,0,0.009908327
2921,test,0,0.009908327
846,test,0,0.009908327
980,test,0,0.7070074
9401,test,0,0.012203332
2370,test,0,0.03247059
10425,test,0,0.008546585
1606,test,0,0.00824054
9600,test,0,0.015660217
8515,test,0,0.009908327
8918,test,0,0.009908327
6598,test,0,0.008453257
835,test,0,0.0128476275
3488,test,0,0.009908327
10703,test,0,0.009526332
8883,test,0,0.010688185
10641,test,0,0.009526332
1625,test,0,0.009526332
7685,test,0,0.009304244
9089,test,0,0.009939783
2483,test,0,0.68610835
2414,test,0,0.692476
2143,test,0,0.02698377
5473,test,0,0.026384735
1581,test,0,0.011503506
3142,test,0,0.010155292
10324,test,0,0.031946607
7766,test,0,0.7581298
2005,test,0,0.6251747
3149,test,0,0.010155292
7690,test,0,0.009908327
6587,test,0,0.0093343565
2106,test,0,0.009580325
6746,test,0,0.008246575
6079,test,0,0.016955456
10540,test,0,0.84911877
2892,test,0,0.68749446
607,test,0,0.21081209
4377,test,0,0.009526332
2888,test,0,0.031946607
7999,test,0,0.009908327
9736,test,0,0.7503759
400,test,0,0.10457136
614,test,0,0.020658797
6601,test,0,0.011071659
1853,test,0,0.56895053
7403,test,0,0.009908327
3535,test,0,0.009556587
8446,test,0,0.02220728
3144,test,0,0.010906848
7631,test,0,0.74268776
5811,test,0,0.013164229
264,test,0,0.68610096
6067,test,0,0.0127668185
7012,test,0,0.008453257
4309,test,0,0.019059572
9730,test,0,0.009908327
7917,test,0,0.30806702
6599,test,0,0.009621858
2914,test,0,0.01250821
4055,test,0,0.010187523
1595,test,0,0.010640582
7416,test,0,0.011364767
3770,test,0,0.020658797
9882,test,0,0.015132449
3878,test,0,0.72601706
9046,test,0,0.8577033
7159,test,0,0.010155292
4302,test,0,0.10963475
6031,test,0,0.8814796
3459,test,0,0.009526332
7397,test,0,0.013379908
4048,test,0,0.012826485
7252,test,0,0.011647608
9227,test,0,0.38031942
5343,test,0,0.0107220905
3011,test,0,0.020658797
252,test,0,0.009526332
6715,test,0,0.009908327
8748,test,0,0.010187523
985,test,0,0.009526332
992,test,0,0.009526332
8584,test,0,0.012203332
8721,test,0,0.048836663
2750,test,0,0.009908327
10794,test,0,0.010829343
5814,test,0,0.012159152
2420,test,0,0.028273407
268,test,0,0.011364767
1857,test,0,0.009939783
9204,test,0,0.012512386
4308,test,0,0.012512386
3486,test,0,0.009526332
7119,test,0,0.009580325
855,test,0,0.011647608
4323,test,0,0.010155292
7694,test,0,0.010155292
1584,test,0,0.7193758
2155,test,0,0.010342102
8765,test,0,0.80679977
7268,test,0,0.011834163
9172,test,0,0.062042657
1598,test,0,0.062042657
9532,test,0,0.009939783
2275,test,0,0.66930056
1518,test,0,0.011364767
1698,test,0,0.010453335
3141,test,0,0.009526332
3123,test,0,0.011364767
815,test,0,0.0092205545
9092,test,0,0.009526332
4320,test,0,0.010730788
829,test,0,0.0071708737
7160,test,0,0.010230648
3533,test,0,0.010155292
1381,test,0,0.7283282
9282,test,0,0.0084251985
2158,test,0,0.5510128
6979,test,0,0.010288592
10646,test,0,0.009526332
8288,test,0,0.009908327
3467,test,0,0.6384546
9296,test,0,0.8021279
8570,test,0,0.0077204183
6306,test,0,0.14222987
1528,test,0,0.019059572
2408,test,0,0.009939783
10455,test,0,0.0076739676
3460,test,0,0.010342102
100,test,0,0.009908327
1695,test,0,0.009908327
7368,test,0,0.009610751
2399,test,0,0.009908327
137,test,0,0.009939783
9222,test,0,0.017758343
11031,test,0,0.020658797
5574,test,0,0.009908327
2423,test,0,0.009908327
7691,test,0,0.009526332
5987,test,0,0.014530478
2100,test,0,0.3660482
4150,test,0,0.011266159
2116,test,0,0.03448465
9677,test,0,0.20388106
7115,test,0,0.70642674
7888,test,0,0.009939783
9850,test,0,0.009908327
7413,test,0,0.0120383445
6971,test,0,0.018099738
9942,test,0,0.010288592
5183,test,0,0.4475815
686,test,0,0.67785406
2018,test,0,0.011297087
4298,test,0,0.031946607
2034,test,0,0.010155292
8229,test,0,0.017758343
9093,test,0,0.010378618
10864,test,0,0.010378618
9311,test,0,0.13088064
9309,test,0,0.009939783
10653,test,0,0.59880847
8997,test,0,0.010342102
2960,test,0,0.74018097
9299,test,0,0.009526332
7277,test,0,0.011684521
136,test,0,0.010688185
8696,test,0,0.009526332
10452,test,0,0.009526332
5560,test,0,0.010155292
843,test,0,0.010187523
3559,test,0,0.009317633
2163,test,0,0.009526332
4384,test,0,0.009526332
6230,test,0,0.020658797
9293,test,0,0.4217809
101,test,0,0.009526332
4186,test,0,0.011400794
251,test,0,0.010155292
3464,test,0,0.010342102
236,test,0,0.009556587
6603,test,0,0.009526332
8351,test,0,0.009556587
10421,test,0,0.8319926
9691,test,0,0.7800167
5563,test,0,0.011364767
4329,test,0,0.010640582
3553,test,0,0.010342102
5478,test,0,0.03380879
8877,test,0,0.011436902
1851,test,0,0.009526332
8880,test,0,0.009908327
8281,test,0,0.009908327
8297,test,0,0.0133139305
2430,test,0,0.27767512
3544,test,0,0.009908327
2406,test,0,0.010155292
8756,test,0,0.008459338
8000,test,0,0.010342102
5690,test,0,0.010288592
10677,test,0,0.015016906
5165,test,0,0.0138078965
7689,test,0,0.7361482
2372,test,0,0.009567954
4319,test,0,0.010155292
6991,test,0,0.010155292
11027,test,0,0.020658797
2922,test,0,0.014294183
10858,test,0,0.009610751
9678,test,0,0.009526332
90,test,0,0.29877606
3513,test,0,0.014718963
9533,test,0,0.009196122
3294,test,0,0.008447172
9083,test,0,0.010155292
991,test,0,0.010155292
9959,test,0,0.7247977
1866,test,0,0.011364767
8534,test,0,0.44103345
3232,test,0,0.009556587
10673,test,0,0.009580325
5804,test,0,0.020658797
1715,test,0,0.011341587
974,test,0,0.7143386
4389,test,0,0.011834163
6245,test,0,0.020658797
286,test,0,0.26416865
275,test,0,0.4840217
263,test,0,0.009526332
6978,test,0,0.020658797
6837,test,0,0.009908327
1603,test,0,0.67573434
1605,test,0,0.009580325
8019,test,0,0.45604932
2048,test,0,0.52589166
273,test,0,0.010842391
230,test,0,0.010155292
4305,test,0,0.025545223
6736,test,0,0.009908327
2167,test,0,0.6842089
9654,test,0,0.010640582
3456,test,0,0.01037492
289,test,0,0.78585756
8876,test,0,0.010342102
10541,test,0,0.026991028
6579,test,0,0.7498974
3192,test,0,0.5807984
3656,test,0,0.009908327
1710,test,0,0.010155292
8332,test,0,0.01238049
8090,test,0,0.02541911
7220,test,0,0.74246967
10866,test,0,0.010378618
3473,test,0,0.01071251
7381,test,0,0.019112224
6045,test,0,0.18949948
2042,test,0,0.01038432
2359,test,0,0.009078965
4184,test,0,0.008453257
9712,test,0,0.24965444
1593,test,0,0.009317633
2919,test,0,0.009939783
9405,test,0,0.013164229
9597,test,0,0.014262433
2736,test,0,0.014262433
1238,test,0,0.02102457
9899,test,0,0.009317633
8324,test,0,0.02773517
2367,test,0,0.48417908
3227,test,0,0.8010654
4262,test,0,0.010155292
3515,test,0,0.009908327
5339,test,0,0.010155292
4149,test,0,0.010230648
3224,test,0,0.7899099
9097,test,0,0.337207
2056,test,0,0.010730788
5651,test,0,0.015436151
9071,test,0,0.009526332
2020,test,0,0.010640582
7198,test,0,0.010230648
2108,test,0,0.020658797
5797,test,0,0.02623927
8292,test,0,0.0159446
5764,test,0,0.81491715
8011,test,0,0.23120917
4648,test,0,0.34687448
7260,test,0,0.009556587
4044,test,0,0.8919933
2049,test,0,0.36520633
9043,test,0,0.009526332
9073,test,0,0.009526332
1700,test,0,0.79847986
10714,test,0,0.009908327
7769,test,0,0.009580325
5207,test,0,0.20901991
118,test,0,0.15091884
696,test,0,0.014530478
8923,test,0,0.7644343
4045,test,0,0.009908327
7117,test,0,0.757016
10489,test,0,0.010155292
5700,test,0,0.85063624
2148,test,0,0.009908327
8978,test,0,0.010905598
8322,test,0,0.016643276
6301,test,0,0.009556587
4297,test,0,0.019002337
10685,test,0,0.008273746
7920,test,0,0.010155292
4435,test,0,0.015864862
1341,test,0,0.020658797
5214,test,0,0.02653776
1626,test,0,0.010915035
6313,test,0,0.010683985
7150,test,0,0.6893407
6577,test,0,0.020658797
8323,test,0,0.46814594
4622,test,0,0.5049213
9546,test,0,0.011166563
2402,test,0,0.011857008
3667,test,0,0.56007427
4565,test,0,0.020658797
6856,test,0,0.009526332
1812,test,0,0.025560772
2898,test,0,0.020658797
1852,test,0,0.8662537
6392,test,0,0.020658797
3127,test,0,0.010342102
2725,test,0,0.02220728
2482,test,0,0.020658797
9835,test,0,0.015137452
6852,test,0,0.010475549
7269,test,0,0.037747417
9692,test,0,0.02260868
10690,test,0,0.009580325
1407,test,0,0.020658797
1,test,0,0.010475549
4303,test,0,0.874507
6308,test,0,0.011990589
8338,test,0,0.0210259
7989,test,0,0.020658797
7991,test,0,0.0159446
10446,test,0,0.0159446
9207,test,0,0.010230648
8303,test,0,0.008552486
1821,test,0,0.016784145
176,test,0,0.020658797
9074,test,0,0.534175
6238,test,0,0.86372155
2980,test,0,0.020658797
2046,test,0,0.017522046
6741,test,0,0.6283475
5658,test,0,0.020658797
6073,test,0,0.010342102
1671,test,0,0.3398837
7266,test,0,0.017754378
1872,test,0,0.010342102
1353,test,0,0.016784145
2131,test,0,0.58318335
10287,test,0,0.008273746
224,test,0,0.6491038
4487,test,0,0.6875876
7021,test,0,0.8304574
7632,test,0,0.01038432
5194,test,0,0.7639851
9111,test,0,0.033711515
7409,test,0,0.010187523
2409,test,0,0.011201884
11026,test,0,0.020658797
4190,test,0,0.010475549
10798,test,0,0.020658797
6307,test,0,0.012561382
6040,test,0,0.014652276
7882,test,0,0.014048798
8454,test,0,0.6358581
4618,test,0,0.7652408
7982,test,0,0.020658797
3147,test,0,0.015621305
8567,test,0,0.7116877
2153,test,0,0.7214284
2896,test,0,0.020658797
5773,test,0,0.8785933
6849,test,0,0.010905598
3392,test,0,0.020658797
2361,test,0,0.010155292
8885,test,0,0.01037492
1859,test,0,0.0120383445
10654,test,0,0.017522046
3879,test,0,0.017017154
836,test,0,0.012276924
7161,test,0,0.2329783
9595,test,0,0.011990589
6299,test,0,0.81824183
10530,test,0,0.01563578
3136,test,0,0.50010604
186,test,0,0.01563578
9596,test,0,0.009908327
3786,test,0,0.7830375
1243,test,0,0.8080913
7005,test,0,0.761349
9910,test,0,0.011400794
1604,test,0,0.0159446
3189,test,0,0.03059774
9315,test,0,0.010905598
7695,test,0,0.027593452
2356,test,0,0.009908327
4641,test,0,0.01272653
10179,test,0,0.020695686
2011,test,0,0.028554209
4627,test,0,0.010475549
200,test,0,0.89714074
9054,test,0,0.011982091
9885,test,0,0.016370406
1362,test,0,0.8062771
5694,test,0,0.020658797
3212,test,0,0.020658797
4173,test,0,0.013647757
8301,test,0,0.013085101
7206,test,1,0.7730746
10859,test,0,0.020658797
1339,test,0,0.30315536
5184,test,0,0.014718687
5704,test,0,0.019760372
10057,test,0,0.020658797
1360,test,0,0.30907434
119,test,0,0.01697875
6592,test,0,0.017522046
9907,test,0,0.010342102
5777,test,0,0.020658797
857,test,0,0.0111664785
7165,test,0,0.020658797
4311,test,0,0.020658797
3527,test,0,0.00844019
9856,test,0,0.009317633
7110,test,0,0.23615193
4502,test,0,0.015269471
2157,test,0,0.010640582
5166,test,0,0.46379662
8992,test,0,0.8756628
7980,test,0,0.020658797
7179,test,0,0.020658797
1858,test,0,0.0159446
11017,test,0,0.020658797
5609,test,0,0.7232794
8929,test,0,0.012895315
9606,test,0,0.016189499
4178,test,0,0.71498597
8382,test,0,0.81533307
4491,test,0,0.020658797
8944,test,0,0.015509182
7880,test,0,0.7434996
10783,test,0,0.020658797
2171,test,0,0.009908327
9862,test,0,0.7073784
1816,test,0,0.76426446
9289,test,0,0.014018468
2890,test,0,0.016670143
249,test,0,0.7823284
3487,test,0,0.78228897
3233,test,0,0.8478746
9320,test,0,0.010155292
8235,test,0,0.015269471
7885,test,0,0.012276924
5790,test,0,0.020658797
1608,test,0,0.7095942
6839,test,0,0.010475549
4147,test,0,0.013837557
5796,test,0,0.020658797
132,test,0,0.012315806
3540,test,0,0.66127026
3234,test,0,0.8144376
2440,test,0,0.8509547
7013,test,0,0.0137096755
5198,test,0,0.045025814
856,test,0,0.014893863
10519,test,0,0.31143403
5980,test,0,0.016768618
6597,test,0,0.013975554
9075,test,0,0.015213583
8889,test,0,0.014718687
4250,test,0,0.8602387
6961,test,0,0.11453637
1481,test,0,0.13189706
1577,test,0,0.028438425
7108,test,0,0.09307685
4613,test,0,0.03537731
7105,test,0,0.13790447
4295,test,0,0.15525836
3792,test,0,0.26443535
250,test,0,0.027865171
7898,test,0,0.021400146
2891,test,0,0.021400146
1811,test,0,0.123659655
9168,test,0,0.10570267
3455,test,0,0.10570267
10716,test,0,0.16959403
6726,test,0,0.120021366
5667,test,0,0.054997556
13,test,0,0.3731339
1862,test,0,0.10737736
5271,test,0,0.14149432
8657,test,0,0.25351125
10674,test,0,0.021107515
6068,test,0,0.034395095
9711,test,0,0.2230506
8052,test,0,0.020557795
9101,test,0,0.020557795
1380,test,0,0.030880878
2159,test,0,0.4703634
3554,test,0,0.010929717
2052,test,0,0.028855437
5809,test,0,0.013859893
3661,test,0,0.116972305
7753,test,0,0.2773398
693,test,0,0.016298976
627,test,0,0.016298976
10284,test,0,0.016298976
1195,test,0,0.1317173
2489,test,0,0.03274025
9820,test,0,0.14870168
11030,test,0,0.1339996
4299,test,0,0.016868668
88,test,0,0.21802628
1366,test,0,0.07303236
2150,test,0,0.025019193
1627,test,0,0.021076236
7425,test,0,0.023018159
9291,test,0,0.023018159
6590,test,0,0.07462695
9900,test,0,0.023904486
10639,test,0,0.023904486
1363,test,0,0.08835981
3662,test,0,0.08416809
8062,test,0,0.18430586
9675,test,0,0.024908397
2383,test,0,0.19530198
5972,test,0,0.0544806
9719,test,0,0.022737943
6028,test,0,0.025019193
10528,test,0,0.22646889
9211,test,0,0.09125968
8061,test,0,0.0293954
1349,test,0,0.0293954
116,test,0,0.19323085
390,test,0,0.022530157
8225,test,0,0.26273522
1702,test,0,0.010474402
9879,test,0,0.21059537
4425,test,0,0.27587903
5476,test,0,0.109530434
11037,test,0,0.14272813
606,test,0,0.022556419
619,test,0,0.019151771
10676,test,0,0.013422759
2729,test,0,0.0120503
10867,test,0,0.1858136
1196,test,0,0.13596772
2733,test,0,0.046683494
7635,test,0,0.016604247
10643,test,0,0.014163909
2436,test,0,0.014163909
4558,test,0,0.0382811
3590,test,0,0.23239708
981,test,0,0.025019193
1823,test,0,0.009650222
3007,test,0,0.11054298
10791,test,0,0.046827853
1357,test,0,0.17432655
1185,test,0,0.01577138
1665,test,0,0.2819733
8381,test,0,0.019193046
5776,test,0,0.18395807
3296,test,0,0.019193046
5647,test,0,0.019193046
5986,test,0,0.07691947
9821,test,0,0.019193046
178,test,0,0.013873757
1245,test,0,0.14341296
5996,test,0,0.15093721
7755,test,0,0.19781034
5213,test,0,0.021400146
1382,test,0,0.15749212
1486,test,0,0.15809165
10290,test,0,0.1384676
7166,test,0,0.019193046
9933,test,0,0.019193046
6595,test,0,0.3712332
4562,test,0,0.07806413
3877,test,0,0.008343851
8879,test,0,0.010058183
1661,test,0,0.009630832
9662,test,0,0.021769846
4269,test,0,0.020285362
1650,test,0,0.31340542
824,test,0,0.020792468
1392,test,0,0.021400146
8706,test,0,0.39486185
4633,test,0,0.009046924
1848,test,0,0.035590313
9076,test,0,0.009137688
85,test,0,0.009900289
1864,test,0,0.009137688
8693,test,0,0.0416769
9723,test,0,0.009868956
9892,test,0,0.009868956
2350,test,0,0.009499872
8009,test,0,0.009137688
6722,test,0,0.14555821
9094,test,0,0.009137688
5268,test,0,0.009137688
6990,test,0,0.008477136
3394,test,0,0.00827064
825,test,0,0.009365628
7212,test,0,0.009046924
4188,test,0,0.009137688
638,test,0,0.009383961
7752,test,0,0.062029563
238,test,0,0.30030987
7401,test,0,0.01366087
6310,test,0,0.0101821115
9098,test,0,0.0101821115
9292,test,0,0.009137688
1406,test,0,0.012178125
7852,test,0,0.014163909
6740,test,0,0.013977177
3293,test,0,0.0098135555
10289,test,0,0.0101821115
10786,test,0,0.011198019
2145,test,0,0.011198019
11029,test,0,0.19594148
6043,test,0,0.026142424
9838,test,0,0.010598333
2348,test,0,0.010598333
229,test,0,0.16580696
8348,test,0,0.15925033
1493,test,0,0.013070409
4574,test,0,0.010862309
3138,test,0,0.009046924
10800,test,0,0.008343851
3799,test,0,0.008933145
4388,test,0,0.14168166
9713,test,0,0.011475567
9237,test,0,0.013566201
3226,test,0,0.009769372
1198,test,0,0.00827064
611,test,0,0.008933145
9831,test,0,0.011982395
812,test,0,0.011982395
3210,test,0,0.17117906
2745,test,0,0.057796653
3389,test,0,0.015293999
5333,test,0,0.010449878
2982,test,0,0.010214428
8350,test,0,0.015015446
6989,test,0,0.20496726
5815,test,0,0.013075227
10984,test,0,0.22279622
3218,test,0,0.010114014
7875,test,0,0.010427861
2127,test,0,0.00847673
8453,test,0,0.038453612
8524,test,0,0.0101821115
10550,test,0,0.0101821115
3207,test,0,0.0101821115
8448,test,0,0.0101821115
3458,test,0,0.011231939
4559,test,0,0.006662405
6578,test,0,0.009137688
4488,test,0,0.008317403
7374,test,0,0.020557795
7418,test,0,0.15307069
6029,test,0,0.019228198
11024,test,0,0.04221011
5222,test,0,0.008317403
5963,test,0,0.011887406
6044,test,0,0.009365628
94,test,0,0.1919622
3675,test,0,0.009868956
3148,test,0,0.009296288
9051,test,0,0.009137688
2047,test,0,0.009046924
9091,test,0,0.19784226
1666,test,0,0.0133580575
2019,test,0,0.0133580575
10691,test,0,0.01011495
6580,test,0,0.019193046
8747,test,0,0.21408702
10537,test,0,0.1404377
7419,test,0,0.025019193
3660,test,0,0.12655744
4609,test,0,0.009137688
4137,test,0,0.14214028
858,test,0,0.009365628
102,test,0,0.17852141
5981,test,0,0.17881048
2731,test,0,0.013441806
6080,test,0,0.007240191
629,test,0,0.008592539
3223,test,0,0.009908467
4332,test,0,0.016356139
2429,test,0,0.16627207
3790,test,0,0.09012634
3006,test,0,0.014224291
7154,test,0,0.016826445
5190,test,0,0.03013106
2376,test,0,0.009137688
813,test,0,0.009137688
10792,test,0,0.2011527
8287,test,0,0.06996167
2135,test,0,0.1167917
7006,test,0,0.009137688
3295,test,0,0.17720266
6737,test,0,0.22036268
6744,test,0,0.009365628
10448,test,0,0.009783889
6389,test,0,0.100298114
7422,test,0,0.0914608
2978,test,0,0.0076243165
6388,test,0,0.11108526
8328,test,0,0.24136434
5569,test,0,0.015095411
9,test,0,0.03690549
1488,test,0,0.03690549
1387,test,0,0.014098168
2400,test,0,0.014098168
8282,test,0,0.009868956
1654,test,0,0.10480772
2920,test,0,0.013977177
10491,test,0,0.12975252
9549,test,0,0.024621172
1597,test,0,0.08114751
7148,test,0,0.18970858
10493,test,0,0.08001192
2439,test,0,0.053453524
1697,test,0,0.20896137
6087,test,0,0.015308748
5810,test,0,0.008317403
1182,test,0,0.2513636
8576,test,0,0.009137688
9617,test,0,0.0126351835
2983,test,0,0.019193046
2022,test,0,0.03796547
4381,test,0,0.009365628
1344,test,0,0.030984897
3517,test,0,0.030984897
8983,test,0,0.021400146
2036,test,0,0.009137688
5225,test,0,0.04931135
14,test,0,0.008317403
6716,test,0,0.012091918
8996,test,0,0.009137688
2738,test,0,0.23093255
259,test,0,0.19759397
6711,test,0,0.009365628
6240,test,0,0.009014054
9876,test,0,0.14740358
6745,test,0,0.13000165
8299,test,0,0.16116329
2981,test,0,0.15048051
6846,test,0,0.009365628
6318,test,0,0.009046924
6992,test,0,0.11001645
810,test,0,0.009046924
4634,test,0,0.009137688
1854,test,0,0.009046924
7107,test,0,0.0101821115
5784,test,0,0.019193046
1346,test,0,0.08627828
397,test,0,0.33168918
3537,test,0,0.009137688
10697,test,0,0.008675223
9688,test,0,0.23064466
9539,test,0,0.008592539
8334,test,0,0.008592539
266,test,0,0.24397582
7686,test,0,0.008592539
833,test,0,0.017372685
7201,test,0,0.009137688
2730,test,0,0.012274143
7205,test,0,0.009137688
5552,test,0,0.010403929
8892,test,0,0.45504168
9913,test,0,0.036348946
2404,test,0,0.009633407
7863,test,0,0.010403929
4185,test,0,0.010403929
834,test,0,0.3111985
5793,test,0,0.72076184
2138,test,0,0.14033017
10479,test,0,0.009633407
3598,test,0,0.30319908
8770,test,0,0.009499872
6036,test,0,0.009873588
7273,test,0,0.009137688
8569,test,0,0.010015041
5984,test,0,0.009663998
8587,test,0,0.009663998
4645,test,0,0.010992794
1244,test,0,0.015963616
697,test,0,0.040194858
2425,test,0,0.42117363
6315,test,0,0.012337001
9663,test,0,0.007434834
9543,test,0,0.0106631145
6980,test,0,0.02342427
9176,test,0,0.027670963
9897,test,0,0.012741757
7376,test,0,0.036331303
4615,test,0,0.009873588
8014,test,0,0.009537767
9846,test,0,0.009873588
246,test,0,0.0094783055
2031,test,0,0.009633407
6701,test,0,0.009633407
5652,test,0,0.011314634
4325,test,0,0.009537767
244,test,0,0.009873588
639,test,0,0.39799714
7019,test,0,0.013871931
5170,test,0,0.009537767
9110,test,0,0.019750414
3485,test,0,0.009633407
7915,test,0,0.009633407
3534,test,0,0.03292135
6986,test,0,0.010599528
2117,test,0,0.3723476
8060,test,0,0.010403929
17,test,0,0.0119939335
199,test,0,0.7038452
2909,test,0,0.27495235
3672,test,0,0.012934382
7884,test,0,0.015230682
3480,test,0,0.009824812
5187,test,0,0.009873588
5656,test,0,0.017383084
4563,test,0,0.09010101
8384,test,0,0.44022602
9715,test,0,0.009537767
4170,test,0,0.621704
9594,test,0,0.009783982
2095,test,0,0.008118582
1809,test,0,0.4720643
9840,test,0,0.009163456
5555,test,0,0.009873588
4131,test,0,0.009537767
2266,test,0,0.6354703
8568,test,0,0.009633407
1870,test,0,0.515317
8871,test,0,0.009633407
5566,test,0,0.009873588
10320,test,0,0.036331303
8286,test,0,0.0132133
7263,test,0,0.009633407
9827,test,0,0.008769015
5275,test,0,0.24602884
3217,test,0,0.010603304
1609,test,0,0.010200447
7704,test,0,0.009873588
632,test,0,0.009417873
6602,test,0,0.009663998
4318,test,0,0.009633407
10418,test,0,0.7789699
8285,test,0,0.019826386
2043,test,0,0.009873588
9084,test,0,0.009163456
5549,test,0,0.009633407
3520,test,0,0.5266483
5208,test,0,0.010345557
850,test,0,0.012214844
291,test,0,0.60954
3471,test,0,0.40520385
1356,test,0,0.042592797
8582,test,0,0.59175855
3387,test,0,0.116251886
2378,test,0,0.009873588
9205,test,0,0.009633407
2044,test,0,0.009957847
6070,test,0,0.4774821
8007,test,0,0.010584476
10481,test,0,0.018592292
1388,test,0,0.012078528
11033,test,0,0.010536486
8692,test,0,0.0117145255
9716,test,0,0.36707214
2885,test,0,0.39908352
7209,test,0,0.5571414
7375,test,0,0.015014733
8894,test,0,0.021127446
2294,test,0,0.645727
10916,test,0,0.4317281
4141,test,0,0.5179664
4037,test,0,0.01384389
8656,test,0,0.0086473245
2008,test,0,0.009085544
5186,test,0,0.013640389
6232,test,0,0.01647393
6977,test,0,0.015014733
6594,test,0,0.013864751
7151,test,0,0.3829332
1714,test,0,0.009633407
2172,test,0,0.3180692
10995,test,0,0.3138191
9082,test,0,0.010046832
2964,test,0,0.4269703
3205,test,0,0.21838465
8336,test,0,0.009633407
8048,test,0,0.009873588
6576,test,0,0.3731272
1179,test,0,0.4019252
9287,test,0,0.010403929
1590,test,0,0.009146085
4140,test,0,0.010344532
9863,test,0,0.010536486
10520,test,0,0.009417873
1623,test,0,0.2951481
7278,test,0,0.59310704
3798,test,0,0.019689199
3874,test,0,0.02372401
1694,test,0,0.009633407
1522,test,0,0.6598285
1483,test,0,0.011314634
841,test,0,0.009537767
9858,test,0,0.013298104
4171,test,0,0.009873588
9304,test,0,0.010015041
3481,test,0,0.5164193
1869,test,0,0.4171558
8092,test,0,0.6850256
3779,test,0,0.020389596
3214,test,0,0.7700484
9684,test,0,0.2624595
5266,test,0,0.5782052
8320,test,0,0.008769015
9621,test,0,0.009417873
8536,test,0,0.018626595
5710,test,0,0.021127446
3483,test,0,0.021127446
9807,test,0,0.019750414
2297,test,0,0.34405786
1808,test,0,0.42178363
9056,test,0,0.009663998
2912,test,0,0.28296274
9727,test,0,0.46335778
5538,test,0,0.021127446
5174,test,0,0.47481537
4301,test,0,0.014178029
5557,test,0,0.010599528
11020,test,0,0.010392158
2054,test,0,0.009146085
7379,test,0,0.011796061
4380,test,0,0.016327525
8013,test,0,0.010403929
3531,test,0,0.4215817
6071,test,0,0.009537767
1588,test,0,0.10350008
3521,test,0,0.009146085
2139,test,0,0.42857617
232,test,0,0.44228017
8343,test,0,0.009663998
6698,test,0,0.009633407
5600,test,0,0.23375383
10517,test,0,0.21366806
8050,test,0,0.009783982
10364,test,0,0.009633407
8873,test,0,0.009873588
3547,test,0,0.008883115
1616,test,0,0.009633407
6316,test,0,0.009873588
6994,test,0,0.009537767
6999,test,0,0.009680835
2346,test,0,0.009633407
3551,test,0,0.3143516
6743,test,0,0.009873588
8347,test,0,0.009058953
9085,test,0,0.009633407
7692,test,0,0.009873588
9319,test,0,0.20530008
105,test,0,0.009633407
971,test,0,0.009633407
5537,test,0,0.009633407
3457,test,0,0.0090898685
8882,test,0,0.009873588
1586,test,0,0.009537767
3659,test,0,0.010090786
5193,test,0,0.010015041
8975,test,0,0.009537767
5172,test,0,0.5539921
4041,test,0,0.009537767
3775,test,0,0.40260386
177,test,0,0.015014733
5326,test,0,0.009537767
7,test,0,0.017058248
688,test,0,0.017058248
8342,test,0,0.008463415
1860,test,0,0.009537767
3679,test,0,0.00864898
4266,test,0,0.009621858
2035,test,0,0.009633407
8750,test,0,0.009621858
4333,test,0,0.016246483
8704,test,0,0.009526332
10485,test,0,0.0159446
3396,test,0,0.06488709
5973,test,0,0.008002896
1377,test,0,0.7704182
5558,test,0,0.009633407
2961,test,0,0.4201933
4606,test,0,0.009861754
9063,test,0,0.5942365
4166,test,0,0.30994838
8585,test,0,0.010333164
7204,test,0,0.009526332
4604,test,0,0.009526332
6714,test,0,0.028222242
9053,test,0,0.010391467
8002,test,0,0.019160418
9686,test,0,0.6576171
8694,test,0,0.008453257
2121,test,0,0.0104538575
4386,test,0,0.009861754
9672,test,0,0.83918506
2295,test,0,0.44466317
4049,test,0,0.6362206
9290,test,0,0.009537767
4172,test,0,0.010230648
10914,test,0,0.7835815
2120,test,0,0.009123477
6713,test,0,0.009861754
10698,test,0,0.5058542
5967,test,0,0.009537767
2416,test,0,0.6013027
9066,test,0,0.73535955
7420,test,0,0.68239164
3204,test,0,0.46266976
6302,test,0,0.0127634285
8686,test,0,0.015105821
5261,test,0,0.009861754
10191,test,0,0.3588575
237,test,0,0.010391467
9837,test,0,0.009621858
6309,test,0,0.009861754
2126,test,0,0.6650966
9893,test,0,0.009861754
6042,test,0,0.009048087
10060,test,0,0.6003196
7016,test,0,0.009621858
10353,test,0,0.5126924
9294,test,0,0.40058136
10451,test,0,0.010650345
6032,test,0,0.015613322
5567,test,0,0.009621858
2916,test,0,0.45558473
9845,test,0,0.4971026
5782,test,0,0.017111989
10,test,0,0.01008423
7881,test,0,0.009621858
1390,test,0,0.010078696
1579,test,0,0.010078696
9231,test,0,0.014056052
3143,test,0,0.009526332
6702,test,0,0.54769975
7000,test,0,0.009526332
5551,test,0,0.009526332
1386,test,0,0.381674
4630,test,0,0.71713823
9877,test,0,0.52927476
3525,test,0,0.7731683
3606,test,0,0.01629773
7405,test,0,0.008453257
6847,test,0,0.51510113
5338,test,0,0.18730894
8345,test,0,0.577102
9852,test,0,0.009621858
10325,test,0,0.026068583
1578,test,0,0.034685098
10649,test,0,0.009058577
1613,test,0,0.42271954
6983,test,0,0.009652413
9210,test,0,0.009621858
3550,test,0,0.009652413
4255,test,0,0.011691395
4385,test,0,0.72459626
2028,test,0,0.014046163
3469,test,0,0.7223079
7210,test,0,0.009621858
10699,test,0,0.009621858
3008,test,0,0.49541697
3220,test,0,0.011446751
1618,test,0,0.013282221
4313,test,0,0.19308038
8321,test,0,0.61436576
6843,test,0,0.011808384
4139,test,0,0.009861754
2164,test,0,0.009861754
7009,test,0,0.010333164
5989,test,0,0.0083382465
8688,test,0,0.0066737155
2968,test,0,0.63405496
7203,test,0,0.009861754
110,test,0,0.010391467
3119,test,0,0.009621858
10675,test,0,0.7954232
9301,test,0,0.74040943
3203,test,0,0.019988332
9245,test,0,0.009473987
106,test,0,0.69956857
9052,test,0,0.009526332
9718,test,0,0.010590605
8710,test,0,0.01703107
4306,test,0,0.74343044
8063,test,0,0.009861754
3115,test,0,0.009621858
7625,test,0,0.6133922
6845,test,0,0.015613322
225,test,0,0.009526332
8925,test,0,0.78647476
8768,test,0,0.010391467
7011,test,0,0.009861754
983,test,0,0.0159446
7363,test,0,0.012215076
10655,test,0,0.0084801335
8987,test,0,0.009621858
9536,test,0,0.5932646
9681,test,0,0.86384624
8581,test,0,0.009556587
9898,test,0,0.009861754
2380,test,0,0.009526332
10647,test,0,0.008453257
3478,test,0,0.009621858
1703,test,0,0.009526332
1718,test,0,0.009621858
8932,test,0,0.009621858
5265,test,0,0.6786968
10454,test,0,0.009526332
4167,test,0,0.009526332
7703,test,0,0.6202415
1489,test,0,0.049521938
4135,test,0,0.01754784
6981,test,0,0.009861754
2741,test,0,0.01238049
7215,test,0,0.009621858
8571,test,0,0.009621858
9069,test,0,0.6990373
280,test,0,0.009526332
4181,test,0,0.7125525
265,test,0,0.009526332
9673,test,0,0.73110014
10065,test,0,0.54196715
9722,test,0,0.009526332
8872,test,0,0.009861754
2752,test,0,0.008453257
10482,test,0,0.009621858
831,test,0,0.5760459
4326,test,0,0.009621858
2037,test,0,0.008998899
7637,test,0,0.8392911
9946,test,0,0.008758494
984,test,0,0.010391467
3140,test,0,0.011071628
8339,test,0,0.6720241
9887,test,0,0.6070454
3150,test,0,0.009526332
99,test,0,0.65162325
7889,test,0,0.0098131895
8684,test,0,0.009621858
9208,test,0,0.009861754
4636,test,0,0.012041118
7373,test,0,0.098907486
5978,test,0,0.009526332
5332,test,0,0.009621858
3479,test,0,0.009621858
5573,test,0,0.6706412
5572,test,0,0.009526332
2347,test,0,0.009861754
10715,test,0,0.009526332
3470,test,0,0.009861754
8335,test,0,0.009253304
3539,test,0,0.0159446
4035,test,0,0.008169722
276,test,0,0.009861754
2149,test,0,0.009621858
10522,test,0,0.009406581
698,test,0,0.01156694
2917,test,0,0.010830764
2403,test,0,0.009621858
4336,test,0,0.52703327
245,test,0,0.009048087
10692,test,0,0.41213188
3526,test,0,0.009621858
2357,test,0,0.009526332
2366,test,0,0.009621858
3543,test,0,0.009621858
4432,test,0,0.526433
9058,test,0,0.011139474
9811,test,0,0.011139474
4396,test,0,0.010391467
5769,test,0,0.5679209
1655,test,0,0.80875266
3117,test,0,0.011921872
5788,test,0,0.017386438
4059,test,0,0.017386438
7400,test,0,0.008453257
6724,test,0,0.01000304
9305,test,0,0.010424441
6735,test,0,0.009861754
5709,test,0,0.46026203
8383,test,0,0.6362773
243,test,0,0.57111245
2006,test,0,0.6017195
3180,test,0,0.018910214
7757,test,0,0.016246483
5178,test,0,0.7261101
817,test,0,0.8550954
2132,test,0,0.009772255
3519,test,0,0.009861754
2053,test,0,0.77457017
9535,test,0,0.009861754
10173,test,0,0.3469806
8047,test,0,0.009861754
1526,test,0,0.018570041
8993,test,0,0.0152100045
262,test,0,0.3220729
1231,test,0,0.010829343
9826,test,0,0.015916158
978,test,0,0.009621858
7362,test,0,0.10347128
5278,test,0,0.009621858
2742,test,0,0.010391467
603,test,0,0.01997892
988,test,0,0.49085298
7257,test,0,0.010403036
7890,test,0,0.55518335
7415,test,0,0.009861754
4647,test,0,0.82950956
255,test,0,0.070571594
7199,test,0,0.59547496
8380,test,0,0.011159026
4036,test,0,0.009526332
9166,test,0,0.017307604
2407,test,0,0.011632451
10709,test,0,0.011436805
1693,test,0,0.009621858
7276,test,0,0.2909114
9810,test,0,0.3042228
175,test,0,0.77270234
9945,test,0,0.8122197
9212,test,0,0.4377582
3546,test,0,0.009526332
5322,test,0,0.010420792
10637,test,0,0.009652413
1585,test,0,0.009526332
8586,test,0,0.008998899
8231,test,0,0.52808934
4390,test,0,0.009893065
10358,test,0,0.82415766
7219,test,0,0.77458
5712,test,0,0.7698883
9542,test,0,0.010110687
3225,test,0,0.12851776
5540,test,0,0.009526332
1410,test,0,0.60062873
4378,test,0,0.010424441
4191,test,0,0.752662
8690,test,0,0.010230648
9607,test,0,0.009621858
8331,test,0,0.54317653
8447,test,0,0.013715977
129,test,0,0.24452588
7254,test,0,0.009861754
7258,test,0,0.009048087
10645,test,0,0.009861754
9932,test,0,0.23169945
111,test,0,0.008453257
5340,test,0,0.010650345
8767,test,0,0.69132626
4492,test,0,0.6959979
6037,test,0,0.64387095
9726,test,0,0.011691395
5562,test,0,0.009621858
1719,test,0,0.8030163
6,test,0,0.6741094
6312,test,0,0.009048087
5192,test,0,0.009861754
3287,test,0,0.60434043
2743,test,0,0.009621858
2405,test,0,0.009621858
10704,test,0,0.0159446
2974,test,0,0.008758494
8527,test,0,0.8179069
1822,test,0,0.015866091
9050,test,0,0.007977222
604,test,0,0.42718893
6076,test,0,0.7393457
10713,test,0,0.009526332
3193,test,0,0.6354469
5971,test,0,0.66769356
8924,test,0,0.010391467
6600,test,0,0.009621858
1364,test,0,0.25416526
103,test,0,0.71201676
6842,test,0,0.52027833
4268,test,0,0.009048087
7918,test,0,0.79812306
1361,test,0,0.009861754
7380,test,0,0.009954989
2029,test,0,0.0072140936
3771,test,0,0.006554359
1379,test,0,0.013259443
3673,test,0,0.011106736
3135,test,0,0.009621858
3666,test,0,0.010110687
2040,test,0,0.009861754
5565,test,0,0.009621858
5698,test,0,0.4890648
8531,test,0,0.030921375
96,test,0,0.008758494
7015,test,0,0.5582462
9853,test,0,0.009048087
9297,test,0,0.40158188
6027,test,0,0.009861754
8562,test,0,0.009621858
8935,test,0,0.54466105
9283,test,0,0.010391467
8884,test,0,0.024421444
4193,test,0,0.009621858
4321,test,0,0.009861754
8754,test,0,0.01008423
3475,test,0,0.009048087
1531,test,0,0.034894582
287,test,0,0.008453257
5979,test,0,0.009621858
6855,test,0,0.010742219
9714,test,0,0.009526332
9220,test,0,0.009556587
2146,test,0,0.009526332
1612,test,0,0.009526332
4264,test,0,0.009526332
15,test,0,0.009621858
2732,test,0,0.57023126
4626,test,0,0.009621858
9604,test,0,0.015627746
7003,test,0,0.833528
6707,test,0,0.62239265
4,test,0,0.010333164
257,test,0,0.45674586
6314,test,0,0.010590605
4253,test,0,0.44133788
9529,test,0,0.00864898
8578,test,0,0.0084801335
182,test,0,0.019988332
4338,test,0,0.009621858
6081,test,0,0.009621858
9062,test,0,0.022999346
7421,test,0,0.41727757
3462,test,0,0.53298295
5202,test,0,0.0159446
194,test,0,0.5678472
11019,test,0,0.7976913
816,test,0,0.01105972
8762,test,0,0.009861754
6851,test,0,0.008453257
1193,test,0,0.51819193
8701,test,0,0.87053055
5272,test,0,0.009794951
2166,test,0,0.009556587
3015,test,0,0.7757584
1653,test,0,0.6003701
9905,test,0,0.009526332
7175,test,0,0.0104538575
5548,test,0,0.010436046
7164,test,0,0.008758494
9284,test,0,0.5927089
9836,test,0,0.6627213
11022,test,0,0.019988332
3184,test,0,0.83571976
972,test,0,0.009621858
5264,test,0,0.009621858
8759,test,0,0.01156694
10994,test,0,0.0117819505
9239,test,0,0.4635848
8689,test,0,0.009861754
2133,test,0,0.008453257
5564,test,0,0.011159026
9690,test,0,0.009526332
3222,test,0,0.009652413
10486,test,0,0.41940248
8354,test,0,0.009621858
4490,test,0,0.15684073
6966,test,0,0.5426835
3663,test,0,0.009861754
6993,test,0,0.64873827
7395,test,0,0.028920159
4607,test,0,0.6099188
3677,test,0,0.55526894
7008,test,0,0.008169722
278,test,0,0.01008423
4031,test,0,0.010230648
10456,test,0,0.009861754
6244,test,0,0.8115187
7256,test,0,0.4962925
7261,test,0,0.0108723445
285,test,0,0.009526332
7162,test,0,0.014725446
4144,test,0,0.010333164
7696,test,0,0.009893065
7698,test,0,0.009621858
10444,test,0,0.01000304
5959,test,0,0.00975102
9096,test,0,0.029161934
4033,test,0,0.85401267
5568,test,0,0.00864898
1583,test,0,0.009621858
5273,test,0,0.6932835
109,test,0,0.008953791
8344,test,0,0.009621858
10712,test,0,0.01000304
993,test,0,0.26071462
979,test,0,0.009076837
2911,test,0,0.027362723
5556,test,0,0.009914437
10490,test,0,0.009351065
292,test,0,0.26015672
234,test,0,0.549178
1619,test,0,0.011011104
5189,test,0,0.8201942
8749,test,0,0.774788
9303,test,0,0.009621858
9668,test,0,0.010410347
8888,test,0,0.009621858
1696,test,0,0.01059182
2906,test,0,0.011451737
1589,test,0,0.010683985
1373,test,0,0.008453257
10555,test,0,0.028990956
3139,test,0,0.009861754
3452,test,0,0.009526332
7213,test,0,0.009621858
1378,test,0,0.009861754
10531,test,0,0.7939325
2412,test,0,0.009652413
8053,test,0,0.014260228
2349,test,0,0.0120175425
1868,test,0,0.6570105
3463,test,0,0.01530006
8302,test,0,0.009526332
6077,test,0,0.0159446
107,test,0,0.009861754
10413,test,0,0.8389642
8926,test,0,0.009621858
3548,test,0,0.010081717
9851,test,0,0.04743852
2382,test,0,0.012034086
9888,test,0,0.011994816
3523,test,0,0.011994816
5197,test,0,0.010605341
2401,test,0,0.009621858
2173,test,0,0.010683985
9724,test,0,0.8362037
9857,test,0,0.7219262
4651,test,0,0.03359354
8563,test,0,0.01462691
4134,test,0,0.009621858
1818,test,0,0.009372805
2373,test,0,0.0110366605
10702,test,0,0.0150389485
1365,test,0,0.017261937
4133,test,0,0.010590605
7995,test,0,0.6128302
7914,test,0,0.76315427
6311,test,0,0.009652413
1867,test,0,0.009606553
8353,test,0,0.009556587
1355,test,0,0.74788463
6039,test,0,0.094759114
6303,test,0,0.0110366605
201,test,0,0.0314451
4265,test,0,0.010342102
6696,test,0,0.009861754
6850,test,0,0.009991242
6046,test,0,0.47846952
4628,test,0,0.009861754
10188,test,0,0.030551106
7280,test,0,0.010829343
10329,test,0,0.017303225
3131,test,0,0.0159446
4136,test,0,0.009621858
8564,test,0,0.011297087
7913,test,0,0.6411083
7858,test,0,0.009282701
9823,test,0,0.41041112
4192,test,0,0.009621858
274,test,0,0.011106055
11,test,0,0.01197959
10672,test,0,0.021572975
7927,test,0,0.009526332
10547,test,0,0.68374336
269,test,0,0.009621858
7895,test,0,0.00864898
126,test,0,0.0076484755
4058,test,0,0.009621858
2101,test,0,0.014530478
5799,test,0,0.32377675
1856,test,0,0.009526332
8766,test,0,0.62663853
1513,test,0,0.038807806
7626,test,0,0.7504554
10678,test,0,0.0137987975
5262,test,0,0.6540667
16,test,0,0.010333164
3153,test,0,0.009556587
277,test,0,0.50604427
8003,test,0,0.007899343
5554,test,0,0.010333164
2443,test,0,0.009303251
4637,test,0,0.031549957
9541,test,0,0.010403036
4642,test,0,0.55137116
258,test,0,0.009621858
9163,test,0,0.019823888
4638,test,0,0.009526332
8008,test,0,0.053461667
10184,test,0,0.053461667
6072,test,0,0.79417825
4057,test,0,0.010403036
4165,test,0,0.009652413
2147,test,0,0.009861754
2746,test,0,0.008453257
9880,test,0,0.030095007
6734,test,0,0.009621858
260,test,0,0.77297944
8758,test,0,0.009621858
5196,test,0,0.009861754
6848,test,0,0.013324245
10051,test,0,0.27279568
8128,test,0,0.68818
4151,test,0,0.77197623
8112,test,0,0.31378227
8362,test,0,0.81739724
10406,test,0,0.15053108
4159,test,0,0.19891468
7656,test,0,0.5921901
8113,test,0,0.5578307
8364,test,0,0.29621986
2836,test,0,0.5570906
1574,test,0,0.11352518
8130,test,0,0.34028777
10048,test,0,0.4363483
328,test,0,0.6566419
4158,test,0,0.28969595
329,test,0,0.8994057
8357,test,0,0.7259233
7665,test,0,0.6803633
1563,test,0,0.73655725
66,test,0,0.14932753
8119,test,0,0.7838146
1570,test,0,0.34456652
1740,test,1,0.34456652
8118,test,0,0.41202733
10047,test,0,0.61101615
68,test,0,0.22736312
4546,test,0,0.06764655
10041,test,0,0.2095778
318,test,0,0.15075125
4538,test,0,0.4398476
59,test,0,0.7578673
4549,test,0,0.71279
4153,test,0,0.64347154
8126,test,0,0.84027416
65,test,0,0.82924
325,test,0,0.053857747
8127,test,0,0.8509036
320,test,0,0.81362385
10410,test,0,0.030308286
7670,test,0,0.20078105
326,test,0,0.017361602
54,test,0,0.14686452
57,test,0,0.030984897
7662,test,0,0.25066203
64,test,0,0.75693834
4157,test,0,0.66371286
1566,test,0,0.34910592
10039,test,0,0.8207373
10040,test,0,0.008577267
4154,test,0,0.023012765
8131,test,0,0.019193046
55,test,0,0.58701485
63,test,0,0.029642599
6778,test,0,0.7028579
947,test,0,0.6855471
2337,test,0,0.8289846
2333,test,0,0.5296492
6896,test,0,0.52138835
6878,test,0,0.6016915
6771,test,0,0.40256155
6879,test,0,0.24875905
965,test,0,0.13225877
6882,test,0,0.5532912
6766,test,0,0.5987583
6774,test,0,0.56631124
2329,test,0,0.7681666
955,test,0,0.8018263
5850,test,0,0.04655444
4664,test,1,0.46262583
3499,test,0,0.687319
7141,test,0,0.52797306
6888,test,0,0.6315975
5835,test,0,0.35355273
6876,test,0,0.16666846
9412,test,0,0.6063095
6877,test,0,0.6201334
3493,test,0,0.24834505
1983,test,0,0.55806994
3498,test,0,0.76835775
948,test,0,0.8205172
5853,test,0,0.43926102
6866,test,0,0.330631
6886,test,0,0.40874538
6776,test,0,0.4752686
9414,test,0,0.7928225
3622,test,0,0.37190855
5845,test,0,0.80529964
2332,test,0,0.82508796
3495,test,0,0.34798902
5852,test,0,0.1738878
1982,test,0,0.7354868
5837,test,0,0.69576156
2338,test,0,0.48682204
2330,test,0,0.85588086
5848,test,0,0.68827486
6897,test,0,0.713015
2328,test,0,0.039146222
5834,test,0,0.030984897
3611,test,0,0.58223736
5843,test,0,0.15752353
1968,test,0,0.7779715
960,test,0,0.39085245
6779,test,0,0.23749897
959,test,0,0.67605644
956,test,0,0.7502765
1980,test,0,0.59899044
3615,test,0,0.7694407
1974,test,0,0.3698318
2343,test,0,0.22968166
1981,test,0,0.14543884
6252,test,0,0.72656584
2550,test,0,0.03293996
10498,test,0,0.18719001
412,test,0,0.14624058
6289,test,0,0.019193046
2828,test,0,0.595178
2809,test,0,0.7403795
6254,test,0,0.11977522
10514,test,0,0.31359696
3306,test,0,0.20141473
10510,test,0,0.6446184
666,test,0,0.6890118
6281,test,0,0.17398344
2541,test,0,0.39483613
6249,test,0,0.6472356
8214,test,0,0.17638856
2511,test,0,0.49797866
413,test,0,0.6289095
2820,test,0,0.20053867
409,test,0,0.7852657
2493,test,0,0.3943236
7951,test,1,0.91777843
2513,test,0,0.36148024
2507,test,0,0.7050348
8217,test,0,0.6443118
668,test,0,0.7638125
2819,test,0,0.12425298
2545,test,0,0.17088999
2798,test,0,0.18861707
411,test,0,0.5966676
10502,test,0,0.329935
2822,test,0,0.06953232
2544,test,0,0.2038051
2823,test,0,0.022000534
508,test,0,0.5548985
2492,test,0,0.5631144
405,test,0,0.030984897
10508,test,0,0.09652238
2503,test,0,0.4097816
679,test,0,0.26961797
2829,test,0,0.7736532
6291,test,0,0.84685683
3299,test,0,0.6726192
8216,test,0,0.25798023
2548,test,0,0.6696156
496,test,0,0.79219013
10509,test,0,0.25517833
511,test,0,0.21175508
2830,test,0,0.5828782
2827,test,0,0.59729666
7432,test,0,0.6117648
2109,test,0,0.8298026
7431,test,0,0.8673561
3285,test,0,0.5276757
4650,test,0,0.43758833
2886,test,0,0.18624675
7700,test,1,0.053558297
3281,test,0,0.11414196
2889,test,0,0.6784893
2897,test,0,0.5726979
2271,test,0,0.79184234
3186,test,0,0.53372
10137,test,0,0.49369437
3284,test,0,0.6074149
2903,test,0,0.31799534
10136,test,0,0.18466781
10139,test,0,0.20958431
10141,test,0,0.21562357
7443,test,0,0.31117243
7441,test,0,0.54460824
4643,test,0,0.028306723
4428,test,0,0.7222324
7430,test,0,0.7256259
2899,test,0,0.47790188
3188,test,0,0.7593109
2901,test,0,0.20519099
7440,test,0,0.7743305
2112,test,0,0.8281813
4427,test,0,0.562801
7867,test,0,0.25358766
4646,test,0,0.2370536
9936,test,0,0.23823941
3187,test,0,0.16577743
3289,test,0,0.4758026
2268,test,0,0.83722353
7879,test,0,0.019193046
2883,test,0,0.8385031
7433,test,0,0.7420169
2274,test,0,0.573647
7437,test,0,0.62177944
4176,test,1,0.45297286
7444,test,0,0.85146546
3196,test,0,0.030984897
4644,test,0,0.14508164
7866,test,0,0.7968989
4429,test,0,0.6436628
2900,test,0,0.27042267
9937,test,0,0.011713863
3282,test,0,0.7169113
3288,test,0,0.46247146
3291,test,0,0.013739142
4433,test,0,0.16377811
10134,test,0,0.3999777
10143,test,0,0.014756665
7869,test,0,0.009526332
7772,test,0,0.742444
2956,test,0,0.81121415
4957,test,0,0.69677466
5593,test,0,0.6573871
3271,test,0,0.566357
5117,test,0,0.44753927
4898,test,0,0.50701153
4902,test,0,0.8070296
8604,test,0,0.18158482
7775,test,0,0.30703166
3832,test,1,0.16943407
9924,test,0,0.49212655
5586,test,0,0.6296467
3266,test,0,0.19750452
5576,test,0,0.05515716
10893,test,0,0.65216875
4956,test,0,0.6593174
5120,test,0,0.8063245
4904,test,0,0.7903459
159,test,0,0.80505043
3267,test,0,0.27921495
160,test,0,0.6949152
8595,test,0,0.1572128
5580,test,0,0.6389344
5113,test,0,0.7383489
4968,test,0,0.019193046
3268,test,0,0.061743237
5577,test,0,0.6825195
4900,test,0,0.1095852
4959,test,0,0.8336908
3269,test,0,0.77471095
4962,test,0,0.81486994
8602,test,0,0.6426158
165,test,0,0.28042954
5115,test,0,0.5194343
5592,test,0,0.6222679
4894,test,0,0.827463
7771,test,0,0.7041263
3277,test,0,0.76861984
8136,test,0,0.030727362
168,test,0,0.034601457
3275,test,0,0.15999618
10901,test,0,0.78410536
4859,test,1,0.76531386
7908,test,0,0.05599022
9989,test,0,0.5626128
9640,test,0,0.13437997
7503,test,0,0.74588203
8786,test,0,0.68867564
3412,test,0,0.04269927
3433,test,0,0.16538657
10255,test,0,0.6536338
9985,test,0,0.41417417
5004,test,0,0.7144298
9997,test,0,0.7444197
7502,test,0,0.24063055
9649,test,0,0.45542398
3421,test,0,0.7223684
10243,test,0,0.8154362
9509,test,0,0.038864203
4989,test,0,0.2053911
9507,test,0,0.60843045
3422,test,0,0.31664848
3417,test,0,0.58973193
9648,test,0,0.30146104
10244,test,0,0.25497323
9987,test,0,0.88265127
5260,test,1,0.85514283
3416,test,0,0.19072552
3418,test,0,0.38528264
4955,test,1,0.8257955
10249,test,0,0.4732695
7903,test,0,0.030984897
8787,test,0,0.7355071
4951,test,1,0.46966255
9994,test,0,0.7230211
7495,test,0,0.43203613
7297,test,1,0.7336782
7905,test,0,0.8061543
7512,test,0,0.22533466
9995,test,0,0.3307051
5007,test,0,0.33811563
4991,test,0,0.030984897
5005,test,0,0.71982235
4288,test,1,0.7788847
3424,test,0,0.2922512
10247,test,0,0.29619253
4997,test,0,0.25071725
3427,test,0,0.3443675
3402,test,0,0.35933822
9508,test,0,0.83038515
3408,test,0,0.74895823
10152,test,0,0.695707
762,test,0,0.7581112
10149,test,0,0.81964904
10151,test,0,0.072490185
7518,test,0,0.4565195
5450,test,0,0.52986264
2574,test,0,0.10581369
10004,test,0,0.7615677
7459,test,0,0.4722005
888,test,0,0.4013246
2575,test,0,0.71141785
758,test,0,0.54929143
5453,test,0,0.33008036
7466,test,0,0.3522573
7469,test,0,0.38872015
7458,test,0,0.15257747
10010,test,0,0.5760055
10018,test,0,0.18446802
2570,test,0,0.8509683
10019,test,0,0.7048656
882,test,0,0.6086176
2562,test,0,0.4008064
5446,test,0,0.8015264
2560,test,0,0.80794185
3512,test,0,0.7331384
765,test,0,0.4067254
883,test,0,0.62637705
3506,test,0,0.8199457
2584,test,0,0.74406797
7456,test,0,0.6707698
5454,test,0,0.030984897
3505,test,0,0.5287418
3692,test,0,0.014556091
752,test,0,0.16356373
892,test,0,0.47809604
2573,test,0,0.40655434
5456,test,0,0.52348894
763,test,0,0.50132304
2568,test,0,0.057802297
2576,test,0,0.17230038
7457,test,0,0.6560295
11051,test,1,0.72776437
10017,test,0,0.664271
10003,test,0,0.030984897
887,test,0,0.240033
886,test,0,0.30127504
2571,test,0,0.63072175
1176,test,0,0.7781066
716,test,1,0.8033383
1898,test,0,0.14891349
3813,test,0,0.29710567
1177,test,0,0.26113504
6642,test,0,0.23757565
3810,test,0,0.370699
2995,test,0,0.7351244
2989,test,0,0.72093725
10442,test,0,0.39974746
347,test,0,0.7683928
10024,test,0,0.61428416
333,test,0,0.7347608
6646,test,0,0.12950805
10430,test,0,0.66951996
8165,test,0,0.026564198
334,test,0,0.21130517
10437,test,0,0.74589485
8444,test,0,0.49023333
8153,test,0,0.7077366
10429,test,0,0.84662116
1175,test,0,0.5605862
9472,test,0,0.7697471
9464,test,0,0.7780859
2996,test,0,0.8085478
8433,test,0,0.7657955
9481,test,0,0.17146078
6662,test,0,0.7260594
10025,test,0,0.736539
343,test,0,0.81497484
1907,test,0,0.49191183
1167,test,0,0.8122739
335,test,0,0.75810546
6643,test,0,0.81034344
3811,test,0,0.74816537
1178,test,0,0.526392
6653,test,0,0.75262624
6645,test,0,0.9044559
341,test,0,0.10702577
3804,test,0,0.7072658
9483,test,0,0.8659804
8158,test,0,0.30535725
6658,test,0,0.82254934
10030,test,0,0.030984897
345,test,0,0.16745743
6661,test,0,0.36694047
6665,test,0,0.43793097
10436,test,0,0.78063595
1166,test,0,0.17777151
8156,test,0,0.5815287
10431,test,0,0.53622854
8436,test,0,0.030984897
1168,test,0,0.46503964
10439,test,0,0.3623285
6652,test,0,0.0732448
10032,test,0,0.013680402
9459,test,0,0.29582158
8441,test,0,0.60557413
1905,test,0,0.5442874
3812,test,0,0.01779542
9466,test,0,0.6776335
3702,test,0,0.11688375
3715,test,0,0.1895344
3705,test,0,0.110984534
3707,test,0,0.1761099
4372,test,0,0.0973474
4365,test,0,0.15274723
5468,test,0,0.72013533
4345,test,0,0.66029406
1468,test,0,0.6799574
6801,test,0,0.27042854
7839,test,0,0.03850682
7837,test,0,0.13333313
6785,test,0,0.59581584
4374,test,0,0.5737833
5238,test,0,0.6840983
3711,test,0,0.53427905
5460,test,0,0.13900079
2617,test,0,0.1108933
5760,test,0,0.7718523
2607,test,0,0.5346047
5227,test,0,0.70389026
5239,test,0,0.5343717
4359,test,0,0.78447914
5465,test,0,0.4853121
6798,test,0,0.2492581
4376,test,0,0.7523267
2618,test,0,0.54366374
7843,test,0,0.3049644
1464,test,0,0.030984897
4367,test,0,0.8036485
5228,test,0,0.3210412
2609,test,0,0.7977467
7847,test,0,0.019193046
7842,test,0,0.5120198
6802,test,0,0.030984897
5232,test,0,0.75522125
1461,test,0,0.71881914
6786,test,0,0.7416313
7840,test,0,0.8434143
5466,test,0,0.015963616
6787,test,0,0.7056803
4350,test,0,0.7726175
4349,test,0,0.8295413
2620,test,0,0.7855449
1469,test,0,0.6919374
5459,test,0,0.553988
2608,test,0,0.01265004
5758,test,0,0.2307024
1460,test,0,0.019193046
9626,test,0,0.01661085
10682,test,0,0.6655834
10687,test,0,0.7808086
9407,test,0,0.49752024
633,test,0,0.7907664
10686,test,0,0.5174631
9721,test,1,0.69477147
10679,test,0,0.018072914
9630,test,0,0.8362135
10684,test,0,0.64912695
10185,test,0,0.26344052
9397,test,0,0.6189528
9623,test,0,0.7009344
5701,test,0,0.10714575
10868,test,0,0.34020314
9070,test,1,0.2819055
9394,test,0,0.24860273
5697,test,0,0.64683926
2098,test,0,0.2752887
10178,test,0,0.82631516
9622,test,0,0.11491712
10857,test,0,0.72092324
5708,test,0,0.6753555
9396,test,0,0.5231437
5703,test,0,0.36956084
10865,test,0,0.22171833
630,test,0,0.22023614
5705,test,0,0.34087217
6394,test,0,0.17120984
2480,test,0,0.63850737
2975,test,0,0.10141904
2090,test,0,0.53080016
620,test,0,0.7463593
9408,test,0,0.759863
9395,test,0,0.026918475
10855,test,0,0.7060227
10186,test,0,0.6233928
10688,test,0,0.19400889
10670,test,0,0.30694154
9399,test,0,0.17312653
5696,test,0,0.5455923
9611,test,0,0.1735024
2973,test,0,0.82903
5692,test,0,0.029893164
1368,test,0,0.107578255
9306,test,0,0.05488186
9631,test,0,0.092499115
9618,test,0,0.26103613
6395,test,0,0.030984897
10181,test,0,0.114018545
10689,test,0,0.2565239
10683,test,0,0.6579588
624,test,0,0.1354939
2096,test,0,0.6950399
10336,test,0,0.79882485
9828,test,0,0.6675995
9829,test,0,0.5405537
1409,test,0,0.80206746
1405,test,0,0.74250793
1413,test,0,0.13580427
1645,test,0,0.46702063
9890,test,0,0.18547955
9160,test,0,0.80114496
10322,test,0,0.4604495
616,test,0,0.82476133
8717,test,0,0.05510671
10327,test,0,0.8577079
9169,test,0,0.77825254
1408,test,0,0.75469244
612,test,0,0.14755219
10328,test,0,0.33684897
1648,test,0,0.13249274
8711,test,0,0.7294008
605,test,0,0.8278738
613,test,0,0.82180876
10331,test,0,0.35200107
1649,test,0,0.3704584
8715,test,0,0.14725415
10917,test,0,0.5938744
617,test,0,0.63728285
10912,test,0,0.40947512
1383,test,0,0.18081312
8707,test,0,0.86373
7768,test,0,0.6908304
7759,test,0,0.77097344
10334,test,0,0.6189162
1412,test,0,0.4563237
8720,test,0,0.0507881
2748,test,0,0.05088939
7762,test,0,0.71395713
8725,test,0,0.59378856
9886,test,0,0.5239994
9174,test,0,0.8247537
9819,test,0,0.7691204
1646,test,0,0.8762548
1396,test,0,0.6089347
10920,test,0,0.17043914
615,test,0,0.44932133
9159,test,0,0.30504948
9889,test,0,0.8505633
1414,test,0,0.1947793
608,test,0,0.6829069
7763,test,0,0.66195637
10321,test,0,0.085599765
9170,test,0,0.87519467
7765,test,0,0.40396512
10915,test,0,0.09911332
9825,test,0,0.23921789
8724,test,0,0.8031943
1656,test,0,0.52401006
8501,test,0,0.33461133
4537,test,0,0.8549026
2079,test,0,0.08890156
4892,test,0,0.7059216
4887,test,0,0.04016456
4528,test,0,0.104683734
5307,test,0,0.53177196
9565,test,0,0.6271487
372,test,0,0.4304628
4882,test,0,0.35585523
7391,test,0,0.5119065
375,test,0,0.7667157
3089,test,1,0.7525267
4534,test,0,0.29394338
750,test,0,0.6314201
4891,test,0,0.32654843
7030,test,0,0.143332
386,test,0,0.17650095
8855,test,0,0.7439864
8506,test,0,0.668858
7387,test,0,0.8276425
747,test,0,0.62645835
739,test,0,0.69842744
8820,test,1,0.7183258
379,test,0,0.8007474
742,test,0,0.19562545
378,test,0,0.516989
2082,test,0,0.7017327
2086,test,0,0.5880566
4530,test,0,0.36824322
383,test,0,0.5589587
5316,test,0,0.5897728
7027,test,0,0.87630314
9559,test,0,0.5981725
8868,test,0,0.05795339
4886,test,0,0.4326085
748,test,0,0.45627287
8502,test,0,0.79652107
374,test,0,0.818038
5319,test,0,0.019988332
5308,test,0,0.8742111
4531,test,0,0.6047714
5309,test,0,0.40993395
8500,test,0,0.014930399
1555,test,0,0.012165529
5314,test,0,0.6992887
7394,test,0,0.48709875
1820,test,0,0.5627245
1810,test,0,0.8134292
8327,test,0,0.48960146
5219,test,0,0.7870988
7109,test,0,0.6537086
5212,test,0,0.76551616
5215,test,0,0.69618857
3201,test,0,0.5103735
8513,test,0,0.11848564
8529,test,0,0.5348348
8318,test,0,0.024847718
399,test,0,0.37166226
7106,test,0,0.18826471
1815,test,0,0.3028944
392,test,0,0.37223658
398,test,0,0.56186616
1591,test,1,0.8642813
4568,test,0,0.70969045
8518,test,0,0.78287274
1340,test,0,0.6917736
1335,test,0,0.44709474
387,test,0,0.82464886
8771,test,1,0.77497
3209,test,0,0.64261186
8326,test,0,0.06516324
1334,test,0,0.8051134
3887,test,0,0.5637403
8523,test,0,0.16455162
7114,test,0,0.11406743
4561,test,0,0.22107416
2398,test,1,0.86421263
8520,test,0,0.6176979
5211,test,0,0.62493575
4576,test,0,0.52409106
4571,test,0,0.35384807
9816,test,0,0.30542898
7111,test,0,0.5917674
8528,test,0,0.13891155
7118,test,0,0.6853888
1343,test,0,0.04567716
8526,test,0,0.29437974
8521,test,0,0.45046538
3881,test,0,0.5503773
3880,test,0,0.5627305
4379,test,1,0.36396024
8516,test,0,0.09087052
3129,test,0,0.15671653
3213,test,0,0.14634365
3253,test,0,0.6203572
7062,test,0,0.27237642
2636,test,0,0.51298076
588,test,0,0.4231582
7679,test,0,0.11926031
2528,test,0,0.756494
8314,test,0,0.77552617
2601,test,0,0.5774521
7061,test,0,0.43550044
3248,test,0,0.79017836
7683,test,0,0.7936759
2626,test,0,0.71083754
4458,test,0,0.56040084
2530,test,0,0.21761167
444,test,0,0.31389222
7060,test,0,0.73956764
587,test,0,0.3132502
9013,test,0,0.4753694
8304,test,0,0.5254224
3258,test,0,0.6126593
2529,test,0,0.22848766
443,test,0,0.7234894
2625,test,0,0.7904503
9016,test,0,0.8723107
4467,test,0,0.7856913
8306,test,0,0.23126523
596,test,0,0.7870281
2598,test,0,0.19595918
6830,test,1,0.092082
217,test,1,0.52687776
2604,test,0,0.35117126
7674,test,0,0.28194675
3259,test,0,0.32815802
3243,test,0,0.48819268
9008,test,0,0.6901505
2597,test,0,0.3654177
7677,test,0,0.2999927
442,test,0,0.5701512
3239,test,0,0.86897403
4461,test,0,0.8500069
9015,test,0,0.030984897
449,test,0,0.030984897
8305,test,0,0.25759926
446,test,0,0.7450878
2635,test,0,0.3960297
598,test,0,0.7599999
593,test,0,0.74588096
2603,test,0,0.42728284
599,test,0,0.35352576
2590,test,0,0.86400366
2633,test,0,0.72845083
3250,test,0,0.7786732
4954,test,1,0.5693614
2531,test,0,0.31666636
7684,test,0,0.009587444
8316,test,0,0.36299145
6639,test,0,0.67318714
6007,test,0,0.36665636
6633,test,0,0.5312269
2877,test,0,0.82722765
2871,test,0,0.42095992
6020,test,0,0.75180185
6024,test,0,0.47686052
9753,test,0,0.77923906
8618,test,0,0.46694702
2881,test,0,0.587217
4099,test,0,0.37491408
8607,test,0,0.74457675
8609,test,0,0.58024114
2875,test,0,0.8126759
2876,test,0,0.7624316
2282,test,0,0.5742249
5131,test,0,0.3355789
8612,test,0,0.107458286
2870,test,0,0.38390905
8608,test,0,0.78011936
6009,test,0,0.18927181
5130,test,0,0.7676324
4100,test,0,0.81542236
9751,test,0,0.6829144
9741,test,0,0.8443352
9752,test,0,0.56953686
2276,test,0,0.51003736
9748,test,0,0.70748556
9739,test,0,0.2817106
8616,test,0,0.24978133
6011,test,0,0.81988007
7818,test,0,0.693581
6010,test,0,0.60566825
7825,test,0,0.676324
2288,test,0,0.8431623
2869,test,0,0.6733098
2479,test,0,0.7972813
5133,test,0,0.8855339
9754,test,0,0.7611023
4096,test,0,0.29413545
2874,test,0,0.030984897
2278,test,0,0.36528987
2873,test,0,0.34333286
2476,test,0,0.66337264
7622,test,0,0.7638532
9950,test,0,0.8415146
7167,test,0,0.30093417
9243,test,0,0.827795
10356,test,0,0.31075504
10352,test,0,0.32481903
3797,test,0,0.37458178
9236,test,0,0.3764203
9234,test,0,0.8283363
10351,test,0,0.51156783
4300,test,0,0.37093624
3787,test,0,0.8275956
9958,test,0,0.72857374
9957,test,0,0.5179698
9661,test,0,0.1640972
7168,test,0,0.38757667
7163,test,0,0.19735256
9659,test,0,0.52269465
18,test,1,0.4081989
10357,test,0,0.7265522
4316,test,0,0.66535056
4315,test,0,0.83715534
10443,test,1,0.854589
10367,test,0,0.35682338
3794,test,0,0.58276224
9947,test,0,0.73508334
7180,test,0,0.30273792
5604,test,0,0.805017
9652,test,0,0.08574486
5992,test,0,0.83545196
5597,test,0,0.3664126
5983,test,0,0.7215222
4307,test,0,0.6279872
9943,test,0,0.6342859
5995,test,0,0.71248424
9244,test,0,0.6929887
9949,test,0,0.030984897
5997,test,0,0.37107652
10366,test,0,0.86790174
9664,test,0,0.6404974
9660,test,0,0.40443444
4304,test,0,0.28555554
5602,test,0,0.7297177
9610,test,1,0.5896107
5599,test,0,0.5834291
3800,test,0,0.6758144
7171,test,0,0.15891176
9658,test,0,0.8493109
