account_id,split,target,score
5662,valid,2,0.09473935
5660,valid,2,0.08780439
1229,valid,2,0.13178737
3386,valid,2,0.017529134
8085,valid,2,0.08599411
1247,valid,2,0.15025716
10990,valid,2,0.030032229
2422,valid,1,0.41059446
7364,valid,2,0.026351819
10067,valid,2,0.05124084
5661,valid,2,0.039719902
1233,valid,2,0.0043293824
8089,valid,2,0.0017363867
8087,valid,2,0.03643729
10066,valid,2,0.013089998
5659,valid,2,0.0071932166
10988,valid,2,0.17274022
1242,valid,2,0.023267252
5657,valid,2,0.09369041
7372,valid,2,0.08438207
5649,valid,2,0.039877053
1239,valid,2,0.011318144
3384,valid,2,0.0153189525
6968,valid,2,0.003440824
3784,valid,2,0.01159533
6963,valid,2,0.028612975
1241,valid,2,0.016335426
10068,valid,2,0.15326525
3768,valid,0,0.00045223898
3780,valid,2,0.008071914
3782,valid,2,0.00353069
10989,valid,2,0.13508783
5666,valid,2,0.047578134
10059,valid,0,0.00018323617
5328,valid,0,0.00018323617
3382,valid,2,0.010164021
10411,valid,2,0.026192728
3773,valid,2,0.033787392
10426,valid,0,0.0013357535
1230,valid,2,0.014844049
8091,valid,2,0.040872246
3388,valid,2,0.009540434
8445,valid,0,0.0012642149
10055,valid,2,0.014064612
7018,valid,0,0.0012222726
10978,valid,0,0.0012222726
3772,valid,2,0.025368888
3378,valid,2,0.08917251
8927,valid,0,0.0037659137
3778,valid,0,0.0037659137
3393,valid,2,0.036481336
8753,valid,1,0.08812876
2413,valid,1,0.1246469
10064,valid,0,0.0024742186
10063,valid,2,0.00071609835
11038,valid,2,0.14648084
9874,valid,2,0.021033369
9870,valid,2,0.004022878
3472,valid,1,0.2095025
2971,valid,2,0.0013357535
93,valid,2,0.028439127
7860,valid,2,0.010095895
2969,valid,2,0.009514254
89,valid,2,0.015875371
9871,valid,2,0.0031210743
10549,valid,2,0.009575235
7853,valid,2,0.001236011
4625,valid,1,0.0964471
10548,valid,2,0.012998061
1521,valid,2,0.004126464
6585,valid,2,0.003087714
92,valid,2,0.01925146
10553,valid,0,0.002436341
1524,valid,2,0.017881388
9873,valid,2,0.016272845
7851,valid,2,0.015628623
6588,valid,2,0.1004555
6242,valid,0,0.0021982053
91,valid,0,0.00055536104
9861,valid,2,0.014743805
10543,valid,2,0.003427393
7859,valid,2,0.015615984
6581,valid,2,0.008229592
9875,valid,2,0.0126310205
6236,valid,0,0.002349581
198,valid,0,0.00025326462
98,valid,2,0.0030389174
97,valid,2,0.038222853
6571,valid,2,0.024085362
113,valid,1,0.083772
6570,valid,2,0.0059470762
10546,valid,2,0.0034281476
87,valid,2,0.006156286
4629,valid,1,0.15810701
11040,valid,2,0.011965734
1516,valid,2,0.04964138
11032,valid,2,0.043392085
11036,valid,2,0.0020046304
7857,valid,2,0.65906906
4179,valid,0,0.001810015
11039,valid,2,0.022163298
6575,valid,2,0.004486915
6243,valid,2,0.015019936
1520,valid,2,0.12575772
6229,valid,2,0.11034793
185,valid,2,0.0069104205
189,valid,2,0.009925817
6574,valid,2,0.011160137
3158,valid,0,0.00039246914
8027,valid,0,0.00010899674
3971,valid,0,0.00013509508
6780,valid,0,0.00018137615
2497,valid,0,0.0017062546
3734,valid,0,0.0009839383
3613,valid,0,0.00026816124
6660,valid,0,0.00089547754
76,valid,0,0.0003799482
1967,valid,0,0.0020636488
8157,valid,0,0.0016275183
2062,valid,0,9.3435956e-05
9010,valid,0,0.00019728758
3324,valid,0,0.0011118668
7597,valid,0,2.6920927e-05
2341,valid,0,2.6920927e-05
8022,valid,0,0.01940654
4371,valid,0,1.8895642e-05
9023,valid,0,0.0027844294
8193,valid,0,0.0010166119
3620,valid,0,0.0005118204
8597,valid,0,0.00014050168
11086,valid,0,0.0005239765
5404,valid,0,0.0017314919
153,valid,0,0.002776449
7510,valid,0,0.0007686829
469,valid,0,0.0008955494
5725,valid,0,0.005872345
5714,valid,1,0.036709275
2994,valid,0,0.004576106
4901,valid,0,0.00078180636
9470,valid,0,0.0003267377
464,valid,0,0.0004709496
2811,valid,0,0.00022272984
9790,valid,0,0.0019346891
8197,valid,0,0.0028009117
5123,valid,0,0.0017284644
5400,valid,0,0.0010620984
8222,valid,0,0.0021278604
1943,valid,0,0.0012083257
5054,valid,0,0.00024169317
208,valid,0,0.0007316936
9915,valid,0,0.0005973348
4505,valid,0,0.00058902503
218,valid,0,0.00063790515
10126,valid,0,0.00033912063
6803,valid,0,0.0020576306
951,valid,0,0.0006248671
4229,valid,0,0.000742753
10625,valid,0,0.0005973348
8780,valid,0,1.2645939e-05
6298,valid,0,0.00036761793
7802,valid,0,0.00029054825
8416,valid,0,0.0004715392
5394,valid,0,0.00029054825
5894,valid,0,0.00033970497
4994,valid,0,0.00046715283
1936,valid,0,0.00093389966
11069,valid,0,0.00046390668
5581,valid,0,9.648523e-06
7804,valid,0,0.0002465618
9991,valid,0,0.00029054825
3353,valid,0,0.00078638154
4203,valid,0,0.0013259228
5715,valid,0,0.00059407746
9475,valid,0,0.00059407746
5901,valid,0,0.003052873
6247,valid,0,0.0038256885
6865,valid,0,0.00503638
5851,valid,0,0.008202428
6940,valid,0,0.0016571496
10383,valid,0,0.0021864555
5899,valid,0,0.0010431501
6287,valid,0,0.0016943527
4927,valid,0,0.0009609883
361,valid,0,0.0137867
8023,valid,0,0.0009697282
3405,valid,0,0.0010012336
4292,valid,0,0.0013445021
1790,valid,0,9.6936865e-06
6863,valid,0,0.0004402884
7551,valid,0,0.0006389265
11087,valid,0,0.0006389265
1510,valid,0,0.0004402884
4843,valid,0,0.00052447105
1938,valid,0,0.0004402884
3400,valid,0,0.005509606
4727,valid,0,0.005509606
10373,valid,0,0.00052447105
3854,valid,0,0.006265689
6417,valid,0,0.0011765872
5860,valid,0,0.0016274862
10083,valid,0,0.016519597
5159,valid,0,0.0018859353
2695,valid,0,0.0023537776
6616,valid,0,0.0009758728
3317,valid,0,0.0010220901
869,valid,0,3.0209021e-05
1033,valid,0,0.00250175
4935,valid,0,8.7249064e-05
1021,valid,0,0.0023053926
6796,valid,0,3.0209021e-05
9198,valid,0,0.004382042
3162,valid,0,0.020945895
8151,valid,0,0.0017953634
6816,valid,0,0.00074097636
5643,valid,0,0.012427611
9964,valid,0,0.0016961198
4670,valid,0,0.0026830507
6621,valid,0,0.008190989
6149,valid,0,1.3940547e-05
8414,valid,0,0.0015304722
2815,valid,0,0.00093907915
5913,valid,0,0.0024602148
7648,valid,0,1.9759753e-05
8215,valid,0,1.3662415e-05
1202,valid,0,0.0011081869
6055,valid,0,2.3231283e-05
6441,valid,0,0.0028776128
3167,valid,0,0.0007993858
2855,valid,0,0.00067009573
5045,valid,0,0.01861912
3252,valid,0,0.002811533
3957,valid,0,0.0014389458
8553,valid,0,0.0022710215
10079,valid,0,0.007009042
5361,valid,0,0.0031628325
8038,valid,0,0.01689549
5880,valid,0,0.0010501447
7497,valid,0,0.0011409617
4858,valid,0,9.178054e-06
6867,valid,0,0.0012613856
5916,valid,0,5.684796e-05
1005,valid,0,0.022677634
3822,valid,0,0.010176258
9423,valid,0,0.00018737013
10615,valid,0,0.00018645673
3826,valid,0,0.00015056926
7613,valid,0,1.7978256e-05
6607,valid,0,0.0038761357
1217,valid,0,7.399181e-06
6293,valid,0,0.00083601545
3354,valid,0,0.00090011087
5757,valid,0,2.78926e-05
6143,valid,0,0.0007735469
11082,valid,0,0.016536156
4996,valid,0,0.089422144
1903,valid,0,0.0014805677
6810,valid,0,0.0022378908
7509,valid,0,0.0014175331
10955,valid,0,0.0009979322
8841,valid,0,0.0009973134
4459,valid,0,0.007035134
3626,valid,0,0.0031689655
6768,valid,0,0.00323133
539,valid,0,0.00052447105
79,valid,0,1.6103211e-05
3718,valid,0,0.00021587523
4960,valid,0,0.0008943661
4284,valid,0,0.0010353148
2539,valid,0,0.00060236076
1978,valid,0,0.0011313407
1292,valid,0,0.0027872096
9183,valid,0,0.0004888623
3850,valid,0,0.0008248177
5934,valid,0,4.373872e-05
5124,valid,0,0.010554649
3419,valid,0,0.00021713627
2804,valid,0,0.001038892
4947,valid,0,0.00019413959
39,valid,0,0.00029054825
549,valid,0,0.0017062546
7493,valid,0,5.858972e-06
8429,valid,0,5.858972e-06
6764,valid,0,0.0007005811
3740,valid,0,0.00024293439
503,valid,0,1.7732522e-05
5883,valid,0,0.0007786406
8186,valid,0,0.0006744112
2242,valid,0,0.00052447105
2864,valid,0,1.3900278e-05
1500,valid,0,0.009301579
5048,valid,0,0.00046390668
10269,valid,0,0.0007426886
8205,valid,0,0.005702834
4854,valid,0,0.0009555677
344,valid,0,0.00061023457
364,valid,0,1.5508002e-05
10628,valid,0,2.2437838e-05
1902,valid,0,0.00044025903
4208,valid,0,0.001992457
1014,valid,0,0.0010848078
4366,valid,0,0.0006862821
6783,valid,0,0.00033465578
2306,valid,0,0.0013273528
4067,valid,0,0.0027659112
10871,valid,0,2.5804982e-05
2071,valid,0,0.0014268949
7308,valid,0,2.6511116e-05
6626,valid,0,5.858977e-06
8221,valid,0,0.0037748844
6147,valid,0,0.0028908625
9986,valid,0,0.00036761895
10252,valid,0,0.00017098586
9980,valid,0,1.7087144e-05
9000,valid,0,0.0005036155
9473,valid,0,0.0021575438
6752,valid,0,0.00070867914
5290,valid,0,0.0038177753
8171,valid,0,2.4038412e-05
4938,valid,0,0.00015245494
9477,valid,0,0.018485494
10968,valid,0,0.0004888726
671,valid,0,0.008356534
4961,valid,0,0.0016735285
1276,valid,0,0.00038171795
10271,valid,0,0.004180872
1940,valid,0,0.0005027264
1893,valid,0,3.218443e-05
5367,valid,0,3.218443e-05
4358,valid,0,0.0005242332
7909,valid,0,0.00049806066
542,valid,0,0.00016427676
1805,valid,0,2.3285993e-05
3701,valid,0,0.00068537815
6277,valid,0,0.0004263535
4721,valid,0,0.00016056087
548,valid,0,2.8865074e-05
6797,valid,0,0.002933773
2821,valid,0,0.00036879792
3240,valid,0,0.00023072292
5001,valid,0,0.0011328186
5871,valid,0,0.0007622199
2587,valid,0,0.0053461
5722,valid,0,0.0007393678
10391,valid,0,0.00028749555
9410,valid,0,4.1589294e-05
10563,valid,0,0.0016189663
7907,valid,0,0.0008481204
2516,valid,0,0.0012686395
675,valid,0,0.0008481204
5230,valid,0,0.0008481204
475,valid,0,1.9068644e-05
8180,valid,0,0.00012923946
10280,valid,0,0.039017726
7063,valid,0,0.0011409617
3157,valid,0,0.0041921674
3722,valid,0,0.0025631338
415,valid,0,0.0017824881
3745,valid,0,0.001012535
2540,valid,0,0.009876581
7783,valid,0,0.00020072007
3966,valid,0,2.9121908e-05
2592,valid,0,0.00013509508
7797,valid,0,0.020525409
5289,valid,0,2.7851283e-05
8777,valid,0,0.0011136668
2310,valid,0,0.00016780727
2546,valid,0,5.861931e-05
5300,valid,0,0.00023412092
3241,valid,0,0.00012975682
9417,valid,0,0.00021108736
9125,valid,0,0.00068384653
4219,valid,0,1.074232e-05
4928,valid,0,0.00015111738
8145,valid,0,0.00021051397
1896,valid,0,0.00016780727
7499,valid,0,0.007238414
5461,valid,0,0.00933111
1279,valid,0,0.00093710324
1494,valid,0,0.0048071747
1472,valid,0,0.00052447105
1328,valid,0,0.0010012336
167,valid,0,0.00045279317
4222,valid,0,0.0010305604
10977,valid,0,0.0001209224
1064,valid,0,1.3784364e-05
5582,valid,0,0.00010560396
4949,valid,0,0.00010560396
8152,valid,0,0.0020855062
4463,valid,0,0.00064318907
1505,valid,0,4.801913e-05
9500,valid,0,0.0026971465
1792,valid,0,0.0042177313
2542,valid,0,0.08944389
7776,valid,0,0.0006425709
660,valid,0,3.0342488e-05
10123,valid,0,0.00012776924
2340,valid,0,0.0014407422
172,valid,0,0.0004856116
4907,valid,0,0.0004856116
8546,valid,0,0.0019693507
584,valid,0,0.00082801434
6773,valid,0,4.801912e-05
5862,valid,0,4.801912e-05
10659,valid,0,4.719739e-05
7841,valid,0,0.00030480005
7726,valid,0,0.00044029468
10973,valid,0,0.00052447105
9002,valid,0,2.802398e-05
1165,valid,0,1.5588836e-05
1066,valid,0,0.0011348838
6873,valid,0,0.0016443158
2698,valid,0,0.00058663124
9180,valid,0,0.00071184523
3311,valid,0,0.00023376504
2632,valid,0,2.9670442e-05
9424,valid,0,0.00078638154
10251,valid,0,0.00049136794
6056,valid,0,0.00082533696
3699,valid,0,0.00036358854
3814,valid,0,0.00041159047
7961,valid,0,5.4347765e-05
2240,valid,0,0.00014882105
4062,valid,0,2.2021617e-05
3964,valid,0,0.000641337
2990,valid,0,0.0005468291
9427,valid,0,0.00033512956
4952,valid,0,0.00088829314
4506,valid,0,0.00010172408
595,valid,0,0.0016995902
10078,valid,0,0.00032141828
8776,valid,0,0.0007045858
5905,valid,0,0.00089894637
8170,valid,0,4.801912e-05
4455,valid,0,4.801912e-05
967,valid,0,5.5587003e-05
5859,valid,0,0.0005340747
6649,valid,0,0.0038038942
11067,valid,0,0.0020855062
3621,valid,0,1.7035616e-05
8172,valid,0,0.00044642598
10258,valid,0,0.00020786953
5578,valid,0,0.0013543357
5142,valid,0,0.0008640791
3809,valid,0,0.0005250279
10904,valid,0,5.688867e-05
4205,valid,0,1.3895767e-05
1942,valid,0,0.0006389265
1280,valid,0,0.0010825859
1892,valid,0,4.0229083e-05
10099,valid,0,0.00010337738
1901,valid,0,0.000121456935
4966,valid,0,0.0005904739
3623,valid,0,0.005200059
3502,valid,0,0.00030295545
2303,valid,0,0.00014358458
5379,valid,0,0.0018770725
8021,valid,0,0.0006909607
10033,valid,0,0.00015329139
8848,valid,0,0.0015480033
5012,valid,0,0.00018655996
2817,valid,0,0.0020636488
4364,valid,0,0.0009412021
7652,valid,0,0.00047943153
8138,valid,0,2.7770286e-05
776,valid,0,4.13563e-06
6427,valid,0,2.1700567e-05
6829,valid,0,0.00094341545
3309,valid,0,0.0026971465
4732,valid,0,0.0008044479
4754,valid,0,0.0003799482
1310,valid,0,0.00028112083
450,valid,0,0.00027776175
8137,valid,0,0.0020928776
8167,valid,0,1.6103211e-05
10568,valid,0,0.0033616934
10254,valid,0,0.017057566
2518,valid,0,0.00030165323
5836,valid,0,5.5587003e-05
4357,valid,0,1.6391466e-05
3314,valid,0,0.00013639776
5157,valid,0,2.1461186e-05
8555,valid,0,0.00091454625
8188,valid,0,0.00024337093
567,valid,0,0.00055001606
6640,valid,0,0.00069427496
7605,valid,0,0.0008023358
3987,valid,0,0.000942008
8178,valid,0,0.0014782442
6131,valid,0,0.00021968225
6794,valid,0,0.0001446079
10119,valid,0,0.0003775501
2988,valid,0,0.00054913264
5839,valid,0,0.0004197969
10270,valid,0,0.0017505481
3704,valid,0,2.3140257e-05
8946,valid,0,0.00062308076
7650,valid,0,0.00048444464
3411,valid,0,4.8446676e-05
2861,valid,0,0.000742753
8773,valid,0,0.00024397006
3816,valid,0,4.801912e-05
674,valid,0,1.232093e-05
6248,valid,0,4.801913e-05
3963,valid,0,4.801912e-05
7942,valid,0,0.004154856
1173,valid,0,4.6657173e-05
5890,valid,0,0.0010141089
564,valid,0,7.0529466e-05
7947,valid,0,3.2180655e-05
448,valid,0,8.142554e-05
7780,valid,0,0.00039899928
7496,valid,0,0.008785614
7059,valid,0,2.7574786e-05
2235,valid,0,0.0012294502
10090,valid,0,0.0010294688
1798,valid,0,0.001045502
5864,valid,0,0.00069213146
2526,valid,0,0.0012294502
1971,valid,0,1.6299005e-05
7134,valid,0,0.0008428961
9785,valid,0,2.5285664e-05
8592,valid,0,0.0013707632
10111,valid,0,0.0041596578
5844,valid,0,0.00018177077
3617,valid,0,0.0003422232
6902,valid,0,0.003585616
3304,valid,0,0.0031027822
10961,valid,0,0.00032203188
5579,valid,0,3.0716685e-05
3719,valid,0,0.00010884402
5588,valid,0,0.0009595711
4272,valid,0,0.00018916104
3853,valid,0,5.892694e-06
600,valid,0,2.4914076e-05
6943,valid,0,0.0008865651
8840,valid,0,0.0019885255
6297,valid,0,0.000213174
461,valid,0,1.0829691e-05
3700,valid,0,1.5362904e-05
4715,valid,0,0.00895579
3423,valid,0,0.0014782533
7785,valid,0,0.0001340583
3581,valid,0,0.00041159047
10884,valid,0,0.00046390397
8410,valid,0,1.17357e-05
3716,valid,0,0.00030897945
4217,valid,0,0.00029054825
7786,valid,0,0.00060891855
3172,valid,0,5.429976e-05
2524,valid,0,4.801912e-05
2501,valid,0,4.801912e-05
9787,valid,0,0.004314653
2538,valid,0,0.0017706803
8948,valid,0,0.003952436
10969,valid,0,2.0794263e-05
1083,valid,0,1.89642e-05
10384,valid,0,0.0022177673
10663,valid,0,0.073177345
6800,valid,0,8.6206026e-05
169,valid,0,0.0020236115
574,valid,0,0.00045741565
206,valid,0,7.199873e-05
4087,valid,0,1.402427e-05
5614,valid,0,0.00058663124
6860,valid,0,0.00026824645
10617,valid,0,0.0018258119
1897,valid,0,0.00081491296
7955,valid,0,0.00014358458
10953,valid,0,8.2913604e-05
4224,valid,0,0.00073626655
3579,valid,0,0.00014745351
10581,valid,0,0.00089897757
6790,valid,0,0.0006624818
10897,valid,0,0.00017667198
510,valid,0,0.00023068384
10664,valid,0,0.0006833126
5111,valid,0,8.942647e-06
7600,valid,0,0.0003799482
6283,valid,0,0.00023719139
9984,valid,0,4.5449797e-05
8194,valid,0,0.0003256337
4728,valid,0,0.00029054825
7557,valid,0,5.2862592e-06
1331,valid,0,0.0016571496
570,valid,0,0.0017853429
360,valid,0,0.0030506134
9928,valid,0,0.0038655733
5849,valid,0,0.009642663
5116,valid,0,7.6091266e-05
9112,valid,0,0.0017062546
4905,valid,0,5.6273025e-06
468,valid,0,1.649338e-05
6416,valid,0,0.00079977757
10632,valid,0,0.0021013245
26,valid,0,0.0009747138
7793,valid,0,0.002616215
6419,valid,0,2.6234207e-05
1077,valid,0,0.0021013245
5298,valid,0,0.0016049776
6431,valid,0,3.4074783e-05
6648,valid,0,1.3982655e-05
9917,valid,0,0.00015091071
864,valid,0,0.00014882105
772,valid,0,3.1713997e-05
1939,valid,0,0.00032673107
7849,valid,0,0.0021061357
9634,valid,0,1.9040377e-05
4348,valid,0,2.5122945e-05
5863,valid,0,3.8998845e-05
4069,valid,0,0.0004856116
445,valid,0,0.00015408706
9476,valid,0,6.261354e-05
10027,valid,0,0.00016426222
8593,valid,0,0.0006515126
156,valid,0,0.00034083362
7565,valid,0,0.0033668978
2521,valid,0,0.00015888896
8600,valid,0,1.0280893e-05
7555,valid,0,0.0004709496
8147,valid,0,7.424839e-05
4362,valid,0,0.00011478198
2502,valid,0,0.00021347024
1008,valid,0,3.784075e-05
3337,valid,0,7.992221e-05
560,valid,0,0.00063854415
1290,valid,0,4.7224104e-05
350,valid,0,0.0019488399
1463,valid,0,0.000118525604
10021,valid,0,0.0029865785
6250,valid,0,9.010598e-05
5857,valid,0,7.6510805e-05
9463,valid,0,0.000201709
366,valid,0,8.771629e-06
4198,valid,0,1.3277978e-05
2506,valid,0,0.000114946495
7781,valid,0,1.5003188e-05
4995,valid,0,0.0015362455
3406,valid,0,0.00039244528
3247,valid,0,4.920843e-06
3807,valid,0,0.00018516248
661,valid,0,0.00029054825
408,valid,0,0.0009411953
10132,valid,0,4.719739e-05
3710,valid,0,0.000298875
6903,valid,0,0.0009411953
4088,valid,0,0.00029054825
6295,valid,0,1.1824221e-05
359,valid,0,5.941117e-05
4066,valid,0,0.003045919
3260,valid,0,0.04478225
170,valid,0,4.5449826e-05
10577,valid,0,0.00014036229
43,valid,0,0.0004888623
3741,valid,0,0.000702709
4279,valid,0,5.6127833e-06
342,valid,0,0.000668268
583,valid,0,8.726179e-05
4196,valid,0,5.3131178e-05
31,valid,0,0.0018952057
9468,valid,0,0.00012566542
7602,valid,0,0.024697255
3303,valid,0,2.5351068e-05
5931,valid,0,0.0010004744
7617,valid,0,0.00067592884
5257,valid,0,0.0035073962
4518,valid,0,0.012264275
2623,valid,0,0.061638884
1502,valid,0,0.00015021785
2504,valid,0,0.00019395392
4375,valid,0,2.066528e-05
9416,valid,0,1.6062511e-05
8560,valid,0,0.0003148912
5847,valid,0,0.00024908266
10612,valid,0,0.0017126458
3341,valid,0,8.198775e-05
1975,valid,0,0.0001501007
4457,valid,0,0.0007190874
736,valid,0,0.0035571177
6664,valid,0,9.0952075e-05
5718,valid,0,0.0028912008
2955,valid,0,0.0004764539
9130,valid,0,0.0014316535
8169,valid,0,0.001232269
7505,valid,0,0.004063251
3327,valid,0,8.0498314e-05
4278,valid,0,0.0016717368
1784,valid,0,0.00020853014
10630,valid,0,0.00049500744
3302,valid,0,0.00029158848
9799,valid,0,1.8083767e-05
1200,valid,0,5.05969e-05
9444,valid,0,2.9756391e-05
3872,valid,0,0.0016487235
6437,valid,0,0.0005872811
6953,valid,0,3.3499233e-05
2808,valid,0,0.0009500917
453,valid,0,0.00058080803
9004,valid,0,0.00021108736
5867,valid,0,1.37885145e-05
1063,valid,0,5.8926953e-06
3849,valid,0,0.001438049
4906,valid,0,1.3628134e-05
9009,valid,0,0.00016427676
10089,valid,0,0.0003346353
2853,valid,0,0.00024824895
8081,valid,0,0.0010183647
8025,valid,0,1.1241147e-05
6754,valid,0,0.0031867276
10097,valid,0,0.00024493394
497,valid,0,0.00057823915
7568,valid,0,6.48981e-05
8971,valid,0,0.00096691714
6836,valid,0,0.0005413402
10951,valid,0,0.0019127999
10623,valid,0,1.0043323e-05
219,valid,0,0.0015128123
4897,valid,0,1.7880891e-05
4271,valid,0,0.0003799482
3171,valid,0,0.00029054825
4740,valid,0,0.00029054825
3255,valid,0,0.00023719139
7558,valid,0,0.00033970497
5729,valid,0,0.0011707951
4930,valid,0,0.00021871117
155,valid,0,1.05530235e-05
1026,valid,0,1.2550282e-05
5639,valid,0,0.0013232684
9804,valid,0,0.00025310335
452,valid,0,0.00025310335
7933,valid,0,0.0007041941
9185,valid,0,0.00029574824
5754,valid,0,3.6937457e-05
1642,valid,0,0.0024725718
4669,valid,0,0.0019040761
8426,valid,0,0.0016867587
10375,valid,0,0.007112589
2780,valid,0,0.00018645811
7680,valid,0,0.0044180276
3979,valid,0,0.0008232703
5371,valid,0,0.00092126126
2637,valid,0,0.0020837695
3345,valid,0,0.0024077953
645,valid,0,0.0014392535
3342,valid,0,0.0009430446
8142,valid,0,0.003438229
3729,valid,0,0.0009839383
8035,valid,0,0.0009839383
7792,valid,0,2.6422334e-05
4971,valid,0,1.4894277e-05
1285,valid,0,0.0009839383
7717,valid,0,0.00058065716
7616,valid,0,0.0006019814
1312,valid,0,0.0009839383
10428,valid,0,5.516752e-06
5635,valid,0,0.0007426886
9191,valid,0,0.008574007
578,valid,0,0.0010825859
7292,valid,0,0.0017397687
505,valid,0,0.0011952561
862,valid,0,0.0001082563
7566,valid,0,0.0011318284
4656,valid,0,0.0027171227
2523,valid,0,0.017285721
8203,valid,0,0.0010004744
2785,valid,0,8.1279984e-05
1930,valid,0,0.0017798833
29,valid,0,0.0019682534
7953,valid,0,0.0026410748
6827,valid,0,0.003537939
3955,valid,0,0.00014458274
3335,valid,0,0.012167453
1793,valid,0,2.3770324e-05
1948,valid,0,0.0051797647
5009,valid,0,0.004470424
3984,valid,0,0.0035482664
3735,valid,0,0.004465177
1078,valid,0,0.000988039
5299,valid,0,0.0027171227
8439,valid,0,3.3887714e-05
8146,valid,0,6.063005e-05
643,valid,0,3.946532e-05
28,valid,0,0.002616215
556,valid,0,0.0026593534
1924,valid,0,0.002450734
6627,valid,0,0.04336247
6057,valid,0,6.6430916e-06
5915,valid,0,0.0022710215
5251,valid,0,0.0032365695
648,valid,0,0.00077826215
2307,valid,0,0.0076018837
8432,valid,0,0.00014824205
7649,valid,0,2.0059215e-05
775,valid,0,0.00024397219
73,valid,0,0.0014377198
10246,valid,0,4.13563e-06
1004,valid,0,0.0019895504
3413,valid,0,0.0001924417
1927,valid,0,0.0018734569
161,valid,0,5.4898182e-06
1788,valid,0,0.0001285846
4460,valid,0,0.000279724
5833,valid,0,0.0003896042
3262,valid,0,0.0017508721
3500,valid,0,0.001588832
554,valid,0,3.302478e-05
717,valid,0,0.00017068432
1204,valid,0,0.0026696585
4852,valid,0,2.2810102e-05
5854,valid,0,0.00011591081
5627,valid,0,0.0019375653
721,valid,0,2.237298e-05
5052,valid,0,2.844587e-05
6650,valid,0,0.00019275649
734,valid,0,0.0018269562
3270,valid,0,0.001576749
10264,valid,0,0.00067009573
9982,valid,0,1.8876128e-05
3981,valid,0,0.0034423165
9480,valid,0,0.000118010736
4719,valid,0,7.638559e-06
7791,valid,0,0.0002488206
8783,valid,0,0.00010614339
8999,valid,0,4.649e-05
5003,valid,0,0.000104676066
3608,valid,0,0.00011203699
3300,valid,0,0.001469166
4969,valid,0,0.00020297409
9452,valid,0,1.3280807e-05
6748,valid,0,0.00037720997
4462,valid,0,0.00034137475
3273,valid,0,6.2765685e-05
8149,valid,0,0.0036551405
467,valid,0,0.00136132
6765,valid,0,8.6439075e-05
5591,valid,0,8.644027e-05
1922,valid,0,0.0004969689
3276,valid,0,0.00022687318
5395,valid,0,0.0004709496
1969,valid,0,0.0010590798
6769,valid,0,8.066923e-06
2797,valid,0,0.0004943692
2525,valid,0,0.0011313407
1060,valid,0,0.0016487235
368,valid,0,0.00011164458
10104,valid,0,0.0012706923
4083,valid,0,0.00073626655
6870,valid,0,0.00023685711
4072,valid,0,0.00067719276
536,valid,0,0.002440743
5723,valid,0,0.00066113425
5046,valid,0,1.9406392e-05
6415,valid,0,0.0006389265
5108,valid,0,0.00010262146
10441,valid,0,0.0004953717
5865,valid,0,0.006635802
4863,valid,0,0.005850187
5050,valid,0,5.1104977e-05
5403,valid,0,1.7224434e-05
5914,valid,0,4.1630097e-05
731,valid,0,0.017696988
7500,valid,0,0.00014358583
5370,valid,0,0.0004709496
6775,valid,0,7.026294e-05
4942,valid,0,0.00015919845
10902,valid,0,3.38687e-05
3864,valid,0,2.8736653e-05
9975,valid,0,0.00019395392
8184,valid,0,0.0027627717
5118,valid,0,0.00034874378
3310,valid,0,0.0006246857
9916,valid,0,2.6744105e-05
5590,valid,0,0.0001633469
9503,valid,0,0.0001254172
8594,valid,0,0.00014882105
6880,valid,0,0.00015091071
5126,valid,0,0.00014882105
7676,valid,0,0.00010680832
10034,valid,0,0.00036444553
7682,valid,0,0.00080241525
3298,valid,0,7.999566e-06
6435,valid,0,0.00020061416
964,valid,0,2.7385464e-05
1082,valid,0,0.0003148912
1024,valid,0,4.062342e-05
676,valid,0,2.081575e-05
8784,valid,0,6.9078174e-05
75,valid,0,0.00048444024
10903,valid,0,0.00030042528
10660,valid,0,0.00068548793
10392,valid,0,0.00046506795
9650,valid,0,0.0021431209
6424,valid,0,1.3784321e-05
1506,valid,0,0.00058249506
3426,valid,0,0.00037720997
5624,valid,0,8.625559e-06
670,valid,0,5.3785363e-05
3410,valid,0,0.00012113897
9474,valid,0,3.436551e-05
7563,valid,0,0.015793264
589,valid,0,0.00043245562
7135,valid,0,0.020717936
3338,valid,0,0.00014219002
2612,valid,0,0.0033952391
3983,valid,0,0.00018952631
6604,valid,0,2.305891e-05
582,valid,0,0.00023026671
2179,valid,0,0.00030920084
646,valid,0,4.9949434e-05
10886,valid,0,0.0020663233
2334,valid,0,7.241003e-05
5636,valid,0,0.0091825295
2776,valid,0,3.4928966e-05
5842,valid,0,0.00011347161
6257,valid,0,0.00030797292
5928,valid,0,0.0004709496
11084,valid,0,5.892694e-06
6141,valid,0,5.7918983e-06
7673,valid,0,0.00014358458
9012,valid,0,0.00057799753
4082,valid,0,0.0004709496
4723,valid,0,0.00022272984
9409,valid,0,0.00073626655
998,valid,0,5.937027e-06
4063,valid,0,0.0013845362
5587,valid,0,0.00044642598
5396,valid,0,0.0024681923
4917,valid,0,1.0694283e-05
10497,valid,0,0.00020787002
1061,valid,0,0.0008443958
7678,valid,0,0.0013636007
2701,valid,0,8.325129e-05
8844,valid,0,9.1755255e-06
7950,valid,0,0.00069096335
572,valid,0,0.0045036925
4739,valid,0,0.00011294526
3806,valid,0,9.3529496e-05
9796,valid,0,2.4323803e-05
4708,valid,0,9.084337e-06
8549,valid,0,0.0002730688
2342,valid,0,0.0007194415
1022,valid,0,8.302362e-06
9701,valid,0,0.0007194415
3154,valid,0,0.0009116478
9637,valid,0,0.0011619008
969,valid,0,9.953028e-06
5026,valid,0,9.953028e-06
5589,valid,0,0.003020114
5615,valid,0,3.6257898e-05
10578,valid,0,1.274556e-05
10512,valid,0,0.0007362668
5240,valid,0,1.580261e-05
2786,valid,0,0.001171292
416,valid,0,0.0014377198
6366,valid,0,0.0006952791
4925,valid,0,0.0021766226
3336,valid,0,1.1241147e-05
407,valid,0,1.1494561e-05
4226,valid,0,0.00095207547
5237,valid,0,0.00021523048
6755,valid,0,0.0005132129
4970,valid,0,0.00023548781
5381,valid,0,0.00078638154
1795,valid,0,0.00029054825
2072,valid,0,0.00037092777
7773,valid,0,0.00323133
952,valid,0,0.0009411953
6399,valid,0,3.9042557e-06
5471,valid,0,0.00020080688
1316,valid,0,0.0002465618
4200,valid,0,4.5449797e-05
10260,valid,0,1.3210408e-05
5840,valid,0,0.00024079096
410,valid,0,0.00014018053
10127,valid,0,8.673392e-06
8079,valid,0,0.0022153794
3993,valid,0,1.5179444e-05
9426,valid,0,0.00013673413
9923,valid,0,0.001067987
78,valid,0,4.9525825e-05
4730,valid,0,0.00078012946
10094,valid,0,1.0766917e-05
3827,valid,0,0.0017199997
9421,valid,0,0.0001242976
7309,valid,0,0.001032557
6815,valid,0,0.0010126905
10108,valid,0,5.593752e-05
7714,valid,0,0.0008410578
9022,valid,0,0.0023773094
3244,valid,0,0.0006019802
652,valid,0,0.0006389265
1471,valid,0,0.0011808776
3990,valid,0,0.0006389265
10379,valid,0,5.404935e-06
8417,valid,0,5.3124922e-06
4929,valid,0,0.0006389265
7710,valid,0,0.0008926722
211,valid,0,0.0039910865
4202,valid,0,3.8451442e-05
6777,valid,0,0.004766884
5879,valid,0,0.015852071
3256,valid,0,1.609253e-05
7507,valid,0,0.0059488835
569,valid,0,0.0013480205
1315,valid,0,0.0021262923
37,valid,0,0.0023654301
9469,valid,0,0.0022073532
533,valid,0,2.404352e-05
9006,valid,0,6.8092195e-05
10880,valid,0,0.0023653097
6400,valid,0,0.008156165
8218,valid,0,0.00019370318
7315,valid,0,0.0017953634
3954,valid,0,3.0614843e-05
2315,valid,0,1.5759244e-05
10245,valid,0,0.0010778285
5617,valid,0,0.00012563482
579,valid,0,0.00010359664
3978,valid,0,0.008098373
4895,valid,0,1.8187724e-05
4714,valid,0,3.9777944e-05
5250,valid,0,0.004033584
2324,valid,0,0.11403889
2691,valid,0,9.201786e-06
7838,valid,0,3.0148341e-05
3863,valid,0,3.0148341e-05
5235,valid,0,0.0001072497
2069,valid,0,0.000104676066
8161,valid,0,0.00015091071
2594,valid,0,0.00014882105
6791,valid,0,0.00015091071
7144,valid,0,0.00015091071
6657,valid,0,0.00014882105
506,valid,0,3.3900895e-05
7550,valid,0,0.0011337933
8159,valid,0,4.6718458e-05
773,valid,0,9.831685e-05
11079,valid,0,0.00090425217
1465,valid,0,8.5134576e-05
654,valid,0,5.640465e-05
5241,valid,0,0.00064471026
4720,valid,0,0.0002985594
2794,valid,0,0.00045992568
72,valid,0,0.0021431209
5932,valid,0,0.0011410651
10898,valid,0,2.6073465e-05
10962,valid,0,4.900862e-05
5281,valid,0,0.00044171655
9930,valid,0,1.4298522e-05
6942,valid,0,0.00039849582
3737,valid,0,0.0004856116
9418,valid,0,0.00094449386
8310,valid,0,5.2618365e-05
655,valid,0,4.1378473e-05
6960,valid,0,4.1485546e-05
5897,valid,0,3.8377064e-05
7293,valid,0,4.054637e-05
6434,valid,0,0.0015102267
8076,valid,0,1.7401111e-05
3870,valid,0,0.0014778256
6948,valid,0,2.43255e-05
367,valid,0,0.000423483
1320,valid,0,0.000423483
3825,valid,0,3.272336e-05
6422,valid,0,0.003765866
6899,valid,0,0.00711841
3835,valid,0,0.008704311
8958,valid,0,0.0041596578
7711,valid,0,4.994951e-05
7778,valid,0,0.00029484142
10499,valid,0,0.0011213206
5903,valid,0,0.0041596578
4270,valid,0,6.954542e-05
2622,valid,0,0.0017505375
7501,valid,0,0.00049568753
6058,valid,0,2.2679898e-05
2803,valid,0,0.00048167215
27,valid,0,0.0005209556
8554,valid,0,1.4772515e-05
8141,valid,0,0.0004709496
4293,valid,0,5.791906e-06
3830,valid,0,5.907921e-06
10122,valid,0,0.00011164458
509,valid,0,1.7431452e-05
6806,valid,0,0.00011164458
1970,valid,0,0.00016689519
9972,valid,0,0.00026718833
4663,valid,0,6.343929e-06
4855,valid,0,2.1902664e-05
2610,valid,0,1.8452109e-05
9635,valid,0,0.0027627717
4346,valid,0,0.003730032
6772,valid,0,0.0007040509
9498,valid,0,4.153776e-05
7848,valid,0,5.871913e-06
7801,valid,0,0.00022071034
2065,valid,0,3.1827898e-05
860,valid,0,8.986778e-06
4223,valid,0,2.1194295e-05
5015,valid,0,0.00069096335
4946,valid,0,1.2423404e-05
2859,valid,0,0.0007786406
3420,valid,0,1.273102e-05
6139,valid,0,0.0007045858
5247,valid,0,0.0001202214
8150,valid,0,8.302363e-06
6822,valid,0,8.302349e-06
5575,valid,0,0.0028847912
1802,valid,0,0.0021387506
6368,valid,0,1.3099223e-05
5594,valid,0,4.9660754e-05
1274,valid,0,8.723827e-06
1899,valid,0,1.1175773e-05
6647,valid,0,6.2899335e-06
7712,valid,0,4.645532e-06
4355,valid,0,0.00014715538
5021,valid,0,4.6849605e-06
6862,valid,0,5.1285742e-06
4916,valid,0,7.099633e-06
3848,valid,0,4.68928e-06
10257,valid,0,0.00029054825
5645,valid,0,3.3058015e-05
3618,valid,0,4.544986e-05
5008,valid,0,2.9059277e-06
2068,valid,0,2.3454933e-05
3254,valid,0,6.559033e-06
353,valid,0,0.0001924417
6064,valid,0,6.0071848e-06
6282,valid,0,0.00020752773
10574,valid,0,0.0005640517
3803,valid,0,4.544986e-05
2611,valid,0,0.00018645673
4847,valid,0,0.00029054825
6359,valid,0,6.127545e-06
2953,valid,0,0.00021898265
1630,valid,0,0.00029054825
499,valid,0,0.00063320145
7777,valid,0,5.1285792e-06
6136,valid,0,0.0003799482
586,valid,0,4.5449968e-05
10900,valid,0,1.8937375e-05
5467,valid,0,3.63313e-06
4744,valid,0,0.0016411655
7511,valid,0,0.00027102782
9705,valid,0,0.0044193994
9644,valid,0,2.3263587e-05
4074,valid,0,0.0001109026
6808,valid,0,0.00013436316
455,valid,0,0.0048277727
9802,valid,0,1.9560995e-05
440,valid,0,3.982621e-05
6751,valid,0,0.0021253177
2532,valid,0,3.0288296e-05
5924,valid,0,0.005434547
3828,valid,0,1.143568e-05
8415,valid,0,0.007760143
5717,valid,0,0.0010141089
9707,valid,0,0.0020226256
2992,valid,0,0.0006369978
4519,valid,0,3.0288307e-05
10899,valid,0,7.0033534e-06
2318,valid,0,0.00046365935
3859,valid,0,5.3124772e-06
4508,valid,0,8.065718e-05
5378,valid,0,5.3124772e-06
4659,valid,0,6.6597972e-06
507,valid,0,0.00050199527
4726,valid,0,0.0005667601
10887,valid,0,0.0008410578
4998,valid,0,0.00010074354
7975,valid,0,0.002409651
2997,valid,0,7.509682e-06
6610,valid,0,0.0021575463
6365,valid,0,6.8657428e-06
868,valid,0,0.0008410578
6296,valid,0,8.691483e-06
4896,valid,0,7.5053824e-05
2243,valid,0,1.0595746e-05
2491,valid,0,0.0001095137
551,valid,0,0.00094787765
4964,valid,0,0.00011031652
1072,valid,0,0.002673876
6959,valid,0,0.0006389265
7145,valid,0,2.7148037e-05
6767,valid,0,0.00090991665
10386,valid,0,0.014840667
10582,valid,0,0.003951196
7146,valid,0,0.0037848991
9448,valid,0,9.681689e-05
11083,valid,0,9.681689e-05
4211,valid,0,1.2958446e-05
5037,valid,0,7.053556e-05
7504,valid,0,3.390267e-05
2631,valid,0,9.421608e-06
2536,valid,0,9.671005e-05
2865,valid,0,9.671005e-05
6063,valid,0,2.7255175e-05
81,valid,0,2.164869e-05
9795,valid,0,0.0013052918
7058,valid,0,2.4387955e-05
9926,valid,0,0.00012680782
1904,valid,0,1.127062e-05
3847,valid,0,1.3666745e-05
171,valid,0,6.886159e-05
3583,valid,0,9.241601e-06
1501,valid,0,2.1654167e-05
5888,valid,0,0.0002833171
9467,valid,0,0.0008762622
5031,valid,0,2.048254e-05
2060,valid,0,1.4501318e-05
10963,valid,0,6.0976647e-05
6821,valid,0,0.0008550174
2993,valid,0,9.319123e-05
8544,valid,0,0.000514567
11081,valid,0,0.0009555677
8139,valid,0,8.724873e-05
5231,valid,0,9.421608e-06
332,valid,0,0.0025506031
4862,valid,0,8.723821e-06
3717,valid,0,2.081545e-05
1919,valid,0,4.864763e-06
10560,valid,0,9.315083e-06
1910,valid,0,1.3148137e-05
2686,valid,0,8.302344e-06
6762,valid,0,0.0004900896
5234,valid,0,0.00012250784
8973,valid,0,0.00078638154
6369,valid,0,1.14804125e-05
6813,valid,0,0.0003799482
504,valid,0,0.00010488003
6426,valid,0,0.0003799482
8843,valid,0,7.147743e-06
3748,valid,0,0.00029054825
6944,valid,0,0.00025310335
447,valid,0,4.544986e-05
6278,valid,0,1.3021097e-05
6884,valid,0,0.00039246914
9447,valid,0,4.7540193e-06
10614,valid,0,4.624979e-06
4911,valid,0,3.956275e-05
2238,valid,0,4.544986e-05
1293,valid,0,5.7118496e-06
10086,valid,0,3.9042498e-06
9035,valid,0,0.0004715392
4653,valid,0,0.00039791496
5143,valid,0,0.00029054825
11078,valid,0,0.00029054825
3497,valid,0,0.00039246914
2535,valid,0,4.191976e-06
1287,valid,0,2.4943514e-05
963,valid,0,0.0003656416
6420,valid,0,6.446847e-06
4347,valid,0,0.0021075057
1003,valid,0,1.1760371e-05
10023,valid,0,9.392465e-06
6890,valid,0,0.00018645811
9792,valid,0,5.2862574e-06
3257,valid,0,0.00039246914
10390,valid,0,0.0031305423
5053,valid,0,3.5963072e-05
10906,valid,0,5.9977872e-05
5861,valid,0,1.1487312e-05
9041,valid,0,1.1487312e-05
1223,valid,0,0.00022836516
4734,valid,0,3.904259e-06
5121,valid,0,5.478966e-06
8774,valid,0,0.004608805
24,valid,0,4.9537553e-06
435,valid,0,2.7099595e-05
1806,valid,0,0.0031305423
1933,valid,0,1.9561008e-05
6895,valid,0,0.0008740953
1301,valid,0,0.0016571496
553,valid,0,8.090491e-06
8959,valid,0,1.7382914e-05
2494,valid,0,0.0017422612
9963,valid,0,0.0016571496
1327,valid,0,8.090498e-06
356,valid,0,5.5937777e-05
6409,valid,0,2.2869863e-05
3855,valid,0,0.0001790595
5114,valid,0,0.0009161831
3733,valid,0,0.03464304
355,valid,0,0.00026682322
1081,valid,0,0.0016867587
2826,valid,0,0.0019227294
5882,valid,0,0.018576406
9510,valid,0,2.2022363e-05
437,valid,0,1.6485352e-05
8968,valid,0,0.0010460346
585,valid,0,0.0014172726
9182,valid,0,0.0008660547
3319,valid,0,0.0004623662
6405,valid,0,0.0007213962
1804,valid,0,2.0218451e-05
4351,valid,0,0.0007753502
3851,valid,0,5.312474e-06
9699,valid,0,1.2331762e-05
8423,valid,0,7.246097e-06
3989,valid,0,6.659805e-06
9993,valid,0,0.00045279317
4368,valid,0,0.0011091962
3865,valid,0,7.469923e-06
10382,valid,0,0.00081126357
6048,valid,0,6.775682e-06
5254,valid,0,0.0008208071
7720,valid,0,7.0513015e-06
7498,valid,0,2.7227672e-05
3867,valid,0,0.10295948
10569,valid,0,0.0013425439
8179,valid,0,2.3758921e-05
9121,valid,0,0.00012814546
10434,valid,0,0.00015711298
7911,valid,0,0.00043269564
10877,valid,0,0.002562075
9793,valid,0,0.0005678406
10440,valid,0,0.00013061364
10075,valid,0,0.0014677352
9969,valid,0,7.1929535e-06
9786,valid,0,7.316096e-06
4060,valid,0,0.010223891
9120,valid,0,6.6597795e-06
7970,valid,0,2.1089694e-05
5153,valid,0,0.002409651
7304,valid,0,9.547264e-06
4001,valid,0,5.3124895e-06
4675,valid,0,0.00011382848
5000,valid,0,8.021372e-05
2305,valid,0,0.0006389265
7643,valid,0,1.0630542e-05
8591,valid,0,0.00046020158
9962,valid,0,5.418911e-06
8967,valid,0,2.06e-05
4745,valid,0,1.1276339e-05
9038,valid,0,0.0006389265
4838,valid,0,0.0005027264
10092,valid,0,0.0004888623
6284,valid,0,0.0025522292
4837,valid,0,1.4932261e-05
3837,valid,0,1.1998141e-05
6885,valid,0,0.0006389265
8442,valid,0,1.0630542e-05
5010,valid,0,1.1998162e-05
7311,valid,0,0.05026058
4830,valid,0,0.002371929
9920,valid,0,2.7743317e-05
2806,valid,0,0.00015403035
6138,valid,0,5.8570957e-05
3965,valid,0,3.9907623e-05
7935,valid,0,2.8958084e-05
1296,valid,0,0.0038761452
11065,valid,0,7.237204e-05
3958,valid,0,1.7110026e-05
8540,valid,0,8.69757e-05
1932,valid,0,4.778268e-05
2498,valid,0,0.00021555657
436,valid,0,0.001725306
2320,valid,0,1.2004211e-05
7142,valid,0,0.006500213
9001,valid,0,1.9103823e-05
10896,valid,0,0.0012110047
2595,valid,0,2.714802e-05
557,valid,0,1.03350685e-05
2958,valid,0,0.0006412303
9967,valid,0,0.0021290262
8020,valid,0,2.5306585e-05
3159,valid,0,0.0009746826
82,valid,0,9.8634984e-05
1284,valid,0,1.6009668e-05
3838,valid,0,0.006500213
2810,valid,0,1.42371455e-05
346,valid,0,0.0017250912
6763,valid,0,0.0031763348
2696,valid,0,0.040362675
10001,valid,0,0.0014001946
3714,valid,0,0.0011145747
3331,valid,0,5.634643e-05
8210,valid,0,2.5444284e-05
3249,valid,0,8.0629216e-05
3308,valid,0,2.714802e-05
7056,valid,0,0.0021476224
2061,valid,0,0.00028216638
3347,valid,0,9.5673284e-05
5868,valid,0,0.017089184
1914,valid,0,0.0022821329
1639,valid,0,0.004465177
210,valid,0,4.4571156e-05
4363,valid,0,0.0016687107
3278,valid,0,2.9300707e-05
4280,valid,0,2.9300707e-05
5382,valid,0,3.2964716e-05
1466,valid,0,0.0023815974
713,valid,0,0.0016961198
7295,valid,0,1.040334e-05
4356,valid,0,1.42371455e-05
10022,valid,0,1.42371455e-05
4948,valid,0,0.0015192776
456,valid,0,0.0024981105
10974,valid,0,0.0015192776
6362,valid,0,0.0013844862
7798,valid,0,0.016002957
215,valid,0,0.0015192776
4209,valid,0,7.1106166e-05
9803,valid,0,2.8601542e-05
9977,valid,0,9.3707995e-06
4725,valid,0,0.000112075744
4370,valid,0,2.7413591e-05
3494,valid,0,0.00018516295
3265,valid,0,8.747543e-06
7645,valid,0,5.6798643e-05
2520,valid,0,0.00014882105
534,valid,0,4.6815996e-05
457,valid,0,9.175674e-05
2814,valid,0,7.3124014e-05
502,valid,0,0.00039259842
8154,valid,0,0.00084783725
4749,valid,0,0.0025436128
543,valid,0,1.966347e-05
8957,valid,0,1.2917442e-05
3316,valid,0,9.424696e-05
9505,valid,0,0.001285243
7774,valid,0,1.6445138e-05
4513,valid,0,8.867842e-05
9800,valid,0,7.591076e-05
774,valid,0,0.00068548793
7647,valid,0,0.00039589975
10427,valid,0,1.0812298e-05
6142,valid,0,0.0004856116
2508,valid,0,0.0005344282
5034,valid,0,0.0004856116
5287,valid,0,0.0004856116
7966,valid,0,0.0022376243
1498,valid,0,0.000119178265
8160,valid,0,0.0022376243
6947,valid,0,0.0004856116
5463,valid,0,0.0006890637
9996,valid,0,0.0022194085
9501,valid,0,4.0719897e-05
4738,valid,0,4.0641204e-05
573,valid,0,0.00058663124
5125,valid,0,0.004401857
3160,valid,0,4.7080313e-05
6358,valid,0,0.0018844422
9918,valid,0,0.0015018061
9453,valid,0,0.0006710685
4940,valid,0,0.0017056754
1324,valid,0,0.0052030506
3425,valid,0,0.0003388396
6363,valid,0,4.4995235e-05
6134,valid,0,1.8470453e-05
9460,valid,0,8.4662934e-05
1801,valid,0,0.000100928635
5855,valid,0,0.0020124926
6433,valid,0,1.7027134e-05
669,valid,0,0.00050511904
6887,valid,0,2.6024318e-05
2692,valid,0,2.6024318e-05
4756,valid,0,1.3362694e-05
8183,valid,0,4.2545566e-05
6901,valid,0,5.6888293e-05
10882,valid,0,5.1299427e-05
8163,valid,0,0.0003782462
451,valid,0,7.744622e-05
5032,valid,0,2.4388451e-05
1636,valid,0,0.00042613797
8846,valid,0,3.272338e-05
4923,valid,0,0.0014316535
6260,valid,0,0.00048445066
5583,valid,0,0.00029303765
9178,valid,0,6.954562e-05
2627,valid,0,0.0003742881
4910,valid,0,0.0003742881
2640,valid,0,0.0040785666
2519,valid,0,0.0035483695
8835,valid,0,7.614657e-05
8552,valid,0,0.00026322287
10576,valid,0,0.0039518904
2500,valid,0,0.0008254199
9465,valid,0,0.0005021639
8078,valid,0,0.0039518904
463,valid,0,0.00014787444
8187,valid,0,0.00085552054
2782,valid,0,0.011746757
5646,valid,0,7.091292e-05
6050,valid,0,1.7697548e-05
10500,valid,0,1.7697548e-05
5887,valid,0,0.002531091
9502,valid,0,0.00025765243
1304,valid,0,2.2679904e-05
4860,valid,0,1.2066438e-05
5280,valid,0,3.533343e-05
8207,valid,0,2.8013736e-05
7779,valid,0,0.0062243883
6061,valid,0,2.8013736e-05
10876,valid,0,0.000999425
5620,valid,0,5.791906e-06
1009,valid,0,6.4071855e-06
6654,valid,0,0.00016311566
1071,valid,0,3.9020037e-05
2184,valid,0,5.9725553e-06
9457,valid,0,6.917984e-05
8775,valid,0,0.00011665666
9036,valid,0,1.2083684e-05
5164,valid,0,5.93703e-06
8077,valid,0,2.937991e-05
1213,valid,0,0.00014734193
2703,valid,0,5.892704e-06
5402,valid,0,5.7918965e-06
3869,valid,0,0.00074500334
3860,valid,0,5.597166e-05
3431,valid,0,7.3108945e-06
9645,valid,0,6.7603155e-06
6663,valid,0,0.00030797292
3839,valid,0,0.00049436797
8037,valid,0,5.7919074e-06
157,valid,0,7.25206e-06
10611,valid,0,6.119305e-06
2312,valid,0,0.0004709496
2537,valid,0,0.0010588967
3726,valid,0,5.7919037e-06
4064,valid,0,1.2735427e-05
8174,valid,0,0.00073547167
2634,valid,0,1.0600085e-05
214,valid,0,6.135134e-06
1016,valid,0,0.00048907334
2327,valid,0,1.1104847e-05
9199,valid,0,5.5073775e-05
4081,valid,0,0.000865656
3492,valid,0,0.00021347166
8545,valid,0,0.0012177501
1069,valid,0,0.00022071034
10124,valid,0,0.00011105204
7958,valid,0,0.0006909607
9458,valid,0,0.0004166476
6641,valid,0,4.1979263e-05
10658,valid,0,0.00029061158
2818,valid,0,1.0499565e-05
5297,valid,0,8.499502e-06
1001,valid,0,0.001157713
6823,valid,0,8.979912e-06
4746,valid,0,8.499491e-06
5374,valid,0,5.572246e-05
5755,valid,0,0.0023413487
3350,valid,0,0.00013376301
2858,valid,0,8.75654e-06
4194,valid,0,0.00020787002
209,valid,0,9.17552e-06
8557,valid,0,9.328812e-05
9643,valid,0,6.802425e-05
5629,valid,0,8.499504e-06
3340,valid,0,0.00055001606
4353,valid,0,2.8026114e-05
8220,valid,0,0.000213174
597,valid,0,1.2779597e-05
1309,valid,0,0.0026084941
8963,valid,0,6.039794e-05
7554,valid,0,9.281808e-06
8307,valid,0,0.00051793846
10503,valid,0,0.00023237988
10020,valid,0,0.0007735962
1208,valid,0,2.059927e-05
3339,valid,0,0.001904477
865,valid,0,0.00014174827
3326,valid,0,3.1978703e-05
2824,valid,0,3.320781e-05
7138,valid,0,0.00023689946
1216,valid,0,1.8013881e-05
10107,valid,0,4.1714764e-05
41,valid,0,0.0011606282
4716,valid,0,0.0028312954
4748,valid,0,0.000962914
10274,valid,0,0.00095207547
6356,valid,0,0.0010848078
8189,valid,0,0.0011149661
5896,valid,0,1.1589157e-05
7788,valid,0,0.0008403792
5920,valid,0,0.0013498637
2512,valid,0,0.00026840784
3999,valid,0,0.0054306085
1311,valid,0,9.449025e-06
9194,valid,0,0.0004263535
71,valid,0,1.164333e-05
1065,valid,0,0.0008403792
3610,valid,0,0.0001132371
45,valid,0,0.00092686614
149,valid,0,4.178889e-05
1800,valid,0,1.7021013e-05
10966,valid,0,1.1082795e-05
10636,valid,0,9.871529e-06
5881,valid,0,9.855287e-05
5013,valid,0,2.0010642e-05
3261,valid,0,0.00012571509
1018,valid,0,1.0829691e-05
5719,valid,0,1.951775e-05
7912,valid,0,1.3997434e-05
5156,valid,0,7.176632e-05
10071,valid,0,8.988828e-06
5728,valid,0,1.1389335e-05
163,valid,0,1.2612352e-05
5366,valid,0,4.6455443e-06
1794,valid,0,1.1339054e-05
4361,valid,0,0.0010831913
7302,valid,0,0.0008808282
4654,valid,0,8.723826e-06
778,valid,0,5.9111117e-06
8143,valid,0,4.69934e-06
10028,valid,0,2.3770244e-05
10872,valid,0,4.6455434e-06
2505,valid,0,0.0007316936
7719,valid,0,1.21146995e-05
5377,valid,0,8.723823e-06
2693,valid,0,2.4639923e-05
3616,valid,0,0.00010798082
2787,valid,0,1.3723437e-05
3840,valid,0,0.0012218403
3577,valid,0,0.0028845419
1789,valid,0,9.548525e-06
9123,valid,0,1.00744155e-05
1509,valid,0,0.0005382156
5295,valid,0,1.1082775e-05
6825,valid,0,4.6993378e-06
9177,valid,0,1.1018157e-05
2860,valid,0,2.2535625e-05
7932,valid,0,1.9162204e-05
10070,valid,0,4.645537e-06
3808,valid,0,0.00083601545
10570,valid,0,6.546793e-06
4755,valid,0,3.9722036e-06
5616,valid,0,9.860078e-06
7653,valid,0,2.6286269e-05
8965,valid,0,0.00039246914
5384,valid,0,6.134459e-06
1000,valid,0,3.90425e-06
2522,valid,0,9.158949e-06
5286,valid,0,4.6455425e-06
8043,valid,0,4.6455325e-06
5892,valid,0,5.2862592e-06
10635,valid,0,1.150523e-05
8148,valid,0,7.046936e-06
10000,valid,0,0.00061659515
5727,valid,0,3.90425e-06
2812,valid,0,0.00048424467
6818,valid,0,3.904251e-06
5293,valid,0,8.144684e-06
7963,valid,0,0.0005501688
7904,valid,0,1.13798615e-05
4924,valid,0,1.13798615e-05
6129,valid,0,9.587897e-06
4753,valid,0,4.6993414e-06
9504,valid,0,6.2899335e-06
3712,valid,0,1.7798753e-05
1913,valid,0,4.6455343e-06
4085,valid,0,5.4195752e-06
5923,valid,0,4.699339e-06
4086,valid,0,6.2899358e-06
4731,valid,0,0.0003565477
10248,valid,0,3.954623e-06
10626,valid,0,3.90426e-06
7057,valid,0,0.0001472106
1326,valid,0,3.90425e-06
9973,valid,0,3.904254e-06
5141,valid,0,0.00029054825
8849,valid,0,1.429465e-05
3328,valid,0,6.6627995e-06
6133,valid,0,0.0003759547
4943,valid,0,2.687105e-05
10895,valid,0,0.00041159047
2311,valid,0,0.00029054825
3738,valid,0,3.9042557e-06
6412,valid,0,3.9494694e-06
5024,valid,0,0.00014956346
2866,valid,0,3.972214e-06
6256,valid,0,2.9801809e-06
10610,valid,0,3.90425e-06
2599,valid,0,4.1919743e-06
6875,valid,0,0.00018854227
10960,valid,0,3.9042498e-06
561,valid,0,3.949477e-06
5112,valid,0,3.3671662e-05
74,valid,0,0.00078638154
3321,valid,0,0.00029054825
1288,valid,0,3.9042625e-06
1277,valid,0,0.00025955925
10105,valid,0,3.90425e-06
9184,valid,0,6.1344413e-06
726,valid,0,9.478977e-06
11068,valid,0,9.587897e-06
535,valid,0,4.6455434e-06
8208,valid,0,4.90812e-06
462,valid,0,7.230542e-06
1012,valid,0,3.9494716e-06
7641,valid,0,0.00014393368
140,valid,0,4.3102136e-06
8195,valid,0,0.0007353151
4752,valid,0,6.9243224e-06
3956,valid,0,8.556543e-06
9128,valid,0,9.454541e-06
8850,valid,0,3.94947e-06
8166,valid,0,4.2990914e-06
6900,valid,0,0.00037465192
1632,valid,0,3.9042516e-06
2309,valid,0,0.0007142497
3325,valid,0,5.2862574e-06
4932,valid,0,3.369496e-05
11073,valid,0,0.0003656416
2702,valid,0,3.9042575e-06
5041,valid,0,3.88698e-06
9115,valid,0,3.9042593e-06
2495,valid,0,0.0002987174
5389,valid,0,3.90425e-06
5390,valid,0,4.0020886e-06
5641,valid,0,3.90425e-06
7789,valid,0,3.9722104e-06
657,valid,0,1.2782439e-05
591,valid,0,0.00018655996
2959,valid,0,4.299091e-06
25,valid,0,5.2862592e-06
9979,valid,0,0.00029054825
5716,valid,0,3.94948e-06
5148,valid,0,0.0042177313
5233,valid,0,0.00018655996
9005,valid,0,1.8771045e-05
44,valid,0,3.904254e-06
6881,valid,0,5.3499202e-06
3723,valid,0,0.00029054825
7618,valid,0,4.645537e-06
9998,valid,0,6.899645e-06
8430,valid,0,3.9042593e-06
10091,valid,0,6.2054983e-06
727,valid,0,0.00055844634
9193,valid,0,5.5996366e-06
4757,valid,0,0.00022609495
8424,valid,0,3.9494744e-06
5006,valid,0,4.9841806e-06
1947,valid,0,9.454539e-06
6054,valid,0,4.6455325e-06
1015,valid,0,4.6455452e-06
6824,valid,0,3.904254e-06
8838,valid,0,3.9722145e-06
3725,valid,0,3.904251e-06
3820,valid,0,0.00019559069
3833,valid,0,7.2991643e-06
10389,valid,0,0.0013273433
722,valid,0,0.0002888842
8537,valid,0,3.904257e-06
5376,valid,0,6.8450513e-06
7944,valid,0,0.00029054825
1017,valid,0,1.1865337e-05
8440,valid,0,4.1919698e-06
5902,valid,0,0.0003799482
9506,valid,0,0.0003799482
2496,valid,0,0.00039247153
10624,valid,0,0.00029054825
10971,valid,0,6.070565e-06
9925,valid,0,3.0453913e-05
1797,valid,0,3.0453913e-05
11085,valid,0,1.9876457e-05
7564,valid,0,3.9042525e-06
3982,valid,0,0.00032239713
5930,valid,0,2.7698701e-05
10504,valid,0,2.7698701e-05
1928,valid,0,3.7425394e-05
9027,valid,0,3.9494716e-06
4849,valid,0,0.001729269
4514,valid,0,4.544986e-05
10583,valid,0,0.00021871117
10618,valid,0,3.9042543e-06
6060,valid,0,1.45642525e-05
7964,valid,0,1.9312745e-05
5912,valid,0,4.8082726e-05
477,valid,0,0.0031896494
6655,valid,0,0.0062351413
5365,valid,0,0.0006114597
7549,valid,0,0.0042945175
5936,valid,0,2.520977e-05
2793,valid,0,2.4274921e-05
2064,valid,0,0.0026716886
2788,valid,0,0.0037865487
460,valid,0,1.9580486e-05
3155,valid,0,7.024433e-05
4215,valid,0,0.002132107
8962,valid,0,6.0126775e-05
6357,valid,0,1.9356325e-05
5119,valid,0,0.00018137615
7608,valid,0,0.054565664
4657,valid,0,3.904251e-06
3245,valid,0,2.6148757e-05
6145,valid,0,0.008867832
3346,valid,0,0.00018137615
10102,valid,0,3.0028348e-05
4662,valid,0,2.4337829e-05
3802,valid,0,0.00018412895
8964,valid,0,1.9592828e-05
1308,valid,0,2.0723337e-05
7651,valid,0,0.00049870444
715,valid,0,2.4274907e-05
545,valid,0,4.3488413e-05
2308,valid,0,0.008867934
8961,valid,0,1.9819781e-05
6406,valid,0,3.286742e-05
3969,valid,0,0.0075302944
6957,valid,0,2.4275014e-05
5244,valid,0,1.9592824e-05
9190,valid,0,0.012069342
3861,valid,0,2.6265623e-05
6611,valid,0,2.87321e-05
6619,valid,0,2.4275016e-05
8036,valid,0,7.1285444e-06
10559,valid,0,1.9312789e-05
9122,valid,0,1.9312898e-05
9921,valid,0,0.0027927046
5025,valid,0,2.7816672e-05
5385,valid,0,2.143035e-05
6749,valid,0,0.03310856
8209,valid,0,0.0037671463
8199,valid,0,5.202391e-05
11080,valid,0,1.2849921e-05
4848,valid,0,0.0038256885
465,valid,0,1.9631163e-05
5051,valid,0,1.935625e-05
1218,valid,0,2.4274936e-05
6144,valid,0,1.9356325e-05
4080,valid,0,7.754638e-05
3744,valid,0,3.2894044e-05
9788,valid,0,1.475805e-05
40,valid,0,3.4549994e-05
6826,valid,0,1.4033057e-05
2517,valid,0,0.0035167683
8952,valid,0,2.0368903e-05
1074,valid,0,2.2393786e-05
7906,valid,0,0.003736657
5248,valid,0,2.0700314e-05
1067,valid,0,4.2210668e-05
7316,valid,0,0.0037865487
9700,valid,0,3.9494726e-06
2549,valid,0,0.00503638
1457,valid,0,3.0959295e-06
3721,valid,0,1.2585358e-05
4914,valid,0,1.2387474e-05
207,valid,0,1.6079188e-05
4861,valid,0,1.0491058e-05
5150,valid,0,1.121105e-05
866,valid,0,1.9912955e-05
7805,valid,0,1.5179444e-05
5904,valid,0,0.003747802
10975,valid,0,2.017048e-05
1298,valid,0,0.00093710324
441,valid,0,0.0009610149
10116,valid,0,0.004157359
8140,valid,0,4.979372e-05
8317,valid,0,0.004001218
10959,valid,0,0.00590078
10433,valid,0,0.023562487
1076,valid,0,1.24412645e-05
4950,valid,0,0.0055500683
1313,valid,0,0.0014853041
1303,valid,0,8.044207e-06
2700,valid,0,0.0016571496
6288,valid,0,0.00019854757
10956,valid,0,7.952113e-06
10511,valid,0,0.0009161865
663,valid,0,1.04910505e-05
8412,valid,0,7.952095e-06
2690,valid,0,1.1340892e-05
2616,valid,0,0.00023156177
3831,valid,0,5.4715765e-05
8082,valid,0,1.1211055e-05
4737,valid,0,0.0010141089
4275,valid,0,4.2464337e-05
5359,valid,0,2.5819598e-05
999,valid,0,2.8072132e-05
9981,valid,0,0.004713911
4273,valid,0,0.001964604
544,valid,0,1.0301728e-05
601,valid,0,0.0024420512
6941,valid,0,1.1435677e-05
10096,valid,0,7.952104e-06
2783,valid,0,1.1510914e-05
724,valid,0,0.0028289082
7807,valid,0,1.1084073e-05
1323,valid,0,1.738449e-05
3824,valid,0,8.883928e-06
4277,valid,0,1.2519623e-05
6609,valid,0,1.6025671e-05
4516,valid,0,2.5008236e-05
3868,valid,0,0.00093710324
8969,valid,0,7.952101e-06
10561,valid,0,7.952112e-06
9192,valid,0,1.2207095e-05
212,valid,0,4.3763026e-05
4212,valid,0,9.380486e-05
6052,valid,0,7.952104e-06
8836,valid,0,7.952104e-06
2790,valid,0,2.0282554e-05
10279,valid,0,1.0766913e-05
10907,valid,0,2.10813e-05
6789,valid,0,0.0009161865
7808,valid,0,2.7781625e-05
6413,valid,0,8.044207e-06
5362,valid,0,1.2066574e-05
8851,valid,0,7.952113e-06
10957,valid,0,1.1158405e-05
2697,valid,0,0.0017269521
1503,valid,0,2.061384e-05
4899,valid,0,1.1381973e-05
7948,valid,0,1.6401482e-05
8427,valid,0,7.952095e-06
4220,valid,0,3.4083918e-05
2321,valid,0,0.0019227294
1275,valid,0,2.1054411e-05
647,valid,0,7.952095e-06
3730,valid,0,0.0014108391
8073,valid,0,1.0491057e-05
6398,valid,0,1.9692001e-05
1281,valid,0,3.6872883e-05
1226,valid,0,6.594115e-06
1921,valid,0,6.6597922e-06
365,valid,0,1.5184625e-05
8438,valid,0,1.8867639e-05
2777,valid,0,0.0008410578
5016,valid,0,0.0008410578
9961,valid,0,0.0006028066
2533,valid,0,0.0010932527
10082,valid,0,0.0008410578
4722,valid,0,5.1507992e-05
8134,valid,0,7.051294e-06
7310,valid,0,5.022721e-05
30,valid,0,0.0007210891
9197,valid,0,0.000762737
4747,valid,0,5.089776e-05
10369,valid,0,0.00084941986
7931,valid,0,6.5941017e-06
5042,valid,0,7.316098e-06
8033,valid,0,1.3745013e-05
8201,valid,0,7.4008276e-06
770,valid,0,1.1961161e-05
10662,valid,0,1.3366909e-05
10949,valid,0,1.3366909e-05
9708,valid,0,6.793222e-06
9419,valid,0,0.000668268
3329,valid,0,7.0513015e-06
7782,valid,0,3.387426e-05
8204,valid,0,3.387426e-05
7715,valid,0,7.0512965e-06
142,valid,0,0.0012433933
1900,valid,0,0.0018790491
5279,valid,0,1.3166474e-05
6292,valid,0,9.551672e-06
10888,valid,0,9.551672e-06
3727,valid,0,5.3124745e-06
4673,valid,0,0.00084941986
1945,valid,0,0.0008417304
5733,valid,0,5.3124745e-06
5622,valid,0,5.312474e-06
3609,valid,0,1.4889387e-05
4343,valid,0,0.0013178365
7598,valid,0,0.0008993291
723,valid,0,6.6597772e-06
2638,valid,0,1.6531558e-05
11071,valid,0,2.188165e-05
5392,valid,0,6.6597886e-06
7606,valid,0,7.316119e-06
9033,valid,0,2.0395528e-05
8155,valid,0,0.00047797346
7960,valid,0,6.7369447e-06
10263,valid,0,1.4735496e-05
10088,valid,0,0.00010046106
458,valid,0,0.0018790491
6950,valid,0,7.685804e-06
3742,valid,0,6.594104e-06
5047,valid,0,6.670485e-06
7965,valid,0,6.73692e-06
1977,valid,0,0.00014112392
8041,valid,0,7.0254423e-06
6403,valid,0,0.00093307026
10262,valid,0,0.00087085477
2867,valid,0,6.6597795e-06
6440,valid,0,1.0177871e-05
4201,valid,0,9.829211e-06
10557,valid,0,7.952095e-06
7298,valid,0,6.764267e-05
4919,valid,0,6.9162384e-06
7559,valid,0,6.736911e-06
10513,valid,0,6.736911e-06
5369,valid,0,7.051302e-06
8080,valid,0,3.350853e-05
5245,valid,0,6.7369174e-06
7722,valid,0,1.639251e-05
3279,valid,0,0.0004418681
9020,valid,0,1.7862894e-05
1459,valid,0,7.471039e-05
4841,valid,0,1.0766913e-05
6831,valid,0,5.3124973e-06
3164,valid,0,1.8408913e-05
10029,valid,0,8.845661e-06
2606,valid,0,8.845661e-06
9992,valid,0,0.00041899935
1507,valid,0,0.0010015784
7957,valid,0,5.3124772e-06
1895,valid,0,8.40658e-05
4666,valid,0,1.1499172e-05
532,valid,0,1.2301952e-05
10080,valid,0,5.312495e-06
7681,valid,0,0.0013621689
1278,valid,0,5.3124772e-06
4218,valid,0,5.3124772e-06
9422,valid,0,9.205349e-06
8853,valid,0,5.3124822e-06
6956,valid,0,5.3124822e-06
4758,valid,0,0.0006389265
650,valid,0,5.312474e-06
10113,valid,0,3.6101606e-05
8974,valid,0,5.3124822e-06
6792,valid,0,0.0013621689
9113,valid,0,5.374008e-06
3170,valid,0,5.3124795e-06
32,valid,0,0.0006389265
1220,valid,0,1.2228074e-05
7806,valid,0,7.619309e-06
7930,valid,0,7.7522745e-06
5909,valid,0,1.6392538e-05
7790,valid,0,1.1699292e-05
6955,valid,0,5.3124822e-06
7508,valid,0,1.3020087e-05
3305,valid,0,0.0008481204
10370,valid,0,5.3124822e-06
4967,valid,0,0.0059811007
5110,valid,0,0.0013621689
7313,valid,0,5.312474e-06
10085,valid,0,5.3124822e-06
8213,valid,0,1.897515e-05
10891,valid,0,0.0033317015
4276,valid,0,1.1499172e-05
42,valid,0,5.312474e-06
6059,valid,0,5.3124845e-06
6259,valid,0,1.730827e-05
8954,valid,0,5.3124822e-06
7506,valid,0,0.00043269564
7800,valid,0,0.0006572295
473,valid,0,5.531328e-06
6429,valid,0,1.2228084e-05
33,valid,0,8.06119e-06
6784,valid,0,7.0374284e-05
9454,valid,0,1.6103211e-05
10657,valid,0,0.0013598304
3399,valid,0,0.0008481204
994,valid,0,1.6677744e-05
222,valid,0,5.3124827e-06
5391,valid,0,7.912672e-06
173,valid,0,0.0004953717
9011,valid,0,0.0011280531
8972,valid,0,5.294135e-05
6809,valid,0,1.47674655e-05
7646,valid,0,0.0004056037
10954,valid,0,0.0010012336
5917,valid,0,7.809149e-06
8541,valid,0,0.0006389265
7603,valid,0,5.3124836e-06
6817,valid,0,0.0010012336
8196,valid,0,7.619281e-06
10958,valid,0,0.0004888623
1212,valid,0,5.312474e-06
7974,valid,0,1.25345e-05
2588,valid,0,1.25345e-05
4289,valid,0,1.1057073e-05
2316,valid,0,1.1156254e-05
3166,valid,0,5.1360847e-05
4936,valid,0,0.0022540027
4282,valid,0,2.8199689e-05
9186,valid,0,1.12205e-05
2799,valid,0,0.0013598304
6624,valid,0,5.3124822e-06
3168,valid,0,8.118834e-06
780,valid,0,0.0006389265
8075,valid,0,1.0964345e-05
10072,valid,0,1.1635909e-05
3169,valid,0,0.0006389265
558,valid,0,6.206704e-05
2802,valid,0,4.4057688e-05
4751,valid,0,1.1605848e-05
4674,valid,0,2.177505e-05
6430,valid,0,7.61932e-06
7959,valid,0,7.1929503e-06
5626,valid,0,0.00049537315
5039,valid,0,0.0015299781
6294,valid,0,0.0023137312
4920,valid,0,2.4576279e-05
3584,valid,0,0.0017282987
777,valid,0,0.0001740847
4724,valid,0,0.0004418681
5397,valid,0,1.1998177e-05
5919,valid,0,1.123604e-05
2325,valid,0,1.123604e-05
5236,valid,0,0.0006389265
5625,valid,0,4.052566e-05
3829,valid,0,0.0022205736
6659,valid,0,4.1782143e-05
6280,valid,0,2.336272e-05
568,valid,0,1.4525158e-05
9633,valid,0,0.00015878778
6618,valid,0,1.173202e-05
7612,valid,0,1.8241582e-05
5127,valid,0,3.7087542e-05
216,valid,0,0.0006852392
8311,valid,0,2.2732302e-05
7954,valid,0,0.0016099225
3977,valid,0,0.0015299781
5253,valid,0,1.481342e-05
7910,valid,0,0.0027028888
1976,valid,0,0.0010353212
36,valid,0,2.2090664e-05
7795,valid,0,1.540256e-05
5158,valid,0,1.567063e-05
6360,valid,0,1.3325176e-05
1920,valid,0,0.008618194
9798,valid,0,1.628246e-05
417,valid,0,1.918771e-05
7147,valid,0,4.770498e-05
4369,valid,0,1.2976526e-05
1321,valid,0,5.8419475e-05
9966,valid,0,5.84192e-05
4939,valid,0,4.556169e-05
10873,valid,0,0.0002097875
4227,valid,0,2.8166553e-05
5128,valid,0,2.6475062e-05
10073,valid,0,1.45670865e-05
3731,valid,0,0.0018952057
5628,valid,0,0.0002567263
8144,valid,0,0.00010938552
11077,valid,0,0.0021821158
6364,valid,0,0.0030167124
4834,valid,0,2.9955569e-05
2784,valid,0,1.34272605e-05
9187,valid,0,1.1311354e-05
9642,valid,0,0.0001307462
10965,valid,0,0.00084644614
8024,valid,0,1.3582771e-05
9116,valid,0,0.00010115364
10098,valid,0,0.0006838506
4893,valid,0,9.0988986e-05
9696,valid,0,1.6883207e-05
1062,valid,0,0.0009988977
10892,valid,0,1.9187632e-05
5256,valid,0,8.713376e-06
7615,valid,0,0.010520402
8772,valid,0,8.712169e-06
594,valid,0,1.0854498e-05
5753,valid,0,4.114919e-05
5388,valid,0,8.40402e-06
1209,valid,0,1.29494565e-05
3333,valid,0,0.0018622057
2073,valid,0,2.431381e-05
1916,valid,0,1.2801169e-05
4071,valid,0,1.9386624e-05
4068,valid,0,0.0007541515
9129,valid,0,0.0020558652
2547,valid,0,1.8722027e-05
4999,valid,0,1.3546178e-05
46,valid,0,5.9590042e-05
3312,valid,0,4.109167e-05
6066,valid,0,0.0041505103
8949,valid,0,9.3486615e-06
954,valid,0,1.9449584e-05
6864,valid,0,0.00012892198
349,valid,0,0.0011121186
9999,valid,0,2.7650463e-05
10093,valid,0,4.41103e-05
5885,valid,0,0.003412952
592,valid,0,3.405131e-05
1215,valid,0,2.3749893e-05
3986,valid,0,0.0011970164
4926,valid,0,0.00015779806
1007,valid,0,3.4684992e-05
779,valid,0,0.000408004
8068,valid,0,1.52288485e-05
718,valid,0,1.1568243e-05
1458,valid,0,0.00041681188
3585,valid,0,9.235521e-05
2624,valid,0,6.520462e-05
3818,valid,0,0.0002296138
1473,valid,0,0.0035701615
10268,valid,0,1.0964345e-05
3873,valid,0,0.001920536
5364,valid,0,1.439806e-05
7949,valid,0,0.0017925435
2323,valid,0,0.0009099338
8029,valid,0,0.004316715
6132,valid,0,8.713374e-06
11076,valid,0,0.0008762622
5870,valid,0,2.1598764e-05
9651,valid,0,0.0018895934
5055,valid,0,7.357234e-05
4065,valid,0,6.168278e-05
8428,valid,0,4.8578873e-05
10250,valid,0,0.00017498407
2339,valid,0,0.0002462541
6958,valid,0,0.0016961198
10110,valid,0,2.8166553e-05
2175,valid,0,0.0011121054
1029,valid,0,1.3666725e-05
6065,valid,0,0.00017135452
4464,valid,0,9.011362e-06
3708,valid,0,1.4323628e-05
10661,valid,0,8.988171e-05
5752,valid,0,8.025272e-05
1935,valid,0,1.5884838e-05
5886,valid,0,2.0854557e-05
1210,valid,0,0.0016274862
8425,valid,0,0.0051784995
6246,valid,0,0.001045502
7140,valid,0,2.4459821e-05
8419,valid,0,1.3838256e-05
7553,valid,0,2.898768e-05
1925,valid,0,0.0003656875
8185,valid,0,3.5652163e-05
4672,valid,0,3.5652163e-05
6814,valid,0,1.3172534e-05
11063,valid,0,1.8359679e-05
2857,valid,0,1.5884838e-05
10106,valid,0,1.2183165e-05
3163,valid,0,1.5367817e-05
9415,valid,0,0.001045504
1944,valid,0,1.2801215e-05
2950,valid,0,1.336807e-05
10556,valid,0,0.00012730724
331,valid,0,3.50119e-05
678,valid,0,1.3368076e-05
1633,valid,0,3.4684603e-05
6279,valid,0,1.4135311e-05
10074,valid,0,1.3666756e-05
9021,valid,0,1.4831628e-05
2313,valid,0,0.0028033308
576,valid,0,0.0020657468
4963,valid,0,8.200877e-06
9179,valid,0,0.0007930538
1306,valid,0,2.8883143e-05
5726,valid,0,6.576412e-05
205,valid,0,1.0433967e-05
2244,valid,0,6.110649e-05
10385,valid,0,9.756069e-06
6614,valid,0,2.494751e-05
8315,valid,0,0.00711139
10627,valid,0,9.262848e-06
5020,valid,0,0.0008931486
3407,valid,0,0.0012294502
4742,valid,0,0.001992314
7724,valid,0,3.608957e-05
7901,valid,0,3.2152708e-05
9976,valid,0,0.00711139
8845,valid,0,1.3825055e-05
537,valid,0,1.4501311e-05
8998,valid,0,1.0854476e-05
4844,valid,0,0.004188653
9039,valid,0,5.2727384e-05
5246,valid,0,0.00049228506
8551,valid,0,1.1581098e-05
782,valid,0,1.3904729e-05
5375,valid,0,1.3427252e-05
771,valid,0,0.00014260085
4079,valid,0,1.0281978e-05
1199,valid,0,0.0017824927
6871,valid,0,0.005036874
6425,valid,0,0.0006787154
6251,valid,0,2.682774e-05
3720,valid,0,1.2801178e-05
9014,valid,0,1.3168615e-05
5634,valid,0,0.000839348
672,valid,0,0.0012462495
4655,valid,0,0.0015304722
9702,valid,0,0.0017799
6833,valid,0,0.014458039
3614,valid,0,0.00076835894
4836,valid,0,8.7133685e-06
6868,valid,0,9.01136e-06
21,valid,0,0.0008013016
454,valid,0,0.0018908494
9698,valid,0,0.004050201
5040,valid,0,9.178017e-06
3985,valid,0,9.178003e-06
8067,valid,0,8.247094e-06
7599,valid,0,0.057375982
9040,valid,0,0.0013844862
5721,valid,0,0.007148043
9471,valid,0,9.626955e-06
5393,valid,0,9.626955e-06
438,valid,0,0.0005428324
3272,valid,0,3.0144585e-05
7936,valid,0,0.00047828688
339,valid,0,0.0016036178
371,valid,0,0.00056470477
8421,valid,0,2.0509318e-05
9636,valid,0,2.0509318e-05
7803,valid,0,0.0003512145
8966,valid,0,0.00030118262
164,valid,0,0.00016971571
8778,valid,0,9.318593e-05
5162,valid,0,0.00021399146
5926,valid,0,3.0453366e-05
5838,valid,0,1.6833195e-05
677,valid,0,0.00010937733
9647,valid,0,0.00025770644
4294,valid,0,0.00025770644
5109,valid,0,0.00016377821
9990,valid,0,0.00018550146
8028,valid,0,2.4387882e-05
3706,valid,0,5.488153e-06
2621,valid,0,1.3032619e-05
213,valid,0,0.00020322307
1170,valid,0,0.000104676066
10501,valid,0,0.0001072497
5243,valid,0,0.00018905412
6137,valid,0,0.00021399146
4515,valid,0,3.4179047e-05
5469,valid,0,1.0653306e-05
2231,valid,0,0.0001320639
10253,valid,0,0.0001320639
6893,valid,0,1.0189021e-05
352,valid,0,0.0001072497
7644,valid,0,0.00010900473
6869,valid,0,0.00015091071
340,valid,0,0.00014882105
3415,valid,0,1.1609951e-05
2066,valid,0,0.00014882105
2629,valid,0,0.00014882105
8435,valid,0,0.00015091071
8219,valid,0,0.00018274566
7137,valid,0,0.00010680832
4352,valid,0,0.00015091071
2070,valid,0,0.0001446079
6651,valid,0,0.00010293689
3242,valid,0,0.000104676066
3274,valid,0,0.0001072497
9929,valid,0,0.000222576
5858,valid,0,9.158925e-06
1224,valid,0,0.0023421235
1504,valid,0,4.527664e-05
4912,valid,0,0.001067545
7937,valid,0,2.5166444e-05
3264,valid,0,5.846522e-05
2807,valid,0,0.000444363
667,valid,0,0.0003741382
3313,valid,0,0.0005486279
590,valid,0,0.0009823006
2596,valid,0,0.0006437272
9641,valid,0,0.0005193094
337,valid,0,0.0005193094
3952,valid,0,0.00012222308
9018,valid,0,1.9298366e-05
1894,valid,0,4.1406358e-05
6253,valid,0,3.6421177e-05
6759,valid,0,6.390815e-06
9801,valid,0,6.390815e-06
4070,valid,0,4.3054597e-06
5002,valid,0,4.3054597e-06
8212,valid,0,0.00029754316
3301,valid,0,1.1651408e-05
3821,valid,0,0.00016693879
540,valid,0,0.00020527263
148,valid,0,0.00011262959
3358,valid,0,0.00018672568
8173,valid,0,0.00018672568
3960,valid,0,0.00012074451
8596,valid,0,0.00012074451
6758,valid,0,0.00020353832
1214,valid,0,0.00016126066
6834,valid,0,3.647394e-05
6760,valid,0,0.00010536664
4993,valid,0,0.00012408273
10620,valid,0,0.005308825
10101,valid,0,0.00038894356
3815,valid,0,0.00028040045
2991,valid,0,1.4915768e-05
1979,valid,0,1.3003851e-05
6290,valid,0,0.00018886641
6770,valid,0,1.3002772e-05
7784,valid,0,0.00016824454
3619,valid,0,0.00033968186
563,valid,0,3.7540798e-05
4850,valid,0,3.594004e-05
439,valid,0,0.00013935381
5640,valid,0,0.0003242815
2180,valid,0,1.7867025e-05
5144,valid,0,0.00027016818
9988,valid,0,6.3309326e-06
3713,valid,0,0.00022039843
3580,valid,0,2.275217e-05
7305,valid,0,0.00022425686
3625,valid,0,0.00034177696
4281,valid,0,0.0025436128
9201,valid,0,4.5046952e-05
3429,valid,0,9.857532e-05
3846,valid,0,3.184511e-05
7844,valid,0,0.000132189
5878,valid,0,0.00032673107
6620,valid,0,2.1364694e-05
8603,valid,0,8.209555e-05
547,valid,0,1.5414202e-05
4839,valid,0,1.0435627e-05
10374,valid,0,6.457081e-05
10631,valid,0,0.00042383312
552,valid,0,0.0037677744
719,valid,0,1.9663456e-05
5872,valid,0,9.248069e-05
7552,valid,0,1.9292695e-05
8953,valid,0,0.00036066692
7902,valid,0,8.0089514e-05
1205,valid,0,1.9779816e-05
7306,valid,0,2.2021588e-05
7946,valid,0,2.686516e-05
3841,valid,0,8.9751185e-05
9927,valid,0,7.320361e-05
7939,valid,0,0.00028072693
2336,valid,0,7.216937e-05
10889,valid,0,0.001372986
4511,valid,0,2.7406863e-05
8190,valid,0,7.616168e-05
4230,valid,0,0.0005539616
9411,valid,0,0.00044315078
10273,valid,0,0.0023511734
2514,valid,0,4.1929066e-05
3819,valid,0,1.7704588e-05
174,valid,0,8.601111e-05
5472,valid,0,0.00029627464
10388,valid,0,4.063545e-05
968,valid,0,1.2877248e-05
4944,valid,0,2.2172993e-05
559,valid,0,0.00035845718
1972,valid,0,3.0012905e-05
5027,valid,0,3.0012905e-05
3315,valid,0,0.0009363102
1911,valid,0,0.003315305
1917,valid,0,0.0006494018
6436,valid,0,0.003315305
2825,valid,0,0.0003882244
4658,valid,0,0.00012601106
10259,valid,0,0.00023051728
6396,valid,0,1.955693e-05
9914,valid,0,1.955693e-05
7610,valid,0,0.00066361984
6756,valid,0,4.1564137e-05
4073,valid,0,0.0047463244
863,valid,0,3.7346246e-05
404,valid,0,6.5428e-05
7850,valid,0,9.402521e-06
5846,valid,0,5.815143e-05
10894,valid,0,1.9259245e-05
10031,valid,0,3.0128711e-05
9462,valid,0,0.00044315078
1906,valid,0,2.9662657e-05
2515,valid,0,2.2435712e-05
7654,valid,0,0.0021061357
3501,valid,0,3.065809e-05
3995,valid,0,5.8067144e-05
414,valid,0,0.00014402418
5017,valid,0,1.3200919e-05
4921,valid,0,1.6495409e-05
6285,valid,0,4.5926445e-05
9794,valid,0,4.5926445e-05
2778,valid,0,2.058843e-05
10580,valid,0,1.2756005e-05
8556,valid,0,2.0588455e-05
1946,valid,0,2.522133e-05
3176,valid,0,1.3430603e-05
7929,valid,0,1.986232e-05
1169,valid,0,1.5666796e-05
9789,valid,0,0.00046506795
6807,valid,0,0.00058249506
8072,valid,0,0.00046506795
5856,valid,0,2.3663897e-05
995,valid,0,2.3663897e-05
5732,valid,0,1.3200896e-05
500,valid,0,5.6708668e-05
9478,valid,0,2.0106823e-05
1638,valid,0,2.0106823e-05
1010,valid,0,1.3235091e-05
1332,valid,0,1.3430663e-05
1462,valid,0,7.4929805e-05
3238,valid,0,2.9305898e-05
8411,valid,0,0.00018177077
38,valid,0,1.3655622e-05
77,valid,0,1.3655622e-05
769,valid,0,6.41221e-05
357,valid,0,0.00036125036
9196,valid,0,1.365564e-05
2863,valid,0,1.3200943e-05
1228,valid,0,0.00032693052
144,valid,0,0.0001501007
498,valid,0,7.24576e-05
4933,valid,0,1.32009e-05
2957,valid,0,0.0003592053
9181,valid,0,2.1808803e-05
83,valid,0,5.7209036e-05
7296,valid,0,0.00040089674
2326,valid,0,6.618171e-05
8548,valid,0,0.00011413457
562,valid,0,0.00044171655
5925,valid,0,0.0011410651
9632,valid,0,0.00032693052
642,valid,0,8.4195985e-05
1221,valid,0,1.3823781e-05
1201,valid,0,1.3784345e-05
5023,valid,0,0.0022376243
5874,valid,0,9.129651e-05
3246,valid,0,0.0004612292
3161,valid,0,0.0004856116
6874,valid,0,0.00034137475
7604,valid,0,1.3784323e-05
3991,valid,0,2.9822957e-05
5018,valid,0,1.3784339e-05
10115,valid,0,0.0004040089
11064,valid,0,0.0009931686
6439,valid,0,3.7967864e-05
9511,valid,0,0.00028846166
4204,valid,0,1.5980942e-05
2805,valid,0,0.00031814195
9499,valid,0,0.00016428903
220,valid,0,0.0004612292
4287,valid,0,0.0004856116
3587,valid,0,0.0007381981
3320,valid,0,0.0004856116
9968,valid,0,0.0004856116
6788,valid,0,9.642518e-05
10506,valid,0,1.5359086e-05
2862,valid,0,0.0004856116
2185,valid,0,9.731392e-06
9922,valid,0,1.6359203e-05
3607,valid,0,0.0003889323
5229,valid,0,0.00016274714
1807,valid,0,1.3784333e-05
5756,valid,0,1.20846025e-05
10376,valid,0,0.000662782
8168,valid,0,1.81567e-05
6656,valid,0,1.7436894e-05
4213,valid,0,1.3784362e-05
6615,valid,0,0.0009684923
3280,valid,0,0.00016378472
8550,valid,0,0.00052004645
151,valid,0,0.0016978192
658,valid,0,0.00047490466
1302,valid,0,0.0004856116
5633,valid,0,0.0004612292
2237,valid,0,0.0013806472
9693,valid,0,1.7224434e-05
9126,valid,0,0.0012998038
8313,valid,0,0.0004254934
2314,valid,0,3.2271982e-05
656,valid,0,7.0856004e-05
9983,valid,0,0.00028846166
358,valid,0,0.00013639776
5462,valid,0,0.0030166886
2779,valid,0,6.658613e-05
1909,valid,0,6.9727386e-05
2954,valid,0,0.0009821589
8039,valid,0,0.0038177753
7976,valid,0,0.00010551012
6644,valid,0,4.1882016e-05
5363,valid,0,0.007941927
2176,valid,0,3.054476e-05
2831,valid,0,0.0009417745
5036,valid,0,5.928371e-05
6047,valid,0,0.0017472014
8162,valid,0,2.7182947e-05
3994,valid,0,2.7182947e-05
10432,valid,0,0.00052937143
8206,valid,0,4.3064018e-05
4228,valid,0,0.0013799103
4990,valid,0,0.0017472014
10575,valid,0,1.4024187e-05
10947,valid,0,0.0056735068
1006,valid,0,2.1669894e-05
2331,valid,0,2.1669894e-05
1637,valid,0,4.1630305e-05
9970,valid,0,4.163032e-05
4909,valid,0,4.1630254e-05
10616,valid,0,4.0641233e-05
1314,valid,0,0.00035536295
5637,valid,0,4.0746298e-05
5155,valid,0,0.00034404275
3330,valid,0,4.163026e-05
4354,valid,0,4.9386803e-05
3724,valid,0,4.1737934e-05
6286,valid,0,0.0004461138
1203,valid,0,4.163026e-05
9461,valid,0,8.785209e-05
6832,valid,0,4.4467844e-05
1174,valid,0,6.37427e-05
7561,valid,0,4.0670715e-05
4509,valid,0,0.0006862821
6423,valid,0,4.3594562e-05
10952,valid,0,4.2071566e-05
6946,valid,0,4.0670762e-05
6410,valid,0,4.163009e-05
8308,valid,0,0.0007036927
5921,valid,0,4.0887433e-05
8960,valid,0,0.0036551405
470,valid,0,4.499531e-05
7967,valid,0,2.7239746e-05
871,valid,0,0.010375988
1075,valid,0,3.779034e-05
2181,valid,0,3.779034e-05
5107,valid,0,2.0046633e-05
2800,valid,0,6.661987e-05
10573,valid,0,3.8376907e-05
1929,valid,0,5.162566e-05
9118,valid,0,3.9045084e-05
1635,valid,0,0.00016865713
47,valid,0,0.0028051247
6255,valid,0,0.00043245562
1028,valid,0,0.016518364
9797,valid,0,2.8525043e-05
949,valid,0,0.0009659935
6606,valid,0,3.8377082e-05
8135,valid,0,0.00012262668
6945,valid,0,6.3909945e-05
950,valid,0,0.0006652759
1031,valid,0,4.1828192e-05
1282,valid,0,3.837701e-05
10619,valid,0,0.00011883965
4061,valid,0,3.8376988e-05
1791,valid,0,2.4369578e-05
5294,valid,0,2.6109275e-05
5145,valid,0,0.0014460629
34,valid,0,2.654668e-05
476,valid,0,3.4522247e-05
6811,valid,0,2.8177985e-05
9479,valid,0,2.0790263e-05
7133,valid,0,0.0001081409
6148,valid,0,3.6545236e-05
1025,valid,0,0.0015102267
1634,valid,0,2.5729101e-05
1002,valid,0,0.0014778256
348,valid,0,1.8092313e-05
5731,valid,0,0.000423483
4089,valid,0,0.0003624498
997,valid,0,2.5111254e-05
7303,valid,0,1.702713e-05
6049,valid,0,0.0001149002
6891,valid,0,0.0019913905
1019,valid,0,5.443825e-05
1172,valid,0,6.829671e-05
1322,valid,0,2.4325502e-05
8598,valid,0,0.00028493712
6949,valid,0,1.681993e-05
8842,valid,0,3.4551707e-05
10948,valid,0,2.432554e-05
10622,valid,0,3.413138e-05
4512,valid,0,3.413138e-05
2856,valid,0,2.43255e-05
9200,valid,0,3.0792933e-05
2509,valid,0,7.034459e-05
5759,valid,0,5.2156724e-05
10566,valid,0,0.0041939416
4845,valid,0,2.4325487e-05
7494,valid,0,0.0003624498
3578,valid,0,3.5347228e-05
7938,valid,0,0.0019693507
4521,valid,0,0.0012621225
735,valid,0,0.0011066
10393,valid,0,2.7157352e-05
781,valid,0,0.0001461526
3843,valid,0,0.0019420432
5283,valid,0,2.4325505e-05
8955,valid,0,0.0014316535
555,valid,0,0.0015754167
5368,valid,0,9.979638e-06
2319,valid,0,0.0019693507
5922,valid,0,2.4325409e-05
3746,valid,0,0.00048445066
5911,valid,0,0.0014316535
7725,valid,0,0.0015754167
162,valid,0,2.4679073e-05
4207,valid,0,0.004669511
10878,valid,0,0.007145533
10076,valid,0,1.783046e-05
5730,valid,0,0.0013332166
10621,valid,0,1.7027107e-05
9026,valid,0,8.232622e-05
1068,valid,0,1.7830496e-05
5630,valid,0,3.272338e-05
1941,valid,0,0.0014316535
2795,valid,0,0.0014316535
3334,valid,0,2.4325413e-05
4210,valid,0,2.4325456e-05
1467,valid,0,0.007145533
5933,valid,0,0.0012621225
8559,valid,0,3.7216596e-05
4283,valid,0,2.4748846e-05
5044,valid,0,2.0388405e-05
875,valid,0,2.5473175e-05
5386,valid,0,2.5473175e-05
166,valid,0,0.0003665634
1207,valid,0,2.5812576e-05
2619,valid,0,2.5812576e-05
6753,valid,0,0.0012621225
5147,valid,0,2.4325485e-05
3858,valid,0,0.0014316535
8026,valid,0,2.6721204e-05
2322,valid,0,0.0014316535
5621,valid,0,3.6570513e-05
9188,valid,0,2.4325398e-05
5038,valid,0,2.4325398e-05
10275,valid,0,0.00855616
10069,valid,0,1.702709e-05
714,valid,0,2.4325444e-05
7799,valid,0,0.0006292128
5720,valid,0,2.4748828e-05
5644,valid,0,2.4325365e-05
6628,valid,0,0.0041596578
10571,valid,0,5.0078783e-05
10567,valid,0,0.00032056577
4221,valid,0,0.0013321025
730,valid,0,3.3552846e-05
3703,valid,0,3.3552846e-05
996,valid,0,0.00016681098
5884,valid,0,5.230616e-05
5464,valid,0,5.230616e-05
10972,valid,0,7.094655e-05
1937,valid,0,0.0005638644
10665,valid,0,0.0029458194
3980,valid,0,4.9949434e-05
7314,valid,0,5.300291e-05
9025,valid,0,0.0039518904
7611,valid,0,5.0818722e-05
4832,valid,0,0.0041596578
7845,valid,0,0.0002139538
158,valid,0,9.975147e-05
10377,valid,0,4.9949558e-05
1023,valid,0,0.00054036727
9127,valid,0,3.4963345e-05
1032,valid,0,5.4810193e-05
1211,valid,0,0.00014764299
9703,valid,0,4.9949565e-05
5623,valid,0,3.8833565e-05
10128,valid,0,3.8833565e-05
4729,valid,0,6.954562e-05
1915,valid,0,4.994953e-05
4225,valid,0,2.432547e-05
3174,valid,0,6.954558e-05
1796,valid,0,4.994952e-05
1283,valid,0,2.4388357e-05
9030,valid,0,7.094657e-05
10869,valid,0,0.0041596578
9697,valid,0,0.003948591
146,valid,0,8.094757e-05
7567,valid,0,3.6599027e-05
1317,valid,0,2.5700252e-05
10114,valid,0,0.003948591
4075,valid,0,5.300314e-05
10579,valid,0,5.230603e-05
336,valid,0,5.230603e-05
10381,valid,0,4.9949493e-05
5908,valid,0,7.1129936e-05
5252,valid,0,7.0946335e-05
8956,valid,0,0.011746757
1289,valid,0,4.9949493e-05
8211,valid,0,0.004792759
2174,valid,0,0.0007804566
9706,valid,0,0.010040048
581,valid,0,0.00037162346
7136,valid,0,0.00092212803
10883,valid,0,4.9949558e-05
1640,valid,0,2.46476e-05
2613,valid,0,0.0020663165
2852,valid,0,6.6198896e-05
8042,valid,0,5.1765706e-05
1227,valid,0,5.0818744e-05
5724,valid,0,6.970036e-05
3747,valid,0,2.436539e-05
2689,valid,0,2.464756e-05
6418,valid,0,7.050737e-05
7556,valid,0,2.4647577e-05
966,valid,0,2.4647577e-05
8034,valid,0,5.4127e-05
1931,valid,0,4.994957e-05
7620,valid,0,5.2306154e-05
5383,valid,0,0.00048664605
3823,valid,0,2.4365367e-05
7945,valid,0,3.392476e-05
7713,valid,0,4.994923e-05
5258,valid,0,0.0004901284
5161,valid,0,0.0016244736
9974,valid,0,0.00017086056
4214,valid,0,2.4647627e-05
6438,valid,0,5.230613e-05
10380,valid,0,0.003948591
1803,valid,0,3.9200022e-05
5049,valid,0,0.0041596578
147,valid,0,0.012441699
3866,valid,0,4.994936e-05
3976,valid,0,2.4365376e-05
501,valid,0,0.00087892107
5151,valid,0,3.9764465e-05
2792,valid,0,5.230622e-05
10613,valid,0,2.4365367e-05
1926,valid,0,0.00016533183
8030,valid,0,5.1669635e-05
1470,valid,0,0.0004373237
1080,valid,0,2.436539e-05
406,valid,0,0.0022683633
1027,valid,0,0.0062911776
2059,valid,0,0.0012849981
3307,valid,0,0.0048840353
1973,valid,0,0.00077128084
9704,valid,0,0.0008653164
8443,valid,0,0.00013978193
3988,valid,0,2.2942579e-05
1295,valid,0,2.3961957e-05
4522,valid,0,0.00046094414
5291,valid,0,0.00023712439
7601,valid,0,0.0005701157
5284,valid,0,3.5333393e-05
10558,valid,0,2.3456752e-05
1912,valid,0,2.3074655e-05
3323,valid,0,0.0002490999
2600,valid,0,9.51556e-05
5642,valid,0,6.2469284e-05
8200,valid,0,7.0121305e-06
5631,valid,0,0.00203473
3589,valid,0,0.00044240154
8431,valid,0,1.8083772e-05
6397,valid,0,7.0302845e-06
580,valid,0,4.72996e-05
7973,valid,0,3.3095646e-05
10435,valid,0,0.00046094414
4931,valid,0,4.366477e-05
5889,valid,0,0.0024564976
1918,valid,0,3.4928948e-05
2951,valid,0,9.7319746e-05
3834,valid,0,9.7319746e-05
152,valid,0,0.001145806
10950,valid,0,2.2679904e-05
7675,valid,0,0.0002974409
6892,valid,0,0.00022589642
10885,valid,0,2.3456752e-05
3709,valid,0,3.654573e-05
2687,valid,0,2.5194726e-05
10394,valid,0,2.2404009e-05
3348,valid,0,0.00017158031
6819,valid,0,0.0027113
4454,valid,0,0.0045890855
2499,valid,0,9.290923e-05
7301,valid,0,2.8013748e-05
9646,valid,0,0.00039048734
7971,valid,0,2.8013736e-05
1286,valid,0,1.1613264e-05
10387,valid,0,3.4928904e-05
1291,valid,0,2.2942584e-05
3175,valid,0,0.0005701157
6051,valid,0,2.2679922e-05
2628,valid,0,1.6512084e-05
466,valid,0,7.0121314e-06
3409,valid,0,0.00054277026
4842,valid,0,5.2702264e-05
659,valid,0,0.0015547387
550,valid,0,0.0024564976
4840,valid,0,0.0021961874
22,valid,0,4.5546014e-05
8032,valid,0,7.0121446e-06
6828,valid,0,7.0121314e-06
10081,valid,0,1.0057073e-05
3403,valid,0,0.00090141315
2304,valid,0,7.4085215e-06
9443,valid,0,0.00012350356
4286,valid,0,7.0121464e-06
4918,valid,0,7.0121373e-06
3743,valid,0,6.407188e-06
9931,valid,0,3.199194e-05
1333,valid,0,6.4813808e-06
8852,valid,0,5.7918983e-06
1329,valid,0,5.791906e-06
5734,valid,0,5.791893e-06
1073,valid,0,6.407192e-06
5122,valid,0,0.0009262957
4735,valid,0,5.7918996e-06
6883,valid,0,6.567719e-06
1011,valid,0,6.567719e-06
5160,valid,0,7.8420735e-06
1785,valid,0,5.791893e-06
5918,valid,0,2.885443e-06
1511,valid,0,2.885443e-06
4992,valid,0,3.762045e-05
6747,valid,0,6.4813785e-06
1300,valid,0,6.4813785e-06
9971,valid,0,5.7918996e-06
10668,valid,0,0.0001746634
10095,valid,0,5.858987e-06
3996,valid,0,0.0004709496
5893,valid,0,5.892692e-06
10281,valid,0,0.0004709496
6411,valid,0,6.0025013e-06
664,valid,0,0.0004709496
5033,valid,0,1.6057462e-05
4741,valid,0,1.0448911e-05
2639,valid,0,3.151986e-05
9639,valid,0,0.0010996313
5584,valid,0,4.2567212e-06
3842,valid,0,4.2567212e-06
6402,valid,0,4.2379586e-05
2589,valid,0,2.2500271e-05
7569,valid,0,0.0001156534
3857,valid,0,5.898452e-06
8538,valid,0,2.8475101e-06
3430,valid,0,1.6139425e-05
10261,valid,0,0.00015245494
4965,valid,0,1.9358788e-05
6835,valid,0,2.081567e-06
10970,valid,0,0.0004709496
8970,valid,0,6.072256e-05
7560,valid,0,5.791893e-06
5043,valid,0,5.791895e-06
3332,valid,0,1.4471835e-05
4953,valid,0,0.00014262435
9019,valid,0,2.8269043e-05
10967,valid,0,5.791898e-06
4000,valid,0,8.947717e-06
5285,valid,0,5.791893e-06
4671,valid,0,5.791895e-06
5910,valid,0,5.8589762e-06
1299,valid,0,5.9579625e-06
2813,valid,0,5.9579625e-06
7716,valid,0,5.7919037e-06
5898,valid,0,0.00015245494
8951,valid,0,5.791898e-06
9029,valid,0,5.791895e-06
3624,valid,0,0.00017387605
5249,valid,0,5.7918983e-06
7962,valid,0,5.7919033e-06
9709,valid,0,5.7919005e-06
23,valid,0,5.7918983e-06
9119,valid,0,5.791905e-06
3805,valid,0,2.1392654e-05
4661,valid,0,5.791893e-06
5019,valid,0,5.8589794e-06
5011,valid,0,0.00014358458
9791,valid,0,5.7918965e-06
8542,valid,0,5.791893e-06
472,valid,0,2.0915355e-05
7846,valid,0,3.9879933e-06
8834,valid,0,3.9879933e-06
9420,valid,0,0.00032673744
4078,valid,0,5.791895e-06
9024,valid,0,5.892694e-06
3432,valid,0,9.961158e-06
1629,valid,0,5.791906e-06
2998,valid,0,5.9370273e-06
3177,valid,0,5.9370273e-06
2605,valid,0,7.3108945e-06
4958,valid,0,5.5480006e-05
5259,valid,0,5.791893e-06
2694,valid,0,0.00011749814
729,valid,0,5.791893e-06
10103,valid,0,1.609086e-05
732,valid,0,5.791895e-06
2789,valid,0,6.065229e-06
1934,valid,0,5.7918965e-06
5876,valid,0,4.9847782e-05
10371,valid,0,5.791898e-06
7562,valid,0,5.7918996e-06
10277,valid,0,5.7918983e-06
3852,valid,0,0.0016487235
2183,valid,0,0.00011164458
4915,valid,0,1.7381299e-05
10002,valid,0,1.0105036e-05
6952,valid,0,0.0009035335
5907,valid,0,8.306936e-06
4077,valid,0,1.4471838e-05
9638,valid,0,0.00028781567
2602,valid,0,1.3427441e-05
10875,valid,0,5.95796e-06
9445,valid,0,0.00014171339
1297,valid,0,0.00014171339
1013,valid,0,2.8769423e-06
8309,valid,0,9.629362e-06
725,valid,0,0.0004709496
4913,valid,0,5.7918983e-06
3739,valid,0,5.7918996e-06
5014,valid,0,0.0016542108
662,valid,0,0.00011665666
9034,valid,0,5.791898e-06
4853,valid,0,5.791893e-06
2177,valid,0,3.9069007e-05
6135,valid,0,1.4519833e-05
2230,valid,0,7.165451e-05
4510,valid,0,0.00014745351
6799,valid,0,0.0007364523
10905,valid,0,8.985395e-05
6793,valid,0,0.0010590798
1325,valid,0,5.8589717e-06
7139,valid,0,0.00018096164
8837,valid,0,6.0543207e-05
7943,valid,0,3.7276404e-06
1307,valid,0,5.7918996e-06
958,valid,0,3.279654e-05
3862,valid,0,5.7918965e-06
546,valid,0,5.791893e-06
3491,valid,0,0.00030797292
4668,valid,0,0.00074566784
5380,valid,0,5.7918965e-06
2302,valid,0,5.7918996e-06
474,valid,0,0.0005927342
10633,valid,0,5.7918983e-06
10507,valid,0,9.763237e-06
10505,valid,0,6.119281e-06
10272,valid,0,0.00073626655
10565,valid,0,0.0009262957
5028,valid,0,5.791893e-06
3401,valid,0,0.00014358583
10278,valid,0,9.185804e-06
10438,valid,0,0.0004517112
3318,valid,0,0.00015245494
7956,valid,0,8.306948e-06
9413,valid,0,8.306948e-06
8413,valid,0,5.7918937e-06
6889,valid,0,1.0134583e-05
5613,valid,0,8.306936e-06
7718,valid,0,0.0021317806
3836,valid,0,1.4687998e-05
6804,valid,0,0.001020083
5154,valid,0,2.0846173e-05
10964,valid,0,1.2083684e-05
6954,valid,0,9.162111e-06
8418,valid,0,6.119305e-06
5296,valid,0,0.0005872811
10131,valid,0,0.00029440844
5935,valid,0,9.057232e-06
1908,valid,0,8.766755e-06
6795,valid,0,0.00017320519
5618,valid,0,9.556164e-06
3736,valid,0,0.001198722
2781,valid,0,8.597935e-06
9425,valid,0,1.5536469e-05
5891,valid,0,5.6305066e-06
4517,valid,0,5.6305066e-06
6146,valid,0,1.29901655e-05
4937,valid,0,9.0572175e-06
6872,valid,0,0.0027627717
3263,valid,0,7.1471263e-06
3998,valid,0,1.3023754e-05
9482,valid,0,4.925749e-05
1079,valid,0,4.925749e-05
1787,valid,0,0.00073626655
953,valid,0,3.1745898e-05
8434,valid,0,0.0011831253
5470,valid,0,0.00031251562
9117,valid,0,1.302382e-05
9114,valid,0,9.16212e-06
7968,valid,0,9.057211e-06
363,valid,0,1.3759927e-05
10874,valid,0,0.0001409542
4665,valid,0,8.499497e-06
8069,valid,0,4.9302143e-05
5140,valid,0,0.00026903377
5242,valid,0,8.499494e-06
80,valid,0,0.002353676
5226,valid,0,0.0004166476
541,valid,0,0.00074533554
1799,valid,0,9.05722e-06
6605,valid,0,1.1131226e-05
9695,valid,0,0.0006909607
4274,valid,0,1.2374313e-05
728,valid,0,0.0023616008
7307,valid,0,0.0008943661
8782,valid,0,7.932381e-05
5841,valid,0,0.00022873208
5927,valid,0,0.002353676
11070,valid,0,9.057223e-06
2699,valid,0,0.0026117817
5288,valid,0,0.0006909607
459,valid,0,8.499491e-06
7972,valid,0,8.499491e-06
5149,valid,0,1.0167575e-05
6361,valid,0,8.499484e-06
10562,valid,0,8.4995e-06
1330,valid,0,4.221069e-06
3856,valid,0,1.1508072e-05
7721,valid,0,8.499485e-06
665,valid,0,0.0006246688
2854,valid,0,0.0006246688
2534,valid,0,2.8776632e-05
653,valid,0,0.0006246688
6258,valid,0,2.5517224e-05
6608,valid,0,2.5517224e-05
961,valid,0,0.00016163217
5373,valid,0,8.499484e-06
1225,valid,0,0.0039538494
1923,valid,0,3.1678883e-05
3404,valid,0,3.1678883e-05
733,valid,0,8.5979345e-06
4922,valid,0,8.499502e-06
8781,valid,0,0.0001680039
1030,valid,0,8.499485e-06
7312,valid,0,0.000118619246
5035,valid,0,8.4995e-06
8031,valid,0,7.1894385e-05
2801,valid,0,1.3130556e-05
8543,valid,0,8.499491e-06
4851,valid,0,1.2299415e-05
867,valid,0,0.0040956875
5632,valid,0,8.979967e-06
3173,valid,0,8.499485e-06
3582,valid,0,2.3140636e-05
3165,valid,0,8.499488e-06
8558,valid,0,1.2190288e-05
2593,valid,0,0.014098811
1070,valid,0,8.499508e-06
6407,valid,0,8.499484e-06
2335,valid,0,0.00021347024
6805,valid,0,1.959652e-05
8198,valid,0,1.150236e-05
5638,valid,0,0.00084749376
10256,valid,0,0.0004166476
7639,valid,0,0.000720724
3871,valid,0,8.499488e-06
2688,valid,0,8.597924e-06
4908,valid,0,8.597946e-06
2510,valid,0,0.00055049325
7952,valid,0,0.00069096335
1643,valid,0,8.857983e-06
2952,valid,0,0.00016163217
3251,valid,0,0.0001680039
4291,valid,0,8.597932e-06
5585,valid,0,0.0004872816
5360,valid,0,1.6442547e-05
5929,valid,0,1.826879e-05
1319,valid,0,9.950945e-06
5398,valid,0,8.499484e-06
9965,valid,0,8.499486e-06
6898,valid,0,4.439217e-05
8839,valid,0,1.0485175e-05
5022,valid,0,1.8229686e-05
9124,valid,0,0.00031448578
3992,valid,0,0.0011559586
6820,valid,0,0.0007786406
7621,valid,0,0.0009608645
4733,valid,0,0.0023111966
4831,valid,0,1.4690359e-05
7794,valid,0,0.0011440484
6130,valid,0,1.4284647e-05
7977,valid,0,0.00037545132
4750,valid,0,0.001114203
3845,valid,0,8.756538e-06
5401,valid,0,1.0066208e-05
4344,valid,0,0.0006723859
1786,valid,0,9.1755255e-06
5877,valid,0,9.175536e-06
10572,valid,0,9.28179e-06
6421,valid,0,2.7231357e-05
7796,valid,0,4.6253917e-06
10265,valid,0,4.5557917e-06
10276,valid,0,0.0021278604
4456,valid,0,0.000250805
35,valid,0,2.3340443e-05
7143,valid,0,7.642823e-06
2301,valid,0,0.00069096335
5152,valid,0,1.313399e-05
4360,valid,0,0.0007194415
9032,valid,0,1.1478273e-05
6894,valid,0,0.0020740659
538,valid,0,8.477478e-06
4856,valid,0,8.59792e-06
9195,valid,0,1.313399e-05
8947,valid,0,0.0011298277
673,valid,0,1.8886e-05
5163,valid,0,0.001114203
4084,valid,0,0.00076766254
8601,valid,0,0.00015382067
10870,valid,0,9.175521e-06
9003,valid,0,0.0014662443
9189,valid,0,0.0007786406
6062,valid,0,8.4774865e-06
3997,valid,0,9.1755255e-06
8202,valid,0,4.402699e-05
5387,valid,0,0.0008443958
8164,valid,0,0.00015152691
1273,valid,0,9.281794e-06
8590,valid,0,7.8868135e-05
7934,valid,0,0.0007786406
1219,valid,0,1.273102e-05
1305,valid,0,1.006621e-05
8779,valid,0,0.00045625036
2591,valid,0,1.3672998e-05
7787,valid,0,1.5997393e-05
2317,valid,0,8.756542e-06
10634,valid,0,0.0009973533
5399,valid,0,9.533773e-06
1294,valid,0,2.4621755e-05
6053,valid,0,8.689912e-06
7294,valid,0,1.7686574e-05
651,valid,0,4.7812962e-05
6617,valid,0,8.93864e-06
6861,valid,0,1.9346588e-05
8437,valid,0,0.0024136184
7607,valid,0,3.768321e-05
2527,valid,0,0.0002835071
7969,valid,0,8.847539e-06
644,valid,0,0.0020740659
7940,valid,0,0.0015877748
5372,valid,0,8.537114e-06
10879,valid,0,8.537092e-06
6781,valid,0,0.0007244974
9694,valid,0,2.1516293e-05
11072,valid,0,8.5371e-06
10378,valid,0,8.477487e-06
4941,valid,0,7.794027e-05
2630,valid,0,0.0011756368
7614,valid,0,8.477485e-06
9017,valid,0,3.1622054e-05
221,valid,0,3.1622054e-05
1512,valid,0,0.0012642442
10564,valid,0,8.4774965e-06
8040,valid,0,1.2826002e-05
4736,valid,0,0.0007045858
8950,valid,0,8.477494e-06
6432,valid,0,0.00023068384
10372,valid,0,8.477485e-06
6428,valid,0,1.1907528e-05
3344,valid,0,1.1907528e-05
3817,valid,0,0.0019313575
5900,valid,0,8.4774765e-06
1020,valid,0,8.849836e-06
4864,valid,0,0.0007045858
5906,valid,0,0.0007045858
5619,valid,0,8.817294e-06
10881,valid,0,8.788442e-05
4857,valid,0,0.001299579
8191,valid,0,8.302349e-06
4197,valid,0,0.0006624818
5895,valid,0,8.477494e-06
6622,valid,0,0.0007466669
8192,valid,0,8.30236e-06
11074,valid,0,8.477477e-06
8070,valid,0,0.0007045858
4835,valid,0,0.0007194415
4846,valid,0,0.0006624818
1206,valid,0,8.3023415e-06
6812,valid,0,8.302344e-06
3496,valid,0,0.0029502334
10890,valid,0,0.00070393604
9978,valid,0,9.871518e-06
7727,valid,0,0.00015243284
8312,valid,0,0.00015243284
6401,valid,0,1.2889567e-05
3414,valid,0,1.2889567e-05
5735,valid,0,9.871529e-06
3728,valid,0,1.5707303e-05
10112,valid,0,2.1765492e-05
962,valid,0,0.00019470771
2543,valid,0,0.00011556896
4652,valid,0,4.1776175e-06
7723,valid,0,8.3023415e-06
9919,valid,0,0.00022299326
1641,valid,0,0.0002629602
4660,valid,0,4.518066e-05
8074,valid,0,2.7508184e-05
9784,valid,0,8.446837e-06
9028,valid,0,0.00092686614
2300,valid,0,1.0801739e-05
4945,valid,0,0.001471344
1171,valid,0,0.0012415102
5030,valid,0,1.2634043e-05
4373,valid,0,0.00047407876
7619,valid,0,1.9587571e-05
6367,valid,0,9.400283e-06
6623,valid,0,8.723819e-06
6625,valid,0,0.0021462443
4743,valid,0,0.001429202
3355,valid,0,0.0018378374
7299,valid,0,0.0006076985
10667,valid,0,1.14901195e-05
10976,valid,0,1.14901195e-05
6750,valid,0,0.0001830582
10267,valid,0,0.0010175231
4934,valid,0,1.13142305e-05
8422,valid,0,1.4007084e-05
9007,valid,0,1.59518e-05
7609,valid,0,0.0013200478
9037,valid,0,1.2745552e-05
3428,valid,0,2.7114524e-05
10266,valid,0,0.0017312692
8599,valid,0,0.0024072598
8547,valid,0,1.1589156e-05
471,valid,0,0.0015186081
5292,valid,0,0.00045339152
6404,valid,0,8.3023415e-06
8847,valid,0,9.422962e-06
3156,valid,0,0.0006248671
2615,valid,0,2.471097e-05
10109,valid,0,4.725785e-05
10077,valid,0,1.0801746e-05
6414,valid,0,2.1125437e-05
10629,valid,0,8.434942e-05
4216,valid,0,1.146498e-05
5029,valid,0,1.1211124e-05
6782,valid,0,2.1741904e-05
720,valid,0,2.1741904e-05
11066,valid,0,2.253209e-05
2816,valid,0,0.0005751325
10515,valid,0,0.00043309532
4285,valid,0,0.0010015832
10100,valid,0,0.0007588828
11075,valid,0,1.3552136e-05
338,valid,0,1.3552136e-05
9031,valid,0,8.723833e-06
6613,valid,0,0.000742753
1631,valid,0,1.0801739e-05
4466,valid,0,2.3781684e-05
6140,valid,0,1.1565026e-05
4465,valid,0,0.0005458618
4290,valid,0,0.0036972226
6951,valid,0,7.713518e-05
4903,valid,0,3.658235e-05
10026,valid,0,0.0015238803
6612,valid,0,0.00088082475
4833,valid,0,1.18118105e-05
5255,valid,0,1.2745557e-05
4667,valid,0,1.663136e-05
2614,valid,0,8.590317e-06
649,valid,0,1.3255398e-05
2796,valid,0,1.7530696e-05
6408,valid,0,0.0008782914
783,valid,0,3.7210484e-05
8420,valid,0,1.3723482e-05
8785,valid,0,0.0004450796
8071,valid,0,3.688882e-05
3612,valid,0,1.5938778e-05
3732,valid,0,1.336576e-05
4076,valid,0,1.46409575e-05
3844,valid,0,1.1209253e-05
1222,valid,0,1.3484053e-05
10084,valid,0,1.5532325e-05
957,valid,0,1.5532325e-05
7941,valid,0,3.223301e-05
8539,valid,0,1.2790571e-05
5282,valid,0,1.4374003e-05
5146,valid,0,0.000742753
143,valid,0,2.3270615e-05
2791,valid,0,2.3270615e-05
7300,valid,0,8.82487e-06
4551,valid,0,0.0011312923
7823,valid,0,0.00042073245
8633,valid,0,0.00018137615
2254,valid,0,0.027294397
2474,valid,0,0.001992457
699,valid,0,0.000119178265
1090,valid,1,0.5542495
9560,valid,0,0.00032772773
4548,valid,0,0.0011913042
7465,valid,0,2.3564042e-05
10164,valid,0,0.0008481204
7281,valid,0,8.392118e-06
8392,valid,0,0.0015017283
2216,valid,0,0.00052447105
6908,valid,0,4.1435498e-05
7480,valid,0,6.8450463e-06
2463,valid,0,2.9917283e-05
3938,valid,0,0.004423593
1984,valid,0,0.007543316
7450,valid,0,0.0054345736
2087,valid,0,0.0003656416
6504,valid,0,0.0027049654
2444,valid,0,0.002858546
10775,valid,0,0.0019810079
6174,valid,0,0.0007886965
4772,valid,0,0.002481644
7729,valid,0,0.0061791628
5747,valid,0,0.00070027215
7830,valid,0,0.00024349599
4582,valid,0,0.0006019802
8674,valid,0,0.0004418681
10821,valid,0,4.9911414e-05
9435,valid,0,0.00052447105
7349,valid,0,0.00096257275
7185,valid,0,2.0607673e-05
521,valid,0,0.0023038178
3635,valid,0,2.3408982e-05
8400,valid,0,0.0010825859
10814,valid,1,0.18569784
1039,valid,0,1.7994182e-05
11045,valid,0,0.0010848396
4792,valid,0,1.9412892e-05
4812,valid,0,2.5857331e-05
4115,valid,0,0.0071444246
6913,valid,0,0.006421177
1846,valid,0,0.00016824204
10311,valid,0,0.002142008
3048,valid,0,0.0010353212
7472,valid,0,0.0008689979
1142,valid,0,0.0030489285
4817,valid,0,0.0027126241
6100,valid,0,0.041338325
6482,valid,0,0.0007735475
8387,valid,0,0.0025795314
5523,valid,0,0.0020856007
5312,valid,0,1.08324775e-05
4486,valid,0,0.0011348838
9428,valid,0,0.004352751
6475,valid,0,0.0011217945
6216,valid,0,0.00096681726
6385,valid,0,4.046054e-05
10847,valid,0,0.008190989
1838,valid,0,0.0019680108
10720,valid,0,0.0025919834
2460,valid,0,0.0016900657
6691,valid,0,0.00083220896
9355,valid,0,0.0006789395
4416,valid,0,8.389687e-05
9334,valid,0,0.00010354038
9497,valid,0,0.0014389458
6159,valid,0,0.0017925435
5136,valid,0,3.0209021e-05
2255,valid,0,0.0044468413
3081,valid,0,7.416987e-05
8818,valid,0,0.0022710215
3568,valid,0,0.0083142165
6268,valid,0,0.10720064
7543,valid,0,0.0012613856
6496,valid,0,0.0017024846
2284,valid,0,9.318593e-05
7452,valid,0,0.00051747606
8610,valid,0,0.00012380145
5407,valid,0,6.5862325e-05
7462,valid,0,0.00024302799
1134,valid,0,6.880677e-05
1564,valid,0,9.259579e-05
10229,valid,0,0.00054303923
10304,valid,0,0.00044171655
6327,valid,0,0.00016274714
5826,valid,0,0.0013806472
3762,valid,0,0.0002592044
10008,valid,0,0.0026761682
1837,valid,0,0.00050511904
3088,valid,0,0.0014316535
8488,valid,0,0.00021199328
9257,valid,0,0.00048445308
8407,valid,0,0.0014316535
4005,valid,0,0.004063251
1689,valid,0,4.0569143e-05
5829,valid,0,3.929136e-05
7286,valid,0,0.00013737488
904,valid,0,0.0006420837
2683,valid,0,0.0005701157
8814,valid,0,0.0016542126
8497,valid,0,0.00091617455
7131,valid,0,2.485968e-05
2924,valid,0,2.485968e-05
1560,valid,0,0.009234847
2879,valid,0,0.00014745351
8237,valid,0,1.2522581e-05
6443,valid,0,1.4700359e-05
7125,valid,0,1.4700359e-05
10210,valid,0,0.00020254072
7514,valid,0,0.00030558585
526,valid,0,0.00025202706
8789,valid,0,0.00024173417
5418,valid,0,0.000271783
737,valid,0,0.00030890602
743,valid,0,0.0014662525
1144,valid,0,0.00011139607
2287,valid,0,0.0020922357
11044,valid,0,0.00110821
8268,valid,0,0.0008353951
7834,valid,0,0.0007118667
4478,valid,0,0.00076006504
1575,valid,0,0.0006194043
7091,valid,0,0.013975246
9340,valid,0,0.0007017111
324,valid,0,0.00072477077
519,valid,0,0.000102954444
8662,valid,0,5.81348e-05
2579,valid,0,0.002489041
1748,valid,0,0.0005132129
3899,valid,0,0.0003799482
6526,valid,0,0.00028111998
2077,valid,0,0.00229103
2676,valid,0,0.00061659515
6489,valid,0,3.7713864e-06
5685,valid,0,0.0020636488
10347,valid,0,0.0010740764
4583,valid,1,0.13641447
8360,valid,0,0.005559654
4868,valid,0,0.0002354889
10212,valid,0,0.020945895
3361,valid,0,0.0020636488
5533,valid,0,0.0015483412
6493,valid,0,0.0020775131
3690,valid,0,0.0007737495
6016,valid,0,0.0006021706
9252,valid,0,9.6272284e-05
5741,valid,0,0.00096681726
4420,valid,0,0.00037092777
10230,valid,0,0.0009758728
6547,valid,0,0.0008570052
7447,valid,0,3.0565505e-05
1123,valid,0,0.00014093045
10407,valid,0,0.0011470963
1114,valid,0,0.0011348838
6328,valid,0,0.002008776
9350,valid,0,3.9225564e-05
9558,valid,0,0.00029191692
10007,valid,0,1.5588857e-05
7024,valid,0,1.5402975e-05
5417,valid,0,1.665576e-05
7547,valid,0,0.00085511256
491,valid,0,0.0016314796
946,valid,0,1.131558e-05
2450,valid,0,0.00037538476
9250,valid,0,4.15301e-05
10747,valid,0,0.0030048133
1880,valid,0,0.0008689737
2555,valid,0,0.0041087144
761,valid,0,0.0010346076
8133,valid,0,0.0014036942
2208,valid,0,0.00048441804
9142,valid,0,0.0006772541
5452,valid,0,8.403016e-05
6332,valid,0,0.0022205736
804,valid,0,0.0012361101
4805,valid,0,0.0083142165
10929,valid,0,0.0018250368
1552,valid,0,0.0010836445
9523,valid,0,0.001632615
3364,valid,0,0.0015483412
6932,valid,0,0.015239216
2461,valid,0,0.0012390905
4767,valid,0,0.0013332166
908,valid,0,0.0042582434
8661,valid,0,0.002085266
6630,valid,0,0.002464575
1119,valid,0,0.0018622057
1724,valid,0,0.00052447105
896,valid,0,8.572396e-06
8254,valid,0,0.0003869159
1430,valid,0,0.0019238186
2647,valid,0,0.0023757843
6012,valid,0,0.0005387507
1881,valid,0,0.0015483412
9251,valid,0,0.00011721853
10343,valid,0,0.0017062546
4703,valid,0,0.001335333
7522,valid,0,1.332778e-05
8116,valid,0,0.0055440273
529,valid,0,0.0004517112
766,valid,0,7.802089e-06
9590,valid,0,5.130202e-05
10213,valid,0,0.00095679594
5091,valid,0,0.0018269562
9774,valid,0,0.00021399146
1573,valid,0,0.000423483
8741,valid,0,0.0004652464
5455,valid,0,0.00028493712
6116,valid,0,0.00079570146
9572,valid,0,0.0005701157
7234,valid,0,2.2714357e-05
6450,valid,0,8.401571e-06
6456,valid,0,0.00067592884
4524,valid,0,0.002583966
5095,valid,0,3.9494803e-06
3030,valid,0,0.0017925435
916,valid,0,0.00046506795
10827,valid,0,0.002271246
6687,valid,0,0.00049650826
10044,valid,0,0.0003656416
8806,valid,0,0.00026506785
3569,valid,0,0.0016643399
7809,valid,0,0.017057566
2198,valid,0,1.622623e-05
3754,valid,0,0.0028992898
912,valid,0,0.0009609883
8615,valid,0,0.0010012336
4688,valid,0,0.0010012336
5449,valid,0,0.0005148009
8735,valid,0,0.00021589971
321,valid,0,0.0027633684
3694,valid,0,2.9473145e-05
6172,valid,0,0.0013332166
10743,valid,0,2.8013728e-05
4976,valid,0,0.00039048734
6541,valid,0,1.3200937e-05
1763,valid,0,3.4654066e-05
4408,valid,0,0.0012591169
8895,valid,0,0.0027049654
10014,valid,0,0.003934924
6113,valid,0,0.0021827891
2710,valid,0,0.0008357736
7083,valid,0,0.015939172
4155,valid,0,0.015939172
1879,valid,0,1.622623e-05
890,valid,0,0.0010235269
4579,valid,0,0.0021795873
9561,valid,0,0.0006021706
2210,valid,0,8.958185e-05
7246,valid,0,0.0011618354
4241,valid,0,0.0007196276
8896,valid,0,0.0006389265
5084,valid,0,0.0022185892
7667,valid,0,1.8850375e-05
10154,valid,0,0.005559654
9354,valid,0,0.0027627717
3025,valid,0,0.0028156352
7231,valid,0,1.7433216e-05
9366,valid,0,0.0008123005
5500,valid,0,0.0033223915
9578,valid,0,0.0055505536
8125,valid,0,0.0011725245
1034,valid,0,0.0007425248
746,valid,0,0.00026405227
7068,valid,0,0.001129082
3372,valid,0,1.8502302e-05
9156,valid,0,0.0026523415
2277,valid,0,0.0028335003
3652,valid,0,0.0019185179
7745,valid,0,0.0017798443
1133,valid,0,0.0004573723
420,valid,0,0.00091454625
10402,valid,0,0.0006246688
1781,valid,0,0.0015407564
9269,valid,0,0.00073626655
8485,valid,0,0.00039246914
3052,valid,0,0.0038256885
7084,valid,0,0.0005148081
8671,valid,0,4.7427497e-05
7817,valid,0,4.518086e-05
3940,valid,0,0.0006145688
3063,valid,0,4.801912e-05
8659,valid,0,0.00037655738
2559,valid,0,0.0012686395
376,valid,0,0.00015526642
5428,valid,0,0.00042383312
1559,valid,0,0.002090852
4878,valid,0,0.00030295545
5411,valid,0,7.71819e-06
1425,valid,0,0.0001680039
7526,valid,0,7.9307836e-05
5942,valid,0,0.0004397184
2948,valid,0,0.0009595711
7317,valid,0,5.9964106e-05
5686,valid,0,0.009234847
9576,valid,0,0.00039062905
9495,valid,0,4.801912e-05
1093,valid,0,0.0013598304
8914,valid,0,0.0012686395
3051,valid,0,0.00094787765
5421,valid,0,0.0010125634
6168,valid,0,0.0009747138
3435,valid,0,2.0517375e-05
6675,valid,0,1.1664908e-05
10805,valid,0,0.00019413959
936,valid,0,0.00014882105
7130,valid,0,0.00037720997
1958,valid,0,0.00032203188
8620,valid,0,4.74276e-05
6001,valid,0,0.00020403505
8672,valid,0,1.8006816e-05
10812,valid,0,0.00075178104
1258,valid,0,0.0003799482
8744,valid,0,4.801912e-05
1102,valid,0,0.0004888623
897,valid,0,3.9023955e-05
6917,valid,0,0.017215574
5433,valid,0,0.0025800597
8129,valid,0,4.94112e-06
2280,valid,0,2.0321197e-05
10408,valid,0,2.7789813e-05
7529,valid,0,4.2764055e-05
9747,valid,0,0.017046772
10198,valid,0,4.801912e-05
10144,valid,0,4.801912e-05
2838,valid,0,0.0020636488
10233,valid,0,0.0008993291
3449,valid,0,1.4505766e-05
5311,valid,0,0.0072425557
7048,valid,0,0.00015091071
8663,valid,0,4.5438537e-05
8863,valid,0,0.0011066
10221,valid,0,0.00052488135
4160,valid,0,8.1735474e-05
69,valid,0,0.00023068384
8274,valid,0,0.00011248898
10928,valid,0,2.6185879e-05
1680,valid,0,4.8018315e-05
3696,valid,0,2.63803e-05
8463,valid,0,1.7878621e-05
2583,valid,0,1.3970401e-05
10930,valid,0,3.532999e-05
3920,valid,0,0.0016504241
10006,valid,0,0.0014662443
5748,valid,0,0.0007248591
8399,valid,0,0.00029054825
2566,valid,0,0.0004899152
4119,valid,0,0.0006852392
10458,valid,0,1.7196737e-05
10777,valid,0,1.322896e-05
9519,valid,0,2.3517705e-05
9553,valid,0,0.0003656352
2396,valid,0,0.00034137475
3934,valid,0,0.0023365181
8635,valid,0,0.0005573307
6163,valid,0,0.00017383018
1842,valid,0,9.7274125e-05
6924,valid,0,2.1792013e-05
3942,valid,0,0.0008403792
5831,valid,0,4.801912e-05
4405,valid,0,0.0020636488
7385,valid,0,0.0012071853
2221,valid,0,0.00026216544
1259,valid,0,7.677552e-06
2076,valid,0,0.022082638
6120,valid,0,0.00010754656
5738,valid,0,5.2862574e-06
6521,valid,0,1.6265638e-05
4243,valid,0,0.0009989298
3434,valid,0,0.00020752773
4866,valid,0,4.719736e-05
6276,valid,0,0.00060661754
8115,valid,0,0.00018137615
8474,valid,0,0.0034799709
10196,valid,0,2.2715587e-05
4807,valid,0,0.0008088979
10925,valid,0,0.0006609084
494,valid,0,0.0014316535
2204,valid,0,0.0033953758
9587,valid,0,0.0005209556
1759,valid,0,0.0007680999
8730,valid,0,5.713581e-05
2459,valid,0,5.555144e-06
9557,valid,0,1.08199365e-05
2557,valid,0,4.7197518e-05
9743,valid,0,4.719739e-05
4449,valid,0,0.0009411953
3752,valid,0,0.00024464956
4399,valid,0,0.000131324
2928,valid,0,0.0008410578
7527,valid,0,0.0004402884
10223,valid,0,6.257434e-05
10828,valid,0,1.3745013e-05
2085,valid,0,7.103919e-05
5524,valid,0,2.8166358e-05
8729,valid,0,0.0008550174
8511,valid,0,0.010650771
6371,valid,0,0.00020267953
3891,valid,0,0.0018956277
8271,valid,0,8.298837e-06
5504,valid,0,3.0738225e-05
1131,valid,0,0.0022081411
2572,valid,0,7.36734e-05
10997,valid,0,0.00395153
6092,valid,0,0.0005384235
478,valid,0,0.0004709496
7249,valid,0,0.001829624
7022,valid,0,0.00011164458
6372,valid,0,9.077633e-06
4003,valid,0,0.0007045858
6549,valid,0,0.00084038643
2279,valid,0,0.00079569063
2939,valid,0,0.0006879821
7448,valid,0,0.00011937619
3105,valid,0,0.0007142497
6918,valid,0,0.0024122312
4781,valid,0,1.3702138e-05
4774,valid,0,0.00018364162
8366,valid,0,0.00016090539
9370,valid,0,0.0007456714
4477,valid,0,0.0007194415
5946,valid,0,0.00024935897
4240,valid,0,0.00063706946
3931,valid,0,6.4071737e-06
6334,valid,0,0.00081491296
7595,valid,0,8.306936e-06
4867,valid,0,0.00015245494
8359,valid,0,0.00014745351
5527,valid,0,0.0018276025
6546,valid,0,0.0004709496
8481,valid,0,0.00017937236
518,valid,0,0.0005132129
8476,valid,0,0.0003799482
10758,valid,0,0.00057771854
10830,valid,0,1.9362711e-05
4545,valid,0,4.801922e-05
6126,valid,0,4.544986e-05
8510,valid,0,1.4635571e-05
10226,valid,0,6.6597963e-06
4865,valid,0,0.00016709138
1437,valid,0,0.00015348889
7053,valid,0,0.00043455506
3508,valid,0,2.9384186e-05
3442,valid,0,0.0015299781
6931,valid,0,0.0045632496
7233,valid,0,0.0022362436
3915,valid,0,0.00020527263
8509,valid,0,3.9236664e-05
7668,valid,0,0.0013488991
10605,valid,0,0.00046506795
5530,valid,0,0.004063251
10748,valid,0,2.4325522e-05
10156,valid,0,0.0003120851
9763,valid,0,4.9949624e-05
1684,valid,0,7.50509e-05
6197,valid,0,0.00016780727
5098,valid,0,0.00065022655
1562,valid,0,0.00015056926
2458,valid,0,0.0006909607
9489,valid,0,0.00023958732
706,valid,0,0.0007775698
8742,valid,0,0.0036613995
7076,valid,0,0.0019662755
6929,valid,0,0.0007194415
6343,valid,0,9.442867e-06
3439,valid,0,0.0007039434
7085,valid,0,2.741836e-05
10395,valid,0,1.1441857e-05
3697,valid,0,0.0005501688
2655,valid,0,0.0033471624
5075,valid,0,0.00018645811
3911,valid,0,4.920843e-06
7101,valid,0,0.00046390397
8361,valid,0,8.209828e-06
3910,valid,0,4.5449797e-05
1256,valid,1,0.36803797
1455,valid,0,0.009534069
6386,valid,0,0.0007764309
298,valid,0,0.0005678406
9779,valid,0,0.0006389265
768,valid,0,1.41331475e-05
4481,valid,0,1.41331475e-05
311,valid,0,0.00052447105
5134,valid,0,0.0008481204
10834,valid,0,1.3932761e-05
1135,valid,0,0.0053644553
10606,valid,0,1.5704167e-05
3939,valid,0,0.00711139
6177,valid,0,0.005850187
3022,valid,0,0.0012267483
6676,valid,0,2.6514454e-05
2944,valid,0,0.0009746826
3058,valid,0,0.0007771486
6567,valid,0,0.0020492787
6550,valid,0,1.5686664e-05
10169,valid,0,1.1031666e-05
8395,valid,0,0.0008484546
6488,valid,0,0.0006432198
753,valid,0,0.00014882105
7464,valid,0,0.00015091071
4980,valid,0,2.431489e-05
4888,valid,0,0.00010074414
7049,valid,0,0.0004337611
10318,valid,0,0.00045992568
4485,valid,0,5.46713e-05
4825,valid,0,3.9044884e-05
3890,valid,0,0.001167649
10397,valid,0,0.0019913905
10016,valid,0,0.0055596773
3104,valid,0,0.0004019532
10945,valid,0,0.009384559
6524,valid,0,0.0024564976
7531,valid,0,0.0009262957
5948,valid,0,8.947682e-06
1567,valid,0,3.238143e-05
60,valid,0,6.392851e-05
1436,valid,0,1.3198483e-05
2646,valid,0,5.294422e-05
3687,valid,0,0.0004587045
6562,valid,0,1.15080775e-05
4440,valid,0,0.00025380772
2709,valid,0,3.4183435e-05
7023,valid,0,7.5064345e-05
6636,valid,0,0.00024042884
10225,valid,0,0.0007244974
10596,valid,0,0.0007194415
2395,valid,0,0.0006356273
8857,valid,0,0.0012074783
2393,valid,0,0.0005201043
9555,valid,0,0.0002709214
7232,valid,0,4.6455325e-06
5497,valid,0,0.000298875
7064,valid,0,5.7887933e-06
5318,valid,0,0.0003799482
7460,valid,0,0.00017098627
3510,valid,0,1.1824221e-05
2554,valid,0,4.544983e-05
10050,valid,0,4.719739e-05
8638,valid,0,4.719739e-05
70,valid,0,7.051117e-05
1058,valid,0,0.003052873
1956,valid,0,4.719739e-05
6180,valid,0,0.0008484525
2281,valid,0,0.0001292445
9346,valid,0,0.00092127355
2084,valid,0,1.1981087e-05
2228,valid,0,0.0026582892
8639,valid,0,3.0459792e-05
2930,valid,0,0.0007219083
4163,valid,0,8.0619415e-05
4986,valid,0,2.6061576e-05
10810,valid,0,0.00097590557
3023,valid,0,0.0010035387
10400,valid,0,0.00019885067
7031,valid,0,0.0012462495
9577,valid,0,0.018042823
8117,valid,0,0.00040158513
10201,valid,0,0.00032627405
8810,valid,0,8.2565544e-05
52,valid,0,0.00019609516
9342,valid,0,1.1867978e-05
10590,valid,0,0.008098373
3893,valid,0,0.0009555677
10042,valid,0,0.009314877
9273,valid,0,5.6535893e-05
790,valid,0,0.0012446927
6498,valid,0,0.0127366595
7488,valid,0,1.3218631e-05
2226,valid,0,0.00013211319
6005,valid,0,0.0007317432
5087,valid,0,0.00045992568
9567,valid,0,2.9843075e-05
760,valid,0,0.0006862821
738,valid,0,0.0003782462
6544,valid,0,0.0004397184
1736,valid,0,0.0025742082
1832,valid,0,0.001667949
10470,valid,0,0.00047592368
7229,valid,0,0.00074566784
7477,valid,0,0.0001746634
3897,valid,0,0.0015149075
8856,valid,0,0.00014745351
8665,valid,0,0.00023649089
51,valid,0,1.2735427e-05
3086,valid,0,2.9657314e-05
8860,valid,0,0.0045036925
4156,valid,0,0.00016651944
6215,valid,0,0.0007194415
3627,valid,0,8.477492e-06
7657,valid,0,1.2148884e-05
9491,valid,0,0.0045036925
3445,valid,0,8.477483e-06
1260,valid,0,8.468685e-06
10755,valid,0,1.1228159e-05
9570,valid,0,0.0011738578
5093,valid,0,0.0009241892
703,valid,0,0.0010015933
7343,valid,0,0.0004548108
9265,valid,0,0.0002888842
9554,valid,0,0.0038713657
8251,valid,0,0.00028888468
901,valid,0,0.0005501688
884,valid,0,1.7329476e-05
7826,valid,0,0.0003799482
8099,valid,0,0.00025645134
1094,valid,0,0.0003799482
3637,valid,0,5.2902788e-06
7069,valid,0,0.0002066308
8504,valid,0,4.5449826e-05
10770,valid,0,0.00028888468
3941,valid,0,0.00051529845
1147,valid,0,8.231678e-05
8464,valid,0,0.00023381397
5305,valid,0,0.00010039462
1777,valid,0,0.00018412895
2218,valid,0,0.003046023
5681,valid,0,0.0005757848
5422,valid,0,0.0017363601
6219,valid,0,0.0014547858
6106,valid,0,0.00093710324
5102,valid,0,0.0005873955
3638,valid,0,0.0011600181
1051,valid,0,0.001927448
8478,valid,0,3.301248e-05
1765,valid,0,0.00091947865
3895,valid,0,0.00012982074
7476,valid,0,0.0012810117
1536,valid,0,0.000762737
10013,valid,0,8.0213526e-05
4707,valid,0,0.0024817323
9436,valid,0,0.0021575463
4983,valid,0,0.0008481204
4694,valid,0,0.0006852392
932,valid,0,0.0004888623
4763,valid,0,0.0020928776
3096,valid,0,0.00052447105
895,valid,0,0.0008481204
4010,valid,0,0.0006019802
9271,valid,0,0.001838016
877,valid,0,0.00043455506
3567,valid,0,1.2214777e-05
6448,valid,0,0.0004888623
7100,valid,0,0.0004888623
10193,valid,0,2.4488245e-05
4231,valid,0,0.0018216821
2285,valid,0,7.24477e-05
2679,valid,0,0.00011253131
1738,valid,0,0.005178587
705,valid,0,2.4905803e-05
5943,valid,0,0.0018269562
4161,valid,0,0.003810371
5090,valid,0,0.05026058
5068,valid,0,0.0027503523
9147,valid,0,0.038914654
9140,valid,0,0.0026410748
4820,valid,0,0.0022086916
6468,valid,0,0.008151575
1267,valid,0,0.0041725757
4601,valid,0,0.003412952
919,valid,0,0.006265737
6688,valid,0,0.0012898196
1782,valid,0,0.0010121125
9758,valid,0,0.0026452292
5941,valid,0,0.0056508724
6906,valid,0,0.0012361101
3440,valid,0,0.0060309693
10308,valid,0,0.025487613
9379,valid,0,0.0052391784
4689,valid,0,0.0019416407
8484,valid,0,0.0013929385
2219,valid,0,0.00092088664
10843,valid,0,0.0074212733
6936,valid,0,0.0020201223
5442,valid,0,0.0006075472
8907,valid,0,1.1161755e-05
10825,valid,0,0.00287777
4129,valid,0,0.00077518006
4439,valid,0,0.00010295414
10157,valid,0,1.2254359e-05
5408,valid,0,0.00015091071
6497,valid,0,0.00076937594
4883,valid,0,1.5155956e-05
1423,valid,0,0.00051507907
8466,valid,0,1.028363e-05
8100,valid,0,3.480438e-05
303,valid,0,0.00270018
11054,valid,0,0.0007866108
6015,valid,0,2.4215075e-05
10166,valid,0,2.3493776e-05
2833,valid,0,0.00015888188
9363,valid,0,1.8602193e-05
4880,valid,0,1.1197149e-05
7072,valid,0,0.0001567335
10228,valid,0,0.0008810977
9276,valid,0,0.0015577447
3645,valid,0,0.0015577447
922,valid,0,0.0004856116
5315,valid,0,4.1773925e-05
876,valid,0,9.095086e-05
5420,valid,0,0.00027302516
2199,valid,0,0.000309269
7593,valid,0,0.0025742082
1569,valid,0,0.0015270251
1571,valid,0,0.000105507745
5426,valid,0,0.0041596578
7026,valid,0,0.0011119322
7123,valid,0,6.7949586e-05
4598,valid,0,0.0020020297
744,valid,0,0.001632615
5057,valid,0,0.0016103006
7812,valid,0,0.00074566784
751,valid,0,0.0018468989
4764,valid,0,0.0004709496
530,valid,0,0.0015955253
5088,valid,0,0.0011775577
1994,valid,0,0.001304297
1553,valid,0,0.0021922702
7392,valid,0,7.374344e-05
1446,valid,0,1.5698542e-05
2845,valid,0,0.0002404305
6384,valid,0,2.5734109e-05
8911,valid,0,7.713518e-05
6093,valid,0,0.0008044479
1041,valid,0,0.00023068384
488,valid,0,0.00029054825
7288,valid,0,0.00015355094
6275,valid,0,3.331641e-05
2846,valid,0,4.7317803e-06
7041,valid,0,0.0001924417
10159,valid,0,4.5449797e-05
6672,valid,0,0.00039062905
9574,valid,0,0.00046842766
1445,valid,0,0.0020847712
9524,valid,0,0.00014715538
7831,valid,0,0.0022166208
9378,valid,0,1.6412207e-05
1551,valid,0,0.00093307026
4121,valid,0,0.0008035357
1056,valid,0,0.0015107488
6153,valid,0,1.51205495e-05
10216,valid,0,5.4596994e-06
9527,valid,0,0.0012686395
5313,valid,0,2.4473153e-05
4686,valid,0,0.0027126241
6632,valid,0,0.00013480928
4421,valid,0,0.0012110047
3059,valid,0,0.0009748123
9744,valid,0,0.000104959814
6195,valid,0,0.005850187
1097,valid,0,0.0018879737
1681,valid,0,0.0016735285
6161,valid,0,0.13724467
482,valid,0,1.5842925e-05
2759,valid,0,0.0003799482
10780,valid,0,0.00039246914
2768,valid,0,0.003046023
7241,valid,0,0.0017706803
7193,valid,0,6.6597986e-06
10607,valid,0,6.6597986e-06
8256,valid,0,0.004180872
915,valid,0,0.0013309314
7244,valid,0,2.109992e-05
6212,valid,0,0.0010012336
6491,valid,0,3.5315876e-05
10215,valid,0,0.05025964
4479,valid,0,0.0023365093
1156,valid,0,0.0015304722
5817,valid,0,0.00015467017
1985,valid,0,0.0007866108
5443,valid,0,0.00045992568
1986,valid,0,1.3235083e-05
8468,valid,0,0.003548326
3572,valid,0,2.4325456e-05
933,valid,0,0.0021753737
3029,valid,0,0.0005209556
6523,valid,0,5.791906e-06
4803,valid,0,7.842072e-06
7520,valid,0,0.0001048004
1533,valid,0,0.0007045858
4782,valid,0,0.0012805717
8255,valid,0,0.00048166324
2556,valid,0,0.00043976275
10399,valid,0,0.0013598353
10297,valid,0,0.0041596578
3921,valid,0,0.0002254911
8788,valid,0,0.00014018053
9563,valid,0,0.00029850405
1154,valid,0,0.0008208071
5938,valid,0,0.0018859353
5415,valid,0,0.0017062546
7325,valid,0,0.0017022057
3074,valid,0,0.00058947713
7446,valid,0,0.00015147889
2773,valid,0,4.9023252e-05
3691,valid,0,0.00030801274
9488,valid,0,0.00014882105
4407,valid,0,0.00015091071
2478,valid,0,0.00014882105
9247,valid,0,0.0002876494
9525,valid,0,7.757741e-06
4244,valid,0,0.00049940776
9515,valid,0,1.5112891e-05
2586,valid,0,0.0005202538
941,valid,0,1.04560595e-05
7050,valid,0,2.7123233e-05
7492,valid,0,0.0006127484
6382,valid,0,0.00211946
9520,valid,0,5.7719597e-05
8104,valid,0,2.0306037e-05
3914,valid,0,0.0011284637
7467,valid,0,2.0637577e-05
4109,valid,0,2.0588464e-05
799,valid,0,0.0001558566
9345,valid,0,1.7923758e-05
380,valid,0,0.0003869159
2713,valid,0,0.0004612292
10820,valid,0,1.4060509e-05
2202,valid,0,8.787694e-06
1130,valid,0,3.3372817e-05
6338,valid,0,0.00079427275
2207,valid,0,0.00058663124
9390,valid,0,0.00040595254
7453,valid,0,0.00012892853
5677,valid,0,0.00015408875
1679,valid,0,0.00028469812
523,valid,0,0.00085511256
5447,valid,0,0.00034438304
8391,valid,0,0.0028553775
7816,valid,0,0.00855616
1677,valid,0,1.5826832e-05
3095,valid,0,0.0013332166
6209,valid,0,0.00043780656
8472,valid,0,4.214971e-05
5821,valid,0,4.9417748e-05
2878,valid,0,0.0030919088
3045,valid,0,0.0021961874
11055,valid,0,4.7375906e-05
9749,valid,0,0.0022910445
3753,valid,0,0.0019331842
5105,valid,0,0.00074566784
1542,valid,0,5.8068867e-06
8482,valid,0,2.475725e-05
299,valid,0,5.791893e-06
10724,valid,0,5.791893e-06
5066,valid,0,0.0021987483
2229,valid,0,0.00073626655
8905,valid,0,0.00073626655
1059,valid,0,6.048342e-06
7181,valid,0,0.00044642598
10937,valid,0,9.05722e-06
9581,valid,0,0.001805929
9591,valid,0,0.0011987301
6528,valid,0,0.000772451
6013,valid,0,0.0019885255
6460,valid,0,1.0567996e-05
8812,valid,0,0.0030291278
8105,valid,0,1.1352363e-05
2849,valid,0,0.0003214164
11042,valid,0,3.6084788e-05
6167,valid,0,1.0150323e-05
3565,valid,0,9.950967e-06
2551,valid,0,0.00017937236
2665,valid,0,0.001486944
6118,valid,0,0.0101167
5956,valid,0,0.0001117052
2834,valid,0,9.322941e-05
6471,valid,0,0.00092686614
7088,valid,0,0.0015703293
3764,valid,0,0.0012712188
7194,valid,0,0.0011288093
745,valid,0,2.4060293e-05
2880,valid,0,2.023736e-05
2187,valid,0,0.0008403792
1874,valid,0,0.0002642543
7470,valid,0,8.287271e-06
7813,valid,0,0.0019043132
8124,valid,0,0.00044021456
4092,valid,0,0.0009411953
6545,valid,0,6.977127e-06
7384,valid,0,5.1853218e-05
5356,valid,0,3.9722077e-06
7449,valid,0,5.8207243e-05
6125,valid,0,4.5449826e-05
3695,valid,0,4.624076e-05
10341,valid,0,4.801922e-05
5405,valid,0,0.00012284702
3065,valid,0,0.0009411953
6509,valid,0,1.973196e-05
1111,valid,0,0.023565883
10829,valid,0,0.0013144361
5410,valid,0,2.5788848e-05
4776,valid,0,1.049107e-05
7478,valid,0,1.1211081e-05
10593,valid,0,1.6068578e-05
8356,valid,0,0.0006687256
2192,valid,0,1.0766913e-05
4093,valid,0,0.0027065503
7747,valid,0,0.0007049122
7815,valid,0,0.00074340514
8629,valid,0,0.0004756593
1055,valid,0,7.051291e-06
8408,valid,0,0.0015592822
1687,valid,0,1.32253235e-05
1572,valid,0,0.00016464484
4590,valid,0,6.7932096e-06
4875,valid,0,0.0010848396
5951,valid,0,1.650145e-05
6671,valid,0,3.6101606e-05
4532,valid,0,8.672096e-06
10737,valid,0,0.00052447105
4884,valid,0,3.0134977e-05
3761,valid,0,0.0010120901
8816,valid,0,0.0016375857
3759,valid,0,0.00016125104
9742,valid,0,4.7492675e-05
7104,valid,0,1.7801092e-05
10404,valid,0,3.9777897e-05
5947,valid,0,0.009840539
3031,valid,0,1.4213624e-05
5138,valid,0,0.0010051606
7383,valid,0,0.00015863185
3689,valid,0,0.0008700949
10849,valid,0,0.0021821158
10235,valid,0,0.010520402
5080,valid,0,8.7133785e-06
8745,valid,0,0.0022073532
9740,valid,0,0.0012110047
3922,valid,0,0.0016961198
4881,valid,0,0.004484155
11013,valid,0,3.977793e-05
7332,valid,0,0.0008552782
7065,valid,0,8.6897955e-05
10298,valid,0,0.0018908494
3027,valid,0,0.007148043
2286,valid,0,0.00012500507
10168,valid,0,6.254525e-05
5940,valid,0,6.4667197e-06
5451,valid,0,4.19197e-06
6695,valid,0,1.1249604e-05
9556,valid,0,0.0010281953
7051,valid,0,0.0003945712
2196,valid,0,4.3229356e-06
6453,valid,0,0.0004715392
1774,valid,0,5.2862574e-06
5493,valid,0,0.0007041941
4473,valid,0,0.0004715392
8865,valid,0,0.0007041941
5818,valid,0,6.518641e-06
4232,valid,0,6.718423e-06
7528,valid,0,0.00020752773
3925,valid,0,1.2801134e-05
6485,valid,0,5.2862592e-06
6127,valid,0,4.4759527e-06
8114,valid,0,1.9668709e-05
5517,valid,0,3.9722145e-06
4484,valid,0,0.00032239713
9776,valid,0,2.4697561e-05
3649,valid,0,1.9648895e-05
2477,valid,0,0.00039246914
2190,valid,0,2.6911393e-05
6207,valid,0,2.0492052e-05
3760,valid,0,0.0031329559
4525,valid,0,4.464408e-06
8101,valid,0,4.31022e-06
1952,valid,0,2.5993117e-05
5303,valid,0,2.1000666e-05
6514,valid,0,0.0020837695
5510,valid,0,0.0014235649
6095,valid,0,8.090486e-06
3369,valid,0,1.9057637e-05
2850,valid,0,0.00013232262
8792,valid,0,0.0005873955
9365,valid,0,0.015936673
6494,valid,0,0.0007323211
2259,valid,0,3.1554e-05
7833,valid,0,5.0997085e-05
6337,valid,0,0.0021064589
4471,valid,0,1.0766917e-05
6501,valid,0,0.0006369978
1159,valid,0,0.0008993291
1546,valid,0,0.00093307026
1421,valid,0,5.1507992e-05
58,valid,0,7.884193e-05
9490,valid,0,0.0010932527
8636,valid,0,0.00071792287
10832,valid,0,0.00071792287
10046,valid,0,8.928232e-06
9148,valid,0,7.1929503e-06
9145,valid,0,0.0017543612
4102,valid,0,2.4254345e-05
4128,valid,0,5.312474e-06
6194,valid,0,3.6102043e-05
7750,valid,0,0.000628588
1095,valid,0,0.00066350715
9151,valid,0,1.3968769e-05
5668,valid,0,0.0010349378
10839,valid,0,0.0016643399
8682,valid,0,0.0028335003
3892,valid,0,1.8019515e-05
8660,valid,0,4.283461e-05
10603,valid,0,4.283461e-05
7535,valid,0,0.0021232502
2462,valid,0,9.421608e-06
4164,valid,0,9.866914e-05
6444,valid,0,2.8166394e-05
7455,valid,0,1.4105534e-05
8628,valid,0,0.0001211897
10150,valid,0,0.0010501447
4556,valid,0,0.000107807326
5505,valid,0,9.421608e-06
2251,valid,0,1.0875187e-05
3092,valid,0,0.0009555677
8681,valid,0,9.9693025e-06
5528,valid,0,0.009007203
2447,valid,0,0.00074971054
3894,valid,0,0.00010565208
10609,valid,0,0.00067009573
4022,valid,0,0.0033339432
6533,valid,0,8.636599e-06
9327,valid,0,5.2937143e-05
2468,valid,0,0.00026603747
7128,valid,0,0.00019597543
3109,valid,0,0.00019597543
4418,valid,0,0.00010614339
10153,valid,0,0.0001320639
4543,valid,0,0.00010231803
3064,valid,0,0.00014882105
6272,valid,0,0.0001446079
10854,valid,0,0.0020661463
5419,valid,0,0.00010974007
3507,valid,0,0.00012380145
1683,valid,0,0.00023099135
2716,valid,0,0.00023099135
3362,valid,0,7.8568504e-05
7052,valid,0,0.00012065351
10840,valid,0,8.701447e-05
7103,valid,0,0.00032673107
6217,valid,0,0.0027096414
7032,valid,0,5.8846683e-05
8495,valid,0,0.00048075945
1441,valid,0,1.5430467e-05
3919,valid,0,1.547046e-05
7513,valid,0,0.00044315078
5676,valid,0,3.2993434e-05
5439,valid,0,0.003142491
7097,valid,0,1.6495409e-05
4535,valid,0,0.00011413457
4009,valid,0,0.0004856116
8462,valid,0,1.3784333e-05
2708,valid,0,0.000119178265
6210,valid,0,0.0004856116
1544,valid,0,0.0022376243
5999,valid,0,0.0006122496
6926,valid,0,1.7253536e-05
6681,valid,0,0.00022489137
10732,valid,0,4.1630236e-05
1729,valid,0,0.0006710685
4448,valid,0,0.00274109
8916,valid,0,0.0036551405
6350,valid,0,0.0027747292
5431,valid,0,1.6792776e-05
5104,valid,0,3.837701e-05
4578,valid,0,3.9044935e-05
1885,valid,0,0.0050072866
3693,valid,0,9.095207e-05
10148,valid,0,2.030532e-05
1447,valid,0,0.0003782462
6564,valid,0,2.5614288e-05
5094,valid,0,2.7469257e-05
480,valid,0,0.0011311559
8791,valid,0,0.0003120851
9750,valid,0,0.0001578153
4554,valid,0,0.00395153
4441,valid,0,0.00028145488
1561,valid,0,0.002696408
4002,valid,0,6.954554e-05
4021,valid,0,0.0041596578
4533,valid,0,0.0005021599
3062,valid,0,0.0048499145
10756,valid,0,0.0062911776
5939,valid,0,6.970046e-05
2668,valid,0,0.0006705725
3916,valid,0,0.00010530362
1744,valid,0,2.2679922e-05
10602,valid,0,0.002271246
7523,valid,0,0.00017851405
7077,valid,0,0.00039774054
3561,valid,0,6.4071874e-06
6091,valid,0,0.00083726825
6554,valid,0,7.944704e-06
2475,valid,0,0.00014171339
8677,valid,0,0.00049806066
6228,valid,0,5.791895e-06
7542,valid,0,2.8049037e-05
6187,valid,0,0.014098811
1754,valid,0,9.436791e-05
1557,valid,0,1.6248983e-05
2670,valid,0,0.00048170137
8727,valid,0,1.15884e-05
6469,valid,0,0.0019885255
2946,valid,0,0.00049626385
11061,valid,0,0.00071184523
48,valid,0,0.00026215945
3111,valid,0,0.00016031013
2004,valid,0,1.3134025e-05
9387,valid,0,8.51248e-05
6522,valid,0,0.0001175429
7821,valid,0,0.0003129845
5516,valid,0,1.24234e-05
2456,valid,0,0.00065089227
3373,valid,0,9.006956e-05
7080,valid,0,0.0006624818
8619,valid,0,3.569068e-05
7045,valid,0,3.494978e-05
11046,valid,0,8.302341e-06
1773,valid,0,1.0801759e-05
10944,valid,0,1.2189555e-05
11010,valid,0,0.00042447363
10922,valid,0,1.602215e-05
516,valid,0,0.0014377198
2552,valid,0,8.354688e-05
2847,valid,0,0.017020864
9358,valid,0,0.0007362668
6474,valid,0,4.6455307e-06
2256,valid,0,0.00025983105
3036,valid,0,8.302352e-06
10608,valid,0,1.2779032e-05
6629,valid,0,1.492002e-05
7090,valid,0,3.9722036e-06
1543,valid,0,9.8180435e-06
10476,valid,0,4.645545e-06
479,valid,0,0.00029054825
7336,valid,0,5.840678e-05
62,valid,0,0.00023719139
2661,valid,0,0.0005203338
2765,valid,0,0.00096143415
6198,valid,0,0.00029054825
8110,valid,0,0.0010281953
9583,valid,0,3.9042557e-06
3943,valid,0,6.4811775e-06
8627,valid,0,8.276066e-05
524,valid,0,0.0004715392
6223,valid,0,0.001306687
5494,valid,0,0.017046772
9326,valid,0,3.9494844e-06
3047,valid,0,0.0002987174
10746,valid,0,4.054388e-06
6019,valid,0,0.0019895504
6505,valid,0,0.0009411953
7245,valid,0,1.065665e-05
7814,valid,0,5.12858e-06
10725,valid,0,5.2862592e-06
3576,valid,0,3.9042525e-06
4447,valid,0,4.801869e-05
1953,valid,0,0.0009411953
2760,valid,0,9.564038e-06
909,valid,0,4.0543855e-06
7338,valid,0,4.6455425e-06
10597,valid,0,0.00046390668
4677,valid,0,0.0008751799
5674,valid,0,0.00021503276
6354,valid,0,0.00039791496
5069,valid,0,0.0017580524
925,valid,0,1.959276e-05
7473,valid,0,0.0016969644
2656,valid,0,9.392465e-06
6461,valid,0,3.9042498e-06
3636,valid,0,3.904251e-06
1775,valid,0,9.454493e-06
1989,valid,0,0.00029574824
6265,valid,0,4.6808877e-05
7530,valid,0,0.0003656416
4246,valid,0,6.010661e-05
6678,valid,0,0.004201217
7326,valid,0,8.164368e-05
5321,valid,0,3.489962e-05
8397,valid,0,0.00039791496
9360,valid,0,0.004003047
6519,valid,0,3.8256374e-05
6916,valid,0,0.0031305423
8238,valid,0,0.004611437
4800,valid,0,0.015123601
6480,valid,0,3.4706354e-05
5519,valid,0,0.00022805
9371,valid,0,0.005215205
1995,valid,0,1.1211058e-05
7482,valid,0,1.4543337e-05
67,valid,0,5.13309e-05
1732,valid,0,7.952099e-06
786,valid,0,0.0021248355
1747,valid,0,0.003226362
6532,valid,0,7.952116e-06
1760,valid,0,0.00093710324
6189,valid,0,7.972665e-06
1272,valid,0,0.0038307598
2220,valid,0,0.0014392649
10222,valid,0,1.121108e-05
3443,valid,0,7.952101e-06
10208,valid,0,3.7436654e-05
7578,valid,0,0.00022643527
2723,valid,0,0.0020226256
2081,valid,0,0.004001218
6457,valid,0,1.0612556e-05
7486,valid,0,0.0008410578
6922,valid,0,1.4343828e-05
7484,valid,0,0.0013445021
7247,valid,0,6.659805e-06
6170,valid,0,7.3161073e-06
8898,valid,0,0.0022453307
1826,valid,0,0.0006776328
7666,valid,0,0.00016196487
6199,valid,0,6.659794e-06
8739,valid,0,1.9805993e-05
1840,valid,0,6.708867e-06
10316,valid,0,9.017154e-06
3091,valid,0,9.154054e-06
6529,valid,0,5.3124904e-06
9513,valid,0,0.0002911376
1261,valid,0,1.2228098e-05
7663,valid,0,0.0009839383
8829,valid,0,0.00066350715
7461,valid,0,0.005509606
10586,valid,0,5.312471e-06
792,valid,0,5.3740096e-06
1053,valid,0,7.982587e-05
802,valid,0,7.1929503e-06
9333,valid,0,0.0006389265
3360,valid,0,1.0595746e-05
1770,valid,0,0.0010848297
10778,valid,0,5.326241e-06
3898,valid,0,5.127801e-05
5683,valid,0,9.185783e-06
2758,valid,0,1.7236192e-05
2080,valid,0,1.897515e-05
11060,valid,0,0.0010235269
6558,valid,0,0.0010141089
2947,valid,0,5.4049387e-06
5304,valid,0,0.008574007
6176,valid,0,0.002060203
10466,valid,0,1.2434411e-05
5502,valid,0,2.7739827e-05
7320,valid,0,8.2014885e-06
307,valid,0,0.0006019802
4765,valid,0,1.1696788e-05
6481,valid,0,4.1866457e-05
5531,valid,0,0.008497393
4547,valid,0,0.0012034022
7516,valid,0,3.2824115e-05
1548,valid,0,4.7167618e-05
880,valid,0,0.029359473
1731,valid,0,0.0020558652
50,valid,0,9.094366e-05
7039,valid,0,0.00013660271
3946,valid,0,7.4535616e-05
1725,valid,0,0.0050878315
7089,valid,0,6.46744e-05
6261,valid,0,0.0010379475
3097,valid,0,2.8883143e-05
910,valid,0,0.06454419
6008,valid,0,1.0854473e-05
6218,valid,0,0.0020558652
8248,valid,0,8.298839e-06
7575,valid,0,0.00068484875
1429,valid,0,1.4649372e-05
5520,valid,0,1.332511e-05
7671,valid,0,3.0091147e-05
316,valid,0,0.0017755309
7353,valid,0,0.00012801624
3101,valid,0,2.7894559e-05
4111,valid,0,0.016815145
2685,valid,0,0.00711139
5092,valid,0,2.2961432e-05
7352,valid,0,0.00072491955
2933,valid,0,0.0005261925
5670,valid,0,0.00010890748
7515,valid,0,0.000112075744
4684,valid,0,2.9563955e-05
2194,valid,0,0.00025770644
3509,valid,0,0.000104676066
8605,valid,0,0.00014882105
4091,valid,0,0.00013344055
3069,valid,0,0.00013289126
749,valid,0,0.00014882105
1884,valid,0,0.00015091071
9566,valid,0,0.00014882105
2648,valid,0,0.00015091071
8120,valid,0,0.00014882105
10045,valid,0,0.0001072497
2563,valid,0,0.00066090364
9259,valid,0,0.0010372258
10816,valid,0,0.0013290035
7659,valid,0,0.00030843998
10409,valid,0,1.25686165e-05
5825,valid,0,5.672402e-05
7829,valid,0,0.00018672568
944,valid,0,0.00013056438
3375,valid,0,0.00021446655
327,valid,0,1.8806799e-05
7660,valid,0,3.7861828e-05
2203,valid,0,0.0006329108
1418,valid,0,0.00012858884
4235,valid,0,0.0005374108
1103,valid,0,0.0007342379
5444,valid,0,0.00014530607
6375,valid,0,2.0914775e-05
10211,valid,0,8.654928e-05
10171,valid,0,0.00043976275
7519,valid,0,0.0018605872
9335,valid,0,0.000770415
2394,valid,0,4.5636883e-05
5830,valid,0,0.002033737
4103,valid,0,0.000114383874
10218,valid,0,4.7705686e-05
61,valid,0,0.0011589355
6270,valid,0,0.00010500345
1435,valid,0,0.00012865633
4879,valid,0,0.00043553667
6637,valid,0,0.00044315078
3646,valid,0,0.0006127484
8367,valid,0,6.1486375e-05
5816,valid,0,0.001469166
2641,valid,0,0.000110561195
2186,valid,0,2.2965472e-05
49,valid,0,6.7570827e-06
5076,valid,0,0.00045992568
5317,valid,0,0.00016090539
6006,valid,0,0.0017672562
2215,valid,0,2.4241539e-05
1743,valid,0,1.3200939e-05
6449,valid,0,1.3200919e-05
2565,valid,0,0.00032693052
2721,valid,0,0.0021431209
1539,valid,0,1.8345378e-05
879,valid,0,0.0005344282
3906,valid,0,0.0003889323
9493,valid,0,0.0012346773
2770,valid,0,0.0038177753
2935,valid,0,0.0001567335
1037,valid,0,6.6585824e-05
2558,valid,0,6.1050996e-05
6226,valid,0,0.0022811524
6557,valid,0,0.00029980126
7479,valid,0,0.0023365181
6227,valid,0,0.0022098646
4815,valid,0,0.0023365181
6101,valid,0,4.1378473e-05
10935,valid,0,3.9045084e-05
2261,valid,0,0.00019400154
4690,valid,0,2.8287091e-05
5071,valid,0,4.49955e-05
5414,valid,0,0.00022477731
6165,valid,0,2.7239805e-05
6515,valid,0,3.601493e-05
913,valid,0,0.0009162508
6353,valid,0,0.0019693507
4816,valid,0,3.4551555e-05
4476,valid,0,0.0059269317
2649,valid,0,0.000423483
7335,valid,0,1.7999106e-05
7536,valid,0,1.7999106e-05
8861,valid,0,0.0012621381
5949,valid,0,6.596351e-05
6162,valid,0,2.4325365e-05
6326,valid,0,0.0001153718
5081,valid,0,1.78682e-05
10398,valid,0,0.0033953758
11049,valid,0,2.432553e-05
10301,valid,0,0.00016742758
2756,valid,0,0.003765866
8252,valid,0,0.0014316535
9343,valid,0,2.4325558e-05
9344,valid,0,0.00010272138
8458,valid,0,0.0009963383
2000,valid,0,0.0041596578
6679,valid,0,0.0009861438
4242,valid,0,4.9949434e-05
3078,valid,0,4.994947e-05
4446,valid,0,0.0019913905
7242,valid,0,5.300288e-05
1741,valid,0,0.0022443682
8732,valid,0,0.0008254199
8626,valid,0,0.002881806
1558,valid,0,0.0005416678
6510,valid,0,0.001983406
5085,valid,0,1.3201574e-05
6473,valid,0,0.00054980285
704,valid,0,0.009384559
9585,valid,0,0.0019391824
11062,valid,0,0.009384514
319,valid,0,0.0004430054
7324,valid,0,0.00046740661
1750,valid,0,2.2679917e-05
11059,valid,0,0.00015428347
7749,valid,0,0.0021961874
3643,valid,0,2.8013748e-05
798,valid,0,2.3517468e-05
10718,valid,0,0.014692761
2927,valid,0,0.0064362264
4791,valid,0,2.5374684e-05
6517,valid,0,0.00018456875
7672,valid,0,0.0005209556
1990,valid,0,0.0004709496
914,valid,0,5.7918996e-06
7655,valid,0,6.545429e-05
10598,valid,0,6.545429e-05
7127,valid,0,0.00011164481
2252,valid,0,9.539888e-06
10822,valid,0,6.1227584e-06
5106,valid,0,1.0472677e-05
9261,valid,0,5.791893e-06
8240,valid,0,5.7918965e-06
9272,valid,0,0.0004709496
1767,valid,0,1.6231668e-05
10053,valid,0,0.0004517112
1087,valid,0,0.0004709496
4116,valid,0,0.0004709496
7121,valid,0,0.00014745351
5074,valid,0,0.0004709496
9262,valid,0,0.0009262957
1254,valid,0,3.3871853e-05
4482,valid,0,5.791905e-06
4702,valid,0,0.0004709496
5320,valid,0,0.0005064091
1443,valid,0,0.009234847
6928,valid,0,7.8420735e-06
4778,valid,0,0.00051909033
10015,valid,0,0.0003181459
7836,valid,0,3.7264996e-05
6264,valid,0,8.473404e-06
1876,valid,0,7.649604e-06
7463,valid,0,0.00015288978
1737,valid,0,5.791893e-06
8358,valid,0,0.00014745351
9782,valid,0,0.0008943661
6551,valid,0,0.00022873208
4539,valid,0,7.750696e-06
9738,valid,0,0.00048063466
5100,valid,0,0.0011320906
4101,valid,0,0.0001809614
2660,valid,0,1.4821316e-05
7594,valid,0,8.499502e-06
8280,valid,0,0.0006909607
531,valid,0,0.0018414084
2657,valid,0,1.5024737e-05
2224,valid,0,1.3130512e-05
7190,valid,0,0.00020786953
2569,valid,0,2.0908526e-05
1828,valid,0,8.499502e-06
2448,valid,0,0.0016504241
2941,valid,0,8.669761e-06
11043,valid,0,8.979939e-06
1248,valid,0,8.521496e-06
6347,valid,0,8.499499e-06
9133,valid,0,0.0008443958
1107,valid,0,1.3134005e-05
5509,valid,0,0.0010259784
2678,valid,0,0.0008443958
9761,valid,0,0.006273649
3098,valid,0,1.0124102e-05
7393,valid,0,3.438401e-05
10844,valid,0,1.24234e-05
9270,valid,0,1.111411e-05
7250,valid,0,0.001421693
7739,valid,0,0.0002896369
6911,valid,0,9.019687e-06
7485,valid,0,0.00024493394
8793,valid,0,0.00014140324
1161,valid,0,1.3222058e-05
4410,valid,0,1.3222058e-05
2582,valid,0,0.00017937236
4793,valid,0,1.2779038e-05
5349,valid,0,1.0801757e-05
3945,valid,0,0.0008727071
6483,valid,0,0.00027934564
1045,valid,0,2.7314678e-05
6344,valid,0,0.0009116478
2248,valid,0,2.2355069e-05
4693,valid,0,0.0012050997
6370,valid,0,0.00092686614
740,valid,0,0.0005554135
4403,valid,0,0.00014613244
9769,valid,0,1.18118105e-05
791,valid,0,8.302354e-06
5306,valid,0,2.0906087e-05
9279,valid,0,0.001981016
4696,valid,0,0.0008403792
4972,valid,0,0.0023970422
5513,valid,0,1.2512051e-05
4797,valid,0,9.315083e-06
1115,valid,0,8.0037735e-06
1993,valid,0,2.663884e-05
924,valid,0,8.723825e-06
10599,valid,0,4.645552e-06
935,valid,0,1.0043298e-05
10589,valid,0,0.0003799482
5512,valid,0,5.194735e-06
6376,valid,0,1.0801746e-05
8269,valid,0,1.15891535e-05
10946,valid,0,1.277856e-05
6512,valid,0,0.001471344
8473,valid,0,0.0055598128
8389,valid,0,9.422972e-06
6445,valid,0,0.0014377198
7534,valid,0,0.0015342742
2775,valid,0,1.5052052e-05
6669,valid,0,0.00075178104
10833,valid,0,6.6800358e-06
10241,valid,0,0.0013123797
9369,valid,0,0.0011288159
10012,valid,0,1.9439663e-05
6380,valid,0,0.0003799482
6683,valid,0,1.1082795e-05
382,valid,0,4.662732e-05
3103,valid,0,1.00694015e-05
490,valid,0,8.302358e-06
6023,valid,0,5.083566e-05
5749,valid,0,0.0008640791
2386,valid,0,0.00052693894
878,valid,0,0.002349214
8465,valid,0,1.0801746e-05
2769,valid,0,0.0011623261
6914,valid,0,0.0001248421
10923,valid,0,0.00042073245
6178,valid,0,0.00039791845
917,valid,0,3.90426e-06
3642,valid,0,3.886979e-06
4526,valid,0,5.0672106e-06
2449,valid,0,9.648523e-06
9134,valid,0,6.1344394e-06
8394,valid,0,8.465075e-06
8404,valid,0,3.90426e-06
9386,valid,0,3.9042616e-06
7824,valid,0,0.00020080688
2258,valid,0,3.717818e-05
2654,valid,0,8.5462425e-06
10804,valid,0,6.270303e-06
6124,valid,0,0.00047385716
9777,valid,0,0.00024079096
6513,valid,0,0.00047813385
3937,valid,0,0.0003799482
885,valid,0,5.2862574e-06
10238,valid,0,7.061682e-06
1112,valid,0,7.299162e-06
304,valid,0,5.945842e-06
7334,valid,0,4.6455443e-06
7592,valid,0,0.0001924417
7228,valid,0,6.6628168e-06
3367,valid,0,0.0012071853
6938,valid,0,0.0005501688
3084,valid,0,0.00039062905
10753,valid,0,0.00018685573
1038,valid,0,7.1477593e-06
1249,valid,0,4.6993373e-06
10807,valid,0,0.00096143415
3041,valid,0,0.0004258244
8813,valid,0,0.0004258244
1036,valid,0,2.067596e-05
2772,valid,0,7.099616e-06
9783,valid,0,0.0005174043
3628,valid,0,4.6993414e-06
6014,valid,0,6.9243315e-06
1092,valid,0,6.9243315e-06
6339,valid,0,0.0002987174
3757,valid,0,4.191987e-06
1998,valid,0,3.90425e-06
5352,valid,0,3.9042498e-06
8470,valid,0,2.723135e-05
7490,valid,0,3.7628306e-05
2675,valid,0,3.949475e-06
2193,valid,0,0.00014393368
10773,valid,0,1.1834741e-05
3684,valid,0,4.1919748e-06
11058,valid,0,0.00039791496
7098,valid,0,3.904249e-06
3926,valid,0,0.00029054825
6452,valid,0,7.1350687e-06
6004,valid,0,4.683286e-06
1117,valid,0,3.9042543e-06
4808,valid,0,0.00029054825
6096,valid,0,3.90425e-06
9389,valid,0,5.966757e-06
5744,valid,0,5.6321473e-06
938,valid,0,5.6321473e-06
1088,valid,0,3.9042525e-06
4542,valid,0,9.816725e-06
8807,valid,0,9.428535e-06
10823,valid,0,0.00029054825
8409,valid,0,3.904254e-06
9569,valid,0,3.9042525e-06
702,valid,0,4.310219e-06
6214,valid,0,9.175531e-06
5064,valid,0,6.1344563e-06
4698,valid,0,1.8102175e-05
4105,valid,0,0.00022090736
11006,valid,0,1.9453553e-05
10771,valid,0,6.9641683e-06
4469,valid,0,3.904251e-06
7351,valid,0,3.9042498e-06
8493,valid,0,1.7227147e-05
8811,valid,0,4.826916e-06
4821,valid,0,4.645532e-06
4591,valid,0,2.2600965e-05
6506,valid,0,0.00018137615
7346,valid,0,4.8144666e-06
8245,valid,0,3.9042575e-06
3564,valid,0,4.956373e-05
6670,valid,0,6.0767593e-06
9589,valid,0,1.0304531e-05
9139,valid,0,3.9042593e-06
9331,valid,0,3.73411e-05
1757,valid,0,5.9667314e-06
430,valid,0,7.046929e-06
9383,valid,0,3.904249e-06
3936,valid,0,3.9042498e-06
8279,valid,0,0.00055844634
423,valid,0,1.0177168e-05
484,valid,0,3.972205e-06
493,valid,0,7.046932e-06
2645,valid,0,0.0033457445
5492,valid,0,5.4789666e-06
5099,valid,0,4.645537e-06
1257,valid,0,5.7468023e-06
8239,valid,0,4.6249816e-06
7819,valid,0,4.9878836e-06
931,valid,0,9.454494e-06
10232,valid,0,0.00029054825
6465,valid,0,3.904248e-06
3927,valid,0,3.949479e-06
9766,valid,0,9.454508e-06
6117,valid,0,3.4444212e-05
6331,valid,0,3.9494807e-06
1565,valid,0,3.9494803e-06
4581,valid,0,3.9494803e-06
1568,valid,0,4.544983e-05
6530,valid,0,3.90425e-06
3644,valid,0,6.303984e-06
1742,valid,0,0.00029054825
11004,valid,0,0.0001472106
4123,valid,0,5.2862574e-06
5083,valid,0,0.00078638154
4822,valid,0,3.9042557e-06
11014,valid,0,5.5996425e-06
4588,valid,0,5.5996425e-06
4238,valid,0,3.9143624e-06
6105,valid,0,2.5729361e-05
7661,valid,0,0.00018655996
1678,valid,0,1.1641548e-05
2934,valid,0,5.7118455e-06
6351,valid,0,4.6455325e-06
8460,valid,0,3.949475e-06
4443,valid,0,0.0005932147
7283,valid,0,0.00047813385
10236,valid,0,9.45451e-06
6335,valid,0,3.904254e-06
1540,valid,0,3.972205e-06
797,valid,0,4.7263893e-06
1417,valid,0,8.104313e-06
6321,valid,0,0.0003945712
1728,valid,0,3.949473e-06
789,valid,0,9.334359e-06
10472,valid,0,3.972216e-06
3574,valid,0,6.2054914e-06
4097,valid,0,6.2054914e-06
806,valid,0,4.6455325e-06
10011,valid,0,1.2801128e-05
8794,valid,0,0.0011607081
803,valid,0,6.866051e-06
5688,valid,0,0.0005756368
8494,valid,0,4.202824e-06
1873,valid,0,0.00014188417
4786,valid,0,1.9592744e-05
894,valid,0,2.6172936e-05
10588,valid,0,0.0022187121
7588,valid,0,1.959277e-05
2227,valid,0,0.00018656172
5067,valid,0,0.003045919
4806,valid,0,1.931278e-05
10733,valid,0,0.0013232684
6667,valid,0,3.90425e-06
2283,valid,0,0.00041159047
6202,valid,0,3.949477e-06
9755,valid,0,9.454494e-06
9568,valid,0,4.8761278e-05
930,valid,0,3.90425e-06
10337,valid,0,0.00018137615
7538,valid,0,8.066485e-06
6682,valid,0,4.002096e-06
2659,valid,0,4.002096e-06
1050,valid,0,2.0346073e-05
8258,valid,0,6.0767666e-06
434,valid,0,0.003173221
10591,valid,0,0.003045919
5073,valid,0,0.0001799398
8270,valid,0,0.010554649
8467,valid,0,2.7698694e-05
512,valid,0,2.7698694e-05
4585,valid,0,0.00012312378
1251,valid,0,1.935625e-05
6935,valid,0,1.9356316e-05
4104,valid,0,2.9371118e-05
5089,valid,0,1.9312864e-05
4697,valid,0,2.4275028e-05
1158,valid,0,0.0038256885
8912,valid,0,3.9042607e-06
10931,valid,0,0.00032239713
1151,valid,0,3.949477e-06
10219,valid,0,1.984791e-05
7445,valid,0,0.00018137615
927,valid,0,6.200491e-05
1961,valid,0,0.0012810037
6181,valid,0,9.173031e-06
7331,valid,0,6.007182e-06
5062,valid,0,1.9312685e-05
6635,valid,0,1.953641e-05
7240,valid,0,1.953641e-05
7237,valid,0,1.4758015e-05
928,valid,0,0.0030418795
10601,valid,0,0.054565664
903,valid,0,3.607602e-05
2762,valid,0,1.9356246e-05
4589,valid,0,2.4939047e-05
4809,valid,0,3.4867182e-05
6157,valid,0,1.4033047e-05
3639,valid,0,1.9312805e-05
8867,valid,0,0.007627579
8915,valid,0,0.010554649
8909,valid,0,0.00078638154
10741,valid,0,2.4274907e-05
6352,valid,0,0.0031896494
5135,valid,0,0.0029750457
53,valid,0,0.0012601764
4162,valid,0,6.531794e-05
8276,valid,0,3.90425e-06
2936,valid,0,0.00069096335
4599,valid,0,7.1531555e-05
3026,valid,0,0.0030850652
6154,valid,0,0.0022153794
4759,valid,0,1.9981875e-05
6520,valid,0,0.00021871117
1084,valid,0,1.4758008e-05
6186,valid,0,2.6320713e-05
4770,valid,0,0.0032706147
9132,valid,0,5.142164e-05
3055,valid,0,4.3586184e-05
10345,valid,0,0.0025875326
5059,valid,0,1.5325519e-05
7525,valid,0,0.00026162906
2673,valid,0,1.475809e-05
10147,valid,0,0.00029054825
4523,valid,0,0.004045539
764,valid,0,0.00030469574
4110,valid,0,1.9312745e-05
1891,valid,0,2.4883317e-05
4004,valid,0,2.4883317e-05
10723,valid,0,0.0002932136
1882,valid,0,0.00027344516
4239,valid,0,4.2525247e-05
3930,valid,0,0.0027167024
317,valid,0,2.4556093e-05
10940,valid,0,4.4151835e-05
8386,valid,0,0.0022701425
1046,valid,0,2.9581248e-05
2943,valid,0,1.308169e-05
9330,valid,0,1.2441253e-05
3929,valid,0,0.0016571496
906,valid,0,1.1211062e-05
8901,valid,0,0.00015030107
3562,valid,0,1.9013478e-05
7099,valid,0,0.0001292445
3935,valid,0,2.4861076e-05
5952,valid,0,1.121105e-05
6909,valid,0,0.0047070133
8097,valid,0,2.9427127e-05
6566,valid,0,0.0017706803
6487,valid,0,1.121105e-05
10401,valid,0,0.0016037084
10765,valid,0,1.14062e-05
7360,valid,0,0.0015341862
4592,valid,0,0.0030434479
5445,valid,0,1.2441262e-05
4796,valid,0,2.1554764e-05
2667,valid,0,3.9042593e-06
2840,valid,0,2.4977706e-05
8275,valid,0,0.0012359471
4236,valid,0,1.7087143e-05
9149,valid,0,0.00014500752
6179,valid,0,2.2658644e-05
4874,valid,0,1.505265e-05
5737,valid,0,0.00020286115
7333,valid,0,0.0019227294
4769,valid,0,1.0491053e-05
1761,valid,0,1.0612601e-05
7540,valid,0,3.2448377e-05
1836,valid,0,0.0022153794
2653,valid,0,0.0016545862
6525,valid,0,7.9521e-06
3924,valid,0,0.0046867207
9154,valid,0,1.1211084e-05
4114,valid,0,2.7152722e-05
2926,valid,0,0.00080733193
6464,valid,0,8.044205e-06
8913,valid,0,7.952114e-06
3083,valid,0,0.0023334553
2469,valid,0,1.6953978e-05
4795,valid,0,1.2152884e-05
3629,valid,0,1.7087128e-05
1252,valid,0,0.0019227294
9260,valid,0,1.625469e-05
5434,valid,0,7.952095e-06
3436,valid,0,2.2640677e-05
4555,valid,0,0.00059711974
10036,valid,0,2.1135882e-05
2720,valid,0,1.4775894e-05
9131,valid,0,0.0009609883
9361,valid,0,1.2152945e-05
6690,valid,0,1.1130794e-05
9263,valid,0,8.090497e-06
10938,valid,0,1.1240082e-05
1105,valid,0,1.2175573e-05
11057,valid,0,1.1406146e-05
7487,valid,0,1.403305e-05
4451,valid,0,0.0034806987
4977,valid,0,4.6870522e-05
2705,valid,0,0.0012306689
2253,valid,0,1.344534e-05
3085,valid,0,7.952108e-06
9137,valid,0,1.0612573e-05
8613,valid,0,1.858286e-05
10592,valid,0,1.5805888e-05
6527,valid,0,9.310729e-05
315,valid,0,6.391111e-05
10757,valid,0,6.5940962e-06
1270,valid,0,6.6704843e-06
421,valid,0,1.0077501e-05
2949,valid,0,6.594115e-06
4701,valid,0,7.4994205e-06
4785,valid,0,1.0468577e-05
7330,valid,0,6.594104e-06
10850,valid,0,6.659779e-06
10585,valid,0,2.7428552e-05
6442,valid,0,1.7314214e-05
10736,valid,0,0.008544054
4829,valid,0,6.39771e-05
8664,valid,0,9.272025e-06
3640,valid,0,6.6597854e-06
7743,valid,0,6.7932096e-06
10463,valid,0,6.5940985e-06
4540,valid,0,0.0002625414
7827,valid,0,1.1029895e-05
8503,valid,0,1.9372626e-05
3928,valid,0,5.312471e-06
6455,valid,0,0.0027547847
9339,valid,0,9.457494e-06
10465,valid,0,0.0036396757
8897,valid,0,9.551646e-06
2387,valid,0,0.0007323211
10317,valid,0,0.0008410578
4828,valid,0,6.6597922e-06
1734,valid,0,8.499838e-06
9268,valid,0,1.4393695e-05
1749,valid,0,0.0017062546
7728,valid,0,0.0013621689
757,valid,0,1.22255915e-05
787,valid,0,7.0513047e-06
3024,valid,0,6.759338e-06
6169,valid,0,1.9398003e-05
8388,valid,0,1.6573234e-05
4988,valid,0,9.3570416e-05
7182,valid,0,9.130602e-05
1951,valid,0,0.0013023762
4766,valid,0,5.3124777e-06
9146,valid,0,1.0105577e-05
10237,valid,0,6.659774e-06
7094,valid,0,1.4041837e-05
7348,valid,0,7.051302e-06
8827,valid,0,6.594104e-06
4527,valid,0,0.00073091476
2717,valid,0,1.6531558e-05
1132,valid,0,9.551665e-06
1143,valid,0,9.551665e-06
7736,valid,0,6.6597963e-06
4445,valid,0,1.8867644e-05
4008,valid,0,6.6597763e-06
9765,valid,0,3.8387814e-05
1265,valid,0,0.0013309314
5354,valid,0,2.408874e-05
4024,valid,0,6.5941117e-06
2682,valid,0,7.316096e-06
424,valid,0,7.316101e-06
10220,valid,0,7.400834e-06
300,valid,0,6.5940985e-06
2260,valid,0,1.0493011e-05
4695,valid,0,1.0493011e-05
1101,valid,0,0.00024349599
5751,valid,0,1.0077541e-05
2832,valid,0,0.0008527315
486,valid,0,0.00093307026
929,valid,0,8.731934e-06
7590,valid,0,7.051294e-06
3698,valid,0,0.00078634894
8267,valid,0,6.9162425e-06
6213,valid,0,6.6597795e-06
5096,valid,0,1.7195967e-05
2763,valid,0,1.0077544e-05
1831,valid,0,0.0013309314
6921,valid,0,8.562092e-06
296,valid,0,0.00084941986
6185,valid,0,1.4343828e-05
5065,valid,0,1.0005925e-05
6330,valid,0,0.0008035357
7070,valid,0,0.00084941986
10314,valid,0,0.0017062546
1752,valid,0,0.002060203
7810,valid,0,1.22255915e-05
899,valid,0,5.3124895e-06
9377,valid,0,5.6128056e-06
3633,valid,0,5.3879235e-06
6379,valid,0,1.4203857e-05
6930,valid,0,5.3124886e-06
6561,valid,0,5.374009e-06
2931,valid,0,0.0006389265
9138,valid,0,5.3124845e-06
10745,valid,0,1.2848072e-05
1100,valid,0,5.3740127e-06
11053,valid,0,5.312474e-06
6109,valid,0,5.3124886e-06
5526,valid,0,5.3740114e-06
1886,valid,0,5.9346246e-05
2002,valid,0,5.5631695e-06
4006,valid,0,5.312472e-06
8505,valid,0,0.0014609508
7347,valid,0,0.004446428
6206,valid,0,1.22280835e-05
6378,valid,0,5.3124795e-06
1127,valid,0,8.008641e-06
10809,valid,0,0.0006389265
1730,valid,0,5.6127833e-06
9737,valid,0,0.013161758
755,valid,0,0.0017543612
4593,valid,0,5.312474e-06
10852,valid,0,5.312474e-06
306,valid,0,5.3124822e-06
6221,valid,0,9.141649e-06
1109,valid,0,1.6803324e-05
309,valid,0,1.1632344e-05
4536,valid,0,1.1632344e-05
8405,valid,0,5.6127833e-06
3654,valid,0,5.3124927e-06
481,valid,0,5.3124745e-06
7235,valid,0,0.0006389265
483,valid,0,5.3740127e-06
1139,valid,0,0.001838016
1988,valid,0,5.312472e-06
10941,valid,0,5.312495e-06
9391,valid,0,7.329833e-06
10738,valid,0,2.7982702e-05
2664,valid,0,2.7982702e-05
5673,valid,0,5.3131178e-05
10405,valid,0,0.0006533072
7596,valid,0,5.4049383e-06
4682,valid,0,0.0010848297
6151,valid,0,0.00045279317
6022,valid,0,0.0012686395
9781,valid,0,5.4455973e-06
2567,valid,0,7.6193255e-06
5101,valid,0,7.6193255e-06
7073,valid,0,1.5962314e-05
8121,valid,0,1.9884657e-05
6320,valid,0,5.312474e-06
10197,valid,0,0.0010015784
1439,valid,0,0.0009626148
7195,valid,0,1.1552968e-05
4885,valid,0,0.00043269564
7388,valid,0,4.7708785e-05
7354,valid,0,7.1467302e-06
4761,valid,0,2.0194246e-05
6003,valid,0,0.00043269564
4112,valid,0,1.2004569e-05
4982,valid,0,1.2004569e-05
3573,valid,0,5.3124772e-06
3653,valid,0,0.0013598304
1835,valid,0,0.0006533072
7483,valid,0,0.0016099225
7589,valid,0,1.27009835e-05
4771,valid,0,0.0016099225
2389,valid,0,0.00052447105
495,valid,0,0.0006389265
4974,valid,0,0.0035969643
6508,valid,0,0.0010349378
8236,valid,0,0.0010848396
5437,valid,0,1.1605874e-05
6563,valid,0,5.517046e-06
10462,valid,0,5.3124927e-06
10845,valid,0,2.8039418e-05
1149,valid,0,5.3124845e-06
10315,valid,0,0.00058065716
4987,valid,0,0.0014609508
4683,valid,0,8.118838e-06
7081,valid,0,0.0010012336
8906,valid,0,2.2761375e-05
9351,valid,0,0.0006389265
8272,valid,0,0.00094787765
10761,valid,0,1.4932261e-05
1992,valid,0,1.1028501e-05
9150,valid,0,5.6699355e-06
3038,valid,0,7.2460907e-06
9362,valid,0,1.8309434e-05
8243,valid,0,0.0034057868
4029,valid,0,0.0006389265
10729,valid,0,0.0034028364
801,valid,0,5.5056535e-06
7584,valid,0,5.404951e-06
6336,valid,0,0.00010425723
7046,valid,0,0.00014608099
9434,valid,0,5.374568e-05
1106,valid,0,1.1156243e-05
3034,valid,0,1.1028555e-05
1691,valid,0,0.0008428961
2848,valid,0,0.0011022483
5955,valid,0,0.0019566764
2644,valid,0,0.0010120901
3948,valid,0,1.1998202e-05
8833,valid,0,0.005702834
1755,valid,0,0.0016624267
9778,valid,0,0.0016274862
2835,valid,0,0.0011312832
8512,valid,0,1.5276875e-05
4681,valid,0,1.2206966e-05
1104,valid,0,1.4669958e-05
1554,valid,0,0.0016643399
8264,valid,0,0.0016643399
425,valid,0,0.0016274862
5061,valid,0,1.1732064e-05
5435,valid,0,0.0006019814
8401,valid,0,0.017652497
1160,valid,0,1.585216e-05
5827,valid,0,8.2796694e-05
10926,valid,0,8.2796694e-05
5750,valid,0,1.6576421e-05
3446,valid,0,0.0016274862
900,valid,0,0.0041790786
6536,valid,0,5.2977353e-05
3685,valid,0,2.8260962e-05
7042,valid,0,0.0014175331
6156,valid,0,4.6018005e-05
923,valid,0,2.090618e-05
4811,valid,0,0.0027126241
5310,valid,0,0.0011649103
7571,valid,0,0.0018622057
2771,valid,0,1.8616576e-05
9253,valid,0,1.33681e-05
7122,valid,0,2.2038297e-05
8406,valid,0,1.8616505e-05
1727,valid,0,2.8730634e-05
4442,valid,0,0.0036755297
10146,valid,0,0.0011996523
5348,valid,0,1.0607621e-05
5490,valid,0,2.4637782e-05
701,valid,0,3.0990275e-05
10759,valid,0,5.1798746e-05
11048,valid,0,1.2949515e-05
891,valid,0,1.8722068e-05
2001,valid,0,1.3294151e-05
3075,valid,0,1.3436726e-05
9246,valid,0,5.6640187e-05
6175,valid,0,1.3613472e-05
3057,valid,0,1.33681e-05
2089,valid,0,1.1485476e-05
2391,valid,0,0.0007537197
9518,valid,0,3.3755805e-05
6098,valid,0,7.147978e-05
295,valid,0,2.567909e-05
5532,valid,0,1.220158e-05
7517,valid,0,0.00044363737
4152,valid,0,9.01135e-06
7238,valid,0,0.0003247829
1137,valid,0,0.0003247829
4098,valid,0,0.00029135458
7585,valid,0,0.001158071
6638,valid,0,1.1461066e-05
7475,valid,0,0.0017755309
5679,valid,0,3.0458685e-05
7489,valid,0,0.00014323868
8471,valid,0,1.2801178e-05
10309,valid,0,1.2924942e-05
9384,valid,0,0.009382798
8819,valid,0,0.0059488835
10312,valid,0,2.873075e-05
5522,valid,0,6.378122e-05
4706,valid,0,8.7133885e-06
8900,valid,0,4.6789188e-05
1768,valid,0,3.25403e-05
4020,valid,0,0.0043004435
759,valid,0,1.8093133e-05
921,valid,0,1.1664908e-05
6458,valid,0,8.4040075e-06
1089,valid,0,0.0010388978
9579,valid,0,1.5481433e-05
5347,valid,0,6.2381754e-05
4015,valid,0,3.5759185e-05
10848,valid,0,4.7007343e-05
4444,valid,0,0.0031689655
8802,valid,0,0.00018959235
1753,valid,0,0.0033019239
6377,valid,0,0.0031526976
2188,valid,0,0.0007886965
8480,valid,0,2.6475074e-05
1833,valid,0,8.580768e-05
10158,valid,0,0.00018882891
4108,valid,0,2.4043511e-05
10815,valid,0,1.1311354e-05
3688,valid,0,9.329034e-06
7731,valid,0,0.04335114
3368,valid,0,0.007270625
2937,valid,0,0.0006517081
4402,valid,0,0.0015483412
6531,valid,0,0.0068842345
3067,valid,0,0.0006339761
7025,valid,0,1.8205157e-05
6694,valid,0,0.00015774186
1739,valid,0,1.789463e-05
10749,valid,0,1.2925001e-05
8508,valid,0,1.1793409e-05
8683,valid,0,0.0025595059
3909,valid,0,0.007211931
5820,valid,0,1.0815948e-05
3947,valid,0,0.0031773222
2868,valid,0,1.1485473e-05
7732,valid,0,0.009119697
10595,valid,0,2.8469978e-05
9762,valid,0,0.0034422886
10224,valid,0,0.000103728045
8103,valid,0,1.1160657e-05
4436,valid,0,0.0012684078
8670,valid,0,8.828237e-06
4790,valid,0,8.713365e-06
4819,valid,0,1.5580965e-05
2652,valid,0,4.9955524e-05
3950,valid,0,0.0021357278
8825,valid,0,1.3351614e-05
7835,valid,0,0.0012196851
8403,valid,0,1.540259e-05
3650,valid,0,1.3172532e-05
7029,valid,0,5.304088e-05
3908,valid,0,3.3320768e-05
6097,valid,0,0.0057887416
10744,valid,0,0.00034146564
2932,valid,0,1.5994803e-05
3070,valid,0,1.9449586e-05
2650,valid,0,3.40515e-05
6685,valid,0,8.990888e-06
9382,valid,0,0.007478966
6919,valid,0,0.0006787154
1442,valid,0,0.00015591523
7548,valid,0,9.01135e-06
10846,valid,0,0.0027598413
3035,valid,0,0.003859668
2577,valid,0,8.828237e-06
9258,valid,0,2.116919e-05
7184,valid,0,1.4447011e-05
10803,valid,0,2.3981489e-05
10842,valid,0,0.00052362046
3901,valid,0,0.00052362046
10838,valid,0,6.4184875e-05
8795,valid,0,0.0025920398
4016,valid,0,0.0028546099
2839,valid,0,1.3436741e-05
9277,valid,0,4.1423584e-05
2578,valid,0,2.7798158e-05
7822,valid,0,1.16054725e-05
6543,valid,0,4.595314e-05
2672,valid,0,1.5441286e-05
1049,valid,0,8.713374e-06
10943,valid,0,0.00096681726
2707,valid,0,1.2552541e-05
8622,valid,0,9.319123e-05
8363,valid,0,0.071490966
7188,valid,0,1.0875187e-05
2249,valid,0,4.308246e-05
3094,valid,0,0.00019580076
5082,valid,0,0.0009747138
5058,valid,0,1.4398029e-05
1772,valid,0,1.7848488e-05
9388,valid,0,2.865629e-05
5137,valid,0,4.6248624e-05
7730,valid,0,0.00014669297
2472,valid,0,1.1536047e-05
3444,valid,0,8.814304e-06
2677,valid,0,1.2924942e-05
2580,valid,0,0.0008700949
8123,valid,0,1.9139896e-05
7572,valid,0,0.018186327
5525,valid,0,0.00011718547
1839,valid,0,0.0033182483
9364,valid,0,2.682774e-05
2841,valid,0,0.00085616467
5743,valid,0,0.0018952057
5937,valid,0,0.00012346554
7591,valid,0,2.8396478e-05
756,valid,0,8.712166e-06
1125,valid,0,0.0022179042
889,valid,0,0.0026593534
6345,valid,0,1.2924942e-05
6537,valid,0,0.012052042
2651,valid,0,2.7720627e-05
1966,valid,0,1.9217678e-05
7669,valid,0,2.714802e-05
754,valid,0,8.200865e-06
7357,valid,0,1.6443371e-05
1954,valid,0,1.5391171e-05
7340,valid,0,1.5982057e-05
7587,valid,0,3.9816252e-05
6666,valid,0,8.298838e-06
1153,valid,0,1.708594e-05
6503,valid,0,0.00022391534
4678,valid,0,0.0060605286
7481,valid,0,0.0013844862
6383,valid,0,9.178013e-06
9772,valid,0,7.624823e-05
1124,valid,0,8.408897e-06
1035,valid,0,0.0004990467
432,valid,0,1.1196789e-05
5529,valid,0,0.0020526443
10835,valid,0,0.0027915922
10300,valid,0,0.0025873042
5954,valid,0,0.0013844862
5499,valid,0,5.13501e-06
8902,valid,0,0.0014529612
3066,valid,0,1.536402e-05
7832,valid,0,0.00031225587
5496,valid,0,2.4409166e-05
2464,valid,0,0.0005527731
6499,valid,0,0.0005527731
7028,valid,0,0.00020684462
2473,valid,0,1.6321883e-05
8260,valid,0,9.8457185e-06
11005,valid,0,9.8457185e-06
788,valid,0,1.5958265e-05
4415,valid,0,0.00022097846
8107,valid,0,0.00029015754
795,valid,0,3.7968617e-05
7386,valid,0,4.9559072e-05
11011,valid,0,0.00025770644
3106,valid,0,0.00019597543
10170,valid,0,0.00012975682
5129,valid,0,0.00012975682
4475,valid,0,1.4877832e-05
10999,valid,0,0.00016971571
308,valid,0,3.4330897e-05
712,valid,0,3.4330897e-05
6200,valid,0,2.0212245e-05
1140,valid,0,2.0212245e-05
7741,valid,0,0.0002635446
3888,valid,0,1.3951094e-05
9433,valid,0,8.223568e-05
7071,valid,0,1.5060185e-05
1448,valid,0,0.00014882105
2564,valid,0,0.0001072497
10772,valid,0,0.00015467017
3365,valid,0,0.00010638901
6017,valid,0,0.00014882105
9528,valid,0,0.00015091071
2211,valid,0,0.00015091071
893,valid,0,2.6187934e-05
5457,valid,0,3.6163157e-05
6466,valid,0,2.1811566e-05
10200,valid,0,2.1811566e-05
6266,valid,0,0.00010680832
1128,valid,0,1.2783909e-05
4691,valid,0,1.2783909e-05
10043,valid,0,0.0001072497
6160,valid,0,0.0014824137
8257,valid,0,0.00087798043
10478,valid,0,0.0007224682
805,valid,0,0.0005593559
8479,valid,0,4.303451e-05
1048,valid,0,0.0006609084
426,valid,0,0.0012062361
3017,valid,0,0.0019048384
4775,valid,0,0.00027083672
8801,valid,0,2.0518775e-05
6907,valid,0,0.00036870613
7047,valid,0,0.00057685794
7658,valid,0,1.6892262e-05
10214,valid,0,0.0005193094
8487,valid,0,0.00012458331
8355,valid,0,3.2372986e-06
5427,valid,0,3.2372986e-06
384,valid,0,0.00017653996
4094,valid,0,6.0342354e-05
381,valid,0,2.3676996e-05
7389,valid,0,0.00017653996
8244,valid,0,2.3717861e-05
9512,valid,0,2.3717861e-05
1889,valid,0,4.8781403e-05
5828,valid,0,0.00013192523
4027,valid,0,0.00015389668
2088,valid,0,1.764701e-05
2078,valid,0,1.8271883e-05
7186,valid,0,5.4857854e-05
7189,valid,0,5.4857854e-05
902,valid,0,1.2286929e-05
5819,valid,0,8.64424e-06
5507,valid,0,0.00012338506
11003,valid,0,0.0003429458
10005,valid,0,3.526015e-05
4553,valid,0,0.00031240203
513,valid,0,0.00012101895
1887,valid,0,1.4575994e-05
8864,valid,0,0.0011441051
9571,valid,0,0.001921964
6348,valid,0,2.8034458e-05
8854,valid,0,9.868367e-05
10764,valid,0,0.0027682441
767,valid,0,6.260743e-05
2003,valid,0,1.6595432e-05
1547,valid,0,0.0005374108
10826,valid,0,1.0483992e-05
2451,valid,0,0.00010647112
5070,valid,0,2.1701891e-05
796,valid,0,2.7533015e-05
3447,valid,0,1.935705e-05
4107,valid,0,2.002376e-05
5515,valid,0,4.8898364e-05
6355,valid,0,8.420544e-05
2704,valid,0,0.00011137854
8398,valid,0,0.00043810357
6099,valid,0,1.0257085e-05
1268,valid,0,4.5047756e-05
7290,valid,0,0.00034956494
9249,valid,0,0.00029907803
8673,valid,0,3.2001477e-05
4011,valid,0,0.00055464875
4779,valid,0,0.00036066692
520,valid,0,1.4432046e-05
5430,valid,0,5.2896616e-05
6196,valid,0,2.0123869e-05
1991,valid,0,3.878174e-05
6459,valid,0,2.2425094e-05
1456,valid,0,0.00014104482
3651,valid,0,4.953969e-05
7828,valid,0,6.9224036e-05
9485,valid,0,3.363966e-05
1735,valid,0,0.0012619252
6500,valid,0,0.00042113313
4979,valid,0,9.6657364e-05
10817,valid,0,1.727497e-05
9328,valid,0,2.1477857e-05
2470,valid,0,0.00024046005
8746,valid,0,3.7127036e-05
1890,valid,0,2.4242498e-05
9745,valid,0,0.002066227
1042,valid,0,1.6996548e-05
8809,valid,0,0.00010109118
302,valid,0,1.2880691e-05
8658,valid,0,0.000121803016
9551,valid,0,0.00018882047
5671,valid,0,3.6260994e-05
8869,valid,0,0.00073263905
6322,valid,0,2.9548326e-05
9347,valid,0,0.0012034463
6470,valid,0,0.0006897496
7230,valid,0,8.231957e-05
3366,valid,0,5.2121104e-05
2200,valid,0,0.0006127513
6324,valid,0,5.403422e-05
8858,valid,0,0.0040265606
1762,valid,0,0.0008088372
8475,valid,0,0.0025576537
2467,valid,0,0.00012675513
5824,valid,0,7.718068e-05
322,valid,0,0.00032391568
5132,valid,0,0.00011153269
8621,valid,0,2.0461446e-05
8108,valid,0,0.0004821829
7521,valid,0,0.0003557444
8606,valid,0,1.9415904e-05
1162,valid,0,1.9415904e-05
3370,valid,0,0.00020297409
4422,valid,0,2.0532325e-05
6349,valid,0,0.0001989481
3114,valid,0,8.650553e-06
1877,valid,0,1.9259245e-05
9780,valid,0,2.276402e-05
9746,valid,0,3.5541463e-05
809,valid,0,8.053497e-05
5536,valid,0,2.3788672e-05
9514,valid,0,0.0006127484
4973,valid,0,1.4525983e-05
4398,valid,0,0.00015215378
10768,valid,0,1.3823769e-05
2925,valid,0,1.3823779e-05
10037,valid,0,1.3655572e-05
10722,valid,0,1.3655572e-05
10306,valid,0,1.3200908e-05
10155,valid,0,0.00069916324
3374,valid,0,0.00043539106
9143,valid,0,1.3200902e-05
5448,valid,0,5.3900367e-05
1085,valid,0,0.00046506795
9564,valid,0,4.5435205e-05
6340,valid,0,1.34654e-05
6112,valid,0,0.00011600224
2212,valid,0,6.408873e-05
7344,valid,0,1.3823785e-05
9588,valid,0,1.3859536e-05
881,valid,0,1.9862282e-05
3082,valid,0,1.9862282e-05
10234,valid,0,2.7796224e-05
6565,valid,0,2.5620098e-05
1745,valid,0,0.0012448574
9266,valid,0,1.3200902e-05
3113,valid,0,1.3200913e-05
9375,valid,0,1.3823804e-05
8617,valid,0,1.3311389e-05
3563,valid,0,1.3200908e-05
6002,valid,0,0.00044171655
6937,valid,0,1.3200919e-05
9486,valid,0,1.5109926e-05
2553,valid,0,0.0013222881
4400,valid,0,0.00014049941
4468,valid,0,1.7095192e-05
6492,valid,0,0.0001780689
10841,valid,0,0.0001501007
6089,valid,0,1.3823738e-05
2581,valid,0,1.3823738e-05
6920,valid,0,0.00072710845
2561,valid,0,3.0197074e-05
6325,valid,0,5.063597e-05
1875,valid,0,6.80889e-05
2191,valid,0,0.00016471933
10205,valid,0,4.282743e-05
3042,valid,0,1.3200902e-05
8273,valid,0,1.3200908e-05
3631,valid,0,1.3200902e-05
6934,valid,0,2.0106889e-05
4826,valid,0,1.3784321e-05
7580,valid,0,0.00046506795
898,valid,0,2.099547e-05
6915,valid,0,0.00046506795
3912,valid,0,5.9513277e-05
301,valid,0,1.3784339e-05
8098,valid,0,0.0005344282
4014,valid,0,1.4314369e-05
1253,valid,0,2.1130681e-05
8832,valid,0,1.378436e-05
10240,valid,0,0.0004856116
6211,valid,0,0.00046506795
10009,valid,0,0.0001567335
6495,valid,0,1.8956998e-05
8736,valid,0,7.565963e-05
10853,valid,0,1.7095192e-05
5440,valid,0,0.0004856116
1040,valid,0,0.0013187189
525,valid,0,0.000119178265
8241,valid,0,1.4434716e-05
2714,valid,0,0.00012677166
3566,valid,0,0.0004612292
3054,valid,0,0.00014670803
3053,valid,0,1.4885462e-05
9573,valid,0,1.40242255e-05
8368,valid,0,0.0004612292
10239,valid,0,2.5394103e-05
8680,valid,0,0.00028219307
3933,valid,0,1.3784349e-05
6329,valid,0,2.1049922e-05
9336,valid,0,2.6335983e-05
5350,valid,0,2.6612475e-05
4975,valid,0,9.54386e-06
1129,valid,0,0.00094449386
10933,valid,0,1.3784364e-05
9374,valid,0,2.6752528e-05
1783,valid,0,0.0001567335
7124,valid,0,7.609035e-06
9770,valid,0,1.113859e-05
2074,valid,0,0.0003889323
373,valid,0,3.171367e-05
7078,valid,0,1.4434745e-05
1723,valid,0,0.00016801558
4813,valid,0,6.6586195e-05
8614,valid,0,0.0022376243
4802,valid,0,2.0995485e-05
4890,valid,0,2.0995485e-05
6193,valid,0,0.0004856116
5739,valid,0,0.00031814195
4580,valid,0,1.3784333e-05
1960,valid,0,0.0009821589
9771,valid,0,0.0038177753
6094,valid,1,0.038740266
1778,valid,0,0.038740266
4787,valid,0,1.443471e-05
10818,valid,0,1.3784327e-05
3749,valid,0,0.0029071516
2757,valid,0,6.6758344e-05
8507,valid,0,0.004200115
8496,valid,0,0.0007482756
807,valid,0,4.1630297e-05
7345,valid,0,4.1630174e-05
7546,valid,0,0.00049596373
6538,valid,0,6.658594e-05
7284,valid,0,8.1546656e-05
1999,valid,0,0.00014756357
4544,valid,0,0.0028238406
9255,valid,0,0.0006710723
1451,valid,0,3.3051114e-05
2083,valid,0,0.0004461138
10461,valid,0,5.9130398e-05
11009,valid,0,5.9130398e-05
3949,valid,0,0.006181266
10049,valid,0,0.0004461138
4768,valid,0,4.3594315e-05
8821,valid,0,0.0056735068
5458,valid,0,2.0300471e-05
10726,valid,0,2.8738836e-05
2837,valid,0,2.8738836e-05
1764,valid,0,4.4353015e-05
1118,valid,0,0.00042543188
11056,valid,0,4.3594388e-05
6484,valid,0,4.1630145e-05
10779,valid,0,6.0034858e-05
5953,valid,0,4.0641105e-05
6553,valid,0,0.0031265365
4125,valid,0,0.0023365181
9337,valid,0,0.004806139
6560,valid,0,0.00017708495
485,valid,0,0.0027713377
10763,valid,0,4.359429e-05
7474,valid,0,4.0641105e-05
9393,valid,0,0.020525409
3020,valid,0,5.6001794e-05
3751,valid,0,5.1925144e-05
5958,valid,0,4.0641058e-05
4113,valid,0,5.87735e-05
4237,valid,0,6.312101e-05
4597,valid,0,4.0641087e-05
1771,valid,0,0.0022098646
3110,valid,0,4.359447e-05
9757,valid,0,4.1378556e-05
5514,valid,0,0.0022098646
6905,valid,0,3.8377057e-05
6673,valid,0,3.791014e-05
10396,valid,0,2.2634644e-05
10728,valid,0,0.002672733
4801,valid,0,0.0020855062
3503,valid,0,0.0003935235
1098,valid,0,2.7239805e-05
940,valid,0,0.0010719915
5056,valid,0,4.0187788e-05
8826,valid,0,3.837701e-05
2851,valid,0,1.4554018e-05
785,valid,0,2.6876594e-05
1091,valid,0,3.9466257e-05
1150,valid,0,3.7910155e-05
1164,valid,0,0.0020855062
11008,valid,0,0.00019103658
4676,valid,0,3.8376944e-05
8263,valid,0,3.837701e-05
3033,valid,0,2.8525043e-05
10600,valid,0,4.018794e-05
10719,valid,0,0.0029726007
2842,valid,0,0.004910681
1963,valid,0,0.0012336615
5060,valid,0,0.0027747292
10162,valid,0,5.252665e-05
6346,valid,0,0.0015102267
11050,valid,0,2.5350484e-05
6555,valid,0,1.8222125e-05
7337,valid,0,2.5662723e-05
1829,valid,0,2.5662788e-05
7820,valid,0,2.368681e-05
3099,valid,0,2.368681e-05
1266,valid,0,2.6873595e-05
7327,valid,0,0.0015102267
1834,valid,0,7.191521e-05
2465,valid,0,0.00016019035
10734,valid,0,2.5662677e-05
8823,valid,0,2.535058e-05
10594,valid,0,3.6545454e-05
10782,valid,0,0.002630559
9380,valid,0,1.740113e-05
2766,valid,0,0.0015102267
6486,valid,0,0.0019133184
3944,valid,0,2.554822e-05
1827,valid,0,2.5111141e-05
8637,valid,0,0.0019913905
8903,valid,0,1.7027121e-05
6477,valid,0,2.5473217e-05
1269,valid,0,4.8214482e-05
489,valid,0,0.0014778256
1263,valid,0,0.0026004745
5351,valid,0,2.4325485e-05
2872,valid,0,6.866002e-05
8247,valid,0,3.8418755e-05
6511,valid,0,0.0001761428
6539,valid,0,2.474884e-05
700,valid,0,0.00032203188
9593,valid,0,0.0014316535
4404,valid,0,3.5347162e-05
10762,valid,0,2.6295924e-05
945,valid,0,2.5409756e-05
6222,valid,0,2.5473259e-05
3441,valid,0,3.4551525e-05
2663,valid,0,3.602906e-05
10145,valid,0,7.0163136e-05
431,valid,0,0.0028054297
6205,valid,0,0.00052187557
918,valid,0,3.233765e-05
5672,valid,0,0.00015764318
10242,valid,0,2.4325447e-05
7581,valid,0,2.6452704e-05
1157,valid,0,3.721661e-05
7035,valid,0,0.0003299799
9575,valid,0,1.7027123e-05
8490,valid,0,0.0003782462
6000,valid,0,0.0015754167
4120,valid,0,2.4325473e-05
1121,valid,0,0.0014316535
5736,valid,0,2.5539066e-05
8266,valid,0,0.0018722892
1428,valid,0,5.7522546e-05
4704,valid,0,5.7522546e-05
10769,valid,0,2.4325413e-05
4818,valid,0,2.1518917e-05
6158,valid,0,0.0013332166
1152,valid,0,2.4325427e-05
2075,valid,0,3.4692624e-05
6150,valid,0,0.0011311559
314,valid,0,0.0020136754
6446,valid,0,0.0018722892
4679,valid,0,0.0014316535
8390,valid,0,0.00217955
7318,valid,0,3.272336e-05
1537,valid,0,7.831286e-05
4018,valid,0,2.4325427e-05
8262,valid,0,2.4325413e-05
7102,valid,0,4.9935847e-05
3049,valid,0,0.0012621225
1264,valid,0,2.4325413e-05
2666,valid,0,4.9935847e-05
10475,valid,0,0.007145533
2938,valid,0,4.3572734e-05
6490,valid,0,2.4325427e-05
3918,valid,0,0.00038808575
1126,valid,0,0.0013332166
4783,valid,0,2.4325507e-05
8830,valid,0,6.716038e-05
6535,valid,0,5.0950184e-05
4700,valid,0,8.9889865e-05
9264,valid,0,0.00018694316
1845,valid,0,0.000106767584
9275,valid,0,0.00010072312
6904,valid,0,4.9949445e-05
2455,valid,0,0.0006852616
9155,valid,0,3.7216632e-05
4788,valid,0,7.094651e-05
9267,valid,0,0.0014316535
4794,valid,0,0.003948591
6192,valid,0,5.813199e-05
10165,valid,0,4.069668e-05
6548,valid,0,3.4551478e-05
7187,valid,0,0.0048499373
8246,valid,0,0.000103671235
10836,valid,0,4.9341892e-05
6201,valid,0,1.732342e-05
8489,valid,0,0.00048445308
5518,valid,0,0.00051233027
8679,valid,0,4.5672798e-05
10766,valid,0,4.3130298e-05
323,valid,0,4.3130298e-05
1751,valid,0,5.0078823e-05
6104,valid,0,2.3845803e-05
5079,valid,0,0.003180881
9768,valid,0,5.230623e-05
1271,valid,0,0.0004852571
6552,valid,0,0.0013321025
3632,valid,0,0.0041596578
4692,valid,0,4.9949685e-05
6182,valid,0,0.003548326
9352,valid,0,0.0087333685
4474,valid,0,0.0041596578
522,valid,0,0.00031719098
4798,valid,0,4.994947e-05
1148,valid,0,4.9949624e-05
4247,valid,0,3.616759e-05
7573,valid,0,5.0078805e-05
6534,valid,0,1.7027072e-05
793,valid,0,5.0818508e-05
10740,valid,0,7.7271136e-05
6692,valid,0,0.003948591
4124,valid,0,5.2306117e-05
7132,valid,0,3.9496274e-05
7356,valid,0,3.9496274e-05
3100,valid,0,4.5552562e-05
7748,valid,0,4.994953e-05
7087,valid,0,0.00033855624
10217,valid,0,5.2306616e-05
10831,valid,0,2.3141472e-05
1997,valid,0,2.4365398e-05
5345,valid,0,0.00024341933
5353,valid,0,2.478941e-05
5740,valid,0,2.4365381e-05
7342,valid,0,5.230603e-05
1996,valid,0,0.0007297844
56,valid,0,0.014113274
6341,valid,0,5.0078666e-05
5950,valid,0,0.0062911776
10346,valid,0,0.001260189
427,valid,0,6.970037e-05
4406,valid,0,0.0023936487
5077,valid,0,4.934157e-05
4472,valid,0,0.001846135
7079,valid,0,2.436539e-05
330,valid,0,7.279573e-05
6204,valid,0,0.00083736976
6188,valid,0,2.5374704e-05
9584,valid,0,0.009458578
2929,valid,0,4.994957e-05
6333,valid,0,2.4428451e-05
7583,valid,0,2.4389085e-05
3093,valid,0,0.0020663233
3686,valid,0,0.0006852616
8253,valid,0,0.004892678
9496,valid,0,0.0007718192
4233,valid,0,2.436539e-05
1250,valid,0,4.994938e-05
6381,valid,0,0.009384514
3112,valid,0,2.4347699e-05
5357,valid,0,0.012829475
487,valid,0,2.4647577e-05
5521,valid,0,2.436543e-05
911,valid,0,0.01160791
10942,valid,0,0.0018459667
1541,valid,0,7.050743e-05
9153,valid,0,0.00016509199
1847,valid,0,6.9700036e-05
8396,valid,0,5.466101e-05
905,valid,0,0.0055440273
3570,valid,0,2.4365367e-05
5746,valid,0,4.9949325e-05
6939,valid,0,2.4365367e-05
10927,valid,0,5.0865627e-05
10473,valid,0,4.994923e-05
1758,valid,0,0.0021753667
8249,valid,0,2.4647592e-05
2471,valid,0,2.4647592e-05
8477,valid,0,0.0041596578
10477,valid,0,4.994939e-05
2466,valid,0,0.0014805677
1682,valid,0,0.00050966174
9348,valid,0,2.436539e-05
1534,valid,0,0.0022423826
429,valid,0,0.0001550595
8491,valid,0,5.7931615e-05
5429,valid,0,0.0041596578
3039,valid,0,0.00010198375
7735,valid,0,0.011746757
8393,valid,0,2.4365416e-05
7811,valid,0,2.4975905e-05
3560,valid,0,2.4975905e-05
9586,valid,0,2.8332104e-05
7095,valid,0,2.4365385e-05
8862,valid,0,0.00078180636
9429,valid,0,1.0632402e-05
4577,valid,0,1.0632402e-05
7537,valid,0,0.0006515126
3438,valid,0,3.2528096e-05
1145,valid,0,2.2679927e-05
8798,valid,0,0.00015831683
4804,valid,0,3.3729317e-05
7239,valid,0,3.9004397e-05
9329,valid,0,1.5036308e-05
10739,valid,0,7.0121387e-06
9760,valid,0,2.2679944e-05
1052,valid,0,0.0045986245
4784,valid,0,2.3456776e-05
6684,valid,0,3.6867805e-05
9359,valid,0,3.6867805e-05
4122,valid,0,2.2942599e-05
2761,valid,0,3.5333418e-05
7350,valid,0,3.5333505e-05
10206,valid,0,2.4044864e-05
1044,valid,0,1.7125914e-05
385,valid,0,0.0008653164
2397,valid,0,0.0030207613
3028,valid,0,7.0121428e-06
1086,valid,0,7.0121373e-06
4529,valid,0,0.0016717368
1057,valid,0,3.492895e-05
8790,valid,0,0.002867155
9759,valid,0,0.00050854974
8817,valid,0,2.3009885e-05
2843,valid,0,0.00026134457
4602,valid,0,0.0024564976
3630,valid,0,2.2679948e-05
10460,valid,0,7.0121328e-06
9392,valid,0,2.2679938e-05
6451,valid,0,2.294259e-05
9494,valid,0,0.00021393361
8815,valid,0,3.4928893e-05
1550,valid,0,7.0121278e-06
4762,valid,0,7.0121337e-06
8486,valid,0,0.00022235233
7733,valid,0,0.0027113
6103,valid,0,2.2942595e-05
8678,valid,0,0.00034855524
6518,valid,0,0.00022278061
7248,valid,0,0.0027113
800,valid,0,3.4928893e-05
4245,valid,0,3.317442e-05
6342,valid,0,7.0933593e-06
6668,valid,0,2.2404009e-05
5680,valid,0,5.5739572e-05
3889,valid,0,2.871569e-05
4699,valid,0,2.871569e-05
8122,valid,0,0.00013727784
3080,valid,0,0.002531091
2658,valid,0,5.3110994e-05
10302,valid,0,7.0121346e-06
5745,valid,0,6.4813817e-06
6542,valid,0,0.0014419348
10721,valid,0,7.0933474e-06
7359,valid,0,6.407172e-06
6476,valid,0,7.3512906e-06
7361,valid,0,8.177029e-06
937,valid,0,2.9308333e-06
5944,valid,0,0.00014745451
8365,valid,0,0.00011164481
10231,valid,0,0.0016487235
6090,valid,0,5.7918965e-06
9775,valid,0,0.00017224807
1766,valid,0,6.119276e-06
7129,valid,0,3.1925494e-05
741,valid,0,1.3598703e-05
907,valid,0,1.3598703e-05
7471,valid,0,3.8403818e-05
418,valid,0,0.001734488
10806,valid,0,0.0016255329
1746,valid,0,8.947716e-06
8904,valid,0,0.0005245083
4552,valid,0,7.8420735e-06
5086,valid,0,1.4519843e-05
4480,valid,0,1.4471826e-05
6111,valid,0,0.0004709496
3087,valid,0,0.0004709496
9582,valid,0,5.7918983e-06
1449,valid,0,0.0004709496
3765,valid,0,8.776485e-06
9135,valid,0,5.8926976e-06
10939,valid,0,5.7918983e-06
2942,valid,0,6.087674e-06
5355,valid,0,5.791893e-06
1780,valid,0,5.791893e-06
8831,valid,0,0.00064522616
6569,valid,0,5.791895e-06
1538,valid,0,0.0008248177
9152,valid,0,0.0004709496
3044,valid,0,0.0023577067
6183,valid,0,5.7918965e-06
2669,valid,0,5.791898e-06
4007,valid,0,5.791895e-06
11007,valid,0,0.0007680999
5302,valid,0,0.00021108736
7579,valid,0,6.014616e-06
1545,valid,0,1.4639439e-05
8277,valid,0,5.791895e-06
9773,valid,0,5.791893e-06
6166,valid,0,5.7918983e-06
5945,valid,0,5.89845e-06
1099,valid,0,5.8589762e-06
7291,valid,0,0.0001746634
5063,valid,0,0.0004709496
9442,valid,0,8.066923e-06
10474,valid,0,0.0004709496
6374,valid,0,5.858977e-06
6108,valid,0,6.8779673e-06
10750,valid,0,5.791893e-06
419,valid,0,1.4471828e-05
7319,valid,0,6.7540795e-06
3923,valid,0,9.724495e-06
1047,valid,0,6.1008894e-05
4030,valid,0,5.791892e-06
10742,valid,0,2.9905293e-06
6689,valid,0,5.7918983e-06
4810,valid,0,7.8420735e-06
9438,valid,0,0.00019430756
2680,valid,0,5.791895e-06
5438,valid,0,5.791893e-06
8917,valid,0,5.7918965e-06
1116,valid,0,5.9370345e-06
10936,valid,0,5.8926953e-06
2882,valid,0,7.165451e-05
3076,valid,0,5.2521744e-05
8242,valid,0,2.4006078e-05
3046,valid,0,9.966668e-06
7539,valid,0,1.6097696e-05
3634,valid,0,0.0006340614
6912,valid,0,5.791898e-06
808,valid,0,5.791893e-06
6674,valid,0,5.7918983e-06
10767,valid,0,0.0008282608
5072,valid,0,5.791898e-06
7038,valid,0,0.00015245494
3019,valid,0,0.0004709496
7738,valid,0,0.0016103006
8728,valid,0,0.0004517112
7328,valid,0,5.8589744e-06
1685,valid,0,5.8589744e-06
1255,valid,0,5.791889e-06
9437,valid,0,9.539891e-06
10310,valid,0,5.8926976e-06
4025,valid,0,8.947713e-06
7744,valid,0,5.7918983e-06
6208,valid,0,5.791893e-06
1054,valid,0,5.791895e-06
6634,valid,0,2.4276096e-05
3641,valid,0,1.4091974e-05
7524,valid,0,0.00014171339
4550,valid,0,0.0004517112
6923,valid,0,5.7919024e-06
5957,valid,0,5.7919033e-06
7737,valid,0,5.7919037e-06
3102,valid,0,7.842072e-06
1841,valid,0,8.328456e-06
377,valid,0,1.7850514e-05
4827,valid,0,1.7850514e-05
10199,valid,0,3.1673295e-05
8737,valid,0,2.9504624e-06
4760,valid,0,0.0004709496
10851,valid,0,5.8829104e-05
3068,valid,0,5.8829104e-05
6152,valid,0,5.791898e-06
6472,valid,0,5.892696e-06
11052,valid,0,5.791893e-06
1844,valid,0,0.00014745451
9338,valid,0,5.7919037e-06
10781,valid,0,0.00077775744
1779,valid,0,5.791893e-06
9144,valid,0,5.7918915e-06
10052,valid,0,7.026294e-05
2945,valid,0,5.791898e-06
7742,valid,0,2.0398915e-05
9141,valid,0,5.791905e-06
2681,valid,0,1.9354431e-05
6274,valid,0,9.398413e-06
7082,valid,0,5.8589744e-06
7358,valid,0,0.00015245494
6184,valid,0,5.791893e-06
6102,valid,0,5.791893e-06
6479,valid,0,5.791893e-06
10303,valid,0,6.135134e-06
9767,valid,0,0.0009262957
4600,valid,0,5.8589717e-06
10227,valid,0,3.9983097e-06
7034,valid,0,0.0006940266
1163,valid,0,8.499494e-06
10459,valid,0,0.0013447179
8870,valid,0,8.48805e-06
9136,valid,0,4.806281e-06
10932,valid,0,9.057212e-06
1776,valid,0,2.2917695e-05
6225,valid,0,1.1003781e-05
10811,valid,0,9.484589e-06
4130,valid,0,2.3274966e-05
4453,valid,0,0.0031798985
6925,valid,0,2.5225105e-05
6693,valid,0,8.499491e-06
7746,valid,0,9.308205e-06
6107,valid,0,9.057212e-06
8899,valid,0,8.499485e-06
297,valid,0,8.597939e-06
10313,valid,0,0.00018896024
4126,valid,0,9.574593e-06
6686,valid,0,1.1061818e-05
6462,valid,0,6.412014e-06
8624,valid,0,6.412014e-06
1419,valid,0,0.0025729255
310,valid,0,1.8669509e-05
7468,valid,0,3.9043298e-05
8796,valid,0,3.2151973e-05
3056,valid,0,8.499488e-06
6191,valid,0,1.922501e-05
1556,valid,0,9.162138e-06
2390,valid,0,2.2432801e-05
10752,valid,0,0.00073626655
1987,valid,0,1.0403518e-05
4814,valid,0,9.284166e-06
11047,valid,0,3.0236322e-05
1532,valid,0,1.6136528e-05
7570,valid,0,0.0006909607
5097,valid,0,9.057235e-06
9552,valid,0,0.00025563713
9430,valid,0,6.584101e-06
10464,valid,0,6.584101e-06
9332,valid,0,2.7954151e-05
9278,valid,0,4.3710324e-06
9381,valid,0,0.0011440438
6018,valid,0,0.00025575462
10584,valid,0,9.057212e-06
6631,valid,0,2.291769e-05
4773,valid,0,2.291769e-05
7322,valid,0,9.996639e-05
4705,valid,0,1.100379e-05
6119,valid,0,0.0012808441
7282,valid,0,1.5721922e-05
5103,valid,0,9.0572175e-06
6677,valid,0,9.05722e-06
6220,valid,0,4.7652855e-05
4017,valid,0,1.6141805e-05
8824,valid,0,8.499488e-06
8265,valid,0,8.499485e-06
4824,valid,0,9.05722e-06
2457,valid,0,7.101113e-06
1535,valid,0,8.499485e-06
1962,valid,0,0.00011177448
4685,valid,0,0.00011177448
3571,valid,0,0.00028694313
1576,valid,0,0.00020516072
10587,valid,0,8.499484e-06
6540,valid,0,0.001438049
8492,valid,0,8.660065e-06
4028,valid,0,8.660065e-06
4095,valid,0,0.0017938802
10468,valid,0,8.499484e-06
4596,valid,0,5.8619284e-05
3504,valid,0,5.4592983e-05
5078,valid,0,2.5225072e-05
10998,valid,0,1.3872805e-05
10717,valid,0,1.8499082e-05
422,valid,0,7.9307836e-05
7664,valid,0,0.0011440438
1438,valid,0,1.2190254e-05
4026,valid,0,1.2190254e-05
9432,valid,0,0.00031251562
3896,valid,0,0.0015231842
4019,valid,0,8.499484e-06
4594,valid,0,8.499494e-06
10735,valid,0,8.499488e-06
7321,valid,0,8.499485e-06
4687,valid,0,8.647423e-06
10837,valid,0,3.1118878e-05
6164,valid,0,8.499502e-06
7093,valid,0,0.0010620984
10457,valid,0,1.1508069e-05
5436,valid,0,1.7732522e-05
3448,valid,0,2.5225072e-05
6171,valid,0,8.597942e-06
7390,valid,0,0.010646101
1549,valid,0,8.499494e-06
4823,valid,0,8.709382e-06
2774,valid,0,8.499484e-06
5423,valid,0,8.499483e-06
6373,valid,0,1.2190259e-05
9349,valid,0,8.499484e-06
1120,valid,0,8.499484e-06
2764,valid,0,0.0006909607
1043,valid,0,8.499484e-06
10760,valid,0,0.00071184523
4586,valid,0,0.0004587062
6323,valid,0,8.49949e-06
3575,valid,0,0.00087634707
7086,valid,0,8.75654e-06
8259,valid,0,8.597935e-06
7183,valid,0,2.1992215e-05
3648,valid,0,2.1992215e-05
3108,valid,0,1.3133997e-05
7092,valid,0,1.9529243e-05
4012,valid,0,0.00020786953
3090,valid,0,1.4350081e-05
4780,valid,0,8.499483e-06
4117,valid,0,6.7028945e-05
6516,valid,0,8.809467e-05
9274,valid,0,0.0013636007
8461,valid,0,0.0019182562
4023,valid,0,9.566359e-06
6478,valid,0,1.3527615e-05
2767,valid,0,2.3925559e-05
10469,valid,0,6.472053e-05
1108,valid,0,1.1094342e-05
6021,valid,0,0.00024173623
6088,valid,0,7.063308e-06
9562,valid,0,7.063308e-06
6910,valid,0,0.0007786406
1726,valid,0,1.4520407e-05
1769,valid,0,9.175537e-06
515,valid,0,1.2901781e-05
6454,valid,0,0.0009973533
3037,valid,0,1.3134025e-05
4587,valid,0,0.0029767894
6262,valid,0,0.001928623
6467,valid,0,8.756536e-06
312,valid,0,0.0007329198
8630,valid,0,1.0572521e-05
4799,valid,0,9.17554e-06
3767,valid,0,0.00016466739
4889,valid,0,3.0959236e-06
2844,valid,0,3.0959216e-06
4584,valid,0,8.477478e-06
3021,valid,0,0.0009608645
926,valid,0,9.175529e-06
9756,valid,0,0.000118313714
5406,valid,0,0.000118313714
1262,valid,0,0.00071184523
9376,valid,0,1.006621e-05
7287,valid,0,0.002416681
3079,valid,0,1.3133986e-05
3932,valid,0,9.528845e-06
9341,valid,0,9.950949e-06
4483,valid,0,9.175529e-06
10776,valid,0,8.756538e-06
6263,valid,0,0.0022759652
4106,valid,0,8.477482e-06
8740,valid,0,7.505069e-05
2225,valid,0,5.263164e-05
6927,valid,0,9.175543e-06
10730,valid,0,2.2246906e-05
1113,valid,0,1.3134016e-05
10808,valid,0,1.4251283e-05
6933,valid,0,1.4174948e-05
7236,valid,0,2.4100193e-05
6128,valid,0,0.0005609055
6025,valid,0,0.0019662755
7577,valid,0,8.575666e-06
5441,valid,0,2.5159723e-05
294,valid,0,8.477483e-06
8261,valid,0,8.575666e-06
4680,valid,0,8.477477e-06
3043,valid,0,0.01108038
5511,valid,0,8.4774965e-06
10751,valid,0,0.0022054715
7339,valid,0,0.00074666156
3040,valid,0,1.3836885e-05
8611,valid,0,0.0001191439
10403,valid,0,0.00012536855
3018,valid,0,4.222052e-05
4127,valid,0,2.1952706e-05
8132,valid,0,1.7518509e-05
3032,valid,0,1.3351637e-05
1155,valid,0,8.477494e-06
6556,valid,0,1.0984465e-05
8908,valid,0,2.1952706e-05
5139,valid,0,0.002025073
2940,valid,0,2.0957754e-05
794,valid,0,8.575679e-06
6502,valid,0,0.0019257193
2585,valid,0,8.53242e-06
7323,valid,0,8.30234e-06
6190,valid,0,0.0007045858
10727,valid,0,1.1241144e-05
10819,valid,0,8.877486e-06
7582,valid,0,8.477485e-06
10348,valid,0,1.7089425e-05
6173,valid,0,8.302354e-06
8910,valid,0,8.477496e-06
9516,valid,0,0.0009030911
7033,valid,0,0.0007244974
6224,valid,0,1.591512e-05
5425,valid,0,2.0837866e-05
10754,valid,0,0.0007045858
7243,valid,0,2.2760292e-05
10038,valid,0,0.00017667198
6203,valid,0,1.6146594e-05
7574,valid,0,1.2826013e-05
9372,valid,0,1.8568693e-05
6447,valid,0,2.1516287e-05
4419,valid,0,1.2372499e-05
8822,valid,0,8.3023415e-06
8469,valid,0,8.771666e-06
5432,valid,0,8.302361e-06
10934,valid,0,2.1516293e-05
8828,valid,0,0.0007045858
8859,valid,0,0.00017667198
2684,valid,0,8.6856735e-06
305,valid,0,1.1907472e-05
8808,valid,0,8.721907e-06
10305,valid,0,8.721907e-06
10467,valid,0,8.718963e-05
428,valid,0,1.564031e-05
433,valid,0,8.302349e-06
1122,valid,0,1.0069422e-05
5832,valid,0,1.0955118e-05
8402,valid,0,1.0212358e-05
7126,valid,0,0.0016280516
10813,valid,0,0.002556761
4450,valid,0,4.3362766e-06
9492,valid,0,4.3362747e-06
9353,valid,0,0.0024654751
7355,valid,0,1.1241147e-05
1830,valid,0,0.00092686614
10471,valid,0,8.771629e-06
2711,valid,0,0.0013138666
9487,valid,0,3.086947e-05
10035,valid,0,0.0017501577
5301,valid,0,0.0025469505
8459,valid,0,0.0013571307
8866,valid,0,0.00021303518
9580,valid,0,0.0008640791
6110,valid,0,9.871518e-06
9592,valid,0,1.3633692e-05
10824,valid,0,2.116109e-05
1756,valid,0,9.871527e-06
2674,valid,0,8.302349e-06
920,valid,0,9.8715245e-06
5742,valid,0,0.0008640791
293,valid,0,9.4631005e-06
7096,valid,0,2.01827e-05
492,valid,0,0.00333791
10924,valid,0,9.422959e-06
2214,valid,0,9.549904e-05
9356,valid,0,0.0006814414
1146,valid,0,8.723819e-06
313,valid,0,8.824858e-06
4789,valid,0,1.9690127e-05
7734,valid,0,2.4664212e-05
10307,valid,0,0.0015407564
9385,valid,0,9.897048e-06
6559,valid,0,1.9610601e-05
5346,valid,0,1.607671e-05
6568,valid,0,8.723823e-06
10731,valid,0,1.1907487e-05
8625,valid,0,1.7657383e-05
934,valid,0,1.7657383e-05
1452,valid,0,9.548511e-06
4595,valid,0,9.548511e-06
7341,valid,0,8.302352e-06
4013,valid,0,0.001983862
8250,valid,0,1.2558928e-05
9764,valid,0,8.7238295e-06
10299,valid,0,0.0011288036
8278,valid,0,8.723829e-06
2671,valid,0,1.3117396e-05
7740,valid,0,9.449014e-06
3511,valid,0,0.0012218463
4118,valid,0,8.723827e-06
3951,valid,0,7.574292e-05
4541,valid,0,7.574292e-05
6680,valid,0,0.00094341545
1096,valid,0,0.0009797041
1883,valid,0,1.4892868e-05
6463,valid,0,8.8248535e-06
3107,valid,0,7.756716e-05
10996,valid,0,0.0013853421
5424,valid,0,0.00092686614
4470,valid,0,0.00075178104
1110,valid,0,0.0007494612
3437,valid,0,1.1211127e-05
784,valid,0,1.4979473e-05
1843,valid,0,1.0801737e-05
3647,valid,0,2.2267963e-05
3077,valid,0,9.315092e-06
4090,valid,0,0.0010664037
4777,valid,0,9.871518e-06
1453,valid,0,2.0281757e-05
4234,valid,0,9.55845e-06
7576,valid,0,1.10827905e-05
2454,valid,2,0.02163855
2205,valid,2,0.0019419352
517,valid,2,0.015390968
2446,valid,2,0.008389884
514,valid,2,0.0059881276
10340,valid,2,0.013230594
2195,valid,2,0.03165543
8102,valid,2,0.0056629293
2452,valid,2,0.0041752798
708,valid,2,0.0023891083
2724,valid,2,0.032006487
710,valid,2,0.017036177
10203,valid,2,0.10958681
4438,valid,2,0.03540026
2706,valid,2,0.0048665083
4452,valid,2,0.014493729
2453,valid,2,0.030677777
6115,valid,2,0.008270059
6114,valid,2,0.02379577
10202,valid,2,0.00621221
10342,valid,2,0.014077144
6123,valid,2,0.0077400054
8111,valid,2,0.008036148
711,valid,2,0.006802317
528,valid,2,0.0122235315
6121,valid,2,0.028443314
4437,valid,2,0.00394905
10194,valid,2,0.0008589582
8109,valid,2,0.0037976352
709,valid,2,0.011444131
10204,valid,0,0.0020557384
2715,valid,2,0.0046052006
8096,valid,0,0.0003181751
7454,valid,2,0.011596924
10207,valid,0,0.000381688
2718,valid,2,0.014916568
10339,valid,0,0.0013357535
2197,valid,2,0.024845526
7451,valid,2,0.01274845
2722,valid,2,0.031102164
10209,valid,0,0.009043681
527,valid,2,0.018825877
8106,valid,2,0.0035125338
2445,valid,0,0.00036440982
10338,valid,2,0.002514247
2712,valid,2,0.041557226
2719,valid,2,0.017681831
2201,valid,2,0.048154008
707,valid,2,0.0057631256
10195,valid,2,0.064608045
6122,valid,2,0.022453142
2189,valid,2,0.052255172
10344,valid,0,0.0020557384
8095,valid,0,0.0013357535
8800,valid,2,0.036731295
3750,valid,2,0.03435034
7067,valid,0,0.0019558235
8799,valid,2,0.019225737
4984,valid,2,0.006045224
5412,valid,2,0.0038592694
4401,valid,2,0.006127444
5535,valid,2,0.018217696
4417,valid,2,0.08726603
3766,valid,2,0.0094516575
5416,valid,2,0.02187618
4981,valid,2,0.004853837
7074,valid,2,0.017896412
5534,valid,2,0.007034161
8623,valid,2,0.07865009
4978,valid,2,0.084102735
9373,valid,1,0.13858737
5409,valid,2,0.01602616
7066,valid,2,0.0034145042
3903,valid,2,0.0324386
7120,valid,2,0.15636164
7075,valid,2,0.05867951
8632,valid,2,0.009072084
4412,valid,2,0.056752466
3902,valid,0,0.0013357535
3756,valid,2,0.06723948
8797,valid,2,0.015804878
8631,valid,2,0.01602616
8483,valid,0,0.0005545897
4413,valid,2,0.0045623677
5413,valid,2,0.0033548905
8499,valid,2,0.003141287
8498,valid,0,0.00089556194
4414,valid,2,0.013743754
4411,valid,2,0.013989213
8805,valid,2,0.008071914
3900,valid,2,0.014638866
5358,valid,1,0.15623389
3755,valid,2,0.016903207
3758,valid,0,0.0019972855
8804,valid,2,0.0028977965
8634,valid,2,0.0054148287
8803,valid,2,0.00976135
3763,valid,2,0.008831939
4985,valid,2,0.02895358
4409,valid,2,0.03134707
351,valid,2,0.01384919
370,valid,2,0.003427393
2241,valid,2,0.04649514
10656,valid,2,0.020056149
2234,valid,2,0.0056629293
2067,valid,2,0.009403495
7640,valid,2,0.1839712
571,valid,2,0.1445852
154,valid,2,0.032006487
566,valid,2,0.033994686
10087,valid,1,0.27461177
8181,valid,2,0.0021227289
6757,valid,2,0.0051501496
2233,valid,2,0.018410483
577,valid,2,0.0033192767
2232,valid,2,0.012748632
6761,valid,2,0.006395257
2246,valid,2,0.0039327596
369,valid,0,0.00030358147
10666,valid,2,0.3587534
1496,valid,2,0.010164021
565,valid,2,0.10478534
1495,valid,2,0.015335628
3322,valid,1,0.38089368
1497,valid,0,0.0009922633
2239,valid,2,0.041026
354,valid,2,0.029444495
1499,valid,2,0.012804133
2236,valid,0,0.00028486137
150,valid,2,0.015120329
8182,valid,2,0.0030853646
8175,valid,0,0.0013357535
8176,valid,2,0.010164021
362,valid,2,0.030599162
145,valid,0,0.0059256125
2063,valid,2,0.019167539
141,valid,0,0.004072145
2245,valid,0,0.0021265266
1318,valid,0,0.0013336363
1508,valid,0,0.0013357535
7642,valid,0,0.0019935085
575,valid,0,0.0003951088
8177,valid,2,0.006876135
1348,valid,2,0.0042887717
3013,valid,2,0.015135327
1186,valid,2,0.03126156
3014,valid,2,0.0031375878
8375,valid,2,0.0455803
3597,valid,2,0.026643302
1358,valid,2,0.022967294
1676,valid,2,0.006961991
8224,valid,2,0.008277714
3602,valid,2,0.023033561
223,valid,1,0.17303117
7985,valid,2,0.0125652775
1359,valid,2,0.016158232
5762,valid,2,0.0018546659
1669,valid,2,0.0067856
9100,valid,2,0.058520496
7986,valid,2,0.017652433
9109,valid,2,0.0017363867
9104,valid,2,0.0015861368
7265,valid,1,0.13021716
3000,valid,2,0.0045873206
1674,valid,2,0.19059138
1660,valid,2,0.0012905668
1352,valid,2,0.06516635
3592,valid,0,0.00011520904
3601,valid,2,0.018900005
8655,valid,2,0.005852644
8645,valid,2,0.0022264589
8644,valid,2,0.036788788
8370,valid,0,0.00054560805
1180,valid,2,0.005010179
3009,valid,2,0.04464634
7997,valid,2,0.0031375878
3593,valid,2,0.047637228
8652,valid,2,0.0061125443
1181,valid,2,0.023122951
8233,valid,2,0.014554719
5761,valid,2,0.030599784
1191,valid,0,0.0059256125
3591,valid,2,0.010243549
1351,valid,2,0.011316144
1190,valid,2,0.0035783246
7998,valid,2,0.004477865
9105,valid,2,0.028306434
8647,valid,2,0.09564509
5765,valid,2,0.050681137
7981,valid,2,0.008851714
7979,valid,2,0.0071130106
8385,valid,2,0.041404884
3003,valid,2,0.04374068
5763,valid,0,0.0021841463
9440,valid,2,0.011641969
7036,valid,2,0.064740054
9439,valid,2,0.004022878
11000,valid,2,0.030931147
5822,valid,2,0.012085323
1688,valid,2,0.00458729
7055,valid,2,0.025231428
11016,valid,2,0.0016079993
11012,valid,2,0.027611904
3905,valid,2,0.004012077
1690,valid,2,0.0018546659
7037,valid,2,0.032440986
7043,valid,2,0.011162796
9357,valid,2,0.005456611
6269,valid,2,0.09775137
11001,valid,2,0.011965734
3907,valid,2,0.20656914
3917,valid,2,0.0023891109
6273,valid,2,0.010065256
2643,valid,2,0.020349761
2642,valid,2,0.007406089
10774,valid,1,0.11155795
7040,valid,2,0.015335628
9441,valid,2,0.011478982
6267,valid,0,0.0020557384
3376,valid,2,0.011065531
3363,valid,2,0.08560152
2662,valid,2,0.09679634
10604,valid,1,0.17953725
9368,valid,0,0.0054963054
7044,valid,2,0.02897897
5823,valid,2,0.014939578
3904,valid,2,0.014820096
9256,valid,2,0.023984319
3913,valid,0,0.006642807
7054,valid,0,0.0013357535
1686,valid,2,0.034264434
6271,valid,2,0.2825386
7491,valid,0,0.0001926935
3371,valid,0,0.0001926935
11015,valid,2,0.024340805
9367,valid,2,0.053959824
9254,valid,2,0.40229163
9248,valid,2,0.038186934
11002,valid,2,0.008444806
9431,valid,2,0.024174426
2209,valid,2,0.0121305
4876,valid,2,0.0016070468
3050,valid,1,0.09139754
10160,valid,2,0.014039766
5501,valid,2,0.0035047978
4869,valid,2,0.005803798
1450,valid,2,0.008848622
8666,valid,2,0.012916327
10161,valid,2,0.003446003
8667,valid,2,0.104459964
2223,valid,2,0.0075351615
2222,valid,2,0.019474631
7196,valid,2,0.08028698
7329,valid,1,0.8249933
4870,valid,2,0.011755301
5498,valid,2,0.0023891109
7191,valid,2,0.025135878
939,valid,2,0.004423676
4877,valid,2,0.18818122
10167,valid,2,0.013230594
1440,valid,2,0.01602614
4873,valid,2,0.045714874
5506,valid,2,0.022596855
8676,valid,2,0.24851383
8669,valid,2,0.024828551
943,valid,2,0.043785777
2388,valid,2,0.025883896
4872,valid,2,0.0010792766
1733,valid,1,0.01694503
4871,valid,2,0.00939352
5508,valid,2,0.27052814
2392,valid,2,0.008062769
5495,valid,0,0.015783878
1454,valid,2,0.030599162
5491,valid,2,0.045714874
5503,valid,0,0.00033906498
8675,valid,2,0.071819395
6507,valid,2,0.008958009
2213,valid,0,0.0039109257
1444,valid,0,0.0024742186
2217,valid,2,0.0066372543
7192,valid,2,0.04969377
10163,valid,2,0.006120006
8668,valid,2,0.03796266
9484,valid,2,0.033787392
7197,valid,2,0.075120166
942,valid,2,0.03028113
2206,valid,0,0.00038175136
1426,valid,2,0.043690708
5684,valid,2,0.48923415
8731,valid,2,0.030741904
1965,valid,2,0.0045623677
7533,valid,2,0.051653594
7544,valid,2,0.003446003
7289,valid,2,0.0018546836
9522,valid,2,0.01261945
6155,valid,1,0.22428538
1422,valid,2,0.0555337
1431,valid,2,0.010386717
9517,valid,2,0.026754493
9521,valid,2,0.0057967217
3073,valid,2,0.008743156
2257,valid,2,0.027340239
1427,valid,2,0.024925195
1964,valid,2,0.016325617
2247,valid,2,0.0057967217
1957,valid,2,0.31804532
1138,valid,2,0.019376429
8738,valid,2,0.003972453
5678,valid,2,0.0076843738
8743,valid,2,0.002452278
3060,valid,2,0.00053847925
8726,valid,2,0.00074055966
1959,valid,2,0.0025088645
7285,valid,2,0.016774565
3072,valid,2,0.03119269
7541,valid,2,0.053413805
1949,valid,2,0.0050365697
1416,valid,2,0.0134769855
8733,valid,2,0.0046393895
1432,valid,2,0.048897795
1420,valid,0,0.0012222726
1141,valid,2,0.0052821618
1950,valid,0,0.0019558235
7545,valid,2,0.00394905
1878,valid,2,0.0018546836
8734,valid,2,0.0032424196
1424,valid,0,0.00039367244
7532,valid,2,0.004022878
7586,valid,1,0.14972408
1433,valid,2,0.0018349757
1888,valid,0,0.00038175136
5687,valid,2,0.011021775
5682,valid,2,0.0053081103
1955,valid,2,0.0007484302
5675,valid,2,0.043366477
3061,valid,2,0.05783299
1136,valid,2,0.015434261
9526,valid,0,0.0013357535
5669,valid,0,0.00048506813
2250,valid,0,0.0019935085
1434,valid,2,0.009812836
3071,valid,2,0.0030853443
9456,valid,2,0.041810766
3359,valid,2,0.0011217986
10118,valid,2,0.1229021
9451,valid,2,0.004022873
3967,valid,2,0.022150222
3974,valid,2,0.0059472276
4507,valid,2,0.045912825
3586,valid,2,0.008638891
5869,valid,2,0.030472314
3953,valid,2,0.0067856
9450,valid,2,0.02531114
4712,valid,2,0.013310211
3351,valid,2,0.003441067
872,valid,2,0.06332984
3961,valid,2,0.06364565
10125,valid,2,0.008970286
4710,valid,2,0.0041594855
4199,valid,2,0.00068047515
10117,valid,2,0.0031311486
2182,valid,2,0.006269488
3962,valid,2,0.0021868655
3356,valid,2,0.020297589
3975,valid,2,0.018317647
3959,valid,2,0.0048539126
4717,valid,2,0.008375088
5866,valid,2,0.030414667
4711,valid,2,0.0046052006
10121,valid,2,0.044177704
3352,valid,2,0.020318521
3588,valid,2,0.03218042
870,valid,2,0.048210666
4520,valid,2,0.0030899353
873,valid,2,0.005771089
10129,valid,2,0.089869425
4718,valid,2,0.040768754
10130,valid,2,0.01436644
4709,valid,2,0.0042894846
3968,valid,2,0.02696143
4713,valid,0,0.0006005379
3343,valid,2,0.07313346
2178,valid,2,0.061933972
861,valid,2,0.01991414
3970,valid,2,0.013743754
4195,valid,2,0.036731295
9446,valid,2,0.022776762
3357,valid,2,0.14466463
5873,valid,2,0.03461946
3973,valid,2,0.005153567
3972,valid,0,0.0021612216
874,valid,2,0.0007092374
10120,valid,2,0.0046052006
5875,valid,2,0.009925817
9449,valid,2,0.0552813
9455,valid,2,0.017382275
3349,valid,2,0.033886313
4206,valid,2,0.0041043134
4498,valid,2,0.0065787747
4497,valid,2,0.0016262904
10787,valid,2,0.027616458
684,valid,2,0.00621221
2433,valid,2,0.0060388097
279,valid,1,0.2119029
5545,valid,1,0.24982749
5485,valid,2,0.0029054917
5477,valid,2,0.20244226
680,valid,2,0.05880155
2291,valid,2,0.035394955
10538,valid,2,0.038095515
4503,valid,2,0.0052821618
10535,valid,2,0.011009832
1476,valid,2,0.0056375354
10788,valid,2,0.013524234
5488,valid,2,0.0030853443
10524,valid,2,0.0041692145
5481,valid,2,0.16828614
5794,valid,0,0.0019113686
5479,valid,2,0.007752829
4500,valid,2,0.040228173
10285,valid,2,0.015758865
5480,valid,2,0.1544967
1480,valid,2,0.045671806
10283,valid,2,0.01473863
10516,valid,2,0.033886313
5789,valid,2,0.00463966
10294,valid,0,0.00031290445
1477,valid,2,0.0077724415
5486,valid,2,0.01661776
683,valid,2,0.5186853
10536,valid,2,0.09432385
2740,valid,0,0.0013357535
2290,valid,2,0.028645713
4499,valid,2,0.031410962
10795,valid,0,0.00043193574
5787,valid,2,0.056051567
695,valid,2,0.010844301
10282,valid,2,0.07895907
5199,valid,0,0.00094787765
10286,valid,0,0.000279724
9240,valid,0,0.001322932
6237,valid,0,0.0013771197
10330,valid,0,0.0008113102
10913,valid,0,7.026294e-05
5324,valid,0,7.026294e-05
9729,valid,0,0.0007194415
191,valid,0,0.0013028514
5570,valid,0,0.010687111
6739,valid,0,0.023585707
9616,valid,0,0.00017318736
5167,valid,0,0.021642225
10529,valid,0,0.0006389265
5596,valid,0,0.00014868882
2739,valid,0,0.0020636488
1371,valid,0,4.3351713e-05
10707,valid,0,0.0007045858
2058,valid,0,0.00029054825
6840,valid,0,0.00060603884
622,valid,0,0.00012461656
8719,valid,0,0.00028493712
1232,valid,0,0.002673876
95,valid,0,4.0557316e-06
7217,valid,0,0.00043812607
2265,valid,0,0.0026716886
5974,valid,0,0.003046023
2123,valid,0,0.001964604
6233,valid,0,0.0045815995
10797,valid,0,0.011469901
8703,valid,0,0.028549371
7873,valid,0,2.2133698e-05
1599,valid,0,0.001927448
8561,valid,0,0.0010126905
9849,valid,0,0.0013539895
9316,valid,0,0.0024077953
1617,valid,0,0.0009194757
9318,valid,0,0.0019981174
10642,valid,0,0.0008740953
7414,valid,0,0.0029535363
8875,valid,0,0.0007759184
5547,valid,0,0.00086835877
8699,valid,0,0.0010012336
8714,valid,0,0.0007430052
10710,valid,0,0.0015657198
4259,valid,0,0.0026696585
3489,valid,0,0.0010015784
2010,valid,0,0.000702709
3529,valid,0,2.590667e-05
8,valid,0,0.00052447105
2169,valid,0,0.0005027264
247,valid,0,0.0054230373
3658,valid,0,3.808224e-05
3120,valid,0,0.00261476
2007,valid,0,0.0020873148
4042,valid,0,0.0021189593
2057,valid,0,0.0059008305
3541,valid,0,0.019064248
7272,valid,0,0.0024189923
5185,valid,0,0.0020558652
8760,valid,0,0.0011121054
5269,valid,0,0.0058187107
2747,valid,0,0.0028033308
7222,valid,0,0.0069281883
3484,valid,0,0.0008700949
2913,valid,0,0.008835766
9808,valid,0,0.0006517081
9733,valid,0,0.0025314945
1197,valid,0,3.0209021e-05
2262,valid,0,8.830972e-06
9042,valid,0,0.00250175
8525,valid,0,1.7469647e-05
5965,valid,0,0.0006044768
9218,valid,0,3.26571e-05
5803,valid,0,3.0209021e-05
7367,valid,0,3.0209021e-05
9530,valid,0,0.015328849
112,valid,0,0.0022294691
7922,valid,0,0.018635672
3235,valid,0,0.0054292507
7001,valid,0,0.0010501447
9059,valid,0,0.0012267483
6709,valid,0,0.0033182583
1523,valid,0,0.0017676998
8931,valid,0,1.6198026e-05
818,valid,0,1.8799492e-05
6033,valid,0,1.2460648e-05
2009,valid,0,0.0054701203
6582,valid,0,0.00013056438
2097,valid,0,9.176435e-06
3605,valid,0,5.9600527e-05
9229,valid,0,0.0024341363
9734,valid,0,0.0014316535
1235,valid,0,4.199602e-05
3195,valid,0,0.0039518904
1393,valid,0,0.0008955494
1628,valid,0,0.0008955494
9841,valid,0,0.00074500334
4619,valid,0,0.0004709496
1527,valid,0,0.00017387605
1385,valid,0,0.00026903377
10190,valid,0,0.0018828405
7899,valid,0,0.0011320906
3793,valid,0,0.014253793
10539,valid,0,0.0001680039
3216,valid,0,6.08547e-05
6975,valid,0,0.00015919845
7855,valid,0,0.0006909607
839,valid,0,0.0006909607
1659,valid,0,0.00082642835
2125,valid,0,8.925739e-06
9067,valid,0,0.00022738393
10554,valid,0,0.00032203953
10652,valid,0,0.00089894637
8228,valid,0,0.016799714
2887,valid,0,0.00030112665
1236,valid,0,0.0013498474
9830,valid,0,0.00081261666
631,valid,0,0.00011288972
3016,valid,0,0.00026816124
8653,valid,0,0.00062430784
3137,valid,0,0.0006632086
9884,valid,0,0.00046390397
7706,valid,0,1.1660273e-05
9048,valid,0,0.00018854227
8055,valid,0,0.00039062905
10361,valid,0,0.079038315
6235,valid,0,0.0012145032
3796,valid,0,0.023562487
8017,valid,0,2.585741e-05
9599,valid,0,0.0027766584
6082,valid,0,0.01956908
5541,valid,0,0.0025631338
634,valid,0,0.0025396824
2124,valid,0,0.0083142165
9891,valid,0,2.1114753e-05
8640,valid,0,0.0019227294
10323,valid,0,0.0007157618
2485,valid,0,0.00013944734
5693,valid,0,1.2658081e-05
4189,valid,0,0.0028776128
3116,valid,0,0.0010848297
12,valid,0,1.3510555e-05
609,valid,0,0.008878086
3229,valid,0,0.0021262923
4631,valid,0,0.0006909607
10335,valid,0,0.0006082234
9221,valid,0,0.0010305604
7764,valid,0,6.630223e-05
10062,valid,0,0.0006021706
621,valid,0,0.0007466631
5559,valid,0,0.003052873
7988,valid,0,0.00066350715
8994,valid,0,0.00064320327
2385,valid,0,0.0003665634
8945,valid,0,8.669773e-06
9839,valid,0,1.1846718e-05
3,valid,0,0.000733517
2103,valid,0,0.00017969628
9202,valid,0,0.0017062546
8928,valid,0,0.009324947
3381,valid,0,0.00395153
10133,valid,0,0.00049806066
8056,valid,0,0.007035134
5990,valid,0,0.0011313407
8580,valid,0,0.00093307026
1707,valid,0,0.00084941986
5474,valid,0,0.0010848396
9619,valid,0,0.0031107483
7761,valid,0,0.0028908625
8713,valid,0,0.0051924144
2144,valid,0,1.3821659e-05
7271,valid,0,0.00020752773
9903,valid,0,0.0007886965
3769,valid,0,3.0170311e-05
8920,valid,0,0.0023616008
10527,valid,0,0.0007930538
3453,valid,0,0.0004517112
3005,valid,0,0.00026405227
394,valid,0,0.00018137615
2438,valid,0,0.00028111998
10180,valid,0,0.0009839383
6241,valid,0,0.0011288036
396,valid,0,0.00018137615
3886,valid,0,0.0033471624
7876,valid,0,0.0035405613
195,valid,0,0.00014644477
6982,valid,0,0.00094787765
10918,valid,0,3.0134992e-05
4341,valid,0,0.004959879
10495,valid,0,0.00067009573
1519,valid,0,0.0016735285
2488,valid,0,0.0045036925
10182,valid,0,0.00974233
9883,valid,0,0.00014645816
8046,valid,0,0.0001501007
681,valid,0,0.0001501007
1705,valid,0,0.0034493802
2033,valid,0,0.0002750583
3181,valid,0,0.0033616934
5772,valid,0,9.893718e-05
1865,valid,1,0.07803506
2979,valid,0,0.0053461
7756,valid,0,0.0014001946
9322,valid,0,0.00077745534
691,valid,0,0.00035980728
10175,valid,0,0.0006021706
2051,valid,0,0.0004796267
4180,valid,0,0.00041808514
3297,valid,0,0.017046772
7173,valid,0,0.011572669
3206,valid,0,1.7005443e-05
2999,valid,0,2.4254345e-05
8094,valid,0,3.9023747e-05
272,valid,0,8.631337e-05
10980,valid,0,0.002548932
6967,valid,0,0.00083688105
6300,valid,0,0.0018731264
6041,valid,0,0.0008096167
3883,valid,0,2.2425249e-05
7370,valid,0,1.47053315e-05
8522,valid,0,0.00051475334
389,valid,0,0.00085511256
819,valid,0,0.00069548265
8716,valid,0,0.00033485368
4573,valid,0,0.0003125162
7170,valid,0,8.533935e-05
401,valid,0,0.0013517024
8378,valid,0,0.003160125
4052,valid,0,0.00020786953
5977,valid,0,0.00012140677
10292,valid,0,0.0006033299
4394,valid,0,6.79105e-06
2970,valid,0,0.00028624595
4251,valid,0,0.00023969838
8452,valid,0,0.0028016996
7887,valid,0,0.00042613797
1525,valid,0,0.00013129266
5805,valid,0,2.4149653e-05
4566,valid,0,4.801912e-05
2354,valid,0,0.0004888623
3377,valid,0,0.00049583754
5975,valid,0,2.0826326e-05
7861,valid,0,0.0007827251
3783,valid,0,8.7840875e-05
2431,valid,0,2.5343601e-05
3286,valid,0,0.00013408507
2298,valid,0,3.6471673e-05
9107,valid,0,4.719739e-05
9078,valid,0,0.00029054825
5770,valid,0,1.0819976e-05
4051,valid,0,0.0029548632
7262,valid,0,1.783246e-05
9300,valid,0,0.0009988977
9615,valid,0,4.801912e-05
4254,valid,0,1.9799294e-05
2137,valid,0,0.002329752
692,valid,0,0.0013598304
3522,valid,0,0.007044942
11025,valid,0,8.8862536e-05
3211,valid,0,0.00091728935
6710,valid,0,0.0018579586
10552,valid,0,0.0009636718
1517,valid,0,0.00031225587
9655,valid,0,3.601493e-05
5706,valid,0,0.0004430054
6733,valid,0,7.944704e-06
2114,valid,0,0.00038538576
2264,valid,0,0.00022763167
8535,valid,0,0.00175201
9055,valid,0,0.000742753
3202,valid,0,4.801912e-05
5982,valid,0,4.801912e-05
9895,valid,0,0.0008096167
3655,valid,0,0.0006389265
1667,valid,0,0.00011944457
1246,valid,0,0.0004040089
9906,valid,0,0.0014316535
114,valid,0,0.00010996369
7894,valid,0,0.0025033746
10187,valid,0,0.0025033746
2021,valid,0,0.0009886961
3801,valid,0,0.0006507451
1515,valid,0,0.0057877097
8519,valid,0,4.801912e-05
3774,valid,0,0.00019656842
7177,valid,0,4.7197074e-05
8377,valid,0,4.719736e-05
9934,valid,0,4.801913e-05
3179,valid,0,0.0011725245
2091,valid,0,0.00011815432
6078,valid,0,0.0020492787
11021,valid,0,1.7473285e-05
9223,valid,0,0.0008882265
4649,valid,0,0.0005483286
8059,valid,0,0.00028175584
1675,valid,0,0.009560469
2735,valid,0,0.00011407738
2415,valid,0,0.0004709496
2490,valid,0,0.00021798066
9869,valid,0,0.0009541604
3516,valid,0,0.00076911616
7864,valid,0,0.00023072292
4310,valid,0,0.000188279
1587,valid,0,0.00052447105
3391,valid,0,0.002995931
9620,valid,0,0.0027633684
9550,valid,0,0.0008864658
5985,valid,0,1.1830344e-05
2884,valid,0,0.00029054825
5188,valid,0,0.001306687
4494,valid,0,4.801922e-05
6084,valid,0,0.0003945712
9402,valid,0,0.0016050432
4040,valid,0,0.0027872096
7377,valid,0,4.719736e-05
10483,valid,0,0.001588832
8751,valid,0,0.0007335425
2749,valid,0,0.002060203
7270,valid,0,0.0004888623
7897,valid,0,0.0018370419
10987,valid,0,0.00024397006
5707,valid,0,0.00299415
5327,valid,0,0.00018655996
8012,valid,0,0.00021503276
9954,valid,0,8.2317194e-05
1624,valid,0,0.001964604
8583,valid,0,0.00092126126
8346,valid,0,0.0027097508
10447,valid,0,1.0630539e-05
8088,valid,0,0.0017667646
10488,valid,0,0.0019375653
8300,valid,0,0.0013621689
9217,valid,0,0.018712588
10484,valid,0,0.0036399378
1819,valid,0,5.7467887e-06
4143,valid,0,0.00033757166
989,valid,0,0.0011066
9324,valid,0,0.0007786406
10487,valid,0,0.0007045858
7178,valid,0,0.00011859046
9232,valid,0,0.00024954538
1184,valid,0,0.00014882105
1389,valid,0,6.621344e-06
602,valid,0,0.00012797615
2269,valid,0,0.000119178265
3010,valid,0,0.0019238186
7624,valid,0,0.0009460938
4249,valid,0,0.0041596578
4397,valid,0,4.6595098e-05
4572,valid,0,4.6595098e-05
8984,valid,0,1.1508069e-05
7399,valid,0,0.0015877777
2377,valid,0,1.22759675e-05
9238,valid,0,2.064885e-05
122,valid,0,1.1163887e-05
2435,valid,0,0.0001057591
3875,valid,0,4.801912e-05
4501,valid,0,4.719739e-05
2434,valid,0,0.0033471624
4426,valid,0,3.9459817e-05
1394,valid,0,0.00027776175
2894,valid,0,4.801912e-05
5801,valid,0,4.801912e-05
9081,valid,0,0.0037865487
6589,valid,0,0.0016867587
8341,valid,0,0.0016189663
4312,valid,0,0.00043455506
7435,valid,0,0.00046397294
8226,valid,0,0.00050199527
6083,valid,0,4.6303074e-05
8980,valid,0,1.4723558e-05
5182,valid,0,0.0018250482
618,valid,0,0.0011781735
1709,valid,0,0.0006389265
1514,valid,0,0.00020322931
184,valid,0,0.00010074849
8455,valid,0,0.00023099135
2484,valid,0,0.0005572328
7417,valid,0,0.000423483
9298,valid,0,0.0014316535
9843,valid,0,1.4519836e-05
4182,valid,0,5.858981e-06
10056,valid,0,2.1392458e-05
2421,valid,0,0.0011775577
8654,valid,0,0.00023376504
5798,valid,0,0.0010015832
5598,valid,0,8.527457e-06
10533,valid,0,0.0009463071
10860,valid,0,0.0021075057
2113,valid,0,0.0007142497
3599,valid,0,0.0042223777
8064,valid,0,0.0010141089
838,valid,0,1.643495e-05
9307,valid,0,0.0017363589
8977,valid,0,0.0017543612
3395,valid,0,0.0025517424
7767,valid,0,2.1968064e-05
2130,valid,0,0.002526244
7157,valid,0,0.0027620003
5205,valid,0,1.4226363e-05
4560,valid,0,2.679206e-05
10189,valid,0,0.00014882105
10863,valid,0,0.00015091071
393,valid,0,0.00078484416
6844,valid,0,0.004660504
4495,valid,0,0.00011880108
7633,valid,0,0.00043245562
1582,valid,0,0.0014316535
9230,valid,0,0.008741393
9241,valid,0,0.00049568753
2364,valid,0,0.00015128758
10450,valid,0,0.00021108794
5204,valid,0,9.057228e-06
9669,valid,0,0.0002807947
1664,valid,0,0.000720724
9956,valid,0,0.0017162857
7883,valid,0,0.00028998524
2152,valid,0,0.00022763167
8933,valid,0,0.00022763167
1474,valid,0,0.0008338418
2427,valid,0,0.0001865939
8015,valid,0,6.490439e-05
2025,valid,0,0.00029054825
1479,valid,0,0.00229103
3777,valid,0,1.8270555e-05
1370,valid,0,0.0030418795
5783,valid,0,8.332218e-05
844,valid,0,0.0006175628
6721,valid,0,0.0010141089
10288,valid,0,0.00043269564
7227,valid,0,0.00053692335
4330,valid,0,0.0004888623
8517,valid,0,7.7244564e-05
3219,valid,0,0.00053692335
7226,valid,0,0.0005027264
8058,valid,0,0.0011970164
2026,valid,0,0.0009746826
4337,valid,0,0.00077353185
7900,valid,0,0.00059290003
982,valid,0,0.0030345414
4187,valid,0,0.0012361101
11018,valid,0,0.0022183147
4504,valid,0,0.00056270824
5802,valid,0,0.0001446079
204,valid,0,1.0801762e-05
84,valid,0,0.0002212598
9625,valid,0,1.6489228e-05
8325,valid,0,0.00012802574
8642,valid,0,0.00026858167
10785,valid,0,3.046147e-05
3183,valid,0,1.7180988e-05
682,valid,0,9.368377e-05
9628,valid,0,9.658224e-05
3185,valid,0,8.198775e-05
9872,valid,0,1.904033e-05
8319,valid,0,0.00044171655
7113,valid,0,6.533758e-05
5791,valid,0,0.0022376243
1369,valid,0,0.0001627437
9866,valid,0,0.0028016996
9680,valid,0,4.323076e-05
3594,valid,0,0.015986301
1699,valid,0,0.014704937
2344,valid,0,0.000423483
9815,valid,0,9.518946e-05
9060,valid,0,2.4325507e-05
7112,valid,0,0.0013332166
10445,valid,0,0.00018556559
8373,valid,0,0.0004104038
10669,valid,0,0.0003120851
10681,valid,0,0.001186514
10796,valid,0,0.00016742758
8702,valid,0,0.00010902201
7924,valid,0,0.0021753667
5767,valid,0,0.00031417143
6319,valid,0,0.002271246
8989,valid,0,0.0005701157
7259,valid,0,0.00016311566
235,valid,0,5.791898e-06
4257,valid,0,0.0004709496
1594,valid,0,9.103436e-06
8930,valid,0,0.0015503055
9398,valid,0,0.002995845
5962,valid,0,0.00015245494
1194,valid,0,9.398413e-06
3600,valid,0,3.6033634e-05
8697,valid,0,3.939744e-05
8293,valid,0,0.002215782
10793,valid,0,0.00014644756
2369,valid,0,0.0007786406
10054,valid,0,0.00016654626
10480,valid,0,1.7686574e-05
6962,valid,0,7.493008e-05
7216,valid,0,0.0002299471
9233,valid,0,0.0013571187
5807,valid,0,1.7302416e-05
3676,valid,0,9.871546e-06
7200,valid,0,0.0001035277
10420,valid,0,1.5231602e-05
7623,valid,0,4.544986e-05
623,valid,0,4.545001e-05
5335,valid,0,0.00030173126
690,valid,0,1.52316115e-05
2093,valid,0,3.2449734e-05
2014,valid,0,0.0007353151
7770,valid,0,1.1824221e-05
2962,valid,0,3.369496e-05
8577,valid,0,0.003046023
4043,valid,0,4.1736792e-05
7638,valid,0,0.00012260943
3198,valid,0,1.1824221e-05
6586,valid,0,0.0027167024
10319,valid,0,0.0026719652
3390,valid,0,0.013139169
637,valid,0,1.1875442e-05
4623,valid,0,1.6080925e-05
1415,valid,0,0.0044715307
8991,valid,0,5.4049383e-06
1620,valid,0,6.5940985e-06
6712,valid,0,0.0007430052
2273,valid,0,3.8217724e-05
3882,valid,0,1.3547733e-05
970,valid,0,5.312492e-06
1234,valid,0,2.8023973e-05
1530,valid,0,8.021509e-05
5221,valid,0,3.962448e-05
10142,valid,0,0.0008966546
8723,valid,0,4.283461e-05
9674,valid,0,4.283461e-05
3122,valid,0,0.0018297264
9940,valid,0,0.00042409333
6239,valid,0,0.0003015657
7856,valid,0,6.520462e-05
3292,valid,0,0.0003190152
9805,valid,0,4.674914e-05
9881,valid,0,1.267233e-05
9325,valid,0,1.7388165e-05
2168,valid,0,0.00067009573
3557,valid,0,1.4215281e-05
7984,valid,0,0.0018250368
7382,valid,0,0.0001072497
1814,valid,0,1.8806933e-05
5601,valid,0,7.6879605e-06
9824,valid,0,8.198775e-05
9671,valid,0,0.00046506795
5976,valid,0,0.0001558566
7412,valid,0,0.00016044734
11041,valid,0,3.0307725e-05
203,valid,0,0.00035961968
10992,valid,0,0.00016376036
5330,valid,0,0.0022098646
8641,valid,0,0.0034493802
9613,valid,0,0.0031498647
8769,valid,0,0.00051280553
2134,valid,0,0.0019693507
5475,valid,0,0.0012308437
9404,valid,0,4.262123e-05
5605,valid,0,0.00045505396
3190,valid,0,0.00019443926
3657,valid,0,0.0021753667
7116,valid,0,1.0520141e-05
4603,valid,0,0.0004709496
1824,valid,0,0.0016487235
3530,valid,0,0.0005872811
5217,valid,0,0.0010588967
2289,valid,0,0.00011164458
3776,valid,0,0.00014171339
4339,valid,0,8.108974e-06
2381,valid,0,0.00026718806
5342,valid,0,0.0032385874
8919,valid,0,0.00017057967
5336,valid,0,1.135236e-05
128,valid,0,0.0011629941
1716,valid,0,0.00020786953
4569,valid,0,3.871925e-05
7925,valid,0,7.7808276e-05
7705,valid,0,0.0008443958
188,valid,0,4.323094e-05
3603,valid,0,0.0007194415
5195,valid,0,0.0007207285
8572,valid,0,0.0002730688
10326,valid,0,7.923251e-05
5785,valid,0,1.4225334e-05
4430,valid,0,0.00051657757
5603,valid,0,0.00012727156
3514,valid,0,0.00084038643
8712,valid,0,0.0029321637
1614,valid,0,0.0017312614
5612,valid,0,0.0013953717
6970,valid,0,4.3361455e-05
986,valid,0,0.001153001
2985,valid,0,6.2899335e-06
9653,valid,0,0.00061085675
4145,valid,0,0.0001924417
10525,valid,0,0.00044021456
1240,valid,0,5.2862592e-06
7223,valid,0,0.00026907018
10350,valid,0,0.00017755802
8051,valid,0,0.00028112083
193,valid,0,9.041728e-06
8709,valid,0,1.375929e-05
8942,valid,0,0.00039791496
8755,valid,0,6.2054924e-06
395,valid,0,6.2054924e-06
2355,valid,0,0.00018854227
5611,valid,0,4.544986e-05
2910,valid,0,7.901213e-06
6706,valid,0,0.0003428329
1376,valid,0,1.9592744e-05
5176,valid,0,4.3738597e-05
3671,valid,0,0.00029574824
2410,valid,0,4.1771455e-05
9219,valid,0,0.0038256885
2755,valid,0,0.0022464364
9173,valid,0,0.007276973
6718,valid,0,0.0021532802
4175,valid,0,2.4949364e-05
228,valid,0,0.0027844294
4387,valid,0,0.0019168669
8982,valid,0,0.0017706803
10138,valid,0,0.0037479205
8575,valid,0,0.005434547
9603,valid,0,4.8605856e-05
9667,valid,0,0.00010074346
1713,valid,0,0.002736539
6317,valid,0,0.004249344
4620,valid,0,1.1844745e-05
2050,valid,0,6.6975444e-05
2030,valid,0,6.7262176e-06
4260,valid,0,0.0006389265
5270,valid,0,0.00070591713
1372,valid,0,0.0006852392
1602,valid,0,0.0005678406
8764,valid,0,0.0009839383
9064,valid,0,9.494836e-06
8352,valid,0,0.0018243132
2977,valid,0,0.000853717
2371,valid,0,2.7753897e-05
2352,valid,0,7.330211e-05
10784,valid,0,0.0010120901
190,valid,0,0.00015743882
8649,valid,0,4.518309e-05
7442,valid,0,0.0009390807
7002,valid,0,0.0010305945
8934,valid,0,0.0017755309
7928,valid,0,0.0010121125
7404,valid,1,0.39078093
9732,valid,0,0.0039107488
9687,valid,0,0.001039327
4608,valid,0,0.0025919834
2142,valid,0,1.5306025e-05
3477,valid,0,0.002783672
3670,valid,0,0.0021232502
3552,valid,0,0.026878377
2965,valid,0,0.00093907915
9165,valid,0,0.0028364635
7202,valid,0,0.014769839
7992,valid,0,6.983994e-05
6591,valid,0,0.0020201223
9406,valid,0,0.00023466953
1668,valid,0,4.4287754e-05
6720,valid,0,0.00067592884
10706,valid,0,0.0016357908
4177,valid,0,0.0051797647
1580,valid,0,0.0011348838
1622,valid,0,0.0026410748
5606,valid,0,0.00077745534
3121,valid,0,0.0023508926
5648,valid,0,0.0007045858
2140,valid,0,4.005909e-06
3194,valid,0,2.9647357e-05
8450,valid,0,0.00024397006
7369,valid,0,4.7197354e-05
3683,valid,0,0.0042177313
4317,valid,0,0.0042177313
7987,valid,0,0.0010740764
4174,valid,0,6.2899358e-06
987,valid,0,3.9042616e-06
7424,valid,0,0.0013895159
4640,valid,0,4.851087e-05
6708,valid,0,0.012069342
3001,valid,0,1.9240035e-05
4616,valid,0,0.0006168375
11028,valid,0,0.0020226256
7274,valid,0,0.0014235649
2437,valid,0,2.4991721e-05
7174,valid,0,3.9412353e-05
6997,valid,0,2.4274967e-05
9665,valid,0,1.3992117e-05
6974,valid,0,9.017154e-06
2986,valid,0,0.0010848396
9909,valid,0,5.3124922e-06
2418,valid,0,2.382695e-05
2104,valid,0,0.00043269564
5206,valid,0,0.0006389265
1670,valid,0,0.0012686395
7697,valid,0,0.0006389265
7709,valid,0,7.1929535e-06
3604,valid,0,0.0011145747
9313,valid,0,0.0009746826
2972,valid,0,0.0025092326
9045,valid,0,0.0017798443
3664,valid,0,0.0028539058
5179,valid,0,0.0011081869
197,valid,0,5.712494e-05
8990,valid,0,0.0004917554
5695,valid,0,9.521661e-05
6719,valid,0,2.6202917e-05
5998,valid,0,0.00010974007
694,valid,0,6.468079e-05
8230,valid,0,0.00020691211
8718,valid,0,0.00059529213
3454,valid,0,0.0007271138
10412,valid,0,7.9474914e-05
5216,valid,0,3.166651e-05
10192,valid,0,0.0004461138
10985,valid,0,0.0018844184
3466,valid,0,0.0015102267
7004,valid,0,6.009664e-05
3397,valid,0,0.0011066
7429,valid,0,0.0008743618
7923,valid,0,3.272336e-05
1592,valid,0,0.0045437478
2107,valid,0,0.00029484142
8881,valid,0,0.0027113
847,valid,0,4.136381e-05
5175,valid,0,0.0004709496
1188,valid,0,0.0001680039
8290,valid,0,0.00020787002
3542,valid,0,1.1591773e-05
9072,valid,0,0.00069096335
7371,valid,0,0.003166852
2102,valid,0,0.00021486104
6973,valid,0,0.0001351812
6984,valid,0,0.000742753
2345,valid,0,0.00084038643
7978,valid,0,0.000101615115
8333,valid,0,0.00046506795
9833,valid,0,0.0023365181
3379,valid,0,1.0453527e-05
123,valid,0,0.0005209556
7439,valid,0,0.0006853621
3674,valid,0,1.5585563e-05
2272,valid,0,0.00021902022
2263,valid,0,1.8041175e-05
2136,valid,0,0.00047298495
5325,valid,0,0.000742753
2038,valid,0,0.00029054825
1672,valid,0,3.0497506e-05
3178,valid,0,0.0009791245
4334,valid,0,1.2657751e-05
4138,valid,0,6.7088695e-06
1621,valid,0,8.118826e-06
8337,valid,0,5.3124954e-06
10993,valid,0,0.0008700949
1404,valid,0,0.00014956051
4395,valid,0,0.0017925435
2374,valid,0,4.2147916e-05
1708,valid,0,0.018052394
1717,valid,0,0.004201217
4331,valid,0,0.000628588
5539,valid,0,9.124249e-05
7758,valid,0,2.2939923e-05
4382,valid,0,0.0041596578
10061,valid,0,2.7224422e-05
640,valid,0,0.016799714
3474,valid,0,0.0001359647
10862,valid,0,0.00021968225
3528,valid,0,0.00024954116
180,valid,0,0.00010680832
2094,valid,0,0.00015091071
10363,valid,0,0.000444363
4431,valid,0,1.667073e-05
5665,valid,0,1.792633e-05
610,valid,0,0.00033543384
11035,valid,0,7.5999505e-06
1657,valid,0,0.00055631105
9540,valid,0,0.0028767018
8227,valid,0,2.6039374e-05
975,valid,0,2.6039374e-05
10534,valid,0,9.867135e-05
2045,valid,0,0.0010783855
9044,valid,0,0.00037446953
1529,valid,0,0.0015335435
9242,valid,0,7.203695e-05
7366,valid,0,3.0100664e-05
1384,valid,0,2.002631e-05
7434,valid,0,2.4241539e-05
4314,valid,0,0.0021431209
1704,valid,0,0.0004856116
7149,valid,0,6.604316e-05
5542,valid,0,0.0038177753
5786,valid,0,0.0006122496
5489,valid,0,0.013489736
9158,valid,0,0.0006710723
2360,valid,0,0.00079180574
5482,valid,0,0.0017783676
2753,valid,0,0.002630559
3476,valid,0,0.00019564672
5689,valid,0,0.0015754167
8369,valid,0,0.002428115
9171,valid,0,4.3930195e-05
1601,valid,0,1.7027116e-05
7211,valid,0,3.0792933e-05
2904,valid,0,2.4748797e-05
7868,valid,0,0.0003120851
5561,valid,0,0.0019693507
5781,valid,0,0.00038416506
6985,valid,0,4.9949558e-05
7993,valid,0,0.0015814304
9878,valid,0,0.0005166875
3781,valid,0,0.0022137375
1813,valid,0,0.0019654362
6700,valid,0,0.001846135
1673,valid,0,0.0023937311
6231,valid,0,0.00046740661
9813,valid,0,0.00034855524
7687,valid,0,0.0027113
8093,valid,0,0.0008397549
2963,valid,0,0.00012223015
4340,valid,0,0.0004517112
7874,valid,0,0.00030295545
10861,valid,0,0.0013201856
10545,valid,0,0.000305585
1712,valid,0,0.0006909607
3290,valid,0,0.0012808441
9814,valid,0,2.3846214e-05
842,valid,0,0.00020516114
9213,valid,0,0.00084749376
10296,valid,0,0.001928623
8283,valid,0,0.003128177
4635,valid,0,0.00028251013
9948,valid,0,1.1527119e-05
8937,valid,0,0.0013362477
3208,valid,0,1.8880057e-05
9157,valid,0,1.1762496e-05
10058,valid,0,0.00080230745
5168,valid,0,1.9668321e-05
5969,valid,0,8.30236e-06
9666,valid,0,8.30236e-06
227,valid,0,0.0010839256
8700,valid,0,0.0021387506
3681,valid,0,0.0015268298
6304,valid,0,1.296741e-05
3885,valid,0,0.0014377263
625,valid,0,0.00070608454
4575,valid,0,0.0020922357
3595,valid,0,0.00018141714
9859,valid,0,0.0007045858
5218,valid,0,0.0035047762
7427,valid,0,2.5614629e-05
3785,valid,0,3.079644e-05
2161,valid,0,2.6261252e-05
2987,valid,0,9.660435e-05
5664,valid,0,8.7767485e-06
8018,valid,0,0.0042177313
2156,valid,0,0.00029054825
8979,valid,0,3.9494853e-06
7862,valid,0,0.00061659515
6732,valid,0,0.0003656416
1482,valid,0,0.00034311577
4248,valid,0,0.00029054825
9175,valid,0,4.5449826e-05
9086,valid,0,0.00062375976
1189,valid,0,0.0075431876
9656,valid,0,5.478966e-06
4567,valid,0,1.0819976e-05
9894,valid,0,1.9312756e-05
990,valid,0,0.0027049654
2487,valid,0,8.144104e-05
11023,valid,0,0.0015559607
3236,valid,0,7.972687e-06
1401,valid,0,0.0035079499
7017,valid,0,1.584219e-05
9087,valid,0,1.3609486e-05
7754,valid,0,6.9848843e-06
9842,valid,0,5.312471e-06
5774,valid,0,0.0020762833
2375,valid,0,1.04941755e-05
9896,valid,0,0.00084941986
6988,valid,0,0.0013153155
6730,valid,0,0.0042493
5487,valid,0,0.00046020158
284,valid,0,7.1929503e-06
3789,valid,0,5.6273025e-06
3197,valid,0,0.00052447105
2115,valid,0,0.0014609508
8532,valid,0,7.7244564e-05
5711,valid,0,5.6273025e-06
8988,valid,0,0.0048930594
2151,valid,0,7.1929503e-06
2270,valid,0,0.001142834
8708,valid,0,0.006236079
8083,valid,0,6.207698e-05
9534,valid,0,4.3414195e-05
2119,valid,0,4.3414195e-05
7627,valid,0,3.262071e-05
8566,valid,0,3.262071e-05
231,valid,0,0.012052042
2128,valid,0,1.3074674e-05
1400,valid,0,6.983994e-05
10177,valid,0,4.050366e-05
7267,valid,0,0.00021797721
7699,valid,0,1.7801085e-05
10355,valid,0,1.3168615e-05
5224,valid,0,0.00057975407
3596,valid,0,1.631904e-05
2039,valid,0,2.7171625e-05
8995,valid,0,3.3346987e-05
121,valid,0,0.009119697
5993,valid,0,3.9777897e-05
9812,valid,0,0.00014186915
2267,valid,0,3.977793e-05
10542,valid,0,9.053588e-06
10424,valid,0,0.019459827
3791,valid,0,3.977793e-05
8643,valid,0,0.008393028
1192,valid,0,0.00010205248
10419,valid,0,0.008713863
6858,valid,0,2.8330061e-05
196,valid,0,0.00046390668
5961,valid,0,0.00060661754
2441,valid,0,0.00060661754
3461,valid,0,4.7386106e-06
7865,valid,0,0.0014042286
7208,valid,0,5.9667314e-06
10176,valid,0,0.00018137615
1596,valid,0,0.00018645673
3199,valid,0,3.305788e-05
7870,valid,0,4.1919698e-06
9288,valid,0,3.904251e-06
10910,valid,0,0.00019728758
134,valid,0,0.00042073245
8065,valid,0,4.8679585e-06
10694,valid,0,0.00027177192
8372,valid,0,0.00018137615
9904,valid,0,9.454518e-06
1610,valid,0,4.6455325e-06
8451,valid,0,0.001306687
6838,valid,0,3.9042525e-06
3385,valid,0,0.000298875
1600,valid,0,0.00042073245
9095,valid,0,4.5449797e-05
1337,valid,0,0.00042073245
86,valid,0,4.464406e-06
1395,valid,0,8.466011e-06
7438,valid,0,8.305871e-06
1817,valid,0,2.0718444e-05
3795,valid,0,9.6778485e-06
8223,valid,0,3.6089054e-06
2442,valid,0,8.133571e-06
2726,valid,0,0.00025526414
687,valid,0,2.6911393e-05
830,valid,0,0.0021075057
9912,valid,0,7.510023e-06
821,valid,0,3.2998075e-06
8981,valid,0,0.00042073245
10521,valid,0,8.0977e-05
9228,valid,0,2.9134524e-06
5595,valid,0,3.253145e-05
9280,valid,0,0.0015494811
5966,valid,0,0.0023294778
8379,valid,0,0.0030850652
2027,valid,0,1.4314222e-05
7751,valid,0,2.1537126e-05
4146,valid,0,0.0009161921
261,valid,0,0.0020075124
8893,valid,0,0.00083452836
2754,valid,0,0.00084941986
9068,valid,0,2.1364129e-05
10551,valid,0,0.008036602
9911,valid,0,6.7088704e-06
4258,valid,0,6.594104e-06
19,valid,0,0.00071792287
1345,valid,0,0.0004056037
7871,valid,0,0.0059811007
1187,valid,0,0.0007718372
9612,valid,0,0.00046020158
9102,valid,0,8.845646e-06
10172,valid,0,8.691489e-06
10701,valid,0,1.1428564e-05
10422,valid,0,8.691489e-06
6854,valid,0,7.1929535e-06
6725,valid,0,0.0006389265
10414,valid,0,0.00068240636
10909,valid,0,1.493227e-05
10494,valid,0,0.0023137312
10423,valid,0,0.0011952561
4032,valid,0,0.0010056173
7436,valid,0,1.9015519e-05
4614,valid,0,1.196954e-05
4183,valid,0,0.00011792486
104,valid,0,3.4206023e-05
2902,valid,0,2.4905814e-05
1350,valid,0,0.0023204468
6234,valid,0,0.0050219363
9400,valid,0,0.037908215
7365,valid,0,0.008968619
6728,valid,0,2.9702638e-05
7411,valid,0,0.0020558652
3532,valid,0,0.0008931486
10981,valid,0,0.013492051
9951,valid,0,9.421608e-06
9685,valid,0,1.3859503e-05
5209,valid,0,0.006500213
3884,valid,0,1.2545691e-05
10453,valid,0,0.000131742
1644,valid,0,0.0010825859
3118,valid,0,0.00068484875
5775,valid,0,0.0014432479
8010,valid,0,0.0013930377
10368,valid,0,0.00074971054
5779,valid,0,1.622623e-05
685,valid,0,1.6856746e-05
5806,valid,0,0.0010058259
7628,valid,0,1.172774e-05
5778,valid,0,8.699576e-05
832,valid,0,8.633075e-06
10295,valid,0,8.3239465e-05
2751,valid,0,0.007890661
859,valid,0,0.00011762308
10696,valid,0,8.24709e-06
5169,valid,0,0.024495259
5180,valid,0,0.0032054877
9901,valid,0,7.6184556e-06
9952,valid,0,0.00030094176
2055,valid,0,0.0002044299
1354,valid,0,0.00010937733
4557,valid,0,0.00014882105
7877,valid,0,0.00014882105
10135,valid,0,3.7198453e-05
1491,valid,0,0.0021366475
3536,valid,0,0.0012727382
7426,valid,0,0.001990142
10801,valid,0,0.00017741411
202,valid,0,0.00020930362
4612,valid,0,1.3200902e-05
2023,valid,0,0.00027025258
6972,valid,0,0.000119178265
7926,valid,0,4.236714e-05
9728,valid,0,6.792003e-05
7636,valid,0,0.0017471013
7708,valid,0,4.13484e-05
3383,valid,0,0.00035348305
977,valid,0,4.0670893e-05
7378,valid,0,0.0015772367
10986,valid,0,0.00085511256
3152,valid,0,0.0016028879
3132,valid,0,0.0015102267
2092,valid,0,0.00060477597
4564,valid,0,0.00020290559
6853,valid,0,0.0014316535
5991,valid,0,0.0011066609
4383,valid,0,2.4325427e-05
9679,valid,0,2.873639e-05
9725,valid,0,2.6913027e-05
282,valid,0,0.0015605247
1397,valid,0,0.0015595318
8757,valid,0,0.0014316535
9286,valid,0,0.000109863126
3002,valid,0,0.0011066
4256,valid,0,0.01940654
9537,valid,0,0.011109553
5223,valid,0,7.88705e-05
10802,valid,0,3.6017962e-05
8573,valid,0,0.0027113
6387,valid,0,8.9140385e-06
5200,valid,0,3.6237212e-05
3125,valid,0,0.0004488534
5655,valid,0,0.0002114541
5220,valid,0,7.878277e-05
6703,valid,0,0.0004709496
10523,valid,0,2.4006078e-05
5543,valid,0,6.014616e-06
3380,valid,0,0.001890433
3283,valid,0,8.066926e-06
9312,valid,0,0.0004709496
1487,valid,0,0.00014171339
7169,valid,0,0.00011164458
8650,valid,0,8.127209e-06
8294,valid,0,5.791906e-06
8579,valid,0,0.0016029133
5337,valid,0,5.791906e-06
9216,valid,0,5.9579625e-06
3682,valid,0,0.00049806066
403,valid,0,0.00022873055
7854,valid,0,0.0013201856
10856,valid,0,0.00014567918
5795,valid,0,1.5206966e-05
9865,valid,0,0.00028197153
7630,valid,0,0.0006909607
192,valid,0,1.940033e-05
8691,valid,0,0.0018770725
2099,valid,0,0.00016163182
7760,valid,0,0.00021347166
1611,valid,0,0.0009608645
9049,valid,0,8.0161306e-05
6305,valid,0,1.4288147e-05
10919,valid,0,1.9476134e-05
3450,valid,0,0.00017308413
6727,valid,0,9.175526e-06
1347,valid,0,1.476158e-05
5812,valid,0,0.00024173417
9310,valid,0,0.0008443958
1475,valid,0,0.0028908625
9164,valid,0,1.7349581e-05
2893,valid,0,0.0026129785
402,valid,0,0.00262913
5780,valid,0,0.0007045858
4424,valid,0,0.0015023135
823,valid,0,1.127566e-05
9544,valid,0,0.0126715
9281,valid,0,0.00023068384
1615,valid,0,0.0016167244
9935,valid,0,0.005383431
139,valid,0,0.00023068384
10991,valid,0,0.0015362455
1663,valid,0,0.0005382156
1342,valid,0,0.00013641953
6593,valid,0,8.446809e-06
2141,valid,0,1.3723458e-05
8985,valid,0,1.664232e-05
9717,valid,0,0.0019271224
1336,valid,0,1.1971736e-05
7158,valid,0,1.9772353e-05
4605,valid,0,1.0801741e-05
1720,valid,0,4.018046e-06
8004,valid,0,9.907974e-06
9403,valid,0,9.907974e-06
6391,valid,0,8.3902974e-05
8449,valid,0,8.613852e-05
689,valid,0,0.0001924417
4038,valid,0,0.0003799482
8298,valid,0,7.046928e-06
2419,valid,0,3.886977e-06
6731,valid,0,0.009063616
5608,valid,0,2.785684e-05
2908,valid,0,0.0003256337
7176,valid,0,4.1919698e-06
6069,valid,0,0.00018137615
10140,valid,0,5.123407e-05
6859,valid,0,0.00029054825
2918,valid,0,3.90425e-06
2351,valid,0,0.00029054825
976,valid,0,0.00029054825
5654,valid,0,4.1919698e-06
8941,valid,0,0.00051766855
3130,valid,0,3.972202e-06
4489,valid,0,0.00018412895
7688,valid,0,0.00039791845
3215,valid,0,3.949475e-06
9302,valid,0,0.00021301946
8006,valid,0,0.00029054825
7224,valid,0,3.9042498e-06
253,valid,0,1.9592757e-05
10362,valid,0,4.8018614e-05
7896,valid,0,3.904251e-06
4142,valid,0,7.046931e-06
187,valid,0,4.571156e-05
115,valid,0,1.9312734e-05
9960,valid,0,0.00039246914
1863,valid,0,0.011487927
3524,valid,0,3.904251e-06
127,valid,0,0.0006661816
4132,valid,0,2.0116917e-05
3555,valid,0,0.0030850652
8939,valid,0,0.0023294778
9314,valid,0,1.9000343e-05
8685,valid,0,0.00032239713
5768,valid,0,2.1675967e-05
5277,valid,0,0.0010141089
9818,valid,0,0.0029548632
10349,valid,0,1.3255848e-05
2379,valid,0,0.0010141089
5331,valid,0,8.04421e-06
6034,valid,0,0.00092126126
179,valid,0,1.9106945e-05
5994,valid,0,0.0018962426
1849,valid,0,1.0766917e-05
2122,valid,0,0.0032393306
5699,valid,0,1.7152108e-05
9731,valid,0,1.7152108e-05
3545,valid,0,1.2097789e-05
9547,valid,0,0.0017508721
4391,valid,0,7.952108e-06
2013,valid,0,2.034714e-05
8588,valid,0,2.0347114e-05
2024,valid,0,7.3161045e-06
9106,valid,0,0.0009392881
8695,valid,0,0.0008898477
10417,valid,0,0.0008698237
10908,valid,0,0.00028749555
1375,valid,0,6.6597945e-06
5988,valid,0,0.0010932527
254,valid,0,0.00016827996
6969,valid,0,0.0011744314
9538,valid,0,5.46752e-06
3182,valid,0,0.0008481204
8687,valid,0,5.3262315e-06
3146,valid,0,0.0006389265
6038,valid,0,0.0007426886
5766,valid,0,1.0630542e-05
2966,valid,0,0.0010848396
3549,valid,0,5.3124772e-06
10640,valid,0,8.937454e-06
1367,valid,0,5.4049383e-06
3490,valid,0,7.469923e-06
7275,valid,0,0.0011819232
183,valid,0,2.2572902e-05
4263,valid,0,0.0013792288
5691,valid,0,0.00014057256
10354,valid,0,0.0025522292
9065,valid,0,0.0002698989
270,valid,0,1.1578865e-05
8330,valid,0,6.6597945e-06
8763,valid,0,0.0006389265
2016,valid,0,5.312495e-06
10333,valid,0,1.2092325e-05
267,valid,0,1.7540924e-05
7014,valid,0,0.0006389265
5210,valid,0,0.00086779374
239,valid,0,1.5995523e-05
1662,valid,0,2.336272e-05
133,valid,0,1.6245105e-05
10700,valid,0,5.3124895e-06
8533,valid,0,0.00041440563
4168,valid,0,1.17320415e-05
6074,valid,0,3.3894965e-05
9090,valid,0,0.0021013245
6976,valid,0,0.002811533
5173,valid,0,0.04238138
9080,valid,0,1.7935188e-05
5267,valid,0,0.017623354
3228,valid,0,0.005291947
7402,valid,0,0.0021262923
1403,valid,0,0.012193317
1411,valid,0,0.0048630494
5274,valid,0,2.8883182e-05
5571,valid,0,0.042495023
9079,valid,0,0.0013844862
6393,valid,0,1.42371455e-05
3465,valid,0,0.002912003
7408,valid,0,6.0976574e-05
10790,valid,0,1.1809444e-05
4039,valid,0,1.0635081e-05
2734,valid,0,0.00020617589
3668,valid,0,0.0021795873
10518,valid,0,1.42371455e-05
9854,valid,0,4.548973e-05
2727,valid,0,4.548973e-05
9308,valid,0,0.0018533963
8921,valid,0,9.178038e-06
8049,valid,0,0.08298355
628,valid,0,2.5206082e-05
7983,valid,0,0.00090991665
1490,valid,0,8.350619e-05
3451,valid,0,1.3246369e-05
10526,valid,0,7.475087e-05
8291,valid,0,9.308354e-06
7253,valid,0,1.1573103e-05
9902,valid,0,0.0015192776
7892,valid,0,0.0015192776
8940,valid,0,0.021980902
4267,valid,0,0.006627087
7893,valid,0,3.6191333e-05
4610,valid,0,7.626641e-05
8234,valid,0,0.0002582667
2976,valid,0,0.0001320639
9822,valid,0,0.00015091071
1825,valid,0,0.00010614339
8530,valid,0,0.00014882105
9099,valid,0,0.00014882105
10711,valid,0,0.0013561998
6742,valid,0,0.0006609084
1850,valid,0,0.00087657914
2118,valid,0,0.0013474331
1399,valid,0,0.0005693727
7701,valid,0,0.00036444553
11034,valid,0,0.00013505858
8457,valid,0,0.00017321977
8374,valid,0,0.00028219871
4496,valid,0,5.4857854e-05
8648,valid,0,0.000121724544
9167,valid,0,0.00024463795
288,valid,0,0.00032185361
5191,valid,0,0.00032185361
5171,valid,0,2.213671e-05
5203,valid,0,0.0006267572
5964,valid,0,2.0431915e-05
9682,valid,0,0.00044315078
2417,valid,0,0.0006304502
9809,valid,0,1.1181217e-05
7251,valid,0,2.1817832e-05
2154,valid,0,0.0006656776
9670,valid,0,0.00034124823
10293,valid,0,0.00043376148
9735,valid,0,2.4710316e-05
10911,valid,0,0.0021945697
7428,valid,0,5.0264352e-05
1721,valid,0,5.0264352e-05
5181,valid,0,5.529695e-05
10983,valid,0,0.00055445824
2426,valid,0,1.4489709e-05
6086,valid,0,0.0014103083
1485,valid,0,2.3802457e-05
6987,valid,0,0.0006127513
1402,valid,0,2.6535132e-05
2032,valid,0,5.459955e-05
3669,valid,0,1.3710478e-05
4261,valid,0,0.00010616674
10693,valid,0,0.0013222881
3876,valid,0,0.0025156944
7693,valid,0,0.00046506795
10650,valid,0,1.4563537e-05
4050,valid,0,2.0509882e-05
9944,valid,0,6.808899e-05
6596,valid,0,0.00046506795
4617,valid,0,1.3784355e-05
1492,valid,0,2.5481657e-05
2728,valid,0,0.0013806472
5800,valid,0,0.00012797615
281,valid,0,1.443472e-05
7423,valid,0,3.6759437e-05
5,valid,0,1.37843435e-05
6704,valid,0,1.4314369e-05
9689,valid,0,1.3784327e-05
6998,valid,0,1.402427e-05
9657,valid,0,0.002042195
10982,valid,0,0.0027412127
7020,valid,0,0.0004856116
3133,valid,0,5.600176e-05
2895,valid,0,0.00024382767
5968,valid,0,0.0016889882
10644,valid,0,0.0020855062
4624,valid,0,0.00082214875
9226,valid,0,0.0034493802
8943,valid,0,1.76919e-05
7919,valid,0,2.5700652e-05
9941,valid,0,6.971324e-05
2353,valid,0,0.0018722892
7214,valid,0,0.003765866
4493,valid,0,7.5023105e-05
2744,valid,0,4.9935956e-05
9627,valid,0,0.00048445308
2160,valid,0,0.0026004745
5713,valid,0,0.002428115
4046,valid,0,0.00012055023
4639,valid,0,0.0039519398
3538,valid,0,0.0039518904
8340,valid,0,5.2306124e-05
3200,valid,0,3.1153737e-05
3680,valid,0,0.0014316535
8986,valid,0,0.004391571
9817,valid,0,7.87817e-05
283,valid,0,0.011746757
8938,valid,0,0.0062911776
826,valid,0,2.6350404e-05
849,valid,0,0.003180881
3518,valid,0,0.0087333685
7407,valid,0,0.0005021599
2165,valid,0,0.016742622
3788,valid,0,0.00022409885
138,valid,0,7.0121328e-06
7886,valid,0,0.0002086001
8574,valid,0,0.0005701157
9224,valid,0,4.380961e-05
7255,valid,0,0.0021961874
10416,valid,0,0.0005021639
5663,valid,0,0.0033668978
242,valid,0,0.0005701157
840,valid,0,0.0005701157
3237,valid,0,6.0025013e-06
3556,valid,0,5.791905e-06
7279,valid,0,8.157762e-05
391,valid,0,0.00011665666
9601,valid,0,0.0004709496
10695,valid,0,5.791893e-06
8016,valid,0,5.791893e-06
6584,valid,0,1.10453075e-05
1647,valid,0,3.7265258e-05
9939,valid,0,0.0016103006
9598,valid,0,7.026294e-05
5344,valid,0,8.947708e-06
3134,valid,0,6.002499e-06
5546,valid,0,0.0016542126
131,valid,0,0.00011164458
4047,valid,0,5.791895e-06
3230,valid,0,8.5711385e-05
1692,valid,0,5.791895e-06
6085,valid,0,8.30697e-06
7878,valid,0,8.30697e-06
2111,valid,0,0.0011913042
10671,valid,0,0.0008943661
10449,valid,0,1.4898808e-05
5970,valid,0,0.00011535949
130,valid,0,3.991103e-05
1398,valid,0,0.0019365632
135,valid,0,1.7847853e-05
5276,valid,0,2.41882e-05
8232,valid,0,9.907428e-05
6705,valid,0,1.2263218e-05
5323,valid,0,2.5225077e-05
10638,valid,0,0.00021347024
827,valid,0,0.002919544
20,valid,0,2.84406e-05
6857,valid,0,9.40549e-06
6390,valid,0,0.00044642598
9321,valid,0,8.597924e-06
8295,valid,0,8.499483e-06
4392,valid,0,1.1508069e-05
5653,valid,0,0.0011440438
3128,valid,0,8.49949e-06
9855,valid,0,0.0008443958
2012,valid,0,2.245361e-05
9864,valid,0,0.0007329198
7916,valid,0,9.950957e-06
10789,valid,0,0.0004845097
5792,valid,0,6.8578294e-05
2110,valid,0,6.0397677e-05
822,valid,0,9.335203e-06
8086,valid,0,0.002367095
8890,valid,0,8.4775e-06
10532,valid,0,0.0005701948
4570,valid,0,0.00074666156
973,valid,0,0.0007194415
626,valid,0,0.0012642442
814,valid,0,0.0011108501
5650,valid,0,1.4587968e-05
1651,valid,0,0.00020342889
8698,valid,0,3.7714257e-05
240,valid,0,1.2618687e-05
2432,valid,0,1.2618687e-05
2162,valid,0,2.9240047e-05
2358,valid,0,0.00016132926
256,valid,0,0.0007194415
10183,valid,0,2.5307618e-05
9624,valid,0,1.15634575e-05
6699,valid,0,0.00073124707
2299,valid,0,1.1241144e-05
8514,valid,0,0.0005418002
5341,valid,0,9.871527e-06
4621,valid,0,1.0926861e-05
7225,valid,0,9.315095e-06
9806,valid,0,0.0010741805
120,valid,0,8.3023415e-06
8066,valid,0,0.0010327543
7010,valid,0,0.0008044479
2015,valid,0,1.2634043e-05
2967,valid,0,0.0009541604
4296,valid,0,0.0035047762
2362,valid,0,0.00066113425
1855,valid,0,0.0006632086
9295,valid,0,8.507932e-06
7707,valid,0,3.4550183e-05
8589,valid,0,2.7388847e-05
7156,valid,0,1.4441849e-05
7221,valid,0,1.2612356e-05
9077,valid,0,1.2853929e-05
1722,valid,0,1.1209227e-05
8044,valid,0,1.0801741e-05
10708,valid,0,0.002556761
10680,valid,0,0.0027516636
8057,valid,0,9.871527e-06
9203,valid,0,9.558463e-06
2292,valid,0,9.558463e-06
10705,valid,0,4.9777973e-06
10360,valid,0,0.0005382156
9605,valid,0,4.6455434e-06
853,valid,0,4.7386075e-06
7264,valid,0,1.1082775e-05
8761,valid,0,8.8248535e-06
10921,valid,0,1.7809485e-05
2365,valid,0,7.1477407e-06
4423,valid,0,0.0008023358
233,valid,0,1.2634028e-05
6030,valid,0,8.302344e-06
9061,valid,0,1.0801746e-05
2428,valid,0,1.7106093e-05
4393,valid,0,1.5515525e-05
8371,valid,0,0.002570934
635,valid,0,2.0015445e-05
1711,valid,0,2.0015445e-05
2363,valid,0,1.8000073e-05
5484,valid,0,1.8000073e-05
9214,valid,0,4.645537e-06
4611,valid,0,0.0003799482
9608,valid,0,3.335138e-05
1658,valid,0,3.335138e-05
6965,valid,0,3.953981e-05
7152,valid,0,8.3023415e-06
9088,valid,0,1.1211134e-05
2907,valid,0,0.001529161
9602,valid,0,4.6993414e-06
10365,valid,0,0.00081835646
10492,valid,0,0.0013528671
9908,valid,0,1.2790565e-05
7994,valid,0,3.0696426e-06
8936,valid,0,0.0007142497
1338,valid,0,0.0005640517
828,valid,0,3.90426e-06
2041,valid,0,7.2076236e-06
3145,valid,0,8.485747e-06
8722,valid,0,4.191972e-06
10415,valid,0,4.2990914e-06
636,valid,0,0.00044021456
9683,valid,0,3.90425e-06
2170,valid,0,3.904254e-06
5813,valid,0,0.0005382156
5550,valid,0,8.384898e-06
2296,valid,0,8.776746e-06
845,valid,0,7.2991593e-06
7872,valid,0,4.987887e-06
4053,valid,0,4.6455384e-06
1652,valid,0,0.00039791845
4324,valid,0,5.350024e-06
271,valid,0,1.313399e-05
5610,valid,0,0.000298875
6572,valid,0,0.00018655996
8284,valid,0,5.64203e-06
9162,valid,0,5.64203e-06
9676,valid,0,6.2899335e-06
7406,valid,0,0.00046103235
1391,valid,0,2.09044e-05
388,valid,0,4.9878854e-06
4342,valid,0,7.2991515e-06
5553,valid,0,8.380814e-06
852,valid,0,4.645537e-06
3012,valid,0,4.7619556e-06
5544,valid,0,4.7619556e-06
5263,valid,0,6.984601e-05
7702,valid,0,4.719964e-05
9868,valid,0,9.677856e-06
124,valid,0,0.002489041
9938,valid,0,0.0009411953
117,valid,0,3.904254e-06
7398,valid,0,3.904251e-06
2923,valid,0,0.0003565477
6573,valid,0,3.9042543e-06
5201,valid,0,3.949475e-06
4434,valid,0,0.0007041941
6697,valid,0,3.9042498e-06
248,valid,0,8.121509e-06
811,valid,0,3.90425e-06
9548,valid,0,0.0006175628
1701,valid,0,3.949473e-06
7634,valid,0,2.9931648e-06
2384,valid,0,3.90425e-06
7218,valid,0,9.564018e-06
2411,valid,0,4.6455434e-06
5334,valid,0,0.00022836516
8376,valid,0,0.00014393368
8349,valid,0,9.754814e-06
1484,valid,0,4.19197e-06
2984,valid,0,3.6852376e-05
3678,valid,0,3.9494726e-06
8005,valid,0,3.9494803e-06
10544,valid,0,8.534981e-05
6717,valid,0,4.0884984e-06
8891,valid,0,4.6455352e-06
9235,valid,0,4.0020977e-06
2,valid,0,4.0020977e-06
8887,valid,0,0.00010039462
8054,valid,0,3.9042498e-06
6738,valid,0,3.9494757e-06
9161,valid,0,3.9494757e-06
4056,valid,0,3.949477e-06
226,valid,0,3.9494776e-06
1237,valid,0,3.5614603e-06
3468,valid,0,4.7619433e-06
2368,valid,0,1.2155495e-05
9955,valid,0,5.294115e-05
5771,valid,0,2.6286269e-05
125,valid,0,0.00012050589
9629,valid,0,4.0897576e-06
9848,valid,0,3.9042525e-06
3004,valid,0,2.9134446e-06
3482,valid,0,0.00029054825
8874,valid,0,5.5996406e-06
3151,valid,0,7.046936e-06
8084,valid,0,0.00014250273
2424,valid,0,9.454501e-06
6723,valid,0,0.00039791496
2905,valid,0,6.845049e-06
9953,valid,0,5.711833e-06
851,valid,0,3.904254e-06
9847,valid,0,5.437832e-06
1607,valid,0,0.00036012748
4322,valid,0,3.9042557e-06
2105,valid,0,0.0001415882
9860,valid,0,7.0651645e-06
8001,valid,0,0.00029054825
5808,valid,0,4.0430845e-05
10651,valid,0,4.733913e-05
10332,valid,0,4.459315e-06
3124,valid,0,4.459315e-06
1861,valid,0,3.9042516e-06
9545,valid,0,8.231678e-05
9531,valid,0,3.90425e-06
9047,valid,0,3.94948e-06
6075,valid,0,9.512572e-06
848,valid,0,4.0397795e-06
5483,valid,0,4.0397795e-06
3126,valid,0,8.792283e-06
7410,valid,0,4.1318963e-06
3221,valid,0,1.9897463e-05
4054,valid,0,0.0003565477
9832,valid,0,0.0009411953
10174,valid,0,4.484232e-06
1374,valid,0,4.484232e-06
6995,valid,0,0.0003799482
7921,valid,0,9.860068e-06
7990,valid,0,5.558094e-06
837,valid,0,5.558094e-06
9317,valid,0,4.699335e-06
641,valid,0,4.699335e-06
5177,valid,0,9.454513e-06
2129,valid,0,3.9042498e-06
8296,valid,0,4.0843224e-06
8976,valid,0,3.949473e-06
6583,valid,0,9.386232e-06
3665,valid,0,1.1184706e-05
2737,valid,0,5.614101e-06
4034,valid,0,5.614101e-06
8651,valid,0,5.2862574e-06
3558,valid,0,0.00029054825
9844,valid,0,0.00039246914
7007,valid,0,3.9042525e-06
4252,valid,0,2.6236905e-05
9209,valid,0,3.9143692e-06
7996,valid,0,3.0330368e-06
8752,valid,0,3.904253e-06
1871,valid,0,1.2954233e-05
9614,valid,0,5.830276e-06
10648,valid,0,3.9494744e-06
3398,valid,0,0.00033970497
2017,valid,0,3.9494726e-06
9225,valid,0,0.00024383648
9834,valid,0,3.9042575e-06
8886,valid,0,4.6993396e-06
8705,valid,0,5.0441326e-06
7629,valid,0,3.461461e-05
9215,valid,0,3.461461e-05
241,valid,0,3.9494757e-06
3231,valid,0,3.9475735e-06
9057,valid,0,4.0020873e-06
1478,valid,0,1.5011871e-05
6841,valid,0,3.949482e-06
7153,valid,0,4.645537e-06
7155,valid,0,7.2305183e-06
3191,valid,0,7.2305183e-06
10496,valid,0,6.2899358e-06
6035,valid,0,3.904254e-06
6964,valid,0,6.309971e-05
6026,valid,0,3.904249e-06
8456,valid,0,4.3583408e-05
4148,valid,0,6.680039e-06
9108,valid,0,0.0004890842
4327,valid,0,4.645537e-06
8646,valid,0,5.2862574e-06
820,valid,0,0.00032239713
9720,valid,0,4.1249573e-06
10979,valid,0,0.0029437484
9103,valid,0,1.9902953e-05
9285,valid,0,0.0007353151
108,valid,0,0.003045919
7207,valid,0,3.482657e-05
4169,valid,0,5.4916884e-05
5607,valid,0,4.1680607e-05
9609,valid,0,0.003045919
1706,valid,0,3.9042557e-06
4632,valid,0,3.9042525e-06
2486,valid,0,0.00018645673
5702,valid,0,0.0012810037
5329,valid,0,4.002093e-06
4328,valid,0,1.1834748e-05
8045,valid,0,3.9042498e-06
2915,valid,0,6.757964e-06
2293,valid,0,5.478966e-06
10799,valid,0,0.000253853
8565,valid,0,1.9312673e-05
9206,valid,0,0.00010039462
10291,valid,0,4.1863725e-05
8289,valid,0,2.4337829e-05
8878,valid,0,1.9536452e-05
9323,valid,0,2.4556079e-05
5960,valid,0,0.0034766716
6996,valid,0,3.8572776e-05
4335,valid,0,1.9560985e-05
8329,valid,0,1.9592744e-05
9710,valid,0,2.0645044e-05
1183,valid,0,0.0009411953
181,valid,0,0.00018645673
290,valid,0,3.5256802e-05
7172,valid,0,6.911058e-06
854,valid,0,4.9872393e-05
7396,valid,0,3.9981216e-05
6729,valid,0,0.0077172457
9867,valid,0,4.777138e-05
7891,valid,0,2.469738e-05
10359,valid,0,0.0027049654
2481,valid,0,0.005914385
8922,valid,0,2.1166139e-05
2921,valid,0,3.286742e-05
846,valid,0,2.4883302e-05
980,valid,0,0.008202428
9401,valid,0,0.00018735616
2370,valid,0,0.008048982
10425,valid,0,0.00011800674
1606,valid,0,0.00011800674
9600,valid,0,2.0272348e-05
8515,valid,0,2.769873e-05
8918,valid,0,2.769873e-05
6598,valid,0,1.956102e-05
835,valid,0,1.9356285e-05
3488,valid,0,2.1446149e-05
10703,valid,0,1.978763e-05
8883,valid,0,1.9312745e-05
10641,valid,0,1.9312742e-05
1625,valid,0,1.9561008e-05
7685,valid,0,3.9042498e-06
9089,valid,0,2.7816655e-05
2483,valid,0,0.002418943
2414,valid,0,0.0038256885
2143,valid,0,3.52027e-05
5473,valid,0,3.52027e-05
1581,valid,0,6.0300852e-05
3142,valid,0,2.4274917e-05
10324,valid,0,0.008464148
7766,valid,0,0.0038061084
2005,valid,0,0.0033871403
3149,valid,0,2.4274921e-05
7690,valid,0,2.49476e-05
6587,valid,0,0.00039246914
2106,valid,0,2.0751311e-05
6746,valid,0,3.949481e-06
6079,valid,0,1.1211077e-05
10540,valid,0,0.0039495365
2892,valid,0,0.0026719363
607,valid,0,4.969733e-05
4377,valid,0,1.0491042e-05
2888,valid,0,8.391957e-05
7999,valid,0,1.6845088e-05
9736,valid,0,0.0021864555
400,valid,0,2.5865573e-05
614,valid,0,3.0288285e-05
6601,valid,0,1.1816334e-05
1853,valid,0,3.3785018e-05
7403,valid,0,4.1986717e-05
3535,valid,0,0.00012417858
8446,valid,0,0.0016290569
3144,valid,0,1.4826251e-05
7631,valid,0,0.004001218
5811,valid,0,1.6509246e-05
264,valid,0,0.0047070133
6067,valid,0,1.2383344e-05
7012,valid,0,8.044195e-06
4309,valid,0,0.00020945237
9730,valid,0,7.952113e-06
7917,valid,0,0.0030506134
6599,valid,0,1.1364185e-05
2914,valid,0,7.952094e-06
4055,valid,0,1.0269291e-05
1595,valid,0,3.5021076e-05
7416,valid,0,7.952104e-06
3770,valid,0,1.86309e-05
9882,valid,0,0.0003232918
3878,valid,0,0.0019966078
9046,valid,0,0.00021214421
7159,valid,0,1.2441249e-05
4302,valid,0,0.0046867207
6031,valid,0,2.3603838e-05
3459,valid,0,1.2419507e-05
7397,valid,0,2.680307e-05
4048,valid,0,7.952116e-06
7252,valid,0,1.1211062e-05
9227,valid,0,0.003929995
5343,valid,0,1.7087128e-05
3011,valid,0,1.8582818e-05
252,valid,0,8.090497e-06
6715,valid,0,8.401621e-06
8748,valid,0,1.7087137e-05
985,valid,0,7.952105e-06
992,valid,0,7.952112e-06
8584,valid,0,1.2066578e-05
8721,valid,0,0.00023890773
2750,valid,0,7.952095e-06
10794,valid,0,0.0012712248
5814,valid,0,1.7507702e-05
2420,valid,0,3.1225933e-05
268,valid,0,0.00014709172
1857,valid,0,2.5144951e-05
9204,valid,0,6.662815e-06
4308,valid,0,6.662815e-06
3486,valid,0,0.0022153794
7119,valid,0,1.0766913e-05
855,valid,0,1.2175556e-05
4323,valid,0,7.952108e-06
7694,valid,0,7.95212e-06
1584,valid,0,0.0016571496
2155,valid,0,1.14051345e-05
8765,valid,0,0.001982309
7268,valid,0,1.7814416e-05
9172,valid,0,0.0001471969
1598,valid,0,0.0001471969
9532,valid,0,3.6313948e-05
2275,valid,0,0.00096673094
1518,valid,0,1.0612565e-05
1698,valid,0,1.0612565e-05
3141,valid,0,1.0491057e-05
3123,valid,0,1.04910605e-05
815,valid,0,1.1211062e-05
9092,valid,0,1.2175556e-05
4320,valid,0,1.2316589e-05
829,valid,0,8.044205e-06
7160,valid,0,9.232991e-05
3533,valid,0,7.952126e-06
1381,valid,0,0.001588832
9282,valid,0,6.594104e-06
2158,valid,0,0.0007210891
6979,valid,0,2.1345384e-05
10646,valid,0,2.1497286e-05
8288,valid,0,6.5941117e-06
3467,valid,0,6.5941094e-06
9296,valid,0,0.0007764309
8570,valid,0,7.964956e-05
6306,valid,0,0.003952436
1528,valid,0,9.6976015e-05
2408,valid,0,1.9480363e-05
10455,valid,0,6.6597772e-06
3460,valid,0,6.5940962e-06
100,valid,0,2.2135067e-05
1695,valid,0,2.0149413e-05
7368,valid,0,0.0168003
2399,valid,0,6.6770144e-06
137,valid,0,8.383299e-06
9222,valid,0,6.764234e-05
11031,valid,0,1.9958235e-05
5574,valid,0,6.6597763e-06
2423,valid,0,6.7369215e-06
7691,valid,0,6.9198136e-06
5987,valid,0,0.001068789
2100,valid,0,3.281573e-05
4150,valid,0,0.0021819267
2116,valid,0,0.0011328186
9677,valid,0,0.0023108055
7115,valid,0,0.0008481204
7888,valid,0,1.1499158e-05
9850,valid,0,5.312474e-06
7413,valid,0,1.7223305e-05
6971,valid,0,0.0008734101
9942,valid,0,2.185663e-05
5183,valid,0,6.7088695e-06
686,valid,0,0.0011725245
2018,valid,0,6.6597854e-06
4298,valid,0,0.000590951
2034,valid,0,6.847635e-06
8229,valid,0,6.574337e-05
9093,valid,0,9.457493e-06
10864,valid,0,9.457493e-06
9311,valid,0,0.000702709
9309,valid,0,1.6564096e-05
10653,valid,0,0.0006389265
8997,valid,0,5.3124795e-06
2960,valid,0,0.0012810117
9299,valid,0,1.6392509e-05
7277,valid,0,1.48673025e-05
136,valid,0,6.594104e-06
8696,valid,0,5.312474e-06
10452,valid,0,6.6597995e-06
5560,valid,0,6.6597886e-06
843,valid,0,8.320933e-06
3559,valid,0,6.6598163e-06
2163,valid,0,6.5941017e-06
4384,valid,0,5.312472e-06
6230,valid,0,1.1459898e-05
9293,valid,0,0.0008410578
101,valid,0,7.316096e-06
4186,valid,0,1.4301732e-05
251,valid,0,6.73692e-06
3464,valid,0,6.5940953e-06
236,valid,0,8.38329e-06
6603,valid,0,7.5974135e-06
8351,valid,0,1.4343815e-05
10421,valid,0,0.0011996605
9691,valid,0,0.00073353463
5563,valid,0,7.0513047e-06
4329,valid,0,2.1421558e-05
3553,valid,0,6.6597763e-06
5478,valid,0,1.351061e-05
8877,valid,0,0.0023757843
1851,valid,0,6.6597827e-06
8880,valid,0,6.7369247e-06
8281,valid,0,0.00084941986
8297,valid,0,1.0630539e-05
2430,valid,0,0.00096257275
3544,valid,0,7.6192846e-06
2406,valid,0,3.4407993e-05
8756,valid,0,5.3124777e-06
8000,valid,0,5.3124777e-06
5690,valid,0,1.719675e-05
10677,valid,0,8.176941e-05
5165,valid,0,7.1929535e-06
7689,valid,0,8.568997e-05
2372,valid,0,5.374005e-06
4319,valid,0,5.3124772e-06
6991,valid,0,5.3740123e-06
11027,valid,0,8.845642e-06
2922,valid,0,1.0630539e-05
10858,valid,0,1.5782203e-05
9678,valid,0,5.3124822e-06
90,valid,0,0.0004402884
3513,valid,0,0.0006019814
9533,valid,0,9.58393e-06
3294,valid,0,9.58393e-06
9083,valid,0,5.312474e-06
991,valid,0,5.3124845e-06
9959,valid,0,0.00044029468
1866,valid,0,6.920909e-06
8534,valid,0,3.9023747e-05
3232,valid,0,7.2460953e-06
10673,valid,0,2.257289e-05
5804,valid,0,1.2225574e-05
1715,valid,0,5.312471e-06
974,valid,0,0.0006389265
4389,valid,0,2.2372975e-05
6245,valid,0,1.2225611e-05
286,valid,0,1.0971882e-05
275,valid,0,1.05374975e-05
263,valid,0,5.312481e-06
6978,valid,0,1.2225609e-05
6837,valid,0,5.3740096e-06
1603,valid,0,0.0017062546
1605,valid,0,0.0006389265
8019,valid,0,0.000702709
2048,valid,0,0.0006389265
273,valid,0,5.312474e-06
230,valid,0,5.3124822e-06
4305,valid,0,1.4169718e-05
6736,valid,0,7.619302e-06
2167,valid,0,1.0630539e-05
9654,valid,0,1.0926493e-05
3456,valid,0,1.2832143e-05
289,valid,0,0.00052447105
8876,valid,0,7.6192846e-06
10541,valid,0,5.3746204e-05
6579,valid,0,7.191812e-05
3192,valid,0,0.00052447105
3656,valid,0,7.619282e-06
1710,valid,0,5.3740146e-06
8332,valid,0,5.5056657e-06
8090,valid,0,5.111251e-05
7220,valid,0,0.0017062546
10866,valid,0,5.3740096e-06
3473,valid,0,5.3740096e-06
7381,valid,0,0.00014126241
6045,valid,0,1.1605848e-05
2042,valid,0,5.6127164e-06
2359,valid,0,8.090878e-06
4184,valid,0,5.212664e-05
9712,valid,0,0.0006389265
1593,valid,0,5.3124745e-06
2919,valid,0,1.1897208e-05
9405,valid,0,1.609253e-05
9597,valid,0,7.6193e-06
2736,valid,0,7.6193e-06
1238,valid,0,7.789017e-06
9899,valid,0,5.3124822e-06
8324,valid,0,0.00015080873
2367,valid,0,0.0015299781
3227,valid,0,0.00066350715
4262,valid,0,1.1605858e-05
3515,valid,0,1.1350441e-05
5339,valid,0,1.1605898e-05
4149,valid,0,0.00012814454
3224,valid,0,0.0019375653
9097,valid,0,0.00077183574
2056,valid,0,1.6645201e-05
5651,valid,0,2.8357543e-05
9071,valid,0,1.1605874e-05
2020,valid,0,0.0010825859
7198,valid,0,0.0039910865
2108,valid,0,1.3536195e-05
5797,valid,0,2.1159993e-05
8292,valid,0,7.809144e-06
5764,valid,0,0.0022538635
8011,valid,0,0.0015299781
4648,valid,0,0.0018216821
7260,valid,0,2.1516287e-05
4044,valid,0,0.0026738455
2049,valid,0,0.00039791496
9043,valid,0,1.1867949e-05
9073,valid,0,4.052566e-05
1700,valid,0,2.6126807e-05
10714,valid,0,1.2026008e-05
7769,valid,0,5.5804176e-05
5207,valid,0,0.0011280531
118,valid,0,0.0016624267
696,valid,0,1.9015528e-05
8923,valid,0,0.004934997
4045,valid,0,1.5469968e-05
7117,valid,0,0.0005027264
10489,valid,0,1.5402597e-05
5700,valid,0,0.0016740911
2148,valid,0,4.008575e-05
8978,valid,0,2.0430642e-05
8322,valid,0,0.000120967634
6301,valid,0,0.00024877844
4297,valid,0,0.0052730194
10685,valid,0,0.0007156988
7920,valid,0,1.193625e-05
4435,valid,0,0.0009411953
1341,valid,0,2.1288455e-05
5214,valid,0,0.0015927905
1626,valid,0,4.8780807e-05
6313,valid,0,1.1732028e-05
7150,valid,0,0.0018622057
6577,valid,0,2.6475152e-05
8323,valid,0,0.0013814982
4622,valid,0,1.8504319e-05
9546,valid,0,6.623657e-05
2402,valid,0,1.6330543e-05
3667,valid,0,0.0059981877
4565,valid,0,1.9187617e-05
6856,valid,0,1.8504319e-05
1812,valid,0,0.00014444126
2898,valid,0,6.29772e-05
1852,valid,0,0.044835813
6392,valid,0,3.4051493e-05
3127,valid,0,1.1732062e-05
2725,valid,0,3.229727e-05
2482,valid,0,2.682772e-05
9835,valid,0,0.0017925435
6852,valid,0,3.253993e-05
7269,valid,0,0.04238138
9692,valid,0,1.3399844e-05
10690,valid,0,3.9688304e-05
1407,valid,0,1.8722045e-05
1,valid,0,3.2539887e-05
4303,valid,0,1.4649372e-05
6308,valid,0,1.4605836e-05
8338,valid,0,5.9835344e-05
7989,valid,0,2.6827784e-05
7991,valid,0,2.6867727e-05
10446,valid,0,2.6867727e-05
9207,valid,0,9.716114e-05
8303,valid,0,0.00012473721
1821,valid,0,0.00017876789
176,valid,0,3.0458594e-05
9074,valid,0,0.0018370419
6238,valid,0,0.0006432198
2980,valid,0,1.2201547e-05
2046,valid,0,0.0025919834
6741,valid,0,1.2731962e-05
5658,valid,0,1.3904729e-05
6073,valid,0,1.3074674e-05
1671,valid,0,0.0008700949
7266,valid,0,5.8065372e-05
1872,valid,0,8.425766e-06
1353,valid,0,0.000115227216
2131,valid,0,0.0033019125
10287,valid,0,6.520462e-05
224,valid,0,2.8027474e-05
4487,valid,0,0.0020541241
7021,valid,0,0.0008550174
7632,valid,0,0.00014562829
5194,valid,0,0.0069281883
9111,valid,0,0.00027374967
7409,valid,0,4.648527e-05
2409,valid,0,5.345547e-05
11026,valid,0,1.3546149e-05
4190,valid,0,8.636892e-06
10798,valid,0,6.63462e-05
6307,valid,0,8.713375e-06
6040,valid,0,1.3808661e-05
7882,valid,0,7.033432e-06
8454,valid,0,0.006500213
4618,valid,0,0.005850187
7982,valid,0,1.9103854e-05
3147,valid,0,0.0013844862
8567,valid,0,0.0025873042
2153,valid,0,0.0018294103
2896,valid,0,2.431378e-05
5773,valid,0,0.0020657468
6849,valid,0,2.7906775e-05
3392,valid,0,1.9187657e-05
2361,valid,0,2.816635e-05
8885,valid,0,6.097653e-05
1859,valid,0,9.396675e-05
10654,valid,0,2.1833328e-05
3879,valid,0,1.0751513e-05
836,valid,0,8.230912e-06
7161,valid,0,0.013751535
9595,valid,0,1.8773797e-05
6299,valid,0,0.00064320327
10530,valid,0,7.778464e-05
3136,valid,0,0.00077826215
186,valid,0,8.054102e-05
9596,valid,0,1.5670677e-05
3786,valid,0,0.0052391547
1243,valid,0,0.0028610132
7005,valid,0,0.0017286415
9910,valid,0,1.7802282e-05
1604,valid,0,1.7977987e-05
3189,valid,0,0.00016143615
9315,valid,0,1.9337616e-05
7695,valid,0,0.0029956037
2356,valid,0,1.8892319e-05
4641,valid,0,0.0021357278
10179,valid,0,2.1386846e-05
2011,valid,0,0.0017799
4627,valid,0,3.579088e-05
200,valid,0,0.020945895
9054,valid,0,1.691775e-05
9885,valid,0,1.691775e-05
1362,valid,0,0.00834933
5694,valid,0,1.8722068e-05
3212,valid,0,1.3436726e-05
4173,valid,0,0.00834933
8301,valid,0,1.1835176e-05
7206,valid,1,0.27117026
10859,valid,0,1.3368066e-05
1339,valid,0,0.013519335
5184,valid,0,0.0023097058
5704,valid,0,1.1123589e-05
10057,valid,0,2.2599175e-05
1360,valid,0,0.0059207757
119,valid,0,2.0520247e-05
6592,valid,0,2.4043487e-05
9907,valid,0,3.589111e-05
5777,valid,0,1.7297905e-05
857,valid,0,8.713382e-06
7165,valid,0,2.4935065e-05
4311,valid,0,1.0452916e-05
3527,valid,0,1.0255457e-05
9856,valid,0,5.005483e-05
7110,valid,0,0.0051373905
4502,valid,0,0.00030511193
2157,valid,0,1.964951e-05
5166,valid,0,0.0018438244
8992,valid,0,0.011062882
7980,valid,0,9.131398e-06
7179,valid,0,1.2201547e-05
1858,valid,0,3.428263e-05
11017,valid,0,1.14854865e-05
5609,valid,0,0.0009973134
8929,valid,0,3.336368e-05
9606,valid,0,1.172774e-05
4178,valid,0,0.0006787154
8382,valid,0,0.00067009573
4491,valid,0,9.453316e-06
8944,valid,0,0.0027805625
7880,valid,0,0.005658515
10783,valid,0,8.712169e-06
2171,valid,0,2.816631e-05
9862,valid,0,0.0027681564
1816,valid,0,0.003245461
9289,valid,0,8.7133785e-06
2890,valid,0,7.2540446e-05
249,valid,0,0.0010004744
3487,valid,0,0.015308252
3233,valid,0,0.004484155
9320,valid,0,1.8359658e-05
8235,valid,0,0.00012401583
7885,valid,0,1.2578981e-05
5790,valid,0,1.4649372e-05
1608,valid,0,0.0011996523
6839,valid,0,8.404012e-06
4147,valid,0,2.1073463e-05
5796,valid,0,1.2201552e-05
132,valid,0,5.1836614e-05
3540,valid,0,0.026515862
3234,valid,0,0.009902637
2440,valid,0,0.0048630494
7013,valid,0,0.0015192776
5198,valid,0,0.0036082577
856,valid,0,8.387192e-06
10519,valid,0,0.00077745534
5980,valid,0,0.0031728656
6597,valid,0,0.0014939439
9075,valid,0,0.007148043
8889,valid,0,1.379877e-05
4250,valid,0,0.009033613
6961,valid,0,0.0013021488
1481,valid,0,0.0013271063
1577,valid,0,3.3652188e-05
7108,valid,0,0.0019860908
4613,valid,0,2.2752727e-05
7105,valid,0,0.00023682302
4295,valid,0,8.9048655e-05
3792,valid,0,0.00022673607
250,valid,0,1.966657e-05
7898,valid,0,2.014947e-05
2891,valid,0,2.014947e-05
1811,valid,0,0.00020563128
9168,valid,0,2.6196087e-05
3455,valid,0,2.6196087e-05
10716,valid,0,0.0002056367
6726,valid,0,0.00021399146
5667,valid,0,0.00015021785
13,valid,0,0.00022097846
1862,valid,0,2.7065886e-05
5271,valid,0,2.016594e-05
8657,valid,0,0.000121456935
10674,valid,0,7.95033e-06
6068,valid,0,0.00022276645
9711,valid,0,0.00026603747
8052,valid,0,1.8347746e-05
9101,valid,0,1.8347746e-05
1380,valid,0,8.173878e-05
2159,valid,0,3.297826e-05
3554,valid,0,0.00018948062
2052,valid,0,2.5462667e-05
5809,valid,0,7.895221e-05
3661,valid,0,2.0624811e-05
7753,valid,0,0.0001446079
693,valid,0,0.0001072497
627,valid,0,5.6798643e-05
10284,valid,0,5.7728208e-05
1195,valid,0,0.00014882105
2489,valid,0,0.00014882105
9820,valid,0,0.00010680832
11030,valid,0,0.0001072497
4299,valid,0,5.345432e-05
88,valid,0,7.884561e-06
1366,valid,0,0.00013844472
2150,valid,0,6.9753056e-05
1627,valid,0,0.0024898676
7425,valid,0,5.8354144e-05
9291,valid,0,5.8354144e-05
6590,valid,0,0.0015516215
9900,valid,0,5.345765e-05
10639,valid,0,7.824519e-05
1363,valid,0,0.00089891575
3662,valid,0,0.0010372258
8062,valid,0,0.001067545
9675,valid,0,7.000118e-05
2383,valid,0,0.0015486366
5972,valid,0,0.0018923613
9719,valid,0,0.00027372545
6028,valid,0,3.0983545e-05
10528,valid,0,0.00044436503
9211,valid,0,0.00067632785
8061,valid,0,2.1671798e-05
1349,valid,0,2.1671798e-05
116,valid,0,2.5823914e-05
390,valid,0,0.0006437272
8225,valid,0,0.0005193094
1702,valid,0,1.4795005e-05
9879,valid,0,6.0762162e-05
4425,valid,0,0.00050628535
5476,valid,0,0.0001386612
11037,valid,0,5.828562e-05
606,valid,0,0.00011136909
619,valid,0,4.6127992e-05
10676,valid,0,4.9407354e-06
2729,valid,0,1.9626801e-05
10867,valid,0,0.00014587045
1196,valid,0,0.00038509155
2733,valid,0,0.00018672568
7635,valid,0,2.1579055e-05
10643,valid,0,1.1207116e-05
2436,valid,0,1.9332976e-05
4558,valid,0,0.00015635598
3590,valid,0,0.000101392376
981,valid,0,6.9538044e-05
1823,valid,0,0.00010276504
3007,valid,0,0.00010029848
10791,valid,0,0.00010363483
1357,valid,0,0.00012074451
1185,valid,0,0.0001277713
1665,valid,0,0.00010363483
8381,valid,0,0.0004130198
5776,valid,0,0.00044863572
3296,valid,0,0.0003112786
5647,valid,0,1.634403e-05
5986,valid,0,0.00018886641
9821,valid,0,2.3045679e-05
178,valid,0,1.7376333e-05
1245,valid,0,5.4857854e-05
5996,valid,0,0.0023201932
7755,valid,0,1.0160018e-05
5213,valid,0,4.4213324e-05
1382,valid,0,1.2393901e-05
1486,valid,0,0.00040207087
10290,valid,0,0.00035541694
7166,valid,0,3.6246594e-05
9933,valid,0,0.00055631105
6595,valid,0,0.0005616125
4562,valid,0,0.00013873282
3877,valid,0,3.9693892e-05
8879,valid,0,0.00010042046
1661,valid,0,3.9694038e-05
9662,valid,0,0.0012420588
4269,valid,0,0.0012420588
1650,valid,0,0.001791363
824,valid,0,1.42210665e-05
1392,valid,0,1.42210665e-05
8706,valid,0,0.001722649
4633,valid,0,1.6983295e-05
1848,valid,0,8.9021945e-05
9076,valid,0,2.9823996e-05
85,valid,0,3.2512595e-05
1864,valid,0,3.2512657e-05
8693,valid,0,0.00044315078
9723,valid,0,1.3295513e-05
9892,valid,0,1.925923e-05
2350,valid,0,1.3379698e-05
8009,valid,0,1.3379712e-05
6722,valid,0,0.0016772418
9094,valid,0,2.4736328e-05
5268,valid,0,1.0257107e-05
6990,valid,0,2.0629823e-05
3394,valid,0,2.0629823e-05
825,valid,0,2.3833223e-05
7212,valid,0,1.8945646e-05
4188,valid,0,1.8945544e-05
638,valid,0,1.575208e-05
7752,valid,0,0.0021892241
238,valid,0,0.00066937343
7401,valid,0,4.066066e-05
6310,valid,0,1.6797352e-05
9098,valid,0,1.6797352e-05
9292,valid,0,2.5443202e-05
1406,valid,0,6.697962e-05
7852,valid,0,0.00016418788
6740,valid,0,2.1817845e-05
3293,valid,0,3.072212e-05
10289,valid,0,3.6522153e-05
10786,valid,0,3.6850874e-05
2145,valid,0,3.6850874e-05
11029,valid,0,0.0003260113
6043,valid,0,0.0014028212
9838,valid,0,4.1504678e-05
2348,valid,0,8.198775e-05
229,valid,0,0.0027329612
8348,valid,0,0.00032756757
1493,valid,0,0.00043376148
4574,valid,0,1.5562087e-05
3138,valid,0,2.4693896e-05
10800,valid,0,4.108707e-05
3799,valid,0,9.032764e-06
4388,valid,0,0.0007184008
9713,valid,0,0.0017451479
9237,valid,0,5.422597e-05
3226,valid,0,9.051372e-05
1198,valid,0,0.0002871457
611,valid,0,9.72288e-05
9831,valid,0,2.2210626e-05
812,valid,0,2.2210626e-05
3210,valid,0,0.0021061357
2745,valid,0,0.00053148717
3389,valid,0,2.1310734e-05
5333,valid,0,1.9113138e-05
2982,valid,0,1.4231535e-05
8350,valid,0,0.00092190865
6989,valid,0,1.3909139e-05
5815,valid,0,1.5830901e-05
10984,valid,0,0.00024789586
3218,valid,0,1.24510425e-05
7875,valid,0,1.2649603e-05
2127,valid,0,2.3308416e-05
8453,valid,0,0.0016443158
8524,valid,0,2.3882196e-05
10550,valid,0,0.00044315078
3207,valid,0,3.2993434e-05
8448,valid,0,0.00044315078
3458,valid,0,7.612836e-05
4559,valid,0,2.0862693e-05
6578,valid,0,2.3160324e-05
4488,valid,0,2.249389e-05
7374,valid,0,1.0931522e-05
7418,valid,0,0.00048444024
6029,valid,0,3.5384717e-05
11024,valid,0,3.5384717e-05
5222,valid,0,1.9004872e-05
5963,valid,0,7.086806e-05
6044,valid,0,2.0588352e-05
94,valid,0,0.0004368324
3675,valid,0,4.231535e-05
3148,valid,0,1.3200908e-05
9051,valid,0,1.3823777e-05
2047,valid,0,1.3200919e-05
9091,valid,0,0.00046506795
1666,valid,0,2.9545894e-05
2019,valid,0,2.9545894e-05
10691,valid,0,1.4007909e-05
6580,valid,0,6.757073e-06
8747,valid,0,0.00012256019
10537,valid,0,2.4241539e-05
7419,valid,0,7.422206e-05
3660,valid,0,0.0009045539
4609,valid,0,2.023623e-05
4137,valid,0,1.39471385e-05
858,valid,0,1.3680943e-05
102,valid,0,0.0001501007
5981,valid,0,0.00070697634
2731,valid,0,0.00016589728
6080,valid,0,1.9862282e-05
629,valid,0,1.9862282e-05
3223,valid,0,0.00046506795
4332,valid,0,3.0139052e-05
2429,valid,0,0.00015385573
3790,valid,0,1.6355578e-05
3006,valid,0,1.7447484e-05
7154,valid,0,4.8941623e-05
5190,valid,0,9.868823e-05
2376,valid,0,1.3823769e-05
813,valid,0,1.3200917e-05
10792,valid,0,2.331636e-05
8287,valid,0,0.00044171655
2135,valid,0,0.0013222881
7006,valid,0,1.3665529e-05
3295,valid,0,1.6628028e-05
6737,valid,0,0.00046506795
6744,valid,0,1.9911207e-05
10448,valid,0,1.3200902e-05
6389,valid,0,1.08123e-05
7422,valid,0,0.00044171655
2978,valid,0,1.8913326e-05
6388,valid,0,0.00012256019
8328,valid,0,0.00015585987
5569,valid,0,7.633339e-05
9,valid,0,3.254726e-05
1488,valid,0,3.254726e-05
1387,valid,0,1.6793621e-05
2400,valid,0,1.6793621e-05
8282,valid,0,1.3784339e-05
1654,valid,0,0.000119178265
2920,valid,0,2.1890799e-05
10491,valid,0,0.0013799103
9549,valid,0,3.340809e-05
1597,valid,0,0.00046506795
7148,valid,0,0.0004856116
10493,valid,0,0.0004612292
2439,valid,0,0.00039973078
1697,valid,0,0.0004856116
6087,valid,0,6.9106405e-05
5810,valid,0,1.7718296e-05
1182,valid,0,0.0004612292
8576,valid,0,1.7224429e-05
9617,valid,0,0.0001534178
2983,valid,0,1.8416142e-05
2022,valid,0,0.0004856116
4381,valid,0,1.3784323e-05
1344,valid,0,8.4248044e-05
3517,valid,0,8.4248044e-05
8983,valid,0,1.2425082e-05
2036,valid,0,1.3616626e-05
5225,valid,0,0.00012797615
14,valid,0,1.6359203e-05
6716,valid,0,0.000119178265
8996,valid,0,1.3784327e-05
2738,valid,0,0.0007434531
259,valid,0,0.00039589358
6711,valid,0,1.3784321e-05
6240,valid,0,1.9318592e-05
9876,valid,0,0.0003750746
6745,valid,0,0.0004856116
8299,valid,0,0.00040401422
2981,valid,0,0.00028846166
6846,valid,0,1.3819977e-05
6318,valid,0,1.3784323e-05
6992,valid,0,8.988776e-06
810,valid,0,1.37843435e-05
4634,valid,0,1.443472e-05
1854,valid,0,0.0004856116
7107,valid,0,2.0069121e-05
5784,valid,0,0.00037720997
1346,valid,0,0.0001567335
397,valid,0,1.3427056e-05
3537,valid,0,1.37843435e-05
10697,valid,0,1.3784321e-05
9688,valid,0,0.0007592246
9539,valid,0,1.3784323e-05
8334,valid,0,6.972768e-05
266,valid,0,0.0004856116
7686,valid,0,1.3784329e-05
833,valid,0,3.553501e-05
7201,valid,0,1.4434711e-05
2730,valid,0,9.005714e-05
7205,valid,0,8.9356676e-05
5552,valid,0,9.481969e-05
8892,valid,0,0.0038177753
9913,valid,0,0.0001249107
2404,valid,0,6.892928e-05
7863,valid,0,0.000108086446
4185,valid,0,0.000108086446
834,valid,0,0.0009209023
5793,valid,0,2.0553234e-05
2138,valid,0,0.0066203573
10479,valid,0,4.417497e-05
3598,valid,0,0.0004461138
8770,valid,0,1.4434716e-05
6036,valid,0,8.779092e-05
7273,valid,0,1.3784321e-05
8569,valid,0,4.16301e-05
5984,valid,0,3.9008148e-05
8587,valid,0,3.9008148e-05
4645,valid,0,0.00011665719
1244,valid,0,0.0017471013
697,valid,0,0.0004461138
2425,valid,0,0.004035376
6315,valid,0,3.9539013e-05
9663,valid,0,3.9539013e-05
9543,valid,0,4.16301e-05
6980,valid,0,6.758631e-05
9176,valid,0,6.758631e-05
9897,valid,0,4.4175096e-05
7376,valid,0,0.0010155593
4615,valid,0,4.3063945e-05
8014,valid,0,4.064108e-05
9846,valid,0,4.1630236e-05
246,valid,0,4.2558546e-05
2031,valid,0,0.00022293084
6701,valid,0,4.2040778e-05
5652,valid,0,0.0019452267
4325,valid,0,4.163017e-05
244,valid,0,4.0641233e-05
639,valid,0,0.013173602
7019,valid,0,6.0035007e-05
5170,valid,0,4.064106e-05
9110,valid,0,7.560931e-05
3485,valid,0,5.9304417e-05
7915,valid,0,5.7767815e-05
3534,valid,0,0.018807188
6986,valid,0,4.0670668e-05
2117,valid,0,0.0003947353
8060,valid,0,4.0641036e-05
17,valid,0,0.0022811524
199,valid,0,0.011274965
2909,valid,0,0.0007810666
3672,valid,0,4.0670813e-05
7884,valid,0,0.0003092827
3480,valid,0,4.3594417e-05
5187,valid,0,4.0175884e-05
5656,valid,0,0.0006777226
4563,valid,0,0.00041414463
8384,valid,0,0.004096407
9715,valid,0,3.837701e-05
4170,valid,0,0.0018559603
9594,valid,0,4.7118236e-05
2095,valid,0,5.2896605e-05
1809,valid,0,0.0006652759
9840,valid,0,1.8470433e-05
5555,valid,0,4.7118378e-05
4131,valid,0,4.4995264e-05
2266,valid,0,0.00022305844
8568,valid,0,2.7239763e-05
1870,valid,0,4.2157346e-05
8871,valid,0,3.8376944e-05
5566,valid,0,3.8376944e-05
10320,valid,0,0.00041513532
8286,valid,0,3.837694e-05
7263,valid,0,4.499536e-05
9827,valid,0,4.924206e-05
5275,valid,0,0.0015938972
3217,valid,0,3.4667322e-05
1609,valid,0,0.0005686735
7704,valid,0,4.0187842e-05
632,valid,0,0.0002228926
6602,valid,0,0.0032054582
4318,valid,0,2.4805744e-05
10418,valid,0,0.00018024733
8285,valid,0,2.8076573e-05
2043,valid,0,2.7113363e-05
9084,valid,0,1.7401144e-05
5549,valid,0,2.5662699e-05
3520,valid,0,0.0013624835
5208,valid,0,7.0684735e-05
850,valid,0,2.6873764e-05
291,valid,0,0.0015102267
3471,valid,0,0.003227679
1356,valid,0,0.00051280553
8582,valid,0,2.4712863e-05
3387,valid,0,0.0019913905
2378,valid,0,2.5111127e-05
9205,valid,0,3.9087463e-05
2044,valid,0,1.7027096e-05
6070,valid,0,0.0019204742
8007,valid,0,0.0013598353
10481,valid,0,0.00019919526
1388,valid,0,0.00019919526
11033,valid,0,0.0005118925
8692,valid,0,2.4325458e-05
9716,valid,0,0.0013332404
2885,valid,0,0.00039360306
7209,valid,0,0.00057340995
7375,valid,0,0.00057340995
8894,valid,0,2.183896e-05
2294,valid,0,0.0011066
10916,valid,0,3.0792933e-05
4141,valid,0,3.0792933e-05
4037,valid,0,1.345058e-05
8656,valid,0,2.549847e-05
2008,valid,0,2.549847e-05
5186,valid,0,2.432551e-05
6232,valid,0,0.0012621225
6977,valid,0,0.00021199328
6594,valid,0,0.00014312692
7151,valid,0,0.00032203188
1714,valid,0,2.4325502e-05
2172,valid,0,2.4388519e-05
10995,valid,0,0.001816978
9082,valid,0,1.783048e-05
2964,valid,0,0.0013598353
3205,valid,0,0.0011311559
8336,valid,0,2.5916566e-05
8048,valid,0,2.5473293e-05
6576,valid,0,0.0021728962
1179,valid,0,0.0013598353
9287,valid,0,2.4325387e-05
1590,valid,0,0.0014316535
4140,valid,0,3.657056e-05
9863,valid,0,0.0013598353
10520,valid,0,0.00017614294
1623,valid,0,0.0011311559
7278,valid,0,2.3648194e-05
3798,valid,0,4.2431282e-05
3874,valid,0,2.0804307e-05
1694,valid,0,2.4325536e-05
1522,valid,0,0.00049491116
1483,valid,0,0.00013753641
841,valid,0,2.4325502e-05
9858,valid,0,0.0014316535
4171,valid,0,2.4325442e-05
9304,valid,0,2.4748828e-05
3481,valid,0,0.00082982425
1869,valid,0,0.00042613797
8092,valid,0,0.00048445308
3779,valid,0,9.518757e-05
3214,valid,0,7.120303e-05
9684,valid,0,0.0014316535
5266,valid,0,0.0013332166
8320,valid,0,6.596351e-05
9621,valid,0,0.00015223514
8536,valid,0,0.0003624498
5710,valid,0,2.2068707e-05
3483,valid,0,2.2068707e-05
9807,valid,0,8.551152e-05
2297,valid,0,0.0019693507
1808,valid,0,0.0021905196
9056,valid,0,1.7027072e-05
2912,valid,0,0.00042613797
9727,valid,0,0.0018722892
5538,valid,0,2.8525646e-05
5174,valid,0,0.0014937748
4301,valid,0,0.0004926437
5557,valid,0,2.5473144e-05
11020,valid,0,7.181877e-05
2054,valid,0,2.4325398e-05
7379,valid,0,3.4131284e-05
4380,valid,0,3.4131284e-05
8013,valid,0,2.4325456e-05
3531,valid,0,0.0013321025
6071,valid,0,2.4325456e-05
1588,valid,0,0.003948591
3521,valid,0,2.4325456e-05
2139,valid,0,0.0087333685
232,valid,0,0.0028448538
8343,valid,0,0.003948591
6698,valid,0,4.994952e-05
5600,valid,0,0.002428115
10517,valid,0,8.022746e-05
8050,valid,0,3.464082e-05
10364,valid,0,3.464082e-05
8873,valid,0,4.9949438e-05
3547,valid,0,4.9949474e-05
1616,valid,0,3.7216843e-05
6316,valid,0,4.9949653e-05
6994,valid,0,2.432547e-05
6999,valid,0,4.9949493e-05
2346,valid,0,2.5473117e-05
3551,valid,0,0.003948591
6743,valid,0,5.2306415e-05
8347,valid,0,4.9949373e-05
9085,valid,0,8.383297e-05
7692,valid,0,4.994947e-05
9319,valid,0,0.010040048
105,valid,0,5.1669875e-05
971,valid,0,4.994953e-05
5537,valid,0,0.0041596578
3457,valid,0,4.4036075e-05
8882,valid,0,5.2306037e-05
1586,valid,0,4.9949434e-05
3659,valid,0,0.000103670944
5193,valid,0,4.994941e-05
8975,valid,0,3.0676725e-05
5172,valid,0,0.0014316535
4041,valid,0,2.5473231e-05
3775,valid,0,0.0008131258
177,valid,0,0.0007297844
5326,valid,0,5.2306317e-05
7,valid,0,5.1397656e-05
688,valid,0,5.1397656e-05
8342,valid,0,5.0818777e-05
1860,valid,0,7.113057e-05
3679,valid,0,2.4647585e-05
4266,valid,0,5.0818635e-05
2035,valid,0,4.99496e-05
8750,valid,0,2.4365367e-05
4333,valid,0,2.5251355e-05
8704,valid,0,2.4365367e-05
10485,valid,0,8.258898e-06
3396,valid,0,0.00067991455
5973,valid,0,5.7715937e-05
1377,valid,0,0.012514745
5558,valid,0,4.9949438e-05
2961,valid,0,0.0004739598
4606,valid,0,0.0064805252
9063,valid,0,0.0021753737
4166,valid,0,0.003948591
8585,valid,0,0.00032793742
7204,valid,0,5.480241e-05
4604,valid,0,2.4365407e-05
6714,valid,0,2.9374081e-05
9053,valid,0,6.964992e-05
8002,valid,0,2.4365367e-05
9686,valid,0,0.0021753667
8694,valid,0,0.0021753737
2121,valid,0,4.900269e-05
4386,valid,0,9.704415e-05
9672,valid,0,0.004171855
2295,valid,0,2.3271243e-05
4049,valid,0,2.3271243e-05
9290,valid,0,4.994966e-05
4172,valid,0,0.004892614
10914,valid,0,0.0005021599
2120,valid,0,3.4945395e-05
6713,valid,0,2.4853549e-05
10698,valid,0,0.00092211587
5967,valid,0,5.1707306e-05
2416,valid,0,0.003180881
9066,valid,0,0.012872149
7420,valid,0,0.0014805677
3204,valid,0,0.00062893034
6302,valid,0,2.5668556e-05
8686,valid,0,3.979335e-05
5261,valid,0,2.4365398e-05
10191,valid,0,0.0005416633
237,valid,0,6.970014e-05
9837,valid,0,2.1540667e-05
6309,valid,0,2.5374677e-05
2126,valid,0,0.00035474155
9893,valid,0,2.8013756e-05
6042,valid,0,7.0121314e-06
10060,valid,0,0.00016590672
7016,valid,0,2.5374717e-05
10353,valid,0,0.0033985209
9294,valid,0,0.0021857182
10451,valid,0,2.8013748e-05
6032,valid,0,7.0121455e-06
5567,valid,0,3.261242e-05
2916,valid,0,0.0034198584
9845,valid,0,0.0005701157
5782,valid,0,3.6545658e-05
10,valid,0,2.5440339e-05
7881,valid,0,2.8501207e-05
1390,valid,0,3.3233104e-05
1579,valid,0,3.3233104e-05
9231,valid,0,3.483515e-05
3143,valid,0,7.0121464e-06
6702,valid,0,0.00047592368
7000,valid,0,2.345675e-05
5551,valid,0,3.6272013e-05
1386,valid,0,0.00022910949
4630,valid,0,0.007312926
9877,valid,0,0.0042913444
3525,valid,0,0.0034039132
3606,valid,0,0.00018799197
7405,valid,0,2.2679927e-05
6847,valid,0,0.005197076
5338,valid,0,0.00012898647
8345,valid,0,0.002271246
9852,valid,0,7.0121373e-06
10325,valid,0,8.744483e-06
1578,valid,0,8.744483e-06
10649,valid,0,0.0027113
1613,valid,0,6.1458595e-05
6983,valid,0,5.4872115e-05
9210,valid,0,2.6297334e-05
3550,valid,0,5.745141e-05
4255,valid,0,9.494238e-06
4385,valid,0,0.0023956003
2028,valid,0,7.0121455e-06
3469,valid,0,0.0016479526
7210,valid,0,2.544029e-05
10699,valid,0,2.7993427e-05
3008,valid,0,0.0025754543
3220,valid,0,0.0005384235
1618,valid,0,1.1732335e-05
4313,valid,0,0.00053588283
8321,valid,0,1.6313465e-05
6843,valid,0,7.0121328e-06
4139,valid,0,1.0057071e-05
2164,valid,0,7.0121478e-06
7009,valid,0,4.696883e-06
5989,valid,0,1.0057079e-05
8688,valid,0,1.0057079e-05
2968,valid,0,0.00028781567
7203,valid,0,5.791898e-06
110,valid,0,6.7693386e-06
3119,valid,0,5.791893e-06
10675,valid,0,0.00014745351
9301,valid,0,0.0017810724
3203,valid,0,1.100521e-05
9245,valid,0,6.9099384e-05
106,valid,0,0.0007354724
9052,valid,0,5.858978e-06
9718,valid,0,0.0004980632
8710,valid,0,0.00017437285
4306,valid,0,0.00014358458
8063,valid,0,5.791898e-06
3115,valid,0,5.7919046e-06
7625,valid,0,0.00013374617
6845,valid,0,0.0004709496
225,valid,0,5.892709e-06
8925,valid,0,2.400609e-05
8768,valid,0,5.892683e-06
7011,valid,0,7.388808e-06
983,valid,0,3.987995e-06
7363,valid,0,0.00013019987
10655,valid,0,0.001829624
8987,valid,0,8.306931e-06
9536,valid,0,0.0004709496
9681,valid,0,0.0019795436
8581,valid,0,1.4519836e-05
9898,valid,0,5.791898e-06
2380,valid,0,5.7918983e-06
10647,valid,0,5.7919046e-06
3478,valid,0,6.119305e-06
1703,valid,0,5.7918983e-06
1718,valid,0,5.7918983e-06
8932,valid,0,8.3284185e-06
5265,valid,0,0.0016103006
10454,valid,0,1.2523051e-05
4167,valid,0,5.791895e-06
7703,valid,0,0.00014745451
1489,valid,0,0.0016542126
4135,valid,0,0.0004709496
6981,valid,0,0.0004709496
2741,valid,0,5.7918965e-06
7215,valid,0,5.8589812e-06
8571,valid,0,5.858975e-06
9069,valid,0,0.0004709496
280,valid,0,5.8589762e-06
4181,valid,0,0.007229853
265,valid,0,5.7918996e-06
9673,valid,0,0.0004709496
10065,valid,0,0.0011913042
9722,valid,0,0.0004709496
8872,valid,0,5.8589885e-06
2752,valid,0,5.7919037e-06
10482,valid,0,5.8589762e-06
831,valid,0,1.797014e-05
4326,valid,0,0.0004709496
2037,valid,0,5.7918996e-06
7637,valid,0,0.00011164458
9946,valid,0,7.446304e-06
984,valid,0,7.446304e-06
3140,valid,0,8.306931e-06
8339,valid,0,0.00015245494
9887,valid,0,0.00010996369
3150,valid,0,5.7918983e-06
99,valid,0,6.119305e-06
7889,valid,0,0.0004709496
8684,valid,0,5.7918965e-06
9208,valid,0,5.791895e-06
4636,valid,0,5.791893e-06
7373,valid,0,0.00014358458
5978,valid,0,5.791905e-06
5332,valid,0,5.8589917e-06
3479,valid,0,0.0004709496
5573,valid,0,6.119305e-06
5572,valid,0,1.7189532e-05
2347,valid,0,5.791893e-06
10715,valid,0,5.7918965e-06
3470,valid,0,5.7919037e-06
8335,valid,0,5.7918965e-06
3539,valid,0,5.898452e-06
4035,valid,0,5.791893e-06
276,valid,0,5.8589794e-06
2149,valid,0,5.7919074e-06
10522,valid,0,1.0600085e-05
698,valid,0,8.3069635e-06
2917,valid,0,8.3069635e-06
2403,valid,0,5.7918983e-06
4336,valid,0,0.00015245494
245,valid,0,5.7918915e-06
10692,valid,0,0.0008097683
3526,valid,0,5.858977e-06
2357,valid,0,8.473407e-06
2366,valid,0,5.806888e-06
3543,valid,0,8.306943e-06
4432,valid,0,0.00014262435
9058,valid,0,9.7592365e-06
9811,valid,0,9.7592365e-06
4396,valid,0,5.7918965e-06
5769,valid,0,0.0001585704
1655,valid,0,0.001198722
3117,valid,0,8.94769e-06
5788,valid,0,6.6676116e-06
4059,valid,0,6.6676116e-06
7400,valid,0,5.791895e-06
6724,valid,0,9.28417e-06
9305,valid,0,1.1061812e-05
6735,valid,0,9.057222e-06
5709,valid,0,0.00010996369
8383,valid,0,0.0002198269
243,valid,0,0.0004709496
2006,valid,0,0.00011164458
3180,valid,0,3.790166e-05
7757,valid,0,3.2349577e-05
5178,valid,0,0.001157299
817,valid,0,0.00077244715
2132,valid,0,5.791893e-06
3519,valid,0,5.7918915e-06
2053,valid,0,0.00047812657
9535,valid,0,6.0652314e-06
10173,valid,0,0.0004709496
8047,valid,0,5.7918983e-06
1526,valid,0,4.0485143e-06
8993,valid,0,5.806888e-06
262,valid,0,0.00048907334
1231,valid,0,3.771896e-05
9826,valid,0,0.0001575017
978,valid,0,5.7919046e-06
7362,valid,0,0.00020121755
5278,valid,0,0.0004709496
2742,valid,0,1.3992119e-05
603,valid,0,1.8225059e-05
988,valid,0,0.00022873083
7257,valid,0,0.00073626655
7890,valid,0,0.0011461047
7415,valid,0,5.7918965e-06
4647,valid,0,0.0003181459
255,valid,0,1.00246825e-05
7199,valid,0,0.00073626655
8380,valid,0,1.8452109e-05
4036,valid,0,1.22632155e-05
9166,valid,0,6.346428e-05
2407,valid,0,9.05722e-06
10709,valid,0,1.6136557e-05
1693,valid,0,9.057212e-06
7276,valid,0,2.6800031e-05
9810,valid,0,0.00026101313
175,valid,0,0.00027158417
9945,valid,0,0.0018468935
9212,valid,0,7.615109e-05
3546,valid,0,9.05722e-06
5322,valid,0,1.1003781e-05
10637,valid,0,3.361333e-05
1585,valid,0,8.4995e-06
8586,valid,0,9.057212e-06
8231,valid,0,0.00048170137
4390,valid,0,2.2655291e-05
10358,valid,0,1.8452105e-05
7219,valid,0,0.0026490055
5712,valid,0,0.0001809614
9542,valid,0,3.364151e-05
3225,valid,0,0.0001809614
5540,valid,0,8.499491e-06
1410,valid,0,0.00026971335
4378,valid,0,2.6413545e-05
4191,valid,0,0.0018350087
8690,valid,0,0.0027627717
9607,valid,0,9.05722e-06
8331,valid,0,4.746005e-05
8447,valid,0,1.1508069e-05
129,valid,0,0.0002541282
7254,valid,0,0.0007107557
7258,valid,0,8.499484e-06
10645,valid,0,9.0572175e-06
9932,valid,0,1.0944155e-05
111,valid,0,9.057211e-06
5340,valid,0,1.100379e-05
8767,valid,0,4.496956e-05
4492,valid,0,0.0017162857
6037,valid,0,0.00028755405
9726,valid,0,1.3130556e-05
5562,valid,0,8.923627e-06
1719,valid,0,0.00073626655
6,valid,0,0.0011823374
6312,valid,0,9.0572175e-06
5192,valid,0,9.057212e-06
3287,valid,0,0.00021374295
2743,valid,0,8.597913e-06
2405,valid,0,1.1131226e-05
10704,valid,0,4.1652543e-06
2974,valid,0,1.428781e-05
8527,valid,0,0.0007040509
1822,valid,0,6.9228816e-05
9050,valid,0,2.2655297e-05
604,valid,0,0.00081212097
6076,valid,0,0.0025787055
10713,valid,0,8.499485e-06
3193,valid,0,0.00048170137
5971,valid,0,0.0006909607
8924,valid,0,8.499488e-06
6600,valid,0,8.499483e-06
1364,valid,0,0.0012177501
103,valid,0,0.0011629941
6842,valid,0,0.0010620984
4268,valid,0,8.499484e-06
7918,valid,0,0.00020786953
1361,valid,0,1.2221787e-05
7380,valid,0,1.841533e-05
2029,valid,0,1.8045987e-05
3771,valid,0,1.8045987e-05
1379,valid,0,4.1744894e-05
3673,valid,0,2.2655304e-05
3135,valid,0,8.59795e-06
3666,valid,0,3.5917707e-05
2040,valid,0,8.499482e-06
5565,valid,0,2.522509e-05
5698,valid,0,0.001543937
8531,valid,0,2.4535038e-05
96,valid,0,0.0006909607
7015,valid,0,0.0007175456
9853,valid,0,8.499484e-06
9297,valid,0,9.7423166e-05
6027,valid,0,8.499485e-06
8562,valid,0,8.499491e-06
8935,valid,0,8.52148e-06
9283,valid,0,8.499484e-06
8884,valid,0,0.0010620984
4193,valid,0,8.499482e-06
4321,valid,0,1.3397138e-05
8754,valid,0,8.499482e-06
3475,valid,0,8.647432e-06
1531,valid,0,0.00021347024
287,valid,0,8.499484e-06
5979,valid,0,8.499503e-06
6855,valid,0,2.1902666e-05
9714,valid,0,2.5225081e-05
9220,valid,0,2.5799021e-05
2146,valid,0,8.499484e-06
1612,valid,0,8.499505e-06
4264,valid,0,8.499488e-06
15,valid,0,1.3517323e-05
2732,valid,0,0.00079126225
4626,valid,0,0.0007786406
9604,valid,0,8.680488e-06
7003,valid,0,0.0029767894
6707,valid,0,0.00025666633
4,valid,0,8.62599e-06
257,valid,0,2.0717844e-05
6314,valid,0,2.2453569e-05
4253,valid,0,0.001304297
9529,valid,0,8.756536e-06
8578,valid,0,3.3806642e-05
182,valid,0,7.4740374e-06
4338,valid,0,1.3286114e-05
6081,valid,0,9.175529e-06
9062,valid,0,0.0007786406
7421,valid,0,0.0008474973
3462,valid,0,0.0023081964
5202,valid,0,2.8415148e-05
194,valid,0,0.00022466548
11019,valid,0,0.0004845097
816,valid,0,1.3133997e-05
8762,valid,0,9.17554e-06
6851,valid,0,1.24234e-05
1193,valid,0,0.00234476
8701,valid,0,0.003119655
5272,valid,0,9.806485e-06
2166,valid,0,2.3340443e-05
3015,valid,0,0.0002261098
1653,valid,0,0.00024824895
9905,valid,0,8.477497e-06
7175,valid,0,2.967244e-05
5548,valid,0,2.967244e-05
7164,valid,0,0.0008085964
9284,valid,0,0.00016804125
9836,valid,0,0.0024480263
11022,valid,0,4.278887e-06
3184,valid,0,0.0020646038
972,valid,0,9.694209e-06
5264,valid,0,8.499483e-06
8759,valid,0,1.0200312e-05
10994,valid,0,1.0200312e-05
9239,valid,0,0.00048170344
8689,valid,0,9.175529e-06
2133,valid,0,9.950956e-06
5564,valid,0,1.3740497e-05
9690,valid,0,9.528845e-06
3222,valid,0,0.00010117112
10486,valid,0,0.001421693
8354,valid,0,9.1755255e-06
4490,valid,0,0.00065089227
6966,valid,0,0.00019104093
3663,valid,0,9.335199e-06
6993,valid,0,0.0007194427
7395,valid,0,0.0007786406
4607,valid,0,0.00071184523
3677,valid,0,0.0030957763
7008,valid,0,9.175521e-06
278,valid,0,1.2423404e-05
4031,valid,0,1.0374829e-05
10456,valid,0,1.4587968e-05
6244,valid,0,0.0016897758
7256,valid,0,0.00020073743
7261,valid,0,8.477485e-06
285,valid,0,2.51597e-05
7162,valid,0,6.4904125e-06
4144,valid,0,2.0139218e-05
7696,valid,0,2.1952716e-05
7698,valid,0,8.47748e-06
10444,valid,0,8.477496e-06
5959,valid,0,8.718969e-05
9096,valid,0,8.718969e-05
4033,valid,0,0.0029246802
5568,valid,0,8.4774765e-06
1583,valid,0,1.21586845e-05
5273,valid,0,0.00074712053
109,valid,0,8.537092e-06
8344,valid,0,8.575679e-06
10712,valid,0,8.5370975e-06
993,valid,0,0.0026810528
979,valid,0,2.2206948e-05
2911,valid,0,9.094903e-06
5556,valid,0,8.4774765e-06
10490,valid,0,8.57567e-06
292,valid,0,0.0007194415
234,valid,0,0.00074525253
1619,valid,0,2.4925299e-05
5189,valid,0,0.00020342889
8749,valid,0,0.0019735508
9303,valid,0,8.446862e-06
9668,valid,0,1.2825957e-05
8888,valid,0,8.5370975e-06
1696,valid,0,8.477495e-06
2906,valid,0,8.302346e-06
1589,valid,0,8.477485e-06
1373,valid,0,1.1241147e-05
10555,valid,0,4.8506576e-05
3139,valid,0,8.30236e-06
3452,valid,0,8.935082e-06
7213,valid,0,0.0007316936
1378,valid,0,8.477475e-06
10531,valid,0,1.7321207e-05
2412,valid,0,2.030905e-05
8053,valid,0,0.00022299416
2349,valid,0,2.1516307e-05
1868,valid,0,3.0328441e-05
3463,valid,0,8.3023415e-06
8302,valid,0,8.302361e-06
6077,valid,0,0.00020073743
107,valid,0,8.302349e-06
10413,valid,0,0.00017667198
8926,valid,0,8.537096e-06
3548,valid,0,8.302349e-06
9851,valid,0,0.00022763167
2382,valid,0,9.871525e-06
9888,valid,0,1.4158093e-05
3523,valid,0,1.4158093e-05
5197,valid,0,0.0014377245
2401,valid,0,1.0251643e-05
2173,valid,0,1.0638581e-05
9724,valid,0,0.0014377325
9857,valid,0,7.387503e-06
4651,valid,0,0.00042095856
8563,valid,0,0.0018598897
4134,valid,0,8.302349e-06
1818,valid,0,1.51437625e-05
2373,valid,0,0.0001117052
10702,valid,0,2.4326398e-05
1365,valid,0,0.00023729849
4133,valid,0,2.5524125e-05
7995,valid,0,0.0002949824
7914,valid,0,8.018491e-05
6311,valid,0,2.0523226e-05
1867,valid,0,1.12092675e-05
8353,valid,0,1.6115266e-05
1355,valid,0,0.00068655494
6039,valid,0,5.22809e-05
6303,valid,0,1.1485771e-05
201,valid,0,1.9879444e-05
4265,valid,0,8.302352e-06
6696,valid,0,1.1209249e-05
6850,valid,0,2.9129516e-05
6046,valid,0,0.00082108314
4628,valid,0,8.723819e-06
10188,valid,0,1.0537325e-05
7280,valid,0,1.543861e-05
10329,valid,0,0.00024146777
3131,valid,0,1.3981652e-05
4136,valid,0,1.1749916e-05
8564,valid,0,8.302344e-06
7913,valid,0,0.00017469135
7858,valid,0,0.00037730593
9823,valid,0,2.124905e-05
4192,valid,0,0.0010848078
274,valid,0,0.0011606282
11,valid,0,1.3633696e-05
10672,valid,0,3.082316e-05
7927,valid,0,9.871518e-06
10547,valid,0,0.0011279922
269,valid,0,1.0244624e-05
7895,valid,0,8.723826e-06
126,valid,0,9.871518e-06
4058,valid,0,9.449006e-06
2101,valid,0,2.8160877e-05
5799,valid,0,0.0016192016
1856,valid,0,0.00010268932
8766,valid,0,4.112082e-05
1513,valid,0,0.00023643316
7626,valid,0,0.0016192016
10678,valid,0,0.0006248671
5262,valid,0,0.0007045858
16,valid,0,1.3723456e-05
3153,valid,0,0.0011470963
277,valid,0,0.003264537
8003,valid,0,1.0069405e-05
5554,valid,0,1.7492332e-05
2443,valid,0,0.0009541604
4637,valid,0,0.0019000097
9541,valid,0,1.0801746e-05
4642,valid,0,0.0004977786
258,valid,0,0.00013902254
9163,valid,0,0.0001670451
4638,valid,0,9.041041e-06
8008,valid,0,2.2621642e-05
10184,valid,0,2.2621642e-05
6072,valid,0,0.0010839256
4057,valid,0,1.2634028e-05
4165,valid,0,1.0065132e-05
2147,valid,0,9.871531e-06
2746,valid,0,8.824859e-06
9880,valid,0,0.00013120811
6734,valid,0,1.1184698e-05
260,valid,0,1.2967386e-05
8758,valid,0,9.871527e-06
5196,valid,0,1.1209255e-05
6848,valid,0,0.0015268298
10051,valid,2,0.013070765
8128,valid,2,0.029344434
4151,valid,2,0.0056610443
8112,valid,0,0.0005930222
8362,valid,2,0.017736997
10406,valid,2,0.0061138514
4159,valid,2,0.0022826914
7656,valid,2,0.11208844
8113,valid,2,0.00807186
8364,valid,2,0.0031984034
2836,valid,2,0.0059881276
1574,valid,2,0.0055354927
8130,valid,2,0.019809121
10048,valid,2,0.024925195
328,valid,2,0.0059470762
4158,valid,2,0.05529056
329,valid,2,0.0964471
8357,valid,2,0.025452092
7665,valid,2,0.051549297
1563,valid,2,0.007542698
66,valid,2,0.022308996
8119,valid,2,0.052757893
1570,valid,2,0.23716147
1740,valid,1,0.23716147
8118,valid,2,0.055205166
10047,valid,2,0.010777441
68,valid,0,0.00020682013
4546,valid,2,0.03909423
10041,valid,2,0.0111155
318,valid,0,0.00018694326
4538,valid,2,0.02081441
59,valid,2,0.007003485
4549,valid,2,0.05709727
4153,valid,2,0.008062891
8126,valid,2,0.06766638
65,valid,2,0.065754876
325,valid,2,0.0024445986
8127,valid,2,0.028645713
320,valid,2,0.024174426
10410,valid,2,0.015673105
7670,valid,0,0.0013177391
326,valid,0,0.00029982423
54,valid,2,0.0029075933
57,valid,0,0.0013357535
7662,valid,0,0.0003927682
64,valid,2,0.046021882
4157,valid,2,0.03984923
1566,valid,2,0.041558105
10039,valid,2,0.09669519
10040,valid,2,0.011254256
4154,valid,0,0.0020232704
8131,valid,0,0.003634144
55,valid,2,0.0021279796
63,valid,2,0.0056189066
6778,valid,2,0.022608588
947,valid,2,0.0059471903
2337,valid,2,0.051062495
2333,valid,2,0.0052820654
6896,valid,2,0.007180097
6878,valid,2,0.008942958
6771,valid,2,0.015019936
6879,valid,2,0.00188151
965,valid,2,0.0016350634
6882,valid,2,0.09687247
6766,valid,2,0.0171848
6774,valid,2,0.087836124
2329,valid,2,0.014390994
955,valid,2,0.14095983
5850,valid,2,0.0012236235
4664,valid,1,0.15248914
3499,valid,2,0.011663355
7141,valid,2,0.0053171697
6888,valid,2,0.0059806327
5835,valid,2,0.028439127
6876,valid,2,0.0038819741
9412,valid,2,0.022728154
6877,valid,2,0.010164021
3493,valid,2,0.0053415583
1983,valid,2,0.026693875
3498,valid,2,0.012998061
948,valid,2,0.07354602
5853,valid,2,0.009812836
6866,valid,2,0.0019748504
6886,valid,2,0.011680537
6776,valid,2,0.010163499
9414,valid,2,0.022797098
3622,valid,2,0.0032424196
5845,valid,2,0.021200886
2332,valid,2,0.14438546
3495,valid,2,0.015318653
5852,valid,2,0.00188151
1982,valid,2,0.022829084
5837,valid,2,0.019376429
2338,valid,2,0.07055191
2330,valid,2,0.097571895
5848,valid,2,0.03026468
6897,valid,2,0.047337025
2328,valid,2,0.002889144
5834,valid,0,0.0019558235
3611,valid,2,0.01743394
5843,valid,0,0.00033561597
1968,valid,2,0.0134769855
960,valid,2,0.015335946
6779,valid,0,0.0013674634
959,valid,2,0.019686257
956,valid,2,0.008062891
1980,valid,2,0.0637513
3615,valid,2,0.025262527
1974,valid,2,0.01623161
2343,valid,2,0.0171848
1981,valid,0,0.0005374002
6252,valid,2,0.1141047
2550,valid,2,0.009162299
10498,valid,2,0.006378357
412,valid,0,0.00058160693
6289,valid,0,0.0010461523
2828,valid,2,0.009925817
2809,valid,2,0.008970218
6254,valid,2,0.0011483383
10514,valid,2,0.021604476
3306,valid,2,0.0048550805
10510,valid,2,0.056060385
666,valid,2,0.007532597
6281,valid,2,0.011680537
2541,valid,2,0.013268921
6249,valid,2,0.009812836
8214,valid,2,0.0010501086
2511,valid,2,0.0042887717
413,valid,2,0.07068446
2820,valid,2,0.064637154
409,valid,2,0.021380143
2493,valid,2,0.00935367
7951,valid,1,0.73787063
2513,valid,2,0.00353069
2507,valid,2,0.021033369
8217,valid,2,0.012640497
668,valid,2,0.012405272
2819,valid,2,0.0076843738
2545,valid,2,0.0012927607
2798,valid,0,0.0031210743
411,valid,2,0.048173502
10502,valid,2,0.029968614
2822,valid,0,9.9826524e-05
2544,valid,2,0.011434961
2823,valid,2,0.006403218
508,valid,2,0.06589619
2492,valid,2,0.0040312274
405,valid,0,0.0013357535
10508,valid,0,0.0012222726
2503,valid,2,0.015615984
679,valid,0,0.0019419352
2829,valid,2,0.01584113
6291,valid,2,0.032365557
3299,valid,2,0.037593443
8216,valid,2,0.0144272065
2548,valid,2,0.0267044
496,valid,2,0.03119269
10509,valid,0,0.0020232704
511,valid,0,0.0054963054
2830,valid,2,0.00580384
2827,valid,2,0.0017562261
7432,valid,2,0.0016049546
2109,valid,2,0.022456244
7431,valid,2,0.05286743
3285,valid,2,0.0072317496
4650,valid,2,0.030461658
2886,valid,2,0.00188876
7700,valid,1,0.83259296
3281,valid,2,0.006265974
2889,valid,2,0.010164021
2897,valid,2,0.0043440773
2271,valid,2,0.05880155
3186,valid,2,0.0050103148
10137,valid,2,0.009514254
3284,valid,2,0.004022878
2903,valid,2,0.033886313
10136,valid,2,0.12728797
10139,valid,2,0.0026790563
10141,valid,2,0.0018812005
7443,valid,2,0.0061138514
7441,valid,2,0.0053081103
4643,valid,2,0.0034653067
4428,valid,2,0.005796614
7430,valid,2,0.015335628
2899,valid,2,0.0052820654
3188,valid,2,0.028949175
2901,valid,2,0.0039372747
7440,valid,2,0.0133706145
2112,valid,2,0.0029606493
4427,valid,2,0.011478982
7867,valid,0,0.003227866
4646,valid,0,0.0004872488
9936,valid,2,0.016258873
3187,valid,2,0.09977231
3289,valid,2,0.004395531
2268,valid,2,0.14774014
7879,valid,0,0.0013357535
2883,valid,2,0.02515747
7433,valid,2,0.004022873
2274,valid,2,0.00845047
7437,valid,2,0.11079759
4176,valid,1,0.33069846
7444,valid,2,0.027767675
3196,valid,0,0.0013357535
4644,valid,2,0.0056629293
7866,valid,2,0.0075351615
4429,valid,2,0.12276071
2900,valid,2,0.0062330333
9937,valid,2,0.041247807
3282,valid,2,0.12251456
3288,valid,2,0.17437728
3291,valid,0,9.0094356e-05
4433,valid,2,0.003427393
10134,valid,2,0.016129255
10143,valid,2,0.00908901
7869,valid,2,0.005010179
7772,valid,2,0.02805292
2956,valid,2,0.09251103
4957,valid,2,0.028265798
5593,valid,2,0.010386526
3271,valid,2,0.0046560243
5117,valid,2,0.00435258
4898,valid,2,0.02957421
4902,valid,2,0.006463681
8604,valid,2,0.0069669154
7775,valid,2,0.036751553
3832,valid,1,0.48496687
9924,valid,2,0.20044933
5586,valid,2,0.015628623
3266,valid,2,0.0019645009
5576,valid,2,0.00053846603
10893,valid,2,0.012589743
4956,valid,2,0.06702125
5120,valid,2,0.0081102
4904,valid,2,0.004486915
159,valid,2,0.08203299
3267,valid,2,0.0035048153
160,valid,2,0.025491253
8595,valid,2,0.0023468672
5580,valid,2,0.005456611
5113,valid,2,0.035599366
4968,valid,0,0.0016016243
3268,valid,2,0.005001056
5577,valid,2,0.010164021
4900,valid,2,0.0022032692
4959,valid,2,0.04649514
3269,valid,2,0.02465354
4962,valid,2,0.00976135
8602,valid,2,0.09745682
165,valid,2,0.016733194
5115,valid,2,0.086845644
5592,valid,2,0.07817404
4894,valid,2,0.016379112
7771,valid,2,0.01584113
3277,valid,2,0.11309313
8136,valid,0,0.000333682
168,valid,0,0.000333682
3275,valid,0,0.001049412
10901,valid,2,0.026372086
4859,valid,1,0.21210124
7908,valid,2,0.001383111
9989,valid,2,0.002889103
9640,valid,2,0.0046052006
7503,valid,2,0.002889103
8786,valid,2,0.006331195
3412,valid,2,0.007944394
3433,valid,0,0.00055474625
10255,valid,2,0.01423175
9985,valid,2,0.02531114
5004,valid,2,0.008773477
9997,valid,2,0.022452844
7502,valid,2,0.00916306
9649,valid,2,0.03028113
3421,valid,2,0.04205583
10243,valid,2,0.09403866
9509,valid,2,0.0009919176
4989,valid,2,0.022715855
9507,valid,2,0.09612181
3422,valid,2,0.012543601
3417,valid,2,0.0062678214
9648,valid,2,0.019861545
10244,valid,2,0.0017662153
9987,valid,2,0.08137797
5260,valid,1,0.64324224
3416,valid,2,0.0009471394
3418,valid,2,0.017461143
4955,valid,1,0.34013927
10249,valid,2,0.2759741
7903,valid,0,0.00040778663
8787,valid,2,0.014060435
4951,valid,1,0.18413018
9994,valid,2,0.057152208
7495,valid,2,0.018840998
7297,valid,1,0.17082728
7905,valid,2,0.0052822535
7512,valid,0,0.0016054921
9995,valid,2,0.005010179
5007,valid,0,0.0023256957
4991,valid,0,0.0019558235
5005,valid,2,0.006181517
4288,valid,1,0.06837412
3424,valid,0,0.0059256125
10247,valid,2,0.0032437406
4997,valid,2,0.01284658
3427,valid,2,0.003441067
3402,valid,2,0.0387638
9508,valid,2,0.061464157
3408,valid,2,0.013607915
10152,valid,2,0.009540485
762,valid,2,0.0022389106
10149,valid,2,0.03093846
10151,valid,2,0.008223829
7518,valid,2,0.0127594
5450,valid,2,0.047133222
2574,valid,2,0.017204588
10004,valid,2,0.08347661
7459,valid,2,0.005116855
888,valid,2,0.001834959
2575,valid,2,0.021562789
758,valid,2,0.022582788
5453,valid,2,0.0031210743
7466,valid,0,0.0013357535
7469,valid,2,0.0021635795
7458,valid,2,0.006802317
10010,valid,2,0.019225737
10018,valid,2,0.02765835
2570,valid,2,0.008062891
10019,valid,2,0.023300901
882,valid,2,0.0023891109
2562,valid,2,0.03119269
5446,valid,2,0.0061179833
2560,valid,2,0.059537515
3512,valid,2,0.0060800696
765,valid,2,0.020533009
883,valid,2,0.017529134
3506,valid,2,0.03984923
2584,valid,2,0.10852947
7456,valid,2,0.024925195
5454,valid,0,0.0021612216
3505,valid,2,0.011582267
3692,valid,0,0.0011988742
752,valid,2,0.003427393
892,valid,2,0.01602616
2573,valid,2,0.006817948
5456,valid,2,0.006309255
763,valid,2,0.013105089
2568,valid,0,0.0013357535
2576,valid,2,0.0068690134
7457,valid,2,0.041657563
11051,valid,1,0.22622785
10017,valid,2,0.0051753027
10003,valid,0,0.0013177391
887,valid,0,0.0016005713
886,valid,2,0.02066124
2571,valid,2,0.005010281
1176,valid,2,0.010878859
716,valid,1,0.6424829
1898,valid,2,0.0028378477
3813,valid,2,0.008230544
1177,valid,2,0.01846904
6642,valid,2,0.004126464
3810,valid,2,0.024905413
2995,valid,2,0.018303521
2989,valid,2,0.04192603
10442,valid,2,0.013070765
347,valid,2,0.08203299
10024,valid,2,0.013989213
333,valid,2,0.0073842835
6646,valid,2,0.001794689
10430,valid,2,0.0023891083
8165,valid,2,0.00051568745
334,valid,2,0.0019645009
10437,valid,2,0.0054877396
8444,valid,2,0.0025599587
8153,valid,2,0.03675216
10429,valid,2,0.09676268
1175,valid,2,0.018856773
9472,valid,2,0.013743754
9464,valid,2,0.06858941
2996,valid,2,0.044792835
8433,valid,2,0.013213882
9481,valid,2,0.005264583
6662,valid,2,0.011872041
10025,valid,2,0.051855646
343,valid,2,0.012152976
1907,valid,2,0.0110839885
1167,valid,2,0.0034144195
335,valid,2,0.022172365
6643,valid,2,0.004022878
3811,valid,2,0.045343775
1178,valid,2,0.0368103
6653,valid,2,0.04023634
6645,valid,2,0.0964471
341,valid,0,0.00035703878
3804,valid,2,0.021489745
9483,valid,2,0.058027927
8158,valid,0,0.0013357535
6658,valid,2,0.068072245
10030,valid,0,0.0019558235
345,valid,0,0.00014361079
6661,valid,2,0.016733194
6665,valid,2,0.010163499
10436,valid,2,0.033787392
1166,valid,2,0.006109633
8156,valid,2,0.03235924
10431,valid,2,0.00562494
8436,valid,0,0.0019558235
1168,valid,2,0.014649917
10439,valid,2,0.008725194
6652,valid,0,0.0018384303
10032,valid,0,6.577542e-05
9459,valid,2,0.0017363883
8441,valid,2,0.02379577
1905,valid,2,0.08775321
3812,valid,2,0.046495754
9466,valid,2,0.022824276
3702,valid,2,0.034558527
3715,valid,2,0.0025090966
3705,valid,2,0.00878164
3707,valid,2,0.0020394628
4372,valid,0,0.006378357
4365,valid,2,0.0031210743
5468,valid,2,0.015318653
4345,valid,2,0.003946211
1468,valid,2,0.007003485
6801,valid,2,0.029721875
7839,valid,2,0.002269802
7837,valid,2,0.00450708
6785,valid,2,0.042161714
4374,valid,2,0.045713164
5238,valid,2,0.0246541
3711,valid,2,0.0013438843
5460,valid,2,0.0013669268
2617,valid,2,0.0035783246
5760,valid,2,0.019424718
2607,valid,2,0.014916568
5227,valid,2,0.0054867184
5239,valid,2,0.002889144
4359,valid,2,0.008229599
5465,valid,2,0.023267252
6798,valid,2,0.010164021
4376,valid,2,0.013069531
2618,valid,2,0.0075351615
7843,valid,2,0.21778508
1464,valid,0,0.0019634773
4367,valid,2,0.03461946
5228,valid,2,0.003441067
2609,valid,2,0.015335628
7847,valid,0,0.00073902775
7842,valid,2,0.07975881
6802,valid,0,0.0013357535
5232,valid,2,0.04649514
1461,valid,2,0.015615984
6786,valid,2,0.007145942
7840,valid,2,0.047469933
5466,valid,2,0.0020411192
6787,valid,2,0.004022878
4350,valid,2,0.090998985
4349,valid,2,0.050681528
2620,valid,2,0.011647169
1469,valid,2,0.09381003
5459,valid,2,0.08451749
2608,valid,2,0.058815043
5758,valid,0,0.00027553213
1460,valid,0,0.0027193392
9626,valid,2,0.005400226
10682,valid,2,0.043043103
10687,valid,2,0.015628623
9407,valid,2,0.10459762
633,valid,2,0.010800471
10686,valid,2,0.041859202
9721,valid,1,0.28985327
10679,valid,2,0.002163527
9630,valid,2,0.18769924
10684,valid,2,0.005763044
10185,valid,2,0.011444131
9397,valid,2,0.039877053
9623,valid,2,0.0738643
5701,valid,2,0.0031210743
10868,valid,2,0.0034281956
9070,valid,1,0.24529783
9394,valid,2,0.0043968847
5697,valid,2,0.043238092
2098,valid,2,0.004581008
10178,valid,2,0.014040162
9622,valid,2,0.0016350634
10857,valid,2,0.008229592
5708,valid,2,0.05705683
9396,valid,2,0.0035390307
5703,valid,2,0.001357392
10865,valid,0,0.0013177391
630,valid,2,0.0046052006
5705,valid,2,0.0046393895
6394,valid,0,0.00047509454
2480,valid,2,0.009980392
2975,valid,2,0.002514247
2090,valid,2,0.00778621
620,valid,2,0.010789569
9408,valid,2,0.16744508
9395,valid,2,0.09775891
10855,valid,2,0.0072339987
10186,valid,2,0.01569116
10688,valid,0,0.00028389524
10670,valid,2,0.0018349757
9399,valid,0,0.0021841463
5696,valid,2,0.0022166506
9611,valid,0,0.002114095
2973,valid,2,0.017680978
5692,valid,0,0.0022407663
1368,valid,0,0.0022407663
9306,valid,0,0.0012453288
9631,valid,0,0.0012453288
9618,valid,0,0.0031210743
6395,valid,0,0.00035306934
10181,valid,2,0.0028977965
10689,valid,2,0.0053081103
10683,valid,2,0.00729562
624,valid,2,0.025844214
2096,valid,2,0.0035047978
10336,valid,2,0.07200915
9828,valid,2,0.015489299
9829,valid,2,0.012542461
1409,valid,2,0.10157445
1405,valid,2,0.031930573
1413,valid,2,0.005355169
1645,valid,2,0.0041494127
9890,valid,2,0.02453867
9160,valid,2,0.011009832
10322,valid,2,0.004213199
616,valid,2,0.10073116
8717,valid,2,0.0012905668
10327,valid,2,0.0056629293
9169,valid,2,0.04374068
1408,valid,2,0.004022878
612,valid,2,0.00789393
10328,valid,2,0.0014032116
1648,valid,2,0.014125887
8711,valid,2,0.028038869
605,valid,2,0.047982212
613,valid,2,0.011963828
10331,valid,2,0.018411037
1649,valid,2,0.0021862867
8715,valid,2,0.003427393
10917,valid,2,0.010164021
617,valid,2,0.007003485
10912,valid,2,0.04657849
1383,valid,2,0.057279658
8707,valid,2,0.117095746
7768,valid,2,0.0062678214
7759,valid,2,0.047469933
10334,valid,2,0.016257701
1412,valid,2,0.008942958
8720,valid,0,0.0001926935
2748,valid,0,0.0001926935
7762,valid,2,0.01664434
8725,valid,2,0.0046052006
9886,valid,2,0.013215082
9174,valid,2,0.037344962
9819,valid,2,0.050102156
1646,valid,2,0.011316031
1396,valid,2,0.010062717
10920,valid,2,0.006957662
615,valid,2,0.010890107
9159,valid,2,0.005135997
9889,valid,2,0.26298016
1414,valid,0,0.0030312256
608,valid,2,0.01793068
7763,valid,2,0.00888255
10321,valid,2,0.010938609
9170,valid,2,0.027183846
7765,valid,2,0.013230594
10915,valid,2,0.0011483472
9825,valid,2,0.15303068
8724,valid,2,0.027674375
1656,valid,2,0.0041752798
8501,valid,2,0.0045878296
4537,valid,2,0.11389224
2079,valid,2,0.016355243
4892,valid,2,0.005456611
4887,valid,2,0.0036031862
4528,valid,2,0.0029054917
5307,valid,2,0.00969558
9565,valid,2,0.04171904
372,valid,2,0.13160948
4882,valid,2,0.006246127
7391,valid,0,0.0012642149
375,valid,2,0.009540434
3089,valid,1,0.18516302
4534,valid,2,0.0061499025
750,valid,2,0.007960365
4891,valid,2,0.01877763
7030,valid,2,0.0031210743
386,valid,2,0.001236011
8855,valid,2,0.007145942
8506,valid,2,0.016620398
7387,valid,2,0.017850788
747,valid,2,0.023122951
739,valid,2,0.008970218
8820,valid,1,0.17296365
379,valid,2,0.007096446
742,valid,2,0.0021515
378,valid,2,0.024067134
2082,valid,2,0.010878859
2086,valid,2,0.092739426
4530,valid,2,0.0017744282
383,valid,2,0.019504605
5316,valid,2,0.041267876
7027,valid,2,0.04072577
9559,valid,2,0.0111155
8868,valid,0,0.0027193392
4886,valid,2,0.0884325
748,valid,2,0.013090062
8502,valid,2,0.011965734
374,valid,2,0.047637228
5319,valid,2,0.00054171256
5308,valid,2,0.11220439
4531,valid,2,0.047197357
5309,valid,2,0.007270039
8500,valid,0,0.0013357535
1555,valid,0,0.0013357535
5314,valid,2,0.016456299
7394,valid,2,0.009925817
1820,valid,2,0.16817163
1810,valid,2,0.031192143
8327,valid,2,0.003141287
5219,valid,2,0.006127444
7109,valid,2,0.0078085777
5212,valid,2,0.005324761
5215,valid,2,0.013213882
3201,valid,2,0.03119269
8513,valid,2,0.0029595396
8529,valid,2,0.010375578
8318,valid,2,0.013323928
399,valid,2,0.05823662
7106,valid,0,0.0019558235
1815,valid,2,0.050039995
392,valid,2,0.071669236
398,valid,2,0.014891391
1591,valid,1,0.531248
4568,valid,2,0.01096629
8518,valid,2,0.0153189525
1340,valid,2,0.030032229
1335,valid,2,0.023927057
387,valid,2,0.15132754
8771,valid,1,0.30111787
3209,valid,2,0.010828483
8326,valid,2,0.00051570014
1334,valid,2,0.024838077
3887,valid,2,0.018158056
8523,valid,2,0.06090839
7114,valid,2,0.015783878
4561,valid,2,0.014916568
2398,valid,1,0.17003867
8520,valid,2,0.20953119
5211,valid,2,0.013756396
4576,valid,2,0.014820096
4571,valid,0,0.0006218551
9816,valid,0,0.0030444611
7111,valid,2,0.042638734
8528,valid,2,0.003441067
7118,valid,2,0.008967657
1343,valid,0,0.00047761216
8526,valid,2,0.008205936
8521,valid,2,0.0042901025
3881,valid,2,0.012170003
3880,valid,2,0.08780439
4379,valid,1,0.16324736
8516,valid,0,0.0023126048
3129,valid,0,0.0023126048
3213,valid,0,0.0041092173
3253,valid,2,0.019177452
7062,valid,2,0.029971827
2636,valid,2,0.0044435617
588,valid,2,0.09295848
7679,valid,2,0.037553523
2528,valid,2,0.028819663
8314,valid,2,0.050102156
2601,valid,2,0.024925195
7061,valid,2,0.012266911
3248,valid,2,0.007041214
7683,valid,2,0.17434514
2626,valid,2,0.006613047
4458,valid,2,0.037791573
2530,valid,2,0.0036000179
444,valid,2,0.00457193
7060,valid,2,0.01040983
587,valid,2,0.01159533
9013,valid,2,0.004021722
8304,valid,2,0.026693875
3258,valid,2,0.024067134
2529,valid,2,0.010062717
443,valid,2,0.04468598
2625,valid,2,0.014390994
9016,valid,2,0.019552512
4467,valid,2,0.087197505
8306,valid,2,0.03718989
596,valid,2,0.042243686
2598,valid,2,0.0042894846
6830,valid,1,0.04246737
217,valid,1,0.41837257
2604,valid,2,0.003164827
7674,valid,0,0.009043681
3259,valid,2,0.0016350634
3243,valid,2,0.024391295
9008,valid,2,0.025034668
2597,valid,2,0.003441067
7677,valid,2,0.00908901
442,valid,2,0.0023891109
3239,valid,2,0.026754493
4461,valid,2,0.010438457
9015,valid,0,0.0010461523
449,valid,0,0.0019972855
8305,valid,2,0.04536585
446,valid,2,0.008229599
2635,valid,2,0.02312345
598,valid,2,0.023758413
593,valid,2,0.022471337
2603,valid,2,0.0387638
599,valid,0,0.0020956434
2590,valid,2,0.034294147
2633,valid,2,0.022967294
3250,valid,2,0.015318653
4954,valid,1,0.25660118
2531,valid,2,0.003414316
7684,valid,0,0.00020789061
8316,valid,2,0.022471337
6639,valid,2,0.0052822535
6007,valid,2,0.08196439
6633,valid,2,0.004022873
2877,valid,2,0.008562105
2871,valid,2,0.005043871
6020,valid,2,0.0056425966
6024,valid,2,0.054302797
9753,valid,2,0.041687593
8618,valid,2,0.14673568
2881,valid,2,0.006118344
4099,valid,2,0.01534291
8607,valid,2,0.003446003
8609,valid,2,0.04060617
2875,valid,2,0.0023891083
2876,valid,2,0.041557226
2282,valid,2,0.014897509
5131,valid,2,0.08493214
8612,valid,2,0.0037248451
2870,valid,2,0.00908901
8608,valid,2,0.11123325
6009,valid,2,0.004577737
5130,valid,2,0.0059881276
4100,valid,2,0.16885616
9751,valid,2,0.019694898
9741,valid,2,0.0833161
9752,valid,2,0.123587236
2276,valid,2,0.051653594
9748,valid,2,0.1039278
9739,valid,2,0.012821003
8616,valid,0,0.0006005379
6011,valid,2,0.0056629293
7818,valid,2,0.0051753027
6010,valid,2,0.0121321725
7825,valid,2,0.0448787
2288,valid,2,0.067680635
2869,valid,2,0.03357325
2479,valid,2,0.07418864
5133,valid,2,0.14878578
9754,valid,2,0.10778263
4096,valid,2,0.028570581
2874,valid,0,0.000115601135
2278,valid,0,0.0012413465
2873,valid,0,0.00039371636
2476,valid,2,0.01793068
7622,valid,2,0.076357454
9950,valid,2,0.10420926
7167,valid,2,0.029673785
9243,valid,2,0.0046393895
10356,valid,2,0.030741904
10352,valid,2,0.019134331
3797,valid,2,0.0054578898
9236,valid,2,0.018291105
9234,valid,2,0.08726603
10351,valid,2,0.012223297
4300,valid,2,0.011609403
3787,valid,2,0.017933188
9958,valid,2,0.01723822
9957,valid,2,0.019686257
9661,valid,2,0.0042837337
7168,valid,2,0.0044435617
7163,valid,0,0.00079377333
9659,valid,2,0.03028465
18,valid,1,0.2259426
10357,valid,2,0.095993906
4316,valid,2,0.012060806
4315,valid,2,0.028184393
10443,valid,1,0.30520576
10367,valid,2,0.005587009
3794,valid,2,0.006269488
9947,valid,2,0.0025598493
7180,valid,2,0.006970352
5604,valid,2,0.109208636
9652,valid,0,0.0019558235
5992,valid,2,0.009513401
5597,valid,2,0.0018349757
5983,valid,2,0.04147243
4307,valid,2,0.0076781693
9943,valid,2,0.06978867
5995,valid,2,0.009802004
9244,valid,2,0.085403875
9949,valid,0,0.0021612216
5997,valid,2,0.13336375
10366,valid,2,0.112504415
9664,valid,2,0.014064612
9660,valid,0,0.00059291796
4304,valid,2,0.1409798
5602,valid,2,0.017133009
9610,valid,1,0.3781083
5599,valid,2,0.004263819
3800,valid,2,0.03632811
7171,valid,2,0.0029469274
9658,valid,2,0.0041752798
5662,test,2,0.09473935
5660,test,2,0.08780439
1229,test,2,0.13178737
3386,test,2,0.017529134
8085,test,2,0.08599411
1247,test,2,0.15025716
10990,test,2,0.030032229
2422,test,1,0.41059446
7364,test,2,0.026351819
10067,test,2,0.05124084
5661,test,2,0.039719902
1233,test,2,0.0043293824
8089,test,2,0.0017363867
8087,test,2,0.03643729
10066,test,2,0.013089998
5659,test,2,0.0071932166
10988,test,2,0.17274022
1242,test,2,0.023267252
5657,test,2,0.09369041
7372,test,2,0.08438207
5649,test,2,0.039877053
1239,test,2,0.011318144
3384,test,2,0.0153189525
6968,test,2,0.0020928707
3784,test,2,0.01159533
6963,test,2,0.028612975
1241,test,2,0.016335426
10068,test,2,0.15326525
3768,test,0,0.0014185363
3780,test,2,0.008071914
3782,test,2,0.00353069
10989,test,2,0.13508783
5666,test,2,0.047578134
10059,test,0,0.00010959147
5328,test,0,0.00010959147
3382,test,2,0.010164021
10411,test,2,0.026192728
3773,test,2,0.033787392
10426,test,0,0.0013357535
1230,test,2,0.014844049
8091,test,2,0.040872246
3388,test,2,0.009540434
8445,test,0,0.0012642149
10055,test,2,0.014064612
7018,test,0,0.0012222726
10978,test,0,0.0012222726
3772,test,2,0.025368888
3378,test,2,0.08917251
8927,test,0,0.0037659137
3778,test,0,0.0037659137
3393,test,2,0.036481336
8753,test,1,0.08812876
2413,test,1,0.1246469
10064,test,0,0.0024742186
10063,test,2,0.00071609835
11038,test,2,0.14648084
9874,test,2,0.021033369
9870,test,2,0.004022878
3472,test,1,0.2095025
2971,test,2,0.0013357535
93,test,2,0.028439127
7860,test,2,0.010095895
2969,test,2,0.009514254
89,test,2,0.015875371
9871,test,2,0.0031210743
10549,test,2,0.009575235
7853,test,2,0.001236011
4625,test,1,0.0964471
10548,test,2,0.012998061
1521,test,2,0.004126464
6585,test,2,0.003087714
92,test,2,0.01925146
10553,test,0,0.002436341
1524,test,2,0.017881388
9873,test,2,0.016272845
7851,test,2,0.015628623
6588,test,2,0.1004555
6242,test,0,0.0021982053
91,test,0,0.00055536104
9861,test,2,0.014743805
10543,test,2,0.003427393
7859,test,2,0.015615984
6581,test,2,0.008229592
9875,test,2,0.0126310205
6236,test,0,0.002349581
198,test,0,0.0028581256
98,test,2,0.0030389174
97,test,2,0.038222853
6571,test,2,0.024085362
113,test,1,0.083772
6570,test,2,0.0059470762
10546,test,2,0.0034281476
87,test,2,0.006156286
4629,test,1,0.15810701
11040,test,2,0.011965734
1516,test,2,0.04964138
11032,test,2,0.043392085
11036,test,2,0.0020046304
7857,test,2,0.65906906
4179,test,0,0.001810015
11039,test,2,0.022163298
6575,test,2,0.004486915
6243,test,2,0.015019936
1520,test,2,0.12575772
6229,test,2,0.11034793
185,test,2,0.0069104205
189,test,2,0.009925817
6574,test,2,0.011160137
3158,test,0,0.00039246914
8027,test,0,0.00010899674
3971,test,0,0.00013509508
6780,test,0,0.00018137615
2497,test,0,0.0017062546
3734,test,0,0.0009839383
3613,test,0,0.00026816124
6660,test,0,0.00089547754
76,test,0,0.0003799482
1967,test,0,0.0020636488
8157,test,0,0.0016275183
2062,test,0,0.0032726373
9010,test,0,0.0020636488
3324,test,0,0.0011118668
7597,test,0,2.6920952e-05
2341,test,0,2.6920952e-05
8022,test,0,0.01940654
4371,test,0,4.166712e-05
9023,test,0,0.0027844294
8193,test,0,2.3233802e-05
3620,test,0,0.0005118204
8597,test,0,0.00014050168
11086,test,0,0.0005239765
5404,test,0,0.0017314919
153,test,0,0.002776449
7510,test,0,4.0569143e-05
469,test,0,0.0008955494
5725,test,0,0.005872345
5714,test,1,0.036709275
2994,test,0,0.004576106
4901,test,0,0.00078180636
9470,test,0,0.0003267377
464,test,0,0.0004709496
2811,test,0,0.00022272984
9790,test,0,0.0019346891
8197,test,0,0.0028009117
5123,test,0,0.0017284644
5400,test,0,0.0010620984
8222,test,0,0.0021278604
1943,test,0,0.0012083257
5054,test,0,0.00024169317
208,test,0,0.0007316936
9915,test,0,0.0005973348
4505,test,0,0.00058902503
218,test,0,2.4577474e-05
10126,test,0,0.00033912063
6803,test,0,3.7631497e-05
951,test,0,0.0006248671
4229,test,0,0.000742753
10625,test,0,0.0005973348
8780,test,0,0.00043309532
6298,test,0,0.00036761793
7802,test,0,0.00029054825
8416,test,0,0.0004715392
5394,test,0,0.00029054825
5894,test,0,5.585024e-06
4994,test,0,0.00046715283
1936,test,0,0.00093389966
11069,test,0,0.00046390668
5581,test,0,7.3081733e-06
7804,test,0,0.0002465618
9991,test,0,0.00029054825
3353,test,0,0.00078638154
4203,test,0,4.436531e-05
5715,test,0,0.0041500335
9475,test,0,0.0041500335
5901,test,0,1.9356323e-05
6247,test,0,0.0038256885
6865,test,0,0.00503638
5851,test,0,0.008202428
6940,test,0,0.0016571496
10383,test,0,0.0021864555
5899,test,0,0.0010431501
6287,test,0,0.0016943527
4927,test,0,0.0009609883
361,test,0,0.0011420205
8023,test,0,0.0009697282
3405,test,0,1.0166021e-05
4292,test,0,0.0013445021
1790,test,0,9.6936865e-06
6863,test,0,0.0004402884
7551,test,0,0.0006389265
11087,test,0,0.0006389265
1510,test,0,0.0004402884
4843,test,0,0.00052447105
1938,test,0,0.0004402884
3400,test,0,0.005509606
4727,test,0,0.005509606
10373,test,0,1.0630539e-05
3854,test,0,0.006265689
6417,test,0,0.0011765872
5860,test,0,0.0016274862
10083,test,0,0.016519597
5159,test,0,0.0018859353
2695,test,0,0.0023537776
6616,test,0,0.0009758728
3317,test,0,0.0010220901
869,test,0,3.020899e-05
1033,test,0,0.00250175
4935,test,0,0.0009979451
1021,test,0,0.0023053926
6796,test,0,3.020899e-05
9198,test,0,0.004382042
3162,test,0,0.020945895
8151,test,0,0.0017953634
6816,test,0,0.00074097636
5643,test,0,0.012427611
9964,test,0,0.0016961198
4670,test,0,2.3193912e-05
6621,test,0,0.008190989
6149,test,0,1.7414251e-05
8414,test,0,0.0015304722
2815,test,0,0.00013026092
5913,test,0,4.379695e-05
7648,test,0,1.3904736e-05
8215,test,0,1.9217641e-05
1202,test,0,0.0011081869
6055,test,0,0.0026589157
6441,test,0,0.0028776128
3167,test,0,0.0007993858
2855,test,0,0.00067009573
5045,test,0,0.01861912
3252,test,0,0.002811533
3957,test,0,2.2425249e-05
8553,test,0,0.0022710215
10079,test,0,5.6196644e-05
5361,test,0,0.0031628325
8038,test,0,0.01689549
5880,test,0,1.2449764e-05
7497,test,0,0.0011409617
4858,test,0,0.0018908494
6867,test,0,1.6351425e-05
5916,test,0,0.003905117
1005,test,0,0.00015857728
3822,test,0,0.010176258
9423,test,0,0.0016083558
10615,test,0,1.0237062e-05
3826,test,0,0.00015056926
7613,test,0,0.00087016524
6607,test,0,0.0038761357
1217,test,0,7.399181e-06
6293,test,0,0.00083601545
3354,test,0,0.00090011087
5757,test,0,1.562918e-05
6143,test,0,9.077975e-06
11082,test,0,0.00010628987
4996,test,0,0.0011300303
1903,test,0,0.0014805677
6810,test,0,1.4473965e-05
7509,test,0,0.0014175331
10955,test,0,0.0009979322
8841,test,0,1.9214272e-05
4459,test,0,0.007035134
3626,test,0,0.0031689655
6768,test,0,0.00323133
539,test,0,1.0630539e-05
79,test,0,0.00052447105
3718,test,0,0.00021587523
4960,test,0,0.0008943661
4284,test,0,0.0010353148
2539,test,0,0.00060236076
1978,test,0,0.0011313407
1292,test,0,0.0027872096
9183,test,0,0.0004888623
3850,test,0,1.6313457e-05
5934,test,0,0.0027926578
5124,test,0,0.010554649
3419,test,0,0.0011066609
2804,test,0,0.001038892
4947,test,0,0.00019413959
39,test,0,0.00029054825
549,test,0,0.0017062546
7493,test,0,5.791893e-06
8429,test,0,5.791893e-06
6764,test,0,0.0007005811
3740,test,0,0.00024293439
503,test,0,0.0006909607
5883,test,0,0.0007786406
8186,test,0,0.0006744112
2242,test,0,0.00052447105
2864,test,0,0.00026602967
1500,test,0,0.009301579
5048,test,0,8.133577e-06
10269,test,0,1.1026888e-05
8205,test,0,2.9499057e-05
4854,test,0,0.0009555677
344,test,0,0.00061023457
364,test,0,0.0012329599
10628,test,0,6.4738095e-05
1902,test,0,2.6073465e-05
4208,test,0,0.001992457
1014,test,0,0.0010848078
4366,test,0,0.0006862821
6783,test,0,0.00033465578
2306,test,0,0.0013273528
4067,test,0,0.0027659112
10871,test,0,2.5804999e-05
2071,test,0,2.070445e-05
7308,test,0,2.6511116e-05
6626,test,0,9.966671e-06
8221,test,0,0.0037748844
6147,test,0,0.0028908625
9986,test,0,0.00036761895
10252,test,0,0.00025058773
9980,test,0,0.0030506134
9000,test,0,0.0005036155
9473,test,0,0.0021575438
6752,test,0,0.00070867914
5290,test,0,0.0038177753
8171,test,0,0.0003624498
4938,test,0,0.00015245494
9477,test,0,0.0011746028
10968,test,0,0.0004888726
671,test,0,0.008356534
4961,test,0,0.0016735285
1276,test,0,0.00038171795
10271,test,0,0.0003039577
1940,test,0,1.2301985e-05
1893,test,0,3.066432e-05
5367,test,0,3.066432e-05
4358,test,0,0.0005242332
7909,test,0,0.00049806066
542,test,0,5.841858e-06
1805,test,0,0.00074566784
3701,test,0,1.7828866e-05
6277,test,0,0.0004263535
4721,test,0,0.00030342455
548,test,0,0.0031773222
6797,test,0,7.515464e-05
2821,test,0,0.0033471624
3240,test,0,1.0883817e-05
5001,test,0,0.00015596856
5871,test,0,1.7449094e-05
2587,test,0,6.337643e-05
5722,test,0,0.0007393678
10391,test,0,5.4013133e-05
9410,test,0,0.0027167024
10563,test,0,0.0016189663
7907,test,0,1.8272458e-05
2516,test,0,0.0012686395
675,test,0,0.00010125149
5230,test,0,0.0008481204
475,test,0,0.0023038178
8180,test,0,0.00012923946
10280,test,0,0.039017726
7063,test,0,0.0011409617
3157,test,0,0.0041921674
3722,test,0,3.2964716e-05
415,test,0,2.9325858e-05
3745,test,0,1.4398033e-05
2540,test,0,0.009876581
7783,test,0,0.00020072007
3966,test,0,2.9121908e-05
2592,test,0,0.00013509508
7797,test,0,0.020525409
5289,test,0,3.7584407e-05
8777,test,0,2.5598432e-05
2310,test,0,9.3218605e-06
2546,test,0,0.0031252573
5300,test,0,0.00023412092
3241,test,0,0.00012975682
9417,test,0,0.00021108736
9125,test,0,0.00068384653
4219,test,0,1.074232e-05
4928,test,0,0.0005148081
8145,test,0,3.9852603e-05
1896,test,0,0.00016780727
7499,test,0,0.007238414
5461,test,0,0.00021486104
1279,test,0,0.00093710324
1494,test,0,0.0048071747
1472,test,0,0.00052447105
1328,test,0,0.0010012336
167,test,0,0.00045279317
4222,test,0,0.0010305604
10977,test,0,0.0012332487
1064,test,0,0.0004856116
5582,test,0,0.0005239765
4949,test,0,0.0005239765
8152,test,0,0.0020855062
4463,test,0,0.00064318907
1505,test,0,3.8240756e-05
9500,test,0,7.303144e-05
1792,test,0,0.0042177313
2542,test,0,0.08944389
7776,test,0,0.0006425709
660,test,0,0.0003091519
10123,test,0,0.00012776924
2340,test,0,0.0014407422
172,test,0,2.6335983e-05
4907,test,0,2.6335983e-05
8546,test,0,0.0019693507
584,test,0,0.00082801434
6773,test,0,4.801869e-05
5862,test,0,4.801912e-05
10659,test,0,4.801912e-05
7841,test,0,0.00030480005
7726,test,0,1.4608383e-05
10973,test,0,0.00052447105
9002,test,0,1.9932904e-05
1165,test,0,0.00013311664
1066,test,0,0.0011348838
6873,test,0,0.0016443158
2698,test,0,0.00058663124
9180,test,0,0.00071184523
3311,test,0,0.00023376504
2632,test,0,3.8894654e-05
9424,test,0,0.00078638154
10251,test,0,0.00049136794
6056,test,0,2.6157722e-05
3699,test,0,0.00036358854
3814,test,0,0.00041159047
7961,test,0,0.00016144989
2240,test,0,0.00014882105
4062,test,0,0.000770415
3964,test,0,0.0043047867
2990,test,0,0.0005468291
9427,test,0,0.00033512956
4952,test,0,0.00088829314
4506,test,0,0.00010172408
595,test,0,0.0016995902
10078,test,0,1.2056028e-05
8776,test,0,6.0087976e-05
5905,test,0,0.00089894637
8170,test,0,4.801912e-05
4455,test,0,4.801912e-05
967,test,0,5.5587003e-05
5859,test,0,0.0005340747
6649,test,0,0.00014119102
11067,test,0,0.0020855062
3621,test,0,1.7035616e-05
8172,test,0,0.00044642598
10258,test,0,0.00020786953
5578,test,0,0.0013543357
5142,test,0,0.0008640791
3809,test,0,0.0005250279
10904,test,0,0.0019043132
4205,test,0,2.1035446e-05
1942,test,0,5.3262347e-06
1280,test,0,0.0010825859
1892,test,0,0.002996062
10099,test,0,0.00025770644
1901,test,0,0.000121456935
4966,test,0,0.0005904739
3623,test,0,0.005200059
3502,test,0,0.00030295545
2303,test,0,0.00014358458
5379,test,0,0.0018770725
8021,test,0,0.0006909607
10033,test,0,0.00011548817
8848,test,0,0.0015480033
5012,test,0,0.00018655996
2817,test,0,3.8240756e-05
4364,test,0,5.9792397e-05
7652,test,0,0.00047943153
8138,test,0,2.777005e-05
776,test,0,4.13563e-06
6427,test,0,2.8804747e-05
6829,test,0,0.00094341545
3309,test,0,0.0026971465
4732,test,0,1.2793701e-05
4754,test,0,0.0003799482
1310,test,0,0.00028112083
450,test,0,8.728851e-06
8137,test,0,0.0020928776
8167,test,0,1.6103211e-05
10568,test,0,0.0033616934
10254,test,0,0.017057566
2518,test,0,0.00030165323
5836,test,0,6.9578773e-06
4357,test,0,5.512209e-05
3314,test,0,0.00013639776
5157,test,0,2.1461186e-05
8555,test,0,0.00091454625
8188,test,0,0.00024337093
567,test,0,1.9291703e-05
6640,test,0,0.00069427496
7605,test,0,0.0008023358
3987,test,0,0.000942008
8178,test,0,0.0014782442
6131,test,0,0.00021968225
6794,test,0,1.7384255e-05
10119,test,0,0.0003775501
2988,test,0,0.00054913264
5839,test,0,0.0004197969
10270,test,0,0.0017505481
3704,test,0,2.9578392e-05
8946,test,0,0.00062308076
7650,test,0,0.00048444464
3411,test,0,0.0018930947
2861,test,0,0.000742753
8773,test,0,0.00024397006
3816,test,0,4.801912e-05
674,test,0,0.0003656416
6248,test,0,4.801869e-05
3963,test,0,4.801912e-05
7942,test,0,0.004154856
1173,test,0,4.801922e-05
5890,test,0,0.0010141089
564,test,0,7.0529466e-05
7947,test,0,0.00020006762
448,test,0,8.142554e-05
7780,test,0,0.00039899928
7496,test,0,0.008785614
7059,test,0,0.0022073532
2235,test,0,0.0012294502
10090,test,0,0.0010294688
1798,test,0,1.9683313e-05
5864,test,0,0.00069213146
2526,test,0,0.0012294502
1971,test,0,0.0014823134
7134,test,0,0.0008428961
9785,test,0,2.6996318e-05
8592,test,0,3.8722526e-05
10111,test,0,6.954562e-05
5844,test,0,0.00018177077
3617,test,0,0.0003422232
6902,test,0,0.003585616
3304,test,0,0.0031027822
10961,test,0,0.00032203188
5579,test,0,0.0011066609
3719,test,0,0.0087333685
5588,test,0,0.0009595711
4272,test,0,1.7381297e-05
3853,test,0,3.9946422e-05
600,test,0,2.367998e-05
6943,test,0,0.0008865651
8840,test,0,0.0019885255
6297,test,0,0.000213174
461,test,0,0.00092686614
3700,test,0,1.8950323e-05
4715,test,0,0.00895579
3423,test,0,0.0014782533
7785,test,0,0.00014771888
3581,test,0,0.00041159047
10884,test,0,0.00046390397
8410,test,0,1.1505207e-05
3716,test,0,0.00031956105
4217,test,0,0.00029054825
7786,test,0,0.00060891855
3172,test,0,3.852298e-05
2524,test,0,4.801869e-05
2501,test,0,4.801912e-05
9787,test,0,0.004314653
2538,test,0,1.1875442e-05
8948,test,0,0.003952436
10969,test,0,2.0794263e-05
1083,test,0,0.0013919119
10384,test,0,0.0022177673
10663,test,0,0.0024286034
6800,test,0,0.00040207087
169,test,0,0.0020236115
574,test,0,0.00045741565
206,test,0,0.00046506795
4087,test,0,1.3784327e-05
5614,test,0,0.00058663124
6860,test,0,0.0017412688
10617,test,0,0.0018258119
1897,test,0,0.00081491296
7955,test,0,9.615171e-06
10953,test,0,9.214818e-06
4224,test,0,9.080649e-06
3579,test,0,0.00014745351
10581,test,0,0.00089897757
6790,test,0,0.0006624818
10897,test,0,0.00017667198
510,test,0,0.00023068384
10664,test,0,0.0006833126
5111,test,0,3.1662847e-05
7600,test,0,0.0003799482
6283,test,0,0.00023719139
9984,test,0,4.801869e-05
8194,test,0,0.0003256337
4728,test,0,0.00029054825
7557,test,0,3.904251e-06
1331,test,0,0.0016571496
570,test,0,0.0017853429
360,test,0,3.6872883e-05
9928,test,0,0.0038655733
5849,test,0,0.009642663
5116,test,0,7.6091266e-05
9112,test,0,0.0017062546
4905,test,0,5.6273025e-06
468,test,0,0.0012898196
6416,test,0,1.1380748e-05
10632,test,0,0.0021013245
26,test,0,1.7433222e-05
7793,test,0,1.7577631e-05
6419,test,0,2.6234207e-05
1077,test,0,0.0021013245
5298,test,0,3.259358e-05
6431,test,0,0.00016016154
6648,test,0,0.00018481351
9917,test,0,0.00015091071
864,test,0,0.00014882105
772,test,0,3.1713942e-05
1939,test,0,0.00032673107
7849,test,0,0.0021061357
9634,test,0,1.904037e-05
4348,test,0,0.0003592053
5863,test,0,3.8331935e-05
4069,test,0,0.0004856116
445,test,0,0.00016012926
9476,test,0,9.392248e-05
10027,test,0,0.00016426222
8593,test,0,0.0006515126
156,test,0,0.00034083362
7565,test,0,0.0033668978
2521,test,0,2.7344555e-05
8600,test,0,1.0105034e-05
7555,test,0,0.0004709496
8147,test,0,8.979916e-06
4362,test,0,0.00011478198
2502,test,0,0.00021347024
1008,test,0,3.7840826e-05
3337,test,0,7.992221e-05
560,test,0,8.366531e-06
1290,test,0,4.7224104e-05
350,test,0,0.0019488399
1463,test,0,0.000118525604
10021,test,0,0.00025855686
6250,test,0,9.010598e-05
5857,test,0,7.6510805e-05
9463,test,0,0.000201709
366,test,0,8.771666e-06
4198,test,0,2.7124863e-05
2506,test,0,0.000114946495
7781,test,0,1.5003188e-05
4995,test,0,0.0015362455
3406,test,0,0.0033471624
3247,test,0,4.920843e-06
3807,test,0,0.00018516248
661,test,0,8.057975e-06
408,test,0,8.979374e-06
10132,test,0,4.719739e-05
3710,test,0,0.000298875
6903,test,0,8.956193e-06
4088,test,0,0.00029054825
6295,test,0,8.556665e-06
359,test,0,5.941117e-05
4066,test,0,1.93127e-05
3260,test,0,0.04478225
170,test,0,4.801869e-05
10577,test,0,0.00010187382
43,test,0,0.0004888623
3741,test,0,0.000702709
4279,test,0,3.610187e-05
342,test,0,0.000668268
583,test,0,8.726179e-05
4196,test,0,5.3131178e-05
31,test,0,0.0018952057
9468,test,0,0.00012566542
7602,test,0,0.00016385887
3303,test,0,2.5351068e-05
5931,test,0,0.0010004744
7617,test,0,0.00067592884
5257,test,0,0.0035073962
4518,test,0,0.012264275
2623,test,0,0.0026349374
1502,test,0,0.00015021785
2504,test,0,0.00019395392
4375,test,0,1.6894332e-05
9416,test,0,1.6062511e-05
8560,test,0,0.0003148912
5847,test,0,0.0013440602
10612,test,0,0.0017126458
3341,test,0,6.74011e-05
1975,test,0,0.0001501007
4457,test,0,0.0007190874
736,test,0,9.2349284e-05
6664,test,0,9.095086e-05
5718,test,0,0.0028912008
2955,test,0,4.9053706e-05
9130,test,0,0.0014316535
8169,test,0,0.001232269
7505,test,0,0.004063251
3327,test,0,4.994953e-05
4278,test,0,0.0016717368
1784,test,0,1.1584492e-05
10630,test,0,0.00049500744
3302,test,0,0.00029158848
9799,test,0,0.0011212348
1200,test,0,5.8926953e-06
9444,test,0,2.9756391e-05
3872,test,0,2.397336e-05
6437,test,0,0.0005872811
6953,test,0,0.00014358583
2808,test,0,0.0009500917
453,test,0,0.00058080803
9004,test,0,7.3490287e-06
5867,test,0,0.00068537815
1063,test,0,5.892678e-06
3849,test,0,0.001438049
4906,test,0,1.3628155e-05
9009,test,0,0.00016427676
10089,test,0,1.6191605e-05
2853,test,0,6.4589817e-06
8081,test,0,2.7377771e-05
8025,test,0,9.090629e-06
6754,test,0,0.0031867276
10097,test,0,0.00024493394
497,test,0,0.00057823915
7568,test,0,0.00084038643
8971,test,0,0.00096691714
6836,test,0,0.0005413402
10951,test,0,3.491341e-05
10623,test,0,9.871547e-06
219,test,0,0.0015128123
4897,test,0,1.0656639e-05
4271,test,0,3.987386e-05
3171,test,0,0.00029054825
4740,test,0,0.00029054825
3255,test,0,0.00023719139
7558,test,0,0.00033970497
5729,test,0,0.0011707951
4930,test,0,0.00021871117
155,test,0,1.2750972e-05
1026,test,0,0.00028749555
5639,test,0,0.0013232684
9804,test,0,0.00025310335
452,test,0,0.00025310335
7933,test,0,0.0007041941
9185,test,0,0.00029574824
5754,test,0,3.5641588e-05
1642,test,0,0.0024725718
4669,test,0,0.0019040761
8426,test,0,0.0016867587
10375,test,0,0.007112589
2780,test,0,5.2869955e-06
7680,test,0,0.0044180276
3979,test,0,0.0008232703
5371,test,0,0.00092126126
2637,test,0,0.0020837695
3345,test,0,0.0024077953
645,test,0,0.0014392535
3342,test,0,0.0009430446
8142,test,0,0.003438229
3729,test,0,0.0009839383
8035,test,0,0.0009839383
7792,test,0,0.0017062546
4971,test,0,1.1220829e-05
1285,test,0,0.0009839383
7717,test,0,0.00058065716
7616,test,0,0.0006019814
1312,test,0,0.0009839383
10428,test,0,5.6273025e-06
5635,test,0,0.0007426886
9191,test,0,0.008574007
578,test,0,1.462795e-05
7292,test,0,0.0017397687
505,test,0,0.0011952561
862,test,0,8.469464e-05
7566,test,0,0.0011318284
4656,test,0,0.0027171227
2523,test,0,0.017285721
8203,test,0,0.0010004744
2785,test,0,0.009069398
1930,test,0,0.0017798833
29,test,0,0.0019682534
7953,test,0,1.8052635e-05
6827,test,0,2.088283e-05
3955,test,0,2.070258e-05
3335,test,0,0.012167453
1793,test,0,3.1784533e-05
1948,test,0,0.0051797647
5009,test,0,0.004470424
3984,test,0,0.0035482664
3735,test,0,0.004465177
1078,test,0,0.000988039
5299,test,0,0.0027171227
8439,test,0,3.3887714e-05
8146,test,0,5.7360692e-05
643,test,0,2.918194e-05
28,test,0,0.002616215
556,test,0,0.0026593534
1924,test,0,3.2876982e-05
6627,test,0,0.04336247
6057,test,0,0.0006501203
5915,test,0,0.0022710215
5251,test,0,0.0032365695
648,test,0,0.00077826215
2307,test,0,0.0076018837
8432,test,0,0.00014824243
7649,test,0,2.708936e-05
775,test,0,0.00024397219
73,test,0,1.7554064e-05
10246,test,0,4.13563e-06
1004,test,0,0.0019895504
3413,test,0,0.0001924417
1927,test,0,4.168977e-05
161,test,0,4.065094e-06
1788,test,0,0.0001285846
4460,test,0,0.000279724
5833,test,0,0.00038960105
3262,test,0,2.1850292e-05
3500,test,0,0.001588832
554,test,0,2.180611e-05
717,test,0,0.00017068432
1204,test,0,0.0026696585
4852,test,0,1.7783206e-05
5854,test,0,0.00011591081
5627,test,0,0.0019375653
721,test,0,0.0014629236
5052,test,0,2.844587e-05
6650,test,0,0.00019275649
734,test,0,1.3172532e-05
3270,test,0,0.001576749
10264,test,0,0.00067009573
9982,test,0,3.041579e-05
3981,test,0,0.0034423165
9480,test,0,0.00011261167
4719,test,0,8.750606e-05
7791,test,0,0.0002488206
8783,test,0,0.00010614339
8999,test,0,0.00015091071
5003,test,0,0.000104676066
3608,test,0,0.00011203699
3300,test,0,0.001469166
4969,test,0,0.00020297409
9452,test,0,1.3280807e-05
6748,test,0,5.300229e-05
4462,test,0,2.1937858e-05
3273,test,0,6.2765685e-05
8149,test,0,0.0036551405
467,test,0,0.00136132
6765,test,0,8.6439206e-05
5591,test,0,8.9826586e-05
1922,test,0,2.802869e-05
3276,test,0,0.00022687318
5395,test,0,7.8420735e-06
1969,test,0,0.0010590798
6769,test,0,8.066923e-06
2797,test,0,0.0004943692
2525,test,0,0.0011313407
1060,test,0,0.0016487235
368,test,0,0.00011164458
10104,test,0,0.0012706923
4083,test,0,0.00073626655
6870,test,0,0.00023685711
4072,test,0,0.00067719276
536,test,0,2.8855187e-05
5723,test,0,0.00066113425
5046,test,0,1.9356334e-05
6415,test,0,5.3124772e-06
5108,test,0,0.00010262146
10441,test,0,0.0004953717
5865,test,0,0.006635802
4863,test,0,0.005850187
5050,test,0,5.110499e-05
5403,test,0,0.0004856116
5914,test,0,4.2354666e-05
731,test,0,0.0012849817
7500,test,0,0.00014358583
5370,test,0,0.0004709496
6775,test,0,7.026294e-05
4942,test,0,0.00015919845
10902,test,0,3.38687e-05
3864,test,0,2.642316e-05
9975,test,0,0.00019395392
8184,test,0,0.0027627717
5118,test,0,0.00036935046
3310,test,0,0.0006246857
9916,test,0,2.6744105e-05
5590,test,0,0.0012462495
9503,test,0,0.0001254172
8594,test,0,0.00014882105
6880,test,0,0.00015091071
5126,test,0,1.0734697e-05
7676,test,0,1.2393747e-05
10034,test,0,0.00036444553
7682,test,0,0.00080241525
3298,test,0,7.6879605e-06
6435,test,0,0.00020061416
964,test,0,2.7385464e-05
1082,test,0,1.3125138e-05
1024,test,0,4.062342e-05
676,test,0,2.081575e-05
8784,test,0,6.9078174e-05
75,test,0,1.8796172e-05
10903,test,0,0.00030042528
10660,test,0,0.00068548793
10392,test,0,0.00046506795
9650,test,0,0.0021431209
6424,test,0,1.7224429e-05
1506,test,0,0.00058249506
3426,test,0,2.5343601e-05
5624,test,0,8.868845e-06
670,test,0,5.3785363e-05
3410,test,0,0.000121137426
9474,test,0,0.0006710685
7563,test,0,0.015793264
589,test,0,0.00043245562
7135,test,0,0.020717936
3338,test,0,0.00014219002
2612,test,0,0.0033952391
3983,test,0,3.272342e-05
6604,test,0,9.428217e-05
582,test,0,0.00023026671
2179,test,0,0.0019329934
646,test,0,5.2306317e-05
10886,test,0,3.2220672e-05
2334,test,0,3.4978868e-05
5636,test,0,0.0091825295
2776,test,0,4.4391618e-05
5842,test,0,0.00011347161
6257,test,0,0.00030797292
5928,test,0,0.0004709496
11084,test,0,5.8926953e-06
6141,test,0,5.7919033e-06
7673,test,0,0.00014358458
9012,test,0,0.00057799753
4082,test,0,6.0025077e-06
4723,test,0,0.00022272984
9409,test,0,7.236251e-05
998,test,0,8.306931e-06
4063,test,0,0.0013845362
5587,test,0,0.00044642598
5396,test,0,2.1682368e-05
4917,test,0,0.0006385412
10497,test,0,0.00020787002
1061,test,0,0.0008443958
7678,test,0,0.0013636007
2701,test,0,8.325129e-05
8844,test,0,9.4433235e-06
7950,test,0,1.15080775e-05
572,test,0,0.0045036925
4739,test,0,5.580294e-05
3806,test,0,9.9559205e-05
9796,test,0,0.0015428511
4708,test,0,1.192026e-05
8549,test,0,9.317899e-06
2342,test,0,0.0007194415
1022,test,0,4.6072604e-05
9701,test,0,8.803459e-06
3154,test,0,0.0009116478
9637,test,0,0.0011619008
969,test,0,1.0056436e-05
5026,test,0,1.0056436e-05
5589,test,0,2.5307618e-05
5615,test,0,3.625788e-05
10578,test,0,1.2745552e-05
10512,test,0,0.0007362668
5240,test,0,1.5802541e-05
2786,test,0,0.001171292
416,test,0,0.00013906823
6366,test,0,0.0006952791
4925,test,0,0.0021766226
3336,test,0,8.446841e-06
407,test,0,1.15243065e-05
4226,test,0,0.00095207547
5237,test,0,0.00019728758
6755,test,0,0.0005132129
4970,test,0,0.0020636488
5381,test,0,0.00078638154
1795,test,0,0.00029054825
2072,test,0,0.00037092777
7773,test,0,0.00015427434
952,test,0,8.956193e-06
6399,test,0,3.949476e-06
5471,test,0,0.00020080688
1316,test,0,0.0002465618
4200,test,0,4.544983e-05
10260,test,0,1.3244572e-05
5840,test,0,0.00024079096
410,test,0,0.00014018053
10127,test,0,3.8377373e-05
8079,test,0,0.0022153794
3993,test,0,1.5179444e-05
9426,test,0,0.00013673413
9923,test,0,0.001067987
78,test,0,0.00229103
4730,test,0,0.00078012946
10094,test,0,8.090491e-06
3827,test,0,0.0017199997
9421,test,0,0.00012429799
7309,test,0,0.001032557
6815,test,0,0.0010126905
10108,test,0,7.186232e-05
7714,test,0,0.0008410578
9022,test,0,0.0023773094
3244,test,0,0.0006019802
652,test,0,0.0006389265
1471,test,0,5.9292255e-05
3990,test,0,1.0964345e-05
10379,test,0,5.601479e-06
8417,test,0,5.3124927e-06
4929,test,0,0.0006389265
7710,test,0,1.6855814e-05
211,test,0,0.0039910865
4202,test,0,3.9849518e-05
6777,test,0,0.004766884
5879,test,0,0.015852071
3256,test,0,1.609253e-05
7507,test,0,0.0059488835
569,test,0,0.00011868105
1315,test,0,0.0021262923
37,test,0,2.8881832e-05
9469,test,0,0.0022073532
533,test,0,2.4043487e-05
9006,test,0,6.8092195e-05
10880,test,0,0.0023653097
6400,test,0,0.008156165
8218,test,0,0.00019370318
7315,test,0,0.0017953634
3954,test,0,0.0035012437
2315,test,0,1.867624e-05
10245,test,0,0.0010778285
5617,test,0,2.0801606e-05
579,test,0,0.00010359664
3978,test,0,0.008098373
4895,test,0,1.8187724e-05
4714,test,0,3.7244783e-05
5250,test,0,0.004033584
2324,test,0,0.11403889
2691,test,0,9.178012e-06
7838,test,0,3.0226383e-05
3863,test,0,3.0226383e-05
5235,test,0,0.0001072497
2069,test,0,0.000104676066
8161,test,0,0.00015091071
2594,test,0,0.00014882105
6791,test,0,0.00015091071
7144,test,0,0.00015091071
6657,test,0,0.00014882105
506,test,0,1.0679731e-05
7550,test,0,0.0011337933
8159,test,0,0.00012461656
773,test,0,3.2725973e-05
11079,test,0,0.00017205435
1465,test,0,8.5134576e-05
654,test,0,0.0019242067
5241,test,0,0.00064471026
4720,test,0,0.00033535526
2794,test,0,1.39471385e-05
72,test,0,5.7719597e-05
5932,test,0,0.0011410651
10898,test,0,0.00044025903
10962,test,0,4.900862e-05
5281,test,0,0.00044171655
9930,test,0,4.29901e-05
6942,test,0,0.00039849582
3737,test,0,0.0004856116
9418,test,0,0.00094449386
8310,test,0,6.5247485e-05
655,test,0,4.1378524e-05
6960,test,0,4.1485546e-05
5897,test,0,3.9044935e-05
7293,test,0,3.8376988e-05
6434,test,0,0.0015102267
8076,test,0,1.822216e-05
3870,test,0,2.5111243e-05
6948,test,0,2.4325458e-05
367,test,0,0.000423483
1320,test,0,0.000423483
3825,test,0,2.4748846e-05
6422,test,0,0.003765866
6899,test,0,0.00711841
3835,test,0,0.008704311
8958,test,0,6.954554e-05
7711,test,0,4.9949256e-05
7778,test,0,0.00029484142
10499,test,0,0.0011213206
5903,test,0,0.000460443
4270,test,0,0.00024212993
2622,test,0,0.0017505375
7501,test,0,0.00049568753
6058,test,0,2.267991e-05
2803,test,0,0.00048167215
27,test,0,0.0005209556
8554,test,0,1.4519839e-05
8141,test,0,0.0004709496
4293,test,0,5.791905e-06
3830,test,0,7.8420735e-06
10122,test,0,0.00011164458
509,test,0,3.969994e-06
6806,test,0,0.00011164458
1970,test,0,0.00016689519
9972,test,0,0.00026718833
4663,test,0,0.00022873055
4855,test,0,2.1902692e-05
2610,test,0,1.8452109e-05
9635,test,0,0.0027627717
4346,test,0,0.003730032
6772,test,0,0.0007040509
9498,test,0,0.00016774776
7848,test,0,0.00010172408
7801,test,0,0.00022071034
2065,test,0,2.3997385e-05
860,test,0,1.1792259e-05
4223,test,0,0.00014215708
5015,test,0,0.00069096335
4946,test,0,9.175524e-06
2859,test,0,9.3593535e-06
3420,test,0,1.273102e-05
6139,test,0,8.302352e-06
5247,test,0,0.01108038
8150,test,0,1.1241147e-05
6822,test,0,8.302344e-06
5575,test,0,0.0028847912
1802,test,0,0.0021387506
6368,test,0,0.0011288093
5594,test,0,4.966038e-05
1274,test,0,8.723821e-06
1899,test,0,0.00023719139
6647,test,0,6.2899335e-06
7712,test,0,0.0003799482
4355,test,0,0.00014715538
5021,test,0,4.684963e-06
6862,test,0,3.698409e-06
4916,test,0,0.0003799482
3848,test,0,4.6892865e-06
10257,test,0,4.124956e-06
5645,test,0,4.0884984e-06
3618,test,0,4.801912e-05
5008,test,0,3.0330375e-06
2068,test,0,2.3454933e-05
3254,test,0,9.147114e-06
353,test,0,0.0001924417
6064,test,0,6.007188e-06
6282,test,0,0.00020752773
10574,test,0,0.0005640517
3803,test,0,4.6240853e-05
2611,test,0,0.00018645673
4847,test,0,0.00029054825
6359,test,0,0.00046390668
2953,test,0,0.00019668997
1630,test,0,5.9667277e-06
499,test,0,0.00063320145
7777,test,0,3.5551755e-06
6136,test,0,4.7339443e-05
586,test,0,4.492958e-05
10900,test,0,1.8937384e-05
5467,test,0,2.9801809e-06
4744,test,0,0.0016411655
7511,test,0,0.00027102666
9705,test,0,2.0763824e-05
9644,test,0,2.6172947e-05
4074,test,0,8.194133e-05
6808,test,0,0.008202428
455,test,0,2.975862e-05
9802,test,0,1.956102e-05
440,test,0,3.2885524e-05
6751,test,0,0.0021253177
2532,test,0,2.1858194e-05
5924,test,0,0.005434547
3828,test,0,1.124008e-05
8415,test,0,0.00051843975
5717,test,0,0.0010141089
9707,test,0,0.0020226256
2992,test,0,0.0006369978
4519,test,0,2.3278679e-05
10899,test,0,6.923138e-06
2318,test,0,0.00046365935
3859,test,0,5.3124772e-06
4508,test,0,8.065718e-05
5378,test,0,5.3124795e-06
4659,test,0,4.6847083e-05
507,test,0,0.00050199527
4726,test,0,7.750878e-05
10887,test,0,0.0008410578
4998,test,0,0.000100743375
7975,test,0,2.4164288e-05
2997,test,0,9.945157e-06
6610,test,0,3.743149e-05
6365,test,0,6.865754e-06
868,test,0,9.481969e-06
6296,test,0,8.845646e-06
4896,test,0,7.592297e-05
2243,test,0,1.2225572e-05
2491,test,0,0.0001095137
551,test,0,0.00094787765
4964,test,0,0.00011031652
1072,test,0,2.9691922e-05
6959,test,0,0.0006389265
7145,test,0,2.2168213e-05
6767,test,0,0.00090991665
10386,test,0,0.00066992047
10582,test,0,0.003951196
7146,test,0,0.0037848991
9448,test,0,9.681648e-05
11083,test,0,9.681648e-05
4211,test,0,1.292499e-05
5037,test,0,6.0547485e-05
7504,test,0,3.390267e-05
2631,test,0,7.853566e-06
2536,test,0,0.0004382335
2865,test,0,0.0004382335
6063,test,0,2.725508e-05
81,test,0,0.00014025506
9795,test,0,0.0013052918
7058,test,0,2.4387955e-05
9926,test,0,0.00012680782
1904,test,0,1.25457045e-05
3847,test,0,1.39046015e-05
171,test,0,6.886159e-05
3583,test,0,1.2620542e-05
1501,test,0,2.20382e-05
5888,test,0,0.0002833171
9467,test,0,0.0008762622
5031,test,0,1.5441281e-05
2060,test,0,1.4501318e-05
10963,test,0,6.097656e-05
6821,test,0,0.0008550174
2993,test,0,9.319123e-05
8544,test,0,0.011141995
11081,test,0,8.354099e-05
8139,test,0,0.0009979322
5231,test,0,7.543922e-06
332,test,0,0.0025506031
4862,test,0,8.7238195e-06
3717,test,0,2.081545e-05
1919,test,0,4.7263893e-06
10560,test,0,9.422961e-06
1910,test,0,1.3484053e-05
2686,test,0,8.302352e-06
6762,test,0,0.00010342835
5234,test,0,0.00012250784
8973,test,0,0.00078638154
6369,test,0,8.260314e-06
6813,test,0,0.0003799482
504,test,0,1.6237693e-05
6426,test,0,4.734013e-05
8843,test,0,7.147742e-06
3748,test,0,0.00029054825
6944,test,0,0.00025310335
447,test,0,4.8018395e-05
6278,test,0,8.974533e-06
6884,test,0,3.5292287e-05
9447,test,0,6.5705512e-06
10614,test,0,4.6249784e-06
4911,test,0,3.956275e-05
2238,test,0,4.5449826e-05
1293,test,0,0.00029054825
10086,test,0,3.9042498e-06
9035,test,0,0.0004715392
4653,test,0,0.00039791496
5143,test,0,0.00029054825
11078,test,0,0.00029054825
3497,test,0,5.4789666e-06
2535,test,0,2.9931641e-06
1287,test,0,6.1117557e-06
963,test,0,0.0003656416
6420,test,0,0.00029054825
4347,test,0,6.296519e-05
1003,test,0,0.00021503276
10023,test,0,9.392465e-06
6890,test,0,0.00018645811
9792,test,0,3.9042498e-06
3257,test,0,3.9666313e-05
10390,test,0,0.0031305423
5053,test,0,3.5870387e-05
10906,test,0,7.148711e-05
5861,test,0,1.1487309e-05
9041,test,0,1.1487309e-05
1223,test,0,0.00022836516
4734,test,0,3.9042543e-06
5121,test,0,0.00039246914
8774,test,0,8.591488e-05
24,test,0,0.00046842766
435,test,0,4.0992785e-05
1806,test,0,0.0031305423
1933,test,0,1.9560995e-05
6895,test,0,1.2023612e-05
1301,test,0,1.0701271e-05
553,test,0,7.952099e-06
8959,test,0,2.2901273e-05
2494,test,0,0.0017422612
9963,test,0,0.0016571496
1327,test,0,7.952116e-06
356,test,0,5.593827e-05
6409,test,0,2.3107657e-05
3855,test,0,0.00018170445
5114,test,0,0.0009161831
3733,test,0,0.03464304
355,test,0,0.00026682322
1081,test,0,0.0016867587
2826,test,0,0.0019227294
5882,test,0,0.018576406
9510,test,0,1.3268558e-05
437,test,0,1.7507677e-05
8968,test,0,0.0010460346
585,test,0,0.0014172726
9182,test,0,0.0008660547
3319,test,0,0.0004623662
6405,test,0,0.0007213962
1804,test,0,1.434383e-05
4351,test,0,0.0007753502
3851,test,0,5.3124795e-06
9699,test,0,1.236368e-05
8423,test,0,8.568997e-05
3989,test,0,6.6597945e-06
9993,test,0,0.00045279317
4368,test,0,0.0011091962
3865,test,0,5.6275762e-06
10382,test,0,0.00081126357
6048,test,0,6.7756755e-06
5254,test,0,0.0008208071
7720,test,0,7.0513106e-06
7498,test,0,2.3311233e-05
3867,test,0,0.10295948
10569,test,0,0.0013425439
8179,test,0,2.3758921e-05
9121,test,0,1.956521e-05
10434,test,0,0.00016781746
7911,test,0,0.00043269564
10877,test,0,1.5052388e-05
9793,test,0,0.0005678406
10440,test,0,0.00013061364
10075,test,0,0.0014677352
9969,test,0,3.6101606e-05
9786,test,0,7.3160895e-06
4060,test,0,0.0008128863
9120,test,0,6.736931e-06
7970,test,0,2.1089709e-05
5153,test,0,0.002409651
7304,test,0,7.0695523e-06
4001,test,0,7.1929503e-06
4675,test,0,1.2369735e-05
5000,test,0,7.143584e-05
2305,test,0,5.312495e-06
7643,test,0,7.988023e-06
8591,test,0,0.00046020158
9962,test,0,5.3124772e-06
8967,test,0,1.1499172e-05
4745,test,0,5.37402e-06
9038,test,0,0.0006389265
4838,test,0,0.0005027264
10092,test,0,0.0004888623
6284,test,0,1.9863763e-05
4837,test,0,1.493227e-05
3837,test,0,1.1998149e-05
6885,test,0,1.0964345e-05
8442,test,0,1.0630542e-05
5010,test,0,1.2137123e-05
7311,test,0,0.05026058
4830,test,0,2.0717582e-05
9920,test,0,2.7743317e-05
2806,test,0,0.00015403035
6138,test,0,5.9589616e-05
3965,test,0,3.9329683e-05
7935,test,0,2.8883098e-05
1296,test,0,0.0038761452
11065,test,0,4.9084312e-05
3958,test,0,2.3365792e-05
8540,test,0,0.00011762273
1932,test,0,4.1436502e-05
2498,test,0,0.00021555657
436,test,0,0.001725306
2320,test,0,1.1798903e-05
7142,test,0,0.006500213
9001,test,0,2.608866e-05
10896,test,0,0.0012110047
2595,test,0,2.20382e-05
557,test,0,1.3785364e-05
2958,test,0,0.0006412303
9967,test,0,2.1603375e-05
8020,test,0,2.5306585e-05
3159,test,0,0.0009746826
82,test,0,9.8634984e-05
1284,test,0,1.6009668e-05
3838,test,0,0.006500213
2810,test,0,1.7025688e-05
346,test,0,0.0017250912
6763,test,0,0.0031763348
2696,test,0,0.040362675
10001,test,0,0.0014001946
3714,test,0,0.0011145747
3331,test,0,0.0077324198
8210,test,0,1.9313247e-05
3249,test,0,8.0629216e-05
3308,test,0,2.20382e-05
7056,test,0,1.9857453e-05
2061,test,0,0.00028216638
3347,test,0,9.5673284e-05
5868,test,0,0.017089184
1914,test,0,0.0022821329
1639,test,0,5.880189e-05
210,test,0,4.4456065e-05
4363,test,0,1.42371455e-05
3278,test,0,2.0502572e-05
4280,test,0,2.0502572e-05
5382,test,0,3.2964716e-05
1466,test,0,0.0023815974
713,test,0,0.0016961198
7295,test,0,1.0403352e-05
4356,test,0,1.7025688e-05
10022,test,0,1.7025686e-05
4948,test,0,0.0015192776
456,test,0,0.0024981105
10974,test,0,0.0015192776
6362,test,0,0.0013844862
7798,test,0,0.016002957
215,test,0,0.0015192776
4209,test,0,7.1106166e-05
9803,test,0,0.0001891345
9977,test,0,7.726422e-06
4725,test,0,0.000112075744
4370,test,0,0.00025675094
3494,test,0,0.00018516295
3265,test,0,9.327245e-06
7645,test,0,5.6798643e-05
2520,test,0,0.00014882105
534,test,0,0.00084310194
457,test,0,0.0016639736
2814,test,0,2.730115e-05
502,test,0,8.44412e-05
8154,test,0,0.00084783725
4749,test,0,8.123e-05
543,test,0,1.9663545e-05
8957,test,0,0.00042383312
3316,test,0,9.424696e-05
9505,test,0,5.9458085e-05
7774,test,0,1.2667708e-05
4513,test,0,0.00048444024
9800,test,0,2.0236304e-05
774,test,0,9.895462e-05
7647,test,0,0.00039589975
10427,test,0,1.0812298e-05
6142,test,0,1.402423e-05
2508,test,0,1.6069918e-05
5034,test,0,1.4060509e-05
5287,test,0,0.0004856116
7966,test,0,0.0022376243
1498,test,0,0.000119178265
8160,test,0,0.0022376243
6947,test,0,0.0004856116
5463,test,0,0.0006890637
9996,test,0,5.8406982e-05
9501,test,0,0.0006335488
4738,test,0,4.0641004e-05
573,test,0,0.00058663124
5125,test,0,5.7291738e-05
3160,test,0,3.706126e-05
6358,test,0,0.0018844422
9918,test,0,0.0015018061
9453,test,0,0.0006710685
4940,test,0,0.0017056754
1324,test,0,0.0052030506
3425,test,0,0.0003388396
6363,test,0,4.499543e-05
6134,test,0,1.847046e-05
9460,test,0,8.4662934e-05
1801,test,0,0.004547813
5855,test,0,4.87504e-05
6433,test,0,1.7868215e-05
669,test,0,2.965444e-05
6887,test,0,2.5111127e-05
2692,test,0,2.5111127e-05
4756,test,0,9.896231e-06
8183,test,0,0.0011423648
6901,test,0,0.00028493712
10882,test,0,0.0014316535
8163,test,0,0.0003782462
451,test,0,6.176535e-05
5032,test,0,2.5473331e-05
1636,test,0,0.00042613797
8846,test,0,2.4325427e-05
4923,test,0,0.0014316535
6260,test,0,0.00048445066
5583,test,0,0.00029303765
9178,test,0,6.954562e-05
2627,test,0,0.00037428777
4910,test,0,0.00037428777
2640,test,0,0.0040785666
2519,test,0,7.17486e-05
8835,test,0,7.4844036e-05
8552,test,0,4.491826e-05
10576,test,0,7.7671386e-05
2500,test,0,0.0008254199
9465,test,0,0.0005021639
8078,test,0,0.0039518904
463,test,0,0.00014787444
8187,test,0,0.00085552054
2782,test,0,0.011746757
5646,test,0,6.969998e-05
6050,test,0,1.29593645e-05
10500,test,0,1.29593645e-05
5887,test,0,0.002531091
9502,test,0,3.6517456e-05
1304,test,0,2.2679917e-05
4860,test,0,9.494238e-06
5280,test,0,3.6272028e-05
8207,test,0,2.9597284e-05
7779,test,0,0.0062243883
6061,test,0,2.8013768e-05
10876,test,0,0.000999425
5620,test,0,5.791895e-06
1009,test,0,6.4071833e-06
6654,test,0,0.00016311566
1071,test,0,7.5650432e-06
2184,test,0,5.9725553e-06
9457,test,0,0.0007354724
8775,test,0,0.00011665666
9036,test,0,1.9358788e-05
5164,test,0,5.85898e-06
8077,test,0,3.266027e-05
1213,test,0,1.4519843e-05
2703,test,0,5.806875e-06
5402,test,0,5.7919033e-06
3869,test,0,0.00074500334
3860,test,0,5.597166e-05
3431,test,0,5.5049372e-06
9645,test,0,6.7603064e-06
6663,test,0,0.00030797292
3839,test,0,9.438459e-06
8037,test,0,5.8589862e-06
157,test,0,7.25206e-06
10611,test,0,0.0004709496
2312,test,0,0.0004709496
2537,test,0,0.0010588967
3726,test,0,5.7919033e-06
4064,test,0,0.00076459296
8174,test,0,0.00073547167
2634,test,0,0.00049806066
214,test,0,7.8420735e-06
1016,test,0,0.00048907334
2327,test,0,0.00021587523
9199,test,0,5.507306e-05
4081,test,0,0.000865656
3492,test,0,0.00021347166
8545,test,0,0.0012177501
1069,test,0,0.00022071034
10124,test,0,9.078643e-05
7958,test,0,0.0006909607
9458,test,0,3.2718028e-05
6641,test,0,4.197919e-05
10658,test,0,0.00029061158
2818,test,0,1.0499565e-05
5297,test,0,8.597943e-06
1001,test,0,0.001157713
6823,test,0,8.499488e-06
4746,test,0,8.499497e-06
5374,test,0,5.6077668e-05
5755,test,0,0.0023413487
3350,test,0,0.0010620984
2858,test,0,8.857965e-06
4194,test,0,0.00020787002
209,test,0,9.175553e-06
8557,test,0,9.328809e-05
9643,test,0,6.802425e-05
5629,test,0,8.4995e-06
3340,test,0,0.00055001606
4353,test,0,5.8785045e-05
8220,test,0,0.000213174
597,test,0,1.3572209e-05
1309,test,0,3.0943538e-05
8963,test,0,9.694188e-06
7554,test,0,9.175529e-06
8307,test,0,0.00011465521
10503,test,0,0.00023237988
10020,test,0,8.457353e-05
1208,test,0,2.19931e-05
3339,test,0,0.001904477
865,test,0,1.3068791e-05
3326,test,0,3.2349057e-05
2824,test,0,3.320781e-05
7138,test,0,0.00023689946
1216,test,0,1.8013887e-05
10107,test,0,0.00012914825
41,test,0,0.0011606282
4716,test,0,0.0028312954
4748,test,0,0.000962914
10274,test,0,0.00095207547
6356,test,0,1.2967384e-05
8189,test,0,0.00012273731
5896,test,0,1.1589144e-05
7788,test,0,1.336576e-05
5920,test,0,0.0013498637
2512,test,0,0.00026840784
3999,test,0,0.0054306085
1311,test,0,9.4490215e-06
9194,test,0,0.0004263535
71,test,0,8.313596e-06
1065,test,0,0.0008403792
3610,test,0,0.00011759045
45,test,0,0.00092686614
149,test,0,0.0029321637
1800,test,0,1.702104e-05
10966,test,0,1.1082767e-05
10636,test,0,9.871533e-06
5881,test,0,9.477221e-06
5013,test,0,1.46618295e-05
3261,test,0,0.0005877704
1018,test,0,1.101815e-05
5719,test,0,1.9294352e-05
7912,test,0,0.00073124707
5156,test,0,1.4390495e-05
10071,test,0,8.60649e-06
5728,test,0,1.4625244e-05
163,test,0,0.0007930538
5366,test,0,4.6575656e-06
1794,test,0,1.1404309e-05
4361,test,0,0.0010831913
7302,test,0,0.0008808282
4654,test,0,8.723826e-06
778,test,0,3.7476818e-06
8143,test,0,4.645537e-06
10028,test,0,2.3770244e-05
10872,test,0,4.699338e-06
2505,test,0,0.0007316936
7719,test,0,8.3984905e-06
5377,test,0,8.723823e-06
2693,test,0,2.492531e-05
3616,test,0,2.0237327e-05
2787,test,0,1.3723442e-05
3840,test,0,0.0012218403
3577,test,0,0.0028845419
1789,test,0,1.3360016e-05
9123,test,0,1.420052e-05
1509,test,0,0.0005382156
5295,test,0,1.1082781e-05
6825,test,0,4.6993473e-06
9177,test,0,1.0955098e-05
2860,test,0,0.00092686614
7932,test,0,1.916221e-05
10070,test,0,4.6455307e-06
3808,test,0,2.8676262e-05
10570,test,0,4.2104903e-06
4755,test,0,5.2862574e-06
5616,test,0,1.1685116e-05
7653,test,0,2.6286269e-05
8965,test,0,0.00039246914
5384,test,0,6.13446e-06
1000,test,0,3.9042516e-06
2522,test,0,0.00027138813
5286,test,0,4.6455343e-06
8043,test,0,4.645543e-06
5892,test,0,3.982473e-06
10635,test,0,1.1505204e-05
8148,test,0,7.046936e-06
10000,test,0,0.00061659515
5727,test,0,3.904256e-06
2812,test,0,0.00048424467
6818,test,0,3.9042498e-06
5293,test,0,8.144689e-06
7963,test,0,0.0005501688
7904,test,0,1.1379865e-05
4924,test,0,1.1379865e-05
6129,test,0,6.68002e-06
4753,test,0,4.6455325e-06
9504,test,0,4.7263893e-06
3712,test,0,0.0003759547
1913,test,0,4.645532e-06
4085,test,0,5.4195752e-06
5923,test,0,4.699339e-06
4086,test,0,6.2899358e-06
4731,test,0,0.0003565477
10248,test,0,4.1607245e-06
10626,test,0,3.904251e-06
7057,test,0,0.0001472106
1326,test,0,3.90425e-06
9973,test,0,3.90425e-06
5141,test,0,0.00029054825
8849,test,0,8.538299e-06
3328,test,0,4.69934e-06
6133,test,0,0.0003759547
4943,test,0,0.0010740764
10895,test,0,0.00041159047
2311,test,0,0.00029054825
3738,test,0,3.904254e-06
6412,test,0,3.9494694e-06
5024,test,0,0.00014956346
2866,test,0,5.966735e-06
6256,test,0,3.5471894e-06
10610,test,0,3.90425e-06
2599,test,0,3.0330386e-06
6875,test,0,0.00018854227
10960,test,0,3.9494726e-06
561,test,0,3.9494703e-06
5112,test,0,4.838273e-06
74,test,0,0.00078638154
3321,test,0,5.697062e-06
1288,test,0,3.9494817e-06
1277,test,0,0.00025955925
10105,test,0,3.904254e-06
9184,test,0,4.956373e-05
726,test,0,9.454501e-06
11068,test,0,6.7963215e-06
535,test,0,4.9081154e-06
8208,test,0,7.0393994e-06
462,test,0,7.147744e-06
1012,test,0,3.90425e-06
7641,test,0,0.00014393368
140,test,0,2.90593e-06
8195,test,0,0.0007353151
4752,test,0,6.845043e-06
3956,test,0,0.00018412895
9128,test,0,9.454522e-06
8850,test,0,3.949476e-06
8166,test,0,2.993165e-06
6900,test,0,0.00037465192
1632,test,0,3.9494744e-06
2309,test,0,0.0007142497
3325,test,0,0.00029054825
4932,test,0,0.00029054825
11073,test,0,0.0003656416
2702,test,0,3.904254e-06
5041,test,0,3.9319953e-06
9115,test,0,3.9494757e-06
2495,test,0,9.774098e-06
5389,test,0,3.949473e-06
5390,test,0,5.5996193e-06
5641,test,0,3.90425e-06
7789,test,0,3.949476e-06
657,test,0,1.2563781e-05
591,test,0,0.00018655996
2959,test,0,4.3102186e-06
25,test,0,0.00029054825
9979,test,0,4.088499e-06
5716,test,0,3.949473e-06
5148,test,0,3.717495e-05
5233,test,0,3.6041663e-05
9005,test,0,1.8771045e-05
44,test,0,3.904254e-06
6881,test,0,5.2414184e-06
3723,test,0,0.00029054825
7618,test,0,4.645543e-06
9998,test,0,5.9798613e-06
8430,test,0,3.9042625e-06
10091,test,0,8.798193e-06
727,test,0,0.00055844634
9193,test,0,3.949473e-06
4757,test,0,0.00022609495
8424,test,0,3.9042557e-06
5006,test,0,4.984173e-06
1947,test,0,9.564021e-06
6054,test,0,4.6455325e-06
1015,test,0,0.0003799482
6824,test,0,3.9042525e-06
8838,test,0,0.00029054825
3725,test,0,4.018217e-06
3820,test,0,0.00019559069
3833,test,0,7.2991634e-06
10389,test,0,0.0013273433
722,test,0,0.0002888842
8537,test,0,3.9042616e-06
5376,test,0,6.8450513e-06
7944,test,0,0.00029054825
1017,test,0,1.1834751e-05
8440,test,0,3.1105383e-06
5902,test,0,0.0003799482
9506,test,0,0.0003799482
2496,test,0,0.00039247153
10624,test,0,3.904253e-06
10971,test,0,5.9667414e-06
9925,test,0,3.0453903e-05
1797,test,0,3.0453903e-05
11085,test,0,1.9312743e-05
7564,test,0,3.90425e-06
3982,test,0,0.00032239713
5930,test,0,2.769873e-05
10504,test,0,2.769873e-05
1928,test,0,5.2414172e-05
9027,test,0,3.9042498e-06
4849,test,0,1.8077882e-05
4514,test,0,4.7197107e-05
10583,test,0,0.00021871117
10618,test,0,3.9042543e-06
6060,test,0,1.4564329e-05
7964,test,0,1.931278e-05
5912,test,0,0.008434057
477,test,0,0.0031896494
6655,test,0,0.0062351413
5365,test,0,7.57566e-05
7549,test,0,0.0042945175
5936,test,0,0.003972382
2793,test,0,2.4274921e-05
2064,test,0,0.0026716886
2788,test,0,0.0037865487
460,test,0,1.9356285e-05
3155,test,0,7.024437e-05
4215,test,0,0.002132107
8962,test,0,7.8364996e-05
6357,test,0,1.9356334e-05
5119,test,0,0.00018137615
7608,test,0,0.054565664
4657,test,0,3.9042525e-06
3245,test,0,2.6148757e-05
6145,test,0,6.8476395e-05
3346,test,0,0.00018137615
10102,test,0,2.9514847e-05
4662,test,0,0.0038256885
3802,test,0,0.00018412895
8964,test,0,1.9592831e-05
1308,test,0,2.8711023e-05
7651,test,0,0.0004987008
715,test,0,2.4274917e-05
545,test,0,4.3488486e-05
2308,test,0,0.008867934
8961,test,0,1.9592786e-05
6406,test,0,0.0038256885
3969,test,0,0.0075302944
6957,test,0,2.4275028e-05
5244,test,0,1.9933743e-05
9190,test,0,0.012069342
3861,test,0,1.956098e-05
6611,test,0,2.8806504e-05
6619,test,0,0.0038256885
8036,test,0,7.663947e-06
10559,test,0,1.9312725e-05
9122,test,0,1.9312847e-05
9921,test,0,0.0027927046
5025,test,0,2.7744905e-05
5385,test,0,2.0368921e-05
6749,test,0,0.00043987468
8209,test,0,5.5704062e-05
8199,test,0,3.9173206e-05
11080,test,0,1.28499305e-05
4848,test,0,0.0038256885
465,test,0,1.9356261e-05
5051,test,0,1.958057e-05
1218,test,0,2.4274921e-05
6144,test,0,1.9356334e-05
4080,test,0,0.0076370696
3744,test,0,0.0044736345
9788,test,0,1.4758001e-05
40,test,0,5.4688935e-05
6826,test,0,2.2616314e-05
2517,test,0,0.0035167683
8952,test,0,2.1747022e-05
1074,test,0,2.2393779e-05
7906,test,0,0.003736657
5248,test,0,0.00016392188
1067,test,0,4.4202232e-05
7316,test,0,0.0037865487
9700,test,0,3.972205e-06
2549,test,0,0.00503638
1457,test,0,3.0959236e-06
3721,test,0,1.2441247e-05
4914,test,0,1.2175565e-05
207,test,0,1.6079219e-05
4861,test,0,1.04910605e-05
5150,test,0,1.121105e-05
866,test,0,1.6226144e-05
7805,test,0,0.0017706803
5904,test,0,0.003747802
10975,test,0,1.9939562e-05
1298,test,0,0.00093710324
441,test,0,0.0009610149
10116,test,0,0.004157359
8140,test,0,0.0004016593
8317,test,0,0.004001218
10959,test,0,0.00590078
10433,test,0,0.023562487
1076,test,0,1.2585369e-05
4950,test,0,2.684633e-05
1313,test,0,0.0014853041
1303,test,0,7.952111e-06
2700,test,0,8.778006e-05
6288,test,0,0.00019854757
10956,test,0,8.044215e-06
10511,test,0,0.0009161865
663,test,0,1.0491054e-05
8412,test,0,7.952094e-06
2690,test,0,1.149201e-05
2616,test,0,0.00024464622
3831,test,0,5.4715765e-05
8082,test,0,1.1211058e-05
4737,test,0,7.972665e-06
4275,test,0,4.0891966e-05
5359,test,0,2.5498775e-05
999,test,0,2.8144761e-05
9981,test,0,0.004713911
4273,test,0,0.001964604
544,test,0,1.0301728e-05
601,test,0,0.0024420512
6941,test,0,1.5731364e-05
10096,test,0,7.952104e-06
2783,test,0,1.1313988e-05
724,test,0,2.2330483e-05
7807,test,0,0.0016571496
1323,test,0,0.00021269076
3824,test,0,8.320919e-06
4277,test,0,9.996588e-06
6609,test,0,1.6025671e-05
4516,test,0,1.837103e-05
3868,test,0,9.2819595e-05
8969,test,0,7.952105e-06
10561,test,0,7.952108e-06
9192,test,0,1.21755875e-05
212,test,0,6.0628667e-05
4212,test,0,1.5179449e-05
6052,test,0,8.044203e-06
8836,test,0,7.952095e-06
2790,test,0,2.0282598e-05
10279,test,0,1.1405132e-05
10907,test,0,2.1081325e-05
6789,test,0,0.0009161865
7808,test,0,2.810341e-05
6413,test,0,7.952094e-06
5362,test,0,1.2066569e-05
8851,test,0,7.952094e-06
10957,test,0,1.0766913e-05
2697,test,0,0.0017269521
1503,test,0,2.061384e-05
4899,test,0,1.1381973e-05
7948,test,0,1.7431621e-05
8427,test,0,8.044211e-06
4220,test,0,4.572692e-05
2321,test,0,0.000101874415
1275,test,0,2.1054406e-05
647,test,0,8.090495e-06
3730,test,0,0.0014108391
8073,test,0,1.0491053e-05
6398,test,0,2.0664767e-05
1281,test,0,1.7087128e-05
1226,test,0,6.5940985e-06
1921,test,0,6.659774e-06
365,test,0,1.4924895e-05
8438,test,0,1.3471888e-05
2777,test,0,0.0008410578
5016,test,0,0.0008410578
9961,test,0,0.0006028066
2533,test,0,0.0010932527
10082,test,0,0.0008410578
4722,test,0,5.1507992e-05
8134,test,0,7.132971e-06
7310,test,0,0.0021575463
30,test,0,0.0007210891
9197,test,0,0.000762737
4747,test,0,3.7174854e-05
10369,test,0,6.6597854e-06
7931,test,0,6.5940962e-06
5042,test,0,7.316098e-06
8033,test,0,8.584248e-06
8201,test,0,1.1375527e-05
770,test,0,1.2105509e-05
10662,test,0,1.3366918e-05
10949,test,0,1.3366918e-05
9708,test,0,6.677e-06
9419,test,0,0.000668268
3329,test,0,7.0512965e-06
7782,test,0,3.387426e-05
8204,test,0,3.387426e-05
7715,test,0,7.0512965e-06
142,test,0,0.0012433933
1900,test,0,0.0018790491
5279,test,0,1.3166474e-05
6292,test,0,9.551672e-06
10888,test,0,9.551672e-06
3727,test,0,5.3124845e-06
4673,test,0,6.754337e-06
1945,test,0,0.0008417304
5733,test,0,5.3124745e-06
5622,test,0,5.3740177e-06
3609,test,0,1.5269798e-05
4343,test,0,0.0013178365
7598,test,0,7.0695523e-06
723,test,0,6.6597854e-06
2638,test,0,1.1961183e-05
11071,test,0,2.1881657e-05
5392,test,0,6.6597772e-06
7606,test,0,7.400853e-06
9033,test,0,2.0395528e-05
8155,test,0,0.00047797346
7960,test,0,6.736912e-06
10263,test,0,1.4991905e-05
10088,test,0,0.00010046106
458,test,0,1.1057684e-05
6950,test,0,7.6858e-06
3742,test,0,6.5940962e-06
5047,test,0,6.5940985e-06
7965,test,0,6.73692e-06
1977,test,0,0.00014112392
8041,test,0,6.6975765e-05
6403,test,0,0.00093307026
10262,test,0,1.7733375e-05
2867,test,0,0.00084941986
6440,test,0,1.0177859e-05
4201,test,0,1.4541457e-05
10557,test,0,7.952104e-06
7298,test,0,0.00084941986
4919,test,0,6.9162197e-06
7559,test,0,6.7369174e-06
10513,test,0,6.7369174e-06
5369,test,0,7.051299e-06
8080,test,0,3.350847e-05
5245,test,0,6.6597772e-06
7722,test,0,1.6392501e-05
3279,test,0,0.0004418681
9020,test,0,0.002060203
1459,test,0,0.000100991245
4841,test,0,7.707256e-05
6831,test,0,5.312474e-06
3164,test,0,1.8245726e-05
10029,test,0,8.845645e-06
2606,test,0,8.845645e-06
9992,test,0,0.00041899935
1507,test,0,0.0010015784
7957,test,0,5.312472e-06
1895,test,0,8.40658e-05
4666,test,0,1.6208747e-05
532,test,0,1.2301954e-05
10080,test,0,5.3124973e-06
7681,test,0,0.0013621689
1278,test,0,5.3124772e-06
4218,test,0,5.212705e-05
9422,test,0,4.73099e-05
8853,test,0,5.3124795e-06
6956,test,0,5.3124822e-06
4758,test,0,0.0006389265
650,test,0,5.3124795e-06
10113,test,0,5.3740123e-06
8974,test,0,5.3124745e-06
6792,test,0,0.0013621689
9113,test,0,5.3124822e-06
3170,test,0,5.312474e-06
32,test,0,0.0006389265
1220,test,0,1.22281035e-05
7806,test,0,7.6193082e-06
7930,test,0,7.5999756e-06
5909,test,0,1.6392554e-05
7790,test,0,1.1499172e-05
6955,test,0,5.3124795e-06
7508,test,0,1.2225585e-05
3305,test,0,2.4254345e-05
10370,test,0,5.3740146e-06
4967,test,0,0.00010253042
5110,test,0,0.0013621689
7313,test,0,5.312474e-06
10085,test,0,5.3124745e-06
8213,test,0,9.146253e-05
10891,test,0,0.0033317015
4276,test,0,1.1499166e-05
42,test,0,5.3740187e-06
6059,test,0,5.3740264e-06
6259,test,0,1.730827e-05
8954,test,0,5.3740255e-06
7506,test,0,4.8912283e-05
7800,test,0,0.0006572295
473,test,0,5.5170453e-06
6429,test,0,1.2228101e-05
33,test,0,8.061183e-06
6784,test,0,7.0374284e-05
9454,test,0,1.0117619e-05
10657,test,0,0.0013598304
3399,test,0,0.0008481204
994,test,0,1.6392554e-05
222,test,0,5.374007e-06
5391,test,0,7.912694e-06
173,test,0,0.0004953717
9011,test,0,1.981515e-05
8972,test,0,7.538554e-05
6809,test,0,1.4964151e-05
7646,test,0,0.0004056037
10954,test,0,0.0010012336
5917,test,0,7.809144e-06
8541,test,0,0.0006389265
7603,test,0,5.3124822e-06
6817,test,0,5.477952e-05
8196,test,0,7.6193064e-06
10958,test,0,0.0004888623
1212,test,0,5.612752e-06
7974,test,0,1.7614124e-05
2588,test,0,1.7614124e-05
4289,test,0,0.0015299781
2316,test,0,1.1028501e-05
3166,test,0,3.6434547e-05
4936,test,0,0.0022540027
4282,test,0,0.0025397153
9186,test,0,1.102851e-05
2799,test,0,0.0013598304
6624,test,0,5.3124822e-06
3168,test,0,1.0964345e-05
780,test,0,1.0964345e-05
8075,test,0,1.0964345e-05
10072,test,0,1.1605898e-05
3169,test,0,0.0006389265
558,test,0,4.4915745e-05
2802,test,0,3.891811e-05
4751,test,0,1.1740275e-05
4674,test,0,2.177499e-05
6430,test,0,5.3740127e-06
7959,test,0,5.3124877e-06
5626,test,0,0.00049537315
5039,test,0,0.0015299781
6294,test,0,0.0023137312
4920,test,0,2.4576279e-05
3584,test,0,0.0017282987
777,test,0,0.0001740847
4724,test,0,0.0004418681
5397,test,0,0.0016643399
5919,test,0,8.129714e-06
2325,test,0,8.129714e-06
5236,test,0,0.0006389265
5625,test,0,4.0525505e-05
3829,test,0,0.0022205736
6659,test,0,3.9815397e-05
6280,test,0,1.8136483e-05
568,test,0,1.4276731e-05
9633,test,0,0.00015878778
6618,test,0,1.1732077e-05
7612,test,0,3.8790327e-05
5127,test,0,0.0014058558
216,test,0,0.0006852392
8311,test,0,2.2732302e-05
7954,test,0,1.1605912e-05
3977,test,0,1.4932261e-05
5253,test,0,1.481343e-05
7910,test,0,0.0027028888
1976,test,0,0.0010353212
36,test,0,1.5580936e-05
7795,test,0,1.5788548e-05
5158,test,0,1.624033e-05
6360,test,0,1.317254e-05
1920,test,0,4.761085e-05
9798,test,0,2.2090635e-05
417,test,0,1.9187612e-05
7147,test,0,4.8257338e-05
4369,test,0,1.2620543e-05
1321,test,0,5.8419057e-05
9966,test,0,5.8419453e-05
4939,test,0,4.5561635e-05
10873,test,0,0.00020978627
4227,test,0,0.005850187
5128,test,0,3.707804e-05
10073,test,0,1.8513583e-05
3731,test,0,0.0018952057
5628,test,0,0.0002567263
8144,test,0,0.0001037284
11077,test,0,0.0021821158
6364,test,0,3.067976e-05
4834,test,0,2.964302e-05
2784,test,0,1.3582771e-05
9187,test,0,0.0015304722
9642,test,0,0.0001307462
10965,test,0,0.00084644614
8024,test,0,1.3582755e-05
9116,test,0,0.00010115376
10098,test,0,0.0006838506
4893,test,0,6.9676506e-05
9696,test,0,1.7078712e-05
1062,test,0,0.0009988977
10892,test,0,1.3883034e-05
5256,test,0,8.713376e-06
7615,test,0,0.010520402
8772,test,0,1.2201554e-05
594,test,0,7.853571e-06
5753,test,0,4.114919e-05
5388,test,0,8.404027e-06
1209,test,0,1.2949454e-05
3333,test,0,2.8500466e-05
2073,test,0,3.4051318e-05
1916,test,0,1.2801186e-05
4071,test,0,0.0021623245
4068,test,0,0.0007541515
9129,test,0,1.4501318e-05
2547,test,0,1.3368058e-05
4999,test,0,1.3546139e-05
46,test,0,0.0005890565
3312,test,0,4.109167e-05
6066,test,0,0.0041505103
8949,test,0,8.034487e-05
954,test,0,1.9449584e-05
6864,test,0,0.00014079962
349,test,0,9.439749e-06
9999,test,0,2.7650463e-05
10093,test,0,0.011141971
5885,test,0,0.003412952
592,test,0,3.405131e-05
1215,test,0,3.3390254e-05
3986,test,0,1.5306025e-05
4926,test,0,0.00015779813
1007,test,0,3.4287223e-05
779,test,0,0.000408004
8068,test,0,1.526825e-05
718,test,0,1.1598166e-05
1458,test,0,0.00031656
3585,test,0,9.235508e-05
2624,test,0,6.520462e-05
3818,test,0,0.0002296138
1473,test,0,0.0035701615
10268,test,0,1.0964345e-05
3873,test,0,0.001920536
5364,test,0,1.4398037e-05
7949,test,0,1.29249975e-05
2323,test,0,0.00013804273
8029,test,0,0.004316715
6132,test,0,8.713374e-06
11076,test,0,0.0008762622
5870,test,0,2.1598764e-05
9651,test,0,0.0018895934
5055,test,0,7.3571966e-05
4065,test,0,6.168278e-05
8428,test,0,4.9820017e-05
10250,test,0,0.00017498407
2339,test,0,0.0002462541
6958,test,0,0.0016961198
10110,test,0,2.8166389e-05
2175,test,0,8.320663e-05
1029,test,0,1.3666745e-05
6065,test,0,0.00025874845
4464,test,0,1.2620552e-05
3708,test,0,1.4323621e-05
10661,test,0,8.988171e-05
5752,test,0,8.025272e-05
1935,test,0,1.173208e-05
5886,test,0,1.6273232e-05
1210,test,0,0.0016274862
8425,test,0,0.0051784995
6246,test,0,0.001045502
7140,test,0,2.4041445e-05
8419,test,0,1.3679813e-05
7553,test,0,3.0102177e-05
1925,test,0,3.556702e-05
8185,test,0,4.7572717e-05
4672,test,0,4.7572717e-05
6814,test,0,1.3172517e-05
11063,test,0,1.9563422e-05
2857,test,0,1.21586645e-05
10106,test,0,0.000109842265
3163,test,0,1.5635313e-05
9415,test,0,0.001045504
1944,test,0,1.2801215e-05
2950,test,0,1.336807e-05
10556,test,0,0.00018690966
331,test,0,2.4313775e-05
678,test,0,1.3546161e-05
1633,test,0,3.53798e-05
6279,test,0,1.4323588e-05
10074,test,0,1.3825055e-05
9021,test,0,1.4793356e-05
2313,test,0,9.861723e-05
576,test,0,0.0020657468
4963,test,0,1.1485476e-05
9179,test,0,0.0007930538
1306,test,0,0.00020494548
5726,test,0,4.179113e-05
205,test,0,0.0020558652
2244,test,0,6.110649e-05
10385,test,0,9.756081e-06
6614,test,0,2.4337633e-05
8315,test,0,7.6000644e-05
10627,test,0,1.1651325e-05
5020,test,0,0.00011132687
3407,test,0,2.1598764e-05
4742,test,0,0.001992314
7724,test,0,3.046685e-05
7901,test,0,3.2152708e-05
9976,test,0,0.00711139
8845,test,0,1.3666735e-05
537,test,0,1.4501311e-05
8998,test,0,7.750331e-06
4844,test,0,0.004188653
9039,test,0,5.2726868e-05
5246,test,0,0.00071067485
8551,test,0,8.3957975e-06
782,test,0,1.9217656e-05
5375,test,0,7.546673e-05
771,test,0,0.00014260085
4079,test,0,1.0282005e-05
1199,test,0,0.0017824927
6871,test,0,0.005036874
6425,test,0,0.0006787154
6251,test,0,2.647501e-05
3720,test,0,1.2949534e-05
9014,test,0,1.3168615e-05
5634,test,0,0.015931927
672,test,0,0.0012462495
4655,test,0,4.5150944e-05
9702,test,0,0.0017799
6833,test,0,6.5117725e-05
3614,test,0,0.00076835894
4836,test,0,8.7133685e-06
6868,test,0,1.262054e-05
21,test,0,0.0008013016
454,test,0,1.402634e-05
9698,test,0,0.004050201
5040,test,0,9.178017e-06
3985,test,0,9.178008e-06
8067,test,0,8.247098e-06
7599,test,0,0.000222984
9040,test,0,7.661866e-06
5721,test,0,2.9755824e-05
9471,test,0,6.603314e-06
5393,test,0,6.603314e-06
438,test,0,0.0005428324
3272,test,0,0.00057685794
7936,test,0,0.00047828688
339,test,0,0.0016036178
371,test,0,0.00056470477
8421,test,0,2.0158623e-05
9636,test,0,2.0158623e-05
7803,test,0,0.0003512145
8966,test,0,0.00011806541
164,test,0,0.00016971571
8778,test,0,9.335201e-06
5162,test,0,0.00021399146
5926,test,0,2.5586702e-05
5838,test,0,6.492249e-05
677,test,0,0.00010937733
9647,test,0,0.00025770644
4294,test,0,0.00025770644
5109,test,0,0.00016377821
9990,test,0,0.00018550146
8028,test,0,0.00017531928
3706,test,0,7.812304e-06
2621,test,0,1.3206236e-05
213,test,0,0.00020322307
1170,test,0,0.000104676066
10501,test,0,0.0001072497
5243,test,0,0.00018905412
6137,test,0,0.00021399146
4515,test,0,0.0001302382
5469,test,0,9.852344e-06
2231,test,0,0.0001320639
10253,test,0,4.7345853e-05
6893,test,0,1.0189057e-05
352,test,0,0.0001072497
7644,test,0,0.00010900473
6869,test,0,0.00015091071
340,test,0,0.00014882105
3415,test,0,1.1364123e-05
2066,test,0,0.00014882105
2629,test,0,0.00014882105
8435,test,0,0.00015091071
8219,test,0,0.00018274566
7137,test,0,0.00010680832
4352,test,0,1.890812e-05
2070,test,0,0.0001446079
6651,test,0,0.00010293689
3242,test,0,0.000104676066
3274,test,0,0.0001072497
9929,test,0,0.000222576
5858,test,0,3.7592246e-05
1224,test,0,8.570655e-05
1504,test,0,4.4758235e-05
4912,test,0,6.766134e-05
7937,test,0,2.3418545e-05
3264,test,0,5.861631e-05
2807,test,0,0.000444363
667,test,0,0.0003741382
3313,test,0,0.0005486279
590,test,0,0.0009823006
2596,test,0,0.0006437272
9641,test,0,0.0005193094
337,test,0,0.0005193094
3952,test,0,0.00012222308
9018,test,0,1.881751e-05
1894,test,0,4.1406358e-05
6253,test,0,1.1612249e-05
6759,test,0,6.3333155e-06
9801,test,0,6.3333155e-06
4070,test,0,4.305459e-06
5002,test,0,4.305459e-06
8212,test,0,4.0166495e-05
3301,test,0,1.1651408e-05
3821,test,0,0.00016693879
540,test,0,0.00020527263
148,test,0,0.00011262959
3358,test,0,0.00018672568
8173,test,0,0.00018672568
3960,test,0,7.956183e-06
8596,test,0,1.37213065e-05
6758,test,0,0.00020353832
1214,test,0,2.1581527e-05
6834,test,0,3.8768558e-05
6760,test,0,1.38576115e-05
4993,test,0,0.00012408273
10620,test,0,0.005308825
10101,test,0,0.00038894356
3815,test,0,2.170686e-05
2991,test,0,0.00020061416
1979,test,0,1.2019117e-05
6290,test,0,0.00018886641
6770,test,0,0.00020061416
7784,test,0,0.00016824454
3619,test,0,2.8343555e-05
563,test,0,0.0004617124
4850,test,0,0.0003242815
439,test,0,0.00013935381
5640,test,0,0.0003242815
2180,test,0,1.7867013e-05
5144,test,0,0.00027016818
9988,test,0,5.512209e-05
3713,test,0,2.1093487e-05
3580,test,0,2.8423381e-05
7305,test,0,0.00022425686
3625,test,0,0.00034177696
4281,test,0,0.0025436128
9201,test,0,4.013036e-05
3429,test,0,9.690736e-05
3846,test,0,3.2317872e-05
7844,test,0,0.00013067768
5878,test,0,0.00032673107
6620,test,0,1.7278844e-05
8603,test,0,8.209562e-05
547,test,0,1.5414202e-05
4839,test,0,1.0257085e-05
10374,test,0,6.457081e-05
10631,test,0,1.6246584e-05
552,test,0,0.0037677744
719,test,0,1.9663546e-05
5872,test,0,9.248069e-05
7552,test,0,1.929269e-05
8953,test,0,0.00036066692
7902,test,0,9.828205e-05
1205,test,0,2.0123869e-05
7306,test,0,2.2021532e-05
7946,test,0,2.1817921e-05
3841,test,0,8.9751185e-05
9927,test,0,7.320361e-05
7939,test,0,0.002033737
2336,test,0,7.216937e-05
10889,test,0,0.001372986
4511,test,0,2.704149e-05
8190,test,0,5.9081456e-05
4230,test,0,0.0005539616
9411,test,0,0.00044315078
10273,test,0,0.0023511734
2514,test,0,4.1929106e-05
3819,test,0,2.4371211e-05
174,test,0,9.801327e-05
5472,test,0,1.0136192e-05
10388,test,0,3.3857843e-05
968,test,0,1.4545778e-05
4944,test,0,2.6140453e-05
559,test,0,0.00035845718
1972,test,0,3.0128287e-05
5027,test,0,3.0128287e-05
3315,test,0,3.291635e-05
1911,test,0,0.003315305
1917,test,0,0.00013351643
6436,test,0,0.003315305
2825,test,0,0.0003882244
4658,test,0,0.0007317432
10259,test,0,0.0047463244
6396,test,0,1.9252138e-05
9914,test,0,1.9252138e-05
7610,test,0,0.00066361984
6756,test,0,0.0009951111
4073,test,0,0.00018217367
863,test,0,3.676444e-05
404,test,0,6.5428e-05
7850,test,0,9.402525e-06
5846,test,0,0.0016443158
10894,test,0,2.3160417e-05
10031,test,0,2.814448e-05
9462,test,0,7.70262e-05
1906,test,0,2.9662477e-05
2515,test,0,2.1279428e-05
7654,test,0,0.0003040531
3501,test,0,3.065809e-05
3995,test,0,5.8067144e-05
414,test,0,3.3249875e-05
5017,test,0,1.3200902e-05
4921,test,0,0.00045992568
6285,test,0,3.742309e-05
9794,test,0,3.742309e-05
2778,test,0,2.0236266e-05
10580,test,0,1.2756005e-05
8556,test,0,0.00045992568
1946,test,0,0.00045992568
3176,test,0,0.00045992568
7929,test,0,1.9862217e-05
1169,test,0,1.5666796e-05
9789,test,0,1.3235083e-05
6807,test,0,0.00058249506
8072,test,0,4.9126487e-05
5856,test,0,2.3663979e-05
995,test,0,2.3663979e-05
5732,test,0,1.3040295e-05
500,test,0,0.0013222881
9478,test,0,1.4007899e-05
1638,test,0,1.4007899e-05
1010,test,0,1.4007923e-05
1332,test,0,1.3200943e-05
1462,test,0,7.215555e-05
3238,test,0,0.00068548793
8411,test,0,0.00018177077
38,test,0,1.3655591e-05
77,test,0,1.3655591e-05
769,test,0,6.41221e-05
357,test,0,0.00036125036
9196,test,0,1.3823765e-05
2863,test,0,1.3200902e-05
1228,test,0,0.00032693052
144,test,0,0.0001501007
498,test,0,7.24576e-05
4933,test,0,1.3200943e-05
2957,test,0,2.4241539e-05
9181,test,0,0.000712009
83,test,0,8.726181e-05
7296,test,0,0.0031774985
2326,test,0,6.618171e-05
8548,test,0,0.00011413457
562,test,0,2.3954397e-05
5925,test,0,3.8901067e-05
9632,test,0,0.00032693052
642,test,0,0.00029736423
1221,test,0,1.3823763e-05
1201,test,0,1.3784358e-05
5023,test,0,0.0022376243
5874,test,0,9.1295566e-05
3246,test,0,2.501306e-05
3161,test,0,0.0004856116
6874,test,0,5.811907e-05
7604,test,0,1.3784321e-05
3991,test,0,2.9559527e-05
5018,test,0,1.3820019e-05
10115,test,0,0.0004040089
11064,test,0,0.0009931686
6439,test,0,3.80662e-05
9511,test,0,0.00028846166
4204,test,0,1.5980942e-05
2805,test,0,0.00031814195
9499,test,0,0.00016428903
220,test,0,6.838072e-05
4287,test,0,7.935747e-05
3587,test,0,3.746862e-05
3320,test,0,0.0004856116
9968,test,0,2.1498254e-05
6788,test,0,9.642518e-05
10506,test,0,5.490925e-06
2862,test,0,1.3784358e-05
2185,test,0,1.0363803e-05
9922,test,0,1.6359203e-05
3607,test,0,0.0003889323
5229,test,0,5.2726988e-05
1807,test,0,1.3784314e-05
5756,test,0,0.00016753713
10376,test,0,0.000662782
8168,test,0,1.443472e-05
6656,test,0,1.7391867e-05
4213,test,0,1.3784362e-05
6615,test,0,3.8278944e-05
3280,test,0,0.00016378472
8550,test,0,0.0030755273
151,test,0,0.0016978192
658,test,0,0.00047490466
1302,test,0,1.40605025e-05
5633,test,0,0.0004612292
2237,test,0,7.4968746e-05
9693,test,0,0.0004856116
9126,test,0,0.0012998038
8313,test,0,0.0004254934
2314,test,0,1.2342897e-05
656,test,0,1.7224434e-05
9983,test,0,0.00028846166
358,test,0,0.00013639776
5462,test,0,0.0030166886
2779,test,0,6.972789e-05
1909,test,0,6.9727386e-05
2954,test,0,5.083712e-05
8039,test,0,0.0038177753
7976,test,0,0.00034507865
6644,test,0,5.847035e-05
5363,test,0,0.007941927
2176,test,0,0.00013423721
2831,test,0,0.0009417745
5036,test,0,8.2511615e-05
6047,test,0,0.00023736735
8162,test,0,3.5046774e-05
3994,test,0,3.5046774e-05
10432,test,0,0.00052937143
8206,test,0,4.3594424e-05
4228,test,0,0.0013799103
4990,test,0,5.186086e-05
10575,test,0,0.0004856116
10947,test,0,0.0056735068
1006,test,0,2.1129954e-05
2331,test,0,2.1129954e-05
1637,test,0,4.163026e-05
9970,test,0,4.1630392e-05
4909,test,0,5.600176e-05
10616,test,0,4.0641167e-05
1314,test,0,0.00094711134
5637,test,0,4.0641058e-05
5155,test,0,0.0022811524
3330,test,0,4.163012e-05
4354,test,0,5.5676046e-05
3724,test,0,0.00024120299
6286,test,0,1.794198e-05
1203,test,0,4.163017e-05
9461,test,0,8.6349726e-05
6832,test,0,0.0023365181
1174,test,0,6.612125e-05
7561,test,0,4.0670762e-05
4509,test,0,0.0006862821
6423,test,0,4.163017e-05
10952,test,0,4.0175884e-05
6946,test,0,4.0670864e-05
6410,test,0,4.163017e-05
8308,test,0,0.0007036927
5921,test,0,4.0546467e-05
8960,test,0,0.0036551405
470,test,0,4.4995337e-05
7967,test,0,2.6908338e-05
871,test,0,0.010375988
1075,test,0,3.7790363e-05
2181,test,0,3.7790363e-05
5107,test,0,1.882336e-05
2800,test,0,0.00065184786
10573,test,0,3.837701e-05
1929,test,0,0.0020855062
9118,test,0,3.9044884e-05
1635,test,0,0.0018815502
47,test,0,0.0028051247
6255,test,0,3.342105e-05
1028,test,0,0.016518364
9797,test,0,2.723973e-05
949,test,0,4.9434773e-05
6606,test,0,3.8377013e-05
8135,test,0,0.00061804446
6945,test,0,6.3910076e-05
950,test,0,0.0006652759
1031,test,0,0.00013754233
1282,test,0,3.7910042e-05
10619,test,0,0.00011883965
4061,test,0,3.837697e-05
1791,test,0,1.8395122e-05
5294,test,0,2.6873658e-05
5145,test,0,0.0014460629
34,test,0,2.6546622e-05
476,test,0,0.0015102267
6811,test,0,2.8177985e-05
9479,test,0,2.0790263e-05
7133,test,0,7.500559e-05
6148,test,0,3.6450943e-05
1025,test,0,0.0015102267
1634,test,0,2.566279e-05
1002,test,0,5.154878e-05
348,test,0,1.698827e-05
5731,test,0,0.000423483
4089,test,0,0.0003624498
997,test,0,2.6447327e-05
7303,test,0,2.3845829e-05
6049,test,0,2.160429e-05
6891,test,0,0.0019913905
1019,test,0,0.00026818845
1172,test,0,6.829671e-05
1322,test,0,2.4325502e-05
8598,test,0,1.6625872e-05
6949,test,0,1.702709e-05
8842,test,0,2.432556e-05
10948,test,0,2.4325456e-05
10622,test,0,3.4551456e-05
4512,test,0,3.4551456e-05
2856,test,0,2.43255e-05
9200,test,0,0.000423483
2509,test,0,6.8344336e-05
5759,test,0,5.2156724e-05
10566,test,0,0.0041939416
4845,test,0,2.43255e-05
7494,test,0,0.0003624498
3578,test,0,3.2815973e-05
7938,test,0,0.0019693507
4521,test,0,3.5040106e-05
735,test,0,0.0011066
10393,test,0,2.9412446e-05
781,test,0,0.0001461526
3843,test,0,0.0019420432
5283,test,0,2.4325447e-05
8955,test,0,2.4388437e-05
555,test,0,0.0015754167
5368,test,0,7.837807e-06
2319,test,0,0.0019693507
5922,test,0,2.4325409e-05
3746,test,0,2.5696289e-05
5911,test,0,0.0014316535
7725,test,0,0.0015754167
162,test,0,5.8935162e-05
4207,test,0,0.004669511
10878,test,0,0.007145533
10076,test,0,1.783046e-05
5730,test,0,0.0013332166
10621,test,0,1.702709e-05
9026,test,0,6.559994e-05
1068,test,0,1.7027072e-05
5630,test,0,2.4325522e-05
1941,test,0,3.7216763e-05
2795,test,0,4.9935847e-05
3334,test,0,2.4325413e-05
4210,test,0,2.4325413e-05
1467,test,0,0.00018668312
5933,test,0,0.0012621225
8559,test,0,3.721663e-05
4283,test,0,2.4748828e-05
5044,test,0,1.7830434e-05
875,test,0,2.5473159e-05
5386,test,0,2.5473159e-05
166,test,0,0.0003665634
1207,test,0,3.455144e-05
2619,test,0,3.455144e-05
6753,test,0,0.0012621225
5147,test,0,2.5473235e-05
3858,test,0,0.00019861141
8026,test,0,0.00020344515
2322,test,0,0.0014316535
5621,test,0,3.6570513e-05
9188,test,0,2.4325429e-05
5038,test,0,2.4325456e-05
10275,test,0,0.00855616
10069,test,0,1.7027072e-05
714,test,0,2.4748699e-05
7799,test,0,0.004063251
5720,test,0,2.4325444e-05
5644,test,0,2.4325398e-05
6628,test,0,4.994947e-05
10571,test,0,7.38649e-05
10567,test,0,0.00032056958
4221,test,0,0.0013321025
730,test,0,3.3552908e-05
3703,test,0,3.3552908e-05
996,test,0,0.0087333685
5884,test,0,5.1669733e-05
5464,test,0,5.1669733e-05
10972,test,0,7.64192e-05
1937,test,0,0.0001871032
10665,test,0,0.0029458194
3980,test,0,4.9949635e-05
7314,test,0,7.11302e-05
9025,test,0,0.0039518904
7611,test,0,5.230628e-05
4832,test,0,0.0041596578
7845,test,0,0.0013598353
158,test,0,9.109382e-05
10377,test,0,5.230616e-05
1023,test,0,7.3765164e-05
9127,test,0,3.496333e-05
1032,test,0,0.00024720785
1211,test,0,0.0009595711
9703,test,0,4.9949653e-05
5623,test,0,3.826805e-05
10128,test,0,3.826805e-05
4729,test,0,6.954562e-05
1915,test,0,4.9341947e-05
4225,test,0,2.4325427e-05
3174,test,0,4.994941e-05
1796,test,0,5.23063e-05
1283,test,0,0.0014316535
9030,test,0,7.0083435e-05
10869,test,0,0.0041596578
9697,test,0,0.003948591
146,test,0,6.3739426e-05
7567,test,0,0.00019861141
1317,test,0,2.4748859e-05
10114,test,0,0.003948591
4075,test,0,5.0078852e-05
10579,test,0,5.2306e-05
336,test,0,5.2306e-05
10381,test,0,4.9949438e-05
5908,test,0,5.313986e-05
5252,test,0,7.0946466e-05
8956,test,0,0.011746757
1289,test,0,4.9949438e-05
8211,test,0,0.004792759
2174,test,0,0.0007804566
9706,test,0,0.010040048
581,test,0,2.8131633e-05
7136,test,0,0.00092212803
10883,test,0,4.994935e-05
1640,test,0,2.436539e-05
2613,test,0,0.0020663165
2852,test,0,6.696584e-05
8042,test,0,4.994941e-05
1227,test,0,6.954558e-05
5724,test,0,6.970036e-05
3747,test,0,2.4365367e-05
2689,test,0,2.464756e-05
6418,test,0,6.970036e-05
7556,test,0,2.4647592e-05
966,test,0,2.4647592e-05
8034,test,0,3.8666094e-05
1931,test,0,4.994941e-05
7620,test,0,4.9949256e-05
5383,test,0,0.00048664605
3823,test,0,2.4647603e-05
7945,test,0,2.4365376e-05
7713,test,0,4.994936e-05
5258,test,0,0.0004901284
5161,test,0,0.00015808198
9974,test,0,2.4365363e-05
4214,test,0,2.4068959e-05
6438,test,0,5.230613e-05
10380,test,0,7.760019e-05
1803,test,0,3.9200066e-05
5049,test,0,0.0041596578
147,test,0,0.0015189484
3866,test,0,4.994926e-05
3976,test,0,2.436542e-05
501,test,0,0.00087892107
5151,test,0,3.9764454e-05
2792,test,0,5.2306317e-05
10613,test,0,2.4068999e-05
1926,test,0,0.00016237279
8030,test,0,7.00832e-05
1470,test,0,5.0121864e-05
1080,test,0,2.4365367e-05
406,test,0,0.0022683633
1027,test,0,0.0007208031
2059,test,0,0.00020875153
3307,test,0,0.0048840353
1973,test,0,0.00077128084
9704,test,0,0.00010433073
8443,test,0,0.00013978193
3988,test,0,2.294262e-05
1295,test,0,0.0021961874
4522,test,0,2.2185715e-05
5291,test,0,0.019558564
7601,test,0,0.0005701157
5284,test,0,3.5333393e-05
10558,test,0,2.345677e-05
1912,test,0,2.273861e-05
3323,test,0,0.00035369353
2600,test,0,9.5155505e-05
5642,test,0,6.246925e-05
8200,test,0,7.0121305e-06
5631,test,0,0.00023577623
3589,test,0,0.00044240154
8431,test,0,1.8083772e-05
6397,test,0,0.0005701157
580,test,0,4.72996e-05
7973,test,0,0.00022893386
10435,test,0,0.00046094414
4931,test,0,4.3664764e-05
5889,test,0,0.0024564976
1918,test,0,3.492889e-05
2951,test,0,0.00013797617
3834,test,0,0.00013797617
152,test,0,0.001145806
10950,test,0,2.2679904e-05
7675,test,0,0.0002974409
6892,test,0,0.0002258962
10885,test,0,2.317143e-05
3709,test,0,3.6545658e-05
2687,test,0,2.5194757e-05
10394,test,0,2.2663444e-05
3348,test,0,0.00017158031
6819,test,0,2.8086239e-05
4454,test,0,0.00045122186
2499,test,0,9.3149574e-05
7301,test,0,2.8013783e-05
9646,test,0,0.00039048734
7971,test,0,2.8013772e-05
1286,test,0,1.1613254e-05
10387,test,0,3.492889e-05
1291,test,0,2.2679904e-05
3175,test,0,0.0005701157
6051,test,0,2.2679922e-05
2628,test,0,2.1704183e-05
466,test,0,0.0005701157
3409,test,0,0.00054277026
4842,test,0,0.00021773457
659,test,0,0.0015547387
550,test,0,2.5374684e-05
4840,test,0,4.9504255e-05
22,test,0,4.5546014e-05
8032,test,0,7.0933424e-06
6828,test,0,9.494238e-06
10081,test,0,1.0057042e-05
3403,test,0,0.00090141315
2304,test,0,7.0121464e-06
9443,test,0,0.00012350356
4286,test,0,7.0121423e-06
4918,test,0,7.1117115e-06
3743,test,0,6.4071787e-06
9931,test,0,3.199179e-05
1333,test,0,6.5677173e-06
8852,test,0,5.7918965e-06
1329,test,0,5.806888e-06
5734,test,0,5.8589744e-06
1073,test,0,6.4071833e-06
5122,test,0,0.0009262957
4735,test,0,5.7918983e-06
6883,test,0,6.481385e-06
1011,test,0,6.481385e-06
5160,test,0,7.8420735e-06
1785,test,0,5.791893e-06
5918,test,0,3.9879933e-06
1511,test,0,3.9879933e-06
4992,test,0,8.631315e-06
6747,test,0,6.4071687e-06
1300,test,0,6.4071687e-06
9971,test,0,5.8589826e-06
10668,test,0,0.0001746634
10095,test,0,5.7918983e-06
3996,test,0,7.8420735e-06
5893,test,0,5.7919037e-06
10281,test,0,0.0004709496
6411,test,0,5.892694e-06
664,test,0,0.0004709496
5033,test,0,1.6057462e-05
4741,test,0,1.047593e-05
2639,test,0,3.151986e-05
9639,test,0,2.5390043e-05
5584,test,0,4.2567185e-06
3842,test,0,4.2567185e-06
6402,test,0,5.726423e-06
2589,test,0,0.00014745351
7569,test,0,2.8846855e-05
3857,test,0,4.2567167e-06
8538,test,0,2.847511e-06
3430,test,0,1.5863336e-05
10261,test,0,0.00015245494
4965,test,0,1.2083684e-05
6835,test,0,2.0488992e-06
10970,test,0,5.892694e-06
8970,test,0,9.690745e-06
7560,test,0,5.791895e-06
5043,test,0,5.791895e-06
3332,test,0,1.4471828e-05
4953,test,0,0.00014262435
9019,test,0,3.762045e-05
10967,test,0,5.7918915e-06
4000,test,0,8.306932e-06
5285,test,0,5.8589762e-06
4671,test,0,5.791898e-06
5910,test,0,5.791893e-06
1299,test,0,8.6938635e-06
2813,test,0,8.6938635e-06
7716,test,0,5.7918915e-06
5898,test,0,0.00015245494
8951,test,0,5.791898e-06
9029,test,0,5.7918965e-06
3624,test,0,0.00017387605
5249,test,0,5.7918983e-06
7962,test,0,5.7918983e-06
9709,test,0,5.791905e-06
23,test,0,5.7919137e-06
9119,test,0,5.806894e-06
3805,test,0,2.7344555e-05
4661,test,0,5.7918965e-06
5019,test,0,5.8589762e-06
5011,test,0,7.944704e-06
9791,test,0,5.791893e-06
8542,test,0,5.791893e-06
472,test,0,2.0915355e-05
7846,test,0,2.8854447e-06
8834,test,0,2.8854447e-06
9420,test,0,1.6584218e-05
4078,test,0,5.8589794e-06
9024,test,0,5.892694e-06
3432,test,0,9.592305e-06
1629,test,0,5.7919087e-06
2998,test,0,5.9370286e-06
3177,test,0,5.9370286e-06
2605,test,0,0.00014262435
4958,test,0,5.5480006e-05
5259,test,0,5.791898e-06
2694,test,0,1.4519835e-05
729,test,0,5.7918965e-06
10103,test,0,0.001157299
732,test,0,9.966668e-06
2789,test,0,5.791906e-06
1934,test,0,5.791893e-06
5876,test,0,0.0016487235
10371,test,0,5.791893e-06
7562,test,0,5.791893e-06
10277,test,0,5.791893e-06
3852,test,0,1.4471835e-05
2183,test,0,0.00011164458
4915,test,0,1.738128e-05
10002,test,0,9.629359e-06
6952,test,0,0.0009035335
5907,test,0,8.306948e-06
4077,test,0,2.1263852e-05
9638,test,0,0.00028781567
2602,test,0,4.231828e-05
10875,test,0,5.95796e-06
9445,test,0,9.917227e-06
1297,test,0,9.917227e-06
1013,test,0,2.0761963e-06
8309,test,0,1.0078962e-05
725,test,0,5.791905e-06
4913,test,0,5.791898e-06
3739,test,0,5.8589762e-06
5014,test,0,0.0016542108
662,test,0,2.865214e-06
9034,test,0,5.7918965e-06
4853,test,0,5.791895e-06
2177,test,0,0.00048907334
6135,test,0,1.4519835e-05
2230,test,0,7.165451e-05
4510,test,0,0.00014745351
6799,test,0,0.0007364523
10905,test,0,8.985395e-05
6793,test,0,0.0010590798
1325,test,0,5.9609524e-06
7139,test,0,0.00018096164
8837,test,0,6.07222e-05
7943,test,0,3.7276404e-06
1307,test,0,5.791893e-06
958,test,0,3.510835e-05
3862,test,0,5.791893e-06
546,test,0,5.7918965e-06
3491,test,0,0.00030797292
4668,test,0,0.00074566784
5380,test,0,5.7918915e-06
2302,test,0,5.7918996e-06
474,test,0,0.0005927342
10633,test,0,5.791902e-06
10507,test,0,9.763241e-06
10505,test,0,6.119281e-06
10272,test,0,9.057232e-06
10565,test,0,0.0009262957
5028,test,0,5.791893e-06
3401,test,0,0.00014358583
10278,test,0,9.1857955e-06
10438,test,0,0.0004517112
3318,test,0,0.00015245494
7956,test,0,5.858976e-06
9413,test,0,5.858976e-06
8413,test,0,5.791893e-06
6889,test,0,0.00049806066
5613,test,0,8.306931e-06
7718,test,0,0.0021317806
3836,test,0,1.46879875e-05
6804,test,0,0.001020083
5154,test,0,2.084618e-05
10964,test,0,0.0004709496
6954,test,0,9.162126e-06
8418,test,0,5.806888e-06
5296,test,0,0.0005872811
10131,test,0,0.00029440844
5935,test,0,9.057215e-06
1908,test,0,1.25288325e-05
6795,test,0,0.00017320519
5618,test,0,9.5561645e-06
3736,test,0,0.001198722
2781,test,0,8.597926e-06
9425,test,0,1.3811889e-05
5891,test,0,7.781954e-06
4517,test,0,7.781954e-06
6146,test,0,1.2990157e-05
4937,test,0,9.057211e-06
6872,test,0,0.0027627717
3263,test,0,7.1471263e-06
3998,test,0,1.3992121e-05
9482,test,0,4.925746e-05
1079,test,0,4.925746e-05
1787,test,0,0.00073626655
953,test,0,3.1745938e-05
8434,test,0,0.0011831253
5470,test,0,0.00031251562
9117,test,0,1.29902055e-05
9114,test,0,9.057212e-06
7968,test,0,9.0572175e-06
363,test,0,1.3992171e-05
10874,test,0,0.0013543357
4665,test,0,8.499484e-06
8069,test,0,0.0010983543
5140,test,0,0.00026903377
5242,test,0,8.499488e-06
80,test,0,0.002353676
5226,test,0,0.0004166476
541,test,0,0.00074533554
1799,test,0,1.22632155e-05
6605,test,0,1.1131219e-05
9695,test,0,2.8408447e-05
4274,test,0,1.1657449e-05
728,test,0,0.0023616008
7307,test,0,0.0008943661
8782,test,0,6.205871e-05
5841,test,0,0.00022873208
5927,test,0,0.00028177415
11070,test,0,9.05722e-06
2699,test,0,0.0026117817
5288,test,0,8.499484e-06
459,test,0,8.64742e-06
7972,test,0,8.499491e-06
5149,test,0,9.914269e-06
6361,test,0,8.597926e-06
10562,test,0,8.597926e-06
1330,test,0,2.4535126e-05
3856,test,0,0.0006909607
7721,test,0,8.499502e-06
665,test,0,0.0006246688
2854,test,0,0.0006246688
2534,test,0,2.8776632e-05
653,test,0,0.0006246688
6258,test,0,2.5225067e-05
6608,test,0,2.5225067e-05
961,test,0,0.00016163217
5373,test,0,8.499491e-06
1225,test,0,0.0039538494
1923,test,0,2.2543252e-05
3404,test,0,2.2543252e-05
733,test,0,8.49948e-06
4922,test,0,0.0006909607
8781,test,0,0.0001680039
1030,test,0,8.499484e-06
7312,test,0,1.0731729e-05
5035,test,0,8.597926e-06
8031,test,0,7.1894385e-05
2801,test,0,7.649514e-05
8543,test,0,8.597935e-06
4851,test,0,1.2299396e-05
867,test,0,4.7230857e-05
5632,test,0,8.961847e-06
3173,test,0,8.979951e-06
3582,test,0,2.965547e-05
3165,test,0,8.499506e-06
8558,test,0,8.712492e-06
2593,test,0,0.0015905665
1070,test,0,8.597932e-06
6407,test,0,8.499484e-06
2335,test,0,0.00021347024
6805,test,0,2.0704176e-05
8198,test,0,0.00020786953
5638,test,0,0.00084749376
10256,test,0,0.0004166476
7639,test,0,0.000720724
3871,test,0,8.499483e-06
2688,test,0,8.4995e-06
4908,test,0,8.597939e-06
2510,test,0,0.00055049325
7952,test,0,0.00069096335
1643,test,0,8.857971e-06
2952,test,0,3.0056262e-05
3251,test,0,6.3188654e-06
4291,test,0,8.597941e-06
5585,test,0,0.0004872816
5360,test,0,1.5562806e-05
5929,test,0,6.253442e-05
1319,test,0,9.950949e-06
5398,test,0,8.64743e-06
9965,test,0,8.49951e-06
6898,test,0,4.439217e-05
8839,test,0,1.2558922e-05
5022,test,0,8.499503e-06
9124,test,0,5.859016e-05
3992,test,0,0.0011559586
6820,test,0,0.0007786406
7621,test,0,0.0009608645
4733,test,0,0.0023111966
4831,test,0,7.429242e-05
7794,test,0,0.0011440484
6130,test,0,1.4321548e-05
7977,test,0,9.627681e-06
4750,test,0,0.001114203
3845,test,0,8.756555e-06
5401,test,0,9.950954e-06
4344,test,0,0.0006723859
1786,test,0,9.17552e-06
5877,test,0,9.175529e-06
10572,test,0,9.1755255e-06
6421,test,0,2.7231386e-05
7796,test,0,4.827712e-06
10265,test,0,4.555778e-06
10276,test,0,0.0021278604
4456,test,0,0.000250805
35,test,0,3.4095872e-05
7143,test,0,8.042479e-06
2301,test,0,1.2434545e-05
5152,test,0,1.313399e-05
4360,test,0,1.3836885e-05
9032,test,0,0.0007194415
6894,test,0,4.122159e-05
538,test,0,8.4774865e-06
4856,test,0,8.597951e-06
9195,test,0,1.313399e-05
8947,test,0,0.0011298277
673,test,0,1.7783033e-05
5163,test,0,0.00013718863
4084,test,0,0.00013011946
8601,test,0,0.0012574644
10870,test,0,9.1755255e-06
9003,test,0,0.0014662443
9189,test,0,0.0007786406
6062,test,0,1.2158679e-05
3997,test,0,9.175533e-06
8202,test,0,4.402699e-05
5387,test,0,1.0150294e-05
8164,test,0,6.5968643e-06
1273,test,0,9.1755255e-06
8590,test,0,0.0028368223
7934,test,0,9.175537e-06
1219,test,0,9.402718e-06
1305,test,0,9.950948e-06
8779,test,0,0.00045625036
2591,test,0,0.00026696082
7787,test,0,1.9456638e-05
2317,test,0,8.75654e-06
10634,test,0,0.0009973533
5399,test,0,9.281815e-06
1294,test,0,2.490689e-05
6053,test,0,8.477478e-06
7294,test,0,1.1478273e-05
651,test,0,3.0943538e-05
6617,test,0,1.7994465e-05
6861,test,0,1.8864617e-05
8437,test,0,0.0024136184
7607,test,0,0.0024651994
2527,test,0,0.0002835071
7969,test,0,8.537115e-06
644,test,0,0.0020740659
7940,test,0,3.8686954e-05
5372,test,0,8.537114e-06
10879,test,0,8.5371e-06
6781,test,0,0.0007244974
9694,test,0,2.1516293e-05
11072,test,0,8.537108e-06
10378,test,0,8.477477e-06
4941,test,0,7.794027e-05
2630,test,0,0.0011756368
7614,test,0,8.477477e-06
9017,test,0,2.2206943e-05
221,test,0,2.2206943e-05
1512,test,0,1.1758064e-05
10564,test,0,8.4774765e-06
8040,test,0,8.398501e-06
4736,test,0,0.0007045858
8950,test,0,8.477483e-06
6432,test,0,0.00023068384
10372,test,0,8.477495e-06
6428,test,0,1.1907513e-05
3344,test,0,1.1907513e-05
3817,test,0,0.0019313575
5900,test,0,8.575667e-06
1020,test,0,8.967736e-06
4864,test,0,0.0007045858
5906,test,0,0.0007045858
5619,test,0,8.507924e-06
10881,test,0,1.3386193e-05
4857,test,0,3.7714257e-05
8191,test,0,8.398515e-06
4197,test,0,0.0006624818
5895,test,0,8.477483e-06
6622,test,0,0.0007466669
8192,test,0,8.302362e-06
11074,test,0,8.477477e-06
8070,test,0,8.771666e-06
4835,test,0,0.0007194415
4846,test,0,0.0006624818
1206,test,0,8.398497e-06
6812,test,0,8.3023415e-06
3496,test,0,0.0029502334
10890,test,0,0.00070393604
9978,test,0,8.728193e-05
7727,test,0,0.00011262657
8312,test,0,0.00011262657
6401,test,0,1.2282803e-05
3414,test,0,1.2282803e-05
5735,test,0,9.871526e-06
3728,test,0,1.5438594e-05
10112,test,0,2.1516278e-05
962,test,0,0.00019470771
2543,test,0,0.00011556907
4652,test,0,4.177615e-06
7723,test,0,8.3023415e-06
9919,test,0,3.342536e-05
1641,test,0,0.0002629602
4660,test,0,4.596689e-05
8074,test,0,2.0316833e-05
9784,test,0,8.302344e-06
9028,test,0,9.550603e-05
2300,test,0,1.0801739e-05
4945,test,0,0.001471344
1171,test,0,0.0012415102
5030,test,0,1.2666742e-05
4373,test,0,1.6219888e-05
7619,test,0,1.958757e-05
6367,test,0,9.2926575e-06
6623,test,0,8.82487e-06
6625,test,0,0.0021462443
4743,test,0,0.001429202
3355,test,0,0.0018378374
7299,test,0,0.0006076985
10667,test,0,1.1490098e-05
10976,test,0,1.1490098e-05
6750,test,0,0.00089019054
10267,test,0,0.0010175231
4934,test,0,1.1314235e-05
8422,test,0,4.61679e-05
9007,test,0,1.0694916e-05
7609,test,0,0.0013200478
9037,test,0,1.2745577e-05
3428,test,0,0.001759702
10266,test,0,0.0017312692
8599,test,0,0.0024072598
8547,test,0,1.15891735e-05
471,test,0,0.00014081647
5292,test,0,1.3971502e-05
6404,test,0,8.42024e-06
8847,test,0,9.315082e-06
3156,test,0,0.0006248671
2615,test,0,0.00013860353
10109,test,0,4.5838973e-05
10077,test,0,1.0801757e-05
6414,test,0,2.1125412e-05
10629,test,0,8.434928e-05
4216,test,0,1.1314249e-05
5029,test,0,1.1082781e-05
6782,test,0,2.1369931e-05
720,test,0,2.1369931e-05
11066,test,0,2.2532095e-05
2816,test,0,0.0005751325
10515,test,0,3.427238e-05
4285,test,0,0.0010015832
10100,test,0,3.6673955e-05
11075,test,0,1.3552136e-05
338,test,0,1.3552136e-05
9031,test,0,8.723826e-06
6613,test,0,0.000742753
1631,test,0,1.0989719e-05
4466,test,0,2.3781713e-05
6140,test,0,1.1565e-05
4465,test,0,0.0005458618
4290,test,0,0.0036972226
6951,test,0,0.000742753
4903,test,0,3.658235e-05
10026,test,0,0.0015238803
6612,test,0,0.00088082475
4833,test,0,8.723821e-06
5255,test,0,1.2745575e-05
4667,test,0,2.3442855e-05
2614,test,0,1.02246895e-05
649,test,0,1.3255363e-05
2796,test,0,1.7530692e-05
6408,test,0,0.0008782914
783,test,0,3.7210484e-05
8420,test,0,1.3882412e-05
8785,test,0,0.0004450796
8071,test,0,3.688883e-05
3612,test,0,1.6346037e-05
3732,test,0,9.871527e-06
4076,test,0,1.4473372e-05
3844,test,0,1.120923e-05
1222,test,0,1.3148109e-05
10084,test,0,1.5492227e-05
957,test,0,1.5492227e-05
7941,test,0,3.223301e-05
8539,test,0,1.31173565e-05
5282,test,0,1.42917615e-05
5146,test,0,1.18118105e-05
143,test,0,2.3270573e-05
2791,test,0,2.3270573e-05
7300,test,0,1.1811815e-05
4551,test,0,0.0011312923
7823,test,0,0.00042073245
8633,test,0,0.00018137615
2254,test,0,0.027294397
2474,test,0,0.001992457
699,test,0,0.000119178265
1090,test,1,0.5542495
9560,test,0,0.00032772773
4548,test,0,0.0011913042
7465,test,0,2.3564042e-05
10164,test,0,1.7817263e-05
7281,test,0,8.392118e-06
8392,test,0,0.0015017283
2216,test,0,0.00052447105
6908,test,0,6.9228816e-05
7480,test,0,6.9243238e-06
2463,test,0,0.0020636488
3938,test,0,0.004423593
1984,test,0,0.007543316
7450,test,0,0.0054345736
2087,test,0,0.0003656416
6504,test,0,0.0027049654
2444,test,0,0.002858546
10775,test,0,0.0019810079
6174,test,0,0.0007886965
4772,test,0,0.002481644
7729,test,0,0.0061791628
5747,test,0,0.00070027215
7830,test,0,0.00024349599
4582,test,0,0.0006019802
8674,test,0,0.0004418681
10821,test,0,0.0061791628
9435,test,0,0.00052447105
7349,test,0,0.00096257275
7185,test,0,0.0006533072
521,test,0,0.0023038178
3635,test,0,1.1249414e-05
8400,test,0,0.00014278074
10814,test,1,0.18569784
1039,test,0,2.7257664e-05
11045,test,0,0.0010848396
4792,test,0,0.000853717
4812,test,0,0.00088958035
4115,test,0,0.0071444246
6913,test,0,0.006421177
1846,test,0,0.00016824204
10311,test,0,0.002142008
3048,test,0,0.0010353212
7472,test,0,0.0008689979
1142,test,0,0.0030489285
4817,test,0,0.0027126241
6100,test,0,0.041338325
6482,test,0,0.0007735475
8387,test,0,0.0025795314
5523,test,0,0.0020856007
5312,test,0,1.131682e-05
4486,test,0,0.0011348838
9428,test,0,0.004352751
6475,test,0,0.0011217945
6216,test,0,0.00096681726
6385,test,0,0.0032856092
10847,test,0,0.008190989
1838,test,0,0.0019680108
10720,test,0,0.0025919834
2460,test,0,0.0016900657
6691,test,0,0.00083220896
9355,test,0,0.0006789395
4416,test,0,0.006500213
9334,test,0,0.027668027
9497,test,0,2.2425249e-05
6159,test,0,0.0017925435
5136,test,0,3.0209028e-05
2255,test,0,0.0044468413
3081,test,0,7.416993e-05
8818,test,0,0.0022710215
3568,test,0,0.0083142165
6268,test,0,0.10720064
7543,test,0,0.0012613856
6496,test,0,0.0017024846
2284,test,0,9.318593e-05
7452,test,0,0.00051747606
8610,test,0,0.00012380145
5407,test,0,6.5862325e-05
7462,test,0,1.9087509e-05
1134,test,0,1.0590428e-05
1564,test,0,0.00055631105
10229,test,0,0.00054303923
10304,test,0,0.00044171655
6327,test,0,0.00016274714
5826,test,0,0.0013806472
3762,test,0,2.0553234e-05
10008,test,0,0.0026761682
1837,test,0,0.00050511904
3088,test,0,0.0014316535
8488,test,0,1.4121273e-05
9257,test,0,0.00048445308
8407,test,0,0.0014316535
4005,test,0,0.004063251
1689,test,0,0.0007686829
5829,test,0,0.0013310058
7286,test,0,0.00013737488
904,test,0,3.1631283e-05
2683,test,0,0.0005701157
8814,test,0,0.0016542126
8497,test,0,0.00091617455
7131,test,0,0.00088829314
2924,test,0,0.00088829314
1560,test,0,0.009234847
2879,test,0,0.00014745351
8237,test,0,1.1505312e-05
6443,test,0,0.0004974475
7125,test,0,0.0004974475
10210,test,0,0.00020254072
7514,test,0,0.00030558585
526,test,0,0.00025202706
8789,test,0,0.00024173417
5418,test,0,0.000271783
737,test,0,0.00030890602
743,test,0,0.0014662525
1144,test,0,0.00011139607
2287,test,0,0.0002513066
11044,test,0,1.3183214e-05
8268,test,0,0.000102373284
7834,test,0,0.0069755362
4478,test,0,0.00016919077
1575,test,0,0.0006194043
7091,test,0,0.013975246
9340,test,0,0.0007017111
324,test,0,0.00072477077
519,test,0,0.000102954444
8662,test,0,0.0051924144
2579,test,0,0.002489041
1748,test,0,0.0005132129
3899,test,0,0.0003799482
6526,test,0,0.00028111998
2077,test,0,0.00229103
2676,test,0,0.00061659515
6489,test,0,0.00016824204
5685,test,0,0.0020636488
10347,test,0,0.0010740764
4583,test,1,0.13641447
8360,test,0,0.005559654
4868,test,0,0.0020636488
10212,test,0,0.020945895
3361,test,0,0.0020636488
5533,test,0,0.0015483412
6493,test,0,9.701202e-06
3690,test,0,9.89559e-05
6016,test,0,0.0006021706
9252,test,0,0.008122053
5741,test,0,8.45256e-05
4420,test,0,0.00037092777
10230,test,0,0.0009758728
6547,test,0,0.0008570052
7447,test,0,3.0565505e-05
1123,test,0,0.0014316535
10407,test,0,1.7234019e-05
1114,test,0,0.0011348838
6328,test,0,0.002008776
9350,test,0,0.0013235384
9558,test,0,0.0033471624
10007,test,0,0.00013311664
7024,test,0,1.5173747e-05
5417,test,0,1.394071e-05
7547,test,0,0.00085511256
491,test,0,0.0016314796
946,test,0,0.00118194
2450,test,0,0.00037538476
9250,test,0,7.542665e-06
10747,test,0,1.8778279e-05
1880,test,0,0.0008689737
2555,test,0,0.0041087144
761,test,0,0.0010346076
8133,test,0,0.0014036942
2208,test,0,0.0050915303
9142,test,0,0.0006772541
5452,test,0,0.00039443144
6332,test,0,0.0022205736
804,test,0,1.580666e-05
4805,test,0,0.0083142165
10929,test,0,0.0018250368
1552,test,0,0.0010836445
9523,test,0,6.456233e-05
3364,test,0,0.0015483412
6932,test,0,0.015239216
2461,test,0,0.0012390905
4767,test,0,0.0013332166
908,test,0,6.0038477e-05
8661,test,0,0.002085266
6630,test,0,0.002464575
1119,test,0,0.0018622057
1724,test,0,0.00052447105
896,test,0,0.0015304722
8254,test,0,0.0003869159
1430,test,0,0.00024600432
2647,test,0,0.0023757843
6012,test,0,0.0005387507
1881,test,0,0.0015483412
9251,test,0,0.00011721853
10343,test,0,0.0017062546
4703,test,0,0.001335333
7522,test,0,0.00017613142
8116,test,0,0.0055440273
529,test,0,0.0004517112
766,test,0,0.00017057967
9590,test,0,0.00023068384
10213,test,0,0.00095679594
5091,test,0,0.0018269562
9774,test,0,0.00021399146
1573,test,0,0.000423483
8741,test,0,0.002672733
5455,test,0,0.00028493712
6116,test,0,0.00079570146
9572,test,0,0.0005701157
7234,test,0,2.2714356e-05
6450,test,0,1.0766913e-05
6456,test,0,0.00067592884
4524,test,0,0.002583966
5095,test,0,0.00029054825
3030,test,0,0.0017925435
916,test,0,0.00046506795
10827,test,0,0.002271246
6687,test,0,1.0187879e-05
10044,test,0,0.0003656416
8806,test,0,0.00026506785
3569,test,0,0.0016643399
7809,test,0,0.00037685264
2198,test,0,1.3368058e-05
3754,test,0,2.3261313e-05
912,test,0,0.0009609883
8615,test,0,0.0010012336
4688,test,0,0.0010012336
5449,test,0,0.0005148009
8735,test,0,0.00018423944
321,test,0,0.0027633684
3694,test,0,0.0005239765
6172,test,0,0.0013332166
10743,test,0,2.8013736e-05
4976,test,0,0.00039048734
6541,test,0,1.6495416e-05
1763,test,0,0.00016780727
4408,test,0,0.0012591169
8895,test,0,0.0027049654
10014,test,0,0.003934924
6113,test,0,0.001658771
2710,test,0,0.0008357736
7083,test,0,0.015939172
4155,test,0,0.015939172
1879,test,0,1.30120525e-05
890,test,0,0.0010235269
4579,test,0,0.0021795873
9561,test,0,0.0006021706
2210,test,0,8.976223e-05
7246,test,0,5.0503713e-05
4241,test,0,0.0007196276
8896,test,0,0.0006389265
5084,test,0,0.0022185892
7667,test,0,0.00018886641
10154,test,0,0.00012472605
9354,test,0,0.00036169132
3025,test,0,0.0028156352
7231,test,0,2.3152257e-05
9366,test,0,0.00013945428
5500,test,0,0.0033223915
9578,test,0,0.0055505536
8125,test,0,0.0011725245
1034,test,0,7.859914e-06
746,test,0,0.00026405227
7068,test,0,0.001129082
3372,test,0,1.8272458e-05
9156,test,0,3.1596795e-05
2277,test,0,0.0028335003
3652,test,0,0.0019185179
7745,test,0,0.0017798443
1133,test,0,0.0004573723
420,test,0,0.00091454625
10402,test,0,0.0006246688
1781,test,0,2.2337765e-05
9269,test,0,9.080635e-06
8485,test,0,0.00039246914
3052,test,0,0.0038256885
7084,test,0,0.0005148081
8671,test,0,0.0013598353
7817,test,0,4.801869e-05
3940,test,0,8.847606e-06
3063,test,0,4.801922e-05
8659,test,0,0.005235037
2559,test,0,0.0012686395
376,test,0,0.00015526642
5428,test,0,0.00042383312
1559,test,0,0.002090852
4878,test,0,0.00030295545
5411,test,0,0.00015056926
1425,test,0,0.0001680039
7526,test,0,7.9307836e-05
5942,test,0,0.0004397184
2948,test,0,0.0009595711
7317,test,0,5.186988e-05
5686,test,0,0.009234847
9576,test,0,0.00039062905
9495,test,0,4.719739e-05
1093,test,0,0.0013598304
8914,test,0,3.2740914e-05
3051,test,0,0.00094787765
5421,test,0,0.0010125634
6168,test,0,1.3859488e-05
3435,test,0,2.1833306e-05
6675,test,0,0.0018879737
10805,test,0,2.3084862e-05
936,test,0,0.00014882105
7130,test,0,2.5343601e-05
1958,test,0,0.00032203188
8620,test,0,0.0013598353
6001,test,0,0.00020403505
8672,test,0,1.8006793e-05
10812,test,0,0.0001398521
1258,test,0,0.0003799482
8744,test,0,4.801912e-05
1102,test,0,0.0004888623
897,test,0,0.00041899935
6917,test,0,0.017215574
5433,test,0,0.0025800597
8129,test,0,7.136692e-06
2280,test,0,0.00039589975
10408,test,0,2.7789813e-05
7529,test,0,4.719736e-05
9747,test,0,0.0002912103
10198,test,0,4.801912e-05
10144,test,0,4.801869e-05
2838,test,0,0.0020636488
10233,test,0,4.960141e-05
3449,test,0,0.0011344687
5311,test,0,0.0072425557
7048,test,0,0.00015091071
8663,test,0,3.961059e-05
8863,test,0,0.0011066
10221,test,0,0.00052488135
4160,test,0,8.1735474e-05
69,test,0,0.00023068384
8274,test,0,0.0008640791
10928,test,0,3.2267733e-05
1680,test,0,4.801912e-05
3696,test,0,0.0007901322
8463,test,0,0.0009747138
2583,test,0,1.3970401e-05
10930,test,0,5.538606e-05
3920,test,0,0.0016504241
10006,test,0,0.0014662443
5748,test,0,2.751075e-05
8399,test,0,6.718423e-06
2566,test,0,0.0004899152
4119,test,0,0.0006852392
10458,test,0,0.0017062546
10777,test,0,0.0022442043
9519,test,0,2.4197312e-05
9553,test,0,0.0003656352
2396,test,0,1.8101173e-05
3934,test,0,0.0023365181
8635,test,0,0.00012510977
6163,test,0,0.00017383018
1842,test,0,0.00012235377
6924,test,0,0.00026959638
3942,test,0,0.0008403792
5831,test,0,4.545003e-05
4405,test,0,0.00020791237
7385,test,0,0.0012071853
2221,test,0,5.9698505e-06
1259,test,0,0.00051986484
2076,test,0,0.022082638
6120,test,0,0.00010754656
5738,test,0,3.9143633e-06
6521,test,0,0.00086156174
4243,test,0,2.3974573e-05
3434,test,0,0.00020752773
4866,test,0,2.9555096e-05
6276,test,0,0.00060661754
8115,test,0,0.00018137615
8474,test,0,0.0034799709
10196,test,0,2.2715587e-05
4807,test,0,0.0008088979
10925,test,0,0.0006609084
494,test,0,0.0014316535
2204,test,0,0.00012874004
9587,test,0,0.0005209556
1759,test,0,0.0007680999
8730,test,0,5.615827e-05
2459,test,0,4.0096043e-06
9557,test,0,1.0819976e-05
2557,test,0,4.801922e-05
9743,test,0,4.719739e-05
4449,test,0,8.956193e-06
3752,test,0,0.00023019267
4399,test,0,0.000131324
2928,test,0,0.0008410578
7527,test,0,0.0004402884
10223,test,0,6.257434e-05
10828,test,0,9.017154e-06
2085,test,0,7.052935e-05
5524,test,0,0.005850187
8729,test,0,0.0008550174
8511,test,0,0.010650771
6371,test,0,0.03464885
3891,test,0,0.0018956277
8271,test,0,1.1589655e-05
5504,test,0,3.0737894e-05
1131,test,0,8.767679e-05
2572,test,0,7.36734e-05
10997,test,0,0.00395153
6092,test,0,2.6522002e-05
478,test,0,5.8068895e-06
7249,test,0,0.001829624
7022,test,0,0.00011164458
6372,test,0,0.00026602967
4003,test,0,5.4650103e-05
6549,test,0,1.3365778e-05
2279,test,0,0.00079569063
2939,test,0,0.0006879821
7448,test,0,0.000119375276
3105,test,0,0.0007142497
6918,test,0,0.00040079877
4781,test,0,9.2869e-05
4774,test,0,0.00018364162
8366,test,0,0.00016090539
9370,test,0,0.0007456714
4477,test,0,0.0007194415
5946,test,0,0.00024935897
4240,test,0,0.00063706946
3931,test,0,0.0005209556
6334,test,0,0.00081491296
7595,test,0,8.306936e-06
4867,test,0,0.00015245494
8359,test,0,0.00014745351
5527,test,0,0.0018276025
6546,test,0,0.0004709496
8481,test,0,0.00017937236
518,test,0,0.0005132129
8476,test,0,0.0003799482
10758,test,0,0.00057771854
10830,test,0,1.9648798e-05
4545,test,0,4.801912e-05
6126,test,0,4.719736e-05
8510,test,0,1.5198518e-05
10226,test,0,6.6770144e-06
4865,test,0,0.00016709138
1437,test,0,0.009642663
7053,test,0,0.00043455506
3508,test,0,2.9384208e-05
3442,test,0,0.0015299781
6931,test,0,3.9953105e-05
7233,test,0,0.0022362436
3915,test,0,2.5315145e-05
8509,test,0,0.0007866108
7668,test,0,0.00024004068
10605,test,0,0.00046506795
5530,test,0,0.0001375361
10748,test,0,2.432552e-05
10156,test,0,0.0003120851
9763,test,0,6.9545655e-05
1684,test,0,0.0003120851
6197,test,0,0.00016780727
5098,test,0,0.00065022655
1562,test,0,2.3342089e-05
2458,test,0,5.520637e-05
9489,test,0,4.353823e-05
706,test,0,9.0236455e-05
8742,test,0,0.0036613995
7076,test,0,0.0019662755
6929,test,0,0.0007194415
6343,test,0,0.00027673016
3439,test,0,0.0007039434
7085,test,0,2.741836e-05
10395,test,0,1.1441857e-05
3697,test,0,0.0005501688
2655,test,0,0.00028855022
5075,test,0,6.7579626e-06
3911,test,0,4.920843e-06
7101,test,0,0.00046390397
8361,test,0,0.00041160278
3910,test,0,4.5449695e-05
1256,test,1,0.36803797
1455,test,0,0.009534069
6386,test,0,0.0007764309
298,test,0,0.0005678406
9779,test,0,1.0964345e-05
768,test,0,1.0349381e-05
4481,test,0,1.0349381e-05
311,test,0,7.809157e-06
5134,test,0,0.0008481204
10834,test,0,1.3932748e-05
1135,test,0,0.0053644553
10606,test,0,0.0012281494
3939,test,0,0.00711139
6177,test,0,3.0219617e-05
3022,test,0,0.0012267483
6676,test,0,2.658306e-05
2944,test,0,1.4760189e-05
3058,test,0,0.0007771486
6567,test,0,0.0020492787
6550,test,0,0.0012267483
10169,test,0,1.1003116e-05
8395,test,0,1.7883453e-05
6488,test,0,0.0006432198
753,test,0,0.00014882105
7464,test,0,0.00015091071
4980,test,0,2.431489e-05
4888,test,0,0.00010074414
7049,test,0,0.0004337611
10318,test,0,4.118415e-05
4485,test,0,0.0022811524
4825,test,0,3.837713e-05
3890,test,0,0.001167649
10397,test,0,0.00035325444
10016,test,0,0.0055596773
3104,test,0,0.0041596578
10945,test,0,0.00087681157
6524,test,0,0.0024564976
7531,test,0,0.0009262957
5948,test,0,8.328466e-06
1567,test,0,3.25879e-05
60,test,0,4.7505742e-05
1436,test,0,1.3198483e-05
2646,test,0,5.2944088e-05
3687,test,0,0.0004587045
6562,test,0,1.32354135e-05
4440,test,0,5.0344777e-05
2709,test,0,3.4183435e-05
7023,test,0,7.5064345e-05
6636,test,0,0.00024042884
10225,test,0,0.0007244974
10596,test,0,0.0007194415
2395,test,0,0.0006356273
8857,test,0,0.0012074783
2393,test,0,0.0005201043
9555,test,0,0.0002709214
7232,test,0,0.0003799482
5497,test,0,0.000298875
7064,test,0,5.979869e-06
5318,test,0,0.0003799482
7460,test,0,0.0020636488
3510,test,0,1.1824221e-05
2554,test,0,4.624076e-05
10050,test,0,4.5449826e-05
8638,test,0,4.801912e-05
70,test,0,6.393989e-05
1058,test,0,0.00026042628
1956,test,0,4.801912e-05
6180,test,0,0.0008484525
2281,test,0,0.0001292445
9346,test,0,2.7121725e-05
2084,test,0,1.1981087e-05
2228,test,0,0.0026582892
8639,test,0,0.0010843759
2930,test,0,1.4027361e-05
4163,test,0,1.1591501e-05
4986,test,0,2.606144e-05
10810,test,0,1.8428354e-05
3023,test,0,0.0010035387
10400,test,0,0.00019885067
7031,test,0,0.0012462495
9577,test,0,0.018042823
8117,test,0,0.00010333117
10201,test,0,0.00032627405
8810,test,0,8.2565544e-05
52,test,0,0.00019609516
9342,test,0,0.0016275183
10590,test,0,0.008098373
3893,test,0,0.0009555677
10042,test,0,0.009314877
9273,test,0,5.6535893e-05
790,test,0,0.0012446927
6498,test,0,0.0127366595
7488,test,0,1.3338663e-05
2226,test,0,0.00013211319
6005,test,0,0.0007317432
5087,test,0,0.00045992568
9567,test,0,2.9843179e-05
760,test,0,5.1459567e-05
738,test,0,0.0003782462
6544,test,0,0.0004397184
1736,test,0,0.0025742082
1832,test,0,0.001667949
10470,test,0,0.00047592368
7229,test,0,0.00074566784
7477,test,0,0.0001746634
3897,test,0,3.9243634e-05
8856,test,0,0.00014745351
8665,test,0,0.00023649089
51,test,0,1.2735427e-05
3086,test,0,2.9657322e-05
8860,test,0,0.0045036925
4156,test,0,0.00016651944
6215,test,0,1.1478273e-05
3627,test,0,1.1478276e-05
7657,test,0,0.00072532817
9491,test,0,0.0045036925
3445,test,0,8.477489e-06
1260,test,0,8.302361e-06
10755,test,0,1.3593651e-05
9570,test,0,0.00014948702
5093,test,0,0.0009241892
703,test,0,0.0010015933
7343,test,0,1.3063818e-05
9265,test,0,3.706789e-05
9554,test,0,0.00011377211
8251,test,0,0.00028888468
901,test,0,0.0005501688
884,test,0,2.3403085e-05
7826,test,0,7.0996093e-06
8099,test,0,0.00025645134
1094,test,0,4.908142e-06
3637,test,0,5.2902788e-06
7069,test,0,0.0020636488
8504,test,0,4.544986e-05
10770,test,0,0.00028888468
3941,test,0,0.0075431876
1147,test,0,9.4544985e-06
8464,test,0,0.00023381397
5305,test,0,3.7747145e-06
1777,test,0,0.00018412895
2218,test,0,3.985864e-05
5681,test,0,0.0005757848
5422,test,0,0.0017363601
6219,test,0,0.0014547858
6106,test,0,0.00093710324
5102,test,0,0.0005873955
3638,test,0,0.0011600181
1051,test,0,0.001927448
8478,test,0,0.0023334553
1765,test,0,0.00091947865
3895,test,0,0.00012982082
7476,test,0,0.0012810117
1536,test,0,0.000762737
10013,test,0,8.021372e-05
4707,test,0,0.00036304892
9436,test,0,0.0021575463
4983,test,0,0.0008481204
4694,test,0,0.0006852392
932,test,0,1.3392333e-05
4763,test,0,0.0020928776
3096,test,0,0.00052447105
895,test,0,0.0008481204
4010,test,0,0.0006019802
9271,test,0,1.7720691e-05
877,test,0,6.0807382e-05
3567,test,0,8.0095706e-05
6448,test,0,0.0004888623
7100,test,0,0.0004888623
10193,test,0,2.4914714e-05
4231,test,0,0.0018216821
2285,test,0,8.009986e-05
2679,test,0,0.00091784913
1738,test,0,0.005178587
705,test,0,2.4905803e-05
5943,test,0,8.95117e-05
4161,test,0,0.00016612337
5090,test,0,0.05026058
5068,test,0,0.0027503523
9147,test,0,0.038914654
9140,test,0,0.0026410748
4820,test,0,0.0022086916
6468,test,0,0.008151575
1267,test,0,0.0041725757
4601,test,0,0.003412952
919,test,0,0.006265737
6688,test,0,0.0012898196
1782,test,0,1.5255362e-05
9758,test,0,0.0026452292
5941,test,0,0.0056508724
6906,test,0,0.0012361101
3440,test,0,0.0060309693
10308,test,0,0.025487613
9379,test,0,4.5892353e-05
4689,test,0,0.0019416407
8484,test,0,9.876701e-05
2219,test,0,0.00092088664
10843,test,0,0.0074212733
6936,test,0,0.0020201223
5442,test,0,0.0006075472
8907,test,0,0.0020856007
10825,test,0,0.00287777
4129,test,0,0.00077518006
4439,test,0,0.00010295414
10157,test,0,3.390054e-05
5408,test,0,0.00015091071
6497,test,0,0.00076937594
4883,test,0,1.5979618e-05
1423,test,0,3.321811e-05
8466,test,0,1.31251345e-05
8100,test,0,2.7385484e-05
303,test,0,0.00270018
11054,test,0,0.0007866108
6015,test,0,2.4215075e-05
10166,test,0,2.3493776e-05
2833,test,0,0.00015888188
9363,test,0,6.22006e-05
4880,test,0,1.2844371e-05
7072,test,0,0.0001567335
10228,test,0,0.0008810977
9276,test,0,0.0015577447
3645,test,0,0.0015577447
922,test,0,1.3820021e-05
5315,test,0,5.318878e-05
876,test,0,9.0951515e-05
5420,test,0,0.0009262769
2199,test,0,0.000309269
7593,test,0,0.0025742082
1569,test,0,0.0015270251
1571,test,0,0.000105507745
5426,test,0,0.0041596578
7026,test,0,0.0011119322
7123,test,0,6.7949586e-05
4598,test,0,0.0020020297
744,test,0,4.1768984e-05
5057,test,0,0.0016103006
7812,test,0,0.00074566784
751,test,0,0.0018468989
4764,test,0,0.0004709496
530,test,0,3.685779e-05
5088,test,0,0.0011775577
1994,test,0,0.001304297
1553,test,0,0.0021922702
7392,test,0,5.245285e-05
1446,test,0,1.5698542e-05
2845,test,0,0.0002404305
6384,test,0,0.0001515393
8911,test,0,5.7353034e-05
6093,test,0,0.0008044479
1041,test,0,0.00023068384
488,test,0,0.00029054825
7288,test,0,0.00015355094
6275,test,0,3.27465e-05
2846,test,0,2.8222625e-05
7041,test,0,0.0001924417
10159,test,0,4.7197074e-05
6672,test,0,0.00039062905
9574,test,0,0.00046842766
1445,test,0,0.0020847712
9524,test,0,0.00014715538
7831,test,0,0.0022166208
9378,test,0,1.6412207e-05
1551,test,0,7.316093e-06
4121,test,0,0.0008035357
1056,test,0,0.0015107488
6153,test,0,1.1265158e-05
10216,test,0,0.0006389265
9527,test,0,0.0012686395
5313,test,0,1.8389726e-05
4686,test,0,0.0027126241
6632,test,0,0.00013480928
4421,test,0,0.0012110047
3059,test,0,0.0009748123
9744,test,0,0.000104959814
6195,test,0,6.0707465e-05
1097,test,0,1.1664908e-05
1681,test,0,0.0016735285
6161,test,0,0.13724467
482,test,0,1.1705406e-05
2759,test,0,0.0003799482
10780,test,0,0.00039246914
2768,test,0,1.9312789e-05
7241,test,0,0.0017706803
7193,test,0,6.6597963e-06
10607,test,0,6.6597963e-06
8256,test,0,0.004180872
915,test,0,1.3682642e-05
7244,test,0,1.6508293e-05
6212,test,0,8.4415815e-06
6491,test,0,3.2540072e-05
10215,test,0,0.05025964
4479,test,0,0.0023365093
1156,test,0,0.0015304722
5817,test,0,0.00015467017
1985,test,0,0.0007866108
5443,test,0,2.5291158e-05
1986,test,0,0.00046506795
8468,test,0,0.003548326
3572,test,0,2.4325456e-05
933,test,0,0.0021753737
3029,test,0,0.0005209556
6523,test,0,5.791895e-06
4803,test,0,7.8420735e-06
7520,test,0,4.555127e-06
1533,test,0,0.0007045858
4782,test,0,0.0012805717
8255,test,0,0.00048166324
2556,test,0,2.3370107e-05
10399,test,0,0.0013598353
10297,test,0,0.0041596578
3921,test,0,0.0002254911
8788,test,0,0.00014018053
9563,test,0,0.00029850405
1154,test,0,0.0008208071
5938,test,0,0.0018859353
5415,test,0,0.0001140166
7325,test,0,0.0017022057
3074,test,0,4.7960533e-05
7446,test,0,0.00015147889
2773,test,0,2.844126e-05
3691,test,0,0.00030801274
9488,test,0,0.00014882105
4407,test,0,1.0559841e-05
2478,test,0,0.00014882105
9247,test,0,5.8034504e-05
9525,test,0,7.6879605e-06
4244,test,0,0.00049940776
9515,test,0,1.5112891e-05
2586,test,0,2.7590828e-05
941,test,0,3.9253857e-05
7050,test,0,2.7123242e-05
7492,test,0,0.0006127484
6382,test,0,0.00211946
9520,test,0,5.7719186e-05
8104,test,0,2.0306037e-05
3914,test,0,3.8901067e-05
7467,test,0,0.0003592053
4109,test,0,0.00046506795
799,test,0,0.0001558566
9345,test,0,2.3316365e-05
380,test,0,0.0003869159
2713,test,0,0.0004612292
10820,test,0,5.6402147e-05
2202,test,0,7.565963e-05
1130,test,0,3.3372817e-05
6338,test,0,0.00019844269
2207,test,0,0.00058663124
9390,test,0,0.00040595254
7453,test,0,0.00043245562
5677,test,0,0.00015408894
1679,test,0,0.00028469812
523,test,0,0.00085511256
5447,test,0,0.00034438304
8391,test,0,0.0028553775
7816,test,0,0.00855616
1677,test,0,1.6010117e-05
3095,test,0,0.0013332166
6209,test,0,0.003948591
8472,test,0,3.818933e-05
5821,test,0,4.9417748e-05
2878,test,0,0.0030919088
3045,test,0,2.2738579e-05
11055,test,0,3.533348e-05
9749,test,0,0.0022910445
3753,test,0,5.113427e-05
5105,test,0,1.211072e-05
1542,test,0,6.2387146e-05
8482,test,0,0.0010996313
299,test,0,5.791905e-06
10724,test,0,5.7919005e-06
5066,test,0,0.0021987483
2229,test,0,0.00073626655
8905,test,0,9.0572075e-06
1059,test,0,5.836135e-06
7181,test,0,0.00044642598
10937,test,0,9.05722e-06
9581,test,0,2.6179214e-05
9591,test,0,0.0011987301
6528,test,0,0.000772451
6013,test,0,0.0019885255
6460,test,0,1.0176648e-05
8812,test,0,0.0030291278
8105,test,0,1.1352363e-05
2849,test,0,0.0003214164
11042,test,0,2.5159698e-05
6167,test,0,0.00010394378
3565,test,0,9.95097e-06
2551,test,0,0.00017937236
2665,test,0,0.001486944
6118,test,0,0.00023128072
5956,test,0,1.2634065e-05
2834,test,0,9.322941e-05
6471,test,0,1.1412319e-05
7088,test,0,0.00017707601
3764,test,0,0.0012712188
7194,test,0,0.0011288093
745,test,0,0.000121460806
2880,test,0,2.2888376e-05
2187,test,0,9.146665e-05
1874,test,0,0.00019089345
7470,test,0,8.287271e-06
7813,test,0,0.0019043132
8124,test,0,0.00044021456
4092,test,0,1.1824221e-05
6545,test,0,0.00030173126
7384,test,0,5.1853218e-05
5356,test,0,4.0462232e-06
7449,test,0,0.00044732887
6125,test,0,4.5449826e-05
3695,test,0,4.801869e-05
10341,test,0,4.801922e-05
5405,test,0,0.00012284702
3065,test,0,8.956193e-06
6509,test,0,1.973196e-05
1111,test,0,0.023565883
10829,test,0,0.0013144361
5410,test,0,7.135089e-06
4776,test,0,1.04910705e-05
7478,test,0,0.00013544074
10593,test,0,0.0028692156
8356,test,0,0.0006687256
2192,test,0,1.14051345e-05
4093,test,0,2.574125e-05
7747,test,0,0.0007049122
7815,test,0,0.00074340514
8629,test,0,0.0004756593
1055,test,0,0.0008993291
8408,test,0,0.0015592822
1687,test,0,1.8995348e-05
1572,test,0,0.0022453307
4590,test,0,6.6770167e-06
4875,test,0,1.3134174e-05
5951,test,0,1.2588021e-05
6671,test,0,0.0006389265
4532,test,0,9.258809e-06
10737,test,0,0.00052447105
4884,test,0,0.00018997326
3761,test,0,0.0010120901
8816,test,0,0.0016375857
3759,test,0,0.00016125104
9742,test,0,4.5661964e-05
7104,test,0,1.73576e-05
10404,test,0,0.0022073532
5947,test,0,0.009840539
3031,test,0,1.4213635e-05
5138,test,0,0.0010051606
7383,test,0,0.00015863185
3689,test,0,0.0008700949
10849,test,0,0.0021821158
10235,test,0,0.010520402
5080,test,0,8.865025e-06
8745,test,0,0.0022073532
9740,test,0,0.0012110047
3922,test,0,8.1067905e-05
4881,test,0,0.004484155
11013,test,0,0.0022073623
7332,test,0,0.0008552782
7065,test,0,8.6897955e-05
10298,test,0,0.0018908494
3027,test,0,2.9246903e-05
2286,test,0,0.00012500507
10168,test,0,6.254525e-05
5940,test,0,3.9042516e-06
5451,test,0,2.9931623e-06
6695,test,0,1.1249569e-05
9556,test,0,0.0010281953
7051,test,0,5.0971194e-06
2196,test,0,3.4666077e-06
6453,test,0,0.0004715392
1774,test,0,5.2862592e-06
5493,test,0,6.9939983e-06
4473,test,0,0.0004715392
8865,test,0,9.512574e-06
5818,test,0,6.518641e-06
4232,test,0,5.2862574e-06
7528,test,0,0.00020752773
3925,test,0,9.478987e-06
6485,test,0,3.9722063e-06
6127,test,0,4.31022e-06
8114,test,0,1.9668709e-05
5517,test,0,3.9494726e-06
4484,test,0,0.00032239713
9776,test,0,2.5646947e-05
3649,test,0,1.964871e-05
2477,test,0,4.0984187e-06
2190,test,0,1.8688455e-05
6207,test,0,0.0042945175
3760,test,0,0.0031329559
4525,test,0,4.1919748e-06
8101,test,0,3.1082584e-06
1952,test,0,1.8479392e-05
5303,test,0,1.7226464e-05
6514,test,0,0.0020837695
5510,test,0,0.0014235649
6095,test,0,8.384657e-06
3369,test,0,1.3607563e-05
2850,test,0,1.9850455e-05
8792,test,0,0.0005873955
9365,test,0,0.015936673
6494,test,0,0.000103348095
2259,test,0,2.305808e-05
7833,test,0,5.0997085e-05
6337,test,0,0.0021064589
4471,test,0,7.952099e-06
6501,test,0,0.0006369978
1159,test,0,0.0008993291
1546,test,0,0.00093307026
1421,test,0,5.1507992e-05
58,test,0,7.72439e-05
9490,test,0,0.0010932527
8636,test,0,1.1423018e-05
10832,test,0,1.1423018e-05
10046,test,0,8.928232e-06
9148,test,0,0.0006389265
9145,test,0,1.6155336e-05
4102,test,0,1.8272485e-05
4128,test,0,5.3124772e-06
6194,test,0,5.3124895e-06
7750,test,0,0.000628588
1095,test,0,0.00066350715
9151,test,0,1.3968819e-05
5668,test,0,0.0010349378
10839,test,0,0.0016643399
8682,test,0,0.0028335003
3892,test,0,1.9625508e-05
8660,test,0,4.5617948e-05
10603,test,0,4.5617948e-05
7535,test,0,0.0021232502
2462,test,0,7.716705e-06
4164,test,0,9.866911e-05
6444,test,0,2.8492737e-05
7455,test,0,1.4105534e-05
8628,test,0,0.00010741618
10150,test,0,1.8509809e-05
4556,test,0,0.00010780752
5505,test,0,7.543922e-06
2251,test,0,8.67438e-06
3092,test,0,0.0009555677
8681,test,0,1.18094185e-05
5528,test,0,0.009007203
2447,test,0,1.1084033e-05
3894,test,0,0.00010565208
10609,test,0,0.00067009573
4022,test,0,0.0033339432
6533,test,0,8.425464e-06
9327,test,0,5.355028e-05
2468,test,0,0.00026603747
7128,test,0,7.725222e-05
3109,test,0,7.725222e-05
4418,test,0,0.00010614339
10153,test,0,0.0001320639
4543,test,0,1.1743085e-05
3064,test,0,0.00014882105
6272,test,0,0.0001446079
10854,test,0,0.000104308085
5419,test,0,0.00010974007
3507,test,0,0.00012380145
1683,test,0,2.157361e-05
2716,test,0,0.00023099135
3362,test,0,2.3037572e-05
7052,test,0,0.00013254186
10840,test,0,0.0005374108
7103,test,0,0.00032673107
6217,test,0,0.0027096414
7032,test,0,4.759296e-05
8495,test,0,0.00048075945
1441,test,0,1.5430467e-05
3919,test,0,1.2741574e-05
7513,test,0,0.00044315078
5676,test,0,2.7123275e-05
5439,test,0,0.003142491
7097,test,0,6.659319e-05
4535,test,0,0.00011413457
4009,test,0,0.0004856116
8462,test,0,1.378435e-05
2708,test,0,0.000119178265
6210,test,0,7.369357e-05
1544,test,0,0.0022376243
5999,test,0,0.0006122496
6926,test,0,1.7187618e-05
6681,test,0,5.789346e-05
10732,test,0,4.163024e-05
1729,test,0,4.8706654e-05
4448,test,0,0.00046612383
8916,test,0,0.00015310687
6350,test,0,0.0027747292
5431,test,0,1.2889698e-05
5104,test,0,3.8376988e-05
4578,test,0,0.0020855062
1885,test,0,0.0050072866
3693,test,0,9.095169e-05
10148,test,0,1.5205342e-05
1447,test,0,0.0003782462
6564,test,0,3.378027e-05
5094,test,0,2.6784852e-05
480,test,0,0.0011311559
8791,test,0,0.0003120851
9750,test,0,0.0001578153
4554,test,0,0.00395153
4441,test,0,0.0026595755
1561,test,0,5.551067e-05
4002,test,0,4.9949373e-05
4021,test,0,0.0041596578
4533,test,0,2.4637484e-05
3062,test,0,0.0048499145
10756,test,0,0.00062782073
5939,test,0,0.00062782073
2668,test,0,6.9700356e-05
3916,test,0,0.00010350238
1744,test,0,2.2679922e-05
10602,test,0,0.002271246
7523,test,0,0.00017851405
7077,test,0,0.00039774054
3561,test,0,6.535553e-06
6091,test,0,0.00083726825
6554,test,0,0.00014358458
2475,test,0,0.00014171339
8677,test,0,0.00049806066
6228,test,0,5.8589744e-06
7542,test,0,2.8049013e-05
6187,test,0,0.014098811
1754,test,0,0.00012756334
1557,test,0,0.0006246688
2670,test,0,0.00048170137
8727,test,0,1.15884e-05
6469,test,0,0.0019885255
2946,test,0,0.00049626385
11061,test,0,8.908949e-06
48,test,0,0.00026215945
3111,test,0,1.9782463e-05
2004,test,0,1.3134022e-05
9387,test,0,8.51248e-05
6522,test,0,0.00089898356
7821,test,0,0.0003129845
5516,test,0,0.0007786406
2456,test,0,0.00065089227
3373,test,0,1.4340014e-05
7080,test,0,0.0006624818
8619,test,0,0.00015119548
7045,test,0,2.6541087e-05
11046,test,0,7.850861e-05
1773,test,0,1.4625244e-05
10944,test,0,1.1209238e-05
11010,test,0,0.00042447363
10922,test,0,1.5748106e-05
516,test,0,0.0014377198
2552,test,0,8.354688e-05
2847,test,0,0.017020864
9358,test,0,0.0007362668
6474,test,0,4.6455325e-06
2256,test,0,0.0011223278
3036,test,0,8.446854e-06
10608,test,0,1.2779002e-05
6629,test,0,1.492002e-05
7090,test,0,0.00029054825
1543,test,0,1.6269169e-05
10476,test,0,4.7263998e-06
479,test,0,0.00029054825
7336,test,0,7.855061e-05
62,test,0,0.00023719139
2661,test,0,4.7736277e-05
2765,test,0,8.48199e-06
6198,test,0,0.00029054825
8110,test,0,2.3403058e-05
9583,test,0,3.904248e-06
3943,test,0,6.2573504e-06
8627,test,0,1.2916629e-05
524,test,0,6.601973e-06
6223,test,0,0.001306687
5494,test,0,0.0003722039
9326,test,0,3.9042543e-06
3047,test,0,0.0002987174
10746,test,0,3.904259e-06
6019,test,0,5.1673924e-05
6505,test,0,1.18242215e-05
7245,test,0,1.4414909e-05
7814,test,0,3.561459e-06
10725,test,0,3.9042616e-06
3576,test,0,3.949473e-06
4447,test,0,4.624076e-05
1953,test,0,8.802996e-06
2760,test,0,9.454508e-06
909,test,0,3.9042498e-06
7338,test,0,4.6993514e-06
10597,test,0,0.00046390668
4677,test,0,0.0008751799
5674,test,0,0.00021503276
6354,test,0,2.0595842e-05
5069,test,0,0.0017580524
925,test,0,1.9592797e-05
7473,test,0,0.0016969644
2656,test,0,0.00018137615
6461,test,0,3.949473e-06
3636,test,0,3.90426e-06
1775,test,0,9.619073e-06
1989,test,0,0.00029574824
6265,test,0,4.6808877e-05
7530,test,0,0.0003656416
4246,test,0,0.014108789
6678,test,0,6.742967e-05
7326,test,0,6.030061e-05
5321,test,0,0.0031330665
8397,test,0,0.00039791496
9360,test,0,0.004003047
6519,test,0,3.8256374e-05
6916,test,0,1.9592724e-05
8238,test,0,0.00010917203
4800,test,0,0.015123601
6480,test,0,3.25885e-05
5519,test,0,1.887836e-05
9371,test,0,0.005215205
1995,test,0,1.121105e-05
7482,test,0,1.403305e-05
67,test,0,0.0021584318
1732,test,0,8.065034e-06
786,test,0,0.0021248355
1747,test,0,0.003226362
6532,test,0,7.972668e-06
1760,test,0,0.00093710324
6189,test,0,8.090471e-06
1272,test,0,0.0038307598
2220,test,0,0.0014392649
10222,test,0,1.12110865e-05
3443,test,0,8.044196e-06
10208,test,0,3.7436654e-05
7578,test,0,0.015936673
2723,test,0,0.0020226256
2081,test,0,0.004001218
6457,test,0,1.06125635e-05
7486,test,0,0.0008410578
6922,test,0,1.4343823e-05
7484,test,0,2.0018946e-05
7247,test,0,6.6597945e-06
6170,test,0,7.316093e-06
8898,test,0,0.0022453307
1826,test,0,0.0006776328
7666,test,0,0.00016196487
6199,test,0,6.7369133e-06
8739,test,0,1.9805993e-05
1840,test,0,6.5941017e-06
10316,test,0,0.00084941986
3091,test,0,8.832875e-06
6529,test,0,5.3124777e-06
9513,test,0,0.00046628452
1261,test,0,1.24408825e-05
7663,test,0,0.0009839383
8829,test,0,0.00066350715
7461,test,0,9.030081e-05
10586,test,0,5.3124927e-06
792,test,0,5.3124845e-06
1053,test,0,7.982587e-05
802,test,0,0.0006389265
9333,test,0,0.0006389265
3360,test,0,8.845656e-06
1770,test,0,8.090854e-06
10778,test,0,5.6127833e-06
3898,test,0,7.61928e-06
5683,test,0,8.845646e-06
2758,test,0,1.22597185e-05
2080,test,0,9.146253e-05
11060,test,0,0.0010235269
6558,test,0,8.401624e-06
2947,test,0,5.312474e-06
5304,test,0,0.008574007
6176,test,0,0.002060203
10466,test,0,1.1998177e-05
5502,test,0,2.7739827e-05
7320,test,0,8.35431e-06
307,test,0,0.0006019802
4765,test,0,1.4865452e-05
6481,test,0,3.9626775e-05
5531,test,0,0.008497393
4547,test,0,0.0012034022
7516,test,0,2.3953025e-05
1548,test,0,4.716762e-05
880,test,0,0.029359473
1731,test,0,0.0020558652
50,test,0,9.094366e-05
7039,test,0,0.00013660271
3946,test,0,0.0007542527
1725,test,0,0.0050878315
7089,test,0,6.6327004e-05
6261,test,0,0.0010379475
3097,test,0,2.8883422e-05
910,test,0,0.06454419
6008,test,0,1.08544755e-05
6218,test,0,1.0460933e-05
8248,test,0,0.0007350685
7575,test,0,0.00068484875
1429,test,0,2.0826326e-05
5520,test,0,1.3172516e-05
7671,test,0,2.860059e-05
316,test,0,0.0017755309
7353,test,0,1.2801232e-05
3101,test,0,0.0032856092
4111,test,0,0.016815145
2685,test,0,0.00711139
5092,test,0,2.2389313e-05
7352,test,0,1.3004708e-05
2933,test,0,6.2656163e-06
5670,test,0,0.00010890748
7515,test,0,0.000112075744
4684,test,0,0.00019213713
2194,test,0,0.00025770644
3509,test,0,0.000104676066
8605,test,0,0.00014882105
4091,test,0,0.00013344055
3069,test,0,0.00013289126
749,test,0,0.00014882105
1884,test,0,0.00015091071
9566,test,0,0.00014882105
2648,test,0,1.08297345e-05
8120,test,0,0.00014882105
10045,test,0,1.0509327e-05
2563,test,0,0.00011759826
9259,test,0,0.0010372258
10816,test,0,0.0013290035
7659,test,0,0.00030843998
10409,test,0,0.00012595157
5825,test,0,5.672402e-05
7829,test,0,0.00018672568
944,test,0,0.00013056438
3375,test,0,1.72324e-05
327,test,0,2.157361e-05
7660,test,0,0.0006366381
2203,test,0,3.7888985e-05
1418,test,0,0.00012858884
4235,test,0,0.0005374108
1103,test,0,2.1758102e-05
5444,test,0,0.00014810612
6375,test,0,2.0914835e-05
10211,test,0,8.654928e-05
10171,test,0,0.00043976275
7519,test,0,0.00025868416
9335,test,0,0.000770415
2394,test,0,5.7324476e-05
5830,test,0,0.00027106504
4103,test,0,0.00010039379
10218,test,0,9.078482e-05
61,test,0,0.0011589355
6270,test,0,8.513421e-05
1435,test,0,0.00012865633
4879,test,0,0.00043553667
6637,test,0,1.5791758e-05
3646,test,0,0.0006127484
8367,test,0,6.1486375e-05
5816,test,0,9.6944015e-05
2641,test,0,0.000110561195
2186,test,0,2.2965472e-05
49,test,0,7.1961736e-06
5076,test,0,1.3430609e-05
5317,test,0,0.00016090539
6006,test,0,0.0017672562
2215,test,0,2.0606036e-05
1743,test,0,1.3708515e-05
6449,test,0,1.3200913e-05
2565,test,0,4.6943806e-05
2721,test,0,5.4490618e-05
1539,test,0,1.8392857e-05
879,test,0,1.8956998e-05
3906,test,0,2.0032554e-05
9493,test,0,0.0012346773
2770,test,0,0.0038177753
2935,test,0,0.0001567335
1037,test,0,6.6585875e-05
2558,test,0,6.1050996e-05
6226,test,0,4.074627e-05
6557,test,0,4.0641135e-05
7479,test,0,0.0023365181
6227,test,0,0.0022098646
4815,test,0,0.0023365181
6101,test,0,4.0670715e-05
10935,test,0,3.837697e-05
2261,test,0,0.0006652759
4690,test,0,2.723976e-05
5071,test,0,4.4995228e-05
5414,test,0,0.00024401462
6165,test,0,2.7239848e-05
6515,test,0,3.601493e-05
913,test,0,0.007145533
6353,test,0,0.0019693507
4816,test,0,3.421957e-05
4476,test,0,0.0059269317
2649,test,0,0.000423483
7335,test,0,2.4145209e-05
7536,test,0,2.4145209e-05
8861,test,0,2.3855047e-05
5949,test,0,4.905348e-05
6162,test,0,2.4325442e-05
6326,test,0,0.00087437074
5081,test,0,1.783051e-05
10398,test,0,0.000101374055
11049,test,0,2.4325467e-05
10301,test,0,2.567788e-05
2756,test,0,0.003765866
8252,test,0,0.0014316535
9343,test,0,2.4325456e-05
9344,test,0,0.00017671664
8458,test,0,0.0009963383
2000,test,0,0.0041596578
6679,test,0,3.598532e-05
4242,test,0,4.994965e-05
3078,test,0,4.9949434e-05
4446,test,0,0.0019913905
7242,test,0,5.1669667e-05
1741,test,0,0.00024262497
8732,test,0,0.0008254199
8626,test,0,0.002881806
1558,test,0,0.00049366173
6510,test,0,0.001983406
5085,test,0,2.356301e-05
6473,test,0,2.9374081e-05
704,test,0,0.009384559
9585,test,0,0.0018366827
11062,test,0,0.009384514
319,test,0,0.0004430054
7324,test,0,0.00012101084
1750,test,0,2.3074655e-05
11059,test,0,2.7864744e-05
7749,test,0,0.0021961874
3643,test,0,2.8013748e-05
798,test,0,3.1944015e-05
10718,test,0,0.014692761
2927,test,0,0.0064362264
4791,test,0,2.5816267e-05
6517,test,0,0.00018456875
7672,test,0,0.0005209556
1990,test,0,5.3022806e-05
914,test,0,5.7919074e-06
7655,test,0,6.545429e-05
10598,test,0,6.545429e-05
7127,test,0,0.00011164481
2252,test,0,7.295616e-06
10822,test,0,9.7898355e-06
5106,test,0,5.7919065e-06
9261,test,0,5.791898e-06
8240,test,0,5.7918965e-06
9272,test,0,0.0004709496
1767,test,0,1.5954023e-05
10053,test,0,0.0004517112
1087,test,0,0.0004709496
4116,test,0,6.014618e-06
7121,test,0,0.00014745351
5074,test,0,7.842072e-06
9262,test,0,0.0009262957
1254,test,0,1.9354457e-05
4482,test,0,5.791895e-06
4702,test,0,0.0004709496
5320,test,0,0.0005064091
1443,test,0,0.009234847
6928,test,0,5.791905e-06
4778,test,0,0.00051909033
10015,test,0,0.0003181459
7836,test,0,3.7264996e-05
6264,test,0,7.8420735e-06
1876,test,0,7.649604e-06
7463,test,0,0.00015288978
1737,test,0,5.7918965e-06
8358,test,0,0.00014745351
9782,test,0,0.0008943661
6551,test,0,0.00022873208
4539,test,0,0.00022272952
9738,test,0,0.00048063466
5100,test,0,2.6788548e-05
4101,test,0,0.0001809614
2660,test,0,1.5079227e-05
7594,test,0,1.1508069e-05
8280,test,0,0.0006909607
531,test,0,0.0018414084
2657,test,0,1.48527215e-05
2224,test,0,1.31305205e-05
7190,test,0,0.00020786953
2569,test,0,2.0908526e-05
1828,test,0,8.647415e-06
2448,test,0,0.0016504241
2941,test,0,8.521493e-06
11043,test,0,8.6474165e-06
1248,test,0,0.0006909607
6347,test,0,0.0006909607
9133,test,0,1.0150345e-05
1107,test,0,1.3134018e-05
5509,test,0,1.9643583e-05
2678,test,0,6.9247995e-05
9761,test,0,0.0007044399
3098,test,0,9.950966e-06
7393,test,0,0.0021278604
10844,test,0,0.0007786406
9270,test,0,1.3159821e-05
7250,test,0,0.001421693
7739,test,0,0.00020551182
6911,test,0,8.708155e-06
7485,test,0,0.00024493394
8793,test,0,0.00014140324
1161,test,0,1.1042196e-05
4410,test,0,1.1042196e-05
2582,test,0,0.00017937236
4793,test,0,1.2779017e-05
5349,test,0,1.0801759e-05
3945,test,0,0.0008727071
6483,test,0,0.00027934564
1045,test,0,2.648188e-05
6344,test,0,0.0009116478
2248,test,0,1.5450052e-05
4693,test,0,1.8558889e-05
6370,test,0,0.00092686614
740,test,0,0.0005554135
4403,test,0,2.2196835e-05
9769,test,0,1.3477134e-05
791,test,0,8.3023415e-06
5306,test,0,0.00013857395
9279,test,0,0.001981016
4696,test,0,0.0008403792
4972,test,0,0.0023970422
5513,test,0,8.82486e-06
4797,test,0,9.315081e-06
1115,test,0,7.983097e-06
1993,test,0,2.6638798e-05
924,test,0,8.723823e-06
10599,test,0,4.645537e-06
935,test,0,9.871529e-06
10589,test,0,4.7562684e-05
5512,test,0,4.9469554e-06
6376,test,0,1.0801735e-05
8269,test,0,1.1589171e-05
10946,test,0,1.2745555e-05
6512,test,0,0.001471344
8473,test,0,0.0055598128
8389,test,0,9.315072e-06
6445,test,0,0.0014377198
7534,test,0,0.0015342742
2775,test,0,1.5052052e-05
6669,test,0,2.9200173e-05
10833,test,0,6.6800253e-06
10241,test,0,0.0013123797
9369,test,0,2.6873604e-05
10012,test,0,1.9439669e-05
6380,test,0,0.0003799482
6683,test,0,1.1082769e-05
382,test,0,0.00024397006
3103,test,0,1.0186042e-05
490,test,0,8.39852e-06
6023,test,0,4.85096e-05
5749,test,0,8.9031426e-05
2386,test,0,0.00052693894
878,test,0,0.002349214
8465,test,0,1.0801737e-05
2769,test,0,0.0011623261
6914,test,0,1.2040685e-05
10923,test,0,0.00042073245
6178,test,0,0.00039791845
917,test,0,0.00029054825
3642,test,0,3.8869775e-06
4526,test,0,0.00014715538
2449,test,0,9.648523e-06
9134,test,0,6.1344554e-06
8394,test,0,7.669673e-06
8404,test,0,3.9042498e-06
9386,test,0,3.9042516e-06
7824,test,0,0.00020080688
2258,test,0,3.717818e-05
2654,test,0,1.1318673e-05
10804,test,0,8.600073e-06
6124,test,0,0.00047385716
9777,test,0,8.094049e-06
6513,test,0,0.00047813385
3937,test,0,0.0003799482
885,test,0,5.2862574e-06
10238,test,0,5.599622e-06
1112,test,0,7.2991525e-06
304,test,0,0.00024079096
7334,test,0,4.6575537e-06
7592,test,0,0.0001924417
7228,test,0,6.6627836e-06
3367,test,0,0.0012071853
6938,test,0,0.0005501688
3084,test,0,0.00039062905
10753,test,0,2.640115e-05
1038,test,0,7.147761e-06
1249,test,0,4.6455384e-06
10807,test,0,8.6519285e-06
3041,test,0,0.0004258244
8813,test,0,0.0004258244
1036,test,0,1.3740798e-05
2772,test,0,0.0003799482
9783,test,0,0.0005174043
3628,test,0,4.645537e-06
6014,test,0,6.9243283e-06
1092,test,0,6.9243283e-06
6339,test,0,8.002766e-06
3757,test,0,3.033038e-06
1998,test,0,3.904254e-06
5352,test,0,3.9042525e-06
8470,test,0,2.7231383e-05
7490,test,0,2.9163135e-05
2675,test,0,3.904254e-06
2193,test,0,0.00014393368
10773,test,0,1.1834735e-05
3684,test,0,2.9931643e-06
11058,test,0,2.8534625e-05
7098,test,0,3.90426e-06
3926,test,0,3.369496e-05
6452,test,0,7.061698e-06
6004,test,0,4.683286e-06
1117,test,0,3.904251e-06
4808,test,0,0.00029054825
6096,test,0,3.9042525e-06
9389,test,0,5.966754e-06
5744,test,0,7.7842205e-06
938,test,0,7.7842205e-06
1088,test,0,3.9042593e-06
4542,test,0,9.791396e-06
8807,test,0,1.2391688e-05
10823,test,0,0.00029054825
8409,test,0,3.904249e-06
9569,test,0,3.90425e-06
702,test,0,3.1105376e-06
6214,test,0,9.175529e-06
5064,test,0,6.1344413e-06
4698,test,0,1.8102175e-05
4105,test,0,0.00022090736
11006,test,0,0.0003656416
10771,test,0,6.8906105e-05
4469,test,0,3.9042616e-06
7351,test,0,3.904251e-06
8493,test,0,1.65892e-05
8811,test,0,6.680053e-06
4821,test,0,4.645542e-06
4591,test,0,0.00044021456
6506,test,0,0.00018137615
7346,test,0,4.6455434e-06
8245,test,0,3.904251e-06
3564,test,0,0.0004715392
6670,test,0,6.0767634e-06
9589,test,0,0.00018412895
9139,test,0,3.90425e-06
9331,test,0,4.1268388e-05
1757,test,0,7.135058e-06
430,test,0,7.046929e-06
9383,test,0,3.9494735e-06
3936,test,0,3.9042543e-06
8279,test,0,0.00055844634
423,test,0,7.046932e-06
484,test,0,3.9722117e-06
493,test,0,7.1285463e-06
2645,test,0,8.963157e-05
5492,test,0,5.4789666e-06
5099,test,0,4.699345e-06
1257,test,0,5.5724727e-06
8239,test,0,4.624983e-06
7819,test,0,3.4666077e-06
931,test,0,9.564035e-06
10232,test,0,6.079711e-06
6465,test,0,4.124937e-06
3927,test,0,3.9494826e-06
9766,test,0,9.454494e-06
6117,test,0,9.199209e-06
6331,test,0,3.90425e-06
1565,test,0,3.9494685e-06
4581,test,0,3.9494685e-06
1568,test,0,4.3010077e-05
6530,test,0,3.949471e-06
3644,test,0,5.966735e-06
1742,test,0,0.00029054825
11004,test,0,0.0001472106
4123,test,0,3.9824768e-06
5083,test,0,9.823652e-06
4822,test,0,3.904251e-06
11014,test,0,5.5996384e-06
4588,test,0,5.5996384e-06
4238,test,0,3.9042607e-06
6105,test,0,3.9042498e-06
7661,test,0,5.2336736e-06
1678,test,0,6.399376e-06
2934,test,0,5.711849e-06
6351,test,0,4.6455325e-06
8460,test,0,5.697068e-06
4443,test,0,0.0005932147
7283,test,0,0.00047813385
10236,test,0,9.454499e-06
6335,test,0,3.9042584e-06
1540,test,0,3.9143624e-06
797,test,0,4.8773372e-06
1417,test,0,8.104313e-06
6321,test,0,0.0003945712
1728,test,0,3.904254e-06
789,test,0,5.4894983e-05
10472,test,0,3.904251e-06
3574,test,0,6.2054914e-06
4097,test,0,6.2054914e-06
806,test,0,6.6628263e-06
10011,test,0,0.00078638154
8794,test,0,9.384101e-05
803,test,0,6.748606e-06
5688,test,0,0.0005756368
8494,test,0,3.0696353e-06
1873,test,0,0.00014188417
4786,test,0,1.9819718e-05
894,test,0,1.8937397e-05
10588,test,0,0.0022187121
7588,test,0,1.9592786e-05
2227,test,0,3.1662672e-05
5067,test,0,1.9648742e-05
4806,test,0,1.9312745e-05
10733,test,0,0.0013232684
6667,test,0,3.9042498e-06
2283,test,0,0.00041159047
6202,test,0,3.90425e-06
9755,test,0,0.00078638154
9568,test,0,6.133352e-05
930,test,0,3.9042525e-06
10337,test,0,0.00018137615
7538,test,0,1.1297261e-05
6682,test,0,4.002096e-06
2659,test,0,4.002096e-06
1050,test,0,1.9592744e-05
8258,test,0,6.007183e-06
434,test,0,0.003173221
10591,test,0,0.003045919
5073,test,0,1.9561094e-05
8270,test,0,0.0007486763
8467,test,0,2.7698694e-05
512,test,0,2.7698694e-05
4585,test,0,6.0994393e-05
1251,test,0,1.9580453e-05
6935,test,0,1.9356285e-05
4104,test,0,2.9371045e-05
5089,test,0,1.931278e-05
4697,test,0,2.4274921e-05
1158,test,0,0.0038256885
8912,test,0,3.904251e-06
10931,test,0,0.00032239713
1151,test,0,5.5996484e-06
10219,test,0,2.5224874e-05
7445,test,0,0.00018137615
927,test,0,6.3084095e-05
1961,test,0,0.0012810037
6181,test,0,9.173031e-06
7331,test,0,6.007188e-06
5062,test,0,1.9312685e-05
6635,test,0,1.9536414e-05
7240,test,0,1.9536414e-05
7237,test,0,1.4758058e-05
928,test,0,3.5824298e-05
10601,test,0,0.054565664
903,test,0,3.6076002e-05
2762,test,0,1.9580451e-05
4589,test,0,0.005325684
4809,test,0,3.4867182e-05
6157,test,0,1.4033067e-05
3639,test,0,1.931285e-05
8867,test,0,7.071003e-05
8915,test,0,0.010554649
8909,test,0,9.588779e-06
10741,test,0,2.4275023e-05
6352,test,0,4.7193e-05
5135,test,0,0.0029750457
53,test,0,0.0012601764
4162,test,0,6.531794e-05
8276,test,0,3.90425e-06
2936,test,0,8.979956e-06
4599,test,0,7.153164e-05
3026,test,0,0.0030850652
6154,test,0,0.0001508367
4759,test,0,0.0023294778
6520,test,0,0.00021871117
1084,test,0,1.4758034e-05
6186,test,0,2.601937e-05
4770,test,0,0.0032706147
9132,test,0,5.09658e-05
3055,test,0,4.3473698e-05
10345,test,0,0.0002493129
5059,test,0,1.4758008e-05
7525,test,0,0.00026162906
2673,test,0,1.4929007e-05
10147,test,0,0.00029054825
4523,test,0,0.004045539
764,test,0,4.780659e-05
4110,test,0,1.9536414e-05
1891,test,0,2.4883317e-05
4004,test,0,2.4883317e-05
10723,test,0,2.4697443e-05
1882,test,0,0.00027343832
4239,test,0,3.0769123e-05
3930,test,0,4.0130184e-05
317,test,0,2.4274917e-05
10940,test,0,0.007643454
8386,test,0,0.0022701425
1046,test,0,2.9581135e-05
2943,test,0,1.308169e-05
9330,test,0,1.2441277e-05
3929,test,0,1.0491054e-05
906,test,0,1.1211058e-05
8901,test,0,0.001964604
3562,test,0,2.2502452e-05
7099,test,0,1.7133423e-05
3935,test,0,2.443581e-05
5952,test,0,1.12110665e-05
6909,test,0,0.0001798689
8097,test,0,2.9427127e-05
6566,test,0,1.1211089e-05
6487,test,0,1.121105e-05
10401,test,0,0.0016037084
10765,test,0,1.14062e-05
7360,test,0,0.0015341862
4592,test,0,0.0030434479
5445,test,0,1.2441262e-05
4796,test,0,2.1307997e-05
2667,test,0,3.9042498e-06
2840,test,0,0.00016527709
8275,test,0,0.0012359471
4236,test,0,1.7087132e-05
9149,test,0,0.009534069
6179,test,0,2.265866e-05
4874,test,0,1.5253176e-05
5737,test,0,0.00015227745
7333,test,0,0.0019227294
4769,test,0,1.04910605e-05
1761,test,0,1.0491074e-05
7540,test,0,3.2448377e-05
1836,test,0,1.4033052e-05
2653,test,0,3.3373733e-05
6525,test,0,8.044225e-06
3924,test,0,2.8190434e-05
9154,test,0,1.1211062e-05
4114,test,0,2.5997699e-05
2926,test,0,0.00080733193
6464,test,0,7.952104e-06
8913,test,0,7.952108e-06
3083,test,0,4.275e-05
2469,test,0,1.18039015e-05
4795,test,0,1.2152871e-05
3629,test,0,2.4085279e-05
1252,test,0,1.750784e-05
9260,test,0,1.6254668e-05
5434,test,0,7.952092e-06
3436,test,0,2.2640677e-05
4555,test,0,0.00059711974
10036,test,0,1.4987358e-05
2720,test,0,1.3691835e-05
9131,test,0,0.0009609883
9361,test,0,8.172473e-06
6690,test,0,1.1130783e-05
9263,test,0,5.593752e-05
10938,test,0,1.1642155e-05
1105,test,0,1.2316577e-05
11057,test,0,1.1211062e-05
7487,test,0,1.403305e-05
4451,test,0,0.00032437145
4977,test,0,4.6870522e-05
2705,test,0,0.0012306689
2253,test,0,1.858281e-05
3085,test,0,7.952099e-06
9137,test,0,1.0612547e-05
8613,test,0,1.3445339e-05
10592,test,0,2.2790968e-05
6527,test,0,1.2033691e-05
315,test,0,6.5940953e-06
10757,test,0,6.5940953e-06
1270,test,0,6.6704774e-06
421,test,0,1.0077515e-05
2949,test,0,6.5940953e-06
4701,test,0,1.0520102e-05
4785,test,0,0.0007430052
7330,test,0,6.6704774e-06
10850,test,0,6.6597854e-06
10585,test,0,0.003438229
6442,test,0,1.7314214e-05
10736,test,0,0.008544054
4829,test,0,6.397713e-05
8664,test,0,9.272025e-06
3640,test,0,6.659794e-06
7743,test,0,6.6770167e-06
10463,test,0,9.481965e-06
4540,test,0,0.0002625414
7827,test,0,1.476992e-05
8503,test,0,1.4016759e-05
3928,test,0,5.3124927e-06
6455,test,0,0.0001951901
9339,test,0,1.2019586e-05
10465,test,0,0.0036396757
8897,test,0,9.5516525e-06
2387,test,0,1.3866958e-05
10317,test,0,0.0008410578
4828,test,0,6.6597922e-06
1734,test,0,8.598291e-06
9268,test,0,2.0226755e-05
1749,test,0,1.3418941e-05
7728,test,0,0.0013621689
757,test,0,8.7293465e-06
787,test,0,7.0513015e-06
3024,test,0,6.670465e-06
6169,test,0,1.9398003e-05
8388,test,0,1.6530466e-05
4988,test,0,9.356971e-05
7182,test,0,8.38329e-06
1951,test,0,0.0013023762
4766,test,0,5.3124745e-06
9146,test,0,1.010559e-05
10237,test,0,6.7369224e-06
7094,test,0,1.4041831e-05
7348,test,0,7.0513174e-06
8827,test,0,6.594104e-06
4527,test,0,0.00073091476
2717,test,0,1.1961183e-05
1132,test,0,9.55168e-06
1143,test,0,9.55168e-06
7736,test,0,6.659805e-06
4445,test,0,1.3651392e-05
4008,test,0,6.6597763e-06
9765,test,0,5.022721e-05
1265,test,0,0.0013309314
5354,test,0,2.408874e-05
4024,test,0,6.5940985e-06
2682,test,0,1.0426841e-05
424,test,0,7.316102e-06
10220,test,0,7.4008235e-06
300,test,0,6.670481e-06
2260,test,0,1.0493005e-05
4695,test,0,1.0493005e-05
1101,test,0,2.0399772e-05
5751,test,0,9.481956e-06
2832,test,0,0.0008527315
486,test,0,5.146376e-05
929,test,0,8.320906e-06
7590,test,0,7.051299e-06
3698,test,0,0.00078634894
8267,test,0,6.916223e-06
6213,test,0,6.6597995e-06
5096,test,0,1.9162191e-05
2763,test,0,9.646967e-06
1831,test,0,0.0013309314
6921,test,0,6.8266545e-06
296,test,0,0.00084941986
6185,test,0,1.43438265e-05
5065,test,0,1.000593e-05
6330,test,0,0.0008035357
7070,test,0,6.793215e-06
10314,test,0,0.0017062546
1752,test,0,1.2228096e-05
7810,test,0,8.845645e-06
899,test,0,0.0006389265
9377,test,0,8.118839e-06
3633,test,0,5.3124772e-06
6379,test,0,2.0488565e-05
6930,test,0,5.312495e-06
6561,test,0,5.374002e-06
2931,test,0,0.0006389265
9138,test,0,5.374008e-06
10745,test,0,1.2701052e-05
1100,test,0,6.966791e-06
11053,test,0,5.6582217e-06
6109,test,0,7.751934e-06
5526,test,0,7.639054e-06
1886,test,0,1.7769411e-05
2002,test,0,5.4049387e-06
4006,test,0,5.3124795e-06
8505,test,0,0.0014609508
7347,test,0,0.004446428
6206,test,0,1.22280835e-05
6378,test,0,5.3124845e-06
1127,test,0,8.316663e-06
10809,test,0,5.3262343e-06
1730,test,0,5.4049383e-06
9737,test,0,0.013161758
755,test,0,0.0017543612
4593,test,0,5.3124822e-06
10852,test,0,6.0801217e-06
306,test,0,5.3124904e-06
6221,test,0,6.8674626e-06
1109,test,0,1.6582419e-05
309,test,0,1.1632354e-05
4536,test,0,1.1632354e-05
8405,test,0,5.612752e-06
3654,test,0,3.6101384e-05
481,test,0,5.3124822e-06
7235,test,0,5.3124822e-06
483,test,0,5.374007e-06
1139,test,0,0.001838016
1988,test,0,5.3124795e-06
10941,test,0,5.612752e-06
9391,test,0,7.517122e-06
10738,test,0,2.0194244e-05
2664,test,0,2.0194244e-05
5673,test,0,7.772027e-06
10405,test,0,1.9884657e-05
7596,test,0,0.0006389265
4682,test,0,0.0010848297
6151,test,0,0.00045279317
6022,test,0,2.577439e-05
9781,test,0,5.374005e-06
2567,test,0,7.6193255e-06
5101,test,0,7.6193255e-06
7073,test,0,0.0004888623
8121,test,0,0.0006533072
6320,test,0,5.312472e-06
10197,test,0,0.0010015784
1439,test,0,0.0009626148
7195,test,0,1.1552955e-05
4885,test,0,0.00043269564
7388,test,0,5.4654436e-05
7354,test,0,7.1467302e-06
4761,test,0,2.0194246e-05
6003,test,0,0.00043269564
4112,test,0,9.630518e-05
4982,test,0,9.630518e-05
3573,test,0,5.3740046e-06
3653,test,0,2.761587e-05
1835,test,0,0.0006533072
7483,test,0,0.0016099225
7589,test,0,1.27009835e-05
4771,test,0,1.2058984e-05
2389,test,0,0.00052447105
495,test,0,0.0006389265
4974,test,0,0.0035969643
6508,test,0,0.0010349378
8236,test,0,1.0926493e-05
5437,test,0,1.1605874e-05
6563,test,0,5.5170367e-06
10462,test,0,5.5631563e-06
10845,test,0,5.212705e-05
1149,test,0,5.374035e-06
10315,test,0,0.00058065716
4987,test,0,0.0014609508
4683,test,0,7.63903e-06
7081,test,0,0.0010012336
8906,test,0,1.6854281e-05
9351,test,0,0.0006389265
8272,test,0,0.00094787765
10761,test,0,2.2761375e-05
1992,test,0,1.1156321e-05
9150,test,0,7.933141e-06
3038,test,0,7.246083e-06
9362,test,0,2.6411826e-05
8243,test,0,1.817167e-05
4029,test,0,3.6101905e-05
10729,test,0,0.00014829519
801,test,0,5.3124822e-06
7584,test,0,5.3124795e-06
6336,test,0,0.00010607126
7046,test,0,0.00014608099
9434,test,0,5.374568e-05
1106,test,0,1.1156243e-05
3034,test,0,1.5475189e-05
1691,test,0,0.0008428961
2848,test,0,0.0011022483
5955,test,0,0.0019566764
2644,test,0,0.0010120901
3948,test,0,1.1998199e-05
8833,test,0,0.005702834
1755,test,0,0.0016624267
9778,test,0,0.0016274862
2835,test,0,0.0011312832
8512,test,0,1.5246036e-05
4681,test,0,1.1998162e-05
1104,test,0,1.5623327e-05
1554,test,0,1.8655328e-05
8264,test,0,0.0016643399
425,test,0,0.0016274862
5061,test,0,1.1867922e-05
5435,test,0,0.0006019814
8401,test,0,0.00026289842
1160,test,0,1.5402604e-05
5827,test,0,8.279651e-05
10926,test,0,8.279651e-05
5750,test,0,1.5580976e-05
3446,test,0,0.0016274862
900,test,0,2.755099e-05
6536,test,0,5.2977455e-05
3685,test,0,2.8260962e-05
7042,test,0,0.0014175331
6156,test,0,4.687561e-05
923,test,0,2.7187583e-05
4811,test,0,0.0027126241
5310,test,0,0.0011649103
7571,test,0,0.0018622057
2771,test,0,1.8832217e-05
9253,test,0,1.3368064e-05
7122,test,0,2.1748574e-05
8406,test,0,1.8616505e-05
1727,test,0,2.8656837e-05
4442,test,0,0.0036755297
10146,test,0,0.0011996523
5348,test,0,1.0607621e-05
5490,test,0,2.4637695e-05
701,test,0,4.2830772e-05
10759,test,0,4.9302173e-05
11048,test,0,1.294947e-05
891,test,0,1.8722041e-05
2001,test,0,1.32940895e-05
3075,test,0,9.721912e-06
9246,test,0,5.6640187e-05
6175,test,0,1.3578349e-05
3057,test,0,1.33681e-05
2089,test,0,9.819808e-06
2391,test,0,0.0007537197
9518,test,0,3.3755805e-05
6098,test,0,1.081493e-05
295,test,0,2.567904e-05
5532,test,0,8.828236e-06
7517,test,0,0.00044363737
4152,test,0,1.29430255e-05
7238,test,0,0.00035297062
1137,test,0,0.00035297062
4098,test,0,0.00029135458
7585,test,0,0.001158071
6638,test,0,1.1461066e-05
7475,test,0,0.0017755309
5679,test,0,2.2038243e-05
7489,test,0,0.000109198416
8471,test,0,1.3057669e-05
10309,test,0,1.2924933e-05
9384,test,0,0.00010485037
8819,test,0,0.0059488835
10312,test,0,2.865655e-05
5522,test,0,6.3946136e-05
4706,test,0,8.7133885e-06
8900,test,0,4.9728438e-05
1768,test,0,3.2539974e-05
4020,test,0,0.0043004435
759,test,0,1.871369e-05
921,test,0,1.1664946e-05
6458,test,0,8.404015e-06
1089,test,0,0.0010388978
9579,test,0,1.6076641e-05
5347,test,0,6.238206e-05
4015,test,0,2.6268766e-05
10848,test,0,4.7007437e-05
4444,test,0,0.0031689655
8802,test,0,0.00018959235
1753,test,0,0.0033019239
6377,test,0,0.0031526976
2188,test,0,0.0007886965
8480,test,0,2.6475036e-05
1833,test,0,6.3703e-05
10158,test,0,0.00018882978
4108,test,0,2.4043511e-05
10815,test,0,0.0015304722
3688,test,0,1.10248375e-05
7731,test,0,0.0001549709
3368,test,0,0.007270625
2937,test,0,6.838057e-05
4402,test,0,0.0015483412
6531,test,0,0.0068842345
3067,test,0,0.0006339761
7025,test,0,0.00014482961
6694,test,0,0.004484155
1739,test,0,1.7894636e-05
10749,test,0,1.2924952e-05
8508,test,0,1.1950523e-05
8683,test,0,0.0025595059
3909,test,0,0.00010578636
5820,test,0,1.0815948e-05
3947,test,0,2.164175e-05
2868,test,0,8.3101195e-06
7732,test,0,0.009119697
10595,test,0,0.007890661
9762,test,0,0.0034422886
10224,test,0,0.00010372827
8103,test,0,1.08544755e-05
4436,test,0,0.0012684078
8670,test,0,8.712166e-06
4790,test,0,8.713372e-06
4819,test,0,1.5402553e-05
2652,test,0,6.634303e-05
3950,test,0,0.0021357278
8825,test,0,1.3351643e-05
7835,test,0,0.0012196851
8403,test,0,1.5402567e-05
3650,test,0,1.3172524e-05
7029,test,0,5.304088e-05
3908,test,0,3.3320764e-05
6097,test,0,0.0057887416
10744,test,0,0.00032622335
2932,test,0,1.5402615e-05
3070,test,0,1.3887551e-05
2650,test,0,3.40515e-05
6685,test,0,1.803241e-05
9382,test,0,0.007478966
6919,test,0,0.0006787154
1442,test,0,0.00015591523
7548,test,0,1.2620552e-05
10846,test,0,0.0027598413
3035,test,0,0.003859668
2577,test,0,8.828243e-06
9258,test,0,2.1710157e-05
7184,test,0,1.1485462e-05
10803,test,0,2.4043517e-05
10842,test,0,0.00054652826
3901,test,0,0.00054652826
10838,test,0,6.492882e-05
8795,test,0,0.0025920398
4016,test,0,0.0028546099
2839,test,0,1.3436741e-05
9277,test,0,4.1423584e-05
2578,test,0,3.7077854e-05
7822,test,0,1.16054725e-05
6543,test,0,4.5953064e-05
2672,test,0,2.0856352e-05
1049,test,0,8.713381e-06
10943,test,0,0.00096681726
2707,test,0,9.816972e-06
8622,test,0,9.319123e-05
8363,test,0,0.00055002765
7188,test,0,1.2201556e-05
2249,test,0,4.353032e-05
3094,test,0,0.0001837376
5082,test,0,0.0009747138
5058,test,0,1.4398029e-05
1772,test,0,1.7894678e-05
9388,test,0,2.8166553e-05
5137,test,0,4.058776e-05
7730,test,0,0.0001466927
2472,test,0,9.241599e-06
3444,test,0,8.713374e-06
2677,test,0,1.3074713e-05
2580,test,0,0.0008700949
8123,test,0,1.6374466e-05
7572,test,0,0.018186327
5525,test,0,0.0025795314
1839,test,0,0.0033182483
9364,test,0,2.6827778e-05
2841,test,0,0.00085616467
5743,test,0,0.0001514577
5937,test,0,0.015308252
7591,test,0,2.8396471e-05
756,test,0,1.44600235e-05
1125,test,0,0.0022179042
889,test,0,0.0026593534
6345,test,0,1.29249975e-05
6537,test,0,0.012052042
2651,test,0,3.0458652e-05
1966,test,0,1.3904722e-05
7669,test,0,2.1654167e-05
754,test,0,1.4447017e-05
7357,test,0,1.627183e-05
1954,test,0,1.5391171e-05
7340,test,0,2.0882844e-05
7587,test,0,2.6989108e-05
6666,test,0,8.298839e-06
1153,test,0,1.7085944e-05
6503,test,0,0.00022391534
4678,test,0,0.0060605286
7481,test,0,1.0375378e-05
6383,test,0,9.178017e-06
9772,test,0,0.00084746606
1124,test,0,0.0015192776
1035,test,0,1.889135e-05
432,test,0,8.34261e-06
5529,test,0,1.4899517e-05
10835,test,0,0.0027915922
10300,test,0,1.371875e-05
5954,test,0,7.642085e-06
5499,test,0,4.903643e-06
8902,test,0,0.0014529612
3066,test,0,1.5364005e-05
7832,test,0,0.00031225587
5496,test,0,0.0005840082
2464,test,0,0.0005527731
6499,test,0,0.0005527731
7028,test,0,0.00020684462
2473,test,0,1.1227947e-05
8260,test,0,9.845752e-06
11005,test,0,9.845752e-06
788,test,0,1.3446093e-05
4415,test,0,0.00022097846
8107,test,0,0.00029015754
795,test,0,3.0226462e-05
7386,test,0,4.9559072e-05
11011,test,0,0.00025770644
3106,test,0,0.00019597543
10170,test,0,0.00012975682
5129,test,0,0.00012975682
4475,test,0,2.202585e-05
10999,test,0,0.00016971571
308,test,0,1.8672914e-05
712,test,0,1.8672914e-05
6200,test,0,3.5224806e-05
1140,test,0,3.5224806e-05
7741,test,0,8.39255e-05
3888,test,0,0.00010614339
9433,test,0,8.223568e-05
7071,test,0,1.230935e-05
1448,test,0,1.8646226e-05
2564,test,0,0.0001072497
10772,test,0,0.00015467017
3365,test,0,0.00010638901
6017,test,0,0.00014882105
9528,test,0,0.00015091071
2211,test,0,0.00015091071
893,test,0,0.00018274566
5457,test,0,8.47036e-06
6466,test,0,2.1471702e-05
10200,test,0,2.1471702e-05
6266,test,0,0.00010680832
1128,test,0,1.2668902e-05
4691,test,0,1.2668902e-05
10043,test,0,3.6849797e-05
6160,test,0,0.0014824137
8257,test,0,4.4147735e-05
10478,test,0,0.00012652464
805,test,0,0.0005593559
8479,test,0,4.3034215e-05
1048,test,0,0.0006609084
426,test,0,0.0012062361
3017,test,0,0.0019048384
4775,test,0,7.707803e-05
8801,test,0,1.8358234e-05
6907,test,0,0.00036870613
7047,test,0,0.00057685794
7658,test,0,1.7186188e-05
10214,test,0,0.0005193094
8487,test,0,0.00012458331
8355,test,0,3.2372984e-06
5427,test,0,3.2372984e-06
384,test,0,0.00017653996
4094,test,0,6.0342354e-05
381,test,0,2.3676996e-05
7389,test,0,0.00017653996
8244,test,0,2.3817602e-05
9512,test,0,2.3817602e-05
1889,test,0,4.8781403e-05
5828,test,0,0.00013192523
4027,test,0,0.00015389668
2088,test,0,1.792637e-05
2078,test,0,5.4857854e-05
7186,test,0,5.4857854e-05
7189,test,0,9.176435e-06
902,test,0,1.2286929e-05
5819,test,0,8.6112395e-06
5507,test,0,8.457159e-06
11003,test,0,0.0003429458
10005,test,0,0.00045741565
4553,test,0,0.00031240203
513,test,0,0.00012101895
1887,test,0,1.7363289e-05
8864,test,0,0.0011441051
9571,test,0,0.001921964
6348,test,0,2.8522478e-05
8854,test,0,9.868367e-05
10764,test,0,0.0027682441
767,test,0,6.244587e-05
2003,test,0,1.7378467e-05
1547,test,0,3.2320626e-05
10826,test,0,1.0484012e-05
2451,test,0,0.00010647112
5070,test,0,2.2079706e-05
796,test,0,2.2940498e-05
3447,test,0,2.0023783e-05
4107,test,0,2.0270361e-05
5515,test,0,4.8898364e-05
6355,test,0,8.420544e-05
2704,test,0,0.00011137854
8398,test,0,0.00043810357
6099,test,0,1.0257083e-05
1268,test,0,4.5047756e-05
7290,test,0,0.00034956494
9249,test,0,1.9060193e-05
8673,test,0,3.2001477e-05
4011,test,0,0.00055464875
4779,test,0,1.4680406e-05
520,test,0,1.243979e-05
5430,test,0,5.2896616e-05
6196,test,0,1.9779833e-05
1991,test,0,0.0006267572
6459,test,0,2.2701252e-05
1456,test,0,0.0005521167
3651,test,0,3.821652e-05
7828,test,0,8.249922e-05
9485,test,0,3.363966e-05
1735,test,0,0.0012619252
6500,test,0,6.862679e-05
4979,test,0,9.6657364e-05
10817,test,0,1.700581e-05
9328,test,0,2.1477857e-05
2470,test,0,0.00024046005
8746,test,0,4.3768192e-05
1890,test,0,2.4242498e-05
9745,test,0,4.717665e-05
1042,test,0,0.00035845718
8809,test,0,0.00010109118
302,test,0,1.3697609e-05
8658,test,0,0.0006897496
9551,test,0,0.00018882047
5671,test,0,3.6260994e-05
8869,test,0,0.00073263905
6322,test,0,3.7843463e-05
9347,test,0,0.0012034463
6470,test,0,0.0006897496
7230,test,0,8.231957e-05
3366,test,0,5.2121104e-05
2200,test,0,2.5339588e-05
6324,test,0,5.3376833e-05
8858,test,0,0.00013361816
1762,test,0,1.787643e-05
8475,test,0,0.00035012778
2467,test,0,0.00012478013
5824,test,0,0.00043553216
322,test,0,0.00032391568
5132,test,0,3.1682477e-05
8621,test,0,2.0461432e-05
8108,test,0,0.0004821829
7521,test,0,1.482987e-05
8606,test,0,1.88653e-05
1162,test,0,1.88653e-05
3370,test,0,0.00020297409
4422,test,0,2.0181087e-05
6349,test,0,0.0001989481
3114,test,0,1.0258939e-05
1877,test,0,1.9259245e-05
9780,test,0,2.276407e-05
9746,test,0,2.8325712e-05
809,test,0,1.8677036e-05
5536,test,0,2.462594e-05
9514,test,0,0.0006127484
4973,test,0,0.0002685099
4398,test,0,0.00015215378
10768,test,0,1.3823759e-05
2925,test,0,1.4007918e-05
10037,test,0,1.3655572e-05
10722,test,0,1.3655572e-05
10306,test,0,1.3200947e-05
10155,test,0,0.000100598096
3374,test,0,2.7021477e-05
9143,test,0,1.3200919e-05
5448,test,0,0.0003615761
1085,test,0,0.00046506795
9564,test,0,3.8683713e-05
6340,test,0,1.3200902e-05
6112,test,0,0.00011600224
2212,test,0,6.408873e-05
7344,test,0,1.3823769e-05
9588,test,0,1.3465365e-05
881,test,0,1.9862173e-05
3082,test,0,1.9862173e-05
10234,test,0,2.7796164e-05
6565,test,0,2.0106889e-05
1745,test,0,0.0012448574
9266,test,0,1.3823785e-05
3113,test,0,1.3823793e-05
9375,test,0,1.3200943e-05
8617,test,0,1.3311389e-05
3563,test,0,1.3655591e-05
6002,test,0,0.00044171655
6937,test,0,1.3823761e-05
9486,test,0,1.5109926e-05
2553,test,0,4.8949496e-05
4400,test,0,0.00014049941
4468,test,0,0.00046506795
6492,test,0,0.0001780689
10841,test,0,4.7815996e-05
6089,test,0,1.4007893e-05
2581,test,0,1.4007893e-05
6920,test,0,0.00072710845
2561,test,0,2.0026226e-05
6325,test,0,0.0010597114
1875,test,0,6.80889e-05
2191,test,0,0.00013727414
10205,test,0,3.2322136e-05
3042,test,0,1.3200917e-05
8273,test,0,1.3823765e-05
3631,test,0,1.3655607e-05
6934,test,0,2.5620031e-05
4826,test,0,1.3784321e-05
7580,test,0,0.00046506795
898,test,0,2.0995512e-05
6915,test,0,1.6495409e-05
3912,test,0,1.9554143e-05
301,test,0,1.3784342e-05
8098,test,0,2.898503e-05
4014,test,0,2.099547e-05
1253,test,0,1.4060495e-05
8832,test,0,1.4434727e-05
10240,test,0,0.0004856116
6211,test,0,0.00046506795
10009,test,0,0.0001567335
6495,test,0,0.0005344282
8736,test,0,7.565963e-05
10853,test,0,0.00046506795
5440,test,0,1.7224429e-05
1040,test,0,0.0013187189
525,test,0,0.000119178265
8241,test,0,2.0995498e-05
2714,test,0,0.00012677166
3566,test,0,0.0004612292
3054,test,0,0.00014670803
3053,test,0,9.840413e-06
9573,test,0,1.3784321e-05
8368,test,0,0.0004612292
10239,test,0,7.588364e-05
8680,test,0,0.00028219307
3933,test,0,1.3784366e-05
6329,test,0,2.6335983e-05
9336,test,0,1.3784314e-05
5350,test,0,1.3784362e-05
4975,test,0,6.713668e-06
1129,test,0,0.00094449386
10933,test,0,1.3784327e-05
9374,test,0,2.2239654e-05
1783,test,0,0.0001567335
7124,test,0,3.09387e-05
9770,test,0,4.156387e-05
2074,test,0,2.2881592e-05
373,test,0,2.4443543e-05
7078,test,0,1.44347005e-05
1723,test,0,0.00016801558
4813,test,0,6.6585824e-05
8614,test,0,7.109799e-05
4802,test,0,2.0995496e-05
4890,test,0,2.0995496e-05
6193,test,0,1.3784339e-05
5739,test,0,0.00031814195
4580,test,0,1.3784339e-05
1960,test,0,4.4093387e-05
9771,test,0,0.0038177753
6094,test,1,0.038740266
1778,test,0,0.038740266
4787,test,0,1.3784357e-05
10818,test,0,1.3784327e-05
3749,test,0,0.0029071516
2757,test,0,6.900747e-05
8507,test,0,0.004200115
8496,test,0,0.0007482756
807,test,0,5.803792e-05
7345,test,0,4.3594424e-05
7546,test,0,0.0005281602
6538,test,0,6.658594e-05
7284,test,0,8.1546656e-05
1999,test,0,0.00015013081
4544,test,0,0.00048013628
9255,test,0,0.0006710723
1451,test,0,0.0017471013
2083,test,0,3.3372817e-05
10461,test,0,4.359432e-05
11009,test,0,4.359432e-05
3949,test,0,0.006181266
10049,test,0,0.0004461138
4768,test,0,5.9130467e-05
8821,test,0,0.00017765127
5458,test,0,0.00028110217
10726,test,0,2.8738848e-05
2837,test,0,2.8738848e-05
1764,test,0,4.163026e-05
1118,test,0,0.00042543188
11056,test,0,4.1630126e-05
6484,test,0,4.1630174e-05
10779,test,0,5.9448023e-05
5953,test,0,4.064113e-05
6553,test,0,0.0031265365
4125,test,0,0.0023365181
9337,test,0,0.00015611334
6560,test,0,0.00013493442
485,test,0,0.0027713377
10763,test,0,4.1630145e-05
7474,test,0,4.0641036e-05
9393,test,0,0.020525409
3020,test,0,0.0023365181
3751,test,0,4.095927e-05
5958,test,0,4.0746145e-05
4113,test,0,4.1378556e-05
4237,test,0,5.772578e-05
4597,test,0,4.0641033e-05
1771,test,0,4.2589956e-05
3110,test,0,4.163017e-05
9757,test,0,4.27e-05
5514,test,0,4.0776005e-05
6905,test,0,3.791009e-05
6673,test,0,3.7910006e-05
10396,test,0,2.838169e-05
10728,test,0,0.002672733
4801,test,0,6.5611144e-05
3503,test,0,0.0003935235
1098,test,0,2.7239725e-05
940,test,0,0.0010719915
5056,test,0,3.8376944e-05
8826,test,0,3.837694e-05
2851,test,0,0.00010151855
785,test,0,2.5665651e-05
1091,test,0,2.852503e-05
1150,test,0,3.7910155e-05
1164,test,0,0.0020855062
11008,test,0,0.00019103658
4676,test,0,3.8376944e-05
8263,test,0,3.8376944e-05
3033,test,0,2.8178078e-05
10600,test,0,3.9044913e-05
10719,test,0,0.0029726007
2842,test,0,0.004910681
1963,test,0,0.0012336615
5060,test,0,0.0027747292
10162,test,0,5.1925184e-05
6346,test,0,0.0015102267
11050,test,0,2.5350559e-05
6555,test,0,1.7401131e-05
7337,test,0,2.6873562e-05
1829,test,0,2.5350548e-05
7820,test,0,2.3364182e-05
3099,test,0,2.3364182e-05
1266,test,0,2.6873588e-05
7327,test,0,2.6109368e-05
1834,test,0,7.068469e-05
2465,test,0,2.532129e-05
10734,test,0,2.5662695e-05
8823,test,0,2.5350484e-05
10594,test,0,3.6545694e-05
10782,test,0,0.002630559
9380,test,0,1.7401133e-05
2766,test,0,0.0015102267
6486,test,0,0.0019133184
3944,test,0,2.5111141e-05
1827,test,0,2.6295975e-05
8637,test,0,0.0019913905
8903,test,0,1.7830498e-05
6477,test,0,2.4325456e-05
1269,test,0,4.8214653e-05
489,test,0,0.0014778256
1263,test,0,0.0026004745
5351,test,0,2.5473231e-05
2872,test,0,6.866053e-05
8247,test,0,3.9087383e-05
6511,test,0,0.0001761428
6539,test,0,2.4325473e-05
700,test,0,0.00032203188
9593,test,0,0.0014316535
4404,test,0,3.5347504e-05
10762,test,0,2.5111272e-05
945,test,0,2.4264873e-05
6222,test,0,2.4325458e-05
3441,test,0,2.5473213e-05
2663,test,0,5.0326875e-05
10145,test,0,7.128182e-05
431,test,0,0.0028054297
6205,test,0,0.00010829953
918,test,0,3.1784573e-05
5672,test,0,0.007145533
10242,test,0,2.4325482e-05
7581,test,0,2.4748864e-05
1157,test,0,3.7216636e-05
7035,test,0,5.222257e-05
9575,test,0,1.7027103e-05
8490,test,0,0.0003782462
6000,test,0,4.3275682e-05
4120,test,0,2.4325549e-05
1121,test,0,0.00019861179
5736,test,0,2.5473148e-05
8266,test,0,6.386512e-05
1428,test,0,5.7522546e-05
4704,test,0,5.7522546e-05
10769,test,0,2.4325413e-05
4818,test,0,2.1518928e-05
6158,test,0,0.0013332166
1152,test,0,2.4748797e-05
2075,test,0,3.4692624e-05
6150,test,0,0.0011311559
314,test,0,0.0020136754
6446,test,0,0.0018722892
4679,test,0,0.0014316535
8390,test,0,0.00217955
7318,test,0,2.4325522e-05
1537,test,0,0.003227679
4018,test,0,0.0014316535
8262,test,0,2.4325413e-05
7102,test,0,4.9935847e-05
3049,test,0,3.0565454e-05
1264,test,0,2.4325398e-05
2666,test,0,3.4640812e-05
10475,test,0,0.00014689477
2938,test,0,4.5247565e-05
6490,test,0,2.4388451e-05
3918,test,0,0.004063251
1126,test,0,0.0013332166
4783,test,0,2.481282e-05
8830,test,0,6.716038e-05
6535,test,0,5.0078823e-05
4700,test,0,0.00013029137
9264,test,0,0.00018694169
1845,test,0,0.00010676751
9275,test,0,9.9000514e-05
6904,test,0,4.9949474e-05
2455,test,0,0.0006852616
9155,test,0,3.721666e-05
4788,test,0,7.094644e-05
9267,test,0,2.4748817e-05
4794,test,0,0.003948591
6192,test,0,0.0002941956
10165,test,0,3.9682753e-05
6548,test,0,3.5152974e-05
7187,test,0,0.00013936085
8246,test,0,0.00017815697
10836,test,0,5.230609e-05
6201,test,0,1.7027078e-05
8489,test,0,0.00048445308
5518,test,0,0.00050860463
8679,test,0,4.7951587e-05
10766,test,0,4.0498508e-05
323,test,0,4.0498508e-05
1751,test,0,6.9545655e-05
6104,test,0,2.3845803e-05
5079,test,0,5.4941516e-05
9768,test,0,4.9949438e-05
1271,test,0,0.0009499238
6552,test,0,0.0013321025
3632,test,0,7.1130686e-05
4692,test,0,4.994953e-05
6182,test,0,6.131228e-05
9352,test,0,0.0009523278
4474,test,0,0.0041596578
522,test,0,1.8824318e-05
4798,test,0,4.9949613e-05
1148,test,0,4.9949613e-05
4247,test,0,3.4537934e-05
7573,test,0,5.09502e-05
6534,test,0,1.7027072e-05
793,test,0,4.994941e-05
10740,test,0,7.727109e-05
6692,test,0,0.003948591
4124,test,0,4.9341746e-05
7132,test,0,2.9534156e-05
7356,test,0,2.9534156e-05
3100,test,0,6.304628e-05
7748,test,0,5.2306237e-05
7087,test,0,0.00033855624
10217,test,0,4.99496e-05
10831,test,0,2.3141482e-05
1997,test,0,2.436539e-05
5345,test,0,0.00024341933
5353,test,0,2.4365385e-05
5740,test,0,2.4365381e-05
7342,test,0,5.230593e-05
1996,test,0,0.0007297844
56,test,0,0.014113274
6341,test,0,4.9949405e-05
5950,test,0,0.0062911776
10346,test,0,0.001260189
427,test,0,7.050753e-05
4406,test,0,0.0023936487
5077,test,0,4.994926e-05
4472,test,0,0.001846135
7079,test,0,2.4365385e-05
330,test,0,6.15371e-05
6204,test,0,0.00083736976
6188,test,0,2.5374677e-05
9584,test,0,0.009458578
2929,test,0,4.994963e-05
6333,test,0,0.00016325833
7583,test,0,2.4389085e-05
3093,test,0,2.354421e-05
3686,test,0,0.0006852616
8253,test,0,0.004892678
9496,test,0,0.0007718192
4233,test,0,2.4365367e-05
1250,test,0,4.994947e-05
6381,test,0,0.009384514
3112,test,0,2.464757e-05
5357,test,0,0.00014053623
487,test,0,2.4347748e-05
5521,test,0,2.4365405e-05
911,test,0,0.01160791
10942,test,0,0.002147989
1541,test,0,6.9700094e-05
9153,test,0,0.00016466432
1847,test,0,6.970019e-05
8396,test,0,0.006480499
905,test,0,0.0055440273
3570,test,0,2.4365376e-05
5746,test,0,4.9949325e-05
6939,test,0,2.4068999e-05
10927,test,0,4.7642425e-05
10473,test,0,4.994923e-05
1758,test,0,0.00023008784
8249,test,0,2.4068957e-05
2471,test,0,2.4068957e-05
8477,test,0,0.00032056577
10477,test,0,5.230595e-05
2466,test,0,0.0014805677
1682,test,0,7.990157e-05
9348,test,0,2.4365367e-05
1534,test,0,0.0022423826
429,test,0,0.0001550595
8491,test,0,8.171398e-05
5429,test,0,0.00043108175
3039,test,0,0.00010198386
7735,test,0,0.011746757
8393,test,0,2.436539e-05
7811,test,0,2.4647577e-05
3560,test,0,2.4647577e-05
9586,test,0,2.6816213e-05
7095,test,0,2.436537e-05
8862,test,0,0.00078180636
9429,test,0,1.0632399e-05
4577,test,0,1.0632399e-05
7537,test,0,0.0006515126
3438,test,0,3.252814e-05
1145,test,0,2.2679922e-05
8798,test,0,0.00015831683
4804,test,0,3.6237147e-05
7239,test,0,3.9004397e-05
9329,test,0,1.4083427e-05
10739,test,0,7.0121346e-06
9760,test,0,2.350457e-05
1052,test,0,0.0045986245
4784,test,0,2.3456745e-05
6684,test,0,3.0244355e-05
9359,test,0,3.0244355e-05
4122,test,0,2.2403967e-05
2761,test,0,3.5804085e-05
7350,test,0,3.6198988e-05
10206,test,0,2.2479657e-05
1044,test,0,1.7125914e-05
385,test,0,0.0008653164
2397,test,0,0.0030207613
3028,test,0,7.0121314e-06
1086,test,0,7.0121314e-06
4529,test,0,0.0016717368
1057,test,0,3.4928893e-05
8790,test,0,7.5137934e-05
9759,test,0,6.56765e-05
8817,test,0,0.0004765733
2843,test,0,0.00026134457
4602,test,0,0.00018233426
3630,test,0,2.267991e-05
10460,test,0,7.0121373e-06
9392,test,0,2.2679917e-05
6451,test,0,2.2679904e-05
9494,test,0,6.724027e-05
8815,test,0,3.4928882e-05
1550,test,0,7.0121346e-06
4762,test,0,7.0121473e-06
8486,test,0,0.0020860967
7733,test,0,4.028201e-05
6103,test,0,2.2942573e-05
8678,test,0,0.00034855524
6518,test,0,0.011675861
7248,test,0,0.0027113
800,test,0,3.492889e-05
4245,test,0,3.3174423e-05
6342,test,0,7.0121314e-06
6668,test,0,2.240397e-05
5680,test,0,7.5137934e-05
3889,test,0,2.8366383e-05
4699,test,0,2.8366383e-05
8122,test,0,0.00013727784
3080,test,0,0.002531091
2658,test,0,5.3110994e-05
10302,test,0,7.0121346e-06
5745,test,0,6.481385e-06
6542,test,0,0.0014419348
10721,test,0,7.0121314e-06
7359,test,0,6.407185e-06
6476,test,0,7.0121328e-06
7361,test,0,9.6905915e-06
937,test,0,3.0435333e-06
5944,test,0,0.00014745451
8365,test,0,0.00011164481
10231,test,0,0.0016487235
6090,test,0,5.7918996e-06
9775,test,0,0.00017224807
1766,test,0,5.7918983e-06
7129,test,0,0.00011164458
741,test,0,0.0009644292
907,test,0,0.0009644292
7471,test,0,0.00016780727
418,test,0,0.001734488
10806,test,0,0.0016255329
1746,test,0,8.947703e-06
8904,test,0,1.4683323e-05
4552,test,0,5.791895e-06
5086,test,0,0.0016542126
4480,test,0,1.44718315e-05
6111,test,0,0.0004709496
3087,test,0,5.791893e-06
9582,test,0,5.7918983e-06
1449,test,0,0.0004709496
3765,test,0,6.119281e-06
9135,test,0,5.791905e-06
10939,test,0,5.7918996e-06
2942,test,0,6.8477952e-06
5355,test,0,5.858981e-06
1780,test,0,5.791895e-06
8831,test,0,0.00064522616
6569,test,0,5.791895e-06
1538,test,0,0.0008248177
9152,test,0,0.0004709496
3044,test,0,0.0023577067
6183,test,0,5.8589812e-06
2669,test,0,5.8589812e-06
4007,test,0,5.7918965e-06
11007,test,0,2.219058e-05
5302,test,0,0.00021108736
7579,test,0,6.119305e-06
1545,test,0,1.44718315e-05
8277,test,0,6.0024977e-06
9773,test,0,5.8589762e-06
6166,test,0,5.791893e-06
5945,test,0,5.898457e-06
1099,test,0,5.791893e-06
7291,test,0,0.0001746634
5063,test,0,0.0004709496
9442,test,0,8.716311e-06
10474,test,0,1.2294026e-05
6374,test,0,5.7918965e-06
6108,test,0,7.0061233e-06
10750,test,0,5.791893e-06
419,test,0,1.4471828e-05
7319,test,0,6.7540795e-06
3923,test,0,0.00048444464
1047,test,0,0.0004709496
4030,test,0,5.791893e-06
10742,test,0,3.0931028e-06
6689,test,0,5.7918965e-06
4810,test,0,5.806888e-06
9438,test,0,2.514777e-05
2680,test,0,5.7918965e-06
5438,test,0,5.8589717e-06
8917,test,0,5.791893e-06
1116,test,0,5.858982e-06
10936,test,0,5.791895e-06
2882,test,0,7.165451e-05
3076,test,0,0.00049806066
8242,test,0,2.4006078e-05
3046,test,0,1.2294021e-05
7539,test,0,6.6498134e-05
3634,test,0,0.0006340614
6912,test,0,5.791898e-06
808,test,0,5.8926953e-06
6674,test,0,5.791893e-06
10767,test,0,0.0008282608
5072,test,0,5.8589794e-06
7038,test,0,0.00015245494
3019,test,0,7.8420735e-06
7738,test,0,0.0016103006
8728,test,0,0.0004517112
7328,test,0,5.791893e-06
1685,test,0,5.791893e-06
1255,test,0,5.8589812e-06
9437,test,0,0.00028781567
10310,test,0,4.126878e-05
4025,test,0,8.947726e-06
7744,test,0,5.7918965e-06
6208,test,0,5.7918965e-06
1054,test,0,5.791895e-06
6634,test,0,0.00011665666
3641,test,0,1.3850915e-05
7524,test,0,0.00014171339
4550,test,0,5.4983593e-05
6923,test,0,5.8926953e-06
5957,test,0,5.8589744e-06
7737,test,0,5.7919124e-06
3102,test,0,0.0004709496
1841,test,0,8.947699e-06
377,test,0,0.00013786931
4827,test,0,0.00013786931
10199,test,0,0.0016542108
8737,test,0,2.0489e-06
4760,test,0,9.103434e-06
10851,test,0,9.666125e-06
3068,test,0,9.666125e-06
6152,test,0,5.7918874e-06
6472,test,0,5.7918983e-06
11052,test,0,5.791895e-06
1844,test,0,4.9081527e-06
9338,test,0,5.791893e-06
10781,test,0,0.00077775744
1779,test,0,5.791898e-06
9144,test,0,5.791893e-06
10052,test,0,4.0557316e-06
2945,test,0,5.8589853e-06
7742,test,0,2.0398915e-05
9141,test,0,5.7918965e-06
2681,test,0,1.9354435e-05
6274,test,0,9.398413e-06
7082,test,0,5.7918996e-06
7358,test,0,0.00015245494
6184,test,0,5.791893e-06
6102,test,0,5.791895e-06
6479,test,0,5.791895e-06
10303,test,0,0.0004709496
9767,test,0,1.8983597e-05
4600,test,0,5.7918965e-06
10227,test,0,3.9983097e-06
7034,test,0,0.0006940266
1163,test,0,8.597932e-06
10459,test,0,0.0013447179
8870,test,0,6.912402e-06
9136,test,0,4.5278666e-06
10932,test,0,9.057223e-06
1776,test,0,2.2917695e-05
6225,test,0,1.1003781e-05
10811,test,0,1.4067569e-05
4130,test,0,2.374125e-05
4453,test,0,0.0031798985
6925,test,0,2.5225077e-05
6693,test,0,8.499482e-06
7746,test,0,9.2148075e-06
6107,test,0,9.057212e-06
8899,test,0,8.597947e-06
297,test,0,8.499484e-06
10313,test,0,0.0026578116
4126,test,0,1.4103842e-05
6686,test,0,1.1385676e-05
6462,test,0,6.395471e-06
8624,test,0,6.395471e-06
1419,test,0,0.00018937663
310,test,0,1.904351e-05
7468,test,0,0.00025171944
8796,test,0,3.0114443e-05
3056,test,0,8.826332e-06
6191,test,0,0.00073626655
1556,test,0,9.057223e-06
2390,test,0,0.0025033746
10752,test,0,9.057215e-06
1987,test,0,1.0403524e-05
4814,test,0,9.057233e-06
11047,test,0,0.0024681923
1532,test,0,1.6136528e-05
7570,test,0,8.979951e-06
5097,test,0,9.057215e-06
9552,test,0,0.00025563713
9430,test,0,6.584101e-06
10464,test,0,6.584101e-06
9332,test,0,2.7954175e-05
9278,test,0,4.6398254e-06
9381,test,0,0.0011440438
6018,test,0,0.00025575462
10584,test,0,9.057229e-06
6631,test,0,3.2634132e-05
4773,test,0,3.2634132e-05
7322,test,0,0.00073626655
4705,test,0,1.113126e-05
6119,test,0,0.0012808441
7282,test,0,0.00010363662
5103,test,0,9.057222e-06
6677,test,0,9.0572385e-06
6220,test,0,4.6837806e-05
4017,test,0,1.6141805e-05
8824,test,0,8.499485e-06
8265,test,0,8.499494e-06
4824,test,0,9.057211e-06
2457,test,0,9.43071e-06
1535,test,0,8.647412e-06
1962,test,0,2.2243697e-05
4685,test,0,2.2243697e-05
3571,test,0,4.7297042e-05
1576,test,0,0.00020516072
10587,test,0,8.499491e-06
6540,test,0,0.001438049
8492,test,0,5.684268e-06
4028,test,0,5.684268e-06
4095,test,0,0.0017938802
10468,test,0,8.499484e-06
4596,test,0,0.003125248
3504,test,0,0.00017177577
5078,test,0,2.5225083e-05
10998,test,0,1.3130506e-05
10717,test,0,1.8499099e-05
422,test,0,0.0006909607
7664,test,0,0.0011440438
1438,test,0,1.2190254e-05
4026,test,0,1.2190254e-05
9432,test,0,0.00031251562
3896,test,0,0.0015231842
4019,test,0,8.499484e-06
4594,test,0,8.4995e-06
10735,test,0,8.499502e-06
7321,test,0,8.499483e-06
4687,test,0,8.499505e-06
10837,test,0,2.2601615e-05
6164,test,0,8.499497e-06
7093,test,0,0.0010620984
10457,test,0,1.2221832e-05
5436,test,0,0.0006909607
3448,test,0,2.5290368e-05
6171,test,0,8.499485e-06
7390,test,0,0.010646101
1549,test,0,8.499491e-06
4823,test,0,8.709377e-06
2774,test,0,8.597926e-06
5423,test,0,8.499491e-06
6373,test,0,1.2190248e-05
9349,test,0,8.499484e-06
1120,test,0,8.499484e-06
2764,test,0,0.0006909607
1043,test,0,8.499484e-06
10760,test,0,0.00071184523
4586,test,0,0.0004587062
6323,test,0,8.499487e-06
3575,test,0,0.00087634707
7086,test,0,8.756543e-06
8259,test,0,1.2190312e-05
7183,test,0,2.199222e-05
3648,test,0,2.199222e-05
3108,test,0,1.3133997e-05
7092,test,0,1.930565e-05
4012,test,0,1.1920594e-05
3090,test,0,1.4871874e-05
4780,test,0,8.499491e-06
4117,test,0,0.0008443958
6516,test,0,1.4271994e-05
9274,test,0,0.0013636007
8461,test,0,0.0019182562
4023,test,0,9.84645e-06
6478,test,0,1.3527623e-05
2767,test,0,2.3925555e-05
10469,test,0,0.00010841085
1108,test,0,1.1094332e-05
6021,test,0,6.1736355e-06
6088,test,0,7.0633055e-06
9562,test,0,7.0633055e-06
6910,test,0,0.0007786406
1726,test,0,1.0776873e-05
1769,test,0,9.281804e-06
515,test,0,1.2901781e-05
6454,test,0,0.0009973533
3037,test,0,1.3133986e-05
4587,test,0,0.0029767894
6262,test,0,0.001928623
6467,test,0,8.908936e-06
312,test,0,0.0007329198
8630,test,0,1.0572471e-05
4799,test,0,9.175537e-06
3767,test,0,0.007328169
4889,test,0,3.0959236e-06
2844,test,0,3.0959227e-06
4584,test,0,8.477484e-06
3021,test,0,0.0009608645
926,test,0,9.175521e-06
9756,test,0,0.000118313714
5406,test,0,0.000118313714
1262,test,0,7.649376e-05
9376,test,0,1.0200301e-05
7287,test,0,0.002416681
3079,test,0,1.3133997e-05
3932,test,0,9.528845e-06
9341,test,0,9.95096e-06
4483,test,0,9.175543e-06
10776,test,0,8.756557e-06
6263,test,0,4.499041e-05
4106,test,0,8.4774865e-06
8740,test,0,7.505069e-05
2225,test,0,0.00028251013
6927,test,0,4.373845e-05
10730,test,0,3.2230233e-05
1113,test,0,0.001114203
10808,test,0,9.17552e-06
6933,test,0,8.51248e-05
7236,test,0,2.4100014e-05
6128,test,0,0.0005609055
6025,test,0,0.00019610839
7577,test,0,8.57567e-06
5441,test,0,2.5159718e-05
294,test,0,8.477483e-06
8261,test,0,8.477477e-06
4680,test,0,8.477477e-06
3043,test,0,0.01108038
5511,test,0,8.625021e-06
10751,test,0,0.0022054715
7339,test,0,8.68741e-06
3040,test,0,1.3836885e-05
8611,test,0,0.00012372415
10403,test,0,0.00012536855
3018,test,0,7.63565e-06
4127,test,0,2.1952706e-05
8132,test,0,1.7518532e-05
3032,test,0,1.3386191e-05
1155,test,0,8.808464e-06
6556,test,0,1.0984465e-05
8908,test,0,2.1952716e-05
5139,test,0,2.699316e-05
2940,test,0,2.0957757e-05
794,test,0,8.477485e-06
6502,test,0,0.0019257193
2585,test,0,1.1241147e-05
7323,test,0,8.302346e-06
6190,test,0,1.1241144e-05
10727,test,0,8.621599e-06
10819,test,0,0.0007194415
7582,test,0,8.575666e-06
10348,test,0,1.7089425e-05
6173,test,0,8.30236e-06
8910,test,0,8.477487e-06
9516,test,0,0.0009030911
7033,test,0,9.112983e-05
6224,test,0,1.591512e-05
5425,test,0,2.0837864e-05
10754,test,0,0.0007045858
7243,test,0,2.306346e-05
10038,test,0,0.00017667198
6203,test,0,1.6146594e-05
7574,test,0,1.3049163e-05
9372,test,0,2.0420446e-05
6447,test,0,2.1516289e-05
4419,test,0,1.2613141e-05
8822,test,0,8.398503e-06
8469,test,0,8.3238165e-06
5432,test,0,8.302344e-06
10934,test,0,2.1516293e-05
8828,test,0,0.0007045858
8859,test,0,0.00017667198
2684,test,0,8.685675e-06
305,test,0,8.510387e-06
8808,test,0,8.721899e-06
10305,test,0,8.721899e-06
10467,test,0,0.000118006756
428,test,0,1.915144e-05
433,test,0,8.302349e-06
1122,test,0,1.00694015e-05
5832,test,0,1.5532347e-05
8402,test,0,1.0321724e-05
7126,test,0,0.0016280516
10813,test,0,0.002556761
4450,test,0,3.1374466e-06
9492,test,0,3.0961987e-06
9353,test,0,0.0024654751
7355,test,0,8.398516e-06
1830,test,0,0.00092686614
10471,test,0,8.446834e-06
2711,test,0,0.0013138666
9487,test,0,2.3841545e-05
10035,test,0,0.0017501577
5301,test,0,0.0025469505
8459,test,0,0.0013571307
8866,test,0,0.00021303518
9580,test,0,0.0008640791
6110,test,0,9.871518e-06
9592,test,0,1.0069416e-05
10824,test,0,2.1406186e-05
1756,test,0,9.8715445e-06
2674,test,0,8.302354e-06
920,test,0,9.871527e-06
5742,test,0,0.0008640791
293,test,0,9.408966e-06
7096,test,0,2.0182692e-05
492,test,0,0.00333791
10924,test,0,9.422973e-06
2214,test,0,9.549878e-05
9356,test,0,0.0006814414
1146,test,0,8.723819e-06
313,test,0,8.723816e-06
4789,test,0,2.3697938e-05
7734,test,0,2.4664212e-05
10307,test,0,0.0015407564
9385,test,0,9.871521e-06
6559,test,0,1.9610607e-05
5346,test,0,2.842616e-05
6568,test,0,8.875643e-06
10731,test,0,1.19075e-05
8625,test,0,1.7657372e-05
934,test,0,1.7657372e-05
1452,test,0,9.548511e-06
4595,test,0,9.548511e-06
7341,test,0,8.302344e-06
4013,test,0,0.001983862
8250,test,0,1.2558919e-05
9764,test,0,8.723837e-06
10299,test,0,0.0011288036
8278,test,0,8.824873e-06
2671,test,0,1.3083525e-05
7740,test,0,9.558453e-06
3511,test,0,0.00011938644
4118,test,0,8.723826e-06
3951,test,0,1.4194779e-05
4541,test,0,1.4194779e-05
6680,test,0,2.312196e-05
1096,test,0,0.0009797041
1883,test,0,1.4854444e-05
6463,test,0,8.723819e-06
3107,test,0,7.756716e-05
10996,test,0,0.00015834722
5424,test,0,0.00092686614
4470,test,0,0.00075178104
1110,test,0,4.4923334e-05
3437,test,0,1.108277e-05
784,test,0,1.497944e-05
1843,test,0,1.0801749e-05
3647,test,0,2.2267963e-05
3077,test,0,9.315074e-06
4090,test,0,0.0010664037
4777,test,0,9.871518e-06
1453,test,0,2.0281757e-05
4234,test,0,1.7268163e-05
7576,test,0,1.1082781e-05
2454,test,2,0.02163855
2205,test,2,0.0019419352
517,test,2,0.015390968
2446,test,2,0.008389884
514,test,2,0.0059881276
10340,test,2,0.013230594
2195,test,2,0.03165543
8102,test,2,0.0056629293
2452,test,2,0.0041752798
708,test,2,0.0023891083
2724,test,2,0.032006487
710,test,2,0.017036177
10203,test,2,0.10958681
4438,test,2,0.03540026
2706,test,2,0.0048665083
4452,test,2,0.014493729
2453,test,2,0.030677777
6115,test,2,0.008270059
6114,test,2,0.02379577
10202,test,2,0.00621221
10342,test,2,0.014077144
6123,test,2,0.0077400054
8111,test,2,0.008036148
711,test,2,0.006802317
528,test,2,0.0122235315
6121,test,2,0.028443314
4437,test,2,0.00394905
10194,test,2,0.0008589582
8109,test,2,0.0037976352
709,test,2,0.011444131
10204,test,0,0.0020557384
2715,test,2,0.0046052006
8096,test,0,0.00043246898
7454,test,2,0.011596924
10207,test,0,0.0014185363
2718,test,2,0.014916568
10339,test,0,0.0013357535
2197,test,2,0.024845526
7451,test,2,0.01274845
2722,test,2,0.031102164
10209,test,0,0.009043681
527,test,2,0.018825877
8106,test,2,0.0035125338
2445,test,0,0.0013357535
10338,test,2,0.002514247
2712,test,2,0.041557226
2719,test,2,0.017681831
2201,test,2,0.11327308
707,test,2,0.0057631256
10195,test,2,0.064608045
6122,test,2,0.022453142
2189,test,2,0.052255172
10344,test,0,0.0020557384
8095,test,0,0.00040778663
8800,test,2,0.036731295
3750,test,2,0.03435034
7067,test,0,0.0019558235
8799,test,2,0.019225737
4984,test,2,0.006045224
5412,test,2,0.0038592694
4401,test,2,0.006127444
5535,test,2,0.018217696
4417,test,2,0.08726603
3766,test,2,0.0094516575
5416,test,2,0.02187618
4981,test,2,0.004853837
7074,test,2,0.017896412
5534,test,2,0.007034161
8623,test,2,0.07865009
4978,test,2,0.084102735
9373,test,1,0.13858737
5409,test,2,0.01602616
7066,test,2,0.0034145042
3903,test,2,0.0324386
7120,test,2,0.15636164
7075,test,2,0.05867951
8632,test,2,0.009072084
4412,test,2,0.056752466
3902,test,0,0.0001926935
3756,test,2,0.06723948
8797,test,2,0.015804878
8631,test,2,0.01602616
8483,test,0,0.0021612216
4413,test,2,0.0045623677
5413,test,2,0.0033548905
8499,test,2,0.003141287
8498,test,0,0.0009078211
4414,test,2,0.013743754
4411,test,2,0.013989213
8805,test,2,0.008071914
3900,test,2,0.010389427
5358,test,1,0.15623389
3755,test,2,0.016903207
3758,test,0,0.0019972855
8804,test,2,0.0028977965
8634,test,2,0.0054148287
8803,test,2,0.00976135
3763,test,2,0.0013943872
4985,test,2,0.02895358
4409,test,2,0.03134707
351,test,2,0.01384919
370,test,2,0.003427393
2241,test,2,0.04649514
10656,test,2,0.020056149
2234,test,2,0.0056629293
2067,test,2,0.009403495
7640,test,2,0.1839712
571,test,2,0.1445852
154,test,2,0.032006487
566,test,2,0.033994686
10087,test,1,0.27461177
8181,test,2,0.0021227289
6757,test,2,0.0051501496
2233,test,2,0.018410483
577,test,2,0.0033192767
2232,test,2,0.012748632
6761,test,2,0.006395257
2246,test,2,0.0039327596
369,test,0,0.0024742186
10666,test,2,0.3587534
1496,test,2,0.010164021
565,test,2,0.10478534
1495,test,2,0.015335628
3322,test,1,0.38089368
1497,test,0,0.00020668763
2239,test,2,0.041026
354,test,2,0.029444495
1499,test,2,0.012804133
2236,test,0,0.00027684146
150,test,2,0.015120329
8182,test,2,0.0030853646
8175,test,0,0.00044398173
8176,test,2,0.010164021
362,test,2,0.030599162
145,test,0,0.0059256125
2063,test,2,0.019167539
141,test,0,0.0014917098
2245,test,0,0.0021265266
1318,test,0,0.0013336363
1508,test,0,0.0001926974
7642,test,0,0.0019935085
575,test,0,0.0012222726
8177,test,2,0.006876135
1348,test,2,0.0042887717
3013,test,2,0.015135327
1186,test,2,0.03126156
3014,test,2,0.0031375878
8375,test,2,0.0455803
3597,test,2,0.026643302
1358,test,2,0.022967294
1676,test,2,0.006961991
8224,test,2,0.008277714
3602,test,2,0.023033561
223,test,1,0.17303117
7985,test,2,0.0125652775
1359,test,2,0.016158232
5762,test,2,0.0018546659
1669,test,2,0.0067856
9100,test,2,0.058520496
7986,test,2,0.017652433
9109,test,2,0.0017363867
9104,test,2,0.0015861368
7265,test,1,0.21351609
3000,test,2,0.0045873206
1674,test,2,0.19059138
1660,test,2,0.0012905668
1352,test,2,0.06516635
3592,test,0,0.0003757929
3601,test,2,0.018900005
8655,test,2,0.005852644
8645,test,2,0.0022264589
8644,test,2,0.036788788
8370,test,0,0.0019972855
1180,test,2,0.005010179
3009,test,2,0.018290713
7997,test,2,0.0031375878
3593,test,2,0.047637228
8652,test,2,0.0061125443
1181,test,2,0.023122951
8233,test,2,0.014554719
5761,test,2,0.030599784
1191,test,0,0.0059256125
3591,test,2,0.010243549
1351,test,2,0.011316144
1190,test,2,0.0035783246
7998,test,2,0.004477865
9105,test,2,0.024569316
8647,test,2,0.09564509
5765,test,2,0.050681137
7981,test,2,0.008851714
7979,test,2,0.0071130106
8385,test,2,0.041404884
3003,test,2,0.04374068
5763,test,0,0.0021841463
9440,test,2,0.011641969
7036,test,2,0.064740054
9439,test,2,0.004022878
11000,test,2,0.030931147
5822,test,2,0.012085323
1688,test,2,0.00458729
7055,test,2,0.025231428
11016,test,2,0.0016079993
11012,test,2,0.027611904
3905,test,2,0.004012077
1690,test,2,0.0018546659
7037,test,2,0.032440986
7043,test,2,0.011162796
9357,test,2,0.005456611
6269,test,2,0.09775137
11001,test,2,0.011965734
3907,test,2,0.20656914
3917,test,2,0.0013318567
6273,test,2,0.010065256
2643,test,2,0.020349761
2642,test,2,0.007406089
10774,test,1,0.11155795
7040,test,2,0.015335628
9441,test,2,0.011478982
6267,test,0,0.00047789805
3376,test,2,0.011065531
3363,test,2,0.08560152
2662,test,2,0.09679634
10604,test,1,0.17953725
9368,test,0,0.0054963054
7044,test,2,0.02897897
5823,test,2,0.014939578
3904,test,2,0.014820096
9256,test,2,0.023984319
3913,test,0,0.006642807
7054,test,0,0.0013357535
1686,test,2,0.034264434
6271,test,2,0.2825386
7491,test,0,0.0013357535
3371,test,0,0.0013357535
11015,test,2,0.024340805
9367,test,2,0.053959824
9254,test,2,0.40229163
9248,test,2,0.038186934
11002,test,2,0.008444806
9431,test,2,0.024174426
2209,test,2,0.0121305
4876,test,2,0.0016070468
3050,test,1,0.09139754
10160,test,2,0.014039766
5501,test,2,0.0035047978
4869,test,2,0.005803798
1450,test,2,0.008848622
8666,test,2,0.012916327
10161,test,2,0.003446003
8667,test,2,0.104459964
2223,test,2,0.0075351615
2222,test,2,0.019474631
7196,test,2,0.08028698
7329,test,1,0.8249933
4870,test,2,0.011755301
5498,test,2,0.0023891109
7191,test,2,0.025135878
939,test,2,0.004423676
4877,test,2,0.18818122
10167,test,2,0.013230594
1440,test,2,0.01602614
4873,test,2,0.045714874
5506,test,2,0.022596855
8676,test,2,0.24851383
8669,test,2,0.024828551
943,test,2,0.043785777
2388,test,2,0.025883896
4872,test,2,0.0010792766
1733,test,1,0.01694503
4871,test,2,0.00939352
5508,test,2,0.27052814
2392,test,2,0.008062769
5495,test,0,0.015783878
1454,test,2,0.030599162
5491,test,2,0.045714874
5503,test,0,0.0011898152
8675,test,2,0.071819395
6507,test,2,0.008958009
2213,test,0,0.0039109257
1444,test,0,0.0024742186
2217,test,2,0.0066372543
7192,test,2,0.04969377
10163,test,2,0.006120006
8668,test,2,0.03796266
9484,test,2,0.028779028
7197,test,2,0.075120166
942,test,2,0.03028113
2206,test,0,0.00033509065
1426,test,2,0.043690708
5684,test,2,0.48923415
8731,test,2,0.030741904
1965,test,2,0.0045623677
7533,test,2,0.051653594
7544,test,2,0.003446003
7289,test,2,0.0018546836
9522,test,2,0.01261945
6155,test,1,0.22428538
1422,test,2,0.0555337
1431,test,2,0.010386717
9517,test,2,0.026754493
9521,test,2,0.0057967217
3073,test,2,0.008743156
2257,test,2,0.027340239
1427,test,2,0.024925195
1964,test,2,0.016325617
2247,test,2,0.0057967217
1957,test,2,0.31804532
1138,test,2,0.019376429
8738,test,2,0.003972453
5678,test,2,0.0076843738
8743,test,2,0.002452278
3060,test,2,0.00053847925
8726,test,2,0.00074055966
1959,test,2,0.0025088645
7285,test,2,0.016774565
3072,test,2,0.03119269
7541,test,2,0.053413805
1949,test,2,0.0050365697
1416,test,2,0.0134769855
8733,test,2,0.0046393895
1432,test,2,0.048897795
1420,test,0,0.0012222726
1141,test,2,0.0052821618
1950,test,0,0.00058160693
7545,test,2,0.00394905
1878,test,2,0.0018546836
8734,test,2,0.0032424196
1424,test,0,0.0013357535
7532,test,2,0.004022878
7586,test,1,0.14972408
1433,test,2,0.0018349757
1888,test,0,0.0013357535
5687,test,2,0.021261495
5682,test,2,0.0053081103
1955,test,2,0.0005246544
5675,test,2,0.043366477
3061,test,2,0.05783299
1136,test,2,0.015434261
9526,test,0,0.0001926974
5669,test,0,0.0019113686
2250,test,0,0.0019935085
1434,test,2,0.009812836
3071,test,2,0.0030853443
9456,test,2,0.041810766
3359,test,2,0.0011217986
10118,test,2,0.1229021
9451,test,2,0.004022873
3967,test,2,0.022150222
3974,test,2,0.0059472276
4507,test,2,0.045912825
3586,test,2,0.008638891
5869,test,2,0.030472314
3953,test,2,0.0067856
9450,test,2,0.02531114
4712,test,2,0.013310211
3351,test,2,0.003441067
872,test,2,0.06332984
3961,test,2,0.06364565
10125,test,2,0.008970286
4710,test,2,0.0041594855
4199,test,2,0.00068047515
10117,test,2,0.0031311486
2182,test,2,0.006269488
3962,test,2,0.0021868655
3356,test,2,0.020297589
3975,test,2,0.018317647
3959,test,2,0.0048539126
4717,test,2,0.008375088
5866,test,2,0.030414667
4711,test,2,0.0046052006
10121,test,2,0.044177704
3352,test,2,0.020318521
3588,test,2,0.03218042
870,test,2,0.048210666
4520,test,2,0.0030899353
873,test,2,0.005771089
10129,test,2,0.089869425
4718,test,2,0.040768754
10130,test,2,0.01436644
4709,test,2,0.0042894846
3968,test,2,0.02696143
4713,test,0,0.0019558235
3343,test,2,0.07313346
2178,test,2,0.061933972
861,test,2,0.01991414
3970,test,2,0.013743754
4195,test,2,0.036731295
9446,test,2,0.022776762
3357,test,2,0.14466463
5873,test,2,0.03461946
3973,test,2,0.005153567
3972,test,0,0.0021612216
874,test,2,0.0007092374
10120,test,2,0.0046052006
5875,test,2,0.009925817
9449,test,2,0.0552813
9455,test,2,0.017382275
3349,test,2,0.033886313
4206,test,2,0.0018436379
4498,test,2,0.0065787747
4497,test,2,0.0016262904
10787,test,2,0.027616458
684,test,2,0.00621221
2433,test,2,0.0060388097
279,test,1,0.2119029
5545,test,1,0.24982749
5485,test,2,0.0029054917
5477,test,2,0.20244226
680,test,2,0.05880155
2291,test,2,0.035394955
10538,test,2,0.038095515
4503,test,2,0.0052821618
10535,test,2,0.011009832
1476,test,2,0.0056375354
10788,test,2,0.013524234
5488,test,2,0.0030853443
10524,test,2,0.0041692145
5481,test,2,0.16828614
5794,test,0,0.0019113686
5479,test,2,0.007752829
4500,test,2,0.040228173
10285,test,2,0.015758865
5480,test,2,0.1544967
1480,test,2,0.045671806
10283,test,2,0.01473863
10516,test,2,0.033886313
5789,test,2,0.00463966
10294,test,0,0.0013604581
1477,test,2,0.0077724415
5486,test,2,0.01661776
683,test,2,0.5186853
10536,test,2,0.09432385
2740,test,0,0.00038155733
2290,test,2,0.028645713
4499,test,2,0.031410962
10795,test,0,0.0013357535
5787,test,2,0.056051567
695,test,2,0.010844301
10282,test,2,0.07895907
5199,test,0,0.00094787765
10286,test,0,0.000279724
9240,test,0,0.001322932
6237,test,0,0.0013771197
10330,test,0,0.0008113102
10913,test,0,7.026294e-05
5324,test,0,7.026294e-05
9729,test,0,0.0007194415
191,test,0,0.0013028514
5570,test,0,0.010687111
6739,test,0,0.023585707
9616,test,0,0.00017318736
5167,test,0,0.021642225
10529,test,0,0.0006389265
5596,test,0,0.00014868882
2739,test,0,0.0020636488
1371,test,0,0.0042945175
10707,test,0,0.0007045858
2058,test,0,0.00029054825
6840,test,0,0.00060603884
622,test,0,0.00012461656
8719,test,0,0.00028493712
1232,test,0,0.002673876
95,test,0,7.026294e-05
7217,test,0,0.003948591
2265,test,0,0.0026716886
5974,test,0,0.003046023
2123,test,0,0.001964604
6233,test,0,4.7949547e-05
10797,test,0,0.011469901
8703,test,0,0.028549371
7873,test,0,2.939491e-05
1599,test,0,0.001927448
8561,test,0,0.0010126905
9849,test,0,0.0013539895
9316,test,0,0.00035388314
1617,test,0,0.0009194757
9318,test,0,0.0019981174
10642,test,0,9.8124665e-06
7414,test,0,0.0029535363
8875,test,0,0.0007759184
5547,test,0,0.00086835877
8699,test,0,0.0010012336
8714,test,0,0.0007430052
10710,test,0,0.0015657198
4259,test,0,0.0026696585
3489,test,0,9.536882e-05
2010,test,0,0.000702709
3529,test,0,0.0005027264
8,test,0,0.00052447105
2169,test,0,1.6746575e-05
247,test,0,0.0054230373
3658,test,0,3.0173613e-05
3120,test,0,0.00261476
2007,test,0,0.0020873148
4042,test,0,0.0021189593
2057,test,0,0.0059008305
3541,test,0,0.019064248
7272,test,0,0.0024189923
5185,test,0,0.0020558652
8760,test,0,0.0011121054
5269,test,0,0.0058187107
2747,test,0,0.0028033308
7222,test,0,0.0069281883
3484,test,0,1.2032098e-05
2913,test,0,0.008835766
9808,test,0,0.0006517081
9733,test,0,0.0025314945
1197,test,0,3.0209028e-05
2262,test,0,0.0016961198
9042,test,0,0.00250175
8525,test,0,1.38272835e-05
5965,test,0,6.639328e-06
9218,test,0,0.002221392
5803,test,0,3.020899e-05
7367,test,0,3.020899e-05
9530,test,0,0.015328849
112,test,0,0.0022294691
7922,test,0,9.583389e-05
3235,test,0,0.0054292507
7001,test,0,0.0010501447
9059,test,0,0.0012267483
6709,test,0,0.0033182583
1523,test,0,0.0017676998
8931,test,0,0.0007929311
818,test,0,0.0018250368
6033,test,0,0.0018908494
2009,test,0,0.0054701203
6582,test,0,0.00013056438
2097,test,0,5.4857854e-05
3605,test,0,5.9600527e-05
9229,test,0,0.0024341363
9734,test,0,0.0014316535
1235,test,0,0.00079570146
3195,test,0,0.0039518904
1393,test,0,0.0008955494
1628,test,0,0.0008955494
9841,test,0,0.00074500334
4619,test,0,0.0004709496
1527,test,0,0.00017387605
1385,test,0,0.00026903377
10190,test,0,0.00023798541
7899,test,0,0.00014731582
3793,test,0,0.014253793
10539,test,0,0.0001680039
3216,test,0,0.00024293439
6975,test,0,0.00015919845
7855,test,0,0.0006909607
839,test,0,0.0006909607
1659,test,0,0.00082642835
2125,test,0,0.0001851354
9067,test,0,0.00022738393
10554,test,0,1.47820865e-05
10652,test,0,0.00089894637
8228,test,0,0.016799714
2887,test,0,0.00030112665
1236,test,0,0.0013498474
9830,test,0,0.00081261666
631,test,0,0.00011288972
3016,test,0,0.00026816124
8653,test,0,0.00062430784
3137,test,0,0.0006632086
9884,test,0,0.00046390397
7706,test,0,0.00020752773
9048,test,0,0.00018854227
8055,test,0,0.00039062905
10361,test,0,0.079038315
6235,test,0,0.0012145032
3796,test,0,0.00023156294
8017,test,0,0.00088959764
9599,test,0,0.0027766584
6082,test,0,0.01956908
5541,test,0,2.4375116e-05
634,test,0,1.6842041e-05
2124,test,0,0.0083142165
9891,test,0,1.4308098e-05
8640,test,0,0.0019227294
10323,test,0,0.0007157618
2485,test,0,0.0001319957
5693,test,0,1.7941738e-05
4189,test,0,0.0028776128
3116,test,0,0.0010848297
12,test,0,0.00052447105
609,test,0,0.008878086
3229,test,0,0.0021262923
4631,test,0,0.0006909607
10335,test,0,0.0006082234
9221,test,0,1.9462546e-05
7764,test,0,2.8819928e-05
10062,test,0,0.0006021706
621,test,0,0.0007466631
5559,test,0,0.003052873
7988,test,0,8.4314825e-06
8994,test,0,0.00064320327
2385,test,0,3.421518e-05
8945,test,0,0.0006909607
9839,test,0,0.00022763167
3,test,0,0.000733517
2103,test,0,0.00017969628
9202,test,0,0.0017062546
8928,test,0,0.009324947
3381,test,0,0.00010079363
10133,test,0,0.00049806066
8056,test,0,0.007035134
5990,test,0,0.0011313407
8580,test,0,0.00093307026
1707,test,0,0.00084941986
5474,test,0,1.3886642e-05
9619,test,0,0.0031107483
7761,test,0,0.0028908625
8713,test,0,0.0051924144
2144,test,0,0.00014326809
7271,test,0,1.1660273e-05
9903,test,0,0.0007886965
3769,test,0,0.0024973878
8920,test,0,0.0023616008
10527,test,0,0.0007930538
3453,test,0,5.9175054e-06
3005,test,0,1.3830341e-05
394,test,0,0.00018137615
2438,test,0,0.00028111998
10180,test,0,0.0009839383
6241,test,0,0.0011288036
396,test,0,0.00018137615
3886,test,0,8.675879e-05
7876,test,0,0.0035405613
195,test,0,0.00014644477
6982,test,0,0.00094787765
10918,test,0,0.0012686395
4341,test,0,0.004959879
10495,test,0,0.00067009573
1519,test,0,0.0016735285
2488,test,0,0.0045036925
10182,test,0,0.00034409753
9883,test,0,0.00014645816
8046,test,0,0.0001501007
681,test,0,0.0001501007
1705,test,0,0.0034493802
2033,test,0,0.0009595711
3181,test,0,0.0033616934
5772,test,0,9.893718e-05
1865,test,1,0.07803506
2979,test,0,6.337643e-05
7756,test,0,0.0014001946
9322,test,0,1.0484219e-05
691,test,0,0.00035980728
10175,test,0,0.0006021706
2051,test,0,0.0004796267
4180,test,0,1.8995732e-05
3297,test,0,0.017046772
7173,test,0,0.011572669
3206,test,0,2.0268777e-05
2999,test,0,2.4254345e-05
8094,test,0,2.9384259e-05
272,test,0,0.0031984404
10980,test,0,0.002548932
6967,test,0,0.00083688105
6300,test,0,0.0018731264
6041,test,0,1.1520746e-05
3883,test,0,2.7006261e-05
7370,test,0,1.47053315e-05
8522,test,0,0.00051475334
389,test,0,0.00085511256
819,test,0,3.395026e-05
8716,test,0,0.00033485368
4573,test,0,4.5857614e-05
7170,test,0,8.533935e-05
401,test,0,0.0013517024
8378,test,0,0.003160125
4052,test,0,0.00020786953
5977,test,0,0.00012140677
10292,test,0,0.0006033299
4394,test,0,7.208633e-06
2970,test,0,0.00028624595
4251,test,0,0.00023969838
8452,test,0,0.0028016996
7887,test,0,0.00042613797
1525,test,0,6.9740354e-06
5805,test,0,2.4149653e-05
4566,test,0,4.801922e-05
2354,test,0,0.0004888623
3377,test,0,0.00049583754
5975,test,0,0.0010836445
7861,test,0,0.0007827251
3783,test,0,0.00025770644
2431,test,0,0.00037720997
3286,test,0,0.00013408507
2298,test,0,3.647177e-05
9107,test,0,4.801912e-05
9078,test,0,0.00029054825
5770,test,0,1.0819976e-05
4051,test,0,0.0029548632
7262,test,0,1.7388196e-05
9300,test,0,0.0009988977
9615,test,0,4.801912e-05
4254,test,0,1.9799294e-05
2137,test,0,0.002329752
692,test,0,0.0013598304
3522,test,0,0.007044942
11025,test,0,0.00055448874
3211,test,0,4.1132207e-05
6710,test,0,0.0018579586
10552,test,0,0.0009636718
1517,test,0,0.00031225587
9655,test,0,3.601493e-05
5706,test,0,0.0004430054
6733,test,0,7.944704e-06
2114,test,0,0.00038538576
2264,test,0,0.00022763167
8535,test,0,3.460918e-05
9055,test,0,0.000742753
3202,test,0,4.801912e-05
5982,test,0,4.801912e-05
9895,test,0,0.0008096167
3655,test,0,0.0006389265
1667,test,0,0.00011944457
1246,test,0,0.0004040089
9906,test,0,0.0014316535
114,test,0,0.00010996369
7894,test,0,0.0025033746
10187,test,0,0.0025033746
2021,test,0,0.0009886961
3801,test,0,0.0006507451
1515,test,0,0.00011937619
8519,test,0,4.801869e-05
3774,test,0,0.00019656842
7177,test,0,4.719736e-05
8377,test,0,4.801912e-05
9934,test,0,4.801912e-05
3179,test,0,0.0011725245
2091,test,0,0.00013744133
6078,test,0,2.7331907e-05
11021,test,0,1.3748522e-05
9223,test,0,0.0008882265
4649,test,0,4.066845e-05
8059,test,0,0.00028175584
1675,test,0,0.009560469
2735,test,0,0.00011407738
2415,test,0,0.0004709496
2490,test,0,0.00021798066
9869,test,0,0.0009541604
3516,test,0,2.9874058e-05
7864,test,0,1.0883817e-05
4310,test,0,0.0002354889
1587,test,0,1.0630539e-05
3391,test,0,0.002995931
9620,test,0,0.0027633684
9550,test,0,1.9656025e-05
5985,test,0,1.1830345e-05
2884,test,0,8.057975e-06
5188,test,0,1.995763e-05
4494,test,0,4.801912e-05
6084,test,0,0.0003945712
9402,test,0,4.7932273e-05
4040,test,0,0.0027872096
7377,test,0,4.5449946e-05
10483,test,0,0.001588832
8751,test,0,0.0007335425
2749,test,0,0.002060203
7270,test,0,0.0004888623
7897,test,0,1.7935175e-05
10987,test,0,0.00024397006
5707,test,0,0.00299415
5327,test,0,7.669673e-06
8012,test,0,9.200558e-06
9954,test,0,8.2317194e-05
1624,test,0,1.6315445e-05
8583,test,0,0.00092126126
8346,test,0,0.0027097508
10447,test,0,1.0630539e-05
8088,test,0,0.0017667646
10488,test,0,0.0019375653
8300,test,0,0.0013621689
9217,test,0,0.018712588
10484,test,0,0.0036399378
1819,test,0,3.568726e-05
4143,test,0,0.00033757166
989,test,0,0.0011066
9324,test,0,0.0007786406
10487,test,0,0.0007045858
7178,test,0,9.305381e-05
9232,test,0,0.00024954538
1184,test,0,0.00014882105
1389,test,0,6.621344e-06
602,test,0,0.00012797615
2269,test,0,0.000119178265
3010,test,0,6.3740306e-05
7624,test,0,0.00015701052
4249,test,0,0.0041596578
4397,test,0,4.8386428e-05
4572,test,0,4.8386428e-05
8984,test,0,8.82633e-06
7399,test,0,0.0015877777
2377,test,0,0.0010238275
9238,test,0,2.1815915e-05
122,test,0,1.1163887e-05
2435,test,0,0.000105760024
3875,test,0,4.5449946e-05
4501,test,0,4.719739e-05
2434,test,0,0.0003637587
4426,test,0,4.0976644e-05
1394,test,0,0.00027776175
2894,test,0,4.801869e-05
5801,test,0,4.801912e-05
9081,test,0,0.0037865487
6589,test,0,0.0016867587
8341,test,0,0.0016189663
4312,test,0,0.00043455506
7435,test,0,0.00046397294
8226,test,0,0.00050199527
6083,test,0,0.008632378
8980,test,0,1.4723539e-05
5182,test,0,1.08190825e-05
618,test,0,0.00010334936
1709,test,0,0.0006389265
1514,test,0,0.00020322931
184,test,0,0.00023755521
8455,test,0,0.00023099135
2484,test,0,1.33610165e-05
7417,test,0,2.0305313e-05
9298,test,0,0.0014316535
9843,test,0,1.4688e-05
4182,test,0,5.791905e-06
10056,test,0,2.0600448e-05
2421,test,0,0.0011775577
8654,test,0,0.00023376504
5798,test,0,0.0010015832
5598,test,0,8.5274705e-06
10533,test,0,0.0009463071
10860,test,0,0.0021075057
2113,test,0,0.0007142497
3599,test,0,4.9855877e-05
8064,test,0,0.0010141089
838,test,0,0.0026696585
9307,test,0,3.527544e-05
8977,test,0,0.0017543612
3395,test,0,0.0025517424
7767,test,0,2.6675327e-05
2130,test,0,3.3711487e-05
7157,test,0,0.0027620003
5205,test,0,1.7848506e-05
4560,test,0,2.2510549e-05
10189,test,0,0.00014882105
10863,test,0,0.00015091071
393,test,0,0.00078484416
6844,test,0,0.004660504
4495,test,0,9.0923095e-05
7633,test,0,0.00043245562
1582,test,0,0.0014316535
9230,test,0,0.00044411595
9241,test,0,2.3372819e-05
2364,test,0,0.00015128758
10450,test,0,5.547695e-06
5204,test,0,9.0572175e-06
9669,test,0,0.0002807947
1664,test,0,0.000720724
9956,test,0,7.4252705e-05
7883,test,0,7.741431e-06
2152,test,0,5.413425e-05
8933,test,0,0.00022763167
1474,test,0,0.00078302925
2427,test,0,0.0001865939
8015,test,0,0.0029321637
2025,test,0,0.00029054825
1479,test,0,0.00229103
3777,test,0,1.22541605e-05
1370,test,0,4.8766964e-05
5783,test,0,5.8362242e-05
844,test,0,3.217299e-05
6721,test,0,7.707256e-05
10288,test,0,0.00043269564
7227,test,0,8.714782e-06
4330,test,0,0.0004888623
8517,test,0,7.7244484e-05
3219,test,0,9.28116e-06
7226,test,0,0.0005027264
8058,test,0,1.5306025e-05
2026,test,0,1.4760189e-05
4337,test,0,0.00077353185
7900,test,0,1.45383265e-05
982,test,0,0.00036038712
4187,test,0,0.0012361101
11018,test,0,1.2259563e-05
4504,test,0,0.00056270824
5802,test,0,5.1143597e-05
204,test,0,1.0074687e-05
84,test,0,0.0002212598
9625,test,0,1.6489235e-05
8325,test,0,0.00012802574
8642,test,0,0.00026858167
10785,test,0,0.00045741565
3183,test,0,1.7180988e-05
682,test,0,9.368377e-05
9628,test,0,9.658224e-05
3185,test,0,8.198775e-05
9872,test,0,1.9040357e-05
8319,test,0,0.00044171655
7113,test,0,6.533758e-05
5791,test,0,0.0022376243
1369,test,0,0.0001627437
9866,test,0,5.4683598e-05
9680,test,0,4.1630097e-05
3594,test,0,0.015986301
1699,test,0,0.014704937
2344,test,0,0.00010159331
9815,test,0,9.518723e-05
9060,test,0,2.4325429e-05
7112,test,0,1.7071201e-05
10445,test,0,0.00018556559
8373,test,0,2.9841494e-05
10669,test,0,0.0003120851
10681,test,0,0.001186514
10796,test,0,0.00016742758
8702,test,0,0.0041596578
7924,test,0,0.0021753667
5767,test,0,0.0026839843
6319,test,0,0.002271246
8989,test,0,0.0005701157
7259,test,0,0.00016311566
235,test,0,5.7918983e-06
4257,test,0,0.0004709496
1594,test,0,1.2083684e-05
8930,test,0,0.0015503055
9398,test,0,0.002995845
5962,test,0,0.00015245494
1194,test,0,9.398413e-06
3600,test,0,4.1048304e-05
8697,test,0,0.0025033746
8293,test,0,0.002215782
10793,test,0,0.00014644756
2369,test,0,0.0007786406
10054,test,0,0.00016654626
10480,test,0,1.3096559e-05
6962,test,0,7.493008e-05
7216,test,0,0.00096691714
9233,test,0,0.0013571187
5807,test,0,1.7302416e-05
3676,test,0,9.87155e-06
7200,test,0,0.0001035277
10420,test,0,1.5231602e-05
7623,test,0,4.544986e-05
623,test,0,4.801912e-05
5335,test,0,0.00030173126
690,test,0,1.52316115e-05
2093,test,0,3.2449734e-05
2014,test,0,7.188114e-06
7770,test,0,1.1824221e-05
2962,test,0,3.369496e-05
8577,test,0,0.003046023
4043,test,0,0.0069223754
7638,test,0,0.00012260943
3198,test,0,8.556665e-06
6586,test,0,0.0027167024
10319,test,0,0.0026719652
3390,test,0,0.00011898108
637,test,0,1.1875442e-05
4623,test,0,0.0022453307
1415,test,0,0.0044715307
8991,test,0,5.516749e-06
1620,test,0,6.5940985e-06
6712,test,0,0.0007430052
2273,test,0,5.0325547e-05
3882,test,0,1.3547733e-05
970,test,0,5.3124836e-06
1234,test,0,2.8023973e-05
1530,test,0,8.021509e-05
5221,test,0,3.962448e-05
10142,test,0,0.0008966546
8723,test,0,4.4481785e-05
9674,test,0,4.4481785e-05
3122,test,0,0.0018297264
9940,test,0,0.00042409333
6239,test,0,0.0003015657
7856,test,0,6.520462e-05
3292,test,0,0.0003190152
9805,test,0,4.674914e-05
9881,test,0,1.267233e-05
9325,test,0,1.7433184e-05
2168,test,0,0.00067009573
3557,test,0,7.859245e-05
7984,test,0,8.506126e-05
7382,test,0,0.0001072497
1814,test,0,1.2559755e-05
5601,test,0,7.687972e-06
9824,test,0,8.198775e-05
9671,test,0,0.00046506795
5976,test,0,0.0001558566
7412,test,0,0.00016044734
11041,test,0,2.7966402e-05
203,test,0,0.00048530695
10992,test,0,0.00016376036
5330,test,0,6.953245e-05
8641,test,0,0.0034493802
9613,test,0,4.1727326e-05
8769,test,0,3.7660477e-05
2134,test,0,0.0019693507
5475,test,0,0.0012308437
9404,test,0,4.262123e-05
5605,test,0,0.00045505396
3190,test,0,0.00019443926
3657,test,0,0.0021753667
7116,test,0,1.0520141e-05
4603,test,0,0.0004709496
1824,test,0,0.0016487235
3530,test,0,0.0005872811
5217,test,0,2.2034059e-05
2289,test,0,0.00011164458
3776,test,0,0.00014171339
4339,test,0,8.108974e-06
2381,test,0,0.00026718806
5342,test,0,0.0032385874
8919,test,0,0.00017057967
5336,test,0,0.00020516072
128,test,0,0.0011629941
1716,test,0,0.00020786953
4569,test,0,3.9020848e-05
7925,test,0,7.7808276e-05
7705,test,0,0.0008443958
188,test,0,0.00022763167
3603,test,0,0.0007194415
5195,test,0,0.0007207285
8572,test,0,0.0002730688
10326,test,0,7.923251e-05
5785,test,0,1.4225334e-05
4430,test,0,0.00051657757
5603,test,0,0.00012727156
3514,test,0,0.00084038643
8712,test,0,0.0029321637
1614,test,0,0.0017312614
5612,test,0,0.00012982212
6970,test,0,0.0009463071
986,test,0,1.767336e-05
2985,test,0,6.2899335e-06
9653,test,0,0.00061085675
4145,test,0,0.0001924417
10525,test,0,0.00044021456
1240,test,0,5.2862592e-06
7223,test,0,0.00026907018
10350,test,0,0.0020636488
8051,test,0,9.655886e-06
193,test,0,4.77555e-05
8709,test,0,0.0005501688
8942,test,0,0.00039791496
8755,test,0,6.2054937e-06
395,test,0,6.2054937e-06
2355,test,0,6.8548898e-06
5611,test,0,4.801869e-05
2910,test,0,0.00021301946
6706,test,0,0.0003428329
1376,test,0,1.9592844e-05
5176,test,0,0.0027926029
3671,test,0,0.00029574824
2410,test,0,2.4337844e-05
9219,test,0,0.0038256885
2755,test,0,0.0022464364
9173,test,0,0.007276973
6718,test,0,0.0021532802
4175,test,0,3.125282e-05
228,test,0,0.0027844294
4387,test,0,0.0019168669
8982,test,0,0.0017706803
10138,test,0,0.0037479205
8575,test,0,0.005434547
9603,test,0,0.0010460346
9667,test,0,0.00010074319
1713,test,0,0.002736539
6317,test,0,2.554822e-05
4620,test,0,1.1211055e-05
2050,test,0,0.0008410578
2030,test,0,6.611178e-06
4260,test,0,0.0006389265
5270,test,0,0.00070591713
1372,test,0,0.0006852392
1602,test,0,0.0005678406
8764,test,0,0.0009839383
9064,test,0,0.0004418681
8352,test,0,0.0018243132
2977,test,0,0.000853717
2371,test,0,0.0052892864
2352,test,0,5.3957625e-05
10784,test,0,0.0010120901
190,test,0,0.00015744081
8649,test,0,4.518309e-05
7442,test,0,0.00013311727
7002,test,0,0.0010305945
8934,test,0,0.0017755309
7928,test,0,0.0010121125
7404,test,1,0.39078093
9732,test,0,0.0039107488
9687,test,0,0.001039327
4608,test,0,1.635759e-05
2142,test,0,0.0011970164
3477,test,0,0.002783672
3670,test,0,0.0021232502
3552,test,0,0.026878377
2965,test,0,0.00013726541
9165,test,0,0.0028364635
7202,test,0,0.014769839
7992,test,0,6.983994e-05
6591,test,0,0.0020201223
9406,test,0,0.000121335346
1668,test,0,0.00030824915
6720,test,0,0.00067592884
10706,test,0,0.00013324474
4177,test,0,0.0051797647
1580,test,0,0.0011348838
1622,test,0,2.3075203e-05
5606,test,0,0.00077745534
3121,test,0,2.7881148e-05
5648,test,0,0.0007045858
2140,test,0,3.9526545e-05
3194,test,0,3.717818e-05
8450,test,0,0.00024397006
7369,test,0,4.545001e-05
3683,test,0,7.545313e-05
4317,test,0,0.0042177313
7987,test,0,5.9958715e-05
4174,test,0,0.0003799482
987,test,0,3.972205e-06
7424,test,0,0.0013895159
4640,test,0,4.6809015e-05
6708,test,0,0.012069342
3001,test,0,2.0380043e-05
4616,test,0,8.580182e-06
11028,test,0,0.0020226256
7274,test,0,0.0014235649
2437,test,0,2.4991721e-05
7174,test,0,3.9412353e-05
6997,test,0,2.5646947e-05
9665,test,0,1.4500863e-05
6974,test,0,9.017154e-06
2986,test,0,1.6788363e-05
9909,test,0,7.1929535e-06
2418,test,0,0.0014629236
2104,test,0,0.00043269564
5206,test,0,1.1276339e-05
1670,test,0,0.0012686395
7697,test,0,0.0006389265
7709,test,0,0.0006389265
3604,test,0,1.9577683e-05
9313,test,0,0.0009746826
2972,test,0,0.0025092326
9045,test,0,0.0017798443
3664,test,0,0.0028539058
5179,test,0,0.0011081869
197,test,0,5.712494e-05
8990,test,0,0.0004917554
5695,test,0,9.521661e-05
6719,test,0,2.5550016e-05
5998,test,0,0.00010974007
694,test,0,9.852998e-06
8230,test,0,0.00020691211
8718,test,0,0.00059529213
3454,test,0,0.0007271138
10412,test,0,8.1613754e-05
5216,test,0,0.000119178265
10192,test,0,3.3372817e-05
10985,test,0,5.779674e-05
3466,test,0,0.0015102267
7004,test,0,0.0025742082
3397,test,0,0.0011066
7429,test,0,0.0008743618
7923,test,0,0.0014316535
1592,test,0,0.0045437478
2107,test,0,0.00029484142
8881,test,0,0.0027113
847,test,0,4.136381e-05
5175,test,0,0.0004709496
1188,test,0,0.0001680039
8290,test,0,1.1502364e-05
3542,test,0,0.00011430585
9072,test,0,0.00069096335
7371,test,0,2.4794912e-05
2102,test,0,0.00933111
6973,test,0,0.00010454875
6984,test,0,0.000742753
2345,test,0,1.0429558e-05
7978,test,0,0.0004617124
8333,test,0,0.00046506795
9833,test,0,0.00017851894
3379,test,0,0.00019197207
123,test,0,0.0005209556
7439,test,0,0.0006853621
3674,test,0,1.22632155e-05
2272,test,0,0.00021902022
2263,test,0,1.8041175e-05
2136,test,0,0.00047298495
5325,test,0,0.000742753
2038,test,0,0.00029054825
1672,test,0,3.0497506e-05
3178,test,0,0.0009791245
4334,test,0,1.2441257e-05
4138,test,0,6.697533e-05
1621,test,0,7.1929503e-06
8337,test,0,4.9741724e-05
10993,test,0,0.0008700949
1404,test,0,0.00012671211
4395,test,0,1.3655586e-05
2374,test,0,0.0015304722
1708,test,0,0.018052394
1717,test,0,0.00010214012
4331,test,0,0.000628588
5539,test,0,0.0018622057
7758,test,0,5.1135285e-05
4382,test,0,0.0041596578
10061,test,0,0.00053779595
640,test,0,0.00026679697
3474,test,0,1.8221648e-05
10862,test,0,0.00021968225
3528,test,0,0.00024954116
180,test,0,0.00010680832
2094,test,0,0.00015091071
10363,test,0,0.000444363
4431,test,0,1.7096652e-05
5665,test,0,1.792634e-05
610,test,0,2.2288015e-05
11035,test,0,7.5999533e-06
1657,test,0,3.380704e-05
9540,test,0,0.0028767018
8227,test,0,2.5594032e-05
975,test,0,2.5594032e-05
10534,test,0,9.867135e-05
2045,test,0,0.0010783855
9044,test,0,0.0022035877
1529,test,0,0.00028955936
9242,test,0,0.00010500345
7366,test,0,2.0915382e-05
1384,test,0,2.1158157e-05
7434,test,0,2.0350113e-05
4314,test,0,0.0021431209
1704,test,0,0.0004856116
7149,test,0,6.604316e-05
5542,test,0,0.0038177753
5786,test,0,4.4770695e-05
5489,test,0,0.013489736
9158,test,0,5.0318155e-05
2360,test,0,3.9584695e-05
5482,test,0,0.0017783676
2753,test,0,0.002630559
3476,test,0,0.00019564672
5689,test,0,2.835885e-05
8369,test,0,7.1786686e-05
9171,test,0,4.3930195e-05
1601,test,0,1.7027072e-05
7211,test,0,2.364801e-05
2904,test,0,2.4812669e-05
7868,test,0,0.0003120851
5561,test,0,0.0019693507
5781,test,0,0.00038416506
6985,test,0,4.994967e-05
7993,test,0,0.0015814304
9878,test,0,0.0005166875
3781,test,0,0.0022137375
1813,test,0,0.0019654362
6700,test,0,0.001846135
1673,test,0,0.0023937311
6231,test,0,0.00046740661
9813,test,0,0.00034855524
7687,test,0,0.0027113
8093,test,0,0.0008397549
2963,test,0,2.7385717e-05
4340,test,0,0.0004517112
7874,test,0,0.00030295545
10861,test,0,0.0013201856
10545,test,0,0.000305585
1712,test,0,0.0006909607
3290,test,0,0.0012808441
9814,test,0,8.257121e-05
842,test,0,1.1352363e-05
9213,test,0,0.00084749376
10296,test,0,0.001928623
8283,test,0,0.003128177
4635,test,0,0.00028251013
9948,test,0,1.0984467e-05
8937,test,0,0.0013362477
3208,test,0,0.00052488135
9157,test,0,1.1762496e-05
10058,test,0,0.00080230745
5168,test,0,2.6774287e-05
5969,test,0,8.694131e-06
9666,test,0,8.694131e-06
227,test,0,0.0010839256
8700,test,0,0.0021387506
3681,test,0,0.0015268298
6304,test,0,1.3466023e-05
3885,test,0,0.0014377263
625,test,0,9.788563e-05
4575,test,0,0.0020922357
3595,test,0,0.00018141714
9859,test,0,0.0007045858
5218,test,0,3.75543e-05
7427,test,0,2.5614629e-05
3785,test,0,1.9933317e-05
2161,test,0,2.6718186e-05
2987,test,0,9.660435e-05
5664,test,0,8.7767485e-06
8018,test,0,5.18532e-05
2156,test,0,0.00029054825
8979,test,0,3.904263e-06
7862,test,0,0.00061659515
6732,test,0,0.0003656416
1482,test,0,1.038153e-05
4248,test,0,0.00029054825
9175,test,0,4.6240704e-05
9086,test,0,0.00062375976
1189,test,0,3.6563935e-05
9656,test,0,3.9319984e-06
4567,test,0,1.0819976e-05
9894,test,0,0.003046023
990,test,0,0.0027049654
2487,test,0,0.00014342483
11023,test,0,0.0015559607
3236,test,0,7.952094e-06
1401,test,0,0.0035079499
7017,test,0,1.6957887e-05
9087,test,0,0.0008410578
7754,test,0,6.9848843e-06
9842,test,0,7.619309e-06
5774,test,0,0.0020762833
2375,test,0,1.06767775e-05
9896,test,0,0.00084941986
6988,test,0,0.0013153155
6730,test,0,0.00033946134
5487,test,0,0.00046020158
284,test,0,9.708552e-06
3789,test,0,5.6273025e-06
3197,test,0,8.093127e-06
2115,test,0,0.0014609508
8532,test,0,7.7244484e-05
5711,test,0,5.6273025e-06
8988,test,0,0.0048930594
2151,test,0,0.0006389265
2270,test,0,0.001142834
8708,test,0,0.0003293429
8083,test,0,4.1162282e-05
9534,test,0,4.3414428e-05
2119,test,0,4.3414428e-05
7627,test,0,2.723311e-05
8566,test,0,2.723311e-05
231,test,0,0.012052042
2128,test,0,1.3149967e-05
1400,test,0,6.983994e-05
10177,test,0,4.050366e-05
7267,test,0,0.0018074854
7699,test,0,1.73576e-05
10355,test,0,1.3168615e-05
5224,test,0,0.00057975407
3596,test,0,1.631904e-05
2039,test,0,1.3524711e-05
8995,test,0,2.3981453e-05
121,test,0,0.009119697
5993,test,0,0.0022073532
9812,test,0,2.6419928e-05
2267,test,0,0.0022073623
10542,test,0,9.280483e-06
10424,test,0,0.00078514416
3791,test,0,0.0022073623
8643,test,0,0.008393028
1192,test,0,0.00010205248
10419,test,0,0.008713863
6858,test,0,2.8823073e-05
196,test,0,4.9481518e-05
5961,test,0,6.254525e-05
2441,test,0,6.254525e-05
3461,test,0,4.6455357e-06
7865,test,0,0.00012272676
7208,test,0,0.00029054825
10176,test,0,0.00018137615
1596,test,0,0.00018645673
3199,test,0,3.305788e-05
7870,test,0,2.993165e-06
9288,test,0,3.949481e-06
10910,test,0,0.00019305646
134,test,0,9.278233e-06
8065,test,0,4.8679526e-06
10694,test,0,0.00027177192
8372,test,0,0.00018137615
9904,test,0,9.45452e-06
1610,test,0,4.6455384e-06
8451,test,0,9.609811e-05
6838,test,0,3.90426e-06
3385,test,0,0.000298875
1600,test,0,0.00042073245
9095,test,0,4.5449797e-05
1337,test,0,0.00042073245
86,test,0,3.0696451e-06
1395,test,0,8.466011e-06
7438,test,0,6.3298303e-06
1817,test,0,2.0511774e-05
3795,test,0,9.6778485e-06
8223,test,0,3.4576635e-06
2442,test,0,8.133571e-06
2726,test,0,0.00025526335
687,test,0,1.9406954e-05
830,test,0,0.0021075057
9912,test,0,0.00047467952
821,test,0,0.0001472106
8981,test,0,0.00042073245
10521,test,0,8.0977e-05
9228,test,0,3.1082639e-06
5595,test,0,3.253145e-05
9280,test,0,0.0015494811
5966,test,0,0.0023294778
8379,test,0,0.0030850652
2027,test,0,1.4033087e-05
7751,test,0,2.4230785e-05
4146,test,0,0.0009161921
261,test,0,4.77374e-05
8893,test,0,0.00083452836
2754,test,0,6.9158573e-06
9068,test,0,0.0022549336
10551,test,0,0.008036602
9911,test,0,6.670483e-06
4258,test,0,6.5941117e-06
19,test,0,0.00071792287
1345,test,0,0.0004056037
7871,test,0,0.00010253042
1187,test,0,0.0007718372
9612,test,0,0.00046020158
9102,test,0,1.26956265e-05
10172,test,0,1.0482935e-05
10701,test,0,1.1005388e-05
10422,test,0,1.2695659e-05
6854,test,0,5.312495e-06
6725,test,0,0.0006389265
10414,test,0,0.00068240636
10909,test,0,1.1220478e-05
10494,test,0,0.0023137312
10423,test,0,0.0011952561
4032,test,0,0.0010056173
7436,test,0,1.9015519e-05
4614,test,0,0.0016559903
4183,test,0,0.01631394
104,test,0,0.0038187013
2902,test,0,2.4905814e-05
1350,test,0,0.0023204468
6234,test,0,0.0050219363
9400,test,0,0.037908215
7365,test,0,0.00011427026
6728,test,0,2.8166553e-05
7411,test,0,0.0020558652
3532,test,0,0.0008931486
10981,test,0,0.013492051
9951,test,0,7.853566e-06
9685,test,0,1.6844502e-05
5209,test,0,0.006500213
3884,test,0,8.67438e-06
10453,test,0,0.00010366126
1644,test,0,0.0010825859
3118,test,0,9.901743e-06
5775,test,0,0.0014432479
8010,test,0,0.0013930377
10368,test,0,8.8118395e-06
5779,test,0,1.30120525e-05
685,test,0,1.38272835e-05
5806,test,0,0.0010058259
7628,test,0,1.172774e-05
5778,test,0,0.00090991665
832,test,0,8.633075e-06
10295,test,0,4.4112494e-05
2751,test,0,0.007890661
859,test,0,6.712366e-05
10696,test,0,5.5192035e-05
5169,test,0,0.024495259
5180,test,0,0.0032054877
9901,test,0,6.1008803e-05
9952,test,0,0.00030094176
2055,test,0,2.2190932e-05
1354,test,0,0.00010937733
4557,test,0,0.00014882105
7877,test,0,1.2254359e-05
10135,test,0,2.8670158e-05
1491,test,0,0.0021366475
3536,test,0,0.0012727382
7426,test,0,0.001990142
10801,test,0,0.00017741411
202,test,0,0.00020930362
4612,test,0,1.3200896e-05
2023,test,0,3.884007e-05
6972,test,0,2.075611e-05
7926,test,0,0.00028846166
9728,test,0,0.0038177753
7636,test,0,0.0017471013
7708,test,0,4.13483e-05
3383,test,0,0.00027835468
977,test,0,5.4711214e-05
7378,test,0,0.0015772367
10986,test,0,0.00085511256
3152,test,0,3.6643763e-05
3132,test,0,2.5729181e-05
2092,test,0,0.0006047681
4564,test,0,0.00020290559
6853,test,0,2.4325456e-05
5991,test,0,0.0011066609
4383,test,0,2.4325365e-05
9679,test,0,0.0004104038
9725,test,0,2.4812865e-05
282,test,0,0.00024556273
1397,test,0,0.0015595318
8757,test,0,0.0014316535
9286,test,0,0.0011311559
3002,test,0,0.0011066
4256,test,0,0.01940654
9537,test,0,9.9000055e-05
5223,test,0,7.88705e-05
10802,test,0,3.6017962e-05
8573,test,0,0.0027113
6387,test,0,0.00023196678
5200,test,0,3.5796373e-05
3125,test,0,0.000106826534
5655,test,0,0.0002114541
5220,test,0,7.878277e-05
6703,test,0,0.0004709496
10523,test,0,1.8085393e-05
5543,test,0,5.791905e-06
3380,test,0,0.001890433
3283,test,0,8.066926e-06
9312,test,0,0.0004709496
1487,test,0,0.00014171339
7169,test,0,0.00011164458
8650,test,0,1.2294026e-05
8294,test,0,5.7919165e-06
8579,test,0,0.0016029133
5337,test,0,5.791893e-06
9216,test,0,5.957961e-06
3682,test,0,0.00049806066
403,test,0,0.00022873055
7854,test,0,0.0013201856
10856,test,0,3.0735628e-05
5795,test,0,1.9437872e-05
9865,test,0,5.662267e-05
7630,test,0,0.0006909607
192,test,0,1.3371282e-05
8691,test,0,0.0018770725
2099,test,0,0.00016163182
7760,test,0,0.00021347166
1611,test,0,0.0009608645
9049,test,0,1.1128898e-05
6305,test,0,7.9935395e-05
10919,test,0,1.9476134e-05
3450,test,0,0.00017308413
6727,test,0,9.175521e-06
1347,test,0,0.00028251013
5812,test,0,0.00024173417
9310,test,0,0.0008443958
1475,test,0,0.0028908625
9164,test,0,1.6532864e-05
2893,test,0,0.0026129785
402,test,0,2.9401197e-05
5780,test,0,0.0007045858
4424,test,0,0.0015023135
823,test,0,1.10828105e-05
9544,test,0,0.0126715
9281,test,0,0.00023068384
1615,test,0,3.141261e-05
9935,test,0,0.0007002715
139,test,0,0.00023068384
10991,test,0,0.0015362455
1663,test,0,0.0005382156
1342,test,0,0.00013606747
6593,test,0,8.30236e-06
2141,test,0,1.3723482e-05
8985,test,0,8.728193e-05
9717,test,0,0.0019271224
1336,test,0,1.164332e-05
7158,test,0,0.0007930538
4605,test,0,1.0801739e-05
1720,test,0,4.018046e-06
8004,test,0,0.0002465618
9403,test,0,0.0002465618
6391,test,0,8.3902974e-05
8449,test,0,8.613852e-05
689,test,0,0.0001924417
4038,test,0,0.0003799482
8298,test,0,7.0469328e-06
2419,test,0,3.8869757e-06
6731,test,0,0.009063616
5608,test,0,3.074497e-05
2908,test,0,0.0003256337
7176,test,0,3.0696451e-06
6069,test,0,0.00018137615
10140,test,0,1.5064469e-05
6859,test,0,0.00029054825
2918,test,0,3.9042557e-06
2351,test,0,0.00029054825
976,test,0,0.00029054825
5654,test,0,3.0696428e-06
8941,test,0,0.00051766855
3130,test,0,3.9042543e-06
4489,test,0,0.00018412895
7688,test,0,0.00039791845
3215,test,0,3.904254e-06
9302,test,0,0.00021301946
8006,test,0,3.762835e-05
7224,test,0,3.9494707e-06
253,test,0,1.9933666e-05
10362,test,0,4.8018614e-05
7896,test,0,3.9722036e-06
4142,test,0,7.046931e-06
187,test,0,4.2764095e-05
115,test,0,1.9312769e-05
9960,test,0,0.00039246914
1863,test,0,0.011487927
3524,test,0,3.9042498e-06
127,test,0,6.030075e-05
4132,test,0,2.0116917e-05
3555,test,0,2.648497e-05
8939,test,0,0.0023294778
9314,test,0,0.0022153794
8685,test,0,0.00032239713
5768,test,0,1.4987368e-05
5277,test,0,0.0010141089
9818,test,0,0.0029548632
10349,test,0,0.00084941986
2379,test,0,0.0010141089
5331,test,0,7.952095e-06
6034,test,0,0.00092126126
179,test,0,1.3607588e-05
5994,test,0,1.8019515e-05
1849,test,0,5.5937777e-05
2122,test,0,2.5718968e-05
5699,test,0,1.2881897e-05
9731,test,0,1.2881897e-05
3545,test,0,0.001588832
9547,test,0,0.0017508721
4391,test,0,8.044203e-06
2013,test,0,2.0701245e-05
8588,test,0,2.0347134e-05
2024,test,0,7.3161073e-06
9106,test,0,0.0009392881
8695,test,0,0.0008898477
10417,test,0,0.0008698237
10908,test,0,1.49586685e-05
1375,test,0,6.775682e-06
5988,test,0,0.0010932527
254,test,0,1.3530182e-05
6969,test,0,0.0011744314
9538,test,0,5.3740105e-06
3182,test,0,0.0008481204
8687,test,0,5.312492e-06
3146,test,0,7.1929503e-06
6038,test,0,1.30958e-05
5766,test,0,1.0630542e-05
2966,test,0,8.548182e-06
3549,test,0,7.1929535e-06
10640,test,0,1.1573764e-05
1367,test,0,5.4049383e-06
3490,test,0,0.00066350715
7275,test,0,1.0213835e-05
183,test,0,0.0026696585
4263,test,0,0.0013792288
5691,test,0,1.689607e-05
10354,test,0,1.9863759e-05
9065,test,0,0.0019414598
270,test,0,1.1028566e-05
8330,test,0,6.6597854e-06
8763,test,0,5.3262315e-06
2016,test,0,5.312474e-06
10333,test,0,8.278462e-06
267,test,0,0.003232094
7014,test,0,5.3124772e-06
5210,test,0,0.00086779374
239,test,0,1.5266702e-05
1662,test,0,0.0026738455
133,test,0,1.2238537e-05
10700,test,0,5.3124922e-06
8533,test,0,3.4498265e-05
4168,test,0,1.1732075e-05
6074,test,0,3.581071e-05
9090,test,0,0.0021013245
6976,test,0,0.002811533
5173,test,0,0.04238138
9080,test,0,1.3246388e-05
5267,test,0,0.017623354
3228,test,0,0.005291947
7402,test,0,0.0021262923
1403,test,0,0.0005596217
1411,test,0,0.0048630494
5274,test,0,2.8883263e-05
5571,test,0,0.042495023
9079,test,0,8.058991e-06
6393,test,0,1.7025688e-05
3465,test,0,0.002912003
7408,test,0,6.097656e-05
10790,test,0,9.533622e-06
4039,test,0,1.0635051e-05
2734,test,0,0.00020617589
3668,test,0,0.0021795873
10518,test,0,1.7025688e-05
9854,test,0,4.7479425e-05
2727,test,0,4.7479425e-05
9308,test,0,0.0018533963
8921,test,0,9.28431e-06
8049,test,0,0.08298355
628,test,0,2.5206082e-05
7983,test,0,0.00090991665
1490,test,0,8.350619e-05
3451,test,0,1.3246369e-05
10526,test,0,7.475087e-05
8291,test,0,1.1987793e-05
7253,test,0,1.0974382e-05
9902,test,0,0.0015192776
7892,test,0,0.0015192776
8940,test,0,0.00014386442
4267,test,0,2.7101378e-05
7893,test,0,0.0007007165
4610,test,0,3.300135e-05
8234,test,0,0.0002582667
2976,test,0,0.0001320639
9822,test,0,0.00015091071
1825,test,0,0.00010614339
8530,test,0,0.00014882105
9099,test,0,0.00014882105
10711,test,0,0.0013561998
6742,test,0,0.0006609084
1850,test,0,0.00087657914
2118,test,0,0.0013474331
1399,test,0,0.0005693727
7701,test,0,0.00036444553
11034,test,0,0.00013505858
8457,test,0,0.00017321977
8374,test,0,2.0434067e-05
4496,test,0,9.176435e-06
8648,test,0,0.000121724544
9167,test,0,3.9701794e-05
288,test,0,1.0865212e-05
5191,test,0,3.917752e-05
5171,test,0,2.170189e-05
5203,test,0,0.0006267572
5964,test,0,0.0004520276
9682,test,0,0.00044315078
2417,test,0,0.0006304502
9809,test,0,1.5166604e-05
7251,test,0,2.258575e-05
2154,test,0,0.0006656776
9670,test,0,0.00034124823
10293,test,0,0.00043376148
9735,test,0,4.4456025e-05
10911,test,0,0.0021945697
7428,test,0,2.532728e-05
1721,test,0,2.532728e-05
5181,test,0,5.529695e-05
10983,test,0,0.00055445824
2426,test,0,1.4489709e-05
6086,test,0,0.0014103083
1485,test,0,2.315613e-05
6987,test,0,0.0006127513
1402,test,0,2.6535132e-05
2032,test,0,0.00017948488
3669,test,0,0.00038263714
4261,test,0,0.00010616674
10693,test,0,0.0013222881
3876,test,0,0.0025156944
7693,test,0,1.39471385e-05
10650,test,0,1.4563456e-05
4050,test,0,6.121422e-05
9944,test,0,6.808895e-05
6596,test,0,1.6495409e-05
4617,test,0,1.3784323e-05
1492,test,0,6.87283e-05
2728,test,0,0.0013806472
5800,test,0,0.00012797615
281,test,0,1.7224429e-05
7423,test,0,2.2093267e-05
5,test,0,1.402418e-05
6704,test,0,0.0004856116
9689,test,0,1.3784333e-05
6998,test,0,1.4434749e-05
9657,test,0,0.002042195
10982,test,0,0.0004157725
7020,test,0,0.0004856116
3133,test,0,4.163012e-05
2895,test,0,0.00024382767
5968,test,0,3.3581517e-05
10644,test,0,0.0020855062
4624,test,0,0.00082214875
9226,test,0,0.0034493802
8943,test,0,1.7071216e-05
7919,test,0,2.474887e-05
9941,test,0,5.6753222e-05
2353,test,0,0.0018722892
7214,test,0,4.9053673e-05
4493,test,0,0.00028493712
2744,test,0,4.9935956e-05
9627,test,0,0.00048445308
2160,test,0,0.0026004745
5713,test,0,0.002428115
4046,test,0,2.4806985e-05
4639,test,0,5.7358586e-05
3538,test,0,0.0039518904
8340,test,0,4.994966e-05
3200,test,0,3.1949818e-05
3680,test,0,0.0014316535
8986,test,0,0.004391571
9817,test,0,0.000106955544
283,test,0,0.011746757
8938,test,0,0.0062911776
826,test,0,0.00018233222
849,test,0,5.4941378e-05
3518,test,0,0.00016681066
7407,test,0,1.894124e-05
2165,test,0,0.00019560893
3788,test,0,0.00022409885
138,test,0,7.0121514e-06
7886,test,0,0.0002086001
8574,test,0,0.0005701157
9224,test,0,4.3809618e-05
7255,test,0,3.1578005e-05
10416,test,0,0.0005021639
5663,test,0,0.0033668978
242,test,0,0.0005701157
840,test,0,0.0005701157
3237,test,0,5.791906e-06
3556,test,0,0.0004709496
7279,test,0,0.00012788404
391,test,0,0.00011665666
9601,test,0,0.0004709496
10695,test,0,5.791893e-06
8016,test,0,5.791893e-06
6584,test,0,1.454473e-05
1647,test,0,3.7265258e-05
9939,test,0,0.0016103006
9598,test,0,7.026294e-05
5344,test,0,8.947708e-06
3134,test,0,5.791906e-06
5546,test,0,0.0016542126
131,test,0,0.00011164458
4047,test,0,6.014616e-06
3230,test,0,0.0007450025
1692,test,0,5.791895e-06
6085,test,0,5.8589694e-06
7878,test,0,5.8589694e-06
2111,test,0,0.0011913042
10671,test,0,0.0008943661
10449,test,0,0.0008943661
5970,test,0,0.0008943661
130,test,0,7.532804e-06
1398,test,0,0.0019365632
135,test,0,1.7643491e-05
5276,test,0,4.9343147e-05
8232,test,0,0.00076459296
6705,test,0,9.080635e-06
5323,test,0,2.5225077e-05
10638,test,0,0.00021347024
827,test,0,0.002919544
20,test,0,2.7954178e-05
6857,test,0,9.23868e-06
6390,test,0,0.00044642598
9321,test,0,8.597931e-06
8295,test,0,8.499485e-06
4392,test,0,8.499484e-06
5653,test,0,0.0011440438
3128,test,0,8.499486e-06
9855,test,0,0.0008443958
2012,test,0,2.245361e-05
9864,test,0,0.0007329198
7916,test,0,1.3473308e-05
10789,test,0,0.0004845097
5792,test,0,1.4284644e-05
2110,test,0,6.0397677e-05
822,test,0,6.4017164e-05
8086,test,0,0.002367095
8890,test,0,8.477482e-06
10532,test,0,0.0005701948
4570,test,0,1.826922e-05
973,test,0,1.4587968e-05
626,test,0,1.1727707e-05
814,test,0,0.0011108501
5650,test,0,1.4587968e-05
1651,test,0,9.79625e-06
8698,test,0,3.7714257e-05
240,test,0,7.98014e-06
2432,test,0,7.98014e-06
2162,test,0,2.9240047e-05
2358,test,0,2.8326303e-05
256,test,0,0.0007194415
10183,test,0,2.3642599e-05
9624,test,0,1.15634575e-05
6699,test,0,0.00073124707
2299,test,0,1.1241144e-05
8514,test,0,0.0005418002
5341,test,0,9.871525e-06
4621,test,0,1.0801766e-05
7225,test,0,9.315083e-06
9806,test,0,0.0010741805
120,test,0,8.302349e-06
8066,test,0,0.0010327543
7010,test,0,1.2589827e-05
2015,test,0,1.2634026e-05
2967,test,0,2.3385779e-05
4296,test,0,3.9099243e-05
2362,test,0,1.20528675e-05
1855,test,0,0.0006632086
9295,test,0,8.6560185e-06
7707,test,0,4.857446e-05
8589,test,0,2.7388838e-05
7156,test,0,1.4441847e-05
7221,test,0,0.0007930538
9077,test,0,1.7106093e-05
1722,test,0,7.369144e-05
8044,test,0,1.0801753e-05
10708,test,0,2.1571974e-05
10680,test,0,5.0358543e-05
8057,test,0,9.871516e-06
9203,test,0,9.558466e-06
2292,test,0,9.558466e-06
10705,test,0,4.699339e-06
10360,test,0,0.0005382156
9605,test,0,4.645542e-06
853,test,0,4.645532e-06
7264,test,0,1.1082767e-05
8761,test,0,8.8248535e-06
10921,test,0,1.7809485e-05
2365,test,0,7.1477625e-06
4423,test,0,0.0008023358
233,test,0,1.2634021e-05
6030,test,0,8.3985005e-06
9061,test,0,1.0801749e-05
2428,test,0,1.7106093e-05
4393,test,0,0.0008403792
8371,test,0,0.002570934
635,test,0,1.424328e-05
1711,test,0,1.424328e-05
2363,test,0,1.3023667e-05
5484,test,0,1.3023667e-05
9214,test,0,4.6455307e-06
4611,test,0,9.587897e-06
9608,test,0,3.335138e-05
1658,test,0,3.335138e-05
6965,test,0,3.7039936e-05
7152,test,0,8.398494e-06
9088,test,0,1.12111375e-05
2907,test,0,4.4240413e-05
9602,test,0,4.7619433e-06
10365,test,0,0.00081835646
10492,test,0,1.875103e-05
9908,test,0,7.711044e-05
7994,test,0,3.5471935e-06
8936,test,0,0.0007142497
1338,test,0,0.0005640517
828,test,0,3.9721963e-06
2041,test,0,7.2076236e-06
3145,test,0,8.388603e-06
8722,test,0,3.0330418e-06
10415,test,0,2.9931623e-06
636,test,0,0.00044021456
9683,test,0,3.9042498e-06
2170,test,0,3.904251e-06
5813,test,0,0.0005382156
5550,test,0,8.384897e-06
2296,test,0,9.395501e-06
845,test,0,0.00061659515
7872,test,0,3.6089075e-06
4053,test,0,4.6993396e-06
1652,test,0,0.00039791845
4324,test,0,0.00014715538
271,test,0,1.3133999e-05
5610,test,0,0.000298875
6572,test,0,0.00018655996
8284,test,0,5.642029e-06
9162,test,0,5.642029e-06
9676,test,0,0.0003799482
7406,test,0,0.00046103235
1391,test,0,2.0904385e-05
388,test,0,3.652451e-06
4342,test,0,7.2991566e-06
5553,test,0,5.9898216e-06
852,test,0,4.645537e-06
3012,test,0,4.7619556e-06
5544,test,0,4.7619556e-06
5263,test,0,4.4552642e-05
7702,test,0,7.099634e-06
9868,test,0,9.677856e-06
124,test,0,0.0003233757
9938,test,0,8.979374e-06
117,test,0,3.949473e-06
7398,test,0,3.972205e-06
2923,test,0,0.0003565477
6573,test,0,3.9042543e-06
5201,test,0,3.949479e-06
4434,test,0,0.0007041941
6697,test,0,4.012451e-06
248,test,0,6.8530285e-06
811,test,0,3.90425e-06
9548,test,0,0.0006175628
1701,test,0,3.90425e-06
7634,test,0,2.9931623e-06
2384,test,0,3.9042498e-06
7218,test,0,9.454501e-06
2411,test,0,4.6455343e-06
5334,test,0,0.00022836516
8376,test,0,0.00014393368
8349,test,0,9.33436e-06
1484,test,0,2.9059308e-06
2984,test,0,0.0004715392
3678,test,0,3.904249e-06
8005,test,0,3.9042584e-06
10544,test,0,8.534981e-05
6717,test,0,3.949485e-06
8891,test,0,4.645537e-06
9235,test,0,5.5996384e-06
2,test,0,5.5996384e-06
8887,test,0,0.00010039462
8054,test,0,3.9042557e-06
6738,test,0,3.9494685e-06
9161,test,0,3.9494685e-06
4056,test,0,3.949473e-06
226,test,0,3.9494835e-06
1237,test,0,3.561461e-06
3468,test,0,4.7619433e-06
2368,test,0,0.0011607081
9955,test,0,5.294115e-05
5771,test,0,2.6286269e-05
125,test,0,0.00012050589
9629,test,0,4.8412717e-06
9848,test,0,3.9042498e-06
3004,test,0,3.5471899e-06
3482,test,0,3.9429073e-05
8874,test,0,5.5996284e-06
3151,test,0,7.046932e-06
8084,test,0,0.00014250273
2424,test,0,9.454515e-06
6723,test,0,0.00039791496
2905,test,0,6.9243256e-06
9953,test,0,5.6464346e-06
851,test,0,3.90425e-06
9847,test,0,4.086094e-06
1607,test,0,0.00036012748
4322,test,0,3.904251e-06
2105,test,0,0.0001415882
9860,test,0,9.93307e-06
8001,test,0,0.00029054825
5808,test,0,3.9319975e-06
10651,test,0,5.9363123e-05
10332,test,0,5.934519e-06
3124,test,0,5.934519e-06
1861,test,0,3.904251e-06
9545,test,0,8.231678e-05
9531,test,0,3.9042525e-06
9047,test,0,3.904254e-06
6075,test,0,0.0007041941
848,test,0,3.9866654e-06
5483,test,0,3.9866654e-06
3126,test,0,8.792278e-06
7410,test,0,3.937387e-06
3221,test,0,2.024378e-05
4054,test,0,0.0003565477
9832,test,0,8.9562045e-06
10174,test,0,4.615096e-06
1374,test,0,4.615096e-06
6995,test,0,6.2899335e-06
7921,test,0,6.845045e-06
7990,test,0,7.784216e-06
837,test,0,7.784216e-06
9317,test,0,4.699345e-06
641,test,0,4.699345e-06
5177,test,0,9.454489e-06
2129,test,0,6.718423e-06
8296,test,0,2.8534481e-05
8976,test,0,3.9042498e-06
6583,test,0,6.5705535e-06
3665,test,0,1.1213634e-05
2737,test,0,5.5996425e-06
4034,test,0,5.5996425e-06
8651,test,0,5.2862574e-06
3558,test,0,4.0543855e-06
9844,test,0,3.897031e-06
7007,test,0,3.904254e-06
4252,test,0,1.661573e-05
9209,test,0,3.9042557e-06
7996,test,0,2.9931618e-06
8752,test,0,3.904254e-06
1871,test,0,1.2954198e-05
9614,test,0,5.8302967e-06
10648,test,0,3.90425e-06
3398,test,0,0.00033970497
2017,test,0,3.90426e-06
9225,test,0,5.891677e-06
9834,test,0,3.90425e-06
8886,test,0,4.6455352e-06
8705,test,0,0.0003799482
7629,test,0,3.4614597e-05
9215,test,0,3.4614597e-05
241,test,0,3.9042498e-06
3231,test,0,0.0003975567
9057,test,0,3.9494694e-06
1478,test,0,8.898616e-06
6841,test,0,3.9494776e-06
7153,test,0,4.6455343e-06
7155,test,0,7.147737e-06
3191,test,0,7.147737e-06
10496,test,0,0.0003799482
6035,test,0,3.90425e-06
6964,test,0,0.00047768248
6026,test,0,3.9042525e-06
8456,test,0,0.00039246914
4148,test,0,7.0996125e-06
9108,test,0,0.0004890842
4327,test,0,4.6993414e-06
8646,test,0,5.2862574e-06
820,test,0,0.00032239713
9720,test,0,5.7118305e-06
10979,test,0,0.0029437484
9103,test,0,1.8937384e-05
9285,test,0,1.0177166e-05
108,test,0,0.003045919
7207,test,0,0.0027643305
4169,test,0,5.4916694e-05
5607,test,0,0.0050716526
9609,test,0,0.00020756852
1706,test,0,3.9042543e-06
4632,test,0,2.5729594e-05
2486,test,0,0.00018645673
5702,test,0,0.0012810037
5329,test,0,3.949475e-06
4328,test,0,1.1834743e-05
8045,test,0,3.9042557e-06
2915,test,0,6.757964e-06
2293,test,0,5.478966e-06
10799,test,0,0.000253853
8565,test,0,1.9536443e-05
9206,test,0,0.00010039462
10291,test,0,4.1863725e-05
8289,test,0,2.4274917e-05
8878,test,0,2.777025e-05
9323,test,0,2.4556084e-05
5960,test,0,0.0006300934
6996,test,0,3.6834605e-05
4335,test,0,0.00023628632
8329,test,0,1.9592782e-05
9710,test,0,2.0408606e-05
1183,test,0,4.7681006e-05
181,test,0,0.00018645673
290,test,0,3.525683e-05
7172,test,0,6.911058e-06
854,test,0,0.005984252
7396,test,0,0.0033223915
6729,test,0,5.7424484e-05
9867,test,0,4.777138e-05
7891,test,0,3.5513236e-05
10359,test,0,0.0027049654
2481,test,0,8.317361e-05
8922,test,0,1.51278045e-05
2921,test,0,2.4761322e-05
846,test,0,4.4361208e-05
980,test,0,0.008202428
9401,test,0,3.032034e-05
2370,test,0,0.00063436775
10425,test,0,0.00011800658
1606,test,0,0.00011800658
9600,test,0,0.00012329717
8515,test,0,2.7698896e-05
8918,test,0,2.7698896e-05
6598,test,0,1.956102e-05
835,test,0,1.9356405e-05
3488,test,0,3.5817542e-05
10703,test,0,1.9560985e-05
8883,test,0,1.9312798e-05
10641,test,0,1.931273e-05
1625,test,0,1.956101e-05
7685,test,0,3.9494794e-06
9089,test,0,4.006873e-05
2483,test,0,0.002418943
2414,test,0,0.0038256885
2143,test,0,3.520244e-05
5473,test,0,3.520244e-05
1581,test,0,6.099892e-05
3142,test,0,2.4275003e-05
10324,test,0,0.0010129
7766,test,0,0.0038061084
2005,test,0,0.0033871403
3149,test,0,2.4274965e-05
7690,test,0,3.49054e-05
6587,test,0,5.478966e-06
2106,test,0,2.0751311e-05
6746,test,0,3.9042498e-06
6079,test,0,1.18447715e-05
10540,test,0,0.0039495365
2892,test,0,0.0026719363
607,test,0,0.0032727423
4377,test,0,1.04910505e-05
2888,test,0,0.0003526058
7999,test,0,1.2919652e-05
9736,test,0,0.0021864555
400,test,0,0.00021134104
614,test,0,2.2698701e-05
6601,test,0,1.20219365e-05
1853,test,0,0.0052917036
7403,test,0,4.1986703e-05
3535,test,0,9.245182e-05
8446,test,0,3.2308926e-05
3144,test,0,1.4277277e-05
7631,test,0,0.004001218
5811,test,0,1.6509246e-05
264,test,0,0.0047070133
6067,test,0,1.2241536e-05
7012,test,0,7.952105e-06
4309,test,0,0.00020945237
9730,test,0,8.044212e-06
7917,test,0,0.0030506134
6599,test,0,1.0814913e-05
2914,test,0,8.558155e-06
4055,test,0,1.0125499e-05
1595,test,0,2.9286577e-05
7416,test,0,7.952113e-06
3770,test,0,1.3211021e-05
9882,test,0,0.0003232918
3878,test,0,0.0019966078
9046,test,0,0.002800675
7159,test,0,1.2585341e-05
4302,test,0,0.0046867207
6031,test,0,0.0041589746
3459,test,0,1.21755875e-05
7397,test,0,2.680302e-05
4048,test,0,8.558158e-06
7252,test,0,1.134091e-05
9227,test,0,0.003929995
5343,test,0,1.7087128e-05
3011,test,0,1.2881876e-05
252,test,0,8.111395e-06
6715,test,0,7.952094e-06
8748,test,0,1.7087137e-05
985,test,0,8.04421e-06
992,test,0,8.044195e-06
8584,test,0,1.2066541e-05
8721,test,0,0.00023890733
2750,test,0,8.044201e-06
10794,test,0,3.0267944e-05
5814,test,0,1.750769e-05
2420,test,0,2.293854e-05
268,test,0,1.2643755e-05
1857,test,0,2.5144951e-05
9204,test,0,6.662815e-06
4308,test,0,6.662815e-06
3486,test,0,1.9000343e-05
7119,test,0,1.0766913e-05
855,test,0,1.2175584e-05
4323,test,0,7.952101e-06
7694,test,0,7.952095e-06
1584,test,0,0.0016571496
2155,test,0,1.14051345e-05
8765,test,0,0.001982309
7268,test,0,1.7814416e-05
9172,test,0,0.00022643527
1598,test,0,0.00022643527
9532,test,0,2.5841706e-05
2275,test,0,0.00096673094
1518,test,0,1.06125435e-05
1698,test,0,1.06125435e-05
3141,test,0,1.0491046e-05
3123,test,0,1.049105e-05
815,test,0,1.1211062e-05
9092,test,0,1.2316583e-05
4320,test,0,1.21755775e-05
829,test,0,8.044197e-06
7160,test,0,1.2276548e-05
3533,test,0,7.9521e-06
1381,test,0,0.001588832
9282,test,0,6.5941063e-06
2158,test,0,0.0007210891
6979,test,0,2.1345384e-05
10646,test,0,2.0347112e-05
8288,test,0,6.594104e-06
3467,test,0,0.0008410578
9296,test,0,0.0007764309
8570,test,0,1.6237373e-05
6306,test,0,0.003952436
1528,test,0,9.6976015e-05
2408,test,0,1.9480369e-05
10455,test,0,6.6597772e-06
3460,test,0,6.594104e-06
100,test,0,2.2135067e-05
1695,test,0,2.0149422e-05
7368,test,0,9.086351e-05
2399,test,0,6.6597795e-06
137,test,0,8.383299e-06
9222,test,0,6.764234e-05
11031,test,0,1.4440487e-05
5574,test,0,6.6597822e-06
2423,test,0,6.7369247e-06
7691,test,0,6.6597827e-06
5987,test,0,1.5698753e-05
2100,test,0,2.0898742e-05
4150,test,0,1.9839197e-05
2116,test,0,0.00015596856
9677,test,0,0.0023108055
7115,test,0,0.0008481204
7888,test,0,1.1632356e-05
9850,test,0,5.3124822e-06
7413,test,0,1.6734924e-05
6971,test,0,7.08945e-05
9942,test,0,1.8089135e-05
5183,test,0,0.0008410578
686,test,0,0.0011725245
2018,test,0,6.6597822e-06
4298,test,0,0.000590951
2034,test,0,6.5940876e-06
8229,test,0,6.574337e-05
9093,test,0,9.457446e-06
10864,test,0,9.457446e-06
9311,test,0,0.000702709
9309,test,0,1.6564096e-05
10653,test,0,0.0006389265
8997,test,0,5.3124845e-06
2960,test,0,0.0012810117
9299,test,0,1.7363935e-05
7277,test,0,1.4867304e-05
136,test,0,6.5940962e-06
8696,test,0,5.3124922e-06
10452,test,0,6.6597854e-06
5560,test,0,6.6597763e-06
843,test,0,8.320918e-06
3559,test,0,6.659807e-06
2163,test,0,6.5940985e-06
4384,test,0,5.3124772e-06
6230,test,0,1.21055e-05
9293,test,0,0.0008410578
101,test,0,7.3160895e-06
4186,test,0,1.4550615e-05
251,test,0,6.6597795e-06
3464,test,0,6.594101e-06
236,test,0,8.383289e-06
6603,test,0,7.316093e-06
8351,test,0,1.43438165e-05
10421,test,0,0.0011996605
9691,test,0,0.00073353463
5563,test,0,7.051294e-06
4329,test,0,1.0416333e-05
3553,test,0,6.6597995e-06
5478,test,0,9.2600734e-05
8877,test,0,1.329874e-05
1851,test,0,6.6597854e-06
8880,test,0,6.8266545e-06
8281,test,0,9.345024e-06
8297,test,0,1.0630539e-05
2430,test,0,0.00096257275
3544,test,0,5.4456013e-06
2406,test,0,2.351066e-05
8756,test,0,5.3124804e-06
8000,test,0,5.312475e-06
5690,test,0,1.719675e-05
10677,test,0,8.176941e-05
5165,test,0,5.3262215e-06
7689,test,0,0.0011819232
2372,test,0,5.3740173e-06
4319,test,0,5.4049247e-06
6991,test,0,7.551724e-06
11027,test,0,1.2225568e-05
2922,test,0,1.0630539e-05
10858,test,0,1.5782203e-05
9678,test,0,5.3740255e-06
90,test,0,0.0004402884
3513,test,0,1.2560124e-05
9533,test,0,9.58393e-06
3294,test,0,9.58393e-06
9083,test,0,5.3124804e-06
991,test,0,5.3124795e-06
9959,test,0,0.00044029468
1866,test,0,5.3124772e-06
8534,test,0,0.0012686395
3232,test,0,7.246083e-06
10673,test,0,2.257289e-05
5804,test,0,8.845645e-06
1715,test,0,5.3124904e-06
974,test,0,0.0006389265
4389,test,0,2.382695e-05
6245,test,0,8.845658e-06
286,test,0,1.0971882e-05
275,test,0,0.0004888623
263,test,0,5.3124822e-06
6978,test,0,8.84565e-06
6837,test,0,7.619339e-06
1603,test,0,0.0017062546
1605,test,0,9.332587e-06
8019,test,0,0.000702709
2048,test,0,0.0006389265
273,test,0,5.312474e-06
230,test,0,5.312474e-06
4305,test,0,1.0117625e-05
6736,test,0,7.619302e-06
2167,test,0,0.00052447105
9654,test,0,8.293611e-06
3456,test,0,1.7236194e-05
289,test,0,0.00052447105
8876,test,0,7.619282e-06
10541,test,0,5.3746204e-05
6579,test,0,0.0004418681
3192,test,0,0.00052447105
3656,test,0,7.619282e-06
1710,test,0,5.374008e-06
8332,test,0,5.5775745e-06
8090,test,0,6.457901e-05
7220,test,0,0.0017062546
10866,test,0,5.3124822e-06
3473,test,0,5.3124822e-06
7381,test,0,1.6657988e-05
6045,test,0,0.0016099225
2042,test,0,5.312495e-06
2359,test,0,8.090873e-06
4184,test,0,5.312474e-06
9712,test,0,0.0006389265
1593,test,0,5.3124872e-06
2919,test,0,1.1337164e-05
9405,test,0,1.609253e-05
9597,test,0,7.6193255e-06
2736,test,0,7.6193255e-06
1238,test,0,7.78902e-06
9899,test,0,5.3124872e-06
8324,test,0,0.00015080873
2367,test,0,0.0015299781
3227,test,0,0.00066350715
4262,test,0,1.5713966e-05
3515,test,0,1.1028555e-05
5339,test,0,1.1605865e-05
4149,test,0,1.3189331e-05
3224,test,0,0.0019375653
9097,test,0,0.00077183574
2056,test,0,1.6645201e-05
5651,test,0,0.00034094794
9071,test,0,1.1605848e-05
2020,test,0,1.4325657e-05
7198,test,0,5.365511e-05
2108,test,0,1.8708306e-05
5797,test,0,1.8098035e-05
8292,test,0,7.809144e-06
5764,test,0,0.0022538635
8011,test,0,0.0015299781
4648,test,0,0.0018216821
7260,test,0,2.1516295e-05
4044,test,0,0.0026738455
2049,test,0,0.00039791496
9043,test,0,1.17320415e-05
9073,test,0,4.0525647e-05
1700,test,0,0.00089885487
10714,test,0,1.6869788e-05
7769,test,0,5.5804176e-05
5207,test,0,1.8309482e-05
118,test,0,0.0016624267
696,test,0,1.9015528e-05
8923,test,0,0.004934997
4045,test,0,2.1644706e-05
7117,test,0,0.0005027264
10489,test,0,1.571118e-05
5700,test,0,0.0016740911
2148,test,0,3.962685e-05
8978,test,0,2.8515782e-05
8322,test,0,0.000120967634
6301,test,0,0.0002487786
4297,test,0,3.0013434e-05
10685,test,0,6.2701634e-05
7920,test,0,1.1732078e-05
4435,test,0,8.388599e-06
1341,test,0,2.1288455e-05
5214,test,0,0.00015420951
1626,test,0,6.199606e-05
6313,test,0,1.1732028e-05
7150,test,0,0.0018622057
6577,test,0,2.6475076e-05
8323,test,0,0.0013814982
4622,test,0,0.0018952057
9546,test,0,4.6718444e-05
2402,test,0,1.6890657e-05
3667,test,0,0.0059981877
4565,test,0,1.3700501e-05
6856,test,0,1.3666712e-05
1812,test,0,0.00014444126
2898,test,0,7.92148e-05
1852,test,0,0.044835813
6392,test,0,3.405127e-05
3127,test,0,1.1732022e-05
2725,test,0,4.703841e-05
2482,test,0,3.7077905e-05
9835,test,0,0.00014022976
6852,test,0,3.2916847e-05
7269,test,0,0.0021891042
9692,test,0,2.0573834e-05
10690,test,0,3.9688304e-05
1407,test,0,1.3368066e-05
1,test,0,3.253978e-05
4303,test,0,0.0010836445
6308,test,0,1.4605825e-05
8338,test,0,0.00035290484
7989,test,0,3.707804e-05
7991,test,0,2.6514463e-05
10446,test,0,2.6514463e-05
9207,test,0,7.6452394e-05
8303,test,0,9.382973e-05
1821,test,0,0.00017876789
176,test,0,2.20382e-05
9074,test,0,0.0018370419
6238,test,0,0.0006432198
2980,test,0,8.828237e-06
2046,test,0,1.635759e-05
6741,test,0,0.0028033308
5658,test,0,1.3721942e-05
6073,test,0,1.2924982e-05
1671,test,0,0.0008700949
7266,test,0,0.0004013697
1872,test,0,8.404012e-06
1353,test,0,0.000115227216
2131,test,0,0.0033019125
10287,test,0,6.520462e-05
224,test,0,0.0021013245
4487,test,0,0.0020541241
7021,test,0,0.0008550174
7632,test,0,2.0513196e-05
5194,test,0,0.0069281883
9111,test,0,0.00027374967
7409,test,0,4.595303e-05
2409,test,0,5.3455526e-05
11026,test,0,1.3368064e-05
4190,test,0,1.2053299e-05
10798,test,0,1.0854476e-05
6307,test,0,8.713372e-06
6040,test,0,1.3808702e-05
7882,test,0,9.524573e-06
8454,test,0,0.006500213
4618,test,0,0.005850187
7982,test,0,1.8627914e-05
3147,test,0,7.642094e-06
8567,test,0,0.0025873042
2153,test,0,0.0018294103
2896,test,0,2.431378e-05
5773,test,0,0.0020657468
6849,test,0,2.7906852e-05
3392,test,0,1.3883024e-05
2361,test,0,2.8166274e-05
8885,test,0,6.0976472e-05
1859,test,0,9.396675e-05
10654,test,0,2.1833297e-05
3879,test,0,1.0751513e-05
836,test,0,8.230902e-06
7161,test,0,0.013751535
9595,test,0,1.8773797e-05
6299,test,0,0.00064320327
10530,test,0,0.00013697945
3136,test,0,0.00077826215
186,test,0,8.054102e-05
9596,test,0,1.5402558e-05
3786,test,0,0.0052391547
1243,test,0,0.0028610132
7005,test,0,0.0017286415
9910,test,0,1.7802291e-05
1604,test,0,1.7977944e-05
3189,test,0,0.00016143615
9315,test,0,1.9337514e-05
7695,test,0,0.00013512526
2356,test,0,1.8892366e-05
4641,test,0,2.6504356e-05
10179,test,0,2.9923227e-05
2011,test,0,6.790589e-05
4627,test,0,3.5790887e-05
200,test,0,0.020945895
9054,test,0,1.6917782e-05
9885,test,0,1.6917782e-05
1362,test,0,0.00834933
5694,test,0,1.8722041e-05
3212,test,0,9.721911e-06
4173,test,0,3.0061052e-05
8301,test,0,8.089787e-06
7206,test,1,0.27117026
10859,test,0,1.3368077e-05
1339,test,0,0.013519335
5184,test,0,1.002938e-05
5704,test,0,1.1123589e-05
10057,test,0,2.259912e-05
1360,test,0,0.0059207757
119,test,0,0.00015712577
6592,test,0,2.4043511e-05
9907,test,0,3.589111e-05
5777,test,0,2.4225925e-05
857,test,0,8.713371e-06
7165,test,0,2.463768e-05
4311,test,0,1.3959168e-05
3527,test,0,1.0374248e-05
9856,test,0,5.0054794e-05
7110,test,0,0.0051373905
4502,test,0,0.00030511193
2157,test,0,1.9424571e-05
5166,test,0,0.0018438244
8992,test,0,0.011062882
7980,test,0,9.011349e-06
7179,test,0,8.712181e-06
1858,test,0,3.4282722e-05
11017,test,0,1.1485463e-05
5609,test,0,0.0009973134
8929,test,0,4.6681114e-05
9606,test,0,8.887926e-06
4178,test,0,0.0006787154
8382,test,0,0.00067009573
4491,test,0,1.10248375e-05
8944,test,0,0.00019056775
7880,test,0,0.005658515
10783,test,0,8.712173e-06
2171,test,0,2.8492785e-05
9862,test,0,0.0027681564
1816,test,0,0.003245461
9289,test,0,8.814295e-06
2890,test,0,7.2540446e-05
249,test,0,0.0010004744
3487,test,0,0.015308252
3233,test,0,0.004484155
9320,test,0,1.29494565e-05
8235,test,0,0.00012401583
7885,test,0,1.2578976e-05
5790,test,0,2.0826326e-05
1608,test,0,0.0011996523
6839,test,0,8.404034e-06
4147,test,0,1.2213195e-05
5796,test,0,1.2201552e-05
132,test,0,5.1836632e-05
3540,test,0,0.026515862
3234,test,0,0.009902637
2440,test,0,0.0048630494
7013,test,0,8.38721e-06
5198,test,0,0.0036082577
856,test,0,8.387191e-06
10519,test,0,0.00077745534
5980,test,0,1.568858e-05
6597,test,0,8.24709e-06
9075,test,0,2.9246847e-05
8889,test,0,1.3798729e-05
4250,test,0,0.009033613
6961,test,0,0.0013021488
1481,test,0,0.0013271063
1577,test,0,3.3652246e-05
7108,test,0,0.0019860908
4613,test,0,0.00016377821
7105,test,0,0.00023682302
4295,test,0,8.527893e-05
3792,test,0,0.00022673607
250,test,0,1.5723726e-05
7898,test,0,1.8261571e-05
2891,test,0,1.8261571e-05
1811,test,0,0.00020563128
9168,test,0,7.6865086e-05
3455,test,0,7.6865086e-05
10716,test,0,0.0002056367
6726,test,0,0.00021399146
5667,test,0,0.00015021785
13,test,0,0.00022097846
1862,test,0,0.00021968225
5271,test,0,9.282272e-05
8657,test,0,0.000121456935
10674,test,0,7.8788025e-06
6068,test,0,6.837202e-05
9711,test,0,0.00026603747
8052,test,0,1.8347739e-05
9101,test,0,1.8347739e-05
1380,test,0,3.3837154e-05
2159,test,0,0.00025608437
3554,test,0,1.9274188e-05
2052,test,0,2.5462667e-05
5809,test,0,7.895221e-05
3661,test,0,5.6798643e-05
7753,test,0,0.0001446079
693,test,0,1.5896958e-05
627,test,0,9.878849e-06
10284,test,0,8.188814e-06
1195,test,0,0.00014882105
2489,test,0,3.390054e-05
9820,test,0,0.00010680832
11030,test,0,0.0001072497
4299,test,0,4.677491e-05
88,test,0,0.00010293689
1366,test,0,0.00013844472
2150,test,0,6.975596e-05
1627,test,0,0.0024898676
7425,test,0,5.835402e-05
9291,test,0,5.835402e-05
6590,test,0,0.0015516215
9900,test,0,5.5703447e-05
10639,test,0,7.824476e-05
1363,test,0,0.00089891575
3662,test,0,0.0010372258
8062,test,0,0.001067545
9675,test,0,6.880501e-05
2383,test,0,0.0015486366
5972,test,0,0.0018923613
9719,test,0,0.00024970423
6028,test,0,3.1522388e-05
10528,test,0,0.00044436503
9211,test,0,0.00067632785
8061,test,0,2.2975712e-05
1349,test,0,2.2975712e-05
116,test,0,0.00068360637
390,test,0,3.1202042e-05
8225,test,0,0.0005193094
1702,test,0,1.4794973e-05
9879,test,0,6.0762162e-05
4425,test,0,0.00050628535
5476,test,0,0.0001386612
11037,test,0,5.828562e-05
606,test,0,0.00011136909
619,test,0,1.32544355e-05
10676,test,0,4.9407354e-06
2729,test,0,1.9626801e-05
10867,test,0,0.00014587045
1196,test,0,0.00038509155
2733,test,0,5.4201522e-05
7635,test,0,2.1579055e-05
10643,test,0,1.0629412e-05
2436,test,0,5.7666184e-05
4558,test,0,0.00015635598
3590,test,0,0.000101392376
981,test,0,5.4446595e-05
1823,test,0,1.2968851e-05
3007,test,0,0.00010029848
10791,test,0,0.00010363483
1357,test,0,0.00012074451
1185,test,0,1.5662488e-05
1665,test,0,0.00010363483
8381,test,0,2.9097631e-05
5776,test,0,0.00044863572
3296,test,0,3.419793e-05
5647,test,0,1.6064438e-05
5986,test,0,0.00018886641
9821,test,0,2.3634424e-05
178,test,0,2.4174029e-05
1245,test,0,5.4857854e-05
5996,test,0,0.0023201932
7755,test,0,0.0001414664
5213,test,0,3.360101e-05
1382,test,0,0.00013935381
1486,test,0,0.00040207087
10290,test,0,0.00035541694
7166,test,0,3.380672e-05
9933,test,0,4.1578824e-05
6595,test,0,0.0005616125
4562,test,0,9.2702585e-06
3877,test,0,3.9015024e-05
8879,test,0,0.00010042015
1661,test,0,0.00015435343
9662,test,0,5.929589e-05
4269,test,0,5.929589e-05
1650,test,0,0.001791363
824,test,0,9.834647e-06
1392,test,0,9.834647e-06
8706,test,0,0.001722649
4633,test,0,1.6983247e-05
1848,test,0,5.1344705e-05
9076,test,0,2.9246952e-05
85,test,0,3.2945718e-05
1864,test,0,3.2512668e-05
8693,test,0,0.00044315078
9723,test,0,1.269646e-05
9892,test,0,1.925923e-05
2350,test,0,1.3216949e-05
8009,test,0,1.32169125e-05
6722,test,0,0.0016772418
9094,test,0,2.0005697e-05
5268,test,0,1.0257085e-05
6990,test,0,1.4768146e-05
3394,test,0,1.4768146e-05
825,test,0,1.8945519e-05
7212,test,0,1.9275263e-05
4188,test,0,1.8945546e-05
638,test,0,1.6284093e-05
7752,test,0,0.0021892241
238,test,0,0.00066937343
7401,test,0,4.066066e-05
6310,test,0,1.6797418e-05
9098,test,0,1.6797418e-05
9292,test,0,2.5443242e-05
1406,test,0,6.6979825e-05
7852,test,0,0.00016418788
6740,test,0,0.00013354573
3293,test,0,3.064287e-05
10289,test,0,3.4639917e-05
10786,test,0,0.0002105574
2145,test,0,0.0002105574
11029,test,0,0.0018578087
6043,test,0,6.510041e-05
9838,test,0,4.0250034e-05
2348,test,0,8.198775e-05
229,test,0,0.0027329612
8348,test,0,0.0017695358
1493,test,0,7.2616334e-05
4574,test,0,1.0751286e-05
3138,test,0,2.4693882e-05
10800,test,0,4.108707e-05
3799,test,0,9.032764e-06
4388,test,0,0.0007184008
9713,test,0,0.0002181802
9237,test,0,5.422597e-05
3226,test,0,0.00013150029
1198,test,0,5.9482838e-05
611,test,0,8.161402e-05
9831,test,0,2.1940368e-05
812,test,0,2.1940368e-05
3210,test,0,0.0021061357
2745,test,0,0.00053148717
3389,test,0,2.021217e-05
5333,test,0,1.9113138e-05
2982,test,0,1.4231546e-05
8350,test,0,0.000772639
6989,test,0,0.0005539616
5815,test,0,1.583091e-05
10984,test,0,0.00024789586
3218,test,0,1.2451049e-05
7875,test,0,1.2649603e-05
2127,test,0,1.567468e-05
8453,test,0,0.0016443158
8524,test,0,2.4293118e-05
10550,test,0,2.8657809e-05
3207,test,0,2.665931e-05
8448,test,0,2.8657809e-05
3458,test,0,7.6128425e-05
4559,test,0,1.4381435e-05
6578,test,0,2.3160293e-05
4488,test,0,2.5339588e-05
7374,test,0,1.0931522e-05
7418,test,0,0.00048444024
6029,test,0,3.5511686e-05
11024,test,0,3.5511686e-05
5222,test,0,2.2965472e-05
5963,test,0,5.9188253e-05
6044,test,0,2.1380012e-05
94,test,0,0.0004368324
3675,test,0,2.6963233e-05
3148,test,0,1.3200919e-05
9051,test,0,1.3200902e-05
2047,test,0,1.3823773e-05
9091,test,0,0.00046506795
1666,test,0,2.9545894e-05
2019,test,0,2.9545894e-05
10691,test,0,2.0106847e-05
6580,test,0,7.016904e-06
8747,test,0,0.00012256019
10537,test,0,0.0003592053
7419,test,0,7.422206e-05
3660,test,0,0.0009045539
4609,test,0,2.0236252e-05
4137,test,0,0.00045992568
858,test,0,2.5486122e-05
102,test,0,0.0001501007
5981,test,0,0.00070697634
2731,test,0,0.00016589728
6080,test,0,1.9862173e-05
629,test,0,1.9862173e-05
3223,test,0,2.0588463e-05
4332,test,0,3.136155e-05
2429,test,0,0.00015385573
3790,test,0,1.6355578e-05
3006,test,0,1.7447484e-05
7154,test,0,4.979288e-05
5190,test,0,8.6032866e-05
2376,test,0,1.3823791e-05
813,test,0,1.3200919e-05
10792,test,0,0.0008558842
8287,test,0,0.00044171655
2135,test,0,0.0013222881
7006,test,0,1.3200902e-05
3295,test,0,0.00027025258
6737,test,0,0.00046506795
6744,test,0,2.4205872e-05
10448,test,0,1.3200933e-05
6389,test,0,1.08123e-05
7422,test,0,0.00044171655
2978,test,0,1.914625e-05
6388,test,0,0.00012256019
8328,test,0,0.00015585987
5569,test,0,2.8909162e-05
9,test,0,3.393361e-05
1488,test,0,3.393361e-05
1387,test,0,1.39363865e-05
2400,test,0,1.39363865e-05
8282,test,0,1.3784327e-05
1654,test,0,0.000119178265
2920,test,0,6.112012e-05
10491,test,0,0.0013799103
9549,test,0,1.8824947e-05
1597,test,0,0.00046506795
7148,test,0,0.0004856116
10493,test,0,0.0004612292
2439,test,0,0.00039973078
1697,test,0,0.0004856116
6087,test,0,5.366921e-06
5810,test,0,1.7718296e-05
1182,test,0,0.0004612292
8576,test,0,2.1498361e-05
9617,test,0,0.0001534178
2983,test,0,1.8101173e-05
2022,test,0,0.0004856116
4381,test,0,1.3616626e-05
1344,test,0,0.000100668665
3517,test,0,0.000100668665
8983,test,0,1.2472767e-05
2036,test,0,1.4434739e-05
5225,test,0,0.00012797615
14,test,0,1.6359203e-05
6716,test,0,1.09876255e-05
8996,test,0,1.3784323e-05
2738,test,0,0.0007434531
259,test,0,0.00039589358
6711,test,0,1.4563537e-05
6240,test,0,2.8662234e-05
9876,test,0,0.0003750746
6745,test,0,0.0004856116
8299,test,0,0.00040401422
2981,test,0,0.00028846166
6846,test,0,1.3784368e-05
6318,test,0,1.3784323e-05
6992,test,0,8.212282e-05
810,test,0,1.3784323e-05
4634,test,0,1.443472e-05
1854,test,0,1.7224429e-05
7107,test,0,2.0069121e-05
5784,test,0,2.1275262e-05
1346,test,0,0.0001567335
397,test,0,0.000119178265
3537,test,0,1.37843435e-05
10697,test,0,1.3784368e-05
9688,test,0,0.0007592246
9539,test,0,1.443471e-05
8334,test,0,6.8879315e-05
266,test,0,0.0004856116
7686,test,0,1.3784323e-05
833,test,0,2.8359611e-05
7201,test,0,1.4627018e-05
2730,test,0,9.162372e-05
7205,test,0,9.723222e-05
5552,test,0,9.481969e-05
8892,test,0,0.0038177753
9913,test,0,9.835897e-05
2404,test,0,6.5775756e-05
7863,test,0,0.000108086446
4185,test,0,0.000108086446
834,test,0,6.5341286e-05
5793,test,0,0.0002592044
2138,test,0,0.0066203573
10479,test,0,4.359435e-05
3598,test,0,0.0004461138
8770,test,0,1.3784323e-05
6036,test,0,4.1630174e-05
7273,test,0,1.3784333e-05
8569,test,0,4.16301e-05
5984,test,0,3.900808e-05
8587,test,0,3.900808e-05
4645,test,0,0.00011495897
1244,test,0,3.4829067e-05
697,test,0,0.00011258395
2425,test,0,0.004035376
6315,test,0,4.1750693e-05
9663,test,0,4.1750693e-05
9543,test,0,4.3063992e-05
6980,test,0,8.32948e-05
9176,test,0,8.32948e-05
9897,test,0,4.163012e-05
7376,test,0,0.0013892854
4615,test,0,4.359446e-05
8014,test,0,4.064108e-05
9846,test,0,4.163017e-05
246,test,0,4.134833e-05
2031,test,0,4.1348172e-05
6701,test,0,4.2040778e-05
5652,test,0,7.601296e-05
4325,test,0,4.16301e-05
244,test,0,4.0641033e-05
639,test,0,0.013173602
7019,test,0,6.0034785e-05
5170,test,0,4.1348354e-05
9110,test,0,7.560874e-05
3485,test,0,5.7023157e-05
7915,test,0,4.0670908e-05
3534,test,0,0.018807188
6986,test,0,4.2589723e-05
2117,test,0,0.0003947353
8060,test,0,4.2558648e-05
17,test,0,6.0034534e-05
199,test,0,0.011274965
2909,test,0,0.0050590537
3672,test,0,4.0670762e-05
7884,test,0,0.0003092827
3480,test,0,4.1630276e-05
5187,test,0,4.0670762e-05
5656,test,0,4.891156e-05
4563,test,0,0.00041414463
8384,test,0,0.004096407
9715,test,0,4.0188035e-05
4170,test,0,0.0018559603
9594,test,0,4.4995337e-05
2095,test,0,5.2896605e-05
1809,test,0,0.0006652759
9840,test,0,1.8470471e-05
5555,test,0,4.499531e-05
4131,test,0,4.4995264e-05
2266,test,0,0.00022305844
8568,test,0,2.7239746e-05
1870,test,0,0.00079180574
8871,test,0,3.837701e-05
5566,test,0,3.8376944e-05
10320,test,0,0.00041513532
8286,test,0,5.162566e-05
7263,test,0,4.4995257e-05
9827,test,0,6.226396e-05
5275,test,0,0.0015938972
3217,test,0,3.4667322e-05
1609,test,0,2.128412e-05
7704,test,0,3.837697e-05
632,test,0,0.0002228926
6602,test,0,6.317374e-05
4318,test,0,2.5111198e-05
10418,test,0,0.00875386
8285,test,0,2.6811242e-05
2043,test,0,2.6109356e-05
9084,test,0,1.7401111e-05
5549,test,0,2.5350484e-05
3520,test,0,0.0013624835
5208,test,0,7.068472e-05
850,test,0,2.5662815e-05
291,test,0,0.0015102267
3471,test,0,0.003227679
1356,test,0,0.00011945364
8582,test,0,0.0013332166
3387,test,0,0.0019913905
2378,test,0,2.6295993e-05
9205,test,0,3.4089477e-05
2044,test,0,1.7027134e-05
6070,test,0,0.0019204742
8007,test,0,0.00023543407
10481,test,0,0.0001567421
1388,test,0,0.0001567421
11033,test,0,0.000110243636
8692,test,0,2.4325458e-05
9716,test,0,0.0013332404
2885,test,0,0.00039360306
7209,test,0,0.00057340995
7375,test,0,4.05882e-05
8894,test,0,2.3723062e-05
2294,test,0,0.0011066
10916,test,0,0.000423483
4141,test,0,0.000423483
4037,test,0,1.345058e-05
8656,test,0,3.413138e-05
2008,test,0,3.413138e-05
5186,test,0,2.4325473e-05
6232,test,0,0.0001784006
6977,test,0,1.5134158e-05
6594,test,0,3.1555268e-05
7151,test,0,0.00032203188
1714,test,0,2.4325485e-05
2172,test,0,0.0014316535
10995,test,0,0.001816978
9082,test,0,1.7830478e-05
2964,test,0,0.0013598353
3205,test,0,0.0011311559
8336,test,0,3.4551605e-05
8048,test,0,2.4325514e-05
6576,test,0,0.0021728962
1179,test,0,0.0013598353
9287,test,0,2.4325458e-05
1590,test,0,3.2723383e-05
4140,test,0,3.7206984e-05
9863,test,0,4.7427544e-05
10520,test,0,0.00017614294
1623,test,0,0.0011311559
7278,test,0,0.000423483
3798,test,0,3.3473618e-05
3874,test,0,2.0804307e-05
1694,test,0,2.4325429e-05
1522,test,0,0.00049491116
1483,test,0,0.000108299646
841,test,0,2.432547e-05
9858,test,0,0.00022361607
4171,test,0,2.4325545e-05
9304,test,0,3.272338e-05
3481,test,0,0.00082982425
1869,test,0,0.00042613797
8092,test,0,0.00048445308
3779,test,0,9.5188065e-05
3214,test,0,0.0019198977
9684,test,0,0.0014316535
5266,test,0,0.0013332166
8320,test,0,6.596351e-05
9621,test,0,0.00015223514
8536,test,0,2.7436934e-05
5710,test,0,2.1518843e-05
3483,test,0,2.1518843e-05
9807,test,0,8.551152e-05
2297,test,0,0.0019693507
1808,test,0,0.0021905196
9056,test,0,1.7027072e-05
2912,test,0,0.00042613797
9727,test,0,0.0018722892
5538,test,0,3.7143906e-05
5174,test,0,0.0014937748
4301,test,0,0.0004926437
5557,test,0,2.5473257e-05
11020,test,0,7.181832e-05
2054,test,0,2.4325413e-05
7379,test,0,2.5498543e-05
4380,test,0,2.5498543e-05
8013,test,0,2.4325473e-05
3531,test,0,0.0013321025
6071,test,0,2.4029483e-05
1588,test,0,0.003948591
3521,test,0,2.4325456e-05
2139,test,0,0.0087333685
232,test,0,0.0028448538
8343,test,0,7.760034e-05
6698,test,0,5.2306186e-05
5600,test,0,0.002428115
10517,test,0,0.004063251
8050,test,0,3.464098e-05
10364,test,0,3.464098e-05
8873,test,0,4.9341746e-05
3547,test,0,4.9949474e-05
1616,test,0,3.7216818e-05
6316,test,0,4.994953e-05
6994,test,0,2.4325427e-05
6999,test,0,4.994969e-05
2346,test,0,2.5473153e-05
3551,test,0,0.003948591
6743,test,0,4.9949438e-05
8347,test,0,5.2306343e-05
9085,test,0,4.8214555e-05
7692,test,0,7.218223e-05
9319,test,0,0.010040048
105,test,0,5.166981e-05
971,test,0,4.994952e-05
5537,test,0,4.9949493e-05
3457,test,0,4.4035733e-05
8882,test,0,5.2306124e-05
1586,test,0,5.2306263e-05
3659,test,0,0.000103671104
5193,test,0,4.99495e-05
8975,test,0,3.0676532e-05
5172,test,0,0.0014316535
4041,test,0,2.4325409e-05
3775,test,0,0.0008131258
177,test,0,2.6469896e-05
5326,test,0,4.994952e-05
7,test,0,5.3129203e-05
688,test,0,5.3129203e-05
8342,test,0,4.9949434e-05
1860,test,0,7.641931e-05
3679,test,0,2.4647577e-05
4266,test,0,4.9949536e-05
2035,test,0,4.994963e-05
8750,test,0,3.4945366e-05
4333,test,0,0.00016325923
8704,test,0,2.406895e-05
10485,test,0,8.360591e-06
3396,test,0,0.00011138887
5973,test,0,5.7566842e-05
1377,test,0,0.012514745
5558,test,0,5.2306106e-05
2961,test,0,0.0004739598
4606,test,0,5.372614e-05
9063,test,0,0.0021753737
4166,test,0,0.003948591
8585,test,0,0.000105809224
7204,test,0,7.607769e-05
4604,test,0,2.4647577e-05
6714,test,0,2.0983525e-05
9053,test,0,6.9649665e-05
8002,test,0,2.4365376e-05
9686,test,0,0.0021753667
8694,test,0,3.764088e-05
2121,test,0,4.816452e-05
4386,test,0,0.0001521268
9672,test,0,0.004171855
2295,test,0,0.00043734442
4049,test,0,0.00043734442
9290,test,0,5.23061e-05
4172,test,0,5.662629e-05
10914,test,0,0.0005021599
2120,test,0,2.464756e-05
6713,test,0,2.4428451e-05
10698,test,0,0.00092211587
5967,test,0,4.994926e-05
2416,test,0,0.003180881
9066,test,0,0.012872149
7420,test,0,0.0014805677
3204,test,0,0.00062893034
6302,test,0,2.5374695e-05
8686,test,0,6.255703e-05
5261,test,0,2.4365367e-05
10191,test,0,0.00395153
237,test,0,6.970019e-05
9837,test,0,2.1540656e-05
6309,test,0,2.5668583e-05
2126,test,0,0.00035474155
9893,test,0,2.767297e-05
6042,test,0,7.0121314e-06
10060,test,0,0.0016479526
7016,test,0,2.5374675e-05
10353,test,0,0.0033985209
9294,test,0,0.0021857182
10451,test,0,2.801378e-05
6032,test,0,4.8236998e-05
5567,test,0,3.854872e-05
2916,test,0,0.0034198584
9845,test,0,0.0005701157
5782,test,0,4.512835e-05
10,test,0,3.532999e-05
7881,test,0,2.8013743e-05
1390,test,0,2.3752027e-05
1579,test,0,2.3752027e-05
9231,test,0,3.483515e-05
3143,test,0,7.0121428e-06
6702,test,0,0.00047592368
7000,test,0,2.4358755e-05
5551,test,0,3.6272028e-05
1386,test,0,0.003118782
4630,test,0,0.007312926
9877,test,0,0.0042913444
3525,test,0,0.0034039132
3606,test,0,0.00018799197
7405,test,0,2.2679922e-05
6847,test,0,0.005197076
5338,test,0,0.011997675
8345,test,0,0.002271246
9852,test,0,7.0121287e-06
10325,test,0,6.2437375e-06
1578,test,0,6.2437375e-06
10649,test,0,2.8086239e-05
1613,test,0,0.0024636385
6983,test,0,5.5507593e-05
9210,test,0,2.5374726e-05
3550,test,0,8.0704456e-05
4255,test,0,9.494238e-06
4385,test,0,0.0023956003
2028,test,0,7.012158e-06
3469,test,0,0.0016479526
7210,test,0,2.5374684e-05
10699,test,0,2.8013728e-05
3008,test,0,0.0025754543
3220,test,0,1.7320392e-05
1618,test,0,6.142397e-05
4313,test,0,4.280983e-05
8321,test,0,0.0008248214
6843,test,0,7.0121455e-06
4139,test,0,7.0121305e-06
2164,test,0,7.0121346e-06
7009,test,0,4.816884e-06
5989,test,0,1.0057072e-05
8688,test,0,1.0057072e-05
2968,test,0,0.00028781567
7203,test,0,5.791893e-06
110,test,0,6.5186846e-06
3119,test,0,5.8589812e-06
10675,test,0,0.00014745351
9301,test,0,0.0017810724
3203,test,0,9.200574e-06
9245,test,0,1.0757608e-05
106,test,0,0.0007354724
9052,test,0,5.8927076e-06
9718,test,0,6.160009e-06
8710,test,0,0.00017437285
4306,test,0,0.00014358458
8063,test,0,5.791893e-06
3115,test,0,5.791893e-06
7625,test,0,0.0010588967
6845,test,0,6.0543207e-05
225,test,0,5.8589917e-06
8925,test,0,0.0016103006
8768,test,0,5.7919037e-06
7011,test,0,5.907939e-06
983,test,0,2.8854458e-06
7363,test,0,0.00014849527
10655,test,0,1.6103828e-05
8987,test,0,8.306936e-06
9536,test,0,0.0004709496
9681,test,0,0.0019795436
8581,test,0,1.4519839e-05
9898,test,0,5.791893e-06
2380,test,0,5.8589762e-06
10647,test,0,5.8589812e-06
3478,test,0,6.119305e-06
1703,test,0,5.7918983e-06
1718,test,0,5.8589794e-06
8932,test,0,8.306931e-06
5265,test,0,0.0016103006
10454,test,0,5.806886e-06
4167,test,0,5.791905e-06
7703,test,0,0.00014745451
1489,test,0,3.16733e-05
4135,test,0,3.912101e-05
6981,test,0,5.791895e-06
2741,test,0,5.7919024e-06
7215,test,0,5.8741275e-06
8571,test,0,5.7918996e-06
9069,test,0,0.0004709496
280,test,0,5.791893e-06
4181,test,0,0.007229853
265,test,0,5.791895e-06
9673,test,0,0.0004709496
10065,test,0,0.0011913042
9722,test,0,7.8420735e-06
8872,test,0,5.7919087e-06
2752,test,0,5.791893e-06
10482,test,0,5.8589762e-06
831,test,0,0.0012403269
4326,test,0,5.791893e-06
2037,test,0,5.791895e-06
7637,test,0,0.00011164458
9946,test,0,7.446312e-06
984,test,0,7.446312e-06
3140,test,0,8.306935e-06
8339,test,0,0.00015245494
9887,test,0,0.00010996369
3150,test,0,5.791898e-06
99,test,0,0.0004709496
7889,test,0,1.2083684e-05
8684,test,0,5.791895e-06
9208,test,0,5.7918983e-06
4636,test,0,5.8589762e-06
7373,test,0,0.00014358458
5978,test,0,5.9079343e-06
5332,test,0,5.791895e-06
3479,test,0,5.791895e-06
5573,test,0,0.0004709496
5572,test,0,3.116161e-05
2347,test,0,5.7918983e-06
10715,test,0,5.8589812e-06
3470,test,0,5.892685e-06
8335,test,0,5.8926953e-06
3539,test,0,4.2567167e-06
4035,test,0,5.791893e-06
276,test,0,6.0025013e-06
2149,test,0,5.892694e-06
10522,test,0,1.0600085e-05
698,test,0,8.306928e-06
2917,test,0,8.306928e-06
2403,test,0,5.7918915e-06
4336,test,0,0.00015245494
245,test,0,5.791893e-06
10692,test,0,0.0008097683
3526,test,0,5.791908e-06
2357,test,0,1.2083684e-05
2366,test,0,5.7918983e-06
3543,test,0,8.306936e-06
4432,test,0,0.00014262435
9058,test,0,1.03889415e-05
9811,test,0,1.03889415e-05
4396,test,0,5.791893e-06
5769,test,0,0.0001585704
1655,test,0,0.001198722
3117,test,0,1.058473e-05
5788,test,0,6.7448286e-06
4059,test,0,6.7448286e-06
7400,test,0,5.791895e-06
6724,test,0,9.162116e-06
9305,test,0,1.0872597e-05
6735,test,0,9.057211e-06
5709,test,0,0.00010996369
8383,test,0,0.0002198269
243,test,0,0.0004709496
2006,test,0,0.00011164458
3180,test,0,3.790166e-05
7757,test,0,5.2047468e-05
5178,test,0,0.001157299
817,test,0,0.00077244715
2132,test,0,5.791893e-06
3519,test,0,5.791893e-06
2053,test,0,0.00047812657
9535,test,0,5.8589944e-06
10173,test,0,0.0004709496
8047,test,0,5.791898e-06
1526,test,0,3.8985963e-06
8993,test,0,3.7620313e-05
262,test,0,0.00048907334
1231,test,0,3.7718823e-05
9826,test,0,0.0001575017
978,test,0,5.8589794e-06
7362,test,0,0.0016103006
5278,test,0,5.791895e-06
2742,test,0,1.3992119e-05
603,test,0,1.37300885e-05
988,test,0,0.00022873083
7257,test,0,1.2161705e-05
7890,test,0,0.0011461047
7415,test,0,5.791898e-06
4647,test,0,0.0003181459
255,test,0,9.412953e-06
7199,test,0,0.00073626655
8380,test,0,1.8452109e-05
4036,test,0,1.22632155e-05
9166,test,0,7.7748606e-05
2407,test,0,9.057229e-06
10709,test,0,1.6136524e-05
1693,test,0,9.162125e-06
7276,test,0,1.8903727e-05
9810,test,0,1.1299779e-05
175,test,0,0.00027158417
9945,test,0,0.0018468935
9212,test,0,0.0004166476
3546,test,0,9.057229e-06
5322,test,0,1.1003771e-05
10637,test,0,3.361333e-05
1585,test,0,8.521493e-06
8586,test,0,9.0572175e-06
8231,test,0,0.00048170137
4390,test,0,2.2655297e-05
10358,test,0,0.0011440438
7219,test,0,0.0026490055
5712,test,0,0.0001809614
9542,test,0,3.364155e-05
3225,test,0,3.3852775e-05
5540,test,0,8.499484e-06
1410,test,0,0.00026971335
4378,test,0,2.641352e-05
4191,test,0,0.0018350087
8690,test,0,3.0454288e-05
9607,test,0,9.214838e-06
8331,test,0,0.00020786953
8447,test,0,1.243452e-05
129,test,0,0.00030629445
7254,test,0,1.8240931e-05
7258,test,0,8.597934e-06
10645,test,0,9.057212e-06
9932,test,0,0.00021374295
111,test,0,9.057234e-06
5340,test,0,1.1003781e-05
8767,test,0,0.0035918464
4492,test,0,0.0017162857
6037,test,0,0.0021009862
9726,test,0,1.36080325e-05
5562,test,0,8.62018e-06
1719,test,0,0.00073626655
6,test,0,0.0011823374
6312,test,0,9.2841765e-06
5192,test,0,9.057212e-06
3287,test,0,0.00021374295
2743,test,0,8.71247e-06
2405,test,0,1.1131237e-05
10704,test,0,3.0137066e-06
2974,test,0,1.8558469e-05
8527,test,0,0.0007040509
1822,test,0,7.424839e-05
9050,test,0,2.2655297e-05
604,test,0,0.00081212097
6076,test,0,0.0025787055
10713,test,0,8.499488e-06
3193,test,0,0.00048170137
5971,test,0,0.0006909607
8924,test,0,8.597933e-06
6600,test,0,8.597932e-06
1364,test,0,0.0012177501
103,test,0,0.0011629941
6842,test,0,0.0010620984
4268,test,0,8.597933e-06
7918,test,0,0.00020786953
1361,test,0,1.2659007e-05
7380,test,0,1.743009e-05
2029,test,0,1.7737275e-05
3771,test,0,1.7737275e-05
1379,test,0,0.00016013131
3673,test,0,2.2917688e-05
3135,test,0,8.499509e-06
3666,test,0,3.3641543e-05
2040,test,0,8.499491e-06
5565,test,0,2.5664058e-05
5698,test,0,0.001543937
8531,test,0,2.4535038e-05
96,test,0,8.831349e-06
7015,test,0,0.0007175456
9853,test,0,8.499484e-06
9297,test,0,0.0007175456
6027,test,0,8.808551e-06
8562,test,0,8.499483e-06
8935,test,0,0.0006909607
9283,test,0,8.499491e-06
8884,test,0,2.5130015e-05
4193,test,0,8.499484e-06
4321,test,0,1.7783037e-05
8754,test,0,1.1508069e-05
3475,test,0,8.499488e-06
1531,test,0,6.128519e-05
287,test,0,8.499482e-06
5979,test,0,8.597935e-06
6855,test,0,2.1902702e-05
9714,test,0,2.5225087e-05
9220,test,0,2.5503656e-05
2146,test,0,8.5979245e-06
1612,test,0,8.499491e-06
4264,test,0,8.499484e-06
15,test,0,1.3134005e-05
2732,test,0,0.00079126225
4626,test,0,1.2423404e-05
9604,test,0,8.680488e-06
7003,test,0,0.0029767894
6707,test,0,0.00025666633
4,test,0,1.23595455e-05
257,test,0,0.0011298277
6314,test,0,2.2453542e-05
4253,test,0,0.001304297
9529,test,0,8.756536e-06
8578,test,0,3.3806657e-05
182,test,0,7.474039e-06
4338,test,0,1.3463113e-05
6081,test,0,9.175521e-06
9062,test,0,9.584434e-05
7421,test,0,0.0008474973
3462,test,0,0.0023081964
5202,test,0,2.841518e-05
194,test,0,0.00022466548
11019,test,0,0.0004845097
816,test,0,1.313399e-05
8762,test,0,9.175524e-06
6851,test,0,9.694188e-06
1193,test,0,0.00234476
8701,test,0,0.003119655
5272,test,0,9.175537e-06
2166,test,0,2.418912e-05
3015,test,0,0.0002261098
1653,test,0,0.00024824895
9905,test,0,8.477478e-06
7175,test,0,2.1115442e-05
5548,test,0,2.1115442e-05
7164,test,0,1.2901784e-05
9284,test,0,0.0013636007
9836,test,0,0.0024480263
11022,test,0,3.0959236e-06
3184,test,0,0.0020646038
972,test,0,9.17552e-06
5264,test,0,8.499488e-06
8759,test,0,1.020031e-05
10994,test,0,1.020031e-05
9239,test,0,0.00048170344
8689,test,0,9.175537e-06
2133,test,0,9.950974e-06
5564,test,0,1.325839e-05
9690,test,0,9.528828e-06
3222,test,0,0.00010234273
10486,test,0,0.001421693
8354,test,0,9.175529e-06
4490,test,0,0.00065089227
6966,test,0,0.00019104093
3663,test,0,9.335218e-06
6993,test,0,0.0007194427
7395,test,0,7.573863e-05
4607,test,0,0.00071184523
3677,test,0,0.0030957763
7008,test,0,9.281792e-06
278,test,0,1.611893e-05
4031,test,0,1.0197376e-05
10456,test,0,8.625008e-06
6244,test,0,0.0016897758
7256,test,0,0.00020073743
7261,test,0,8.956702e-06
285,test,0,2.5597514e-05
7162,test,0,6.3287057e-06
4144,test,0,1.6568194e-05
7696,test,0,2.1952706e-05
7698,test,0,8.477487e-06
10444,test,0,8.4774765e-06
5959,test,0,8.71897e-05
9096,test,0,8.71897e-05
4033,test,0,0.0029246802
5568,test,0,8.477477e-06
1583,test,0,1.21587145e-05
5273,test,0,0.00074712053
109,test,0,8.537109e-06
8344,test,0,8.575665e-06
10712,test,0,8.635984e-06
993,test,0,0.0026810528
979,test,0,2.1952706e-05
2911,test,0,1.0481319e-05
5556,test,0,1.3201195e-05
10490,test,0,1.2190191e-05
292,test,0,0.0007194415
234,test,0,0.00074525253
1619,test,0,2.4639961e-05
5189,test,0,0.00020342889
8749,test,0,0.0019735508
9303,test,0,8.302364e-06
9668,test,0,1.282597e-05
8888,test,0,8.537092e-06
1696,test,0,8.477496e-06
2906,test,0,8.771684e-06
1589,test,0,8.624989e-06
1373,test,0,8.323831e-06
10555,test,0,4.8506576e-05
3139,test,0,8.302357e-06
3452,test,0,8.3238165e-06
7213,test,0,8.644359e-06
1378,test,0,8.477477e-06
10531,test,0,0.0007045858
2412,test,0,2.0309068e-05
8053,test,0,0.00023366351
2349,test,0,2.17655e-05
1868,test,0,0.0025567682
3463,test,0,8.3023415e-06
8302,test,0,8.302349e-06
6077,test,0,6.3128077e-06
107,test,0,1.1907513e-05
10413,test,0,0.00017667198
8926,test,0,8.53709e-06
3548,test,0,1.0985699e-05
9851,test,0,4.9460465e-05
2382,test,0,1.0337357e-05
9888,test,0,1.4158093e-05
3523,test,0,1.4158093e-05
5197,test,0,0.00016309498
2401,test,0,1.0251655e-05
2173,test,0,1.0069408e-05
9724,test,0,0.0014377325
9857,test,0,0.00027673016
4651,test,0,1.0328225e-05
8563,test,0,4.919379e-05
4134,test,0,8.302344e-06
1818,test,0,1.6083022e-05
2373,test,0,1.2634021e-05
10702,test,0,2.432641e-05
1365,test,0,2.297213e-05
4133,test,0,2.5819732e-05
7995,test,0,0.0002949824
7914,test,0,0.0011288093
6311,test,0,2.0523226e-05
1867,test,0,1.1209253e-05
8353,test,0,1.611525e-05
1355,test,0,0.00068655494
6039,test,0,0.0028312954
6303,test,0,1.1406254e-05
201,test,0,1.4383518e-05
4265,test,0,8.302349e-06
6696,test,0,1.1209236e-05
6850,test,0,2.9129516e-05
6046,test,0,0.00082108314
4628,test,0,8.7238195e-06
10188,test,0,1.0537303e-05
7280,test,0,1.5438634e-05
10329,test,0,0.00024146777
3131,test,0,1.3742473e-05
4136,test,0,1.1749919e-05
8564,test,0,8.3023415e-06
7913,test,0,0.0017501577
7858,test,0,4.8032878e-05
9823,test,0,1.7122962e-05
4192,test,0,1.296741e-05
274,test,0,1.3035199e-05
11,test,0,1.0069433e-05
10672,test,0,3.0823197e-05
7927,test,0,9.871527e-06
10547,test,0,0.0011279922
269,test,0,1.0186054e-05
7895,test,0,8.723819e-06
126,test,0,9.871518e-06
4058,test,0,9.449014e-06
2101,test,0,2.9192122e-05
5799,test,0,0.0016192016
1856,test,0,1.108277e-05
8766,test,0,0.00082819257
1513,test,0,0.00023643271
7626,test,0,0.0016192016
10678,test,0,2.2367061e-05
5262,test,0,0.0007045858
16,test,0,1.388241e-05
3153,test,0,1.8637305e-05
277,test,0,0.003264537
8003,test,0,1.0069405e-05
5554,test,0,1.7492332e-05
2443,test,0,1.1873514e-05
4637,test,0,0.00018086712
9541,test,0,1.0801741e-05
4642,test,0,0.0004977786
258,test,0,1.969007e-05
9163,test,0,0.00016418863
4638,test,0,8.723827e-06
8008,test,0,1.671325e-05
10184,test,0,1.671325e-05
6072,test,0,0.0010839256
4057,test,0,1.2634039e-05
4165,test,0,1.0181716e-05
2147,test,0,9.8715445e-06
2746,test,0,8.824855e-06
9880,test,0,0.00013120811
6734,test,0,1.1184709e-05
260,test,0,0.0010848078
8758,test,0,9.871518e-06
5196,test,0,1.1209236e-05
6848,test,0,0.00016993898
10051,test,2,0.013070765
8128,test,2,0.029344434
4151,test,2,0.0056610443
8112,test,0,0.0021663667
8362,test,2,0.017736997
10406,test,2,0.0061138514
4159,test,2,0.0022826914
7656,test,2,0.11208844
8113,test,2,0.00807186
8364,test,2,0.0031984034
2836,test,2,0.0059881276
1574,test,2,0.0055354927
8130,test,2,0.019809121
10048,test,2,0.024925195
328,test,2,0.0059470762
4158,test,2,0.05529056
329,test,2,0.0964471
8357,test,2,0.025452092
7665,test,2,0.051549297
1563,test,2,0.007542698
66,test,2,0.022308996
8119,test,2,0.052757893
1570,test,2,0.10502712
1740,test,1,0.10502712
8118,test,2,0.055205166
10047,test,2,0.010777441
68,test,0,0.0021612216
4546,test,2,0.03909423
10041,test,2,0.0111155
318,test,0,0.002097682
4538,test,2,0.02081441
59,test,2,0.007003485
4549,test,2,0.05709727
4153,test,2,0.008062891
8126,test,2,0.06766638
65,test,2,0.065754876
325,test,2,0.0024445986
8127,test,2,0.028645713
320,test,2,0.024174426
10410,test,2,0.016346041
7670,test,0,0.0013177391
326,test,0,0.00038766194
54,test,2,0.0029075933
57,test,0,0.0004776078
7662,test,0,0.0013357535
64,test,2,0.046021882
4157,test,2,0.03984923
1566,test,2,0.041558105
10039,test,2,0.09669519
10040,test,2,0.012795129
4154,test,0,0.0020232704
8131,test,0,0.00030558743
55,test,2,0.0021279796
63,test,2,0.01187183
6778,test,2,0.022608588
947,test,2,0.0059471903
2337,test,2,0.051062495
2333,test,2,0.0052820654
6896,test,2,0.007180097
6878,test,2,0.008942958
6771,test,2,0.015019936
6879,test,2,0.00188151
965,test,2,0.0016350634
6882,test,2,0.09687247
6766,test,2,0.0171848
6774,test,2,0.087836124
2329,test,2,0.014390994
955,test,2,0.14095983
5850,test,2,0.0012236235
4664,test,1,0.15248914
3499,test,2,0.011663355
7141,test,2,0.0053171697
6888,test,2,0.0059806327
5835,test,2,0.028439127
6876,test,2,0.0038819741
9412,test,2,0.022728154
6877,test,2,0.010164021
3493,test,2,0.0053415583
1983,test,2,0.026693875
3498,test,2,0.012998061
948,test,2,0.07354602
5853,test,2,0.009812836
6866,test,2,0.0019748504
6886,test,2,0.011680537
6776,test,2,0.010163499
9414,test,2,0.022797098
3622,test,2,0.0032424196
5845,test,2,0.021200886
2332,test,2,0.14438546
3495,test,2,0.015318653
5852,test,2,0.00188151
1982,test,2,0.022829084
5837,test,2,0.019376429
2338,test,2,0.07055191
2330,test,2,0.097571895
5848,test,2,0.03026468
6897,test,2,0.047337025
2328,test,2,0.002889144
5834,test,0,0.00063926895
3611,test,2,0.01743394
5843,test,0,0.0013177391
1968,test,2,0.0134769855
960,test,2,0.015335946
6779,test,0,0.0013674634
959,test,2,0.019686257
956,test,2,0.008062891
1980,test,2,0.0637513
3615,test,2,0.025262527
1974,test,2,0.01623161
2343,test,2,0.0171848
1981,test,0,0.0017709496
6252,test,2,0.1141047
2550,test,2,0.009162299
10498,test,2,0.006378357
412,test,0,0.0019558235
6289,test,0,0.00014361079
2828,test,2,0.009925817
2809,test,2,0.008970218
6254,test,2,0.0011483383
10514,test,2,0.021604476
3306,test,2,0.0048550805
10510,test,2,0.056060385
666,test,2,0.007532597
6281,test,2,0.011680537
2541,test,2,0.013268921
6249,test,2,0.009812836
8214,test,2,0.0010501086
2511,test,2,0.0042887717
413,test,2,0.07068446
2820,test,2,0.064637154
409,test,2,0.021380143
2493,test,2,0.00935367
7951,test,1,0.73787063
2513,test,2,0.00353069
2507,test,2,0.021033369
8217,test,2,0.012640497
668,test,2,0.012405272
2819,test,2,0.0076843738
2545,test,2,0.0012927607
2798,test,0,0.0031210743
411,test,2,0.048173502
10502,test,2,0.029968614
2822,test,0,0.0011988742
2544,test,2,0.011434961
2823,test,2,0.006403218
508,test,2,0.06589619
2492,test,2,0.0040312274
405,test,0,0.0003816781
10508,test,0,0.0012222726
2503,test,2,0.015615984
679,test,0,0.0019419352
2829,test,2,0.01584113
6291,test,2,0.032365557
3299,test,2,0.037593443
8216,test,2,0.0144272065
2548,test,2,0.0267044
496,test,2,0.03119269
10509,test,0,0.0020232704
511,test,0,0.0054963054
2830,test,2,0.00580384
2827,test,2,0.0017562261
7432,test,2,0.0016049546
2109,test,2,0.022456244
7431,test,2,0.05286743
3285,test,2,0.0072317496
4650,test,2,0.030461658
2886,test,2,0.00188876
7700,test,1,0.83259296
3281,test,2,0.006265974
2889,test,2,0.010164021
2897,test,2,0.0043440773
2271,test,2,0.05880155
3186,test,2,0.0050103148
10137,test,2,0.009514254
3284,test,2,0.004022878
2903,test,2,0.033886313
10136,test,2,0.12728797
10139,test,2,0.0026790563
10141,test,2,0.0018812005
7443,test,2,0.0061138514
7441,test,2,0.0053081103
4643,test,2,0.0034653067
4428,test,2,0.005796614
7430,test,2,0.015335628
2899,test,2,0.0052820654
3188,test,2,0.028949175
2901,test,2,0.0039372747
7440,test,2,0.0133706145
2112,test,2,0.0029606493
4427,test,2,0.011478982
7867,test,0,0.003227866
4646,test,0,0.0014185363
9936,test,2,0.016258873
3187,test,2,0.09977231
3289,test,2,0.004395531
2268,test,2,0.14774014
7879,test,0,0.0001926935
2883,test,2,0.02515747
7433,test,2,0.004022873
2274,test,2,0.00845047
7437,test,2,0.11079759
4176,test,1,0.33069846
7444,test,2,0.027767675
3196,test,0,0.0003816781
4644,test,2,0.0056629293
7866,test,2,0.0075351615
4429,test,2,0.12276071
2900,test,2,0.0062330333
9937,test,2,0.08369603
3282,test,2,0.12251456
3288,test,2,0.17437728
3291,test,0,7.018154e-05
4433,test,2,0.003427393
10134,test,2,0.016129255
10143,test,2,0.0074851303
7869,test,2,0.00086121936
7772,test,2,0.02805292
2956,test,2,0.09251103
4957,test,2,0.028265798
5593,test,2,0.010386526
3271,test,2,0.0046560243
5117,test,2,0.00435258
4898,test,2,0.02957421
4902,test,2,0.006463681
8604,test,2,0.0069669154
7775,test,2,0.036751553
3832,test,1,0.48496687
9924,test,2,0.20044933
5586,test,2,0.015628623
3266,test,2,0.0019645009
5576,test,2,0.00053846603
10893,test,2,0.012589743
4956,test,2,0.06702125
5120,test,2,0.0081102
4904,test,2,0.004486915
159,test,2,0.08203299
3267,test,2,0.0035048153
160,test,2,0.025491253
8595,test,2,0.0023468672
5580,test,2,0.005456611
5113,test,2,0.035599366
4968,test,0,0.00020045403
3268,test,2,0.005001056
5577,test,2,0.010164021
4900,test,2,0.0022032692
4959,test,2,0.04649514
3269,test,2,0.02465354
4962,test,2,0.00976135
8602,test,2,0.09745682
165,test,2,0.016733194
5115,test,2,0.086845644
5592,test,2,0.07817404
4894,test,2,0.016379112
7771,test,2,0.01584113
3277,test,2,0.11309313
8136,test,0,8.640931e-05
168,test,0,8.640931e-05
3275,test,0,0.003634144
10901,test,2,0.026372086
4859,test,1,0.21210124
7908,test,2,0.001383111
9989,test,2,0.002889103
9640,test,2,0.0046052006
7503,test,2,0.002889103
8786,test,2,0.006331195
3412,test,2,0.007944394
3433,test,0,0.0021612216
10255,test,2,0.01423175
9985,test,2,0.02531114
5004,test,2,0.008773477
9997,test,2,0.022452844
7502,test,2,0.00916306
9649,test,2,0.03028113
3421,test,2,0.04205583
10243,test,2,0.09403866
9509,test,2,0.0009919176
4989,test,2,0.022715855
9507,test,2,0.09612181
3422,test,2,0.012543601
3417,test,2,0.0062678214
9648,test,2,0.019861545
10244,test,2,0.0017662153
9987,test,2,0.08137797
5260,test,1,0.64324224
3416,test,2,0.0009471394
3418,test,2,0.017461143
4955,test,1,0.34013927
10249,test,2,0.2759741
7903,test,0,0.0004374296
8787,test,2,0.014060435
4951,test,1,0.18413018
9994,test,2,0.057152208
7495,test,2,0.018840998
7297,test,1,0.17082728
7905,test,2,0.0052822535
7512,test,0,0.0016054921
9995,test,2,0.005010179
5007,test,0,0.0023256957
4991,test,0,0.00058160693
5005,test,2,0.006181517
4288,test,1,0.06837412
3424,test,0,0.0059256125
10247,test,2,0.0032437406
4997,test,2,0.01284658
3427,test,2,0.003441067
3402,test,2,0.0387638
9508,test,2,0.061464157
3408,test,2,0.013607915
10152,test,2,0.009540485
762,test,2,0.0022389106
10149,test,2,0.03093846
10151,test,2,0.008223829
7518,test,2,0.0127594
5450,test,2,0.047133222
2574,test,2,0.017204588
10004,test,2,0.08347661
7459,test,2,0.005116855
888,test,2,0.001834959
2575,test,2,0.021562789
758,test,2,0.022582788
5453,test,2,0.0031210743
7466,test,0,0.0013357535
7469,test,2,0.0021635795
7458,test,2,0.006802317
10010,test,2,0.019225737
10018,test,2,0.02765835
2570,test,2,0.008062891
10019,test,2,0.023300901
882,test,2,0.0023891109
2562,test,2,0.03119269
5446,test,2,0.0061179833
2560,test,2,0.059537515
3512,test,2,0.0060800696
765,test,2,0.020533009
883,test,2,0.017529134
3506,test,2,0.03984923
2584,test,2,0.10852947
7456,test,2,0.024925195
5454,test,0,0.0006077205
3505,test,2,0.011582267
3692,test,0,0.0011988742
752,test,2,0.003427393
892,test,2,0.01602616
2573,test,2,0.006817948
5456,test,2,0.006309255
763,test,2,0.013105089
2568,test,0,0.0013357535
2576,test,2,0.0068690134
7457,test,2,0.041657563
11051,test,1,0.22622785
10017,test,2,0.0051753027
10003,test,0,0.00034608974
887,test,0,0.0016005713
886,test,2,0.02066124
2571,test,2,0.005010281
1176,test,2,0.010878859
716,test,1,0.6424829
1898,test,2,0.0028378477
3813,test,2,0.008230544
1177,test,2,0.01846904
6642,test,2,0.004126464
3810,test,2,0.024905413
2995,test,2,0.018303521
2989,test,2,0.04192603
10442,test,2,0.013070765
347,test,2,0.08203299
10024,test,2,0.013989213
333,test,2,0.0073842835
6646,test,2,0.001794689
10430,test,2,0.0023891083
8165,test,2,0.00051568745
334,test,2,0.0019645009
10437,test,2,0.0054877396
8444,test,2,0.0025599587
8153,test,2,0.03675216
10429,test,2,0.09676268
1175,test,2,0.018856773
9472,test,2,0.013743754
9464,test,2,0.06858941
2996,test,2,0.044792835
8433,test,2,0.013213882
9481,test,2,0.005264583
6662,test,2,0.011872041
10025,test,2,0.051855646
343,test,2,0.012152976
1907,test,2,0.0110839885
1167,test,2,0.0034144195
335,test,2,0.022172365
6643,test,2,0.004022878
3811,test,2,0.045343775
1178,test,2,0.0368103
6653,test,2,0.04023634
6645,test,2,0.0964471
341,test,0,0.0010461523
3804,test,2,0.021489745
9483,test,2,0.058027927
8158,test,0,0.0013357535
6658,test,2,0.068072245
10030,test,0,0.00069395575
345,test,0,0.0010461523
6661,test,2,0.016733194
6665,test,2,0.010163499
10436,test,2,0.033787392
1166,test,2,0.006109633
8156,test,2,0.03235924
10431,test,2,0.00562494
8436,test,0,0.00058160693
1168,test,2,0.014649917
10439,test,2,0.008725194
6652,test,0,0.0018384303
10032,test,0,7.653816e-05
9459,test,2,0.0017363883
8441,test,2,0.02379577
1905,test,2,0.08775321
3812,test,2,0.046495754
9466,test,2,0.022824276
3702,test,2,0.034558527
3715,test,2,0.0025090966
3705,test,2,0.00878164
3707,test,2,0.0020394628
4372,test,0,0.006378357
4365,test,2,0.0031210743
5468,test,2,0.015318653
4345,test,2,0.003946211
1468,test,2,0.007003485
6801,test,2,0.029721875
7839,test,2,0.002269802
7837,test,2,0.00450708
6785,test,2,0.042161714
4374,test,2,0.045713164
5238,test,2,0.0246541
3711,test,2,0.0013438843
5460,test,2,0.0013669268
2617,test,2,0.0035783246
5760,test,2,0.019424718
2607,test,2,0.014916568
5227,test,2,0.0054867184
5239,test,2,0.002889144
4359,test,2,0.008229599
5465,test,2,0.023267252
6798,test,2,0.010164021
4376,test,2,0.013069531
2618,test,2,0.0075351615
7843,test,2,0.21778508
1464,test,0,0.0005859447
4367,test,2,0.03461946
5228,test,2,0.003441067
2609,test,2,0.015335628
7847,test,0,0.00033073695
7842,test,2,0.07975881
6802,test,0,0.00040778663
5232,test,2,0.04649514
1461,test,2,0.015615984
6786,test,2,0.007145942
7840,test,2,0.047469933
5466,test,2,0.013631072
6787,test,2,0.004022878
4350,test,2,0.090998985
4349,test,2,0.050681528
2620,test,2,0.011647169
1469,test,2,0.09381003
5459,test,2,0.08451749
2608,test,2,0.018374786
5758,test,0,0.0010839475
1460,test,0,0.0002820724
9626,test,2,0.005400226
10682,test,2,0.043043103
10687,test,2,0.015628623
9407,test,2,0.10459762
633,test,2,0.010800471
10686,test,2,0.041859202
9721,test,1,0.28985327
10679,test,2,0.002163527
9630,test,2,0.18769924
10684,test,2,0.005763044
10185,test,2,0.011444131
9397,test,2,0.039877053
9623,test,2,0.0738643
5701,test,2,0.0031210743
10868,test,2,0.0034281956
9070,test,1,0.24529783
9394,test,2,0.0043968847
5697,test,2,0.043238092
2098,test,2,0.004581008
10178,test,2,0.014040162
9622,test,2,0.0016350634
10857,test,2,0.008229592
5708,test,2,0.05705683
9396,test,2,0.0035390307
5703,test,2,0.001357392
10865,test,0,0.0013177391
630,test,2,0.0046052006
5705,test,2,0.0046393895
6394,test,0,0.0014479747
2480,test,2,0.009980392
2975,test,2,0.002514247
2090,test,2,0.00778621
620,test,2,0.010789569
9408,test,2,0.16744508
9395,test,2,0.025164595
10855,test,2,0.0072339987
10186,test,2,0.01569116
10688,test,0,0.0010461523
10670,test,2,0.0018349757
9399,test,0,0.0021841463
5696,test,2,0.0022166506
9611,test,0,0.002114095
2973,test,2,0.017680978
5692,test,0,0.0022407663
1368,test,0,0.0022407663
9306,test,0,0.0023256957
9631,test,0,0.0023256957
9618,test,0,0.0031210743
6395,test,0,0.0003816781
10181,test,2,0.0028977965
10689,test,2,0.0053081103
10683,test,2,0.00729562
624,test,2,0.025844214
2096,test,2,0.0035047978
10336,test,2,0.07200915
9828,test,2,0.015489299
9829,test,2,0.012542461
1409,test,2,0.10157445
1405,test,2,0.031930573
1413,test,2,0.005355169
1645,test,2,0.0041494127
9890,test,2,0.02453867
9160,test,2,0.011009832
10322,test,2,0.004213199
616,test,2,0.10073116
8717,test,2,0.0012905668
10327,test,2,0.0056629293
9169,test,2,0.04374068
1408,test,2,0.004022878
612,test,2,0.00789393
10328,test,2,0.0014032116
1648,test,2,0.014125887
8711,test,2,0.028038869
605,test,2,0.047982212
613,test,2,0.011963828
10331,test,2,0.018411037
1649,test,2,0.0021862867
8715,test,2,0.003427393
10917,test,2,0.010164021
617,test,2,0.007003485
10912,test,2,0.04657849
1383,test,2,0.057279658
8707,test,2,0.117095746
7768,test,2,0.0062678214
7759,test,2,0.047469933
10334,test,2,0.016257701
1412,test,2,0.008942958
8720,test,0,0.0013357535
2748,test,0,0.0013357535
7762,test,2,0.01664434
8725,test,2,0.0046052006
9886,test,2,0.013215082
9174,test,2,0.037344962
9819,test,2,0.050102156
1646,test,2,0.011316031
1396,test,2,0.010062717
10920,test,2,0.006957662
615,test,2,0.010890107
9159,test,2,0.005135997
9889,test,2,0.26298016
1414,test,0,0.0030312256
608,test,2,0.01793068
7763,test,2,0.00888255
10321,test,2,0.010938609
9170,test,2,0.027183846
7765,test,2,0.013230594
10915,test,2,0.0011483472
9825,test,2,0.15303068
8724,test,2,0.027674375
1656,test,2,0.0041752798
8501,test,2,0.0045878296
4537,test,2,0.11389224
2079,test,2,0.016355243
4892,test,2,0.005456611
4887,test,2,0.0036031862
4528,test,2,0.0029054917
5307,test,2,0.00969558
9565,test,2,0.04171904
372,test,2,0.13160948
4882,test,2,0.006246127
7391,test,0,0.0012642149
375,test,2,0.009540434
3089,test,1,0.18516302
4534,test,2,0.0061499025
750,test,2,0.007960365
4891,test,2,0.01877763
7030,test,2,0.0031210743
386,test,2,0.001236011
8855,test,2,0.007145942
8506,test,2,0.016620398
7387,test,2,0.017850788
747,test,2,0.023122951
739,test,2,0.008970218
8820,test,1,0.17296365
379,test,2,0.007096446
742,test,2,0.0021515
378,test,2,0.024067134
2082,test,2,0.010878859
2086,test,2,0.092739426
4530,test,2,0.0017744282
383,test,2,0.019504605
5316,test,2,0.041267876
7027,test,2,0.04072577
9559,test,2,0.0111155
8868,test,0,0.0027193392
4886,test,2,0.0884325
748,test,2,0.013090062
8502,test,2,0.011965734
374,test,2,0.047637228
5319,test,2,0.00095227716
5308,test,2,0.11220439
4531,test,2,0.047197357
5309,test,2,0.007270039
8500,test,0,0.0001926935
1555,test,0,0.0001926935
5314,test,2,0.016456299
7394,test,2,0.009925817
1820,test,2,0.16817163
1810,test,2,0.031192143
8327,test,2,0.003141287
5219,test,2,0.006127444
7109,test,2,0.0078085777
5212,test,2,0.005324761
5215,test,2,0.013213882
3201,test,2,0.03119269
8513,test,2,0.0029595396
8529,test,2,0.010375578
8318,test,2,0.013305566
399,test,2,0.05823662
7106,test,0,0.0019558235
1815,test,2,0.050039995
392,test,2,0.071669236
398,test,2,0.014891391
1591,test,1,0.531248
4568,test,2,0.01096629
8518,test,2,0.0153189525
1340,test,2,0.030032229
1335,test,2,0.023927057
387,test,2,0.15132754
8771,test,1,0.30111787
3209,test,2,0.010828483
8326,test,2,0.00051570014
1334,test,2,0.024838077
3887,test,2,0.018158056
8523,test,2,0.06090839
7114,test,2,0.015783878
4561,test,2,0.014916568
2398,test,1,0.17003867
8520,test,2,0.20953119
5211,test,2,0.013756396
4576,test,2,0.014820096
4571,test,0,0.0019558235
9816,test,0,0.0030444611
7111,test,2,0.042638734
8528,test,2,0.003441067
7118,test,2,0.008967657
1343,test,0,0.0018863443
8526,test,2,0.008205936
8521,test,2,0.0042901025
3881,test,2,0.012170003
3880,test,2,0.08780439
4379,test,1,0.17550188
8516,test,0,0.0023126048
3129,test,0,0.0023126048
3213,test,0,0.0041092173
3253,test,2,0.019177452
7062,test,2,0.029971827
2636,test,2,0.0044435617
588,test,2,0.09295848
7679,test,2,0.037553523
2528,test,2,0.028819663
8314,test,2,0.050102156
2601,test,2,0.024925195
7061,test,2,0.012266911
3248,test,2,0.007041214
7683,test,2,0.17434514
2626,test,2,0.006613047
4458,test,2,0.037791573
2530,test,2,0.0036000179
444,test,2,0.00457193
7060,test,2,0.01040983
587,test,2,0.01159533
9013,test,2,0.004021722
8304,test,2,0.026693875
3258,test,2,0.024067134
2529,test,2,0.010062717
443,test,2,0.04468598
2625,test,2,0.014390994
9016,test,2,0.019552512
4467,test,2,0.087197505
8306,test,2,0.03718989
596,test,2,0.042243686
2598,test,2,0.0042894846
6830,test,1,0.04246737
217,test,1,0.41837257
2604,test,2,0.003164827
7674,test,0,0.009043681
3259,test,2,0.0016350634
3243,test,2,0.024391295
9008,test,2,0.025034668
2597,test,2,0.003441067
7677,test,2,0.00908901
442,test,2,0.0023891109
3239,test,2,0.026754493
4461,test,2,0.010438457
9015,test,0,0.0003028202
449,test,0,0.0005661782
8305,test,2,0.04536585
446,test,2,0.008229599
2635,test,2,0.02312345
598,test,2,0.023758413
593,test,2,0.022471337
2603,test,2,0.0387638
599,test,0,0.0020956434
2590,test,2,0.034294147
2633,test,2,0.022967294
3250,test,2,0.015318653
4954,test,1,0.25660118
2531,test,2,0.003414316
7684,test,0,0.00018576032
8316,test,2,0.022471337
6639,test,2,0.0052822535
6007,test,2,0.08196439
6633,test,2,0.004022873
2877,test,2,0.008562105
2871,test,2,0.005043871
6020,test,2,0.0056425966
6024,test,2,0.054302797
9753,test,2,0.041687593
8618,test,2,0.14673568
2881,test,2,0.006118344
4099,test,2,0.01534291
8607,test,2,0.003446003
8609,test,2,0.04060617
2875,test,2,0.0023891083
2876,test,2,0.041557226
2282,test,2,0.014897509
5131,test,2,0.08493214
8612,test,2,0.0037248451
2870,test,2,0.00908901
8608,test,2,0.11123325
6009,test,2,0.004577737
5130,test,2,0.0059881276
4100,test,2,0.16885616
9751,test,2,0.019694898
9741,test,2,0.0833161
9752,test,2,0.123587236
2276,test,2,0.051653594
9748,test,2,0.1039278
9739,test,2,0.012821003
8616,test,0,0.0019558235
6011,test,2,0.0056629293
7818,test,2,0.0051753027
6010,test,2,0.0121321725
7825,test,2,0.0448787
2288,test,2,0.067680635
2869,test,2,0.03357325
2479,test,2,0.07418864
5133,test,2,0.14878578
9754,test,2,0.10778263
4096,test,2,0.028570581
2874,test,0,0.00034117303
2278,test,0,0.0034180204
2873,test,0,0.0013357535
2476,test,2,0.01793068
7622,test,2,0.076357454
9950,test,2,0.10420926
7167,test,2,0.029673785
9243,test,2,0.0046393895
10356,test,2,0.030741904
10352,test,2,0.019134331
3797,test,2,0.0054578898
9236,test,2,0.018291105
9234,test,2,0.08726603
10351,test,2,0.012223297
4300,test,2,0.011609403
3787,test,2,0.017933188
9958,test,2,0.01723822
9957,test,2,0.019686257
9661,test,2,0.0042837337
7168,test,2,0.0044435617
7163,test,0,0.002436341
9659,test,2,0.03028465
18,test,1,0.2259426
10357,test,2,0.095993906
4316,test,2,0.012060806
4315,test,2,0.028184393
10443,test,1,0.30520576
10367,test,2,0.005587009
3794,test,2,0.006269488
9947,test,2,0.0025598493
7180,test,2,0.006970352
5604,test,2,0.109208636
9652,test,0,0.0019558235
5992,test,2,0.009513401
5597,test,2,0.0018349757
5983,test,2,0.04147243
4307,test,2,0.0076781693
9943,test,2,0.06978867
5995,test,2,0.009802004
9244,test,2,0.085403875
9949,test,0,0.000606099
5997,test,2,0.13336375
10366,test,2,0.112504415
9664,test,2,0.014064612
9660,test,0,0.0019918438
4304,test,2,0.1409798
5602,test,2,0.017133009
9610,test,1,0.3781083
5599,test,2,0.004263819
3800,test,2,0.03632811
7171,test,2,0.0029469274
9658,test,2,0.0041752798
