account_id,split,target,score
2422,valid,1,0.9700988
3768,valid,0,0.02507083
10059,valid,0,0.03578569
5328,valid,0,0.03578569
10426,valid,0,0.36322165
8445,valid,0,0.23842913
7018,valid,0,0.23842913
10978,valid,0,0.23842913
8927,valid,0,0.23842913
3778,valid,0,0.23842913
8753,valid,1,0.96919495
2413,valid,1,0.9692199
10064,valid,0,0.13848257
3472,valid,1,0.94649166
4625,valid,1,0.96802604
10553,valid,0,0.20486626
6242,valid,0,0.36322165
91,valid,0,0.02507083
6236,valid,0,0.11202651
198,valid,0,0.03578569
113,valid,1,0.9700988
4629,valid,1,0.9691672
4179,valid,0,0.21450913
3158,valid,0,0.42660105
8027,valid,0,0.09381254
3971,valid,0,0.19980046
6780,valid,0,0.088316485
2497,valid,0,0.30701822
3734,valid,0,0.44748828
3613,valid,0,0.07115582
6660,valid,0,0.27325895
76,valid,0,0.22182019
1967,valid,0,0.5315957
8157,valid,0,0.37307906
2062,valid,0,0.027848838
9010,valid,0,0.028125715
3324,valid,0,0.21237344
7597,valid,0,0.054405548
2341,valid,0,0.054405548
8022,valid,0,0.2652673
4371,valid,0,0.027848838
9023,valid,0,0.103844486
8193,valid,0,0.20916864
3620,valid,0,0.23301026
8597,valid,0,0.18956113
11086,valid,0,0.18330103
5404,valid,0,0.29222232
153,valid,0,0.11297029
7510,valid,0,0.06260308
469,valid,0,0.1478743
5725,valid,0,0.22309425
5714,valid,1,0.16146885
2994,valid,0,0.120008014
4901,valid,0,0.15271857
9470,valid,0,0.069810174
464,valid,0,0.12823181
2811,valid,0,0.12285324
9790,valid,0,0.1823016
8197,valid,0,0.23244388
5123,valid,0,0.22892673
5400,valid,0,0.16721414
8222,valid,0,0.17692536
1943,valid,0,0.18027665
5054,valid,0,0.07573005
208,valid,0,0.12093535
9915,valid,0,0.18504988
4505,valid,0,0.3077295
218,valid,0,0.10153712
10126,valid,0,0.22749794
6803,valid,0,0.27088115
951,valid,0,0.07087782
4229,valid,0,0.3310979
10625,valid,0,0.23456088
8780,valid,0,0.059934698
6298,valid,0,0.07993099
7802,valid,0,0.19499144
8416,valid,0,0.20762923
5394,valid,0,0.2361997
5894,valid,0,0.15323897
4994,valid,0,0.049960256
1936,valid,0,0.14921492
11069,valid,0,0.15507728
5581,valid,0,0.028832655
7804,valid,0,0.090181194
9991,valid,0,0.23828137
3353,valid,0,0.19957577
4203,valid,0,0.19853692
5715,valid,0,0.040474713
9475,valid,0,0.040474713
5901,valid,0,0.5129978
6247,valid,0,0.21061237
6865,valid,0,0.26804486
5851,valid,0,0.13616917
6940,valid,0,0.3309844
10383,valid,0,0.083062
5899,valid,0,0.28912738
6287,valid,0,0.12816039
4927,valid,0,0.32356882
361,valid,0,0.21558094
8023,valid,0,0.31069872
3405,valid,0,0.36078835
4292,valid,0,0.36939645
1790,valid,0,0.06899059
6863,valid,0,0.17864962
7551,valid,0,0.28898197
11087,valid,0,0.22207148
1510,valid,0,0.1970319
4843,valid,0,0.12043067
1938,valid,0,0.09476107
3400,valid,0,0.16977228
4727,valid,0,0.57038337
10373,valid,0,0.23165469
3854,valid,0,0.21621741
6417,valid,0,0.19801769
5860,valid,0,0.42508855
10083,valid,0,0.37188914
5159,valid,0,0.40478057
2695,valid,0,0.5265169
6616,valid,0,0.1488827
3317,valid,0,0.13288583
869,valid,0,0.05765338
1033,valid,0,0.32060924
4935,valid,0,0.04170178
1021,valid,0,0.25531664
6796,valid,0,0.073421456
9198,valid,0,0.47503796
3162,valid,0,0.35637757
8151,valid,0,0.2935496
6816,valid,0,0.35373315
5643,valid,0,0.29157612
9964,valid,0,0.6257464
4670,valid,0,0.4236907
6621,valid,0,0.36792225
6149,valid,0,0.03100712
8414,valid,0,0.39813185
2815,valid,0,0.1603401
5913,valid,0,0.17778437
7648,valid,0,0.06771031
8215,valid,0,0.06771031
1202,valid,0,0.07634688
6055,valid,0,0.04891163
6441,valid,0,0.24099395
3167,valid,0,0.21769576
2855,valid,0,0.21767008
5045,valid,0,0.39922246
3252,valid,0,0.23846887
3957,valid,0,0.22499435
8553,valid,0,0.4052437
10079,valid,0,0.4159248
5361,valid,0,0.24105029
8038,valid,0,0.32035717
5880,valid,0,0.09617726
7497,valid,0,0.0902065
4858,valid,0,0.027399214
6867,valid,0,0.32339218
5916,valid,0,0.08754666
1005,valid,0,0.50420094
3822,valid,0,0.42832613
9423,valid,0,0.050371353
10615,valid,0,0.18932347
3826,valid,0,0.0976018
7613,valid,0,0.07747348
6607,valid,0,0.55356514
1217,valid,0,0.06682282
6293,valid,0,0.05675418
3354,valid,0,0.091090664
5757,valid,0,0.06771031
6143,valid,0,0.16832401
11082,valid,0,0.5951717
4996,valid,0,0.13465728
1903,valid,0,0.17314497
6810,valid,0,0.39010584
7509,valid,0,0.24908961
10955,valid,0,0.15917842
8841,valid,0,0.16644615
4459,valid,0,0.17665914
3626,valid,0,0.3118043
6768,valid,0,0.15245396
539,valid,0,0.087470025
79,valid,0,0.06333737
3718,valid,0,0.1195923
4960,valid,0,0.25196087
4284,valid,0,0.2635522
2539,valid,0,0.07993099
1978,valid,0,0.2149485
1292,valid,0,0.37968197
9183,valid,0,0.14330122
3850,valid,0,0.1345331
5934,valid,0,0.060699277
5124,valid,0,0.35352355
3419,valid,0,0.028125715
2804,valid,0,0.14949085
4947,valid,0,0.069266565
39,valid,0,0.19936053
549,valid,0,0.323453
7493,valid,0,0.02693639
8429,valid,0,0.02693639
6764,valid,0,0.32249662
3740,valid,0,0.16937752
503,valid,0,0.028832655
5883,valid,0,0.153847
8186,valid,0,0.06829245
2242,valid,0,0.13072011
2864,valid,0,0.028688285
1500,valid,0,0.12348348
5048,valid,0,0.16057296
10269,valid,0,0.38129658
8205,valid,0,0.3789955
4854,valid,0,0.24148257
344,valid,0,0.026946235
364,valid,0,0.052015975
10628,valid,0,0.02693639
1902,valid,0,0.19069314
4208,valid,0,0.17851469
1014,valid,0,0.15955777
4366,valid,0,0.07791181
6783,valid,0,0.070070304
2306,valid,0,0.31505674
4067,valid,0,0.2967542
10871,valid,0,0.0649027
2071,valid,0,0.2677795
7308,valid,0,0.07747348
6626,valid,0,0.02693639
8221,valid,0,0.19458078
6147,valid,0,0.14193363
9986,valid,0,0.05191034
10252,valid,0,0.028125715
9980,valid,0,0.026720973
9000,valid,0,0.2679792
9473,valid,0,0.07992889
6752,valid,0,0.16947861
5290,valid,0,0.2915856
8171,valid,0,0.054405548
4938,valid,0,0.07817737
9477,valid,0,0.28942832
10968,valid,0,0.06979781
671,valid,0,0.50973773
4961,valid,0,0.2143884
1276,valid,0,0.216867
10271,valid,0,0.11830808
1940,valid,0,0.119408004
1893,valid,0,0.044436473
5367,valid,0,0.035280388
4358,valid,0,0.25164878
7909,valid,0,0.23427333
542,valid,0,0.08983011
1805,valid,0,0.07547461
3701,valid,0,0.17622824
6277,valid,0,0.07115582
4721,valid,0,0.035358965
548,valid,0,0.02832688
6797,valid,0,0.16826774
2821,valid,0,0.028125715
3240,valid,0,0.07338383
5001,valid,0,0.22213162
5871,valid,0,0.2235763
2587,valid,0,0.24360313
5722,valid,0,0.42826438
10391,valid,0,0.12115484
9410,valid,0,0.041932207
10563,valid,0,0.2081881
7907,valid,0,0.101081625
2516,valid,0,0.14354372
675,valid,0,0.1280342
5230,valid,0,0.1619699
475,valid,0,0.07372313
8180,valid,0,0.028843172
10280,valid,0,0.41660705
7063,valid,0,0.15617682
3157,valid,0,0.5102109
3722,valid,0,0.19546403
415,valid,0,0.26751086
3745,valid,0,0.2295462
2540,valid,0,0.40520808
7783,valid,0,0.060124647
3966,valid,0,0.02758825
2592,valid,0,0.14995332
7797,valid,0,0.41064498
5289,valid,0,0.03969562
8777,valid,0,0.16024484
2310,valid,0,0.082117
2546,valid,0,0.028832655
5300,valid,0,0.118871905
3241,valid,0,0.11757564
9417,valid,0,0.05528498
9125,valid,0,0.25340915
4219,valid,0,0.07370666
4928,valid,0,0.028973263
8145,valid,0,0.027204448
1896,valid,0,0.07248585
7499,valid,0,0.46848682
5461,valid,0,0.18053137
1279,valid,0,0.26131248
1494,valid,0,0.17827348
1472,valid,0,0.17974237
1328,valid,0,0.30083308
167,valid,0,0.1564859
4222,valid,0,0.16386274
10977,valid,0,0.054143906
1064,valid,0,0.033650793
5582,valid,0,0.054931547
4949,valid,0,0.054931547
8152,valid,0,0.19731915
4463,valid,0,0.101619974
1505,valid,0,0.027848838
9500,valid,0,0.24751301
1792,valid,0,0.19417372
2542,valid,0,0.39905253
7776,valid,0,0.16239011
660,valid,0,0.028688285
10123,valid,0,0.19049974
2340,valid,0,0.18728937
172,valid,0,0.25763205
4907,valid,0,0.14633924
8546,valid,0,0.22689034
584,valid,0,0.22309425
6773,valid,0,0.027848838
5862,valid,0,0.027848838
10659,valid,0,0.027848838
7841,valid,0,0.03283493
7726,valid,0,0.095125146
10973,valid,0,0.23291524
9002,valid,0,0.043454822
1165,valid,0,0.06771031
1066,valid,0,0.12137319
6873,valid,0,0.19829124
2698,valid,0,0.099536136
9180,valid,0,0.18798482
3311,valid,0,0.12504742
2632,valid,0,0.027848838
9424,valid,0,0.18271261
10251,valid,0,0.35068563
6056,valid,0,0.20392363
3699,valid,0,0.26037198
3814,valid,0,0.14196523
7961,valid,0,0.041158073
2240,valid,0,0.049694326
4062,valid,0,0.02693639
3964,valid,0,0.028125715
2990,valid,0,0.16682376
9427,valid,0,0.228185
4952,valid,0,0.20791757
4506,valid,0,0.0879702
595,valid,0,0.17388016
10078,valid,0,0.0804744
8776,valid,0,0.37511057
5905,valid,0,0.4857188
8170,valid,0,0.027848838
4455,valid,0,0.027848838
967,valid,0,0.039015543
5859,valid,0,0.20068148
6649,valid,0,0.16081251
11067,valid,0,0.12940623
3621,valid,0,0.032080594
8172,valid,0,0.09695496
10258,valid,0,0.08949819
5578,valid,0,0.20980515
5142,valid,0,0.16169481
3809,valid,0,0.049621034
10904,valid,0,0.027848838
4205,valid,0,0.041932207
1942,valid,0,0.23365945
1280,valid,0,0.31221023
1892,valid,0,0.036591135
10099,valid,0,0.028420076
1901,valid,0,0.098380126
4966,valid,0,0.07150259
3623,valid,0,0.18540868
3502,valid,0,0.46641955
2303,valid,0,0.07972403
5379,valid,0,0.22166353
8021,valid,0,0.18725869
10033,valid,0,0.027848838
8848,valid,0,0.1358851
5012,valid,0,0.08130505
2817,valid,0,0.18362245
4364,valid,0,0.2065691
7652,valid,0,0.20035413
8138,valid,0,0.026720973
776,valid,0,0.02693639
6427,valid,0,0.054121125
6829,valid,0,0.16211724
3309,valid,0,0.18997407
4732,valid,0,0.12470297
4754,valid,0,0.13806985
1310,valid,0,0.10153712
450,valid,0,0.14304972
8137,valid,0,0.15073282
8167,valid,0,0.05130504
10568,valid,0,0.17233779
10254,valid,0,0.28114143
2518,valid,0,0.23757422
5836,valid,0,0.066785246
4357,valid,0,0.028420076
3314,valid,0,0.07878592
5157,valid,0,0.04691644
8555,valid,0,0.24039955
8188,valid,0,0.06352511
567,valid,0,0.11518225
6640,valid,0,0.1374239
7605,valid,0,0.11418751
3987,valid,0,0.122049175
8178,valid,0,0.20989168
6131,valid,0,0.063450545
6794,valid,0,0.07104479
10119,valid,0,0.18103343
2988,valid,0,0.06009407
5839,valid,0,0.10094949
10270,valid,0,0.20501553
3704,valid,0,0.027848838
8946,valid,0,0.25602803
7650,valid,0,0.16211724
3411,valid,0,0.027848838
2861,valid,0,0.14157401
8773,valid,0,0.1474237
3816,valid,0,0.027848838
674,valid,0,0.042533923
6248,valid,0,0.027848838
3963,valid,0,0.027848838
7942,valid,0,0.104159854
1173,valid,0,0.027848838
5890,valid,0,0.18121012
564,valid,0,0.045267012
7947,valid,0,0.026720973
448,valid,0,0.02986315
7780,valid,0,0.3389712
7496,valid,0,0.34404787
7059,valid,0,0.05110854
2235,valid,0,0.13790335
10090,valid,0,0.14919132
1798,valid,0,0.25753117
5864,valid,0,0.09866385
2526,valid,0,0.14502646
1971,valid,0,0.029569691
7134,valid,0,0.20841068
9785,valid,0,0.062386274
8592,valid,0,0.15125297
10111,valid,0,0.284091
5844,valid,0,0.089182116
3617,valid,0,0.07304678
6902,valid,0,0.29989946
3304,valid,0,0.1953498
10961,valid,0,0.08195636
5579,valid,0,0.027848838
3719,valid,0,0.02693639
5588,valid,0,0.046422914
4272,valid,0,0.029119018
3853,valid,0,0.02693639
600,valid,0,0.028832655
6943,valid,0,0.2829355
8840,valid,0,0.2083222
6297,valid,0,0.07382404
461,valid,0,0.02693639
3700,valid,0,0.045826476
4715,valid,0,0.18997407
3423,valid,0,0.20405927
7785,valid,0,0.027204448
3581,valid,0,0.22892673
10884,valid,0,0.22892673
8410,valid,0,0.02693639
3716,valid,0,0.028125715
4217,valid,0,0.17022203
7786,valid,0,0.21490267
3172,valid,0,0.026720973
2524,valid,0,0.029807368
2501,valid,0,0.027848838
9787,valid,0,0.18475923
2538,valid,0,0.2931679
8948,valid,0,0.34513673
10969,valid,0,0.060699277
1083,valid,0,0.07215788
10384,valid,0,0.5190996
10663,valid,0,0.4478371
6800,valid,0,0.02758825
169,valid,0,0.12333694
574,valid,0,0.1953498
206,valid,0,0.026684107
4087,valid,0,0.02693639
5614,valid,0,0.08195636
6860,valid,0,0.028125715
10617,valid,0,0.22937016
1897,valid,0,0.16918418
7955,valid,0,0.08101112
10953,valid,0,0.027204448
4224,valid,0,0.21287763
3579,valid,0,0.08177876
10581,valid,0,0.29106626
6790,valid,0,0.13769892
10897,valid,0,0.12520579
510,valid,0,0.066207826
10664,valid,0,0.111765474
5111,valid,0,0.05096247
7600,valid,0,0.20102574
6283,valid,0,0.07492505
9984,valid,0,0.027848838
8194,valid,0,0.27769777
4728,valid,0,0.11008332
7557,valid,0,0.02693639
1331,valid,0,0.24219792
570,valid,0,0.13130222
360,valid,0,0.2283363
9928,valid,0,0.08515705
5849,valid,0,0.3047245
5116,valid,0,0.045267012
9112,valid,0,0.3409165
4905,valid,0,0.043454822
468,valid,0,0.07141806
6416,valid,0,0.19371212
10632,valid,0,0.16661231
26,valid,0,0.18884116
7793,valid,0,0.3089587
6419,valid,0,0.041296937
1077,valid,0,0.2861276
5298,valid,0,0.26082495
6431,valid,0,0.028688285
6648,valid,0,0.042533923
9917,valid,0,0.07609179
864,valid,0,0.06615332
772,valid,0,0.027848838
1939,valid,0,0.14560454
7849,valid,0,0.18793055
9634,valid,0,0.027848838
4348,valid,0,0.027848838
5863,valid,0,0.0341455
4069,valid,0,0.12398798
445,valid,0,0.027848838
9476,valid,0,0.027848838
10027,valid,0,0.027204448
8593,valid,0,0.10282059
156,valid,0,0.07185642
7565,valid,0,0.35869488
2521,valid,0,0.028125715
8600,valid,0,0.045826476
7555,valid,0,0.16293752
8147,valid,0,0.029119018
4362,valid,0,0.029119018
2502,valid,0,0.105636746
1008,valid,0,0.04691644
3337,valid,0,0.04569795
560,valid,0,0.2004241
1290,valid,0,0.02693639
350,valid,0,0.26886818
1463,valid,0,0.030103114
10021,valid,0,0.11297029
6250,valid,0,0.029119018
5857,valid,0,0.04569795
9463,valid,0,0.028125715
366,valid,0,0.028832655
4198,valid,0,0.029807368
2506,valid,0,0.034830317
7781,valid,0,0.028832655
4995,valid,0,0.22659464
3406,valid,0,0.028125715
3247,valid,0,0.028832655
3807,valid,0,0.2736715
661,valid,0,0.10855749
408,valid,0,0.14424041
10132,valid,0,0.027848838
3710,valid,0,0.21793018
6903,valid,0,0.19670032
4088,valid,0,0.20811601
6295,valid,0,0.028832655
359,valid,0,0.0341455
4066,valid,0,0.2945825
3260,valid,0,0.34507036
170,valid,0,0.027848838
10577,valid,0,0.034209114
43,valid,0,0.18642446
3741,valid,0,0.20304477
4279,valid,0,0.026720973
342,valid,0,0.21110618
583,valid,0,0.04591084
4196,valid,0,0.026986947
31,valid,0,0.5632298
9468,valid,0,0.03664967
7602,valid,0,0.37282974
3303,valid,0,0.029327076
5931,valid,0,0.28536788
7617,valid,0,0.13192113
5257,valid,0,0.52141374
4518,valid,0,0.124481454
2623,valid,0,0.22771077
1502,valid,0,0.21970487
2504,valid,0,0.0926724
4375,valid,0,0.054405548
9416,valid,0,0.029409755
8560,valid,0,0.15634689
5847,valid,0,0.09575863
10612,valid,0,0.18348303
3341,valid,0,0.029807368
1975,valid,0,0.093134135
4457,valid,0,0.06727805
736,valid,0,0.16119152
6664,valid,0,0.027848838
5718,valid,0,0.2501727
2955,valid,0,0.029119018
9130,valid,0,0.22182019
8169,valid,0,0.13357739
7505,valid,0,0.18041083
3327,valid,0,0.03711418
4278,valid,0,0.228185
1784,valid,0,0.0804744
10630,valid,0,0.06893044
3302,valid,0,0.06898288
9799,valid,0,0.059934698
1200,valid,0,0.029119018
9444,valid,0,0.027848838
3872,valid,0,0.2500024
6437,valid,0,0.2311275
6953,valid,0,0.044406172
2808,valid,0,0.32085052
453,valid,0,0.13656372
9004,valid,0,0.13988522
5867,valid,0,0.027848838
1063,valid,0,0.028832655
3849,valid,0,0.14691651
4906,valid,0,0.02693639
9009,valid,0,0.06286954
10089,valid,0,0.061796706
2853,valid,0,0.10581472
8081,valid,0,0.28843716
8025,valid,0,0.02693639
6754,valid,0,0.5038772
10097,valid,0,0.070818305
497,valid,0,0.26911256
7568,valid,0,0.027204448
8971,valid,0,0.09690525
6836,valid,0,0.15677723
10951,valid,0,0.2474142
10623,valid,0,0.02693639
219,valid,0,0.37511057
4897,valid,0,0.028832655
4271,valid,0,0.1568849
3171,valid,0,0.2417533
4740,valid,0,0.26248866
3255,valid,0,0.059660908
7558,valid,0,0.45917588
5729,valid,0,0.22302784
4930,valid,0,0.1512418
155,valid,0,0.029807368
1026,valid,0,0.07290378
5639,valid,0,0.1542322
9804,valid,0,0.19670032
452,valid,0,0.26516512
7933,valid,0,0.21482956
9185,valid,0,0.24576026
5754,valid,0,0.043454822
1642,valid,0,0.19951147
4669,valid,0,0.25751984
8426,valid,0,0.28017265
10375,valid,0,0.17997947
2780,valid,0,0.078479595
7680,valid,0,0.1849919
3979,valid,0,0.22762291
5371,valid,0,0.112214014
2637,valid,0,0.25928167
3345,valid,0,0.11743367
645,valid,0,0.1360034
3342,valid,0,0.12273629
8142,valid,0,0.4694808
3729,valid,0,0.26039195
8035,valid,0,0.19837973
7792,valid,0,0.06899059
4971,valid,0,0.03283493
1285,valid,0,0.5774527
7717,valid,0,0.3376707
7616,valid,0,0.37154943
1312,valid,0,0.38847744
10428,valid,0,0.028602522
5635,valid,0,0.3030479
9191,valid,0,0.29195464
578,valid,0,0.16664909
7292,valid,0,0.18799509
505,valid,0,0.2674878
862,valid,0,0.036591135
7566,valid,0,0.3737683
4656,valid,0,0.33387157
2523,valid,0,0.39726833
8203,valid,0,0.085153945
2785,valid,0,0.079627134
1930,valid,0,0.25519618
29,valid,0,0.18710677
7953,valid,0,0.38844126
6827,valid,0,0.30579644
3955,valid,0,0.030618634
3335,valid,0,0.3995872
1793,valid,0,0.02668065
1948,valid,0,0.4140235
5009,valid,0,0.3963682
3984,valid,0,0.480577
3735,valid,0,0.15885423
1078,valid,0,0.16005705
5299,valid,0,0.4706768
8439,valid,0,0.060471714
8146,valid,0,0.02668065
643,valid,0,0.04664707
28,valid,0,0.2543899
556,valid,0,0.45089298
1924,valid,0,0.41996065
6627,valid,0,0.37842667
6057,valid,0,0.02832688
5915,valid,0,0.53948146
5251,valid,0,0.3503983
648,valid,0,0.2762439
2307,valid,0,0.36085677
8432,valid,0,0.027848838
7649,valid,0,0.06195184
775,valid,0,0.04438654
73,valid,0,0.27653798
10246,valid,0,0.0341455
1004,valid,0,0.20440403
3413,valid,0,0.11199213
1927,valid,0,0.3519113
161,valid,0,0.045826476
1788,valid,0,0.11455955
4460,valid,0,0.23081197
5833,valid,0,0.03283493
3262,valid,0,0.23744497
3500,valid,0,0.29540867
554,valid,0,0.03381944
717,valid,0,0.028886668
1204,valid,0,0.18256441
4852,valid,0,0.026720973
5854,valid,0,0.028602522
5627,valid,0,0.20184542
721,valid,0,0.05130504
5052,valid,0,0.037683904
6650,valid,0,0.050371353
734,valid,0,0.49273753
3270,valid,0,0.24902898
10264,valid,0,0.24070103
9982,valid,0,0.065210454
3981,valid,0,0.36501348
9480,valid,0,0.0296182
4719,valid,0,0.06571398
7791,valid,0,0.061190866
8783,valid,0,0.18994522
8999,valid,0,0.04214189
5003,valid,0,0.095834784
3608,valid,0,0.04525614
3300,valid,0,0.2368008
4969,valid,0,0.29365686
9452,valid,0,0.028832655
6748,valid,0,0.13673507
4462,valid,0,0.1908105
3273,valid,0,0.035293292
8149,valid,0,0.13250002
467,valid,0,0.17306446
6765,valid,0,0.027848838
5591,valid,0,0.027848838
1922,valid,0,0.049593464
3276,valid,0,0.027848838
5395,valid,0,0.228185
1969,valid,0,0.19341514
6769,valid,0,0.045826476
2797,valid,0,0.16224006
2525,valid,0,0.20027545
1060,valid,0,0.30008885
368,valid,0,0.087483145
10104,valid,0,0.1896553
4083,valid,0,0.20762923
6870,valid,0,0.047808886
4072,valid,0,0.16731234
536,valid,0,0.22014691
5723,valid,0,0.17810535
5046,valid,0,0.026720973
6415,valid,0,0.34132966
5108,valid,0,0.028886668
10441,valid,0,0.046412487
5865,valid,0,0.25120968
4863,valid,0,0.37847942
5050,valid,0,0.027399214
5403,valid,0,0.02693639
5914,valid,0,0.02693639
731,valid,0,0.17648743
7500,valid,0,0.073255636
5370,valid,0,0.3044829
6775,valid,0,0.06898288
4942,valid,0,0.04791731
10902,valid,0,0.045826476
3864,valid,0,0.02693639
9975,valid,0,0.061190866
8184,valid,0,0.17511469
5118,valid,0,0.029119018
3310,valid,0,0.3591451
9916,valid,0,0.032080594
5590,valid,0,0.050371353
9503,valid,0,0.12189634
8594,valid,0,0.12831667
6880,valid,0,0.07467875
5126,valid,0,0.13351434
7676,valid,0,0.08695052
10034,valid,0,0.09570192
7682,valid,0,0.11073953
3298,valid,0,0.028688285
6435,valid,0,0.17662165
964,valid,0,0.045826476
1082,valid,0,0.2573489
1024,valid,0,0.033828042
676,valid,0,0.028832655
8784,valid,0,0.02952901
75,valid,0,0.17687656
10903,valid,0,0.02952901
10660,valid,0,0.09248595
10392,valid,0,0.19914755
9650,valid,0,0.0937943
6424,valid,0,0.033650793
1506,valid,0,0.2915025
3426,valid,0,0.25797883
5624,valid,0,0.028688285
670,valid,0,0.032080594
3410,valid,0,0.027848838
9474,valid,0,0.047310583
7563,valid,0,0.34130746
589,valid,0,0.07382404
7135,valid,0,0.23484163
3338,valid,0,0.028832655
2612,valid,0,0.15306936
3983,valid,0,0.027204448
6604,valid,0,0.028688285
582,valid,0,0.035293292
2179,valid,0,0.028125715
646,valid,0,0.02693639
10886,valid,0,0.17388016
2334,valid,0,0.028832655
5636,valid,0,0.30025014
2776,valid,0,0.02693639
5842,valid,0,0.055853736
6257,valid,0,0.14193363
5928,valid,0,0.26505336
11084,valid,0,0.032307133
6141,valid,0,0.02693639
7673,valid,0,0.090988226
9012,valid,0,0.112870745
4082,valid,0,0.2246739
4723,valid,0,0.10511976
9409,valid,0,0.21227056
998,valid,0,0.02693639
4063,valid,0,0.1137429
5587,valid,0,0.11339255
5396,valid,0,0.28559142
4917,valid,0,0.061893843
10497,valid,0,0.0706679
1061,valid,0,0.27511153
7678,valid,0,0.18285696
2701,valid,0,0.034830317
8844,valid,0,0.02693639
7950,valid,0,0.21557997
572,valid,0,0.17608711
4739,valid,0,0.027204448
3806,valid,0,0.02693639
9796,valid,0,0.027848838
4708,valid,0,0.059934698
8549,valid,0,0.05690143
2342,valid,0,0.29139808
1022,valid,0,0.02693639
9701,valid,0,0.13034377
3154,valid,0,0.2705638
9637,valid,0,0.23456088
969,valid,0,0.052416373
5026,valid,0,0.02693639
5589,valid,0,0.31505895
5615,valid,0,0.02693639
10578,valid,0,0.028832655
10512,valid,0,0.09448388
5240,valid,0,0.028832655
2786,valid,0,0.3309913
416,valid,0,0.15955777
6366,valid,0,0.06646169
4925,valid,0,0.27074692
3336,valid,0,0.02693639
407,valid,0,0.028832655
4226,valid,0,0.17883806
5237,valid,0,0.028125715
6755,valid,0,0.24758697
4970,valid,0,0.028125715
5381,valid,0,0.16826774
1795,valid,0,0.113422446
2072,valid,0,0.23534508
7773,valid,0,0.23725796
952,valid,0,0.18345423
6399,valid,0,0.02693639
5471,valid,0,0.15888119
1316,valid,0,0.13104615
4200,valid,0,0.027848838
10260,valid,0,0.027848838
5840,valid,0,0.11418751
410,valid,0,0.22410274
10127,valid,0,0.02693639
8079,valid,0,0.28099462
3993,valid,0,0.026720973
9426,valid,0,0.02986315
9923,valid,0,0.20125064
78,valid,0,0.061893843
4730,valid,0,0.1295123
10094,valid,0,0.026720973
3827,valid,0,0.2414943
9421,valid,0,0.03283493
7309,valid,0,0.29272392
6815,valid,0,0.21017191
10108,valid,0,0.026986947
7714,valid,0,0.18256441
9022,valid,0,0.13112795
3244,valid,0,0.38449696
652,valid,0,0.3073916
1471,valid,0,0.30824915
3990,valid,0,0.29910967
10379,valid,0,0.026720973
8417,valid,0,0.026720973
4929,valid,0,0.314481
7710,valid,0,0.15692323
211,valid,0,0.5066652
4202,valid,0,0.046523195
6777,valid,0,0.17500107
5879,valid,0,0.66284007
3256,valid,0,0.041932207
7507,valid,0,0.26723284
569,valid,0,0.15804231
1315,valid,0,0.4170483
37,valid,0,0.1994296
9469,valid,0,0.08984115
533,valid,0,0.041296937
9006,valid,0,0.029327076
10880,valid,0,0.16047019
6400,valid,0,0.4545315
8218,valid,0,0.038886428
7315,valid,0,0.28077668
3954,valid,0,0.050280947
2315,valid,0,0.042922143
10245,valid,0,0.6090969
5617,valid,0,0.038054734
579,valid,0,0.0296182
3978,valid,0,0.42996466
4895,valid,0,0.030317985
4714,valid,0,0.065210454
5250,valid,0,0.34613895
2324,valid,0,0.4035412
2691,valid,0,0.027399214
7838,valid,0,0.030703986
3863,valid,0,0.030703986
5235,valid,0,0.18763429
2069,valid,0,0.06749052
8161,valid,0,0.11107572
2594,valid,0,0.084026024
6791,valid,0,0.036843702
7144,valid,0,0.17631258
6657,valid,0,0.06085039
506,valid,0,0.04214189
7550,valid,0,0.1313649
8159,valid,0,0.053910255
773,valid,0,0.02952901
11079,valid,0,0.14197457
1465,valid,0,0.029807368
654,valid,0,0.027848838
5241,valid,0,0.16360594
4720,valid,0,0.02952901
2794,valid,0,0.22464247
72,valid,0,0.15330367
5932,valid,0,0.12314495
10898,valid,0,0.027848838
10962,valid,0,0.071402065
5281,valid,0,0.1488366
9930,valid,0,0.04691644
6942,valid,0,0.18335713
3737,valid,0,0.11130437
9418,valid,0,0.2020573
8310,valid,0,0.033398606
655,valid,0,0.02693639
6960,valid,0,0.02693639
5897,valid,0,0.02693639
7293,valid,0,0.02693639
6434,valid,0,0.3012409
8076,valid,0,0.02693639
3870,valid,0,0.18882088
6948,valid,0,0.033650793
367,valid,0,0.073523104
1320,valid,0,0.09104443
3825,valid,0,0.02693639
6422,valid,0,0.18475923
6899,valid,0,0.18864073
3835,valid,0,0.18649477
8958,valid,0,0.19529499
7711,valid,0,0.02693639
7778,valid,0,0.09017304
10499,valid,0,0.13422225
5903,valid,0,0.23124927
4270,valid,0,0.02693639
2622,valid,0,0.12093535
7501,valid,0,0.07864763
6058,valid,0,0.033650793
2803,valid,0,0.11291614
27,valid,0,0.24713436
8554,valid,0,0.02693639
8141,valid,0,0.19417372
4293,valid,0,0.02693639
3830,valid,0,0.02693639
10122,valid,0,0.06727805
509,valid,0,0.04295036
6806,valid,0,0.08297668
1970,valid,0,0.047808886
9972,valid,0,0.087483145
4663,valid,0,0.054405548
4855,valid,0,0.027848838
2610,valid,0,0.045826476
9635,valid,0,0.24435003
4346,valid,0,0.27088115
6772,valid,0,0.25356215
9498,valid,0,0.027848838
7848,valid,0,0.054405548
7801,valid,0,0.090358436
2065,valid,0,0.032080594
860,valid,0,0.04847196
4223,valid,0,0.027204448
5015,valid,0,0.23573321
4946,valid,0,0.02693639
2859,valid,0,0.26516512
3420,valid,0,0.06579023
6139,valid,0,0.3482674
5247,valid,0,0.02693639
8150,valid,0,0.02693639
6822,valid,0,0.02693639
5575,valid,0,0.24838626
1802,valid,0,0.30117038
6368,valid,0,0.027848838
5594,valid,0,0.029807368
1274,valid,0,0.02693639
1899,valid,0,0.047310583
6647,valid,0,0.0341455
7712,valid,0,0.02693639
4355,valid,0,0.103595346
5021,valid,0,0.02693639
6862,valid,0,0.056247734
4916,valid,0,0.02693639
3848,valid,0,0.02693639
10257,valid,0,0.12096001
5645,valid,0,0.027204448
3618,valid,0,0.027848838
5008,valid,0,0.056247734
2068,valid,0,0.029119018
3254,valid,0,0.054405548
353,valid,0,0.10247387
6064,valid,0,0.027848838
6282,valid,0,0.1454374
10574,valid,0,0.27653798
3803,valid,0,0.027848838
2611,valid,0,0.06613385
4847,valid,0,0.19417372
6359,valid,0,0.027848838
2953,valid,0,0.028125715
1630,valid,0,0.23283637
499,valid,0,0.2768557
7777,valid,0,0.056247734
6136,valid,0,0.17799193
586,valid,0,0.027848838
10900,valid,0,0.07076915
5467,valid,0,0.056247734
4744,valid,0,0.33138767
7511,valid,0,0.028602522
9705,valid,0,0.1432582
9644,valid,0,0.056247734
4074,valid,0,0.026720973
6808,valid,0,0.041932207
455,valid,0,0.18960495
9802,valid,0,0.026720973
440,valid,0,0.06333737
6751,valid,0,0.2029133
2532,valid,0,0.049619008
5924,valid,0,0.18942931
3828,valid,0,0.026720973
8415,valid,0,0.30261004
5717,valid,0,0.17810237
9707,valid,0,0.31503898
2992,valid,0,0.21065609
4519,valid,0,0.06333737
10899,valid,0,0.043454822
2318,valid,0,0.0696472
3859,valid,0,0.026720973
4508,valid,0,0.045267012
5378,valid,0,0.026720973
4659,valid,0,0.026720973
507,valid,0,0.10925562
4726,valid,0,0.06802468
10887,valid,0,0.17406692
4998,valid,0,0.03283493
7975,valid,0,0.2616509
2997,valid,0,0.056537908
6610,valid,0,0.09490937
6365,valid,0,0.044222746
868,valid,0,0.29540867
6296,valid,0,0.06333737
4896,valid,0,0.03283493
2243,valid,0,0.06333737
2491,valid,0,0.028886668
551,valid,0,0.12868915
4964,valid,0,0.045267012
1072,valid,0,0.21324743
6959,valid,0,0.23205651
7145,valid,0,0.073421456
6767,valid,0,0.22468767
10386,valid,0,0.3508053
10582,valid,0,0.4086673
7146,valid,0,0.0296182
9448,valid,0,0.027399214
11083,valid,0,0.03422491
4211,valid,0,0.02668065
5037,valid,0,0.073421456
7504,valid,0,0.058669865
2631,valid,0,0.065210454
2536,valid,0,0.09032166
2865,valid,0,0.09032166
6063,valid,0,0.04664707
81,valid,0,0.04667889
9795,valid,0,0.049387276
7058,valid,0,0.04667889
9926,valid,0,0.026946235
1904,valid,0,0.065210454
3847,valid,0,0.02668065
171,valid,0,0.056105778
3583,valid,0,0.065210454
1501,valid,0,0.073421456
5888,valid,0,0.047101784
9467,valid,0,0.2535892
5031,valid,0,0.041296937
2060,valid,0,0.047749963
10963,valid,0,0.027399214
6821,valid,0,0.108800665
2993,valid,0,0.030618634
8544,valid,0,0.047362655
11081,valid,0,0.3362932
8139,valid,0,0.04170178
5231,valid,0,0.065210454
332,valid,0,0.37655962
4862,valid,0,0.02693639
3717,valid,0,0.042533923
1919,valid,0,0.02693639
10560,valid,0,0.02693639
1910,valid,0,0.042533923
2686,valid,0,0.032307133
6762,valid,0,0.028125715
5234,valid,0,0.032080594
8973,valid,0,0.27769873
6369,valid,0,0.02693639
6813,valid,0,0.27769777
504,valid,0,0.048943557
6426,valid,0,0.2616172
8843,valid,0,0.027848838
3748,valid,0,0.18345423
6944,valid,0,0.23392384
447,valid,0,0.027848838
6278,valid,0,0.028832655
6884,valid,0,0.26121527
9447,valid,0,0.042533923
10614,valid,0,0.02693639
4911,valid,0,0.032227226
2238,valid,0,0.027848838
1293,valid,0,0.02693639
10086,valid,0,0.02693639
9035,valid,0,0.2912577
4653,valid,0,0.1512418
5143,valid,0,0.18907057
11078,valid,0,0.17071748
3497,valid,0,0.20762923
2535,valid,0,0.056247734
1287,valid,0,0.028125715
963,valid,0,0.083206944
6420,valid,0,0.02693639
4347,valid,0,0.22652633
1003,valid,0,0.028688285
10023,valid,0,0.054405548
6890,valid,0,0.071215846
9792,valid,0,0.02693639
3257,valid,0,0.2206484
10390,valid,0,0.25072715
5053,valid,0,0.026720973
10906,valid,0,0.040081285
5861,valid,0,0.04992011
9041,valid,0,0.04379905
1223,valid,0,0.15087017
4734,valid,0,0.02693639
5121,valid,0,0.028832655
8774,valid,0,0.1547354
24,valid,0,0.02693639
435,valid,0,0.028602522
1806,valid,0,0.17534627
1933,valid,0,0.026720973
6895,valid,0,0.25642234
1301,valid,0,0.13966696
553,valid,0,0.026720973
8959,valid,0,0.07356439
2494,valid,0,0.18004529
9963,valid,0,0.28957984
1327,valid,0,0.026720973
356,valid,0,0.028886668
6409,valid,0,0.050442476
3855,valid,0,0.028602522
5114,valid,0,0.12170967
3733,valid,0,0.23087123
355,valid,0,0.02986315
1081,valid,0,0.19052556
2826,valid,0,0.3428397
5882,valid,0,0.21737354
9510,valid,0,0.06333737
437,valid,0,0.045467068
8968,valid,0,0.06674423
585,valid,0,0.22527222
9182,valid,0,0.1978018
3319,valid,0,0.08434004
6405,valid,0,0.16621606
1804,valid,0,0.026720973
4351,valid,0,0.19165474
3851,valid,0,0.026720973
9699,valid,0,0.040081285
8423,valid,0,0.026720973
3989,valid,0,0.026720973
9993,valid,0,0.094315894
4368,valid,0,0.119241945
3865,valid,0,0.026720973
10382,valid,0,0.13226123
6048,valid,0,0.026720973
5254,valid,0,0.27882585
7720,valid,0,0.026720973
7498,valid,0,0.06333737
3867,valid,0,0.22856201
10569,valid,0,0.059213955
8179,valid,0,0.041932207
9121,valid,0,0.027901057
10434,valid,0,0.02986315
7911,valid,0,0.32386318
10877,valid,0,0.32935548
9793,valid,0,0.18880191
10440,valid,0,0.02986315
10075,valid,0,0.21301909
9969,valid,0,0.026720973
9786,valid,0,0.026720973
4060,valid,0,0.15318055
9120,valid,0,0.026720973
7970,valid,0,0.026720973
5153,valid,0,0.37961832
7304,valid,0,0.026720973
4001,valid,0,0.026720973
4675,valid,0,0.026986947
5000,valid,0,0.03283493
2305,valid,0,0.42112434
7643,valid,0,0.041932207
8591,valid,0,0.24417791
9962,valid,0,0.026720973
8967,valid,0,0.026720973
4745,valid,0,0.026720973
9038,valid,0,0.5379012
4838,valid,0,0.18082936
10092,valid,0,0.07600524
6284,valid,0,0.30258906
4837,valid,0,0.02668065
3837,valid,0,0.02668065
6885,valid,0,0.33559963
8442,valid,0,0.041932207
5010,valid,0,0.02668065
7311,valid,0,0.36266986
4830,valid,0,0.2765623
9920,valid,0,0.04667889
2806,valid,0,0.046976767
6138,valid,0,0.03100712
3965,valid,0,0.058669865
7935,valid,0,0.03100712
1296,valid,0,0.21009775
11065,valid,0,0.073421456
3958,valid,0,0.041296937
8540,valid,0,0.087084696
1932,valid,0,0.07933976
2498,valid,0,0.027859006
436,valid,0,0.14320904
2320,valid,0,0.027399214
7142,valid,0,0.2043663
9001,valid,0,0.05110854
10896,valid,0,0.19062993
2595,valid,0,0.073421456
557,valid,0,0.07747348
2958,valid,0,0.26111162
9967,valid,0,0.24798718
8020,valid,0,0.02668065
3159,valid,0,0.19769983
82,valid,0,0.030618634
1284,valid,0,0.041296937
3838,valid,0,0.25296172
2810,valid,0,0.05110854
346,valid,0,0.2452212
6763,valid,0,0.37216127
2696,valid,0,0.4372282
10001,valid,0,0.18033205
3714,valid,0,0.1553155
3331,valid,0,0.02668065
8210,valid,0,0.03506286
3249,valid,0,0.056105778
3308,valid,0,0.073421456
7056,valid,0,0.3760614
2061,valid,0,0.058765937
3347,valid,0,0.056105778
5868,valid,0,0.40535274
1914,valid,0,0.12963647
1639,valid,0,0.15330064
210,valid,0,0.02668065
4363,valid,0,0.1844959
3278,valid,0,0.06187972
4280,valid,0,0.06187972
5382,valid,0,0.052842364
1466,valid,0,0.17888583
713,valid,0,0.28049922
7295,valid,0,0.027399214
4356,valid,0,0.05110854
10022,valid,0,0.05110854
4948,valid,0,0.56232476
456,valid,0,0.3169746
10974,valid,0,0.31238833
6362,valid,0,0.39666992
7798,valid,0,0.48906988
215,valid,0,0.6109315
4209,valid,0,0.10048907
9803,valid,0,0.028688285
9977,valid,0,0.028688285
4725,valid,0,0.08316664
4370,valid,0,0.054405548
3494,valid,0,0.08459469
3265,valid,0,0.042533923
7645,valid,0,0.08481317
2520,valid,0,0.061066225
534,valid,0,0.04691644
457,valid,0,0.04691644
2814,valid,0,0.02758825
502,valid,0,0.19298008
8154,valid,0,0.16656077
4749,valid,0,0.26754647
543,valid,0,0.02693639
8957,valid,0,0.02693639
3316,valid,0,0.046913445
9505,valid,0,0.14633924
7774,valid,0,0.028832655
4513,valid,0,0.028563133
9800,valid,0,0.026684107
774,valid,0,0.1759127
7647,valid,0,0.18776028
10427,valid,0,0.03779487
6142,valid,0,0.18335713
2508,valid,0,0.11308263
5034,valid,0,0.2408232
5287,valid,0,0.18557799
7966,valid,0,0.11744209
1498,valid,0,0.11960712
8160,valid,0,0.19419464
6947,valid,0,0.16981818
5463,valid,0,0.05132513
9996,valid,0,0.3619104
9501,valid,0,0.056247734
4738,valid,0,0.02693639
573,valid,0,0.09932828
5125,valid,0,0.14690827
3160,valid,0,0.054405548
6358,valid,0,0.22908702
9918,valid,0,0.13777076
9453,valid,0,0.07218165
4940,valid,0,0.16146885
1324,valid,0,0.16352847
3425,valid,0,0.11449949
6363,valid,0,0.02693639
6134,valid,0,0.02693639
9460,valid,0,0.028832655
1801,valid,0,0.02693639
5855,valid,0,0.17833468
6433,valid,0,0.02693639
669,valid,0,0.0646217
6887,valid,0,0.032307133
2692,valid,0,0.032307133
4756,valid,0,0.07290378
8183,valid,0,0.027848838
6901,valid,0,0.028973263
10882,valid,0,0.02693639
8163,valid,0,0.10138408
451,valid,0,0.028973263
5032,valid,0,0.02693639
1636,valid,0,0.07150259
8846,valid,0,0.02693639
4923,valid,0,0.1876218
6260,valid,0,0.15613325
5583,valid,0,0.08743086
9178,valid,0,0.02693639
2627,valid,0,0.07789963
4910,valid,0,0.07789963
2640,valid,0,0.14329413
2519,valid,0,0.20659418
8835,valid,0,0.02693639
8552,valid,0,0.028125715
10576,valid,0,0.2768557
2500,valid,0,0.18951584
9465,valid,0,0.12766264
8078,valid,0,0.18119189
463,valid,0,0.030103114
8187,valid,0,0.40572956
2782,valid,0,0.14157401
5646,valid,0,0.02693639
6050,valid,0,0.054405548
10500,valid,0,0.054405548
5887,valid,0,0.18367851
9502,valid,0,0.029119018
1304,valid,0,0.02693639
4860,valid,0,0.02693639
5280,valid,0,0.02693639
8207,valid,0,0.02693639
7779,valid,0,0.30787367
6061,valid,0,0.02693639
10876,valid,0,0.14199656
5620,valid,0,0.02693639
1009,valid,0,0.02693639
6654,valid,0,0.09017304
1071,valid,0,0.027204448
2184,valid,0,0.09549583
9457,valid,0,0.029119018
8775,valid,0,0.055853736
9036,valid,0,0.02693639
5164,valid,0,0.02693639
8077,valid,0,0.07789963
1213,valid,0,0.027204448
2703,valid,0,0.02693639
5402,valid,0,0.02693639
3869,valid,0,0.14439537
3860,valid,0,0.032227226
3431,valid,0,0.042533923
9645,valid,0,0.028832655
6663,valid,0,0.12099028
3839,valid,0,0.30008885
8037,valid,0,0.02693639
157,valid,0,0.029687015
10611,valid,0,0.02693639
2312,valid,0,0.13067453
2537,valid,0,0.22382423
3726,valid,0,0.02693639
4064,valid,0,0.028832655
8174,valid,0,0.228185
2634,valid,0,0.035293292
214,valid,0,0.02693639
1016,valid,0,0.27088115
2327,valid,0,0.058845185
9199,valid,0,0.060395226
4081,valid,0,0.19668561
3492,valid,0,0.09558573
8545,valid,0,0.26056817
1069,valid,0,0.13181293
10124,valid,0,0.044227302
7958,valid,0,0.18201393
9458,valid,0,0.11942007
6641,valid,0,0.029807368
10658,valid,0,0.044227302
2818,valid,0,0.029687015
5297,valid,0,0.02693639
1001,valid,0,0.24656165
6823,valid,0,0.02693639
4746,valid,0,0.02693639
5374,valid,0,0.028973263
5755,valid,0,0.15929036
3350,valid,0,0.07618789
2858,valid,0,0.02693639
4194,valid,0,0.0804744
209,valid,0,0.02693639
8557,valid,0,0.02693639
9643,valid,0,0.027204448
5629,valid,0,0.02693639
3340,valid,0,0.12776381
4353,valid,0,0.02693639
8220,valid,0,0.062624656
597,valid,0,0.028832655
1309,valid,0,0.16918418
8963,valid,0,0.027204448
7554,valid,0,0.02693639
8307,valid,0,0.06135358
10503,valid,0,0.030103114
10020,valid,0,0.15819833
1208,valid,0,0.02693639
3339,valid,0,0.26779822
865,valid,0,0.053038348
3326,valid,0,0.027306845
2824,valid,0,0.035293292
7138,valid,0,0.13940603
1216,valid,0,0.02693639
10107,valid,0,0.028688285
41,valid,0,0.23829691
4716,valid,0,0.27106047
4748,valid,0,0.15486166
10274,valid,0,0.2264762
6356,valid,0,0.1328675
8189,valid,0,0.25248054
5896,valid,0,0.027848838
7788,valid,0,0.153847
5920,valid,0,0.13402016
2512,valid,0,0.032080594
3999,valid,0,0.28940994
1311,valid,0,0.02693639
9194,valid,0,0.12748373
71,valid,0,0.056247734
1065,valid,0,0.16894324
3610,valid,0,0.027848838
45,valid,0,0.21219835
149,valid,0,0.027848838
1800,valid,0,0.02693639
10966,valid,0,0.02693639
10636,valid,0,0.02693639
5881,valid,0,0.027204448
5013,valid,0,0.042533923
3261,valid,0,0.05253195
1018,valid,0,0.033650793
5719,valid,0,0.02693639
7912,valid,0,0.04847196
5156,valid,0,0.027204448
10071,valid,0,0.027848838
5728,valid,0,0.02693639
163,valid,0,0.04379905
5366,valid,0,0.02693639
1794,valid,0,0.02693639
4361,valid,0,0.086689435
7302,valid,0,0.25602803
4654,valid,0,0.033650793
778,valid,0,0.056247734
8143,valid,0,0.02693639
10028,valid,0,0.045826476
10872,valid,0,0.02693639
2505,valid,0,0.22293691
7719,valid,0,0.02693639
5377,valid,0,0.02693639
2693,valid,0,0.02693639
3616,valid,0,0.03564147
2787,valid,0,0.040186632
3840,valid,0,0.14781405
3577,valid,0,0.15660062
1789,valid,0,0.02693639
9123,valid,0,0.02693639
1509,valid,0,0.16281319
5295,valid,0,0.02693639
6825,valid,0,0.02693639
9177,valid,0,0.02693639
2860,valid,0,0.02693639
7932,valid,0,0.02693639
10070,valid,0,0.02693639
3808,valid,0,0.083206944
10570,valid,0,0.04691644
4755,valid,0,0.02693639
5616,valid,0,0.02693639
7653,valid,0,0.032080594
8965,valid,0,0.12791821
5384,valid,0,0.02693639
1000,valid,0,0.02693639
2522,valid,0,0.05096247
5286,valid,0,0.02693639
8043,valid,0,0.02693639
5892,valid,0,0.02693639
10635,valid,0,0.02693639
8148,valid,0,0.02693639
10000,valid,0,0.10174647
5727,valid,0,0.02693639
2812,valid,0,0.13746765
6818,valid,0,0.02693639
5293,valid,0,0.02693639
7963,valid,0,0.38363868
7904,valid,0,0.027848838
4924,valid,0,0.027848838
6129,valid,0,0.02693639
4753,valid,0,0.02693639
9504,valid,0,0.04379905
3712,valid,0,0.029687015
1913,valid,0,0.02693639
4085,valid,0,0.042533923
5923,valid,0,0.02693639
4086,valid,0,0.045826476
4731,valid,0,0.1651281
10248,valid,0,0.04691644
10626,valid,0,0.02693639
7057,valid,0,0.26929507
1326,valid,0,0.02693639
9973,valid,0,0.02693639
5141,valid,0,0.16219711
8849,valid,0,0.027848838
3328,valid,0,0.02693639
6133,valid,0,0.070632994
4943,valid,0,0.027848838
10895,valid,0,0.30311638
2311,valid,0,0.12096001
3738,valid,0,0.02693639
6412,valid,0,0.02693639
5024,valid,0,0.1297419
2866,valid,0,0.03711418
6256,valid,0,0.056247734
10610,valid,0,0.02693639
2599,valid,0,0.056247734
6875,valid,0,0.13940603
10960,valid,0,0.02693639
561,valid,0,0.02693639
5112,valid,0,0.032080594
74,valid,0,0.20216863
3321,valid,0,0.27968404
1288,valid,0,0.02693639
1277,valid,0,0.46641955
10105,valid,0,0.02693639
9184,valid,0,0.02693639
726,valid,0,0.040186632
11068,valid,0,0.02693639
535,valid,0,0.02693639
8208,valid,0,0.0341455
462,valid,0,0.027848838
1012,valid,0,0.02693639
7641,valid,0,0.23513746
140,valid,0,0.056247734
8195,valid,0,0.1673944
4752,valid,0,0.02693639
3956,valid,0,0.08020636
9128,valid,0,0.028231477
8850,valid,0,0.02693639
8166,valid,0,0.056247734
6900,valid,0,0.20980515
1632,valid,0,0.02693639
2309,valid,0,0.22661203
3325,valid,0,0.02693639
4932,valid,0,0.027204448
11073,valid,0,0.08163719
2702,valid,0,0.02693639
5041,valid,0,0.02693639
9115,valid,0,0.02693639
2495,valid,0,0.21985938
5389,valid,0,0.02693639
5390,valid,0,0.032307133
5641,valid,0,0.02693639
7789,valid,0,0.02693639
657,valid,0,0.10139525
591,valid,0,0.050991338
2959,valid,0,0.056247734
25,valid,0,0.02693639
9979,valid,0,0.16879092
5716,valid,0,0.02693639
5148,valid,0,0.2768557
5233,valid,0,0.08074915
9005,valid,0,0.029687015
44,valid,0,0.032307133
6881,valid,0,0.059934698
3723,valid,0,0.35490966
7618,valid,0,0.02693639
9998,valid,0,0.042533923
8430,valid,0,0.02693639
10091,valid,0,0.02693639
727,valid,0,0.17799193
9193,valid,0,0.02693639
4757,valid,0,0.25305456
8424,valid,0,0.02693639
5006,valid,0,0.030703986
1947,valid,0,0.027848838
6054,valid,0,0.02693639
1015,valid,0,0.02693639
6824,valid,0,0.02693639
8838,valid,0,0.02693639
3725,valid,0,0.02693639
3820,valid,0,0.10051319
3833,valid,0,0.02693639
10389,valid,0,0.18202995
722,valid,0,0.1963376
8537,valid,0,0.02693639
5376,valid,0,0.02693639
7944,valid,0,0.38512504
1017,valid,0,0.02693639
8440,valid,0,0.056247734
5902,valid,0,0.21727367
9506,valid,0,0.15295173
2496,valid,0,0.18951584
10624,valid,0,0.14157401
10971,valid,0,0.032307133
9925,valid,0,0.028602522
1797,valid,0,0.028602522
11085,valid,0,0.026720973
7564,valid,0,0.02693639
3982,valid,0,0.22054791
5930,valid,0,0.026720973
10504,valid,0,0.026720973
1928,valid,0,0.042533923
9027,valid,0,0.02693639
4849,valid,0,0.2146211
4514,valid,0,0.027848838
10583,valid,0,0.22166353
10618,valid,0,0.02693639
6060,valid,0,0.027848838
7964,valid,0,0.026569098
5912,valid,0,0.027626332
477,valid,0,0.2451892
6655,valid,0,0.2008279
5365,valid,0,0.034153588
7549,valid,0,0.34298757
5936,valid,0,0.033383522
2793,valid,0,0.026720973
2064,valid,0,0.2431846
2788,valid,0,0.14067449
460,valid,0,0.026720973
3155,valid,0,0.027626332
4215,valid,0,0.20917812
8962,valid,0,0.026720973
6357,valid,0,0.026720973
5119,valid,0,0.14011237
7608,valid,0,0.16686201
4657,valid,0,0.02693639
3245,valid,0,0.028602522
6145,valid,0,0.21665607
3346,valid,0,0.073255636
10102,valid,0,0.026720973
4662,valid,0,0.026720973
3802,valid,0,0.10646902
8964,valid,0,0.02693639
1308,valid,0,0.026720973
7651,valid,0,0.03283493
715,valid,0,0.026720973
545,valid,0,0.026720973
2308,valid,0,0.22524439
8961,valid,0,0.02693639
6406,valid,0,0.026720973
3969,valid,0,0.25683218
6957,valid,0,0.028602522
5244,valid,0,0.02693639
9190,valid,0,0.39048833
3861,valid,0,0.026720973
6611,valid,0,0.040081285
6619,valid,0,0.026720973
8036,valid,0,0.06371613
10559,valid,0,0.026569098
9122,valid,0,0.026569098
9921,valid,0,0.13340734
5025,valid,0,0.026720973
5385,valid,0,0.026720973
6749,valid,0,0.28184536
8209,valid,0,0.36348414
8199,valid,0,0.040081285
11080,valid,0,0.026720973
4848,valid,0,0.37946895
465,valid,0,0.026720973
5051,valid,0,0.026720973
1218,valid,0,0.026720973
6144,valid,0,0.026720973
4080,valid,0,0.05810769
3744,valid,0,0.06682282
9788,valid,0,0.033383522
40,valid,0,0.040081285
6826,valid,0,0.033383522
2517,valid,0,0.4217125
8952,valid,0,0.026720973
1074,valid,0,0.026720973
7906,valid,0,0.2866322
5248,valid,0,0.026720973
1067,valid,0,0.040081285
7316,valid,0,0.08686364
9700,valid,0,0.02693639
2549,valid,0,0.18747817
1457,valid,0,0.056247734
3721,valid,0,0.026720973
4914,valid,0,0.026720973
207,valid,0,0.026720973
4861,valid,0,0.026720973
5150,valid,0,0.026720973
866,valid,0,0.06333737
7805,valid,0,0.026720973
5904,valid,0,0.23261994
10975,valid,0,0.033189423
1298,valid,0,0.42252833
441,valid,0,0.45012438
10116,valid,0,0.27027398
8140,valid,0,0.026720973
8317,valid,0,0.19219026
10959,valid,0,0.21483925
10433,valid,0,0.22524439
1076,valid,0,0.026720973
4950,valid,0,0.24877
1313,valid,0,0.29540867
1303,valid,0,0.033383522
2700,valid,0,0.36200604
6288,valid,0,0.02986315
10956,valid,0,0.026720973
10511,valid,0,0.114595115
663,valid,0,0.026720973
8412,valid,0,0.026720973
2690,valid,0,0.026569098
2616,valid,0,0.03283493
3831,valid,0,0.06508291
8082,valid,0,0.026720973
4737,valid,0,0.36180314
4275,valid,0,0.06237695
5359,valid,0,0.040081285
999,valid,0,0.026720973
9981,valid,0,0.14818719
4273,valid,0,0.16571319
544,valid,0,0.026720973
601,valid,0,0.19797063
6941,valid,0,0.026720973
10096,valid,0,0.026720973
2783,valid,0,0.026720973
724,valid,0,0.3376707
7807,valid,0,0.026720973
1323,valid,0,0.056537908
3824,valid,0,0.026720973
4277,valid,0,0.026569098
6609,valid,0,0.026720973
4516,valid,0,0.041932207
3868,valid,0,0.3231671
8969,valid,0,0.026720973
10561,valid,0,0.026720973
9192,valid,0,0.026720973
212,valid,0,0.026986947
4212,valid,0,0.026986947
6052,valid,0,0.026720973
8836,valid,0,0.026720973
2790,valid,0,0.054601837
10279,valid,0,0.026720973
10907,valid,0,0.06333737
6789,valid,0,0.06221368
7808,valid,0,0.026720973
6413,valid,0,0.026720973
5362,valid,0,0.026720973
8851,valid,0,0.026720973
10957,valid,0,0.026720973
2697,valid,0,0.22683537
1503,valid,0,0.060699277
4899,valid,0,0.06488806
7948,valid,0,0.026720973
8427,valid,0,0.026720973
4220,valid,0,0.026720973
2321,valid,0,0.37862527
1275,valid,0,0.028459279
647,valid,0,0.026720973
3730,valid,0,0.3309844
8073,valid,0,0.026720973
6398,valid,0,0.026720973
1281,valid,0,0.026720973
1226,valid,0,0.026720973
1921,valid,0,0.026720973
365,valid,0,0.046976924
8438,valid,0,0.06333737
2777,valid,0,0.3360254
5016,valid,0,0.1708214
9961,valid,0,0.057859752
2533,valid,0,0.08371089
10082,valid,0,0.2146211
4722,valid,0,0.028886668
8134,valid,0,0.026720973
7310,valid,0,0.040081285
30,valid,0,0.20570375
9197,valid,0,0.13706417
4747,valid,0,0.02693639
10369,valid,0,0.17988347
7931,valid,0,0.026720973
5042,valid,0,0.026720973
8033,valid,0,0.026720973
8201,valid,0,0.026720973
770,valid,0,0.06333737
10662,valid,0,0.05130504
10949,valid,0,0.05130504
9708,valid,0,0.026720973
9419,valid,0,0.07873086
3329,valid,0,0.026720973
7782,valid,0,0.02693639
8204,valid,0,0.02693639
7715,valid,0,0.026720973
142,valid,0,0.29191375
1900,valid,0,0.24694276
5279,valid,0,0.060699277
6292,valid,0,0.026720973
10888,valid,0,0.026720973
3727,valid,0,0.026720973
4673,valid,0,0.19474268
1945,valid,0,0.15509298
5733,valid,0,0.026569098
5622,valid,0,0.036820453
3609,valid,0,0.041932207
4343,valid,0,0.23955335
7598,valid,0,0.28569478
723,valid,0,0.026720973
2638,valid,0,0.06333737
11071,valid,0,0.026720973
5392,valid,0,0.026720973
7606,valid,0,0.026720973
9033,valid,0,0.07076915
8155,valid,0,0.112844095
7960,valid,0,0.026720973
10263,valid,0,0.026720973
10088,valid,0,0.041035783
458,valid,0,0.44780245
6950,valid,0,0.026569098
3742,valid,0,0.026720973
5047,valid,0,0.026720973
7965,valid,0,0.026720973
1977,valid,0,0.045267012
8041,valid,0,0.026720973
6403,valid,0,0.28099462
10262,valid,0,0.15433012
2867,valid,0,0.026720973
6440,valid,0,0.026720973
4201,valid,0,0.04804819
10557,valid,0,0.026720973
7298,valid,0,0.026986947
4919,valid,0,0.026720973
7559,valid,0,0.026720973
10513,valid,0,0.026720973
5369,valid,0,0.026569098
8080,valid,0,0.027626332
5245,valid,0,0.026720973
7722,valid,0,0.026720973
3279,valid,0,0.18963175
9020,valid,0,0.026720973
1459,valid,0,0.043454822
4841,valid,0,0.026720973
6831,valid,0,0.026720973
3164,valid,0,0.027626332
10029,valid,0,0.06333737
2606,valid,0,0.06333737
9992,valid,0,0.30220318
1507,valid,0,0.48487473
7957,valid,0,0.026720973
1895,valid,0,0.045267012
4666,valid,0,0.026720973
532,valid,0,0.03381944
10080,valid,0,0.026720973
7681,valid,0,0.17317182
1278,valid,0,0.026720973
4218,valid,0,0.026720973
9422,valid,0,0.049469825
8853,valid,0,0.026720973
6956,valid,0,0.026720973
4758,valid,0,0.29581016
650,valid,0,0.026720973
10113,valid,0,0.026986947
8974,valid,0,0.026720973
6792,valid,0,0.49041164
9113,valid,0,0.026720973
3170,valid,0,0.026720973
32,valid,0,0.30859202
1220,valid,0,0.026720973
7806,valid,0,0.026720973
7930,valid,0,0.07748033
5909,valid,0,0.026720973
7790,valid,0,0.052008122
6955,valid,0,0.026720973
7508,valid,0,0.06333737
3305,valid,0,0.12530911
10370,valid,0,0.026720973
4967,valid,0,0.46154115
5110,valid,0,0.12478217
7313,valid,0,0.026720973
10085,valid,0,0.026720973
8213,valid,0,0.06333737
10891,valid,0,0.15483576
4276,valid,0,0.026720973
42,valid,0,0.026720973
6059,valid,0,0.026720973
6259,valid,0,0.027626332
8954,valid,0,0.026720973
7506,valid,0,0.39048833
7800,valid,0,0.28019273
473,valid,0,0.044222746
6429,valid,0,0.026720973
33,valid,0,0.026720973
6784,valid,0,0.028886668
9454,valid,0,0.040081285
10657,valid,0,0.08629418
3399,valid,0,0.17451537
994,valid,0,0.026720973
222,valid,0,0.026720973
5391,valid,0,0.026720973
173,valid,0,0.1936023
9011,valid,0,0.24531384
8972,valid,0,0.02668065
6809,valid,0,0.02668065
7646,valid,0,0.21089953
10954,valid,0,0.2718862
5917,valid,0,0.040081285
8541,valid,0,0.34894055
7603,valid,0,0.026720973
6817,valid,0,0.37782672
8196,valid,0,0.026720973
10958,valid,0,0.14596227
1212,valid,0,0.026720973
7974,valid,0,0.026720973
2588,valid,0,0.026720973
4289,valid,0,0.02668065
2316,valid,0,0.02668065
3166,valid,0,0.02668065
4936,valid,0,0.43419054
4282,valid,0,0.02758468
9186,valid,0,0.02668065
2799,valid,0,0.15351036
6624,valid,0,0.026569098
3168,valid,0,0.026720973
780,valid,0,0.16289075
8075,valid,0,0.026720973
10072,valid,0,0.02668065
3169,valid,0,0.26545295
558,valid,0,0.02668065
2802,valid,0,0.060471714
4751,valid,0,0.02668065
4674,valid,0,0.037683904
6430,valid,0,0.026720973
7959,valid,0,0.026720973
5626,valid,0,0.095529735
5039,valid,0,0.23338893
6294,valid,0,0.2908294
4920,valid,0,0.07141806
3584,valid,0,0.32474768
777,valid,0,0.03787834
4724,valid,0,0.29380274
5397,valid,0,0.02668065
5919,valid,0,0.040081285
2325,valid,0,0.040081285
5236,valid,0,0.36976984
5625,valid,0,0.02668065
3829,valid,0,0.24605004
6659,valid,0,0.02855944
6280,valid,0,0.04806638
568,valid,0,0.060478028
9633,valid,0,0.050371353
6618,valid,0,0.036765464
7612,valid,0,0.02668065
5127,valid,0,0.04667889
216,valid,0,0.28403413
8311,valid,0,0.04667889
7954,valid,0,0.3955703
3977,valid,0,0.4349488
5253,valid,0,0.042922143
7910,valid,0,0.2774597
1976,valid,0,0.13763042
36,valid,0,0.02668065
7795,valid,0,0.02668065
5158,valid,0,0.02668065
6360,valid,0,0.02668065
1920,valid,0,0.5569032
9798,valid,0,0.02668065
417,valid,0,0.06771031
7147,valid,0,0.06859959
4369,valid,0,0.065210454
1321,valid,0,0.03100712
9966,valid,0,0.03100712
4939,valid,0,0.02668065
10873,valid,0,0.038695857
4227,valid,0,0.03100712
5128,valid,0,0.073421456
10073,valid,0,0.042922143
3731,valid,0,0.33509195
5628,valid,0,0.033508237
8144,valid,0,0.03100712
11077,valid,0,0.29849803
6364,valid,0,0.23462984
4834,valid,0,0.04664707
2784,valid,0,0.02668065
9187,valid,0,0.027399214
9642,valid,0,0.050371353
10965,valid,0,0.15809216
8024,valid,0,0.02668065
9116,valid,0,0.03100712
10098,valid,0,0.22650228
4893,valid,0,0.030618634
9696,valid,0,0.02758468
1062,valid,0,0.26009706
10892,valid,0,0.06664075
5256,valid,0,0.027399214
7615,valid,0,0.3935684
8772,valid,0,0.065210454
594,valid,0,0.065210454
5753,valid,0,0.027399214
5388,valid,0,0.027399214
1209,valid,0,0.02668065
3333,valid,0,0.41271508
2073,valid,0,0.073421456
1916,valid,0,0.02668065
4071,valid,0,0.027399214
4068,valid,0,0.15858003
9129,valid,0,0.15811692
2547,valid,0,0.06771031
4999,valid,0,0.053098504
46,valid,0,0.03100712
3312,valid,0,0.058669865
6066,valid,0,0.35541782
8949,valid,0,0.027399214
954,valid,0,0.06771031
6864,valid,0,0.050371353
349,valid,0,0.22093317
9999,valid,0,0.047479283
10093,valid,0,0.027399214
5885,valid,0,0.31932592
592,valid,0,0.073421456
1215,valid,0,0.02668065
3986,valid,0,0.31542572
4926,valid,0,0.03100712
1007,valid,0,0.03100712
779,valid,0,0.027671747
8068,valid,0,0.041296937
718,valid,0,0.048460763
1458,valid,0,0.14570123
3585,valid,0,0.048460763
2624,valid,0,0.05251738
3818,valid,0,0.06324793
1473,valid,0,0.41590336
10268,valid,0,0.026720973
3873,valid,0,0.31200153
5364,valid,0,0.042922143
7949,valid,0,0.27413198
2323,valid,0,0.10490402
8029,valid,0,0.43855032
6132,valid,0,0.027399214
11076,valid,0,0.19078809
5870,valid,0,0.04667889
9651,valid,0,0.56622076
5055,valid,0,0.02832688
4065,valid,0,0.027399214
8428,valid,0,0.04664707
10250,valid,0,0.06324793
2339,valid,0,0.027671747
6958,valid,0,0.52332747
10110,valid,0,0.03100712
2175,valid,0,0.22176981
1029,valid,0,0.02668065
6065,valid,0,0.03205292
4464,valid,0,0.065210454
3708,valid,0,0.073421456
10661,valid,0,0.056105778
5752,valid,0,0.056105778
1935,valid,0,0.02668065
5886,valid,0,0.02668065
1210,valid,0,0.32193998
8425,valid,0,0.47836113
6246,valid,0,0.08482699
7140,valid,0,0.06410742
8419,valid,0,0.02668065
7553,valid,0,0.02758468
1925,valid,0,0.029818231
8185,valid,0,0.035280388
4672,valid,0,0.035280388
6814,valid,0,0.02668065
11063,valid,0,0.02668065
2857,valid,0,0.02668065
10106,valid,0,0.02668065
3163,valid,0,0.02668065
9415,valid,0,0.30991155
1944,valid,0,0.02668065
2950,valid,0,0.0623445
10556,valid,0,0.03100712
331,valid,0,0.073421456
678,valid,0,0.06771031
1633,valid,0,0.03100712
6279,valid,0,0.05765338
10074,valid,0,0.03100712
9021,valid,0,0.041296937
2313,valid,0,0.21490017
576,valid,0,0.12031651
4963,valid,0,0.065210454
9179,valid,0,0.16151915
1306,valid,0,0.03100712
5726,valid,0,0.050017536
205,valid,0,0.027399214
2244,valid,0,0.049950715
10385,valid,0,0.02832688
6614,valid,0,0.02668065
8315,valid,0,0.17056404
10627,valid,0,0.041296937
5020,valid,0,0.33539203
3407,valid,0,0.20585723
4742,valid,0,0.25652575
7724,valid,0,0.027399214
7901,valid,0,0.04933171
9976,valid,0,0.45506608
8845,valid,0,0.02668065
537,valid,0,0.027399214
8998,valid,0,0.065210454
4844,valid,0,0.3811659
9039,valid,0,0.03205292
5246,valid,0,0.027671747
8551,valid,0,0.027399214
782,valid,0,0.0623445
5375,valid,0,0.03333349
771,valid,0,0.050371353
4079,valid,0,0.027399214
1199,valid,0,0.28227055
6871,valid,0,0.45659295
6425,valid,0,0.22141069
6251,valid,0,0.08193297
3720,valid,0,0.02668065
9014,valid,0,0.052015975
5634,valid,0,0.026946235
672,valid,0,0.14065187
4655,valid,0,0.3160427
9702,valid,0,0.4159113
6833,valid,0,0.30732346
3614,valid,0,0.048214886
4836,valid,0,0.027399214
6868,valid,0,0.065210454
21,valid,0,0.09784319
454,valid,0,0.5450637
9698,valid,0,0.28857818
5040,valid,0,0.027399214
3985,valid,0,0.027399214
8067,valid,0,0.027399214
7599,valid,0,0.2935496
9040,valid,0,0.3569358
5721,valid,0,0.3642763
9471,valid,0,0.054405548
5393,valid,0,0.054405548
438,valid,0,0.19468942
3272,valid,0,0.07046809
7936,valid,0,0.10298845
339,valid,0,0.1177821
371,valid,0,0.12755235
8421,valid,0,0.04691644
9636,valid,0,0.04691644
7803,valid,0,0.07248795
8966,valid,0,0.069034375
164,valid,0,0.06359184
8778,valid,0,0.06540456
5162,valid,0,0.10243631
5926,valid,0,0.06791157
5838,valid,0,0.050267745
677,valid,0,0.11399148
9647,valid,0,0.061190866
4294,valid,0,0.059933398
5109,valid,0,0.07248127
9990,valid,0,0.11753776
8028,valid,0,0.028688285
3706,valid,0,0.054405548
2621,valid,0,0.054405548
213,valid,0,0.15881182
1170,valid,0,0.050802633
10501,valid,0,0.052973207
5243,valid,0,0.13751477
6137,valid,0,0.14161332
4515,valid,0,0.04214189
5469,valid,0,0.042533923
2231,valid,0,0.084071524
10253,valid,0,0.09284684
6893,valid,0,0.042533923
352,valid,0,0.0706587
7644,valid,0,0.097807154
6869,valid,0,0.049694326
340,valid,0,0.10461238
3415,valid,0,0.042533923
2066,valid,0,0.054635815
2629,valid,0,0.055996798
8435,valid,0,0.045154218
8219,valid,0,0.12564826
7137,valid,0,0.04968219
4352,valid,0,0.060999215
2070,valid,0,0.08089989
6651,valid,0,0.05694808
3242,valid,0,0.0834585
3274,valid,0,0.084026024
9929,valid,0,0.08326471
5858,valid,0,0.030703986
1224,valid,0,0.14197457
1504,valid,0,0.04691644
4912,valid,0,0.1764612
7937,valid,0,0.071402065
3264,valid,0,0.04691644
2807,valid,0,0.16027565
667,valid,0,0.12586632
3313,valid,0,0.18703122
590,valid,0,0.25667053
2596,valid,0,0.24098927
9641,valid,0,0.3215684
337,valid,0,0.13978212
3952,valid,0,0.065204166
9018,valid,0,0.06791157
1894,valid,0,0.029409755
6253,valid,0,0.08459469
6759,valid,0,0.028688285
9801,valid,0,0.028688285
4070,valid,0,0.028688285
5002,valid,0,0.028688285
8212,valid,0,0.1429159
3301,valid,0,0.029687015
3821,valid,0,0.06785104
540,valid,0,0.080708414
148,valid,0,0.072212905
3358,valid,0,0.09570353
8173,valid,0,0.06292337
3960,valid,0,0.109781496
8596,valid,0,0.12852784
6758,valid,0,0.11545132
1214,valid,0,0.051068988
6834,valid,0,0.028420076
6760,valid,0,0.07297961
4993,valid,0,0.071802355
10620,valid,0,0.32573512
10101,valid,0,0.15048425
3815,valid,0,0.23392561
2991,valid,0,0.027848838
1979,valid,0,0.027848838
6290,valid,0,0.23918742
6770,valid,0,0.027848838
7784,valid,0,0.25742167
3619,valid,0,0.20698442
563,valid,0,0.029807368
4850,valid,0,0.02758825
439,valid,0,0.18359543
5640,valid,0,0.09802568
2180,valid,0,0.027848838
5144,valid,0,0.3181231
9988,valid,0,0.028688285
3713,valid,0,0.2572588
3580,valid,0,0.102836736
7305,valid,0,0.15983209
3625,valid,0,0.37065187
4281,valid,0,0.11748862
9201,valid,0,0.041936606
3429,valid,0,0.029807368
3846,valid,0,0.058560904
7844,valid,0,0.029807368
5878,valid,0,0.14197457
6620,valid,0,0.02693639
8603,valid,0,0.029807368
547,valid,0,0.02693639
4839,valid,0,0.02693639
10374,valid,0,0.026684107
10631,valid,0,0.17352916
552,valid,0,0.28899485
719,valid,0,0.02693639
5872,valid,0,0.047347676
7552,valid,0,0.02693639
8953,valid,0,0.17601067
7902,valid,0,0.04847196
1205,valid,0,0.02693639
7306,valid,0,0.02693639
7946,valid,0,0.02693639
3841,valid,0,0.04058185
9927,valid,0,0.047347676
7939,valid,0,0.048551142
2336,valid,0,0.035396773
10889,valid,0,0.15520434
4511,valid,0,0.04691644
8190,valid,0,0.04691644
4230,valid,0,0.18488526
9411,valid,0,0.14446303
10273,valid,0,0.1281447
2514,valid,0,0.04691644
3819,valid,0,0.028832655
174,valid,0,0.029807368
5472,valid,0,0.15118249
10388,valid,0,0.045826476
968,valid,0,0.061893843
4944,valid,0,0.059934698
559,valid,0,0.15085725
1972,valid,0,0.028832655
5027,valid,0,0.028832655
3315,valid,0,0.1555994
1911,valid,0,0.14198071
1917,valid,0,0.06519844
6436,valid,0,0.22999454
2825,valid,0,0.15807845
4658,valid,0,0.07063447
10259,valid,0,0.03564872
6396,valid,0,0.028832655
9914,valid,0,0.028832655
7610,valid,0,0.10032772
6756,valid,0,0.045826476
4073,valid,0,0.17448358
863,valid,0,0.045826476
404,valid,0,0.02952901
7850,valid,0,0.035293292
5846,valid,0,0.029807368
10894,valid,0,0.052416373
10031,valid,0,0.028832655
9462,valid,0,0.18663953
1906,valid,0,0.04691644
2515,valid,0,0.028832655
7654,valid,0,0.17028056
3501,valid,0,0.028832655
3995,valid,0,0.043395884
414,valid,0,0.033828042
5017,valid,0,0.02693639
4921,valid,0,0.059934698
6285,valid,0,0.037444796
9794,valid,0,0.037444796
2778,valid,0,0.059934698
10580,valid,0,0.028832655
8556,valid,0,0.02693639
1946,valid,0,0.02693639
3176,valid,0,0.02693639
7929,valid,0,0.02693639
1169,valid,0,0.028832655
9789,valid,0,0.10114791
6807,valid,0,0.26272535
8072,valid,0,0.22187534
5856,valid,0,0.059934698
995,valid,0,0.059934698
5732,valid,0,0.02693639
500,valid,0,0.028832655
9478,valid,0,0.027306845
1638,valid,0,0.027306845
1010,valid,0,0.02693639
1332,valid,0,0.02693639
1462,valid,0,0.061893843
3238,valid,0,0.08157033
8411,valid,0,0.06719666
38,valid,0,0.02693639
77,valid,0,0.02693639
769,valid,0,0.056160416
357,valid,0,0.10346193
9196,valid,0,0.02693639
2863,valid,0,0.02693639
1228,valid,0,0.11359661
144,valid,0,0.087485276
498,valid,0,0.109781496
4933,valid,0,0.02693639
2957,valid,0,0.19741213
9181,valid,0,0.059934698
83,valid,0,0.06803289
7296,valid,0,0.09876576
2326,valid,0,0.109781496
8548,valid,0,0.08599907
562,valid,0,0.18703122
5925,valid,0,0.10875397
9632,valid,0,0.19189493
642,valid,0,0.04895324
1221,valid,0,0.02693639
1201,valid,0,0.027306845
5023,valid,0,0.14233352
5874,valid,0,0.029807368
3246,valid,0,0.19353718
3161,valid,0,0.16718979
6874,valid,0,0.20591657
7604,valid,0,0.02693639
3991,valid,0,0.028832655
5018,valid,0,0.02693639
10115,valid,0,0.25240064
11064,valid,0,0.10442712
6439,valid,0,0.02693639
9511,valid,0,0.21534854
4204,valid,0,0.071402065
2805,valid,0,0.15330367
9499,valid,0,0.045154218
220,valid,0,0.16532467
4287,valid,0,0.16738419
3587,valid,0,0.11969334
3320,valid,0,0.14287022
9968,valid,0,0.2595884
6788,valid,0,0.052005712
10506,valid,0,0.046876673
2862,valid,0,0.19223145
2185,valid,0,0.054405548
9922,valid,0,0.04379905
3607,valid,0,0.19419464
5229,valid,0,0.0632551
1807,valid,0,0.02693639
5756,valid,0,0.058845185
10376,valid,0,0.16917148
8168,valid,0,0.02693639
6656,valid,0,0.029807368
4213,valid,0,0.02693639
6615,valid,0,0.18889093
3280,valid,0,0.06612849
8550,valid,0,0.04921619
151,valid,0,0.15166491
658,valid,0,0.1764612
1302,valid,0,0.18074101
5633,valid,0,0.14010413
2237,valid,0,0.18776028
9693,valid,0,0.071402065
9126,valid,0,0.11308263
8313,valid,0,0.15634689
2314,valid,0,0.06512281
656,valid,0,0.026684107
9983,valid,0,0.1280899
358,valid,0,0.056076985
5462,valid,0,0.1909745
2779,valid,0,0.02693639
1909,valid,0,0.033650793
2954,valid,0,0.111765474
8039,valid,0,0.11297029
7976,valid,0,0.04247963
6644,valid,0,0.0341455
5363,valid,0,0.10870872
2176,valid,0,0.0586947
2831,valid,0,0.10770864
5036,valid,0,0.02693639
6047,valid,0,0.11724154
8162,valid,0,0.054405548
3994,valid,0,0.054405548
10432,valid,0,0.25974134
8206,valid,0,0.02693639
4228,valid,0,0.13284671
4990,valid,0,0.13450913
10575,valid,0,0.02693639
10947,valid,0,0.20091726
1006,valid,0,0.030703986
2331,valid,0,0.030703986
1637,valid,0,0.02693639
9970,valid,0,0.02693639
4909,valid,0,0.02693639
10616,valid,0,0.02693639
1314,valid,0,0.076330796
5637,valid,0,0.02693639
5155,valid,0,0.027204448
3330,valid,0,0.02693639
4354,valid,0,0.047347676
3724,valid,0,0.02693639
6286,valid,0,0.1725022
1203,valid,0,0.02693639
9461,valid,0,0.028832655
6832,valid,0,0.02693639
1174,valid,0,0.028832655
7561,valid,0,0.02693639
4509,valid,0,0.10431101
6423,valid,0,0.02693639
10952,valid,0,0.02693639
6946,valid,0,0.02693639
6410,valid,0,0.02693639
8308,valid,0,0.095207326
5921,valid,0,0.04130264
8960,valid,0,0.13282348
470,valid,0,0.02693639
7967,valid,0,0.02693639
871,valid,0,0.3074952
1075,valid,0,0.054405548
2181,valid,0,0.054405548
5107,valid,0,0.042533923
2800,valid,0,0.02693639
10573,valid,0,0.02693639
1929,valid,0,0.02693639
9118,valid,0,0.02693639
1635,valid,0,0.074717626
47,valid,0,0.2024701
6255,valid,0,0.27017468
1028,valid,0,0.13461488
9797,valid,0,0.02693639
949,valid,0,0.08988642
6606,valid,0,0.02693639
8135,valid,0,0.04691644
6945,valid,0,0.033650793
950,valid,0,0.11818518
1031,valid,0,0.028688285
1282,valid,0,0.02693639
10619,valid,0,0.028832655
4061,valid,0,0.02693639
1791,valid,0,0.02693639
5294,valid,0,0.02693639
5145,valid,0,0.19806118
34,valid,0,0.02693639
476,valid,0,0.059934698
6811,valid,0,0.02693639
9479,valid,0,0.061893843
7133,valid,0,0.04691644
6148,valid,0,0.02693639
1025,valid,0,0.15684311
1634,valid,0,0.02693639
1002,valid,0,0.13402016
348,valid,0,0.05096247
5731,valid,0,0.100867115
4089,valid,0,0.12916987
997,valid,0,0.02693639
7303,valid,0,0.02693639
6049,valid,0,0.028973263
6891,valid,0,0.20821013
1019,valid,0,0.14276049
1172,valid,0,0.07359469
1322,valid,0,0.02693639
8598,valid,0,0.05745941
6949,valid,0,0.02693639
8842,valid,0,0.02693639
10948,valid,0,0.02693639
10622,valid,0,0.02693639
4512,valid,0,0.02693639
2856,valid,0,0.027306845
9200,valid,0,0.028688285
2509,valid,0,0.071402065
5759,valid,0,0.028832655
10566,valid,0,0.083568774
4845,valid,0,0.02693639
7494,valid,0,0.14909619
3578,valid,0,0.059934698
7938,valid,0,0.15306936
4521,valid,0,0.28040797
735,valid,0,0.17679034
10393,valid,0,0.053151324
781,valid,0,0.029119018
3843,valid,0,0.18504988
5283,valid,0,0.02693639
8955,valid,0,0.2264762
555,valid,0,0.3077295
5368,valid,0,0.028688285
2319,valid,0,0.11083865
5922,valid,0,0.02693639
3746,valid,0,0.12776381
5911,valid,0,0.13777076
7725,valid,0,0.31601134
162,valid,0,0.028688285
4207,valid,0,0.21054623
10878,valid,0,0.29110837
10076,valid,0,0.02693639
5730,valid,0,0.16713162
10621,valid,0,0.02693639
9026,valid,0,0.061893843
1068,valid,0,0.02693639
5630,valid,0,0.02693639
1941,valid,0,0.17703345
2795,valid,0,0.3077295
3334,valid,0,0.02693639
4210,valid,0,0.02693639
1467,valid,0,0.24921009
5933,valid,0,0.34224582
8559,valid,0,0.02693639
4283,valid,0,0.02693639
5044,valid,0,0.02693639
875,valid,0,0.02693639
5386,valid,0,0.02693639
166,valid,0,0.10153712
1207,valid,0,0.02693639
2619,valid,0,0.02693639
6753,valid,0,0.20538945
5147,valid,0,0.02693639
3858,valid,0,0.17368056
8026,valid,0,0.02693639
2322,valid,0,0.16413255
5621,valid,0,0.02693639
9188,valid,0,0.02693639
5038,valid,0,0.02693639
10275,valid,0,0.30484998
10069,valid,0,0.02693639
714,valid,0,0.02693639
7799,valid,0,0.06432601
5720,valid,0,0.02693639
5644,valid,0,0.027306845
6628,valid,0,0.17368056
10571,valid,0,0.02693639
10567,valid,0,0.027204448
4221,valid,0,0.2926127
730,valid,0,0.028688285
3703,valid,0,0.028688285
996,valid,0,0.109657526
5884,valid,0,0.02693639
5464,valid,0,0.02693639
10972,valid,0,0.033650793
1937,valid,0,0.027204448
10665,valid,0,0.32390654
3980,valid,0,0.02693639
7314,valid,0,0.02693639
9025,valid,0,0.123119235
7611,valid,0,0.02693639
4832,valid,0,0.33414966
7845,valid,0,0.047373652
158,valid,0,0.07547461
10377,valid,0,0.02693639
1023,valid,0,0.034830317
9127,valid,0,0.02693639
1032,valid,0,0.02693639
1211,valid,0,0.046888825
9703,valid,0,0.02693639
5623,valid,0,0.02693639
10128,valid,0,0.02693639
4729,valid,0,0.02693639
1915,valid,0,0.02693639
4225,valid,0,0.02693639
3174,valid,0,0.02693639
1796,valid,0,0.02693639
1283,valid,0,0.02693639
9030,valid,0,0.02693639
10869,valid,0,0.21391377
9697,valid,0,0.2616172
146,valid,0,0.027848838
7567,valid,0,0.059934698
1317,valid,0,0.02693639
10114,valid,0,0.24209933
4075,valid,0,0.02693639
10579,valid,0,0.02693639
336,valid,0,0.02693639
10381,valid,0,0.02693639
5908,valid,0,0.02693639
5252,valid,0,0.033650793
8956,valid,0,0.2407503
1289,valid,0,0.02693639
8211,valid,0,0.24713436
2174,valid,0,0.07929271
9706,valid,0,0.17272808
581,valid,0,0.08177876
7136,valid,0,0.16931769
10883,valid,0,0.02693639
1640,valid,0,0.02693639
2613,valid,0,0.2259902
2852,valid,0,0.02693639
8042,valid,0,0.02693639
1227,valid,0,0.02693639
5724,valid,0,0.02693639
3747,valid,0,0.033650793
2689,valid,0,0.02693639
6418,valid,0,0.02693639
7556,valid,0,0.02693639
966,valid,0,0.02693639
8034,valid,0,0.033398606
1931,valid,0,0.02693639
7620,valid,0,0.02693639
5383,valid,0,0.06286954
3823,valid,0,0.02693639
7945,valid,0,0.02693639
7713,valid,0,0.02693639
5258,valid,0,0.11407108
5161,valid,0,0.04627359
9974,valid,0,0.027204448
4214,valid,0,0.02693639
6438,valid,0,0.058560904
10380,valid,0,0.21912701
1803,valid,0,0.02693639
5049,valid,0,0.17810535
147,valid,0,0.22892673
3866,valid,0,0.033650793
3976,valid,0,0.02693639
501,valid,0,0.070632994
5151,valid,0,0.032307133
2792,valid,0,0.02693639
10613,valid,0,0.02693639
1926,valid,0,0.04038235
8030,valid,0,0.02693639
1470,valid,0,0.029119018
1080,valid,0,0.02693639
406,valid,0,0.21889856
1027,valid,0,0.32840067
2059,valid,0,0.044227302
3307,valid,0,0.39050907
1973,valid,0,0.2503473
9704,valid,0,0.18041083
8443,valid,0,0.041361682
3988,valid,0,0.02693639
1295,valid,0,0.02693639
4522,valid,0,0.09261334
5291,valid,0,0.027848838
7601,valid,0,0.18936
5284,valid,0,0.02693639
10558,valid,0,0.02693639
1912,valid,0,0.02693639
3323,valid,0,0.027204448
2600,valid,0,0.04691644
5642,valid,0,0.02693639
8200,valid,0,0.02693639
5631,valid,0,0.11425949
3589,valid,0,0.07859143
8431,valid,0,0.028832655
6397,valid,0,0.02693639
580,valid,0,0.044227302
7973,valid,0,0.059934698
10435,valid,0,0.1413156
4931,valid,0,0.02693639
5889,valid,0,0.15684311
1918,valid,0,0.02693639
2951,valid,0,0.038886115
3834,valid,0,0.033650793
152,valid,0,0.284091
10950,valid,0,0.02693639
7675,valid,0,0.029119018
6892,valid,0,0.029807368
10885,valid,0,0.02693639
3709,valid,0,0.059934698
2687,valid,0,0.02693639
10394,valid,0,0.02693639
3348,valid,0,0.042741314
6819,valid,0,0.2768557
4454,valid,0,0.25519404
2499,valid,0,0.028832655
7301,valid,0,0.02693639
9646,valid,0,0.18026571
7971,valid,0,0.02693639
1286,valid,0,0.04525614
10387,valid,0,0.02693639
1291,valid,0,0.02693639
3175,valid,0,0.15306936
6051,valid,0,0.02693639
2628,valid,0,0.028688285
466,valid,0,0.02693639
3409,valid,0,0.0754278
4842,valid,0,0.052416373
659,valid,0,0.35816327
550,valid,0,0.2923449
4840,valid,0,0.15761198
22,valid,0,0.029119018
8032,valid,0,0.02693639
6828,valid,0,0.02693639
10081,valid,0,0.032307133
3403,valid,0,0.22722879
2304,valid,0,0.02693639
9443,valid,0,0.10453931
4286,valid,0,0.02693639
4918,valid,0,0.02693639
3743,valid,0,0.02693639
9931,valid,0,0.027848838
1333,valid,0,0.02693639
8852,valid,0,0.02693639
1329,valid,0,0.033650793
5734,valid,0,0.02693639
1073,valid,0,0.02693639
5122,valid,0,0.2500024
4735,valid,0,0.02693639
6883,valid,0,0.033650793
1011,valid,0,0.033650793
5160,valid,0,0.02693639
1785,valid,0,0.02693639
5918,valid,0,0.054405548
1511,valid,0,0.054405548
4992,valid,0,0.034482755
6747,valid,0,0.02693639
1300,valid,0,0.02693639
9971,valid,0,0.02693639
10668,valid,0,0.083728276
10095,valid,0,0.02693639
3996,valid,0,0.27769777
5893,valid,0,0.02693639
10281,valid,0,0.12388752
6411,valid,0,0.02693639
664,valid,0,0.17799193
5033,valid,0,0.071402065
4741,valid,0,0.02693639
2639,valid,0,0.04379905
9639,valid,0,0.29818416
5584,valid,0,0.042533923
3842,valid,0,0.042533923
6402,valid,0,0.030103114
2589,valid,0,0.04247963
7569,valid,0,0.027204448
3857,valid,0,0.042533923
8538,valid,0,0.042533923
3430,valid,0,0.04691644
10261,valid,0,0.046422914
4965,valid,0,0.04691644
6835,valid,0,0.042533923
10970,valid,0,0.1321791
8970,valid,0,0.027204448
7560,valid,0,0.02693639
5043,valid,0,0.02693639
3332,valid,0,0.02693639
4953,valid,0,0.05745941
9019,valid,0,0.027204448
10967,valid,0,0.02693639
4000,valid,0,0.076330796
5285,valid,0,0.02693639
4671,valid,0,0.02693639
5910,valid,0,0.02693639
1299,valid,0,0.02693639
2813,valid,0,0.02693639
7716,valid,0,0.02693639
5898,valid,0,0.088246174
8951,valid,0,0.02693639
9029,valid,0,0.02693639
3624,valid,0,0.12776381
5249,valid,0,0.02693639
7962,valid,0,0.02693639
9709,valid,0,0.02693639
23,valid,0,0.02693639
9119,valid,0,0.02693639
3805,valid,0,0.029807368
4661,valid,0,0.02693639
5019,valid,0,0.02693639
5011,valid,0,0.08074915
9791,valid,0,0.02693639
8542,valid,0,0.02693639
472,valid,0,0.02693639
7846,valid,0,0.042533923
8834,valid,0,0.043109406
9420,valid,0,0.071795896
4078,valid,0,0.02693639
9024,valid,0,0.02693639
3432,valid,0,0.04847196
1629,valid,0,0.02693639
2998,valid,0,0.02693639
3177,valid,0,0.02693639
2605,valid,0,0.043992832
4958,valid,0,0.032080594
5259,valid,0,0.02693639
2694,valid,0,0.034482755
729,valid,0,0.02693639
10103,valid,0,0.059934698
732,valid,0,0.02693639
2789,valid,0,0.02693639
1934,valid,0,0.02693639
5876,valid,0,0.052416373
10371,valid,0,0.02693639
7562,valid,0,0.02693639
10277,valid,0,0.02693639
3852,valid,0,0.2065691
2183,valid,0,0.08195636
4915,valid,0,0.02693639
10002,valid,0,0.034566972
6952,valid,0,0.38744932
5907,valid,0,0.02693639
4077,valid,0,0.028832655
9638,valid,0,0.07461994
2602,valid,0,0.04691644
10875,valid,0,0.02693639
9445,valid,0,0.06558809
1297,valid,0,0.06827235
1013,valid,0,0.042533923
8309,valid,0,0.04691644
725,valid,0,0.19806118
4913,valid,0,0.033650793
3739,valid,0,0.02693639
5014,valid,0,0.14913559
662,valid,0,0.07656208
9034,valid,0,0.02693639
4853,valid,0,0.02693639
2177,valid,0,0.044227302
6135,valid,0,0.02693639
2230,valid,0,0.029119018
4510,valid,0,0.08376988
6799,valid,0,0.18513773
10905,valid,0,0.027204448
6793,valid,0,0.123119235
1325,valid,0,0.02693639
7139,valid,0,0.12602764
8837,valid,0,0.027204448
7943,valid,0,0.042533923
1307,valid,0,0.02693639
958,valid,0,0.029807368
3862,valid,0,0.02693639
546,valid,0,0.02693639
3491,valid,0,0.17229258
4668,valid,0,0.17488208
5380,valid,0,0.02693639
2302,valid,0,0.02693639
474,valid,0,0.16287053
10633,valid,0,0.02693639
10507,valid,0,0.028832655
10505,valid,0,0.028832655
10272,valid,0,0.21702912
10565,valid,0,0.23490727
5028,valid,0,0.02693639
3401,valid,0,0.08983011
10278,valid,0,0.033650793
10438,valid,0,0.07707415
3318,valid,0,0.10431101
7956,valid,0,0.040383913
9413,valid,0,0.040383913
8413,valid,0,0.02693639
6889,valid,0,0.029807368
5613,valid,0,0.02693639
7718,valid,0,0.15896733
3836,valid,0,0.032307133
6804,valid,0,0.16828224
5154,valid,0,0.02693639
10964,valid,0,0.106781885
6954,valid,0,0.02693639
8418,valid,0,0.02693639
5296,valid,0,0.27106047
10131,valid,0,0.08173863
5935,valid,0,0.02693639
1908,valid,0,0.027848838
6795,valid,0,0.04569795
5618,valid,0,0.027848838
3736,valid,0,0.38776928
2781,valid,0,0.02693639
9425,valid,0,0.029687015
5891,valid,0,0.031770594
4517,valid,0,0.031770594
6146,valid,0,0.02693639
4937,valid,0,0.02693639
6872,valid,0,0.28645054
3263,valid,0,0.028688285
3998,valid,0,0.02693639
9482,valid,0,0.02693639
1079,valid,0,0.02693639
1787,valid,0,0.20091726
953,valid,0,0.04847196
8434,valid,0,0.22309425
5470,valid,0,0.13604662
9117,valid,0,0.02693639
9114,valid,0,0.02693639
7968,valid,0,0.02693639
363,valid,0,0.04691644
10874,valid,0,0.027204448
4665,valid,0,0.02693639
8069,valid,0,0.071402065
5140,valid,0,0.12758696
5242,valid,0,0.02693639
80,valid,0,0.14200315
5226,valid,0,0.17163374
541,valid,0,0.16413255
1799,valid,0,0.02693639
6605,valid,0,0.02693639
9695,valid,0,0.16695054
4274,valid,0,0.07290378
728,valid,0,0.23130651
7307,valid,0,0.16577572
8782,valid,0,0.027848838
5841,valid,0,0.06371623
5927,valid,0,0.22127002
11070,valid,0,0.02693639
2699,valid,0,0.29030016
5288,valid,0,0.19484587
459,valid,0,0.02693639
7972,valid,0,0.02693639
5149,valid,0,0.028688285
6361,valid,0,0.02693639
10562,valid,0,0.027306845
1330,valid,0,0.028688285
3856,valid,0,0.02693639
7721,valid,0,0.02693639
665,valid,0,0.1688858
2854,valid,0,0.20499414
2534,valid,0,0.032080594
653,valid,0,0.21950178
6258,valid,0,0.032307133
6608,valid,0,0.038886115
961,valid,0,0.1083367
5373,valid,0,0.02693639
1225,valid,0,0.43007156
1923,valid,0,0.02693639
3404,valid,0,0.02693639
733,valid,0,0.02693639
4922,valid,0,0.02693639
8781,valid,0,0.05132513
1030,valid,0,0.02693639
7312,valid,0,0.029119018
5035,valid,0,0.02693639
8031,valid,0,0.034482755
2801,valid,0,0.02693639
8543,valid,0,0.02693639
4851,valid,0,0.027848838
867,valid,0,0.123119235
5632,valid,0,0.02693639
3173,valid,0,0.02693639
3582,valid,0,0.029807368
3165,valid,0,0.02693639
8558,valid,0,0.02693639
2593,valid,0,0.1691484
1070,valid,0,0.02693639
6407,valid,0,0.02693639
2335,valid,0,0.12169368
6805,valid,0,0.028832655
8198,valid,0,0.028688285
5638,valid,0,0.16413255
10256,valid,0,0.14448804
7639,valid,0,0.13250002
3871,valid,0,0.02693639
2688,valid,0,0.02693639
4908,valid,0,0.027306845
2510,valid,0,0.13831379
7952,valid,0,0.17117289
1643,valid,0,0.02693639
2952,valid,0,0.09301543
3251,valid,0,0.103624806
4291,valid,0,0.028832655
5585,valid,0,0.06176575
5360,valid,0,0.02693639
5929,valid,0,0.02693639
1319,valid,0,0.02693639
5398,valid,0,0.02693639
9965,valid,0,0.02693639
6898,valid,0,0.029807368
8839,valid,0,0.02693639
5022,valid,0,0.027204448
9124,valid,0,0.06429618
3992,valid,0,0.20989168
6820,valid,0,0.20051157
7621,valid,0,0.42140654
4733,valid,0,0.15766656
4831,valid,0,0.02693639
7794,valid,0,0.53643554
6130,valid,0,0.02693639
7977,valid,0,0.12714255
4750,valid,0,0.20989168
3845,valid,0,0.02693639
5401,valid,0,0.02693639
4344,valid,0,0.22014691
1786,valid,0,0.02693639
5877,valid,0,0.02693639
10572,valid,0,0.02693639
6421,valid,0,0.02693639
7796,valid,0,0.042533923
10265,valid,0,0.054405548
10276,valid,0,0.11724154
4456,valid,0,0.029119018
35,valid,0,0.02693639
7143,valid,0,0.056247734
2301,valid,0,0.21912701
5152,valid,0,0.02693639
4360,valid,0,0.1712268
9032,valid,0,0.059934698
6894,valid,0,0.26713863
538,valid,0,0.02693639
4856,valid,0,0.02693639
9195,valid,0,0.02693639
8947,valid,0,0.20762923
673,valid,0,0.028832655
5163,valid,0,0.28361163
4084,valid,0,0.027204448
8601,valid,0,0.029119018
10870,valid,0,0.02693639
9003,valid,0,0.2768557
9189,valid,0,0.117777534
6062,valid,0,0.02693639
3997,valid,0,0.02693639
8202,valid,0,0.02693639
5387,valid,0,0.15961589
8164,valid,0,0.09890975
1273,valid,0,0.02693639
8590,valid,0,0.027848838
7934,valid,0,0.228185
1219,valid,0,0.027848838
1305,valid,0,0.02693639
8779,valid,0,0.061001997
2591,valid,0,0.058845185
7787,valid,0,0.02693639
2317,valid,0,0.02693639
10634,valid,0,0.20272978
5399,valid,0,0.02693639
1294,valid,0,0.02693639
6053,valid,0,0.02693639
7294,valid,0,0.02693639
651,valid,0,0.02693639
6617,valid,0,0.02693639
6861,valid,0,0.028688285
8437,valid,0,0.1568849
7607,valid,0,0.02693639
2527,valid,0,0.029119018
7969,valid,0,0.02693639
644,valid,0,0.12900788
7940,valid,0,0.14992367
5372,valid,0,0.02693639
10879,valid,0,0.02693639
6781,valid,0,0.12096001
9694,valid,0,0.02693639
11072,valid,0,0.02693639
10378,valid,0,0.02693639
4941,valid,0,0.029119018
2630,valid,0,0.19417372
7614,valid,0,0.02693639
9017,valid,0,0.02693639
221,valid,0,0.02693639
1512,valid,0,0.20989168
10564,valid,0,0.02693639
8040,valid,0,0.02693639
4736,valid,0,0.2417533
8950,valid,0,0.028832655
6432,valid,0,0.10179448
10372,valid,0,0.02693639
6428,valid,0,0.027306845
3344,valid,0,0.027306845
3817,valid,0,0.34204146
5900,valid,0,0.02693639
1020,valid,0,0.029807368
4864,valid,0,0.13751404
5906,valid,0,0.24488653
5619,valid,0,0.061893843
10881,valid,0,0.027204448
4857,valid,0,0.11297029
8191,valid,0,0.02693639
4197,valid,0,0.1879617
5895,valid,0,0.02693639
6622,valid,0,0.15693253
8192,valid,0,0.02693639
11074,valid,0,0.033650793
8070,valid,0,0.20261994
4835,valid,0,0.15761198
4846,valid,0,0.3874486
1206,valid,0,0.02693639
6812,valid,0,0.02693639
3496,valid,0,0.153847
10890,valid,0,0.23221755
9978,valid,0,0.03448978
7727,valid,0,0.02693639
8312,valid,0,0.02693639
6401,valid,0,0.059934698
3414,valid,0,0.04691644
5735,valid,0,0.02693639
3728,valid,0,0.02693639
10112,valid,0,0.02693639
962,valid,0,0.20788424
2543,valid,0,0.028832655
4652,valid,0,0.028688285
7723,valid,0,0.02693639
9919,valid,0,0.04569795
1641,valid,0,0.07150259
4660,valid,0,0.02693639
8074,valid,0,0.027848838
9784,valid,0,0.02693639
9028,valid,0,0.26121724
2300,valid,0,0.027306845
4945,valid,0,0.1358851
1171,valid,0,0.14843
5030,valid,0,0.02693639
4373,valid,0,0.053032864
7619,valid,0,0.02693639
6367,valid,0,0.02693639
6623,valid,0,0.02693639
6625,valid,0,0.2616172
4743,valid,0,0.1563614
3355,valid,0,0.097291835
7299,valid,0,0.07864763
10667,valid,0,0.027306845
10976,valid,0,0.027306845
6750,valid,0,0.04295036
10267,valid,0,0.07979066
4934,valid,0,0.02693639
8422,valid,0,0.02693639
9007,valid,0,0.043992832
7609,valid,0,0.17365105
9037,valid,0,0.02693639
3428,valid,0,0.0341455
10266,valid,0,0.21320593
8599,valid,0,0.103172176
8547,valid,0,0.027848838
471,valid,0,0.13129114
5292,valid,0,0.06117152
6404,valid,0,0.02693639
8847,valid,0,0.02693639
3156,valid,0,0.16181749
2615,valid,0,0.04379905
10109,valid,0,0.02693639
10077,valid,0,0.02693639
6414,valid,0,0.027848838
10629,valid,0,0.027848838
4216,valid,0,0.02693639
5029,valid,0,0.02693639
6782,valid,0,0.035293292
720,valid,0,0.047347676
11066,valid,0,0.028688285
2816,valid,0,0.10033388
10515,valid,0,0.287331
4285,valid,0,0.21223928
10100,valid,0,0.13104615
11075,valid,0,0.02693639
338,valid,0,0.02693639
9031,valid,0,0.02693639
6613,valid,0,0.11297029
1631,valid,0,0.02693639
4466,valid,0,0.04691644
6140,valid,0,0.042533923
4465,valid,0,0.1929418
4290,valid,0,0.22689462
6951,valid,0,0.027204448
4903,valid,0,0.035293292
10026,valid,0,0.07382404
6612,valid,0,0.1721947
4833,valid,0,0.033650793
5255,valid,0,0.02693639
4667,valid,0,0.02693639
2614,valid,0,0.056247734
649,valid,0,0.027848838
2796,valid,0,0.02693639
6408,valid,0,0.1396541
783,valid,0,0.02693639
8420,valid,0,0.027848838
8785,valid,0,0.08053251
8071,valid,0,0.02693639
3612,valid,0,0.028688285
3732,valid,0,0.02693639
4076,valid,0,0.02693639
3844,valid,0,0.02693639
1222,valid,0,0.042533923
10084,valid,0,0.02693639
957,valid,0,0.02693639
7941,valid,0,0.0341455
8539,valid,0,0.042533923
5282,valid,0,0.02693639
5146,valid,0,0.20335503
143,valid,0,0.02693639
2791,valid,0,0.02693639
7300,valid,0,0.02693639
4551,valid,0,0.23888388
7823,valid,0,0.19467366
8633,valid,0,0.0804744
2254,valid,0,0.4714383
2474,valid,0,0.27371538
699,valid,0,0.09704005
1090,valid,1,0.33964032
9560,valid,0,0.1153747
4548,valid,0,0.17415969
7465,valid,0,0.043454822
10164,valid,0,0.08111242
7281,valid,0,0.029409755
8392,valid,0,0.17167993
2216,valid,0,0.14022064
6908,valid,0,0.027204448
7480,valid,0,0.033650793
2463,valid,0,0.027848838
3938,valid,0,0.52716494
1984,valid,0,0.53831375
7450,valid,0,0.24139819
2087,valid,0,0.059660908
6504,valid,0,0.19326621
2444,valid,0,0.10109755
10775,valid,0,0.13112795
6174,valid,0,0.13616917
4772,valid,0,0.33660564
7729,valid,0,0.3906749
5747,valid,0,0.16645926
7830,valid,0,0.028886668
4582,valid,0,0.34698305
8674,valid,0,0.07455436
10821,valid,0,0.06899059
9435,valid,0,0.14001845
7349,valid,0,0.2180696
7185,valid,0,0.041932207
521,valid,0,0.18286665
3635,valid,0,0.02668065
8400,valid,0,0.16353245
10814,valid,1,0.2971919
1039,valid,0,0.0649027
11045,valid,0,0.17599279
4792,valid,0,0.037683904
4812,valid,0,0.07418177
4115,valid,0,0.32252494
6913,valid,0,0.49579862
1846,valid,0,0.19806118
10311,valid,0,0.4873788
3048,valid,0,0.14232919
7472,valid,0,0.23923312
1142,valid,0,0.5067271
4817,valid,0,0.24125603
6100,valid,0,0.28768206
6482,valid,0,0.18147728
8387,valid,0,0.45347258
5523,valid,0,0.35790923
5312,valid,0,0.027399214
4486,valid,0,0.25955504
9428,valid,0,0.5291116
6475,valid,0,0.26564735
6216,valid,0,0.17317082
6385,valid,0,0.08754666
10847,valid,0,0.4905216
1838,valid,0,0.52253354
10720,valid,0,0.45659295
2460,valid,0,0.3399833
6691,valid,0,0.20549285
9355,valid,0,0.17909405
4416,valid,0,0.059595317
9334,valid,0,0.05294219
9497,valid,0,0.15699874
6159,valid,0,0.34808162
5136,valid,0,0.05765338
2255,valid,0,0.2495717
3081,valid,0,0.027399214
8818,valid,0,0.42598435
3568,valid,0,0.25513452
6268,valid,0,0.3056426
7543,valid,0,0.2060425
6496,valid,0,0.17169563
2284,valid,0,0.09720754
7452,valid,0,0.1320631
8610,valid,0,0.12474948
5407,valid,0,0.042892084
7462,valid,0,0.19298008
1134,valid,0,0.0749755
1564,valid,0,0.02758825
10229,valid,0,0.24376044
10304,valid,0,0.26100656
6327,valid,0,0.15161252
5826,valid,0,0.26100656
3762,valid,0,0.04835595
10008,valid,0,0.27098474
1837,valid,0,0.066207826
3088,valid,0,0.22293691
8488,valid,0,0.09323338
9257,valid,0,0.09468488
8407,valid,0,0.1379555
4005,valid,0,0.16918418
1689,valid,0,0.028688285
5829,valid,0,0.027848838
7286,valid,0,0.0804744
904,valid,0,0.07615284
2683,valid,0,0.16211724
8814,valid,0,0.17940736
8497,valid,0,0.061001997
7131,valid,0,0.04691644
2924,valid,0,0.04691644
1560,valid,0,0.208472
2879,valid,0,0.10494022
8237,valid,0,0.04527036
6443,valid,0,0.04691644
7125,valid,0,0.04691644
10210,valid,0,0.04148082
7514,valid,0,0.06339561
526,valid,0,0.12766264
8789,valid,0,0.22913744
5418,valid,0,0.029119018
737,valid,0,0.06893044
743,valid,0,0.1568849
1144,valid,0,0.08263799
2287,valid,0,0.13995728
11044,valid,0,0.18582244
8268,valid,0,0.18475923
7834,valid,0,0.028125715
4478,valid,0,0.08426173
1575,valid,0,0.13988522
7091,valid,0,0.21055855
9340,valid,0,0.06558809
324,valid,0,0.13402016
519,valid,0,0.029119018
8662,valid,0,0.04992011
2579,valid,0,0.23140576
1748,valid,0,0.105406195
3899,valid,0,0.21223667
6526,valid,0,0.05191034
2077,valid,0,0.19209404
2676,valid,0,0.2065691
6489,valid,0,0.059934698
5685,valid,0,0.16334046
10347,valid,0,0.25899956
4583,valid,1,0.30674055
8360,valid,0,0.28344262
4868,valid,0,0.028125715
10212,valid,0,0.5732704
3361,valid,0,0.15530798
5533,valid,0,0.15163037
6493,valid,0,0.7118321
3690,valid,0,0.028125715
6016,valid,0,0.057808295
9252,valid,0,0.027626332
5741,valid,0,0.38790825
4420,valid,0,0.30835962
10230,valid,0,0.19134353
6547,valid,0,0.2385947
7447,valid,0,0.035293292
1123,valid,0,0.027204448
10407,valid,0,0.21831489
1114,valid,0,0.20506752
6328,valid,0,0.15569125
9350,valid,0,0.054405548
9558,valid,0,0.028125715
10007,valid,0,0.06771031
7024,valid,0,0.06771031
5417,valid,0,0.06771031
7547,valid,0,0.09128894
491,valid,0,0.21546656
946,valid,0,0.056537908
2450,valid,0,0.029327076
9250,valid,0,0.060230754
10747,valid,0,0.16425449
1880,valid,0,0.14988701
2555,valid,0,0.30847576
761,valid,0,0.16296676
8133,valid,0,0.2024701
2208,valid,0,0.028125715
9142,valid,0,0.26121724
5452,valid,0,0.07671517
6332,valid,0,0.2908294
804,valid,0,0.32354495
4805,valid,0,0.4877787
10929,valid,0,0.56090885
1552,valid,0,0.15621488
9523,valid,0,0.20403741
3364,valid,0,0.2328451
6932,valid,0,0.6343637
2461,valid,0,0.08885615
4767,valid,0,0.27950117
908,valid,0,0.067974836
8661,valid,0,0.15184037
6630,valid,0,0.15361789
1119,valid,0,0.3525496
1724,valid,0,0.12379939
896,valid,0,0.027399214
8254,valid,0,0.25164878
1430,valid,0,0.1835599
2647,valid,0,0.35384437
6012,valid,0,0.12439046
1881,valid,0,0.2466907
9251,valid,0,0.045339502
10343,valid,0,0.26819694
4703,valid,0,0.21017191
7522,valid,0,0.054405548
8116,valid,0,0.1925274
529,valid,0,0.27098474
766,valid,0,0.054405548
9590,valid,0,0.045712307
10213,valid,0,0.13757135
5091,valid,0,0.36181766
9774,valid,0,0.052271128
1573,valid,0,0.16835575
8741,valid,0,0.028125715
5455,valid,0,0.07993099
6116,valid,0,0.09725015
9572,valid,0,0.13250002
7234,valid,0,0.02693639
6450,valid,0,0.026720973
6456,valid,0,0.058566023
4524,valid,0,0.29176015
5095,valid,0,0.02693639
3030,valid,0,0.2030729
916,valid,0,0.1764612
10827,valid,0,0.22182019
6687,valid,0,0.228185
10044,valid,0,0.08132752
8806,valid,0,0.11418751
3569,valid,0,0.3732396
7809,valid,0,0.37364522
2198,valid,0,0.06771031
3754,valid,0,0.35182172
912,valid,0,0.15756008
8615,valid,0,0.25795877
4688,valid,0,0.3376707
5449,valid,0,0.073523104
8735,valid,0,0.028125715
321,valid,0,0.25354475
3694,valid,0,0.033735603
6172,valid,0,0.1985221
10743,valid,0,0.02693639
4976,valid,0,0.18693005
6541,valid,0,0.02693639
1763,valid,0,0.07359469
4408,valid,0,0.09229866
8895,valid,0,0.23147787
10014,valid,0,0.3986691
6113,valid,0,0.033159684
2710,valid,0,0.12043067
7083,valid,0,0.27576253
4155,valid,0,0.5770686
1879,valid,0,0.06771031
890,valid,0,0.17108068
4579,valid,0,0.17170033
9561,valid,0,0.12754966
2210,valid,0,0.027848838
7246,valid,0,0.0804744
4241,valid,0,0.32291457
8896,valid,0,0.29848227
5084,valid,0,0.35354918
7667,valid,0,0.027848838
10154,valid,0,0.20947084
9354,valid,0,0.22750969
3025,valid,0,0.3303568
7231,valid,0,0.042922143
9366,valid,0,0.028125715
5500,valid,0,0.14688638
9578,valid,0,0.2437023
8125,valid,0,0.16842875
1034,valid,0,0.3172301
746,valid,0,0.12766264
7068,valid,0,0.22736628
3372,valid,0,0.06333737
9156,valid,0,0.32099667
2277,valid,0,0.27796763
3652,valid,0,0.08244047
7745,valid,0,0.4857306
1133,valid,0,0.095038705
420,valid,0,0.12062581
10402,valid,0,0.22463962
1781,valid,0,0.2500024
9269,valid,0,0.18285696
8485,valid,0,0.2705638
3052,valid,0,0.37721023
7084,valid,0,0.07929271
8671,valid,0,0.028832655
7817,valid,0,0.027848838
3940,valid,0,0.17304821
3063,valid,0,0.027848838
8659,valid,0,0.035358965
2559,valid,0,0.10719991
376,valid,0,0.050371353
5428,valid,0,0.24635886
1559,valid,0,0.18444669
4878,valid,0,0.16829613
5411,valid,0,0.054405548
1425,valid,0,0.06948257
7526,valid,0,0.029119018
5942,valid,0,0.0792875
2948,valid,0,0.058998853
7317,valid,0,0.02693639
5686,valid,0,0.107775085
9576,valid,0,0.29840893
9495,valid,0,0.027848838
1093,valid,0,0.15486702
8914,valid,0,0.10764851
3051,valid,0,0.20785342
5421,valid,0,0.25046983
6168,valid,0,0.39677468
3435,valid,0,0.041296937
6675,valid,0,0.048460763
10805,valid,0,0.08636751
936,valid,0,0.06632763
7130,valid,0,0.12399698
1958,valid,0,0.09468488
8620,valid,0,0.028832655
6001,valid,0,0.04269199
8672,valid,0,0.05096247
10812,valid,0,0.11226594
1258,valid,0,0.27950117
8744,valid,0,0.027848838
1102,valid,0,0.17308874
897,valid,0,0.066516764
6917,valid,0,0.29076877
5433,valid,0,0.44842905
8129,valid,0,0.054405548
2280,valid,0,0.059934698
10408,valid,0,0.029687015
7529,valid,0,0.027848838
9747,valid,0,0.20451646
10198,valid,0,0.027848838
10144,valid,0,0.027848838
2838,valid,0,0.3270416
10233,valid,0,0.22956601
3449,valid,0,0.060471714
5311,valid,0,0.24328464
7048,valid,0,0.08481317
8663,valid,0,0.027848838
8863,valid,0,0.18271261
10221,valid,0,0.06168743
4160,valid,0,0.032080594
69,valid,0,0.09104443
8274,valid,0,0.027204448
10928,valid,0,0.047373652
1680,valid,0,0.027848838
3696,valid,0,0.05130504
8463,valid,0,0.042922143
2583,valid,0,0.052015975
10930,valid,0,0.02693639
3920,valid,0,0.23992854
10006,valid,0,0.16224006
5748,valid,0,0.16531773
8399,valid,0,0.255678
2566,valid,0,0.228185
4119,valid,0,0.51693356
10458,valid,0,0.027626332
10777,valid,0,0.09032166
9519,valid,0,0.04847196
9553,valid,0,0.19620346
2396,valid,0,0.11744209
3934,valid,0,0.16211724
8635,valid,0,0.09104443
6163,valid,0,0.08773829
1842,valid,0,0.04847196
6924,valid,0,0.028688285
3942,valid,0,0.2736715
5831,valid,0,0.027848838
4405,valid,0,0.16548762
7385,valid,0,0.22762914
2221,valid,0,0.18041083
1259,valid,0,0.02693639
2076,valid,0,0.33141717
6120,valid,0,0.047434695
5738,valid,0,0.02693639
6521,valid,0,0.060699277
4243,valid,0,0.2998232
3434,valid,0,0.06829245
4866,valid,0,0.027848838
6276,valid,0,0.21900934
8115,valid,0,0.13906397
8474,valid,0,0.49345094
10196,valid,0,0.052015975
4807,valid,0,0.19563751
10925,valid,0,0.16027565
494,valid,0,0.21320727
2204,valid,0,0.18425508
9587,valid,0,0.119823806
1759,valid,0,0.16281374
8730,valid,0,0.027848838
2459,valid,0,0.07547461
9557,valid,0,0.028688285
2557,valid,0,0.027848838
9743,valid,0,0.027848838
4449,valid,0,0.16767979
3752,valid,0,0.03283493
4399,valid,0,0.03283493
2928,valid,0,0.18535927
7527,valid,0,0.0751868
10223,valid,0,0.060699277
10828,valid,0,0.026720973
2085,valid,0,0.045267012
5524,valid,0,0.03100712
8729,valid,0,0.20489617
8511,valid,0,0.34817383
6371,valid,0,0.101351686
3891,valid,0,0.054410417
8271,valid,0,0.041296937
5504,valid,0,0.027848838
1131,valid,0,0.1989393
2572,valid,0,0.026684107
10997,valid,0,0.1673944
6092,valid,0,0.075044364
478,valid,0,0.110962346
7249,valid,0,0.15568922
7022,valid,0,0.09747715
6372,valid,0,0.054405548
4003,valid,0,0.2705638
6549,valid,0,0.3775213
2279,valid,0,0.052319765
2939,valid,0,0.13104615
7448,valid,0,0.027848838
3105,valid,0,0.19982375
6918,valid,0,0.1745389
4781,valid,0,0.03100712
4774,valid,0,0.24629894
8366,valid,0,0.077834606
9370,valid,0,0.2065691
4477,valid,0,0.284091
5946,valid,0,0.23651132
4240,valid,0,0.14011237
3931,valid,0,0.02693639
6334,valid,0,0.15204212
7595,valid,0,0.02693639
4867,valid,0,0.10431101
8359,valid,0,0.07316731
5527,valid,0,0.19889036
6546,valid,0,0.36488858
8481,valid,0,0.040337693
518,valid,0,0.20907502
8476,valid,0,0.31601134
10758,valid,0,0.25090244
10830,valid,0,0.026720973
4545,valid,0,0.027848838
6126,valid,0,0.027848838
8510,valid,0,0.05318834
10226,valid,0,0.026720973
4865,valid,0,0.028886668
1437,valid,0,0.045693256
7053,valid,0,0.11412759
3508,valid,0,0.049619008
3442,valid,0,0.39182222
6931,valid,0,0.51454294
7233,valid,0,0.5627391
3915,valid,0,0.08636751
8509,valid,0,0.028832655
7668,valid,0,0.18479243
10605,valid,0,0.18238324
5530,valid,0,0.42764956
10748,valid,0,0.02693639
10156,valid,0,0.11146233
9763,valid,0,0.02693639
1684,valid,0,0.04295036
6197,valid,0,0.14304972
5098,valid,0,0.11297029
1562,valid,0,0.06893044
2458,valid,0,0.26730445
9489,valid,0,0.12247393
706,valid,0,0.24623017
8742,valid,0,0.14622092
7076,valid,0,0.13995728
6929,valid,0,0.3015088
6343,valid,0,0.054405548
3439,valid,0,0.2501727
7085,valid,0,0.028688285
10395,valid,0,0.028832655
3697,valid,0,0.17380683
2655,valid,0,0.2065834
5075,valid,0,0.09091155
3911,valid,0,0.045826476
7101,valid,0,0.27769873
8361,valid,0,0.027848838
3910,valid,0,0.027848838
1256,valid,1,0.32632583
1455,valid,0,0.15864335
6386,valid,0,0.1955434
298,valid,0,0.23900108
9779,valid,0,0.19314201
768,valid,0,0.040081285
4481,valid,0,0.05130504
311,valid,0,0.1026626
5134,valid,0,0.11879772
10834,valid,0,0.042922143
1135,valid,0,0.35187408
10606,valid,0,0.07933976
3939,valid,0,0.44443753
6177,valid,0,0.57597727
3022,valid,0,0.27070105
6676,valid,0,0.042922143
2944,valid,0,0.16827579
3058,valid,0,0.26832294
6567,valid,0,0.501885
6550,valid,0,0.07933976
10169,valid,0,0.029327076
8395,valid,0,0.2790842
6488,valid,0,0.32349452
753,valid,0,0.10873891
7464,valid,0,0.05286398
4980,valid,0,0.028420076
4888,valid,0,0.033828042
7049,valid,0,0.2573489
10318,valid,0,0.20984526
4485,valid,0,0.02693639
4825,valid,0,0.02693639
3890,valid,0,0.20755248
10397,valid,0,0.2099221
10016,valid,0,0.31521982
3104,valid,0,0.027204448
10945,valid,0,0.14219673
6524,valid,0,0.1358851
7531,valid,0,0.19416057
5948,valid,0,0.02693639
1567,valid,0,0.054931547
60,valid,0,0.029119018
1436,valid,0,0.028832655
2646,valid,0,0.027848838
3687,valid,0,0.20272978
6562,valid,0,0.02693639
4440,valid,0,0.11918367
2709,valid,0,0.029807368
7023,valid,0,0.030103114
6636,valid,0,0.07304678
10225,valid,0,0.15281971
10596,valid,0,0.4029953
2395,valid,0,0.11913129
8857,valid,0,0.12178179
2393,valid,0,0.11928139
9555,valid,0,0.044227302
7232,valid,0,0.02693639
5497,valid,0,0.24796505
7064,valid,0,0.054405548
5318,valid,0,0.16211724
7460,valid,0,0.028125715
3510,valid,0,0.028832655
2554,valid,0,0.027848838
10050,valid,0,0.027848838
8638,valid,0,0.027848838
70,valid,0,0.05130504
1058,valid,0,0.2068845
1956,valid,0,0.027848838
6180,valid,0,0.026986947
2281,valid,0,0.028886668
9346,valid,0,0.10644269
2084,valid,0,0.028602522
2228,valid,0,0.1283352
8639,valid,0,0.041932207
2930,valid,0,0.112214014
4163,valid,0,0.034209114
4986,valid,0,0.04867032
10810,valid,0,0.2272797
3023,valid,0,0.19790334
10400,valid,0,0.049387276
7031,valid,0,0.11537101
9577,valid,0,0.3485537
8117,valid,0,0.037626337
10201,valid,0,0.0507692
8810,valid,0,0.047342658
52,valid,0,0.053517085
9342,valid,0,0.02668065
10590,valid,0,0.5118776
3893,valid,0,0.2125433
10042,valid,0,0.44635677
9273,valid,0,0.07039488
790,valid,0,0.45707914
6498,valid,0,0.033508237
7488,valid,0,0.042533923
2226,valid,0,0.039131608
6005,valid,0,0.1151666
5087,valid,0,0.23757422
9567,valid,0,0.027848838
760,valid,0,0.07018629
738,valid,0,0.104855
6544,valid,0,0.0804744
1736,valid,0,0.27088115
1832,valid,0,0.120008014
10470,valid,0,0.06352511
7229,valid,0,0.17388016
7477,valid,0,0.06117152
3897,valid,0,0.16901326
8856,valid,0,0.07979066
8665,valid,0,0.09890975
51,valid,0,0.028832655
3086,valid,0,0.07370666
8860,valid,0,0.28053236
4156,valid,0,0.11773922
6215,valid,0,0.33437547
3627,valid,0,0.02693639
7657,valid,0,0.042326815
9491,valid,0,0.16146885
3445,valid,0,0.02693639
1260,valid,0,0.02693639
10755,valid,0,0.054405548
9570,valid,0,0.17176862
5093,valid,0,0.15642302
703,valid,0,0.2849474
7343,valid,0,0.1467541
9265,valid,0,0.18377388
9554,valid,0,0.22120671
8251,valid,0,0.27625486
901,valid,0,0.18450533
884,valid,0,0.029807368
7826,valid,0,0.18202995
8099,valid,0,0.07198393
1094,valid,0,0.21793018
3637,valid,0,0.059934698
7069,valid,0,0.028125715
8504,valid,0,0.027848838
10770,valid,0,0.20102574
3941,valid,0,0.033713527
1147,valid,0,0.028125715
8464,valid,0,0.028886668
5305,valid,0,0.07406583
1777,valid,0,0.056514602
2218,valid,0,0.4977784
5681,valid,0,0.02986315
5422,valid,0,0.18643336
6219,valid,0,0.23258516
6106,valid,0,0.28013945
5102,valid,0,0.37331712
3638,valid,0,0.37100792
1051,valid,0,0.15637836
8478,valid,0,0.040081285
1765,valid,0,0.10249551
3895,valid,0,0.03283493
7476,valid,0,0.16621606
1536,valid,0,0.16723938
10013,valid,0,0.03283493
4707,valid,0,0.11941748
9436,valid,0,0.12134358
4983,valid,0,0.08985947
4694,valid,0,0.27496466
932,valid,0,0.23980393
4763,valid,0,0.25711533
3096,valid,0,0.08940032
895,valid,0,0.19719408
4010,valid,0,0.14675047
9271,valid,0,0.3309844
877,valid,0,0.22396028
3567,valid,0,0.040081285
6448,valid,0,0.16723938
7100,valid,0,0.12839502
10193,valid,0,0.036591135
4231,valid,0,0.38129658
2285,valid,0,0.047434695
2679,valid,0,0.07284227
1738,valid,0,0.39160538
705,valid,0,0.04667889
5943,valid,0,0.3129117
4161,valid,0,0.37103793
5090,valid,0,0.36595437
5068,valid,0,0.35963017
9147,valid,0,0.3659373
9140,valid,0,0.30782288
4820,valid,0,0.49943975
6468,valid,0,0.4204939
1267,valid,0,0.27992898
4601,valid,0,0.5043058
919,valid,0,0.19148389
6688,valid,0,0.33431068
1782,valid,0,0.13883603
9758,valid,0,0.38886738
5941,valid,0,0.7129033
6906,valid,0,0.4534767
3440,valid,0,0.21211095
10308,valid,0,0.3920371
9379,valid,0,0.3921974
4689,valid,0,0.45276582
8484,valid,0,0.16572013
2219,valid,0,0.11244513
10843,valid,0,0.46170604
6936,valid,0,0.3058761
5442,valid,0,0.17256695
8907,valid,0,0.027399214
10825,valid,0,0.14868173
4129,valid,0,0.101400875
4439,valid,0,0.05532097
10157,valid,0,0.03969562
5408,valid,0,0.1330836
6497,valid,0,0.097574376
4883,valid,0,0.027848838
1423,valid,0,0.106195964
8466,valid,0,0.02693639
8100,valid,0,0.028832655
303,valid,0,0.0937943
11054,valid,0,0.17422864
6015,valid,0,0.028832655
10166,valid,0,0.0341455
2833,valid,0,0.088228606
9363,valid,0,0.046876673
4880,valid,0,0.029687015
7072,valid,0,0.055996798
10228,valid,0,0.21693443
9276,valid,0,0.18275915
3645,valid,0,0.18225677
922,valid,0,0.25530908
5315,valid,0,0.028832655
876,valid,0,0.029807368
5420,valid,0,0.032080594
2199,valid,0,0.072930396
7593,valid,0,0.19640242
1569,valid,0,0.21363935
1571,valid,0,0.0341455
5426,valid,0,0.24758697
7026,valid,0,0.09229866
7123,valid,0,0.034482755
4598,valid,0,0.27820256
744,valid,0,0.2963953
5057,valid,0,0.13675913
7812,valid,0,0.12824199
751,valid,0,0.24734399
4764,valid,0,0.42949617
530,valid,0,0.30484998
5088,valid,0,0.14861229
1994,valid,0,0.2923449
1553,valid,0,0.18305863
7392,valid,0,0.028832655
1446,valid,0,0.059934698
2845,valid,0,0.07033244
6384,valid,0,0.04691644
8911,valid,0,0.027204448
6093,valid,0,0.1712268
1041,valid,0,0.15613325
488,valid,0,0.27950117
7288,valid,0,0.228185
6275,valid,0,0.027848838
2846,valid,0,0.042533923
7041,valid,0,0.049621034
10159,valid,0,0.027848838
6672,valid,0,0.128558
9574,valid,0,0.20762923
1445,valid,0,0.028886668
9524,valid,0,0.059303552
7831,valid,0,0.16334422
9378,valid,0,0.026720973
1551,valid,0,0.57491416
4121,valid,0,0.15785329
1056,valid,0,0.3649679
6153,valid,0,0.04804819
10216,valid,0,0.026720973
9527,valid,0,0.13112795
5313,valid,0,0.04667889
4686,valid,0,0.12456798
6632,valid,0,0.02860837
4421,valid,0,0.23167118
3059,valid,0,0.22980443
9744,valid,0,0.0296182
6195,valid,0,0.5695414
1097,valid,0,0.26635367
1681,valid,0,0.24075812
6161,valid,0,0.5742552
482,valid,0,0.02693639
2759,valid,0,0.16647078
10780,valid,0,0.31601134
2768,valid,0,0.28717563
7241,valid,0,0.26637498
7193,valid,0,0.026720973
10607,valid,0,0.026720973
8256,valid,0,0.39766222
915,valid,0,0.3376707
7244,valid,0,0.027626332
6212,valid,0,0.1747968
6491,valid,0,0.03100712
10215,valid,0,0.22134268
4479,valid,0,0.2209898
1156,valid,0,0.66212505
5817,valid,0,0.083092965
1985,valid,0,0.25763205
5443,valid,0,0.17004384
1986,valid,0,0.02693639
8468,valid,0,0.2225472
3572,valid,0,0.02693639
933,valid,0,0.13606909
3029,valid,0,0.15104891
6523,valid,0,0.027306845
4803,valid,0,0.02693639
7520,valid,0,0.0804744
1533,valid,0,0.1257692
4782,valid,0,0.2394791
8255,valid,0,0.17448358
2556,valid,0,0.1881752
10399,valid,0,0.17388016
10297,valid,0,0.14872718
3921,valid,0,0.044227302
8788,valid,0,0.17793527
9563,valid,0,0.028886668
1154,valid,0,0.26062232
5938,valid,0,0.19058707
5415,valid,0,0.21807252
7325,valid,0,0.36528185
3074,valid,0,0.14193818
7446,valid,0,0.060642984
2773,valid,0,0.042533923
3691,valid,0,0.07878556
9488,valid,0,0.069054835
4407,valid,0,0.12216584
2478,valid,0,0.06499206
9247,valid,0,0.16352539
9525,valid,0,0.028688285
4244,valid,0,0.1006322
9515,valid,0,0.028832655
2586,valid,0,0.15889417
941,valid,0,0.027848838
7050,valid,0,0.045826476
7492,valid,0,0.20710927
6382,valid,0,0.15953386
9520,valid,0,0.029807368
8104,valid,0,0.028832655
3914,valid,0,0.1596579
7467,valid,0,0.027848838
4109,valid,0,0.02693639
799,valid,0,0.051490005
9345,valid,0,0.06371613
380,valid,0,0.2088014
2713,valid,0,0.17213741
10820,valid,0,0.02693639
2202,valid,0,0.028688285
1130,valid,0,0.042533923
6338,valid,0,0.06640539
2207,valid,0,0.106412694
9390,valid,0,0.09381254
7453,valid,0,0.04295036
5677,valid,0,0.027848838
1679,valid,0,0.07104968
523,valid,0,0.06286954
5447,valid,0,0.12602764
8391,valid,0,0.29113162
7816,valid,0,0.26788098
1677,valid,0,0.028688285
3095,valid,0,0.28856084
6209,valid,0,0.027204448
8472,valid,0,0.042533923
5821,valid,0,0.04379905
2878,valid,0,0.23427333
3045,valid,0,0.17388016
11055,valid,0,0.059934698
9749,valid,0,0.16221304
3753,valid,0,0.16621177
5105,valid,0,0.18951584
1542,valid,0,0.02693639
8482,valid,0,0.027848838
299,valid,0,0.02693639
10724,valid,0,0.02693639
5066,valid,0,0.13995728
2229,valid,0,0.1374239
8905,valid,0,0.20989168
1059,valid,0,0.030703986
7181,valid,0,0.095961824
10937,valid,0,0.02693639
9581,valid,0,0.2010417
9591,valid,0,0.20743942
6528,valid,0,0.34167984
6013,valid,0,0.18997407
6460,valid,0,0.028688285
8812,valid,0,0.19733316
8105,valid,0,0.054405548
2849,valid,0,0.06168743
11042,valid,0,0.027306845
6167,valid,0,0.059934698
3565,valid,0,0.02693639
2551,valid,0,0.101619974
2665,valid,0,0.14696261
6118,valid,0,0.14727654
5956,valid,0,0.03398334
2834,valid,0,0.029119018
6471,valid,0,0.24209933
7088,valid,0,0.20165034
3764,valid,0,0.20185915
7194,valid,0,0.19630031
745,valid,0,0.027848838
2880,valid,0,0.047347676
2187,valid,0,0.27802032
1874,valid,0,0.028125715
7470,valid,0,0.028832655
7813,valid,0,0.16901326
8124,valid,0,0.10431101
4092,valid,0,0.20989168
6545,valid,0,0.02693639
7384,valid,0,0.0341455
5356,valid,0,0.02693639
7449,valid,0,0.028832655
6125,valid,0,0.027848838
3695,valid,0,0.027848838
10341,valid,0,0.027848838
5405,valid,0,0.026720973
3065,valid,0,0.41455686
6509,valid,0,0.043454822
1111,valid,0,0.19719194
10829,valid,0,0.26074252
5410,valid,0,0.052924212
4776,valid,0,0.026720973
7478,valid,0,0.026720973
10593,valid,0,0.026720973
8356,valid,0,0.24097058
2192,valid,0,0.044222746
4093,valid,0,0.21612604
7747,valid,0,0.35247564
7815,valid,0,0.13112795
8629,valid,0,0.1551315
1055,valid,0,0.026720973
8408,valid,0,0.3389712
1687,valid,0,0.040081285
1572,valid,0,0.045339502
4590,valid,0,0.034216084
4875,valid,0,0.22758
5951,valid,0,0.047523294
6671,valid,0,0.026986947
4532,valid,0,0.06682282
10737,valid,0,0.08814064
4884,valid,0,0.06333737
3761,valid,0,0.5976522
8816,valid,0,0.4207735
3759,valid,0,0.043513037
9742,valid,0,0.07284493
7104,valid,0,0.041296937
10404,valid,0,0.065210454
5947,valid,0,0.38114595
3031,valid,0,0.042922143
5138,valid,0,0.30848825
7383,valid,0,0.050371353
3689,valid,0,0.15144394
10849,valid,0,0.3894787
10235,valid,0,0.56794375
5080,valid,0,0.027399214
8745,valid,0,0.21386157
9740,valid,0,0.1704002
3922,valid,0,0.24840568
4881,valid,0,0.30089498
11013,valid,0,0.065210454
7332,valid,0,0.18220973
7065,valid,0,0.056105778
10298,valid,0,0.5641367
3027,valid,0,0.46015984
2286,valid,0,0.029119018
10168,valid,0,0.047808886
5940,valid,0,0.02693639
5451,valid,0,0.049167734
6695,valid,0,0.034782555
9556,valid,0,0.20185915
7051,valid,0,0.16829613
2196,valid,0,0.056247734
6453,valid,0,0.15245396
1774,valid,0,0.028832655
5493,valid,0,0.22293691
4473,valid,0,0.15245396
8865,valid,0,0.22321264
5818,valid,0,0.0319113
4232,valid,0,0.02693639
7528,valid,0,0.07864763
3925,valid,0,0.027848838
6485,valid,0,0.02693639
6127,valid,0,0.056247734
8114,valid,0,0.029807368
5517,valid,0,0.033650793
4484,valid,0,0.19408467
9776,valid,0,0.026720973
3649,valid,0,0.026720973
2477,valid,0,0.13621551
2190,valid,0,0.06333737
6207,valid,0,0.026720973
3760,valid,0,0.2918216
4525,valid,0,0.056247734
8101,valid,0,0.056247734
1952,valid,0,0.07076915
5303,valid,0,0.06333737
6514,valid,0,0.15579455
5510,valid,0,0.16425449
6095,valid,0,0.026720973
3369,valid,0,0.06333737
2850,valid,0,0.06948094
8792,valid,0,0.31868163
9365,valid,0,0.45556706
6494,valid,0,0.124097094
2259,valid,0,0.06333737
7833,valid,0,0.041932207
6337,valid,0,0.27009642
4471,valid,0,0.026720973
6501,valid,0,0.3030479
1159,valid,0,0.58437854
1546,valid,0,0.35975593
1421,valid,0,0.028886668
58,valid,0,0.03283493
9490,valid,0,0.13307281
8636,valid,0,0.08155812
10832,valid,0,0.14022064
10046,valid,0,0.033874437
9148,valid,0,0.026720973
9145,valid,0,0.14877151
4102,valid,0,0.049619008
4128,valid,0,0.026720973
6194,valid,0,0.026986947
7750,valid,0,0.26509643
1095,valid,0,0.32355922
9151,valid,0,0.042922143
5668,valid,0,0.32471222
10839,valid,0,0.55356514
8682,valid,0,0.26773852
3892,valid,0,0.044901
8660,valid,0,0.07561378
10603,valid,0,0.035280388
7535,valid,0,0.1896694
2462,valid,0,0.065210454
4164,valid,0,0.04664707
6444,valid,0,0.03100712
7455,valid,0,0.052015975
8628,valid,0,0.067514084
10150,valid,0,0.12136366
4556,valid,0,0.030618634
5505,valid,0,0.065210454
2251,valid,0,0.065210454
3092,valid,0,0.41155052
8681,valid,0,0.065210454
5528,valid,0,0.5209106
2447,valid,0,0.17159335
3894,valid,0,0.030618634
10609,valid,0,0.25318265
4022,valid,0,0.7260302
6533,valid,0,0.041296937
9327,valid,0,0.02668065
2468,valid,0,0.051111557
7128,valid,0,0.05286398
3109,valid,0,0.052005712
4418,valid,0,0.083902426
10153,valid,0,0.10276078
4543,valid,0,0.11696746
3064,valid,0,0.106726184
6272,valid,0,0.05866691
10854,valid,0,0.12431312
5419,valid,0,0.069034375
3507,valid,0,0.056076985
1683,valid,0,0.11969334
2716,valid,0,0.24879555
3362,valid,0,0.02758825
7052,valid,0,0.02758825
10840,valid,0,0.026684107
7103,valid,0,0.1436513
6217,valid,0,0.17913485
7032,valid,0,0.028832655
8495,valid,0,0.1451831
1441,valid,0,0.028832655
3919,valid,0,0.028832655
7513,valid,0,0.22216934
5676,valid,0,0.028832655
5439,valid,0,0.12327365
7097,valid,0,0.02693639
4535,valid,0,0.08333402
4009,valid,0,0.19574474
8462,valid,0,0.02693639
2708,valid,0,0.066785246
6210,valid,0,0.13660336
1544,valid,0,0.13181558
5999,valid,0,0.059487518
6926,valid,0,0.028688285
6681,valid,0,0.036897134
10732,valid,0,0.02693639
1729,valid,0,0.19943565
4448,valid,0,0.1622689
8916,valid,0,0.19173495
6350,valid,0,0.21912701
5431,valid,0,0.06488806
5104,valid,0,0.02693639
4578,valid,0,0.02693639
1885,valid,0,0.18539374
3693,valid,0,0.027848838
10148,valid,0,0.028688285
1447,valid,0,0.1846114
6564,valid,0,0.02693639
5094,valid,0,0.028688285
480,valid,0,0.20062466
8791,valid,0,0.057859752
9750,valid,0,0.028125715
4554,valid,0,0.2075168
4441,valid,0,0.059658177
1561,valid,0,0.17176862
4002,valid,0,0.02693639
4021,valid,0,0.25361374
4533,valid,0,0.044325925
3062,valid,0,0.2138172
10756,valid,0,0.22309425
5939,valid,0,0.033650793
2668,valid,0,0.027204448
3916,valid,0,0.045826476
1744,valid,0,0.02693639
10602,valid,0,0.26229855
7523,valid,0,0.04596894
7077,valid,0,0.1568849
3561,valid,0,0.02693639
6091,valid,0,0.15367691
6554,valid,0,0.028688285
2475,valid,0,0.05276251
8677,valid,0,0.13995728
6228,valid,0,0.02693639
7542,valid,0,0.04691644
6187,valid,0,0.2112587
1754,valid,0,0.059934698
1557,valid,0,0.027848838
2670,valid,0,0.15245396
8727,valid,0,0.09549583
6469,valid,0,0.33863172
2946,valid,0,0.30888608
11061,valid,0,0.17534627
48,valid,0,0.109733075
3111,valid,0,0.030103114
2004,valid,0,0.02693639
9387,valid,0,0.059124555
6522,valid,0,0.047373652
7821,valid,0,0.066207826
5516,valid,0,0.033650793
2456,valid,0,0.2206484
3373,valid,0,0.029119018
7080,valid,0,0.2263313
8619,valid,0,0.029807368
7045,valid,0,0.028832655
11046,valid,0,0.02693639
1773,valid,0,0.027306845
10944,valid,0,0.02693639
11010,valid,0,0.06250233
10922,valid,0,0.02693639
516,valid,0,0.15203187
2552,valid,0,0.034482755
2847,valid,0,0.22892673
9358,valid,0,0.15397067
6474,valid,0,0.02693639
2256,valid,0,0.046888825
3036,valid,0,0.02693639
10608,valid,0,0.027848838
6629,valid,0,0.029687015
7090,valid,0,0.02693639
1543,valid,0,0.027848838
10476,valid,0,0.02693639
479,valid,0,0.24209933
7336,valid,0,0.028125715
62,valid,0,0.11713868
2661,valid,0,0.27088115
2765,valid,0,0.24209933
6198,valid,0,0.18027665
8110,valid,0,0.16866507
9583,valid,0,0.02693639
3943,valid,0,0.02693639
8627,valid,0,0.03564147
524,valid,0,0.33414966
6223,valid,0,0.18027665
5494,valid,0,0.29947892
9326,valid,0,0.02693639
3047,valid,0,0.1311781
10746,valid,0,0.02693639
6019,valid,0,0.1511921
6505,valid,0,0.14861229
7245,valid,0,0.02693639
7814,valid,0,0.056247734
10725,valid,0,0.033650793
3576,valid,0,0.02693639
4447,valid,0,0.027848838
1953,valid,0,0.22920972
2760,valid,0,0.027848838
909,valid,0,0.02693639
7338,valid,0,0.027306845
10597,valid,0,0.19630031
4677,valid,0,0.304382
5674,valid,0,0.08421604
6354,valid,0,0.17810535
5069,valid,0,0.12456799
925,valid,0,0.02693639
7473,valid,0,0.30261004
2656,valid,0,0.09549583
6461,valid,0,0.02693639
3636,valid,0,0.02693639
1775,valid,0,0.027848838
1989,valid,0,0.2616172
6265,valid,0,0.029569691
7530,valid,0,0.05905131
4246,valid,0,0.026720973
6678,valid,0,0.11040714
7326,valid,0,0.027626332
5321,valid,0,0.028602522
8397,valid,0,0.1137429
9360,valid,0,0.08439561
6519,valid,0,0.054405548
6916,valid,0,0.18860003
8238,valid,0,0.13294876
4800,valid,0,0.47154444
6480,valid,0,0.06333737
5519,valid,0,0.04591084
9371,valid,0,0.25444397
1995,valid,0,0.026720973
7482,valid,0,0.026720973
67,valid,0,0.03381944
1732,valid,0,0.026720973
786,valid,0,0.20150916
1747,valid,0,0.26563773
6532,valid,0,0.026720973
1760,valid,0,0.2980693
6189,valid,0,0.026720973
1272,valid,0,0.31473148
2220,valid,0,0.5308766
10222,valid,0,0.026720973
3443,valid,0,0.026720973
10208,valid,0,0.055506513
7578,valid,0,0.12199758
2723,valid,0,0.21089953
2081,valid,0,0.14126058
6457,valid,0,0.026720973
7486,valid,0,0.26829225
6922,valid,0,0.026720973
7484,valid,0,0.34447548
7247,valid,0,0.026720973
6170,valid,0,0.026720973
8898,valid,0,0.42444128
1826,valid,0,0.12121733
7666,valid,0,0.045339502
6199,valid,0,0.026720973
8739,valid,0,0.041932207
1840,valid,0,0.026720973
10316,valid,0,0.026720973
3091,valid,0,0.026720973
6529,valid,0,0.026720973
9513,valid,0,0.03283493
1261,valid,0,0.026720973
7663,valid,0,0.25336725
8829,valid,0,0.2987129
7461,valid,0,0.21598272
10586,valid,0,0.026720973
792,valid,0,0.026720973
1053,valid,0,0.040474713
802,valid,0,0.026720973
9333,valid,0,0.24173008
3360,valid,0,0.06333737
1770,valid,0,0.1743932
10778,valid,0,0.026720973
3898,valid,0,0.028886668
5683,valid,0,0.06333737
2758,valid,0,0.06682282
2080,valid,0,0.049619008
11060,valid,0,0.29883456
6558,valid,0,0.19946454
2947,valid,0,0.026720973
5304,valid,0,0.52814204
6176,valid,0,0.37769115
10466,valid,0,0.02668065
5502,valid,0,0.04667889
7320,valid,0,0.026720973
307,valid,0,0.38407287
4765,valid,0,0.027626332
6481,valid,0,0.02668065
5531,valid,0,0.30052933
4547,valid,0,0.22103968
7516,valid,0,0.05160139
1548,valid,0,0.04664707
880,valid,0,0.5450637
1731,valid,0,0.3171755
50,valid,0,0.027399214
7039,valid,0,0.050371353
3946,valid,0,0.04170178
1725,valid,0,0.46096492
7089,valid,0,0.04664707
6261,valid,0,0.15759121
3097,valid,0,0.03100712
910,valid,0,0.24149497
6008,valid,0,0.065210454
6218,valid,0,0.32198635
8248,valid,0,0.041296937
7575,valid,0,0.37289593
1429,valid,0,0.060172964
5520,valid,0,0.026528997
7671,valid,0,0.062386274
316,valid,0,0.42066497
7353,valid,0,0.026946235
3101,valid,0,0.08754666
4111,valid,0,0.5947535
2685,valid,0,0.43920895
5092,valid,0,0.04664707
7352,valid,0,0.09473028
2933,valid,0,0.22895402
5670,valid,0,0.064829685
7515,valid,0,0.09303531
4684,valid,0,0.028688285
2194,valid,0,0.15180755
3509,valid,0,0.049694326
8605,valid,0,0.094989255
4091,valid,0,0.047154464
3069,valid,0,0.063861236
749,valid,0,0.05859715
1884,valid,0,0.06349247
9566,valid,0,0.094986446
2648,valid,0,0.114077084
8120,valid,0,0.11116539
10045,valid,0,0.08932009
2563,valid,0,0.15634689
9259,valid,0,0.12431312
10816,valid,0,0.21039355
7659,valid,0,0.16541405
10409,valid,0,0.06571398
5825,valid,0,0.038594704
7829,valid,0,0.083573535
944,valid,0,0.061150834
3375,valid,0,0.15480745
327,valid,0,0.027848838
7660,valid,0,0.027848838
2203,valid,0,0.20072035
1418,valid,0,0.029807368
4235,valid,0,0.19353718
1103,valid,0,0.13140287
5444,valid,0,0.04694849
6375,valid,0,0.02693639
10211,valid,0,0.028563133
10171,valid,0,0.25793812
7519,valid,0,0.23383465
9335,valid,0,0.14922725
2394,valid,0,0.03230612
5830,valid,0,0.19170345
4103,valid,0,0.028563133
10218,valid,0,0.052416373
61,valid,0,0.097574376
6270,valid,0,0.029807368
1435,valid,0,0.21155904
4879,valid,0,0.14619839
6637,valid,0,0.09570192
3646,valid,0,0.16541405
8367,valid,0,0.028563133
5816,valid,0,0.12718748
2641,valid,0,0.029807368
2186,valid,0,0.034566972
49,valid,0,0.030703986
5076,valid,0,0.17213741
5317,valid,0,0.08029346
6006,valid,0,0.17286754
2215,valid,0,0.027848838
1743,valid,0,0.02693639
6449,valid,0,0.02693639
2565,valid,0,0.1770734
2721,valid,0,0.13001102
1539,valid,0,0.02693639
879,valid,0,0.17004384
3906,valid,0,0.15983209
9493,valid,0,0.11961937
2770,valid,0,0.2062601
2935,valid,0,0.1211458
1037,valid,0,0.02693639
2558,valid,0,0.0341455
6226,valid,0,0.17940736
6557,valid,0,0.04627359
7479,valid,0,0.27088115
6227,valid,0,0.21418227
4815,valid,0,0.27074692
6101,valid,0,0.038886115
10935,valid,0,0.02693639
2261,valid,0,0.05941139
4690,valid,0,0.03448978
5071,valid,0,0.02693639
5414,valid,0,0.027848838
6165,valid,0,0.02693639
6515,valid,0,0.04992011
913,valid,0,0.030103114
6353,valid,0,0.18286467
4816,valid,0,0.02693639
4476,valid,0,0.19254173
2649,valid,0,0.05508034
7335,valid,0,0.029687015
7536,valid,0,0.029687015
8861,valid,0,0.18306531
5949,valid,0,0.02693639
6162,valid,0,0.02693639
6326,valid,0,0.04525614
5081,valid,0,0.02693639
10398,valid,0,0.11238923
11049,valid,0,0.02693639
10301,valid,0,0.034482755
2756,valid,0,0.23236991
8252,valid,0,0.29570186
9343,valid,0,0.02693639
9344,valid,0,0.027204448
8458,valid,0,0.071562886
2000,valid,0,0.1608115
6679,valid,0,0.09012235
4242,valid,0,0.02693639
3078,valid,0,0.02693639
4446,valid,0,0.20216863
7242,valid,0,0.02693639
1741,valid,0,0.18475923
8732,valid,0,0.2768557
8626,valid,0,0.18027665
1558,valid,0,0.07618789
6510,valid,0,0.073523104
5085,valid,0,0.059934698
6473,valid,0,0.11449949
704,valid,0,0.18553086
9585,valid,0,0.04627359
11062,valid,0,0.16483545
319,valid,0,0.096007854
7324,valid,0,0.09091155
1750,valid,0,0.02693639
11059,valid,0,0.027204448
7749,valid,0,0.21951324
3643,valid,0,0.02693639
798,valid,0,0.02693639
10718,valid,0,0.20108363
2927,valid,0,0.15684311
4791,valid,0,0.02693639
6517,valid,0,0.106412694
7672,valid,0,0.16918418
1990,valid,0,0.16533744
914,valid,0,0.02693639
7655,valid,0,0.047373652
10598,valid,0,0.029119018
7127,valid,0,0.0765279
2252,valid,0,0.028688285
10822,valid,0,0.02693639
5106,valid,0,0.02693639
9261,valid,0,0.02693639
8240,valid,0,0.02693639
9272,valid,0,0.16577572
1767,valid,0,0.02693639
10053,valid,0,0.22762914
1087,valid,0,0.2024701
4116,valid,0,0.19670032
7121,valid,0,0.11375477
5074,valid,0,0.18805276
9262,valid,0,0.18041083
1254,valid,0,0.02693639
4482,valid,0,0.02693639
4702,valid,0,0.21911992
5320,valid,0,0.38512504
1443,valid,0,0.22542462
6928,valid,0,0.02693639
4778,valid,0,0.14193363
10015,valid,0,0.17765336
7836,valid,0,0.028125715
6264,valid,0,0.028832655
1876,valid,0,0.053151324
7463,valid,0,0.036080718
1737,valid,0,0.02693639
8358,valid,0,0.08384843
9782,valid,0,0.19670032
6551,valid,0,0.054980945
4539,valid,0,0.05096247
9738,valid,0,0.14100638
5100,valid,0,0.19936053
4101,valid,0,0.06594276
2660,valid,0,0.061893843
7594,valid,0,0.02693639
8280,valid,0,0.31360334
531,valid,0,0.124649405
2657,valid,0,0.028832655
2224,valid,0,0.028832655
7190,valid,0,0.06176575
2569,valid,0,0.029687015
1828,valid,0,0.02693639
2448,valid,0,0.22689034
2941,valid,0,0.02693639
11043,valid,0,0.033650793
1248,valid,0,0.074246936
6347,valid,0,0.02693639
9133,valid,0,0.24126562
1107,valid,0,0.02693639
5509,valid,0,0.15125297
2678,valid,0,0.27460423
9761,valid,0,0.27088115
3098,valid,0,0.02693639
7393,valid,0,0.04847196
10844,valid,0,0.053449243
9270,valid,0,0.02693639
7250,valid,0,0.25270736
7739,valid,0,0.027204448
6911,valid,0,0.02693639
7485,valid,0,0.13951498
8793,valid,0,0.030103114
1161,valid,0,0.02693639
4410,valid,0,0.028832655
2582,valid,0,0.07592215
4793,valid,0,0.034782555
5349,valid,0,0.02693639
3945,valid,0,0.18926904
6483,valid,0,0.097872436
1045,valid,0,0.04691644
6344,valid,0,0.17940736
2248,valid,0,0.029807368
4693,valid,0,0.26797536
6370,valid,0,0.21542458
740,valid,0,0.13115838
4403,valid,0,0.04295036
9769,valid,0,0.059934698
791,valid,0,0.02693639
5306,valid,0,0.028832655
9279,valid,0,0.13282348
4696,valid,0,0.2768557
4972,valid,0,0.46276322
5513,valid,0,0.02693639
4797,valid,0,0.02693639
1115,valid,0,0.056247734
1993,valid,0,0.02693639
924,valid,0,0.02693639
10599,valid,0,0.033650793
935,valid,0,0.033650793
10589,valid,0,0.15906306
5512,valid,0,0.054405548
6376,valid,0,0.02693639
8269,valid,0,0.027848838
10946,valid,0,0.02693639
6512,valid,0,0.2923449
8473,valid,0,0.25010082
8389,valid,0,0.02693639
6445,valid,0,0.34727454
7534,valid,0,0.0633301
2775,valid,0,0.08020636
6669,valid,0,0.08434004
10833,valid,0,0.02693639
10241,valid,0,0.13402016
9369,valid,0,0.2837652
10012,valid,0,0.04379905
6380,valid,0,0.2171489
6683,valid,0,0.02693639
382,valid,0,0.04247963
3103,valid,0,0.02693639
490,valid,0,0.02693639
6023,valid,0,0.046696994
5749,valid,0,0.1568849
2386,valid,0,0.13764322
878,valid,0,0.33401784
8465,valid,0,0.02693639
2769,valid,0,0.418231
6914,valid,0,0.034482755
10923,valid,0,0.36576614
6178,valid,0,0.27146396
917,valid,0,0.02693639
3642,valid,0,0.02693639
4526,valid,0,0.042533923
2449,valid,0,0.028832655
9134,valid,0,0.02693639
8394,valid,0,0.028688285
8404,valid,0,0.02693639
9386,valid,0,0.02693639
7824,valid,0,0.15691145
2258,valid,0,0.044227302
2654,valid,0,0.028832655
10804,valid,0,0.04691644
6124,valid,0,0.1358851
9777,valid,0,0.093561515
6513,valid,0,0.1149524
3937,valid,0,0.25386557
885,valid,0,0.028832655
10238,valid,0,0.02693639
1112,valid,0,0.02693639
304,valid,0,0.054405548
7334,valid,0,0.02693639
7592,valid,0,0.07338383
7228,valid,0,0.02693639
3367,valid,0,0.16555421
6938,valid,0,0.085865766
3084,valid,0,0.17022203
10753,valid,0,0.062487442
1038,valid,0,0.027848838
1249,valid,0,0.02693639
10807,valid,0,0.18725869
3041,valid,0,0.228185
8813,valid,0,0.36817938
1036,valid,0,0.033650793
2772,valid,0,0.02693639
9783,valid,0,0.16151915
3628,valid,0,0.02693639
6014,valid,0,0.033650793
1092,valid,0,0.032307133
6339,valid,0,0.18112305
3757,valid,0,0.056247734
1998,valid,0,0.02693639
5352,valid,0,0.02693639
8470,valid,0,0.02693639
7490,valid,0,0.027204448
2675,valid,0,0.02693639
2193,valid,0,0.2281702
10773,valid,0,0.02693639
3684,valid,0,0.056247734
11058,valid,0,0.2923449
7098,valid,0,0.02693639
3926,valid,0,0.22588658
6452,valid,0,0.02693639
6004,valid,0,0.054405548
1117,valid,0,0.02693639
4808,valid,0,0.20261994
6096,valid,0,0.02693639
9389,valid,0,0.02693639
5744,valid,0,0.056247734
938,valid,0,0.056247734
1088,valid,0,0.02693639
4542,valid,0,0.056247734
8807,valid,0,0.029687015
10823,valid,0,0.20545873
8409,valid,0,0.02693639
9569,valid,0,0.02693639
702,valid,0,0.056247734
6214,valid,0,0.02693639
5064,valid,0,0.02693639
4698,valid,0,0.027306845
4105,valid,0,0.2922274
11006,valid,0,0.029687015
10771,valid,0,0.03448978
4469,valid,0,0.02693639
7351,valid,0,0.02693639
8493,valid,0,0.04847196
8811,valid,0,0.02693639
4821,valid,0,0.02693639
4591,valid,0,0.054405548
6506,valid,0,0.16931769
7346,valid,0,0.02693639
8245,valid,0,0.02693639
3564,valid,0,0.027204448
6670,valid,0,0.027848838
9589,valid,0,0.028688285
9139,valid,0,0.02693639
9331,valid,0,0.052924212
1757,valid,0,0.02693639
430,valid,0,0.02693639
9383,valid,0,0.02693639
3936,valid,0,0.02693639
8279,valid,0,0.1712268
423,valid,0,0.02693639
484,valid,0,0.02693639
493,valid,0,0.02693639
2645,valid,0,0.10448607
5492,valid,0,0.04379905
5099,valid,0,0.02693639
1257,valid,0,0.042533923
8239,valid,0,0.02693639
7819,valid,0,0.056247734
931,valid,0,0.027848838
10232,valid,0,0.15955777
6465,valid,0,0.02693639
3927,valid,0,0.02693639
9766,valid,0,0.027848838
6117,valid,0,0.047808886
6331,valid,0,0.02693639
1565,valid,0,0.02693639
4581,valid,0,0.033650793
1568,valid,0,0.027848838
6530,valid,0,0.02693639
3644,valid,0,0.0341455
1742,valid,0,0.13153477
11004,valid,0,0.1452432
4123,valid,0,0.02693639
5083,valid,0,0.26260647
4822,valid,0,0.02693639
11014,valid,0,0.027306845
4588,valid,0,0.027306845
4238,valid,0,0.02693639
6105,valid,0,0.027204448
7661,valid,0,0.1341707
1678,valid,0,0.042067565
2934,valid,0,0.02693639
6351,valid,0,0.02693639
8460,valid,0,0.02693639
4443,valid,0,0.28559142
7283,valid,0,0.055853736
10236,valid,0,0.027848838
6335,valid,0,0.02693639
1540,valid,0,0.02693639
797,valid,0,0.02693639
1417,valid,0,0.042533923
6321,valid,0,0.115998335
1728,valid,0,0.02693639
789,valid,0,0.028688285
10472,valid,0,0.02693639
3574,valid,0,0.033650793
4097,valid,0,0.02693639
806,valid,0,0.02693639
10011,valid,0,0.029807368
8794,valid,0,0.26085332
803,valid,0,0.02693639
5688,valid,0,0.10770864
8494,valid,0,0.056247734
1873,valid,0,0.034908243
4786,valid,0,0.026720973
894,valid,0,0.054953508
10588,valid,0,0.29357773
7588,valid,0,0.02693639
2227,valid,0,0.122251466
5067,valid,0,0.51081234
4806,valid,0,0.026720973
10733,valid,0,0.24219792
6667,valid,0,0.02693639
2283,valid,0,0.31073976
6202,valid,0,0.027306845
9755,valid,0,0.027848838
9568,valid,0,0.033383522
930,valid,0,0.02693639
10337,valid,0,0.05132513
7538,valid,0,0.054405548
6682,valid,0,0.027306845
2659,valid,0,0.027306845
1050,valid,0,0.026720973
8258,valid,0,0.027848838
434,valid,0,0.23955335
10591,valid,0,0.27865303
5073,valid,0,0.026986947
8270,valid,0,0.67441016
8467,valid,0,0.026569098
512,valid,0,0.026569098
4585,valid,0,0.026720973
1251,valid,0,0.026720973
6935,valid,0,0.033383522
4104,valid,0,0.026569098
5089,valid,0,0.026720973
4697,valid,0,0.026720973
1158,valid,0,0.35100487
8912,valid,0,0.02693639
10931,valid,0,0.23614858
1151,valid,0,0.02693639
10219,valid,0,0.026720973
7445,valid,0,0.07972403
927,valid,0,0.026720973
1961,valid,0,0.20570375
6181,valid,0,0.054405548
7331,valid,0,0.027848838
5062,valid,0,0.026569098
6635,valid,0,0.026720973
7240,valid,0,0.026720973
7237,valid,0,0.026720973
928,valid,0,0.11008956
10601,valid,0,0.24139819
903,valid,0,0.026569098
2762,valid,0,0.026720973
4589,valid,0,0.026720973
4809,valid,0,0.05130504
6157,valid,0,0.026720973
3639,valid,0,0.026720973
8867,valid,0,0.4576853
8915,valid,0,0.2590489
8909,valid,0,0.14743629
10741,valid,0,0.026720973
6352,valid,0,0.12710655
5135,valid,0,0.14354837
53,valid,0,0.21374254
4162,valid,0,0.041932207
8276,valid,0,0.02693639
2936,valid,0,0.15961589
4599,valid,0,0.026720973
3026,valid,0,0.29342905
6154,valid,0,0.28138435
4759,valid,0,0.026720973
6520,valid,0,0.1358851
1084,valid,0,0.026720973
6186,valid,0,0.026720973
4770,valid,0,0.4716504
9132,valid,0,0.026720973
3055,valid,0,0.040081285
10345,valid,0,0.07864611
5059,valid,0,0.026720973
7525,valid,0,0.045267012
2673,valid,0,0.026720973
10147,valid,0,0.31068817
4523,valid,0,0.25352436
764,valid,0,0.034153588
4110,valid,0,0.026720973
1891,valid,0,0.026569098
4004,valid,0,0.026569098
10723,valid,0,0.026986947
1882,valid,0,0.027848838
4239,valid,0,0.042533923
3930,valid,0,0.047178905
317,valid,0,0.026720973
10940,valid,0,0.04691644
8386,valid,0,0.3389712
1046,valid,0,0.026720973
2943,valid,0,0.026569098
9330,valid,0,0.026720973
3929,valid,0,0.14561453
906,valid,0,0.026720973
8901,valid,0,0.026986947
3562,valid,0,0.026720973
7099,valid,0,0.026986947
3935,valid,0,0.026720973
5952,valid,0,0.026720973
6909,valid,0,0.28860825
8097,valid,0,0.029569691
6566,valid,0,0.37199715
6487,valid,0,0.026720973
10401,valid,0,0.11323343
10765,valid,0,0.026720973
7360,valid,0,0.29357773
4592,valid,0,0.22351474
5445,valid,0,0.026720973
4796,valid,0,0.026720973
2667,valid,0,0.02693639
2840,valid,0,0.10101538
8275,valid,0,0.07491105
4236,valid,0,0.026720973
9149,valid,0,0.028459279
6179,valid,0,0.026720973
4874,valid,0,0.049619008
5737,valid,0,0.026720973
7333,valid,0,0.22129336
4769,valid,0,0.026720973
1761,valid,0,0.056537908
7540,valid,0,0.029569691
1836,valid,0,0.4894986
2653,valid,0,0.052450296
6525,valid,0,0.026720973
3924,valid,0,0.25336725
9154,valid,0,0.026720973
4114,valid,0,0.027626332
2926,valid,0,0.38835478
6464,valid,0,0.026720973
8913,valid,0,0.026569098
3083,valid,0,0.08487489
2469,valid,0,0.06333737
4795,valid,0,0.026720973
3629,valid,0,0.026720973
1252,valid,0,0.34132966
9260,valid,0,0.026720973
5434,valid,0,0.026720973
3436,valid,0,0.060699277
4555,valid,0,0.27865335
10036,valid,0,0.06333737
2720,valid,0,0.049619008
9131,valid,0,0.49819055
9361,valid,0,0.044222746
6690,valid,0,0.028688285
9263,valid,0,0.026720973
10938,valid,0,0.026720973
1105,valid,0,0.026720973
11057,valid,0,0.026720973
7487,valid,0,0.026720973
4451,valid,0,0.17974086
4977,valid,0,0.039674234
2705,valid,0,0.18649845
2253,valid,0,0.06333737
3085,valid,0,0.026720973
9137,valid,0,0.026720973
8613,valid,0,0.06333737
10592,valid,0,0.027626332
6527,valid,0,0.07646679
315,valid,0,0.026986947
10757,valid,0,0.026720973
1270,valid,0,0.026720973
421,valid,0,0.030177763
2949,valid,0,0.026720973
4701,valid,0,0.026720973
4785,valid,0,0.040081285
7330,valid,0,0.026720973
10850,valid,0,0.026569098
10585,valid,0,0.026720973
6442,valid,0,0.060699277
10736,valid,0,0.38671637
4829,valid,0,0.040081285
8664,valid,0,0.028602522
3640,valid,0,0.026720973
7743,valid,0,0.026720973
10463,valid,0,0.026720973
4540,valid,0,0.028886668
7827,valid,0,0.069707304
8503,valid,0,0.06508291
3928,valid,0,0.026720973
6455,valid,0,0.3178889
9339,valid,0,0.026720973
10465,valid,0,0.27221346
8897,valid,0,0.026720973
2387,valid,0,0.1168163
10317,valid,0,0.28549838
4828,valid,0,0.026720973
1734,valid,0,0.026569098
9268,valid,0,0.026720973
1749,valid,0,0.1991843
7728,valid,0,0.35811013
757,valid,0,0.06333737
787,valid,0,0.026720973
3024,valid,0,0.026720973
6169,valid,0,0.040081285
8388,valid,0,0.034216084
4988,valid,0,0.06899059
7182,valid,0,0.054373946
1951,valid,0,0.19168434
4766,valid,0,0.026720973
9146,valid,0,0.026720973
10237,valid,0,0.026720973
7094,valid,0,0.026569098
7348,valid,0,0.026720973
8827,valid,0,0.026720973
4527,valid,0,0.15101138
2717,valid,0,0.06333737
1132,valid,0,0.026720973
1143,valid,0,0.026720973
7736,valid,0,0.026720973
4445,valid,0,0.06333737
4008,valid,0,0.026720973
9765,valid,0,0.040081285
1265,valid,0,0.2945825
5354,valid,0,0.026720973
4024,valid,0,0.026720973
2682,valid,0,0.026720973
424,valid,0,0.026720973
10220,valid,0,0.026720973
300,valid,0,0.026720973
2260,valid,0,0.026569098
4695,valid,0,0.026569098
1101,valid,0,0.026986947
5751,valid,0,0.026720973
2832,valid,0,0.1363109
486,valid,0,0.37195906
929,valid,0,0.026720973
7590,valid,0,0.026720973
3698,valid,0,0.09718334
8267,valid,0,0.026720973
6213,valid,0,0.026720973
5096,valid,0,0.027626332
2763,valid,0,0.026720973
1831,valid,0,0.25398147
6921,valid,0,0.026720973
296,valid,0,0.17108068
6185,valid,0,0.026720973
5065,valid,0,0.026720973
6330,valid,0,0.45304096
7070,valid,0,0.16753148
10314,valid,0,0.20248094
1752,valid,0,0.368982
7810,valid,0,0.06333737
899,valid,0,0.026720973
9377,valid,0,0.026720973
3633,valid,0,0.044222746
6379,valid,0,0.027626332
6930,valid,0,0.026720973
6561,valid,0,0.026720973
2931,valid,0,0.24730983
9138,valid,0,0.026720973
10745,valid,0,0.027626332
1100,valid,0,0.026720973
11053,valid,0,0.026720973
6109,valid,0,0.026720973
5526,valid,0,0.026720973
1886,valid,0,0.045267012
2002,valid,0,0.033383522
4006,valid,0,0.026720973
8505,valid,0,0.23726042
7347,valid,0,0.16951656
6206,valid,0,0.026720973
6378,valid,0,0.026720973
1127,valid,0,0.041932207
10809,valid,0,0.3360951
1730,valid,0,0.026720973
9737,valid,0,0.40334842
755,valid,0,0.3152471
4593,valid,0,0.026720973
10852,valid,0,0.026720973
306,valid,0,0.026720973
6221,valid,0,0.026720973
1109,valid,0,0.026720973
309,valid,0,0.026720973
4536,valid,0,0.033383522
8405,valid,0,0.026720973
3654,valid,0,0.026720973
481,valid,0,0.026720973
7235,valid,0,0.2935471
483,valid,0,0.026720973
1139,valid,0,0.54818094
1988,valid,0,0.026720973
10941,valid,0,0.026720973
9391,valid,0,0.028459279
10738,valid,0,0.040081285
2664,valid,0,0.040081285
5673,valid,0,0.028886668
10405,valid,0,0.28855845
7596,valid,0,0.026720973
4682,valid,0,0.3500515
6151,valid,0,0.11940258
6022,valid,0,0.16786648
9781,valid,0,0.026720973
2567,valid,0,0.026720973
5101,valid,0,0.026720973
7073,valid,0,0.056881826
8121,valid,0,0.041932207
6320,valid,0,0.026720973
10197,valid,0,0.24139819
1439,valid,0,0.17236286
7195,valid,0,0.03381944
4885,valid,0,0.2146211
7388,valid,0,0.028886668
7354,valid,0,0.026720973
4761,valid,0,0.035333235
6003,valid,0,0.269808
4112,valid,0,0.028459279
4982,valid,0,0.028459279
3573,valid,0,0.026720973
3653,valid,0,0.21355562
1835,valid,0,0.10960361
7483,valid,0,0.6218116
7589,valid,0,0.027626332
4771,valid,0,0.52792096
2389,valid,0,0.098334685
495,valid,0,0.44208795
4974,valid,0,0.45127314
6508,valid,0,0.35260436
8236,valid,0,0.24853972
5437,valid,0,0.02668065
6563,valid,0,0.026720973
10462,valid,0,0.033383522
10845,valid,0,0.026986947
1149,valid,0,0.026569098
10315,valid,0,0.45304096
4987,valid,0,0.2702986
4683,valid,0,0.026720973
7081,valid,0,0.3944941
8906,valid,0,0.02668065
9351,valid,0,0.28099462
8272,valid,0,0.17705426
10761,valid,0,0.02668065
1992,valid,0,0.02668065
9150,valid,0,0.044222746
3038,valid,0,0.026720973
9362,valid,0,0.042922143
8243,valid,0,0.17508581
4029,valid,0,0.26131248
10729,valid,0,0.4500755
801,valid,0,0.033383522
7584,valid,0,0.026720973
6336,valid,0,0.04891163
7046,valid,0,0.046976767
9434,valid,0,0.045267012
1106,valid,0,0.02668065
3034,valid,0,0.03333349
1691,valid,0,0.27502763
2848,valid,0,0.45309773
5955,valid,0,0.21065609
2644,valid,0,0.527238
3948,valid,0,0.02668065
8833,valid,0,0.31866014
1755,valid,0,0.50844145
9778,valid,0,0.5804218
2835,valid,0,0.13576011
8512,valid,0,0.04667889
4681,valid,0,0.03665712
1104,valid,0,0.06771031
1554,valid,0,0.41351098
8264,valid,0,0.29002383
425,valid,0,0.19416235
5061,valid,0,0.02668065
5435,valid,0,0.3607435
8401,valid,0,0.23840928
1160,valid,0,0.03333349
5827,valid,0,0.02668065
10926,valid,0,0.02668065
5750,valid,0,0.02668065
3446,valid,0,0.30845636
900,valid,0,0.2331565
6536,valid,0,0.02668065
3685,valid,0,0.04667889
7042,valid,0,0.14515835
6156,valid,0,0.02668065
923,valid,0,0.02668065
4811,valid,0,0.094574854
5310,valid,0,0.13798827
7571,valid,0,0.37337264
2771,valid,0,0.02758468
9253,valid,0,0.06771031
7122,valid,0,0.073421456
8406,valid,0,0.02758468
1727,valid,0,0.03100712
4442,valid,0,0.3016993
10146,valid,0,0.27001333
5348,valid,0,0.027399214
5490,valid,0,0.073421456
701,valid,0,0.073421456
10759,valid,0,0.03100712
11048,valid,0,0.02668065
891,valid,0,0.06771031
2001,valid,0,0.02668065
3075,valid,0,0.07284493
9246,valid,0,0.03429668
6175,valid,0,0.02668065
3057,valid,0,0.06771031
2089,valid,0,0.065210454
2391,valid,0,0.12214307
9518,valid,0,0.03429668
6098,valid,0,0.027671747
295,valid,0,0.041296937
5532,valid,0,0.065210454
7517,valid,0,0.058765937
4152,valid,0,0.065210454
7238,valid,0,0.12158187
1137,valid,0,0.12158187
4098,valid,0,0.033508237
7585,valid,0,0.41420096
6638,valid,0,0.052015975
7475,valid,0,0.38506165
5679,valid,0,0.073421456
7489,valid,0,0.026946235
8471,valid,0,0.02668065
10309,valid,0,0.02668065
9384,valid,0,0.28768206
8819,valid,0,0.31134263
10312,valid,0,0.03100712
5522,valid,0,0.027399214
4706,valid,0,0.027399214
8900,valid,0,0.03100712
1768,valid,0,0.030831654
4020,valid,0,0.39268258
759,valid,0,0.052842364
921,valid,0,0.048460763
6458,valid,0,0.027399214
1089,valid,0,0.24605004
9579,valid,0,0.042922143
5347,valid,0,0.03205292
4015,valid,0,0.04664707
10848,valid,0,0.03100712
4444,valid,0,0.17005385
8802,valid,0,0.027859006
1753,valid,0,0.29982808
6377,valid,0,0.5490222
2188,valid,0,0.14551501
8480,valid,0,0.073421456
1833,valid,0,0.02860837
10158,valid,0,0.067514084
4108,valid,0,0.041296937
10815,valid,0,0.027399214
3688,valid,0,0.065210454
7731,valid,0,0.48329008
3368,valid,0,0.37116474
2937,valid,0,0.13501711
4402,valid,0,0.22245811
6531,valid,0,0.4030701
3067,valid,0,0.05043593
7025,valid,0,0.041296937
6694,valid,0,0.034795173
1739,valid,0,0.042922143
10749,valid,0,0.02668065
8508,valid,0,0.052842364
8683,valid,0,0.35048366
3909,valid,0,0.14455456
5820,valid,0,0.052015975
3947,valid,0,0.20569025
2868,valid,0,0.065210454
7732,valid,0,0.23555502
10595,valid,0,0.027399214
9762,valid,0,0.47882548
10224,valid,0,0.03100712
8103,valid,0,0.065210454
4436,valid,0,0.16664909
8670,valid,0,0.065210454
4790,valid,0,0.027399214
4819,valid,0,0.02668065
2652,valid,0,0.06771031
3950,valid,0,0.2975944
8825,valid,0,0.02693639
7835,valid,0,0.38224918
8403,valid,0,0.02668065
3650,valid,0,0.02668065
7029,valid,0,0.0339223
3908,valid,0,0.042922143
6097,valid,0,0.23055233
10744,valid,0,0.02668065
2932,valid,0,0.02668065
3070,valid,0,0.06771031
2650,valid,0,0.073421456
6685,valid,0,0.027399214
9382,valid,0,0.39897507
6919,valid,0,0.16882083
1442,valid,0,0.06324793
7548,valid,0,0.065210454
10846,valid,0,0.39666992
3035,valid,0,0.21123205
2577,valid,0,0.065210454
9258,valid,0,0.04664707
7184,valid,0,0.065210454
10803,valid,0,0.041296937
10842,valid,0,0.09032166
3901,valid,0,0.09032166
10838,valid,0,0.03205292
8795,valid,0,0.34996828
4016,valid,0,0.4172928
2839,valid,0,0.065210454
9277,valid,0,0.03100712
2578,valid,0,0.073421456
7822,valid,0,0.052015975
6543,valid,0,0.02668065
2672,valid,0,0.052842364
1049,valid,0,0.027399214
10943,valid,0,0.13904868
2707,valid,0,0.041296937
8622,valid,0,0.038886428
8363,valid,0,0.4545879
7188,valid,0,0.065210454
2249,valid,0,0.04664707
3094,valid,0,0.03100712
5082,valid,0,0.33000806
5058,valid,0,0.042922143
1772,valid,0,0.042922143
9388,valid,0,0.03100712
5137,valid,0,0.053098504
7730,valid,0,0.03100712
2472,valid,0,0.065210454
3444,valid,0,0.027399214
2677,valid,0,0.02668065
2580,valid,0,0.22517441
8123,valid,0,0.065210454
7572,valid,0,0.28311396
5525,valid,0,0.027671747
1839,valid,0,0.42218605
9364,valid,0,0.073421456
2841,valid,0,0.16378702
5743,valid,0,0.3710822
5937,valid,0,0.079627134
7591,valid,0,0.027399214
756,valid,0,0.065210454
1125,valid,0,0.13082352
889,valid,0,0.41005763
6345,valid,0,0.02668065
6537,valid,0,0.26794368
2651,valid,0,0.08193297
1966,valid,0,0.06771031
7669,valid,0,0.073421456
754,valid,0,0.065210454
7357,valid,0,0.042922143
1954,valid,0,0.052015975
7340,valid,0,0.02832688
7587,valid,0,0.05508101
6666,valid,0,0.041296937
1153,valid,0,0.04664707
6503,valid,0,0.06324793
4678,valid,0,0.26154298
7481,valid,0,0.3379538
6383,valid,0,0.027399214
9772,valid,0,0.027399214
1124,valid,0,0.027399214
1035,valid,0,0.2929596
432,valid,0,0.02724359
5529,valid,0,0.35596552
10835,valid,0,0.46275178
10300,valid,0,0.25621578
5954,valid,0,0.41516525
5499,valid,0,0.061893843
8902,valid,0,0.11393823
3066,valid,0,0.059934698
7832,valid,0,0.14446303
5496,valid,0,0.048377234
2464,valid,0,0.14162761
6499,valid,0,0.20710927
7028,valid,0,0.09448727
2473,valid,0,0.028688285
8260,valid,0,0.054405548
11005,valid,0,0.054405548
788,valid,0,0.042533923
4415,valid,0,0.07565777
8107,valid,0,0.062186465
795,valid,0,0.03779487
7386,valid,0,0.10940978
11011,valid,0,0.10229948
3106,valid,0,0.13851933
10170,valid,0,0.037297197
5129,valid,0,0.08481317
4475,valid,0,0.03779487
10999,valid,0,0.058745064
308,valid,0,0.028688285
712,valid,0,0.028688285
6200,valid,0,0.028688285
1140,valid,0,0.028688285
7741,valid,0,0.099623255
3888,valid,0,0.042533923
9433,valid,0,0.069260284
7071,valid,0,0.042533923
1448,valid,0,0.050725188
2564,valid,0,0.09284684
10772,valid,0,0.072884195
3365,valid,0,0.066785246
6017,valid,0,0.068033755
9528,valid,0,0.13398774
2211,valid,0,0.08322235
893,valid,0,0.042533923
5457,valid,0,0.041158073
6466,valid,0,0.042533923
10200,valid,0,0.042533923
6266,valid,0,0.06615332
1128,valid,0,0.042533923
4691,valid,0,0.042533923
10043,valid,0,0.07154016
6160,valid,0,0.21109067
8257,valid,0,0.10057698
10478,valid,0,0.20573424
805,valid,0,0.10836703
8479,valid,0,0.04691644
1048,valid,0,0.21161987
426,valid,0,0.13660336
3017,valid,0,0.14197457
4775,valid,0,0.09575863
8801,valid,0,0.059934698
6907,valid,0,0.07665406
7047,valid,0,0.12664543
7658,valid,0,0.04691644
10214,valid,0,0.12675183
8487,valid,0,0.055996798
8355,valid,0,0.047310583
5427,valid,0,0.047310583
384,valid,0,0.13927509
4094,valid,0,0.07974952
381,valid,0,0.047310583
7389,valid,0,0.06111831
8244,valid,0,0.054405548
9512,valid,0,0.054405548
1889,valid,0,0.07749949
5828,valid,0,0.11709112
4027,valid,0,0.05953832
2088,valid,0,0.027848838
2078,valid,0,0.028420076
7186,valid,0,0.056076985
7189,valid,0,0.06499206
902,valid,0,0.061893843
5819,valid,0,0.027848838
5507,valid,0,0.24714077
11003,valid,0,0.18767169
10005,valid,0,0.027848838
4553,valid,0,0.27887574
513,valid,0,0.06615332
1887,valid,0,0.056247734
8864,valid,0,0.11613116
9571,valid,0,0.24469756
6348,valid,0,0.028832655
8854,valid,0,0.029807368
10764,valid,0,0.106195964
767,valid,0,0.054143906
2003,valid,0,0.02693639
1547,valid,0,0.15242474
10826,valid,0,0.02693639
2451,valid,0,0.027848838
5070,valid,0,0.02693639
796,valid,0,0.033650793
3447,valid,0,0.02693639
4107,valid,0,0.02693639
5515,valid,0,0.02952901
6355,valid,0,0.02693639
2704,valid,0,0.029807368
8398,valid,0,0.16826403
6099,valid,0,0.02693639
1268,valid,0,0.02952901
7290,valid,0,0.1763927
9249,valid,0,0.13846213
8673,valid,0,0.029807368
4011,valid,0,0.25277326
4779,valid,0,0.10114791
520,valid,0,0.04691644
5430,valid,0,0.028563133
6196,valid,0,0.02693639
1991,valid,0,0.074246936
6459,valid,0,0.02693639
1456,valid,0,0.061893843
3651,valid,0,0.058560904
7828,valid,0,0.04691644
9485,valid,0,0.04379905
1735,valid,0,0.13438208
6500,valid,0,0.18586828
4979,valid,0,0.047347676
10817,valid,0,0.02693639
9328,valid,0,0.027306845
2470,valid,0,0.026684107
8746,valid,0,0.0341455
1890,valid,0,0.04379905
9745,valid,0,0.12749957
1042,valid,0,0.033650793
8809,valid,0,0.03564872
302,valid,0,0.04691644
8658,valid,0,0.06612572
9551,valid,0,0.043395884
5671,valid,0,0.04379905
8869,valid,0,0.11613116
6322,valid,0,0.09783137
9347,valid,0,0.14540401
6470,valid,0,0.19468942
7230,valid,0,0.028563133
3366,valid,0,0.02758825
2200,valid,0,0.19799335
6324,valid,0,0.027848838
8858,valid,0,0.19255874
1762,valid,0,0.14520684
8475,valid,0,0.2045701
2467,valid,0,0.029807368
5824,valid,0,0.02952901
322,valid,0,0.18509556
5132,valid,0,0.028563133
8621,valid,0,0.028832655
8108,valid,0,0.02758825
7521,valid,0,0.20590231
8606,valid,0,0.059934698
1162,valid,0,0.059934698
3370,valid,0,0.11969334
4422,valid,0,0.045826476
6349,valid,0,0.21279028
3114,valid,0,0.027848838
1877,valid,0,0.028832655
9780,valid,0,0.04992011
9746,valid,0,0.057414263
809,valid,0,0.046485964
5536,valid,0,0.04379905
9514,valid,0,0.15634689
4973,valid,0,0.04847196
4398,valid,0,0.07018034
10768,valid,0,0.02693639
2925,valid,0,0.02693639
10037,valid,0,0.027306845
10722,valid,0,0.027306845
10306,valid,0,0.02693639
10155,valid,0,0.1989393
3374,valid,0,0.19741213
9143,valid,0,0.02693639
5448,valid,0,0.02758825
1085,valid,0,0.14274758
9564,valid,0,0.058560904
6340,valid,0,0.02693639
6112,valid,0,0.08599907
2212,valid,0,0.06615332
7344,valid,0,0.02693639
9588,valid,0,0.02693639
881,valid,0,0.02693639
3082,valid,0,0.02693639
10234,valid,0,0.027848838
6565,valid,0,0.02693639
1745,valid,0,0.11807342
9266,valid,0,0.02693639
3113,valid,0,0.02693639
9375,valid,0,0.02693639
8617,valid,0,0.029687015
3563,valid,0,0.02693639
6002,valid,0,0.21513435
6937,valid,0,0.02693639
9486,valid,0,0.047310583
2553,valid,0,0.13284671
4400,valid,0,0.18857343
4468,valid,0,0.02693639
6492,valid,0,0.15180755
10841,valid,0,0.07666613
6089,valid,0,0.02693639
2581,valid,0,0.02693639
6920,valid,0,0.21305881
2561,valid,0,0.027848838
6325,valid,0,0.04691644
1875,valid,0,0.029807368
2191,valid,0,0.069837354
10205,valid,0,0.04691644
3042,valid,0,0.02693639
8273,valid,0,0.033650793
3631,valid,0,0.02693639
6934,valid,0,0.052416373
4826,valid,0,0.02693639
7580,valid,0,0.11758713
898,valid,0,0.033650793
6915,valid,0,0.19204155
3912,valid,0,0.033828042
301,valid,0,0.02693639
8098,valid,0,0.1698301
4014,valid,0,0.02693639
1253,valid,0,0.02693639
8832,valid,0,0.02693639
10240,valid,0,0.22229917
6211,valid,0,0.16393936
10009,valid,0,0.061550453
6495,valid,0,0.09923102
8736,valid,0,0.077834606
10853,valid,0,0.02693639
5440,valid,0,0.2384227
1040,valid,0,0.22196463
525,valid,0,0.09287427
8241,valid,0,0.02693639
2714,valid,0,0.061066225
3566,valid,0,0.13785909
3054,valid,0,0.08321593
3053,valid,0,0.028688285
9573,valid,0,0.02693639
8368,valid,0,0.24917151
10239,valid,0,0.045826476
8680,valid,0,0.21892342
3933,valid,0,0.02693639
6329,valid,0,0.02693639
9336,valid,0,0.02693639
5350,valid,0,0.02693639
4975,valid,0,0.054405548
1129,valid,0,0.15242474
10933,valid,0,0.02693639
9374,valid,0,0.033650793
1783,valid,0,0.054476377
7124,valid,0,0.042533923
9770,valid,0,0.027848838
2074,valid,0,0.11744209
373,valid,0,0.04691644
7078,valid,0,0.02693639
1723,valid,0,0.08741283
4813,valid,0,0.02693639
8614,valid,0,0.21279028
4802,valid,0,0.06254094
4890,valid,0,0.06978493
6193,valid,0,0.2145026
5739,valid,0,0.216867
4580,valid,0,0.02693639
1960,valid,0,0.116254285
9771,valid,0,0.19163562
6094,valid,1,0.3611925
1778,valid,0,0.2770878
4787,valid,0,0.02693639
10818,valid,0,0.02693639
3749,valid,0,0.33696032
2757,valid,0,0.02693639
8507,valid,0,0.1567072
8496,valid,0,0.08195636
807,valid,0,0.02693639
7345,valid,0,0.02693639
7546,valid,0,0.027848838
6538,valid,0,0.02693639
7284,valid,0,0.19553746
1999,valid,0,0.04691644
4544,valid,0,0.12782685
9255,valid,0,0.1525563
1451,valid,0,0.027848838
2083,valid,0,0.13583978
10461,valid,0,0.02693639
11009,valid,0,0.02693639
3949,valid,0,0.17799193
10049,valid,0,0.10094949
4768,valid,0,0.02693639
8821,valid,0,0.17638768
5458,valid,0,0.047310583
10726,valid,0,0.030703986
2837,valid,0,0.041541353
1764,valid,0,0.02693639
1118,valid,0,0.06640539
11056,valid,0,0.027306845
6484,valid,0,0.02693639
10779,valid,0,0.02693639
5953,valid,0,0.02693639
6553,valid,0,0.228185
4125,valid,0,0.21758716
9337,valid,0,0.16224213
6560,valid,0,0.071402065
485,valid,0,0.16879092
10763,valid,0,0.02693639
7474,valid,0,0.02693639
9393,valid,0,0.13540073
3020,valid,0,0.02693639
3751,valid,0,0.028832655
5958,valid,0,0.02693639
4113,valid,0,0.02693639
4237,valid,0,0.071402065
4597,valid,0,0.02693639
1771,valid,0,0.16695054
3110,valid,0,0.02693639
9757,valid,0,0.033650793
5514,valid,0,0.13831379
6905,valid,0,0.02693639
6673,valid,0,0.02693639
10396,valid,0,0.075322434
10728,valid,0,0.27474737
4801,valid,0,0.2602222
3503,valid,0,0.13604662
1098,valid,0,0.02693639
940,valid,0,0.1083367
5056,valid,0,0.02693639
8826,valid,0,0.02693639
2851,valid,0,0.04397627
785,valid,0,0.02693639
1091,valid,0,0.02693639
1150,valid,0,0.02693639
1164,valid,0,0.26304674
11008,valid,0,0.059213955
4676,valid,0,0.02693639
8263,valid,0,0.02693639
3033,valid,0,0.02693639
10600,valid,0,0.033650793
10719,valid,0,0.21474954
2842,valid,0,0.30974752
1963,valid,0,0.1568849
5060,valid,0,0.3991765
10162,valid,0,0.0341455
6346,valid,0,0.15099977
11050,valid,0,0.02693639
6555,valid,0,0.033650793
7337,valid,0,0.02693639
1829,valid,0,0.02693639
7820,valid,0,0.028688285
3099,valid,0,0.028688285
1266,valid,0,0.02693639
7327,valid,0,0.1568849
1834,valid,0,0.02693639
2465,valid,0,0.034482755
10734,valid,0,0.02693639
8823,valid,0,0.02693639
10594,valid,0,0.02693639
10782,valid,0,0.21998332
9380,valid,0,0.02693639
2766,valid,0,0.16051178
6486,valid,0,0.26121724
3944,valid,0,0.02693639
1827,valid,0,0.02693639
8637,valid,0,0.37493855
8903,valid,0,0.02693639
6477,valid,0,0.02693639
1269,valid,0,0.02693639
489,valid,0,0.1896553
1263,valid,0,0.13848364
5351,valid,0,0.02693639
2872,valid,0,0.028832655
8247,valid,0,0.02693639
6511,valid,0,0.035293292
6539,valid,0,0.027306845
700,valid,0,0.07615284
9593,valid,0,0.31505895
4404,valid,0,0.028832655
10762,valid,0,0.02693639
945,valid,0,0.045826476
6222,valid,0,0.02693639
3441,valid,0,0.059934698
2663,valid,0,0.028832655
10145,valid,0,0.028832655
431,valid,0,0.22054791
6205,valid,0,0.051332526
918,valid,0,0.04691644
5672,valid,0,0.04525614
10242,valid,0,0.02693639
7581,valid,0,0.02693639
1157,valid,0,0.06978493
7035,valid,0,0.107756555
9575,valid,0,0.02693639
8490,valid,0,0.103624806
6000,valid,0,0.27625486
4120,valid,0,0.02693639
1121,valid,0,0.14352663
5736,valid,0,0.02693639
8266,valid,0,0.16127501
1428,valid,0,0.061893843
4704,valid,0,0.061893843
10769,valid,0,0.027306845
4818,valid,0,0.042533923
6158,valid,0,0.18475923
1152,valid,0,0.02693639
2075,valid,0,0.029687015
6150,valid,0,0.24538374
314,valid,0,0.15069148
6446,valid,0,0.34783113
4679,valid,0,0.1963376
8390,valid,0,0.300402
7318,valid,0,0.02693639
1537,valid,0,0.027848838
4018,valid,0,0.02693639
8262,valid,0,0.02693639
7102,valid,0,0.02693639
3049,valid,0,0.27769873
1264,valid,0,0.02693639
2666,valid,0,0.02693639
10475,valid,0,0.21900934
2938,valid,0,0.02693639
6490,valid,0,0.02693639
3918,valid,0,0.029119018
1126,valid,0,0.10717429
4783,valid,0,0.02693639
8830,valid,0,0.059934698
6535,valid,0,0.02693639
4700,valid,0,0.02693639
9264,valid,0,0.027204448
1845,valid,0,0.02693639
9275,valid,0,0.02693639
6904,valid,0,0.02693639
2455,valid,0,0.16121355
9155,valid,0,0.02693639
4788,valid,0,0.02693639
9267,valid,0,0.19670032
4794,valid,0,0.21542458
6192,valid,0,0.02693639
10165,valid,0,0.042533923
6548,valid,0,0.02693639
7187,valid,0,0.29543853
8246,valid,0,0.02693639
10836,valid,0,0.02693639
6201,valid,0,0.02693639
8489,valid,0,0.087712474
5518,valid,0,0.027204448
8679,valid,0,0.02693639
10766,valid,0,0.054405548
323,valid,0,0.054405548
1751,valid,0,0.02693639
6104,valid,0,0.02693639
5079,valid,0,0.31521982
9768,valid,0,0.02693639
1271,valid,0,0.048943557
6552,valid,0,0.09895854
3632,valid,0,0.12096001
4692,valid,0,0.02693639
6182,valid,0,0.1994983
9352,valid,0,0.123119235
4474,valid,0,0.37511057
522,valid,0,0.10431101
4798,valid,0,0.02693639
1148,valid,0,0.02693639
4247,valid,0,0.02693639
7573,valid,0,0.02693639
6534,valid,0,0.02693639
793,valid,0,0.02693639
10740,valid,0,0.02693639
6692,valid,0,0.17022203
4124,valid,0,0.02693639
7132,valid,0,0.07547461
7356,valid,0,0.07547461
3100,valid,0,0.027848838
7748,valid,0,0.02693639
7087,valid,0,0.027204448
10217,valid,0,0.02693639
10831,valid,0,0.02693639
1997,valid,0,0.033650793
5345,valid,0,0.04379905
5353,valid,0,0.02693639
5740,valid,0,0.02693639
7342,valid,0,0.02693639
1996,valid,0,0.08872251
56,valid,0,0.24208283
6341,valid,0,0.02693639
5950,valid,0,0.39374617
10346,valid,0,0.046096187
427,valid,0,0.02693639
4406,valid,0,0.1721797
5077,valid,0,0.02693639
4472,valid,0,0.17066965
7079,valid,0,0.027306845
330,valid,0,0.0341455
6204,valid,0,0.17488208
6188,valid,0,0.02693639
9584,valid,0,0.13884805
2929,valid,0,0.02693639
6333,valid,0,0.02693639
7583,valid,0,0.028688285
3093,valid,0,0.20272978
3686,valid,0,0.13002995
8253,valid,0,0.39869118
9496,valid,0,0.086689435
4233,valid,0,0.02693639
1250,valid,0,0.02693639
6381,valid,0,0.20403653
3112,valid,0,0.02693639
5357,valid,0,0.14193363
487,valid,0,0.02693639
5521,valid,0,0.02693639
911,valid,0,0.3666114
10942,valid,0,0.07618789
1541,valid,0,0.04738261
9153,valid,0,0.027204448
1847,valid,0,0.02693639
8396,valid,0,0.02693639
905,valid,0,0.23926058
3570,valid,0,0.033650793
5746,valid,0,0.02693639
6939,valid,0,0.02693639
10927,valid,0,0.02693639
10473,valid,0,0.02693639
1758,valid,0,0.21107107
8249,valid,0,0.032307133
2471,valid,0,0.038886115
8477,valid,0,0.12093535
10477,valid,0,0.02693639
2466,valid,0,0.18539374
1682,valid,0,0.047808886
9348,valid,0,0.02693639
1534,valid,0,0.21793018
429,valid,0,0.027204448
8491,valid,0,0.0341455
5429,valid,0,0.2045814
3039,valid,0,0.02693639
7735,valid,0,0.228185
8393,valid,0,0.02693639
7811,valid,0,0.02693639
3560,valid,0,0.02693639
9586,valid,0,0.02693639
7095,valid,0,0.02693639
8862,valid,0,0.07316731
9429,valid,0,0.054405548
4577,valid,0,0.054405548
7537,valid,0,0.15742421
3438,valid,0,0.02693639
1145,valid,0,0.02693639
8798,valid,0,0.030103114
4804,valid,0,0.02693639
7239,valid,0,0.040959995
9329,valid,0,0.106781885
10739,valid,0,0.027306845
9760,valid,0,0.02693639
1052,valid,0,0.08068509
4784,valid,0,0.02693639
6684,valid,0,0.028832655
9359,valid,0,0.028832655
4122,valid,0,0.02693639
2761,valid,0,0.02693639
7350,valid,0,0.02693639
10206,valid,0,0.028688285
1044,valid,0,0.03998978
385,valid,0,0.2092252
2397,valid,0,0.14581564
3028,valid,0,0.032307133
1086,valid,0,0.02693639
4529,valid,0,0.19292757
1057,valid,0,0.02693639
8790,valid,0,0.16150293
9759,valid,0,0.07618789
8817,valid,0,0.05096247
2843,valid,0,0.078344524
4602,valid,0,0.24873866
3630,valid,0,0.02693639
10460,valid,0,0.02693639
9392,valid,0,0.02693639
6451,valid,0,0.02693639
9494,valid,0,0.028973263
8815,valid,0,0.02693639
1550,valid,0,0.02693639
4762,valid,0,0.02693639
8486,valid,0,0.029119018
7733,valid,0,0.19806118
6103,valid,0,0.02693639
8678,valid,0,0.11615142
6518,valid,0,0.11304656
7248,valid,0,0.24574806
800,valid,0,0.02693639
4245,valid,0,0.02693639
6342,valid,0,0.02693639
6668,valid,0,0.02693639
5680,valid,0,0.027848838
3889,valid,0,0.02693639
4699,valid,0,0.02693639
8122,valid,0,0.035293292
3080,valid,0,0.24576643
2658,valid,0,0.032080594
10302,valid,0,0.02693639
5745,valid,0,0.02693639
6542,valid,0,0.24460597
10721,valid,0,0.02693639
7359,valid,0,0.02693639
6476,valid,0,0.02693639
7361,valid,0,0.033650793
937,valid,0,0.054405548
5944,valid,0,0.119687915
8365,valid,0,0.2330648
10231,valid,0,0.2010417
6090,valid,0,0.02693639
9775,valid,0,0.103356004
1766,valid,0,0.02693639
7129,valid,0,0.04295036
741,valid,0,0.027306845
907,valid,0,0.027306845
7471,valid,0,0.07359469
418,valid,0,0.25326052
10806,valid,0,0.17810535
1746,valid,0,0.02693639
8904,valid,0,0.20287652
4552,valid,0,0.028832655
5086,valid,0,0.02693639
4480,valid,0,0.02693639
6111,valid,0,0.12768361
3087,valid,0,0.16356309
9582,valid,0,0.027306845
1449,valid,0,0.16259472
3765,valid,0,0.028832655
9135,valid,0,0.02693639
10939,valid,0,0.02693639
2942,valid,0,0.054405548
5355,valid,0,0.02693639
1780,valid,0,0.02693639
8831,valid,0,0.228185
6569,valid,0,0.02693639
1538,valid,0,0.15819833
9152,valid,0,0.11637056
3044,valid,0,0.2706808
6183,valid,0,0.02693639
2669,valid,0,0.02693639
4007,valid,0,0.02693639
11007,valid,0,0.20272978
5302,valid,0,0.06168743
7579,valid,0,0.02693639
1545,valid,0,0.033650793
8277,valid,0,0.02693639
9773,valid,0,0.027306845
6166,valid,0,0.02693639
5945,valid,0,0.042533923
1099,valid,0,0.02693639
7291,valid,0,0.045773774
5063,valid,0,0.22166353
9442,valid,0,0.058560904
10474,valid,0,0.17079009
6374,valid,0,0.02693639
6108,valid,0,0.02693639
10750,valid,0,0.02693639
419,valid,0,0.02693639
7319,valid,0,0.02693639
3923,valid,0,0.028832655
1047,valid,0,0.027204448
4030,valid,0,0.02693639
10742,valid,0,0.042533923
6689,valid,0,0.033650793
4810,valid,0,0.02693639
9438,valid,0,0.029119018
2680,valid,0,0.02693639
5438,valid,0,0.02693639
8917,valid,0,0.02693639
1116,valid,0,0.0650575
10936,valid,0,0.02693639
2882,valid,0,0.034482755
3076,valid,0,0.04569795
8242,valid,0,0.05156985
3046,valid,0,0.02693639
7539,valid,0,0.04691644
3634,valid,0,0.2387274
6912,valid,0,0.02693639
808,valid,0,0.02693639
6674,valid,0,0.02693639
10767,valid,0,0.24486944
5072,valid,0,0.02693639
7038,valid,0,0.07557584
3019,valid,0,0.45855135
7738,valid,0,0.2837652
8728,valid,0,0.1688858
7328,valid,0,0.02693639
1685,valid,0,0.02693639
1255,valid,0,0.02693639
9437,valid,0,0.029687015
10310,valid,0,0.02693639
4025,valid,0,0.02693639
7744,valid,0,0.02693639
6208,valid,0,0.02693639
1054,valid,0,0.02693639
6634,valid,0,0.0430544
3641,valid,0,0.027848838
7524,valid,0,0.12666668
4550,valid,0,0.110496104
6923,valid,0,0.02693639
5957,valid,0,0.02693639
7737,valid,0,0.02693639
3102,valid,0,0.02693639
1841,valid,0,0.02693639
377,valid,0,0.02693639
4827,valid,0,0.02693639
10199,valid,0,0.04691644
8737,valid,0,0.043992832
4760,valid,0,0.14159918
10851,valid,0,0.107756555
3068,valid,0,0.107756555
6152,valid,0,0.02693639
6472,valid,0,0.02693639
11052,valid,0,0.02693639
1844,valid,0,0.09672628
9338,valid,0,0.033650793
10781,valid,0,0.13806985
1779,valid,0,0.02693639
9144,valid,0,0.02693639
10052,valid,0,0.075607285
2945,valid,0,0.02693639
7742,valid,0,0.04379905
9141,valid,0,0.02693639
2681,valid,0,0.02693639
6274,valid,0,0.028832655
7082,valid,0,0.02693639
7358,valid,0,0.15344612
6184,valid,0,0.02693639
6102,valid,0,0.02693639
6479,valid,0,0.02693639
10303,valid,0,0.02693639
9767,valid,0,0.2075168
4600,valid,0,0.02693639
10227,valid,0,0.043992832
7034,valid,0,0.19417372
1163,valid,0,0.02693639
10459,valid,0,0.18553086
8870,valid,0,0.042533923
9136,valid,0,0.054405548
10932,valid,0,0.02693639
1776,valid,0,0.02693639
6225,valid,0,0.02693639
10811,valid,0,0.02693639
4130,valid,0,0.02693639
4453,valid,0,0.25322548
6925,valid,0,0.02693639
6693,valid,0,0.02693639
7746,valid,0,0.02693639
6107,valid,0,0.027306845
8899,valid,0,0.02693639
297,valid,0,0.059934698
10313,valid,0,0.027204448
4126,valid,0,0.033650793
6686,valid,0,0.02693639
6462,valid,0,0.042533923
8624,valid,0,0.042533923
1419,valid,0,0.2136436
310,valid,0,0.02693639
7468,valid,0,0.04038235
8796,valid,0,0.106781885
3056,valid,0,0.02693639
6191,valid,0,0.02693639
1556,valid,0,0.02693639
2390,valid,0,0.028832655
10752,valid,0,0.18233865
1987,valid,0,0.02693639
4814,valid,0,0.02693639
11047,valid,0,0.02693639
1532,valid,0,0.02693639
7570,valid,0,0.24209933
5097,valid,0,0.027306845
9552,valid,0,0.029119018
9430,valid,0,0.06488806
10464,valid,0,0.06488806
9332,valid,0,0.02693639
9278,valid,0,0.028688285
9381,valid,0,0.22038996
6018,valid,0,0.08781895
10584,valid,0,0.02693639
6631,valid,0,0.033650793
4773,valid,0,0.032307133
7322,valid,0,0.044227302
4705,valid,0,0.02693639
6119,valid,0,0.21952158
7282,valid,0,0.05251757
5103,valid,0,0.033650793
6677,valid,0,0.02693639
6220,valid,0,0.033650793
4017,valid,0,0.02693639
8824,valid,0,0.02693639
8265,valid,0,0.02693639
4824,valid,0,0.02693639
2457,valid,0,0.042533923
1535,valid,0,0.02693639
1962,valid,0,0.051332526
4685,valid,0,0.051332526
3571,valid,0,0.027204448
1576,valid,0,0.09213281
10587,valid,0,0.02693639
6540,valid,0,0.1358851
8492,valid,0,0.042533923
4028,valid,0,0.041541353
4095,valid,0,0.18475923
10468,valid,0,0.02693639
4596,valid,0,0.06371613
3504,valid,0,0.029807368
5078,valid,0,0.02693639
10998,valid,0,0.04691644
10717,valid,0,0.027848838
422,valid,0,0.027204448
7664,valid,0,0.2488102
1438,valid,0,0.027306845
4026,valid,0,0.027306845
9432,valid,0,0.09690525
3896,valid,0,0.19638674
4019,valid,0,0.02693639
4594,valid,0,0.02693639
10735,valid,0,0.02693639
7321,valid,0,0.02693639
4687,valid,0,0.02693639
10837,valid,0,0.032307133
6164,valid,0,0.02693639
7093,valid,0,0.117262825
10457,valid,0,0.02693639
5436,valid,0,0.02693639
3448,valid,0,0.02693639
6171,valid,0,0.02693639
7390,valid,0,0.28859666
1549,valid,0,0.02693639
4823,valid,0,0.027848838
2774,valid,0,0.02693639
5423,valid,0,0.02693639
6373,valid,0,0.02693639
9349,valid,0,0.02693639
1120,valid,0,0.02693639
2764,valid,0,0.19417372
1043,valid,0,0.02693639
10760,valid,0,0.14199656
4586,valid,0,0.23456088
6323,valid,0,0.02693639
3575,valid,0,0.35152274
7086,valid,0,0.033650793
8259,valid,0,0.02693639
7183,valid,0,0.02693639
3648,valid,0,0.028832655
3108,valid,0,0.02693639
7092,valid,0,0.02693639
4012,valid,0,0.061813667
3090,valid,0,0.02693639
4780,valid,0,0.027306845
4117,valid,0,0.027204448
6516,valid,0,0.027204448
9274,valid,0,0.18475923
8461,valid,0,0.19731915
4023,valid,0,0.027848838
6478,valid,0,0.02693639
2767,valid,0,0.02693639
10469,valid,0,0.029119018
1108,valid,0,0.042533923
6021,valid,0,0.04311494
6088,valid,0,0.028688285
9562,valid,0,0.028688285
6910,valid,0,0.21762288
1726,valid,0,0.02693639
1769,valid,0,0.02693639
515,valid,0,0.0341455
6454,valid,0,0.312654
3037,valid,0,0.02693639
4587,valid,0,0.16413255
6262,valid,0,0.2976405
6467,valid,0,0.02693639
312,valid,0,0.40195134
8630,valid,0,0.045826476
4799,valid,0,0.02693639
3767,valid,0,0.027848838
4889,valid,0,0.056247734
2844,valid,0,0.054953508
4584,valid,0,0.02693639
3021,valid,0,0.32792217
926,valid,0,0.02693639
9756,valid,0,0.02693639
5406,valid,0,0.02693639
1262,valid,0,0.16657718
9376,valid,0,0.059934698
7287,valid,0,0.104474515
3079,valid,0,0.02693639
3932,valid,0,0.02693639
9341,valid,0,0.02693639
4483,valid,0,0.02693639
10776,valid,0,0.02693639
6263,valid,0,0.23295456
4106,valid,0,0.02693639
8740,valid,0,0.052924212
2225,valid,0,0.054931547
6927,valid,0,0.038886115
10730,valid,0,0.03448978
1113,valid,0,0.02693639
10808,valid,0,0.02693639
6933,valid,0,0.03230612
7236,valid,0,0.059934698
6128,valid,0,0.19640242
6025,valid,0,0.23140576
7577,valid,0,0.02693639
5441,valid,0,0.02693639
294,valid,0,0.02693639
8261,valid,0,0.02693639
4680,valid,0,0.02693639
3043,valid,0,0.26651013
5511,valid,0,0.02693639
10751,valid,0,0.22847745
7339,valid,0,0.121653534
3040,valid,0,0.02693639
8611,valid,0,0.045826476
10403,valid,0,0.034482755
3018,valid,0,0.044406172
4127,valid,0,0.02693639
8132,valid,0,0.045826476
3032,valid,0,0.02693639
1155,valid,0,0.02693639
6556,valid,0,0.02693639
8908,valid,0,0.02693639
5139,valid,0,0.11405703
2940,valid,0,0.028832655
794,valid,0,0.071402065
6502,valid,0,0.13804539
2585,valid,0,0.028832655
7323,valid,0,0.02693639
6190,valid,0,0.31011286
10727,valid,0,0.02693639
10819,valid,0,0.02693639
7582,valid,0,0.02693639
10348,valid,0,0.029687015
6173,valid,0,0.02693639
8910,valid,0,0.02693639
9516,valid,0,0.11297029
7033,valid,0,0.14690827
6224,valid,0,0.0341455
5425,valid,0,0.02693639
10754,valid,0,0.092541136
7243,valid,0,0.027848838
10038,valid,0,0.0879702
6203,valid,0,0.059934698
7574,valid,0,0.02693639
9372,valid,0,0.04691644
6447,valid,0,0.027306845
4419,valid,0,0.028832655
8822,valid,0,0.02693639
8469,valid,0,0.02693639
5432,valid,0,0.02693639
10934,valid,0,0.02693639
8828,valid,0,0.22721331
8859,valid,0,0.09699876
2684,valid,0,0.033650793
305,valid,0,0.02693639
8808,valid,0,0.02693639
10305,valid,0,0.02693639
10467,valid,0,0.02693639
428,valid,0,0.02693639
433,valid,0,0.02693639
1122,valid,0,0.02693639
5832,valid,0,0.028832655
8402,valid,0,0.02693639
7126,valid,0,0.103624806
10813,valid,0,0.1512418
4450,valid,0,0.043992832
9492,valid,0,0.056247734
9353,valid,0,0.13654736
7355,valid,0,0.02693639
1830,valid,0,0.22115721
10471,valid,0,0.02693639
2711,valid,0,0.044227302
9487,valid,0,0.04847196
10035,valid,0,0.25941655
5301,valid,0,0.13275807
8459,valid,0,0.17022203
8866,valid,0,0.03564147
9580,valid,0,0.16829613
6110,valid,0,0.02693639
9592,valid,0,0.02693639
10824,valid,0,0.02693639
1756,valid,0,0.02693639
2674,valid,0,0.02693639
920,valid,0,0.02693639
5742,valid,0,0.21985938
293,valid,0,0.02693639
7096,valid,0,0.02693639
492,valid,0,0.20403653
10924,valid,0,0.02693639
2214,valid,0,0.027848838
9356,valid,0,0.14649734
1146,valid,0,0.027306845
313,valid,0,0.02693639
4789,valid,0,0.02693639
7734,valid,0,0.045826476
10307,valid,0,0.16017424
9385,valid,0,0.033650793
6559,valid,0,0.027848838
5346,valid,0,0.02693639
6568,valid,0,0.02693639
10731,valid,0,0.033650793
8625,valid,0,0.071402065
934,valid,0,0.071402065
1452,valid,0,0.027306845
4595,valid,0,0.027306845
7341,valid,0,0.02693639
4013,valid,0,0.16695054
8250,valid,0,0.032307133
9764,valid,0,0.02693639
10299,valid,0,0.23267104
8278,valid,0,0.02693639
2671,valid,0,0.042533923
7740,valid,0,0.02693639
3511,valid,0,0.14622092
4118,valid,0,0.02693639
3951,valid,0,0.027204448
4541,valid,0,0.027204448
6680,valid,0,0.25361374
1096,valid,0,0.19417372
1883,valid,0,0.06488806
6463,valid,0,0.02693639
3107,valid,0,0.02693639
10996,valid,0,0.2866361
5424,valid,0,0.23283637
4470,valid,0,0.17316455
1110,valid,0,0.090181194
3437,valid,0,0.02693639
784,valid,0,0.027848838
1843,valid,0,0.02693639
3647,valid,0,0.02693639
3077,valid,0,0.02693639
4090,valid,0,0.08890094
4777,valid,0,0.02693639
1453,valid,0,0.029807368
4234,valid,0,0.02693639
7576,valid,0,0.02693639
10204,valid,0,0.23842913
8096,valid,0,0.03578569
10207,valid,0,0.02507083
10339,valid,0,0.23842913
10209,valid,0,0.13334872
2445,valid,0,0.02507083
10344,valid,0,0.36322165
8095,valid,0,0.16385475
7067,valid,0,0.14994612
9373,valid,1,0.9682903
3902,valid,0,0.23842913
8483,valid,0,0.02507083
8498,valid,0,0.02507083
5358,valid,1,0.9691672
3758,valid,0,0.14994612
10087,valid,1,0.9691672
369,valid,0,0.025308259
3322,valid,1,0.9703196
1497,valid,0,0.23842913
2236,valid,0,0.03545355
8175,valid,0,0.20486626
145,valid,0,0.36322165
141,valid,0,0.17967717
2245,valid,0,0.22196735
1318,valid,0,0.36322165
1508,valid,0,0.3343221
7642,valid,0,0.23842913
575,valid,0,0.02507083
223,valid,1,0.9703196
7265,valid,1,0.8929524
3592,valid,0,0.03578569
8370,valid,0,0.02507083
1191,valid,0,0.18294908
5763,valid,0,0.2630997
10774,valid,1,0.9703196
6267,valid,0,0.36322165
10604,valid,1,0.96510124
9368,valid,0,0.14994612
3913,valid,0,0.36322165
7054,valid,0,0.36322165
7491,valid,0,0.03578569
3371,valid,0,0.03578569
3050,valid,1,0.88608664
7329,valid,1,0.97007173
1733,valid,1,0.964843
5495,valid,0,0.7063582
5503,valid,0,0.02507083
2213,valid,0,0.23842913
1444,valid,0,0.2432172
2206,valid,0,0.02507083
6155,valid,1,0.96079236
1420,valid,0,0.21608928
1950,valid,0,0.13848257
1424,valid,0,0.02507083
7586,valid,1,0.9689631
1888,valid,0,0.02507083
9526,valid,0,0.23842913
5669,valid,0,0.02507083
2250,valid,0,0.23842913
4713,valid,0,0.02507083
3972,valid,0,0.23842913
279,valid,1,0.96802604
5545,valid,1,0.96899104
5794,valid,0,0.18884398
10294,valid,0,0.02507083
2740,valid,0,0.21608928
10795,valid,0,0.02507083
5199,valid,0,0.162979
10286,valid,0,0.08747618
9240,valid,0,0.2922721
6237,valid,0,0.11853441
10330,valid,0,0.2063868
10913,valid,0,0.13265814
5324,valid,0,0.10019829
9729,valid,0,0.23308215
191,valid,0,0.35050684
5570,valid,0,0.17111136
6739,valid,0,0.29681396
9616,valid,0,0.114746146
5167,valid,0,0.39354557
10529,valid,0,0.24139819
5596,valid,0,0.24515454
2739,valid,0,0.24195981
1371,valid,0,0.026720973
10707,valid,0,0.2246739
2058,valid,0,0.20736817
6840,valid,0,0.12602532
622,valid,0,0.10128735
8719,valid,0,0.05342685
1232,valid,0,0.4530903
95,valid,0,0.042533923
7217,valid,0,0.027204448
2265,valid,0,0.14773485
5974,valid,0,0.28231055
2123,valid,0,0.39766222
6233,valid,0,0.2621927
10797,valid,0,0.44252247
8703,valid,0,0.33672386
7873,valid,0,0.05130504
1599,valid,0,0.095529735
8561,valid,0,0.23726042
9849,valid,0,0.27882585
9316,valid,0,0.17009564
1617,valid,0,0.14330122
9318,valid,0,0.25397027
10642,valid,0,0.17441598
7414,valid,0,0.16723938
8875,valid,0,0.09257029
5547,valid,0,0.18121012
8699,valid,0,0.4229727
8714,valid,0,0.21885228
10710,valid,0,0.27496466
4259,valid,0,0.38721353
3489,valid,0,0.13818388
2010,valid,0,0.6541195
3529,valid,0,0.03381944
8,valid,0,0.12426404
2169,valid,0,0.15796761
247,valid,0,0.6919504
3658,valid,0,0.07215788
3120,valid,0,0.3573831
2007,valid,0,0.4793626
4042,valid,0,0.4075174
2057,valid,0,0.20177813
3541,valid,0,0.34658107
7272,valid,0,0.36808378
5185,valid,0,0.34961414
8760,valid,0,0.3886954
5269,valid,0,0.22608317
2747,valid,0,0.35557643
7222,valid,0,0.47311082
3484,valid,0,0.32380483
2913,valid,0,0.5352274
9808,valid,0,0.18152969
9733,valid,0,0.3733669
1197,valid,0,0.073421456
2262,valid,0,0.029327076
9042,valid,0,0.41310462
8525,valid,0,0.06771031
5965,valid,0,0.2605084
9218,valid,0,0.042922143
5803,valid,0,0.073421456
7367,valid,0,0.073421456
9530,valid,0,0.46935987
112,valid,0,0.36808378
7922,valid,0,0.6136219
3235,valid,0,0.28023538
7001,valid,0,0.26205558
9059,valid,0,0.28052443
6709,valid,0,0.41996065
1523,valid,0,0.29736093
8931,valid,0,0.07747348
818,valid,0,0.07306112
6033,valid,0,0.027399214
2009,valid,0,0.48156545
6582,valid,0,0.062811784
2097,valid,0,0.028688285
3605,valid,0,0.028832655
9229,valid,0,0.116346106
9734,valid,0,0.22309425
1235,valid,0,0.028688285
3195,valid,0,0.1673944
1393,valid,0,0.18285696
1628,valid,0,0.15105008
9841,valid,0,0.19624351
4619,valid,0,0.22166353
1527,valid,0,0.13764322
1385,valid,0,0.07382404
10190,valid,0,0.17800467
7899,valid,0,0.17218778
3793,valid,0,0.2624307
10539,valid,0,0.054980945
3216,valid,0,0.028973263
6975,valid,0,0.07248585
7855,valid,0,0.16246703
839,valid,0,0.18504988
1659,valid,0,0.14496335
2125,valid,0,0.054405548
9067,valid,0,0.07785949
10554,valid,0,0.09646765
10652,valid,0,0.13898094
8228,valid,0,0.2138172
2887,valid,0,0.19605924
1236,valid,0,0.3310979
9830,valid,0,0.10094949
631,valid,0,0.09825519
3016,valid,0,0.13913216
8653,valid,0,0.20635714
3137,valid,0,0.15224248
9884,valid,0,0.20659418
7706,valid,0,0.028688285
9048,valid,0,0.10179448
8055,valid,0,0.23833093
10361,valid,0,0.37854362
6235,valid,0,0.21944991
3796,valid,0,0.43135357
8017,valid,0,0.037683904
9599,valid,0,0.1542322
6082,valid,0,0.36361605
5541,valid,0,0.27059528
634,valid,0,0.27896196
2124,valid,0,0.408842
9891,valid,0,0.06771031
8640,valid,0,0.3743211
10323,valid,0,0.07610609
2485,valid,0,0.027848838
5693,valid,0,0.040081285
4189,valid,0,0.10777398
3116,valid,0,0.24772586
12,valid,0,0.060699277
609,valid,0,0.37723634
3229,valid,0,0.3769702
4631,valid,0,0.20091726
10335,valid,0,0.23918742
9221,valid,0,0.13367382
7764,valid,0,0.02758825
10062,valid,0,0.06339561
621,valid,0,0.19366103
5559,valid,0,0.29581016
7988,valid,0,0.16951656
8994,valid,0,0.1677598
2385,valid,0,0.13604662
8945,valid,0,0.02693639
9839,valid,0,0.028688285
3,valid,0,0.2883573
2103,valid,0,0.02986315
9202,valid,0,0.18185948
8928,valid,0,0.6298637
3381,valid,0,0.17940736
10133,valid,0,0.13804539
8056,valid,0,0.41644338
5990,valid,0,0.32346088
8580,valid,0,0.1692116
1707,valid,0,0.30249602
5474,valid,0,0.29806027
9619,valid,0,0.20132263
7761,valid,0,0.1673944
8713,valid,0,0.27074692
2144,valid,0,0.02693639
7271,valid,0,0.13104615
9903,valid,0,0.09257029
3769,valid,0,0.056537908
8920,valid,0,0.16510396
10527,valid,0,0.17834145
3453,valid,0,0.119954444
3005,valid,0,0.07979066
394,valid,0,0.0804744
2438,valid,0,0.100867115
10180,valid,0,0.26621962
6241,valid,0,0.13675135
396,valid,0,0.103624806
3886,valid,0,0.18045205
7876,valid,0,0.16309682
195,valid,0,0.028886668
6982,valid,0,0.2626306
10918,valid,0,0.06333737
4341,valid,0,0.13401414
10495,valid,0,0.262475
1519,valid,0,0.19148007
2488,valid,0,0.2759025
10182,valid,0,0.124649405
9883,valid,0,0.09284684
8046,valid,0,0.114077084
681,valid,0,0.070296854
1705,valid,0,0.18160404
2033,valid,0,0.028973263
3181,valid,0,0.18791139
5772,valid,0,0.056105778
1865,valid,1,0.24532512
2979,valid,0,0.15120848
7756,valid,0,0.19502293
9322,valid,0,0.47457615
691,valid,0,0.19303975
10175,valid,0,0.0825259
2051,valid,0,0.09995632
4180,valid,0,0.07592215
3297,valid,0,0.2759025
7173,valid,0,0.25398147
3206,valid,0,0.040081285
2999,valid,0,0.06333737
8094,valid,0,0.049619008
272,valid,0,0.07215788
10980,valid,0,0.28550667
6967,valid,0,0.45503932
6300,valid,0,0.14327651
6041,valid,0,0.24783102
3883,valid,0,0.05110854
7370,valid,0,0.027848838
8522,valid,0,0.26622558
389,valid,0,0.14909619
819,valid,0,0.082309715
8716,valid,0,0.07412811
4573,valid,0,0.07859143
7170,valid,0,0.06427398
401,valid,0,0.0792875
8378,valid,0,0.15155247
4052,valid,0,0.1796771
5977,valid,0,0.1429159
10292,valid,0,0.09381254
4394,valid,0,0.028688285
2970,valid,0,0.1638237
4251,valid,0,0.20381625
8452,valid,0,0.17511469
7887,valid,0,0.08668283
1525,valid,0,0.07316731
5805,valid,0,0.04379905
4566,valid,0,0.027848838
2354,valid,0,0.15100236
3377,valid,0,0.06324793
5975,valid,0,0.062499523
7861,valid,0,0.15634689
3783,valid,0,0.06512281
2431,valid,0,0.027848838
3286,valid,0,0.028125715
2298,valid,0,0.027848838
9107,valid,0,0.027848838
9078,valid,0,0.18868247
5770,valid,0,0.028688285
4051,valid,0,0.24694276
7262,valid,0,0.042922143
9300,valid,0,0.2397464
9615,valid,0,0.027848838
4254,valid,0,0.06682282
2137,valid,0,0.28796625
692,valid,0,0.07623614
3522,valid,0,0.24822153
11025,valid,0,0.02758825
3211,valid,0,0.20710927
6710,valid,0,0.21985938
10552,valid,0,0.028125715
1517,valid,0,0.19560182
9655,valid,0,0.045826476
5706,valid,0,0.1650526
6733,valid,0,0.028688285
2114,valid,0,0.14304972
2264,valid,0,0.07105353
8535,valid,0,0.24209933
9055,valid,0,0.1985303
3202,valid,0,0.027848838
5982,valid,0,0.027848838
9895,valid,0,0.14493993
3655,valid,0,0.30761006
1667,valid,0,0.06615332
1246,valid,0,0.16554214
9906,valid,0,0.10174647
114,valid,0,0.05745941
7894,valid,0,0.13368225
10187,valid,0,0.31985238
2021,valid,0,0.17940736
3801,valid,0,0.13104615
1515,valid,0,0.29975238
8519,valid,0,0.027848838
3774,valid,0,0.12676933
7177,valid,0,0.027848838
8377,valid,0,0.027848838
9934,valid,0,0.027848838
3179,valid,0,0.103691556
2091,valid,0,0.044222746
6078,valid,0,0.20832723
11021,valid,0,0.052015975
9223,valid,0,0.17673269
4649,valid,0,0.17164272
8059,valid,0,0.22280921
1675,valid,0,0.3273492
2735,valid,0,0.027848838
2415,valid,0,0.17883806
2490,valid,0,0.103624806
9869,valid,0,0.21667741
3516,valid,0,0.07864763
7864,valid,0,0.09381254
4310,valid,0,0.028125715
1587,valid,0,0.09457343
3391,valid,0,0.4337925
9620,valid,0,0.24096797
9550,valid,0,0.17655651
5985,valid,0,0.052015975
2884,valid,0,0.15516028
5188,valid,0,0.16352847
4494,valid,0,0.027848838
6084,valid,0,0.27220985
9402,valid,0,0.19699764
4040,valid,0,0.33771423
7377,valid,0,0.027848838
10483,valid,0,0.2311897
8751,valid,0,0.15559371
2749,valid,0,0.23511727
7270,valid,0,0.20020525
7897,valid,0,0.342727
10987,valid,0,0.09017304
5707,valid,0,0.16483545
5327,valid,0,0.12445291
8012,valid,0,0.082117
9954,valid,0,0.047808886
1624,valid,0,0.24173008
8583,valid,0,0.12445439
8346,valid,0,0.21541423
10447,valid,0,0.060699277
8088,valid,0,0.17563766
10488,valid,0,0.1599574
8300,valid,0,0.31007424
9217,valid,0,0.4273397
10484,valid,0,0.31526652
1819,valid,0,0.028688285
4143,valid,0,0.106195964
989,valid,0,0.10754274
9324,valid,0,0.17534627
10487,valid,0,0.11297029
7178,valid,0,0.029119018
9232,valid,0,0.06444162
1184,valid,0,0.06752416
1389,valid,0,0.028688285
602,valid,0,0.08481317
2269,valid,0,0.07059126
3010,valid,0,0.20132016
7624,valid,0,0.07323416
4249,valid,0,0.14083286
4397,valid,0,0.029807368
4572,valid,0,0.029807368
8984,valid,0,0.033650793
7399,valid,0,0.17608711
2377,valid,0,0.061893843
9238,valid,0,0.027848838
122,valid,0,0.054405548
2435,valid,0,0.027848838
3875,valid,0,0.027848838
4501,valid,0,0.027848838
2434,valid,0,0.18032049
4426,valid,0,0.027848838
1394,valid,0,0.06959219
2894,valid,0,0.027848838
5801,valid,0,0.027848838
9081,valid,0,0.076653995
6589,valid,0,0.30690515
8341,valid,0,0.28018597
4312,valid,0,0.15275699
7435,valid,0,0.32021165
8226,valid,0,0.11932454
6083,valid,0,0.02668065
8980,valid,0,0.048460763
5182,valid,0,0.18409036
618,valid,0,0.2531307
1709,valid,0,0.3650057
1514,valid,0,0.048726995
184,valid,0,0.029409755
8455,valid,0,0.21190506
2484,valid,0,0.25793812
7417,valid,0,0.104855
9298,valid,0,0.21542458
9843,valid,0,0.02693639
4182,valid,0,0.02693639
10056,valid,0,0.027848838
2421,valid,0,0.09898718
8654,valid,0,0.06352511
5798,valid,0,0.3488347
5598,valid,0,0.056247734
10533,valid,0,0.14540091
10860,valid,0,0.20073396
2113,valid,0,0.2883573
3599,valid,0,0.31672782
8064,valid,0,0.2953056
838,valid,0,0.026720973
9307,valid,0,0.16665015
8977,valid,0,0.3360254
3395,valid,0,0.285294
7767,valid,0,0.060471714
2130,valid,0,0.2050665
7157,valid,0,0.18118748
5205,valid,0,0.042922143
4560,valid,0,0.054405548
10189,valid,0,0.08494569
10863,valid,0,0.116801515
393,valid,0,0.25275683
6844,valid,0,0.33041456
4495,valid,0,0.028563133
7633,valid,0,0.086689435
1582,valid,0,0.27088115
9230,valid,0,0.12388752
9241,valid,0,0.13875955
2364,valid,0,0.06829245
10450,valid,0,0.09104443
5204,valid,0,0.02693639
9669,valid,0,0.090181194
1664,valid,0,0.33031967
9956,valid,0,0.17511469
7883,valid,0,0.13519318
2152,valid,0,0.0636609
8933,valid,0,0.1325537
1474,valid,0,0.061893843
2427,valid,0,0.034482755
8015,valid,0,0.07789963
2025,valid,0,0.24373211
1479,valid,0,0.25647944
3777,valid,0,0.028832655
1370,valid,0,0.123954415
5783,valid,0,0.040081285
844,valid,0,0.16770214
6721,valid,0,0.28442642
10288,valid,0,0.16895707
7227,valid,0,0.10133796
4330,valid,0,0.23204303
8517,valid,0,0.03283493
3219,valid,0,0.107286856
7226,valid,0,0.16309682
8058,valid,0,0.45714414
2026,valid,0,0.1737088
4337,valid,0,0.28815433
7900,valid,0,0.18605922
982,valid,0,0.19749258
4187,valid,0,0.3165117
11018,valid,0,0.39263377
4504,valid,0,0.097574376
5802,valid,0,0.062220283
204,valid,0,0.042533923
84,valid,0,0.05051648
9625,valid,0,0.027848838
8325,valid,0,0.15563545
8642,valid,0,0.26394922
10785,valid,0,0.027848838
3183,valid,0,0.04379905
682,valid,0,0.028563133
9628,valid,0,0.029807368
3185,valid,0,0.047347676
9872,valid,0,0.027848838
8319,valid,0,0.10718361
7113,valid,0,0.04540506
5791,valid,0,0.0938715
1369,valid,0,0.046828214
9866,valid,0,0.13720772
9680,valid,0,0.02693639
3594,valid,0,0.19030268
1699,valid,0,0.331414
2344,valid,0,0.0485953
9815,valid,0,0.027848838
9060,valid,0,0.02693639
7112,valid,0,0.16211724
10445,valid,0,0.04627359
8373,valid,0,0.09229866
10669,valid,0,0.1656465
10681,valid,0,0.04627359
10796,valid,0,0.04627359
8702,valid,0,0.02693639
7924,valid,0,0.17017943
5767,valid,0,0.028125715
6319,valid,0,0.16710694
8989,valid,0,0.13527857
7259,valid,0,0.07929271
235,valid,0,0.02693639
4257,valid,0,0.33263695
1594,valid,0,0.02693639
8930,valid,0,0.11958448
9398,valid,0,0.123195395
5962,valid,0,0.05191034
1194,valid,0,0.045826476
3600,valid,0,0.029807368
8697,valid,0,0.02693639
8293,valid,0,0.348159
10793,valid,0,0.029119018
2369,valid,0,0.22138633
10054,valid,0,0.029119018
10480,valid,0,0.02693639
6962,valid,0,0.047808886
7216,valid,0,0.028973263
9233,valid,0,0.14898604
5807,valid,0,0.04525614
3676,valid,0,0.02693639
7200,valid,0,0.029119018
10420,valid,0,0.042326815
7623,valid,0,0.027848838
623,valid,0,0.027848838
5335,valid,0,0.16356309
690,valid,0,0.029807368
2093,valid,0,0.034908243
2014,valid,0,0.19357838
7770,valid,0,0.028832655
2962,valid,0,0.034482755
8577,valid,0,0.37195906
4043,valid,0,0.06899059
7638,valid,0,0.029119018
3198,valid,0,0.028832655
6586,valid,0,0.13604662
10319,valid,0,0.1114037
3390,valid,0,0.40589434
637,valid,0,0.026720973
4623,valid,0,0.06899059
1415,valid,0,0.3312579
8991,valid,0,0.033383522
1620,valid,0,0.026720973
6712,valid,0,0.120329686
2273,valid,0,0.028602522
3882,valid,0,0.028602522
970,valid,0,0.026720973
1234,valid,0,0.028602522
1530,valid,0,0.03283493
5221,valid,0,0.036292017
10142,valid,0,0.27502763
8723,valid,0,0.035280388
9674,valid,0,0.035280388
3122,valid,0,0.26947448
9940,valid,0,0.0296182
6239,valid,0,0.031314384
7856,valid,0,0.03771793
3292,valid,0,0.029818231
9805,valid,0,0.0295252
9881,valid,0,0.029327076
9325,valid,0,0.042922143
2168,valid,0,0.31486186
3557,valid,0,0.027399214
7984,valid,0,0.47084513
7382,valid,0,0.07772077
1814,valid,0,0.027848838
5601,valid,0,0.028688285
9824,valid,0,0.042326815
9671,valid,0,0.122819684
5976,valid,0,0.05257926
7412,valid,0,0.08009349
11041,valid,0,0.04691644
203,valid,0,0.028125715
10992,valid,0,0.027848838
5330,valid,0,0.1425108
8641,valid,0,0.16017424
9613,valid,0,0.17263153
8769,valid,0,0.13940603
2134,valid,0,0.22038996
5475,valid,0,0.12557155
9404,valid,0,0.06488806
5605,valid,0,0.099536136
3190,valid,0,0.029119018
3657,valid,0,0.300402
7116,valid,0,0.028688285
4603,valid,0,0.24352841
1824,valid,0,0.18027665
3530,valid,0,0.2281702
5217,valid,0,0.12552276
2289,valid,0,0.07853222
3776,valid,0,0.06829245
4339,valid,0,0.07290378
2381,valid,0,0.055853736
5342,valid,0,0.101699255
8919,valid,0,0.13331285
5336,valid,0,0.08020636
128,valid,0,0.15697905
1716,valid,0,0.061001997
4569,valid,0,0.027848838
7925,valid,0,0.059124555
7705,valid,0,0.24209933
188,valid,0,0.07359469
3603,valid,0,0.2926127
5195,valid,0,0.2206484
8572,valid,0,0.047771193
10326,valid,0,0.047373652
5785,valid,0,0.06488806
4430,valid,0,0.06494966
5603,valid,0,0.027204448
3514,valid,0,0.103577346
8712,valid,0,0.1415795
1614,valid,0,0.11510743
5612,valid,0,0.1137429
6970,valid,0,0.042533923
986,valid,0,0.35079068
2985,valid,0,0.028832655
9653,valid,0,0.10179448
4145,valid,0,0.0706679
10525,valid,0,0.06987825
1240,valid,0,0.040959995
7223,valid,0,0.13796186
10350,valid,0,0.028125715
8051,valid,0,0.059519455
193,valid,0,0.04847196
8709,valid,0,0.047347676
8942,valid,0,0.20091726
8755,valid,0,0.02693639
395,valid,0,0.03448978
2355,valid,0,0.10355977
5611,valid,0,0.027848838
2910,valid,0,0.05096247
6706,valid,0,0.14512295
1376,valid,0,0.026720973
5176,valid,0,0.060699277
3671,valid,0,0.17341688
2410,valid,0,0.026720973
9219,valid,0,0.28919384
2755,valid,0,0.2930109
9173,valid,0,0.21017191
6718,valid,0,0.4372893
4175,valid,0,0.026720973
228,valid,0,0.15482296
4387,valid,0,0.13216828
8982,valid,0,0.41234857
10138,valid,0,0.15963444
8575,valid,0,0.13679633
9603,valid,0,0.03381944
9667,valid,0,0.03283493
1713,valid,0,0.20022346
6317,valid,0,0.21104006
4620,valid,0,0.026720973
2050,valid,0,0.026986947
2030,valid,0,0.026720973
4260,valid,0,0.23036252
5270,valid,0,0.24694276
1372,valid,0,0.15567532
1602,valid,0,0.2185494
8764,valid,0,0.43590754
9064,valid,0,0.060699277
8352,valid,0,0.4315246
2977,valid,0,0.13512991
2371,valid,0,0.02668065
2352,valid,0,0.03788603
10784,valid,0,0.47836113
190,valid,0,0.08187796
8649,valid,0,0.036292017
7442,valid,0,0.16573407
7002,valid,0,0.15288216
8934,valid,0,0.33807904
7928,valid,0,0.14590655
7404,valid,1,0.37428954
9732,valid,0,0.36499906
9687,valid,0,0.124712504
4608,valid,0,0.3198931
2142,valid,0,0.07141806
3477,valid,0,0.38979715
3670,valid,0,0.28159758
3552,valid,0,0.56891584
2965,valid,0,0.19864969
9165,valid,0,0.1880138
7202,valid,0,0.39963162
7992,valid,0,0.056105778
6591,valid,0,0.3515076
9406,valid,0,0.04203789
1668,valid,0,0.087084696
6720,valid,0,0.24449489
10706,valid,0,0.16449894
4177,valid,0,0.3116033
1580,valid,0,0.14834791
1622,valid,0,0.35972446
5606,valid,0,0.20089126
3121,valid,0,0.18027665
5648,valid,0,0.22937016
2140,valid,0,0.032307133
3194,valid,0,0.027204448
8450,valid,0,0.044517837
7369,valid,0,0.027848838
3683,valid,0,0.36817938
4317,valid,0,0.20586628
7987,valid,0,0.14615642
4174,valid,0,0.02693639
987,valid,0,0.02693639
7424,valid,0,0.09666121
4640,valid,0,0.03501345
6708,valid,0,0.43991685
3001,valid,0,0.045693256
4616,valid,0,0.3426754
11028,valid,0,0.22351474
7274,valid,0,0.19006447
2437,valid,0,0.041932207
7174,valid,0,0.029569691
6997,valid,0,0.026720973
9665,valid,0,0.045826476
6974,valid,0,0.028602522
2986,valid,0,0.31002274
9909,valid,0,0.026720973
2418,valid,0,0.05130504
2104,valid,0,0.1252883
5206,valid,0,0.34298757
1670,valid,0,0.18918924
7697,valid,0,0.26131248
7709,valid,0,0.026720973
3604,valid,0,0.09949217
9313,valid,0,0.1265892
2972,valid,0,0.28585592
9045,valid,0,0.31698725
3664,valid,0,0.37282974
5179,valid,0,0.2295462
197,valid,0,0.027399214
8990,valid,0,0.16563609
5695,valid,0,0.04440433
6719,valid,0,0.028688285
5998,valid,0,0.08125662
694,valid,0,0.114077084
8230,valid,0,0.2802587
8718,valid,0,0.17226686
3454,valid,0,0.17190848
10412,valid,0,0.048027944
5216,valid,0,0.044854287
10192,valid,0,0.06345194
10985,valid,0,0.18450533
3466,valid,0,0.3151404
7004,valid,0,0.07547461
3397,valid,0,0.16938232
7429,valid,0,0.030103114
7923,valid,0,0.02693639
1592,valid,0,0.30732697
2107,valid,0,0.116254285
8881,valid,0,0.26427168
847,valid,0,0.04627359
5175,valid,0,0.18602604
1188,valid,0,0.10019829
8290,valid,0,0.05141707
3542,valid,0,0.02693639
9072,valid,0,0.17810535
7371,valid,0,0.34711725
2102,valid,0,0.027848838
6973,valid,0,0.027848838
6984,valid,0,0.12717555
2345,valid,0,0.15127836
7978,valid,0,0.02758825
8333,valid,0,0.19747935
9833,valid,0,0.18271473
3379,valid,0,0.054405548
123,valid,0,0.1473505
7439,valid,0,0.23427333
3674,valid,0,0.02693639
2272,valid,0,0.11773922
2263,valid,0,0.03448978
2136,valid,0,0.12048881
5325,valid,0,0.19417372
2038,valid,0,0.177667
1672,valid,0,0.044227302
3178,valid,0,0.28099462
4334,valid,0,0.026720973
4138,valid,0,0.026720973
1621,valid,0,0.026720973
8337,valid,0,0.026720973
10993,valid,0,0.1578131
1404,valid,0,0.053889137
4395,valid,0,0.38224918
2374,valid,0,0.027671747
1708,valid,0,0.34035057
1717,valid,0,0.091950074
4331,valid,0,0.2982222
5539,valid,0,0.026946235
7758,valid,0,0.028420076
4382,valid,0,0.21482956
10061,valid,0,0.054405548
640,valid,0,0.25939
3474,valid,0,0.059383526
10862,valid,0,0.114177346
3528,valid,0,0.13581884
180,valid,0,0.059487518
2094,valid,0,0.07297961
10363,valid,0,0.11583229
4431,valid,0,0.047310583
5665,valid,0,0.027848838
610,valid,0,0.11938656
11035,valid,0,0.028688285
1657,valid,0,0.3361117
9540,valid,0,0.11130437
8227,valid,0,0.02693639
975,valid,0,0.02693639
10534,valid,0,0.031613935
2045,valid,0,0.13870725
9044,valid,0,0.026684107
1529,valid,0,0.3187052
9242,valid,0,0.047347676
7366,valid,0,0.04691644
1384,valid,0,0.027848838
7434,valid,0,0.027848838
4314,valid,0,0.10133008
1704,valid,0,0.11919214
7149,valid,0,0.031613935
5542,valid,0,0.19281153
5786,valid,0,0.05690143
5489,valid,0,0.13178806
9158,valid,0,0.07302472
2360,valid,0,0.084750146
5482,valid,0,0.23295456
2753,valid,0,0.2706808
3476,valid,0,0.029119018
5689,valid,0,0.19417372
8369,valid,0,0.23573321
9171,valid,0,0.032080594
1601,valid,0,0.02693639
7211,valid,0,0.028688285
2904,valid,0,0.02693639
7868,valid,0,0.055464484
5561,valid,0,0.2358541
5781,valid,0,0.10033388
6985,valid,0,0.027306845
7993,valid,0,0.20287652
9878,valid,0,0.09111959
3781,valid,0,0.2129418
1813,valid,0,0.028125715
6700,valid,0,0.20762923
1673,valid,0,0.28695467
6231,valid,0,0.089904055
9813,valid,0,0.09518098
7687,valid,0,0.13827553
8093,valid,0,0.22014691
2963,valid,0,0.028125715
4340,valid,0,0.24076624
7874,valid,0,0.18041083
10861,valid,0,0.17388016
10545,valid,0,0.09012235
1712,valid,0,0.22309425
3290,valid,0,0.101699255
9814,valid,0,0.045826476
842,valid,0,0.08420235
9213,valid,0,0.19733316
10296,valid,0,0.22083244
8283,valid,0,0.23392384
4635,valid,0,0.0976018
9948,valid,0,0.028832655
8937,valid,0,0.20187117
3208,valid,0,0.047310583
9157,valid,0,0.029807368
10058,valid,0,0.034482755
5168,valid,0,0.028688285
5969,valid,0,0.02693639
9666,valid,0,0.02693639
227,valid,0,0.21482956
8700,valid,0,0.2500024
3681,valid,0,0.1961926
6304,valid,0,0.02693639
3885,valid,0,0.14157401
625,valid,0,0.11683843
4575,valid,0,0.2133207
3595,valid,0,0.04569795
9859,valid,0,0.12900788
5218,valid,0,0.1993357
7427,valid,0,0.04379905
3785,valid,0,0.058560904
2161,valid,0,0.02693639
2987,valid,0,0.027848838
5664,valid,0,0.027848838
8018,valid,0,0.21873017
2156,valid,0,0.1467541
8979,valid,0,0.02693639
7862,valid,0,0.11297029
6732,valid,0,0.07627983
1482,valid,0,0.2075168
4248,valid,0,0.13067453
9175,valid,0,0.027848838
9086,valid,0,0.18855533
1189,valid,0,0.572735
9656,valid,0,0.04379905
4567,valid,0,0.030703986
9894,valid,0,0.026720973
990,valid,0,0.12134358
2487,valid,0,0.026986947
11023,valid,0,0.24110202
3236,valid,0,0.026720973
1401,valid,0,0.20944677
7017,valid,0,0.026720973
9087,valid,0,0.026720973
7754,valid,0,0.028602522
9842,valid,0,0.026720973
5774,valid,0,0.24139819
2375,valid,0,0.026720973
9896,valid,0,0.39010584
6988,valid,0,0.13544598
6730,valid,0,0.31503898
5487,valid,0,0.09658773
284,valid,0,0.026720973
3789,valid,0,0.026720973
3197,valid,0,0.112214014
2115,valid,0,0.25083745
8532,valid,0,0.03283493
5711,valid,0,0.026720973
8988,valid,0,0.36174682
2151,valid,0,0.026720973
2270,valid,0,0.19942862
8708,valid,0,0.49551705
8083,valid,0,0.05300388
9534,valid,0,0.042922143
2119,valid,0,0.042922143
7627,valid,0,0.054895937
8566,valid,0,0.054895937
231,valid,0,0.47138992
2128,valid,0,0.02668065
1400,valid,0,0.056105778
10177,valid,0,0.033180185
7267,valid,0,0.03100712
7699,valid,0,0.041296937
10355,valid,0,0.052015975
5224,valid,0,0.0296182
3596,valid,0,0.02668065
2039,valid,0,0.02668065
8995,valid,0,0.041296937
121,valid,0,0.4323571
5993,valid,0,0.065210454
9812,valid,0,0.028843172
2267,valid,0,0.065210454
10542,valid,0,0.03771793
10424,valid,0,0.25652066
3791,valid,0,0.065210454
8643,valid,0,0.27557817
1192,valid,0,0.056105778
10419,valid,0,0.23607191
6858,valid,0,0.02693639
196,valid,0,0.1688858
5961,valid,0,0.16826774
2441,valid,0,0.19174707
3461,valid,0,0.02693639
7865,valid,0,0.1925274
7208,valid,0,0.02693639
10176,valid,0,0.18839686
1596,valid,0,0.09111959
3199,valid,0,0.029119018
7870,valid,0,0.056247734
9288,valid,0,0.02693639
10910,valid,0,0.028125715
134,valid,0,0.15583192
8065,valid,0,0.02693639
10694,valid,0,0.22138633
8372,valid,0,0.058047116
9904,valid,0,0.027848838
1610,valid,0,0.02693639
8451,valid,0,0.18354312
6838,valid,0,0.02693639
3385,valid,0,0.15295173
1600,valid,0,0.18553086
9095,valid,0,0.027848838
1337,valid,0,0.2718925
86,valid,0,0.054953508
1395,valid,0,0.0341455
7438,valid,0,0.0341455
1817,valid,0,0.028973263
3795,valid,0,0.035293292
8223,valid,0,0.056247734
2442,valid,0,0.029807368
2726,valid,0,0.045267012
687,valid,0,0.056247734
830,valid,0,0.16753644
9912,valid,0,0.059934698
821,valid,0,0.059934698
8981,valid,0,0.09596931
10521,valid,0,0.030103114
9228,valid,0,0.056247734
5595,valid,0,0.028602522
9280,valid,0,0.24139819
5966,valid,0,0.24767326
8379,valid,0,0.32691452
2027,valid,0,0.026720973
7751,valid,0,0.06333737
4146,valid,0,0.06152188
261,valid,0,0.13914235
8893,valid,0,0.10190872
2754,valid,0,0.1523047
9068,valid,0,0.056537908
10551,valid,0,0.19547653
9911,valid,0,0.026720973
4258,valid,0,0.026720973
19,valid,0,0.06938766
1345,valid,0,0.22202429
7871,valid,0,0.21038629
1187,valid,0,0.14962617
9612,valid,0,0.12121733
9102,valid,0,0.07076915
10172,valid,0,0.06333737
10701,valid,0,0.049469825
10422,valid,0,0.07076915
6854,valid,0,0.026720973
6725,valid,0,0.6420076
10414,valid,0,0.1500165
10909,valid,0,0.04867032
10494,valid,0,0.13356271
10423,valid,0,0.47836113
4032,valid,0,0.13253343
7436,valid,0,0.04667889
4614,valid,0,0.02668065
4183,valid,0,0.04891163
104,valid,0,0.07141806
2902,valid,0,0.04667889
1350,valid,0,0.4274092
6234,valid,0,0.28694254
9400,valid,0,0.31704235
7365,valid,0,0.48703665
6728,valid,0,0.03100712
7411,valid,0,0.32357144
3532,valid,0,0.16825457
10981,valid,0,0.50833035
9951,valid,0,0.065210454
9685,valid,0,0.042922143
5209,valid,0,0.25422582
3884,valid,0,0.065210454
10453,valid,0,0.027399214
1644,valid,0,0.18704122
3118,valid,0,0.1781781
5775,valid,0,0.3124671
8010,valid,0,0.41351098
10368,valid,0,0.21895617
5779,valid,0,0.06771031
685,valid,0,0.06771031
5806,valid,0,0.12521341
7628,valid,0,0.047749963
5778,valid,0,0.101424776
832,valid,0,0.062499523
10295,valid,0,0.073421456
2751,valid,0,0.39052033
859,valid,0,0.027399214
10696,valid,0,0.027399214
5169,valid,0,0.53538376
5180,valid,0,0.34973827
9901,valid,0,0.054405548
9952,valid,0,0.21419299
2055,valid,0,0.099623255
1354,valid,0,0.068033755
4557,valid,0,0.06742688
7877,valid,0,0.09567562
10135,valid,0,0.04214189
1491,valid,0,0.1361927
3536,valid,0,0.17846048
7426,valid,0,0.14452086
10801,valid,0,0.028563133
202,valid,0,0.034566972
4612,valid,0,0.02693639
2023,valid,0,0.22534306
6972,valid,0,0.06097416
7926,valid,0,0.02758825
9728,valid,0,0.02693639
7636,valid,0,0.120620646
7708,valid,0,0.02693639
3383,valid,0,0.029807368
977,valid,0,0.02693639
7378,valid,0,0.2768557
10986,valid,0,0.08781895
3152,valid,0,0.2010417
3132,valid,0,0.2075168
2092,valid,0,0.029119018
4564,valid,0,0.07338383
6853,valid,0,0.16224213
5991,valid,0,0.22659464
4383,valid,0,0.033650793
9679,valid,0,0.03969562
9725,valid,0,0.02693639
282,valid,0,0.18233865
1397,valid,0,0.14227805
8757,valid,0,0.28559142
9286,valid,0,0.06105893
3002,valid,0,0.26260647
4256,valid,0,0.34181312
9537,valid,0,0.19417372
5223,valid,0,0.027848838
10802,valid,0,0.028832655
8573,valid,0,0.3733856
6387,valid,0,0.054405548
5200,valid,0,0.02693639
3125,valid,0,0.09104443
5655,valid,0,0.09011758
5220,valid,0,0.034482755
6703,valid,0,0.20049903
10523,valid,0,0.029807368
5543,valid,0,0.02693639
3380,valid,0,0.3488347
3283,valid,0,0.028832655
9312,valid,0,0.13806985
1487,valid,0,0.071753055
7169,valid,0,0.099536136
8650,valid,0,0.028832655
8294,valid,0,0.02693639
8579,valid,0,0.27314812
5337,valid,0,0.02693639
9216,valid,0,0.02693639
3682,valid,0,0.169487
403,valid,0,0.072632775
7854,valid,0,0.128558
10856,valid,0,0.030103114
5795,valid,0,0.028832655
9865,valid,0,0.030103114
7630,valid,0,0.22182019
192,valid,0,0.0319113
8691,valid,0,0.37432954
2099,valid,0,0.061796706
7760,valid,0,0.25613543
1611,valid,0,0.25090244
9049,valid,0,0.029119018
6305,valid,0,0.02693639
10919,valid,0,0.04379905
3450,valid,0,0.10309361
6727,valid,0,0.02693639
1347,valid,0,0.054405548
5812,valid,0,0.10051319
9310,valid,0,0.20190842
1475,valid,0,0.16413255
9164,valid,0,0.04691644
2893,valid,0,0.16767979
402,valid,0,0.23295456
5780,valid,0,0.3733856
4424,valid,0,0.07915507
823,valid,0,0.02693639
9544,valid,0,0.33297065
9281,valid,0,0.072985336
1615,valid,0,0.1791625
9935,valid,0,0.3550785
139,valid,0,0.0804744
10991,valid,0,0.20638177
1663,valid,0,0.16146885
1342,valid,0,0.028832655
6593,valid,0,0.02693639
2141,valid,0,0.027848838
8985,valid,0,0.02693639
9717,valid,0,0.13368225
1336,valid,0,0.054953508
7158,valid,0,0.02693639
4605,valid,0,0.02693639
1720,valid,0,0.028688285
8004,valid,0,0.028688285
9403,valid,0,0.028688285
6391,valid,0,0.047808886
8449,valid,0,0.032080594
689,valid,0,0.12520579
4038,valid,0,0.2656539
8298,valid,0,0.02693639
2419,valid,0,0.02693639
6731,valid,0,0.13450913
5608,valid,0,0.028125715
2908,valid,0,0.15571587
7176,valid,0,0.056247734
6069,valid,0,0.10709818
10140,valid,0,0.027204448
6859,valid,0,0.21793018
2918,valid,0,0.02693639
2351,valid,0,0.19670032
976,valid,0,0.17304821
5654,valid,0,0.056247734
8941,valid,0,0.14325592
3130,valid,0,0.02693639
4489,valid,0,0.10021576
7688,valid,0,0.26121724
3215,valid,0,0.02693639
9302,valid,0,0.055130806
8006,valid,0,0.2616172
7224,valid,0,0.02693639
253,valid,0,0.026720973
10362,valid,0,0.027848838
7896,valid,0,0.02693639
4142,valid,0,0.02693639
187,valid,0,0.027848838
115,valid,0,0.026720973
9960,valid,0,0.23140824
1863,valid,0,0.34537306
3524,valid,0,0.02693639
127,valid,0,0.027901057
4132,valid,0,0.07096821
3555,valid,0,0.17380187
8939,valid,0,0.2429278
9314,valid,0,0.026720973
8685,valid,0,0.1985303
5768,valid,0,0.06333737
5277,valid,0,0.23235576
9818,valid,0,0.22351474
10349,valid,0,0.026720973
2379,valid,0,0.23032533
5331,valid,0,0.026720973
6034,valid,0,0.27207676
179,valid,0,0.06333737
5994,valid,0,0.2036383
1849,valid,0,0.026720973
2122,valid,0,0.34270868
5699,valid,0,0.056881826
9731,valid,0,0.056881826
3545,valid,0,0.056537908
9547,valid,0,0.5437824
4391,valid,0,0.026720973
2013,valid,0,0.026720973
8588,valid,0,0.026720973
2024,valid,0,0.026720973
9106,valid,0,0.095028445
8695,valid,0,0.063450195
10417,valid,0,0.11151332
10908,valid,0,0.103477426
1375,valid,0,0.026720973
5988,valid,0,0.110606015
254,valid,0,0.026986947
6969,valid,0,0.20594294
9538,valid,0,0.026720973
3182,valid,0,0.12020102
8687,valid,0,0.026720973
3146,valid,0,0.2598932
6038,valid,0,0.21390784
5766,valid,0,0.041932207
2966,valid,0,0.2803448
3549,valid,0,0.026720973
10640,valid,0,0.060699277
1367,valid,0,0.026720973
3490,valid,0,0.026720973
7275,valid,0,0.21065609
183,valid,0,0.028602522
4263,valid,0,0.42415634
5691,valid,0,0.028843172
10354,valid,0,0.34471405
9065,valid,0,0.043342195
270,valid,0,0.02668065
8330,valid,0,0.026720973
8763,valid,0,0.2325278
2016,valid,0,0.026720973
10333,valid,0,0.044129547
267,valid,0,0.02668065
7014,valid,0,0.19620624
5210,valid,0,0.18607688
239,valid,0,0.02668065
1662,valid,0,0.03797052
133,valid,0,0.02668065
10700,valid,0,0.026720973
8533,valid,0,0.028843172
4168,valid,0,0.026528997
6074,valid,0,0.02758468
9090,valid,0,0.27497384
6976,valid,0,0.24147746
5173,valid,0,0.4110281
9080,valid,0,0.02668065
5267,valid,0,0.33084258
3228,valid,0,0.72487545
7402,valid,0,0.33737022
1403,valid,0,0.5287876
1411,valid,0,0.3235451
5274,valid,0,0.03100712
5571,valid,0,0.1736075
9079,valid,0,0.4088078
6393,valid,0,0.05110854
3465,valid,0,0.56127644
7408,valid,0,0.027399214
10790,valid,0,0.065210454
4039,valid,0,0.027399214
2734,valid,0,0.03834406
3668,valid,0,0.21738024
10518,valid,0,0.05110854
9854,valid,0,0.09032166
2727,valid,0,0.09032166
9308,valid,0,0.31217283
8921,valid,0,0.027399214
8049,valid,0,0.574703
628,valid,0,0.0295252
7983,valid,0,0.2564437
1490,valid,0,0.0296182
3451,valid,0,0.02668065
10526,valid,0,0.056105778
8291,valid,0,0.027399214
7253,valid,0,0.027399214
9902,valid,0,0.51682395
7892,valid,0,0.21080074
8940,valid,0,0.48906988
4267,valid,0,0.23636048
7893,valid,0,0.048377234
4610,valid,0,0.053910255
8234,valid,0,0.14034228
2976,valid,0,0.057078376
9822,valid,0,0.0542853
1825,valid,0,0.05858326
8530,valid,0,0.15190065
9099,valid,0,0.109781496
10711,valid,0,0.14507046
6742,valid,0,0.18728937
1850,valid,0,0.14197457
2118,valid,0,0.17601067
1399,valid,0,0.18142276
7701,valid,0,0.22784364
11034,valid,0,0.16157573
8457,valid,0,0.12049523
8374,valid,0,0.13518588
4496,valid,0,0.04085159
8648,valid,0,0.13459523
9167,valid,0,0.22017024
288,valid,0,0.18053456
5191,valid,0,0.24339041
5171,valid,0,0.02693639
5203,valid,0,0.2898703
5964,valid,0,0.02693639
9682,valid,0,0.19680534
2417,valid,0,0.1651967
9809,valid,0,0.0341455
7251,valid,0,0.02693639
2154,valid,0,0.14704883
9670,valid,0,0.02952901
10293,valid,0,0.14633924
9735,valid,0,0.04525614
10911,valid,0,0.23900285
7428,valid,0,0.04691644
1721,valid,0,0.028832655
5181,valid,0,0.027848838
10983,valid,0,0.13123134
2426,valid,0,0.0341455
6086,valid,0,0.1006322
1485,valid,0,0.028832655
6987,valid,0,0.097574376
1402,valid,0,0.045826476
2032,valid,0,0.028420076
3669,valid,0,0.02693639
4261,valid,0,0.043395884
10693,valid,0,0.1539672
3876,valid,0,0.14619839
7693,valid,0,0.1458006
10650,valid,0,0.02693639
4050,valid,0,0.02693639
9944,valid,0,0.029807368
6596,valid,0,0.14149405
4617,valid,0,0.02693639
1492,valid,0,0.027848838
2728,valid,0,0.41300437
5800,valid,0,0.11107572
281,valid,0,0.02693639
7423,valid,0,0.027848838
5,valid,0,0.02693639
6704,valid,0,0.027306845
9689,valid,0,0.02693639
6998,valid,0,0.02693639
9657,valid,0,0.26427168
10982,valid,0,0.11665717
7020,valid,0,0.44213495
3133,valid,0,0.02693639
2895,valid,0,0.027848838
5968,valid,0,0.15109503
10644,valid,0,0.2926127
4624,valid,0,0.19653995
9226,valid,0,0.18475923
8943,valid,0,0.03448978
7919,valid,0,0.033650793
9941,valid,0,0.028973263
2353,valid,0,0.36204723
7214,valid,0,0.27088115
4493,valid,0,0.028973263
2744,valid,0,0.033650793
9627,valid,0,0.13270567
2160,valid,0,0.22138633
5713,valid,0,0.18926904
4046,valid,0,0.04295036
4639,valid,0,0.1568849
3538,valid,0,0.22847745
8340,valid,0,0.02693639
3200,valid,0,0.042533923
3680,valid,0,0.112868935
8986,valid,0,0.24574806
9817,valid,0,0.059934698
283,valid,0,0.38192943
8938,valid,0,0.23843847
826,valid,0,0.02693639
849,valid,0,0.2837652
3518,valid,0,0.2024701
7407,valid,0,0.104855
2165,valid,0,0.22138633
3788,valid,0,0.061893843
138,valid,0,0.02693639
7886,valid,0,0.027848838
8574,valid,0,0.22098993
9224,valid,0,0.02693639
7255,valid,0,0.27882814
10416,valid,0,0.11127333
5663,valid,0,0.25641835
242,valid,0,0.37511057
840,valid,0,0.32709226
3237,valid,0,0.02693639
3556,valid,0,0.02693639
7279,valid,0,0.03711418
391,valid,0,0.16931769
9601,valid,0,0.21128011
10695,valid,0,0.02693639
8016,valid,0,0.02693639
6584,valid,0,0.028832655
1647,valid,0,0.030103114
9939,valid,0,0.2083222
9598,valid,0,0.13002995
5344,valid,0,0.02693639
3134,valid,0,0.033650793
5546,valid,0,0.15497658
131,valid,0,0.093561515
4047,valid,0,0.02693639
3230,valid,0,0.027204448
1692,valid,0,0.02693639
6085,valid,0,0.02693639
7878,valid,0,0.052416373
2111,valid,0,0.22127002
10671,valid,0,0.22689034
10449,valid,0,0.02693639
5970,valid,0,0.032227226
130,valid,0,0.07359469
1398,valid,0,0.31373414
135,valid,0,0.02693639
5276,valid,0,0.02693639
8232,valid,0,0.047373652
6705,valid,0,0.02693639
5323,valid,0,0.028832655
10638,valid,0,0.0663858
827,valid,0,0.20082816
20,valid,0,0.032307133
6857,valid,0,0.02693639
6390,valid,0,0.07382404
9321,valid,0,0.02693639
8295,valid,0,0.02693639
4392,valid,0,0.02693639
5653,valid,0,0.1432582
3128,valid,0,0.02693639
9855,valid,0,0.20989168
2012,valid,0,0.027848838
9864,valid,0,0.22577585
7916,valid,0,0.02693639
10789,valid,0,0.05613381
5792,valid,0,0.029119018
2110,valid,0,0.04627359
822,valid,0,0.02693639
8086,valid,0,0.18475923
8890,valid,0,0.02693639
10532,valid,0,0.21223667
4570,valid,0,0.18746303
973,valid,0,0.29164523
626,valid,0,0.30675375
814,valid,0,0.30787367
5650,valid,0,0.028832655
1651,valid,0,0.07305977
8698,valid,0,0.04691644
240,valid,0,0.07290378
2432,valid,0,0.07290378
2162,valid,0,0.071402065
2358,valid,0,0.047373652
256,valid,0,0.12934214
10183,valid,0,0.028832655
9624,valid,0,0.04379905
6699,valid,0,0.27788088
2299,valid,0,0.04379905
8514,valid,0,0.054336973
5341,valid,0,0.02693639
4621,valid,0,0.02693639
7225,valid,0,0.02693639
9806,valid,0,0.11297029
120,valid,0,0.02693639
8066,valid,0,0.39364463
7010,valid,0,0.10898982
2015,valid,0,0.027306845
2967,valid,0,0.27106047
4296,valid,0,0.32257912
2362,valid,0,0.18508092
1855,valid,0,0.11339252
9295,valid,0,0.027848838
7707,valid,0,0.050839137
8589,valid,0,0.02693639
7156,valid,0,0.02693639
7221,valid,0,0.02693639
9077,valid,0,0.02693639
1722,valid,0,0.03448978
8044,valid,0,0.02693639
10708,valid,0,0.18041083
10680,valid,0,0.27088115
8057,valid,0,0.02693639
9203,valid,0,0.02693639
2292,valid,0,0.02693639
10705,valid,0,0.02693639
10360,valid,0,0.15835881
9605,valid,0,0.02693639
853,valid,0,0.02693639
7264,valid,0,0.02693639
8761,valid,0,0.02693639
10921,valid,0,0.059934698
2365,valid,0,0.027848838
4423,valid,0,0.08101112
233,valid,0,0.02693639
6030,valid,0,0.071402065
9061,valid,0,0.02693639
2428,valid,0,0.04379905
4393,valid,0,0.02693639
8371,valid,0,0.2133207
635,valid,0,0.027306845
1711,valid,0,0.027306845
2363,valid,0,0.029687015
5484,valid,0,0.029687015
9214,valid,0,0.02693639
4611,valid,0,0.20106621
9608,valid,0,0.027306845
1658,valid,0,0.027306845
6965,valid,0,0.04847196
7152,valid,0,0.02693639
9088,valid,0,0.02693639
2907,valid,0,0.22739455
9602,valid,0,0.02693639
10365,valid,0,0.07855277
10492,valid,0,0.3130596
9908,valid,0,0.042533923
7994,valid,0,0.043992832
8936,valid,0,0.14663537
1338,valid,0,0.2215463
828,valid,0,0.02693639
2041,valid,0,0.028832655
3145,valid,0,0.033650793
8722,valid,0,0.056247734
10415,valid,0,0.056247734
636,valid,0,0.10060106
9683,valid,0,0.02693639
2170,valid,0,0.02693639
5813,valid,0,0.28462
5550,valid,0,0.02693639
2296,valid,0,0.035293292
845,valid,0,0.02693639
7872,valid,0,0.056247734
4053,valid,0,0.02693639
1652,valid,0,0.19474825
4324,valid,0,0.05096247
271,valid,0,0.02693639
5610,valid,0,0.18592496
6572,valid,0,0.11375477
8284,valid,0,0.042533923
9162,valid,0,0.042533923
9676,valid,0,0.02693639
7406,valid,0,0.14235023
1391,valid,0,0.029687015
388,valid,0,0.056247734
4342,valid,0,0.02693639
5553,valid,0,0.02693639
852,valid,0,0.033650793
3012,valid,0,0.027306845
5544,valid,0,0.027306845
5263,valid,0,0.048943557
7702,valid,0,0.027204448
9868,valid,0,0.029807368
124,valid,0,0.1268316
9938,valid,0,0.23840164
117,valid,0,0.02693639
7398,valid,0,0.02693639
2923,valid,0,0.13402016
6573,valid,0,0.028832655
5201,valid,0,0.033650793
4434,valid,0,0.1086465
6697,valid,0,0.033650793
248,valid,0,0.059934698
811,valid,0,0.02693639
9548,valid,0,0.23130651
1701,valid,0,0.02693639
7634,valid,0,0.056247734
2384,valid,0,0.02693639
7218,valid,0,0.027848838
2411,valid,0,0.02693639
5334,valid,0,0.2680494
8376,valid,0,0.14757532
8349,valid,0,0.028688285
1484,valid,0,0.056247734
2984,valid,0,0.027204448
3678,valid,0,0.02693639
8005,valid,0,0.02693639
10544,valid,0,0.044227302
6717,valid,0,0.02693639
8891,valid,0,0.02693639
9235,valid,0,0.027306845
2,valid,0,0.027306845
8887,valid,0,0.14524017
8054,valid,0,0.02693639
6738,valid,0,0.02693639
9161,valid,0,0.02693639
4056,valid,0,0.02693639
226,valid,0,0.02693639
1237,valid,0,0.056247734
3468,valid,0,0.02693639
2368,valid,0,0.02693639
9955,valid,0,0.027204448
5771,valid,0,0.032080594
125,valid,0,0.044227302
9629,valid,0,0.106781885
9848,valid,0,0.027306845
3004,valid,0,0.056247734
3482,valid,0,0.37511057
8874,valid,0,0.032307133
3151,valid,0,0.02693639
8084,valid,0,0.16413255
2424,valid,0,0.027848838
6723,valid,0,0.17022203
2905,valid,0,0.02693639
9953,valid,0,0.04691644
851,valid,0,0.02693639
9847,valid,0,0.059934698
1607,valid,0,0.2774311
4322,valid,0,0.02693639
2105,valid,0,0.17218778
9860,valid,0,0.02693639
8001,valid,0,0.284091
5808,valid,0,0.059124555
10651,valid,0,0.027204448
10332,valid,0,0.054953508
3124,valid,0,0.056247734
1861,valid,0,0.02693639
9545,valid,0,0.030103114
9531,valid,0,0.02693639
9047,valid,0,0.02693639
6075,valid,0,0.02693639
848,valid,0,0.02693639
5483,valid,0,0.02693639
3126,valid,0,0.028688285
7410,valid,0,0.02693639
3221,valid,0,0.027848838
4054,valid,0,0.29817507
9832,valid,0,0.20212105
10174,valid,0,0.071402065
1374,valid,0,0.05187982
6995,valid,0,0.22274882
7921,valid,0,0.02693639
7990,valid,0,0.042533923
837,valid,0,0.042533923
9317,valid,0,0.02693639
641,valid,0,0.02693639
5177,valid,0,0.027848838
2129,valid,0,0.02693639
8296,valid,0,0.02693639
8976,valid,0,0.02693639
6583,valid,0,0.029687015
3665,valid,0,0.02693639
2737,valid,0,0.027306845
4034,valid,0,0.027306845
8651,valid,0,0.04691644
3558,valid,0,0.22463162
9844,valid,0,0.23236991
7007,valid,0,0.02693639
4252,valid,0,0.02693639
9209,valid,0,0.02693639
7996,valid,0,0.056247734
8752,valid,0,0.02693639
1871,valid,0,0.02693639
9614,valid,0,0.04691644
10648,valid,0,0.02693639
3398,valid,0,0.14686924
2017,valid,0,0.02693639
9225,valid,0,0.15077539
9834,valid,0,0.02693639
8886,valid,0,0.02693639
8705,valid,0,0.074246936
7629,valid,0,0.027848838
9215,valid,0,0.027848838
241,valid,0,0.02693639
3231,valid,0,0.02693639
9057,valid,0,0.02693639
1478,valid,0,0.028832655
6841,valid,0,0.02693639
7153,valid,0,0.02693639
7155,valid,0,0.027848838
3191,valid,0,0.027848838
10496,valid,0,0.03711418
6035,valid,0,0.02693639
6964,valid,0,0.06051072
6026,valid,0,0.027306845
8456,valid,0,0.029119018
4148,valid,0,0.02693639
9108,valid,0,0.11310957
4327,valid,0,0.02693639
8646,valid,0,0.028832655
820,valid,0,0.14690827
9720,valid,0,0.033650793
10979,valid,0,0.112214014
9103,valid,0,0.06333737
9285,valid,0,0.21336944
108,valid,0,0.43083945
7207,valid,0,0.05130504
4169,valid,0,0.027626332
5607,valid,0,0.028602522
9609,valid,0,0.33678284
1706,valid,0,0.02693639
4632,valid,0,0.02693639
2486,valid,0,0.09128938
5702,valid,0,0.4080588
5329,valid,0,0.033650793
4328,valid,0,0.02693639
8045,valid,0,0.02693639
2915,valid,0,0.07290378
2293,valid,0,0.045826476
10799,valid,0,0.043879855
8565,valid,0,0.026720973
9206,valid,0,0.15397067
10291,valid,0,0.032080594
8289,valid,0,0.026720973
8878,valid,0,0.026720973
9323,valid,0,0.026720973
5960,valid,0,0.27008098
6996,valid,0,0.028602522
4335,valid,0,0.026720973
8329,valid,0,0.026720973
9710,valid,0,0.026720973
1183,valid,0,0.37848723
181,valid,0,0.082717
290,valid,0,0.026720973
7172,valid,0,0.045826476
854,valid,0,0.026720973
7396,valid,0,0.060699277
6729,valid,0,0.22762291
9867,valid,0,0.046976924
7891,valid,0,0.026720973
10359,valid,0,0.07915366
2481,valid,0,0.19005685
8922,valid,0,0.026720973
2921,valid,0,0.026720973
846,valid,0,0.026720973
980,valid,0,0.1431378
9401,valid,0,0.04465494
2370,valid,0,0.39334962
10425,valid,0,0.02693639
1606,valid,0,0.02693639
9600,valid,0,0.026720973
8515,valid,0,0.026720973
8918,valid,0,0.026720973
6598,valid,0,0.026720973
835,valid,0,0.026720973
3488,valid,0,0.026720973
10703,valid,0,0.026720973
8883,valid,0,0.026720973
10641,valid,0,0.026720973
1625,valid,0,0.026720973
7685,valid,0,0.02693639
9089,valid,0,0.026720973
2483,valid,0,0.15728126
2414,valid,0,0.17051806
2143,valid,0,0.06333737
5473,valid,0,0.06508291
1581,valid,0,0.027626332
3142,valid,0,0.026720973
10324,valid,0,0.12170967
7766,valid,0,0.081363924
2005,valid,0,0.2769756
3149,valid,0,0.026720973
7690,valid,0,0.026720973
6587,valid,0,0.16413255
2106,valid,0,0.026720973
6746,valid,0,0.02693639
6079,valid,0,0.026720973
10540,valid,0,0.26884273
2892,valid,0,0.47070125
607,valid,0,0.06682282
4377,valid,0,0.026720973
2888,valid,0,0.041932207
7999,valid,0,0.026720973
9736,valid,0,0.10478802
400,valid,0,0.03381944
614,valid,0,0.06333737
6601,valid,0,0.02693639
1853,valid,0,0.06682282
7403,valid,0,0.026720973
3535,valid,0,0.02693639
8446,valid,0,0.13819453
3144,valid,0,0.026720973
7631,valid,0,0.14425759
5811,valid,0,0.041932207
264,valid,0,0.3992659
6067,valid,0,0.026720973
7012,valid,0,0.026569098
4309,valid,0,0.047434695
9730,valid,0,0.026720973
7917,valid,0,0.2146211
6599,valid,0,0.032307133
2914,valid,0,0.028602522
4055,valid,0,0.026720973
1595,valid,0,0.03450662
7416,valid,0,0.026720973
3770,valid,0,0.07076915
9882,valid,0,0.047434695
3878,valid,0,0.14614244
9046,valid,0,0.063831225
7159,valid,0,0.026720973
4302,valid,0,0.17172885
6031,valid,0,0.027626332
3459,valid,0,0.026720973
7397,valid,0,0.027469454
4048,valid,0,0.026720973
7252,valid,0,0.026720973
9227,valid,0,0.06674423
5343,valid,0,0.026720973
3011,valid,0,0.06508291
252,valid,0,0.026720973
6715,valid,0,0.026720973
8748,valid,0,0.026720973
985,valid,0,0.033383522
992,valid,0,0.026720973
8584,valid,0,0.026720973
8721,valid,0,0.054373946
2750,valid,0,0.026720973
10794,valid,0,0.16483545
5814,valid,0,0.028602522
2420,valid,0,0.03381944
268,valid,0,0.028886668
1857,valid,0,0.030177763
9204,valid,0,0.027306845
4308,valid,0,0.027306845
3486,valid,0,0.45002633
7119,valid,0,0.028602522
855,valid,0,0.026720973
4323,valid,0,0.026720973
7694,valid,0,0.026720973
1584,valid,0,0.28580415
2155,valid,0,0.026720973
8765,valid,0,0.17637561
7268,valid,0,0.060699277
9172,valid,0,0.12199758
1598,valid,0,0.12199758
9532,valid,0,0.026720973
2275,valid,0,0.22367193
1518,valid,0,0.026720973
1698,valid,0,0.026720973
3141,valid,0,0.026720973
3123,valid,0,0.026720973
815,valid,0,0.026720973
9092,valid,0,0.026569098
4320,valid,0,0.026720973
829,valid,0,0.026720973
7160,valid,0,0.026986947
3533,valid,0,0.026720973
1381,valid,0,0.16410032
9282,valid,0,0.026720973
2158,valid,0,0.3309844
6979,valid,0,0.046976924
10646,valid,0,0.026720973
8288,valid,0,0.026720973
3467,valid,0,0.026720973
9296,valid,0,0.112879254
8570,valid,0,0.05166421
6306,valid,0,0.22386561
1528,valid,0,0.043879855
2408,valid,0,0.052008122
10455,valid,0,0.026720973
3460,valid,0,0.026569098
100,valid,0,0.026720973
1695,valid,0,0.026720973
7368,valid,0,0.16914487
2399,valid,0,0.026720973
137,valid,0,0.026720973
9222,valid,0,0.05866724
11031,valid,0,0.06333737
5574,valid,0,0.026720973
2423,valid,0,0.026720973
7691,valid,0,0.026720973
5987,valid,0,0.07709298
2100,valid,0,0.03381944
4150,valid,0,0.31762147
2116,valid,0,0.13188438
9677,valid,0,0.3290005
7115,valid,0,0.122341156
7888,valid,0,0.026720973
9850,valid,0,0.033383522
7413,valid,0,0.06682282
6971,valid,0,0.2980693
9942,valid,0,0.032724384
5183,valid,0,0.026720973
686,valid,0,0.07517362
2018,valid,0,0.026720973
4298,valid,0,0.045267012
2034,valid,0,0.026569098
8229,valid,0,0.028886668
9093,valid,0,0.026720973
10864,valid,0,0.026720973
9311,valid,0,0.21143736
9309,valid,0,0.026720973
10653,valid,0,0.3309844
8997,valid,0,0.026720973
2960,valid,0,0.11138636
9299,valid,0,0.033383522
7277,valid,0,0.026720973
136,valid,0,0.026720973
8696,valid,0,0.026720973
10452,valid,0,0.026720973
5560,valid,0,0.026720973
843,valid,0,0.026720973
3559,valid,0,0.026720973
2163,valid,0,0.026720973
4384,valid,0,0.026569098
6230,valid,0,0.06333737
9293,valid,0,0.3304857
101,valid,0,0.026720973
4186,valid,0,0.026720973
251,valid,0,0.026720973
3464,valid,0,0.026720973
236,valid,0,0.026720973
6603,valid,0,0.026720973
8351,valid,0,0.026720973
10421,valid,0,0.22684136
9691,valid,0,0.10134867
5563,valid,0,0.026720973
4329,valid,0,0.027626332
3553,valid,0,0.026720973
5478,valid,0,0.041932207
8877,valid,0,0.21525602
1851,valid,0,0.026720973
8880,valid,0,0.026720973
8281,valid,0,0.29236606
8297,valid,0,0.060699277
2430,valid,0,0.22799675
3544,valid,0,0.026720973
2406,valid,0,0.026720973
8756,valid,0,0.026720973
8000,valid,0,0.026720973
5690,valid,0,0.046976924
10677,valid,0,0.043879855
5165,valid,0,0.026720973
7689,valid,0,0.05093222
2372,valid,0,0.026720973
4319,valid,0,0.026720973
6991,valid,0,0.026720973
11027,valid,0,0.06333737
2922,valid,0,0.060699277
10858,valid,0,0.033874437
9678,valid,0,0.026569098
90,valid,0,0.14297524
3513,valid,0,0.35572687
9533,valid,0,0.026569098
3294,valid,0,0.026569098
9083,valid,0,0.026720973
991,valid,0,0.026720973
9959,valid,0,0.07850781
1866,valid,0,0.026720973
8534,valid,0,0.049619008
3232,valid,0,0.033383522
10673,valid,0,0.028602522
5804,valid,0,0.06333737
1715,valid,0,0.026720973
974,valid,0,0.22453366
4389,valid,0,0.060699277
6245,valid,0,0.06333737
286,valid,0,0.049469825
275,valid,0,0.060699277
263,valid,0,0.026720973
6978,valid,0,0.06333737
6837,valid,0,0.026720973
1603,valid,0,0.1366055
1605,valid,0,0.32696205
8019,valid,0,0.3376707
2048,valid,0,0.15626775
273,valid,0,0.026720973
230,valid,0,0.026720973
4305,valid,0,0.040081285
6736,valid,0,0.026720973
2167,valid,0,0.060699277
9654,valid,0,0.029569691
3456,valid,0,0.026720973
289,valid,0,0.07517362
8876,valid,0,0.026720973
10541,valid,0,0.045267012
6579,valid,0,0.081915915
3192,valid,0,0.12137327
3656,valid,0,0.026720973
1710,valid,0,0.026720973
8332,valid,0,0.026720973
8090,valid,0,0.056932002
7220,valid,0,0.16568625
10866,valid,0,0.026720973
3473,valid,0,0.026720973
7381,valid,0,0.046976767
6045,valid,0,0.02668065
2042,valid,0,0.026720973
2359,valid,0,0.027626332
4184,valid,0,0.026986947
9712,valid,0,0.3073916
1593,valid,0,0.026720973
2919,valid,0,0.026720973
9405,valid,0,0.041932207
9597,valid,0,0.026720973
2736,valid,0,0.026720973
1238,valid,0,0.03381944
9899,valid,0,0.026720973
8324,valid,0,0.050371353
2367,valid,0,0.34389558
3227,valid,0,0.2935471
4262,valid,0,0.02668065
3515,valid,0,0.02668065
5339,valid,0,0.02668065
4149,valid,0,0.027901057
3224,valid,0,0.27340075
9097,valid,0,0.13409908
2056,valid,0,0.02668065
5651,valid,0,0.02855944
9071,valid,0,0.02668065
2020,valid,0,0.1704002
7198,valid,0,0.4020182
2108,valid,0,0.06956742
5797,valid,0,0.042922143
8292,valid,0,0.040081285
5764,valid,0,0.22954127
8011,valid,0,0.3767849
4648,valid,0,0.3053952
7260,valid,0,0.02693639
4044,valid,0,0.43269774
2049,valid,0,0.095526494
9043,valid,0,0.02668065
9073,valid,0,0.02668065
1700,valid,0,0.037683904
10714,valid,0,0.02668065
7769,valid,0,0.03665712
5207,valid,0,0.10248599
118,valid,0,0.4011734
696,valid,0,0.04667889
8923,valid,0,0.27100578
4045,valid,0,0.02668065
7117,valid,0,0.1329183
10489,valid,0,0.02668065
5700,valid,0,0.25870982
2148,valid,0,0.02668065
8978,valid,0,0.02758468
8322,valid,0,0.028843172
6301,valid,0,0.02668065
4297,valid,0,0.32281518
10685,valid,0,0.06298427
7920,valid,0,0.02668065
4435,valid,0,0.37768665
1341,valid,0,0.07561378
5214,valid,0,0.18480287
1626,valid,0,0.02668065
6313,valid,0,0.02668065
7150,valid,0,0.5078234
6577,valid,0,0.073421456
8323,valid,0,0.17510854
4622,valid,0,0.02668065
9546,valid,0,0.02668065
2402,valid,0,0.02668065
3667,valid,0,0.5350923
4565,valid,0,0.06771031
6856,valid,0,0.02668065
1812,valid,0,0.050371353
2898,valid,0,0.073421456
1852,valid,0,0.5455728
6392,valid,0,0.073421456
3127,valid,0,0.02668065
2725,valid,0,0.04664707
2482,valid,0,0.073421456
9835,valid,0,0.44265097
6852,valid,0,0.03100712
7269,valid,0,0.4077155
9692,valid,0,0.026528997
10690,valid,0,0.044666767
1407,valid,0,0.07561378
1,valid,0,0.03100712
4303,valid,0,0.05110854
6308,valid,0,0.027399214
8338,valid,0,0.027399214
7989,valid,0,0.078047074
7991,valid,0,0.042922143
10446,valid,0,0.042922143
9207,valid,0,0.03205292
8303,valid,0,0.029327076
1821,valid,0,0.030618634
176,valid,0,0.073421456
9074,valid,0,0.31520447
6238,valid,0,0.24727592
2980,valid,0,0.065210454
2046,valid,0,0.43717676
6741,valid,0,0.02832688
5658,valid,0,0.07561378
6073,valid,0,0.02668065
1671,valid,0,0.24908961
7266,valid,0,0.03100712
1872,valid,0,0.027399214
1353,valid,0,0.030618634
2131,valid,0,0.21711361
10287,valid,0,0.029327076
224,valid,0,0.07039488
4487,valid,0,0.16996415
7021,valid,0,0.16276501
7632,valid,0,0.028843172
5194,valid,0,0.49377167
9111,valid,0,0.06324793
7409,valid,0,0.02668065
2409,valid,0,0.027399214
11026,valid,0,0.06771031
4190,valid,0,0.027399214
10798,valid,0,0.06928099
6307,valid,0,0.027399214
6040,valid,0,0.02832688
7882,valid,0,0.02832688
8454,valid,0,0.3940672
4618,valid,0,0.63518465
7982,valid,0,0.065210454
3147,valid,0,0.3718396
8567,valid,0,0.34390596
2153,valid,0,0.25837907
2896,valid,0,0.073421456
5773,valid,0,0.21204288
6849,valid,0,0.02758468
3392,valid,0,0.06771031
2361,valid,0,0.03100712
8885,valid,0,0.027399214
1859,valid,0,0.07077517
10654,valid,0,0.041296937
3879,valid,0,0.052015975
836,valid,0,0.027399214
7161,valid,0,0.43106022
9595,valid,0,0.02832688
6299,valid,0,0.14789999
10530,valid,0,0.037018236
3136,valid,0,0.19778024
186,valid,0,0.0296182
9596,valid,0,0.02668065
3786,valid,0,0.48768312
1243,valid,0,0.31095368
7005,valid,0,0.3118055
9910,valid,0,0.02668065
1604,valid,0,0.042922143
3189,valid,0,0.050371353
9315,valid,0,0.07826069
7695,valid,0,0.338419
2356,valid,0,0.02668065
4641,valid,0,0.4409077
10179,valid,0,0.047342658
2011,valid,0,0.50588584
4627,valid,0,0.027399214
200,valid,0,0.20940532
9054,valid,0,0.06410742
9885,valid,0,0.06410742
1362,valid,0,0.22705284
5694,valid,0,0.06771031
3212,valid,0,0.065210454
4173,valid,0,0.5788824
8301,valid,0,0.027399214
7206,valid,1,0.45179302
10859,valid,0,0.07561378
1339,valid,0,0.45161197
5184,valid,0,0.3679888
5704,valid,0,0.052015975
10057,valid,0,0.078047074
1360,valid,0,0.58509916
119,valid,0,0.03333349
6592,valid,0,0.041296937
9907,valid,0,0.027399214
5777,valid,0,0.065210454
857,valid,0,0.027399214
7165,valid,0,0.073421456
4311,valid,0,0.065210454
3527,valid,0,0.02724359
9856,valid,0,0.02668065
7110,valid,0,0.3458779
4502,valid,0,0.0296182
2157,valid,0,0.02668065
5166,valid,0,0.47836113
8992,valid,0,0.48156545
7980,valid,0,0.065210454
7179,valid,0,0.065210454
1858,valid,0,0.04664707
11017,valid,0,0.065210454
5609,valid,0,0.15341394
8929,valid,0,0.027399214
9606,valid,0,0.027399214
4178,valid,0,0.20974988
8382,valid,0,0.22547771
4491,valid,0,0.065210454
8944,valid,0,0.342727
7880,valid,0,0.3525695
10783,valid,0,0.065210454
2171,valid,0,0.03100712
9862,valid,0,0.2403324
1816,valid,0,0.15958235
9289,valid,0,0.027399214
2890,valid,0,0.030618634
249,valid,0,0.24605004
3487,valid,0,0.41424888
3233,valid,0,0.31217694
9320,valid,0,0.02668065
8235,valid,0,0.028843172
7885,valid,0,0.027399214
5790,valid,0,0.060172964
1608,valid,0,0.20010594
6839,valid,0,0.027399214
4147,valid,0,0.027399214
5796,valid,0,0.065210454
132,valid,0,0.02724359
3540,valid,0,0.33830252
3234,valid,0,0.4006778
2440,valid,0,0.3331643
7013,valid,0,0.2976876
5198,valid,0,0.25274855
856,valid,0,0.02724359
10519,valid,0,0.16850051
5980,valid,0,0.56019336
6597,valid,0,0.32059085
9075,valid,0,0.32704523
8889,valid,0,0.02832688
4250,valid,0,0.19107215
6961,valid,0,0.23813456
1481,valid,0,0.12051768
1577,valid,0,0.04691644
7108,valid,0,0.14119846
4613,valid,0,0.028688285
7105,valid,0,0.06689166
4295,valid,0,0.037444796
3792,valid,0,0.088627316
250,valid,0,0.042533923
7898,valid,0,0.028688285
2891,valid,0,0.030703986
1811,valid,0,0.06270714
9168,valid,0,0.040966585
3455,valid,0,0.040966585
10716,valid,0,0.107980326
6726,valid,0,0.04920903
5667,valid,0,0.10412989
13,valid,0,0.07397391
1862,valid,0,0.054405548
5271,valid,0,0.047498412
8657,valid,0,0.094680406
10674,valid,0,0.054405548
6068,valid,0,0.107596114
9711,valid,0,0.05293174
8052,valid,0,0.028688285
9101,valid,0,0.028688285
1380,valid,0,0.064627595
2159,valid,0,0.028688285
3554,valid,0,0.08741283
2052,valid,0,0.037242282
5809,valid,0,0.07420575
3661,valid,0,0.047109794
7753,valid,0,0.15056393
693,valid,0,0.12457152
627,valid,0,0.10483242
10284,valid,0,0.07749949
1195,valid,0,0.08125662
2489,valid,0,0.12525085
9820,valid,0,0.057078376
11030,valid,0,0.047822207
4299,valid,0,0.04214189
88,valid,0,0.042533923
1366,valid,0,0.052557707
2150,valid,0,0.04691644
1627,valid,0,0.17213741
7425,valid,0,0.04691644
9291,valid,0,0.04691644
6590,valid,0,0.19560182
9900,valid,0,0.04691644
10639,valid,0,0.04691644
1363,valid,0,0.28519592
3662,valid,0,0.2384227
8062,valid,0,0.21305881
9675,valid,0,0.04691644
2383,valid,0,0.27340204
5972,valid,0,0.11393823
9719,valid,0,0.09449043
6028,valid,0,0.071402065
10528,valid,0,0.18878683
9211,valid,0,0.13835387
8061,valid,0,0.059934698
1349,valid,0,0.059934698
116,valid,0,0.09659917
390,valid,0,0.12398798
8225,valid,0,0.121110424
1702,valid,0,0.059934698
9879,valid,0,0.07878556
4425,valid,0,0.19468942
5476,valid,0,0.14633127
11037,valid,0,0.06022526
606,valid,0,0.04719802
619,valid,0,0.08232726
10676,valid,0,0.029687015
2729,valid,0,0.058845185
10867,valid,0,0.077834606
1196,valid,0,0.12731001
2733,valid,0,0.04460776
7635,valid,0,0.047498412
10643,valid,0,0.033398606
2436,valid,0,0.050267745
4558,valid,0,0.1301399
3590,valid,0,0.047154464
981,valid,0,0.04691644
1823,valid,0,0.083573535
3007,valid,0,0.057878125
10791,valid,0,0.14567073
1357,valid,0,0.042445436
1185,valid,0,0.11670954
1665,valid,0,0.09329361
8381,valid,0,0.1763927
5776,valid,0,0.19360529
3296,valid,0,0.15690258
5647,valid,0,0.060478028
5986,valid,0,0.25138456
9821,valid,0,0.027848838
178,valid,0,0.061893843
1245,valid,0,0.06211612
5996,valid,0,0.11860707
7755,valid,0,0.027848838
5213,valid,0,0.027848838
1382,valid,0,0.029807368
1486,valid,0,0.22355229
10290,valid,0,0.1316354
7166,valid,0,0.027848838
9933,valid,0,0.15249255
6595,valid,0,0.13846213
4562,valid,0,0.124813095
3877,valid,0,0.028832655
8879,valid,0,0.027848838
1661,valid,0,0.028832655
9662,valid,0,0.23076423
4269,valid,0,0.2667229
1650,valid,0,0.14659409
824,valid,0,0.042533923
1392,valid,0,0.042533923
8706,valid,0,0.1698301
4633,valid,0,0.02693639
1848,valid,0,0.09923102
9076,valid,0,0.02693639
85,valid,0,0.028832655
1864,valid,0,0.059934698
8693,valid,0,0.17846048
9723,valid,0,0.02693639
9892,valid,0,0.028832655
2350,valid,0,0.02693639
8009,valid,0,0.02693639
6722,valid,0,0.1764612
9094,valid,0,0.02693639
5268,valid,0,0.02693639
6990,valid,0,0.027848838
3394,valid,0,0.027848838
825,valid,0,0.02693639
7212,valid,0,0.02693639
4188,valid,0,0.02693639
638,valid,0,0.04992011
7752,valid,0,0.13785909
238,valid,0,0.17213741
7401,valid,0,0.028563133
6310,valid,0,0.028832655
9098,valid,0,0.028832655
9292,valid,0,0.02693639
1406,valid,0,0.028832655
7852,valid,0,0.04847196
6740,valid,0,0.02693639
3293,valid,0,0.045826476
10289,valid,0,0.0341455
10786,valid,0,0.04691644
2145,valid,0,0.0341455
11029,valid,0,0.028563133
6043,valid,0,0.26088807
9838,valid,0,0.028832655
2348,valid,0,0.029807368
229,valid,0,0.24469756
8348,valid,0,0.03496555
1493,valid,0,0.11961937
4574,valid,0,0.029807368
3138,valid,0,0.02693639
10800,valid,0,0.04992011
3799,valid,0,0.027848838
4388,valid,0,0.14811844
9713,valid,0,0.15254207
9237,valid,0,0.03496555
3226,valid,0,0.029807368
1198,valid,0,0.02952901
611,valid,0,0.047347676
9831,valid,0,0.029807368
812,valid,0,0.029807368
3210,valid,0,0.12655768
2745,valid,0,0.17578237
3389,valid,0,0.047383025
5333,valid,0,0.0341455
2982,valid,0,0.04691644
8350,valid,0,0.02952901
6989,valid,0,0.074246936
5815,valid,0,0.04847196
10984,valid,0,0.29829207
3218,valid,0,0.04379905
7875,valid,0,0.035293292
2127,valid,0,0.045826476
8453,valid,0,0.1770734
8524,valid,0,0.028832655
10550,valid,0,0.2753728
3207,valid,0,0.028832655
8448,valid,0,0.16311167
3458,valid,0,0.029807368
4559,valid,0,0.04691644
6578,valid,0,0.028832655
4488,valid,0,0.04691644
7374,valid,0,0.054405548
7418,valid,0,0.15499474
6029,valid,0,0.041158073
11024,valid,0,0.041158073
5222,valid,0,0.028832655
5963,valid,0,0.026684107
6044,valid,0,0.02693639
94,valid,0,0.08228737
3675,valid,0,0.04691644
3148,valid,0,0.02693639
9051,valid,0,0.02693639
2047,valid,0,0.02693639
9091,valid,0,0.24098927
1666,valid,0,0.029687015
2019,valid,0,0.029687015
10691,valid,0,0.02693639
6580,valid,0,0.028688285
8747,valid,0,0.1429159
10537,valid,0,0.061893843
7419,valid,0,0.09659917
3660,valid,0,0.13552636
4609,valid,0,0.033650793
4137,valid,0,0.02693639
858,valid,0,0.02693639
102,valid,0,0.09825502
5981,valid,0,0.19408828
2731,valid,0,0.034169238
6080,valid,0,0.040383913
629,valid,0,0.040383913
3223,valid,0,0.22123994
4332,valid,0,0.047062863
2429,valid,0,0.09540851
3790,valid,0,0.041572046
3006,valid,0,0.047498412
7154,valid,0,0.04691644
5190,valid,0,0.07370666
2376,valid,0,0.02693639
813,valid,0,0.02693639
10792,valid,0,0.028832655
8287,valid,0,0.3735889
2135,valid,0,0.10522356
7006,valid,0,0.02693639
3295,valid,0,0.061893843
6737,valid,0,0.18663953
6744,valid,0,0.048078556
10448,valid,0,0.02693639
6389,valid,0,0.03779487
7422,valid,0,0.14869855
2978,valid,0,0.028832655
6388,valid,0,0.08089989
8328,valid,0,0.06349247
5569,valid,0,0.02758825
9,valid,0,0.028420076
1488,valid,0,0.028420076
1387,valid,0,0.04847196
2400,valid,0,0.04847196
8282,valid,0,0.02693639
1654,valid,0,0.06290679
2920,valid,0,0.02693639
10491,valid,0,0.19468942
9549,valid,0,0.041572046
1597,valid,0,0.12051768
7148,valid,0,0.2693076
10493,valid,0,0.1651967
2439,valid,0,0.13400058
1697,valid,0,0.14540401
6087,valid,0,0.17545056
5810,valid,0,0.028832655
1182,valid,0,0.11919214
8576,valid,0,0.02693639
9617,valid,0,0.028563133
2983,valid,0,0.027848838
2022,valid,0,0.20323978
4381,valid,0,0.02693639
1344,valid,0,0.09876576
3517,valid,0,0.09876576
8983,valid,0,0.057859626
2036,valid,0,0.02693639
5225,valid,0,0.08099392
14,valid,0,0.045826476
6716,valid,0,0.04669418
8996,valid,0,0.02693639
2738,valid,0,0.12794504
259,valid,0,0.20019856
6711,valid,0,0.02693639
6240,valid,0,0.059934698
9876,valid,0,0.19229501
6745,valid,0,0.28106388
8299,valid,0,0.12670384
2981,valid,0,0.19433673
6846,valid,0,0.02693639
6318,valid,0,0.02693639
6992,valid,0,0.054405548
810,valid,0,0.02693639
4634,valid,0,0.02693639
1854,valid,0,0.21187077
7107,valid,0,0.04691644
5784,valid,0,0.19255874
1346,valid,0,0.070173666
397,valid,0,0.042533923
3537,valid,0,0.02693639
10697,valid,0,0.02693639
9688,valid,0,0.12943362
9539,valid,0,0.02693639
8334,valid,0,0.02693639
266,valid,0,0.19560182
7686,valid,0,0.02693639
833,valid,0,0.04691644
7201,valid,0,0.06978493
2730,valid,0,0.028832655
7205,valid,0,0.033650793
5552,valid,0,0.02693639
8892,valid,0,0.102011785
9913,valid,0,0.08658658
2404,valid,0,0.02693639
7863,valid,0,0.028832655
4185,valid,0,0.028832655
834,valid,0,0.06547256
5793,valid,0,0.042533923
2138,valid,0,0.21985938
10479,valid,0,0.02693639
3598,valid,0,0.073523104
8770,valid,0,0.02693639
6036,valid,0,0.02693639
7273,valid,0,0.02693639
8569,valid,0,0.027306845
5984,valid,0,0.028832655
8587,valid,0,0.028832655
4645,valid,0,0.028832655
1244,valid,0,0.2107835
697,valid,0,0.05744938
2425,valid,0,0.13034377
6315,valid,0,0.059934698
9663,valid,0,0.059934698
9543,valid,0,0.027306845
6980,valid,0,0.071402065
9176,valid,0,0.071402065
9897,valid,0,0.02693639
7376,valid,0,0.028125715
4615,valid,0,0.02693639
8014,valid,0,0.02693639
9846,valid,0,0.033650793
246,valid,0,0.02693639
2031,valid,0,0.027204448
6701,valid,0,0.02693639
5652,valid,0,0.2536744
4325,valid,0,0.02693639
244,valid,0,0.02693639
639,valid,0,0.21801965
7019,valid,0,0.02693639
5170,valid,0,0.02693639
9110,valid,0,0.027848838
3485,valid,0,0.033650793
7915,valid,0,0.02693639
3534,valid,0,0.27252534
6986,valid,0,0.027306845
2117,valid,0,0.07316731
8060,valid,0,0.02693639
17,valid,0,0.16918418
199,valid,0,0.14189017
2909,valid,0,0.047373652
3672,valid,0,0.02693639
7884,valid,0,0.029119018
3480,valid,0,0.032307133
5187,valid,0,0.02693639
5656,valid,0,0.055464484
4563,valid,0,0.10770864
8384,valid,0,0.26516512
9715,valid,0,0.02693639
4170,valid,0,0.21660344
9594,valid,0,0.027306845
2095,valid,0,0.028832655
1809,valid,0,0.06933689
9840,valid,0,0.02693639
5555,valid,0,0.02693639
4131,valid,0,0.02693639
2266,valid,0,0.11483803
8568,valid,0,0.02693639
1870,valid,0,0.028688285
8871,valid,0,0.02693639
5566,valid,0,0.02693639
10320,valid,0,0.028125715
8286,valid,0,0.02693639
7263,valid,0,0.02693639
9827,valid,0,0.04691644
5275,valid,0,0.122211285
3217,valid,0,0.027848838
1609,valid,0,0.083206944
7704,valid,0,0.033650793
632,valid,0,0.028832655
6602,valid,0,0.28835922
4318,valid,0,0.02693639
10418,valid,0,0.029807368
8285,valid,0,0.04691644
2043,valid,0,0.02693639
9084,valid,0,0.02693639
5549,valid,0,0.02693639
3520,valid,0,0.13796186
5208,valid,0,0.02693639
850,valid,0,0.02693639
291,valid,0,0.13621551
3471,valid,0,0.23427333
1356,valid,0,0.10019829
8582,valid,0,0.02693639
3387,valid,0,0.4458071
2378,valid,0,0.02693639
9205,valid,0,0.02693639
2044,valid,0,0.02693639
6070,valid,0,0.13279979
8007,valid,0,0.20049903
10481,valid,0,0.029807368
1388,valid,0,0.029807368
11033,valid,0,0.029119018
8692,valid,0,0.02693639
9716,valid,0,0.11008332
2885,valid,0,0.17873977
7209,valid,0,0.10179448
7375,valid,0,0.0758656
8894,valid,0,0.028688285
2294,valid,0,0.15927555
10916,valid,0,0.042533923
4141,valid,0,0.042533923
4037,valid,0,0.054405548
8656,valid,0,0.033650793
2008,valid,0,0.032307133
5186,valid,0,0.02693639
6232,valid,0,0.17405325
6977,valid,0,0.22317734
6594,valid,0,0.047373652
7151,valid,0,0.07972403
1714,valid,0,0.03711418
2172,valid,0,0.02693639
10995,valid,0,0.2954083
9082,valid,0,0.02693639
2964,valid,0,0.17144029
3205,valid,0,0.23267104
8336,valid,0,0.02693639
8048,valid,0,0.033650793
6576,valid,0,0.27233693
1179,valid,0,0.29840893
9287,valid,0,0.02693639
1590,valid,0,0.2062601
4140,valid,0,0.02693639
9863,valid,0,0.32200688
10520,valid,0,0.029807368
1623,valid,0,0.28374812
7278,valid,0,0.028688285
3798,valid,0,0.04691644
3874,valid,0,0.054405548
1694,valid,0,0.02693639
1522,valid,0,0.06286954
1483,valid,0,0.028832655
841,valid,0,0.02693639
9858,valid,0,0.2601229
4171,valid,0,0.03711418
9304,valid,0,0.02693639
3481,valid,0,0.2844566
1869,valid,0,0.08195636
8092,valid,0,0.100867115
3779,valid,0,0.027848838
3214,valid,0,0.027848838
9684,valid,0,0.2976405
5266,valid,0,0.1568849
8320,valid,0,0.028832655
9621,valid,0,0.047347676
8536,valid,0,0.11374475
5710,valid,0,0.054405548
3483,valid,0,0.054405548
9807,valid,0,0.027848838
2297,valid,0,0.16829613
1808,valid,0,0.1591276
9056,valid,0,0.02693639
2912,valid,0,0.074767604
9727,valid,0,0.28892314
5538,valid,0,0.028688285
5174,valid,0,0.19417372
4301,valid,0,0.044227302
5557,valid,0,0.02693639
11020,valid,0,0.04379905
2054,valid,0,0.02693639
7379,valid,0,0.027306845
4380,valid,0,0.027306845
8013,valid,0,0.02693639
3531,valid,0,0.32792217
6071,valid,0,0.02693639
1588,valid,0,0.15766656
3521,valid,0,0.02693639
2139,valid,0,0.22588658
232,valid,0,0.14314312
8343,valid,0,0.18043786
6698,valid,0,0.032307133
5600,valid,0,0.17810535
10517,valid,0,0.028832655
8050,valid,0,0.02693639
10364,valid,0,0.02693639
8873,valid,0,0.02693639
3547,valid,0,0.027306845
1616,valid,0,0.02693639
6316,valid,0,0.02693639
6994,valid,0,0.02693639
6999,valid,0,0.02693639
2346,valid,0,0.02693639
3551,valid,0,0.20035413
6743,valid,0,0.02693639
8347,valid,0,0.02693639
9085,valid,0,0.059934698
7692,valid,0,0.02693639
9319,valid,0,0.27252534
105,valid,0,0.02693639
971,valid,0,0.02693639
5537,valid,0,0.22038996
3457,valid,0,0.027848838
8882,valid,0,0.02693639
1586,valid,0,0.02693639
3659,valid,0,0.02693639
5193,valid,0,0.02693639
8975,valid,0,0.02693639
5172,valid,0,0.17803478
4041,valid,0,0.02693639
3775,valid,0,0.2065691
177,valid,0,0.10153712
5326,valid,0,0.02693639
7,valid,0,0.04691644
688,valid,0,0.04691644
8342,valid,0,0.02693639
1860,valid,0,0.02693639
3679,valid,0,0.02693639
4266,valid,0,0.033650793
2035,valid,0,0.02693639
8750,valid,0,0.033650793
4333,valid,0,0.02693639
8704,valid,0,0.02693639
10485,valid,0,0.043992832
3396,valid,0,0.061796706
5973,valid,0,0.04691644
1377,valid,0,0.15693253
5558,valid,0,0.02693639
2961,valid,0,0.1392133
4606,valid,0,0.3368923
9063,valid,0,0.17940736
4166,valid,0,0.22722879
8585,valid,0,0.034782555
7204,valid,0,0.02693639
4604,valid,0,0.02693639
6714,valid,0,0.054405548
9053,valid,0,0.02693639
8002,valid,0,0.02693639
9686,valid,0,0.18475923
8694,valid,0,0.14329413
2121,valid,0,0.02693639
4386,valid,0,0.02693639
9672,valid,0,0.19030268
2295,valid,0,0.054405548
4049,valid,0,0.054405548
9290,valid,0,0.02693639
4172,valid,0,0.15434332
10914,valid,0,0.1911802
2120,valid,0,0.02693639
6713,valid,0,0.02693639
10698,valid,0,0.21390569
5967,valid,0,0.033650793
2416,valid,0,0.2083222
9066,valid,0,0.3344829
7420,valid,0,0.17712486
3204,valid,0,0.08638836
6302,valid,0,0.02693639
8686,valid,0,0.02693639
5261,valid,0,0.02693639
10191,valid,0,0.05669783
237,valid,0,0.02693639
9837,valid,0,0.02693639
6309,valid,0,0.02693639
2126,valid,0,0.16815297
9893,valid,0,0.02693639
6042,valid,0,0.02693639
10060,valid,0,0.030103114
7016,valid,0,0.08333861
10353,valid,0,0.21588442
9294,valid,0,0.13777076
10451,valid,0,0.02693639
6032,valid,0,0.02693639
5567,valid,0,0.04278904
2916,valid,0,0.14773013
9845,valid,0,0.16829613
5782,valid,0,0.059934698
10,valid,0,0.02693639
7881,valid,0,0.02693639
1390,valid,0,0.02693639
1579,valid,0,0.02693639
9231,valid,0,0.029687015
3143,valid,0,0.02693639
6702,valid,0,0.09885866
7000,valid,0,0.02693639
5551,valid,0,0.02693639
1386,valid,0,0.047373652
4630,valid,0,0.22293691
9877,valid,0,0.5446205
3525,valid,0,0.17799193
3606,valid,0,0.044227302
7405,valid,0,0.02693639
6847,valid,0,0.24706657
5338,valid,0,0.02693639
8345,valid,0,0.122643985
9852,valid,0,0.02693639
10325,valid,0,0.028688285
1578,valid,0,0.028688285
10649,valid,0,0.31715882
1613,valid,0,0.04691644
6983,valid,0,0.02693639
9210,valid,0,0.02693639
3550,valid,0,0.02693639
4255,valid,0,0.02693639
4385,valid,0,0.28292668
2028,valid,0,0.02693639
3469,valid,0,0.19145957
7210,valid,0,0.02693639
10699,valid,0,0.02693639
3008,valid,0,0.24574806
3220,valid,0,0.07993099
1618,valid,0,0.02693639
4313,valid,0,0.13872327
8321,valid,0,0.028832655
6843,valid,0,0.02693639
4139,valid,0,0.02693639
2164,valid,0,0.02693639
7009,valid,0,0.028688285
5989,valid,0,0.02693639
8688,valid,0,0.02693639
2968,valid,0,0.07929271
7203,valid,0,0.02693639
110,valid,0,0.02693639
3119,valid,0,0.02693639
10675,valid,0,0.09301543
9301,valid,0,0.19378324
3203,valid,0,0.056247734
9245,valid,0,0.06051072
106,valid,0,0.4857188
9052,valid,0,0.02693639
9718,valid,0,0.17331053
8710,valid,0,0.033724315
4306,valid,0,0.10153712
8063,valid,0,0.02693639
3115,valid,0,0.02693639
7625,valid,0,0.028125715
6845,valid,0,0.17022203
225,valid,0,0.02693639
8925,valid,0,0.035293292
8768,valid,0,0.02693639
7011,valid,0,0.02693639
983,valid,0,0.042533923
7363,valid,0,0.030103114
10655,valid,0,0.2901624
8987,valid,0,0.032307133
9536,valid,0,0.34769675
9681,valid,0,0.28794295
8581,valid,0,0.02693639
9898,valid,0,0.02693639
2380,valid,0,0.02693639
10647,valid,0,0.02693639
3478,valid,0,0.02693639
1703,valid,0,0.02693639
1718,valid,0,0.02693639
8932,valid,0,0.058560904
5265,valid,0,0.3076491
10454,valid,0,0.02693639
4167,valid,0,0.02693639
7703,valid,0,0.07761233
1489,valid,0,0.16647078
4135,valid,0,0.15203187
6981,valid,0,0.1137429
2741,valid,0,0.02693639
7215,valid,0,0.02693639
8571,valid,0,0.02693639
9069,valid,0,0.22909704
280,valid,0,0.02693639
4181,valid,0,0.12890464
265,valid,0,0.02693639
9673,valid,0,0.15306936
10065,valid,0,0.2083222
9722,valid,0,0.1358851
8872,valid,0,0.02693639
2752,valid,0,0.02693639
10482,valid,0,0.02693639
831,valid,0,0.059934698
4326,valid,0,0.2474142
2037,valid,0,0.02693639
7637,valid,0,0.1651925
9946,valid,0,0.028832655
984,valid,0,0.028832655
3140,valid,0,0.02693639
8339,valid,0,0.14174294
9887,valid,0,0.07864763
3150,valid,0,0.02693639
99,valid,0,0.02693639
7889,valid,0,0.2410229
8684,valid,0,0.02693639
9208,valid,0,0.02693639
4636,valid,0,0.02693639
7373,valid,0,0.13103653
5978,valid,0,0.02693639
5332,valid,0,0.02693639
3479,valid,0,0.15988477
5573,valid,0,0.02693639
5572,valid,0,0.02693639
2347,valid,0,0.02693639
10715,valid,0,0.027306845
3470,valid,0,0.02693639
8335,valid,0,0.02693639
3539,valid,0,0.042533923
4035,valid,0,0.02693639
276,valid,0,0.02693639
2149,valid,0,0.02693639
10522,valid,0,0.029807368
698,valid,0,0.02693639
2917,valid,0,0.027306845
2403,valid,0,0.02693639
4336,valid,0,0.09308313
245,valid,0,0.02693639
10692,valid,0,0.22309425
3526,valid,0,0.02693639
2357,valid,0,0.02693639
2366,valid,0,0.02693639
3543,valid,0,0.02693639
4432,valid,0,0.071562886
9058,valid,0,0.029807368
9811,valid,0,0.027848838
4396,valid,0,0.02693639
5769,valid,0,0.15910313
1655,valid,0,0.18660975
3117,valid,0,0.02693639
5788,valid,0,0.04379905
4059,valid,0,0.04992011
7400,valid,0,0.02693639
6724,valid,0,0.02693639
9305,valid,0,0.02693639
6735,valid,0,0.02693639
5709,valid,0,0.15298939
8383,valid,0,0.07929271
243,valid,0,0.40498698
2006,valid,0,0.1405325
3180,valid,0,0.027848838
7757,valid,0,0.029119018
5178,valid,0,0.17257896
817,valid,0,0.1688858
2132,valid,0,0.02693639
3519,valid,0,0.02693639
2053,valid,0,0.29030016
9535,valid,0,0.02693639
10173,valid,0,0.20261994
8047,valid,0,0.02693639
1526,valid,0,0.054405548
8993,valid,0,0.02693639
262,valid,0,0.16425714
1231,valid,0,0.05156985
9826,valid,0,0.029119018
978,valid,0,0.02693639
7362,valid,0,0.030103114
5278,valid,0,0.20995572
2742,valid,0,0.033650793
603,valid,0,0.029807368
988,valid,0,0.07529972
7257,valid,0,0.40122443
7890,valid,0,0.21235937
7415,valid,0,0.02693639
4647,valid,0,0.20762923
255,valid,0,0.07290378
7199,valid,0,0.22620548
8380,valid,0,0.028832655
4036,valid,0,0.02693639
9166,valid,0,0.036000274
2407,valid,0,0.02693639
10709,valid,0,0.02693639
1693,valid,0,0.02693639
7276,valid,0,0.04756644
9810,valid,0,0.11911264
175,valid,0,0.065307066
9945,valid,0,0.38730797
9212,valid,0,0.05904103
3546,valid,0,0.02693639
5322,valid,0,0.02693639
10637,valid,0,0.06978493
1585,valid,0,0.02693639
8586,valid,0,0.02693639
8231,valid,0,0.12096001
4390,valid,0,0.02693639
10358,valid,0,0.028832655
7219,valid,0,0.14314312
5712,valid,0,0.11635495
9542,valid,0,0.02693639
3225,valid,0,0.23602532
5540,valid,0,0.02693639
1410,valid,0,0.11449949
4378,valid,0,0.02693639
4191,valid,0,0.33437547
8690,valid,0,0.28462
9607,valid,0,0.02693639
8331,valid,0,0.031008353
8447,valid,0,0.028832655
129,valid,0,0.027204448
7254,valid,0,0.2321357
7258,valid,0,0.02693639
10645,valid,0,0.02693639
9932,valid,0,0.047310583
111,valid,0,0.02693639
5340,valid,0,0.02693639
8767,valid,0,0.02693639
4492,valid,0,0.2133207
6037,valid,0,0.061538447
9726,valid,0,0.02693639
5562,valid,0,0.033650793
1719,valid,0,0.16413255
6,valid,0,0.18041083
6312,valid,0,0.02693639
5192,valid,0,0.02693639
3287,valid,0,0.050659273
2743,valid,0,0.02693639
2405,valid,0,0.02693639
10704,valid,0,0.042533923
2974,valid,0,0.028832655
8527,valid,0,0.27769873
1822,valid,0,0.034482755
9050,valid,0,0.02693639
604,valid,0,0.26911256
6076,valid,0,0.23337813
10713,valid,0,0.02693639
3193,valid,0,0.10901749
5971,valid,0,0.15832077
8924,valid,0,0.02693639
6600,valid,0,0.02693639
1364,valid,0,0.16281374
103,valid,0,0.16246703
6842,valid,0,0.23777212
4268,valid,0,0.02693639
7918,valid,0,0.16286363
1361,valid,0,0.02693639
7380,valid,0,0.028832655
2029,valid,0,0.04691644
3771,valid,0,0.04691644
1379,valid,0,0.04627359
3673,valid,0,0.02693639
3135,valid,0,0.027306845
3666,valid,0,0.02693639
2040,valid,0,0.02693639
5565,valid,0,0.02693639
5698,valid,0,0.20736817
8531,valid,0,0.032080594
96,valid,0,0.24707586
7015,valid,0,0.16695054
9853,valid,0,0.02693639
9297,valid,0,0.034830317
6027,valid,0,0.02693639
8562,valid,0,0.02693639
8935,valid,0,0.02693639
9283,valid,0,0.02693639
8884,valid,0,0.27088115
4193,valid,0,0.02693639
4321,valid,0,0.02693639
8754,valid,0,0.02693639
3475,valid,0,0.02693639
1531,valid,0,0.13272722
287,valid,0,0.02693639
5979,valid,0,0.02693639
6855,valid,0,0.027848838
9714,valid,0,0.02693639
9220,valid,0,0.02693639
2146,valid,0,0.02693639
1612,valid,0,0.033650793
4264,valid,0,0.02693639
15,valid,0,0.02693639
2732,valid,0,0.29817507
4626,valid,0,0.18508092
9604,valid,0,0.028688285
7003,valid,0,0.26797536
6707,valid,0,0.15397067
4,valid,0,0.027848838
257,valid,0,0.059934698
6314,valid,0,0.027848838
4253,valid,0,0.27968404
9529,valid,0,0.02693639
8578,valid,0,0.02693639
182,valid,0,0.043992832
4338,valid,0,0.02693639
6081,valid,0,0.02693639
9062,valid,0,0.21132295
7421,valid,0,0.27088115
3462,valid,0,0.17314497
5202,valid,0,0.04847196
194,valid,0,0.06829245
11019,valid,0,0.043129463
816,valid,0,0.02693639
8762,valid,0,0.02693639
6851,valid,0,0.02693639
1193,valid,0,0.23573321
8701,valid,0,0.15969478
5272,valid,0,0.074246936
2166,valid,0,0.02693639
3015,valid,0,0.08395698
1653,valid,0,0.07696622
9905,valid,0,0.02693639
7175,valid,0,0.071402065
5548,valid,0,0.071402065
7164,valid,0,0.2024701
9284,valid,0,0.053966522
9836,valid,0,0.31151578
11022,valid,0,0.054953508
3184,valid,0,0.1676631
972,valid,0,0.02693639
5264,valid,0,0.02693639
8759,valid,0,0.02693639
10994,valid,0,0.02693639
9239,valid,0,0.17199267
8689,valid,0,0.02693639
2133,valid,0,0.02693639
5564,valid,0,0.02693639
9690,valid,0,0.033650793
3222,valid,0,0.02693639
10486,valid,0,0.15691145
8354,valid,0,0.02693639
4490,valid,0,0.2705638
6966,valid,0,0.06339561
3663,valid,0,0.02693639
6993,valid,0,0.15306936
7395,valid,0,0.20272978
4607,valid,0,0.16211724
3677,valid,0,0.2024701
7008,valid,0,0.027306845
278,valid,0,0.106781885
4031,valid,0,0.027848838
10456,valid,0,0.02693639
6244,valid,0,0.20793064
7256,valid,0,0.09913342
7261,valid,0,0.02693639
285,valid,0,0.02693639
7162,valid,0,0.054405548
4144,valid,0,0.027848838
7696,valid,0,0.02693639
7698,valid,0,0.02693639
10444,valid,0,0.02693639
5959,valid,0,0.028832655
9096,valid,0,0.028832655
4033,valid,0,0.23318811
5568,valid,0,0.02693639
1583,valid,0,0.02693639
5273,valid,0,0.17304821
109,valid,0,0.027306845
8344,valid,0,0.032307133
10712,valid,0,0.02693639
993,valid,0,0.26121724
979,valid,0,0.02693639
2911,valid,0,0.028688285
5556,valid,0,0.02693639
10490,valid,0,0.02693639
292,valid,0,0.15137915
234,valid,0,0.15691824
1619,valid,0,0.02693639
5189,valid,0,0.15629224
8749,valid,0,0.228185
9303,valid,0,0.02693639
9668,valid,0,0.033650793
8888,valid,0,0.02693639
1696,valid,0,0.02693639
2906,valid,0,0.02693639
1589,valid,0,0.02693639
1373,valid,0,0.02693639
10555,valid,0,0.032080594
3139,valid,0,0.02693639
3452,valid,0,0.02693639
7213,valid,0,0.17765336
1378,valid,0,0.02693639
10531,valid,0,0.028832655
2412,valid,0,0.02693639
8053,valid,0,0.028125715
2349,valid,0,0.02693639
1868,valid,0,0.02693639
3463,valid,0,0.02693639
8302,valid,0,0.02693639
6077,valid,0,0.05808548
107,valid,0,0.02693639
10413,valid,0,0.088316485
8926,valid,0,0.02693639
3548,valid,0,0.02693639
9851,valid,0,0.07218165
2382,valid,0,0.02693639
9888,valid,0,0.02693639
3523,valid,0,0.02693639
5197,valid,0,0.1542322
2401,valid,0,0.02693639
2173,valid,0,0.02693639
9724,valid,0,0.26229855
9857,valid,0,0.054405548
4651,valid,0,0.053583387
8563,valid,0,0.16744456
4134,valid,0,0.02693639
1818,valid,0,0.028832655
2373,valid,0,0.029119018
10702,valid,0,0.029687015
1365,valid,0,0.034482755
4133,valid,0,0.027848838
7995,valid,0,0.099536136
7914,valid,0,0.028125715
6311,valid,0,0.02693639
1867,valid,0,0.02693639
8353,valid,0,0.02693639
1355,valid,0,0.1360354
6039,valid,0,0.02693639
6303,valid,0,0.02693639
201,valid,0,0.054405548
4265,valid,0,0.02693639
6696,valid,0,0.02693639
6850,valid,0,0.029807368
6046,valid,0,0.1787591
4628,valid,0,0.02693639
10188,valid,0,0.04691644
7280,valid,0,0.02693639
10329,valid,0,0.052924212
3131,valid,0,0.04691644
4136,valid,0,0.02693639
8564,valid,0,0.02693639
7913,valid,0,0.07618789
7858,valid,0,0.029119018
9823,valid,0,0.028688285
4192,valid,0,0.22689034
274,valid,0,0.1371505
11,valid,0,0.02693639
10672,valid,0,0.042533923
7927,valid,0,0.027306845
10547,valid,0,0.36651266
269,valid,0,0.02693639
7895,valid,0,0.02693639
126,valid,0,0.027306845
4058,valid,0,0.027306845
2101,valid,0,0.030703986
5799,valid,0,0.12748373
1856,valid,0,0.027204448
8766,valid,0,0.028688285
1513,valid,0,0.028973263
7626,valid,0,0.10019829
10678,valid,0,0.086689435
5262,valid,0,0.18475923
16,valid,0,0.027848838
3153,valid,0,0.22392116
277,valid,0,0.330606
8003,valid,0,0.02693639
5554,valid,0,0.02693639
2443,valid,0,0.103577346
4637,valid,0,0.30163816
9541,valid,0,0.02693639
4642,valid,0,0.17960636
258,valid,0,0.027204448
9163,valid,0,0.034566972
4638,valid,0,0.02693639
8008,valid,0,0.07290378
10184,valid,0,0.07290378
6072,valid,0,0.21518548
4057,valid,0,0.02693639
4165,valid,0,0.02693639
2147,valid,0,0.02693639
2746,valid,0,0.02693639
9880,valid,0,0.032080594
6734,valid,0,0.02693639
260,valid,0,0.02693639
8758,valid,0,0.038886115
5196,valid,0,0.02693639
6848,valid,0,0.18941142
8112,valid,0,0.02507083
1740,valid,1,0.83198184
68,valid,0,0.025308259
318,valid,0,0.025308259
7670,valid,0,0.14994612
326,valid,0,0.03545355
57,valid,0,0.23842913
7662,valid,0,0.02507083
4154,valid,0,0.23842913
8131,valid,0,0.36322165
4664,valid,1,0.96899104
5834,valid,0,0.12460324
5843,valid,0,0.02507083
6779,valid,0,0.16747458
1981,valid,0,0.02507083
412,valid,0,0.02507083
6289,valid,0,0.14994612
7951,valid,1,0.97007173
2798,valid,0,0.23842913
2822,valid,0,0.03578569
405,valid,0,0.23842913
10508,valid,0,0.36322165
679,valid,0,0.2432172
10509,valid,0,0.18490759
511,valid,0,0.14994612
7700,valid,1,0.9621815
7867,valid,0,0.23842913
4646,valid,0,0.02507083
7879,valid,0,0.23842913
4176,valid,1,0.96899104
3196,valid,0,0.23842913
3291,valid,0,0.03578569
3832,valid,1,0.9694222
4968,valid,0,0.14994612
8136,valid,0,0.03545355
168,valid,0,0.03545355
3275,valid,0,0.02507083
4859,valid,1,0.9689631
3433,valid,0,0.02507083
5260,valid,1,0.96802604
4955,valid,1,0.9691672
7903,valid,0,0.02507083
4951,valid,1,0.96899104
7297,valid,1,0.9691672
7512,valid,0,0.23842913
5007,valid,0,0.23842913
4991,valid,0,0.2432172
4288,valid,1,0.9691672
3424,valid,0,0.22196735
7466,valid,0,0.23842913
5454,valid,0,0.23842913
3692,valid,0,0.23842913
2568,valid,0,0.16385475
11051,valid,1,0.9700988
10003,valid,0,0.073188186
887,valid,0,0.14994612
716,valid,1,0.9621815
341,valid,0,0.02507083
8158,valid,0,0.22196735
10030,valid,0,0.10365066
345,valid,0,0.025308259
8436,valid,0,0.2432172
6652,valid,0,0.36322165
10032,valid,0,0.03578569
4372,valid,0,0.36322165
1464,valid,0,0.18294908
7847,valid,0,0.02507083
6802,valid,0,0.16998619
5758,valid,0,0.02507083
1460,valid,0,0.14994612
9721,valid,1,0.96899104
9070,valid,1,0.9700988
10865,valid,0,0.14994612
6394,valid,0,0.02507083
10688,valid,0,0.02507083
9399,valid,0,0.36322165
9611,valid,0,0.22652318
5692,valid,0,0.22196735
1368,valid,0,0.18294908
9306,valid,0,0.03545355
9631,valid,0,0.03545355
9618,valid,0,0.36322165
6395,valid,0,0.02507083
8720,valid,0,0.03578569
2748,valid,0,0.03578569
1414,valid,0,0.14994612
7391,valid,0,0.22196735
3089,valid,1,0.96802604
8820,valid,1,0.9694222
8868,valid,0,0.1868964
8500,valid,0,0.23842913
1555,valid,0,0.22196735
7106,valid,0,0.2432172
1591,valid,1,0.96802604
8771,valid,1,0.9621815
2398,valid,1,0.96899104
4571,valid,0,0.02507083
9816,valid,0,0.20604165
1343,valid,0,0.02507083
4379,valid,1,0.63891387
8516,valid,0,0.23842913
3129,valid,0,0.23842913
3213,valid,0,0.14994612
6830,valid,1,0.96919495
217,valid,1,0.9691672
7674,valid,0,0.2432172
9015,valid,0,0.14994612
449,valid,0,0.2432172
599,valid,0,0.18490759
4954,valid,1,0.9682903
7684,valid,0,0.031174866
8616,valid,0,0.02507083
2874,valid,0,0.025308259
2278,valid,0,0.02507083
2873,valid,0,0.02507083
7163,valid,0,0.02507083
18,valid,1,0.9590752
10443,valid,1,0.9691672
9652,valid,0,0.14994612
9949,valid,0,0.36322165
9660,valid,0,0.02507083
9610,valid,1,0.9689631
2422,test,1,0.9700988
3768,test,0,0.36322165
10059,test,0,0.03578569
5328,test,0,0.038915586
10426,test,0,0.23842913
8445,test,0,0.36322165
7018,test,0,0.23842913
10978,test,0,0.18294908
8927,test,0,0.23842913
3778,test,0,0.23842913
8753,test,1,0.96919495
2413,test,1,0.9692199
10064,test,0,0.13848257
3472,test,1,0.9680549
4625,test,1,0.9691672
10553,test,0,0.23842913
6242,test,0,0.13543688
91,test,0,0.03545355
6236,test,0,0.14994612
198,test,0,0.28975153
113,test,1,0.9703196
4629,test,1,0.9277269
4179,test,0,0.18294908
3158,test,0,0.17218778
8027,test,0,0.08195636
3971,test,0,0.23566757
6780,test,0,0.06948257
2497,test,0,0.22216214
3734,test,0,0.40946555
3613,test,0,0.20381342
6660,test,0,0.22659464
76,test,0,0.228185
1967,test,0,0.19458078
8157,test,0,0.4497584
2062,test,0,0.13675135
9010,test,0,0.14622092
3324,test,0,0.07685023
7597,test,0,0.07053333
2341,test,0,0.056247734
8022,test,0,0.24460597
4371,test,0,0.063395865
9023,test,0,0.1254305
8193,test,0,0.03711418
3620,test,0,0.1764612
8597,test,0,0.04920903
11086,test,0,0.21142504
5404,test,0,0.14690827
153,test,0,0.18725869
7510,test,0,0.056247734
469,test,0,0.21873017
5725,test,0,0.1985221
5714,test,1,0.19957577
2994,test,0,0.18475923
4901,test,0,0.078344524
9470,test,0,0.12766264
464,test,0,0.28835922
2811,test,0,0.1392133
9790,test,0,0.228185
8197,test,0,0.15888119
5123,test,0,0.15744217
5400,test,0,0.2982849
8222,test,0,0.18553086
1943,test,0,0.19572684
5054,test,0,0.15847956
208,test,0,0.1673944
9915,test,0,0.21589938
4505,test,0,0.120008014
218,test,0,0.056247734
10126,test,0,0.075044364
6803,test,0,0.071402065
951,test,0,0.05745941
4229,test,0,0.16828224
10625,test,0,0.13057141
8780,test,0,0.300402
6298,test,0,0.1325537
7802,test,0,0.18041083
8416,test,0,0.15888119
5394,test,0,0.17799193
5894,test,0,0.027875884
4994,test,0,0.11085027
1936,test,0,0.20907502
11069,test,0,0.24408007
5581,test,0,0.032307133
7804,test,0,0.15397067
9991,test,0,0.18041083
3353,test,0,0.14751361
4203,test,0,0.06582705
5715,test,0,0.15584734
9475,test,0,0.20150916
5901,test,0,0.036820453
6247,test,0,0.34758207
6865,test,0,0.17483795
5851,test,0,0.11652875
6940,test,0,0.3066279
10383,test,0,0.23029111
5899,test,0,0.45283988
6287,test,0,0.32935548
4927,test,0,0.2918216
361,test,0,0.07749127
8023,test,0,0.18121012
3405,test,0,0.07089016
4292,test,0,0.21937966
1790,test,0,0.04049334
6863,test,0,0.2607443
7551,test,0,0.28455678
11087,test,0,0.19566594
1510,test,0,0.13356343
4843,test,0,0.1587307
1938,test,0,0.15726846
3400,test,0,0.42962435
4727,test,0,0.26621962
10373,test,0,0.041932207
3854,test,0,0.37298045
6417,test,0,0.31269175
5860,test,0,0.36566457
10083,test,0,0.37685072
5159,test,0,0.6258666
2695,test,0,0.3667695
6616,test,0,0.16464612
3317,test,0,0.19323678
869,test,0,0.06645905
1033,test,0,0.41097507
4935,test,0,0.21557872
1021,test,0,0.21633099
6796,test,0,0.06645905
9198,test,0,0.47892267
3162,test,0,0.37551337
8151,test,0,0.34041658
6816,test,0,0.1711461
5643,test,0,0.3284672
9964,test,0,0.34658107
4670,test,0,0.050352722
6621,test,0,0.4980316
6149,test,0,0.044153787
8414,test,0,0.24759279
2815,test,0,0.061841592
5913,test,0,0.04667889
7648,test,0,0.061253708
8215,test,0,0.061253708
1202,test,0,0.2908294
6055,test,0,0.26738825
6441,test,0,0.16693637
3167,test,0,0.1432251
2855,test,0,0.25829294
5045,test,0,0.27705646
3252,test,0,0.41336834
3957,test,0,0.03517602
8553,test,0,0.21633099
10079,test,0,0.043878004
5361,test,0,0.39258593
8038,test,0,0.3325085
5880,test,0,0.052015975
7497,test,0,0.23454414
4858,test,0,0.5144524
6867,test,0,0.028166141
5916,test,0,0.40970692
1005,test,0,0.05007346
3822,test,0,0.41523552
9423,test,0,0.24474399
10615,test,0,0.029687015
3826,test,0,0.09539891
7613,test,0,0.24251577
6607,test,0,0.31823903
1217,test,0,0.039404348
6293,test,0,0.21971972
3354,test,0,0.08686364
5757,test,0,0.061253708
6143,test,0,0.041802693
11082,test,0,0.056806594
4996,test,0,0.07196144
1903,test,0,0.1688858
6810,test,0,0.039404348
7509,test,0,0.13138984
10955,test,0,0.4769806
8841,test,0,0.04667889
4459,test,0,0.245872
3626,test,0,0.20081747
6768,test,0,0.284091
539,test,0,0.041697577
79,test,0,0.09340915
3718,test,0,0.071795896
4960,test,0,0.10357261
4284,test,0,0.2539097
2539,test,0,0.06616729
1978,test,0,0.14674783
1292,test,0,0.34573543
9183,test,0,0.11181889
3850,test,0,0.03711418
5934,test,0,0.1329183
5124,test,0,0.44184437
3419,test,0,0.18997407
2804,test,0,0.305824
4947,test,0,0.063907534
39,test,0,0.22721331
549,test,0,0.10599945
7493,test,0,0.032307133
8429,test,0,0.032307133
6764,test,0,0.2140665
3740,test,0,0.12577131
503,test,0,0.117777534
5883,test,0,0.14329413
8186,test,0,0.061796706
2242,test,0,0.09402338
2864,test,0,0.09859673
1500,test,0,0.17405325
5048,test,0,0.038357805
10269,test,0,0.043878004
8205,test,0,0.02668065
4854,test,0,0.20304552
344,test,0,0.029032942
364,test,0,0.24752563
10628,test,0,0.026684107
1902,test,0,0.06397243
4208,test,0,0.15069619
1014,test,0,0.14193363
4366,test,0,0.103230745
6783,test,0,0.065307066
2306,test,0,0.28922284
4067,test,0,0.54194534
10871,test,0,0.04667889
2071,test,0,0.05897715
7308,test,0,0.052015975
6626,test,0,0.032307133
8221,test,0,0.22659464
6147,test,0,0.18475923
9986,test,0,0.09695496
10252,test,0,0.06893394
9980,test,0,0.16375719
9000,test,0,0.2431846
9473,test,0,0.08055797
6752,test,0,0.10884399
5290,test,0,0.26651013
8171,test,0,0.15629224
4938,test,0,0.12285324
9477,test,0,0.07749127
10968,test,0,0.1514035
671,test,0,0.52612036
4961,test,0,0.26516694
1276,test,0,0.27180794
10271,test,0,0.04039001
1940,test,0,0.06333737
1893,test,0,0.061253708
5367,test,0,0.061253708
4358,test,0,0.22428006
7909,test,0,0.30351466
542,test,0,0.029687015
1805,test,0,0.13263975
3701,test,0,0.06397243
6277,test,0,0.14788918
4721,test,0,0.031505577
548,test,0,0.4294529
6797,test,0,0.06397243
2821,test,0,0.2083222
3240,test,0,0.073660664
5001,test,0,0.028579026
5871,test,0,0.0730785
2587,test,0,0.10026565
5722,test,0,0.07351687
10391,test,0,0.032080594
9410,test,0,0.16883068
10563,test,0,0.29729068
7907,test,0,0.057272114
2516,test,0,0.15034318
675,test,0,0.05782413
5230,test,0,0.14596227
475,test,0,0.3267784
8180,test,0,0.03849354
10280,test,0,0.45052356
7063,test,0,0.1857055
3157,test,0,0.29340017
3722,test,0,0.051727995
415,test,0,0.05542143
3745,test,0,0.04667889
2540,test,0,0.33084258
7783,test,0,0.09105246
3966,test,0,0.033084545
2592,test,0,0.20877726
7797,test,0,0.17035535
5289,test,0,0.05699772
8777,test,0,0.06397243
2310,test,0,0.056247734
2546,test,0,0.11297029
5300,test,0,0.10179448
3241,test,0,0.095834784
9417,test,0,0.15127052
9125,test,0,0.18203257
4219,test,0,0.08630441
4928,test,0,0.070818305
8145,test,0,0.02693639
1896,test,0,0.148224
7499,test,0,0.32854947
5461,test,0,0.06397243
1279,test,0,0.2146211
1494,test,0,0.31822798
1472,test,0,0.14390239
1328,test,0,0.131485
167,test,0,0.07491105
4222,test,0,0.20785342
10977,test,0,0.18521687
1064,test,0,0.13671179
5582,test,0,0.19605924
4949,test,0,0.09090538
8152,test,0,0.14581564
4463,test,0,0.13357739
1505,test,0,0.06397243
9500,test,0,0.06397243
1792,test,0,0.20102574
2542,test,0,0.41307157
7776,test,0,0.16367924
660,test,0,0.12801006
10123,test,0,0.13536175
2340,test,0,0.18275915
172,test,0,0.027306845
4907,test,0,0.035704907
8546,test,0,0.228185
584,test,0,0.24838626
6773,test,0,0.06397243
5862,test,0,0.06397243
10659,test,0,0.06397243
7841,test,0,0.07196144
7726,test,0,0.06333737
10973,test,0,0.15137237
9002,test,0,0.035849646
1165,test,0,0.061841592
1066,test,0,0.17897664
6873,test,0,0.14395161
2698,test,0,0.06286954
9180,test,0,0.18475923
3311,test,0,0.11928139
2632,test,0,0.06397243
9424,test,0,0.3652482
10251,test,0,0.22752552
6056,test,0,0.04667889
3699,test,0,0.2206484
3814,test,0,0.2604079
7961,test,0,0.056863543
2240,test,0,0.064545885
4062,test,0,0.13642472
3964,test,0,0.27788088
2990,test,0,0.34204146
9427,test,0,0.17304821
4952,test,0,0.10989461
4506,test,0,0.07198393
595,test,0,0.26121724
10078,test,0,0.056247734
8776,test,0,0.032626845
5905,test,0,0.2883573
8170,test,0,0.06397243
4455,test,0,0.06397243
967,test,0,0.08636751
5859,test,0,0.16164853
6649,test,0,0.06397243
11067,test,0,0.5232065
3621,test,0,0.032080594
8172,test,0,0.090988226
10258,test,0,0.10431101
5578,test,0,0.21320727
5142,test,0,0.27460423
3809,test,0,0.048622347
10904,test,0,0.22908702
4205,test,0,0.035333235
1942,test,0,0.033383522
1280,test,0,0.23548667
1892,test,0,0.24848904
10099,test,0,0.06253694
1901,test,0,0.06337768
4966,test,0,0.099536136
3623,test,0,0.15875319
3502,test,0,0.32653728
2303,test,0,0.09323338
5379,test,0,0.29030016
8021,test,0,0.18936
10033,test,0,0.06397243
8848,test,0,0.16281374
5012,test,0,0.071795896
2817,test,0,0.06397243
4364,test,0,0.032626845
7652,test,0,0.26505336
8138,test,0,0.033383522
776,test,0,0.032307133
6427,test,0,0.05397592
6829,test,0,0.16120511
3309,test,0,0.23329929
4732,test,0,0.02693639
4754,test,0,0.14892173
1310,test,0,0.07302472
450,test,0,0.06185473
8137,test,0,0.2477913
8167,test,0,0.076022774
10568,test,0,0.3903129
10254,test,0,0.39979532
2518,test,0,0.22290652
5836,test,0,0.087895975
4357,test,0,0.08932009
3314,test,0,0.08168335
5157,test,0,0.08364149
8555,test,0,0.16257137
8188,test,0,0.06547256
567,test,0,0.035586137
6640,test,0,0.14193363
7605,test,0,0.12279198
3987,test,0,0.06009407
8178,test,0,0.23224138
6131,test,0,0.08763787
6794,test,0,0.067060016
10119,test,0,0.20119311
2988,test,0,0.116254285
5839,test,0,0.08074915
10270,test,0,0.2616172
3704,test,0,0.06397243
8946,test,0,0.21758716
7650,test,0,0.15295173
3411,test,0,0.36137906
2861,test,0,0.128558
8773,test,0,0.093561515
3816,test,0,0.06397243
674,test,0,0.107367784
6248,test,0,0.06397243
3963,test,0,0.06397243
7942,test,0,0.07637329
1173,test,0,0.06397243
5890,test,0,0.2560846
564,test,0,0.038164146
7947,test,0,0.030477077
448,test,0,0.03741741
7780,test,0,0.16494639
7496,test,0,0.5049799
7059,test,0,0.12214307
2235,test,0,0.14477338
10090,test,0,0.25391224
1798,test,0,0.04641901
5864,test,0,0.24489723
2526,test,0,0.19578354
1971,test,0,0.1268675
7134,test,0,0.20392363
9785,test,0,0.10211581
8592,test,0,0.07370666
10111,test,0,0.02693639
5844,test,0,0.11696746
3617,test,0,0.046422914
6902,test,0,0.299941
3304,test,0,0.20591657
10961,test,0,0.055214394
5579,test,0,0.104871295
3719,test,0,0.11008332
5588,test,0,0.10080549
4272,test,0,0.032307133
3853,test,0,0.032626845
600,test,0,0.032307133
6943,test,0,0.25389534
8840,test,0,0.19467366
6297,test,0,0.044517837
461,test,0,0.17304821
3700,test,0,0.032307133
4715,test,0,0.29110837
3423,test,0,0.24713436
7785,test,0,0.032626845
3581,test,0,0.20805724
10884,test,0,0.121653534
8410,test,0,0.02693639
3716,test,0,0.06893394
4217,test,0,0.29139808
7786,test,0,0.14898604
3172,test,0,0.026720973
2524,test,0,0.06397243
2501,test,0,0.06397243
9787,test,0,0.23713562
2538,test,0,0.035849646
8948,test,0,0.27734718
10969,test,0,0.041697577
1083,test,0,0.23513398
10384,test,0,0.24012244
10663,test,0,0.03861932
6800,test,0,0.14699043
169,test,0,0.21247444
574,test,0,0.12655768
206,test,0,0.11393823
4087,test,0,0.02693639
5614,test,0,0.09011758
6860,test,0,0.119556986
10617,test,0,0.22182019
1897,test,0,0.25361374
7955,test,0,0.056247734
10953,test,0,0.033650793
4224,test,0,0.02693639
3579,test,0,0.103624806
10581,test,0,0.24838626
6790,test,0,0.17217758
10897,test,0,0.07524613
510,test,0,0.12776381
10664,test,0,0.09065802
5111,test,0,0.081087954
7600,test,0,0.20762923
6283,test,0,0.072850704
9984,test,0,0.06397243
8194,test,0,0.20510058
4728,test,0,0.16767979
7557,test,0,0.02693639
1331,test,0,0.13992462
570,test,0,0.10939225
360,test,0,0.063599914
9928,test,0,0.16606818
5849,test,0,0.31314507
5116,test,0,0.038164146
9112,test,0,0.18911728
4905,test,0,0.030177763
468,test,0,0.47646627
6416,test,0,0.051727995
10632,test,0,0.23082343
26,test,0,0.037472118
7793,test,0,0.045337595
6419,test,0,0.028166141
1077,test,0,0.25847098
5298,test,0,0.051727995
6431,test,0,0.04085159
6648,test,0,0.094989255
9917,test,0,0.085612126
864,test,0,0.08186114
772,test,0,0.06397243
1939,test,0,0.104603715
7849,test,0,0.12655768
9634,test,0,0.06397243
4348,test,0,0.09991394
5863,test,0,0.071402065
4069,test,0,0.12398798
445,test,0,0.06397243
9476,test,0,0.06397243
10027,test,0,0.032626845
8593,test,0,0.084750146
156,test,0,0.09017304
7565,test,0,0.24656165
2521,test,0,0.06397243
8600,test,0,0.032307133
7555,test,0,0.22098993
8147,test,0,0.04130264
4362,test,0,0.032626845
2502,test,0,0.11418751
1008,test,0,0.07474
3337,test,0,0.03372537
560,test,0,0.028819213
1290,test,0,0.032307133
350,test,0,0.13450913
1463,test,0,0.03372537
10021,test,0,0.032626845
6250,test,0,0.032626845
5857,test,0,0.03372537
9463,test,0,0.03372537
366,test,0,0.032307133
4198,test,0,0.033395264
2506,test,0,0.032626845
7781,test,0,0.032307133
4995,test,0,0.15835881
3406,test,0,0.2401176
3247,test,0,0.032307133
3807,test,0,0.21132295
661,test,0,0.06978493
408,test,0,0.032307133
10132,test,0,0.06397243
3710,test,0,0.2010417
6903,test,0,0.032307133
4088,test,0,0.22309425
6295,test,0,0.032307133
359,test,0,0.032307133
4066,test,0,0.030177763
3260,test,0,0.23139098
170,test,0,0.06397243
10577,test,0,0.036203116
43,test,0,0.19453168
3741,test,0,0.30777746
4279,test,0,0.030477077
342,test,0,0.20422593
583,test,0,0.036203116
4196,test,0,0.036203116
31,test,0,0.3310749
9468,test,0,0.03849354
7602,test,0,0.027399214
3303,test,0,0.03382271
5931,test,0,0.3177223
7617,test,0,0.2796498
5257,test,0,0.22372673
4518,test,0,0.22235653
2623,test,0,0.042649265
1502,test,0,0.080519855
2504,test,0,0.083573535
4375,test,0,0.073660664
9416,test,0,0.029409755
8560,test,0,0.12431312
5847,test,0,0.15158018
10612,test,0,0.17004384
3341,test,0,0.033395264
1975,test,0,0.059487518
4457,test,0,0.08421604
736,test,0,0.12074198
6664,test,0,0.06397243
5718,test,0,0.19845973
2955,test,0,0.032307133
9130,test,0,0.097451635
8169,test,0,0.10431101
7505,test,0,0.2768557
3327,test,0,0.02693639
4278,test,0,0.15127836
1784,test,0,0.056247734
10630,test,0,0.06987825
3302,test,0,0.09136472
9799,test,0,0.16293752
1200,test,0,0.032307133
9444,test,0,0.06397243
3872,test,0,0.028258882
6437,test,0,0.28241724
6953,test,0,0.06829245
2808,test,0,0.2206484
453,test,0,0.2065691
9004,test,0,0.029687015
5867,test,0,0.19497529
1063,test,0,0.032307133
3849,test,0,0.1673944
4906,test,0,0.032307133
9009,test,0,0.13940603
10089,test,0,0.030094143
2853,test,0,0.030094143
8081,test,0,0.027875884
8025,test,0,0.02693639
6754,test,0,0.25540856
10097,test,0,0.11103635
497,test,0,0.22218987
7568,test,0,0.1568849
8971,test,0,0.07646952
6836,test,0,0.069253996
10951,test,0,0.027875884
10623,test,0,0.032307133
219,test,0,0.18612255
4897,test,0,0.032307133
4271,test,0,0.027204448
3171,test,0,0.22471358
4740,test,0,0.40572956
3255,test,0,0.07664873
7558,test,0,0.11117635
5729,test,0,0.121383294
4930,test,0,0.36876467
155,test,0,0.033395264
1026,test,0,0.10662408
5639,test,0,0.13250002
9804,test,0,0.22138633
452,test,0,0.27106047
7933,test,0,0.19014606
9185,test,0,0.22309425
5754,test,0,0.035849646
1642,test,0,0.21932355
4669,test,0,0.39010584
8426,test,0,0.25137323
10375,test,0,0.118176535
2780,test,0,0.029687015
7680,test,0,0.24643856
3979,test,0,0.28590006
5371,test,0,0.23574223
2637,test,0,0.2381357
3345,test,0,0.072564505
645,test,0,0.36398172
3342,test,0,0.13137735
8142,test,0,0.31382486
3729,test,0,0.38003325
8035,test,0,0.43383124
7792,test,0,0.1531614
4971,test,0,0.07196144
1285,test,0,0.29408643
7717,test,0,0.47070125
7616,test,0,0.21835871
1312,test,0,0.34537306
10428,test,0,0.030177763
5635,test,0,0.2048978
9191,test,0,0.23110107
578,test,0,0.035280388
7292,test,0,0.21410719
505,test,0,0.32085907
862,test,0,0.07688093
7566,test,0,0.2953111
4656,test,0,0.26933116
2523,test,0,0.24094787
8203,test,0,0.2584205
2785,test,0,0.39397585
1930,test,0,0.4303764
29,test,0,0.10305955
7953,test,0,0.045337595
6827,test,0,0.0814279
3955,test,0,0.04364307
3335,test,0,0.29991078
1793,test,0,0.028747391
1948,test,0,0.47351596
5009,test,0,0.32190028
3984,test,0,0.43904877
3735,test,0,0.12173145
1078,test,0,0.346493
5299,test,0,0.36502293
8439,test,0,0.038118593
8146,test,0,0.028747391
643,test,0,0.03187173
28,test,0,0.2495913
556,test,0,0.31344044
1924,test,0,0.05007346
6627,test,0,0.46226418
6057,test,0,0.24204972
5915,test,0,0.23148364
5251,test,0,0.57107955
648,test,0,0.18192922
2307,test,0,0.36160082
8432,test,0,0.06397243
7649,test,0,0.06808639
775,test,0,0.058998853
73,test,0,0.07377485
10246,test,0,0.032307133
1004,test,0,0.14674783
3413,test,0,0.05687093
1927,test,0,0.033395264
161,test,0,0.032307133
1788,test,0,0.059660908
4460,test,0,0.11388713
5833,test,0,0.07196144
3262,test,0,0.063599914
3500,test,0,0.33362892
554,test,0,0.06333737
717,test,0,0.036203116
1204,test,0,0.24377047
4852,test,0,0.026720973
5854,test,0,0.035849646
5627,test,0,0.49614117
721,test,0,0.14880931
5052,test,0,0.06771031
6650,test,0,0.03810723
734,test,0,0.03333349
3270,test,0,0.10893357
10264,test,0,0.26405331
9982,test,0,0.05897715
3981,test,0,0.668811
9480,test,0,0.042649265
4719,test,0,0.06579017
7791,test,0,0.062811784
8783,test,0,0.08916758
8999,test,0,0.075705305
5003,test,0,0.06748495
3608,test,0,0.033395264
3300,test,0,0.18201903
4969,test,0,0.1989393
9452,test,0,0.032307133
6748,test,0,0.063395865
4462,test,0,0.06397243
3273,test,0,0.033395264
8149,test,0,0.1787591
467,test,0,0.4354972
6765,test,0,0.06397243
5591,test,0,0.06397243
1922,test,0,0.056247734
3276,test,0,0.06397243
5395,test,0,0.032307133
1969,test,0,0.2259902
6769,test,0,0.032307133
2797,test,0,0.13067453
2525,test,0,0.20947084
1060,test,0,0.19670032
368,test,0,0.12676933
10104,test,0,0.18288948
4083,test,0,0.17199267
6870,test,0,0.03372537
4072,test,0,0.23427333
536,test,0,0.02693639
5723,test,0,0.22166353
5046,test,0,0.026720973
6415,test,0,0.036820453
5108,test,0,0.036203116
10441,test,0,0.17972408
5865,test,0,0.25336725
4863,test,0,0.36571223
5050,test,0,0.028462036
5403,test,0,0.1321128
5914,test,0,0.02693639
731,test,0,0.032626845
7500,test,0,0.05058063
5370,test,0,0.36694646
6775,test,0,0.07792327
4942,test,0,0.117833175
10902,test,0,0.032307133
3864,test,0,0.032307133
9975,test,0,0.114077084
8184,test,0,0.19142973
5118,test,0,0.032626845
3310,test,0,0.16744162
9916,test,0,0.032080594
5590,test,0,0.15245676
9503,test,0,0.07154016
8594,test,0,0.083573535
6880,test,0,0.08210011
5126,test,0,0.067060016
7676,test,0,0.056247734
10034,test,0,0.21963474
7682,test,0,0.19935401
3298,test,0,0.056247734
6435,test,0,0.24469756
964,test,0,0.032307133
1082,test,0,0.033650793
1024,test,0,0.0320062
676,test,0,0.032307133
8784,test,0,0.033084545
75,test,0,0.049717773
10903,test,0,0.033084545
10660,test,0,0.15166491
10392,test,0,0.19002204
9650,test,0,0.23918742
6424,test,0,0.02693639
1506,test,0,0.114737734
3426,test,0,0.06397243
5624,test,0,0.056247734
670,test,0,0.032080594
3410,test,0,0.06397243
9474,test,0,0.11918367
7563,test,0,0.16193599
589,test,0,0.09091155
7135,test,0,0.18796676
3338,test,0,0.032307133
2612,test,0,0.22138633
3983,test,0,0.032307133
6604,test,0,0.060648967
582,test,0,0.033395264
2179,test,0,0.31507376
646,test,0,0.02693639
10886,test,0,0.038886115
2334,test,0,0.032307133
5636,test,0,0.11008332
2776,test,0,0.03711418
5842,test,0,0.11103635
6257,test,0,0.42840382
5928,test,0,0.27980503
11084,test,0,0.032307133
6141,test,0,0.03711418
7673,test,0,0.092520975
9012,test,0,0.2503473
4082,test,0,0.02693639
4723,test,0,0.07700049
9409,test,0,0.072079845
998,test,0,0.032307133
4063,test,0,0.16546726
5587,test,0,0.14011237
5396,test,0,0.06254094
4917,test,0,0.34204146
10497,test,0,0.09184814
1061,test,0,0.20049903
7678,test,0,0.23230109
2701,test,0,0.032626845
8844,test,0,0.032307133
7950,test,0,0.02693639
572,test,0,0.29263067
4739,test,0,0.027204448
3806,test,0,0.032307133
9796,test,0,0.22908702
4708,test,0,0.032307133
8549,test,0,0.029687015
2342,test,0,0.29120952
1022,test,0,0.027204448
9701,test,0,0.02693639
3154,test,0,0.17022203
9637,test,0,0.16151915
969,test,0,0.032307133
5026,test,0,0.032307133
5589,test,0,0.032307133
5615,test,0,0.032307133
10578,test,0,0.032307133
10512,test,0,0.066207826
5240,test,0,0.032307133
2786,test,0,0.22617243
416,test,0,0.07943209
6366,test,0,0.11911264
4925,test,0,0.20980515
3336,test,0,0.03711418
407,test,0,0.032307133
4226,test,0,0.19586919
5237,test,0,0.06893394
6755,test,0,0.27802032
4970,test,0,0.13041379
5381,test,0,0.31748793
1795,test,0,0.3136603
2072,test,0,0.20736817
7773,test,0,0.072079845
952,test,0,0.071402065
6399,test,0,0.032307133
5471,test,0,0.35296166
1316,test,0,0.044517837
4200,test,0,0.06397243
10260,test,0,0.034782555
5840,test,0,0.09017304
410,test,0,0.42330235
10127,test,0,0.032626845
8079,test,0,0.4373294
3993,test,0,0.035849646
9426,test,0,0.03741741
9923,test,0,0.1850481
78,test,0,0.18296666
4730,test,0,0.08982739
10094,test,0,0.026720973
3827,test,0,0.27240193
9421,test,0,0.07196144
7309,test,0,0.3227765
6815,test,0,0.3309844
10108,test,0,0.026833607
7714,test,0,0.41875637
9022,test,0,0.1460539
3244,test,0,0.27063894
652,test,0,0.35100487
1471,test,0,0.036203116
3990,test,0,0.038578942
10379,test,0,0.07825842
8417,test,0,0.026720973
4929,test,0,0.21546656
7710,test,0,0.04667889
211,test,0,0.29789665
4202,test,0,0.03415992
6777,test,0,0.35927314
5879,test,0,0.4761761
3256,test,0,0.035333235
7507,test,0,0.46700042
569,test,0,0.03810723
1315,test,0,0.20260952
37,test,0,0.037849564
9469,test,0,0.27136445
533,test,0,0.028166141
9006,test,0,0.03382271
10880,test,0,0.28585592
6400,test,0,0.34413728
8218,test,0,0.02971667
7315,test,0,0.34899142
3954,test,0,0.41294518
2315,test,0,0.028255178
10245,test,0,0.3886898
5617,test,0,0.06771031
579,test,0,0.042649265
3978,test,0,0.3265181
4895,test,0,0.0294246
4714,test,0,0.05897715
5250,test,0,0.3553462
2324,test,0,0.4326948
2691,test,0,0.027399214
7838,test,0,0.056247734
3863,test,0,0.056247734
5235,test,0,0.16963178
2069,test,0,0.08289678
8161,test,0,0.056240167
2594,test,0,0.039131608
6791,test,0,0.08322235
7144,test,0,0.06102728
6657,test,0,0.10696619
506,test,0,0.067060016
7550,test,0,0.16969907
8159,test,0,0.07576884
773,test,0,0.06397243
11079,test,0,0.032005195
1465,test,0,0.033395264
654,test,0,0.31997404
5241,test,0,0.104603715
4720,test,0,0.073049225
2794,test,0,0.033650793
72,test,0,0.033395264
5932,test,0,0.18463138
10898,test,0,0.16091809
10962,test,0,0.07305321
5281,test,0,0.1488366
9930,test,0,0.07311685
6942,test,0,0.13846213
3737,test,0,0.14556581
9418,test,0,0.18044564
8310,test,0,0.06488806
655,test,0,0.032307133
6960,test,0,0.02693639
5897,test,0,0.02693639
7293,test,0,0.038886115
6434,test,0,0.27609375
8076,test,0,0.027306845
3870,test,0,0.02693639
6948,test,0,0.02693639
367,test,0,0.10511976
1320,test,0,0.08070891
3825,test,0,0.032307133
6422,test,0,0.16219711
6899,test,0,0.18272652
3835,test,0,0.1467541
8958,test,0,0.032307133
7711,test,0,0.033650793
7778,test,0,0.06286954
10499,test,0,0.13988522
5903,test,0,0.032626845
4270,test,0,0.039268304
2622,test,0,0.10174647
7501,test,0,0.06286954
6058,test,0,0.02693639
2803,test,0,0.045150008
27,test,0,0.30848598
8554,test,0,0.02693639
8141,test,0,0.15474242
4293,test,0,0.02693639
3830,test,0,0.052416373
10122,test,0,0.15271857
509,test,0,0.067060016
6806,test,0,0.12666668
1970,test,0,0.03372537
9972,test,0,0.13170905
4663,test,0,0.11065115
4855,test,0,0.033395264
2610,test,0,0.032307133
9635,test,0,0.3703778
4346,test,0,0.2407503
6772,test,0,0.18997407
9498,test,0,0.06893394
7848,test,0,0.083259106
7801,test,0,0.118871905
2065,test,0,0.038436502
860,test,0,0.033395264
4223,test,0,0.027204448
5015,test,0,0.13250002
4946,test,0,0.02693639
2859,test,0,0.033650793
3420,test,0,0.033395264
6139,test,0,0.033650793
5247,test,0,0.2206484
8150,test,0,0.032307133
6822,test,0,0.02693639
5575,test,0,0.09906816
1802,test,0,0.24209933
6368,test,0,0.28462
5594,test,0,0.07204137
1274,test,0,0.02693639
1899,test,0,0.072985336
6647,test,0,0.032307133
7712,test,0,0.16577572
4355,test,0,0.07304678
5021,test,0,0.02693639
6862,test,0,0.06185473
4916,test,0,0.20534545
3848,test,0,0.033650793
10257,test,0,0.02693639
5645,test,0,0.02693639
3618,test,0,0.06397243
5008,test,0,0.06185473
2068,test,0,0.032626845
3254,test,0,0.073660664
353,test,0,0.13604662
6064,test,0,0.033395264
6282,test,0,0.20092554
10574,test,0,0.122643985
3803,test,0,0.06397243
2611,test,0,0.10153712
4847,test,0,0.2915856
6359,test,0,0.13804539
2953,test,0,0.06893394
1630,test,0,0.02693639
499,test,0,0.15486166
7777,test,0,0.06185473
6136,test,0,0.027204448
586,test,0,0.06397243
10900,test,0,0.057272114
5467,test,0,0.06185473
4744,test,0,0.17954627
7511,test,0,0.035849646
9705,test,0,0.02693639
9644,test,0,0.06185473
4074,test,0,0.026720973
6808,test,0,0.22645058
455,test,0,0.026720973
9802,test,0,0.030177763
440,test,0,0.057272114
6751,test,0,0.1553088
2532,test,0,0.057272114
5924,test,0,0.12837456
3828,test,0,0.052008122
8415,test,0,0.030477077
5717,test,0,0.36777264
9707,test,0,0.30025816
2992,test,0,0.42177656
4519,test,0,0.057272114
10899,test,0,0.035849646
2318,test,0,0.09121931
3859,test,0,0.033383522
4508,test,0,0.038164146
5378,test,0,0.030177763
4659,test,0,0.026986947
507,test,0,0.129972
4726,test,0,0.10109915
10887,test,0,0.14319219
4998,test,0,0.07196144
7975,test,0,0.030177763
2997,test,0,0.035849646
6610,test,0,0.028297812
6365,test,0,0.026569098
868,test,0,0.030177763
6296,test,0,0.057272114
4896,test,0,0.07196144
2243,test,0,0.057272114
2491,test,0,0.036203116
551,test,0,0.16699404
4964,test,0,0.038164146
1072,test,0,0.035495244
6959,test,0,0.16004647
7145,test,0,0.06645905
6767,test,0,0.1417965
10386,test,0,0.03456293
10582,test,0,0.19041817
7146,test,0,0.042649265
9448,test,0,0.028462036
11083,test,0,0.028462036
4211,test,0,0.02668065
5037,test,0,0.06645905
7504,test,0,0.039759345
2631,test,0,0.05897715
2536,test,0,0.11854808
2865,test,0,0.11854808
6063,test,0,0.03187173
81,test,0,0.03810723
9795,test,0,0.027700853
7058,test,0,0.035280388
9926,test,0,0.034497324
1904,test,0,0.05897715
3847,test,0,0.03333349
171,test,0,0.037988365
3583,test,0,0.06967299
1501,test,0,0.06645905
5888,test,0,0.038221966
9467,test,0,0.11315371
5031,test,0,0.028166141
2060,test,0,0.042235617
10963,test,0,0.027399214
6821,test,0,0.19653259
2993,test,0,0.044069868
8544,test,0,0.39007866
11081,test,0,0.028446086
8139,test,0,0.21973264
5231,test,0,0.05897715
332,test,0,0.11756409
4862,test,0,0.033650793
3717,test,0,0.056247734
1919,test,0,0.032307133
10560,test,0,0.032307133
1910,test,0,0.029082125
2686,test,0,0.032307133
6762,test,0,0.06397243
5234,test,0,0.032080594
8973,test,0,0.1371505
6369,test,0,0.032307133
6813,test,0,0.15383549
504,test,0,0.033395264
6426,test,0,0.07044852
8843,test,0,0.034782555
3748,test,0,0.18201393
6944,test,0,0.2982849
447,test,0,0.06397243
6278,test,0,0.06254094
6884,test,0,0.032626845
9447,test,0,0.06185473
10614,test,0,0.032307133
4911,test,0,0.032626845
2238,test,0,0.06397243
1293,test,0,0.30675375
10086,test,0,0.032307133
9035,test,0,0.1358851
4653,test,0,0.16879092
5143,test,0,0.16017424
11078,test,0,0.105477884
3497,test,0,0.032307133
2535,test,0,0.06185473
1287,test,0,0.033395264
963,test,0,0.10153712
6420,test,0,0.22816752
4347,test,0,0.06397243
1003,test,0,0.07993099
10023,test,0,0.073660664
6890,test,0,0.27595815
9792,test,0,0.033650793
3257,test,0,0.036111444
10390,test,0,0.18027665
5053,test,0,0.052008122
10906,test,0,0.06441962
5861,test,0,0.032307133
9041,test,0,0.032307133
1223,test,0,0.27950117
4734,test,0,0.033650793
5121,test,0,0.15819833
8774,test,0,0.035333235
24,test,0,0.19357838
435,test,0,0.035849646
1806,test,0,0.25641835
1933,test,0,0.026720973
6895,test,0,0.09213129
1301,test,0,0.058539405
553,test,0,0.026720973
8959,test,0,0.067310445
2494,test,0,0.1111251
9963,test,0,0.24767326
1327,test,0,0.026720973
356,test,0,0.036203116
6409,test,0,0.06535222
3855,test,0,0.035849646
5114,test,0,0.17735156
3733,test,0,0.22453366
355,test,0,0.03741741
1081,test,0,0.27296644
2826,test,0,0.3395779
5882,test,0,0.20056836
9510,test,0,0.057272114
437,test,0,0.030177763
8968,test,0,0.28071043
585,test,0,0.30261004
9182,test,0,0.22138633
3319,test,0,0.061333317
6405,test,0,0.093139835
1804,test,0,0.026720973
4351,test,0,0.38163057
3851,test,0,0.030177763
9699,test,0,0.028297812
8423,test,0,0.03718312
3989,test,0,0.033383522
9993,test,0,0.21355562
4368,test,0,0.09257029
3865,test,0,0.030177763
10382,test,0,0.1168163
6048,test,0,0.026720973
5254,test,0,0.44544774
7720,test,0,0.030177763
7498,test,0,0.057272114
3867,test,0,0.3059371
10569,test,0,0.11286477
8179,test,0,0.035333235
9121,test,0,0.027626332
10434,test,0,0.031505577
7911,test,0,0.37199715
10877,test,0,0.030177763
9793,test,0,0.372769
10440,test,0,0.03741741
10075,test,0,0.14559747
9969,test,0,0.078995764
9786,test,0,0.030177763
4060,test,0,0.043964405
9120,test,0,0.026720973
7970,test,0,0.030177763
5153,test,0,0.23963666
7304,test,0,0.026720973
4001,test,0,0.026720973
4675,test,0,0.026720973
5000,test,0,0.07196144
2305,test,0,0.030177763
7643,test,0,0.035333235
8591,test,0,0.118182
9962,test,0,0.026720973
8967,test,0,0.033383522
4745,test,0,0.026720973
9038,test,0,0.1708214
4838,test,0,0.19121365
10092,test,0,0.0751868
6284,test,0,0.035849646
4837,test,0,0.028747391
3837,test,0,0.02668065
6885,test,0,0.063599914
8442,test,0,0.035333235
5010,test,0,0.03333349
7311,test,0,0.19637512
4830,test,0,0.045084804
9920,test,0,0.035280388
2806,test,0,0.03849354
6138,test,0,0.03100712
3965,test,0,0.039759345
7935,test,0,0.03100712
1296,test,0,0.2975944
11065,test,0,0.06645905
3958,test,0,0.061187826
8540,test,0,0.07303655
1932,test,0,0.067890026
2498,test,0,0.039781466
436,test,0,0.21951863
2320,test,0,0.027399214
7142,test,0,0.30838493
9001,test,0,0.06967299
10896,test,0,0.10237821
2595,test,0,0.06645905
557,test,0,0.041506223
2958,test,0,0.12729396
9967,test,0,0.058669865
8020,test,0,0.02668065
3159,test,0,0.18409654
82,test,0,0.02971667
1284,test,0,0.033472992
3838,test,0,0.14489102
2810,test,0,0.05897715
346,test,0,0.17594767
6763,test,0,0.36059952
2696,test,0,0.3099291
10001,test,0,0.2135026
3714,test,0,0.1608691
3331,test,0,0.37602717
8210,test,0,0.029719312
3249,test,0,0.037988365
3308,test,0,0.06645905
7056,test,0,0.07653848
2061,test,0,0.03361919
3347,test,0,0.037988365
5868,test,0,0.25613683
1914,test,0,0.15011065
1639,test,0,0.058669865
210,test,0,0.028747391
4363,test,0,0.05594012
3278,test,0,0.029257836
4280,test,0,0.029257836
5382,test,0,0.051727995
1466,test,0,0.12702101
713,test,0,0.24709667
7295,test,0,0.027399214
4356,test,0,0.05897715
10022,test,0,0.05897715
4948,test,0,0.35518014
456,test,0,0.33946678
10974,test,0,0.3235873
6362,test,0,0.46885672
7798,test,0,0.46199012
215,test,0,0.31238833
4209,test,0,0.043198705
9803,test,0,0.098389395
9977,test,0,0.056247734
4725,test,0,0.11116539
4370,test,0,0.064627595
3494,test,0,0.08459469
3265,test,0,0.067060016
7645,test,0,0.068033755
2520,test,0,0.08095858
534,test,0,0.18663953
457,test,0,0.1844673
2814,test,0,0.06397243
502,test,0,0.063395865
8154,test,0,0.21187077
4749,test,0,0.027848838
543,test,0,0.02693639
8957,test,0,0.14560454
3316,test,0,0.033084545
9505,test,0,0.032307133
7774,test,0,0.071402065
4513,test,0,0.26399094
9800,test,0,0.033650793
774,test,0,0.08725693
7647,test,0,0.14450465
10427,test,0,0.039628763
6142,test,0,0.02693639
2508,test,0,0.032307133
5034,test,0,0.02693639
5287,test,0,0.09248595
7966,test,0,0.19255874
1498,test,0,0.0542853
8160,test,0,0.10911164
6947,test,0,0.107332416
5463,test,0,0.15910313
9996,test,0,0.071402065
9501,test,0,0.07929271
4738,test,0,0.032307133
573,test,0,0.15077539
5125,test,0,0.032307133
3160,test,0,0.056247734
6358,test,0,0.34204146
9918,test,0,0.13159099
9453,test,0,0.09932828
4940,test,0,0.21554077
1324,test,0,0.20272978
3425,test,0,0.12247393
6363,test,0,0.02693639
6134,test,0,0.02693639
9460,test,0,0.032307133
1801,test,0,0.24574806
5855,test,0,0.13596785
6433,test,0,0.02693639
669,test,0,0.07658811
6887,test,0,0.032307133
2692,test,0,0.032307133
4756,test,0,0.044099282
8183,test,0,0.37143144
6901,test,0,0.04311494
10882,test,0,0.10901749
8163,test,0,0.09695496
451,test,0,0.060648967
5032,test,0,0.071402065
1636,test,0,0.2317508
8846,test,0,0.02693639
4923,test,0,0.25361374
6260,test,0,0.07218165
5583,test,0,0.11115527
9178,test,0,0.038886115
2627,test,0,0.061662704
4910,test,0,0.061662704
2640,test,0,0.3998482
2519,test,0,0.07370666
8835,test,0,0.033650793
8552,test,0,0.033395264
10576,test,0,0.02693639
2500,test,0,0.17354704
9465,test,0,0.12896991
8078,test,0,0.4101091
463,test,0,0.03372537
8187,test,0,0.1137429
2782,test,0,0.19563745
5646,test,0,0.02693639
6050,test,0,0.030094143
10500,test,0,0.030094143
5887,test,0,0.22138633
9502,test,0,0.06978493
1304,test,0,0.033650793
4860,test,0,0.033650793
5280,test,0,0.02693639
8207,test,0,0.02693639
7779,test,0,0.25602803
6061,test,0,0.032307133
10876,test,0,0.17534627
5620,test,0,0.032307133
1009,test,0,0.02693639
6654,test,0,0.09991236
1071,test,0,0.033650793
2184,test,0,0.035586137
9457,test,0,0.27802032
8775,test,0,0.1153747
9036,test,0,0.032307133
5164,test,0,0.02693639
8077,test,0,0.0608553
1213,test,0,0.02693639
2703,test,0,0.02693639
5402,test,0,0.038886115
3869,test,0,0.19417372
3860,test,0,0.032626845
3431,test,0,0.029082125
9645,test,0,0.071402065
6663,test,0,0.17810535
3839,test,0,0.02693639
8037,test,0,0.032307133
157,test,0,0.029687015
10611,test,0,0.2024701
2312,test,0,0.153847
2537,test,0,0.1486787
3726,test,0,0.032307133
4064,test,0,0.12388752
8174,test,0,0.16879092
2634,test,0,0.154514
214,test,0,0.02693639
1016,test,0,0.16829613
2327,test,0,0.06320194
9199,test,0,0.09487255
4081,test,0,0.13751404
3492,test,0,0.08302347
8545,test,0,0.17810535
1069,test,0,0.07979066
10124,test,0,0.032626845
7958,test,0,0.105406195
9458,test,0,0.035586137
6641,test,0,0.07370666
10658,test,0,0.032626845
2818,test,0,0.029687015
5297,test,0,0.02693639
1001,test,0,0.28559142
6823,test,0,0.02693639
4746,test,0,0.02693639
5374,test,0,0.068890706
5755,test,0,0.30784252
3350,test,0,0.27858993
2858,test,0,0.02693639
4194,test,0,0.16371834
209,test,0,0.02693639
8557,test,0,0.02693639
9643,test,0,0.032626845
5629,test,0,0.02693639
3340,test,0,0.08316771
4353,test,0,0.032307133
8220,test,0,0.1083367
597,test,0,0.06978493
1309,test,0,0.02693639
8963,test,0,0.032307133
7554,test,0,0.033650793
8307,test,0,0.038436502
10503,test,0,0.03372537
10020,test,0,0.032626845
1208,test,0,0.0376192
3339,test,0,0.17511469
865,test,0,0.071402065
3326,test,0,0.02693639
2824,test,0,0.033395264
7138,test,0,0.07018629
1216,test,0,0.032307133
10107,test,0,0.061453808
41,test,0,0.2660509
4716,test,0,0.31954855
4748,test,0,0.19417372
10274,test,0,0.13831379
6356,test,0,0.02693639
8189,test,0,0.032626845
5896,test,0,0.033395264
7788,test,0,0.033650793
5920,test,0,0.21374254
2512,test,0,0.032080594
3999,test,0,0.111916795
1311,test,0,0.02693639
9194,test,0,0.08638836
71,test,0,0.06185473
1065,test,0,0.16017424
3610,test,0,0.06397243
45,test,0,0.23456088
149,test,0,0.15170595
1800,test,0,0.032307133
10966,test,0,0.032307133
10636,test,0,0.02693639
5881,test,0,0.02693639
5013,test,0,0.029082125
3261,test,0,0.13186651
1018,test,0,0.02693639
5719,test,0,0.06978493
7912,test,0,0.1457879
5156,test,0,0.02693639
10071,test,0,0.027848838
5728,test,0,0.033650793
163,test,0,0.1924729
5366,test,0,0.038886115
1794,test,0,0.02693639
4361,test,0,0.14388567
7302,test,0,0.18475923
4654,test,0,0.02693639
778,test,0,0.06185473
8143,test,0,0.03711418
10028,test,0,0.032307133
10872,test,0,0.032307133
2505,test,0,0.266725
7719,test,0,0.02693639
5377,test,0,0.032307133
2693,test,0,0.032307133
3616,test,0,0.033395264
2787,test,0,0.027848838
3840,test,0,0.21554004
3577,test,0,0.3655978
1789,test,0,0.032307133
9123,test,0,0.02693639
1509,test,0,0.3355148
5295,test,0,0.032307133
6825,test,0,0.032307133
9177,test,0,0.032307133
2860,test,0,0.1712268
7932,test,0,0.032307133
10070,test,0,0.02693639
3808,test,0,0.08537693
10570,test,0,0.032307133
4755,test,0,0.032307133
5616,test,0,0.032307133
7653,test,0,0.032080594
8965,test,0,0.228185
5384,test,0,0.033650793
1000,test,0,0.032307133
2522,test,0,0.093561515
5286,test,0,0.032307133
8043,test,0,0.02693639
5892,test,0,0.033650793
10635,test,0,0.03711418
8148,test,0,0.02693639
10000,test,0,0.20794582
5727,test,0,0.032307133
2812,test,0,0.15691145
6818,test,0,0.032307133
5293,test,0,0.032307133
7963,test,0,0.29110837
7904,test,0,0.03385146
4924,test,0,0.03385146
6129,test,0,0.032307133
4753,test,0,0.033650793
9504,test,0,0.032307133
3712,test,0,0.09690525
1913,test,0,0.02693639
4085,test,0,0.029082125
5923,test,0,0.02693639
4086,test,0,0.032307133
4731,test,0,0.14439537
10248,test,0,0.032307133
10626,test,0,0.033650793
7057,test,0,0.12566817
1326,test,0,0.032307133
9973,test,0,0.032307133
5141,test,0,0.12388752
8849,test,0,0.027848838
3328,test,0,0.032307133
6133,test,0,0.09468488
4943,test,0,0.16682376
10895,test,0,0.21821098
2311,test,0,0.30025014
3738,test,0,0.033650793
6412,test,0,0.032307133
5024,test,0,0.11449949
2866,test,0,0.032307133
6256,test,0,0.06185473
10610,test,0,0.02693639
2599,test,0,0.06185473
6875,test,0,0.16815297
10960,test,0,0.032307133
561,test,0,0.032307133
5112,test,0,0.029687015
74,test,0,0.27737647
3321,test,0,0.032307133
1288,test,0,0.02693639
1277,test,0,0.13067453
10105,test,0,0.032307133
9184,test,0,0.032626845
726,test,0,0.033395264
11068,test,0,0.06254094
535,test,0,0.033650793
8208,test,0,0.032307133
462,test,0,0.033395264
1012,test,0,0.033650793
7641,test,0,0.20335503
140,test,0,0.06185473
8195,test,0,0.14636473
4752,test,0,0.032307133
3956,test,0,0.104855
9128,test,0,0.033395264
8850,test,0,0.02693639
8166,test,0,0.06185473
6900,test,0,0.13402016
1632,test,0,0.028832655
2309,test,0,0.14615484
3325,test,0,0.20344815
4932,test,0,0.10898982
11073,test,0,0.101619974
2702,test,0,0.033650793
5041,test,0,0.032307133
9115,test,0,0.032307133
2495,test,0,0.13596785
5389,test,0,0.032307133
5390,test,0,0.032748964
5641,test,0,0.033650793
7789,test,0,0.032307133
657,test,0,0.032307133
591,test,0,0.08101112
2959,test,0,0.055132404
25,test,0,0.4083712
9979,test,0,0.033650793
5716,test,0,0.032307133
5148,test,0,0.033650793
5233,test,0,0.09183564
9005,test,0,0.029687015
44,test,0,0.04278904
6881,test,0,0.0809791
3723,test,0,0.16614605
7618,test,0,0.032307133
9998,test,0,0.029082125
8430,test,0,0.032307133
10091,test,0,0.032307133
727,test,0,0.18725869
9193,test,0,0.06254094
4757,test,0,0.16413255
8424,test,0,0.032307133
5006,test,0,0.056247734
1947,test,0,0.033395264
6054,test,0,0.032307133
1015,test,0,0.23840164
6824,test,0,0.032307133
8838,test,0,0.2768557
3725,test,0,0.033650793
3820,test,0,0.07382404
3833,test,0,0.02693639
10389,test,0,0.28559142
722,test,0,0.16695054
8537,test,0,0.058560904
5376,test,0,0.032307133
7944,test,0,0.17079009
1017,test,0,0.02693639
8440,test,0,0.06185473
5902,test,0,0.15323897
9506,test,0,0.35341406
2496,test,0,0.14696261
10624,test,0,0.032307133
10971,test,0,0.04130264
9925,test,0,0.083752334
1797,test,0,0.035849646
11085,test,0,0.03999736
7564,test,0,0.058560904
3982,test,0,0.16829613
5930,test,0,0.0330381
10504,test,0,0.0330381
1928,test,0,0.029082125
9027,test,0,0.032307133
4849,test,0,0.039404348
4514,test,0,0.06397243
10583,test,0,0.19417372
10618,test,0,0.02693639
6060,test,0,0.033395264
7964,test,0,0.026720973
5912,test,0,0.15046845
477,test,0,0.08450998
6655,test,0,0.5110175
5365,test,0,0.06333737
7549,test,0,0.26995113
5936,test,0,0.25801477
2793,test,0,0.026720973
2064,test,0,0.22908367
2788,test,0,0.07517362
460,test,0,0.030849468
3155,test,0,0.031196492
4215,test,0,0.21831554
8962,test,0,0.026720973
6357,test,0,0.026720973
5119,test,0,0.06117152
7608,test,0,0.3789697
4657,test,0,0.03711418
3245,test,0,0.035849646
6145,test,0,0.027626332
3346,test,0,0.16642274
10102,test,0,0.030177763
4662,test,0,0.19085631
3802,test,0,0.25062358
8964,test,0,0.038886115
1308,test,0,0.07201705
7651,test,0,0.07196144
715,test,0,0.033383522
545,test,0,0.026720973
2308,test,0,0.3307038
8961,test,0,0.032307133
6406,test,0,0.2927987
3969,test,0,0.21831554
6957,test,0,0.030177763
5244,test,0,0.032307133
9190,test,0,0.13467546
3861,test,0,0.026720973
6611,test,0,0.028297812
6619,test,0,0.27849483
8036,test,0,0.052416373
10559,test,0,0.026720973
9122,test,0,0.052008122
9921,test,0,0.12212351
5025,test,0,0.030177763
5385,test,0,0.033383522
6749,test,0,0.07196144
8209,test,0,0.039858535
8199,test,0,0.03362861
11080,test,0,0.026720973
4848,test,0,0.22653957
465,test,0,0.06535222
5051,test,0,0.026720973
1218,test,0,0.034034695
6144,test,0,0.033383522
4080,test,0,0.2055202
3744,test,0,0.22257897
9788,test,0,0.030177763
40,test,0,0.028297812
6826,test,0,0.030177763
2517,test,0,0.34385222
8952,test,0,0.026720973
1074,test,0,0.033383522
7906,test,0,0.34790206
5248,test,0,0.026986947
1067,test,0,0.028297812
7316,test,0,0.09525114
9700,test,0,0.032307133
2549,test,0,0.2723727
1457,test,0,0.06185473
3721,test,0,0.026720973
4914,test,0,0.033383522
207,test,0,0.030177763
4861,test,0,0.030177763
5150,test,0,0.026569098
866,test,0,0.057272114
7805,test,0,0.2429278
5904,test,0,0.25504273
10975,test,0,0.026720973
1298,test,0,0.3743211
441,test,0,0.19339213
10116,test,0,0.2004045
8140,test,0,0.030477077
8317,test,0,0.1513459
10959,test,0,0.1393933
10433,test,0,0.22151586
1076,test,0,0.03860403
4950,test,0,0.033383522
1313,test,0,0.25113964
1303,test,0,0.030177763
2700,test,0,0.071734965
6288,test,0,0.03741741
10956,test,0,0.030177763
10511,test,0,0.11716113
663,test,0,0.07201705
8412,test,0,0.026720973
2690,test,0,0.045467068
2616,test,0,0.07196144
3831,test,0,0.05102076
8082,test,0,0.030177763
4737,test,0,0.036169637
4275,test,0,0.06333737
5359,test,0,0.028297812
999,test,0,0.026720973
9981,test,0,0.067974836
4273,test,0,0.41229886
544,test,0,0.033383522
601,test,0,0.12903784
6941,test,0,0.026720973
10096,test,0,0.026720973
2783,test,0,0.035849646
724,test,0,0.052740052
7807,test,0,0.16425449
1323,test,0,0.036203116
3824,test,0,0.026720973
4277,test,0,0.026720973
6609,test,0,0.026720973
4516,test,0,0.035333235
3868,test,0,0.09366934
8969,test,0,0.030177763
10561,test,0,0.030177763
9192,test,0,0.026720973
212,test,0,0.038958233
4212,test,0,0.026720973
6052,test,0,0.026720973
8836,test,0,0.026720973
2790,test,0,0.07827782
10279,test,0,0.030177763
10907,test,0,0.057272114
6789,test,0,0.12273629
7808,test,0,0.030177763
6413,test,0,0.033383522
5362,test,0,0.026720973
8851,test,0,0.030177763
10957,test,0,0.026720973
2697,test,0,0.3659012
1503,test,0,0.08460074
4899,test,0,0.07610237
7948,test,0,0.030177763
8427,test,0,0.026720973
4220,test,0,0.038578942
2321,test,0,0.065976664
1275,test,0,0.03177532
647,test,0,0.026720973
3730,test,0,0.25631967
8073,test,0,0.030177763
6398,test,0,0.028602522
1281,test,0,0.026720973
1226,test,0,0.030177763
1921,test,0,0.033383522
365,test,0,0.06747573
8438,test,0,0.057272114
2777,test,0,0.23692627
5016,test,0,0.15566668
9961,test,0,0.09104443
2533,test,0,0.16595165
10082,test,0,0.16645926
4722,test,0,0.030477077
8134,test,0,0.028602522
7310,test,0,0.15545627
30,test,0,0.42222098
9197,test,0,0.23093879
4747,test,0,0.02693639
10369,test,0,0.026720973
7931,test,0,0.026720973
5042,test,0,0.030177763
8033,test,0,0.026720973
8201,test,0,0.026720973
770,test,0,0.05102076
10662,test,0,0.028297812
10949,test,0,0.028297812
9708,test,0,0.026720973
9419,test,0,0.093663104
3329,test,0,0.033383522
7782,test,0,0.032748964
8204,test,0,0.032748964
7715,test,0,0.026720973
142,test,0,0.3073916
1900,test,0,0.28580415
5279,test,0,0.041932207
6292,test,0,0.03000686
10888,test,0,0.03000686
3727,test,0,0.030177763
4673,test,0,0.026720973
1945,test,0,0.21466169
5733,test,0,0.026720973
5622,test,0,0.026720973
3609,test,0,0.035333235
4343,test,0,0.21332474
7598,test,0,0.03860403
723,test,0,0.026720973
2638,test,0,0.057272114
11071,test,0,0.026720973
5392,test,0,0.030177763
7606,test,0,0.030177763
9033,test,0,0.05102076
8155,test,0,0.16302265
7960,test,0,0.030177763
10263,test,0,0.026720973
10088,test,0,0.036203116
458,test,0,0.033383522
6950,test,0,0.030177763
3742,test,0,0.034034695
5047,test,0,0.026720973
7965,test,0,0.030177763
1977,test,0,0.038164146
8041,test,0,0.038958233
6403,test,0,0.17827348
10262,test,0,0.06299087
2867,test,0,0.2944358
6440,test,0,0.030177763
4201,test,0,0.028297812
10557,test,0,0.026720973
7298,test,0,0.25683218
4919,test,0,0.026720973
7559,test,0,0.030177763
10513,test,0,0.030177763
5369,test,0,0.026720973
8080,test,0,0.031196492
5245,test,0,0.030177763
7722,test,0,0.030177763
3279,test,0,0.18785825
9020,test,0,0.37836105
1459,test,0,0.035849646
4841,test,0,0.026986947
6831,test,0,0.026720973
3164,test,0,0.03450662
10029,test,0,0.057272114
2606,test,0,0.06768103
9992,test,0,0.3309844
1507,test,0,0.26665628
7957,test,0,0.026720973
1895,test,0,0.038164146
4666,test,0,0.026720973
532,test,0,0.06333737
10080,test,0,0.026720973
7681,test,0,0.15108918
1278,test,0,0.036820453
4218,test,0,0.05251222
9422,test,0,0.09052332
8853,test,0,0.033383522
6956,test,0,0.030177763
4758,test,0,0.26074252
650,test,0,0.036820453
10113,test,0,0.033383522
8974,test,0,0.026720973
6792,test,0,0.24455145
9113,test,0,0.026720973
3170,test,0,0.033383522
32,test,0,0.3810023
1220,test,0,0.033383522
7806,test,0,0.030177763
7930,test,0,0.03848796
5909,test,0,0.033383522
7790,test,0,0.030177763
6955,test,0,0.03999736
7508,test,0,0.057272114
3305,test,0,0.06441962
10370,test,0,0.026720973
4967,test,0,0.07196144
5110,test,0,0.29540867
7313,test,0,0.030177763
10085,test,0,0.026720973
8213,test,0,0.05782413
10891,test,0,0.39711297
4276,test,0,0.026720973
42,test,0,0.026720973
6059,test,0,0.036820453
6259,test,0,0.037052546
8954,test,0,0.030177763
7506,test,0,0.090307005
7800,test,0,0.1599574
473,test,0,0.026569098
6429,test,0,0.045467068
33,test,0,0.030177763
6784,test,0,0.036203116
9454,test,0,0.028297812
10657,test,0,0.12212351
3399,test,0,0.10133796
994,test,0,0.030177763
222,test,0,0.038578942
5391,test,0,0.030177763
173,test,0,0.2738709
9011,test,0,0.035280388
8972,test,0,0.028747391
6809,test,0,0.028747391
7646,test,0,0.3251145
10954,test,0,0.31382486
5917,test,0,0.028297812
8541,test,0,0.36474842
7603,test,0,0.026720973
6817,test,0,0.17208049
8196,test,0,0.030177763
10958,test,0,0.13340734
1212,test,0,0.030177763
7974,test,0,0.029840687
2588,test,0,0.029840687
4289,test,0,0.46308434
2316,test,0,0.028747391
3166,test,0,0.028747391
4936,test,0,0.3814204
4282,test,0,0.4603432
9186,test,0,0.036765464
2799,test,0,0.059554413
6624,test,0,0.028602522
3168,test,0,0.03860403
780,test,0,0.063599914
8075,test,0,0.033383522
10072,test,0,0.059817832
3169,test,0,0.45585594
558,test,0,0.028747391
2802,test,0,0.043878004
4751,test,0,0.036765464
4674,test,0,0.06771031
6430,test,0,0.030177763
7959,test,0,0.030177763
5626,test,0,0.15443756
5039,test,0,0.30801818
6294,test,0,0.21680543
4920,test,0,0.043878004
3584,test,0,0.45714414
777,test,0,0.039781466
4724,test,0,0.114239655
5397,test,0,0.31968424
5919,test,0,0.03362861
2325,test,0,0.03362861
5236,test,0,0.48289886
5625,test,0,0.02668065
3829,test,0,0.4519859
6659,test,0,0.06498123
6280,test,0,0.029719312
568,test,0,0.03385146
9633,test,0,0.03810723
6618,test,0,0.02668065
7612,test,0,0.026528997
5127,test,0,0.2572609
216,test,0,0.27063894
8311,test,0,0.035280388
7954,test,0,0.02668065
3977,test,0,0.02668065
5253,test,0,0.028255178
7910,test,0,0.29122332
1976,test,0,0.48712093
36,test,0,0.028747391
7795,test,0,0.04568083
5158,test,0,0.036765464
6360,test,0,0.02668065
1920,test,0,0.02668065
9798,test,0,0.03333349
417,test,0,0.061253708
7147,test,0,0.11035102
4369,test,0,0.05897715
1321,test,0,0.03100712
9966,test,0,0.03220526
4939,test,0,0.02668065
10873,test,0,0.044153787
4227,test,0,0.37980804
5128,test,0,0.06645905
10073,test,0,0.033578224
3731,test,0,0.23846887
5628,test,0,0.04816584
8144,test,0,0.03100712
11077,test,0,0.3954784
6364,test,0,0.0294246
4834,test,0,0.03187173
2784,test,0,0.02668065
9187,test,0,0.3962262
9642,test,0,0.03810723
10965,test,0,0.093203045
8024,test,0,0.028584348
9116,test,0,0.03100712
10098,test,0,0.13615154
4893,test,0,0.02971667
9696,test,0,0.03799786
1062,test,0,0.24526499
10892,test,0,0.061253708
5256,test,0,0.028462036
7615,test,0,0.5350923
8772,test,0,0.05897715
594,test,0,0.086207524
5753,test,0,0.03382271
5388,test,0,0.028462036
1209,test,0,0.028747391
3333,test,0,0.03333349
2073,test,0,0.06645905
1916,test,0,0.02668065
4071,test,0,0.37191996
4068,test,0,0.35373315
9129,test,0,0.027399214
2547,test,0,0.061253708
4999,test,0,0.061253708
46,test,0,0.03907625
3312,test,0,0.039759345
6066,test,0,0.4044626
8949,test,0,0.038116496
954,test,0,0.061253708
6864,test,0,0.03810723
349,test,0,0.035170015
9999,test,0,0.039759345
10093,test,0,0.5105913
5885,test,0,0.3199724
592,test,0,0.06645905
1215,test,0,0.04010619
3986,test,0,0.04363298
4926,test,0,0.03220526
1007,test,0,0.03220526
779,test,0,0.034156904
8068,test,0,0.028166141
718,test,0,0.041802693
1458,test,0,0.07490193
3585,test,0,0.028166141
2624,test,0,0.042235617
3818,test,0,0.042929094
1473,test,0,0.42321992
10268,test,0,0.06455745
3873,test,0,0.52720726
5364,test,0,0.028255178
7949,test,0,0.02668065
2323,test,0,0.072939135
8029,test,0,0.3870896
6132,test,0,0.028462036
11076,test,0,0.2082975
5870,test,0,0.035280388
9651,test,0,0.23362567
5055,test,0,0.03537529
4065,test,0,0.028462036
8428,test,0,0.03187173
10250,test,0,0.042929094
2339,test,0,0.042649265
6958,test,0,0.3174135
10110,test,0,0.03100712
2175,test,0,0.037988365
1029,test,0,0.02668065
6065,test,0,0.068921894
4464,test,0,0.05897715
3708,test,0,0.06645905
10661,test,0,0.037988365
5752,test,0,0.037988365
1935,test,0,0.02668065
5886,test,0,0.02668065
1210,test,0,0.35927314
8425,test,0,0.45862857
6246,test,0,0.3230478
7140,test,0,0.06498123
8419,test,0,0.028747391
7553,test,0,0.02758468
1925,test,0,0.029719312
8185,test,0,0.061253708
4672,test,0,0.061253708
6814,test,0,0.028747391
11063,test,0,0.028747391
2857,test,0,0.02668065
10106,test,0,0.026946235
3163,test,0,0.02668065
9415,test,0,0.15127623
1944,test,0,0.02668065
2950,test,0,0.061253708
10556,test,0,0.03100712
331,test,0,0.06645905
678,test,0,0.061253708
1633,test,0,0.03100712
6279,test,0,0.06645905
10074,test,0,0.042655572
9021,test,0,0.028166141
2313,test,0,0.06480591
576,test,0,0.17308967
4963,test,0,0.05897715
9179,test,0,0.31715882
1306,test,0,0.043073144
5726,test,0,0.059595317
205,test,0,0.6136219
2244,test,0,0.042235617
10385,test,0,0.02832688
6614,test,0,0.03333349
8315,test,0,0.04770135
10627,test,0,0.033472992
5020,test,0,0.10192782
3407,test,0,0.035280388
4742,test,0,0.22351363
7724,test,0,0.027399214
7901,test,0,0.034960046
9976,test,0,0.2820102
8845,test,0,0.02668065
537,test,0,0.027399214
8998,test,0,0.05897715
4844,test,0,0.33462766
9039,test,0,0.03205292
5246,test,0,0.038116496
8551,test,0,0.027399214
782,test,0,0.061253708
5375,test,0,0.04612659
771,test,0,0.03810723
4079,test,0,0.037633978
1199,test,0,0.30169418
6871,test,0,0.21227425
6425,test,0,0.42198446
6251,test,0,0.06645905
3720,test,0,0.02668065
9014,test,0,0.035170015
5634,test,0,0.23450151
672,test,0,0.15870681
4655,test,0,0.027671747
9702,test,0,0.35325533
6833,test,0,0.028462036
3614,test,0,0.034156904
4836,test,0,0.027399214
6868,test,0,0.05897715
21,test,0,0.32367578
454,test,0,0.028462036
9698,test,0,0.35883212
5040,test,0,0.028462036
3985,test,0,0.03422491
8067,test,0,0.028462036
7599,test,0,0.027399214
9040,test,0,0.057098195
5721,test,0,0.027399214
9471,test,0,0.055687256
5393,test,0,0.035379797
438,test,0,0.1874229
3272,test,0,0.15032454
7936,test,0,0.119715
339,test,0,0.2595884
371,test,0,0.11101639
8421,test,0,0.07035735
9636,test,0,0.07035735
7803,test,0,0.056776926
8966,test,0,0.06730206
164,test,0,0.106726184
8778,test,0,0.07705926
5162,test,0,0.23237114
5926,test,0,0.09504734
5838,test,0,0.0763744
677,test,0,0.050725188
9647,test,0,0.06359184
4294,test,0,0.083573535
5109,test,0,0.0749755
9990,test,0,0.082124345
8028,test,0,0.09214592
3706,test,0,0.0639321
2621,test,0,0.0639321
213,test,0,0.068033755
1170,test,0,0.17859976
10501,test,0,0.06615332
5243,test,0,0.08125662
6137,test,0,0.04460776
4515,test,0,0.12532502
5469,test,0,0.067060016
2231,test,0,0.09156159
10253,test,0,0.0664576
6893,test,0,0.08013005
352,test,0,0.1820119
7644,test,0,0.06624228
6869,test,0,0.105478466
340,test,0,0.07565777
3415,test,0,0.056247734
2066,test,0,0.08459469
2629,test,0,0.084095925
8435,test,0,0.15161252
8219,test,0,0.08288849
7137,test,0,0.09329361
4352,test,0,0.056247734
2070,test,0,0.06615332
6651,test,0,0.07457407
3242,test,0,0.06211612
3274,test,0,0.11448006
9929,test,0,0.08741283
5858,test,0,0.05573666
1224,test,0,0.10915853
1504,test,0,0.08364149
4912,test,0,0.08364149
7937,test,0,0.08364149
3264,test,0,0.1041169
2807,test,0,0.104033425
667,test,0,0.24917151
3313,test,0,0.18663953
590,test,0,0.18335713
2596,test,0,0.23141044
9641,test,0,0.25240064
337,test,0,0.16104005
3952,test,0,0.091817975
9018,test,0,0.056247734
1894,test,0,0.029409755
6253,test,0,0.07392467
6759,test,0,0.03607116
9801,test,0,0.03607116
4070,test,0,0.029687015
5002,test,0,0.029687015
8212,test,0,0.039628763
3301,test,0,0.029687015
3821,test,0,0.124813095
540,test,0,0.08481317
148,test,0,0.12852784
3358,test,0,0.08009349
8173,test,0,0.069628835
3960,test,0,0.067060016
8596,test,0,0.067060016
6758,test,0,0.10505281
1214,test,0,0.056247734
6834,test,0,0.037444796
6760,test,0,0.06488806
4993,test,0,0.11250899
10620,test,0,0.11647939
10101,test,0,0.19280802
3815,test,0,0.06397243
2991,test,0,0.22731936
1979,test,0,0.06397243
6290,test,0,0.29829207
6770,test,0,0.18656495
7784,test,0,0.15962464
3619,test,0,0.06397243
563,test,0,0.2802587
4850,test,0,0.13870725
439,test,0,0.185023
5640,test,0,0.3095624
2180,test,0,0.06397243
5144,test,0,0.26754647
9988,test,0,0.093134135
3713,test,0,0.06397243
3580,test,0,0.12713912
7305,test,0,0.19819479
3625,test,0,0.2099008
4281,test,0,0.17425823
9201,test,0,0.033084545
3429,test,0,0.033395264
3846,test,0,0.032307133
7844,test,0,0.07370666
5878,test,0,0.15242474
6620,test,0,0.02693639
8603,test,0,0.033395264
547,test,0,0.039414275
4839,test,0,0.032307133
10374,test,0,0.026684107
10631,test,0,0.032748964
552,test,0,0.24469756
719,test,0,0.032748964
5872,test,0,0.033395264
7552,test,0,0.02693639
8953,test,0,0.19204155
7902,test,0,0.07714341
1205,test,0,0.038886115
7306,test,0,0.032307133
7946,test,0,0.02693639
3841,test,0,0.0320062
9927,test,0,0.033395264
7939,test,0,0.14536999
2336,test,0,0.033084545
10889,test,0,0.31074002
4511,test,0,0.0809791
8190,test,0,0.032307133
4230,test,0,0.17601067
9411,test,0,0.22428186
10273,test,0,0.26100656
2514,test,0,0.071402065
3819,test,0,0.032307133
174,test,0,0.033395264
5472,test,0,0.033395264
10388,test,0,0.032307133
968,test,0,0.033395264
4944,test,0,0.033427514
559,test,0,0.080113694
1972,test,0,0.032307133
5027,test,0,0.032307133
3315,test,0,0.08364149
1911,test,0,0.23622258
1917,test,0,0.033395264
6436,test,0,0.14944436
2825,test,0,0.19914755
4658,test,0,0.18488526
10259,test,0,0.21867906
6396,test,0,0.071402065
9914,test,0,0.071402065
7610,test,0,0.31905934
6756,test,0,0.15520538
4073,test,0,0.074909665
863,test,0,0.032307133
404,test,0,0.033084545
7850,test,0,0.07370666
5846,test,0,0.16091809
10894,test,0,0.032307133
10031,test,0,0.071402065
9462,test,0,0.0707636
1906,test,0,0.04130264
2515,test,0,0.032307133
7654,test,0,0.063997775
3501,test,0,0.032307133
3995,test,0,0.0320062
414,test,0,0.09207761
5017,test,0,0.027306845
4921,test,0,0.22196463
6285,test,0,0.079295084
9794,test,0,0.079295084
2778,test,0,0.02693639
10580,test,0,0.032307133
8556,test,0,0.19467622
1946,test,0,0.10692482
3176,test,0,0.17846048
7929,test,0,0.032307133
1169,test,0,0.032307133
9789,test,0,0.02693639
6807,test,0,0.17019685
8072,test,0,0.033337776
5856,test,0,0.07377485
995,test,0,0.07377485
5732,test,0,0.02693639
500,test,0,0.15528607
9478,test,0,0.032748964
1638,test,0,0.032748964
1010,test,0,0.032307133
1332,test,0,0.032307133
1462,test,0,0.038357805
3238,test,0,0.11961937
8411,test,0,0.09329361
38,test,0,0.032307133
77,test,0,0.032307133
769,test,0,0.13344698
357,test,0,0.36184874
9196,test,0,0.032307133
2863,test,0,0.033650793
1228,test,0,0.25928044
144,test,0,0.054476377
498,test,0,0.08397376
4933,test,0,0.033650793
2957,test,0,0.06397243
9181,test,0,0.11583229
83,test,0,0.061280727
7296,test,0,0.14395161
2326,test,0,0.08481317
8548,test,0,0.06748495
562,test,0,0.071402065
5925,test,0,0.027875884
9632,test,0,0.14051047
642,test,0,0.10835607
1221,test,0,0.032307133
1201,test,0,0.033650793
5023,test,0,0.24469756
5874,test,0,0.07370666
3246,test,0,0.071402065
3161,test,0,0.18727659
6874,test,0,0.063395865
7604,test,0,0.032307133
3991,test,0,0.032307133
5018,test,0,0.032307133
10115,test,0,0.19353718
11064,test,0,0.19914755
6439,test,0,0.033650793
9511,test,0,0.20591657
4204,test,0,0.08364149
2805,test,0,0.13333209
9499,test,0,0.07559292
220,test,0,0.0320062
4287,test,0,0.0320062
3587,test,0,0.06397243
3320,test,0,0.2161756
9968,test,0,0.038886115
6788,test,0,0.114077084
10506,test,0,0.035586137
2862,test,0,0.033650793
2185,test,0,0.0639321
9922,test,0,0.032307133
3607,test,0,0.29829207
5229,test,0,0.06730206
1807,test,0,0.02693639
5756,test,0,0.06177177
10376,test,0,0.13992418
8168,test,0,0.032307133
6656,test,0,0.033395264
4213,test,0,0.03711418
6615,test,0,0.08364149
3280,test,0,0.17545056
8550,test,0,0.12283517
151,test,0,0.13210541
658,test,0,0.23813456
1302,test,0,0.033650793
5633,test,0,0.1713582
2237,test,0,0.032307133
9693,test,0,0.13390663
9126,test,0,0.25076878
8313,test,0,0.097574376
2314,test,0,0.07475444
656,test,0,0.02693639
9983,test,0,0.14619839
358,test,0,0.06579017
5462,test,0,0.13835387
2779,test,0,0.032307133
1909,test,0,0.032307133
2954,test,0,0.073660664
8039,test,0,0.2926127
7976,test,0,0.09476273
6644,test,0,0.032307133
5363,test,0,0.14355141
2176,test,0,0.09183564
2831,test,0,0.07382404
5036,test,0,0.02693639
6047,test,0,0.03372537
8162,test,0,0.0639321
3994,test,0,0.030094143
10432,test,0,0.2297648
8206,test,0,0.028832655
4228,test,0,0.26537725
4990,test,0,0.06397243
10575,test,0,0.15528607
10947,test,0,0.18041083
1006,test,0,0.06488806
2331,test,0,0.06488806
1637,test,0,0.02693639
9970,test,0,0.038886115
4909,test,0,0.033650793
10616,test,0,0.038886115
1314,test,0,0.05949393
5637,test,0,0.033650793
5155,test,0,0.1170345
3330,test,0,0.02693639
4354,test,0,0.033395264
3724,test,0,0.037479624
6286,test,0,0.067060016
1203,test,0,0.02693639
9461,test,0,0.071402065
6832,test,0,0.1467541
1174,test,0,0.032307133
7561,test,0,0.04278904
4509,test,0,0.07355951
6423,test,0,0.038886115
10952,test,0,0.032307133
6946,test,0,0.02693639
6410,test,0,0.033650793
8308,test,0,0.07004141
5921,test,0,0.032307133
8960,test,0,0.20091726
470,test,0,0.032307133
7967,test,0,0.033650793
871,test,0,0.30484998
1075,test,0,0.056247734
2181,test,0,0.0639321
5107,test,0,0.034903735
2800,test,0,0.032626845
10573,test,0,0.032307133
1929,test,0,0.38192943
9118,test,0,0.02693639
1635,test,0,0.30008885
47,test,0,0.3151404
6255,test,0,0.056247734
1028,test,0,0.17511469
9797,test,0,0.03711418
949,test,0,0.073660664
6606,test,0,0.033650793
8135,test,0,0.11181996
6945,test,0,0.032307133
950,test,0,0.07316731
1031,test,0,0.068890706
1282,test,0,0.032307133
10619,test,0,0.032307133
4061,test,0,0.02693639
1791,test,0,0.02693639
5294,test,0,0.032307133
5145,test,0,0.13057141
34,test,0,0.02693639
476,test,0,0.17771608
6811,test,0,0.028832655
9479,test,0,0.033395264
7133,test,0,0.097676344
6148,test,0,0.032307133
1025,test,0,0.18286467
1634,test,0,0.033650793
1002,test,0,0.033650793
348,test,0,0.07630616
5731,test,0,0.062362563
4089,test,0,0.13086544
997,test,0,0.02693639
7303,test,0,0.032307133
6049,test,0,0.056247734
6891,test,0,0.12811357
1019,test,0,0.13188636
1172,test,0,0.083439365
1322,test,0,0.032307133
8598,test,0,0.056247734
6949,test,0,0.033650793
8842,test,0,0.032307133
10948,test,0,0.033650793
10622,test,0,0.032384127
4512,test,0,0.032384127
2856,test,0,0.032307133
9200,test,0,0.15910313
2509,test,0,0.032748964
5759,test,0,0.032307133
10566,test,0,0.23248275
4845,test,0,0.02693639
7494,test,0,0.13519318
3578,test,0,0.08596682
7938,test,0,0.17940736
4521,test,0,0.07370666
735,test,0,0.09852711
10393,test,0,0.056247734
781,test,0,0.032626845
3843,test,0,0.19014606
5283,test,0,0.02693639
8955,test,0,0.033650793
555,test,0,0.16614605
5368,test,0,0.08266429
2319,test,0,0.27511153
5922,test,0,0.02693639
3746,test,0,0.044099282
5911,test,0,0.18504988
7725,test,0,0.4857188
162,test,0,0.060648967
4207,test,0,0.16293752
10878,test,0,0.13628116
10076,test,0,0.032307133
5730,test,0,0.23281956
10621,test,0,0.02693639
9026,test,0,0.07370666
1068,test,0,0.032307133
5630,test,0,0.02693639
1941,test,0,0.032307133
2795,test,0,0.032307133
3334,test,0,0.02693639
4210,test,0,0.04379905
1467,test,0,0.12442571
5933,test,0,0.20549858
8559,test,0,0.032307133
4283,test,0,0.02693639
5044,test,0,0.02693639
875,test,0,0.06978493
5386,test,0,0.032307133
166,test,0,0.05141707
1207,test,0,0.032384127
2619,test,0,0.032384127
6753,test,0,0.13461488
5147,test,0,0.032307133
3858,test,0,0.027204448
8026,test,0,0.032626845
2322,test,0,0.20811601
5621,test,0,0.033650793
9188,test,0,0.02693639
5038,test,0,0.033650793
10275,test,0,0.26531696
10069,test,0,0.02693639
714,test,0,0.03711418
7799,test,0,0.1218111
5720,test,0,0.02693639
5644,test,0,0.02693639
6628,test,0,0.02693639
10571,test,0,0.027306845
10567,test,0,0.027204448
4221,test,0,0.1787591
730,test,0,0.056247734
3703,test,0,0.056247734
996,test,0,0.22293691
5884,test,0,0.032307133
5464,test,0,0.032307133
10972,test,0,0.03711418
1937,test,0,0.117049485
10665,test,0,0.3143385
3980,test,0,0.033650793
7314,test,0,0.032307133
9025,test,0,0.17303683
7611,test,0,0.032307133
4832,test,0,0.21219835
7845,test,0,0.15119913
158,test,0,0.09325809
10377,test,0,0.02693639
1023,test,0,0.032307133
9127,test,0,0.032307133
1032,test,0,0.03398334
1211,test,0,0.086689435
9703,test,0,0.02693639
5623,test,0,0.032748964
10128,test,0,0.032748964
4729,test,0,0.02693639
1915,test,0,0.029852258
4225,test,0,0.032307133
3174,test,0,0.02693639
1796,test,0,0.02693639
1283,test,0,0.110962346
9030,test,0,0.032307133
10869,test,0,0.12729922
9697,test,0,0.20082816
146,test,0,0.06397243
7567,test,0,0.032626845
1317,test,0,0.032307133
10114,test,0,0.34109536
4075,test,0,0.02693639
10579,test,0,0.032307133
336,test,0,0.031947058
10381,test,0,0.033650793
5908,test,0,0.04130264
5252,test,0,0.032307133
8956,test,0,0.17022203
1289,test,0,0.033650793
8211,test,0,0.20811601
2174,test,0,0.055940043
9706,test,0,0.30722177
581,test,0,0.073660664
7136,test,0,0.050852884
10883,test,0,0.02693639
1640,test,0,0.032307133
2613,test,0,0.27950117
2852,test,0,0.032307133
8042,test,0,0.032307133
1227,test,0,0.02693639
5724,test,0,0.033650793
3747,test,0,0.032307133
2689,test,0,0.032307133
6418,test,0,0.02693639
7556,test,0,0.032307133
966,test,0,0.032307133
8034,test,0,0.056247734
1931,test,0,0.02693639
7620,test,0,0.032307133
5383,test,0,0.10494022
3823,test,0,0.038886115
7945,test,0,0.02693639
7713,test,0,0.02693639
5258,test,0,0.067785814
5161,test,0,0.032307133
9974,test,0,0.02693639
4214,test,0,0.032307133
6438,test,0,0.032307133
10380,test,0,0.033650793
1803,test,0,0.032307133
5049,test,0,0.24515454
147,test,0,0.07902222
3866,test,0,0.032307133
3976,test,0,0.032307133
501,test,0,0.07461994
5151,test,0,0.032307133
2792,test,0,0.032748964
10613,test,0,0.032307133
1926,test,0,0.03473563
8030,test,0,0.032307133
1470,test,0,0.032307133
1080,test,0,0.032307133
406,test,0,0.22138633
1027,test,0,0.052924212
2059,test,0,0.032307133
3307,test,0,0.304382
1973,test,0,0.26121724
9704,test,0,0.032626845
8443,test,0,0.032626845
3988,test,0,0.032307133
1295,test,0,0.17199267
4522,test,0,0.049828302
5291,test,0,0.23189083
7601,test,0,0.1896553
5284,test,0,0.032307133
10558,test,0,0.032307133
1912,test,0,0.02693639
3323,test,0,0.032626845
2600,test,0,0.04130264
5642,test,0,0.02693639
8200,test,0,0.02693639
5631,test,0,0.062254228
3589,test,0,0.103477426
8431,test,0,0.032307133
6397,test,0,0.17306446
580,test,0,0.032626845
7973,test,0,0.032626845
10435,test,0,0.11705735
4931,test,0,0.032307133
5889,test,0,0.24713436
1918,test,0,0.027306845
2951,test,0,0.032307133
3834,test,0,0.032307133
152,test,0,0.16829613
10950,test,0,0.03711418
7675,test,0,0.032626845
6892,test,0,0.07370666
10885,test,0,0.038886115
3709,test,0,0.032748964
2687,test,0,0.032307133
10394,test,0,0.033650793
3348,test,0,0.03372537
6819,test,0,0.034110352
4454,test,0,0.074404575
2499,test,0,0.07377485
7301,test,0,0.033650793
9646,test,0,0.1059594
7971,test,0,0.02693639
1286,test,0,0.07370666
10387,test,0,0.02693639
1291,test,0,0.02693639
3175,test,0,0.24656165
6051,test,0,0.038886115
2628,test,0,0.0639321
466,test,0,0.13402016
3409,test,0,0.047771193
4842,test,0,0.032626845
659,test,0,0.22534834
550,test,0,0.032307133
4840,test,0,0.038886115
22,test,0,0.032626845
8032,test,0,0.032307133
6828,test,0,0.032307133
10081,test,0,0.0809791
3403,test,0,0.25208005
2304,test,0,0.03711418
9443,test,0,0.093729734
4286,test,0,0.02693639
4918,test,0,0.033650793
3743,test,0,0.02693639
9931,test,0,0.06397243
1333,test,0,0.032307133
8852,test,0,0.033650793
1329,test,0,0.032307133
5734,test,0,0.033650793
1073,test,0,0.033650793
5122,test,0,0.29088226
4735,test,0,0.033650793
6883,test,0,0.032307133
1011,test,0,0.032307133
5160,test,0,0.033650793
1785,test,0,0.033650793
5918,test,0,0.073660664
1511,test,0,0.073660664
4992,test,0,0.032307133
6747,test,0,0.02693639
1300,test,0,0.02693639
9971,test,0,0.02693639
10668,test,0,0.093805365
10095,test,0,0.02693639
3996,test,0,0.02693639
5893,test,0,0.02693639
10281,test,0,0.17765336
6411,test,0,0.033650793
664,test,0,0.21727367
5033,test,0,0.08364149
4741,test,0,0.032748964
2639,test,0,0.032307133
9639,test,0,0.055945788
5584,test,0,0.029082125
3842,test,0,0.029082125
6402,test,0,0.027848838
2589,test,0,0.12279198
7569,test,0,0.032307133
3857,test,0,0.029082125
8538,test,0,0.029082125
3430,test,0,0.032307133
10261,test,0,0.14901035
4965,test,0,0.071402065
6835,test,0,0.029082125
10970,test,0,0.02693639
8970,test,0,0.032307133
7560,test,0,0.032307133
5043,test,0,0.02693639
3332,test,0,0.032307133
4953,test,0,0.11928139
9019,test,0,0.032626845
10967,test,0,0.02693639
4000,test,0,0.06254094
5285,test,0,0.03711418
4671,test,0,0.02693639
5910,test,0,0.032307133
1299,test,0,0.032307133
2813,test,0,0.032307133
7716,test,0,0.03711418
5898,test,0,0.07104968
8951,test,0,0.02693639
9029,test,0,0.032307133
3624,test,0,0.073523104
5249,test,0,0.038886115
7962,test,0,0.02693639
9709,test,0,0.02693639
23,test,0,0.02693639
9119,test,0,0.02693639
3805,test,0,0.07370666
4661,test,0,0.02693639
5019,test,0,0.02693639
5011,test,0,0.05699772
9791,test,0,0.038886115
8542,test,0,0.032307133
472,test,0,0.02693639
7846,test,0,0.03486537
8834,test,0,0.03486537
9420,test,0,0.096225426
4078,test,0,0.02693639
9024,test,0,0.032307133
3432,test,0,0.07370666
1629,test,0,0.02693639
2998,test,0,0.02693639
3177,test,0,0.02693639
2605,test,0,0.19041865
4958,test,0,0.032080594
5259,test,0,0.032307133
2694,test,0,0.032307133
729,test,0,0.032307133
10103,test,0,0.17022203
732,test,0,0.02693639
2789,test,0,0.02693639
1934,test,0,0.028832655
5876,test,0,0.22038996
10371,test,0,0.032307133
7562,test,0,0.032307133
10277,test,0,0.02693639
3852,test,0,0.02693639
2183,test,0,0.08983011
4915,test,0,0.02693639
10002,test,0,0.06978493
6952,test,0,0.228185
5907,test,0,0.02693639
4077,test,0,0.04130264
9638,test,0,0.13794802
2602,test,0,0.032626845
10875,test,0,0.032307133
9445,test,0,0.056247734
1297,test,0,0.056247734
1013,test,0,0.029082125
8309,test,0,0.071402065
725,test,0,0.027306845
4913,test,0,0.032307133
3739,test,0,0.032307133
5014,test,0,0.1358851
662,test,0,0.029687015
9034,test,0,0.032307133
4853,test,0,0.02693639
2177,test,0,0.20907502
6135,test,0,0.032307133
2230,test,0,0.032626845
4510,test,0,0.12504742
6799,test,0,0.23337813
10905,test,0,0.032626845
6793,test,0,0.18041083
1325,test,0,0.02693639
7139,test,0,0.12602764
8837,test,0,0.072079845
7943,test,0,0.029082125
1307,test,0,0.02693639
958,test,0,0.033395264
3862,test,0,0.032307133
546,test,0,0.033650793
3491,test,0,0.2705638
4668,test,0,0.20762923
5380,test,0,0.02693639
2302,test,0,0.032307133
474,test,0,0.2982849
10633,test,0,0.033276256
10507,test,0,0.06978493
10505,test,0,0.032307133
10272,test,0,0.02693639
10565,test,0,0.1600532
5028,test,0,0.02693639
3401,test,0,0.11811051
10278,test,0,0.032307133
10438,test,0,0.24843934
3318,test,0,0.07304678
7956,test,0,0.032384127
9413,test,0,0.03026157
8413,test,0,0.02693639
6889,test,0,0.11438655
5613,test,0,0.032307133
7718,test,0,0.17022203
3836,test,0,0.033650793
6804,test,0,0.12405672
5154,test,0,0.032307133
10964,test,0,0.13402016
6954,test,0,0.032307133
8418,test,0,0.0650575
5296,test,0,0.123119235
10131,test,0,0.14788918
5935,test,0,0.032307133
1908,test,0,0.033395264
6795,test,0,0.03372537
5618,test,0,0.033395264
3736,test,0,0.18233865
2781,test,0,0.02693639
9425,test,0,0.08284563
5891,test,0,0.06185473
4517,test,0,0.06185473
6146,test,0,0.032307133
4937,test,0,0.032307133
6872,test,0,0.25356215
3263,test,0,0.03607116
3998,test,0,0.032307133
9482,test,0,0.032384127
1079,test,0,0.029228404
1787,test,0,0.22293691
953,test,0,0.07370666
8434,test,0,0.16713162
5470,test,0,0.103624806
9117,test,0,0.033650793
9114,test,0,0.032307133
7968,test,0,0.02693639
363,test,0,0.071402065
10874,test,0,0.22083244
4665,test,0,0.02693639
8069,test,0,0.17601098
5140,test,0,0.09011758
5242,test,0,0.032307133
80,test,0,0.14208604
5226,test,0,0.1680993
541,test,0,0.228185
1799,test,0,0.032307133
6605,test,0,0.032307133
9695,test,0,0.038886115
4274,test,0,0.044099282
728,test,0,0.17769831
7307,test,0,0.17263153
8782,test,0,0.06397243
5841,test,0,0.17034826
5927,test,0,0.035125878
11070,test,0,0.032307133
2699,test,0,0.13621551
5288,test,0,0.02693639
459,test,0,0.02693639
7972,test,0,0.032307133
5149,test,0,0.056247734
6361,test,0,0.033650793
10562,test,0,0.033276256
1330,test,0,0.03895879
3856,test,0,0.16169481
7721,test,0,0.02693639
665,test,0,0.17094569
2854,test,0,0.43695664
2534,test,0,0.032080594
653,test,0,0.25647944
6258,test,0,0.032307133
6608,test,0,0.032307133
961,test,0,0.08885453
5373,test,0,0.02693639
1225,test,0,0.18798482
1923,test,0,0.032307133
3404,test,0,0.032307133
733,test,0,0.038886115
4922,test,0,0.16257137
8781,test,0,0.11146233
1030,test,0,0.02693639
7312,test,0,0.032307133
5035,test,0,0.032307133
8031,test,0,0.032626845
2801,test,0,0.027204448
8543,test,0,0.032307133
4851,test,0,0.03385146
867,test,0,0.032307133
5632,test,0,0.03448978
3173,test,0,0.02693639
3582,test,0,0.033395264
3165,test,0,0.049619526
8558,test,0,0.032307133
2593,test,0,0.06893394
1070,test,0,0.032307133
6407,test,0,0.02693639
2335,test,0,0.1116371
6805,test,0,0.032307133
8198,test,0,0.15583189
5638,test,0,0.1425108
10256,test,0,0.06616729
7639,test,0,0.2503473
3871,test,0,0.02693639
2688,test,0,0.032307133
4908,test,0,0.033276256
2510,test,0,0.1358851
7952,test,0,0.30008885
1643,test,0,0.02693639
2952,test,0,0.046888825
3251,test,0,0.035586137
4291,test,0,0.071402065
5585,test,0,0.109852284
5360,test,0,0.033650793
5929,test,0,0.032626845
1319,test,0,0.032307133
5398,test,0,0.032307133
9965,test,0,0.034110352
6898,test,0,0.033395264
8839,test,0,0.032748964
5022,test,0,0.02693639
9124,test,0,0.08913152
3992,test,0,0.27088115
6820,test,0,0.255678
7621,test,0,0.36427343
4733,test,0,0.16413255
4831,test,0,0.032626845
7794,test,0,0.46641955
6130,test,0,0.02693639
7977,test,0,0.05699772
4750,test,0,0.23339145
3845,test,0,0.03711418
5401,test,0,0.02693639
4344,test,0,0.17793527
1786,test,0,0.02693639
5877,test,0,0.032307133
10572,test,0,0.032307133
6421,test,0,0.02693639
7796,test,0,0.029082125
10265,test,0,0.030094143
10276,test,0,0.16146885
4456,test,0,0.032626845
35,test,0,0.033650793
7143,test,0,0.06185473
2301,test,0,0.032307133
5152,test,0,0.02693639
4360,test,0,0.071402065
9032,test,0,0.13898094
6894,test,0,0.11157509
538,test,0,0.032307133
4856,test,0,0.032307133
9195,test,0,0.02693639
8947,test,0,0.24302363
673,test,0,0.032307133
5163,test,0,0.033072907
4084,test,0,0.032307133
8601,test,0,0.24576643
10870,test,0,0.032307133
9003,test,0,0.16879092
9189,test,0,0.22392116
6062,test,0,0.02693639
3997,test,0,0.038886115
8202,test,0,0.033650793
5387,test,0,0.058560904
8164,test,0,0.06488806
1273,test,0,0.032307133
8590,test,0,0.29110837
7934,test,0,0.02693639
1219,test,0,0.034782555
1305,test,0,0.032307133
8779,test,0,0.08230745
2591,test,0,0.10153712
7787,test,0,0.02693639
2317,test,0,0.02693639
10634,test,0,0.16352847
5399,test,0,0.032307133
1294,test,0,0.032307133
6053,test,0,0.032307133
7294,test,0,0.032748964
651,test,0,0.032307133
6617,test,0,0.072570376
6861,test,0,0.034903735
8437,test,0,0.2768557
7607,test,0,0.26229855
2527,test,0,0.032626845
7969,test,0,0.02693639
644,test,0,0.1673944
7940,test,0,0.12442571
5372,test,0,0.033650793
10879,test,0,0.032748964
6781,test,0,0.20762923
9694,test,0,0.02693639
11072,test,0,0.02693639
10378,test,0,0.032307133
4941,test,0,0.032626845
2630,test,0,0.08907484
7614,test,0,0.03711418
9017,test,0,0.032307133
221,test,0,0.032307133
1512,test,0,0.032307133
10564,test,0,0.02693639
8040,test,0,0.038886115
4736,test,0,0.17765336
8950,test,0,0.032307133
6432,test,0,0.14011237
10372,test,0,0.032307133
6428,test,0,0.031947058
3344,test,0,0.031947058
3817,test,0,0.113483824
5900,test,0,0.032307133
1020,test,0,0.033395264
4864,test,0,0.1374239
5906,test,0,0.19109304
5619,test,0,0.027848838
10881,test,0,0.03448978
4857,test,0,0.13596785
8191,test,0,0.02693639
4197,test,0,0.1816537
5895,test,0,0.033650793
6622,test,0,0.10951527
8192,test,0,0.02693639
11074,test,0,0.02693639
8070,test,0,0.02693639
4835,test,0,0.18475923
4846,test,0,0.355505
1206,test,0,0.02693639
6812,test,0,0.032307133
3496,test,0,0.27088115
10890,test,0,0.2768557
9978,test,0,0.032626845
7727,test,0,0.032307133
8312,test,0,0.032307133
6401,test,0,0.06978493
3414,test,0,0.075848654
5735,test,0,0.033276256
3728,test,0,0.032307133
10112,test,0,0.029852258
962,test,0,0.10431101
2543,test,0,0.04130264
4652,test,0,0.028688285
7723,test,0,0.032307133
9919,test,0,0.07370666
1641,test,0,0.16432299
4660,test,0,0.032307133
8074,test,0,0.040186632
9784,test,0,0.02693639
9028,test,0,0.032626845
2300,test,0,0.06254094
4945,test,0,0.18624215
1171,test,0,0.08578513
5030,test,0,0.02693639
4373,test,0,0.073660664
7619,test,0,0.033650793
6367,test,0,0.032307133
6623,test,0,0.03711418
6625,test,0,0.20794582
4743,test,0,0.0804744
3355,test,0,0.065947734
7299,test,0,0.12916987
10667,test,0,0.031947058
10976,test,0,0.031947058
6750,test,0,0.071795896
10267,test,0,0.09091155
4934,test,0,0.032307133
8422,test,0,0.044854246
9007,test,0,0.06185473
7609,test,0,0.14751361
9037,test,0,0.032307133
3428,test,0,0.26085332
10266,test,0,0.20377742
8599,test,0,0.16259472
8547,test,0,0.033395264
471,test,0,0.03398334
5292,test,0,0.067060016
6404,test,0,0.032307133
8847,test,0,0.032307133
3156,test,0,0.12125154
2615,test,0,0.072079845
10109,test,0,0.02693639
10077,test,0,0.038886115
6414,test,0,0.033395264
10629,test,0,0.027848838
4216,test,0,0.032307133
5029,test,0,0.02693639
6782,test,0,0.076149754
720,test,0,0.076149754
11066,test,0,0.080003895
2816,test,0,0.07185642
10515,test,0,0.03398334
4285,test,0,0.18035422
10100,test,0,0.056247734
11075,test,0,0.03026157
338,test,0,0.032748964
9031,test,0,0.02693639
6613,test,0,0.18936
1631,test,0,0.032307133
4466,test,0,0.07377485
6140,test,0,0.029082125
4465,test,0,0.16525905
4290,test,0,0.16708763
6951,test,0,0.21995452
4903,test,0,0.033395264
10026,test,0,0.047771193
6612,test,0,0.3310037
4833,test,0,0.033650793
5255,test,0,0.032307133
4667,test,0,0.02693639
2614,test,0,0.06185473
649,test,0,0.027848838
2796,test,0,0.032307133
6408,test,0,0.18968615
783,test,0,0.032307133
8420,test,0,0.027848838
8785,test,0,0.06866864
8071,test,0,0.032307133
3612,test,0,0.06185473
3732,test,0,0.02693639
4076,test,0,0.032307133
3844,test,0,0.052416373
1222,test,0,0.029082125
10084,test,0,0.031947058
957,test,0,0.031947058
7941,test,0,0.032307133
8539,test,0,0.029082125
5282,test,0,0.032307133
5146,test,0,0.02693639
143,test,0,0.031947058
2791,test,0,0.031947058
7300,test,0,0.02693639
4551,test,0,0.1524243
7823,test,0,0.27749527
8633,test,0,0.16316673
2254,test,0,0.54944545
2474,test,0,0.26788098
699,test,0,0.06940091
1090,test,1,0.48916048
9560,test,0,0.070818305
4548,test,0,0.11200818
7465,test,0,0.030177763
10164,test,0,0.06441962
7281,test,0,0.029409755
8392,test,0,0.51992285
2216,test,0,0.15101138
6908,test,0,0.032626845
7480,test,0,0.02693639
2463,test,0,0.2065834
3938,test,0,0.3973378
1984,test,0,0.4446957
7450,test,0,0.225709
2087,test,0,0.10153712
6504,test,0,0.22975996
2444,test,0,0.32497486
10775,test,0,0.14001845
6174,test,0,0.23170154
4772,test,0,0.17541742
7729,test,0,0.28579873
5747,test,0,0.14675047
7830,test,0,0.036203116
4582,test,0,0.2452221
8674,test,0,0.07373794
10821,test,0,0.48600087
9435,test,0,0.08648886
7349,test,0,0.47152504
7185,test,0,0.063702434
521,test,0,0.22261564
3635,test,0,0.028747391
8400,test,0,0.028535983
10814,test,1,0.2429515
1039,test,0,0.04641901
11045,test,0,0.18931659
4792,test,0,0.17705426
4812,test,0,0.19404098
4115,test,0,0.40946555
6913,test,0,0.17172259
1846,test,0,0.13368225
10311,test,0,0.510701
3048,test,0,0.25574976
7472,test,0,0.13064516
1142,test,0,0.6020099
4817,test,0,0.21628128
6100,test,0,0.46059927
6482,test,0,0.17401116
8387,test,0,0.40581122
5523,test,0,0.31695196
5312,test,0,0.03422491
4486,test,0,0.2908294
9428,test,0,0.33583555
6475,test,0,0.14396518
6216,test,0,0.08771168
6385,test,0,0.30437136
10847,test,0,0.32191783
1838,test,0,0.37219343
10720,test,0,0.46380526
2460,test,0,0.20324068
6691,test,0,0.1524381
9355,test,0,0.216679
4416,test,0,0.33917257
9334,test,0,0.3783575
9497,test,0,0.03517602
6159,test,0,0.32263106
5136,test,0,0.07839877
2255,test,0,0.34179556
3081,test,0,0.027399214
8818,test,0,0.39007866
3568,test,0,0.39593977
6268,test,0,0.37601516
7543,test,0,0.1803593
6496,test,0,0.22784364
2284,test,0,0.12010652
7452,test,0,0.16027565
8610,test,0,0.04920903
5407,test,0,0.10243631
7462,test,0,0.06397243
1134,test,0,0.056247734
1564,test,0,0.21247444
10229,test,0,0.11803987
10304,test,0,0.11393823
6327,test,0,0.083902426
5826,test,0,0.22905836
3762,test,0,0.06185473
10008,test,0,0.18539374
1837,test,0,0.10431101
3088,test,0,0.15662442
8488,test,0,0.035586137
9257,test,0,0.06893044
8407,test,0,0.37511057
4005,test,0,0.27088115
1689,test,0,0.09301543
5829,test,0,0.17314497
7286,test,0,0.08828449
904,test,0,0.056247734
2683,test,0,0.22689034
8814,test,0,0.13402016
8497,test,0,0.08097626
7131,test,0,0.23341957
2924,test,0,0.2501727
1560,test,0,0.15125297
2879,test,0,0.069750264
8237,test,0,0.05699772
6443,test,0,0.12388752
7125,test,0,0.21758716
10210,test,0,0.06892484
7514,test,0,0.09493811
526,test,0,0.07656208
8789,test,0,0.069253996
5418,test,0,0.032626845
737,test,0,0.078971356
743,test,0,0.29445386
1144,test,0,0.049042426
2287,test,0,0.06893394
11044,test,0,0.028819213
8268,test,0,0.029689956
7834,test,0,0.3488347
4478,test,0,0.060648967
1575,test,0,0.15815262
7091,test,0,0.25141346
9340,test,0,0.1664199
324,test,0,0.1577842
519,test,0,0.032626845
8662,test,0,0.20967746
2579,test,0,0.2277888
1748,test,0,0.18649477
3899,test,0,0.47456086
6526,test,0,0.11014454
2077,test,0,0.27474737
2676,test,0,0.13402016
6489,test,0,0.2058034
5685,test,0,0.37655962
10347,test,0,0.17614225
4583,test,1,0.5911441
8360,test,0,0.22892673
4868,test,0,0.18746303
10212,test,0,0.36271673
3361,test,0,0.20073396
5533,test,0,0.29885596
6493,test,0,0.051727995
3690,test,0,0.06397243
6016,test,0,0.11103635
9252,test,0,0.47600967
5741,test,0,0.042212285
4420,test,0,0.27653798
10230,test,0,0.2679368
6547,test,0,0.28542054
7447,test,0,0.033395264
1123,test,0,0.20091726
10407,test,0,0.071402065
1114,test,0,0.16664909
6328,test,0,0.20805724
9350,test,0,0.05687093
9558,test,0,0.2837652
10007,test,0,0.061841592
7024,test,0,0.061253708
5417,test,0,0.061253708
7547,test,0,0.06864239
491,test,0,0.25958255
946,test,0,0.4761345
2450,test,0,0.042235617
9250,test,0,0.056247734
10747,test,0,0.063599914
1880,test,0,0.18056585
2555,test,0,0.37390566
761,test,0,0.17213741
8133,test,0,0.19420512
2208,test,0,0.17622824
9142,test,0,0.15295173
5452,test,0,0.07592797
6332,test,0,0.18491508
804,test,0,0.043878004
4805,test,0,0.33737022
10929,test,0,0.47869593
1552,test,0,0.20028865
9523,test,0,0.06397243
3364,test,0,0.30501953
6932,test,0,0.42486614
2461,test,0,0.26797536
4767,test,0,0.14690827
908,test,0,0.041932207
8661,test,0,0.35354918
6630,test,0,0.14590655
1119,test,0,0.54286116
1724,test,0,0.08333502
896,test,0,0.170388
8254,test,0,0.14540401
1430,test,0,0.06893394
2647,test,0,0.25573626
6012,test,0,0.10282059
1881,test,0,0.13516943
9251,test,0,0.03741741
10343,test,0,0.21665607
4703,test,0,0.2429278
7522,test,0,0.09704005
8116,test,0,0.38238534
529,test,0,0.30562896
766,test,0,0.16395877
9590,test,0,0.10282059
10213,test,0,0.13616917
5091,test,0,0.29769903
9774,test,0,0.072891876
1573,test,0,0.15298939
8741,test,0,0.14014588
5455,test,0,0.10431101
6116,test,0,0.13072899
9572,test,0,0.22534834
7234,test,0,0.02693639
6450,test,0,0.063599914
6456,test,0,0.16711144
4524,test,0,0.5044791
5095,test,0,0.16087657
3030,test,0,0.29891628
916,test,0,0.13835387
10827,test,0,0.24796505
6687,test,0,0.027875884
10044,test,0,0.0804744
8806,test,0,0.19605924
3569,test,0,0.38985196
7809,test,0,0.07688093
2198,test,0,0.080344886
3754,test,0,0.0294246
912,test,0,0.19228238
8615,test,0,0.22684136
4688,test,0,0.30261004
5449,test,0,0.09017304
8735,test,0,0.06893394
321,test,0,0.154835
3694,test,0,0.20827109
6172,test,0,0.18349925
10743,test,0,0.038886115
4976,test,0,0.088316485
6541,test,0,0.02693639
1763,test,0,0.06640539
4408,test,0,0.1206692
8895,test,0,0.09490937
10014,test,0,0.4256176
6113,test,0,0.07749127
2710,test,0,0.14275007
7083,test,0,0.5079525
4155,test,0,0.5186215
1879,test,0,0.061253708
890,test,0,0.26131248
4579,test,0,0.25481582
9561,test,0,0.11240093
2210,test,0,0.06397243
7246,test,0,0.056247734
4241,test,0,0.19416057
8896,test,0,0.275326
5084,test,0,0.23286879
7667,test,0,0.21190506
10154,test,0,0.06397243
9354,test,0,0.074404575
3025,test,0,0.18193202
7231,test,0,0.028255178
9366,test,0,0.06397243
5500,test,0,0.0919746
9578,test,0,0.09481248
8125,test,0,0.088125534
1034,test,0,0.052015975
746,test,0,0.19123854
7068,test,0,0.06861742
3372,test,0,0.057272114
9156,test,0,0.043878004
2277,test,0,0.3596684
3652,test,0,0.19215979
7745,test,0,0.5567355
1133,test,0,0.32924798
420,test,0,0.11297029
10402,test,0,0.37493855
1781,test,0,0.06254094
9269,test,0,0.02693639
8485,test,0,0.100910194
3052,test,0,0.18701231
7084,test,0,0.060105927
8671,test,0,0.29113162
7817,test,0,0.06397243
3940,test,0,0.027875884
3063,test,0,0.06397243
8659,test,0,0.30750334
2559,test,0,0.22645058
376,test,0,0.03810723
5428,test,0,0.17169563
1559,test,0,0.23531704
4878,test,0,0.13806985
5411,test,0,0.05745941
1425,test,0,0.10800771
7526,test,0,0.032626845
5942,test,0,0.05363256
2948,test,0,0.07639813
7317,test,0,0.02693639
5686,test,0,0.12528597
9576,test,0,0.13806985
9495,test,0,0.06397243
1093,test,0,0.13688357
8914,test,0,0.028297812
3051,test,0,0.1291392
5421,test,0,0.13288583
6168,test,0,0.028255178
3435,test,0,0.033472992
6675,test,0,0.5634367
10805,test,0,0.056247734
936,test,0,0.07576884
7130,test,0,0.06397243
1958,test,0,0.094533116
8620,test,0,0.101699255
6001,test,0,0.09381254
8672,test,0,0.042636998
10812,test,0,0.060648967
1258,test,0,0.18345423
8744,test,0,0.06397243
1102,test,0,0.12984744
897,test,0,0.3389712
6917,test,0,0.23667732
5433,test,0,0.30826882
8129,test,0,0.030094143
2280,test,0,0.09687562
10408,test,0,0.029687015
7529,test,0,0.06397243
9747,test,0,0.06582705
10198,test,0,0.06397243
10144,test,0,0.06397243
2838,test,0,0.3729617
10233,test,0,0.026986947
3449,test,0,0.31217283
5311,test,0,0.22343571
7048,test,0,0.04572739
8663,test,0,0.06397243
8863,test,0,0.21801965
10221,test,0,0.12766264
4160,test,0,0.032080594
69,test,0,0.061796706
8274,test,0,0.16413255
10928,test,0,0.08998183
1680,test,0,0.06397243
3696,test,0,0.19206575
8463,test,0,0.3192532
2583,test,0,0.035170015
10930,test,0,0.058560904
3920,test,0,0.14861229
10006,test,0,0.1379555
5748,test,0,0.056247734
8399,test,0,0.02693639
2566,test,0,0.45528698
4119,test,0,0.22527222
10458,test,0,0.20594896
10777,test,0,0.27367473
9519,test,0,0.08356499
9553,test,0,0.15118249
2396,test,0,0.06397243
3934,test,0,0.22689034
8635,test,0,0.038436502
6163,test,0,0.061813667
1842,test,0,0.028231477
6924,test,0,0.106537625
3942,test,0,0.153847
5831,test,0,0.06397243
4405,test,0,0.06893394
7385,test,0,0.14755043
2221,test,0,0.0809791
1259,test,0,0.19417372
2076,test,0,0.40449807
6120,test,0,0.03741741
5738,test,0,0.02693639
6521,test,0,0.15961093
4243,test,0,0.028255178
3434,test,0,0.09674419
4866,test,0,0.06397243
6276,test,0,0.17314497
8115,test,0,0.056514602
8474,test,0,0.33515382
10196,test,0,0.035170015
4807,test,0,0.0885993
10925,test,0,0.09555098
494,test,0,0.42174444
2204,test,0,0.06397243
9587,test,0,0.21128011
1759,test,0,0.2736715
8730,test,0,0.06397243
2459,test,0,0.0809791
9557,test,0,0.056247734
2557,test,0,0.06397243
9743,test,0,0.06397243
4449,test,0,0.032307133
3752,test,0,0.07196144
4399,test,0,0.07196144
2928,test,0,0.27153975
7527,test,0,0.12134358
10223,test,0,0.041697577
10828,test,0,0.026720973
2085,test,0,0.038164146
5524,test,0,0.46215126
8729,test,0,0.20967184
8511,test,0,0.33304465
6371,test,0,0.3567753
3891,test,0,0.04816584
8271,test,0,0.028166141
5504,test,0,0.06397243
1131,test,0,0.033395264
2572,test,0,0.0320062
10997,test,0,0.13250734
6092,test,0,0.056247734
478,test,0,0.03448978
7249,test,0,0.17854355
7022,test,0,0.13932449
6372,test,0,0.1292392
4003,test,0,0.032626845
6549,test,0,0.02693639
2279,test,0,0.099536136
2939,test,0,0.093561515
7448,test,0,0.06397243
3105,test,0,0.10789316
6918,test,0,0.068253234
4781,test,0,0.03252401
4774,test,0,0.16117862
8366,test,0,0.052271128
9370,test,0,0.19670032
4477,test,0,0.14746603
5946,test,0,0.14592755
4240,test,0,0.09653236
3931,test,0,0.24574806
6334,test,0,0.13368225
7595,test,0,0.032307133
4867,test,0,0.08315882
8359,test,0,0.09890975
5527,test,0,0.16425714
6546,test,0,0.16695054
8481,test,0,0.05141707
518,test,0,0.2768557
8476,test,0,0.18475923
10758,test,0,0.20091726
10830,test,0,0.026720973
4545,test,0,0.06397243
6126,test,0,0.06397243
8510,test,0,0.07748033
10226,test,0,0.026720973
4865,test,0,0.036203116
1437,test,0,0.3553892
7053,test,0,0.11070327
3508,test,0,0.057272114
3442,test,0,0.4306384
6931,test,0,0.03205292
7233,test,0,0.31316817
3915,test,0,0.035586137
8509,test,0,0.15313007
7668,test,0,0.073049225
10605,test,0,0.13642472
5530,test,0,0.071402065
10748,test,0,0.02693639
10156,test,0,0.058891773
9763,test,0,0.032307133
1684,test,0,0.27629867
6197,test,0,0.06682851
5098,test,0,0.1542322
1562,test,0,0.07435819
2458,test,0,0.032626845
9489,test,0,0.060648967
706,test,0,0.06893394
8742,test,0,0.21562822
7076,test,0,0.21562822
6929,test,0,0.1402947
6343,test,0,0.12766264
3439,test,0,0.2923449
7085,test,0,0.056247734
10395,test,0,0.032307133
3697,test,0,0.2083222
2655,test,0,0.06893394
5075,test,0,0.029687015
3911,test,0,0.032307133
7101,test,0,0.116448306
8361,test,0,0.47495276
3910,test,0,0.06397243
1256,test,1,0.419039
1455,test,0,0.10883141
6386,test,0,0.109006636
298,test,0,0.338677
9779,test,0,0.06535222
768,test,0,0.035134193
4481,test,0,0.028297812
311,test,0,0.041932207
5134,test,0,0.11138636
10834,test,0,0.028255178
1135,test,0,0.407034
10606,test,0,0.5055183
3939,test,0,0.4632698
6177,test,0,0.03100712
3022,test,0,0.3580372
6676,test,0,0.028255178
2944,test,0,0.04667889
3058,test,0,0.1711461
6567,test,0,0.24879287
6550,test,0,0.44566372
10169,test,0,0.042235617
8395,test,0,0.065210454
6488,test,0,0.42432362
753,test,0,0.062688
7464,test,0,0.10185065
4980,test,0,0.05573666
4888,test,0,0.0320062
7049,test,0,0.19757172
10318,test,0,0.026684107
4485,test,0,0.17131093
4825,test,0,0.02693639
3890,test,0,0.13995728
10397,test,0,0.06893394
10016,test,0,0.3209661
3104,test,0,0.27769777
10945,test,0,0.028125715
6524,test,0,0.18679903
7531,test,0,0.14159918
5948,test,0,0.032307133
1567,test,0,0.06244798
60,test,0,0.072079845
1436,test,0,0.032307133
2646,test,0,0.06397243
3687,test,0,0.14314312
6562,test,0,0.033650793
4440,test,0,0.07731102
2709,test,0,0.033395264
7023,test,0,0.03372537
6636,test,0,0.16531773
10225,test,0,0.20686065
10596,test,0,0.24118902
2395,test,0,0.13181293
8857,test,0,0.09856658
2393,test,0,0.09621421
9555,test,0,0.032626845
7232,test,0,0.21873017
5497,test,0,0.120008014
7064,test,0,0.073660664
5318,test,0,0.26427168
7460,test,0,0.23677714
3510,test,0,0.032307133
2554,test,0,0.06397243
10050,test,0,0.06397243
8638,test,0,0.06397243
70,test,0,0.076022774
1058,test,0,0.026593355
1956,test,0,0.06397243
6180,test,0,0.036203116
2281,test,0,0.030477077
9346,test,0,0.041932207
2084,test,0,0.035849646
2228,test,0,0.26007596
8639,test,0,0.07322805
2930,test,0,0.041932207
4163,test,0,0.063599914
4986,test,0,0.03415992
10810,test,0,0.04667889
3023,test,0,0.17261226
10400,test,0,0.039781466
7031,test,0,0.23938783
9577,test,0,0.3533177
8117,test,0,0.028462036
10201,test,0,0.030014219
8810,test,0,0.03415992
52,test,0,0.034497324
9342,test,0,0.5192416
10590,test,0,0.3799242
3893,test,0,0.17393129
10042,test,0,0.4360181
9273,test,0,0.058669865
790,test,0,0.41109937
6498,test,0,0.04816584
7488,test,0,0.06185473
2226,test,0,0.084095925
6005,test,0,0.15358548
5087,test,0,0.15634689
9567,test,0,0.06397243
760,test,0,0.035586137
738,test,0,0.05745941
6544,test,0,0.14336336
1736,test,0,0.18345423
1832,test,0,0.26109526
10470,test,0,0.08058756
7229,test,0,0.23992854
7477,test,0,0.12577131
3897,test,0,0.06397243
8856,test,0,0.050991338
8665,test,0,0.07150259
51,test,0,0.032307133
3086,test,0,0.08630441
8860,test,0,0.27904812
4156,test,0,0.09104443
6215,test,0,0.02693639
3627,test,0,0.032307133
7657,test,0,0.10208423
9491,test,0,0.2882678
3445,test,0,0.07151409
1260,test,0,0.02693639
10755,test,0,0.07610237
9570,test,0,0.031145062
5093,test,0,0.108123004
703,test,0,0.20662466
7343,test,0,0.027875884
9265,test,0,0.08998183
9554,test,0,0.06582705
8251,test,0,0.2503473
901,test,0,0.112360805
884,test,0,0.07370666
7826,test,0,0.032307133
8099,test,0,0.124731466
1094,test,0,0.02693639
3637,test,0,0.027875884
7069,test,0,0.123672515
8504,test,0,0.06397243
10770,test,0,0.22689034
3941,test,0,0.45983076
1147,test,0,0.027848838
8464,test,0,0.036203116
5305,test,0,0.073660664
1777,test,0,0.06640539
2218,test,0,0.063599914
5681,test,0,0.03741741
5422,test,0,0.21390784
6219,test,0,0.24110202
6106,test,0,0.23744497
5102,test,0,0.34132966
3638,test,0,0.24139819
1051,test,0,0.1662594
8478,test,0,0.13059543
1765,test,0,0.19058558
3895,test,0,0.07196144
7476,test,0,0.15275699
1536,test,0,0.1935641
10013,test,0,0.07196144
4707,test,0,0.04501461
9436,test,0,0.16723938
4983,test,0,0.1742837
4694,test,0,0.2359478
932,test,0,0.08428249
4763,test,0,0.36406067
3096,test,0,0.11138636
895,test,0,0.099111296
4010,test,0,0.1896263
9271,test,0,0.039404348
877,test,0,0.042145304
3567,test,0,0.028579026
6448,test,0,0.10358401
7100,test,0,0.18254617
10193,test,0,0.07688093
4231,test,0,0.63992333
2285,test,0,0.03741741
2679,test,0,0.23183212
1738,test,0,0.44566372
705,test,0,0.035280388
5943,test,0,0.026946235
4161,test,0,0.034497324
5090,test,0,0.28615868
5068,test,0,0.18333969
9147,test,0,0.51156825
9140,test,0,0.38490602
4820,test,0,0.6295606
6468,test,0,0.36204326
1267,test,0,0.6759391
4601,test,0,0.35084283
919,test,0,0.34328273
6688,test,0,0.38840917
1782,test,0,0.04641901
9758,test,0,0.36528185
5941,test,0,0.45704952
6906,test,0,0.2094682
3440,test,0,0.267406
10308,test,0,0.3053952
9379,test,0,0.03445496
4689,test,0,0.41027752
8484,test,0,0.061841592
2219,test,0,0.5476295
10843,test,0,0.25731644
6936,test,0,0.2944315
5442,test,0,0.17986211
8907,test,0,0.43979743
10825,test,0,0.16740885
4129,test,0,0.10240545
4439,test,0,0.084095925
10157,test,0,0.0664576
5408,test,0,0.07297961
6497,test,0,0.062456846
4883,test,0,0.06397243
1423,test,0,0.06397243
8466,test,0,0.033650793
8100,test,0,0.032307133
303,test,0,0.22355229
11054,test,0,0.4861951
6015,test,0,0.032307133
10166,test,0,0.032307133
2833,test,0,0.08636751
9363,test,0,0.05523176
4880,test,0,0.029687015
7072,test,0,0.08884333
10228,test,0,0.21161987
9276,test,0,0.18238324
3645,test,0,0.29741225
922,test,0,0.032307133
5315,test,0,0.032307133
876,test,0,0.06397243
5420,test,0,0.07382404
2199,test,0,0.05301304
7593,test,0,0.22293691
1569,test,0,0.16829613
1571,test,0,0.032307133
5426,test,0,0.11297029
7026,test,0,0.13604662
7123,test,0,0.032626845
4598,test,0,0.2616172
744,test,0,0.06397243
5057,test,0,0.21798061
7812,test,0,0.26427168
751,test,0,0.20186448
4764,test,0,0.16767979
530,test,0,0.06397243
5088,test,0,0.27088115
1994,test,0,0.16169481
1553,test,0,0.17800467
7392,test,0,0.071402065
1446,test,0,0.032307133
2845,test,0,0.071795896
6384,test,0,0.08998183
8911,test,0,0.043424617
6093,test,0,0.16829613
1041,test,0,0.05140573
488,test,0,0.14424041
7288,test,0,0.1099944
6275,test,0,0.06397243
2846,test,0,0.029370893
7041,test,0,0.1650526
10159,test,0,0.06397243
6672,test,0,0.24874245
9574,test,0,0.17834145
1445,test,0,0.036203116
9524,test,0,0.07627983
7831,test,0,0.16698167
9378,test,0,0.026720973
1551,test,0,0.026720973
4121,test,0,0.30815846
1056,test,0,0.35574162
6153,test,0,0.028297812
10216,test,0,0.4137915
9527,test,0,0.20888072
5313,test,0,0.037773874
4686,test,0,0.24338582
6632,test,0,0.044069868
4421,test,0,0.28937683
3059,test,0,0.20601836
9744,test,0,0.034156904
6195,test,0,0.07444955
1097,test,0,0.028166141
1681,test,0,0.1646117
6161,test,0,0.38971943
482,test,0,0.02693639
2759,test,0,0.18286467
10780,test,0,0.15831874
2768,test,0,0.038578942
7241,test,0,0.3376707
7193,test,0,0.030177763
10607,test,0,0.030177763
8256,test,0,0.23239887
915,test,0,0.026720973
7244,test,0,0.027626332
6212,test,0,0.063599914
6491,test,0,0.038695857
10215,test,0,0.366686
4479,test,0,0.27015096
1156,test,0,0.28583455
5817,test,0,0.102246
1985,test,0,0.16802485
5443,test,0,0.071402065
1986,test,0,0.31256765
8468,test,0,0.18997407
3572,test,0,0.02693639
933,test,0,0.12900788
3029,test,0,0.1568849
6523,test,0,0.02693639
4803,test,0,0.02693639
7520,test,0,0.073660664
1533,test,0,0.300402
4782,test,0,0.22980146
8255,test,0,0.24469756
2556,test,0,0.032307133
10399,test,0,0.21418227
10297,test,0,0.27653798
3921,test,0,0.032626845
8788,test,0,0.18029127
9563,test,0,0.036203116
1154,test,0,0.43763047
5938,test,0,0.3006999
5415,test,0,0.03741741
7325,test,0,0.4374344
3074,test,0,0.038164146
7446,test,0,0.04698808
2773,test,0,0.056247734
3691,test,0,0.07559292
9488,test,0,0.056140117
4407,test,0,0.056247734
2478,test,0,0.08741283
9247,test,0,0.063395865
9525,test,0,0.056247734
4244,test,0,0.15486732
9515,test,0,0.032307133
2586,test,0,0.071402065
941,test,0,0.033084545
7050,test,0,0.0809791
7492,test,0,0.13140287
6382,test,0,0.22814459
9520,test,0,0.033395264
8104,test,0,0.071402065
3914,test,0,0.12338638
7467,test,0,0.091346905
4109,test,0,0.18889093
799,test,0,0.1729474
9345,test,0,0.032307133
380,test,0,0.19799335
2713,test,0,0.22398493
10820,test,0,0.026684107
2202,test,0,0.042642392
1130,test,0,0.07053333
6338,test,0,0.032080594
2207,test,0,0.075756505
9390,test,0,0.10770864
7453,test,0,0.058648314
5677,test,0,0.06397243
1679,test,0,0.07525846
523,test,0,0.2857492
5447,test,0,0.072985336
8391,test,0,0.1961926
7816,test,0,0.1371505
1677,test,0,0.056247734
3095,test,0,0.20320712
6209,test,0,0.32792217
8472,test,0,0.056247734
5821,test,0,0.032307133
2878,test,0,0.08068509
3045,test,0,0.02693639
11055,test,0,0.02693639
9749,test,0,0.28199443
3753,test,0,0.06397243
5105,test,0,0.032307133
1542,test,0,0.027204448
8482,test,0,0.16420455
299,test,0,0.038886115
10724,test,0,0.04130264
5066,test,0,0.19612326
2229,test,0,0.13872327
8905,test,0,0.033650793
1059,test,0,0.056247734
7181,test,0,0.08441017
10937,test,0,0.02693639
9581,test,0,0.028258882
9591,test,0,0.14500895
6528,test,0,0.17222266
6013,test,0,0.17314497
6460,test,0,0.056247734
8812,test,0,0.17157209
8105,test,0,0.056247734
2849,test,0,0.059519455
11042,test,0,0.033650793
6167,test,0,0.030127961
3565,test,0,0.02693639
2551,test,0,0.13604662
2665,test,0,0.18504988
6118,test,0,0.06397243
5956,test,0,0.032307133
2834,test,0,0.032626845
6471,test,0,0.033650793
7088,test,0,0.030692734
3764,test,0,0.08855326
7194,test,0,0.2604079
745,test,0,0.03372537
2880,test,0,0.07204137
2187,test,0,0.07943209
1874,test,0,0.06893394
7470,test,0,0.032307133
7813,test,0,0.22344157
8124,test,0,0.09533996
4092,test,0,0.032307133
6545,test,0,0.20762923
7384,test,0,0.032307133
5356,test,0,0.02693639
7449,test,0,0.032626845
6125,test,0,0.06397243
3695,test,0,0.06397243
10341,test,0,0.06397243
5405,test,0,0.035849646
3065,test,0,0.071402065
6509,test,0,0.030177763
1111,test,0,0.29442024
10829,test,0,0.30261004
5410,test,0,0.032307133
4776,test,0,0.026720973
7478,test,0,0.033713527
10593,test,0,0.27157202
8356,test,0,0.12857285
2192,test,0,0.035849646
4093,test,0,0.037052546
7747,test,0,0.3148295
7815,test,0,0.05871376
8629,test,0,0.38407287
1055,test,0,0.30036184
8408,test,0,0.338042
1687,test,0,0.06441962
1572,test,0,0.3229111
4590,test,0,0.030177763
4875,test,0,0.06567052
5951,test,0,0.06333737
6671,test,0,0.39654604
4532,test,0,0.048797388
10737,test,0,0.20838901
4884,test,0,0.05782413
3761,test,0,0.39404967
8816,test,0,0.42736393
3759,test,0,0.039523102
9742,test,0,0.05897715
7104,test,0,0.041802693
10404,test,0,0.15699874
5947,test,0,0.5774033
3031,test,0,0.033578224
5138,test,0,0.17928134
7383,test,0,0.03810723
3689,test,0,0.08463507
10849,test,0,0.3825844
10235,test,0,0.40634134
5080,test,0,0.027399214
8745,test,0,0.24204972
9740,test,0,0.16251828
3922,test,0,0.034156904
4881,test,0,0.3285073
11013,test,0,0.13637261
7332,test,0,0.15292977
7065,test,0,0.037988365
10298,test,0,0.395229
3027,test,0,0.027399214
2286,test,0,0.032626845
10168,test,0,0.03372537
5940,test,0,0.03448978
5451,test,0,0.06185473
6695,test,0,0.027848838
9556,test,0,0.3549196
7051,test,0,0.032307133
2196,test,0,0.06185473
6453,test,0,0.2616172
1774,test,0,0.032307133
5493,test,0,0.032307133
4473,test,0,0.24724467
8865,test,0,0.032307133
5818,test,0,0.032307133
4232,test,0,0.032307133
7528,test,0,0.09136472
3925,test,0,0.027848838
6485,test,0,0.03448978
6127,test,0,0.06185473
8114,test,0,0.07370666
5517,test,0,0.02693639
4484,test,0,0.14193363
9776,test,0,0.030177763
3649,test,0,0.030177763
2477,test,0,0.032307133
2190,test,0,0.057272114
6207,test,0,0.29129046
3760,test,0,0.47070125
4525,test,0,0.06185473
8101,test,0,0.06185473
1952,test,0,0.06768103
5303,test,0,0.057272114
6514,test,0,0.1668695
5510,test,0,0.2778771
6095,test,0,0.026720973
3369,test,0,0.057272114
2850,test,0,0.08460074
8792,test,0,0.19620624
9365,test,0,0.48378348
6494,test,0,0.04501461
2259,test,0,0.06768103
7833,test,0,0.035333235
6337,test,0,0.2177051
4471,test,0,0.026720973
6501,test,0,0.4082638
1159,test,0,0.43611947
1546,test,0,0.35720858
1421,test,0,0.036203116
58,test,0,0.07196144
9490,test,0,0.1455535
8636,test,0,0.06333737
10832,test,0,0.06333737
10046,test,0,0.030177763
9148,test,0,0.21089953
9145,test,0,0.039404348
4102,test,0,0.057272114
4128,test,0,0.026720973
6194,test,0,0.026720973
7750,test,0,0.18074127
1095,test,0,0.34357965
9151,test,0,0.028255178
5668,test,0,0.4159726
10839,test,0,0.16843635
8682,test,0,0.21030603
3892,test,0,0.031196492
8660,test,0,0.054895937
10603,test,0,0.054895937
7535,test,0,0.4857306
2462,test,0,0.05897715
4164,test,0,0.06892967
6444,test,0,0.03100712
7455,test,0,0.035170015
8628,test,0,0.112939455
10150,test,0,0.035170015
4556,test,0,0.044069868
5505,test,0,0.086207524
2251,test,0,0.05897715
3092,test,0,0.2914459
8681,test,0,0.06967299
5528,test,0,0.3950071
2447,test,0,0.05897715
3894,test,0,0.044069868
10609,test,0,0.18759856
4022,test,0,0.344018
6533,test,0,0.028166141
9327,test,0,0.028747391
2468,test,0,0.056240167
7128,test,0,0.05573666
3109,test,0,0.05573666
4418,test,0,0.15265906
10153,test,0,0.084665015
4543,test,0,0.07053333
3064,test,0,0.12010652
6272,test,0,0.037937667
10854,test,0,0.08364149
5419,test,0,0.10687948
3507,test,0,0.08270813
1683,test,0,0.06397243
2716,test,0,0.22191657
3362,test,0,0.06397243
7052,test,0,0.063395865
10840,test,0,0.21766338
7103,test,0,0.14811844
6217,test,0,0.19433673
7032,test,0,0.032307133
8495,test,0,0.10022739
1441,test,0,0.032307133
3919,test,0,0.032307133
7513,test,0,0.06411891
5676,test,0,0.071402065
5439,test,0,0.18902825
7097,test,0,0.026684107
4535,test,0,0.088077344
4009,test,0,0.18056457
8462,test,0,0.02693639
2708,test,0,0.084026024
6210,test,0,0.026684107
1544,test,0,0.21247444
5999,test,0,0.06940091
6926,test,0,0.056247734
6681,test,0,0.056247734
10732,test,0,0.02693639
1729,test,0,0.029687015
4448,test,0,0.06893394
8916,test,0,0.08364149
6350,test,0,0.16918418
5431,test,0,0.07610237
5104,test,0,0.03448978
4578,test,0,0.228185
1885,test,0,0.16589041
3693,test,0,0.06397243
10148,test,0,0.08537693
1447,test,0,0.2501515
6564,test,0,0.032307133
5094,test,0,0.056247734
480,test,0,0.2624307
8791,test,0,0.07781428
9750,test,0,0.03372537
4554,test,0,0.17218778
4441,test,0,0.14100638
1561,test,0,0.06397243
4002,test,0,0.02693639
4021,test,0,0.22689034
4533,test,0,0.08266429
3062,test,0,0.18997407
10756,test,0,0.06567933
5939,test,0,0.032626845
2668,test,0,0.032307133
3916,test,0,0.071402065
1744,test,0,0.033650793
10602,test,0,0.24373211
7523,test,0,0.16316673
7077,test,0,0.27882814
3561,test,0,0.02693639
6091,test,0,0.20287652
6554,test,0,0.10581472
2475,test,0,0.0765279
8677,test,0,0.17726526
6228,test,0,0.032307133
7542,test,0,0.0809791
6187,test,0,0.2133207
1754,test,0,0.027875884
1557,test,0,0.110496104
2670,test,0,0.42840382
8727,test,0,0.035586137
6469,test,0,0.1663392
2946,test,0,0.21831489
11061,test,0,0.033650793
48,test,0,0.078344524
3111,test,0,0.033395264
2004,test,0,0.032307133
9387,test,0,0.032626845
6522,test,0,0.21418227
7821,test,0,0.055853736
5516,test,0,0.1673944
2456,test,0,0.1568849
3373,test,0,0.071402065
7080,test,0,0.25384682
8619,test,0,0.03372537
7045,test,0,0.032307133
11046,test,0,0.032626845
1773,test,0,0.02693639
10944,test,0,0.032307133
11010,test,0,0.08263799
10922,test,0,0.032307133
516,test,0,0.17810535
2552,test,0,0.032626845
2847,test,0,0.17314497
9358,test,0,0.065359786
6474,test,0,0.02693639
2256,test,0,0.06339561
3036,test,0,0.032307133
10608,test,0,0.03385146
6629,test,0,0.029687015
7090,test,0,0.2024701
1543,test,0,0.027848838
10476,test,0,0.032307133
479,test,0,0.20989168
7336,test,0,0.028125715
62,test,0,0.093350224
2661,test,0,0.07943209
2765,test,0,0.02693639
6198,test,0,0.13402016
8110,test,0,0.07370666
9583,test,0,0.033650793
3943,test,0,0.02693639
8627,test,0,0.033395264
524,test,0,0.071402065
6223,test,0,0.18348755
5494,test,0,0.06582705
9326,test,0,0.02693639
3047,test,0,0.32447362
10746,test,0,0.02693639
6019,test,0,0.09950871
6505,test,0,0.032307133
7245,test,0,0.032307133
7814,test,0,0.06185473
10725,test,0,0.032307133
3576,test,0,0.032307133
4447,test,0,0.06397243
1953,test,0,0.032307133
2760,test,0,0.033395264
909,test,0,0.033650793
7338,test,0,0.038886115
10597,test,0,0.21305466
4677,test,0,0.3991765
5674,test,0,0.109526716
6354,test,0,0.040699106
5069,test,0,0.26131248
925,test,0,0.032307133
7473,test,0,0.40334842
2656,test,0,0.07304678
6461,test,0,0.032307133
3636,test,0,0.02693639
1775,test,0,0.034782555
1989,test,0,0.15245396
6265,test,0,0.031196492
7530,test,0,0.12279198
4246,test,0,0.24694276
6678,test,0,0.041697577
7326,test,0,0.03805462
5321,test,0,0.33325276
8397,test,0,0.27506682
9360,test,0,0.07022218
6519,test,0,0.029687015
6916,test,0,0.036820453
8238,test,0,0.06333737
4800,test,0,0.25137323
6480,test,0,0.060699277
5519,test,0,0.030177763
9371,test,0,0.18634766
1995,test,0,0.030177763
7482,test,0,0.038578942
67,test,0,0.092693254
1732,test,0,0.033383522
786,test,0,0.122341156
1747,test,0,0.24780387
6532,test,0,0.026720973
1760,test,0,0.20600137
6189,test,0,0.026720973
1272,test,0,0.350747
2220,test,0,0.3413957
10222,test,0,0.036820453
3443,test,0,0.038578942
10208,test,0,0.039858535
7578,test,0,0.2578735
2723,test,0,0.29581016
2081,test,0,0.07513165
6457,test,0,0.033383522
7486,test,0,0.1704807
6922,test,0,0.026720973
7484,test,0,0.067310445
7247,test,0,0.036820453
6170,test,0,0.026720973
8898,test,0,0.17883064
1826,test,0,0.19728777
7666,test,0,0.03741741
6199,test,0,0.033383522
8739,test,0,0.035333235
1840,test,0,0.026720973
10316,test,0,0.15680389
3091,test,0,0.033383522
6529,test,0,0.030177763
9513,test,0,0.07196144
1261,test,0,0.026720973
7663,test,0,0.20872171
8829,test,0,0.29391402
7461,test,0,0.07196144
10586,test,0,0.026720973
792,test,0,0.033383522
1053,test,0,0.028579026
802,test,0,0.1319393
9333,test,0,0.25521863
3360,test,0,0.057272114
1770,test,0,0.031196492
10778,test,0,0.026720973
3898,test,0,0.030177763
5683,test,0,0.057272114
2758,test,0,0.039404348
2080,test,0,0.05782413
11060,test,0,0.35186476
6558,test,0,0.026720973
2947,test,0,0.026720973
5304,test,0,0.40589434
6176,test,0,0.26556727
10466,test,0,0.03333349
5502,test,0,0.035280388
7320,test,0,0.026720973
307,test,0,0.3040464
4765,test,0,0.056955088
6481,test,0,0.028747391
5531,test,0,0.24732643
4547,test,0,0.09257029
7516,test,0,0.04364307
1548,test,0,0.037849564
880,test,0,0.2430323
1731,test,0,0.39695346
50,test,0,0.042235617
7039,test,0,0.03810723
3946,test,0,0.36006764
1725,test,0,0.40797076
7089,test,0,0.03187173
6261,test,0,0.28178132
3097,test,0,0.03100712
910,test,0,0.40639684
6008,test,0,0.05897715
6218,test,0,0.027399214
8248,test,0,0.20799708
7575,test,0,0.1716048
1429,test,0,0.05897715
5520,test,0,0.028747391
7671,test,0,0.06498123
316,test,0,0.49042812
7353,test,0,0.02668065
3101,test,0,0.20369205
4111,test,0,0.32060924
2685,test,0,0.5329699
5092,test,0,0.03187173
7352,test,0,0.052015975
2933,test,0,0.03537529
5670,test,0,0.061190866
7515,test,0,0.06211612
4684,test,0,0.097807154
2194,test,0,0.12474948
3509,test,0,0.050020404
8605,test,0,0.050581396
4091,test,0,0.05858326
3069,test,0,0.077834606
749,test,0,0.109781496
1884,test,0,0.17859976
9566,test,0,0.052973207
2648,test,0,0.067060016
8120,test,0,0.1220685
10045,test,0,0.067060016
2563,test,0,0.1507357
9259,test,0,0.11836712
10816,test,0,0.19468942
7659,test,0,0.1764612
10409,test,0,0.074311644
5825,test,0,0.08481317
7829,test,0,0.06632763
944,test,0,0.048726995
3375,test,0,0.06397243
327,test,0,0.06397243
7660,test,0,0.14791638
2203,test,0,0.06397243
1418,test,0,0.033395264
4235,test,0,0.14514272
1103,test,0,0.02693639
5444,test,0,0.105091006
6375,test,0,0.02693639
10211,test,0,0.0320062
10171,test,0,0.20614615
7519,test,0,0.033084545
9335,test,0,0.20710927
2394,test,0,0.06978493
5830,test,0,0.0499247
4103,test,0,0.0707636
10218,test,0,0.032307133
61,test,0,0.18142276
6270,test,0,0.033395264
1435,test,0,0.15118249
4879,test,0,0.16429996
6637,test,0,0.032307133
3646,test,0,0.17064956
8367,test,0,0.0320062
5816,test,0,0.0809791
2641,test,0,0.033395264
2186,test,0,0.032307133
49,test,0,0.056247734
5076,test,0,0.02693639
5317,test,0,0.11696746
6006,test,0,0.20884259
2215,test,0,0.06397243
1743,test,0,0.02693639
6449,test,0,0.03711418
2565,test,0,0.063395865
2721,test,0,0.07370666
1539,test,0,0.03711418
879,test,0,0.032307133
3906,test,0,0.06397243
9493,test,0,0.17169563
2770,test,0,0.43007156
2935,test,0,0.08459469
1037,test,0,0.032307133
2558,test,0,0.032307133
6226,test,0,0.02693639
6557,test,0,0.032307133
7479,test,0,0.2681681
6227,test,0,0.12717555
4815,test,0,0.1658972
6101,test,0,0.02693639
10935,test,0,0.027306845
2261,test,0,0.0720317
4690,test,0,0.032307133
5071,test,0,0.032307133
5414,test,0,0.033395264
6165,test,0,0.02693639
6515,test,0,0.032307133
913,test,0,0.19458078
6353,test,0,0.1137429
4816,test,0,0.032307133
4476,test,0,0.26858854
2649,test,0,0.18054467
7335,test,0,0.030094143
7536,test,0,0.030094143
8861,test,0,0.076149754
5949,test,0,0.032307133
6162,test,0,0.032307133
6326,test,0,0.03372537
5081,test,0,0.032307133
10398,test,0,0.06397243
11049,test,0,0.02693639
10301,test,0,0.032307133
2756,test,0,0.108661264
8252,test,0,0.1721797
9343,test,0,0.02693639
9344,test,0,0.032626845
8458,test,0,0.05049494
2000,test,0,0.105406195
6679,test,0,0.029687015
4242,test,0,0.032307133
3078,test,0,0.032307133
4446,test,0,0.17127791
7242,test,0,0.02693639
1741,test,0,0.05949393
8732,test,0,0.16259472
8626,test,0,0.16281374
1558,test,0,0.13458027
6510,test,0,0.086689435
5085,test,0,0.028258882
6473,test,0,0.05699772
704,test,0,0.18539374
9585,test,0,0.032626845
11062,test,0,0.30484998
319,test,0,0.051893145
7324,test,0,0.07359469
1750,test,0,0.02693639
11059,test,0,0.032307133
7749,test,0,0.18508092
3643,test,0,0.02693639
798,test,0,0.032307133
10718,test,0,0.2133207
2927,test,0,0.25090244
4791,test,0,0.032307133
6517,test,0,0.1045221
7672,test,0,0.18202846
1990,test,0,0.032626845
914,test,0,0.033650793
7655,test,0,0.032626845
10598,test,0,0.032626845
7127,test,0,0.05702975
2252,test,0,0.035586137
10822,test,0,0.033650793
5106,test,0,0.02693639
9261,test,0,0.02693639
8240,test,0,0.02693639
9272,test,0,0.16654554
1767,test,0,0.032307133
10053,test,0,0.16351211
1087,test,0,0.13566597
4116,test,0,0.02693639
7121,test,0,0.103624806
5074,test,0,0.02693639
9262,test,0,0.2768557
1254,test,0,0.032307133
4482,test,0,0.02693639
4702,test,0,0.15482448
5320,test,0,0.1311781
1443,test,0,0.30877084
6928,test,0,0.02693639
4778,test,0,0.3015088
10015,test,0,0.18951584
7836,test,0,0.03372537
6264,test,0,0.032307133
1876,test,0,0.0639321
7463,test,0,0.03372537
1737,test,0,0.031097107
8358,test,0,0.17756031
9782,test,0,0.16352847
6551,test,0,0.07382404
4539,test,0,0.13458349
9738,test,0,0.09147976
5100,test,0,0.08364149
4101,test,0,0.10094949
2660,test,0,0.033395264
7594,test,0,0.02693639
8280,test,0,0.2500024
531,test,0,0.18555847
2657,test,0,0.071402065
2224,test,0,0.071402065
7190,test,0,0.14901035
2569,test,0,0.029687015
1828,test,0,0.02693639
2448,test,0,0.153847
2941,test,0,0.032307133
11043,test,0,0.032307133
1248,test,0,0.22166353
6347,test,0,0.25554925
9133,test,0,0.032307133
1107,test,0,0.032307133
5509,test,0,0.06397243
2678,test,0,0.032626845
9761,test,0,0.05949393
3098,test,0,0.032307133
7393,test,0,0.09596931
10844,test,0,0.21873017
9270,test,0,0.02693639
7250,test,0,0.22085741
7739,test,0,0.027204448
6911,test,0,0.033650793
7485,test,0,0.1014838
8793,test,0,0.03372537
1161,test,0,0.032307133
4410,test,0,0.032307133
2582,test,0,0.04646312
4793,test,0,0.033395264
5349,test,0,0.02693639
3945,test,0,0.23404333
6483,test,0,0.07979066
1045,test,0,0.07474
6344,test,0,0.16356309
2248,test,0,0.033395264
4693,test,0,0.02693639
6370,test,0,0.2616172
740,test,0,0.0804744
4403,test,0,0.067060016
9769,test,0,0.02693639
791,test,0,0.032307133
5306,test,0,0.032626845
9279,test,0,0.11008332
4696,test,0,0.17022203
4972,test,0,0.2083222
5513,test,0,0.032307133
4797,test,0,0.02693639
1115,test,0,0.055132404
1993,test,0,0.033650793
924,test,0,0.03711418
10599,test,0,0.02693639
935,test,0,0.032307133
10589,test,0,0.03398334
5512,test,0,0.030094143
6376,test,0,0.032307133
8269,test,0,0.033395264
10946,test,0,0.02693639
6512,test,0,0.15515192
8473,test,0,0.34116605
8389,test,0,0.02693639
6445,test,0,0.18951584
7534,test,0,0.102077864
2775,test,0,0.09380249
6669,test,0,0.0639321
10833,test,0,0.02693639
10241,test,0,0.19889036
9369,test,0,0.07370666
10012,test,0,0.032307133
6380,test,0,0.29840893
6683,test,0,0.02693639
382,test,0,0.10431101
3103,test,0,0.032307133
490,test,0,0.033650793
6023,test,0,0.07943209
5749,test,0,0.041707534
2386,test,0,0.082117
878,test,0,0.120312594
8465,test,0,0.03711418
2769,test,0,0.2075168
6914,test,0,0.032307133
10923,test,0,0.24268778
6178,test,0,0.20035413
917,test,0,0.23753771
3642,test,0,0.033650793
4526,test,0,0.12955669
2449,test,0,0.032307133
9134,test,0,0.03711418
8394,test,0,0.10622793
8404,test,0,0.02693639
9386,test,0,0.02693639
7824,test,0,0.33401784
2258,test,0,0.032626845
2654,test,0,0.032307133
10804,test,0,0.14994904
6124,test,0,0.22054791
9777,test,0,0.029687015
6513,test,0,0.08781895
3937,test,0,0.2976405
885,test,0,0.032307133
10238,test,0,0.02693639
1112,test,0,0.02693639
304,test,0,0.0879702
7334,test,0,0.02693639
7592,test,0,0.045773774
7228,test,0,0.032307133
3367,test,0,0.33202586
6938,test,0,0.21320593
3084,test,0,0.1358851
10753,test,0,0.029214785
1038,test,0,0.027848838
1249,test,0,0.033650793
10807,test,0,0.032307133
3041,test,0,0.13250002
8813,test,0,0.31461748
1036,test,0,0.032307133
2772,test,0,0.29106626
9783,test,0,0.20793064
3628,test,0,0.032307133
6014,test,0,0.032307133
1092,test,0,0.032748964
6339,test,0,0.08364149
3757,test,0,0.06185473
1998,test,0,0.02693639
5352,test,0,0.032307133
8470,test,0,0.033650793
7490,test,0,0.027204448
2675,test,0,0.02693639
2193,test,0,0.17601098
10773,test,0,0.032307133
3684,test,0,0.06185473
11058,test,0,0.027204448
7098,test,0,0.03711418
3926,test,0,0.03398334
6452,test,0,0.032307133
6004,test,0,0.073660664
1117,test,0,0.033650793
4808,test,0,0.21780059
6096,test,0,0.03711418
9389,test,0,0.03711418
5744,test,0,0.06185473
938,test,0,0.06185473
1088,test,0,0.032307133
4542,test,0,0.06185473
8807,test,0,0.029687015
10823,test,0,0.15245396
8409,test,0,0.031097107
9569,test,0,0.032307133
702,test,0,0.06185473
6214,test,0,0.02693639
5064,test,0,0.02693639
4698,test,0,0.02693639
4105,test,0,0.23909684
11006,test,0,0.13272722
10771,test,0,0.032626845
4469,test,0,0.033650793
7351,test,0,0.032307133
8493,test,0,0.033395264
8811,test,0,0.032307133
4821,test,0,0.04278904
4591,test,0,0.09017304
6506,test,0,0.13995653
7346,test,0,0.02693639
8245,test,0,0.032307133
3564,test,0,0.1345331
6670,test,0,0.033395264
9589,test,0,0.1664199
9139,test,0,0.02693639
9331,test,0,0.032626845
1757,test,0,0.034110352
430,test,0,0.032307133
9383,test,0,0.02693639
3936,test,0,0.027306845
8279,test,0,0.16293752
423,test,0,0.02693639
484,test,0,0.052416373
493,test,0,0.02693639
2645,test,0,0.06397243
5492,test,0,0.032307133
5099,test,0,0.032307133
1257,test,0,0.09084874
8239,test,0,0.02693639
7819,test,0,0.06185473
931,test,0,0.027848838
10232,test,0,0.033650793
6465,test,0,0.032307133
3927,test,0,0.02693639
9766,test,0,0.07174322
6117,test,0,0.033395264
6331,test,0,0.02693639
1565,test,0,0.032307133
4581,test,0,0.032307133
1568,test,0,0.06397243
6530,test,0,0.038886115
3644,test,0,0.06978493
1742,test,0,0.24209933
11004,test,0,0.12099028
4123,test,0,0.02693639
5083,test,0,0.074909665
4822,test,0,0.02693639
11014,test,0,0.032384127
4588,test,0,0.032384127
4238,test,0,0.02693639
6105,test,0,0.032307133
7661,test,0,0.069744885
1678,test,0,0.08266429
2934,test,0,0.032307133
6351,test,0,0.028832655
8460,test,0,0.032307133
4443,test,0,0.17229258
7283,test,0,0.064975396
10236,test,0,0.027848838
6335,test,0,0.02693639
1540,test,0,0.02693639
797,test,0,0.032307133
1417,test,0,0.056247734
6321,test,0,0.16356309
1728,test,0,0.032307133
789,test,0,0.068890706
10472,test,0,0.02693639
3574,test,0,0.032307133
4097,test,0,0.032307133
806,test,0,0.033650793
10011,test,0,0.21630834
8794,test,0,0.032626845
803,test,0,0.033650793
5688,test,0,0.073523104
8494,test,0,0.06185473
1873,test,0,0.032626845
4786,test,0,0.029840687
894,test,0,0.06185473
10588,test,0,0.23296629
7588,test,0,0.02693639
2227,test,0,0.08913152
5067,test,0,0.026720973
4806,test,0,0.026720973
10733,test,0,0.26647383
6667,test,0,0.029852258
2283,test,0,0.2083222
6202,test,0,0.02693639
9755,test,0,0.24751301
9568,test,0,0.030177763
930,test,0,0.02693639
10337,test,0,0.104855
7538,test,0,0.073660664
6682,test,0,0.032384127
2659,test,0,0.032384127
1050,test,0,0.033383522
8258,test,0,0.033395264
434,test,0,0.24813163
10591,test,0,0.34699723
5073,test,0,0.026720973
8270,test,0,0.027901057
8467,test,0,0.029840687
512,test,0,0.028602522
4585,test,0,0.030177763
1251,test,0,0.033383522
6935,test,0,0.033383522
4104,test,0,0.026720973
5089,test,0,0.026720973
4697,test,0,0.026720973
1158,test,0,0.2873857
8912,test,0,0.02693639
10931,test,0,0.26113576
1151,test,0,0.06978493
10219,test,0,0.026569098
7445,test,0,0.07945941
927,test,0,0.030177763
1961,test,0,0.29129046
6181,test,0,0.029687015
7331,test,0,0.033395264
5062,test,0,0.026720973
6635,test,0,0.030177763
7240,test,0,0.030177763
7237,test,0,0.030177763
928,test,0,0.03213351
10601,test,0,0.3860288
903,test,0,0.026720973
2762,test,0,0.038578942
4589,test,0,0.17441598
4809,test,0,0.041932207
6157,test,0,0.026720973
3639,test,0,0.036820453
8867,test,0,0.06567052
8915,test,0,0.17599279
8909,test,0,0.040186632
10741,test,0,0.026720973
6352,test,0,0.028297812
5135,test,0,0.16651715
53,test,0,0.083568774
4162,test,0,0.035333235
8276,test,0,0.03711418
2936,test,0,0.02693639
4599,test,0,0.030177763
3026,test,0,0.46804234
6154,test,0,0.026986947
4759,test,0,0.15756008
6520,test,0,0.23989621
1084,test,0,0.026720973
6186,test,0,0.030177763
4770,test,0,0.19113898
9132,test,0,0.030177763
3055,test,0,0.028297812
10345,test,0,0.10109915
5059,test,0,0.026720973
7525,test,0,0.038164146
2673,test,0,0.026720973
10147,test,0,0.20989168
4523,test,0,0.112214014
764,test,0,0.039858535
4110,test,0,0.030177763
1891,test,0,0.029840687
4004,test,0,0.032670148
10723,test,0,0.030177763
1882,test,0,0.06397243
4239,test,0,0.029082125
3930,test,0,0.029082125
317,test,0,0.026720973
10940,test,0,0.17144029
8386,test,0,0.29192218
1046,test,0,0.026720973
2943,test,0,0.030177763
9330,test,0,0.033383522
3929,test,0,0.033383522
906,test,0,0.026720973
8901,test,0,0.35384437
3562,test,0,0.026720973
7099,test,0,0.033383522
3935,test,0,0.030177763
5952,test,0,0.030177763
6909,test,0,0.030477077
8097,test,0,0.037052546
6566,test,0,0.030177763
6487,test,0,0.030177763
10401,test,0,0.12445439
10765,test,0,0.030177763
7360,test,0,0.3941021
4592,test,0,0.22226486
5445,test,0,0.030177763
4796,test,0,0.030177763
2667,test,0,0.02693639
2840,test,0,0.101943396
8275,test,0,0.21232115
4236,test,0,0.026720973
9149,test,0,0.15170483
6179,test,0,0.026720973
4874,test,0,0.057272114
5737,test,0,0.030177763
7333,test,0,0.18643336
4769,test,0,0.026720973
1761,test,0,0.033383522
7540,test,0,0.031196492
1836,test,0,0.030177763
2653,test,0,0.11551555
6525,test,0,0.028602522
3924,test,0,0.04072146
9154,test,0,0.030177763
4114,test,0,0.031196492
2926,test,0,0.42056105
6464,test,0,0.038578942
8913,test,0,0.026720973
3083,test,0,0.041697577
2469,test,0,0.057272114
4795,test,0,0.030177763
3629,test,0,0.026720973
1252,test,0,0.030177763
9260,test,0,0.030177763
5434,test,0,0.030177763
3436,test,0,0.041697577
4555,test,0,0.2651677
10036,test,0,0.057272114
2720,test,0,0.06768103
9131,test,0,0.5185157
9361,test,0,0.06535222
6690,test,0,0.056247734
9263,test,0,0.033713527
10938,test,0,0.033383522
1105,test,0,0.026720973
11057,test,0,0.030177763
7487,test,0,0.026720973
4451,test,0,0.038164146
4977,test,0,0.06316116
2705,test,0,0.15032531
2253,test,0,0.057272114
3085,test,0,0.038578942
9137,test,0,0.030177763
8613,test,0,0.057272114
10592,test,0,0.027626332
6527,test,0,0.026720973
315,test,0,0.026720973
10757,test,0,0.026720973
1270,test,0,0.030177763
421,test,0,0.030177763
2949,test,0,0.026720973
4701,test,0,0.030177763
4785,test,0,0.2680893
7330,test,0,0.030177763
10850,test,0,0.07910595
10585,test,0,0.28919384
6442,test,0,0.041932207
10736,test,0,0.22856201
4829,test,0,0.08367841
8664,test,0,0.035849646
3640,test,0,0.026720973
7743,test,0,0.026720973
10463,test,0,0.030177763
4540,test,0,0.036203116
7827,test,0,0.06307316
8503,test,0,0.057272114
3928,test,0,0.033383522
6455,test,0,0.026986947
9339,test,0,0.030177763
10465,test,0,0.29905844
8897,test,0,0.030177763
2387,test,0,0.035333235
10317,test,0,0.31399444
4828,test,0,0.026720973
1734,test,0,0.026720973
9268,test,0,0.030177763
1749,test,0,0.027626332
7728,test,0,0.30332637
757,test,0,0.057272114
787,test,0,0.030177763
3024,test,0,0.030177763
6169,test,0,0.03362861
8388,test,0,0.026720973
4988,test,0,0.084799886
7182,test,0,0.063599914
1951,test,0,0.323453
4766,test,0,0.026720973
9146,test,0,0.026720973
10237,test,0,0.026720973
7094,test,0,0.026720973
7348,test,0,0.026720973
8827,test,0,0.026720973
4527,test,0,0.17863025
2717,test,0,0.057272114
1132,test,0,0.032670148
1143,test,0,0.032670148
7736,test,0,0.033383522
4445,test,0,0.057272114
4008,test,0,0.030177763
9765,test,0,0.028297812
1265,test,0,0.34298757
5354,test,0,0.030177763
4024,test,0,0.026720973
2682,test,0,0.036820453
424,test,0,0.033383522
10220,test,0,0.030177763
300,test,0,0.026720973
2260,test,0,0.032670148
4695,test,0,0.032670148
1101,test,0,0.033383522
5751,test,0,0.026720973
2832,test,0,0.10853698
486,test,0,0.026986947
929,test,0,0.026720973
7590,test,0,0.026720973
3698,test,0,0.11654398
8267,test,0,0.030177763
6213,test,0,0.026720973
5096,test,0,0.031196492
2763,test,0,0.026720973
1831,test,0,0.24377047
6921,test,0,0.030177763
296,test,0,0.1744654
6185,test,0,0.038578942
5065,test,0,0.030177763
6330,test,0,0.2146211
7070,test,0,0.063599914
10314,test,0,0.17813104
1752,test,0,0.026720973
7810,test,0,0.057272114
899,test,0,0.25611603
9377,test,0,0.03000686
3633,test,0,0.033383522
6379,test,0,0.027626332
6930,test,0,0.045467068
6561,test,0,0.030177763
2931,test,0,0.23470719
9138,test,0,0.036820453
10745,test,0,0.03102
1100,test,0,0.030177763
11053,test,0,0.030177763
6109,test,0,0.03860403
5526,test,0,0.026720973
1886,test,0,0.035333235
2002,test,0,0.030177763
4006,test,0,0.026720973
8505,test,0,0.1661382
7347,test,0,0.31353655
6206,test,0,0.030177763
6378,test,0,0.030177763
1127,test,0,0.035333235
10809,test,0,0.030177763
1730,test,0,0.030177763
9737,test,0,0.3426754
755,test,0,0.17767711
4593,test,0,0.036820453
10852,test,0,0.026720973
306,test,0,0.030177763
6221,test,0,0.033383522
1109,test,0,0.033383522
309,test,0,0.030177763
4536,test,0,0.030177763
8405,test,0,0.03860403
3654,test,0,0.033713527
481,test,0,0.030177763
7235,test,0,0.026720973
483,test,0,0.03999736
1139,test,0,0.25137323
1988,test,0,0.030177763
10941,test,0,0.026720973
9391,test,0,0.03213351
10738,test,0,0.057272114
2664,test,0,0.057272114
5673,test,0,0.030177763
10405,test,0,0.035333235
7596,test,0,0.18595357
4682,test,0,0.3551683
6151,test,0,0.118176535
6022,test,0,0.06441962
9781,test,0,0.036820453
2567,test,0,0.029840687
5101,test,0,0.029840687
7073,test,0,0.12488308
8121,test,0,0.129972
6320,test,0,0.033383522
10197,test,0,0.37199715
1439,test,0,0.16041058
7195,test,0,0.035333235
4885,test,0,0.21944384
7388,test,0,0.036203116
7354,test,0,0.033383522
4761,test,0,0.05130504
6003,test,0,0.23036252
4112,test,0,0.038164146
4982,test,0,0.038164146
3573,test,0,0.030177763
3653,test,0,0.041697577
1835,test,0,0.07685023
7483,test,0,0.55786324
7589,test,0,0.031196492
4771,test,0,0.038119853
2389,test,0,0.10349942
495,test,0,0.2146211
4974,test,0,0.34048855
6508,test,0,0.3391371
8236,test,0,0.034312066
5437,test,0,0.02668065
6563,test,0,0.026720973
10462,test,0,0.030177763
10845,test,0,0.026986947
1149,test,0,0.033383522
10315,test,0,0.4970082
4987,test,0,0.30083308
4683,test,0,0.030177763
7081,test,0,0.35762846
8906,test,0,0.028747391
9351,test,0,0.46377057
8272,test,0,0.21105987
10761,test,0,0.02668065
1992,test,0,0.03333349
9150,test,0,0.03158484
3038,test,0,0.026720973
9362,test,0,0.07585551
8243,test,0,0.02668065
4029,test,0,0.033713527
10729,test,0,0.026946235
801,test,0,0.038578942
7584,test,0,0.026720973
6336,test,0,0.027428033
7046,test,0,0.03849354
9434,test,0,0.038164146
1106,test,0,0.03333349
3034,test,0,0.02668065
1691,test,0,0.19166811
2848,test,0,0.42851615
5955,test,0,0.25249827
2644,test,0,0.45792076
3948,test,0,0.036765464
8833,test,0,0.42328945
1755,test,0,0.65485984
9778,test,0,0.26727477
2835,test,0,0.18704122
8512,test,0,0.035280388
4681,test,0,0.028747391
1104,test,0,0.061253708
1554,test,0,0.028747391
8264,test,0,0.48797622
425,test,0,0.2533535
5061,test,0,0.026555587
5435,test,0,0.23917353
8401,test,0,0.045337595
1160,test,0,0.02668065
5827,test,0,0.028747391
10926,test,0,0.028747391
5750,test,0,0.028747391
3446,test,0,0.5737427
900,test,0,0.029719312
6536,test,0,0.028747391
3685,test,0,0.035280388
7042,test,0,0.14427507
6156,test,0,0.02668065
923,test,0,0.06676885
4811,test,0,0.1997396
5310,test,0,0.107462235
7571,test,0,0.27421984
2771,test,0,0.02758468
9253,test,0,0.061253708
7122,test,0,0.06645905
8406,test,0,0.02758468
1727,test,0,0.03100712
4442,test,0,0.20062988
10146,test,0,0.38033867
5348,test,0,0.027399214
5490,test,0,0.06645905
701,test,0,0.06645905
10759,test,0,0.03100712
11048,test,0,0.02668065
891,test,0,0.061253708
2001,test,0,0.03333349
3075,test,0,0.05897715
9246,test,0,0.049281575
6175,test,0,0.028747391
3057,test,0,0.061253708
2089,test,0,0.05897715
2391,test,0,0.282031
9518,test,0,0.049281575
6098,test,0,0.027399214
295,test,0,0.028166141
5532,test,0,0.05897715
7517,test,0,0.04976064
4152,test,0,0.05897715
7238,test,0,0.17900659
1137,test,0,0.17900659
4098,test,0,0.03252401
7585,test,0,0.15210846
6638,test,0,0.035170015
7475,test,0,0.34531757
5679,test,0,0.06645905
7489,test,0,0.029032942
8471,test,0,0.03333349
10309,test,0,0.02668065
9384,test,0,0.038695857
8819,test,0,0.49058127
10312,test,0,0.03220526
5522,test,0,0.027399214
4706,test,0,0.028462036
8900,test,0,0.03220526
1768,test,0,0.03100712
4020,test,0,0.29814827
759,test,0,0.089342035
921,test,0,0.028166141
6458,test,0,0.028462036
1089,test,0,0.23888388
9579,test,0,0.028255178
5347,test,0,0.03205292
4015,test,0,0.03187173
10848,test,0,0.03220526
4444,test,0,0.41166565
8802,test,0,0.039781466
1753,test,0,0.42850077
6377,test,0,0.5128612
2188,test,0,0.1008418
8480,test,0,0.06645905
1833,test,0,0.02860837
10158,test,0,0.06285344
4108,test,0,0.028166141
10815,test,0,0.4552987
3688,test,0,0.05897715
7731,test,0,0.03220526
3368,test,0,0.4286061
2937,test,0,0.07026077
4402,test,0,0.216679
6531,test,0,0.35695183
3067,test,0,0.042649265
7025,test,0,0.0617751
6694,test,0,0.46288645
1739,test,0,0.037472118
10749,test,0,0.02668065
8508,test,0,0.089342035
8683,test,0,0.37411177
3909,test,0,0.10656568
5820,test,0,0.035170015
3947,test,0,0.03537529
2868,test,0,0.05897715
7732,test,0,0.30721042
10595,test,0,0.28783697
9762,test,0,0.2926543
10224,test,0,0.03100712
8103,test,0,0.05897715
4436,test,0,0.17673269
8670,test,0,0.05897715
4790,test,0,0.03422491
4819,test,0,0.02668065
2652,test,0,0.061253708
3950,test,0,0.3154902
8825,test,0,0.02693639
7835,test,0,0.46230483
8403,test,0,0.02668065
3650,test,0,0.03333349
7029,test,0,0.038118593
3908,test,0,0.06581746
6097,test,0,0.22730224
10744,test,0,0.028747391
2932,test,0,0.02668065
3070,test,0,0.061253708
2650,test,0,0.06645905
6685,test,0,0.028462036
9382,test,0,0.33828115
6919,test,0,0.27271035
1442,test,0,0.042929094
7548,test,0,0.05897715
10846,test,0,0.40736946
3035,test,0,0.32877168
2577,test,0,0.05897715
9258,test,0,0.047215145
7184,test,0,0.05897715
10803,test,0,0.028166141
10842,test,0,0.11043915
3901,test,0,0.11043915
10838,test,0,0.03205292
8795,test,0,0.23807324
4016,test,0,0.6035815
2839,test,0,0.05897715
9277,test,0,0.03220526
2578,test,0,0.059595317
7822,test,0,0.035170015
6543,test,0,0.02668065
2672,test,0,0.052015975
1049,test,0,0.027399214
10943,test,0,0.2677795
2707,test,0,0.0730785
8622,test,0,0.035305064
8363,test,0,0.070020944
7188,test,0,0.05897715
2249,test,0,0.06892967
3094,test,0,0.038695857
5082,test,0,0.18468617
5058,test,0,0.028255178
1772,test,0,0.033578224
9388,test,0,0.03100712
5137,test,0,0.061253708
7730,test,0,0.03220526
2472,test,0,0.05897715
3444,test,0,0.028462036
2677,test,0,0.02668065
2580,test,0,0.24395281
8123,test,0,0.05897715
7572,test,0,0.39734036
5525,test,0,0.36499906
1839,test,0,0.37229317
9364,test,0,0.06645905
2841,test,0,0.36913574
5743,test,0,0.03252401
5937,test,0,0.5046023
7591,test,0,0.027399214
756,test,0,0.05897715
1125,test,0,0.10427297
889,test,0,0.47336146
6345,test,0,0.028747391
6537,test,0,0.3653375
2651,test,0,0.06645905
1966,test,0,0.061253708
7669,test,0,0.06645905
754,test,0,0.06967299
7357,test,0,0.028255178
1954,test,0,0.035170015
7340,test,0,0.03537529
7587,test,0,0.15153994
6666,test,0,0.028166141
1153,test,0,0.037849564
6503,test,0,0.042929094
4678,test,0,0.68608093
7481,test,0,0.028462036
6383,test,0,0.027399214
9772,test,0,0.03800434
1124,test,0,0.32293126
1035,test,0,0.065210454
432,test,0,0.037633978
5529,test,0,0.03382271
10835,test,0,0.26127878
10300,test,0,0.02832688
5954,test,0,0.07078405
5499,test,0,0.07263086
8902,test,0,0.13023274
3066,test,0,0.07035735
7832,test,0,0.18770184
5496,test,0,0.23813456
2464,test,0,0.16164853
6499,test,0,0.15166491
7028,test,0,0.07548848
2473,test,0,0.06791157
8260,test,0,0.056247734
11005,test,0,0.056247734
788,test,0,0.0639321
4415,test,0,0.07154016
8107,test,0,0.06315226
795,test,0,0.0639321
7386,test,0,0.040198587
11011,test,0,0.042892084
3106,test,0,0.08695052
10170,test,0,0.052005712
5129,test,0,0.052005712
4475,test,0,0.07705926
10999,test,0,0.077834606
308,test,0,0.05699772
712,test,0,0.056247734
6200,test,0,0.07705926
1140,test,0,0.07705926
7741,test,0,0.05573666
3888,test,0,0.07970639
9433,test,0,0.056551673
7071,test,0,0.07705926
1448,test,0,0.056247734
2564,test,0,0.07865707
10772,test,0,0.11573205
3365,test,0,0.056863543
6017,test,0,0.075551845
9528,test,0,0.07775181
2211,test,0,0.14865842
893,test,0,0.083902426
5457,test,0,0.067060016
6466,test,0,0.056247734
10200,test,0,0.056247734
6266,test,0,0.055996798
1128,test,0,0.054405548
4691,test,0,0.054405548
10043,test,0,0.0664576
6160,test,0,0.14869855
8257,test,0,0.08364149
10478,test,0,0.082903355
805,test,0,0.21945266
8479,test,0,0.08364149
1048,test,0,0.3838265
426,test,0,0.25251248
3017,test,0,0.38862106
4775,test,0,0.07035735
8801,test,0,0.066720575
6907,test,0,0.22584376
7047,test,0,0.29661688
7658,test,0,0.07377485
10214,test,0,0.20573424
8487,test,0,0.07457407
8355,test,0,0.035586137
5427,test,0,0.035586137
384,test,0,0.037885517
4094,test,0,0.05953832
381,test,0,0.035586137
7389,test,0,0.0866726
8244,test,0,0.029687015
9512,test,0,0.029687015
1889,test,0,0.06926724
5828,test,0,0.15953457
4027,test,0,0.07467875
2088,test,0,0.06397243
2078,test,0,0.06620943
7186,test,0,0.04920903
7189,test,0,0.056247734
902,test,0,0.06397243
5819,test,0,0.06397243
5507,test,0,0.06397243
11003,test,0,0.2810728
10005,test,0,0.15702273
4553,test,0,0.23310407
513,test,0,0.071401745
1887,test,0,0.073660664
8864,test,0,0.2328888
9571,test,0,0.11656364
6348,test,0,0.032307133
8854,test,0,0.033395264
10764,test,0,0.1006322
767,test,0,0.03385146
2003,test,0,0.032307133
1547,test,0,0.033650793
10826,test,0,0.02693639
2451,test,0,0.033395264
5070,test,0,0.02693639
796,test,0,0.02693639
3447,test,0,0.032307133
4107,test,0,0.032307133
5515,test,0,0.033084545
6355,test,0,0.033650793
2704,test,0,0.033395264
8398,test,0,0.17959628
6099,test,0,0.02693639
1268,test,0,0.033084545
7290,test,0,0.13333209
9249,test,0,0.09233714
8673,test,0,0.033395264
4011,test,0,0.16091809
4779,test,0,0.071402065
520,test,0,0.032307133
5430,test,0,0.0320062
6196,test,0,0.02693639
1991,test,0,0.21434584
6459,test,0,0.02693639
1456,test,0,0.033084545
3651,test,0,0.032307133
7828,test,0,0.032307133
9485,test,0,0.032307133
1735,test,0,0.24347213
6500,test,0,0.073049225
4979,test,0,0.033395264
10817,test,0,0.02693639
9328,test,0,0.02693639
2470,test,0,0.0320062
8746,test,0,0.06254094
1890,test,0,0.032307133
9745,test,0,0.032307133
1042,test,0,0.15242474
8809,test,0,0.033395264
302,test,0,0.032307133
8658,test,0,0.2384227
9551,test,0,0.0320062
5671,test,0,0.032307133
8869,test,0,0.16541405
6322,test,0,0.10600385
9347,test,0,0.10298845
6470,test,0,0.10032772
7230,test,0,0.0320062
3366,test,0,0.033084545
2200,test,0,0.032307133
6324,test,0,0.029807368
8858,test,0,0.033395264
1762,test,0,0.032307133
8475,test,0,0.02758825
2467,test,0,0.07370666
5824,test,0,0.24714077
322,test,0,0.11613116
5132,test,0,0.071402065
8621,test,0,0.071402065
8108,test,0,0.033084545
7521,test,0,0.071402065
8606,test,0,0.02693639
1162,test,0,0.02693639
3370,test,0,0.11665717
4422,test,0,0.071402065
6349,test,0,0.20884259
3114,test,0,0.033395264
1877,test,0,0.032307133
9780,test,0,0.06254094
9746,test,0,0.032307133
809,test,0,0.06978493
5536,test,0,0.032307133
9514,test,0,0.2610632
4973,test,0,0.19560005
4398,test,0,0.08459469
10768,test,0,0.032307133
2925,test,0,0.032307133
10037,test,0,0.032384127
10722,test,0,0.032384127
10306,test,0,0.02693639
10155,test,0,0.063395865
3374,test,0,0.06397243
9143,test,0,0.03448978
5448,test,0,0.35156754
1085,test,0,0.13660336
9564,test,0,0.04130264
6340,test,0,0.02693639
6112,test,0,0.11545132
2212,test,0,0.04202269
7344,test,0,0.032307133
9588,test,0,0.033650793
881,test,0,0.032307133
3082,test,0,0.032307133
10234,test,0,0.034782555
6565,test,0,0.032307133
1745,test,0,0.13660336
9266,test,0,0.032307133
3113,test,0,0.0650575
9375,test,0,0.032307133
8617,test,0,0.029687015
3563,test,0,0.032307133
6002,test,0,0.17838466
6937,test,0,0.02693639
9486,test,0,0.035586137
2553,test,0,0.11962404
4400,test,0,0.057078376
4468,test,0,0.117244326
6492,test,0,0.20024866
10841,test,0,0.06335587
6089,test,0,0.032748964
2581,test,0,0.032748964
6920,test,0,0.19353718
2561,test,0,0.06397243
6325,test,0,0.31342527
1875,test,0,0.033395264
2191,test,0,0.12387844
10205,test,0,0.0809791
3042,test,0,0.02693639
8273,test,0,0.032307133
3631,test,0,0.02693639
6934,test,0,0.032307133
4826,test,0,0.032307133
7580,test,0,0.23301026
898,test,0,0.032307133
6915,test,0,0.06254094
3912,test,0,0.071402065
301,test,0,0.02693639
8098,test,0,0.04872524
4014,test,0,0.033650793
1253,test,0,0.03448978
8832,test,0,0.02693639
10240,test,0,0.11085745
6211,test,0,0.15166491
10009,test,0,0.09535828
6495,test,0,0.20559399
8736,test,0,0.10064451
10853,test,0,0.15616822
5440,test,0,0.02693639
1040,test,0,0.26537725
525,test,0,0.0926724
8241,test,0,0.032307133
2714,test,0,0.086242355
3566,test,0,0.15052731
3054,test,0,0.040540785
3053,test,0,0.028688285
9573,test,0,0.033650793
8368,test,0,0.1974433
10239,test,0,0.0320062
8680,test,0,0.16060874
3933,test,0,0.02693639
6329,test,0,0.06591675
9336,test,0,0.032307133
5350,test,0,0.02693639
4975,test,0,0.0639321
1129,test,0,0.124246195
10933,test,0,0.02693639
9374,test,0,0.052416373
1783,test,0,0.055996798
7124,test,0,0.0664576
9770,test,0,0.033084545
2074,test,0,0.06397243
373,test,0,0.07377485
7078,test,0,0.032307133
1723,test,0,0.04669418
4813,test,0,0.04130264
8614,test,0,0.07370666
4802,test,0,0.032307133
4890,test,0,0.032307133
6193,test,0,0.052416373
5739,test,0,0.13103853
4580,test,0,0.02693639
1960,test,0,0.056785904
9771,test,0,0.1170345
6094,test,1,0.32054147
1778,test,0,0.24480858
4787,test,0,0.032307133
10818,test,0,0.033650793
3749,test,0,0.21912701
2757,test,0,0.02693639
8507,test,0,0.16425714
8496,test,0,0.09621421
807,test,0,0.032307133
7345,test,0,0.032307133
7546,test,0,0.06397243
6538,test,0,0.029852258
7284,test,0,0.06926724
1999,test,0,0.08364149
4544,test,0,0.06893394
9255,test,0,0.06893044
1451,test,0,0.20062466
2083,test,0,0.054405548
10461,test,0,0.032748964
11009,test,0,0.032748964
3949,test,0,0.15831874
10049,test,0,0.099919945
4768,test,0,0.032307133
8821,test,0,0.08364149
5458,test,0,0.10153712
10726,test,0,0.056247734
2837,test,0,0.056247734
1764,test,0,0.033650793
1118,test,0,0.11606556
11056,test,0,0.02693639
6484,test,0,0.02693639
10779,test,0,0.03711418
5953,test,0,0.02693639
6553,test,0,0.29840893
4125,test,0,0.21320727
9337,test,0,0.09207761
6560,test,0,0.1041169
485,test,0,0.17071748
10763,test,0,0.032307133
7474,test,0,0.032307133
9393,test,0,0.2761086
3020,test,0,0.29431447
3751,test,0,0.06254094
5958,test,0,0.02693639
4113,test,0,0.06254094
4237,test,0,0.032307133
4597,test,0,0.02693639
1771,test,0,0.032307133
3110,test,0,0.032307133
9757,test,0,0.038704924
5514,test,0,0.033650793
6905,test,0,0.059420306
6673,test,0,0.033276256
10396,test,0,0.075322434
10728,test,0,0.13279979
4801,test,0,0.02693639
3503,test,0,0.18021621
1098,test,0,0.03448978
940,test,0,0.13002995
5056,test,0,0.032307133
8826,test,0,0.032307133
2851,test,0,0.08214031
785,test,0,0.02693639
1091,test,0,0.032307133
1150,test,0,0.032307133
1164,test,0,0.110962346
11008,test,0,0.06702842
4676,test,0,0.032307133
8263,test,0,0.031097107
3033,test,0,0.032307133
10600,test,0,0.032307133
10719,test,0,0.14255613
2842,test,0,0.16352847
1963,test,0,0.2768557
5060,test,0,0.20272978
10162,test,0,0.032307133
6346,test,0,0.2705638
11050,test,0,0.028832655
6555,test,0,0.02693639
7337,test,0,0.032307133
1829,test,0,0.032307133
7820,test,0,0.056247734
3099,test,0,0.056247734
1266,test,0,0.032748964
7327,test,0,0.02693639
1834,test,0,0.032307133
2465,test,0,0.032307133
10734,test,0,0.02693639
8823,test,0,0.032307133
10594,test,0,0.032307133
10782,test,0,0.11405703
9380,test,0,0.033650793
2766,test,0,0.16051178
6486,test,0,0.19733316
3944,test,0,0.02693639
1827,test,0,0.029852258
8637,test,0,0.30877084
8903,test,0,0.03711418
6477,test,0,0.02693639
1269,test,0,0.032307133
489,test,0,0.2852323
1263,test,0,0.3077295
5351,test,0,0.038886115
2872,test,0,0.04130264
8247,test,0,0.032307133
6511,test,0,0.033395264
6539,test,0,0.038886115
700,test,0,0.05132513
9593,test,0,0.21589938
4404,test,0,0.075848654
10762,test,0,0.02693639
945,test,0,0.032307133
6222,test,0,0.032307133
3441,test,0,0.032307133
2663,test,0,0.032307133
10145,test,0,0.032307133
431,test,0,0.18649477
6205,test,0,0.13187957
918,test,0,0.07377485
5672,test,0,0.15569125
10242,test,0,0.02693639
7581,test,0,0.02693639
1157,test,0,0.032307133
7035,test,0,0.09207761
9575,test,0,0.03711418
8490,test,0,0.085184954
6000,test,0,0.071402065
4120,test,0,0.02693639
1121,test,0,0.032626845
5736,test,0,0.032307133
8266,test,0,0.08364149
1428,test,0,0.0800535
4704,test,0,0.06397243
10769,test,0,0.02693639
4818,test,0,0.056247734
6158,test,0,0.21793018
1152,test,0,0.02693639
2075,test,0,0.029687015
6150,test,0,0.30842787
314,test,0,0.13402016
6446,test,0,0.16721414
4679,test,0,0.22293691
8390,test,0,0.25386557
7318,test,0,0.02693639
1537,test,0,0.17094569
4018,test,0,0.2705638
8262,test,0,0.02693639
7102,test,0,0.032307133
3049,test,0,0.033395264
1264,test,0,0.032307133
2666,test,0,0.032307133
10475,test,0,0.07204137
2938,test,0,0.02693639
6490,test,0,0.033650793
3918,test,0,0.24713436
1126,test,0,0.25305456
4783,test,0,0.02693639
8830,test,0,0.027875884
6535,test,0,0.03711418
4700,test,0,0.02693639
9264,test,0,0.032626845
1845,test,0,0.032307133
9275,test,0,0.02693639
6904,test,0,0.02693639
2455,test,0,0.10733528
9155,test,0,0.032748964
4788,test,0,0.032307133
9267,test,0,0.032307133
4794,test,0,0.324677
6192,test,0,0.027204448
10165,test,0,0.067060016
6548,test,0,0.02693639
7187,test,0,0.06397243
8246,test,0,0.038886115
10836,test,0,0.02693639
6201,test,0,0.02693639
8489,test,0,0.10019829
5518,test,0,0.06314034
8679,test,0,0.071402065
10766,test,0,0.056247734
323,test,0,0.056247734
1751,test,0,0.033650793
6104,test,0,0.02693639
5079,test,0,0.029214785
9768,test,0,0.02693639
1271,test,0,0.03372537
6552,test,0,0.13827553
3632,test,0,0.032307133
4692,test,0,0.033650793
6182,test,0,0.027848838
9352,test,0,0.029689956
4474,test,0,0.26911256
522,test,0,0.073660664
4798,test,0,0.02693639
1148,test,0,0.071402065
4247,test,0,0.02693639
7573,test,0,0.032307133
6534,test,0,0.032307133
793,test,0,0.02693639
10740,test,0,0.032307133
6692,test,0,0.10855749
4124,test,0,0.02693639
7132,test,0,0.0809791
7356,test,0,0.08596682
3100,test,0,0.033395264
7748,test,0,0.032307133
7087,test,0,0.032626845
10217,test,0,0.032307133
10831,test,0,0.032307133
1997,test,0,0.032307133
5345,test,0,0.032307133
5353,test,0,0.032748964
5740,test,0,0.033650793
7342,test,0,0.032307133
1996,test,0,0.119687915
56,test,0,0.17135435
6341,test,0,0.02693639
5950,test,0,0.15069148
10346,test,0,0.06558809
427,test,0,0.032307133
4406,test,0,0.2844566
5077,test,0,0.032307133
4472,test,0,0.1673944
7079,test,0,0.032307133
330,test,0,0.071402065
6204,test,0,0.19638674
6188,test,0,0.032307133
9584,test,0,0.24981888
2929,test,0,0.033650793
6333,test,0,0.027204448
7583,test,0,0.067060016
3093,test,0,0.033650793
3686,test,0,0.1374036
8253,test,0,0.30877084
9496,test,0,0.10282059
4233,test,0,0.032307133
1250,test,0,0.03711418
6381,test,0,0.21065438
3112,test,0,0.032307133
5357,test,0,0.0809791
487,test,0,0.02693639
5521,test,0,0.032307133
911,test,0,0.3355148
10942,test,0,0.032626845
1541,test,0,0.02693639
9153,test,0,0.032626845
1847,test,0,0.02693639
8396,test,0,0.26121724
905,test,0,0.21801965
3570,test,0,0.032307133
5746,test,0,0.027306845
6939,test,0,0.032307133
10927,test,0,0.03448978
10473,test,0,0.032307133
1758,test,0,0.032626845
8249,test,0,0.07070186
2471,test,0,0.032307133
8477,test,0,0.032626845
10477,test,0,0.032307133
2466,test,0,0.23427333
1682,test,0,0.07370666
9348,test,0,0.032307133
1534,test,0,0.35068154
429,test,0,0.032626845
8491,test,0,0.032307133
5429,test,0,0.032626845
3039,test,0,0.03448978
7735,test,0,0.1896553
8393,test,0,0.03711418
7811,test,0,0.032307133
3560,test,0,0.032307133
9586,test,0,0.032307133
7095,test,0,0.032307133
8862,test,0,0.090658434
9429,test,0,0.029687015
4577,test,0,0.029687015
7537,test,0,0.15918241
3438,test,0,0.032307133
1145,test,0,0.02693639
8798,test,0,0.03372537
4804,test,0,0.032307133
7239,test,0,0.032307133
9329,test,0,0.117049485
10739,test,0,0.02693639
9760,test,0,0.02693639
1052,test,0,0.22678214
4784,test,0,0.033650793
6684,test,0,0.09207761
9359,test,0,0.07377485
4122,test,0,0.02693639
2761,test,0,0.032307133
7350,test,0,0.032307133
10206,test,0,0.029687015
1044,test,0,0.04351121
385,test,0,0.27331966
2397,test,0,0.16272391
3028,test,0,0.038886115
1086,test,0,0.02693639
4529,test,0,0.25803992
1057,test,0,0.02693639
8790,test,0,0.06397243
9759,test,0,0.02693639
8817,test,0,0.070818305
2843,test,0,0.09012235
4602,test,0,0.034830317
3630,test,0,0.02693639
10460,test,0,0.02693639
9392,test,0,0.02693639
6451,test,0,0.032307133
9494,test,0,0.029687015
8815,test,0,0.032748964
1550,test,0,0.02693639
4762,test,0,0.04130264
8486,test,0,0.17799193
7733,test,0,0.032307133
6103,test,0,0.02693639
8678,test,0,0.24769197
6518,test,0,0.28315523
7248,test,0,0.25410604
800,test,0,0.032307133
4245,test,0,0.033650793
6342,test,0,0.032307133
6668,test,0,0.02693639
5680,test,0,0.06397243
3889,test,0,0.032384127
4699,test,0,0.032384127
8122,test,0,0.033395264
3080,test,0,0.15766656
2658,test,0,0.032080594
10302,test,0,0.032307133
5745,test,0,0.02693639
6542,test,0,0.22127002
10721,test,0,0.033650793
7359,test,0,0.02693639
6476,test,0,0.033650793
7361,test,0,0.06978493
937,test,0,0.03607116
5944,test,0,0.06339561
8365,test,0,0.07150259
10231,test,0,0.23308215
6090,test,0,0.033650793
9775,test,0,0.055464484
1766,test,0,0.02693639
7129,test,0,0.10511976
741,test,0,0.35723433
907,test,0,0.16413255
7471,test,0,0.15742421
418,test,0,0.20488392
10806,test,0,0.13402016
1746,test,0,0.02693639
8904,test,0,0.12074198
4552,test,0,0.032307133
5086,test,0,0.101699255
4480,test,0,0.032307133
6111,test,0,0.11083865
3087,test,0,0.02693639
9582,test,0,0.02693639
1449,test,0,0.14913559
3765,test,0,0.032307133
9135,test,0,0.032307133
10939,test,0,0.02693639
2942,test,0,0.056247734
5355,test,0,0.02693639
1780,test,0,0.02693639
8831,test,0,0.17022203
6569,test,0,0.028832655
1538,test,0,0.16017424
9152,test,0,0.1568849
3044,test,0,0.22909704
6183,test,0,0.033650793
2669,test,0,0.02693639
4007,test,0,0.033650793
11007,test,0,0.08364149
5302,test,0,0.10179448
7579,test,0,0.02693639
1545,test,0,0.032307133
8277,test,0,0.052416373
9773,test,0,0.02693639
6166,test,0,0.032748964
5945,test,0,0.029082125
1099,test,0,0.032307133
7291,test,0,0.09036974
5063,test,0,0.2666014
9442,test,0,0.071402065
10474,test,0,0.06254094
6374,test,0,0.032307133
6108,test,0,0.04278904
10750,test,0,0.02693639
419,test,0,0.032307133
7319,test,0,0.032307133
3923,test,0,0.24352841
1047,test,0,0.1478743
4030,test,0,0.032307133
10742,test,0,0.029082125
6689,test,0,0.032307133
4810,test,0,0.033650793
9438,test,0,0.032307133
2680,test,0,0.032307133
5438,test,0,0.028832655
8917,test,0,0.032307133
1116,test,0,0.032307133
10936,test,0,0.032307133
2882,test,0,0.032626845
3076,test,0,0.22892673
8242,test,0,0.033395264
3046,test,0,0.117049485
7539,test,0,0.027204448
3634,test,0,0.26121527
6912,test,0,0.032307133
808,test,0,0.075848654
6674,test,0,0.03448978
10767,test,0,0.14585237
5072,test,0,0.03711418
7038,test,0,0.14220776
3019,test,0,0.052416373
7738,test,0,0.09581799
8728,test,0,0.23960415
7328,test,0,0.032307133
1685,test,0,0.032307133
1255,test,0,0.028832655
9437,test,0,0.06827235
10310,test,0,0.032626845
4025,test,0,0.032307133
7744,test,0,0.02693639
6208,test,0,0.02693639
1054,test,0,0.033650793
6634,test,0,0.10019829
3641,test,0,0.033395264
7524,test,0,0.045150008
4550,test,0,0.074404575
6923,test,0,0.032307133
5957,test,0,0.02693639
7737,test,0,0.02693639
3102,test,0,0.27968404
1841,test,0,0.02693639
377,test,0,0.032626845
4827,test,0,0.032626845
10199,test,0,0.15687379
8737,test,0,0.029082125
4760,test,0,0.032307133
10851,test,0,0.032307133
3068,test,0,0.032307133
6152,test,0,0.032307133
6472,test,0,0.02693639
11052,test,0,0.03711418
1844,test,0,0.049828302
9338,test,0,0.033650793
10781,test,0,0.15245396
1779,test,0,0.032307133
9144,test,0,0.02693639
10052,test,0,0.073660664
2945,test,0,0.02693639
7742,test,0,0.032307133
9141,test,0,0.032307133
2681,test,0,0.03711418
6274,test,0,0.032307133
7082,test,0,0.032307133
7358,test,0,0.106577106
6184,test,0,0.031947058
6102,test,0,0.02693639
6479,test,0,0.032307133
10303,test,0,0.2024701
9767,test,0,0.058926973
4600,test,0,0.027306845
10227,test,0,0.029082125
7034,test,0,0.20272978
1163,test,0,0.033650793
10459,test,0,0.14659807
8870,test,0,0.10314813
9136,test,0,0.0639321
10932,test,0,0.02693639
1776,test,0,0.032307133
6225,test,0,0.036702562
10811,test,0,0.032307133
4130,test,0,0.033650793
4453,test,0,0.2705638
6925,test,0,0.032307133
6693,test,0,0.02693639
7746,test,0,0.033650793
6107,test,0,0.033276256
8899,test,0,0.02693639
297,test,0,0.02693639
10313,test,0,0.14917476
4126,test,0,0.032307133
6686,test,0,0.032307133
6462,test,0,0.067060016
8624,test,0,0.067060016
1419,test,0,0.03372537
310,test,0,0.033650793
7468,test,0,0.12848437
8796,test,0,0.117049485
3056,test,0,0.033650793
6191,test,0,0.29730865
1556,test,0,0.033650793
2390,test,0,0.18936
10752,test,0,0.032307133
1987,test,0,0.033650793
4814,test,0,0.032307133
11047,test,0,0.18354312
1532,test,0,0.03448978
7570,test,0,0.02693639
5097,test,0,0.02693639
9552,test,0,0.032626845
9430,test,0,0.03607116
10464,test,0,0.059484325
9332,test,0,0.02693639
9278,test,0,0.056247734
9381,test,0,0.24656165
6018,test,0,0.069253996
10584,test,0,0.031097107
6631,test,0,0.032307133
4773,test,0,0.032307133
7322,test,0,0.228185
4705,test,0,0.02693639
6119,test,0,0.22661203
7282,test,0,0.061538447
5103,test,0,0.03711418
6677,test,0,0.032307133
6220,test,0,0.032307133
4017,test,0,0.02693639
8824,test,0,0.02693639
8265,test,0,0.038886115
4824,test,0,0.032307133
2457,test,0,0.056247734
1535,test,0,0.032307133
1962,test,0,0.058926973
4685,test,0,0.058926973
3571,test,0,0.117049485
1576,test,0,0.21004923
10587,test,0,0.02693639
6540,test,0,0.13402016
8492,test,0,0.0639321
4028,test,0,0.0639321
4095,test,0,0.13872327
10468,test,0,0.032307133
4596,test,0,0.24574806
3504,test,0,0.03372537
5078,test,0,0.02693639
10998,test,0,0.071402065
10717,test,0,0.027848838
422,test,0,0.25248054
7664,test,0,0.27013707
1438,test,0,0.05187982
4026,test,0,0.05187982
9432,test,0,0.07656208
3896,test,0,0.17304821
4019,test,0,0.032307133
4594,test,0,0.032307133
10735,test,0,0.032307133
7321,test,0,0.032307133
4687,test,0,0.033650793
10837,test,0,0.032307133
6164,test,0,0.032307133
7093,test,0,0.11083865
10457,test,0,0.032307133
5436,test,0,0.17940736
3448,test,0,0.02693639
6171,test,0,0.033650793
7390,test,0,0.12890464
1549,test,0,0.032307133
4823,test,0,0.033395264
2774,test,0,0.032307133
5423,test,0,0.032307133
6373,test,0,0.032307133
9349,test,0,0.032307133
1120,test,0,0.02693639
2764,test,0,0.26929507
1043,test,0,0.03711418
10760,test,0,0.26427168
4586,test,0,0.38359678
6323,test,0,0.032307133
3575,test,0,0.18317457
7086,test,0,0.02693639
8259,test,0,0.02693639
7183,test,0,0.032307133
3648,test,0,0.032307133
3108,test,0,0.02693639
7092,test,0,0.02693639
4012,test,0,0.056247734
3090,test,0,0.02693639
4780,test,0,0.02693639
4117,test,0,0.11083865
6516,test,0,0.032307133
9274,test,0,0.16254036
8461,test,0,0.16413255
4023,test,0,0.033395264
6478,test,0,0.032307133
2767,test,0,0.02693639
10469,test,0,0.032626845
1108,test,0,0.029082125
6021,test,0,0.0639321
6088,test,0,0.056247734
9562,test,0,0.056247734
6910,test,0,0.21227056
1726,test,0,0.032748964
1769,test,0,0.02693639
515,test,0,0.032307133
6454,test,0,0.228185
3037,test,0,0.032307133
4587,test,0,0.31505674
6262,test,0,0.1432582
6467,test,0,0.02693639
312,test,0,0.23427333
8630,test,0,0.032307133
4799,test,0,0.02693639
3767,test,0,0.19116497
4889,test,0,0.06185473
2844,test,0,0.06185473
4584,test,0,0.02693639
3021,test,0,0.23283637
926,test,0,0.032307133
9756,test,0,0.032748964
5406,test,0,0.032748964
1262,test,0,0.037479624
9376,test,0,0.032307133
7287,test,0,0.18271261
3079,test,0,0.02693639
3932,test,0,0.032307133
9341,test,0,0.032307133
4483,test,0,0.02693639
10776,test,0,0.032307133
6263,test,0,0.06397243
4106,test,0,0.032307133
8740,test,0,0.032626845
2225,test,0,0.09890975
6927,test,0,0.027204448
10730,test,0,0.032307133
1113,test,0,0.21518548
10808,test,0,0.032307133
6933,test,0,0.032626845
7236,test,0,0.07035735
6128,test,0,0.123119235
6025,test,0,0.074404575
7577,test,0,0.032307133
5441,test,0,0.02693639
294,test,0,0.038886115
8261,test,0,0.02693639
4680,test,0,0.032307133
3043,test,0,0.2768557
5511,test,0,0.033650793
10751,test,0,0.20989168
7339,test,0,0.027848838
3040,test,0,0.032307133
8611,test,0,0.032307133
10403,test,0,0.032626845
3018,test,0,0.08266429
4127,test,0,0.02693639
8132,test,0,0.071402065
3032,test,0,0.02693639
1155,test,0,0.032307133
6556,test,0,0.032307133
8908,test,0,0.032307133
5139,test,0,0.13187957
2940,test,0,0.032307133
794,test,0,0.032307133
6502,test,0,0.3549196
2585,test,0,0.032307133
7323,test,0,0.032307133
6190,test,0,0.058926973
10727,test,0,0.02693639
10819,test,0,0.23456088
7582,test,0,0.032307133
10348,test,0,0.029687015
6173,test,0,0.02693639
8910,test,0,0.032307133
9516,test,0,0.2616172
7033,test,0,0.072079845
6224,test,0,0.032307133
5425,test,0,0.032307133
10754,test,0,0.18202995
7243,test,0,0.033395264
10038,test,0,0.092520975
6203,test,0,0.1041169
7574,test,0,0.06254094
9372,test,0,0.13596785
6447,test,0,0.031097107
4419,test,0,0.04130264
8822,test,0,0.02693639
8469,test,0,0.032307133
5432,test,0,0.032307133
10934,test,0,0.032307133
8828,test,0,0.2844833
8859,test,0,0.103624806
2684,test,0,0.033650793
305,test,0,0.032307133
8808,test,0,0.08596682
10305,test,0,0.0809791
10467,test,0,0.02693639
428,test,0,0.02693639
433,test,0,0.02693639
1122,test,0,0.02693639
5832,test,0,0.032307133
8402,test,0,0.032307133
7126,test,0,0.08195636
10813,test,0,0.1512418
4450,test,0,0.06185473
9492,test,0,0.06185473
9353,test,0,0.2926127
7355,test,0,0.02693639
1830,test,0,0.2768557
10471,test,0,0.027306845
2711,test,0,0.032626845
9487,test,0,0.07370666
10035,test,0,0.17803478
5301,test,0,0.2024701
8459,test,0,0.358184
8866,test,0,0.03372537
9580,test,0,0.16879092
6110,test,0,0.033276256
9592,test,0,0.02693639
10824,test,0,0.02693639
1756,test,0,0.032307133
2674,test,0,0.032307133
920,test,0,0.032307133
5742,test,0,0.1257692
293,test,0,0.02693639
7096,test,0,0.032307133
492,test,0,0.18997407
10924,test,0,0.032307133
2214,test,0,0.06397243
9356,test,0,0.30964538
1146,test,0,0.02693639
313,test,0,0.02693639
4789,test,0,0.032307133
7734,test,0,0.032307133
10307,test,0,0.16120511
9385,test,0,0.033650793
6559,test,0,0.034782555
5346,test,0,0.032307133
6568,test,0,0.032307133
10731,test,0,0.032307133
8625,test,0,0.08364149
934,test,0,0.08364149
1452,test,0,0.059004728
4595,test,0,0.059004728
7341,test,0,0.032307133
4013,test,0,0.15761198
8250,test,0,0.032307133
9764,test,0,0.02693639
10299,test,0,0.21320593
8278,test,0,0.02693639
2671,test,0,0.029082125
7740,test,0,0.02693639
3511,test,0,0.03372537
4118,test,0,0.02693639
3951,test,0,0.032307133
4541,test,0,0.032307133
6680,test,0,0.058560904
1096,test,0,0.14193363
1883,test,0,0.03607116
6463,test,0,0.032307133
3107,test,0,0.032307133
10996,test,0,0.074404575
5424,test,0,0.117262825
4470,test,0,0.05141707
1110,test,0,0.056247734
3437,test,0,0.02693639
784,test,0,0.027848838
1843,test,0,0.032307133
3647,test,0,0.033650793
3077,test,0,0.02693639
4090,test,0,0.08316771
4777,test,0,0.032307133
1453,test,0,0.033395264
4234,test,0,0.032307133
7576,test,0,0.032307133
10204,test,0,0.36322165
8096,test,0,0.030635588
10207,test,0,0.34201315
10339,test,0,0.23842913
10209,test,0,0.116830535
2445,test,0,0.23842913
10344,test,0,0.23842913
8095,test,0,0.03545355
7067,test,0,0.2432172
9373,test,1,0.96919495
3902,test,0,0.03578569
8483,test,0,0.23842913
8498,test,0,0.03545355
5358,test,1,0.9612776
3758,test,0,0.11202651
10087,test,1,0.96802604
369,test,0,0.14994612
3322,test,1,0.9700988
1497,test,0,0.03545355
2236,test,0,0.03545355
8175,test,0,0.03545355
145,test,0,0.23842913
141,test,0,0.03545355
2245,test,0,0.23842913
1318,test,0,0.16385475
1508,test,0,0.03578569
7642,test,0,0.23842913
575,test,0,0.23842913
223,test,1,0.96797633
7265,test,1,0.92884034
3592,test,0,0.07536753
8370,test,0,0.11202651
1191,test,0,0.23842913
5763,test,0,0.23842913
10774,test,1,0.94743
6267,test,0,0.03545355
10604,test,1,0.94836015
9368,test,0,0.14994612
3913,test,0,0.21450913
7054,test,0,0.23842913
7491,test,0,0.36322165
3371,test,0,0.22196735
3050,test,1,0.8102252
7329,test,1,0.95020646
1733,test,1,0.9680549
5495,test,0,0.6867211
5503,test,0,0.23842913
2213,test,0,0.22196735
1444,test,0,0.16747458
2206,test,0,0.03545355
6155,test,1,0.97007173
1420,test,0,0.36322165
1950,test,0,0.030884152
1424,test,0,0.20486626
7586,test,1,0.97007173
1888,test,0,0.18294908
9526,test,0,0.03578569
5669,test,0,0.3322439
2250,test,0,0.36322165
4713,test,0,0.14994612
3972,test,0,0.23842913
279,test,1,0.96605533
5545,test,1,0.96899104
5794,test,0,0.29783335
10294,test,0,0.36322165
2740,test,0,0.03545355
10795,test,0,0.23842913
5199,test,0,0.15343885
10286,test,0,0.12766264
9240,test,0,0.30733174
6237,test,0,0.16077375
10330,test,0,0.13117495
10913,test,0,0.047771193
5324,test,0,0.07087782
9729,test,0,0.32840067
191,test,0,0.16145743
5570,test,0,0.5376729
6739,test,0,0.31149182
9616,test,0,0.08316771
5167,test,0,0.42611694
10529,test,0,0.28099462
5596,test,0,0.17354704
2739,test,0,0.18539374
1371,test,0,0.37946895
10707,test,0,0.2768557
2058,test,0,0.2065691
6840,test,0,0.27149698
622,test,0,0.06097416
8719,test,0,0.13995653
1232,test,0,0.23926194
95,test,0,0.105140574
7217,test,0,0.20272978
2265,test,0,0.4137915
5974,test,0,0.28704274
2123,test,0,0.26743326
6233,test,0,0.08957838
10797,test,0,0.32251513
8703,test,0,0.18795232
7873,test,0,0.076022774
1599,test,0,0.1254305
8561,test,0,0.24110202
9849,test,0,0.23667867
9316,test,0,0.03396095
1617,test,0,0.19193986
9318,test,0,0.17829855
10642,test,0,0.039404348
7414,test,0,0.1459746
8875,test,0,0.15495525
5547,test,0,0.2117065
8699,test,0,0.22908367
8714,test,0,0.18761113
10710,test,0,0.20570375
4259,test,0,0.3986691
3489,test,0,0.026833607
2010,test,0,0.34557012
3529,test,0,0.08010496
8,test,0,0.4408582
2169,test,0,0.06333737
247,test,0,0.30722192
3658,test,0,0.04667889
3120,test,0,0.32252494
2007,test,0,0.2617608
4042,test,0,0.21335103
2057,test,0,0.20117739
3541,test,0,0.5364472
7272,test,0,0.29584265
5185,test,0,0.5180068
8760,test,0,0.19546403
5269,test,0,0.41111717
2747,test,0,0.27367473
7222,test,0,0.3702592
3484,test,0,0.04641901
2913,test,0,0.45996803
9808,test,0,0.21895617
9733,test,0,0.7738382
1197,test,0,0.07422813
2262,test,0,0.31552783
9042,test,0,0.5364472
8525,test,0,0.061253708
5965,test,0,0.052015975
9218,test,0,0.14119434
5803,test,0,0.06645905
7367,test,0,0.06645905
9530,test,0,0.22771077
112,test,0,0.31238833
7922,test,0,0.05007346
3235,test,0,0.27218518
7001,test,0,0.20076017
9059,test,0,0.30360347
6709,test,0,0.32357144
1523,test,0,0.19661418
8931,test,0,0.21557872
818,test,0,0.32463947
6033,test,0,0.34700143
2009,test,0,0.31182644
6582,test,0,0.058745064
2097,test,0,0.109781496
3605,test,0,0.032307133
9229,test,0,0.25440717
9734,test,0,0.13527857
1235,test,0,0.10179448
3195,test,0,0.11297029
1393,test,0,0.13872327
1628,test,0,0.2982849
9841,test,0,0.11008332
4619,test,0,0.14518811
1527,test,0,0.093350224
1385,test,0,0.09381254
10190,test,0,0.06893394
7899,test,0,0.03054094
3793,test,0,0.17511469
10539,test,0,0.097016476
3216,test,0,0.061001997
6975,test,0,0.056514602
7855,test,0,0.19512326
839,test,0,0.21873017
1659,test,0,0.16829613
2125,test,0,0.17944029
9067,test,0,0.07103836
10554,test,0,0.073660664
10652,test,0,0.20320801
8228,test,0,0.16866331
2887,test,0,0.21142504
1236,test,0,0.1358851
9830,test,0,0.0976018
631,test,0,0.08668283
3016,test,0,0.08781895
8653,test,0,0.18882088
3137,test,0,0.16826774
9884,test,0,0.21223928
7706,test,0,0.11127333
9048,test,0,0.07972403
8055,test,0,0.24457918
10361,test,0,0.2334207
6235,test,0,0.13450913
3796,test,0,0.07196144
8017,test,0,0.19136551
9599,test,0,0.30489543
6082,test,0,0.25660646
5541,test,0,0.051727995
634,test,0,0.029719312
2124,test,0,0.22213233
9891,test,0,0.061253708
8640,test,0,0.4137915
10323,test,0,0.2662967
2485,test,0,0.06397243
5693,test,0,0.07099661
4189,test,0,0.36278734
3116,test,0,0.3742084
12,test,0,0.16922648
609,test,0,0.3689637
3229,test,0,0.38368985
4631,test,0,0.21793018
10335,test,0,0.32713068
9221,test,0,0.058347307
7764,test,0,0.06397243
10062,test,0,0.10179448
621,test,0,0.21867323
5559,test,0,0.3040464
7988,test,0,0.052740052
8994,test,0,0.13322291
2385,test,0,0.056247734
8945,test,0,0.22293691
9839,test,0,0.0611746
3,test,0,0.20175898
2103,test,0,0.03741741
9202,test,0,0.28796625
8928,test,0,0.51286584
3381,test,0,0.071402065
10133,test,0,0.18402357
8056,test,0,0.29202855
5990,test,0,0.12430649
8580,test,0,0.3910091
1707,test,0,0.24797525
5474,test,0,0.037052546
9619,test,0,0.14615642
7761,test,0,0.2129418
8713,test,0,0.21557997
2144,test,0,0.027204448
7271,test,0,0.056247734
9903,test,0,0.112214014
3769,test,0,0.35956898
8920,test,0,0.18376535
10527,test,0,0.35275108
3453,test,0,0.028819213
3005,test,0,0.056247734
394,test,0,0.087257296
2438,test,0,0.04971453
10180,test,0,0.1763788
6241,test,0,0.2621197
396,test,0,0.05508034
3886,test,0,0.06397243
7876,test,0,0.07495837
195,test,0,0.036203116
6982,test,0,0.13064516
10918,test,0,0.17743671
4341,test,0,0.1758811
10495,test,0,0.15134278
1519,test,0,0.120303445
2488,test,0,0.20186448
10182,test,0,0.06397243
9883,test,0,0.068033755
8046,test,0,0.1220685
681,test,0,0.09540851
1705,test,0,0.26911256
2033,test,0,0.13170905
3181,test,0,0.18966636
5772,test,0,0.037988365
1865,test,1,0.464011
2979,test,0,0.10026565
7756,test,0,0.13919644
9322,test,0,0.052015975
691,test,0,0.1609066
10175,test,0,0.07563488
2051,test,0,0.099919945
4180,test,0,0.029687015
3297,test,0,0.23329929
7173,test,0,0.30334592
3206,test,0,0.028297812
2999,test,0,0.057272114
8094,test,0,0.057272114
272,test,0,0.10311528
10980,test,0,0.44392192
6967,test,0,0.085856356
6300,test,0,0.123942696
6041,test,0,0.052015975
3883,test,0,0.05897715
7370,test,0,0.06397243
8522,test,0,0.2449585
389,test,0,0.100867115
819,test,0,0.029687015
8716,test,0,0.06549601
4573,test,0,0.032080594
7170,test,0,0.052958533
401,test,0,0.10094949
8378,test,0,0.07375009
4052,test,0,0.071795896
5977,test,0,0.05691224
10292,test,0,0.11205966
4394,test,0,0.08266429
2970,test,0,0.13459523
4251,test,0,0.19151008
8452,test,0,0.17331053
7887,test,0,0.103624806
1525,test,0,0.073660664
5805,test,0,0.071402065
4566,test,0,0.06397243
2354,test,0,0.08840128
3377,test,0,0.042929094
5975,test,0,0.08442145
7861,test,0,0.19468942
3783,test,0,0.059383526
2431,test,0,0.19382009
3286,test,0,0.06893394
2298,test,0,0.06397243
9107,test,0,0.06397243
9078,test,0,0.17022203
5770,test,0,0.056247734
4051,test,0,0.2935471
7262,test,0,0.028255178
9300,test,0,0.19000584
9615,test,0,0.06397243
4254,test,0,0.0391833
2137,test,0,0.19474861
692,test,0,0.1027776
3522,test,0,0.32601488
11025,test,0,0.1006322
3211,test,0,0.10939106
6710,test,0,0.1885373
10552,test,0,0.06893394
1517,test,0,0.15634689
9655,test,0,0.032307133
5706,test,0,0.04252432
6733,test,0,0.056247734
2114,test,0,0.12841254
2264,test,0,0.08846022
8535,test,0,0.0809791
9055,test,0,0.19484587
3202,test,0,0.06397243
5982,test,0,0.06397243
9895,test,0,0.17751502
3655,test,0,0.3388499
1667,test,0,0.06469905
1246,test,0,0.123144224
9906,test,0,0.14193363
114,test,0,0.07972403
7894,test,0,0.20320801
10187,test,0,0.19670032
2021,test,0,0.16413255
3801,test,0,0.10431101
1515,test,0,0.06397243
8519,test,0,0.06397243
3774,test,0,0.13518319
7177,test,0,0.06397243
8377,test,0,0.06397243
9934,test,0,0.06397243
3179,test,0,0.18459892
2091,test,0,0.07089016
6078,test,0,0.06645905
11021,test,0,0.035170015
9223,test,0,0.16664909
4649,test,0,0.06397243
8059,test,0,0.22339016
1675,test,0,0.16177474
2735,test,0,0.06397243
2415,test,0,0.20287652
2490,test,0,0.12285324
9869,test,0,0.38512504
3516,test,0,0.056247734
7864,test,0,0.073660664
4310,test,0,0.06893394
1587,test,0,0.041932207
3391,test,0,0.35589382
9620,test,0,0.17262112
9550,test,0,0.06771031
5985,test,0,0.035170015
2884,test,0,0.071402065
5188,test,0,0.033427514
4494,test,0,0.06397243
6084,test,0,0.3310979
9402,test,0,0.06397243
4040,test,0,0.26691115
7377,test,0,0.06397243
10483,test,0,0.2621927
8751,test,0,0.2057369
2749,test,0,0.30083308
7270,test,0,0.102582686
7897,test,0,0.03333349
10987,test,0,0.10453919
5707,test,0,0.14622092
5327,test,0,0.056247734
8012,test,0,0.056247734
9954,test,0,0.03372537
1624,test,0,0.026720973
8583,test,0,0.14472592
8346,test,0,0.1360034
10447,test,0,0.041932207
8088,test,0,0.19942862
10488,test,0,0.37100792
8300,test,0,0.2429278
9217,test,0,0.5097933
10484,test,0,0.33737022
1819,test,0,0.19553746
4143,test,0,0.32125375
989,test,0,0.25215188
9324,test,0,0.16918418
10487,test,0,0.32447362
7178,test,0,0.072079845
9232,test,0,0.050607055
1184,test,0,0.07457407
1389,test,0,0.056247734
602,test,0,0.083902426
2269,test,0,0.08099392
3010,test,0,0.06397243
7624,test,0,0.09183564
4249,test,0,0.15819833
4397,test,0,0.07370666
4572,test,0,0.07370666
8984,test,0,0.02693639
7399,test,0,0.15951526
2377,test,0,0.21900934
9238,test,0,0.06397243
122,test,0,0.030094143
2435,test,0,0.06397243
3875,test,0,0.06397243
4501,test,0,0.06397243
2434,test,0,0.06893394
4426,test,0,0.06397243
1394,test,0,0.089904055
2894,test,0,0.06397243
5801,test,0,0.06397243
9081,test,0,0.08642526
6589,test,0,0.30718997
8341,test,0,0.12660667
4312,test,0,0.21547358
7435,test,0,0.34407368
8226,test,0,0.06683541
6083,test,0,0.25642866
8980,test,0,0.028166141
5182,test,0,0.02832688
618,test,0,0.037988365
1709,test,0,0.15236838
1514,test,0,0.09130568
184,test,0,0.075551845
8455,test,0,0.21885799
2484,test,0,0.032307133
7417,test,0,0.029687015
9298,test,0,0.11297029
9843,test,0,0.02693639
4182,test,0,0.02693639
10056,test,0,0.06397243
2421,test,0,0.16695054
8654,test,0,0.10094949
5798,test,0,0.30890194
5598,test,0,0.06185473
10533,test,0,0.15677723
10860,test,0,0.15224248
2113,test,0,0.39910915
3599,test,0,0.06567052
8064,test,0,0.17848796
838,test,0,0.2374715
9307,test,0,0.041697577
8977,test,0,0.20022346
3395,test,0,0.36398485
7767,test,0,0.09463745
2130,test,0,0.058347307
7157,test,0,0.22391729
5205,test,0,0.028255178
4560,test,0,0.073660664
10189,test,0,0.036843702
10863,test,0,0.036856193
393,test,0,0.2208048
6844,test,0,0.1568849
4495,test,0,0.033337776
7633,test,0,0.05541868
1582,test,0,0.35675675
9230,test,0,0.032626845
9241,test,0,0.067060016
2364,test,0,0.06987825
10450,test,0,0.029687015
5204,test,0,0.033650793
9669,test,0,0.14448804
1664,test,0,0.13796186
9956,test,0,0.06397243
7883,test,0,0.030094143
2152,test,0,0.060648967
8933,test,0,0.073523104
1474,test,0,0.08356499
2427,test,0,0.032626845
8015,test,0,0.13429067
2025,test,0,0.21336944
1479,test,0,0.25351056
3777,test,0,0.032307133
1370,test,0,0.041932207
5783,test,0,0.06441962
844,test,0,0.09487255
6721,test,0,0.04308319
10288,test,0,0.19620624
7227,test,0,0.041932207
4330,test,0,0.13835098
8517,test,0,0.07196144
3219,test,0,0.041697577
7226,test,0,0.20006922
8058,test,0,0.043878004
2026,test,0,0.04667889
4337,test,0,0.22962245
7900,test,0,0.052015975
982,test,0,0.028535983
4187,test,0,0.55486196
11018,test,0,0.03382271
4504,test,0,0.11613116
5802,test,0,0.05573666
204,test,0,0.069744885
84,test,0,0.04920903
9625,test,0,0.06397243
8325,test,0,0.39678937
8642,test,0,0.13141279
10785,test,0,0.09991394
3183,test,0,0.032307133
682,test,0,0.0320062
9628,test,0,0.033395264
3185,test,0,0.033395264
9872,test,0,0.06397243
8319,test,0,0.093699485
7113,test,0,0.12474948
5791,test,0,0.13702844
1369,test,0,0.07059126
9866,test,0,0.033395264
9680,test,0,0.02693639
3594,test,0,0.104871295
1699,test,0,0.15059032
2344,test,0,0.061453808
9815,test,0,0.06397243
9060,test,0,0.02693639
7112,test,0,0.032307133
10445,test,0,0.032626845
8373,test,0,0.08020636
10669,test,0,0.04269199
10681,test,0,0.032626845
10796,test,0,0.032626845
8702,test,0,0.17940736
7924,test,0,0.27511153
5767,test,0,0.14727654
6319,test,0,0.43736133
8989,test,0,0.27820256
7259,test,0,0.13272722
235,test,0,0.032307133
4257,test,0,0.28559142
1594,test,0,0.02693639
8930,test,0,0.1396988
9398,test,0,0.15121299
5962,test,0,0.12748373
1194,test,0,0.032307133
3600,test,0,0.06457942
8697,test,0,0.22722879
8293,test,0,0.21405165
10793,test,0,0.032626845
2369,test,0,0.18234847
10054,test,0,0.032626845
10480,test,0,0.033650793
6962,test,0,0.03372537
7216,test,0,0.0636609
9233,test,0,0.32390654
5807,test,0,0.033395264
3676,test,0,0.052416373
7200,test,0,0.032626845
10420,test,0,0.033395264
7623,test,0,0.06397243
623,test,0,0.06397243
5335,test,0,0.19853115
690,test,0,0.033395264
2093,test,0,0.032626845
2014,test,0,0.038886115
7770,test,0,0.032307133
2962,test,0,0.032626845
8577,test,0,0.44243166
4043,test,0,0.2931118
7638,test,0,0.032626845
3198,test,0,0.032307133
6586,test,0,0.10431101
10319,test,0,0.108451754
3390,test,0,0.07196144
637,test,0,0.035849646
4623,test,0,0.33660564
1415,test,0,0.33004695
8991,test,0,0.026720973
1620,test,0,0.034216084
6712,test,0,0.12514092
2273,test,0,0.063599914
3882,test,0,0.030177763
970,test,0,0.026720973
1234,test,0,0.035849646
1530,test,0,0.07196144
5221,test,0,0.038118593
10142,test,0,0.13130856
8723,test,0,0.061253708
9674,test,0,0.07215788
3122,test,0,0.21616362
9940,test,0,0.042649265
6239,test,0,0.04816584
7856,test,0,0.03382271
3292,test,0,0.039781466
9805,test,0,0.039394494
9881,test,0,0.042235617
9325,test,0,0.028255178
2168,test,0,0.09733835
3557,test,0,0.028744837
7984,test,0,0.02971667
7382,test,0,0.12908666
1814,test,0,0.06397243
5601,test,0,0.056247734
9824,test,0,0.033395264
9671,test,0,0.2804286
5976,test,0,0.0926724
7412,test,0,0.049716793
11041,test,0,0.0809791
203,test,0,0.06893394
10992,test,0,0.06397243
5330,test,0,0.02693639
8641,test,0,0.16695054
9613,test,0,0.11120939
8769,test,0,0.056247734
2134,test,0,0.20762923
5475,test,0,0.07218165
9404,test,0,0.07610237
5605,test,0,0.054306928
3190,test,0,0.032626845
3657,test,0,0.37921214
7116,test,0,0.029687015
4603,test,0,0.25386557
1824,test,0,0.24807557
3530,test,0,0.4857188
5217,test,0,0.06397243
2289,test,0,0.054336973
3776,test,0,0.06286954
4339,test,0,0.055687256
2381,test,0,0.17368779
5342,test,0,0.17834145
8919,test,0,0.10094949
5336,test,0,0.1292392
128,test,0,0.2321357
1716,test,0,0.13594705
4569,test,0,0.06397243
7925,test,0,0.032626845
7705,test,0,0.2065691
188,test,0,0.046096187
3603,test,0,0.22023411
5195,test,0,0.22038996
8572,test,0,0.061796706
10326,test,0,0.032626845
5785,test,0,0.07610237
4430,test,0,0.06827235
5603,test,0,0.032626845
3514,test,0,0.1508675
8712,test,0,0.1886748
1614,test,0,0.120620646
5612,test,0,0.041707534
6970,test,0,0.07864763
986,test,0,0.028819213
2985,test,0,0.032307133
9653,test,0,0.21390569
4145,test,0,0.0756108
10525,test,0,0.09190106
1240,test,0,0.032307133
7223,test,0,0.2768557
10350,test,0,0.17314497
8051,test,0,0.030094143
193,test,0,0.03372537
8709,test,0,0.14751361
8942,test,0,0.15888119
8755,test,0,0.032307133
395,test,0,0.032307133
2355,test,0,0.029687015
5611,test,0,0.06397243
2910,test,0,0.07864763
6706,test,0,0.13527857
1376,test,0,0.030177763
5176,test,0,0.23301347
3671,test,0,0.14496335
2410,test,0,0.026720973
9219,test,0,0.15509298
2755,test,0,0.26152816
9173,test,0,0.2935471
6718,test,0,0.4134034
4175,test,0,0.06455745
228,test,0,0.08284541
4387,test,0,0.1410473
8982,test,0,0.26152816
10138,test,0,0.17363134
8575,test,0,0.118990965
9603,test,0,0.07178023
9667,test,0,0.07196144
1713,test,0,0.18535927
6317,test,0,0.04072146
4620,test,0,0.026720973
2050,test,0,0.3066279
2030,test,0,0.026720973
4260,test,0,0.2838599
5270,test,0,0.22108564
1372,test,0,0.58938456
1602,test,0,0.4977784
8764,test,0,0.2750608
9064,test,0,0.14297715
8352,test,0,0.7351941
2977,test,0,0.16816737
2371,test,0,0.46913576
2352,test,0,0.029719312
10784,test,0,0.40354082
190,test,0,0.10032223
8649,test,0,0.038118593
7442,test,0,0.061841592
7002,test,0,0.27446347
8934,test,0,0.28615868
7928,test,0,0.11315371
7404,test,1,0.37428954
9732,test,0,0.32352754
9687,test,0,0.30641064
4608,test,0,0.052015975
2142,test,0,0.3216256
3477,test,0,0.30019313
3670,test,0,0.4727747
3552,test,0,0.48703665
2965,test,0,0.061841592
9165,test,0,0.25931808
7202,test,0,0.56677806
7992,test,0,0.037988365
6591,test,0,0.33599138
9406,test,0,0.0761929
1668,test,0,0.05279581
6720,test,0,0.18809956
10706,test,0,0.028446086
4177,test,0,0.34431165
1580,test,0,0.16618618
1622,test,0,0.045337595
5606,test,0,0.24884167
3121,test,0,0.074246936
5648,test,0,0.17799193
2140,test,0,0.032626845
3194,test,0,0.032626845
8450,test,0,0.12536304
7369,test,0,0.06397243
3683,test,0,0.02693639
4317,test,0,0.1542322
7987,test,0,0.03372537
4174,test,0,0.1568849
987,test,0,0.02693639
7424,test,0,0.18186435
4640,test,0,0.031196492
6708,test,0,0.37154943
3001,test,0,0.031196492
4616,test,0,0.039404348
11028,test,0,0.28569478
7274,test,0,0.24455145
2437,test,0,0.035333235
7174,test,0,0.037052546
6997,test,0,0.026720973
9665,test,0,0.032307133
6974,test,0,0.030177763
2986,test,0,0.06567052
9909,test,0,0.026720973
2418,test,0,0.28237042
2104,test,0,0.3073916
5206,test,0,0.026720973
1670,test,0,0.1459746
7697,test,0,0.20370932
7709,test,0,0.44719076
3604,test,0,0.053607408
9313,test,0,0.1704002
2972,test,0,0.295281
9045,test,0,0.272861
3664,test,0,0.42852053
5179,test,0,0.12805344
197,test,0,0.03382271
8990,test,0,0.18550129
5695,test,0,0.07248127
6719,test,0,0.056247734
5998,test,0,0.11757564
694,test,0,0.056247734
8230,test,0,0.20119311
8718,test,0,0.10298845
3454,test,0,0.15667835
10412,test,0,0.073049225
5216,test,0,0.102246
10192,test,0,0.07053333
10985,test,0,0.07370666
3466,test,0,0.12062581
7004,test,0,0.22293691
3397,test,0,0.219906
7429,test,0,0.03372537
7923,test,0,0.15104891
1592,test,0,0.13198623
2107,test,0,0.11375477
8881,test,0,0.16695054
847,test,0,0.032626845
5175,test,0,0.21227056
1188,test,0,0.10131555
8290,test,0,0.056247734
3542,test,0,0.032626845
9072,test,0,0.54831207
7371,test,0,0.032307133
2102,test,0,0.19027099
6973,test,0,0.06397243
6984,test,0,0.37768665
2345,test,0,0.02693639
7978,test,0,0.18080002
8333,test,0,0.28106183
9833,test,0,0.03398334
3379,test,0,0.049042426
123,test,0,0.20272978
7439,test,0,0.3831729
3674,test,0,0.06978493
2272,test,0,0.0804744
2263,test,0,0.032307133
2136,test,0,0.079177834
5325,test,0,0.17022203
2038,test,0,0.13147077
1672,test,0,0.032626845
3178,test,0,0.2819123
4334,test,0,0.026720973
4138,test,0,0.026986947
1621,test,0,0.034216084
8337,test,0,0.033713527
10993,test,0,0.20662309
1404,test,0,0.03220526
4395,test,0,0.04568083
2374,test,0,0.36098662
1708,test,0,0.38284817
1717,test,0,0.06333737
4331,test,0,0.40082216
5539,test,0,0.49506027
7758,test,0,0.07576884
4382,test,0,0.14684884
10061,test,0,0.14901035
640,test,0,0.06582705
3474,test,0,0.056247734
10862,test,0,0.054576363
3528,test,0,0.07559292
180,test,0,0.06615332
2094,test,0,0.094707005
10363,test,0,0.16682744
4431,test,0,0.035586137
5665,test,0,0.06397243
610,test,0,0.06397243
11035,test,0,0.056247734
1657,test,0,0.06397243
9540,test,0,0.20152669
8227,test,0,0.032307133
975,test,0,0.032307133
10534,test,0,0.0320062
2045,test,0,0.2581537
9044,test,0,0.23141044
1529,test,0,0.0320062
9242,test,0,0.033395264
7366,test,0,0.032307133
1384,test,0,0.06397243
7434,test,0,0.06397243
4314,test,0,0.12669928
1704,test,0,0.1635248
7149,test,0,0.0320062
5542,test,0,0.1542322
5786,test,0,0.056247734
5489,test,0,0.26762527
9158,test,0,0.067060016
2360,test,0,0.056247734
5482,test,0,0.22066341
2753,test,0,0.15761198
3476,test,0,0.032626845
5689,test,0,0.032307133
8369,test,0,0.054164052
9171,test,0,0.032080594
1601,test,0,0.02693639
7211,test,0,0.056247734
2904,test,0,0.038886115
7868,test,0,0.120196804
5561,test,0,0.16413255
5781,test,0,0.09017304
6985,test,0,0.06371613
7993,test,0,0.24807557
9878,test,0,0.06286954
3781,test,0,0.15955777
1813,test,0,0.03372537
6700,test,0,0.22115721
1673,test,0,0.25361374
6231,test,0,0.10179448
9813,test,0,0.100721456
7687,test,0,0.34109536
8093,test,0,0.19936053
2963,test,0,0.06397243
4340,test,0,0.27788088
7874,test,0,0.2616172
10861,test,0,0.4857188
10545,test,0,0.09238614
1712,test,0,0.15198426
3290,test,0,0.22182019
9814,test,0,0.11810549
842,test,0,0.056247734
9213,test,0,0.284091
10296,test,0,0.2206484
8283,test,0,0.17120166
4635,test,0,0.09091155
9948,test,0,0.071402065
8937,test,0,0.1685043
3208,test,0,0.19154347
9157,test,0,0.033395264
10058,test,0,0.032626845
5168,test,0,0.056247734
5969,test,0,0.032307133
9666,test,0,0.032307133
227,test,0,0.20261994
8700,test,0,0.1568849
3681,test,0,0.16413255
6304,test,0,0.032307133
3885,test,0,0.103577346
625,test,0,0.04002454
4575,test,0,0.16826774
3595,test,0,0.03372537
9859,test,0,0.21320727
5218,test,0,0.033395264
7427,test,0,0.032307133
3785,test,0,0.032307133
2161,test,0,0.02693639
2987,test,0,0.06397243
5664,test,0,0.033395264
8018,test,0,0.039414275
2156,test,0,0.21055855
8979,test,0,0.02693639
7862,test,0,0.21474954
6732,test,0,0.110840455
1482,test,0,0.0617205
4248,test,0,0.17022203
9175,test,0,0.06397243
9086,test,0,0.234307
1189,test,0,0.035849646
9656,test,0,0.032307133
4567,test,0,0.056247734
9894,test,0,0.4093906
990,test,0,0.129972
2487,test,0,0.036203116
11023,test,0,0.17681877
3236,test,0,0.026720973
1401,test,0,0.26627406
7017,test,0,0.036820453
9087,test,0,0.112844095
7754,test,0,0.035849646
9842,test,0,0.026720973
5774,test,0,0.27225286
2375,test,0,0.026720973
9896,test,0,0.33672386
6988,test,0,0.2928465
6730,test,0,0.07012723
5487,test,0,0.21471956
284,test,0,0.033383522
3789,test,0,0.035849646
3197,test,0,0.035333235
2115,test,0,0.3376707
8532,test,0,0.07196144
5711,test,0,0.035849646
8988,test,0,0.48768312
2151,test,0,0.3058257
2270,test,0,0.25046983
8708,test,0,0.065602385
8083,test,0,0.059817832
9534,test,0,0.061253708
2119,test,0,0.061253708
7627,test,0,0.05397592
8566,test,0,0.05397592
231,test,0,0.407722
2128,test,0,0.02668065
1400,test,0,0.037988365
10177,test,0,0.03220526
7267,test,0,0.031314384
7699,test,0,0.041802693
10355,test,0,0.035170015
5224,test,0,0.028744837
3596,test,0,0.028747391
2039,test,0,0.02668065
8995,test,0,0.028166141
121,test,0,0.5617936
5993,test,0,0.2125433
9812,test,0,0.06498123
2267,test,0,0.20435639
10542,test,0,0.042235617
10424,test,0,0.042649265
3791,test,0,0.29285157
8643,test,0,0.35408548
1192,test,0,0.037988365
10419,test,0,0.2942771
6858,test,0,0.02693639
196,test,0,0.03372537
5961,test,0,0.03372537
2441,test,0,0.03372537
3461,test,0,0.033650793
7865,test,0,0.074404575
7208,test,0,0.24209933
10176,test,0,0.09111959
1596,test,0,0.09261334
3199,test,0,0.032626845
7870,test,0,0.06185473
9288,test,0,0.02693639
10910,test,0,0.06893394
134,test,0,0.029214785
8065,test,0,0.03711418
10694,test,0,0.19484587
8372,test,0,0.044630654
9904,test,0,0.027848838
1610,test,0,0.02693639
8451,test,0,0.032626845
6838,test,0,0.02693639
3385,test,0,0.20762923
1600,test,0,0.1663392
9095,test,0,0.06397243
1337,test,0,0.2521706
86,test,0,0.06185473
1395,test,0,0.032307133
7438,test,0,0.032307133
1817,test,0,0.038436502
3795,test,0,0.033395264
8223,test,0,0.06185473
2442,test,0,0.033395264
2726,test,0,0.038164146
687,test,0,0.06185473
830,test,0,0.1783816
9912,test,0,0.16224006
821,test,0,0.20762923
8981,test,0,0.2277888
10521,test,0,0.03372537
9228,test,0,0.06185473
5595,test,0,0.035849646
9280,test,0,0.23511727
5966,test,0,0.26566955
8379,test,0,0.37968197
2027,test,0,0.033383522
7751,test,0,0.06768103
4146,test,0,0.14596227
261,test,0,0.041697577
8893,test,0,0.15806858
2754,test,0,0.026720973
9068,test,0,0.18643336
10551,test,0,0.43712905
9911,test,0,0.030177763
4258,test,0,0.030177763
19,test,0,0.13688357
1345,test,0,0.23845795
7871,test,0,0.07196144
1187,test,0,0.08826882
9612,test,0,0.18121292
9102,test,0,0.057272114
10172,test,0,0.057272114
10701,test,0,0.06299087
10422,test,0,0.057272114
6854,test,0,0.026720973
6725,test,0,0.24483411
10414,test,0,0.1289823
10909,test,0,0.038118593
10494,test,0,0.11912106
10423,test,0,0.37337264
4032,test,0,0.20958889
7436,test,0,0.035280388
4614,test,0,0.3428946
4183,test,0,0.4147872
104,test,0,0.5165792
2902,test,0,0.035280388
1350,test,0,0.49147943
6234,test,0,0.21530126
9400,test,0,0.4134982
7365,test,0,0.12469029
6728,test,0,0.03100712
7411,test,0,0.35084283
3532,test,0,0.1852401
10981,test,0,0.51235
9951,test,0,0.086207524
9685,test,0,0.037472118
5209,test,0,0.2449414
3884,test,0,0.05897715
10453,test,0,0.03422491
1644,test,0,0.1897546
3118,test,0,0.06485439
5775,test,0,0.5283528
8010,test,0,0.23667732
10368,test,0,0.086207524
5779,test,0,0.061253708
685,test,0,0.061253708
5806,test,0,0.20963281
7628,test,0,0.042235617
5778,test,0,0.1582463
832,test,0,0.051727995
10295,test,0,0.09678863
2751,test,0,0.5366632
859,test,0,0.028462036
10696,test,0,0.057648625
5169,test,0,0.26229244
5180,test,0,0.34438273
9901,test,0,0.062999725
9952,test,0,0.20373909
2055,test,0,0.056247734
1354,test,0,0.114077084
4557,test,0,0.077834606
7877,test,0,0.067060016
10135,test,0,0.0664576
1491,test,0,0.21945266
3536,test,0,0.10646206
7426,test,0,0.15690258
10801,test,0,0.0320062
202,test,0,0.032307133
4612,test,0,0.033650793
2023,test,0,0.02854981
6972,test,0,0.056247734
7926,test,0,0.17164272
9728,test,0,0.15691824
7636,test,0,0.21074113
7708,test,0,0.02693639
3383,test,0,0.07370666
977,test,0,0.02693639
7378,test,0,0.110962346
10986,test,0,0.04791731
3152,test,0,0.03230612
3132,test,0,0.02693639
2092,test,0,0.072079845
4564,test,0,0.09229866
6853,test,0,0.02693639
5991,test,0,0.15121299
4383,test,0,0.032307133
9679,test,0,0.08101112
9725,test,0,0.032307133
282,test,0,0.05949393
1397,test,0,0.07150681
8757,test,0,0.13918586
9286,test,0,0.14622092
3002,test,0,0.104919806
4256,test,0,0.10406048
9537,test,0,0.032307133
5223,test,0,0.06397243
10802,test,0,0.032307133
8573,test,0,0.22920972
6387,test,0,0.1203685
5200,test,0,0.02693639
3125,test,0,0.060648967
5655,test,0,0.069587424
5220,test,0,0.032626845
6703,test,0,0.11710338
10523,test,0,0.033395264
5543,test,0,0.02693639
3380,test,0,0.14381135
3283,test,0,0.032307133
9312,test,0,0.39374617
1487,test,0,0.12739557
7169,test,0,0.18932347
8650,test,0,0.032307133
8294,test,0,0.02693639
8579,test,0,0.28916526
5337,test,0,0.02693639
9216,test,0,0.02693639
3682,test,0,0.16621177
403,test,0,0.09381254
7854,test,0,0.21342565
10856,test,0,0.033395264
5795,test,0,0.071402065
9865,test,0,0.033395264
7630,test,0,0.22038996
192,test,0,0.032307133
8691,test,0,0.17940736
2099,test,0,0.088900514
7760,test,0,0.07859143
1611,test,0,0.20844771
9049,test,0,0.032307133
6305,test,0,0.027204448
10919,test,0,0.032307133
3450,test,0,0.09238614
6727,test,0,0.031947058
1347,test,0,0.07509406
5812,test,0,0.09104443
9310,test,0,0.228185
1475,test,0,0.19670032
9164,test,0,0.032307133
2893,test,0,0.13964523
402,test,0,0.033395264
5780,test,0,0.27950117
4424,test,0,0.06646169
823,test,0,0.032307133
9544,test,0,0.21542458
9281,test,0,0.12602764
1615,test,0,0.071402065
9935,test,0,0.06893394
139,test,0,0.10019829
10991,test,0,0.20821013
1663,test,0,0.13681844
1342,test,0,0.032307133
6593,test,0,0.032307133
2141,test,0,0.033395264
8985,test,0,0.027204448
9717,test,0,0.30675375
1336,test,0,0.06185473
7158,test,0,0.1718606
4605,test,0,0.02693639
1720,test,0,0.03439598
8004,test,0,0.11118359
9403,test,0,0.07115582
6391,test,0,0.03372537
8449,test,0,0.032080594
689,test,0,0.047771193
4038,test,0,0.2901624
8298,test,0,0.02693639
2419,test,0,0.032307133
6731,test,0,0.16886616
5608,test,0,0.03372537
2908,test,0,0.18836854
7176,test,0,0.06185473
6069,test,0,0.09301543
10140,test,0,0.032307133
6859,test,0,0.15137915
2918,test,0,0.02693639
2351,test,0,0.37768665
976,test,0,0.15683258
5654,test,0,0.06185473
8941,test,0,0.21793018
3130,test,0,0.02693639
4489,test,0,0.05590163
7688,test,0,0.23902819
3215,test,0,0.032307133
9302,test,0,0.078344524
8006,test,0,0.027204448
7224,test,0,0.02693639
253,test,0,0.026720973
10362,test,0,0.06397243
7896,test,0,0.02693639
4142,test,0,0.058560904
187,test,0,0.06397243
115,test,0,0.026720973
9960,test,0,0.16453779
1863,test,0,0.17599279
3524,test,0,0.02693639
127,test,0,0.03450662
4132,test,0,0.026720973
3555,test,0,0.033383522
8939,test,0,0.27769166
9314,test,0,0.14377122
8685,test,0,0.16829613
5768,test,0,0.057272114
5277,test,0,0.27496466
9818,test,0,0.1487902
10349,test,0,0.24139819
2379,test,0,0.3242316
5331,test,0,0.033383522
6034,test,0,0.23640122
179,test,0,0.057272114
5994,test,0,0.037052546
1849,test,0,0.026986947
2122,test,0,0.0391833
5699,test,0,0.07118463
9731,test,0,0.07118463
3545,test,0,0.24013321
9547,test,0,0.46768793
4391,test,0,0.026720973
2013,test,0,0.026720973
8588,test,0,0.026720973
2024,test,0,0.026720973
9106,test,0,0.116688274
8695,test,0,0.099403195
10417,test,0,0.21726567
10908,test,0,0.03706095
1375,test,0,0.026720973
5988,test,0,0.12134358
254,test,0,0.030177763
6969,test,0,0.22351474
9538,test,0,0.028602522
3182,test,0,0.112214014
8687,test,0,0.026720973
3146,test,0,0.026720973
6038,test,0,0.08709402
5766,test,0,0.035333235
2966,test,0,0.037052546
3549,test,0,0.034216084
10640,test,0,0.041932207
1367,test,0,0.030177763
3490,test,0,0.23780431
7275,test,0,0.18218161
183,test,0,0.2980693
4263,test,0,0.27496466
5691,test,0,0.07065472
10354,test,0,0.038118593
9065,test,0,0.21070866
270,test,0,0.03333349
8330,test,0,0.026720973
8763,test,0,0.033383522
2016,test,0,0.026720973
10333,test,0,0.035134193
267,test,0,0.32708105
7014,test,0,0.030177763
5210,test,0,0.23659053
239,test,0,0.028747391
1662,test,0,0.26926774
133,test,0,0.02668065
10700,test,0,0.026720973
8533,test,0,0.03415992
4168,test,0,0.02668065
6074,test,0,0.02758468
9090,test,0,0.28729793
6976,test,0,0.4954701
5173,test,0,0.47708097
9080,test,0,0.02668065
5267,test,0,0.2839803
3228,test,0,0.25199535
7402,test,0,0.57842267
1403,test,0,0.042649265
1411,test,0,0.22827041
5274,test,0,0.03220526
5571,test,0,0.4905216
9079,test,0,0.027399214
6393,test,0,0.05897715
3465,test,0,0.35206187
7408,test,0,0.027399214
10790,test,0,0.05897715
4039,test,0,0.027399214
2734,test,0,0.039781466
3668,test,0,0.24518584
10518,test,0,0.05897715
9854,test,0,0.11043915
2727,test,0,0.11043915
9308,test,0,0.44566372
8921,test,0,0.027399214
8049,test,0,0.2991726
628,test,0,0.039394494
7983,test,0,0.21110886
1490,test,0,0.034156904
3451,test,0,0.028747391
10526,test,0,0.037988365
8291,test,0,0.037633978
7253,test,0,0.037745077
9902,test,0,0.59481007
7892,test,0,0.40348998
8940,test,0,0.05007346
4267,test,0,0.027399214
7893,test,0,0.110193156
4610,test,0,0.056247734
8234,test,0,0.11545132
2976,test,0,0.07698062
9822,test,0,0.058496438
1825,test,0,0.0776122
8530,test,0,0.14651264
9099,test,0,0.066785246
10711,test,0,0.15423669
6742,test,0,0.22369674
1850,test,0,0.15254207
2118,test,0,0.19687897
1399,test,0,0.18250583
7701,test,0,0.13087939
11034,test,0,0.052958533
8457,test,0,0.068033755
8374,test,0,0.06397243
4496,test,0,0.056247734
8648,test,0,0.42133194
9167,test,0,0.063395865
288,test,0,0.03448978
5191,test,0,0.033337776
5171,test,0,0.02693639
5203,test,0,0.13642472
5964,test,0,0.104033425
9682,test,0,0.15634689
2417,test,0,0.09099835
9809,test,0,0.032307133
7251,test,0,0.032307133
2154,test,0,0.2408232
9670,test,0,0.033084545
10293,test,0,0.18798965
9735,test,0,0.033395264
10911,test,0,0.29848212
7428,test,0,0.02693639
1721,test,0,0.02693639
5181,test,0,0.027848838
10983,test,0,0.20590231
2426,test,0,0.032307133
6086,test,0,0.11050566
1485,test,0,0.071402065
6987,test,0,0.13660336
1402,test,0,0.032307133
2032,test,0,0.06752416
3669,test,0,0.15043719
4261,test,0,0.0320062
10693,test,0,0.35566387
3876,test,0,0.15011832
7693,test,0,0.032307133
10650,test,0,0.02693639
4050,test,0,0.0320062
9944,test,0,0.033395264
6596,test,0,0.06978493
4617,test,0,0.02693639
1492,test,0,0.063395865
2728,test,0,0.09864694
5800,test,0,0.08646138
281,test,0,0.032307133
7423,test,0,0.06397243
5,test,0,0.02693639
6704,test,0,0.14712544
9689,test,0,0.032748964
6998,test,0,0.033650793
9657,test,0,0.21985938
10982,test,0,0.063395865
7020,test,0,0.1437407
3133,test,0,0.028832655
2895,test,0,0.033395264
5968,test,0,0.07714341
10644,test,0,0.1673944
4624,test,0,0.05745941
9226,test,0,0.1985221
8943,test,0,0.02693639
7919,test,0,0.02693639
9941,test,0,0.060648967
2353,test,0,0.1568849
7214,test,0,0.02693639
4493,test,0,0.07104968
2744,test,0,0.032307133
9627,test,0,0.10978998
2160,test,0,0.13796186
5713,test,0,0.14690827
4046,test,0,0.056247734
4639,test,0,0.071402065
3538,test,0,0.09303855
8340,test,0,0.032307133
3200,test,0,0.056247734
3680,test,0,0.117777534
8986,test,0,0.3733856
9817,test,0,0.032307133
283,test,0,0.22293691
8938,test,0,0.15571587
826,test,0,0.027204448
849,test,0,0.028819213
3518,test,0,0.052416373
7407,test,0,0.056247734
2165,test,0,0.06591675
3788,test,0,0.08356499
138,test,0,0.02693639
7886,test,0,0.027848838
8574,test,0,0.1567072
9224,test,0,0.03448978
7255,test,0,0.02693639
10416,test,0,0.114229836
5663,test,0,0.3015088
242,test,0,0.14531119
840,test,0,0.24186194
3237,test,0,0.032307133
3556,test,0,0.22937016
7279,test,0,0.032307133
391,test,0,0.047771193
9601,test,0,0.21793018
10695,test,0,0.032307133
8016,test,0,0.04992011
6584,test,0,0.071402065
1647,test,0,0.03372537
9939,test,0,0.3055032
9598,test,0,0.06371623
5344,test,0,0.033650793
3134,test,0,0.033650793
5546,test,0,0.287331
131,test,0,0.13794802
4047,test,0,0.033650793
3230,test,0,0.18798482
1692,test,0,0.02693639
6085,test,0,0.032307133
7878,test,0,0.032307133
2111,test,0,0.104919806
10671,test,0,0.3368923
10449,test,0,0.21287923
5970,test,0,0.18891023
130,test,0,0.035379797
1398,test,0,0.1988147
135,test,0,0.032307133
5276,test,0,0.02693639
8232,test,0,0.109003134
6705,test,0,0.02693639
5323,test,0,0.032307133
10638,test,0,0.11418751
827,test,0,0.1864958
20,test,0,0.033650793
6857,test,0,0.02693639
6390,test,0,0.07705553
9321,test,0,0.02693639
8295,test,0,0.03711418
4392,test,0,0.032307133
5653,test,0,0.10717429
3128,test,0,0.02693639
9855,test,0,0.22293691
2012,test,0,0.044435665
9864,test,0,0.14992367
7916,test,0,0.03448978
10789,test,0,0.07382404
5792,test,0,0.032307133
2110,test,0,0.032626845
822,test,0,0.032626845
8086,test,0,0.16829613
8890,test,0,0.032307133
10532,test,0,0.1673944
4570,test,0,0.07370666
973,test,0,0.02693639
626,test,0,0.032307133
814,test,0,0.22534834
5650,test,0,0.032307133
1651,test,0,0.035586137
8698,test,0,0.08364149
240,test,0,0.029082125
2432,test,0,0.029082125
2162,test,0,0.08364149
2358,test,0,0.08364149
256,test,0,0.12308666
10183,test,0,0.07377485
9624,test,0,0.032307133
6699,test,0,0.18277666
2299,test,0,0.032307133
8514,test,0,0.08130505
5341,test,0,0.033650793
4621,test,0,0.03711418
7225,test,0,0.032307133
9806,test,0,0.20287652
120,test,0,0.02693639
8066,test,0,0.22309425
7010,test,0,0.033650793
2015,test,0,0.032307133
2967,test,0,0.071402065
4296,test,0,0.033395264
2362,test,0,0.027875884
1855,test,0,0.16548762
9295,test,0,0.033395264
7707,test,0,0.06978493
8589,test,0,0.02693639
7156,test,0,0.032307133
7221,test,0,0.228185
9077,test,0,0.02693639
1722,test,0,0.032626845
8044,test,0,0.032307133
10708,test,0,0.032307133
10680,test,0,0.071402065
8057,test,0,0.02693639
9203,test,0,0.032748964
2292,test,0,0.032748964
10705,test,0,0.02693639
10360,test,0,0.36651266
9605,test,0,0.033650793
853,test,0,0.032307133
7264,test,0,0.038886115
8761,test,0,0.032307133
10921,test,0,0.0809791
2365,test,0,0.040186632
4423,test,0,0.08195636
233,test,0,0.033650793
6030,test,0,0.032307133
9061,test,0,0.02693639
2428,test,0,0.032307133
4393,test,0,0.19670032
8371,test,0,0.2035577
635,test,0,0.031947058
1711,test,0,0.031947058
2363,test,0,0.054405548
5484,test,0,0.054405548
9214,test,0,0.02693639
4611,test,0,0.06254094
9608,test,0,0.028832655
1658,test,0,0.033276256
6965,test,0,0.078284666
7152,test,0,0.02693639
9088,test,0,0.02693639
2907,test,0,0.08364149
9602,test,0,0.032307133
10365,test,0,0.25613543
10492,test,0,0.027306845
9908,test,0,0.029370893
7994,test,0,0.06185473
8936,test,0,0.23573321
1338,test,0,0.27088115
828,test,0,0.02693639
2041,test,0,0.032307133
3145,test,0,0.032307133
8722,test,0,0.06185473
10415,test,0,0.06185473
636,test,0,0.06877816
9683,test,0,0.032307133
2170,test,0,0.033650793
5813,test,0,0.2775624
5550,test,0,0.038886115
2296,test,0,0.06457942
845,test,0,0.104299314
7872,test,0,0.06185473
4053,test,0,0.032307133
1652,test,0,0.18377388
4324,test,0,0.13604662
271,test,0,0.034110352
5610,test,0,0.29113162
6572,test,0,0.111241125
8284,test,0,0.029082125
9162,test,0,0.029082125
9676,test,0,0.16647078
7406,test,0,0.20762923
1391,test,0,0.029687015
388,test,0,0.06185473
4342,test,0,0.034110352
5553,test,0,0.038886115
852,test,0,0.033650793
3012,test,0,0.031947058
5544,test,0,0.031947058
5263,test,0,0.040581062
7702,test,0,0.052416373
9868,test,0,0.033395264
124,test,0,0.13725254
9938,test,0,0.032307133
117,test,0,0.02693639
7398,test,0,0.032307133
2923,test,0,0.12388752
6573,test,0,0.032307133
5201,test,0,0.032307133
4434,test,0,0.20762923
6697,test,0,0.032307133
248,test,0,0.027875884
811,test,0,0.033650793
9548,test,0,0.17272808
1701,test,0,0.033650793
7634,test,0,0.06185473
2384,test,0,0.02693639
7218,test,0,0.033023477
2411,test,0,0.02693639
5334,test,0,0.1432582
8376,test,0,0.16281374
8349,test,0,0.056247734
1484,test,0,0.06185473
2984,test,0,0.1137429
3678,test,0,0.02693639
8005,test,0,0.02693639
10544,test,0,0.032626845
6717,test,0,0.033650793
8891,test,0,0.02693639
9235,test,0,0.032384127
2,test,0,0.032384127
8887,test,0,0.055214394
8054,test,0,0.02693639
6738,test,0,0.032307133
9161,test,0,0.032307133
4056,test,0,0.032307133
226,test,0,0.02693639
1237,test,0,0.06185473
3468,test,0,0.032307133
2368,test,0,0.26979455
9955,test,0,0.032626845
5771,test,0,0.032080594
125,test,0,0.032626845
9629,test,0,0.12427429
9848,test,0,0.02693639
3004,test,0,0.06185473
3482,test,0,0.032626845
8874,test,0,0.032307133
3151,test,0,0.02693639
8084,test,0,0.09512753
2424,test,0,0.033395264
6723,test,0,0.21793018
2905,test,0,0.032307133
9953,test,0,0.032307133
851,test,0,0.032307133
9847,test,0,0.033427514
1607,test,0,0.17648743
4322,test,0,0.02693639
2105,test,0,0.12890464
9860,test,0,0.06254094
8001,test,0,0.27088115
5808,test,0,0.032307133
10651,test,0,0.032626845
10332,test,0,0.029687015
3124,test,0,0.029687015
1861,test,0,0.03711418
9545,test,0,0.03372537
9531,test,0,0.027306845
9047,test,0,0.02693639
6075,test,0,0.124962434
848,test,0,0.032307133
5483,test,0,0.032307133
3126,test,0,0.056247734
7410,test,0,0.02693639
3221,test,0,0.027848838
4054,test,0,0.24209933
9832,test,0,0.07377485
10174,test,0,0.0809791
1374,test,0,0.0809791
6995,test,0,0.02693639
7921,test,0,0.02693639
7990,test,0,0.073660664
837,test,0,0.073660664
9317,test,0,0.032307133
641,test,0,0.032307133
5177,test,0,0.027848838
2129,test,0,0.02693639
8296,test,0,0.032626845
8976,test,0,0.032307133
6583,test,0,0.029687015
3665,test,0,0.032307133
2737,test,0,0.049100816
4034,test,0,0.052574806
8651,test,0,0.032307133
3558,test,0,0.02693639
9844,test,0,0.033650793
7007,test,0,0.033650793
4252,test,0,0.032307133
9209,test,0,0.033650793
7996,test,0,0.06185473
8752,test,0,0.028832655
1871,test,0,0.032307133
9614,test,0,0.032307133
10648,test,0,0.02693639
3398,test,0,0.21667741
2017,test,0,0.02693639
9225,test,0,0.030094143
9834,test,0,0.032307133
8886,test,0,0.02693639
8705,test,0,0.26516512
7629,test,0,0.06397243
9215,test,0,0.06397243
241,test,0,0.02693639
3231,test,0,0.21055855
9057,test,0,0.032307133
1478,test,0,0.032307133
6841,test,0,0.031097107
7153,test,0,0.02693639
7155,test,0,0.033395264
3191,test,0,0.033395264
10496,test,0,0.2926127
6035,test,0,0.02693639
6964,test,0,0.22920972
6026,test,0,0.04278904
8456,test,0,0.23308215
4148,test,0,0.032307133
9108,test,0,0.088661775
4327,test,0,0.038886115
8646,test,0,0.032307133
820,test,0,0.28241724
9720,test,0,0.032307133
10979,test,0,0.08623622
9103,test,0,0.057272114
9285,test,0,0.06254094
108,test,0,0.19271012
7207,test,0,0.22775605
4169,test,0,0.027626332
5607,test,0,0.39048833
9609,test,0,0.026986947
1706,test,0,0.032307133
4632,test,0,0.027204448
2486,test,0,0.16310866
5702,test,0,0.3178395
5329,test,0,0.032307133
4328,test,0,0.032307133
8045,test,0,0.032307133
2915,test,0,0.035379797
2293,test,0,0.032307133
10799,test,0,0.036203116
8565,test,0,0.030177763
9206,test,0,0.06829245
10291,test,0,0.032080594
8289,test,0,0.026720973
8878,test,0,0.030177763
9323,test,0,0.028602522
5960,test,0,0.038533848
6996,test,0,0.030177763
4335,test,0,0.036203116
8329,test,0,0.026720973
9710,test,0,0.026720973
1183,test,0,0.032626845
181,test,0,0.10943148
290,test,0,0.030177763
7172,test,0,0.032307133
854,test,0,0.1827829
7396,test,0,0.10406445
6729,test,0,0.035849646
9867,test,0,0.037052546
7891,test,0,0.033383522
10359,test,0,0.22559564
2481,test,0,0.035333235
8922,test,0,0.030177763
2921,test,0,0.030177763
846,test,0,0.030177763
980,test,0,0.1168163
9401,test,0,0.030177763
2370,test,0,0.04371893
10425,test,0,0.032384127
1606,test,0,0.031947058
9600,test,0,0.033713527
8515,test,0,0.030177763
8918,test,0,0.030177763
6598,test,0,0.026720973
835,test,0,0.030177763
3488,test,0,0.030177763
10703,test,0,0.026720973
8883,test,0,0.030177763
10641,test,0,0.026720973
1625,test,0,0.026720973
7685,test,0,0.02693639
9089,test,0,0.030177763
2483,test,0,0.32355922
2414,test,0,0.24110202
2143,test,0,0.057272114
5473,test,0,0.03327879
1581,test,0,0.03102
3142,test,0,0.033383522
10324,test,0,0.038164146
7766,test,0,0.20150916
2005,test,0,0.21486787
3149,test,0,0.033383522
7690,test,0,0.030177763
6587,test,0,0.071402065
2106,test,0,0.035849646
6746,test,0,0.02693639
6079,test,0,0.026720973
10540,test,0,0.39044154
2892,test,0,0.24089773
607,test,0,0.32234535
4377,test,0,0.026720973
2888,test,0,0.038164146
7999,test,0,0.030177763
9736,test,0,0.11836547
400,test,0,0.06788177
614,test,0,0.057272114
6601,test,0,0.032307133
1853,test,0,0.17855932
7403,test,0,0.030177763
3535,test,0,0.02693639
8446,test,0,0.06441962
3144,test,0,0.030177763
7631,test,0,0.14596227
5811,test,0,0.035333235
264,test,0,0.23574573
6067,test,0,0.026569098
7012,test,0,0.026720973
4309,test,0,0.03741741
9730,test,0,0.030177763
7917,test,0,0.28013945
6599,test,0,0.032307133
2914,test,0,0.030177763
4055,test,0,0.036820453
1595,test,0,0.031196492
7416,test,0,0.030177763
3770,test,0,0.057272114
9882,test,0,0.03741741
3878,test,0,0.45977795
9046,test,0,0.28231055
7159,test,0,0.033383522
4302,test,0,0.1453095
6031,test,0,0.44122496
3459,test,0,0.026720973
7397,test,0,0.06665701
4048,test,0,0.033383522
7252,test,0,0.026720973
9227,test,0,0.07454443
5343,test,0,0.030177763
3011,test,0,0.057272114
252,test,0,0.026720973
6715,test,0,0.030177763
8748,test,0,0.038578942
985,test,0,0.026720973
992,test,0,0.026720973
8584,test,0,0.030177763
8721,test,0,0.08424895
2750,test,0,0.030177763
10794,test,0,0.07370666
5814,test,0,0.03860403
2420,test,0,0.06333737
268,test,0,0.030177763
1857,test,0,0.030177763
9204,test,0,0.032384127
4308,test,0,0.032384127
3486,test,0,0.026720973
7119,test,0,0.035849646
855,test,0,0.036820453
4323,test,0,0.026720973
7694,test,0,0.033383522
1584,test,0,0.3309844
2155,test,0,0.026720973
8765,test,0,0.3360254
7268,test,0,0.041932207
9172,test,0,0.1155352
1598,test,0,0.1155352
9532,test,0,0.030177763
2275,test,0,0.27730575
1518,test,0,0.030177763
1698,test,0,0.030177763
3141,test,0,0.026720973
3123,test,0,0.030177763
815,test,0,0.03301186
9092,test,0,0.026720973
4320,test,0,0.030177763
829,test,0,0.026720973
7160,test,0,0.026720973
3533,test,0,0.033383522
1381,test,0,0.29148954
9282,test,0,0.026720973
2158,test,0,0.17681877
6979,test,0,0.037052546
10646,test,0,0.026720973
8288,test,0,0.030177763
3467,test,0,0.2541932
9296,test,0,0.18918924
8570,test,0,0.037052546
6306,test,0,0.2068845
1528,test,0,0.036203116
2408,test,0,0.030177763
10455,test,0,0.026720973
3460,test,0,0.026720973
100,test,0,0.030177763
1695,test,0,0.030177763
7368,test,0,0.035849646
2399,test,0,0.030177763
137,test,0,0.030177763
9222,test,0,0.036203116
11031,test,0,0.057272114
5574,test,0,0.030177763
2423,test,0,0.030177763
7691,test,0,0.026720973
5987,test,0,0.035333235
2100,test,0,0.094056405
4150,test,0,0.039404348
2116,test,0,0.03568788
9677,test,0,0.17051806
7115,test,0,0.15171213
7888,test,0,0.030177763
9850,test,0,0.030177763
7413,test,0,0.039404348
6971,test,0,0.036203116
9942,test,0,0.037052546
5183,test,0,0.2604955
686,test,0,0.08294958
2018,test,0,0.026569098
4298,test,0,0.038164146
2034,test,0,0.026720973
8229,test,0,0.036203116
9093,test,0,0.03000686
10864,test,0,0.03000686
9311,test,0,0.39763838
9309,test,0,0.030177763
10653,test,0,0.17406692
8997,test,0,0.026720973
2960,test,0,0.14718713
9299,test,0,0.026720973
7277,test,0,0.026720973
136,test,0,0.030177763
8696,test,0,0.026720973
10452,test,0,0.026720973
5560,test,0,0.033383522
843,test,0,0.033383522
3559,test,0,0.030177763
2163,test,0,0.026720973
4384,test,0,0.026720973
6230,test,0,0.057272114
9293,test,0,0.27354187
101,test,0,0.026720973
4186,test,0,0.030177763
251,test,0,0.033383522
3464,test,0,0.026720973
236,test,0,0.026720973
6603,test,0,0.026720973
8351,test,0,0.026720973
10421,test,0,0.49345094
9691,test,0,0.19165474
5563,test,0,0.030177763
4329,test,0,0.031196492
3553,test,0,0.026720973
5478,test,0,0.038164146
8877,test,0,0.03000686
1851,test,0,0.026720973
8880,test,0,0.030177763
8281,test,0,0.030177763
8297,test,0,0.041932207
2430,test,0,0.22948627
3544,test,0,0.030177763
2406,test,0,0.033383522
8756,test,0,0.029840687
8000,test,0,0.026720973
5690,test,0,0.037052546
10677,test,0,0.036203116
5165,test,0,0.03838729
7689,test,0,0.4284869
2372,test,0,0.03000686
4319,test,0,0.026720973
6991,test,0,0.033383522
11027,test,0,0.057272114
2922,test,0,0.041697577
10858,test,0,0.035849646
9678,test,0,0.026720973
90,test,0,0.06501169
3513,test,0,0.09143208
9533,test,0,0.028602522
3294,test,0,0.028602522
9083,test,0,0.026720973
991,test,0,0.033383522
9959,test,0,0.21288915
1866,test,0,0.030177763
8534,test,0,0.19255513
3232,test,0,0.026720973
10673,test,0,0.035849646
5804,test,0,0.057272114
1715,test,0,0.035665065
974,test,0,0.38721353
4389,test,0,0.041932207
6245,test,0,0.057272114
286,test,0,0.05136065
275,test,0,0.08515705
263,test,0,0.026720973
6978,test,0,0.057272114
6837,test,0,0.030177763
1603,test,0,0.25287226
1605,test,0,0.035849646
8019,test,0,0.24910042
2048,test,0,0.14614244
273,test,0,0.052008122
230,test,0,0.033383522
4305,test,0,0.07099661
6736,test,0,0.030177763
2167,test,0,0.08921847
9654,test,0,0.031196492
3456,test,0,0.026720973
289,test,0,0.19230682
8876,test,0,0.026720973
10541,test,0,0.038164146
6579,test,0,0.23980393
3192,test,0,0.11625462
3656,test,0,0.030177763
1710,test,0,0.033383522
8332,test,0,0.049530286
8090,test,0,0.038164146
7220,test,0,0.2989502
10866,test,0,0.03000686
3473,test,0,0.03000686
7381,test,0,0.06676885
6045,test,0,0.25967878
2042,test,0,0.089788914
2359,test,0,0.027626332
4184,test,0,0.026720973
9712,test,0,0.4470856
1593,test,0,0.030177763
2919,test,0,0.030177763
9405,test,0,0.035333235
9597,test,0,0.03131837
2736,test,0,0.03131837
1238,test,0,0.04380007
9899,test,0,0.030177763
8324,test,0,0.03810723
2367,test,0,0.3232092
3227,test,0,0.5146496
4262,test,0,0.02668065
3515,test,0,0.028747391
5339,test,0,0.03333349
4149,test,0,0.027626332
3224,test,0,0.30815846
9097,test,0,0.1684037
2056,test,0,0.028747391
5651,test,0,0.034497324
9071,test,0,0.02668065
2020,test,0,0.030613378
7198,test,0,0.02758468
2108,test,0,0.061253708
5797,test,0,0.08328832
8292,test,0,0.028297812
5764,test,0,0.21413831
8011,test,0,0.20179975
4648,test,0,0.32169035
7260,test,0,0.02693639
4044,test,0,0.3785568
2049,test,0,0.12096001
9043,test,0,0.02668065
9073,test,0,0.02668065
1700,test,0,0.24944928
10714,test,0,0.028747391
7769,test,0,0.038118593
5207,test,0,0.105301246
118,test,0,0.2245825
696,test,0,0.035280388
8923,test,0,0.25805315
4045,test,0,0.028747391
7117,test,0,0.16309682
10489,test,0,0.03333349
5700,test,0,0.38840917
2148,test,0,0.028747391
8978,test,0,0.03445496
8322,test,0,0.03849354
6301,test,0,0.02668065
4297,test,0,0.06498123
10685,test,0,0.038118593
7920,test,0,0.03333349
4435,test,0,0.071402065
1341,test,0,0.061253708
5214,test,0,0.03810723
1626,test,0,0.028747391
6313,test,0,0.034341116
7150,test,0,0.2828552
6577,test,0,0.06645905
8323,test,0,0.19440691
4622,test,0,0.38840917
9546,test,0,0.036765464
2402,test,0,0.036765464
3667,test,0,0.37199783
4565,test,0,0.061253708
6856,test,0,0.02668065
1812,test,0,0.03810723
2898,test,0,0.06645905
1852,test,0,0.407722
6392,test,0,0.06645905
3127,test,0,0.02668065
2725,test,0,0.06892967
2482,test,0,0.06645905
9835,test,0,0.06740585
6852,test,0,0.03100712
7269,test,0,0.12158187
9692,test,0,0.05300388
10690,test,0,0.03382271
1407,test,0,0.061253708
1,test,0,0.03100712
4303,test,0,0.3439166
6308,test,0,0.037745077
8338,test,0,0.03456293
7989,test,0,0.09678863
7991,test,0,0.028255178
10446,test,0,0.028255178
9207,test,0,0.03205292
8303,test,0,0.068753146
1821,test,0,0.035305064
176,test,0,0.06645905
9074,test,0,0.34808162
6238,test,0,0.29255682
2980,test,0,0.05897715
2046,test,0,0.028166141
6741,test,0,0.3634604
5658,test,0,0.061253708
6073,test,0,0.02668065
1671,test,0,0.15599237
7266,test,0,0.03907625
1872,test,0,0.027399214
1353,test,0,0.044069868
2131,test,0,0.5145009
10287,test,0,0.042235617
224,test,0,0.19218098
4487,test,0,0.36271673
7021,test,0,0.18169124
7632,test,0,0.06498123
5194,test,0,0.65403193
9111,test,0,0.042929094
7409,test,0,0.03333349
2409,test,0,0.03422491
11026,test,0,0.061253708
4190,test,0,0.027399214
10798,test,0,0.05897715
6307,test,0,0.028462036
6040,test,0,0.02832688
7882,test,0,0.03537529
8454,test,0,0.30762902
4618,test,0,0.40098897
7982,test,0,0.05897715
3147,test,0,0.027399214
8567,test,0,0.24671435
2153,test,0,0.38843527
2896,test,0,0.06645905
5773,test,0,0.24605004
6849,test,0,0.03445496
3392,test,0,0.061253708
2361,test,0,0.038695857
8885,test,0,0.027399214
1859,test,0,0.050352722
10654,test,0,0.028166141
3879,test,0,0.035170015
836,test,0,0.027399214
7161,test,0,0.28969026
9595,test,0,0.03537529
6299,test,0,0.1606768
10530,test,0,0.03849354
3136,test,0,0.34790888
186,test,0,0.042649265
9596,test,0,0.028747391
3786,test,0,0.23403327
1243,test,0,0.453509
7005,test,0,0.40724188
9910,test,0,0.043515615
1604,test,0,0.028255178
3189,test,0,0.03810723
9315,test,0,0.02758468
7695,test,0,0.07579669
2356,test,0,0.028747391
4641,test,0,0.026528997
10179,test,0,0.08337235
2011,test,0,0.034368064
4627,test,0,0.027399214
200,test,0,0.3736402
9054,test,0,0.10422227
9885,test,0,0.10422227
1362,test,0,0.4656792
5694,test,0,0.061253708
3212,test,0,0.05897715
4173,test,0,0.03422491
8301,test,0,0.03422491
7206,test,1,0.36758205
10859,test,0,0.061253708
1339,test,0,0.3498571
5184,test,0,0.0294246
5704,test,0,0.035170015
10057,test,0,0.07839877
1360,test,0,0.5687568
119,test,0,0.038494807
6592,test,0,0.033472992
9907,test,0,0.027399214
5777,test,0,0.05897715
857,test,0,0.03422491
7165,test,0,0.06645905
4311,test,0,0.05897715
3527,test,0,0.029327076
9856,test,0,0.028747391
7110,test,0,0.2016293
4502,test,0,0.028744837
2157,test,0,0.028747391
5166,test,0,0.17773987
8992,test,0,0.46199012
7980,test,0,0.05897715
7179,test,0,0.052550036
1858,test,0,0.03187173
11017,test,0,0.05897715
5609,test,0,0.16251828
8929,test,0,0.028462036
9606,test,0,0.066980585
4178,test,0,0.21373862
8382,test,0,0.216728
4491,test,0,0.06967299
8944,test,0,0.029032942
7880,test,0,0.5376896
10783,test,0,0.05897715
2171,test,0,0.03220526
9862,test,0,0.42447257
1816,test,0,0.30096927
9289,test,0,0.03422491
2890,test,0,0.044069868
249,test,0,0.22427711
3487,test,0,0.5209106
3233,test,0,0.51026183
9320,test,0,0.03333349
8235,test,0,0.029032942
7885,test,0,0.027399214
5790,test,0,0.05897715
1608,test,0,0.08776988
6839,test,0,0.027399214
4147,test,0,0.027399214
5796,test,0,0.05897715
132,test,0,0.027399214
3540,test,0,0.2696727
3234,test,0,0.2988365
2440,test,0,0.46226418
7013,test,0,0.028462036
5198,test,0,0.3191881
856,test,0,0.03422491
10519,test,0,0.16832401
5980,test,0,0.02832688
6597,test,0,0.027399214
9075,test,0,0.0637546
8889,test,0,0.0294246
4250,test,0,0.32482475
6961,test,0,0.14540401
1481,test,0,0.19002204
1577,test,0,0.07377485
7108,test,0,0.23217523
4613,test,0,0.10652013
7105,test,0,0.069054835
4295,test,0,0.06730206
3792,test,0,0.047822207
250,test,0,0.07610237
7898,test,0,0.056247734
2891,test,0,0.056247734
1811,test,0,0.058496438
9168,test,0,0.074088395
3455,test,0,0.074088395
10716,test,0,0.08763787
6726,test,0,0.061190866
5667,test,0,0.09896455
13,test,0,0.1372515
1862,test,0,0.101239555
5271,test,0,0.06730206
8657,test,0,0.083902426
10674,test,0,0.056247734
6068,test,0,0.06335587
9711,test,0,0.11696746
8052,test,0,0.0639321
9101,test,0,0.0639321
1380,test,0,0.05573666
2159,test,0,0.12954064
3554,test,0,0.029687015
2052,test,0,0.04375558
5809,test,0,0.053092342
3661,test,0,0.060440183
7753,test,0,0.08916758
693,test,0,0.056247734
627,test,0,0.056247734
10284,test,0,0.07053333
1195,test,0,0.05828868
2489,test,0,0.0664576
9820,test,0,0.07456828
11030,test,0,0.08481317
4299,test,0,0.053910255
88,test,0,0.04751601
1366,test,0,0.056160416
2150,test,0,0.08364149
1627,test,0,0.13284671
7425,test,0,0.08364149
9291,test,0,0.08364149
6590,test,0,0.1762306
9900,test,0,0.07474
10639,test,0,0.07474
1363,test,0,0.18488526
3662,test,0,0.18488526
8062,test,0,0.15085725
9675,test,0,0.1041169
2383,test,0,0.21038802
5972,test,0,0.12670986
9719,test,0,0.106808044
6028,test,0,0.08364149
10528,test,0,0.18663953
9211,test,0,0.1550834
8061,test,0,0.07035735
1349,test,0,0.07035735
116,test,0,0.091330566
390,test,0,0.07377485
8225,test,0,0.23918653
1702,test,0,0.03388413
9879,test,0,0.06444162
4425,test,0,0.14197457
5476,test,0,0.045414194
11037,test,0,0.06752416
606,test,0,0.057878125
619,test,0,0.036717426
10676,test,0,0.029687015
2729,test,0,0.03706095
10867,test,0,0.059487518
1196,test,0,0.09825337
2733,test,0,0.037444796
7635,test,0,0.067060016
10643,test,0,0.067060016
2436,test,0,0.0664576
4558,test,0,0.054429643
3590,test,0,0.1733075
981,test,0,0.08364149
1823,test,0,0.073660664
3007,test,0,0.12126712
10791,test,0,0.08373629
1357,test,0,0.05540335
1185,test,0,0.0639321
1665,test,0,0.0672051
8381,test,0,0.06397243
5776,test,0,0.15690258
3296,test,0,0.06397243
5647,test,0,0.06397243
5986,test,0,0.22254688
9821,test,0,0.06397243
178,test,0,0.07263086
1245,test,0,0.066785246
5996,test,0,0.19419464
7755,test,0,0.27243114
5213,test,0,0.06397243
1382,test,0,0.16117862
1486,test,0,0.1763927
10290,test,0,0.14051047
7166,test,0,0.06397243
9933,test,0,0.06397243
6595,test,0,0.17213741
4562,test,0,0.08489304
3877,test,0,0.032307133
8879,test,0,0.038357805
1661,test,0,0.0320062
9662,test,0,0.05303671
4269,test,0,0.053746317
1650,test,0,0.23440841
824,test,0,0.056247734
1392,test,0,0.056247734
8706,test,0,0.21171871
4633,test,0,0.02693639
1848,test,0,0.10915853
9076,test,0,0.032307133
85,test,0,0.032307133
1864,test,0,0.032307133
8693,test,0,0.11511191
9723,test,0,0.032307133
9892,test,0,0.032307133
2350,test,0,0.02693639
8009,test,0,0.032307133
6722,test,0,0.16960494
9094,test,0,0.032307133
5268,test,0,0.032307133
6990,test,0,0.034782555
3394,test,0,0.033395264
825,test,0,0.033650793
7212,test,0,0.02693639
4188,test,0,0.032307133
638,test,0,0.032307133
7752,test,0,0.17213741
238,test,0,0.29741225
7401,test,0,0.0320062
6310,test,0,0.071402065
9098,test,0,0.075848654
9292,test,0,0.032307133
1406,test,0,0.071402065
7852,test,0,0.07443371
6740,test,0,0.042394757
3293,test,0,0.032307133
10289,test,0,0.06978493
10786,test,0,0.0707636
2145,test,0,0.0707636
11029,test,0,0.097574376
6043,test,0,0.05303671
9838,test,0,0.032307133
2348,test,0,0.033395264
229,test,0,0.20460092
8348,test,0,0.20646048
1493,test,0,0.0707636
4574,test,0,0.034782555
3138,test,0,0.02693639
10800,test,0,0.032307133
3799,test,0,0.033395264
4388,test,0,0.15786494
9713,test,0,0.0320062
9237,test,0,0.033084545
3226,test,0,0.033395264
1198,test,0,0.033395264
611,test,0,0.033395264
9831,test,0,0.033395264
812,test,0,0.033395264
3210,test,0,0.14338617
2745,test,0,0.14704883
3389,test,0,0.053746317
5333,test,0,0.07377485
2982,test,0,0.071402065
8350,test,0,0.033084545
6989,test,0,0.20423898
5815,test,0,0.042680386
10984,test,0,0.17564385
3218,test,0,0.071402065
7875,test,0,0.033395264
2127,test,0,0.032307133
8453,test,0,0.1763927
8524,test,0,0.071402065
10550,test,0,0.071402065
3207,test,0,0.071402065
8448,test,0,0.071402065
3458,test,0,0.052092236
4559,test,0,0.06978493
6578,test,0,0.032307133
4488,test,0,0.032307133
7374,test,0,0.0639321
7418,test,0,0.2328888
6029,test,0,0.061296
11024,test,0,0.05648022
5222,test,0,0.032307133
5963,test,0,0.0320062
6044,test,0,0.033650793
94,test,0,0.13032812
3675,test,0,0.032307133
3148,test,0,0.02693639
9051,test,0,0.032307133
2047,test,0,0.02693639
9091,test,0,0.15052731
1666,test,0,0.029687015
2019,test,0,0.029687015
10691,test,0,0.033650793
6580,test,0,0.056247734
8747,test,0,0.114077084
10537,test,0,0.10849226
7419,test,0,0.08364149
3660,test,0,0.15052731
4609,test,0,0.032307133
4137,test,0,0.13118768
858,test,0,0.033650793
102,test,0,0.08636751
5981,test,0,0.17001417
2731,test,0,0.0320062
6080,test,0,0.031947058
629,test,0,0.031947058
3223,test,0,0.059934698
4332,test,0,0.03407629
2429,test,0,0.07020803
3790,test,0,0.06791157
3006,test,0,0.049828302
7154,test,0,0.08364149
5190,test,0,0.08630441
2376,test,0,0.032307133
813,test,0,0.032307133
10792,test,0,0.14826968
8287,test,0,0.2658089
2135,test,0,0.22955391
7006,test,0,0.032307133
3295,test,0,0.12655768
6737,test,0,0.15166491
6744,test,0,0.02693639
10448,test,0,0.032748964
6389,test,0,0.07705926
7422,test,0,0.1436513
2978,test,0,0.071402065
6388,test,0,0.07397391
8328,test,0,0.11738006
5569,test,0,0.033395264
9,test,0,0.037444796
1488,test,0,0.037444796
1387,test,0,0.028231477
2400,test,0,0.028231477
8282,test,0,0.032307133
1654,test,0,0.16202782
2920,test,0,0.042394757
10491,test,0,0.29741225
9549,test,0,0.056247734
1597,test,0,0.09825337
7148,test,0,0.23918653
10493,test,0,0.104033425
2439,test,0,0.14633924
1697,test,0,0.21039355
6087,test,0,0.067060016
5810,test,0,0.032307133
1182,test,0,0.20857106
8576,test,0,0.032307133
9617,test,0,0.0320062
2983,test,0,0.06397243
2022,test,0,0.13936213
4381,test,0,0.038886115
1344,test,0,0.063395865
3517,test,0,0.063395865
8983,test,0,0.056247734
2036,test,0,0.032307133
5225,test,0,0.039409176
14,test,0,0.032307133
6716,test,0,0.0838477
8996,test,0,0.032307133
2738,test,0,0.18102051
259,test,0,0.19441779
6711,test,0,0.03711418
6240,test,0,0.0809791
9876,test,0,0.2761006
6745,test,0,0.10919131
8299,test,0,0.124107875
2981,test,0,0.18959934
6846,test,0,0.033650793
6318,test,0,0.02693639
6992,test,0,0.06867485
810,test,0,0.02693639
4634,test,0,0.032307133
1854,test,0,0.02693639
7107,test,0,0.071402065
5784,test,0,0.06397243
1346,test,0,0.050577503
397,test,0,0.11451374
3537,test,0,0.032307133
10697,test,0,0.02693639
9688,test,0,0.21945266
9539,test,0,0.032307133
8334,test,0,0.032307133
266,test,0,0.1762306
7686,test,0,0.032307133
833,test,0,0.08364149
7201,test,0,0.032307133
2730,test,0,0.06254094
7205,test,0,0.032307133
5552,test,0,0.032307133
8892,test,0,0.13402016
9913,test,0,0.12334878
2404,test,0,0.032307133
7863,test,0,0.032307133
4185,test,0,0.032307133
834,test,0,0.044099282
5793,test,0,0.07972403
2138,test,0,0.2481381
10479,test,0,0.032307133
3598,test,0,0.07087782
8770,test,0,0.02693639
6036,test,0,0.033650793
7273,test,0,0.032307133
8569,test,0,0.02693639
5984,test,0,0.032307133
8587,test,0,0.032307133
4645,test,0,0.032307133
1244,test,0,0.028231477
697,test,0,0.072242506
2425,test,0,0.10855749
6315,test,0,0.06254094
9663,test,0,0.04130264
9543,test,0,0.033650793
6980,test,0,0.08364149
9176,test,0,0.08364149
9897,test,0,0.027306845
7376,test,0,0.06893394
4615,test,0,0.03711418
8014,test,0,0.02693639
9846,test,0,0.033650793
246,test,0,0.032307133
2031,test,0,0.032307133
6701,test,0,0.032307133
5652,test,0,0.07370666
4325,test,0,0.02693639
244,test,0,0.02693639
639,test,0,0.25384682
7019,test,0,0.052416373
5170,test,0,0.02693639
9110,test,0,0.06397243
3485,test,0,0.032307133
7915,test,0,0.032307133
3534,test,0,0.2954788
6986,test,0,0.02693639
2117,test,0,0.06176575
8060,test,0,0.032307133
17,test,0,0.02693639
199,test,0,0.27769873
2909,test,0,0.12890464
3672,test,0,0.06371613
7884,test,0,0.032626845
3480,test,0,0.032307133
5187,test,0,0.038886115
5656,test,0,0.035379797
4563,test,0,0.082717
8384,test,0,0.2923449
9715,test,0,0.02693639
4170,test,0,0.14157401
9594,test,0,0.032307133
2095,test,0,0.032307133
1809,test,0,0.14342776
9840,test,0,0.032307133
5555,test,0,0.02693639
4131,test,0,0.02693639
2266,test,0,0.06892484
8568,test,0,0.032307133
1870,test,0,0.06286954
8871,test,0,0.032307133
5566,test,0,0.033650793
10320,test,0,0.06893394
8286,test,0,0.03448978
7263,test,0,0.032307133
9827,test,0,0.032307133
5275,test,0,0.12848987
3217,test,0,0.027848838
1609,test,0,0.053151324
7704,test,0,0.04278904
632,test,0,0.032307133
6602,test,0,0.032307133
4318,test,0,0.032307133
10418,test,0,0.22127002
8285,test,0,0.07377485
2043,test,0,0.033650793
9084,test,0,0.032307133
5549,test,0,0.032307133
3520,test,0,0.17940736
5208,test,0,0.032307133
850,test,0,0.03448978
291,test,0,0.17799193
3471,test,0,0.29543853
1356,test,0,0.061453808
8582,test,0,0.21482956
3387,test,0,0.11217278
2378,test,0,0.033650793
9205,test,0,0.032307133
2044,test,0,0.02693639
6070,test,0,0.26676878
8007,test,0,0.032626845
10481,test,0,0.08345693
1388,test,0,0.033395264
11033,test,0,0.071402065
8692,test,0,0.03448978
9716,test,0,0.1791625
2885,test,0,0.13137352
7209,test,0,0.054980945
7375,test,0,0.035586137
8894,test,0,0.056247734
2294,test,0,0.16281319
10916,test,0,0.09890975
4141,test,0,0.093561515
4037,test,0,0.030094143
8656,test,0,0.033055376
2008,test,0,0.033055376
5186,test,0,0.027306845
6232,test,0,0.03372537
6977,test,0,0.035586137
6594,test,0,0.09207761
7151,test,0,0.09017304
1714,test,0,0.032307133
2172,test,0,0.1985303
10995,test,0,0.15687379
9082,test,0,0.02693639
2964,test,0,0.19624351
3205,test,0,0.17596273
8336,test,0,0.032307133
8048,test,0,0.033650793
6576,test,0,0.09662982
1179,test,0,0.20560789
9287,test,0,0.032307133
1590,test,0,0.02693639
4140,test,0,0.032307133
9863,test,0,0.071402065
10520,test,0,0.033395264
1623,test,0,0.24135329
7278,test,0,0.070070304
3798,test,0,0.09207761
3874,test,0,0.049828302
1694,test,0,0.032307133
1522,test,0,0.14304972
1483,test,0,0.071402065
841,test,0,0.02693639
9858,test,0,0.032626845
4171,test,0,0.033650793
9304,test,0,0.02693639
3481,test,0,0.15888119
1869,test,0,0.09017304
8092,test,0,0.090181194
3779,test,0,0.06397243
3214,test,0,0.22892673
9684,test,0,0.26516512
5266,test,0,0.17304821
8320,test,0,0.032307133
9621,test,0,0.033395264
8536,test,0,0.030094143
5710,test,0,0.056247734
3483,test,0,0.056247734
9807,test,0,0.06397243
2297,test,0,0.2681681
1808,test,0,0.17883806
9056,test,0,0.032307133
2912,test,0,0.18026571
9727,test,0,0.18027665
5538,test,0,0.056247734
5174,test,0,0.22166353
4301,test,0,0.032626845
5557,test,0,0.02693639
11020,test,0,0.071402065
2054,test,0,0.02693639
7379,test,0,0.032384127
4380,test,0,0.03832556
8013,test,0,0.032307133
3531,test,0,0.23306723
6071,test,0,0.02693639
1588,test,0,0.14872718
3521,test,0,0.02693639
2139,test,0,0.29139808
232,test,0,0.15819833
8343,test,0,0.032307133
6698,test,0,0.032307133
5600,test,0,0.4033946
10517,test,0,0.15819833
8050,test,0,0.032307133
10364,test,0,0.032307133
8873,test,0,0.033650793
3547,test,0,0.031947058
1616,test,0,0.032307133
6316,test,0,0.038886115
6994,test,0,0.02693639
6999,test,0,0.052416373
2346,test,0,0.032307133
3551,test,0,0.16591762
6743,test,0,0.03711418
8347,test,0,0.032307133
9085,test,0,0.032307133
7692,test,0,0.033650793
9319,test,0,0.12759115
105,test,0,0.032307133
971,test,0,0.032307133
5537,test,0,0.032307133
3457,test,0,0.027848838
8882,test,0,0.04278904
1586,test,0,0.02693639
3659,test,0,0.032748964
5193,test,0,0.02693639
8975,test,0,0.02693639
5172,test,0,0.3015088
4041,test,0,0.02693639
3775,test,0,0.18211465
177,test,0,0.035586137
5326,test,0,0.02693639
7,test,0,0.042176325
688,test,0,0.042176325
8342,test,0,0.02693639
1860,test,0,0.02693639
3679,test,0,0.028832655
4266,test,0,0.032307133
2035,test,0,0.032307133
8750,test,0,0.032307133
4333,test,0,0.032626845
8704,test,0,0.02693639
10485,test,0,0.029082125
3396,test,0,0.07359469
5973,test,0,0.033427514
1377,test,0,0.14189017
5558,test,0,0.032307133
2961,test,0,0.096654326
4606,test,0,0.033650793
9063,test,0,0.13057141
4166,test,0,0.18986835
8585,test,0,0.033395264
7204,test,0,0.02693639
4604,test,0,0.02693639
6714,test,0,0.05699772
9053,test,0,0.032307133
8002,test,0,0.0650575
9686,test,0,0.3136603
8694,test,0,0.02693639
2121,test,0,0.032307133
4386,test,0,0.033650793
9672,test,0,0.2837652
2295,test,0,0.13932449
4049,test,0,0.11059286
9290,test,0,0.02693639
4172,test,0,0.027848838
10914,test,0,0.13104615
2120,test,0,0.032307133
6713,test,0,0.033650793
10698,test,0,0.19154347
5967,test,0,0.02693639
2416,test,0,0.10805752
9066,test,0,0.13368225
7420,test,0,0.16731234
3204,test,0,0.07861262
6302,test,0,0.034110352
8686,test,0,0.02693639
5261,test,0,0.03711418
10191,test,0,0.17341688
237,test,0,0.032307133
9837,test,0,0.032307133
6309,test,0,0.03711418
2126,test,0,0.05508034
9893,test,0,0.033650793
6042,test,0,0.032307133
10060,test,0,0.18277666
7016,test,0,0.032307133
10353,test,0,0.2259902
9294,test,0,0.29570186
10451,test,0,0.038886115
6032,test,0,0.043207858
5567,test,0,0.032307133
2916,test,0,0.12566817
9845,test,0,0.12940623
5782,test,0,0.028258882
10,test,0,0.071402065
7881,test,0,0.032307133
1390,test,0,0.032748964
1579,test,0,0.032748964
9231,test,0,0.029687015
3143,test,0,0.02693639
6702,test,0,0.0590476
7000,test,0,0.02693639
5551,test,0,0.02693639
1386,test,0,0.153847
4630,test,0,0.20272978
9877,test,0,0.120620646
3525,test,0,0.2954083
3606,test,0,0.032626845
7405,test,0,0.02693639
6847,test,0,0.16830316
5338,test,0,0.15162167
8345,test,0,0.153847
9852,test,0,0.032307133
10325,test,0,0.06185473
1578,test,0,0.080003895
10649,test,0,0.02693639
1613,test,0,0.27088115
6983,test,0,0.032307133
9210,test,0,0.032307133
3550,test,0,0.032307133
4255,test,0,0.052416373
4385,test,0,0.20261994
2028,test,0,0.02693639
3469,test,0,0.14189017
7210,test,0,0.032307133
10699,test,0,0.032307133
3008,test,0,0.32006815
3220,test,0,0.029687015
1618,test,0,0.032626845
4313,test,0,0.060381517
8321,test,0,0.22920972
6843,test,0,0.04130264
4139,test,0,0.033650793
2164,test,0,0.02693639
7009,test,0,0.03439598
5989,test,0,0.032384127
8688,test,0,0.031947058
2968,test,0,0.13170905
7203,test,0,0.033650793
110,test,0,0.032307133
3119,test,0,0.032307133
10675,test,0,0.20421521
9301,test,0,0.22812815
3203,test,0,0.06185473
9245,test,0,0.075848654
106,test,0,0.20941636
9052,test,0,0.02693639
9718,test,0,0.038357805
8710,test,0,0.03372537
4306,test,0,0.15077204
8063,test,0,0.033650793
3115,test,0,0.032307133
7625,test,0,0.20967871
6845,test,0,0.039268304
225,test,0,0.02693639
8925,test,0,0.18716906
8768,test,0,0.032307133
7011,test,0,0.03711418
983,test,0,0.029082125
7363,test,0,0.03372537
10655,test,0,0.02693639
8987,test,0,0.032307133
9536,test,0,0.26473588
9681,test,0,0.228185
8581,test,0,0.02693639
9898,test,0,0.033650793
2380,test,0,0.02693639
10647,test,0,0.02693639
3478,test,0,0.032307133
1703,test,0,0.02693639
1718,test,0,0.032307133
8932,test,0,0.032307133
5265,test,0,0.16682376
10454,test,0,0.02693639
4167,test,0,0.02693639
7703,test,0,0.14743641
1489,test,0,0.054164052
4135,test,0,0.03398334
6981,test,0,0.033650793
2741,test,0,0.06371613
7215,test,0,0.032307133
8571,test,0,0.032307133
9069,test,0,0.16614605
280,test,0,0.02693639
4181,test,0,0.1137429
265,test,0,0.02693639
9673,test,0,0.26911256
10065,test,0,0.17336328
9722,test,0,0.02693639
8872,test,0,0.03711418
2752,test,0,0.02693639
10482,test,0,0.032307133
831,test,0,0.16425714
4326,test,0,0.032307133
2037,test,0,0.02693639
7637,test,0,0.1459377
9946,test,0,0.032307133
984,test,0,0.032307133
3140,test,0,0.032748964
8339,test,0,0.083823785
9887,test,0,0.08506323
3150,test,0,0.02693639
99,test,0,0.1963376
7889,test,0,0.058560904
8684,test,0,0.032307133
9208,test,0,0.033650793
4636,test,0,0.033650793
7373,test,0,0.039770093
5978,test,0,0.02693639
5332,test,0,0.032307133
3479,test,0,0.032307133
5573,test,0,0.18926904
5572,test,0,0.02693639
2347,test,0,0.02693639
10715,test,0,0.02693639
3470,test,0,0.03711418
8335,test,0,0.032307133
3539,test,0,0.029082125
4035,test,0,0.028832655
276,test,0,0.038886115
2149,test,0,0.032307133
10522,test,0,0.033395264
698,test,0,0.032748964
2917,test,0,0.032748964
2403,test,0,0.032307133
4336,test,0,0.093561515
245,test,0,0.032307133
10692,test,0,0.33437547
3526,test,0,0.032307133
2357,test,0,0.02693639
2366,test,0,0.032307133
3543,test,0,0.032307133
4432,test,0,0.103477426
9058,test,0,0.033395264
9811,test,0,0.033395264
4396,test,0,0.032307133
5769,test,0,0.058998853
1655,test,0,0.2024701
3117,test,0,0.034110352
5788,test,0,0.071402065
4059,test,0,0.071402065
7400,test,0,0.02693639
6724,test,0,0.02693639
9305,test,0,0.032307133
6735,test,0,0.04278904
5709,test,0,0.0641755
8383,test,0,0.18693005
243,test,0,0.17810535
2006,test,0,0.07382404
3180,test,0,0.06397243
7757,test,0,0.032626845
5178,test,0,0.1358851
817,test,0,0.28645054
2132,test,0,0.032307133
3519,test,0,0.033650793
2053,test,0,0.40122443
9535,test,0,0.033650793
10173,test,0,0.20650773
8047,test,0,0.033650793
1526,test,0,0.06488806
8993,test,0,0.03398334
262,test,0,0.16550896
1231,test,0,0.07370666
9826,test,0,0.032626845
978,test,0,0.032307133
7362,test,0,0.08818056
5278,test,0,0.032307133
2742,test,0,0.032307133
603,test,0,0.07370666
988,test,0,0.094926715
7257,test,0,0.032748964
7890,test,0,0.2768557
7415,test,0,0.033650793
4647,test,0,0.16211724
255,test,0,0.08266429
7199,test,0,0.21660344
8380,test,0,0.032307133
4036,test,0,0.02693639
9166,test,0,0.03372537
2407,test,0,0.032748964
10709,test,0,0.038886115
1693,test,0,0.032307133
7276,test,0,0.11019088
9810,test,0,0.075322434
175,test,0,0.100721456
9945,test,0,0.26225063
9212,test,0,0.04646312
3546,test,0,0.02693639
5322,test,0,0.032307133
10637,test,0,0.032307133
1585,test,0,0.02693639
8586,test,0,0.02693639
8231,test,0,0.20082816
4390,test,0,0.02693639
10358,test,0,0.39050907
7219,test,0,0.22293691
5712,test,0,0.061796706
9542,test,0,0.032748964
3225,test,0,0.05181504
5540,test,0,0.02693639
1410,test,0,0.06892484
4378,test,0,0.032307133
4191,test,0,0.21667741
8690,test,0,0.027848838
9607,test,0,0.032307133
8331,test,0,0.05191034
8447,test,0,0.0809791
129,test,0,0.060381517
7254,test,0,0.033650793
7258,test,0,0.032307133
10645,test,0,0.02693639
9932,test,0,0.055130806
111,test,0,0.02693639
5340,test,0,0.02693639
8767,test,0,0.22689034
4492,test,0,0.12686504
6037,test,0,0.18240002
9726,test,0,0.052416373
5562,test,0,0.032307133
1719,test,0,0.2010417
6,test,0,0.20762923
6312,test,0,0.032307133
5192,test,0,0.033650793
3287,test,0,0.08599847
2743,test,0,0.032307133
2405,test,0,0.032307133
10704,test,0,0.029082125
2974,test,0,0.032307133
8527,test,0,0.21554004
1822,test,0,0.032626845
9050,test,0,0.02693639
604,test,0,0.19640242
6076,test,0,0.11297029
10713,test,0,0.02693639
3193,test,0,0.13872327
5971,test,0,0.17304821
8924,test,0,0.032307133
6600,test,0,0.032307133
1364,test,0,0.14302681
103,test,0,0.2171489
6842,test,0,0.231083
4268,test,0,0.032307133
7918,test,0,0.1341707
1361,test,0,0.033650793
7380,test,0,0.04130264
2029,test,0,0.0809791
3771,test,0,0.0809791
1379,test,0,0.032626845
3673,test,0,0.032748964
3135,test,0,0.032307133
3666,test,0,0.032748964
2040,test,0,0.033650793
5565,test,0,0.032307133
5698,test,0,0.14329413
8531,test,0,0.032080594
96,test,0,0.032307133
7015,test,0,0.14690827
9853,test,0,0.032307133
9297,test,0,0.14690827
6027,test,0,0.02693639
8562,test,0,0.032307133
8935,test,0,0.18301493
9283,test,0,0.032307133
8884,test,0,0.08364149
4193,test,0,0.032307133
4321,test,0,0.02693639
8754,test,0,0.09046546
3475,test,0,0.032307133
1531,test,0,0.032519437
287,test,0,0.02693639
5979,test,0,0.032307133
6855,test,0,0.027848838
9714,test,0,0.02693639
9220,test,0,0.02693639
2146,test,0,0.02693639
1612,test,0,0.02693639
4264,test,0,0.02693639
15,test,0,0.032307133
2732,test,0,0.18726008
4626,test,0,0.032307133
9604,test,0,0.03607116
7003,test,0,0.228185
6707,test,0,0.07779832
4,test,0,0.033395264
257,test,0,0.15306936
6314,test,0,0.034782555
4253,test,0,0.17263153
9529,test,0,0.028832655
8578,test,0,0.02693639
182,test,0,0.06185473
4338,test,0,0.032307133
6081,test,0,0.032307133
9062,test,0,0.03054094
7421,test,0,0.16713162
3462,test,0,0.2849474
5202,test,0,0.028231477
194,test,0,0.06892484
11019,test,0,0.11118359
816,test,0,0.046524107
8762,test,0,0.033650793
6851,test,0,0.02693639
1193,test,0,0.1170345
8701,test,0,0.22659464
5272,test,0,0.06254094
2166,test,0,0.02693639
3015,test,0,0.11455955
1653,test,0,0.059265643
9905,test,0,0.02693639
7175,test,0,0.032307133
5548,test,0,0.032748964
7164,test,0,0.032307133
9284,test,0,0.26516512
9836,test,0,0.17257896
11022,test,0,0.06185473
3184,test,0,0.29263067
972,test,0,0.032307133
5264,test,0,0.032307133
8759,test,0,0.03026157
10994,test,0,0.032384127
9239,test,0,0.1530284
8689,test,0,0.02693639
2133,test,0,0.02693639
5564,test,0,0.032307133
9690,test,0,0.02693639
3222,test,0,0.032307133
10486,test,0,0.29164523
8354,test,0,0.032307133
4490,test,0,0.16767979
6966,test,0,0.10179448
3663,test,0,0.02693639
6993,test,0,0.294859
7395,test,0,0.034830317
4607,test,0,0.2281702
3677,test,0,0.23308392
7008,test,0,0.028832655
278,test,0,0.071402065
4031,test,0,0.027848838
10456,test,0,0.02693639
6244,test,0,0.2976405
7256,test,0,0.07646378
7261,test,0,0.045826476
285,test,0,0.02693639
7162,test,0,0.073660664
4144,test,0,0.033395264
7696,test,0,0.03711418
7698,test,0,0.032307133
10444,test,0,0.02693639
5959,test,0,0.033427514
9096,test,0,0.09003762
4033,test,0,0.14691651
5568,test,0,0.028832655
1583,test,0,0.032307133
5273,test,0,0.22166353
109,test,0,0.033276256
8344,test,0,0.032307133
10712,test,0,0.02693639
993,test,0,0.258114
979,test,0,0.032307133
2911,test,0,0.056247734
5556,test,0,0.02693639
10490,test,0,0.033650793
292,test,0,0.1712268
234,test,0,0.25305456
1619,test,0,0.038886115
5189,test,0,0.11375477
8749,test,0,0.35816327
9303,test,0,0.032307133
9668,test,0,0.032307133
8888,test,0,0.032307133
1696,test,0,0.032307133
2906,test,0,0.032307133
1589,test,0,0.03230612
1373,test,0,0.02693639
10555,test,0,0.032080594
3139,test,0,0.033650793
3452,test,0,0.02693639
7213,test,0,0.032307133
1378,test,0,0.033650793
10531,test,0,0.20989168
2412,test,0,0.032307133
8053,test,0,0.03372537
2349,test,0,0.02693639
1868,test,0,0.21542458
3463,test,0,0.05042946
8302,test,0,0.02693639
6077,test,0,0.029082125
107,test,0,0.031097107
10413,test,0,0.15918241
8926,test,0,0.032307133
3548,test,0,0.027306845
9851,test,0,0.060648967
2382,test,0,0.02693639
9888,test,0,0.0809791
3523,test,0,0.07070186
5197,test,0,0.032626845
2401,test,0,0.032307133
2173,test,0,0.03230612
9724,test,0,0.22166353
9857,test,0,0.103624806
4651,test,0,0.067060016
8563,test,0,0.028231477
4134,test,0,0.032307133
1818,test,0,0.032307133
2373,test,0,0.032307133
10702,test,0,0.035586137
1365,test,0,0.032307133
4133,test,0,0.040186632
7995,test,0,0.087341264
7914,test,0,0.18997407
6311,test,0,0.032307133
1867,test,0,0.03711418
8353,test,0,0.02693639
1355,test,0,0.14011237
6039,test,0,0.09319296
6303,test,0,0.032307133
201,test,0,0.073660664
4265,test,0,0.02693639
6696,test,0,0.02693639
6850,test,0,0.033395264
6046,test,0,0.18041083
4628,test,0,0.02693639
10188,test,0,0.07377485
7280,test,0,0.06978493
10329,test,0,0.032626845
3131,test,0,0.027306845
4136,test,0,0.032307133
8564,test,0,0.027306845
7913,test,0,0.22661203
7858,test,0,0.032307133
9823,test,0,0.08537693
4192,test,0,0.032307133
274,test,0,0.027848838
11,test,0,0.02693639
10672,test,0,0.073660664
7927,test,0,0.02693639
10547,test,0,0.18305863
269,test,0,0.032307133
7895,test,0,0.028832655
126,test,0,0.028832655
4058,test,0,0.032307133
2101,test,0,0.029687015
5799,test,0,0.08999774
1856,test,0,0.02693639
8766,test,0,0.10260832
1513,test,0,0.03895879
7626,test,0,0.1149524
10678,test,0,0.03706095
5262,test,0,0.14690827
16,test,0,0.033395264
3153,test,0,0.02693639
277,test,0,0.14193363
8003,test,0,0.031947058
5554,test,0,0.032307133
2443,test,0,0.032307133
4637,test,0,0.041707534
9541,test,0,0.032748964
4642,test,0,0.12445291
258,test,0,0.032307133
9163,test,0,0.071402065
4638,test,0,0.02693639
8008,test,0,0.08266429
10184,test,0,0.08266429
6072,test,0,0.2500024
4057,test,0,0.032748964
4165,test,0,0.032307133
2147,test,0,0.02693639
2746,test,0,0.02693639
9880,test,0,0.032080594
6734,test,0,0.032307133
260,test,0,0.18475923
8758,test,0,0.032307133
5196,test,0,0.033650793
6848,test,0,0.032626845
8112,test,0,0.2432172
1740,test,1,0.9098221
68,test,0,0.36322165
318,test,0,0.28523645
7670,test,0,0.11202651
326,test,0,0.03545355
57,test,0,0.03545355
7662,test,0,0.23842913
4154,test,0,0.16385475
8131,test,0,0.03578569
4664,test,1,0.9700988
5834,test,0,0.030884152
5843,test,0,0.13848257
6779,test,0,0.14994612
1981,test,0,0.17967717
412,test,0,0.14994612
6289,test,0,0.031174866
7951,test,1,0.9689631
2798,test,0,0.23842913
2822,test,0,0.25134856
405,test,0,0.03545355
10508,test,0,0.23842913
679,test,0,0.13848257
10509,test,0,0.23842913
511,test,0,0.14994612
7700,test,1,0.94798005
7867,test,0,0.18294908
4646,test,0,0.18294908
7879,test,0,0.03578569
4176,test,1,0.9700988
3196,test,0,0.03545355
3291,test,0,0.07604411
3832,test,1,0.9691672
4968,test,0,0.031174866
8136,test,0,0.06921983
168,test,0,0.081676275
3275,test,0,0.21450913
4859,test,1,0.97007173
3433,test,0,0.23842913
5260,test,1,0.9691672
4955,test,1,0.9691672
7903,test,0,0.03545355
4951,test,1,0.9700988
7297,test,1,0.96802604
7512,test,0,0.23842913
5007,test,0,0.36322165
4991,test,0,0.030884152
4288,test,1,0.9691672
3424,test,0,0.23842913
7466,test,0,0.23842913
5454,test,0,0.03545355
3692,test,0,0.12056963
2568,test,0,0.16385475
11051,test,1,0.96899104
10003,test,0,0.030884152
887,test,0,0.11202651
716,test,1,0.97007173
341,test,0,0.11202651
8158,test,0,0.36322165
10030,test,0,0.030884152
345,test,0,0.12460324
8436,test,0,0.030884152
6652,test,0,0.20486626
10032,test,0,0.03578569
4372,test,0,0.28523645
1464,test,0,0.03545355
7847,test,0,0.031174866
6802,test,0,0.03545355
5758,test,0,0.23842913
1460,test,0,0.031174866
9721,test,1,0.9700988
9070,test,1,0.95020646
10865,test,0,0.14994612
6394,test,0,0.23842913
10688,test,0,0.22652318
9399,test,0,0.23842913
9611,test,0,0.14994612
5692,test,0,0.36322165
1368,test,0,0.23842913
9306,test,0,0.23842913
9631,test,0,0.23842913
9618,test,0,0.22196735
6395,test,0,0.03545355
8720,test,0,0.20486626
2748,test,0,0.2630997
1414,test,0,0.14994612
7391,test,0,0.34201315
3089,test,1,0.96802604
8820,test,1,0.9691672
8868,test,0,0.16747458
8500,test,0,0.04306365
1555,test,0,0.03578569
7106,test,0,0.14994612
1591,test,1,0.9691672
8771,test,1,0.9700988
2398,test,1,0.9700988
4571,test,0,0.14994612
9816,test,0,0.1912544
1343,test,0,0.29960546
4379,test,1,0.9670106
8516,test,0,0.23842913
3129,test,0,0.23842913
3213,test,0,0.13334872
6830,test,1,0.92778933
217,test,1,0.96802604
7674,test,0,0.13848257
9015,test,0,0.030884152
449,test,0,0.030884152
599,test,0,0.22196735
4954,test,1,0.96919495
7684,test,0,0.03768935
8616,test,0,0.2432172
2874,test,0,0.03545355
2278,test,0,0.19926675
2873,test,0,0.36322165
7163,test,0,0.17967717
18,test,1,0.95645994
10443,test,1,0.9691672
9652,test,0,0.2432172
9949,test,0,0.03545355
9660,test,0,0.22196735
9610,test,1,0.95732236
