account_id,split,target,score
2422,valid,1,0.934235
3768,valid,0,0.0003873648
10059,valid,0,0.0006171451
5328,valid,0,0.0006171451
10426,valid,0,0.13348967
8445,valid,0,0.013684244
7018,valid,0,0.027296012
10978,valid,0,0.027296012
8927,valid,0,0.026901223
3778,valid,0,0.026901223
8753,valid,1,0.86042386
2413,valid,1,0.8308059
10064,valid,0,0.023705628
3472,valid,1,0.95257187
4625,valid,1,0.7693375
10553,valid,0,0.027296012
6242,valid,0,0.013684244
91,valid,0,0.00037962824
6236,valid,0,0.014116513
198,valid,0,0.00025725624
113,valid,1,0.8453906
4629,valid,1,0.8966012
4179,valid,0,0.027296012
3158,valid,0,0.10909579
8027,valid,0,0.011873002
3971,valid,0,0.014116513
6780,valid,0,0.11403353
2497,valid,0,0.113298304
3734,valid,0,0.27502912
3613,valid,0,0.08424536
6660,valid,0,0.22418994
76,valid,0,0.11406147
1967,valid,0,0.51101017
8157,valid,0,0.117046155
2062,valid,0,0.00057176134
9010,valid,0,0.0017209435
3324,valid,0,0.056788288
7597,valid,0,0.00022834746
2341,valid,0,0.00022834746
8022,valid,0,0.713516
4371,valid,0,0.00020707754
9023,valid,0,0.6746198
8193,valid,0,0.1083165
3620,valid,0,0.0087903775
8597,valid,0,0.010947897
11086,valid,0,0.07105829
5404,valid,0,0.4533523
153,valid,0,0.43185624
7510,valid,0,0.37292144
469,valid,0,0.46557626
5725,valid,0,0.7536435
5714,valid,1,0.87437683
2994,valid,0,0.141962
4901,valid,0,0.66685075
9470,valid,0,0.50122595
464,valid,0,0.03966562
2811,valid,0,0.26588312
9790,valid,0,0.8561128
8197,valid,0,0.6660629
5123,valid,0,0.5095373
5400,valid,0,0.038865466
8222,valid,0,0.43337667
1943,valid,0,0.19639243
5054,valid,0,0.11976786
208,valid,0,0.11640112
9915,valid,0,0.47234344
4505,valid,0,0.34200796
218,valid,0,0.7368075
10126,valid,0,0.85776395
6803,valid,0,0.79801065
951,valid,0,0.55113435
4229,valid,0,0.15435618
10625,valid,0,0.47234344
8780,valid,0,0.0005968215
6298,valid,0,0.7745523
7802,valid,0,0.017396193
8416,valid,0,0.11260798
5394,valid,0,0.017396193
5894,valid,0,0.15305926
4994,valid,0,0.48942778
1936,valid,0,0.73591274
11069,valid,0,0.08176992
5581,valid,0,0.00023482283
7804,valid,0,0.085912645
9991,valid,0,0.017396193
3353,valid,0,0.1378057
4203,valid,0,0.5441231
5715,valid,0,0.002155936
9475,valid,0,0.002155936
5901,valid,0,0.112388626
6247,valid,0,0.084266834
6865,valid,0,0.56737924
5851,valid,0,0.90891486
6940,valid,0,0.13575968
10383,valid,0,0.6063633
5899,valid,0,0.1056815
6287,valid,0,0.0767328
4927,valid,0,0.17200035
361,valid,0,0.8868671
8023,valid,0,0.035483647
3405,valid,0,0.09210301
4292,valid,0,0.44031936
1790,valid,0,9.8713106e-05
6863,valid,0,0.070467435
7551,valid,0,0.014637724
11087,valid,0,0.014637724
1510,valid,0,0.070467435
4843,valid,0,0.10021444
1938,valid,0,0.070467435
3400,valid,0,0.61845624
4727,valid,0,0.61845624
10373,valid,0,0.10021444
3854,valid,0,0.61845624
6417,valid,0,0.70928997
5860,valid,0,0.090014204
10083,valid,0,0.9124396
5159,valid,0,0.12035731
2695,valid,0,0.6357601
6616,valid,0,0.27514127
3317,valid,0,0.30964616
869,valid,0,0.00020286931
1033,valid,0,0.04274336
4935,valid,0,0.0019608727
1021,valid,0,0.46854624
6796,valid,0,0.00020286931
9198,valid,0,0.87054914
3162,valid,0,0.5122535
8151,valid,0,0.08958396
6816,valid,0,0.5964112
5643,valid,0,0.9758229
9964,valid,0,0.1001314
4670,valid,0,0.4596843
6621,valid,0,0.9451152
6149,valid,0,0.00019693813
8414,valid,0,0.032216832
2815,valid,0,0.22708169
5913,valid,0,0.50904804
7648,valid,0,0.00028284028
8215,valid,0,0.00028284028
1202,valid,0,0.203155
6055,valid,0,0.00038215253
6441,valid,0,0.24478804
3167,valid,0,0.6875476
2855,valid,0,0.62703764
5045,valid,0,0.88623565
3252,valid,0,0.52979255
3957,valid,0,0.80475247
8553,valid,0,0.5683647
10079,valid,0,0.8686869
5361,valid,0,0.18412076
8038,valid,0,0.96292865
5880,valid,0,0.68133265
7497,valid,0,0.4009929
4858,valid,0,0.00017365256
6867,valid,0,0.95963925
5916,valid,0,0.0009410555
1005,valid,0,0.97856903
3822,valid,0,0.9608803
9423,valid,0,0.0030001581
10615,valid,0,0.2194625
3826,valid,0,0.09440695
7613,valid,0,0.0009840679
6607,valid,0,0.45628002
1217,valid,0,4.045437e-05
6293,valid,0,0.73117393
3354,valid,0,0.7353426
5757,valid,0,0.00028284028
6143,valid,0,0.6059829
11082,valid,0,0.45320055
4996,valid,0,0.9462079
1903,valid,0,0.2618554
6810,valid,0,0.8785972
7509,valid,0,0.30079958
10955,valid,0,0.6699371
8841,valid,0,0.30964616
4459,valid,0,0.36035943
3626,valid,0,0.32242578
6768,valid,0,0.5700203
539,valid,0,0.10021444
79,valid,0,7.8947494e-05
3718,valid,0,0.2871959
4960,valid,0,0.093915574
4284,valid,0,0.2926668
2539,valid,0,0.43159413
1978,valid,0,0.31734246
1292,valid,0,0.04218939
9183,valid,0,0.07710517
3850,valid,0,0.21670869
5934,valid,0,0.0017045755
5124,valid,0,0.5786639
3419,valid,0,0.00041232086
2804,valid,0,0.44724616
4947,valid,0,0.01750908
39,valid,0,0.017396193
549,valid,0,0.113298304
7493,valid,0,0.00015053325
8429,valid,0,0.00015053325
6764,valid,0,0.2067533
3740,valid,0,0.1573939
503,valid,0,0.00020955734
5883,valid,0,0.08284602
8186,valid,0,0.5928919
2242,valid,0,0.10021444
2864,valid,0,0.0005009849
1500,valid,0,0.92097825
5048,valid,0,0.08176992
10269,valid,0,0.035183325
8205,valid,0,0.64850056
4854,valid,0,0.65807176
344,valid,0,0.004440061
364,valid,0,0.00069061026
10628,valid,0,0.00021554765
1902,valid,0,0.013684244
4208,valid,0,0.08129143
1014,valid,0,0.18594922
4366,valid,0,0.19166714
6783,valid,0,0.0627486
2306,valid,0,0.5187718
4067,valid,0,0.46933976
10871,valid,0,0.0016019393
2071,valid,0,0.933302
7308,valid,0,0.002986125
6626,valid,0,0.00015053325
8221,valid,0,0.72506255
6147,valid,0,0.5457321
9986,valid,0,0.7745523
10252,valid,0,0.0017209435
9980,valid,0,0.0019162284
9000,valid,0,0.31518644
9473,valid,0,0.7874433
6752,valid,0,0.38262954
5290,valid,0,0.15307902
8171,valid,0,0.0006762397
4938,valid,0,0.05817731
9477,valid,0,0.877691
10968,valid,0,0.07710517
671,valid,0,0.39416128
4961,valid,0,0.86068803
1276,valid,0,0.02974346
10271,valid,0,0.62188935
1940,valid,0,0.09986237
1893,valid,0,0.0006529338
5367,valid,0,0.0006529338
4358,valid,0,0.024704237
7909,valid,0,0.12666728
542,valid,0,0.044011097
1805,valid,0,0.0034971363
3701,valid,0,0.2067533
6277,valid,0,0.45103645
4721,valid,0,0.004893561
548,valid,0,0.00078381965
6797,valid,0,0.7340308
2821,valid,0,0.0017209435
3240,valid,0,0.3439767
5001,valid,0,0.87791026
5871,valid,0,0.12332562
2587,valid,0,0.60550654
5722,valid,0,0.87407154
10391,valid,0,0.32955873
9410,valid,0,0.0006184496
10563,valid,0,0.0722953
7907,valid,0,0.40186334
2516,valid,0,0.17984232
675,valid,0,0.40186334
5230,valid,0,0.40186334
475,valid,0,0.00027540434
8180,valid,0,0.0002818099
10280,valid,0,0.8215171
7063,valid,0,0.4009929
3157,valid,0,0.87054914
3722,valid,0,0.38078308
415,valid,0,0.34451115
3745,valid,0,0.22237901
2540,valid,0,0.5806427
7783,valid,0,0.031789992
3966,valid,0,0.00018952054
2592,valid,0,0.014116513
7797,valid,0,0.27111137
5289,valid,0,0.00047993136
8777,valid,0,0.40183762
2310,valid,0,0.10034542
2546,valid,0,0.0011849029
5300,valid,0,0.32930973
3241,valid,0,0.011772644
9417,valid,0,0.2871959
9125,valid,0,0.5846601
4219,valid,0,0.0004365886
4928,valid,0,0.0011645977
8145,valid,0,0.00056450174
1896,valid,0,0.10034542
7499,valid,0,0.39416128
5461,valid,0,0.9101203
1279,valid,0,0.17200035
1494,valid,0,0.88818866
1472,valid,0,0.10021444
1328,valid,0,0.08265424
167,valid,0,0.053881627
4222,valid,0,0.20833328
10977,valid,0,0.00035659087
1064,valid,0,0.00019977998
5582,valid,0,0.00037721643
4949,valid,0,0.00037721643
8152,valid,0,0.037790168
4463,valid,0,0.5599714
1505,valid,0,0.00083387207
9500,valid,0,0.87182885
1792,valid,0,0.5311586
2542,valid,0,0.91704506
7776,valid,0,0.27464825
660,valid,0,0.00021270291
10123,valid,0,0.013684244
2340,valid,0,0.0627905
172,valid,0,0.0087903775
4907,valid,0,0.0087903775
8546,valid,0,0.040454283
584,valid,0,0.07687034
6773,valid,0,0.00083387207
5862,valid,0,0.00083387207
10659,valid,0,0.00083387207
7841,valid,0,0.009676699
7726,valid,0,0.070467435
10973,valid,0,0.10021444
9002,valid,0,0.0007775575
1165,valid,0,0.0005388863
1066,valid,0,0.6298244
6873,valid,0,0.03372201
2698,valid,0,0.07105829
9180,valid,0,0.106657036
3311,valid,0,0.35114217
2632,valid,0,0.0007855413
9424,valid,0,0.1378057
10251,valid,0,0.31518644
6056,valid,0,0.11081286
3699,valid,0,0.12791036
3814,valid,0,0.08176992
7961,valid,0,0.00035981913
2240,valid,0,0.0032527328
4062,valid,0,0.0002050718
3964,valid,0,0.0011425692
2990,valid,0,0.3483853
9427,valid,0,0.12791036
4952,valid,0,0.02280661
4506,valid,0,0.007838481
595,valid,0,0.82000786
10078,valid,0,0.47669858
8776,valid,0,0.11640112
5905,valid,0,0.044289052
8170,valid,0,0.00083387207
4455,valid,0,0.00083387207
967,valid,0,0.0037247404
5859,valid,0,0.098906055
6649,valid,0,0.18148118
11067,valid,0,0.037790168
3621,valid,0,0.00025074722
8172,valid,0,0.7616561
10258,valid,0,0.13279527
5578,valid,0,0.3190973
5142,valid,0,0.30882385
3809,valid,0,0.34942123
10904,valid,0,0.00095077796
4205,valid,0,0.0004623574
1942,valid,0,0.014637724
1280,valid,0,0.22768958
1892,valid,0,0.000655329
10099,valid,0,0.00023435538
1901,valid,0,0.011772644
4966,valid,0,0.066000454
3623,valid,0,0.44095606
3502,valid,0,0.12791036
2303,valid,0,0.08377629
5379,valid,0,0.82000786
8021,valid,0,0.055213366
10033,valid,0,0.01204034
8848,valid,0,0.62103045
5012,valid,0,0.08856714
2817,valid,0,0.51101017
4364,valid,0,0.27940762
7652,valid,0,0.37014514
8138,valid,0,0.00017973367
776,valid,0,5.2483338e-05
6427,valid,0,0.0028185048
6829,valid,0,0.19375448
3309,valid,0,0.87182885
4732,valid,0,0.18821193
4754,valid,0,0.017396193
1310,valid,0,0.33862862
450,valid,0,0.40734994
8137,valid,0,0.1704341
8167,valid,0,7.8947494e-05
10568,valid,0,0.32242578
10254,valid,0,0.8906045
2518,valid,0,0.0115203
5836,valid,0,0.013201238
4357,valid,0,0.0002995224
3314,valid,0,0.010947897
5157,valid,0,0.00014291031
8555,valid,0,0.14291471
8188,valid,0,0.09878787
567,valid,0,0.7160321
6640,valid,0,0.6187952
7605,valid,0,0.9118291
3987,valid,0,0.6897238
8178,valid,0,0.79853183
6131,valid,0,0.010947897
6794,valid,0,0.0032527328
10119,valid,0,0.027296012
2988,valid,0,0.07105829
5839,valid,0,0.07806455
10270,valid,0,0.3422377
3704,valid,0,0.0007337868
8946,valid,0,0.02280661
7650,valid,0,0.03966562
3411,valid,0,0.0007855413
2861,valid,0,0.15435618
8773,valid,0,0.44270378
3816,valid,0,0.00083387207
674,valid,0,0.00082087604
6248,valid,0,0.00083387207
3963,valid,0,0.00083387207
7942,valid,0,0.8728054
1173,valid,0,0.00083387207
5890,valid,0,0.1056815
564,valid,0,0.00015748055
7947,valid,0,0.0032572667
448,valid,0,0.0005296708
7780,valid,0,0.07818916
7496,valid,0,0.32657203
7059,valid,0,0.007466557
2235,valid,0,0.30750623
10090,valid,0,0.203155
1798,valid,0,0.63935983
5864,valid,0,0.5118038
2526,valid,0,0.30750623
1971,valid,0,0.00046067795
7134,valid,0,0.118020095
9785,valid,0,0.00047328553
8592,valid,0,0.081638314
10111,valid,0,0.141962
5844,valid,0,0.014034506
3617,valid,0,0.48615283
6902,valid,0,0.5831765
3304,valid,0,0.36732653
10961,valid,0,0.023501407
5579,valid,0,0.00020502762
3719,valid,0,0.0042948034
5588,valid,0,0.19379891
4272,valid,0,0.001416141
3853,valid,0,0.00015053325
600,valid,0,0.001369765
6943,valid,0,0.21806964
8840,valid,0,0.3200608
6297,valid,0,0.22801416
461,valid,0,0.0008801566
3700,valid,0,0.0003390053
4715,valid,0,0.9271762
3423,valid,0,0.79518735
7785,valid,0,0.0013892554
3581,valid,0,0.08176992
10884,valid,0,0.08176992
8410,valid,0,0.00026824055
3716,valid,0,0.0017209435
4217,valid,0,0.017396193
7786,valid,0,0.5836364
3172,valid,0,0.0018608229
2524,valid,0,0.00083387207
2501,valid,0,0.00083387207
9787,valid,0,0.5836364
2538,valid,0,0.1232723
8948,valid,0,0.48466158
10969,valid,0,0.00080567243
1083,valid,0,0.0018649625
10384,valid,0,0.11031017
10663,valid,0,0.90268314
6800,valid,0,0.00041469603
169,valid,0,0.027296012
574,valid,0,0.023705628
206,valid,0,0.0003134159
4087,valid,0,0.00019977998
5614,valid,0,0.07105829
6860,valid,0,0.0011494128
10617,valid,0,0.043165598
1897,valid,0,0.02280661
7955,valid,0,0.08377629
10953,valid,0,0.00053660054
4224,valid,0,0.11673538
3579,valid,0,0.18729821
10581,valid,0,0.038865466
6790,valid,0,0.17938377
10897,valid,0,0.115234055
510,valid,0,0.29025888
10664,valid,0,0.5928919
5111,valid,0,0.0017264137
7600,valid,0,0.11406147
6283,valid,0,0.46342054
9984,valid,0,0.00083387207
8194,valid,0,0.007954018
4728,valid,0,0.017396193
7557,valid,0,5.66262e-05
1331,valid,0,0.13575968
570,valid,0,0.49444678
360,valid,0,0.7820211
9928,valid,0,0.9270174
5849,valid,0,0.9237669
5116,valid,0,0.0006661872
9112,valid,0,0.113298304
4905,valid,0,4.045437e-05
468,valid,0,0.0003457542
6416,valid,0,0.6059829
10632,valid,0,0.24723913
26,valid,0,0.20833328
7793,valid,0,0.37777308
6419,valid,0,0.001293062
1077,valid,0,0.24723913
5298,valid,0,0.9208753
6431,valid,0,0.00022305558
6648,valid,0,0.00014799983
9917,valid,0,0.0032527328
864,valid,0,0.0032527328
772,valid,0,0.00022169121
1939,valid,0,0.0087903775
7849,valid,0,0.11920234
9634,valid,0,0.00024029851
4348,valid,0,0.0003372933
5863,valid,0,0.00045368104
4069,valid,0,0.0087903775
445,valid,0,0.00057176134
9476,valid,0,0.0005234186
10027,valid,0,0.00052471115
8593,valid,0,0.6083898
156,valid,0,0.23196377
7565,valid,0,0.86861956
2521,valid,0,0.0015788324
8600,valid,0,0.00021621436
7555,valid,0,0.03966562
8147,valid,0,0.00038012816
4362,valid,0,0.0006664304
2502,valid,0,0.27847925
1008,valid,0,0.00032448195
3337,valid,0,0.00046657806
560,valid,0,0.1558403
1290,valid,0,0.0009705783
350,valid,0,0.6662874
1463,valid,0,0.0005458268
10021,valid,0,0.74291307
6250,valid,0,0.00042261786
5857,valid,0,0.0003863182
9463,valid,0,0.0009544438
366,valid,0,0.0008156015
4198,valid,0,0.00047905536
2506,valid,0,0.0015598335
7781,valid,0,0.0007559727
4995,valid,0,0.51580346
3406,valid,0,0.0017209435
3247,valid,0,0.0002537719
3807,valid,0,0.35033765
661,valid,0,0.017396193
408,valid,0,0.27940762
10132,valid,0,0.00083387207
3710,valid,0,0.017396193
6903,valid,0,0.27940762
4088,valid,0,0.017396193
6295,valid,0,0.00024645057
359,valid,0,0.0037549604
4066,valid,0,0.084266834
3260,valid,0,0.94218105
170,valid,0,0.00083387207
10577,valid,0,0.0005714135
43,valid,0,0.07710517
3741,valid,0,0.047593255
4279,valid,0,4.045437e-05
342,valid,0,0.46798006
583,valid,0,0.0001815181
4196,valid,0,7.278837e-05
31,valid,0,0.06942996
9468,valid,0,0.0002908813
7602,valid,0,0.8152204
3303,valid,0,0.00037052503
5931,valid,0,0.203155
7617,valid,0,0.62703764
5257,valid,0,0.48928207
4518,valid,0,0.20717834
2623,valid,0,0.92845184
1502,valid,0,0.010947897
2504,valid,0,0.014034506
4375,valid,0,7.092323e-05
9416,valid,0,7.0609975e-05
8560,valid,0,0.0087903775
5847,valid,0,0.0040461593
10612,valid,0,0.44985867
3341,valid,0,0.0008308538
1975,valid,0,0.010947897
4457,valid,0,0.21240671
736,valid,0,0.3387864
6664,valid,0,0.00057176134
5718,valid,0,0.17077316
2955,valid,0,0.0015626805
9130,valid,0,0.042927567
8169,valid,0,0.47273475
7505,valid,0,0.3406752
3327,valid,0,0.001138308
4278,valid,0,0.080045946
1784,valid,0,0.13375202
10630,valid,0,0.31674877
3302,valid,0,0.19146807
9799,valid,0,0.00039937146
1200,valid,0,0.00027307394
9444,valid,0,0.0007855413
3872,valid,0,0.45495167
6437,valid,0,0.02280661
6953,valid,0,0.0035837644
2808,valid,0,0.7035216
453,valid,0,0.02280661
9004,valid,0,0.2871959
5867,valid,0,0.00041936975
1063,valid,0,0.00015053325
3849,valid,0,0.82000786
4906,valid,0,0.00053297577
9009,valid,0,0.044011097
10089,valid,0,0.49634197
2853,valid,0,0.4261442
8081,valid,0,0.14724167
8025,valid,0,0.0003390053
6754,valid,0,0.71694195
10097,valid,0,0.23648854
497,valid,0,0.47234344
7568,valid,0,0.0009072277
8971,valid,0,0.66654605
6836,valid,0,0.55347496
10951,valid,0,0.45239845
10623,valid,0,0.00041464405
219,valid,0,0.19610836
4897,valid,0,0.0013323925
4271,valid,0,0.13558474
3171,valid,0,0.017396193
4740,valid,0,0.017396193
3255,valid,0,0.46342054
7558,valid,0,0.15305926
5729,valid,0,0.6961897
4930,valid,0,0.040999085
155,valid,0,7.916393e-05
1026,valid,0,0.006801283
5639,valid,0,0.066724256
9804,valid,0,0.022433309
452,valid,0,0.022433309
7933,valid,0,0.2697791
9185,valid,0,0.007954018
5754,valid,0,0.00051951036
1642,valid,0,0.18222795
4669,valid,0,0.06807673
8426,valid,0,0.077732936
10375,valid,0,0.9299617
2780,valid,0,0.2194625
7680,valid,0,0.6135576
3979,valid,0,0.279018
5371,valid,0,0.5108744
2637,valid,0,0.66440344
3345,valid,0,0.8627305
645,valid,0,0.4509309
3342,valid,0,0.82903403
8142,valid,0,0.56284803
3729,valid,0,0.107845366
8035,valid,0,0.107845366
7792,valid,0,0.000104341205
4971,valid,0,9.8713106e-05
1285,valid,0,0.107845366
7717,valid,0,0.01389003
7616,valid,0,0.08172589
1312,valid,0,0.107845366
10428,valid,0,4.045437e-05
5635,valid,0,0.01389003
9191,valid,0,0.61845624
578,valid,0,0.22768958
7292,valid,0,0.03140575
505,valid,0,0.16863844
862,valid,0,0.0037659702
7566,valid,0,0.34022585
4656,valid,0,0.054420084
2523,valid,0,0.8874785
8203,valid,0,0.203155
2785,valid,0,0.0003059265
1930,valid,0,0.098924205
29,valid,0,0.7847809
7953,valid,0,0.3703533
6827,valid,0,0.46198148
3955,valid,0,0.00040259765
3335,valid,0,0.40747884
1793,valid,0,0.00042284434
1948,valid,0,0.17057239
5009,valid,0,0.19271466
3984,valid,0,0.19271466
3735,valid,0,0.3086724
1078,valid,0,0.26150268
5299,valid,0,0.054420084
8439,valid,0,0.00042284434
8146,valid,0,0.0008472867
643,valid,0,0.0001939746
28,valid,0,0.37777308
556,valid,0,0.45628002
1924,valid,0,0.37759185
6627,valid,0,0.9020455
6057,valid,0,0.0025625033
5915,valid,0,0.5683647
5251,valid,0,0.08258804
648,valid,0,0.14013638
2307,valid,0,0.2928988
8432,valid,0,0.0062713022
7649,valid,0,0.0017065972
775,valid,0,0.3946878
73,valid,0,0.6403105
10246,valid,0,5.2483338e-05
1004,valid,0,0.51101017
3413,valid,0,0.23996837
1927,valid,0,0.51101017
161,valid,0,5.2483338e-05
1788,valid,0,0.06049938
4460,valid,0,0.39292547
5833,valid,0,0.008332236
3262,valid,0,0.51198167
3500,valid,0,0.4080937
554,valid,0,0.0011692039
717,valid,0,0.0017311999
1204,valid,0,0.20164275
4852,valid,0,0.0010882351
5854,valid,0,0.0024943016
5627,valid,0,0.31348675
721,valid,0,0.0009099612
5052,valid,0,0.00032420582
6650,valid,0,0.00477946
734,valid,0,0.067410216
3270,valid,0,0.7552643
10264,valid,0,0.62703764
9982,valid,0,0.0066955932
3981,valid,0,0.0749594
9480,valid,0,0.00083076314
4719,valid,0,5.6476605e-05
7791,valid,0,0.011772644
8783,valid,0,0.0032527328
8999,valid,0,8.626373e-05
5003,valid,0,0.003405817
3608,valid,0,0.0008667066
3300,valid,0,0.082600385
4969,valid,0,0.014116513
9452,valid,0,0.00019977998
6748,valid,0,0.027836982
4462,valid,0,0.02974346
3273,valid,0,0.00023830871
8149,valid,0,0.046721604
467,valid,0,0.1422242
6765,valid,0,0.00057176134
5591,valid,0,0.00057176134
1922,valid,0,0.09819511
3276,valid,0,0.0009800512
5395,valid,0,0.03966562
1969,valid,0,0.52208984
6769,valid,0,0.00015053325
2797,valid,0,0.08419488
2525,valid,0,0.31734246
1060,valid,0,0.45495167
368,valid,0,0.026754105
10104,valid,0,0.39760822
4083,valid,0,0.07621987
6870,valid,0,0.0010219777
4072,valid,0,0.17938377
536,valid,0,0.84303427
5723,valid,0,0.3137403
5046,valid,0,0.0002668099
6415,valid,0,0.014637724
5108,valid,0,0.00057447754
10441,valid,0,0.09986237
5865,valid,0,0.61845624
4863,valid,0,0.074033424
5050,valid,0,0.0024256238
5403,valid,0,0.00019977998
5914,valid,0,0.00032687397
731,valid,0,0.8077909
7500,valid,0,0.08377629
5370,valid,0,0.03966562
6775,valid,0,0.0046650763
4942,valid,0,0.061966352
10902,valid,0,0.0012089302
3864,valid,0,0.0052760886
9975,valid,0,0.014034506
8184,valid,0,0.5431756
5118,valid,0,0.0021476531
3310,valid,0,0.1558403
9916,valid,0,0.0003654175
5590,valid,0,0.00048394475
9503,valid,0,0.010947897
8594,valid,0,0.0032527328
6880,valid,0,0.0032527328
5126,valid,0,0.0032527328
7676,valid,0,0.0032527328
10034,valid,0,0.012204142
7682,valid,0,0.11002549
3298,valid,0,0.00016011272
6435,valid,0,0.013684244
964,valid,0,0.00019977998
1082,valid,0,0.0087903775
1024,valid,0,0.00018142899
676,valid,0,0.00019977998
8784,valid,0,0.0005180479
75,valid,0,0.009911704
10903,valid,0,0.0013043428
10660,valid,0,0.096155055
10392,valid,0,0.0087903775
9650,valid,0,0.10705386
6424,valid,0,0.00019977998
1506,valid,0,0.02974346
3426,valid,0,0.027836982
5624,valid,0,0.00017012187
670,valid,0,0.00020386562
3410,valid,0,0.00059692585
9474,valid,0,0.0007973979
7563,valid,0,0.24989094
589,valid,0,0.032063983
7135,valid,0,0.16871911
3338,valid,0,0.0018063602
2612,valid,0,0.15277816
3983,valid,0,0.00057982776
6604,valid,0,0.00035757895
582,valid,0,0.0026979628
2179,valid,0,0.0010522808
646,valid,0,0.000627743
10886,valid,0,0.19187787
2334,valid,0,0.0014339649
5636,valid,0,0.9082272
2776,valid,0,0.0014339649
5842,valid,0,0.026754105
6257,valid,0,0.12791036
5928,valid,0,0.03966562
11084,valid,0,0.00015053325
6141,valid,0,0.00015053325
7673,valid,0,0.08377629
9012,valid,0,0.051387172
4082,valid,0,0.03966562
4723,valid,0,0.26588312
9409,valid,0,0.07621987
998,valid,0,0.00015053325
4063,valid,0,0.038865466
5587,valid,0,0.46914673
5396,valid,0,0.558134
4917,valid,0,0.00019851877
10497,valid,0,0.13279527
1061,valid,0,0.10659367
7678,valid,0,0.41601664
2701,valid,0,0.00033924583
8844,valid,0,0.00025137342
7950,valid,0,0.055213366
572,valid,0,0.720964
4739,valid,0,0.00033924583
3806,valid,0,0.0038571698
9796,valid,0,0.00062308746
4708,valid,0,0.00023295742
8549,valid,0,0.24672405
2342,valid,0,0.05999096
1022,valid,0,0.0003390053
9701,valid,0,0.05999096
3154,valid,0,0.06757621
9637,valid,0,0.30022433
969,valid,0,0.0003390053
5026,valid,0,0.0003390053
5589,valid,0,0.77377146
5615,valid,0,0.00506678
10578,valid,0,0.00045016065
10512,valid,0,0.41422042
5240,valid,0,0.0008801566
2786,valid,0,0.48782066
416,valid,0,0.6403105
6366,valid,0,0.5543706
4925,valid,0,0.97424525
3336,valid,0,0.0003390053
407,valid,0,0.0006315245
4226,valid,0,0.19820437
5237,valid,0,0.0017209435
6755,valid,0,0.4801515
4970,valid,0,0.0017209435
5381,valid,0,0.1378057
1795,valid,0,0.017396193
2072,valid,0,0.18139738
7773,valid,0,0.5700203
952,valid,0,0.27940762
6399,valid,0,5.2483338e-05
5471,valid,0,0.35033765
1316,valid,0,0.36981407
4200,valid,0,0.00083387207
10260,valid,0,0.00015213715
5840,valid,0,0.3946878
410,valid,0,0.066724256
10127,valid,0,0.00015869507
8079,valid,0,0.14522351
3993,valid,0,0.00027460046
9426,valid,0,0.0010415234
9923,valid,0,0.6954547
78,valid,0,0.0008050888
4730,valid,0,0.2997413
10094,valid,0,0.0002038518
3827,valid,0,0.46282333
9421,valid,0,0.0077805547
7309,valid,0,0.059712265
6815,valid,0,0.3859084
10108,valid,0,0.00027554433
7714,valid,0,0.052415125
9022,valid,0,0.76490545
3244,valid,0,0.08172589
652,valid,0,0.014637724
1471,valid,0,0.13145724
3990,valid,0,0.014637724
10379,valid,0,4.045437e-05
8417,valid,0,4.045437e-05
4929,valid,0,0.014637724
7710,valid,0,0.118020095
211,valid,0,0.26283458
4202,valid,0,0.0007436129
6777,valid,0,0.7882125
5879,valid,0,0.81894225
3256,valid,0,7.8947494e-05
7507,valid,0,0.074033424
569,valid,0,0.77812696
1315,valid,0,0.0714176
37,valid,0,0.20885973
9469,valid,0,0.9412168
533,valid,0,0.002986125
9006,valid,0,0.001111817
10880,valid,0,0.20885973
6400,valid,0,0.9502242
8218,valid,0,0.00037315243
7315,valid,0,0.08958396
3954,valid,0,0.00038215253
2315,valid,0,0.00042684417
10245,valid,0,0.34022585
5617,valid,0,0.0005828405
579,valid,0,0.000250736
3978,valid,0,0.19997294
4895,valid,0,0.00017699506
4714,valid,0,0.008340218
5250,valid,0,0.44253263
2324,valid,0,0.91704506
2691,valid,0,0.00016094923
7838,valid,0,0.00021270291
3863,valid,0,0.00021270291
5235,valid,0,0.0032527328
2069,valid,0,0.0032527328
8161,valid,0,0.0032527328
2594,valid,0,0.0032527328
6791,valid,0,0.0032527328
7144,valid,0,0.0032527328
6657,valid,0,0.0032527328
506,valid,0,8.626373e-05
7550,valid,0,0.016433017
8159,valid,0,0.00040877413
773,valid,0,0.0003510311
11079,valid,0,0.091052026
1465,valid,0,0.0008308538
654,valid,0,0.0017238237
5241,valid,0,0.0087903775
4720,valid,0,0.0027762912
2794,valid,0,0.0087903775
72,valid,0,0.10705386
5932,valid,0,0.015515945
10898,valid,0,0.00011644602
10962,valid,0,0.00019662593
5281,valid,0,0.0087903775
9930,valid,0,0.00011355369
6942,valid,0,0.022679508
3737,valid,0,0.0087903775
9418,valid,0,0.021460185
8310,valid,0,0.0022042852
655,valid,0,0.00032687397
6960,valid,0,0.00032687397
5897,valid,0,0.00032687397
7293,valid,0,0.00044764348
6434,valid,0,0.042927567
8076,valid,0,0.0002734363
3870,valid,0,0.042927567
6948,valid,0,0.00031967624
367,valid,0,0.07806455
1320,valid,0,0.07806455
3825,valid,0,0.00034490434
6422,valid,0,0.28695697
6899,valid,0,0.18276682
3835,valid,0,0.6561159
8958,valid,0,0.141962
7711,valid,0,0.000627743
7778,valid,0,0.16246484
10499,valid,0,0.22674306
5903,valid,0,0.141962
4270,valid,0,0.000627743
2622,valid,0,0.3422377
7501,valid,0,0.16405909
6058,valid,0,0.0007430532
2803,valid,0,0.5678923
27,valid,0,0.03966562
8554,valid,0,0.001018255
8141,valid,0,0.03966562
4293,valid,0,0.00015053325
3830,valid,0,0.00016241458
10122,valid,0,0.026754105
509,valid,0,0.0001221535
6806,valid,0,0.026754105
1970,valid,0,0.00076241046
9972,valid,0,0.3794967
4663,valid,0,0.0007857341
4855,valid,0,0.0005060302
2610,valid,0,0.000450348
9635,valid,0,0.41577145
4346,valid,0,0.78318644
6772,valid,0,0.37463427
9498,valid,0,0.0010426263
7848,valid,0,3.7858877e-05
7801,valid,0,0.09375057
2065,valid,0,0.00034687656
860,valid,0,0.00024728497
4223,valid,0,0.00083015335
5015,valid,0,0.055213366
4946,valid,0,0.00025137342
2859,valid,0,0.08284602
3420,valid,0,0.0002320136
6139,valid,0,0.11640112
5247,valid,0,0.0030983475
8150,valid,0,0.0003390053
6822,valid,0,0.0003390053
5575,valid,0,0.80404377
1802,valid,0,0.87398255
6368,valid,0,0.0010380123
5594,valid,0,0.0012360122
1274,valid,0,0.00035974965
1899,valid,0,0.0004584831
6647,valid,0,5.2483338e-05
7712,valid,0,5.2483338e-05
4355,valid,0,0.0570929
5021,valid,0,0.0003903658
6862,valid,0,0.00011774998
4916,valid,0,0.0002537719
3848,valid,0,0.0003903658
10257,valid,0,0.017396193
5645,valid,0,9.777832e-05
3618,valid,0,0.00083387207
5008,valid,0,3.205815e-05
2068,valid,0,9.777832e-05
3254,valid,0,0.00015286815
353,valid,0,0.5871054
6064,valid,0,7.916393e-05
6282,valid,0,0.13565032
10574,valid,0,0.5190187
3803,valid,0,0.00083387207
2611,valid,0,0.2194625
4847,valid,0,0.017396193
6359,valid,0,7.916393e-05
2953,valid,0,0.0017209435
1630,valid,0,0.017396193
499,valid,0,0.5768292
7777,valid,0,0.00013262179
6136,valid,0,0.13558474
586,valid,0,0.00083387207
10900,valid,0,0.00016170437
5467,valid,0,3.205815e-05
4744,valid,0,0.41423467
7511,valid,0,0.004764968
9705,valid,0,0.10909579
9644,valid,0,3.205815e-05
4074,valid,0,0.0013551648
6808,valid,0,0.0026686876
455,valid,0,0.51207185
9802,valid,0,0.00028757344
440,valid,0,0.00023876151
6751,valid,0,0.6304461
2532,valid,0,0.001158281
5924,valid,0,0.49444678
3828,valid,0,0.00029627132
8415,valid,0,0.7275809
5717,valid,0,0.1056815
9707,valid,0,0.597022
2992,valid,0,0.38675416
4519,valid,0,0.001158281
10899,valid,0,0.000116200004
2318,valid,0,0.009464268
3859,valid,0,4.045437e-05
4508,valid,0,0.0006661872
5378,valid,0,4.045437e-05
4659,valid,0,0.00014791249
507,valid,0,0.10021444
4726,valid,0,0.13771525
10887,valid,0,0.052415125
4998,valid,0,0.0054276767
7975,valid,0,0.6441119
2997,valid,0,0.00014791249
6610,valid,0,0.7874433
6365,valid,0,0.000116200004
868,valid,0,0.052415125
6296,valid,0,0.00015180082
4896,valid,0,0.0011477546
2243,valid,0,0.00015180082
2491,valid,0,0.00096062425
551,valid,0,0.16409345
4964,valid,0,0.0011355241
1072,valid,0,0.47579974
6959,valid,0,0.014637724
7145,valid,0,0.00024490716
6767,valid,0,0.2289517
10386,valid,0,0.7774441
10582,valid,0,0.21548666
7146,valid,0,0.007982359
9448,valid,0,0.0013595452
11083,valid,0,0.0013595452
4211,valid,0,0.00016168125
5037,valid,0,0.0013766965
7504,valid,0,0.000949194
2631,valid,0,0.00062641146
2536,valid,0,0.028577331
2865,valid,0,0.028577331
6063,valid,0,0.00024578298
81,valid,0,0.001321147
9795,valid,0,0.00983545
7058,valid,0,0.0006840794
9926,valid,0,0.0002908813
1904,valid,0,0.00026731737
3847,valid,0,0.00016168125
171,valid,0,0.0006347419
3583,valid,0,0.00026731737
1501,valid,0,0.00024490716
5888,valid,0,0.0005495174
9467,valid,0,0.15209852
5031,valid,0,0.001293062
2060,valid,0,0.00013936445
10963,valid,0,0.003508291
6821,valid,0,0.15209852
2993,valid,0,0.00035302862
8544,valid,0,0.0007571634
11081,valid,0,0.65807176
8139,valid,0,0.0016134023
5231,valid,0,0.00062641146
332,valid,0,0.6223378
4862,valid,0,0.00035974965
3717,valid,0,0.00051755086
1919,valid,0,0.00047270683
10560,valid,0,0.00045690482
1910,valid,0,0.00046051195
2686,valid,0,0.0007559727
6762,valid,0,0.021292329
5234,valid,0,0.0016544964
8973,valid,0,0.1378057
6369,valid,0,0.0014333383
6813,valid,0,0.11406147
504,valid,0,0.0033766413
6426,valid,0,0.11406147
8843,valid,0,0.00034258986
3748,valid,0,0.017396193
6944,valid,0,0.022433309
447,valid,0,0.00083387207
6278,valid,0,0.00012643672
6884,valid,0,0.10909579
9447,valid,0,0.000102778286
10614,valid,0,0.00042116878
4911,valid,0,0.00016554003
2238,valid,0,0.00083387207
1293,valid,0,5.2483338e-05
10086,valid,0,5.2483338e-05
9035,valid,0,0.11260798
4653,valid,0,0.10909579
5143,valid,0,0.017396193
11078,valid,0,0.017396193
3497,valid,0,0.10909579
2535,valid,0,3.205815e-05
1287,valid,0,0.00016350944
963,valid,0,0.27884594
6420,valid,0,9.777832e-05
4347,valid,0,0.51101017
1003,valid,0,0.00025558646
10023,valid,0,0.000102778286
6890,valid,0,0.22444868
9792,valid,0,5.2483338e-05
3257,valid,0,0.10909579
10390,valid,0,0.017396193
5053,valid,0,0.0015353172
10906,valid,0,0.0013295435
5861,valid,0,0.00078870053
9041,valid,0,0.00078870053
1223,valid,0,0.007954018
4734,valid,0,5.2483338e-05
5121,valid,0,8.398979e-05
8774,valid,0,0.87784815
24,valid,0,0.0008590107
435,valid,0,0.00017973367
1806,valid,0,0.017396193
1933,valid,0,0.00028757344
6895,valid,0,0.47690293
1301,valid,0,0.13575968
553,valid,0,0.00018893972
8959,valid,0,0.02673432
2494,valid,0,0.49808985
9963,valid,0,0.13575968
1327,valid,0,0.00018893972
356,valid,0,0.000351962
6409,valid,0,0.00326973
3855,valid,0,0.0059047174
5114,valid,0,0.5192011
3733,valid,0,0.9300244
355,valid,0,0.0026104813
1081,valid,0,0.077732936
2826,valid,0,0.13575968
5882,valid,0,0.90659416
9510,valid,0,0.0008434424
437,valid,0,0.000306777
8968,valid,0,0.6458322
585,valid,0,0.279018
9182,valid,0,0.23711395
3319,valid,0,0.63609064
6405,valid,0,0.53335464
1804,valid,0,0.0011792897
4351,valid,0,0.5366004
3851,valid,0,4.045437e-05
9699,valid,0,0.0005884843
8423,valid,0,8.838539e-05
3989,valid,0,0.00014791249
9993,valid,0,0.053881627
4368,valid,0,0.878136
3865,valid,0,4.045437e-05
10382,valid,0,0.47076792
6048,valid,0,0.00014791249
5254,valid,0,0.11826006
7720,valid,0,0.00017298145
7498,valid,0,0.0024501
3867,valid,0,0.9076141
10569,valid,0,0.80642724
8179,valid,0,0.0035884415
9121,valid,0,0.0002081298
10434,valid,0,0.0007270787
7911,valid,0,0.07818916
10877,valid,0,0.7237984
9793,valid,0,0.01389003
10440,valid,0,0.0002081298
10075,valid,0,0.36494443
9969,valid,0,4.045437e-05
9786,valid,0,0.00017298145
4060,valid,0,0.61845624
9120,valid,0,0.00015958701
7970,valid,0,0.00088366953
5153,valid,0,0.6441119
7304,valid,0,0.00014791249
4001,valid,0,4.045437e-05
4675,valid,0,0.00079246133
5000,valid,0,0.0011477546
2305,valid,0,0.014637724
7643,valid,0,7.8947494e-05
8591,valid,0,0.053881627
9962,valid,0,4.045437e-05
8967,valid,0,0.00026661332
4745,valid,0,4.364779e-05
9038,valid,0,0.014637724
4838,valid,0,0.09986237
10092,valid,0,0.07710517
6284,valid,0,0.3239831
4837,valid,0,0.00011287678
3837,valid,0,0.00019105786
6885,valid,0,0.014637724
8442,valid,0,7.8947494e-05
5010,valid,0,0.00019105786
7311,valid,0,0.9199174
4830,valid,0,0.51893157
9920,valid,0,0.0012370074
2806,valid,0,0.00048329408
6138,valid,0,0.00019806219
3965,valid,0,0.00028436934
7935,valid,0,0.00014487674
1296,valid,0,0.54429615
11065,valid,0,0.0013766965
3958,valid,0,0.0022992447
8540,valid,0,0.0005057522
1932,valid,0,0.0007322395
2498,valid,0,0.00089023815
436,valid,0,0.775864
2320,valid,0,0.00017963465
7142,valid,0,0.60550654
9001,valid,0,0.0066955932
10896,valid,0,0.30079958
2595,valid,0,0.00024490716
557,valid,0,0.00024496554
2958,valid,0,0.5018251
9967,valid,0,0.24723913
8020,valid,0,0.00047427503
3159,valid,0,0.22237901
82,valid,0,0.0008615974
1284,valid,0,0.001293062
3838,valid,0,0.6604351
2810,valid,0,0.0071177376
346,valid,0,0.7552643
6763,valid,0,0.50222254
2696,valid,0,0.87834513
10001,valid,0,0.74103343
3714,valid,0,0.47058338
3331,valid,0,0.0018445203
8210,valid,0,0.0010276624
3249,valid,0,0.012533897
3308,valid,0,0.00024490716
7056,valid,0,0.26503074
2061,valid,0,0.0018944823
3347,valid,0,0.003515597
5868,valid,0,0.8597925
1914,valid,0,0.8163718
1639,valid,0,0.2938785
210,valid,0,0.00095029344
4363,valid,0,0.95009226
3278,valid,0,0.00030078433
4280,valid,0,0.00030078433
5382,valid,0,0.000552017
1466,valid,0,0.507138
713,valid,0,0.1001314
7295,valid,0,7.149983e-05
4356,valid,0,0.0071177376
10022,valid,0,0.0071177376
4948,valid,0,0.08446847
456,valid,0,0.72675264
10974,valid,0,0.08446847
6362,valid,0,0.12201903
7798,valid,0,0.87896615
215,valid,0,0.08446847
4209,valid,0,0.013665592
9803,valid,0,0.00020652307
9977,valid,0,0.00014799983
4725,valid,0,0.011772644
4370,valid,0,0.00021633087
3494,valid,0,0.0032527328
3265,valid,0,5.3506992e-05
7645,valid,0,0.0037247404
2520,valid,0,0.0032527328
534,valid,0,0.00014076116
457,valid,0,0.00019662593
2814,valid,0,0.00041469603
502,valid,0,0.027296012
8154,valid,0,0.009911704
4749,valid,0,0.113773726
543,valid,0,0.00019977998
8957,valid,0,0.00019977998
3316,valid,0,0.00018952054
9505,valid,0,0.07386937
7774,valid,0,0.00058260176
4513,valid,0,0.00029289298
9800,valid,0,0.00029049107
774,valid,0,0.096155055
7647,valid,0,0.0115203
10427,valid,0,0.00057815126
6142,valid,0,0.0087903775
2508,valid,0,0.0087903775
5034,valid,0,0.0087903775
5287,valid,0,0.0087903775
7966,valid,0,0.10705386
1498,valid,0,0.0032527328
8160,valid,0,0.10705386
6947,valid,0,0.0087903775
5463,valid,0,0.3499402
9996,valid,0,0.037790168
9501,valid,0,0.000387451
4738,valid,0,0.00032687397
573,valid,0,0.07105829
5125,valid,0,0.31172624
3160,valid,0,0.00023877222
6358,valid,0,0.08129143
9918,valid,0,0.06795928
9453,valid,0,0.19806324
4940,valid,0,0.08129143
1324,valid,0,0.046721604
3425,valid,0,0.023501407
6363,valid,0,0.00031967624
6134,valid,0,0.00025343505
9460,valid,0,0.00031967624
1801,valid,0,0.0011765352
5855,valid,0,0.040454283
6433,valid,0,0.00025343505
669,valid,0,0.11886025
6887,valid,0,0.00033346342
2692,valid,0,0.00033346342
4756,valid,0,0.0009826088
8183,valid,0,0.00020502762
6901,valid,0,0.000793579
10882,valid,0,0.00031967624
8163,valid,0,0.07806455
451,valid,0,0.000793579
5032,valid,0,0.00031967624
1636,valid,0,0.04883249
8846,valid,0,0.00031967624
4923,valid,0,0.042927567
6260,valid,0,0.21469782
5583,valid,0,0.02725741
9178,valid,0,0.0012031588
2627,valid,0,0.03972348
4910,valid,0,0.03972348
2640,valid,0,0.7371083
2519,valid,0,0.19995709
8835,valid,0,0.0016732
8552,valid,0,0.0013808833
10576,valid,0,0.53978765
2500,valid,0,0.32529438
9465,valid,0,0.3101803
8078,valid,0,0.37950173
463,valid,0,0.00054864946
8187,valid,0,0.32529438
2782,valid,0,0.6558802
5646,valid,0,0.0011064743
6050,valid,0,0.00032338593
10500,valid,0,0.00032338593
5887,valid,0,0.27291954
9502,valid,0,0.0013472788
1304,valid,0,0.0007430532
4860,valid,0,0.00015053325
5280,valid,0,0.0008761737
8207,valid,0,0.0015469887
7779,valid,0,0.7695418
6061,valid,0,0.0014339649
10876,valid,0,0.22640975
5620,valid,0,0.00015053325
1009,valid,0,0.00015053325
6654,valid,0,0.18729821
1071,valid,0,0.00027307394
2184,valid,0,0.00012467537
9457,valid,0,0.00044766735
8775,valid,0,0.10239156
9036,valid,0,0.00018751345
5164,valid,0,0.00015053325
8077,valid,0,0.0043695974
1213,valid,0,0.001952639
2703,valid,0,0.00015053325
5402,valid,0,0.00016241458
3869,valid,0,0.21670869
3860,valid,0,0.00027307394
3431,valid,0,0.00019383298
9645,valid,0,0.00023327861
6663,valid,0,0.12791036
3839,valid,0,0.08419488
8037,valid,0,0.00015053325
157,valid,0,0.0005499384
10611,valid,0,0.00015053325
2312,valid,0,0.03966562
2537,valid,0,0.4183362
3726,valid,0,0.00015053325
4064,valid,0,0.00045790765
8174,valid,0,0.21670869
2634,valid,0,0.00015851556
214,valid,0,0.00015053325
1016,valid,0,0.03966562
2327,valid,0,0.0005499384
9199,valid,0,0.00074783555
4081,valid,0,0.046403043
3492,valid,0,0.27847925
8545,valid,0,0.35421246
1069,valid,0,0.09375057
10124,valid,0,0.0006664304
7958,valid,0,0.055213366
9458,valid,0,0.3733028
6641,valid,0,0.0005418528
10658,valid,0,0.0021476531
2818,valid,0,0.000905894
5297,valid,0,0.00020955734
1001,valid,0,0.038865466
6823,valid,0,0.00020955734
4746,valid,0,0.00020955734
5374,valid,0,0.0009271023
5755,valid,0,0.33513317
3350,valid,0,0.0019268006
2858,valid,0,0.0002725693
4194,valid,0,0.13279527
209,valid,0,0.00023298585
8557,valid,0,0.0038571698
9643,valid,0,0.0004944036
5629,valid,0,0.00020955734
3340,valid,0,0.7160321
4353,valid,0,0.0013172288
8220,valid,0,0.22801416
597,valid,0,0.00023298585
1309,valid,0,0.76006156
8963,valid,0,0.00042261786
7554,valid,0,0.00023298585
8307,valid,0,0.64758515
10503,valid,0,0.0010219777
10020,valid,0,0.05999096
1208,valid,0,0.00097058946
3339,valid,0,0.673061
865,valid,0,0.0017240954
3326,valid,0,0.006654149
2824,valid,0,0.0010521781
7138,valid,0,0.54198307
1216,valid,0,0.0031600345
10107,valid,0,0.003224081
41,valid,0,0.6325576
4716,valid,0,0.71694195
4748,valid,0,0.24419259
10274,valid,0,0.19820437
6356,valid,0,0.18594922
8189,valid,0,0.30882385
5896,valid,0,0.00047905536
7788,valid,0,0.17382361
5920,valid,0,0.11615505
2512,valid,0,0.013831747
3999,valid,0,0.9062822
1311,valid,0,0.00035974965
9194,valid,0,0.491183
71,valid,0,0.0001653408
1065,valid,0,0.31325138
3610,valid,0,0.005761847
45,valid,0,0.30882385
149,valid,0,0.001217782
1800,valid,0,0.0005533522
10966,valid,0,0.00035974965
10636,valid,0,0.00041464405
5881,valid,0,0.005525739
5013,valid,0,0.0008016481
3261,valid,0,0.3564295
1018,valid,0,0.0008801566
5719,valid,0,0.0008801566
7912,valid,0,0.0012228057
5156,valid,0,0.0008509337
10071,valid,0,0.0008733602
5728,valid,0,0.0009180917
163,valid,0,0.00045690482
5366,valid,0,0.0002537719
1794,valid,0,0.00045690482
4361,valid,0,0.6874202
7302,valid,0,0.49316648
4654,valid,0,0.00035974965
778,valid,0,0.00011774998
8143,valid,0,0.00045016065
10028,valid,0,0.0008455434
10872,valid,0,0.0002537719
2505,valid,0,0.11640112
7719,valid,0,0.0003390053
5377,valid,0,0.00035974965
2693,valid,0,0.004354467
3616,valid,0,0.0067764167
2787,valid,0,0.0010168076
3840,valid,0,0.6325576
3577,valid,0,0.26804844
1789,valid,0,0.00045690482
9123,valid,0,0.0007251536
1509,valid,0,0.36694196
5295,valid,0,0.0004735861
6825,valid,0,0.0015325805
9177,valid,0,0.0008801566
2860,valid,0,0.0010961832
7932,valid,0,0.006322933
10070,valid,0,0.0002537719
3808,valid,0,0.73117393
10570,valid,0,5.2483338e-05
4755,valid,0,5.2483338e-05
5616,valid,0,0.00023482283
7653,valid,0,0.00021227825
8965,valid,0,0.10909579
5384,valid,0,0.00012643672
1000,valid,0,5.2483338e-05
2522,valid,0,0.013012606
5286,valid,0,0.0002537719
8043,valid,0,0.0002537719
5892,valid,0,5.2483338e-05
10635,valid,0,0.00026824055
8148,valid,0,0.00033997025
10000,valid,0,0.45043236
5727,valid,0,5.2483338e-05
2812,valid,0,0.15305926
6818,valid,0,5.2483338e-05
5293,valid,0,0.001176813
7963,valid,0,0.36694196
7904,valid,0,0.00068674155
4924,valid,0,0.00068674155
6129,valid,0,0.0002537719
4753,valid,0,0.00034105338
9504,valid,0,0.0002537719
3712,valid,0,0.0020115327
1913,valid,0,0.0002537719
4085,valid,0,0.0004584831
5923,valid,0,0.0002537719
4086,valid,0,0.0002537719
4731,valid,0,0.1251172
10248,valid,0,8.398979e-05
10626,valid,0,5.2483338e-05
7057,valid,0,0.066724256
1326,valid,0,5.2483338e-05
9973,valid,0,5.2483338e-05
5141,valid,0,0.017396193
8849,valid,0,0.00015674843
3328,valid,0,0.00030915227
6133,valid,0,0.7673533
4943,valid,0,0.00031423598
10895,valid,0,0.08176992
2311,valid,0,0.017396193
3738,valid,0,5.2483338e-05
6412,valid,0,5.2483338e-05
5024,valid,0,0.0570929
2866,valid,0,5.2483338e-05
6256,valid,0,3.205815e-05
10610,valid,0,5.2483338e-05
2599,valid,0,3.205815e-05
6875,valid,0,0.085912645
10960,valid,0,5.2483338e-05
561,valid,0,5.2483338e-05
5112,valid,0,0.00021227825
74,valid,0,0.1378057
3321,valid,0,0.017396193
1288,valid,0,5.2483338e-05
1277,valid,0,0.022433309
10105,valid,0,5.2483338e-05
9184,valid,0,0.00012643672
726,valid,0,0.00014207551
11068,valid,0,0.0002537719
535,valid,0,0.0002537719
8208,valid,0,0.0002537719
462,valid,0,7.916393e-05
1012,valid,0,5.2483338e-05
7641,valid,0,0.066724256
140,valid,0,3.205815e-05
8195,valid,0,0.3485049
4752,valid,0,0.00023482283
3956,valid,0,0.0017264137
9128,valid,0,0.00029343215
8850,valid,0,5.2483338e-05
8166,valid,0,3.205815e-05
6900,valid,0,0.18139738
1632,valid,0,5.2483338e-05
2309,valid,0,0.2697791
3325,valid,0,5.2483338e-05
4932,valid,0,9.777832e-05
11073,valid,0,0.5134744
2702,valid,0,5.2483338e-05
5041,valid,0,7.784505e-05
9115,valid,0,5.2483338e-05
2495,valid,0,0.007954018
5389,valid,0,5.2483338e-05
5390,valid,0,5.2483338e-05
5641,valid,0,5.2483338e-05
7789,valid,0,5.4747343e-05
657,valid,0,0.0039293035
591,valid,0,0.08856714
2959,valid,0,3.205815e-05
25,valid,0,5.2483338e-05
9979,valid,0,0.017396193
5716,valid,0,0.0003172791
5148,valid,0,0.5311586
5233,valid,0,0.08856714
9005,valid,0,0.00030090223
44,valid,0,5.2483338e-05
6881,valid,0,5.2483338e-05
3723,valid,0,0.017396193
7618,valid,0,5.2483338e-05
9998,valid,0,0.000102778286
8430,valid,0,5.2483338e-05
10091,valid,0,0.00012643672
727,valid,0,0.5190187
9193,valid,0,5.2483338e-05
4757,valid,0,0.007954018
8424,valid,0,5.2483338e-05
5006,valid,0,0.00013540324
1947,valid,0,0.00014207551
6054,valid,0,0.0002537719
1015,valid,0,0.0002537719
6824,valid,0,5.2483338e-05
8838,valid,0,5.2483338e-05
3725,valid,0,5.2483338e-05
3820,valid,0,0.0570929
3833,valid,0,0.0007445066
10389,valid,0,0.50317127
722,valid,0,0.06491563
8537,valid,0,5.2483338e-05
5376,valid,0,0.00023482283
7944,valid,0,0.017396193
1017,valid,0,0.00068488665
8440,valid,0,3.205815e-05
5902,valid,0,0.11406147
9506,valid,0,0.11406147
2496,valid,0,0.10909579
10624,valid,0,0.017396193
10971,valid,0,5.2483338e-05
9925,valid,0,0.00035187762
1797,valid,0,0.00035187762
11085,valid,0,0.00017973367
7564,valid,0,5.66262e-05
3982,valid,0,0.007954018
5930,valid,0,0.00017973367
10504,valid,0,0.00017973367
1928,valid,0,0.0001015289
9027,valid,0,6.537811e-05
4849,valid,0,0.21944247
4514,valid,0,0.00083387207
10583,valid,0,0.040999085
10618,valid,0,5.2483338e-05
6060,valid,0,0.00014207551
7964,valid,0,0.00017973367
5912,valid,0,0.0007491669
477,valid,0,0.45943993
6655,valid,0,0.9158641
5365,valid,0,0.003929903
7549,valid,0,0.55263233
5936,valid,0,0.00017973367
2793,valid,0,0.0002653798
2064,valid,0,0.41848296
2788,valid,0,0.57246226
460,valid,0,0.0002472932
3155,valid,0,0.00087112485
4215,valid,0,0.06107063
8962,valid,0,0.00091813545
6357,valid,0,0.0002668099
5119,valid,0,0.11403353
7608,valid,0,0.92950666
4657,valid,0,5.2483338e-05
3245,valid,0,0.00017973367
6145,valid,0,0.5265559
3346,valid,0,0.11403353
10102,valid,0,0.00017973367
4662,valid,0,0.0002853035
3802,valid,0,0.08856714
8964,valid,0,5.2483338e-05
1308,valid,0,0.00051723473
7651,valid,0,0.005580256
715,valid,0,0.00017973367
545,valid,0,0.0014683638
2308,valid,0,0.5265559
8961,valid,0,6.537811e-05
6406,valid,0,0.0002853035
3969,valid,0,0.8113181
6957,valid,0,0.0002853035
5244,valid,0,5.2483338e-05
9190,valid,0,0.6100714
3861,valid,0,0.00028757344
6611,valid,0,0.0004866013
6619,valid,0,0.00017973367
8036,valid,0,0.00033997025
10559,valid,0,0.00017973367
9122,valid,0,0.00017973367
9921,valid,0,0.7229739
5025,valid,0,0.0026220917
5385,valid,0,0.00051723473
6749,valid,0,0.95053333
8209,valid,0,0.6746198
8199,valid,0,0.00085783366
11080,valid,0,0.00045316608
4848,valid,0,0.12746595
465,valid,0,0.00030803634
5051,valid,0,0.0002472932
1218,valid,0,0.0002853035
6144,valid,0,0.0002853035
4080,valid,0,0.0019411665
3744,valid,0,0.0059456388
9788,valid,0,0.00031026808
40,valid,0,0.00085783366
6826,valid,0,0.00033178844
2517,valid,0,0.17202052
8952,valid,0,0.0005967126
1074,valid,0,0.0007752998
7906,valid,0,0.59747714
5248,valid,0,0.00017973367
1067,valid,0,0.00071836956
7316,valid,0,0.60515743
9700,valid,0,5.2483338e-05
2549,valid,0,0.56737924
1457,valid,0,3.4691937e-05
3721,valid,0,0.00038212776
4914,valid,0,0.000306777
207,valid,0,0.00027460046
4861,valid,0,0.000306777
5150,valid,0,0.00027460046
866,valid,0,0.0012804222
7805,valid,0,0.00027460046
5904,valid,0,0.5560117
10975,valid,0,0.0021485842
1298,valid,0,0.17200035
441,valid,0,0.46080193
10116,valid,0,0.5831765
8140,valid,0,0.0021938924
8317,valid,0,0.8691893
10959,valid,0,0.63197285
10433,valid,0,0.94831645
1076,valid,0,0.000306777
4950,valid,0,0.8815446
1313,valid,0,0.0722953
1303,valid,0,0.00018893972
2700,valid,0,0.13575968
6288,valid,0,0.0011817648
10956,valid,0,0.00019708916
10511,valid,0,0.5192011
663,valid,0,0.000306777
8412,valid,0,0.00018893972
2690,valid,0,0.000306777
2616,valid,0,0.010316408
3831,valid,0,0.0073287045
8082,valid,0,0.00027460046
4737,valid,0,0.08820314
4275,valid,0,0.0014112628
5359,valid,0,0.001123458
999,valid,0,0.0020288
9981,valid,0,0.9514925
4273,valid,0,0.13575968
544,valid,0,0.00047396997
601,valid,0,0.50573236
6941,valid,0,0.00027460046
10096,valid,0,0.00018893972
2783,valid,0,0.000306777
724,valid,0,0.7599132
7807,valid,0,0.000306777
1323,valid,0,0.0019162284
3824,valid,0,0.0003439332
4277,valid,0,0.00014791249
6609,valid,0,0.0016171648
4516,valid,0,0.0008453731
3868,valid,0,0.17200035
8969,valid,0,0.00014791249
10561,valid,0,0.00014791249
9192,valid,0,0.000306777
212,valid,0,0.000351962
4212,valid,0,0.0005114948
6052,valid,0,0.00018893972
8836,valid,0,0.00023079482
2790,valid,0,0.00053735654
10279,valid,0,0.00023079482
10907,valid,0,0.00030418235
6789,valid,0,0.5192011
7808,valid,0,0.0038541697
6413,valid,0,0.00018893972
5362,valid,0,0.00050946866
8851,valid,0,0.00023079482
10957,valid,0,0.00023079482
2697,valid,0,0.51198167
1503,valid,0,0.0021247903
4899,valid,0,0.0011089118
7948,valid,0,0.00027460046
8427,valid,0,0.0002038518
4220,valid,0,0.003024148
2321,valid,0,0.13575968
1275,valid,0,0.0007911164
647,valid,0,0.00018893972
3730,valid,0,0.22162785
8073,valid,0,0.000306777
6398,valid,0,0.0013897192
1281,valid,0,0.0019162284
1226,valid,0,0.000116200004
1921,valid,0,0.00014791249
365,valid,0,0.00097322895
8438,valid,0,0.0010342288
2777,valid,0,0.052415125
5016,valid,0,0.052415125
9961,valid,0,0.77122545
2533,valid,0,0.9090524
10082,valid,0,0.052415125
4722,valid,0,0.00027554433
8134,valid,0,0.00017298145
7310,valid,0,0.0035738577
30,valid,0,0.20580436
9197,valid,0,0.53335464
4747,valid,0,0.00071974145
10369,valid,0,0.07039611
7931,valid,0,0.000116200004
5042,valid,0,0.00018663444
8033,valid,0,0.00014791249
8201,valid,0,0.00021547533
770,valid,0,0.0010948876
10662,valid,0,0.0004623574
10949,valid,0,0.0004623574
9708,valid,0,0.00014791249
9419,valid,0,0.46798006
3329,valid,0,0.00014791249
7782,valid,0,0.0012089302
8204,valid,0,0.0012089302
7715,valid,0,0.00017298145
142,valid,0,0.51350003
1900,valid,0,0.8666152
5279,valid,0,0.0005571577
6292,valid,0,0.00014791249
10888,valid,0,0.00014791249
3727,valid,0,4.364779e-05
4673,valid,0,0.07039611
1945,valid,0,0.11826006
5733,valid,0,4.045437e-05
5622,valid,0,4.045437e-05
3609,valid,0,0.0005884843
4343,valid,0,0.28276262
7598,valid,0,0.08135828
723,valid,0,0.00014791249
2638,valid,0,0.0010948876
11071,valid,0,0.00088366953
5392,valid,0,0.00014791249
7606,valid,0,0.00017298145
9033,valid,0,0.0016890358
8155,valid,0,0.25160265
7960,valid,0,0.00014791249
10263,valid,0,0.0015006956
10088,valid,0,0.00073116744
458,valid,0,0.91229963
6950,valid,0,0.00017298145
3742,valid,0,0.000116200004
5047,valid,0,0.000116200004
7965,valid,0,0.00014791249
1977,valid,0,0.0028985883
8041,valid,0,0.00021647387
6403,valid,0,0.08135828
10262,valid,0,0.6587084
2867,valid,0,0.00014791249
6440,valid,0,0.00014791249
4201,valid,0,0.010607838
10557,valid,0,0.00014791249
7298,valid,0,0.00027554433
4919,valid,0,0.00014791249
7559,valid,0,0.00014791249
10513,valid,0,0.00014791249
5369,valid,0,0.00017298145
8080,valid,0,0.00095840316
5245,valid,0,0.00014791249
7722,valid,0,0.00020677152
3279,valid,0,0.19191983
9020,valid,0,0.0003859889
1459,valid,0,0.0010831935
4841,valid,0,0.00018893972
6831,valid,0,4.045437e-05
3164,valid,0,0.000104341205
10029,valid,0,0.00015180082
2606,valid,0,0.00015180082
9992,valid,0,0.07818916
1507,valid,0,0.16945332
7957,valid,0,4.045437e-05
1895,valid,0,0.0011355241
4666,valid,0,0.00026661332
532,valid,0,0.0001225031
10080,valid,0,4.364779e-05
7681,valid,0,0.6127077
1278,valid,0,4.045437e-05
4218,valid,0,4.045437e-05
9422,valid,0,0.0025316412
8853,valid,0,4.364779e-05
6956,valid,0,4.045437e-05
4758,valid,0,0.014637724
650,valid,0,4.045437e-05
10113,valid,0,7.278837e-05
8974,valid,0,4.045437e-05
6792,valid,0,0.6127077
9113,valid,0,4.045437e-05
3170,valid,0,4.045437e-05
32,valid,0,0.014637724
1220,valid,0,0.0003859889
7806,valid,0,4.045437e-05
7930,valid,0,9.8713106e-05
5909,valid,0,0.00020677152
7790,valid,0,0.00026661332
6955,valid,0,4.045437e-05
7508,valid,0,0.00015180082
3305,valid,0,0.40186334
10370,valid,0,4.045437e-05
4967,valid,0,0.61845624
5110,valid,0,0.6127077
7313,valid,0,4.045437e-05
10085,valid,0,4.045437e-05
8213,valid,0,0.0004760519
10891,valid,0,0.51408756
4276,valid,0,0.00026661332
42,valid,0,4.045437e-05
6059,valid,0,4.045437e-05
6259,valid,0,0.00018876254
8954,valid,0,4.045437e-05
7506,valid,0,0.07818916
7800,valid,0,0.014637724
473,valid,0,4.045437e-05
6429,valid,0,0.0003859889
33,valid,0,9.285576e-05
6784,valid,0,0.0001852215
9454,valid,0,7.8947494e-05
10657,valid,0,0.37398708
3399,valid,0,0.40186334
994,valid,0,0.00020677152
222,valid,0,4.045437e-05
5391,valid,0,4.364779e-05
173,valid,0,0.24827676
9011,valid,0,0.24900723
8972,valid,0,0.0024361706
6809,valid,0,0.00012694749
7646,valid,0,0.07818916
10954,valid,0,0.08265424
5917,valid,0,7.8947494e-05
8541,valid,0,0.014637724
7603,valid,0,4.045437e-05
6817,valid,0,0.08265424
8196,valid,0,4.045437e-05
10958,valid,0,0.07710517
1212,valid,0,4.364779e-05
7974,valid,0,0.0003859889
2588,valid,0,0.0003859889
4289,valid,0,0.00011287678
2316,valid,0,0.00014060782
3166,valid,0,0.0028252755
4936,valid,0,0.252232
4282,valid,0,0.000740736
9186,valid,0,0.00011287678
2799,valid,0,0.37398708
6624,valid,0,4.045437e-05
3168,valid,0,4.045437e-05
780,valid,0,0.014637724
8075,valid,0,4.045437e-05
10072,valid,0,0.00012694749
3169,valid,0,0.014637724
558,valid,0,0.00083624123
2802,valid,0,0.001210355
4751,valid,0,0.00011287678
4674,valid,0,0.00032420582
6430,valid,0,4.045437e-05
7959,valid,0,4.045437e-05
5626,valid,0,0.09986237
5039,valid,0,0.039802413
6294,valid,0,0.31983453
4920,valid,0,0.0002465942
3584,valid,0,0.039802413
777,valid,0,0.00054925506
4724,valid,0,0.19191983
5397,valid,0,0.00011287678
5919,valid,0,7.8947494e-05
2325,valid,0,7.8947494e-05
5236,valid,0,0.014637724
5625,valid,0,0.00062227354
3829,valid,0,0.31983453
6659,valid,0,0.0013046539
6280,valid,0,0.00046610195
568,valid,0,0.0010168076
9633,valid,0,0.0018731492
6618,valid,0,0.00019105786
7612,valid,0,0.00019105786
5127,valid,0,0.002561107
216,valid,0,0.047593255
8311,valid,0,0.00058911165
7954,valid,0,0.039802413
3977,valid,0,0.039802413
5253,valid,0,0.00030588915
7910,valid,0,0.6557382
1976,valid,0,0.5418846
36,valid,0,0.00026865414
7795,valid,0,0.00025152735
5158,valid,0,0.00025152735
6360,valid,0,0.00015663846
1920,valid,0,0.8371576
9798,valid,0,0.00015663846
417,valid,0,0.000291944
7147,valid,0,0.0019978904
4369,valid,0,0.00026731737
1321,valid,0,0.00018357352
9966,valid,0,0.00018357352
4939,valid,0,0.000943515
10873,valid,0,0.0009928633
4227,valid,0,0.0001563117
5128,valid,0,0.00024490716
10073,valid,0,0.00023123136
3731,valid,0,0.09803401
5628,valid,0,0.00026065123
8144,valid,0,0.0008455184
11077,valid,0,0.043388303
6364,valid,0,0.22510478
4834,valid,0,0.00022442898
2784,valid,0,0.00017569648
9187,valid,0,7.149983e-05
9642,valid,0,0.00049951836
10965,valid,0,0.12955204
8024,valid,0,0.00015663846
9116,valid,0,0.0008455184
10098,valid,0,0.25178546
4893,valid,0,0.00063656847
9696,valid,0,0.00039445172
1062,valid,0,0.20833328
10892,valid,0,0.000291944
5256,valid,0,0.00015913723
7615,valid,0,0.54610115
8772,valid,0,0.00026731737
594,valid,0,0.00062641146
5753,valid,0,0.00038690123
5388,valid,0,7.149983e-05
1209,valid,0,0.00015663846
3333,valid,0,0.067410216
2073,valid,0,0.0003006751
1916,valid,0,0.00016900177
4071,valid,0,0.00013936445
4068,valid,0,0.2638966
9129,valid,0,0.0714176
2547,valid,0,0.000291944
4999,valid,0,0.000291944
46,valid,0,0.00019806219
3312,valid,0,0.00028436934
6066,valid,0,0.73617804
8949,valid,0,0.00016462345
954,valid,0,0.00031724764
6864,valid,0,0.002110765
349,valid,0,0.847039
9999,valid,0,0.00063273724
10093,valid,0,0.0007784672
5885,valid,0,0.5052142
592,valid,0,0.00024490716
1215,valid,0,0.00042284434
3986,valid,0,0.24939099
4926,valid,0,0.0021081525
1007,valid,0,0.00022866884
779,valid,0,0.0019336343
8068,valid,0,0.0016172188
718,valid,0,0.00034001775
1458,valid,0,0.08816815
3585,valid,0,0.009007382
2624,valid,0,0.00066497945
3818,valid,0,0.00044761613
1473,valid,0,0.44645286
10268,valid,0,4.045437e-05
3873,valid,0,0.34451115
5364,valid,0,0.00022402065
7949,valid,0,0.06942996
2323,valid,0,0.2289517
8029,valid,0,0.39089426
6132,valid,0,0.00016462345
11076,valid,0,0.15209852
5870,valid,0,0.0002504586
9651,valid,0,0.06942996
5055,valid,0,0.0071177376
4065,valid,0,0.0016090178
8428,valid,0,0.00056539424
10250,valid,0,0.00044761613
2339,valid,0,0.0006959474
6958,valid,0,0.1001314
10110,valid,0,0.00014487674
2175,valid,0,0.8606923
1029,valid,0,0.00017444234
6065,valid,0,0.004098658
4464,valid,0,0.00026731737
3708,valid,0,0.0003555964
10661,valid,0,0.0004885654
5752,valid,0,0.0018809625
1935,valid,0,0.00027137782
5886,valid,0,0.00025152735
1210,valid,0,0.08319664
8425,valid,0,0.91133964
6246,valid,0,0.654631
7140,valid,0,0.00045620892
8419,valid,0,0.00019511838
7553,valid,0,0.00040393588
1925,valid,0,0.001294516
8185,valid,0,0.0012435972
4672,valid,0,0.0012435972
6814,valid,0,0.00015663846
11063,valid,0,0.00015663846
2857,valid,0,0.00017527683
10106,valid,0,0.00025152735
3163,valid,0,0.00015663846
9415,valid,0,0.48193458
1944,valid,0,0.00016900177
2950,valid,0,0.000291944
10556,valid,0,0.0011790269
331,valid,0,0.0003006751
678,valid,0,0.000291944
1633,valid,0,0.00080393656
6279,valid,0,0.0003555964
10074,valid,0,0.00019693813
9021,valid,0,0.0025959502
2313,valid,0,0.38493654
576,valid,0,0.74590904
4963,valid,0,0.00062641146
9179,valid,0,0.18821193
1306,valid,0,0.00014487674
5726,valid,0,0.0014818114
205,valid,0,0.00013936445
2244,valid,0,0.00038690123
10385,valid,0,0.00036679703
6614,valid,0,0.00043645254
8315,valid,0,0.074033424
10627,valid,0,0.00024496554
5020,valid,0,0.48914695
3407,valid,0,0.30750623
4742,valid,0,0.21814413
7724,valid,0,0.0008705889
7901,valid,0,0.0004306913
9976,valid,0,0.074033424
8845,valid,0,0.00020139974
537,valid,0,0.00013936445
8998,valid,0,0.00062641146
4844,valid,0,0.39814734
9039,valid,0,0.00040309248
5246,valid,0,0.0073255585
8551,valid,0,0.00016094923
782,valid,0,0.00028284028
5375,valid,0,0.00016900177
771,valid,0,0.0015294448
4079,valid,0,0.00013936445
1199,valid,0,0.26968282
6871,valid,0,0.31837898
6425,valid,0,0.7693375
6251,valid,0,0.00024490716
3720,valid,0,0.00015663846
9014,valid,0,0.00024496554
5634,valid,0,0.007590736
672,valid,0,0.30079958
4655,valid,0,0.032216832
9702,valid,0,0.08958396
6833,valid,0,0.8784166
3614,valid,0,0.0041064606
4836,valid,0,0.00016462345
6868,valid,0,0.00026731737
21,valid,0,0.75397176
454,valid,0,0.106923565
9698,valid,0,0.39814734
5040,valid,0,0.00016094923
3985,valid,0,0.00016094923
8067,valid,0,0.00014378785
7599,valid,0,0.95133126
9040,valid,0,0.12201903
5721,valid,0,0.62419695
9471,valid,0,1.9967161e-05
5393,valid,0,1.9967161e-05
438,valid,0,0.012204142
3272,valid,0,0.00048021303
7936,valid,0,0.11002549
339,valid,0,0.036113083
371,valid,0,0.0115203
8421,valid,0,0.0001094639
9636,valid,0,0.0001094639
7803,valid,0,0.013665592
8966,valid,0,0.013665592
164,valid,0,0.011772644
8778,valid,0,0.011772644
5162,valid,0,0.007436305
5926,valid,0,0.00071534456
5838,valid,0,0.00039263497
677,valid,0,0.011772644
9647,valid,0,0.011772644
4294,valid,0,0.011772644
5109,valid,0,0.015088216
9990,valid,0,0.014034506
8028,valid,0,0.0003068384
3706,valid,0,0.00014799983
2621,valid,0,0.0001986551
213,valid,0,0.0069132173
1170,valid,0,0.003405817
10501,valid,0,0.0032527328
5243,valid,0,0.0069132173
6137,valid,0,0.007436305
4515,valid,0,8.626373e-05
5469,valid,0,5.3506992e-05
2231,valid,0,0.0032527328
10253,valid,0,0.0032527328
6893,valid,0,5.3506992e-05
352,valid,0,0.0032527328
7644,valid,0,0.0032527328
6869,valid,0,0.0032527328
340,valid,0,0.0032527328
3415,valid,0,4.959237e-05
2066,valid,0,0.0032527328
2629,valid,0,0.0032527328
8435,valid,0,0.0032527328
8219,valid,0,0.021481544
7137,valid,0,0.0032527328
4352,valid,0,0.0032527328
2070,valid,0,0.0032527328
6651,valid,0,0.0032527328
3242,valid,0,0.0032527328
3274,valid,0,0.0032527328
9929,valid,0,0.013201238
5858,valid,0,5.1947856e-05
1224,valid,0,0.015515945
1504,valid,0,0.00020450477
4912,valid,0,0.011927378
7937,valid,0,0.0014605625
3264,valid,0,0.00020450477
2807,valid,0,0.0115203
667,valid,0,0.0115203
3313,valid,0,0.0115203
590,valid,0,0.096155055
2596,valid,0,0.098906055
9641,valid,0,0.012204142
337,valid,0,0.012204142
3952,valid,0,0.030175501
9018,valid,0,0.0009304912
1894,valid,0,0.0002063115
6253,valid,0,0.005190799
6759,valid,0,3.774129e-05
9801,valid,0,3.774129e-05
4070,valid,0,3.774129e-05
5002,valid,0,3.774129e-05
8212,valid,0,0.067177005
3301,valid,0,0.00036433068
3821,valid,0,0.07237333
540,valid,0,0.031789992
148,valid,0,0.13325772
3358,valid,0,0.03306912
8173,valid,0,0.03306912
3960,valid,0,0.02161693
8596,valid,0,0.02161693
6758,valid,0,0.03306912
1214,valid,0,0.02161693
6834,valid,0,0.0004298021
6760,valid,0,0.02161693
4993,valid,0,0.02161693
10620,valid,0,0.21182147
10101,valid,0,0.0115203
3815,valid,0,0.02974346
2991,valid,0,0.00015268067
1979,valid,0,0.00025725624
6290,valid,0,0.027836982
6770,valid,0,0.00011644602
7784,valid,0,0.02974346
3619,valid,0,0.02974346
563,valid,0,0.00022169121
4850,valid,0,0.00018772617
439,valid,0,0.027836982
5640,valid,0,0.013684244
2180,valid,0,0.00024029851
5144,valid,0,0.027836982
9988,valid,0,0.00018580098
3713,valid,0,0.027836982
3580,valid,0,0.0009804459
7305,valid,0,0.02974346
3625,valid,0,0.03382823
4281,valid,0,0.113773726
9201,valid,0,0.00018952054
3429,valid,0,0.0012449477
3846,valid,0,0.0002050718
7844,valid,0,0.0008667066
5878,valid,0,0.0087903775
6620,valid,0,0.00019977998
8603,valid,0,0.00088965055
547,valid,0,0.00019977998
4839,valid,0,0.00021554765
10374,valid,0,0.00029049107
10631,valid,0,0.0087903775
552,valid,0,0.1265767
719,valid,0,0.00019977998
5872,valid,0,0.00088965055
7552,valid,0,0.00019977998
8953,valid,0,0.024704237
7902,valid,0,0.0027762912
1205,valid,0,0.00019977998
7306,valid,0,0.0002050718
7946,valid,0,0.00029289298
3841,valid,0,0.0014408831
9927,valid,0,0.00032138382
7939,valid,0,0.0068799937
2336,valid,0,0.00018772617
10889,valid,0,0.07554552
4511,valid,0,0.0002050718
8190,valid,0,0.0007529581
4230,valid,0,0.022679508
9411,valid,0,0.009911704
10273,valid,0,0.15291989
2514,valid,0,0.00038169834
3819,valid,0,0.00019977998
174,valid,0,0.0008308538
5472,valid,0,0.013684244
10388,valid,0,0.00019977998
968,valid,0,0.0001196838
4944,valid,0,0.0002050718
559,valid,0,0.009911704
1972,valid,0,0.00019977998
5027,valid,0,0.00019977998
3315,valid,0,0.07554552
1911,valid,0,0.11920234
1917,valid,0,0.0013151172
6436,valid,0,0.11920234
2825,valid,0,0.009911704
4658,valid,0,0.0011203517
10259,valid,0,0.0035547023
6396,valid,0,0.00021554765
9914,valid,0,0.00021554765
7610,valid,0,0.009911704
6756,valid,0,0.0002050718
4073,valid,0,0.36732653
863,valid,0,0.0002050718
404,valid,0,0.0005180479
7850,valid,0,0.0001196838
5846,valid,0,0.00029165827
10894,valid,0,0.0002050718
10031,valid,0,0.00019977998
9462,valid,0,0.009911704
1906,valid,0,0.0002050718
2515,valid,0,0.00022125705
7654,valid,0,0.11920234
3501,valid,0,0.0009113286
3995,valid,0,0.00029049107
414,valid,0,0.00025073168
5017,valid,0,0.00019977998
4921,valid,0,0.00019977998
6285,valid,0,0.0012606496
9794,valid,0,0.0012606496
2778,valid,0,0.00019977998
10580,valid,0,0.00019977998
8556,valid,0,0.00019977998
1946,valid,0,0.00019977998
3176,valid,0,0.00019977998
7929,valid,0,0.00019977998
1169,valid,0,0.00019977998
9789,valid,0,0.0087903775
6807,valid,0,0.02974346
8072,valid,0,0.0087903775
5856,valid,0,0.00054821087
995,valid,0,0.00054821087
5732,valid,0,0.00019977998
500,valid,0,0.0006796874
9478,valid,0,0.00019977998
1638,valid,0,0.00019977998
1010,valid,0,0.00019977998
1332,valid,0,0.00019977998
1462,valid,0,0.0017238237
3238,valid,0,0.00054821087
8411,valid,0,0.014034506
38,valid,0,0.00019977998
77,valid,0,0.00019977998
769,valid,0,0.005190799
357,valid,0,0.027836982
9196,valid,0,0.00019977998
2863,valid,0,0.00021554765
1228,valid,0,0.02974346
144,valid,0,0.010947897
498,valid,0,0.021659425
4933,valid,0,0.00019977998
2957,valid,0,0.02974346
9181,valid,0,0.0004220735
83,valid,0,0.00080942496
7296,valid,0,0.0015797677
2326,valid,0,0.0005521236
8548,valid,0,0.0032527328
562,valid,0,0.0087903775
5925,valid,0,0.015515945
9632,valid,0,0.02974346
642,valid,0,0.003870895
1221,valid,0,0.00021554765
1201,valid,0,0.00019977998
5023,valid,0,0.10705386
5874,valid,0,0.00080942496
3246,valid,0,0.0087903775
3161,valid,0,0.0087903775
6874,valid,0,0.02974346
7604,valid,0,0.00019977998
3991,valid,0,0.00048947765
5018,valid,0,0.00019977998
10115,valid,0,0.022679508
11064,valid,0,0.011927378
6439,valid,0,0.0006796874
9511,valid,0,0.013684244
4204,valid,0,0.00011355369
2805,valid,0,0.02974346
9499,valid,0,0.031789992
220,valid,0,0.0087903775
4287,valid,0,0.0087903775
3587,valid,0,0.027296012
3320,valid,0,0.0087903775
9968,valid,0,0.0087903775
6788,valid,0,0.0038403724
10506,valid,0,7.0609975e-05
2862,valid,0,0.0087903775
2185,valid,0,0.00011699195
9922,valid,0,0.00019977998
3607,valid,0,0.02974346
5229,valid,0,0.0069132173
1807,valid,0,0.00019977998
5756,valid,0,0.00042276795
10376,valid,0,0.104000024
8168,valid,0,0.0019135908
6656,valid,0,0.00011644602
4213,valid,0,0.00021554765
6615,valid,0,0.011927378
3280,valid,0,0.04915124
8550,valid,0,0.0021548397
151,valid,0,0.015515945
658,valid,0,0.104000024
1302,valid,0,0.0087903775
5633,valid,0,0.0087903775
2237,valid,0,0.07386937
9693,valid,0,0.00019977998
9126,valid,0,0.0627905
8313,valid,0,0.0115203
2314,valid,0,0.0015055743
656,valid,0,0.00029049107
9983,valid,0,0.013684244
358,valid,0,0.010947897
5462,valid,0,0.0115203
2779,valid,0,0.0011462873
1909,valid,0,0.0011462873
2954,valid,0,0.5937806
8039,valid,0,0.15307902
7976,valid,0,0.00064471277
6644,valid,0,0.0011462873
5363,valid,0,0.7965885
2176,valid,0,0.0032493456
2831,valid,0,0.46257037
5036,valid,0,0.0011462873
6047,valid,0,0.08129143
8162,valid,0,0.0008305526
3994,valid,0,0.0008305526
10432,valid,0,0.0087903775
8206,valid,0,0.00042856103
4228,valid,0,0.060087442
4990,valid,0,0.08129143
10575,valid,0,0.00019977998
10947,valid,0,0.046721604
1006,valid,0,0.00015928737
2331,valid,0,0.00015928737
1637,valid,0,0.00032687397
9970,valid,0,0.00032687397
4909,valid,0,0.00032687397
10616,valid,0,0.00032687397
1314,valid,0,0.012053575
5637,valid,0,0.00032687397
5155,valid,0,0.00056450174
3330,valid,0,0.00032687397
4354,valid,0,0.00023830871
3724,valid,0,0.00032687397
6286,valid,0,0.021279147
1203,valid,0,0.00032687397
9461,valid,0,0.0008079693
6832,valid,0,0.00032687397
1174,valid,0,0.00032687397
7561,valid,0,0.0003526692
4509,valid,0,0.19166714
6423,valid,0,0.00042856103
10952,valid,0,0.00042856103
6946,valid,0,0.00032687397
6410,valid,0,0.00032687397
8308,valid,0,0.10965052
5921,valid,0,0.00056450174
8960,valid,0,0.046721604
470,valid,0,0.00031967624
7967,valid,0,0.00031967624
871,valid,0,0.56879616
1075,valid,0,0.00059736584
2181,valid,0,0.00059736584
5107,valid,0,0.000100508216
2800,valid,0,0.00079018786
10573,valid,0,0.00032687397
1929,valid,0,0.00041490502
9118,valid,0,0.00032687397
1635,valid,0,0.0030801205
47,valid,0,0.055317804
6255,valid,0,0.021279147
1028,valid,0,0.56879616
9797,valid,0,0.00041912598
949,valid,0,0.30831861
6606,valid,0,0.00041490502
8135,valid,0,0.00019532835
6945,valid,0,0.00044764348
950,valid,0,0.2653924
1031,valid,0,0.0006451661
1282,valid,0,0.00032687397
10619,valid,0,0.0008079693
4061,valid,0,0.00032687397
1791,valid,0,0.00025343505
5294,valid,0,0.00031967624
5145,valid,0,0.1422242
34,valid,0,0.00031967624
476,valid,0,0.00031967624
6811,valid,0,0.00031967624
9479,valid,0,0.00020502762
7133,valid,0,0.0011765352
6148,valid,0,0.00031967624
1025,valid,0,0.042927567
1634,valid,0,0.00031967624
1002,valid,0,0.042927567
348,valid,0,0.005523984
5731,valid,0,0.07806455
4089,valid,0,0.14457971
997,valid,0,0.00031967624
7303,valid,0,0.00025343505
6049,valid,0,0.0015197876
6891,valid,0,0.19871408
1019,valid,0,0.0023934848
1172,valid,0,0.008535582
1322,valid,0,0.00031967624
8598,valid,0,0.14614524
6949,valid,0,0.00025343505
8842,valid,0,0.00031967624
10948,valid,0,0.00031967624
10622,valid,0,0.00031967624
4512,valid,0,0.00031967624
2856,valid,0,0.00031967624
9200,valid,0,0.00035757895
2509,valid,0,0.0013922149
5759,valid,0,0.00079018786
10566,valid,0,0.3406752
4845,valid,0,0.00031967624
7494,valid,0,0.14457971
3578,valid,0,0.00031967624
7938,valid,0,0.040454283
4521,valid,0,0.081638314
735,valid,0,0.081638314
10393,valid,0,0.00047993136
781,valid,0,0.00052471115
3843,valid,0,0.36914444
5283,valid,0,0.00031967624
8955,valid,0,0.042927567
555,valid,0,0.042927567
5368,valid,0,9.072908e-05
2319,valid,0,0.040454283
5922,valid,0,0.00034490434
3746,valid,0,0.20790377
5911,valid,0,0.042927567
7725,valid,0,0.042927567
162,valid,0,0.00039468546
4207,valid,0,0.46943277
10878,valid,0,0.3962053
10076,valid,0,0.00025343505
5730,valid,0,0.1422242
10621,valid,0,0.0002734363
9026,valid,0,0.00056471454
1068,valid,0,0.00025343505
5630,valid,0,0.00031967624
1941,valid,0,0.042927567
2795,valid,0,0.042927567
3334,valid,0,0.00031967624
4210,valid,0,0.00031967624
1467,valid,0,0.3962053
5933,valid,0,0.081638314
8559,valid,0,0.00031967624
4283,valid,0,0.00031967624
5044,valid,0,0.0002734363
875,valid,0,0.00031967624
5386,valid,0,0.00031967624
166,valid,0,0.07806455
1207,valid,0,0.00031967624
2619,valid,0,0.00031967624
6753,valid,0,0.081638314
5147,valid,0,0.00031967624
3858,valid,0,0.042927567
8026,valid,0,0.00057982776
2322,valid,0,0.042927567
5621,valid,0,0.0011437219
9188,valid,0,0.00031967624
5038,valid,0,0.00031967624
10275,valid,0,0.4126871
10069,valid,0,0.00025343505
714,valid,0,0.00031967624
7799,valid,0,0.0023637458
5720,valid,0,0.00031967624
5644,valid,0,0.00031967624
6628,valid,0,0.141962
10571,valid,0,0.000627743
10567,valid,0,0.001138308
4221,valid,0,0.53978765
730,valid,0,0.00052539277
3703,valid,0,0.00052539277
996,valid,0,0.03334882
5884,valid,0,0.000627743
5464,valid,0,0.000627743
10972,valid,0,0.0012980142
1937,valid,0,0.001138308
10665,valid,0,0.34090975
3980,valid,0,0.0012031588
7314,valid,0,0.000627743
9025,valid,0,0.53978765
7611,valid,0,0.000627743
4832,valid,0,0.141962
7845,valid,0,0.00057982776
158,valid,0,0.00252734
10377,valid,0,0.000627743
1023,valid,0,0.0015626805
9127,valid,0,0.00049769855
1032,valid,0,0.0006933579
1211,valid,0,0.005540827
9703,valid,0,0.000627743
5623,valid,0,0.00079018786
10128,valid,0,0.00079018786
4729,valid,0,0.000627743
1915,valid,0,0.000627743
4225,valid,0,0.00031967624
3174,valid,0,0.000627743
1796,valid,0,0.0012031588
1283,valid,0,0.00031967624
9030,valid,0,0.000627743
10869,valid,0,0.141962
9697,valid,0,0.37950173
146,valid,0,0.0005340839
7567,valid,0,0.00031967624
1317,valid,0,0.00031967624
10114,valid,0,0.53978765
4075,valid,0,0.000627743
10579,valid,0,0.000627743
336,valid,0,0.000627743
10381,valid,0,0.00067726424
5908,valid,0,0.000627743
5252,valid,0,0.000627743
8956,valid,0,0.61690944
1289,valid,0,0.00067726424
8211,valid,0,0.1784521
2174,valid,0,0.069977425
9706,valid,0,0.29759622
581,valid,0,0.14457971
7136,valid,0,0.34549198
10883,valid,0,0.000627743
1640,valid,0,0.00075820606
2613,valid,0,0.19187787
2852,valid,0,0.0011064743
8042,valid,0,0.00065480615
1227,valid,0,0.00067726424
5724,valid,0,0.0011064743
3747,valid,0,0.0006087445
2689,valid,0,0.0006087445
6418,valid,0,0.0011064743
7556,valid,0,0.0006087445
966,valid,0,0.0006087445
8034,valid,0,0.00077296456
1931,valid,0,0.00067726424
7620,valid,0,0.000627743
5383,valid,0,0.16705696
3823,valid,0,0.0006087445
7945,valid,0,0.0006087445
7713,valid,0,0.000627743
5258,valid,0,0.03111869
5161,valid,0,0.012377197
9974,valid,0,0.0011038755
4214,valid,0,0.00075820606
6438,valid,0,0.000627743
10380,valid,0,0.37950173
1803,valid,0,0.00094748
5049,valid,0,0.141962
147,valid,0,0.6719363
3866,valid,0,0.0011064743
3976,valid,0,0.0006087445
501,valid,0,0.132669
5151,valid,0,0.0029628119
2792,valid,0,0.00078186556
10613,valid,0,0.0006087445
1926,valid,0,0.0029863464
8030,valid,0,0.000627743
1470,valid,0,0.001138308
1080,valid,0,0.0006087445
406,valid,0,0.8148474
1027,valid,0,0.30157256
2059,valid,0,0.0044928486
3307,valid,0,0.7496712
1973,valid,0,0.02280661
9704,valid,0,0.34676933
8443,valid,0,0.011054334
3988,valid,0,0.0007430532
1295,valid,0,0.0008016638
4522,valid,0,0.4705165
5291,valid,0,0.0046081874
7601,valid,0,0.25475287
5284,valid,0,0.0008761737
10558,valid,0,0.0007430532
1912,valid,0,0.0007430532
3323,valid,0,0.0015884747
2600,valid,0,0.0033730888
5642,valid,0,0.0029466222
8200,valid,0,0.00015053325
5631,valid,0,0.45543805
3589,valid,0,0.26066414
8431,valid,0,0.0030789801
6397,valid,0,0.00015053325
580,valid,0,0.00027307394
7973,valid,0,0.0014957336
10435,valid,0,0.4705165
4931,valid,0,0.0028113332
5889,valid,0,0.26990435
1918,valid,0,0.0014339649
2951,valid,0,0.0052618203
3834,valid,0,0.0052618203
152,valid,0,0.6486993
10950,valid,0,0.0007430532
7675,valid,0,0.0025985527
6892,valid,0,0.0127246315
10885,valid,0,0.0007430532
3709,valid,0,0.0009029167
2687,valid,0,0.0009029167
10394,valid,0,0.0007430532
3348,valid,0,0.0008539736
6819,valid,0,0.35888004
4454,valid,0,0.74248904
2499,valid,0,0.002646703
7301,valid,0,0.0014339649
9646,valid,0,0.11474015
7971,valid,0,0.0007430532
1286,valid,0,0.00015851556
10387,valid,0,0.0008761737
1291,valid,0,0.0007430532
3175,valid,0,0.03966562
6051,valid,0,0.0007430532
2628,valid,0,0.00051368197
466,valid,0,0.0008761737
3409,valid,0,0.33301663
4842,valid,0,0.0018625666
659,valid,0,0.35999188
550,valid,0,0.26990435
4840,valid,0,0.22472306
22,valid,0,0.00027307394
8032,valid,0,0.00016241458
6828,valid,0,0.00015053325
10081,valid,0,0.00015053325
3403,valid,0,0.02280661
2304,valid,0,0.00015053325
9443,valid,0,0.026754105
4286,valid,0,0.00015053325
4918,valid,0,0.00015053325
3743,valid,0,0.00015053325
9931,valid,0,0.0007337868
1333,valid,0,0.00015053325
8852,valid,0,0.00015053325
1329,valid,0,0.00015053325
5734,valid,0,0.00015053325
1073,valid,0,0.00015053325
5122,valid,0,0.19659476
4735,valid,0,0.00016241458
6883,valid,0,0.00015053325
1011,valid,0,0.00015053325
5160,valid,0,0.00015053325
1785,valid,0,0.00015053325
5918,valid,0,0.00010127363
1511,valid,0,0.00010127363
4992,valid,0,0.00027307394
6747,valid,0,0.00015053325
1300,valid,0,0.00015053325
9971,valid,0,0.00015053325
10668,valid,0,0.33171993
10095,valid,0,0.00015053325
3996,valid,0,0.03966562
5893,valid,0,0.00015053325
10281,valid,0,0.03966562
6411,valid,0,0.00015702608
664,valid,0,0.03966562
5033,valid,0,0.00014291031
4741,valid,0,0.00015053325
2639,valid,0,0.0006520399
9639,valid,0,0.39699653
5584,valid,0,0.003732887
3842,valid,0,0.003732887
6402,valid,0,0.0003187976
2589,valid,0,0.0035154114
7569,valid,0,0.000678536
3857,valid,0,0.00054229324
8538,valid,0,0.00010989741
3430,valid,0,0.0004203295
10261,valid,0,0.05817731
4965,valid,0,0.00047225915
6835,valid,0,2.4770246e-05
10970,valid,0,0.03966562
8970,valid,0,0.00027307394
7560,valid,0,0.00015053325
5043,valid,0,0.00015053325
3332,valid,0,0.0006520399
4953,valid,0,0.026754105
9019,valid,0,0.00027307394
10967,valid,0,0.00015053325
4000,valid,0,0.0011091158
5285,valid,0,0.00015053325
4671,valid,0,0.00015053325
5910,valid,0,0.00015053325
1299,valid,0,0.00015053325
2813,valid,0,0.00015053325
7716,valid,0,0.00015053325
5898,valid,0,0.05817731
8951,valid,0,0.00015053325
9029,valid,0,0.00015053325
3624,valid,0,0.11464355
5249,valid,0,0.00015053325
7962,valid,0,0.00015053325
9709,valid,0,0.00015053325
23,valid,0,0.00015053325
9119,valid,0,0.00015053325
3805,valid,0,0.0007855413
4661,valid,0,0.00015053325
5019,valid,0,0.00018751345
5011,valid,0,0.08377629
9791,valid,0,0.00015053325
8542,valid,0,0.00015053325
472,valid,0,0.00094382424
7846,valid,0,6.813761e-05
8834,valid,0,6.813761e-05
9420,valid,0,0.5297062
4078,valid,0,0.00015053325
9024,valid,0,0.00015053325
3432,valid,0,0.0004825139
1629,valid,0,0.00015053325
2998,valid,0,0.00015053325
3177,valid,0,0.00015053325
2605,valid,0,0.0002351495
4958,valid,0,0.0021490823
5259,valid,0,0.00015053325
2694,valid,0,0.001952639
729,valid,0,0.00015053325
10103,valid,0,0.0012898768
732,valid,0,0.00016241458
2789,valid,0,0.00029462407
1934,valid,0,0.00015053325
5876,valid,0,0.00081212283
10371,valid,0,0.00015053325
7562,valid,0,0.00015053325
10277,valid,0,0.00015053325
3852,valid,0,0.45495167
2183,valid,0,0.026754105
4915,valid,0,0.00073829415
10002,valid,0,0.00021621436
6952,valid,0,0.22640975
5907,valid,0,0.00015053325
4077,valid,0,0.0006520399
9638,valid,0,0.30418414
2602,valid,0,0.00027307394
10875,valid,0,0.00016241458
9445,valid,0,0.08377629
1297,valid,0,0.08377629
1013,valid,0,2.4770246e-05
8309,valid,0,0.00021621436
725,valid,0,0.03966562
4913,valid,0,0.00015053325
3739,valid,0,0.00015053325
5014,valid,0,0.5472196
662,valid,0,0.10239156
9034,valid,0,0.00015053325
4853,valid,0,0.00015053325
2177,valid,0,0.00027307394
6135,valid,0,0.00094382424
2230,valid,0,0.000678536
4510,valid,0,0.18729821
6799,valid,0,0.26043853
10905,valid,0,0.000678536
6793,valid,0,0.26043853
1325,valid,0,0.00015053325
7139,valid,0,0.2987783
8837,valid,0,0.00027307394
7943,valid,0,0.00012467537
1307,valid,0,0.00015053325
958,valid,0,0.0008997302
3862,valid,0,0.00015053325
546,valid,0,0.00015053325
3491,valid,0,0.12791036
4668,valid,0,0.21670869
5380,valid,0,0.00015053325
2302,valid,0,0.00015053325
474,valid,0,0.051387172
10633,valid,0,0.00015053325
10507,valid,0,0.00021621436
10505,valid,0,0.00016241458
10272,valid,0,0.11673538
10565,valid,0,0.19659476
5028,valid,0,0.00015053325
3401,valid,0,0.08377629
10278,valid,0,0.0004244189
10438,valid,0,0.12666728
3318,valid,0,0.05817731
7956,valid,0,0.00015053325
9413,valid,0,0.00015053325
8413,valid,0,0.00015053325
6889,valid,0,0.00015851556
5613,valid,0,0.00015053325
7718,valid,0,0.42094547
3836,valid,0,0.0011754591
6804,valid,0,0.6486993
5154,valid,0,0.0006520399
10964,valid,0,0.0013812608
6954,valid,0,0.0004244189
8418,valid,0,0.00016241458
5296,valid,0,0.02280661
10131,valid,0,0.59093297
5935,valid,0,0.00037161438
1908,valid,0,0.00028025612
6795,valid,0,0.001435733
5618,valid,0,0.00028025612
3736,valid,0,0.3715034
2781,valid,0,0.00020955734
9425,valid,0,0.0014334747
5891,valid,0,0.00016420409
4517,valid,0,0.00016420409
6146,valid,0,0.00029583834
4937,valid,0,0.00031918532
6872,valid,0,0.41577145
3263,valid,0,0.00017247994
3998,valid,0,0.00029583834
9482,valid,0,0.001805181
1079,valid,0,0.001805181
1787,valid,0,0.07621987
953,valid,0,0.0005060302
8434,valid,0,0.45721835
5470,valid,0,0.4028995
9117,valid,0,0.00029583834
9114,valid,0,0.00037161438
7968,valid,0,0.00029583834
363,valid,0,0.00037161438
10874,valid,0,0.0016312825
4665,valid,0,0.00020955734
8069,valid,0,0.004074638
5140,valid,0,0.508026
5242,valid,0,0.00020955734
80,valid,0,0.3992502
5226,valid,0,0.3733028
541,valid,0,0.1545101
1799,valid,0,0.00029583834
6605,valid,0,0.00020955734
9695,valid,0,0.055213366
4274,valid,0,0.013210775
728,valid,0,0.13597621
7307,valid,0,0.055213366
8782,valid,0,0.0014230642
5841,valid,0,0.3435341
5927,valid,0,0.3992502
11070,valid,0,0.00029583834
2699,valid,0,0.640721
5288,valid,0,0.055213366
459,valid,0,0.00020955734
7972,valid,0,0.00020955734
5149,valid,0,0.00039722506
6361,valid,0,0.00020955734
10562,valid,0,0.00020955734
1330,valid,0,0.00017247994
3856,valid,0,0.00020955734
7721,valid,0,0.00020955734
665,valid,0,0.1558403
2854,valid,0,0.1558403
2534,valid,0,0.00034687656
653,valid,0,0.1558403
6258,valid,0,0.005807623
6608,valid,0,0.005807623
961,valid,0,0.044011097
5373,valid,0,0.00020955734
1225,valid,0,0.79456425
1923,valid,0,0.0009705783
3404,valid,0,0.0009705783
733,valid,0,0.00020955734
4922,valid,0,0.00020955734
8781,valid,0,0.13822167
1030,valid,0,0.00020955734
7312,valid,0,0.0006664304
5035,valid,0,0.0002260961
8031,valid,0,0.00038012816
2801,valid,0,0.00020955734
8543,valid,0,0.00020955734
4851,valid,0,0.00019851877
867,valid,0,0.7936011
5632,valid,0,0.00023584759
3173,valid,0,0.00020955734
3582,valid,0,0.0005060302
3165,valid,0,0.00020955734
8558,valid,0,0.00020955734
2593,valid,0,0.48744404
1070,valid,0,0.00020955734
6407,valid,0,0.00020955734
2335,valid,0,0.27847925
6805,valid,0,0.000450348
8198,valid,0,0.0003886144
5638,valid,0,0.09216441
10256,valid,0,0.61917084
7639,valid,0,0.1545101
3871,valid,0,0.0002260961
2688,valid,0,0.00020955734
4908,valid,0,0.00020955734
2510,valid,0,0.23407428
7952,valid,0,0.055213366
1643,valid,0,0.0002725693
2952,valid,0,0.044011097
3251,valid,0,0.13822167
4291,valid,0,0.00020955734
5585,valid,0,0.77871835
5360,valid,0,0.00061569776
5929,valid,0,0.00026103397
1319,valid,0,0.00029407936
5398,valid,0,0.00020955734
9965,valid,0,0.00020955734
6898,valid,0,0.0005418528
8839,valid,0,0.00020955734
5022,valid,0,0.00038012816
9124,valid,0,0.3725097
3992,valid,0,0.038865466
6820,valid,0,0.08284602
7621,valid,0,0.3055167
4733,valid,0,0.8820986
4831,valid,0,0.00024303442
7794,valid,0,0.28205562
6130,valid,0,0.00053297577
7977,valid,0,0.3581359
4750,valid,0,0.106657036
3845,valid,0,0.0002725693
5401,valid,0,0.0002725693
4344,valid,0,0.42385828
1786,valid,0,0.00025137342
5877,valid,0,0.00023298585
10572,valid,0,0.00029021618
6421,valid,0,0.0013172288
7796,valid,0,0.00018170098
10265,valid,0,4.190243e-05
10276,valid,0,0.43337667
4456,valid,0,0.002007932
35,valid,0,0.0020461902
7143,valid,0,0.00043182823
2301,valid,0,0.055213366
5152,valid,0,0.0002725693
4360,valid,0,0.05999096
9032,valid,0,0.00018701654
6894,valid,0,0.84091485
538,valid,0,0.00023298585
4856,valid,0,0.00020955734
9195,valid,0,0.00029407936
8947,valid,0,0.19639243
673,valid,0,0.0002725693
5163,valid,0,0.10659367
4084,valid,0,0.007955143
8601,valid,0,0.00131773
10870,valid,0,0.00023298585
9003,valid,0,0.54349196
9189,valid,0,0.08284602
6062,valid,0,0.00018701654
3997,valid,0,0.00023298585
8202,valid,0,0.003180675
5387,valid,0,0.10659367
8164,valid,0,0.016602736
1273,valid,0,0.00023298585
8590,valid,0,0.001732999
7934,valid,0,0.08284602
1219,valid,0,0.0002503242
1305,valid,0,0.0003395205
8779,valid,0,0.44425398
2591,valid,0,0.00045740156
7787,valid,0,0.00040102855
2317,valid,0,0.00020955734
10634,valid,0,0.061553836
5399,valid,0,0.00023298585
1294,valid,0,0.0010186135
6053,valid,0,0.00018701654
7294,valid,0,0.00018701654
651,valid,0,0.001404722
6617,valid,0,0.00019508284
6861,valid,0,0.0016807009
8437,valid,0,0.60718316
7607,valid,0,0.0022023008
2527,valid,0,0.0019170401
7969,valid,0,0.00039244283
644,valid,0,0.84091485
7940,valid,0,0.479382
5372,valid,0,0.00020177687
10879,valid,0,0.00039244283
6781,valid,0,0.13232765
9694,valid,0,0.0031856087
11072,valid,0,0.00039244283
10378,valid,0,0.00018701654
4941,valid,0,0.00033924583
2630,valid,0,0.044289052
7614,valid,0,0.00018701654
9017,valid,0,0.001404722
221,valid,0,0.001404722
1512,valid,0,0.3387699
10564,valid,0,0.00018701654
8040,valid,0,0.0003390053
4736,valid,0,0.11640112
8950,valid,0,0.00018701654
6432,valid,0,0.29025888
10372,valid,0,0.00018701654
6428,valid,0,0.0003390053
3344,valid,0,0.0003390053
3817,valid,0,0.75219244
5900,valid,0,0.00018701654
1020,valid,0,0.0004365886
4864,valid,0,0.11640112
5906,valid,0,0.11640112
5619,valid,0,0.00039340623
10881,valid,0,0.0020322197
4857,valid,0,0.06757621
8191,valid,0,0.0003390053
4197,valid,0,0.17938377
5895,valid,0,0.00018701654
6622,valid,0,0.17938377
8192,valid,0,0.000353625
11074,valid,0,0.00018701654
8070,valid,0,0.11640112
4835,valid,0,0.05999096
4846,valid,0,0.17938377
1206,valid,0,0.0003390053
6812,valid,0,0.0003390053
3496,valid,0,0.92213595
10890,valid,0,0.58011
9978,valid,0,0.00041464405
7727,valid,0,0.014730137
8312,valid,0,0.014730137
6401,valid,0,0.00095323427
3414,valid,0,0.00095323427
5735,valid,0,0.00041464405
3728,valid,0,0.0011000931
10112,valid,0,0.0027528848
962,valid,0,0.32909733
2543,valid,0,0.0057223057
4652,valid,0,0.000350872
7723,valid,0,0.0003390053
9919,valid,0,0.001752455
1641,valid,0,0.11439319
4660,valid,0,0.012069718
8074,valid,0,0.0019173075
9784,valid,0,0.0007559727
9028,valid,0,0.30882385
2300,valid,0,0.0008801566
4945,valid,0,0.10060069
1171,valid,0,0.9541214
5030,valid,0,0.0008801566
4373,valid,0,0.5356641
7619,valid,0,0.0017500619
6367,valid,0,0.0005533522
6623,valid,0,0.00035974965
6625,valid,0,0.9796475
4743,valid,0,0.91172314
3355,valid,0,0.93149585
7299,valid,0,0.5978293
10667,valid,0,0.00045690482
10976,valid,0,0.00045690482
6750,valid,0,0.0024459637
10267,valid,0,0.8676699
4934,valid,0,0.0004871443
8422,valid,0,0.00067004934
9007,valid,0,0.00021767347
7609,valid,0,0.48782066
9037,valid,0,0.00045016065
3428,valid,0,0.0012201733
10266,valid,0,0.50312054
8599,valid,0,0.9522944
8547,valid,0,0.00047905536
471,valid,0,0.97130233
5292,valid,0,0.4872128
6404,valid,0,0.0007559727
8847,valid,0,0.00045690482
3156,valid,0,0.55113435
2615,valid,0,0.003478963
10109,valid,0,0.0025967467
10077,valid,0,0.0008801566
6414,valid,0,0.00097335083
10629,valid,0,0.0062790834
4216,valid,0,0.0004871443
5029,valid,0,0.0004735861
6782,valid,0,0.0010168076
720,valid,0,0.0010168076
11066,valid,0,0.0010959003
2816,valid,0,0.85391706
10515,valid,0,0.43327993
4285,valid,0,0.44770715
10100,valid,0,0.6885463
11075,valid,0,0.00035974965
338,valid,0,0.00035974965
9031,valid,0,0.00035974965
6613,valid,0,0.15435618
1631,valid,0,0.0008801566
4466,valid,0,0.0029171975
6140,valid,0,0.0014559487
4465,valid,0,0.662472
4290,valid,0,0.8261737
6951,valid,0,0.00067004934
4903,valid,0,0.0013234427
10026,valid,0,0.9270418
6612,valid,0,0.49316648
4833,valid,0,0.00035974965
5255,valid,0,0.0004735861
4667,valid,0,0.0024127606
2614,valid,0,0.0001653408
649,valid,0,0.00047816348
2796,valid,0,0.0012384392
6408,valid,0,0.57248104
783,valid,0,0.0011000931
8420,valid,0,0.0032920593
8785,valid,0,0.5747146
8071,valid,0,0.00506678
3612,valid,0,0.0093771275
3732,valid,0,0.00089851406
4076,valid,0,0.00045690482
3844,valid,0,0.00045690482
1222,valid,0,0.0011058274
10084,valid,0,0.0008801566
957,valid,0,0.0008801566
7941,valid,0,0.0026609458
8539,valid,0,0.0006464774
5282,valid,0,0.0007251536
5146,valid,0,0.15435618
143,valid,0,0.0016676108
2791,valid,0,0.0016676108
7300,valid,0,0.00035974965
4551,valid,0,0.5692354
7823,valid,0,0.08176992
8633,valid,0,0.11403353
2254,valid,0,0.5656667
2474,valid,0,0.08129143
699,valid,0,0.0032527328
1090,valid,1,0.9312501
9560,valid,0,0.072856955
4548,valid,0,0.4183362
7465,valid,0,0.00046645085
10164,valid,0,0.40186334
7281,valid,0,7.0609975e-05
8392,valid,0,0.17548746
2216,valid,0,0.10021444
6908,valid,0,0.00038012816
7480,valid,0,0.00023482283
2463,valid,0,0.00083387207
3938,valid,0,0.39089426
1984,valid,0,0.7171159
7450,valid,0,0.91702807
2087,valid,0,0.4705747
6504,valid,0,0.5908282
2444,valid,0,0.48193252
10775,valid,0,0.6886501
6174,valid,0,0.41587526
4772,valid,0,0.37448296
7729,valid,0,0.5973926
5747,valid,0,0.046699032
7830,valid,0,0.0011056499
4582,valid,0,0.08172589
8674,valid,0,0.19191983
10821,valid,0,0.0010507627
9435,valid,0,0.10021444
7349,valid,0,0.107845366
7185,valid,0,0.00027732516
521,valid,0,0.252232
3635,valid,0,0.00011287678
8400,valid,0,0.22768958
10814,valid,1,0.85315853
1039,valid,0,0.0003071589
11045,valid,0,0.107845366
4792,valid,0,0.00030914342
4812,valid,0,0.0027321086
4115,valid,0,0.5708497
6913,valid,0,0.73081416
1846,valid,0,0.066724256
10311,valid,0,0.054420084
3048,valid,0,0.34187722
7472,valid,0,0.15209852
1142,valid,0,0.46933976
4817,valid,0,0.24478804
6100,valid,0,0.8975673
6482,valid,0,0.35710955
8387,valid,0,0.17001857
5523,valid,0,0.06381604
5312,valid,0,7.149983e-05
4486,valid,0,0.6298244
9428,valid,0,0.8280864
6475,valid,0,0.847039
6216,valid,0,0.3628269
6385,valid,0,0.00025622154
10847,valid,0,0.9451152
1838,valid,0,0.09803401
10720,valid,0,0.38493654
2460,valid,0,0.08319664
6691,valid,0,0.17218417
9355,valid,0,0.65226686
4416,valid,0,0.0013766965
9334,valid,0,0.0004955314
9497,valid,0,0.80475247
6159,valid,0,0.06942996
5136,valid,0,0.00020286931
2255,valid,0,0.48785692
3081,valid,0,0.0013595452
8818,valid,0,0.4596843
3568,valid,0,0.9469345
6268,valid,0,0.97073114
7543,valid,0,0.95963925
6496,valid,0,0.029649418
2284,valid,0,0.011772644
7452,valid,0,0.096155055
8610,valid,0,0.02161693
5407,valid,0,0.021659425
7462,valid,0,0.02974346
1134,valid,0,0.018796124
1564,valid,0,0.00037962824
10229,valid,0,0.022679508
10304,valid,0,0.0087903775
6327,valid,0,0.0069132173
5826,valid,0,0.086260036
3762,valid,0,0.0029467607
10008,valid,0,0.16871911
1837,valid,0,0.11886025
3088,valid,0,0.042927567
8488,valid,0,0.037845127
9257,valid,0,0.21469782
8407,valid,0,0.042927567
4005,valid,0,0.30389377
1689,valid,0,0.00067661266
5829,valid,0,0.0018635553
7286,valid,0,0.1568476
904,valid,0,0.5348259
2683,valid,0,0.03966562
8814,valid,0,0.5472196
8497,valid,0,0.33171993
7131,valid,0,0.00014291031
2924,valid,0,0.00014291031
1560,valid,0,0.39699653
2879,valid,0,0.18729821
8237,valid,0,0.0005231854
6443,valid,0,0.00043405703
7125,valid,0,0.00043405703
10210,valid,0,0.05787516
7514,valid,0,0.41274533
526,valid,0,0.42567334
8789,valid,0,0.2102091
5418,valid,0,0.0025003965
737,valid,0,0.24835767
743,valid,0,0.54349196
1144,valid,0,0.01072889
2287,valid,0,0.76829845
11044,valid,0,0.6325576
8268,valid,0,0.18821193
7834,valid,0,0.010497662
4478,valid,0,0.6750343
1575,valid,0,0.6387244
7091,valid,0,0.9513692
9340,valid,0,0.77401704
324,valid,0,0.24928513
519,valid,0,0.001638594
8662,valid,0,0.0037549604
2579,valid,0,0.86162335
1748,valid,0,0.4801515
3899,valid,0,0.11406147
6526,valid,0,0.32955873
2077,valid,0,0.5022229
2676,valid,0,0.4799286
6489,valid,0,8.3963605e-05
5685,valid,0,0.51101017
10347,valid,0,0.26121184
4583,valid,1,0.9141939
8360,valid,0,0.4459368
4868,valid,0,0.0017209435
10212,valid,0,0.52979255
3361,valid,0,0.51101017
5533,valid,0,0.55942297
6493,valid,0,0.4223791
3690,valid,0,0.019808222
6016,valid,0,0.023501407
9252,valid,0,0.0013821884
5741,valid,0,0.6699371
4420,valid,0,0.18139738
10230,valid,0,0.27514127
6547,valid,0,0.46914756
7447,valid,0,0.00020502762
1123,valid,0,0.00057982776
10407,valid,0,0.29511392
1114,valid,0,0.6298244
6328,valid,0,0.6223378
9350,valid,0,0.0026463608
9558,valid,0,0.0017209435
10007,valid,0,0.00028284028
7024,valid,0,0.00028284028
5417,valid,0,0.00028284028
7547,valid,0,0.0839742
491,valid,0,0.86245507
946,valid,0,8.838539e-05
2450,valid,0,0.00412725
9250,valid,0,0.021659425
10747,valid,0,0.20164275
1880,valid,0,0.2080283
2555,valid,0,0.3729807
761,valid,0,0.011927378
8133,valid,0,0.042927567
2208,valid,0,0.021292329
9142,valid,0,0.071256354
5452,valid,0,0.0003694746
6332,valid,0,0.31983453
804,valid,0,0.24939099
4805,valid,0,0.9469345
10929,valid,0,0.43236062
1552,valid,0,0.5916927
9523,valid,0,0.4183362
3364,valid,0,0.55942297
6932,valid,0,0.9162424
2461,valid,0,0.7169546
4767,valid,0,0.1422242
908,valid,0,0.921202
8661,valid,0,0.73985624
6630,valid,0,0.8545712
1119,valid,0,0.07499805
1724,valid,0,0.10021444
896,valid,0,7.149983e-05
8254,valid,0,0.022679508
1430,valid,0,0.18807645
2647,valid,0,0.7434436
6012,valid,0,0.662472
1881,valid,0,0.55942297
9251,valid,0,0.001112174
10343,valid,0,0.113298304
4703,valid,0,0.6127077
7522,valid,0,0.00022976879
8116,valid,0,0.46284497
529,valid,0,0.12666728
766,valid,0,0.00022619571
9590,valid,0,0.0010574003
10213,valid,0,0.7704412
5091,valid,0,0.067410216
9774,valid,0,0.007436305
1573,valid,0,0.07806455
8741,valid,0,0.0015813819
5455,valid,0,0.14614524
6116,valid,0,0.5896159
9572,valid,0,0.03966562
7234,valid,0,0.0072673964
6450,valid,0,0.00023079482
6456,valid,0,0.62703764
4524,valid,0,0.3703533
5095,valid,0,5.2483338e-05
3030,valid,0,0.06942996
916,valid,0,0.0087903775
10827,valid,0,0.22472306
6687,valid,0,0.26887977
10044,valid,0,0.5134744
8806,valid,0,0.39292547
3569,valid,0,0.090014204
7809,valid,0,0.8906045
2198,valid,0,0.000291944
3754,valid,0,0.6274329
912,valid,0,0.17200035
8615,valid,0,0.09210301
4688,valid,0,0.09210301
5449,valid,0,0.13246152
8735,valid,0,0.0017209435
321,valid,0,0.32242578
3694,valid,0,0.00043200812
6172,valid,0,0.1422242
10743,valid,0,0.0014339649
4976,valid,0,0.11474015
6541,valid,0,0.00019977998
1763,valid,0,0.0047144787
4408,valid,0,0.9191656
8895,valid,0,0.5908282
10014,valid,0,0.11962731
6113,valid,0,0.01890856
2710,valid,0,0.44723988
7083,valid,0,0.8984459
4155,valid,0,0.8984459
1879,valid,0,0.000291944
890,valid,0,0.08172589
4579,valid,0,0.7512559
9561,valid,0,0.023501407
2210,valid,0,0.00057176134
7246,valid,0,0.25396714
4241,valid,0,0.1545101
8896,valid,0,0.014637724
5084,valid,0,0.7571305
7667,valid,0,0.00024029851
10154,valid,0,0.4459368
9354,valid,0,0.5431756
3025,valid,0,0.26804844
7231,valid,0,0.00023123136
9366,valid,0,0.0016615932
5500,valid,0,0.5621228
9578,valid,0,0.56737924
8125,valid,0,0.81788737
1034,valid,0,0.35710955
746,valid,0,0.39292547
7068,valid,0,0.86010957
3372,valid,0,0.0004760519
9156,valid,0,0.17548746
2277,valid,0,0.32242578
3652,valid,0,0.83827376
7745,valid,0,0.098924205
1133,valid,0,0.0115203
420,valid,0,0.108868025
10402,valid,0,0.1558403
1781,valid,0,0.59611756
9269,valid,0,0.11673538
8485,valid,0,0.10909579
3052,valid,0,0.11962731
7084,valid,0,0.13581495
8671,valid,0,0.00031967624
7817,valid,0,0.00083387207
3940,valid,0,0.92795855
3063,valid,0,0.00083387207
8659,valid,0,0.0019176113
2559,valid,0,0.17984232
376,valid,0,0.0017186701
5428,valid,0,0.0087903775
1559,valid,0,0.2709225
4878,valid,0,0.12791036
5411,valid,0,6.813761e-05
1425,valid,0,0.13822167
7526,valid,0,0.00038012816
5942,valid,0,0.04883249
2948,valid,0,0.20136017
7317,valid,0,0.000627743
5686,valid,0,0.4509824
9576,valid,0,0.051337924
9495,valid,0,0.00083387207
1093,valid,0,0.37398708
8914,valid,0,0.17984232
3051,valid,0,0.16409345
5421,valid,0,0.22237901
6168,valid,0,0.20833328
3435,valid,0,0.000552017
6675,valid,0,0.00017699506
10805,valid,0,0.01750908
936,valid,0,0.0032527328
7130,valid,0,0.027836982
1958,valid,0,0.023501407
8620,valid,0,0.00031967624
6001,valid,0,0.22801416
8672,valid,0,0.011468294
10812,valid,0,0.66654605
1258,valid,0,0.11406147
8744,valid,0,0.00083387207
1102,valid,0,0.07710517
897,valid,0,0.00018363498
6917,valid,0,0.9091141
5433,valid,0,0.5683647
8129,valid,0,1.9967161e-05
2280,valid,0,0.00011355369
10408,valid,0,0.0020293302
7529,valid,0,0.00083387207
9747,valid,0,0.5441231
10198,valid,0,0.00083387207
10144,valid,0,0.00083387207
2838,valid,0,0.51101017
10233,valid,0,0.08135828
3449,valid,0,0.0002188069
5311,valid,0,0.22273792
7048,valid,0,0.0032527328
8663,valid,0,0.0003372933
8863,valid,0,0.081638314
10221,valid,0,0.8007187
4160,valid,0,0.0025207037
69,valid,0,0.5336976
8274,valid,0,0.0016727438
10928,valid,0,0.00012858292
1680,valid,0,0.00083387207
3696,valid,0,0.0010342288
8463,valid,0,0.00023123136
2583,valid,0,0.0076317014
10930,valid,0,0.00094748
3920,valid,0,0.69477373
10006,valid,0,0.54349196
5748,valid,0,0.812641
8399,valid,0,0.017396193
2566,valid,0,0.28205088
4119,valid,0,0.047593255
10458,valid,0,0.0001125772
10777,valid,0,0.00017699506
9519,valid,0,0.00020707754
9553,valid,0,0.103259996
2396,valid,0,0.02974346
3934,valid,0,0.037790168
8635,valid,0,0.120233946
6163,valid,0,0.08377629
1842,valid,0,0.0061518233
6924,valid,0,0.00090980815
3942,valid,0,0.17382361
5831,valid,0,0.00083387207
4405,valid,0,0.51101017
7385,valid,0,0.14614001
2221,valid,0,0.022433309
1259,valid,0,9.6970405e-05
2076,valid,0,0.95348656
6120,valid,0,0.0007473333
5738,valid,0,5.2483338e-05
6521,valid,0,0.0005055252
4243,valid,0,0.20833328
3434,valid,0,0.13565032
4866,valid,0,0.00083387207
6276,valid,0,0.36694196
8115,valid,0,0.11403353
8474,valid,0,0.4846505
10196,valid,0,0.005980389
4807,valid,0,0.11384287
10925,valid,0,0.014225053
494,valid,0,0.042927567
2204,valid,0,0.18501407
9587,valid,0,0.03966562
1759,valid,0,0.02280661
8730,valid,0,0.0035996193
2459,valid,0,0.0013058119
9557,valid,0,0.00051662547
2557,valid,0,0.00083387207
9743,valid,0,0.00083387207
4449,valid,0,0.27940762
3752,valid,0,0.009244077
4399,valid,0,0.0077805547
2928,valid,0,0.052415125
7527,valid,0,0.070467435
10223,valid,0,0.008372817
10828,valid,0,0.00014791249
2085,valid,0,0.00015748055
5524,valid,0,0.00014487674
8729,valid,0,0.15209852
8511,valid,0,0.4165303
6371,valid,0,0.0035810105
3891,valid,0,0.0010172423
8271,valid,0,0.0016681944
5504,valid,0,0.0002029411
1131,valid,0,0.10705386
2572,valid,0,0.00029049107
10997,valid,0,0.141962
6092,valid,0,0.37318122
478,valid,0,0.03966562
7249,valid,0,0.5472196
7022,valid,0,0.026754105
6372,valid,0,0.00036375877
4003,valid,0,0.11640112
6549,valid,0,0.19820437
2279,valid,0,0.86721635
2939,valid,0,0.5928919
7448,valid,0,0.005761847
3105,valid,0,0.2697791
6918,valid,0,0.7260636
4781,valid,0,0.00019693813
4774,valid,0,0.027836982
8366,valid,0,0.031789992
9370,valid,0,0.21670869
4477,valid,0,0.05999096
5946,valid,0,0.013684244
4240,valid,0,0.61805934
3931,valid,0,0.00015053325
6334,valid,0,0.02280661
7595,valid,0,0.00015053325
4867,valid,0,0.05817731
8359,valid,0,0.18729821
5527,valid,0,0.78314596
6546,valid,0,0.03966562
8481,valid,0,0.1349683
518,valid,0,0.4801515
8476,valid,0,0.11406147
10758,valid,0,0.5190187
10830,valid,0,0.00017973367
4545,valid,0,0.00083387207
6126,valid,0,0.00083387207
8510,valid,0,0.00036193323
10226,valid,0,0.00014791249
4865,valid,0,0.002202693
1437,valid,0,0.0061241686
7053,valid,0,0.070467435
3508,valid,0,0.0003307699
3442,valid,0,0.039802413
6931,valid,0,0.48317176
7233,valid,0,0.043388303
3915,valid,0,0.031789992
8509,valid,0,0.00039180825
7668,valid,0,0.10705386
10605,valid,0,0.0087903775
5530,valid,0,0.30389377
10748,valid,0,0.00031967624
10156,valid,0,0.023501407
9763,valid,0,0.000627743
1684,valid,0,0.00021810207
6197,valid,0,0.10034542
5098,valid,0,0.051387172
1562,valid,0,0.09440695
2458,valid,0,0.055213366
9489,valid,0,0.41105
706,valid,0,0.2837712
8742,valid,0,0.5198109
7076,valid,0,0.35080743
6929,valid,0,0.05999096
6343,valid,0,0.0007820775
3439,valid,0,0.6187952
7085,valid,0,0.0016511392
10395,valid,0,0.0008801566
3697,valid,0,0.50312054
2655,valid,0,0.51101017
5075,valid,0,0.2194625
3911,valid,0,0.0002537719
7101,valid,0,0.08176992
8361,valid,0,7.916393e-05
3910,valid,0,0.00083387207
1256,valid,1,0.95642126
1455,valid,0,0.87852573
6386,valid,0,0.46728027
298,valid,0,0.01389003
9779,valid,0,0.014637724
768,valid,0,7.8947494e-05
4481,valid,0,7.8947494e-05
311,valid,0,0.10021444
5134,valid,0,0.40186334
10834,valid,0,0.00020894942
1135,valid,0,0.56028736
10606,valid,0,0.00037694126
3939,valid,0,0.091992125
6177,valid,0,0.074033424
3022,valid,0,0.24939099
6676,valid,0,0.010470755
2944,valid,0,0.20833328
3058,valid,0,0.35710955
6567,valid,0,0.24723913
6550,valid,0,0.00027250487
10169,valid,0,0.00013936445
8395,valid,0,0.34410858
6488,valid,0,0.33794108
753,valid,0,0.0032527328
7464,valid,0,0.0032527328
4980,valid,0,0.00025353488
4888,valid,0,0.00029049107
7049,valid,0,0.022679508
10318,valid,0,0.0087903775
4485,valid,0,0.00032687397
4825,valid,0,0.00032687397
3890,valid,0,0.081638314
10397,valid,0,0.19871408
10016,valid,0,0.6603783
3104,valid,0,0.001138308
10945,valid,0,0.76620764
6524,valid,0,0.26990435
7531,valid,0,0.19659476
5948,valid,0,0.00015053325
1567,valid,0,0.0004984173
60,valid,0,0.00027307394
1436,valid,0,0.00037161438
2646,valid,0,0.0011161391
3687,valid,0,0.23407428
6562,valid,0,0.00020955734
4440,valid,0,0.41105
2709,valid,0,0.0005083377
7023,valid,0,0.0012525277
6636,valid,0,0.57804585
10225,valid,0,0.13232765
10596,valid,0,0.05999096
2395,valid,0,0.76807094
8857,valid,0,0.9270418
2393,valid,0,0.39787444
9555,valid,0,0.008406524
7232,valid,0,0.0002537719
5497,valid,0,0.017396193
7064,valid,0,0.000102778286
5318,valid,0,0.017396193
7460,valid,0,0.0017209435
3510,valid,0,0.00024645057
2554,valid,0,0.00083387207
10050,valid,0,0.00083387207
8638,valid,0,0.00083387207
70,valid,0,0.0012946634
1058,valid,0,0.112388626
1956,valid,0,0.00083387207
6180,valid,0,0.0017092435
2281,valid,0,0.0005114948
9346,valid,0,0.5108744
2084,valid,0,0.00027020415
2228,valid,0,0.49237785
8639,valid,0,0.0014053468
2930,valid,0,0.5215292
4163,valid,0,0.0001852215
4986,valid,0,0.0002465942
10810,valid,0,0.27514127
3023,valid,0,0.37737775
10400,valid,0,0.0020479953
7031,valid,0,0.30079958
9577,valid,0,0.39731345
8117,valid,0,0.002280889
10201,valid,0,0.0012929277
8810,valid,0,0.0021750375
52,valid,0,0.00071687973
9342,valid,0,0.00031331164
10590,valid,0,0.19997294
3893,valid,0,0.72452164
10042,valid,0,0.4560055
9273,valid,0,0.0015734552
790,valid,0,0.2965626
6498,valid,0,0.007851508
7488,valid,0,0.00017966822
2226,valid,0,0.01540214
6005,valid,0,0.009911704
5087,valid,0,0.0087903775
9567,valid,0,0.00025725624
760,valid,0,0.19166714
738,valid,0,0.07806455
6544,valid,0,0.04883249
1736,valid,0,0.040454283
1832,valid,0,0.07965755
10470,valid,0,0.19055243
7229,valid,0,0.21670869
7477,valid,0,0.33171993
3897,valid,0,0.30336645
8856,valid,0,0.18729821
8665,valid,0,0.19657779
51,valid,0,0.0004244189
3086,valid,0,0.00090887025
8860,valid,0,0.72506255
4156,valid,0,0.044011097
6215,valid,0,0.05999096
3627,valid,0,0.00018701654
7657,valid,0,0.0002714319
9491,valid,0,0.720964
3445,valid,0,0.00018701654
1260,valid,0,0.0003390053
10755,valid,0,0.00062681845
9570,valid,0,0.48782066
5093,valid,0,0.6178173
703,valid,0,0.44770715
7343,valid,0,0.43327993
9265,valid,0,0.36391667
9554,valid,0,0.9582278
8251,valid,0,0.28205088
901,valid,0,0.36694196
884,valid,0,0.00068674155
7826,valid,0,0.11406147
8099,valid,0,0.5871054
1094,valid,0,0.11406147
3637,valid,0,5.2695974e-05
7069,valid,0,0.0017209435
8504,valid,0,0.00083387207
10770,valid,0,0.28205088
3941,valid,0,0.002253473
1147,valid,0,0.00029343215
8464,valid,0,0.00053142634
5305,valid,0,0.011410859
1777,valid,0,0.08856714
2218,valid,0,0.084266834
5681,valid,0,0.0017977564
5422,valid,0,0.06807673
6219,valid,0,0.07972217
6106,valid,0,0.17200035
5102,valid,0,0.38675416
3638,valid,0,0.35604632
1051,valid,0,0.6290898
8478,valid,0,0.003362997
1765,valid,0,0.7575507
3895,valid,0,0.006378274
7476,valid,0,0.8674606
1536,valid,0,0.4904656
10013,valid,0,0.0011477546
4707,valid,0,0.85437846
9436,valid,0,0.7874433
4983,valid,0,0.40186334
4694,valid,0,0.047593255
932,valid,0,0.07710517
4763,valid,0,0.1704341
3096,valid,0,0.10021444
895,valid,0,0.40186334
4010,valid,0,0.08172589
9271,valid,0,0.57150334
877,valid,0,0.070467435
3567,valid,0,0.00056953455
6448,valid,0,0.07710517
7100,valid,0,0.07710517
10193,valid,0,0.00027540434
4231,valid,0,0.073253736
2285,valid,0,0.0005296708
2679,valid,0,0.00028850988
1738,valid,0,0.9375605
705,valid,0,0.00046881472
5943,valid,0,0.067410216
4161,valid,0,0.6301738
5090,valid,0,0.9199174
5068,valid,0,0.6301875
9147,valid,0,0.8970436
9140,valid,0,0.3703533
4820,valid,0,0.034427036
6468,valid,0,0.04782367
1267,valid,0,0.1060124
4601,valid,0,0.5052142
919,valid,0,0.17420562
6688,valid,0,0.32106423
1782,valid,0,0.30964616
9758,valid,0,0.57319015
5941,valid,0,0.48317176
6906,valid,0,0.24939099
3440,valid,0,0.7696205
10308,valid,0,0.927892
9379,valid,0,0.3833756
4689,valid,0,0.19308935
8484,valid,0,0.47058338
2219,valid,0,0.2289517
10843,valid,0,0.39416128
6936,valid,0,0.2614642
5442,valid,0,0.80572426
8907,valid,0,0.0001289551
10825,valid,0,0.20885973
4129,valid,0,0.72121423
4439,valid,0,0.022236118
10157,valid,0,5.3506992e-05
5408,valid,0,0.0032527328
6497,valid,0,0.096155055
4883,valid,0,0.00024029851
1423,valid,0,0.023705628
8466,valid,0,0.00019977998
8100,valid,0,0.00019977998
303,valid,0,0.113773726
11054,valid,0,0.07554552
6015,valid,0,0.00045368104
10166,valid,0,0.00019977998
2833,valid,0,0.031789992
9363,valid,0,7.0609975e-05
4880,valid,0,0.00029413152
7072,valid,0,0.010947897
10228,valid,0,0.067505345
9276,valid,0,0.015515945
3645,valid,0,0.015515945
922,valid,0,0.0087903775
5315,valid,0,0.0003526692
876,valid,0,0.00057176134
5420,valid,0,0.0022675875
2199,valid,0,0.14614524
7593,valid,0,0.040454283
1569,valid,0,0.2349851
1571,valid,0,0.0033730888
5426,valid,0,0.141962
7026,valid,0,0.3466881
7123,valid,0,0.00027307394
4598,valid,0,0.5472196
744,valid,0,0.4183362
5057,valid,0,0.25761896
7812,valid,0,0.21670869
751,valid,0,0.7340308
4764,valid,0,0.03966562
530,valid,0,0.48744404
5088,valid,0,0.35421246
1994,valid,0,0.061553836
1553,valid,0,0.6662874
7392,valid,0,0.0036709392
1446,valid,0,0.00032191403
2845,valid,0,0.58507216
6384,valid,0,0.0005862466
8911,valid,0,0.00067004934
6093,valid,0,0.15435618
1041,valid,0,0.29025888
488,valid,0,0.017396193
7288,valid,0,0.066724256
6275,valid,0,0.0026482567
2846,valid,0,0.000101332465
7041,valid,0,0.23996837
10159,valid,0,0.00083387207
6672,valid,0,0.061851624
9574,valid,0,0.5701237
1445,valid,0,0.011702734
9524,valid,0,0.0570929
7831,valid,0,0.6142917
9378,valid,0,0.00018893972
1551,valid,0,0.08135828
4121,valid,0,0.13811025
1056,valid,0,0.62110275
6153,valid,0,0.006238799
10216,valid,0,4.045437e-05
9527,valid,0,0.17984232
5313,valid,0,0.00046881472
4686,valid,0,0.24478804
6632,valid,0,0.00087796926
4421,valid,0,0.30079958
3059,valid,0,0.72452164
9744,valid,0,0.000250736
6195,valid,0,0.074033424
1097,valid,0,0.21557903
1681,valid,0,0.86068803
6161,valid,0,0.9727138
482,valid,0,0.00026824055
2759,valid,0,0.13558474
10780,valid,0,0.10909579
2768,valid,0,0.084266834
7241,valid,0,0.1232723
7193,valid,0,0.00014791249
10607,valid,0,0.00014791249
8256,valid,0,0.66768146
915,valid,0,0.3505329
7244,valid,0,0.00016776036
6212,valid,0,0.08265424
6491,valid,0,0.00014487674
10215,valid,0,0.9199174
4479,valid,0,0.35276857
1156,valid,0,0.032216832
5817,valid,0,0.0037247404
1985,valid,0,0.07554552
5443,valid,0,0.0087903775
1986,valid,0,0.00019977998
8468,valid,0,0.19995709
3572,valid,0,0.00031967624
933,valid,0,0.19187787
3029,valid,0,0.03966562
6523,valid,0,0.00015053325
4803,valid,0,0.00015053325
7520,valid,0,0.007838481
1533,valid,0,0.24928513
4782,valid,0,0.011927378
8255,valid,0,0.014116513
2556,valid,0,0.022679508
10399,valid,0,0.042927567
10297,valid,0,0.141962
3921,valid,0,0.0048061595
8788,valid,0,0.066724256
9563,valid,0,0.000748049
1154,valid,0,0.11826006
5938,valid,0,0.12035731
5415,valid,0,0.113298304
7325,valid,0,0.1180933
3074,valid,0,0.29062572
7446,valid,0,0.010947897
2773,valid,0,0.0003068384
3691,valid,0,0.015088216
9488,valid,0,0.0032527328
4407,valid,0,0.0032527328
2478,valid,0,0.0032527328
9247,valid,0,0.02417721
9525,valid,0,0.00016011272
4244,valid,0,0.17581199
9515,valid,0,0.00012238703
2586,valid,0,0.009911704
941,valid,0,0.0001196838
7050,valid,0,0.0002050718
7492,valid,0,0.009911704
6382,valid,0,0.10705386
9520,valid,0,0.00080942496
8104,valid,0,0.00019977998
3914,valid,0,0.015515945
7467,valid,0,0.00025725624
4109,valid,0,0.00019977998
799,valid,0,0.0069132173
9345,valid,0,0.00038169834
380,valid,0,0.022679508
2713,valid,0,0.0087903775
10820,valid,0,0.00019977998
2202,valid,0,0.00024361208
1130,valid,0,0.00011513257
6338,valid,0,0.21882664
2207,valid,0,0.07105829
9390,valid,0,0.02468898
7453,valid,0,0.0003021006
5677,valid,0,0.00057176134
1679,valid,0,0.0380209
523,valid,0,0.0839742
5447,valid,0,0.023501407
8391,valid,0,0.19597073
7816,valid,0,0.4126871
1677,valid,0,0.00039468546
3095,valid,0,0.1422242
6209,valid,0,0.0010301596
8472,valid,0,0.0012683651
5821,valid,0,0.00094748
2878,valid,0,0.5332294
3045,valid,0,0.22472306
11055,valid,0,0.0008761737
9749,valid,0,0.4183362
3753,valid,0,0.39699653
5105,valid,0,0.21670869
1542,valid,0,0.00015053325
8482,valid,0,0.00089567754
299,valid,0,0.00015053325
10724,valid,0,0.00015053325
5066,valid,0,0.45170805
2229,valid,0,0.11673538
8905,valid,0,0.11673538
1059,valid,0,0.00018935182
7181,valid,0,0.45994493
10937,valid,0,0.00029583834
9581,valid,0,0.793711
9591,valid,0,0.42613026
6528,valid,0,0.2067533
6013,valid,0,0.3200608
6460,valid,0,0.0004702409
8812,valid,0,0.74291307
8105,valid,0,0.0003119855
2849,valid,0,0.46950105
11042,valid,0,0.0010575595
6167,valid,0,0.00023298585
3565,valid,0,0.0002725693
2551,valid,0,0.13077582
2665,valid,0,0.6721726
6118,valid,0,0.95257187
5956,valid,0,0.001638594
2834,valid,0,0.0016727438
6471,valid,0,0.30882385
7088,valid,0,0.50312054
3764,valid,0,0.44724616
7194,valid,0,0.7245581
745,valid,0,0.0015499931
2880,valid,0,0.0018240372
2187,valid,0,0.17382361
1874,valid,0,0.0017209435
7470,valid,0,5.2483338e-05
7813,valid,0,0.4889167
8124,valid,0,0.48942778
4092,valid,0,0.27940762
6545,valid,0,5.2483338e-05
7384,valid,0,0.00071974145
5356,valid,0,5.9068905e-05
7449,valid,0,0.0037549604
6125,valid,0,0.00083387207
3695,valid,0,0.00083387207
10341,valid,0,0.00083387207
5405,valid,0,0.00091813545
3065,valid,0,0.27940762
6509,valid,0,0.00033178844
1111,valid,0,0.91571355
10829,valid,0,0.34978294
5410,valid,0,9.777832e-05
4776,valid,0,0.00033098724
7478,valid,0,0.00027460046
10593,valid,0,0.0014286089
8356,valid,0,0.8159253
2192,valid,0,0.00018893972
4093,valid,0,0.49437067
7747,valid,0,0.38675416
7815,valid,0,0.374186
8629,valid,0,0.31518644
1055,valid,0,0.00017298145
8408,valid,0,0.4899205
1687,valid,0,0.0004623574
1572,valid,0,0.0007270787
4590,valid,0,0.00014791249
4875,valid,0,0.24544157
5951,valid,0,0.0001225031
6671,valid,0,7.278837e-05
4532,valid,0,9.150726e-05
10737,valid,0,0.10021444
4884,valid,0,0.0003307699
3761,valid,0,0.16863844
8816,valid,0,0.1180933
3759,valid,0,0.0004733742
9742,valid,0,0.009528456
7104,valid,0,0.000552017
10404,valid,0,0.008340218
5947,valid,0,0.24054526
3031,valid,0,0.00023123136
5138,valid,0,0.68133265
7383,valid,0,0.00087524875
3689,valid,0,0.51063395
10849,valid,0,0.043388303
10235,valid,0,0.54610115
5080,valid,0,0.00016462345
8745,valid,0,0.9412168
9740,valid,0,0.30079958
3922,valid,0,0.1001314
4881,valid,0,0.3833756
11013,valid,0,0.008340218
7332,valid,0,0.11384287
7065,valid,0,0.0004885654
10298,valid,0,0.106923565
3027,valid,0,0.62419695
2286,valid,0,0.00088198803
10168,valid,0,0.0022919201
5940,valid,0,9.777832e-05
5451,valid,0,3.205815e-05
6695,valid,0,0.00014207551
9556,valid,0,0.53753155
7051,valid,0,0.11406147
2196,valid,0,3.205815e-05
6453,valid,0,0.10129024
1774,valid,0,5.2483338e-05
5493,valid,0,0.2697791
4473,valid,0,0.10129024
8865,valid,0,0.2697791
5818,valid,0,5.2483338e-05
4232,valid,0,5.2483338e-05
7528,valid,0,0.13565032
3925,valid,0,0.00014207551
6485,valid,0,5.2483338e-05
6127,valid,0,3.205815e-05
8114,valid,0,0.00014207551
5517,valid,0,5.2483338e-05
4484,valid,0,0.007954018
9776,valid,0,0.00028632293
3649,valid,0,0.00017973367
2477,valid,0,0.10909579
2190,valid,0,0.00016170437
6207,valid,0,0.00051723473
3760,valid,0,0.084266834
4525,valid,0,3.205815e-05
8101,valid,0,3.205815e-05
1952,valid,0,0.00028514143
5303,valid,0,0.00032898108
6514,valid,0,0.66440344
5510,valid,0,0.4468025
6095,valid,0,0.00018893972
3369,valid,0,0.0008434424
2850,valid,0,0.05855131
8792,valid,0,0.38675416
9365,valid,0,0.9265985
6494,valid,0,0.5366004
2259,valid,0,0.0012804222
7833,valid,0,0.009800789
6337,valid,0,0.6427932
4471,valid,0,0.00023079482
6501,valid,0,0.38675416
1159,valid,0,0.08135828
1546,valid,0,0.08135828
1421,valid,0,0.00027554433
58,valid,0,0.0011477546
9490,valid,0,0.9090524
8636,valid,0,0.4904656
10832,valid,0,0.4904656
10046,valid,0,0.000116200004
9148,valid,0,4.045437e-05
9145,valid,0,0.57150334
4102,valid,0,0.0004760519
4128,valid,0,4.364779e-05
6194,valid,0,7.853377e-05
7750,valid,0,0.01389003
1095,valid,0,0.014637724
9151,valid,0,0.00020894942
5668,valid,0,0.16863844
10839,valid,0,0.090014204
8682,valid,0,0.32242578
3892,valid,0,0.0016352214
8660,valid,0,0.0006529338
10603,valid,0,0.0006529338
7535,valid,0,0.22855411
2462,valid,0,0.00062641146
4164,valid,0,0.00028436934
6444,valid,0,0.00014487674
7455,valid,0,0.0032685038
8628,valid,0,0.00046387664
10150,valid,0,0.68133265
4556,valid,0,0.0008831249
5505,valid,0,0.00062641146
2251,valid,0,0.00026731737
3092,valid,0,0.65807176
8681,valid,0,0.00062641146
5528,valid,0,0.35316974
2447,valid,0,0.7693375
3894,valid,0,0.0008592608
10609,valid,0,0.62703764
4022,valid,0,0.23726584
6533,valid,0,0.0012322284
9327,valid,0,0.0013806984
2468,valid,0,0.014034506
7128,valid,0,0.014034506
3109,valid,0,0.014034506
4418,valid,0,0.0032527328
10153,valid,0,0.0032527328
4543,valid,0,0.0037247404
3064,valid,0,0.0032527328
6272,valid,0,0.0032527328
10854,valid,0,0.015515945
5419,valid,0,0.030175501
3507,valid,0,0.02161693
1683,valid,0,0.02417721
2716,valid,0,0.02417721
3362,valid,0,0.00018772617
7052,valid,0,0.0003510311
10840,valid,0,0.00029049107
7103,valid,0,0.0087903775
6217,valid,0,0.36732653
7032,valid,0,0.0006796874
8495,valid,0,0.0087903775
1441,valid,0,0.00019977998
3919,valid,0,0.00019977998
7513,valid,0,0.009911704
5676,valid,0,0.00025073168
5439,valid,0,0.027296012
7097,valid,0,0.00019977998
4535,valid,0,0.0032527328
4009,valid,0,0.0087903775
8462,valid,0,0.00019977998
2708,valid,0,0.0032527328
6210,valid,0,0.0087903775
1544,valid,0,0.10705386
5999,valid,0,0.0032527328
6926,valid,0,0.00024449354
6681,valid,0,0.0009317899
10732,valid,0,0.00032687397
1729,valid,0,0.19166714
4448,valid,0,0.16871911
8916,valid,0,0.046721604
6350,valid,0,0.042927567
5431,valid,0,0.000100508216
5104,valid,0,0.00041490502
4578,valid,0,0.00032687397
1885,valid,0,0.19871408
3693,valid,0,0.00057176134
10148,valid,0,0.00040951907
1447,valid,0,0.07806455
6564,valid,0,0.00031967624
5094,valid,0,0.0005138585
480,valid,0,0.081638314
8791,valid,0,0.023501407
9750,valid,0,0.00041232086
4554,valid,0,0.141962
4441,valid,0,0.00531903
1561,valid,0,0.55016077
4002,valid,0,0.000627743
4021,valid,0,0.141962
4533,valid,0,0.3101803
3062,valid,0,0.46284497
10756,valid,0,0.30157256
5939,valid,0,0.0011064743
2668,valid,0,0.0020056264
3916,valid,0,0.002646703
1744,valid,0,0.0007430532
10602,valid,0,0.22472306
7523,valid,0,0.18729821
7077,valid,0,0.12791036
3561,valid,0,0.00015053325
6091,valid,0,0.02280661
6554,valid,0,0.00018935182
2475,valid,0,0.08377629
8677,valid,0,0.12666728
6228,valid,0,0.00015053325
7542,valid,0,0.00031707078
6187,valid,0,0.48744404
1754,valid,0,0.005525582
1557,valid,0,0.00019851877
2670,valid,0,0.23407428
8727,valid,0,0.0005966011
6469,valid,0,0.3200608
2946,valid,0,0.23407428
11061,valid,0,0.106657036
48,valid,0,0.2102091
3111,valid,0,0.0015124752
2004,valid,0,0.0002725693
9387,valid,0,0.00042261786
6522,valid,0,0.00047121863
7821,valid,0,0.26011112
5516,valid,0,0.00023298585
2456,valid,0,0.42385828
3373,valid,0,0.00033924583
7080,valid,0,0.17938377
8619,valid,0,0.0009958744
7045,valid,0,0.0023529073
11046,valid,0,0.0003390053
1773,valid,0,0.0008801566
10944,valid,0,0.00047660628
11010,valid,0,0.4249568
10922,valid,0,0.0020280182
516,valid,0,0.6403105
2552,valid,0,0.0008509337
2847,valid,0,0.8946799
9358,valid,0,0.41161633
6474,valid,0,0.00045016065
2256,valid,0,0.047132272
3036,valid,0,0.0003390053
10608,valid,0,0.000516853
6629,valid,0,0.0007696541
7090,valid,0,5.2483338e-05
1543,valid,0,0.00014207551
10476,valid,0,5.2483338e-05
479,valid,0,0.017396193
7336,valid,0,0.00029343215
62,valid,0,0.46342054
2661,valid,0,0.4801515
2765,valid,0,0.8013826
6198,valid,0,0.017396193
8110,valid,0,0.53753155
9583,valid,0,5.2483338e-05
3943,valid,0,0.00013641642
8627,valid,0,0.000700069
524,valid,0,0.10129024
6223,valid,0,0.2313674
5494,valid,0,0.5441231
9326,valid,0,5.2483338e-05
3047,valid,0,0.007954018
10746,valid,0,5.2483338e-05
6019,valid,0,0.51101017
6505,valid,0,0.27940762
7245,valid,0,0.0012350278
7814,valid,0,0.00011774998
10725,valid,0,5.66262e-05
3576,valid,0,5.2483338e-05
4447,valid,0,0.00083387207
1953,valid,0,0.27940762
2760,valid,0,0.00017697837
909,valid,0,5.2483338e-05
7338,valid,0,0.00030915227
10597,valid,0,0.08176992
4677,valid,0,0.27940762
5674,valid,0,0.17046241
6354,valid,0,0.10909579
5069,valid,0,0.04218939
925,valid,0,5.2483338e-05
7473,valid,0,0.04218939
2656,valid,0,0.000102778286
6461,valid,0,5.2483338e-05
3636,valid,0,5.2483338e-05
1775,valid,0,0.00015328912
1989,valid,0,0.007954018
6265,valid,0,0.0014297761
7530,valid,0,0.27884594
4246,valid,0,0.0045351046
6678,valid,0,0.68432254
7326,valid,0,0.0005445731
5321,valid,0,0.00017973367
8397,valid,0,0.10909579
9360,valid,0,0.56407154
6519,valid,0,0.00015286815
6916,valid,0,0.084266834
8238,valid,0,0.64949846
4800,valid,0,0.697914
6480,valid,0,0.03908715
5519,valid,0,0.0017068677
9371,valid,0,0.60345656
1995,valid,0,0.00027460046
7482,valid,0,0.00034609684
67,valid,0,0.0012011783
1732,valid,0,0.00018893972
786,valid,0,0.6028795
1747,valid,0,0.8474756
6532,valid,0,0.00018893972
1760,valid,0,0.17200035
6189,valid,0,0.00018893972
1272,valid,0,0.5560117
2220,valid,0,0.4509309
10222,valid,0,0.00028644307
3443,valid,0,0.00023079482
10208,valid,0,0.002130506
7578,valid,0,0.124941215
2723,valid,0,0.597022
2081,valid,0,0.8691893
6457,valid,0,0.00038212776
7486,valid,0,0.052415125
6922,valid,0,0.0011792897
7484,valid,0,0.44031936
7247,valid,0,0.00014791249
6170,valid,0,0.00017298145
8898,valid,0,0.3585954
1826,valid,0,0.4262754
7666,valid,0,0.0007270787
6199,valid,0,0.00014791249
8739,valid,0,0.004929869
1840,valid,0,0.000116200004
10316,valid,0,0.00014791249
3091,valid,0,0.00040221098
6529,valid,0,4.045437e-05
9513,valid,0,0.0013800584
1261,valid,0,0.0003859889
7663,valid,0,0.107845366
8829,valid,0,0.014637724
7461,valid,0,0.61845624
10586,valid,0,4.364779e-05
792,valid,0,4.045437e-05
1053,valid,0,0.00015748055
802,valid,0,4.045437e-05
9333,valid,0,0.014637724
3360,valid,0,0.00015180082
1770,valid,0,0.107845366
10778,valid,0,4.045437e-05
3898,valid,0,7.278837e-05
5683,valid,0,0.00015180082
2758,valid,0,0.0003859889
2080,valid,0,0.0004760519
11060,valid,0,0.19313988
6558,valid,0,0.08820314
2947,valid,0,4.219954e-05
5304,valid,0,0.61845624
6176,valid,0,0.3980151
10466,valid,0,0.0002150279
5502,valid,0,0.002157812
7320,valid,0,0.00010018507
307,valid,0,0.08172589
4765,valid,0,0.00011837209
6481,valid,0,0.0009746561
5531,valid,0,0.8122212
4547,valid,0,0.84558284
7516,valid,0,0.00035940018
1548,valid,0,0.0005057522
880,valid,0,0.9106582
1731,valid,0,0.0714176
50,valid,0,0.001111817
7039,valid,0,0.00049951836
3946,valid,0,0.0054509677
1725,valid,0,0.69009304
7089,valid,0,0.00062088016
6261,valid,0,0.34184837
3097,valid,0,0.00014487674
910,valid,0,0.6508872
6008,valid,0,0.00062641146
6218,valid,0,0.06381604
8248,valid,0,0.0016681944
7575,valid,0,0.62703764
1429,valid,0,0.00031828223
5520,valid,0,0.00019511838
7671,valid,0,0.00071442244
316,valid,0,0.067410216
7353,valid,0,0.0002818099
3101,valid,0,0.00025622154
4111,valid,0,0.9098671
2685,valid,0,0.074033424
5092,valid,0,0.0001939746
7352,valid,0,0.75064397
2933,valid,0,0.7076
5670,valid,0,0.013665592
7515,valid,0,0.011772644
4684,valid,0,0.00035444731
2194,valid,0,0.011772644
3509,valid,0,0.0032527328
8605,valid,0,0.012277664
4091,valid,0,0.0032527328
3069,valid,0,0.0032527328
749,valid,0,0.0032527328
1884,valid,0,0.0032527328
9566,valid,0,0.0032527328
2648,valid,0,0.0032527328
8120,valid,0,0.0032527328
10045,valid,0,0.0032527328
2563,valid,0,0.014225053
9259,valid,0,0.016433017
10816,valid,0,0.011927378
7659,valid,0,0.012204142
10409,valid,0,0.00096171955
5825,valid,0,0.0044945893
7829,valid,0,0.03306912
944,valid,0,0.03306912
3375,valid,0,0.02417721
327,valid,0,0.00020707754
7660,valid,0,0.0003372933
2203,valid,0,0.02974346
1418,valid,0,0.00088965055
4235,valid,0,0.0087903775
1103,valid,0,0.009911704
5444,valid,0,0.0011203517
6375,valid,0,0.00021554765
10211,valid,0,0.00029049107
10171,valid,0,0.022679508
7519,valid,0,0.10705386
9335,valid,0,0.009911704
2394,valid,0,0.00045368104
5830,valid,0,0.13787307
4103,valid,0,0.0014408831
10218,valid,0,0.0006796874
61,valid,0,0.07554552
6270,valid,0,0.0008308538
1435,valid,0,0.013684244
4879,valid,0,0.03688646
6637,valid,0,0.009911704
3646,valid,0,0.009911704
8367,valid,0,0.00029049107
5816,valid,0,0.09630328
2641,valid,0,0.0008308538
2186,valid,0,0.0009113286
49,valid,0,0.00018580098
5076,valid,0,0.0087903775
5317,valid,0,0.031789992
6006,valid,0,0.026901223
2215,valid,0,0.0003372933
1743,valid,0,0.00019977998
6449,valid,0,0.00019977998
2565,valid,0,0.02974346
2721,valid,0,0.10705386
1539,valid,0,0.00019977998
879,valid,0,0.0087903775
3906,valid,0,0.02974346
9493,valid,0,0.0134295
2770,valid,0,0.15307902
2935,valid,0,0.010947897
1037,valid,0,0.0011462873
2558,valid,0,0.00032687397
6226,valid,0,0.037790168
6557,valid,0,0.00056450174
7479,valid,0,0.037790168
6227,valid,0,0.037790168
4815,valid,0,0.037790168
6101,valid,0,0.00032687397
10935,valid,0,0.00032687397
2261,valid,0,0.0015260108
4690,valid,0,0.00031967624
5071,valid,0,0.00031967624
5414,valid,0,0.0018177243
6165,valid,0,0.00031967624
6515,valid,0,0.00031967624
913,valid,0,0.0028140282
6353,valid,0,0.040454283
4816,valid,0,0.00031967624
4476,valid,0,0.22273792
2649,valid,0,0.07806455
7335,valid,0,0.0007559029
7536,valid,0,0.0007559029
8861,valid,0,0.20827588
5949,valid,0,0.0008619361
6162,valid,0,0.00031967624
6326,valid,0,0.0014009771
5081,valid,0,0.00025343505
10398,valid,0,0.18501407
11049,valid,0,0.00034490434
10301,valid,0,0.00052471115
2756,valid,0,0.28695697
8252,valid,0,0.042927567
9343,valid,0,0.00031967624
9344,valid,0,0.00057982776
8458,valid,0,0.13830772
2000,valid,0,0.24086593
6679,valid,0,0.5651255
4242,valid,0,0.000627743
3078,valid,0,0.000627743
4446,valid,0,0.67550427
7242,valid,0,0.000627743
1741,valid,0,0.48979235
8732,valid,0,0.32529438
8626,valid,0,0.5438731
1558,valid,0,0.009799202
6510,valid,0,0.7148054
5085,valid,0,0.0004897628
6473,valid,0,0.3365294
704,valid,0,0.76620764
9585,valid,0,0.0053922804
11062,valid,0,0.76620764
319,valid,0,0.26066414
7324,valid,0,0.2960204
1750,valid,0,0.0007430532
11059,valid,0,0.006174031
7749,valid,0,0.22472306
3643,valid,0,0.0015469887
798,valid,0,0.0007430532
10718,valid,0,0.818553
2927,valid,0,0.73830706
4791,valid,0,0.00094748
6517,valid,0,0.294787
7672,valid,0,0.03966562
1990,valid,0,0.03966562
914,valid,0,0.00015053325
7655,valid,0,0.00044766735
10598,valid,0,0.00044766735
7127,valid,0,0.11142708
2252,valid,0,0.0004655704
10822,valid,0,0.00015053325
5106,valid,0,0.00027307394
9261,valid,0,0.00015053325
8240,valid,0,0.00015053325
9272,valid,0,0.03966562
1767,valid,0,0.0014180864
10053,valid,0,0.12666728
1087,valid,0,0.03966562
4116,valid,0,0.03966562
7121,valid,0,0.18729821
5074,valid,0,0.03966562
9262,valid,0,0.19659476
1254,valid,0,0.0007960811
4482,valid,0,0.00015053325
4702,valid,0,0.03966562
5320,valid,0,0.03966562
1443,valid,0,0.39699653
6928,valid,0,0.00015053325
4778,valid,0,0.33420053
10015,valid,0,0.12791036
7836,valid,0,0.0003187976
6264,valid,0,0.00015053325
1876,valid,0,0.0007776453
7463,valid,0,0.0008163677
1737,valid,0,0.00015053325
8358,valid,0,0.18729821
9782,valid,0,0.055213366
6551,valid,0,0.3370522
4539,valid,0,0.00417025
9738,valid,0,0.31600386
5100,valid,0,0.046403043
4101,valid,0,0.18264836
2660,valid,0,0.00019851877
7594,valid,0,0.00020955734
8280,valid,0,0.055213366
531,valid,0,0.63250184
2657,valid,0,0.00032191005
2224,valid,0,0.00020955734
7190,valid,0,0.13279527
2569,valid,0,0.00062409986
1828,valid,0,0.00020955734
2448,valid,0,0.41176376
2941,valid,0,0.00020955734
11043,valid,0,0.00021859568
1248,valid,0,0.00020955734
6347,valid,0,0.00020955734
9133,valid,0,0.08284602
1107,valid,0,0.0002725693
5509,valid,0,0.28390643
2678,valid,0,0.10659367
9761,valid,0,0.9138624
3098,valid,0,0.0002725693
7393,valid,0,0.00059137796
10844,valid,0,0.0021349094
9270,valid,0,0.00023298585
7250,valid,0,0.061553836
7739,valid,0,0.0036163155
6911,valid,0,0.00039244283
7485,valid,0,0.23648854
8793,valid,0,0.0020282404
1161,valid,0,0.0033329432
4410,valid,0,0.0033329432
2582,valid,0,0.1349683
4793,valid,0,0.000516853
5349,valid,0,0.0008801566
3945,valid,0,0.17382361
6483,valid,0,0.6546032
1045,valid,0,0.00074726593
6344,valid,0,0.06757621
2248,valid,0,0.0040561366
4693,valid,0,0.537467
6370,valid,0,0.30882385
740,valid,0,0.491183
4403,valid,0,0.009484871
9769,valid,0,0.00035974965
791,valid,0,0.0003390053
5306,valid,0,0.0009216334
9279,valid,0,0.83419555
4696,valid,0,0.17382361
4972,valid,0,0.79433227
5513,valid,0,0.00035974965
4797,valid,0,0.00045690482
1115,valid,0,0.003050189
1993,valid,0,0.0020761073
924,valid,0,0.00035974965
10599,valid,0,0.00045016065
935,valid,0,0.0004871443
10589,valid,0,0.18594922
5512,valid,0,0.00018532538
6376,valid,0,0.0008801566
8269,valid,0,0.0010380123
10946,valid,0,0.0004735861
6512,valid,0,0.10060069
8473,valid,0,0.9557954
8389,valid,0,0.00045690482
6445,valid,0,0.6403105
7534,valid,0,0.9270418
2775,valid,0,0.0458157
6669,valid,0,0.66654605
10833,valid,0,0.0002537719
10241,valid,0,0.59611756
9369,valid,0,0.44770715
10012,valid,0,0.0016730097
6380,valid,0,0.11406147
6683,valid,0,0.00035974965
382,valid,0,0.017799279
3103,valid,0,0.00089851406
490,valid,0,0.0007559727
6023,valid,0,0.0008298351
5749,valid,0,0.31325138
2386,valid,0,0.60168964
878,valid,0,0.9379829
8465,valid,0,0.0008801566
2769,valid,0,0.6318588
6914,valid,0,0.0013674651
10923,valid,0,0.08176992
6178,valid,0,0.10909579
917,valid,0,5.66262e-05
3642,valid,0,7.784505e-05
4526,valid,0,7.134319e-05
2449,valid,0,0.00023482283
9134,valid,0,0.00013641642
8394,valid,0,0.00013540324
8404,valid,0,5.2483338e-05
9386,valid,0,5.2483338e-05
7824,valid,0,0.35033765
2258,valid,0,0.00047270683
2654,valid,0,0.001176813
10804,valid,0,0.00411729
6124,valid,0,0.5768292
9777,valid,0,0.3946878
6513,valid,0,0.7596695
3937,valid,0,0.13558474
885,valid,0,5.2483338e-05
10238,valid,0,5.2483338e-05
1112,valid,0,0.0006111865
304,valid,0,0.00060395343
7334,valid,0,0.0002537719
7592,valid,0,0.23996837
7228,valid,0,0.0002537719
3367,valid,0,0.5544934
6938,valid,0,0.36694196
3084,valid,0,0.051337924
10753,valid,0,0.004481893
1038,valid,0,0.0011108615
1249,valid,0,0.00027379917
10807,valid,0,0.8013826
3041,valid,0,0.051337924
8813,valid,0,0.051337924
1036,valid,0,0.0017030305
2772,valid,0,0.0002537719
9783,valid,0,0.24383566
3628,valid,0,0.0002537719
6014,valid,0,0.00029250456
1092,valid,0,0.00029250456
6339,valid,0,0.007954018
3757,valid,0,3.205815e-05
1998,valid,0,5.2483338e-05
5352,valid,0,5.2483338e-05
8470,valid,0,0.0013172288
7490,valid,0,9.777832e-05
2675,valid,0,6.537811e-05
2193,valid,0,0.066724256
10773,valid,0,0.00068488665
3684,valid,0,3.205815e-05
11058,valid,0,0.10909579
7098,valid,0,5.2483338e-05
3926,valid,0,0.017396193
6452,valid,0,5.2483338e-05
6004,valid,0,0.00015286815
1117,valid,0,5.2483338e-05
4808,valid,0,0.017396193
6096,valid,0,5.2483338e-05
9389,valid,0,5.2483338e-05
5744,valid,0,0.000529923
938,valid,0,0.000529923
1088,valid,0,5.2483338e-05
4542,valid,0,0.000529923
8807,valid,0,0.00030090223
10823,valid,0,0.017396193
8409,valid,0,5.2483338e-05
9569,valid,0,5.2483338e-05
702,valid,0,3.205815e-05
6214,valid,0,0.00023298585
5064,valid,0,0.00012643672
4698,valid,0,0.00024645057
4105,valid,0,0.040999085
11006,valid,0,0.00037481028
10771,valid,0,0.00023482283
4469,valid,0,5.2483338e-05
7351,valid,0,5.2483338e-05
8493,valid,0,0.00068674155
8811,valid,0,0.0002537719
4821,valid,0,0.00026471668
4591,valid,0,0.0007696541
6506,valid,0,0.11403353
7346,valid,0,0.0003479349
8245,valid,0,5.2483338e-05
3564,valid,0,0.0002611368
6670,valid,0,7.916393e-05
9589,valid,0,0.00013540324
9139,valid,0,5.2483338e-05
9331,valid,0,9.777832e-05
1757,valid,0,5.2483338e-05
430,valid,0,0.00033997025
9383,valid,0,5.2483338e-05
3936,valid,0,5.2483338e-05
8279,valid,0,0.5190187
423,valid,0,0.00036679808
484,valid,0,5.66262e-05
493,valid,0,0.00033997025
2645,valid,0,0.4889167
5492,valid,0,7.784505e-05
5099,valid,0,0.0002537719
1257,valid,0,0.00032860934
8239,valid,0,0.0003903658
7819,valid,0,0.00011774998
931,valid,0,0.00014207551
10232,valid,0,0.017396193
6465,valid,0,5.2483338e-05
3927,valid,0,5.2483338e-05
9766,valid,0,0.00014207551
6117,valid,0,0.00053040084
6331,valid,0,6.537811e-05
1565,valid,0,5.2483338e-05
4581,valid,0,5.2483338e-05
1568,valid,0,0.00083387207
6530,valid,0,5.2483338e-05
3644,valid,0,5.2483338e-05
1742,valid,0,0.017396193
11004,valid,0,0.066724256
4123,valid,0,5.2483338e-05
5083,valid,0,0.1378057
4822,valid,0,5.2483338e-05
11014,valid,0,5.2483338e-05
4588,valid,0,5.2483338e-05
4238,valid,0,5.2483338e-05
6105,valid,0,9.777832e-05
7661,valid,0,0.08856714
1678,valid,0,0.010575128
2934,valid,0,5.2483338e-05
6351,valid,0,5.2483338e-05
8460,valid,0,5.2483338e-05
4443,valid,0,0.5701237
7283,valid,0,0.7218016
10236,valid,0,0.00014207551
6335,valid,0,5.2483338e-05
1540,valid,0,5.66262e-05
797,valid,0,5.2483338e-05
1417,valid,0,7.134319e-05
6321,valid,0,0.13558474
1728,valid,0,5.2483338e-05
789,valid,0,0.00013540324
10472,valid,0,5.2483338e-05
3574,valid,0,0.00012643672
4097,valid,0,0.00012643672
806,valid,0,0.0003335502
10011,valid,0,0.00014207551
8794,valid,0,0.2313674
803,valid,0,0.00023482283
5688,valid,0,0.8790245
8494,valid,0,3.205815e-05
1873,valid,0,0.008654436
4786,valid,0,0.00017973367
894,valid,0,3.205815e-05
10588,valid,0,0.04218939
7588,valid,0,5.2483338e-05
2227,valid,0,0.08856714
5067,valid,0,0.084266834
4806,valid,0,0.00019391932
10733,valid,0,0.32382295
6667,valid,0,5.2483338e-05
2283,valid,0,0.08176992
6202,valid,0,5.2483338e-05
9755,valid,0,0.00015328912
9568,valid,0,0.0010608663
930,valid,0,5.2483338e-05
10337,valid,0,0.11403353
7538,valid,0,9.4781135e-05
6682,valid,0,5.2483338e-05
2659,valid,0,5.2483338e-05
1050,valid,0,0.00017973367
8258,valid,0,7.916393e-05
434,valid,0,0.112388626
10591,valid,0,0.084266834
5073,valid,0,0.0005356537
8270,valid,0,0.5786639
8467,valid,0,0.00017973367
512,valid,0,0.00017973367
4585,valid,0,0.0012628976
1251,valid,0,0.0002853035
6935,valid,0,0.0002853035
4104,valid,0,0.0007691827
5089,valid,0,0.00017973367
4697,valid,0,0.0002653798
1158,valid,0,0.12746595
8912,valid,0,5.2483338e-05
10931,valid,0,0.007954018
1151,valid,0,7.0538765e-05
10219,valid,0,0.00017973367
7445,valid,0,0.11403353
927,valid,0,0.0017981251
1961,valid,0,0.32382295
6181,valid,0,0.00051662547
7331,valid,0,7.916393e-05
5062,valid,0,0.00017973367
6635,valid,0,0.00017973367
7240,valid,0,0.00017973367
7237,valid,0,0.00028757344
928,valid,0,0.5859608
10601,valid,0,0.92950666
903,valid,0,0.0026220917
2762,valid,0,0.0002853035
4589,valid,0,0.00051951036
4809,valid,0,0.0013041352
6157,valid,0,0.00028757344
3639,valid,0,0.00017973367
8867,valid,0,0.7853877
8915,valid,0,0.4818878
8909,valid,0,0.1378057
10741,valid,0,0.00017973367
6352,valid,0,0.45943993
5135,valid,0,0.21944247
53,valid,0,0.066724256
4162,valid,0,0.0046114214
8276,valid,0,5.2483338e-05
2936,valid,0,0.055213366
4599,valid,0,0.0013551648
3026,valid,0,0.12835023
6154,valid,0,0.12835023
4759,valid,0,0.00028757344
6520,valid,0,0.040999085
1084,valid,0,0.00028757344
6186,valid,0,0.002090575
4770,valid,0,0.5895869
9132,valid,0,0.0022555506
3055,valid,0,0.001053187
10345,valid,0,0.5988625
5059,valid,0,0.00028757344
7525,valid,0,0.0021730578
2673,valid,0,0.00029997563
10147,valid,0,0.017396193
4523,valid,0,0.45874253
764,valid,0,0.0018840062
4110,valid,0,0.00017973367
1891,valid,0,0.0002653798
4004,valid,0,0.0002653798
10723,valid,0,0.0004943235
1882,valid,0,0.0007633847
4239,valid,0,0.000102778286
3930,valid,0,0.11403353
317,valid,0,0.00033056468
10940,valid,0,0.00023482283
8386,valid,0,0.06807673
1046,valid,0,0.0018584721
2943,valid,0,0.00063840515
9330,valid,0,0.000306777
3929,valid,0,0.13575968
906,valid,0,0.00027460046
8901,valid,0,0.0005714135
3562,valid,0,0.000306777
7099,valid,0,0.0005114948
3935,valid,0,0.0022547622
5952,valid,0,0.00027460046
6909,valid,0,0.82144624
8097,valid,0,0.0007331022
6566,valid,0,0.1232723
6487,valid,0,0.00027460046
10401,valid,0,0.3960253
10765,valid,0,0.00027460046
7360,valid,0,0.2240582
4592,valid,0,0.6828812
5445,valid,0,0.000306777
4796,valid,0,0.0023951181
2667,valid,0,5.66262e-05
2840,valid,0,0.050846003
8275,valid,0,0.85644186
4236,valid,0,0.002067185
9149,valid,0,0.0036641334
6179,valid,0,0.002782818
4874,valid,0,0.00030418235
5737,valid,0,0.005537042
7333,valid,0,0.13575968
4769,valid,0,0.000306777
1761,valid,0,0.00038212776
7540,valid,0,0.0023750293
1836,valid,0,0.14522351
2653,valid,0,0.9119451
6525,valid,0,0.00018893972
3924,valid,0,0.60210073
9154,valid,0,0.00027460046
4114,valid,0,0.0009513488
2926,valid,0,0.059712265
6464,valid,0,0.00023079482
8913,valid,0,0.00018893972
3083,valid,0,0.77705
2469,valid,0,0.0010948876
4795,valid,0,0.00014791249
3629,valid,0,0.0025240688
1252,valid,0,0.13575968
9260,valid,0,0.0013242227
5434,valid,0,0.00018893972
3436,valid,0,0.0020997769
4555,valid,0,0.38675416
10036,valid,0,0.00030418235
2720,valid,0,0.0012804222
9131,valid,0,0.17200035
9361,valid,0,0.00018893972
6690,valid,0,0.00052008557
9263,valid,0,0.00018893972
10938,valid,0,0.00027460046
1105,valid,0,0.000306777
11057,valid,0,0.00027460046
7487,valid,0,0.00033178844
4451,valid,0,0.8691893
4977,valid,0,0.04540056
2705,valid,0,0.84558284
2253,valid,0,0.0008434424
3085,valid,0,0.0002038518
9137,valid,0,0.000306777
8613,valid,0,0.0008434424
10592,valid,0,0.0003521202
6527,valid,0,0.0034340022
315,valid,0,0.00021647387
10757,valid,0,0.000116200004
1270,valid,0,0.000116200004
421,valid,0,0.00017298145
2949,valid,0,0.00017298145
4701,valid,0,0.00017298145
4785,valid,0,0.0006881715
7330,valid,0,0.000116200004
10850,valid,0,0.00014791249
10585,valid,0,0.0007556843
6442,valid,0,0.0027163918
10736,valid,0,0.9147633
4829,valid,0,0.005207577
8664,valid,0,0.000116200004
3640,valid,0,0.00014791249
7743,valid,0,0.00015958701
10463,valid,0,0.000116200004
4540,valid,0,0.0047314647
7827,valid,0,0.00028350443
8503,valid,0,0.0016890358
3928,valid,0,4.045437e-05
6455,valid,0,0.80753475
9339,valid,0,0.000116200004
10465,valid,0,0.56284803
8897,valid,0,0.00014791249
2387,valid,0,0.5366004
10317,valid,0,0.052415125
4828,valid,0,0.00015958701
1734,valid,0,0.00027020415
9268,valid,0,0.0015006956
1749,valid,0,0.113298304
7728,valid,0,0.6127077
757,valid,0,0.00015180082
787,valid,0,0.00017298145
3024,valid,0,0.000116200004
6169,valid,0,0.0002958705
8388,valid,0,0.0008550908
4988,valid,0,0.005361104
7182,valid,0,0.00061979936
1951,valid,0,0.36494443
4766,valid,0,4.045437e-05
9146,valid,0,0.00039886884
10237,valid,0,0.00015958701
7094,valid,0,0.0016189705
7348,valid,0,0.00014791249
8827,valid,0,0.00012537194
4527,valid,0,0.41333568
2717,valid,0,0.0010948876
1132,valid,0,0.00014791249
1143,valid,0,0.00014791249
7736,valid,0,0.00014791249
4445,valid,0,0.0010342288
4008,valid,0,0.00014791249
9765,valid,0,0.0035738577
1265,valid,0,0.37798667
5354,valid,0,0.001754637
4024,valid,0,0.000116200004
2682,valid,0,0.00017298145
424,valid,0,0.00017298145
10220,valid,0,0.00017298145
300,valid,0,0.000116200004
2260,valid,0,0.00017298145
4695,valid,0,0.00017298145
1101,valid,0,0.0011056499
5751,valid,0,0.000116200004
2832,valid,0,0.46728027
486,valid,0,0.08135828
929,valid,0,0.0003439332
7590,valid,0,0.00017298145
3698,valid,0,0.7641585
8267,valid,0,0.00014791249
6213,valid,0,0.00014791249
5096,valid,0,0.00044818892
2763,valid,0,0.000116200004
1831,valid,0,0.37798667
6921,valid,0,0.00014791249
296,valid,0,0.07039611
6185,valid,0,0.0012722658
5065,valid,0,0.00035281226
6330,valid,0,0.13811025
7070,valid,0,0.07039611
10314,valid,0,0.113298304
1752,valid,0,0.3980151
7810,valid,0,0.00015180082
899,valid,0,4.045437e-05
9377,valid,0,4.045437e-05
3633,valid,0,4.045437e-05
6379,valid,0,0.000111730835
6930,valid,0,4.045437e-05
6561,valid,0,4.045437e-05
2931,valid,0,0.014637724
9138,valid,0,4.045437e-05
10745,valid,0,0.000104341205
1100,valid,0,5.0393908e-05
11053,valid,0,4.045437e-05
6109,valid,0,4.045437e-05
5526,valid,0,4.045437e-05
1886,valid,0,0.0006661872
2002,valid,0,7.278837e-05
4006,valid,0,4.045437e-05
8505,valid,0,0.39884132
7347,valid,0,0.66851026
6206,valid,0,0.00041644662
6378,valid,0,4.045437e-05
1127,valid,0,7.8947494e-05
10809,valid,0,0.014637724
1730,valid,0,4.045437e-05
9737,valid,0,0.5984736
755,valid,0,0.57150334
4593,valid,0,4.045437e-05
10852,valid,0,4.045437e-05
306,valid,0,4.045437e-05
6221,valid,0,4.045437e-05
1109,valid,0,0.00020677152
309,valid,0,0.00026661332
4536,valid,0,0.00026661332
8405,valid,0,4.045437e-05
3654,valid,0,4.364779e-05
481,valid,0,4.045437e-05
7235,valid,0,0.014637724
483,valid,0,4.045437e-05
1139,valid,0,0.57150334
1988,valid,0,4.045437e-05
10941,valid,0,4.045437e-05
9391,valid,0,5.9564754e-05
10738,valid,0,0.0003307699
2664,valid,0,0.0003307699
5673,valid,0,7.278837e-05
10405,valid,0,0.24372599
7596,valid,0,4.364779e-05
4682,valid,0,0.107845366
6151,valid,0,0.053881627
6022,valid,0,0.17984232
9781,valid,0,4.045437e-05
2567,valid,0,4.045437e-05
5101,valid,0,4.045437e-05
7073,valid,0,0.0068877526
8121,valid,0,0.00022263639
6320,valid,0,4.045437e-05
10197,valid,0,0.16945332
1439,valid,0,0.107845366
7195,valid,0,7.8947494e-05
4885,valid,0,0.07818916
7388,valid,0,7.278837e-05
7354,valid,0,8.838539e-05
4761,valid,0,0.0003568718
6003,valid,0,0.07818916
4112,valid,0,0.00033405528
4982,valid,0,0.00033405528
3573,valid,0,4.364779e-05
3653,valid,0,0.37398708
1835,valid,0,0.24372599
7483,valid,0,0.044543512
7589,valid,0,0.000104341205
4771,valid,0,0.044543512
2389,valid,0,0.10021444
495,valid,0,0.014637724
4974,valid,0,0.80700785
6508,valid,0,0.18575715
8236,valid,0,0.24544157
5437,valid,0,0.00013696763
6563,valid,0,4.045437e-05
10462,valid,0,4.045437e-05
10845,valid,0,7.853377e-05
1149,valid,0,4.045437e-05
10315,valid,0,0.01389003
4987,valid,0,0.39884132
4683,valid,0,4.045437e-05
7081,valid,0,0.09210301
8906,valid,0,0.00011287678
9351,valid,0,0.014637724
8272,valid,0,0.16409345
10761,valid,0,0.00011287678
1992,valid,0,0.00011287678
9150,valid,0,4.045437e-05
3038,valid,0,8.838539e-05
9362,valid,0,0.00023499328
8243,valid,0,0.32203192
4029,valid,0,0.014637724
10729,valid,0,0.2969345
801,valid,0,4.219954e-05
7584,valid,0,4.045437e-05
6336,valid,0,0.0035931945
7046,valid,0,0.0005166792
9434,valid,0,0.00015748055
1106,valid,0,0.00011287678
3034,valid,0,0.00011287678
1691,valid,0,0.30891252
2848,valid,0,0.16863844
5955,valid,0,0.63404155
2644,valid,0,0.16863844
3948,valid,0,0.00011287678
8833,valid,0,0.64850056
1755,valid,0,0.37098816
9778,valid,0,0.090014204
2835,valid,0,0.4964942
8512,valid,0,0.00034780474
4681,valid,0,0.00019929826
1104,valid,0,0.0003334259
1554,valid,0,0.090014204
8264,valid,0,0.090014204
425,valid,0,0.090014204
5061,valid,0,0.00019105786
5435,valid,0,0.08172589
8401,valid,0,0.9152079
1160,valid,0,0.00025152735
5827,valid,0,0.0008472867
10926,valid,0,0.0008472867
5750,valid,0,0.0002818099
3446,valid,0,0.08319664
900,valid,0,0.4383744
6536,valid,0,0.0014524749
3685,valid,0,0.0017487061
7042,valid,0,0.30079958
6156,valid,0,0.0012746401
923,valid,0,0.00015663846
4811,valid,0,0.20885973
5310,valid,0,0.6127777
7571,valid,0,0.07499805
2771,valid,0,0.00039445172
9253,valid,0,0.000291944
7122,valid,0,0.00024490716
8406,valid,0,0.00039445172
1727,valid,0,0.00014487674
4442,valid,0,0.77342224
10146,valid,0,0.30750623
5348,valid,0,0.00013936445
5490,valid,0,0.00024490716
701,valid,0,0.00024490716
10759,valid,0,0.00014487674
11048,valid,0,0.00019511838
891,valid,0,0.00031724764
2001,valid,0,0.00015663846
3075,valid,0,0.0014478671
9246,valid,0,0.0010284471
6175,valid,0,0.00016168125
3057,valid,0,0.000291944
2089,valid,0,0.00062641146
2391,valid,0,0.16417749
9518,valid,0,0.00022442898
6098,valid,0,0.000250736
295,valid,0,0.0006171115
5532,valid,0,0.00026731737
7517,valid,0,0.0008930163
4152,valid,0,0.00026731737
7238,valid,0,0.0025922416
1137,valid,0,0.0025922416
4098,valid,0,0.00074650545
7585,valid,0,0.81889474
6638,valid,0,0.00031828223
7475,valid,0,0.067410216
5679,valid,0,0.00024490716
7489,valid,0,0.0002908813
8471,valid,0,0.00016900177
10309,valid,0,0.00016168125
9384,valid,0,0.8835334
8819,valid,0,0.074033424
10312,valid,0,0.0001563117
5522,valid,0,0.0018746422
4706,valid,0,0.00016462345
8900,valid,0,0.00015675828
1768,valid,0,0.00015675828
4020,valid,0,0.5799485
759,valid,0,0.0066955932
921,valid,0,0.00017699506
6458,valid,0,7.149983e-05
1089,valid,0,0.3029132
9579,valid,0,0.0002504586
5347,valid,0,0.00048044306
4015,valid,0,0.002013332
10848,valid,0,0.0010650834
4444,valid,0,0.36878332
8802,valid,0,0.00076206843
1753,valid,0,0.28610995
6377,valid,0,0.04274336
2188,valid,0,0.41587526
8480,valid,0,0.00024490716
1833,valid,0,0.0004885654
10158,valid,0,0.0021569158
4108,valid,0,0.002986125
10815,valid,0,7.149983e-05
3688,valid,0,0.0014022306
7731,valid,0,0.7607024
3368,valid,0,0.03904711
2937,valid,0,0.33794108
4402,valid,0,0.55942297
6531,valid,0,0.915996
3067,valid,0,0.0019251617
7025,valid,0,0.0071177376
6694,valid,0,0.0009034201
1739,valid,0,0.00022402065
10749,valid,0,0.00016168125
8508,valid,0,0.0010359817
8683,valid,0,0.37777308
3909,valid,0,0.18568814
5820,valid,0,0.00031828223
3947,valid,0,0.49264827
2868,valid,0,0.00062641146
7732,valid,0,0.236036
10595,valid,0,0.0008705889
9762,valid,0,0.074662395
10224,valid,0,0.0007837042
8103,valid,0,0.00062641146
4436,valid,0,0.30750623
8670,valid,0,0.00026731737
4790,valid,0,0.00016462345
4819,valid,0,0.00025152735
2652,valid,0,0.0012435972
3950,valid,0,0.067410216
8825,valid,0,0.00042249035
7835,valid,0,0.2965626
8403,valid,0,0.00026865414
3650,valid,0,0.00015663846
7029,valid,0,0.00042284434
3908,valid,0,0.0016019393
6097,valid,0,0.5331464
10744,valid,0,0.006483077
2932,valid,0,0.00026865414
3070,valid,0,0.00031724764
2650,valid,0,0.0003006751
6685,valid,0,0.00016462345
9382,valid,0,0.74788725
6919,valid,0,0.7693375
1442,valid,0,0.0043746475
7548,valid,0,0.00026731737
10846,valid,0,0.04274336
3035,valid,0,0.6356678
2577,valid,0,0.00026731737
9258,valid,0,0.00024490716
7184,valid,0,0.001355556
10803,valid,0,0.002986125
10842,valid,0,0.00904934
3901,valid,0,0.00904934
10838,valid,0,0.00037361108
8795,valid,0,0.16313419
4016,valid,0,0.06804163
2839,valid,0,0.0014478671
9277,valid,0,0.00014487674
2578,valid,0,0.00024490716
7822,valid,0,0.003515612
6543,valid,0,0.0023072439
2672,valid,0,0.001293062
1049,valid,0,0.00016462345
10943,valid,0,0.3628269
2707,valid,0,0.0005189231
8622,valid,0,0.00035302862
8363,valid,0,0.90268314
7188,valid,0,0.00026731737
2249,valid,0,0.00022442898
3094,valid,0,0.0026188926
5082,valid,0,0.20833328
5058,valid,0,0.00022402065
1772,valid,0,0.00022402065
9388,valid,0,0.00014487674
5137,valid,0,0.0006529338
7730,valid,0,0.0015717713
2472,valid,0,0.00026731737
3444,valid,0,0.00016462345
2677,valid,0,0.00016168125
2580,valid,0,0.48985058
8123,valid,0,0.0025911655
7572,valid,0,0.88623565
5525,valid,0,0.00033208687
1839,valid,0,0.24771006
9364,valid,0,0.00024490716
2841,valid,0,0.49859515
5743,valid,0,0.09803401
5937,valid,0,0.00046813372
7591,valid,0,0.0008705889
756,valid,0,0.00026731737
1125,valid,0,0.3596248
889,valid,0,0.45628002
6345,valid,0,0.00016168125
6537,valid,0,0.091992125
2651,valid,0,0.00024490716
1966,valid,0,0.00028284028
7669,valid,0,0.00024490716
754,valid,0,0.00062641146
7357,valid,0,0.0002504586
1954,valid,0,0.00031828223
7340,valid,0,0.0004306913
7587,valid,0,0.0043104785
6666,valid,0,0.0016681944
1153,valid,0,0.00030506987
6503,valid,0,0.00044761613
4678,valid,0,0.601662
7481,valid,0,0.12201903
6383,valid,0,0.00016094923
9772,valid,0,0.003285654
1124,valid,0,0.00014378785
1035,valid,0,0.7112012
432,valid,0,0.00014378785
5529,valid,0,0.36213642
10835,valid,0,0.54807806
10300,valid,0,0.54807806
5954,valid,0,0.12201903
5499,valid,0,0.00011644602
8902,valid,0,0.0134295
3066,valid,0,0.00012978147
7832,valid,0,0.0115203
5496,valid,0,0.00048021303
2464,valid,0,0.012204142
6499,valid,0,0.012204142
7028,valid,0,0.010947897
2473,valid,0,0.00014799983
8260,valid,0,0.00014799983
11005,valid,0,0.00014799983
788,valid,0,0.00017966822
4415,valid,0,0.010947897
8107,valid,0,0.011772644
795,valid,0,0.0012763398
7386,valid,0,0.007436305
11011,valid,0,0.011772644
3106,valid,0,0.014034506
10170,valid,0,0.011772644
5129,valid,0,0.011772644
4475,valid,0,0.00060872827
10999,valid,0,0.011772644
308,valid,0,0.00024449354
712,valid,0,0.00024449354
6200,valid,0,0.000111687375
1140,valid,0,0.000111687375
7741,valid,0,0.01750908
3888,valid,0,4.959237e-05
9433,valid,0,0.0037247404
7071,valid,0,5.3506992e-05
1448,valid,0,0.0032527328
2564,valid,0,0.0032527328
10772,valid,0,0.0037247404
3365,valid,0,0.0032527328
6017,valid,0,0.0032527328
9528,valid,0,0.0032527328
2211,valid,0,0.0032527328
893,valid,0,0.0004916912
5457,valid,0,8.626373e-05
6466,valid,0,0.00015767783
10200,valid,0,0.00015767783
6266,valid,0,0.0032527328
1128,valid,0,0.0013780954
4691,valid,0,0.0013780954
10043,valid,0,0.0032527328
6160,valid,0,0.016433017
8257,valid,0,0.016433017
10478,valid,0,0.014225053
805,valid,0,0.014225053
8479,valid,0,0.00013935116
1048,valid,0,0.014225053
426,valid,0,0.014225053
3017,valid,0,0.016433017
4775,valid,0,0.0009995083
8801,valid,0,0.00011355369
6907,valid,0,0.0115203
7047,valid,0,0.0115203
7658,valid,0,0.00012251677
10214,valid,0,0.012204142
8487,valid,0,0.030175501
8355,valid,0,4.379735e-05
5427,valid,0,4.379735e-05
384,valid,0,0.031819522
4094,valid,0,0.0044945893
381,valid,0,0.00029663424
7389,valid,0,0.031819522
8244,valid,0,0.00069380214
9512,valid,0,0.00069380214
1889,valid,0,0.005190799
5828,valid,0,0.031789992
4027,valid,0,0.0069132173
2088,valid,0,0.00020707754
2078,valid,0,0.00025353488
7186,valid,0,0.018796124
7189,valid,0,0.018796124
902,valid,0,0.00027755898
5819,valid,0,0.00025725624
5507,valid,0,0.02974346
11003,valid,0,0.027296012
10005,valid,0,0.00024812692
4553,valid,0,0.027836982
513,valid,0,0.02161693
1887,valid,0,0.00042276795
8864,valid,0,0.07791301
9571,valid,0,0.1265767
6348,valid,0,0.0002050718
8854,valid,0,0.0008667066
10764,valid,0,0.59185857
767,valid,0,0.0008667066
2003,valid,0,0.00019977998
1547,valid,0,0.0087903775
10826,valid,0,0.00019977998
2451,valid,0,0.00088965055
5070,valid,0,0.0002050718
796,valid,0,0.0002050718
3447,valid,0,0.00019977998
4107,valid,0,0.00019977998
5515,valid,0,0.0007497543
6355,valid,0,0.0006976839
2704,valid,0,0.0008667066
8398,valid,0,0.013684244
6099,valid,0,0.00019977998
1268,valid,0,0.00018952054
7290,valid,0,0.013684244
9249,valid,0,0.0087903775
8673,valid,0,0.00018952054
4011,valid,0,0.014116513
4779,valid,0,0.024704237
520,valid,0,0.00012147816
5430,valid,0,0.00018142899
6196,valid,0,0.00019977998
1991,valid,0,0.00026193922
6459,valid,0,0.0002050718
1456,valid,0,0.0022569206
3651,valid,0,0.0002050718
7828,valid,0,0.0006976839
9485,valid,0,0.00053999847
1735,valid,0,0.07554552
6500,valid,0,0.013684244
4979,valid,0,0.00080942496
10817,valid,0,0.00019977998
9328,valid,0,0.0002050718
2470,valid,0,0.001104415
8746,valid,0,0.00038169834
1890,valid,0,0.00039180825
9745,valid,0,0.15291989
1042,valid,0,0.0002050718
8809,valid,0,0.0008308538
302,valid,0,0.0019135908
8658,valid,0,0.0008005
9551,valid,0,0.00066505076
5671,valid,0,0.00038169834
8869,valid,0,0.083182216
6322,valid,0,0.002043175
9347,valid,0,0.0627905
6470,valid,0,0.0087903775
7230,valid,0,0.00029049107
3366,valid,0,0.00018952054
2200,valid,0,0.009911704
6324,valid,0,0.0017238237
8858,valid,0,0.11920234
1762,valid,0,0.067505345
8475,valid,0,0.20354189
2467,valid,0,0.0008308538
5824,valid,0,0.00018772617
322,valid,0,0.0087903775
5132,valid,0,0.00029049107
8621,valid,0,0.00012238703
8108,valid,0,0.0027762912
7521,valid,0,0.024704237
8606,valid,0,0.0002050718
1162,valid,0,0.0002050718
3370,valid,0,0.014116513
4422,valid,0,0.00012238703
6349,valid,0,0.013684244
3114,valid,0,0.0001196838
1877,valid,0,0.0002050718
9780,valid,0,0.0018531088
9746,valid,0,0.0006106156
809,valid,0,0.0003873923
5536,valid,0,0.0002050718
9514,valid,0,0.009911704
4973,valid,0,0.00011644602
4398,valid,0,0.034710955
10768,valid,0,0.00026193922
2925,valid,0,0.00019977998
10037,valid,0,0.00019977998
10722,valid,0,0.00019977998
10306,valid,0,0.00021554765
10155,valid,0,0.027296012
3374,valid,0,0.013684244
9143,valid,0,0.00019977998
5448,valid,0,0.00037962824
1085,valid,0,0.0087903775
9564,valid,0,0.0006796874
6340,valid,0,0.00019977998
6112,valid,0,0.0032527328
2212,valid,0,0.005190799
7344,valid,0,0.00026193922
9588,valid,0,0.00019977998
881,valid,0,0.00019977998
3082,valid,0,0.00019977998
10234,valid,0,0.00032138382
6565,valid,0,0.00019977998
1745,valid,0,0.0627905
9266,valid,0,0.00019977998
3113,valid,0,0.00019977998
9375,valid,0,0.00026193922
8617,valid,0,0.00029413152
3563,valid,0,0.00019977998
6002,valid,0,0.0087903775
6937,valid,0,0.00019977998
9486,valid,0,0.00012797561
2553,valid,0,0.086260036
4400,valid,0,0.010947897
4468,valid,0,0.00019977998
6492,valid,0,0.034710955
10841,valid,0,0.010947897
6089,valid,0,0.00019977998
2581,valid,0,0.00019977998
6920,valid,0,0.0134295
2561,valid,0,0.00024029851
6325,valid,0,0.00026919617
1875,valid,0,0.00080942496
2191,valid,0,0.002677352
10205,valid,0,0.00019662593
3042,valid,0,0.00019977998
8273,valid,0,0.00019977998
3631,valid,0,0.00019977998
6934,valid,0,0.00019977998
4826,valid,0,0.00019977998
7580,valid,0,0.0087903775
898,valid,0,0.00019977998
6915,valid,0,0.0087903775
3912,valid,0,0.00029049107
301,valid,0,0.00019977998
8098,valid,0,0.0087903775
4014,valid,0,0.00019977998
1253,valid,0,0.00026193922
8832,valid,0,0.00019977998
10240,valid,0,0.0087903775
6211,valid,0,0.0087903775
10009,valid,0,0.010947897
6495,valid,0,0.0006106156
8736,valid,0,0.021659425
10853,valid,0,0.00021554765
5440,valid,0,0.0087903775
1040,valid,0,0.015515945
525,valid,0,0.0032527328
8241,valid,0,0.00019977998
2714,valid,0,0.02161693
3566,valid,0,0.0087903775
3054,valid,0,0.010947897
3053,valid,0,0.0004298021
9573,valid,0,0.00019977998
8368,valid,0,0.0087903775
10239,valid,0,0.00029049107
8680,valid,0,0.013684244
3933,valid,0,0.00019977998
6329,valid,0,0.00021554765
9336,valid,0,0.00026193922
5350,valid,0,0.00019977998
4975,valid,0,4.4136294e-05
1129,valid,0,0.021460185
10933,valid,0,0.00019977998
9374,valid,0,0.00019977998
1783,valid,0,0.010947897
7124,valid,0,5.3506992e-05
9770,valid,0,0.00011644602
2074,valid,0,0.02974346
373,valid,0,0.000718703
7078,valid,0,0.00019977998
1723,valid,0,0.031789992
4813,valid,0,0.00019977998
8614,valid,0,0.10705386
4802,valid,0,0.00019977998
4890,valid,0,0.00019977998
6193,valid,0,0.0087903775
5739,valid,0,0.02974346
4580,valid,0,0.00019977998
1960,valid,0,0.5937806
9771,valid,0,0.15307902
6094,valid,1,0.8890413
1778,valid,0,0.8890413
4787,valid,0,0.00026193922
10818,valid,0,0.00019977998
3749,valid,0,0.26931128
2757,valid,0,0.0012366647
8507,valid,0,0.15307902
8496,valid,0,0.07119662
807,valid,0,0.00032687397
7345,valid,0,0.00032687397
7546,valid,0,0.00054645666
6538,valid,0,0.0011462873
7284,valid,0,0.022970252
1999,valid,0,0.00021953977
4544,valid,0,0.18148118
9255,valid,0,0.19806324
1451,valid,0,0.00023830871
2083,valid,0,0.021279147
10461,valid,0,0.00032687397
11009,valid,0,0.00032687397
3949,valid,0,0.046721604
10049,valid,0,0.021279147
4768,valid,0,0.00032687397
8821,valid,0,0.046721604
5458,valid,0,0.00010645993
10726,valid,0,0.00037721643
2837,valid,0,0.00037721643
1764,valid,0,0.00042856103
1118,valid,0,0.14204037
11056,valid,0,0.00032687397
6484,valid,0,0.00032687397
10779,valid,0,0.00042856103
5953,valid,0,0.00032687397
6553,valid,0,0.39960766
4125,valid,0,0.037790168
9337,valid,0,0.046721604
6560,valid,0,0.0019902003
485,valid,0,0.058267385
10763,valid,0,0.00032687397
7474,valid,0,0.00032687397
9393,valid,0,0.27111137
3020,valid,0,0.00032687397
3751,valid,0,0.00032687397
5958,valid,0,0.00032687397
4113,valid,0,0.00032687397
4237,valid,0,0.00056450174
4597,valid,0,0.00032687397
1771,valid,0,0.037790168
3110,valid,0,0.00042856103
9757,valid,0,0.00032687397
5514,valid,0,0.037790168
6905,valid,0,0.00032687397
6673,valid,0,0.00032687397
10396,valid,0,0.0032493456
10728,valid,0,0.18148118
4801,valid,0,0.037790168
3503,valid,0,0.02468898
1098,valid,0,0.00031967624
940,valid,0,0.29913273
5056,valid,0,0.00032687397
8826,valid,0,0.00044764348
2851,valid,0,0.0034240023
785,valid,0,0.0004312663
1091,valid,0,0.00031967624
1150,valid,0,0.00041490502
1164,valid,0,0.037790168
11008,valid,0,0.0028906337
4676,valid,0,0.00041490502
8263,valid,0,0.00041490502
3033,valid,0,0.00031967624
10600,valid,0,0.00042856103
10719,valid,0,0.042777147
2842,valid,0,0.051884558
1963,valid,0,0.06795928
5060,valid,0,0.042927567
10162,valid,0,0.00079018786
6346,valid,0,0.042927567
11050,valid,0,0.00031967624
6555,valid,0,0.00025343505
7337,valid,0,0.00031967624
1829,valid,0,0.00031967624
7820,valid,0,0.00035757895
3099,valid,0,0.00035757895
1266,valid,0,0.00041912598
7327,valid,0,0.042927567
1834,valid,0,0.0011765352
2465,valid,0,0.00052471115
10734,valid,0,0.00031967624
8823,valid,0,0.00031967624
10594,valid,0,0.00031967624
10782,valid,0,0.040454283
9380,valid,0,0.00025343505
2766,valid,0,0.042927567
6486,valid,0,0.043165598
3944,valid,0,0.00031967624
1827,valid,0,0.00031967624
8637,valid,0,0.19871408
8903,valid,0,0.00025343505
6477,valid,0,0.00041912598
1269,valid,0,0.0008619361
489,valid,0,0.042927567
1263,valid,0,0.19597073
5351,valid,0,0.00031967624
2872,valid,0,0.0008619361
8247,valid,0,0.00031967624
6511,valid,0,0.0015000592
6539,valid,0,0.00031967624
700,valid,0,0.023501407
9593,valid,0,0.042927567
4404,valid,0,0.00034711737
10762,valid,0,0.00031967624
945,valid,0,0.00031967624
6222,valid,0,0.00031967624
3441,valid,0,0.00031967624
2663,valid,0,0.00079018786
10145,valid,0,0.0011765352
431,valid,0,0.040454283
6205,valid,0,0.023520384
918,valid,0,0.00020479044
5672,valid,0,0.0014009771
10242,valid,0,0.00031967624
7581,valid,0,0.00031967624
1157,valid,0,0.00031967624
7035,valid,0,0.025423981
9575,valid,0,0.00025343505
8490,valid,0,0.07806455
6000,valid,0,0.042927567
4120,valid,0,0.00031967624
1121,valid,0,0.042927567
5736,valid,0,0.00031967624
8266,valid,0,0.043165598
1428,valid,0,0.0005234186
4704,valid,0,0.0005234186
10769,valid,0,0.00031967624
4818,valid,0,0.00038827112
6158,valid,0,0.1422242
1152,valid,0,0.00031967624
2075,valid,0,0.0007559029
6150,valid,0,0.081638314
314,valid,0,0.040454283
6446,valid,0,0.043165598
4679,valid,0,0.042927567
8390,valid,0,0.040454283
7318,valid,0,0.00031967624
1537,valid,0,0.0006064906
4018,valid,0,0.00031967624
8262,valid,0,0.00031967624
7102,valid,0,0.00041912598
3049,valid,0,0.081638314
1264,valid,0,0.00031967624
2666,valid,0,0.00031967624
10475,valid,0,0.3962053
2938,valid,0,0.00031967624
6490,valid,0,0.00031967624
3918,valid,0,0.0023637458
1126,valid,0,0.1422242
4783,valid,0,0.00031967624
8830,valid,0,0.0032834122
6535,valid,0,0.000627743
4700,valid,0,0.0011625999
9264,valid,0,0.0019737189
1845,valid,0,0.0015509696
9275,valid,0,0.003239181
6904,valid,0,0.000627743
2455,valid,0,0.04633058
9155,valid,0,0.00031967624
4788,valid,0,0.000627743
9267,valid,0,0.042927567
4794,valid,0,0.37950173
6192,valid,0,0.0009951395
10165,valid,0,0.0006112916
6548,valid,0,0.00031967624
7187,valid,0,0.67550427
8246,valid,0,0.0042116963
10836,valid,0,0.000627743
6201,valid,0,0.00025343505
8489,valid,0,0.21469782
5518,valid,0,0.001138308
8679,valid,0,0.00019532835
10766,valid,0,0.00035787906
323,valid,0,0.00035787906
1751,valid,0,0.000627743
6104,valid,0,0.00025343505
5079,valid,0,0.19995709
9768,valid,0,0.006017253
1271,valid,0,0.0017940566
6552,valid,0,0.1422242
3632,valid,0,0.141962
4692,valid,0,0.000627743
6182,valid,0,0.3764881
9352,valid,0,0.73422366
4474,valid,0,0.141962
522,valid,0,0.023501407
4798,valid,0,0.000627743
1148,valid,0,0.000627743
4247,valid,0,0.00049769855
7573,valid,0,0.000627743
6534,valid,0,0.00025343505
793,valid,0,0.000627743
10740,valid,0,0.0015509696
6692,valid,0,0.53978765
4124,valid,0,0.000627743
7132,valid,0,0.011717286
7356,valid,0,0.011717286
3100,valid,0,0.00028447076
7748,valid,0,0.000627743
7087,valid,0,0.0019737189
10217,valid,0,0.001138308
10831,valid,0,0.0006087445
1997,valid,0,0.0006087445
5345,valid,0,0.0023084283
5353,valid,0,0.0006087445
5740,valid,0,0.0006087445
7342,valid,0,0.000627743
1996,valid,0,0.05911367
56,valid,0,0.84529936
6341,valid,0,0.000627743
5950,valid,0,0.30157256
10346,valid,0,0.47273475
427,valid,0,0.0011064743
4406,valid,0,0.19187787
5077,valid,0,0.000627743
4472,valid,0,0.07965755
7079,valid,0,0.000656768
330,valid,0,0.0016448151
6204,valid,0,0.32529438
6188,valid,0,0.00094748
9584,valid,0,0.29759622
2929,valid,0,0.000627743
6333,valid,0,0.0006087445
7583,valid,0,0.00043767365
3093,valid,0,0.19187787
3686,valid,0,0.04633058
8253,valid,0,0.39477265
9496,valid,0,0.78058076
4233,valid,0,0.0006087445
1250,valid,0,0.000627743
6381,valid,0,0.76620764
3112,valid,0,0.0006087445
5357,valid,0,0.83275795
487,valid,0,0.00075820606
5521,valid,0,0.0006087445
911,valid,0,0.87663895
10942,valid,0,0.064941965
1541,valid,0,0.0011064743
9153,valid,0,0.0011038755
1847,valid,0,0.0006087445
8396,valid,0,0.0016405337
905,valid,0,0.46284497
3570,valid,0,0.0006087445
5746,valid,0,0.000627743
6939,valid,0,0.0006087445
10927,valid,0,0.00087734195
10473,valid,0,0.000627743
1758,valid,0,0.19187787
8249,valid,0,0.0006087445
2471,valid,0,0.0006087445
8477,valid,0,0.141962
10477,valid,0,0.00067726424
2466,valid,0,0.2618554
1682,valid,0,0.001008332
9348,valid,0,0.000656768
1534,valid,0,0.48979235
429,valid,0,0.0011038755
8491,valid,0,0.00078186556
5429,valid,0,0.141962
3039,valid,0,0.00273185
7735,valid,0,0.61690944
8393,valid,0,0.0006087445
7811,valid,0,0.0006087445
3560,valid,0,0.0006087445
9586,valid,0,0.0006087445
7095,valid,0,0.0006087445
8862,valid,0,0.66685075
9429,valid,0,0.00050865347
4577,valid,0,0.00050865347
7537,valid,0,0.6083898
3438,valid,0,0.0007430532
1145,valid,0,0.0007430532
8798,valid,0,0.00066970807
4804,valid,0,0.0007430532
7239,valid,0,0.0007430532
9329,valid,0,0.0064404546
10739,valid,0,0.00015053325
9760,valid,0,0.0007430532
1052,valid,0,0.5988855
4784,valid,0,0.0007430532
6684,valid,0,0.0007430532
9359,valid,0,0.0007430532
4122,valid,0,0.00092546025
2761,valid,0,0.0008761737
7350,valid,0,0.0066751065
10206,valid,0,0.0011581144
1044,valid,0,0.0016812738
385,valid,0,0.34676933
2397,valid,0,0.5676379
3028,valid,0,0.00015053325
1086,valid,0,0.0008761737
4529,valid,0,0.080045946
1057,valid,0,0.0008761737
8790,valid,0,0.57747954
9759,valid,0,0.12273432
8817,valid,0,0.004101964
2843,valid,0,0.73394424
4602,valid,0,0.26990435
3630,valid,0,0.0007430532
10460,valid,0,0.0008761737
9392,valid,0,0.0007430532
6451,valid,0,0.0007430532
9494,valid,0,0.012889926
8815,valid,0,0.0014339649
1550,valid,0,0.00015053325
4762,valid,0,0.00015053325
8486,valid,0,0.0013472788
7733,valid,0,0.22472306
6103,valid,0,0.0007430532
8678,valid,0,0.09225101
6518,valid,0,0.07491181
7248,valid,0,0.22472306
800,valid,0,0.0008761737
4245,valid,0,0.0008761737
6342,valid,0,0.0008761737
6668,valid,0,0.0007430532
5680,valid,0,0.0010503503
3889,valid,0,0.0014339649
4699,valid,0,0.0014339649
8122,valid,0,0.0039101928
3080,valid,0,0.27291954
2658,valid,0,0.00036631408
10302,valid,0,0.0008761737
5745,valid,0,0.00018751345
6542,valid,0,0.4183362
10721,valid,0,0.00018751345
7359,valid,0,0.00015053325
6476,valid,0,0.00015702608
7361,valid,0,0.00021621436
937,valid,0,0.00012467537
5944,valid,0,0.19173309
8365,valid,0,0.026754105
10231,valid,0,0.45495167
6090,valid,0,0.00015053325
9775,valid,0,0.13375202
1766,valid,0,0.00016241458
7129,valid,0,0.00011321743
741,valid,0,0.00015778659
907,valid,0,0.00015778659
7471,valid,0,0.0047144787
418,valid,0,0.4183362
10806,valid,0,0.45495167
1746,valid,0,0.00015053325
8904,valid,0,0.08419488
4552,valid,0,0.00015053325
5086,valid,0,0.00094382424
4480,valid,0,0.0006520399
6111,valid,0,0.03966562
3087,valid,0,0.03966562
9582,valid,0,0.00015053325
1449,valid,0,0.03966562
3765,valid,0,0.00015053325
9135,valid,0,0.00016241458
10939,valid,0,0.00015053325
2942,valid,0,0.00028377134
5355,valid,0,0.00015053325
1780,valid,0,0.00015053325
8831,valid,0,0.12303881
6569,valid,0,0.00015053325
1538,valid,0,0.21670869
9152,valid,0,0.03966562
3044,valid,0,0.42094547
6183,valid,0,0.00015053325
2669,valid,0,0.00015053325
4007,valid,0,0.00015053325
11007,valid,0,0.02280661
5302,valid,0,0.2871959
7579,valid,0,0.00015053325
1545,valid,0,0.0006520399
8277,valid,0,0.00015053325
9773,valid,0,0.00015053325
6166,valid,0,0.00015053325
5945,valid,0,0.00054229324
1099,valid,0,0.00018751345
7291,valid,0,0.33171993
5063,valid,0,0.03966562
9442,valid,0,0.00015053325
10474,valid,0,0.03966562
6374,valid,0,0.00015053325
6108,valid,0,0.00021621436
10750,valid,0,0.00015053325
419,valid,0,0.0006520399
7319,valid,0,0.00021621436
3923,valid,0,0.00015053325
1047,valid,0,0.00027307394
4030,valid,0,0.00015053325
10742,valid,0,0.00012467537
6689,valid,0,0.00015053325
4810,valid,0,0.00015053325
9438,valid,0,0.0014433634
2680,valid,0,0.00015053325
5438,valid,0,0.00015053325
8917,valid,0,0.00015053325
1116,valid,0,0.00015053325
10936,valid,0,0.00015053325
2882,valid,0,0.00080299715
3076,valid,0,0.0003187976
8242,valid,0,0.00037917795
3046,valid,0,0.00015053325
7539,valid,0,0.00039937146
3634,valid,0,0.051387172
6912,valid,0,0.00015053325
808,valid,0,0.00015053325
6674,valid,0,0.00015053325
10767,valid,0,0.4509824
5072,valid,0,0.00015053325
7038,valid,0,0.05817731
3019,valid,0,0.03966562
7738,valid,0,0.25761896
8728,valid,0,0.12666728
7328,valid,0,0.00020231318
1685,valid,0,0.00020231318
1255,valid,0,0.00015053325
9437,valid,0,0.0004655704
10310,valid,0,0.00016241458
4025,valid,0,0.00015053325
7744,valid,0,0.00015053325
6208,valid,0,0.00015053325
1054,valid,0,0.00015053325
6634,valid,0,0.0028934937
3641,valid,0,0.00041936975
7524,valid,0,0.08377629
4550,valid,0,0.12666728
6923,valid,0,0.00015053325
5957,valid,0,0.00015053325
7737,valid,0,0.00015053325
3102,valid,0,0.00015053325
1841,valid,0,0.00015053325
377,valid,0,0.0007960811
4827,valid,0,0.0007960811
10199,valid,0,0.00094382424
8737,valid,0,2.4770246e-05
4760,valid,0,0.03966562
10851,valid,0,0.0021776927
3068,valid,0,0.0021776927
6152,valid,0,0.00015053325
6472,valid,0,0.00015053325
11052,valid,0,0.00015053325
1844,valid,0,0.18729821
9338,valid,0,0.00015053325
10781,valid,0,0.23086075
1779,valid,0,0.00015053325
9144,valid,0,0.00015053325
10052,valid,0,0.0046650763
2945,valid,0,0.00015053325
7742,valid,0,0.0006520399
9141,valid,0,0.00015053325
2681,valid,0,0.0007960811
6274,valid,0,0.00021621436
7082,valid,0,0.00015053325
7358,valid,0,0.05817731
6184,valid,0,0.00015053325
6102,valid,0,0.00015053325
6479,valid,0,0.00015053325
10303,valid,0,0.00015053325
9767,valid,0,0.19659476
4600,valid,0,0.00020231318
10227,valid,0,6.813761e-05
7034,valid,0,0.31600386
1163,valid,0,0.0002260961
10459,valid,0,0.5095373
8870,valid,0,9.275301e-05
9136,valid,0,4.3828768e-05
10932,valid,0,0.00029583834
1776,valid,0,0.0014047065
6225,valid,0,0.00037161438
10811,valid,0,0.00053660054
4130,valid,0,0.001369765
4453,valid,0,0.6517717
6925,valid,0,0.0011849029
6693,valid,0,0.00020955734
7746,valid,0,0.00029583834
6107,valid,0,0.00029583834
8899,valid,0,0.00020955734
297,valid,0,0.00026103397
10313,valid,0,0.004096115
4126,valid,0,0.00037161438
6686,valid,0,0.00045442942
6462,valid,0,0.00024029001
8624,valid,0,0.00024029001
1419,valid,0,0.3200608
310,valid,0,0.003986986
7468,valid,0,0.0046774517
8796,valid,0,0.009334864
3056,valid,0,0.00020955734
6191,valid,0,0.00029583834
1556,valid,0,0.00037161438
2390,valid,0,0.0009705783
10752,valid,0,0.093915574
1987,valid,0,0.00032191005
4814,valid,0,0.00031918532
11047,valid,0,0.0009705783
1532,valid,0,0.0006858557
7570,valid,0,0.055213366
5097,valid,0,0.00037161438
9552,valid,0,0.002007932
9430,valid,0,0.00015969311
10464,valid,0,0.00015969311
9332,valid,0,0.001437511
9278,valid,0,0.0002442123
9381,valid,0,0.2492109
6018,valid,0,0.4930021
10584,valid,0,0.00029583834
6631,valid,0,0.0014047065
4773,valid,0,0.0014047065
7322,valid,0,0.00053660054
4705,valid,0,0.00037161438
6119,valid,0,0.1545101
7282,valid,0,0.0032330113
5103,valid,0,0.00037161438
6677,valid,0,0.00029583834
6220,valid,0,0.0020996332
4017,valid,0,0.00032191005
8824,valid,0,0.00020955734
8265,valid,0,0.00020955734
4824,valid,0,0.00029583834
2457,valid,0,0.00012217704
1535,valid,0,0.00020955734
1962,valid,0,0.004113659
4685,valid,0,0.004113659
3571,valid,0,0.0036172334
1576,valid,0,0.13279527
10587,valid,0,0.00020955734
6540,valid,0,0.82000786
8492,valid,0,0.0003119855
4028,valid,0,0.0003119855
4095,valid,0,0.7344118
10468,valid,0,0.00020955734
4596,valid,0,0.0011849029
3504,valid,0,0.0005418528
5078,valid,0,0.0011849029
10998,valid,0,0.00020955734
10717,valid,0,0.00064391416
422,valid,0,0.00038012816
7664,valid,0,0.2492109
1438,valid,0,0.00020955734
4026,valid,0,0.00020955734
9432,valid,0,0.4028995
3896,valid,0,0.7586764
4019,valid,0,0.0002260961
4594,valid,0,0.00020955734
10735,valid,0,0.00020955734
7321,valid,0,0.00020955734
4687,valid,0,0.0002260961
10837,valid,0,0.0009705783
6164,valid,0,0.00020955734
7093,valid,0,0.038865466
10457,valid,0,0.00020955734
5436,valid,0,0.00020955734
3448,valid,0,0.0011849029
6171,valid,0,0.00020955734
7390,valid,0,0.80161893
1549,valid,0,0.00020955734
4823,valid,0,0.00019851877
2774,valid,0,0.00020955734
5423,valid,0,0.00020955734
6373,valid,0,0.00020955734
9349,valid,0,0.00020955734
1120,valid,0,0.00020955734
2764,valid,0,0.055213366
1043,valid,0,0.00020955734
10760,valid,0,0.055213366
4586,valid,0,0.23407428
6323,valid,0,0.00020955734
3575,valid,0,0.5624945
7086,valid,0,0.00020955734
8259,valid,0,0.00020955734
7183,valid,0,0.0009705783
3648,valid,0,0.0009705783
3108,valid,0,0.0002725693
7092,valid,0,0.003413475
4012,valid,0,0.13279527
3090,valid,0,0.00052630925
4780,valid,0,0.00020955734
4117,valid,0,0.0004944036
6516,valid,0,0.0004944036
9274,valid,0,0.41601664
8461,valid,0,0.0797775
4023,valid,0,0.0002320136
6478,valid,0,0.00020955734
2767,valid,0,0.0012089302
10469,valid,0,0.0032264062
1108,valid,0,0.0011649083
6021,valid,0,0.2102091
6088,valid,0,0.00043933382
9562,valid,0,0.00043933382
6910,valid,0,0.08284602
1726,valid,0,0.0002725693
1769,valid,0,0.00023298585
515,valid,0,0.00023298585
6454,valid,0,0.061553836
3037,valid,0,0.0002725693
4587,valid,0,0.76006156
6262,valid,0,0.9249601
6467,valid,0,0.00020955734
312,valid,0,0.23074573
8630,valid,0,0.00023298585
4799,valid,0,0.00025137342
3767,valid,0,0.0011066282
4889,valid,0,3.4691937e-05
2844,valid,0,3.4691937e-05
4584,valid,0,0.00023298585
3021,valid,0,0.3055167
926,valid,0,0.00023298585
9756,valid,0,0.0030983107
5406,valid,0,0.0030983107
1262,valid,0,0.055213366
9376,valid,0,0.00023298585
7287,valid,0,0.64292413
3079,valid,0,0.0002725693
3932,valid,0,0.00023298585
9341,valid,0,0.0002725693
4483,valid,0,0.00025137342
10776,valid,0,0.00020955734
6263,valid,0,0.5674992
4106,valid,0,0.00018701654
8740,valid,0,0.00033924583
2225,valid,0,0.0010395556
6927,valid,0,0.00025137342
10730,valid,0,0.0009705783
1113,valid,0,0.0002725693
10808,valid,0,0.00042261786
6933,valid,0,0.00023298585
7236,valid,0,0.00026349796
6128,valid,0,0.34200796
6025,valid,0,0.35080743
7577,valid,0,0.0012284976
5441,valid,0,0.0010575595
294,valid,0,0.00018701654
8261,valid,0,0.00018701654
4680,valid,0,0.00018701654
3043,valid,0,0.831786
5511,valid,0,0.00018701654
10751,valid,0,0.89699996
7339,valid,0,0.17938377
3040,valid,0,0.00018701654
8611,valid,0,0.006618687
10403,valid,0,0.00095631846
3018,valid,0,0.0027327037
4127,valid,0,0.001404722
8132,valid,0,0.0007310371
3032,valid,0,0.0008863388
1155,valid,0,0.00018701654
6556,valid,0,0.00032191403
8908,valid,0,0.001404722
5139,valid,0,0.84091485
2940,valid,0,0.001163685
794,valid,0,0.00018701654
6502,valid,0,0.5272834
2585,valid,0,0.0003390053
7323,valid,0,0.0003390053
6190,valid,0,0.11640112
10727,valid,0,0.0003390053
10819,valid,0,0.00033924583
7582,valid,0,0.00018701654
10348,valid,0,0.0016807009
6173,valid,0,0.0003390053
8910,valid,0,0.00018701654
9516,valid,0,0.38260156
7033,valid,0,0.13232765
6224,valid,0,0.0007310371
5425,valid,0,0.00097058946
10754,valid,0,0.11640112
7243,valid,0,0.0012269854
10038,valid,0,0.115234055
6203,valid,0,0.0006484953
7574,valid,0,0.0003390053
9372,valid,0,0.004149689
6447,valid,0,0.0027528848
4419,valid,0,0.000353625
8822,valid,0,0.0003390053
8469,valid,0,0.0003390053
5432,valid,0,0.00036575715
10934,valid,0,0.0029695556
8828,valid,0,0.11640112
8859,valid,0,0.115234055
2684,valid,0,0.00042340963
305,valid,0,0.0003390053
8808,valid,0,0.0003390053
10305,valid,0,0.0003390053
10467,valid,0,0.0030983475
428,valid,0,0.00059253175
433,valid,0,0.0003390053
1122,valid,0,0.0008801566
5832,valid,0,0.0008801566
8402,valid,0,0.00089851406
7126,valid,0,0.9270418
10813,valid,0,0.8333472
4450,valid,0,6.713289e-05
9492,valid,0,6.713289e-05
9353,valid,0,0.9522944
7355,valid,0,0.0003390053
1830,valid,0,0.30882385
10471,valid,0,0.00036575715
2711,valid,0,0.030815315
9487,valid,0,0.0009890482
10035,valid,0,0.75023025
5301,valid,0,0.91906875
8459,valid,0,0.59611756
8866,valid,0,0.00282933
9580,valid,0,0.30882385
6110,valid,0,0.00041464405
9592,valid,0,0.0008801566
10824,valid,0,0.0022218546
1756,valid,0,0.00041464405
2674,valid,0,0.0007559727
920,valid,0,0.00041464405
5742,valid,0,0.31325138
293,valid,0,0.0005533522
7096,valid,0,0.005030516
492,valid,0,0.76667064
10924,valid,0,0.00045690482
2214,valid,0,0.005761847
9356,valid,0,0.6187952
1146,valid,0,0.00035974965
313,valid,0,0.00035974965
4789,valid,0,0.0029296791
7734,valid,0,0.0021846043
10307,valid,0,0.6243162
9385,valid,0,0.00041464405
6559,valid,0,0.00062944624
5346,valid,0,0.0004871443
6568,valid,0,0.0003881377
10731,valid,0,0.0003390053
8625,valid,0,0.0005778989
934,valid,0,0.0005778989
1452,valid,0,0.00045690482
4595,valid,0,0.00045690482
7341,valid,0,0.0003390053
4013,valid,0,0.85119855
8250,valid,0,0.00020955734
9764,valid,0,0.00035974965
10299,valid,0,0.44770715
8278,valid,0,0.00035974965
2671,valid,0,0.0006464774
7740,valid,0,0.00035974965
3511,valid,0,0.6325576
4118,valid,0,0.00035974965
3951,valid,0,0.00077225594
4541,valid,0,0.00077225594
6680,valid,0,0.19375448
1096,valid,0,0.19375448
1883,valid,0,0.0006516877
6463,valid,0,0.0004481043
3107,valid,0,0.0027315707
10996,valid,0,0.6325576
5424,valid,0,0.30882385
4470,valid,0,0.66654605
1110,valid,0,0.7647085
3437,valid,0,0.00035974965
784,valid,0,0.00056281156
1843,valid,0,0.0008801566
3647,valid,0,0.0038482428
3077,valid,0,0.00045690482
4090,valid,0,0.8836714
4777,valid,0,0.00041464405
1453,valid,0,0.0018240372
4234,valid,0,0.00045690482
7576,valid,0,0.0004735861
10204,valid,0,0.027836982
8096,valid,0,0.00025725624
10207,valid,0,0.0003873648
10339,valid,0,0.13348967
10209,valid,0,0.007436305
2445,valid,0,0.0010028066
10344,valid,0,0.027836982
8095,valid,0,0.13348967
7067,valid,0,0.023705628
9373,valid,1,0.8211715
3902,valid,0,0.13348967
8483,valid,0,0.0003873648
8498,valid,0,0.00037962824
5358,valid,1,0.9262061
3758,valid,0,0.02417721
10087,valid,1,0.9426425
369,valid,0,0.0002029411
3322,valid,1,0.9302783
1497,valid,0,0.02974346
2236,valid,0,0.00044741802
8175,valid,0,0.13348967
145,valid,0,0.027296012
141,valid,0,0.03382823
2245,valid,0,0.027296012
1318,valid,0,0.02974346
1508,valid,0,0.13348967
7642,valid,0,0.16336901
575,valid,0,0.00037962824
223,valid,1,0.87631917
7265,valid,1,0.122030824
3592,valid,0,0.00023549885
8370,valid,0,0.00032789394
1191,valid,0,0.027296012
5763,valid,0,0.027296012
10774,valid,1,0.8657449
6267,valid,0,0.027836982
10604,valid,1,0.93738574
9368,valid,0,0.023705628
3913,valid,0,0.022236118
7054,valid,0,0.13348967
7491,valid,0,0.0039421027
3371,valid,0,0.0039421027
3050,valid,1,0.8531499
7329,valid,1,0.9834204
1733,valid,1,0.8512353
5495,valid,0,0.024704237
5503,valid,0,0.00041469603
2213,valid,0,0.013684244
1444,valid,0,0.023705628
2206,valid,0,0.0010028066
6155,valid,1,0.9485884
1420,valid,0,0.027296012
1950,valid,0,0.023705628
1424,valid,0,0.0010028066
7586,valid,1,0.92442054
1888,valid,0,0.0010028066
9526,valid,0,0.13348967
5669,valid,0,0.00041469603
2250,valid,0,0.16336901
4713,valid,0,0.00032134462
3972,valid,0,0.027836982
279,valid,1,0.9584705
5545,valid,1,0.91878265
5794,valid,0,0.02974346
10294,valid,0,0.00041469603
2740,valid,0,0.13348967
10795,valid,0,0.0010028066
5199,valid,0,0.16409345
10286,valid,0,0.39292547
9240,valid,0,0.48782066
6237,valid,0,0.8674606
10330,valid,0,0.38262954
10913,valid,0,0.0046650763
5324,valid,0,0.0046650763
9729,valid,0,0.05999096
191,valid,0,0.20827588
5570,valid,0,0.7054223
6739,valid,0,0.93520796
9616,valid,0,0.057176027
5167,valid,0,0.9311719
10529,valid,0,0.014637724
5596,valid,0,0.066724256
2739,valid,0,0.51101017
1371,valid,0,0.0005967126
10707,valid,0,0.11640112
2058,valid,0,0.017396193
6840,valid,0,0.0087903775
622,valid,0,0.023012063
8719,valid,0,0.14614524
1232,valid,0,0.6841421
95,valid,0,2.2826343e-05
7217,valid,0,0.0010301596
2265,valid,0,0.40266982
5974,valid,0,0.084266834
2123,valid,0,0.13575968
6233,valid,0,0.9359225
10797,valid,0,0.9241712
8703,valid,0,0.93380827
7873,valid,0,0.00030418235
1599,valid,0,0.6063633
8561,valid,0,0.3859084
9849,valid,0,0.22886278
9316,valid,0,0.8627305
1617,valid,0,0.7575507
9318,valid,0,0.9361839
10642,valid,0,0.47690293
7414,valid,0,0.7441619
8875,valid,0,0.7702591
5547,valid,0,0.33455056
8699,valid,0,0.08265424
8714,valid,0,0.45823827
10710,valid,0,0.89566237
4259,valid,0,0.20164275
3489,valid,0,0.16945332
2010,valid,0,0.047593255
3529,valid,0,0.00016873189
8,valid,0,0.10021444
2169,valid,0,0.09986237
247,valid,0,0.91806394
3658,valid,0,0.0030911448
3120,valid,0,0.42477083
2007,valid,0,0.42512938
4042,valid,0,0.83827376
2057,valid,0,0.4088798
3541,valid,0,0.9631229
7272,valid,0,0.46854624
5185,valid,0,0.06381604
8760,valid,0,0.8606923
5269,valid,0,0.7041023
2747,valid,0,0.38493654
7222,valid,0,0.07962252
3484,valid,0,0.48985058
2913,valid,0,0.03904711
9808,valid,0,0.33794108
9733,valid,0,0.37759185
1197,valid,0,0.00020286931
2262,valid,0,0.00016094923
9042,valid,0,0.04274336
8525,valid,0,0.00031724764
5965,valid,0,0.85677207
9218,valid,0,0.0006529338
5803,valid,0,0.00020286931
7367,valid,0,0.00020286931
9530,valid,0,0.95798826
112,valid,0,0.46854624
7922,valid,0,0.95760757
3235,valid,0,0.47665492
7001,valid,0,0.68133265
9059,valid,0,0.24939099
6709,valid,0,0.24771006
1523,valid,0,0.9528662
8931,valid,0,0.0010866506
818,valid,0,0.00035590553
6033,valid,0,0.00016094923
2009,valid,0,0.75123847
6582,valid,0,0.03306912
2097,valid,0,0.00016011272
3605,valid,0,0.00032687397
9229,valid,0,0.20827588
9734,valid,0,0.042927567
1235,valid,0,0.0016330797
3195,valid,0,0.53978765
1393,valid,0,0.46557626
1628,valid,0,0.46557626
9841,valid,0,0.21670869
4619,valid,0,0.03966562
1527,valid,0,0.11464355
1385,valid,0,0.56794983
10190,valid,0,0.5748287
7899,valid,0,0.046403043
3793,valid,0,0.569889
10539,valid,0,0.13822167
3216,valid,0,0.0007986824
6975,valid,0,0.061966352
7855,valid,0,0.055213366
839,valid,0,0.055213366
1659,valid,0,0.09216441
2125,valid,0,0.00020300497
9067,valid,0,0.18817185
10554,valid,0,0.57289207
10652,valid,0,0.044289052
8228,valid,0,0.5711709
2887,valid,0,0.50933343
1236,valid,0,0.10060069
9830,valid,0,0.93159163
631,valid,0,0.025623415
3016,valid,0,0.08424536
8653,valid,0,0.48895296
3137,valid,0,0.56129044
9884,valid,0,0.08176992
7706,valid,0,0.00026886965
9048,valid,0,0.085912645
8055,valid,0,0.051337924
10361,valid,0,0.6492868
6235,valid,0,0.40183762
3796,valid,0,0.94831645
8017,valid,0,0.00034767063
9599,valid,0,0.5238277
6082,valid,0,0.45320055
5541,valid,0,0.38078308
634,valid,0,0.252232
2124,valid,0,0.9469345
9891,valid,0,0.00028284028
8640,valid,0,0.13575968
10323,valid,0,0.096155055
2485,valid,0,0.0008050888
5693,valid,0,0.0006921405
4189,valid,0,0.24478804
3116,valid,0,0.107845366
12,valid,0,7.8947494e-05
609,valid,0,0.84982836
3229,valid,0,0.0714176
4631,valid,0,0.055213366
10335,valid,0,0.02974346
9221,valid,0,0.27712154
7764,valid,0,0.00041469603
10062,valid,0,0.023501407
621,valid,0,0.17938377
5559,valid,0,0.12746595
7988,valid,0,0.014637724
8994,valid,0,0.25178546
2385,valid,0,0.07806455
8945,valid,0,0.00020955734
9839,valid,0,0.0003558731
3,valid,0,0.09055655
2103,valid,0,0.001082042
9202,valid,0,0.113298304
8928,valid,0,0.9736838
3381,valid,0,0.141962
10133,valid,0,0.12666728
8056,valid,0,0.36035943
5990,valid,0,0.31734246
8580,valid,0,0.08135828
1707,valid,0,0.07039611
5474,valid,0,0.24544157
9619,valid,0,0.19871408
7761,valid,0,0.5457321
8713,valid,0,0.9156867
2144,valid,0,0.0018246338
7271,valid,0,0.13565032
9903,valid,0,0.41587526
3769,valid,0,0.0010369325
8920,valid,0,0.13597621
10527,valid,0,0.18821193
3453,valid,0,0.12666728
3005,valid,0,0.39292547
394,valid,0,0.11403353
2438,valid,0,0.33862862
10180,valid,0,0.107845366
6241,valid,0,0.63734657
396,valid,0,0.11403353
3886,valid,0,0.51101017
7876,valid,0,0.9215324
195,valid,0,0.0019213742
6982,valid,0,0.16409345
10918,valid,0,0.0003307699
4341,valid,0,0.7696205
10495,valid,0,0.62703764
1519,valid,0,0.86068803
2488,valid,0,0.720964
10182,valid,0,0.95257187
9883,valid,0,0.0069132173
8046,valid,0,0.010947897
681,valid,0,0.010947897
1705,valid,0,0.046721604
2033,valid,0,0.0010562475
3181,valid,0,0.32242578
5772,valid,0,0.001376756
1865,valid,1,0.9836872
2979,valid,0,0.60550654
7756,valid,0,0.55452996
9322,valid,0,0.8015363
691,valid,0,0.027296012
10175,valid,0,0.023501407
2051,valid,0,0.08964983
4180,valid,0,0.5356641
3297,valid,0,0.4889167
7173,valid,0,0.7268188
3206,valid,0,0.0005884843
2999,valid,0,0.0004760519
8094,valid,0,0.0003307699
272,valid,0,0.0007090508
10980,valid,0,0.3550085
6967,valid,0,0.8756183
6300,valid,0,0.38078308
6041,valid,0,0.35710955
3883,valid,0,0.0022992447
7370,valid,0,0.0003372933
8522,valid,0,0.02974346
389,valid,0,0.0839742
819,valid,0,0.70211554
8716,valid,0,0.47057423
4573,valid,0,0.4028995
7170,valid,0,0.01540214
401,valid,0,0.9332874
8378,valid,0,0.4463755
4052,valid,0,0.13279527
5977,valid,0,0.022236118
10292,valid,0,0.23669027
4394,valid,0,0.00028541806
2970,valid,0,0.025839703
4251,valid,0,0.013684244
8452,valid,0,0.26053488
7887,valid,0,0.04883249
1525,valid,0,0.059430324
5805,valid,0,0.00026824055
4566,valid,0,0.00083387207
2354,valid,0,0.07710517
3377,valid,0,0.0005671292
5975,valid,0,0.0007131858
7861,valid,0,0.028015805
3783,valid,0,0.0011323597
2431,valid,0,0.00031506154
3286,valid,0,0.0015788324
2298,valid,0,0.0007855413
9107,valid,0,0.00083387207
9078,valid,0,0.017396193
5770,valid,0,0.00051662547
4051,valid,0,0.93279535
7262,valid,0,0.0002512747
9300,valid,0,0.20833328
9615,valid,0,0.00083387207
4254,valid,0,0.0009023272
2137,valid,0,0.21468385
692,valid,0,0.37398708
3522,valid,0,0.07962252
11025,valid,0,0.00041469603
3211,valid,0,0.011927378
6710,valid,0,0.08702389
10552,valid,0,0.001969384
1517,valid,0,0.0115203
9655,valid,0,0.00031967624
5706,valid,0,0.26066414
6733,valid,0,0.00023586646
2114,valid,0,0.6316481
2264,valid,0,0.16245309
8535,valid,0,0.7773951
9055,valid,0,0.15435618
3202,valid,0,0.00083387207
5982,valid,0,0.00083387207
9895,valid,0,0.35710955
3655,valid,0,0.014637724
1667,valid,0,0.010947897
1246,valid,0,0.022679508
9906,valid,0,0.042927567
114,valid,0,0.036915652
7894,valid,0,0.558134
10187,valid,0,0.558134
2021,valid,0,0.19820437
3801,valid,0,0.41422042
1515,valid,0,0.9160485
8519,valid,0,0.00083387207
3774,valid,0,0.22444868
7177,valid,0,0.00083387207
8377,valid,0,0.00083387207
9934,valid,0,0.00083387207
3179,valid,0,0.81788737
2091,valid,0,0.0031729648
6078,valid,0,0.24723913
11021,valid,0,0.0007131858
9223,valid,0,0.39436898
4649,valid,0,0.025839703
8059,valid,0,0.014116513
1675,valid,0,0.56879616
2735,valid,0,0.00057176134
2415,valid,0,0.03966562
2490,valid,0,0.15230124
9869,valid,0,0.18821193
3516,valid,0,0.7109206
7864,valid,0,0.3439767
4310,valid,0,0.0017209435
1587,valid,0,0.10021444
3391,valid,0,0.50222254
9620,valid,0,0.32242578
9550,valid,0,0.23459402
5985,valid,0,0.0009303959
2884,valid,0,0.017396193
5188,valid,0,0.2313674
4494,valid,0,0.00083387207
6084,valid,0,0.13558474
9402,valid,0,0.51101017
4040,valid,0,0.06107063
7377,valid,0,0.00083387207
10483,valid,0,0.4080937
8751,valid,0,0.66754246
2749,valid,0,0.3980151
7270,valid,0,0.07710517
7897,valid,0,0.06942996
10987,valid,0,0.44270378
5707,valid,0,0.8678489
5327,valid,0,0.08856714
8012,valid,0,0.17046241
9954,valid,0,0.00029343215
1624,valid,0,0.13575968
8583,valid,0,0.56061214
8346,valid,0,0.7849923
10447,valid,0,7.8947494e-05
8088,valid,0,0.71509683
10488,valid,0,0.31348675
8300,valid,0,0.6127077
9217,valid,0,0.8874785
10484,valid,0,0.6134754
1819,valid,0,0.00016011272
4143,valid,0,0.013684244
989,valid,0,0.081638314
9324,valid,0,0.08284602
10487,valid,0,0.11640112
7178,valid,0,0.0009072277
9232,valid,0,0.007436305
1184,valid,0,0.0032527328
1389,valid,0,0.00018580098
602,valid,0,0.02161693
2269,valid,0,0.0032527328
3010,valid,0,0.18807645
7624,valid,0,0.34549198
4249,valid,0,0.30157256
4397,valid,0,0.0014392965
4572,valid,0,0.0014392965
8984,valid,0,0.00020955734
7399,valid,0,0.479382
2377,valid,0,0.00047905536
9238,valid,0,0.00056281156
122,valid,0,0.0011468203
2435,valid,0,0.009688449
3875,valid,0,0.00083387207
4501,valid,0,0.00083387207
2434,valid,0,0.51101017
4426,valid,0,0.00083387207
1394,valid,0,0.40734994
2894,valid,0,0.00083387207
5801,valid,0,0.00083387207
9081,valid,0,0.57246226
6589,valid,0,0.077732936
8341,valid,0,0.0722953
4312,valid,0,0.070467435
7435,valid,0,0.07818916
8226,valid,0,0.10021444
6083,valid,0,0.0008472867
8980,valid,0,0.00034001775
5182,valid,0,0.43236062
618,valid,0,0.8112167
1709,valid,0,0.014637724
1514,valid,0,0.0069132173
184,valid,0,0.00050965324
8455,valid,0,0.02417721
2484,valid,0,0.022679508
7417,valid,0,0.07806455
9298,valid,0,0.042927567
9843,valid,0,0.00094382424
4182,valid,0,0.00018751345
10056,valid,0,0.0007855413
2421,valid,0,0.35421246
8654,valid,0,0.35114217
5798,valid,0,0.63734657
5598,valid,0,0.0003567386
10533,valid,0,0.41161633
10860,valid,0,0.51101017
2113,valid,0,0.2697791
3599,valid,0,0.80251926
8064,valid,0,0.08820314
838,valid,0,0.00020677152
9307,valid,0,0.48948786
8977,valid,0,0.57150334
3395,valid,0,0.3743241
7767,valid,0,0.00016168125
2130,valid,0,0.24723913
7157,valid,0,0.35110056
5205,valid,0,0.00022402065
4560,valid,0,0.00024348809
10189,valid,0,0.0032527328
10863,valid,0,0.0032527328
393,valid,0,0.096155055
6844,valid,0,0.046721604
4495,valid,0,0.00058029545
7633,valid,0,0.021279147
1582,valid,0,0.042927567
9230,valid,0,0.87971085
9241,valid,0,0.16405909
2364,valid,0,0.19173309
10450,valid,0,0.295614
5204,valid,0,0.00029583834
9669,valid,0,0.14782871
1664,valid,0,0.1545101
9956,valid,0,0.49248734
7883,valid,0,0.3100814
2152,valid,0,0.16245309
8933,valid,0,0.16245309
1474,valid,0,0.005315212
2427,valid,0,0.004094981
8015,valid,0,0.02025665
2025,valid,0,0.017396193
1479,valid,0,0.5022229
3777,valid,0,0.0002659005
1370,valid,0,0.5859608
5783,valid,0,0.0032750566
844,valid,0,0.022294763
6721,valid,0,0.08820314
10288,valid,0,0.07818916
7227,valid,0,0.159833
4330,valid,0,0.07710517
8517,valid,0,0.0011477546
3219,valid,0,0.159833
7226,valid,0,0.09986237
8058,valid,0,0.24939099
2026,valid,0,0.22237901
4337,valid,0,0.6318002
7900,valid,0,0.780227
982,valid,0,0.71061426
4187,valid,0,0.24939099
11018,valid,0,0.17001857
4504,valid,0,0.0115203
5802,valid,0,0.0032527328
204,valid,0,5.3506992e-05
84,valid,0,0.13325772
9625,valid,0,0.00022169121
8325,valid,0,0.02974346
8642,valid,0,0.027836982
10785,valid,0,0.0002029411
3183,valid,0,0.00012238703
682,valid,0,0.00029289298
9628,valid,0,0.0036842912
3185,valid,0,0.0008308538
9872,valid,0,0.00024029851
8319,valid,0,0.0087903775
7113,valid,0,0.005190799
5791,valid,0,0.10705386
1369,valid,0,0.0069132173
9866,valid,0,0.013684244
9680,valid,0,0.00032687397
3594,valid,0,0.4126871
1699,valid,0,0.22273792
2344,valid,0,0.07806455
9815,valid,0,0.0005234186
9060,valid,0,0.00034490434
7112,valid,0,0.1422242
10445,valid,0,0.00057982776
8373,valid,0,0.07806455
10669,valid,0,0.023501407
10681,valid,0,0.004632501
10796,valid,0,0.00052471115
8702,valid,0,0.0012031588
7924,valid,0,0.19187787
5767,valid,0,0.00054864946
6319,valid,0,0.22472306
8989,valid,0,0.03966562
7259,valid,0,0.18729821
235,valid,0,0.00015053325
4257,valid,0,0.03966562
1594,valid,0,0.00015053325
8930,valid,0,0.08056613
9398,valid,0,0.71642214
5962,valid,0,0.05817731
1194,valid,0,0.00021621436
3600,valid,0,0.0005060302
8697,valid,0,0.0009705783
8293,valid,0,0.115653165
10793,valid,0,0.0009710958
2369,valid,0,0.08284602
10054,valid,0,0.0020079548
10480,valid,0,0.00023295742
6962,valid,0,0.00076859834
7216,valid,0,0.0044776825
9233,valid,0,0.5567795
5807,valid,0,0.00047905536
3676,valid,0,0.0004871443
7200,valid,0,0.004094981
10420,valid,0,0.00068674155
7623,valid,0,0.00083387207
623,valid,0,0.00083387207
5335,valid,0,0.017396193
690,valid,0,0.00068674155
2093,valid,0,9.777832e-05
2014,valid,0,0.3485049
7770,valid,0,0.00024645057
2962,valid,0,9.777832e-05
8577,valid,0,0.084266834
4043,valid,0,0.00066022907
7638,valid,0,0.0004996517
3198,valid,0,0.00024645057
6586,valid,0,0.11403353
10319,valid,0,0.49808985
3390,valid,0,0.5560117
637,valid,0,0.00027460046
4623,valid,0,0.0003521202
1415,valid,0,0.8322537
8991,valid,0,4.364779e-05
1620,valid,0,0.000116200004
6712,valid,0,0.45823827
2273,valid,0,0.0033167938
3882,valid,0,0.00031336868
970,valid,0,4.045437e-05
1234,valid,0,0.0007775575
1530,valid,0,0.0011477546
5221,valid,0,0.000662186
10142,valid,0,0.23459402
8723,valid,0,0.0006529338
9674,valid,0,0.0006529338
3122,valid,0,0.9397653
9940,valid,0,0.00088228466
6239,valid,0,0.00026065123
7856,valid,0,0.00066497945
3292,valid,0,0.0020772705
9805,valid,0,0.001172732
9881,valid,0,0.00016094923
9325,valid,0,0.00023123136
2168,valid,0,0.62703764
3557,valid,0,0.000250736
7984,valid,0,0.43236062
7382,valid,0,0.0032527328
1814,valid,0,0.00020707754
5601,valid,0,0.00016011272
9824,valid,0,0.0008308538
9671,valid,0,0.0087903775
5976,valid,0,0.0069132173
7412,valid,0,0.04915124
11041,valid,0,0.0004220735
203,valid,0,0.001046015
10992,valid,0,0.00059692585
5330,valid,0,0.037790168
8641,valid,0,0.051884558
9613,valid,0,0.34090975
8769,valid,0,0.09819511
2134,valid,0,0.040454283
5475,valid,0,0.49512395
9404,valid,0,0.0012736832
5605,valid,0,0.42126712
3190,valid,0,0.0011038755
3657,valid,0,0.19187787
7116,valid,0,0.00018214712
4603,valid,0,0.03966562
1824,valid,0,0.45495167
3530,valid,0,0.02280661
5217,valid,0,0.4183362
2289,valid,0,0.026754105
3776,valid,0,0.08377629
4339,valid,0,0.0075995056
2381,valid,0,0.2540778
5342,valid,0,0.69138676
8919,valid,0,0.08005241
5336,valid,0,0.0029378373
128,valid,0,0.29511392
1716,valid,0,0.13279527
4569,valid,0,0.0010426263
7925,valid,0,0.00038012816
7705,valid,0,0.08284602
188,valid,0,0.00548158
3603,valid,0,0.05999096
5195,valid,0,0.1545101
8572,valid,0,0.24672405
10326,valid,0,0.0006232101
5785,valid,0,0.0017924443
4430,valid,0,0.39787444
5603,valid,0,0.0022697288
3514,valid,0,0.17382361
8712,valid,0,0.67343646
1614,valid,0,0.50312054
5612,valid,0,0.75023025
6970,valid,0,0.0019840535
986,valid,0,0.44724616
2985,valid,0,0.0002537719
9653,valid,0,0.48942778
4145,valid,0,0.27780014
10525,valid,0,0.48942778
1240,valid,0,5.2483338e-05
7223,valid,0,0.06491563
10350,valid,0,0.0017209435
8051,valid,0,0.33862862
193,valid,0,7.916393e-05
8709,valid,0,0.00034258986
8942,valid,0,0.10909579
8755,valid,0,0.00012643672
395,valid,0,0.00012643672
2355,valid,0,0.085912645
5611,valid,0,0.00083387207
2910,valid,0,0.002911835
6706,valid,0,0.17415102
1376,valid,0,0.00017973367
5176,valid,0,0.0017045755
3671,valid,0,0.007954018
2410,valid,0,0.0002653798
9219,valid,0,0.11962731
2755,valid,0,0.059102487
9173,valid,0,0.8197814
6718,valid,0,0.3943163
4175,valid,0,0.0002668099
228,valid,0,0.6746198
4387,valid,0,0.6368346
8982,valid,0,0.13575968
10138,valid,0,0.5560117
8575,valid,0,0.49444678
9603,valid,0,0.001985818
9667,valid,0,0.0054276767
1713,valid,0,0.90238917
6317,valid,0,0.5831765
4620,valid,0,0.00027460046
2050,valid,0,0.00021647387
2030,valid,0,0.000116200004
4260,valid,0,0.014637724
5270,valid,0,0.2364091
1372,valid,0,0.047593255
1602,valid,0,0.01389003
8764,valid,0,0.107845366
9064,valid,0,0.00022291971
8352,valid,0,0.03140575
2977,valid,0,0.16713218
2371,valid,0,0.0007436129
2352,valid,0,0.0007754697
10784,valid,0,0.16863844
190,valid,0,0.0034475992
8649,valid,0,0.00050304155
7442,valid,0,0.12602015
7002,valid,0,0.27712154
8934,valid,0,0.067410216
7928,valid,0,0.30964616
7404,valid,1,0.9293193
9732,valid,0,0.33805436
9687,valid,0,0.83290726
4608,valid,0,0.36010537
2142,valid,0,0.00027250487
3477,valid,0,0.034427036
3670,valid,0,0.49587733
3552,valid,0,0.5130635
2965,valid,0,0.22708169
9165,valid,0,0.24879573
7202,valid,0,0.40747884
7992,valid,0,0.0006347419
6591,valid,0,0.2614642
9406,valid,0,0.0056426576
1668,valid,0,0.00075866864
6720,valid,0,0.62703764
10706,valid,0,0.9330239
4177,valid,0,0.17057239
1580,valid,0,0.6298244
1622,valid,0,0.3703533
5606,valid,0,0.8015363
3121,valid,0,0.7754617
5648,valid,0,0.24928513
2140,valid,0,8.398979e-05
3194,valid,0,0.00047270683
8450,valid,0,0.3946878
7369,valid,0,0.00083387207
3683,valid,0,0.5311586
4317,valid,0,0.5311586
7987,valid,0,0.26121184
4174,valid,0,0.00030915227
987,valid,0,5.2483338e-05
7424,valid,0,0.083787136
4640,valid,0,0.00044104096
6708,valid,0,0.6100714
3001,valid,0,0.0016352214
4616,valid,0,0.38675416
11028,valid,0,0.8382901
7274,valid,0,0.4468025
2437,valid,0,0.0006921405
7174,valid,0,0.0009292605
6997,valid,0,0.00019391932
9665,valid,0,0.0002725693
6974,valid,0,0.00014791249
2986,valid,0,0.107845366
9909,valid,0,4.045437e-05
2418,valid,0,0.0009099612
2104,valid,0,0.07818916
5206,valid,0,0.014637724
1670,valid,0,0.17984232
7697,valid,0,0.014637724
7709,valid,0,4.364779e-05
3604,valid,0,0.37829682
9313,valid,0,0.20833328
2972,valid,0,0.37544176
9045,valid,0,0.098924205
3664,valid,0,0.24771006
5179,valid,0,0.203155
197,valid,0,0.0004297591
8990,valid,0,0.0115203
5695,valid,0,0.011772644
6719,valid,0,0.0006835538
5998,valid,0,0.042812657
694,valid,0,0.018796124
8230,valid,0,0.014116513
8718,valid,0,0.0087903775
3454,valid,0,0.0134295
10412,valid,0,0.0005589204
5216,valid,0,8.626373e-05
10192,valid,0,0.021279147
10985,valid,0,0.08129143
3466,valid,0,0.042927567
7004,valid,0,0.001565317
3397,valid,0,0.081638314
7429,valid,0,0.0028140282
7923,valid,0,0.00031967624
1592,valid,0,0.25833914
2107,valid,0,0.16246484
8881,valid,0,0.22472306
847,valid,0,0.00027307394
5175,valid,0,0.03966562
1188,valid,0,0.13822167
8290,valid,0,0.13279527
3542,valid,0,0.00032191005
9072,valid,0,0.055213366
7371,valid,0,0.79837334
2102,valid,0,0.0053491993
6973,valid,0,0.01204034
6984,valid,0,0.15435618
2345,valid,0,0.19820437
7978,valid,0,0.0003510311
8333,valid,0,0.0087903775
9833,valid,0,0.037790168
3379,valid,0,0.00024635872
123,valid,0,0.03966562
7439,valid,0,0.30336645
3674,valid,0,0.0004244189
2272,valid,0,0.28431788
2263,valid,0,0.00020955734
2136,valid,0,0.57793015
5325,valid,0,0.15435618
2038,valid,0,0.017396193
1672,valid,0,0.00047270683
3178,valid,0,0.46080193
4334,valid,0,0.000306777
4138,valid,0,0.00012537194
1621,valid,0,4.045437e-05
8337,valid,0,4.045437e-05
10993,valid,0,0.51063395
1404,valid,0,0.00039110056
4395,valid,0,0.06942996
2374,valid,0,0.00012864436
1708,valid,0,0.9272645
1717,valid,0,0.68432254
4331,valid,0,0.01389003
5539,valid,0,0.0003410373
7758,valid,0,0.00025353488
4382,valid,0,0.30157256
10061,valid,0,0.0030137887
640,valid,0,0.6243195
3474,valid,0,0.042138666
10862,valid,0,0.010947897
3528,valid,0,0.007436305
180,valid,0,0.0032527328
2094,valid,0,0.0032527328
10363,valid,0,0.0115203
4431,valid,0,0.00029413152
5665,valid,0,0.00020707754
610,valid,0,0.16614616
11035,valid,0,0.00016011272
1657,valid,0,0.027296012
9540,valid,0,0.11328885
8227,valid,0,0.00019977998
975,valid,0,0.00019977998
10534,valid,0,0.00029049107
2045,valid,0,0.03688646
9044,valid,0,0.001104415
1529,valid,0,0.07031149
9242,valid,0,0.0008308538
7366,valid,0,0.0002050718
1384,valid,0,0.00024029851
7434,valid,0,0.00025725624
4314,valid,0,0.10705386
1704,valid,0,0.0087903775
7149,valid,0,0.00029049107
5542,valid,0,0.15307902
5786,valid,0,0.07119662
5489,valid,0,0.38091025
9158,valid,0,0.19806324
2360,valid,0,0.104381815
5482,valid,0,0.19630985
2753,valid,0,0.040454283
3476,valid,0,0.00057982776
5689,valid,0,0.042927567
8369,valid,0,0.058787886
9171,valid,0,0.00018248211
1601,valid,0,0.00025343505
7211,valid,0,0.00035757895
2904,valid,0,0.00031967624
7868,valid,0,0.023501407
5561,valid,0,0.040454283
5781,valid,0,0.07806455
6985,valid,0,0.000627743
7993,valid,0,0.2349851
9878,valid,0,0.30831861
3781,valid,0,0.48979235
1813,valid,0,0.0056713196
6700,valid,0,0.07965755
1673,valid,0,0.22472306
6231,valid,0,0.2960204
9813,valid,0,0.09225101
7687,valid,0,0.35888004
8093,valid,0,0.34676933
2963,valid,0,0.00147489
4340,valid,0,0.12666728
7874,valid,0,0.12791036
10861,valid,0,0.18026935
10545,valid,0,0.4028995
1712,valid,0,0.055213366
3290,valid,0,0.46187863
9814,valid,0,0.00040097538
842,valid,0,0.13279527
9213,valid,0,0.09216441
10296,valid,0,0.9249601
8283,valid,0,0.6296803
4635,valid,0,0.26014876
9948,valid,0,0.0003473178
8937,valid,0,0.044289052
3208,valid,0,0.0028412312
9157,valid,0,0.00019209541
10058,valid,0,0.0314384
5168,valid,0,0.0018157667
5969,valid,0,0.00036575715
9666,valid,0,0.00036575715
227,valid,0,0.30882385
8700,valid,0,0.888514
3681,valid,0,0.62103045
6304,valid,0,0.00045016065
3885,valid,0,0.6403105
625,valid,0,0.60168964
4575,valid,0,0.76829845
3595,valid,0,0.004599222
9859,valid,0,0.24928513
5218,valid,0,0.8265267
7427,valid,0,0.0029237499
3785,valid,0,0.0011000931
2161,valid,0,0.0026355656
2987,valid,0,0.0049081836
5664,valid,0,0.00034258986
8018,valid,0,0.5311586
2156,valid,0,0.017396193
8979,valid,0,5.2483338e-05
7862,valid,0,0.4799286
6732,valid,0,0.5134744
1482,valid,0,0.15305926
4248,valid,0,0.017396193
9175,valid,0,0.00083387207
9086,valid,0,0.022294763
1189,valid,0,0.7171159
9656,valid,0,7.784505e-05
4567,valid,0,0.00051662547
9894,valid,0,0.00017973367
990,valid,0,0.5908282
2487,valid,0,0.0005714135
11023,valid,0,0.22886278
3236,valid,0,0.00018893972
1401,valid,0,0.5831765
7017,valid,0,0.0014286089
9087,valid,0,0.000116200004
7754,valid,0,0.000116200004
9842,valid,0,4.045437e-05
5774,valid,0,0.8666152
2375,valid,0,0.00043034245
9896,valid,0,0.07039611
6988,valid,0,0.44031936
6730,valid,0,0.6009239
5487,valid,0,0.053881627
284,valid,0,4.045437e-05
3789,valid,0,4.045437e-05
3197,valid,0,0.10021444
2115,valid,0,0.39884132
8532,valid,0,0.0011477546
5711,valid,0,4.045437e-05
8988,valid,0,0.36439085
2151,valid,0,4.045437e-05
2270,valid,0,0.5202621
8708,valid,0,0.8371576
8083,valid,0,0.0008322225
9534,valid,0,0.0030911448
2119,valid,0,0.0030911448
7627,valid,0,0.00043893358
8566,valid,0,0.00043893358
231,valid,0,0.09803401
2128,valid,0,0.00016168125
1400,valid,0,0.0006347419
10177,valid,0,0.00014487674
7267,valid,0,0.0009928633
7699,valid,0,0.000552017
10355,valid,0,0.00024496554
5224,valid,0,0.002280889
3596,valid,0,0.00012694749
2039,valid,0,0.00015663846
8995,valid,0,0.002986125
121,valid,0,0.19997294
5993,valid,0,0.008340218
9812,valid,0,0.0002818099
2267,valid,0,0.008340218
10542,valid,0,0.00016462345
10424,valid,0,0.9126387
3791,valid,0,0.008340218
8643,valid,0,0.8394315
1192,valid,0,0.0047993422
10419,valid,0,0.95759183
6858,valid,0,0.0028095907
196,valid,0,0.22418994
5961,valid,0,0.6528896
2441,valid,0,0.6528896
3461,valid,0,0.0002537719
7865,valid,0,0.7199806
7208,valid,0,5.2483338e-05
10176,valid,0,0.11403353
1596,valid,0,0.2194625
3199,valid,0,9.777832e-05
7870,valid,0,3.205815e-05
9288,valid,0,5.2483338e-05
10910,valid,0,0.0017209435
134,valid,0,0.08176992
8065,valid,0,7.000569e-05
10694,valid,0,0.06491563
8372,valid,0,0.11403353
9904,valid,0,0.00014207551
1610,valid,0,5.2483338e-05
8451,valid,0,0.2313674
6838,valid,0,5.66262e-05
3385,valid,0,0.017396193
1600,valid,0,0.08176992
9095,valid,0,0.00083387207
1337,valid,0,0.08176992
86,valid,0,3.205815e-05
1395,valid,0,7.784505e-05
7438,valid,0,0.00012643672
1817,valid,0,0.00021227825
3795,valid,0,0.00041734462
8223,valid,0,0.00013262179
2442,valid,0,7.916393e-05
2726,valid,0,0.0012766479
687,valid,0,3.205815e-05
830,valid,0,0.51101017
9912,valid,0,0.00087035244
821,valid,0,8.3963605e-05
8981,valid,0,0.08176992
10521,valid,0,0.00029343215
9228,valid,0,3.205815e-05
5595,valid,0,0.00028757344
9280,valid,0,0.20017022
5966,valid,0,0.12835023
8379,valid,0,0.12835023
2027,valid,0,0.00033178844
7751,valid,0,0.00032898108
4146,valid,0,0.5192011
261,valid,0,0.51768214
8893,valid,0,0.54332453
2754,valid,0,0.07039611
9068,valid,0,0.00383496
10551,valid,0,0.8995322
9911,valid,0,0.00012537194
4258,valid,0,0.000116200004
19,valid,0,0.4904656
1345,valid,0,0.07818916
7871,valid,0,0.61845624
1187,valid,0,0.42555663
9612,valid,0,0.053881627
9102,valid,0,0.00015180082
10172,valid,0,0.00015180082
10701,valid,0,0.0010338958
10422,valid,0,0.00015180082
6854,valid,0,4.364779e-05
6725,valid,0,0.014637724
10414,valid,0,0.042736463
10909,valid,0,0.00011287678
10494,valid,0,0.34591526
10423,valid,0,0.16863844
4032,valid,0,0.30891252
7436,valid,0,0.00020894942
4614,valid,0,0.00011287678
4183,valid,0,0.004954587
104,valid,0,0.0011910507
2902,valid,0,0.00024264822
1350,valid,0,0.42477083
6234,valid,0,0.3785175
9400,valid,0,0.9087936
7365,valid,0,0.03904711
6728,valid,0,0.00014487674
7411,valid,0,0.0714176
3532,valid,0,0.48193458
10981,valid,0,0.5122535
9951,valid,0,0.00062641146
9685,valid,0,0.00023123136
5209,valid,0,0.60550654
3884,valid,0,0.00026731737
10453,valid,0,0.003511877
1644,valid,0,0.22768958
3118,valid,0,0.62703764
5775,valid,0,0.2965626
8010,valid,0,0.06761125
10368,valid,0,0.7693375
5779,valid,0,0.000291944
685,valid,0,0.00031724764
5806,valid,0,0.4391547
7628,valid,0,7.149983e-05
5778,valid,0,0.0045274585
832,valid,0,0.00062641146
10295,valid,0,0.0003555964
2751,valid,0,0.6670253
859,valid,0,0.0022715363
10696,valid,0,0.00014378785
5169,valid,0,0.9458699
5180,valid,0,0.54807806
9901,valid,0,2.1667582e-05
9952,valid,0,0.0115203
2055,valid,0,0.0069132173
1354,valid,0,0.011772644
4557,valid,0,0.0032527328
7877,valid,0,0.0032527328
10135,valid,0,8.626373e-05
1491,valid,0,0.015515945
3536,valid,0,0.015515945
7426,valid,0,0.023705628
10801,valid,0,0.00058029545
202,valid,0,0.001346188
4612,valid,0,0.00019977998
2023,valid,0,0.013684244
6972,valid,0,0.0032527328
7926,valid,0,0.00018772617
9728,valid,0,0.0011462873
7636,valid,0,0.08129143
7708,valid,0,0.00032687397
3383,valid,0,0.0018774656
977,valid,0,0.00032687397
7378,valid,0,0.09754401
10986,valid,0,0.11204167
3152,valid,0,0.042927567
3132,valid,0,0.042927567
2092,valid,0,0.0015626805
4564,valid,0,0.037845127
6853,valid,0,0.042927567
5991,valid,0,0.081638314
4383,valid,0,0.00031967624
9679,valid,0,0.00035757895
9725,valid,0,0.00031967624
282,valid,0,0.042927567
1397,valid,0,0.8582609
8757,valid,0,0.042927567
9286,valid,0,0.00041232086
3002,valid,0,0.081638314
4256,valid,0,0.713516
9537,valid,0,0.5975014
5223,valid,0,0.00086054427
10802,valid,0,0.0007430532
8573,valid,0,0.22472306
6387,valid,0,7.694186e-05
5200,valid,0,0.0007430532
3125,valid,0,0.26066414
5655,valid,0,0.33171993
5220,valid,0,0.00080299715
6703,valid,0,0.03966562
10523,valid,0,0.00037917795
5543,valid,0,0.00015053325
3380,valid,0,0.2709225
3283,valid,0,0.00015053325
9312,valid,0,0.03966562
1487,valid,0,0.08377629
7169,valid,0,0.026754105
8650,valid,0,0.00015053325
8294,valid,0,0.00015053325
8579,valid,0,0.08056613
5337,valid,0,0.00015053325
9216,valid,0,0.00015053325
3682,valid,0,0.12666728
403,valid,0,0.3370522
7854,valid,0,0.5080869
10856,valid,0,0.0018264793
5795,valid,0,0.00029583834
9865,valid,0,0.001930405
7630,valid,0,0.055213366
192,valid,0,0.00020955734
8691,valid,0,0.82000786
2099,valid,0,0.044011097
7760,valid,0,0.28431788
1611,valid,0,0.3055167
9049,valid,0,0.00038012816
6305,valid,0,0.00025137342
10919,valid,0,0.00023298585
3450,valid,0,0.13822167
6727,valid,0,0.00023298585
1347,valid,0,0.0006931148
5812,valid,0,0.2102091
9310,valid,0,0.08284602
1475,valid,0,0.5457321
9164,valid,0,0.0007310371
2893,valid,0,0.85841
402,valid,0,0.7174409
5780,valid,0,0.11640112
4424,valid,0,0.9217648
823,valid,0,0.0004735861
9544,valid,0,0.97249717
9281,valid,0,0.29025888
1615,valid,0,0.79518735
9935,valid,0,0.9557954
139,valid,0,0.29025888
10991,valid,0,0.50312054
1663,valid,0,0.50312054
1342,valid,0,0.015033017
6593,valid,0,0.0003390053
2141,valid,0,0.0010168076
8985,valid,0,0.00077225594
9717,valid,0,0.79801065
1336,valid,0,0.0001653408
7158,valid,0,0.00045690482
4605,valid,0,0.0008801566
1720,valid,0,0.00024955257
8004,valid,0,0.0006194997
9403,valid,0,0.0006194997
6391,valid,0,0.00029343215
8449,valid,0,0.0027668301
689,valid,0,0.23996837
4038,valid,0,0.11406147
8298,valid,0,0.00033997025
2419,valid,0,7.784505e-05
6731,valid,0,0.5022229
5608,valid,0,0.00016350944
2908,valid,0,0.007954018
7176,valid,0,3.205815e-05
6069,valid,0,0.11403353
10140,valid,0,0.0004992735
6859,valid,0,0.017396193
2918,valid,0,5.2483338e-05
2351,valid,0,0.017396193
976,valid,0,0.017396193
5654,valid,0,3.205815e-05
8941,valid,0,0.5701237
3130,valid,0,5.2483338e-05
4489,valid,0,0.08856714
7688,valid,0,0.10909579
3215,valid,0,5.2483338e-05
9302,valid,0,0.14096102
8006,valid,0,0.017396193
7224,valid,0,5.2483338e-05
253,valid,0,0.00017973367
10362,valid,0,0.00083387207
7896,valid,0,5.2483338e-05
4142,valid,0,0.00036679808
187,valid,0,0.00083387207
115,valid,0,0.00017973367
9960,valid,0,0.10909579
1863,valid,0,0.7389736
3524,valid,0,5.2483338e-05
127,valid,0,0.0011242363
4132,valid,0,0.00035187762
3555,valid,0,0.12835023
8939,valid,0,0.12835023
9314,valid,0,0.00033178844
8685,valid,0,0.007954018
5768,valid,0,0.00030418235
5277,valid,0,0.08820314
9818,valid,0,0.9191089
10349,valid,0,0.00014791249
2379,valid,0,0.08820314
5331,valid,0,0.0002038518
6034,valid,0,0.56061214
179,valid,0,0.0008434424
5994,valid,0,0.5127873
1849,valid,0,0.0002490095
2122,valid,0,0.9499338
5699,valid,0,0.011175122
9731,valid,0,0.011175122
3545,valid,0,0.0006222848
9547,valid,0,0.51198167
4391,valid,0,0.0002038518
2013,valid,0,0.0005937435
8588,valid,0,0.00088366953
2024,valid,0,0.00017298145
9106,valid,0,0.7353426
8695,valid,0,0.7641585
10417,valid,0,0.6587084
10908,valid,0,0.32955873
1375,valid,0,0.00014791249
5988,valid,0,0.9090524
254,valid,0,0.002575117
6969,valid,0,0.5423833
9538,valid,0,4.045437e-05
3182,valid,0,0.40186334
8687,valid,0,4.045437e-05
3146,valid,0,0.014637724
6038,valid,0,0.01389003
5766,valid,0,7.8947494e-05
2966,valid,0,0.24544157
3549,valid,0,4.045437e-05
10640,valid,0,0.00019091181
1367,valid,0,4.045437e-05
3490,valid,0,4.045437e-05
7275,valid,0,0.13145724
183,valid,0,0.00020677152
4263,valid,0,0.5517913
5691,valid,0,0.0017160459
10354,valid,0,0.60064644
9065,valid,0,0.00041114946
270,valid,0,0.00011287678
8330,valid,0,0.00014791249
8763,valid,0,0.014637724
2016,valid,0,4.045437e-05
10333,valid,0,0.00015748055
267,valid,0,0.0002465942
7014,valid,0,0.014637724
5210,valid,0,0.21999416
239,valid,0,0.00019105786
1662,valid,0,0.00046610195
133,valid,0,0.00019105786
10700,valid,0,4.045437e-05
8533,valid,0,0.0017277926
4168,valid,0,0.00020613709
6074,valid,0,0.00040393588
9090,valid,0,0.24723913
6976,valid,0,0.52979255
5173,valid,0,0.8480345
9080,valid,0,0.00016168125
5267,valid,0,0.90543246
3228,valid,0,0.5078432
7402,valid,0,0.0714176
1403,valid,0,0.5365758
1411,valid,0,0.24707338
5274,valid,0,0.00014487674
5571,valid,0,0.9664413
9079,valid,0,0.12201903
6393,valid,0,0.0071177376
3465,valid,0,0.42602777
7408,valid,0,0.003508291
10790,valid,0,0.00062641146
4039,valid,0,0.00013936445
2734,valid,0,0.0008314026
3668,valid,0,0.7512559
10518,valid,0,0.0071177376
9854,valid,0,0.01008472
2727,valid,0,0.01008472
9308,valid,0,0.31906113
8921,valid,0,0.00017365256
8049,valid,0,0.87610334
628,valid,0,0.00039445172
7983,valid,0,0.2289517
1490,valid,0,0.00031321874
3451,valid,0,0.00016168125
10526,valid,0,0.0017654324
8291,valid,0,0.00016094923
7253,valid,0,0.000334793
9902,valid,0,0.08446847
7892,valid,0,0.08446847
8940,valid,0,0.96806437
4267,valid,0,0.7144463
7893,valid,0,0.00057952607
4610,valid,0,0.0003487332
8234,valid,0,0.012709957
2976,valid,0,0.0032527328
9822,valid,0,0.0032527328
1825,valid,0,0.0032527328
8530,valid,0,0.0032527328
9099,valid,0,0.0032527328
10711,valid,0,0.016433017
6742,valid,0,0.014225053
1850,valid,0,0.011927378
2118,valid,0,0.07869324
1399,valid,0,0.0115203
7701,valid,0,0.012204142
11034,valid,0,0.03306912
8457,valid,0,0.012709957
8374,valid,0,0.02417721
4496,valid,0,0.018796124
8648,valid,0,0.027836982
9167,valid,0,0.027296012
288,valid,0,0.0087903775
5191,valid,0,0.0087903775
5171,valid,0,0.0002050718
5203,valid,0,0.0087903775
5964,valid,0,0.00019977998
9682,valid,0,0.009911704
2417,valid,0,0.0087903775
9809,valid,0,0.00019977998
7251,valid,0,0.0002050718
2154,valid,0,0.07554552
9670,valid,0,0.0013151172
10293,valid,0,0.022679508
9735,valid,0,0.00042762552
10911,valid,0,0.10705386
7428,valid,0,0.00026193922
1721,valid,0,0.00026193922
5181,valid,0,0.0017238237
10983,valid,0,0.091052026
2426,valid,0,0.00012147816
6086,valid,0,0.03372201
1485,valid,0,0.00029289298
6987,valid,0,0.009911704
1402,valid,0,0.0002050718
2032,valid,0,0.00036810135
3669,valid,0,0.00012238703
4261,valid,0,0.00058029545
10693,valid,0,0.07386937
3876,valid,0,0.113773726
7693,valid,0,0.0087903775
10650,valid,0,0.00021554765
4050,valid,0,0.00019977998
9944,valid,0,0.00080942496
6596,valid,0,0.0087903775
4617,valid,0,0.00019977998
1492,valid,0,0.00030876874
2728,valid,0,0.07386937
5800,valid,0,0.02161693
281,valid,0,0.00019977998
7423,valid,0,0.00031506154
5,valid,0,0.00019977998
6704,valid,0,0.00019977998
9689,valid,0,0.00019977998
6998,valid,0,0.00019977998
9657,valid,0,0.12677749
10982,valid,0,0.013684244
7020,valid,0,0.0087903775
3133,valid,0,0.00032687397
2895,valid,0,0.0014324834
5968,valid,0,0.08129143
10644,valid,0,0.037790168
4624,valid,0,0.04883249
9226,valid,0,0.051884558
8943,valid,0,0.00025343505
7919,valid,0,0.00057982776
9941,valid,0,0.000793579
2353,valid,0,0.043165598
7214,valid,0,0.28695697
4493,valid,0,0.000793579
2744,valid,0,0.00031967624
9627,valid,0,0.21469782
2160,valid,0,0.19597073
5713,valid,0,0.058787886
4046,valid,0,0.0004942375
4639,valid,0,0.37950173
3538,valid,0,0.37950173
8340,valid,0,0.0074846884
3200,valid,0,0.0016330797
3680,valid,0,0.042927567
8986,valid,0,0.12580544
9817,valid,0,0.0015509696
283,valid,0,0.61690944
8938,valid,0,0.30157256
826,valid,0,0.0010221987
849,valid,0,0.19995709
3518,valid,0,0.73422366
7407,valid,0,0.3101803
2165,valid,0,0.79483724
3788,valid,0,0.0026925693
138,valid,0,0.00016241458
7886,valid,0,0.0032851258
8574,valid,0,0.03966562
9224,valid,0,0.004065459
7255,valid,0,0.22472306
10416,valid,0,0.3101803
5663,valid,0,0.86861956
242,valid,0,0.03966562
840,valid,0,0.03966562
3237,valid,0,0.00015702608
3556,valid,0,0.00015053325
7279,valid,0,0.002117207
391,valid,0,0.10239156
9601,valid,0,0.03966562
10695,valid,0,0.00015053325
8016,valid,0,0.00016241458
6584,valid,0,0.00021621436
1647,valid,0,0.0003187976
9939,valid,0,0.25761896
9598,valid,0,0.0046650763
5344,valid,0,0.00015053325
3134,valid,0,0.00015702608
5546,valid,0,0.5472196
131,valid,0,0.026754105
4047,valid,0,0.00015053325
3230,valid,0,0.00044766735
1692,valid,0,0.00015053325
6085,valid,0,0.00015053325
7878,valid,0,0.00015053325
2111,valid,0,0.4183362
10671,valid,0,0.055213366
10449,valid,0,0.00020955734
5970,valid,0,0.00067400164
130,valid,0,0.005779726
1398,valid,0,0.648208
135,valid,0,0.000450348
5276,valid,0,0.0015154277
8232,valid,0,0.00067400164
6705,valid,0,0.00029583834
5323,valid,0,0.0011849029
10638,valid,0,0.27847925
827,valid,0,0.757905
20,valid,0,0.0015508138
6857,valid,0,0.00029583834
6390,valid,0,0.45994493
9321,valid,0,0.00020955734
8295,valid,0,0.00020955734
4392,valid,0,0.00020955734
5653,valid,0,0.2492109
3128,valid,0,0.00020955734
9855,valid,0,0.10659367
2012,valid,0,0.00059137796
9864,valid,0,0.23074573
7916,valid,0,0.0002725693
10789,valid,0,0.52311045
5792,valid,0,0.0013933085
2110,valid,0,0.00042261786
822,valid,0,0.00023298585
8086,valid,0,0.8820986
8890,valid,0,0.00018701654
10532,valid,0,0.34200796
4570,valid,0,0.17938377
973,valid,0,0.05999096
626,valid,0,0.3387699
814,valid,0,0.48604974
5650,valid,0,0.00018701654
1651,valid,0,0.32909733
8698,valid,0,0.0006762658
240,valid,0,0.010354207
2432,valid,0,0.010354207
2162,valid,0,0.0022023008
2358,valid,0,0.0009952347
256,valid,0,0.05999096
10183,valid,0,0.0021811312
9624,valid,0,0.0003390053
6699,valid,0,0.32828608
2299,valid,0,0.0007559727
8514,valid,0,0.7183197
5341,valid,0,0.00041464405
4621,valid,0,0.0008801566
7225,valid,0,0.0004929556
9806,valid,0,0.567004
120,valid,0,0.0007559727
8066,valid,0,0.40316737
7010,valid,0,0.18821193
2015,valid,0,0.0007559727
2967,valid,0,0.18821193
4296,valid,0,0.8265267
2362,valid,0,0.3137403
1855,valid,0,0.32828608
9295,valid,0,0.0003771427
7707,valid,0,0.06868943
8589,valid,0,0.0076775784
7156,valid,0,0.00089851406
7221,valid,0,0.00045690482
9077,valid,0,0.0008801566
1722,valid,0,0.0004871443
8044,valid,0,0.0008801566
10708,valid,0,0.926496
10680,valid,0,0.9012933
8057,valid,0,0.00041464405
9203,valid,0,0.00035974965
2292,valid,0,0.00035974965
10705,valid,0,0.0002537719
10360,valid,0,0.50312054
9605,valid,0,0.00027379917
853,valid,0,0.0002537719
7264,valid,0,0.00035974965
8761,valid,0,0.00035974965
10921,valid,0,0.0008801566
2365,valid,0,0.00034258986
4423,valid,0,0.9118291
233,valid,0,0.0008801566
6030,valid,0,0.0007559727
9061,valid,0,0.0008801566
2428,valid,0,0.0007559727
4393,valid,0,0.00041464405
8371,valid,0,0.7909364
635,valid,0,0.0016388546
1711,valid,0,0.0016388546
2363,valid,0,0.0009751934
5484,valid,0,0.0009751934
9214,valid,0,0.0002537719
4611,valid,0,0.18594922
9608,valid,0,0.0017500619
1658,valid,0,0.0017500619
6965,valid,0,0.0008603418
7152,valid,0,0.0003390053
9088,valid,0,0.00035974965
2907,valid,0,0.11615505
9602,valid,0,0.00045016065
10365,valid,0,0.92766076
10492,valid,0,0.37469447
9908,valid,0,0.0006464774
7994,valid,0,3.205815e-05
8936,valid,0,0.2697791
1338,valid,0,0.5190187
828,valid,0,5.2483338e-05
2041,valid,0,7.784505e-05
3145,valid,0,0.00024645057
8722,valid,0,3.205815e-05
10415,valid,0,3.205815e-05
636,valid,0,0.48942778
9683,valid,0,5.2483338e-05
2170,valid,0,5.2483338e-05
5813,valid,0,0.36694196
5550,valid,0,0.0017030305
2296,valid,0,0.00034258986
845,valid,0,0.0007445066
7872,valid,0,0.00013262179
4053,valid,0,0.0003335502
1652,valid,0,0.10909579
4324,valid,0,0.001100002
271,valid,0,0.0002725693
5610,valid,0,0.017396193
6572,valid,0,0.08856714
8284,valid,0,0.0004584831
9162,valid,0,0.0004584831
9676,valid,0,0.0002537719
7406,valid,0,0.5768292
1391,valid,0,0.0034254326
388,valid,0,0.00011774998
4342,valid,0,0.0006111865
5553,valid,0,0.0002537719
852,valid,0,0.0002537719
3012,valid,0,0.0002537719
5544,valid,0,0.0002537719
5263,valid,0,0.000707407
7702,valid,0,0.00047270683
9868,valid,0,0.0011108615
124,valid,0,0.86162335
9938,valid,0,0.27940762
117,valid,0,5.2483338e-05
7398,valid,0,5.2483338e-05
2923,valid,0,0.1251172
6573,valid,0,5.2483338e-05
5201,valid,0,5.2483338e-05
4434,valid,0,0.2697791
6697,valid,0,5.66262e-05
248,valid,0,0.00087035244
811,valid,0,5.2483338e-05
9548,valid,0,0.022294763
1701,valid,0,5.2483338e-05
7634,valid,0,3.205815e-05
2384,valid,0,5.2483338e-05
7218,valid,0,0.00017697837
2411,valid,0,0.0002537719
5334,valid,0,0.007954018
8376,valid,0,0.066724256
8349,valid,0,0.00013540324
1484,valid,0,3.205815e-05
2984,valid,0,0.0002611368
3678,valid,0,6.537811e-05
8005,valid,0,5.2483338e-05
10544,valid,0,0.0004996517
6717,valid,0,9.777832e-05
8891,valid,0,0.0002537719
9235,valid,0,5.2483338e-05
2,valid,0,5.2483338e-05
8887,valid,0,0.011410859
8054,valid,0,5.2483338e-05
6738,valid,0,5.2483338e-05
9161,valid,0,5.2483338e-05
4056,valid,0,5.2483338e-05
226,valid,0,5.2483338e-05
1237,valid,0,0.00011774998
3468,valid,0,0.0002537719
2368,valid,0,0.00026824055
9955,valid,0,0.0002611368
5771,valid,0,0.00021227825
125,valid,0,0.0004996517
9629,valid,0,0.0011034465
9848,valid,0,5.2483338e-05
3004,valid,0,3.205815e-05
3482,valid,0,0.017396193
8874,valid,0,5.2483338e-05
3151,valid,0,0.00033997025
8084,valid,0,0.066724256
2424,valid,0,0.00014207551
6723,valid,0,0.10909579
2905,valid,0,0.00023482283
9953,valid,0,5.2483338e-05
851,valid,0,5.2483338e-05
9847,valid,0,5.2483338e-05
1607,valid,0,0.1251172
4322,valid,0,5.2483338e-05
2105,valid,0,0.066724256
9860,valid,0,0.00036679808
8001,valid,0,0.017396193
5808,valid,0,0.00016554003
10651,valid,0,0.00047270683
10332,valid,0,0.000102778286
3124,valid,0,0.000102778286
1861,valid,0,5.66262e-05
9545,valid,0,0.00029343215
9531,valid,0,5.66262e-05
9047,valid,0,5.2483338e-05
6075,valid,0,0.00023482283
848,valid,0,7.784505e-05
5483,valid,0,7.784505e-05
3126,valid,0,0.00020410465
7410,valid,0,7.784505e-05
3221,valid,0,0.00031423598
4054,valid,0,0.1251172
9832,valid,0,0.27940762
10174,valid,0,0.00035411262
1374,valid,0,0.00035411262
6995,valid,0,0.11406147
7921,valid,0,0.00023482283
7990,valid,0,0.00029393783
837,valid,0,0.00029393783
9317,valid,0,0.0002537719
641,valid,0,0.0002537719
5177,valid,0,0.00014207551
2129,valid,0,5.2483338e-05
8296,valid,0,8.120301e-05
8976,valid,0,5.2483338e-05
6583,valid,0,0.000102778286
3665,valid,0,0.0004871443
2737,valid,0,5.2483338e-05
4034,valid,0,5.2483338e-05
8651,valid,0,5.2483338e-05
3558,valid,0,0.017396193
9844,valid,0,0.10909579
7007,valid,0,5.2483338e-05
4252,valid,0,0.0005133709
9209,valid,0,5.2483338e-05
7996,valid,0,3.205815e-05
8752,valid,0,5.2483338e-05
1871,valid,0,0.00026824055
9614,valid,0,5.2483338e-05
10648,valid,0,5.2483338e-05
3398,valid,0,0.15305926
2017,valid,0,5.2483338e-05
9225,valid,0,0.65357846
9834,valid,0,5.2483338e-05
8886,valid,0,0.0002537719
8705,valid,0,0.0002537719
7629,valid,0,0.0035996193
9215,valid,0,0.0035996193
241,valid,0,5.2483338e-05
3231,valid,0,7.784505e-05
9057,valid,0,5.2483338e-05
1478,valid,0,0.00035974965
6841,valid,0,5.2483338e-05
7153,valid,0,5.2483338e-05
7155,valid,0,7.916393e-05
3191,valid,0,7.916393e-05
10496,valid,0,0.00030915227
6035,valid,0,5.2483338e-05
6964,valid,0,0.001714067
6026,valid,0,5.2483338e-05
8456,valid,0,0.00016554003
4148,valid,0,0.00030915227
9108,valid,0,0.89613247
4327,valid,0,0.0003335502
8646,valid,0,5.2483338e-05
820,valid,0,0.007954018
9720,valid,0,5.2483338e-05
10979,valid,0,0.7229739
9103,valid,0,0.00016170437
9285,valid,0,0.3485049
108,valid,0,0.084266834
7207,valid,0,0.0006709564
4169,valid,0,0.0005831226
5607,valid,0,0.00048465177
9609,valid,0,0.084266834
1706,valid,0,5.2483338e-05
4632,valid,0,5.2483338e-05
2486,valid,0,0.2194625
5702,valid,0,0.32382295
5329,valid,0,5.2483338e-05
4328,valid,0,0.00068488665
8045,valid,0,5.2483338e-05
2915,valid,0,0.0039016826
2293,valid,0,7.784505e-05
10799,valid,0,0.0010005963
8565,valid,0,0.00017973367
9206,valid,0,0.011410859
10291,valid,0,0.0009321252
8289,valid,0,0.0002853035
8878,valid,0,0.00017973367
9323,valid,0,0.0002653798
5960,valid,0,0.57896453
6996,valid,0,0.0015875486
4335,valid,0,0.00028757344
8329,valid,0,0.00017973367
9710,valid,0,0.00035187762
1183,valid,0,0.27940762
181,valid,0,0.2194625
290,valid,0,0.0015353172
7172,valid,0,5.2483338e-05
854,valid,0,0.0007691827
7396,valid,0,0.0013125795
6729,valid,0,0.7884453
9867,valid,0,0.00087112485
7891,valid,0,0.0002653798
10359,valid,0,0.5908282
2481,valid,0,0.8426666
8922,valid,0,0.00028757344
2921,valid,0,0.0002653798
846,valid,0,0.0002853035
980,valid,0,0.84371394
9401,valid,0,0.0016001634
2370,valid,0,0.56543237
10425,valid,0,0.0030983475
1606,valid,0,0.0030983475
9600,valid,0,0.0002472932
8515,valid,0,0.00017973367
8918,valid,0,0.00017973367
6598,valid,0,0.0002668099
835,valid,0,0.0002472932
3488,valid,0,0.00028757344
10703,valid,0,0.00035820948
8883,valid,0,0.00017973367
10641,valid,0,0.00019391932
1625,valid,0,0.0002668099
7685,valid,0,5.2483338e-05
9089,valid,0,0.0026220917
2483,valid,0,0.12835023
2414,valid,0,0.084266834
2143,valid,0,0.00028514143
5473,valid,0,0.00028514143
1581,valid,0,0.00086425233
3142,valid,0,0.0002653798
10324,valid,0,0.93917763
7766,valid,0,0.77228767
2005,valid,0,0.5895869
3149,valid,0,0.0002653798
7690,valid,0,0.0002653798
6587,valid,0,0.10909579
2106,valid,0,0.00028757344
6746,valid,0,5.2483338e-05
6079,valid,0,0.00027460046
10540,valid,0,0.93754786
2892,valid,0,0.90238917
607,valid,0,0.0015431724
4377,valid,0,0.000306777
2888,valid,0,0.003235331
7999,valid,0,0.000306777
9736,valid,0,0.6063633
400,valid,0,0.0013908744
614,valid,0,0.001158281
6601,valid,0,0.00072840607
1853,valid,0,0.0038728425
7403,valid,0,0.0014683638
3535,valid,0,0.0030983107
8446,valid,0,0.3960253
3144,valid,0,0.00033178844
7631,valid,0,0.8691893
5811,valid,0,0.0006921405
264,valid,0,0.82144624
6067,valid,0,0.0008882602
7012,valid,0,0.00023535317
4309,valid,0,0.001265363
9730,valid,0,0.00018893972
7917,valid,0,0.8208812
6599,valid,0,0.00020955734
2914,valid,0,0.00018893972
4055,valid,0,0.00043930698
1595,valid,0,0.00057245657
7416,valid,0,0.00018893972
3770,valid,0,0.0008434424
9882,valid,0,0.0054640095
3878,valid,0,0.13575968
9046,valid,0,0.0013567338
7159,valid,0,0.000306777
4302,valid,0,0.60210073
6031,valid,0,0.00081895955
3459,valid,0,0.000306777
7397,valid,0,0.0008318492
4048,valid,0,0.00018893972
7252,valid,0,0.00027460046
9227,valid,0,0.9470167
5343,valid,0,0.0023398264
3011,valid,0,0.0010301371
252,valid,0,0.00023079482
6715,valid,0,0.00023079482
8748,valid,0,0.0019162284
985,valid,0,0.00018893972
992,valid,0,0.00018893972
8584,valid,0,0.00039886884
8721,valid,0,0.009787429
2750,valid,0,0.00018893972
10794,valid,0,0.72418576
5814,valid,0,0.000306777
2420,valid,0,0.0023042262
268,valid,0,0.0005714135
1857,valid,0,0.0031079815
9204,valid,0,0.0002537719
4308,valid,0,0.0002537719
3486,valid,0,0.14522351
7119,valid,0,0.00018893972
855,valid,0,0.000306777
4323,valid,0,0.0002038518
7694,valid,0,0.00018893972
1584,valid,0,0.13575968
2155,valid,0,0.00018893972
8765,valid,0,0.92313075
7268,valid,0,0.0020997769
9172,valid,0,0.124941215
1598,valid,0,0.124941215
9532,valid,0,0.0031079815
2275,valid,0,0.5033429
1518,valid,0,0.000306777
1698,valid,0,0.000306777
3141,valid,0,0.000306777
3123,valid,0,0.000306777
815,valid,0,0.00027460046
9092,valid,0,0.000306777
4320,valid,0,0.000306777
829,valid,0,0.00018893972
7160,valid,0,0.0012845608
3533,valid,0,0.00018893972
1381,valid,0,0.4080937
9282,valid,0,0.000116200004
2158,valid,0,0.20580436
6979,valid,0,0.0003521202
10646,valid,0,0.0005937435
8288,valid,0,0.000116200004
3467,valid,0,0.000116200004
9296,valid,0,0.46728027
8570,valid,0,0.00095112505
6306,valid,0,0.48466158
1528,valid,0,0.00064708863
2408,valid,0,0.00081477023
10455,valid,0,0.00014791249
3460,valid,0,0.000116200004
100,valid,0,0.00088366953
1695,valid,0,0.0007556843
7368,valid,0,0.89884734
2399,valid,0,0.00014791249
137,valid,0,0.00027020415
9222,valid,0,0.00027554433
11031,valid,0,0.001428879
5574,valid,0,0.00014791249
2423,valid,0,0.00014791249
7691,valid,0,0.00014791249
5987,valid,0,0.9090524
2100,valid,0,0.0035884415
4150,valid,0,0.840923
2116,valid,0,0.87791026
9677,valid,0,0.63404155
7115,valid,0,0.40186334
7888,valid,0,0.00026661332
9850,valid,0,4.045437e-05
7413,valid,0,0.00057887856
6971,valid,0,0.052415125
9942,valid,0,0.00036193323
5183,valid,0,0.000116200004
686,valid,0,0.81788737
2018,valid,0,0.00014791249
4298,valid,0,0.01711141
2034,valid,0,0.000116200004
8229,valid,0,0.00021647387
9093,valid,0,0.000116200004
10864,valid,0,0.000116200004
9311,valid,0,0.047593255
9309,valid,0,0.00026661332
10653,valid,0,0.014637724
8997,valid,0,4.045437e-05
2960,valid,0,0.8674606
9299,valid,0,0.00020677152
7277,valid,0,0.001754637
136,valid,0,0.000116200004
8696,valid,0,4.045437e-05
10452,valid,0,0.00014791249
5560,valid,0,0.00014791249
843,valid,0,0.00037107366
3559,valid,0,0.00015958701
2163,valid,0,0.000116200004
4384,valid,0,4.045437e-05
6230,valid,0,0.0010948876
9293,valid,0,0.052415125
101,valid,0,0.00017298145
4186,valid,0,0.0012124932
251,valid,0,0.00014791249
3464,valid,0,0.00012537194
236,valid,0,0.00027020415
6603,valid,0,0.00017298145
8351,valid,0,0.0012722658
10421,valid,0,0.4534326
9691,valid,0,0.66754246
5563,valid,0,0.00017298145
4329,valid,0,0.00036193323
3553,valid,0,0.00014791249
5478,valid,0,0.0027163918
8877,valid,0,0.6441119
1851,valid,0,0.00014791249
8880,valid,0,0.00014791249
8281,valid,0,0.07039611
8297,valid,0,7.8947494e-05
2430,valid,0,0.107845366
3544,valid,0,4.045437e-05
2406,valid,0,0.00020677152
8756,valid,0,4.045437e-05
8000,valid,0,4.045437e-05
5690,valid,0,0.000104341205
10677,valid,0,0.0001815181
5165,valid,0,4.045437e-05
7689,valid,0,0.00253977
2372,valid,0,4.045437e-05
4319,valid,0,4.045437e-05
6991,valid,0,4.045437e-05
11027,valid,0,0.00015180082
2922,valid,0,7.8947494e-05
10858,valid,0,8.838539e-05
9678,valid,0,4.045437e-05
90,valid,0,0.070467435
3513,valid,0,0.08172589
9533,valid,0,4.045437e-05
3294,valid,0,4.045437e-05
9083,valid,0,4.045437e-05
991,valid,0,4.045437e-05
9959,valid,0,0.070467435
1866,valid,0,4.045437e-05
8534,valid,0,0.0003307699
3232,valid,0,9.536198e-05
10673,valid,0,0.00020677152
5804,valid,0,0.00015180082
1715,valid,0,4.045437e-05
974,valid,0,0.014637724
4389,valid,0,0.0009099612
6245,valid,0,0.00015180082
286,valid,0,0.002605613
275,valid,0,9.225709e-05
263,valid,0,4.045437e-05
6978,valid,0,0.00015180082
6837,valid,0,4.045437e-05
1603,valid,0,0.113298304
1605,valid,0,0.014637724
8019,valid,0,0.047593255
2048,valid,0,0.014637724
273,valid,0,4.364779e-05
230,valid,0,4.045437e-05
4305,valid,0,7.8947494e-05
6736,valid,0,4.045437e-05
2167,valid,0,7.8947494e-05
9654,valid,0,0.00026558075
3456,valid,0,0.00041644662
289,valid,0,0.10021444
8876,valid,0,4.045437e-05
10541,valid,0,0.00015748055
6579,valid,0,0.0050376887
3192,valid,0,0.10021444
3656,valid,0,4.045437e-05
1710,valid,0,5.0393908e-05
8332,valid,0,4.5530665e-05
8090,valid,0,0.00015748055
7220,valid,0,0.113298304
10866,valid,0,4.045437e-05
3473,valid,0,4.045437e-05
7381,valid,0,0.0017160459
6045,valid,0,0.00012694749
2042,valid,0,4.045437e-05
2359,valid,0,9.8713106e-05
4184,valid,0,7.278837e-05
9712,valid,0,0.014637724
1593,valid,0,4.045437e-05
2919,valid,0,0.00028765458
9405,valid,0,7.8947494e-05
9597,valid,0,4.045437e-05
2736,valid,0,4.045437e-05
1238,valid,0,7.8947494e-05
9899,valid,0,4.045437e-05
8324,valid,0,0.0011745336
2367,valid,0,0.039802413
3227,valid,0,0.014637724
4262,valid,0,0.00012178656
3515,valid,0,0.00011287678
5339,valid,0,0.00012694749
4149,valid,0,0.0002081298
3224,valid,0,0.31348675
9097,valid,0,0.7040103
2056,valid,0,0.00011287678
5651,valid,0,0.0007436129
9071,valid,0,0.00011287678
2020,valid,0,0.22768958
7198,valid,0,0.26283458
2108,valid,0,0.0003071589
5797,valid,0,0.00020894942
8292,valid,0,7.8947494e-05
5764,valid,0,0.252232
8011,valid,0,0.039802413
4648,valid,0,0.03140575
7260,valid,0,0.0027528848
4044,valid,0,0.44596344
2049,valid,0,0.10909579
9043,valid,0,0.00020613709
9073,valid,0,0.0010623316
1700,valid,0,0.00039601856
10714,valid,0,0.00019105786
7769,valid,0,0.0010623316
5207,valid,0,0.22768958
118,valid,0,0.37098816
696,valid,0,0.00020894942
8923,valid,0,0.39608264
4045,valid,0,0.00019105786
7117,valid,0,0.09986237
10489,valid,0,0.00025152735
5700,valid,0,0.117046155
2148,valid,0,0.0013981694
8978,valid,0,0.0010276624
8322,valid,0,0.000802126
6301,valid,0,0.004526298
4297,valid,0,0.6301738
10685,valid,0,0.0046281037
7920,valid,0,0.00017527683
4435,valid,0,0.27940762
1341,valid,0,0.0005388863
5214,valid,0,0.87531424
1626,valid,0,0.0029981793
6313,valid,0,0.00018911094
7150,valid,0,0.07499805
6577,valid,0,0.00024490716
8323,valid,0,0.5623441
4622,valid,0,0.00016168125
9546,valid,0,0.00095029344
2402,valid,0,0.00015663846
3667,valid,0,0.074033424
4565,valid,0,0.000291944
6856,valid,0,0.00016168125
1812,valid,0,0.00049951836
2898,valid,0,0.0005057522
1852,valid,0,0.8215171
6392,valid,0,0.0003006751
3127,valid,0,0.00019105786
2725,valid,0,0.0003071873
2482,valid,0,0.00024490716
9835,valid,0,0.06942996
6852,valid,0,0.00015675828
7269,valid,0,0.86509603
9692,valid,0,0.00020139974
10690,valid,0,0.00038690123
1407,valid,0,0.00031724764
1,valid,0,0.00015675828
4303,valid,0,0.00031828223
6308,valid,0,0.0003002629
8338,valid,0,0.0016090178
7989,valid,0,0.00024490716
7991,valid,0,0.0017965279
10446,valid,0,0.0017965279
9207,valid,0,0.00037361108
8303,valid,0,0.0020035668
1821,valid,0,0.000716713
176,valid,0,0.00024490716
9074,valid,0,0.06942996
6238,valid,0,0.33794108
2980,valid,0,0.00026731737
2046,valid,0,0.38493654
6741,valid,0,0.00034001775
5658,valid,0,0.00028284028
6073,valid,0,0.00016168125
1671,valid,0,0.48985058
7266,valid,0,0.00033249523
1872,valid,0,7.149983e-05
1353,valid,0,0.00063656847
2131,valid,0,0.49537435
10287,valid,0,0.00066497945
224,valid,0,0.00027030747
4487,valid,0,0.1228559
7021,valid,0,0.39436898
7632,valid,0,0.0002908813
5194,valid,0,0.07962252
9111,valid,0,0.0023959386
7409,valid,0,0.011144061
2409,valid,0,0.0013975904
11026,valid,0,0.000291944
4190,valid,0,7.149983e-05
10798,valid,0,0.00092829065
6307,valid,0,0.0001776169
6040,valid,0,0.00038770502
7882,valid,0,0.00062558724
8454,valid,0,0.60550654
4618,valid,0,0.074033424
7982,valid,0,0.0066955932
3147,valid,0,0.12201903
8567,valid,0,0.54807806
2153,valid,0,0.5343089
2896,valid,0,0.0003006751
5773,valid,0,0.74590904
6849,valid,0,0.00041693583
3392,valid,0,0.000291944
2361,valid,0,0.00014487674
8885,valid,0,0.0036585217
1859,valid,0,0.0033739193
10654,valid,0,0.000552017
3879,valid,0,0.003165702
836,valid,0,0.00016094923
7161,valid,0,0.048967794
9595,valid,0,0.00035940018
6299,valid,0,0.25178546
10530,valid,0,0.0002908813
3136,valid,0,0.14013638
186,valid,0,0.00012864436
9596,valid,0,0.00016900177
3786,valid,0,0.53275776
1243,valid,0,0.3047927
7005,valid,0,0.23884502
9910,valid,0,0.00043398837
1604,valid,0,0.00046881472
3189,valid,0,0.0009348049
9315,valid,0,0.00038215253
7695,valid,0,0.3703533
2356,valid,0,0.00015663846
4641,valid,0,0.067410216
10179,valid,0,0.00026865414
2011,valid,0,0.08958396
4627,valid,0,0.0009389754
200,valid,0,0.52979255
9054,valid,0,0.00027250487
9885,valid,0,0.00027250487
1362,valid,0,0.6391789
5694,valid,0,0.000291944
3212,valid,0,0.0014478671
4173,valid,0,0.6391789
8301,valid,0,0.00014818876
7206,valid,1,0.9276699
10859,valid,0,0.000291944
1339,valid,0,0.09603439
5184,valid,0,0.49708548
5704,valid,0,0.0039445315
10057,valid,0,0.00024490716
1360,valid,0,0.03904711
119,valid,0,0.00017569648
6592,valid,0,0.002986125
9907,valid,0,0.0006976281
5777,valid,0,0.005513756
857,valid,0,7.149983e-05
7165,valid,0,0.0003006751
4311,valid,0,0.001355556
3527,valid,0,0.0001289551
9856,valid,0,0.00087454263
7110,valid,0,0.28610995
4502,valid,0,0.0006959474
2157,valid,0,0.00040472968
5166,valid,0,0.06942996
8992,valid,0,0.5365758
7980,valid,0,0.00026731737
7179,valid,0,0.00026731737
1858,valid,0,0.00024578298
11017,valid,0,0.001355556
5609,valid,0,0.30964616
8929,valid,0,0.0008705889
9606,valid,0,7.149983e-05
4178,valid,0,0.7693375
8382,valid,0,0.62703764
4491,valid,0,0.0014022306
8944,valid,0,0.330487
7880,valid,0,0.24707338
10783,valid,0,0.00026731737
2171,valid,0,0.00014487674
9862,valid,0,0.4177123
1816,valid,0,0.7898369
9289,valid,0,0.00016462345
2890,valid,0,0.0022320282
249,valid,0,0.203155
3487,valid,0,0.24054526
3233,valid,0,0.4108605
9320,valid,0,0.00015663846
8235,valid,0,0.0002908813
7885,valid,0,0.00016094923
5790,valid,0,0.00031828223
1608,valid,0,0.30750623
6839,valid,0,7.149983e-05
4147,valid,0,0.00037474307
5796,valid,0,0.00026731737
132,valid,0,0.0025420068
3540,valid,0,0.5656667
3234,valid,0,0.75689244
2440,valid,0,0.24707338
7013,valid,0,0.08446847
5198,valid,0,0.13679789
856,valid,0,0.00014378785
10519,valid,0,0.8015363
5980,valid,0,0.661019
6597,valid,0,0.08446847
9075,valid,0,0.7144463
8889,valid,0,0.00037619294
4250,valid,0,0.6830814
6961,valid,0,0.028015805
1481,valid,0,0.0134295
1577,valid,0,0.0001094639
7108,valid,0,0.07987235
4613,valid,0,0.0001986551
7105,valid,0,0.011772644
4295,valid,0,0.0011323597
3792,valid,0,0.011772644
250,valid,0,0.00017012187
7898,valid,0,0.000111687375
2891,valid,0,0.000111687375
1811,valid,0,0.010947897
9168,valid,0,0.00057815126
3455,valid,0,0.00057815126
10716,valid,0,0.010947897
6726,valid,0,0.007436305
5667,valid,0,0.010947897
13,valid,0,0.010947897
1862,valid,0,0.00017012187
5271,valid,0,0.00071534456
8657,valid,0,0.011772644
10674,valid,0,0.00016629182
6068,valid,0,0.010947897
9711,valid,0,0.014034506
8052,valid,0,0.0001986551
9101,valid,0,0.0001986551
1380,valid,0,0.023670247
2159,valid,0,0.00024449354
3554,valid,0,0.01750908
2052,valid,0,0.00039263497
5809,valid,0,0.013201238
3661,valid,0,0.00024967917
7753,valid,0,0.012277664
693,valid,0,0.0032527328
627,valid,0,0.0037247404
10284,valid,0,0.0037247404
1195,valid,0,0.0032527328
2489,valid,0,0.0032527328
9820,valid,0,0.0032527328
11030,valid,0,0.0032527328
4299,valid,0,0.00010744071
88,valid,0,5.3506992e-05
1366,valid,0,0.0032527328
2150,valid,0,0.00018954492
1627,valid,0,0.016433017
7425,valid,0,0.0009088053
9291,valid,0,0.0009088053
6590,valid,0,0.015515945
9900,valid,0,0.0006609301
10639,valid,0,0.0006609301
1363,valid,0,0.011927378
3662,valid,0,0.016433017
8062,valid,0,0.011927378
9675,valid,0,0.0013290042
2383,valid,0,0.012635076
5972,valid,0,0.016433017
9719,valid,0,0.0070835645
6028,valid,0,0.00018954492
10528,valid,0,0.0115203
9211,valid,0,0.012204142
8061,valid,0,0.0001094639
1349,valid,0,0.0001094639
116,valid,0,0.00057952607
390,valid,0,0.098906055
8225,valid,0,0.012204142
1702,valid,0,0.0001094639
9879,valid,0,0.005190799
4425,valid,0,0.096155055
5476,valid,0,0.034710955
11037,valid,0,0.005190799
606,valid,0,0.0032527328
619,valid,0,0.0044945893
10676,valid,0,3.774129e-05
2729,valid,0,0.00056750176
10867,valid,0,0.01540214
1196,valid,0,0.0115203
2733,valid,0,0.03306912
7635,valid,0,0.0014455726
10643,valid,0,0.00038261167
2436,valid,0,0.0016633746
4558,valid,0,0.02161693
3590,valid,0,0.02161693
981,valid,0,0.00019662593
1823,valid,0,0.02161693
3007,valid,0,0.02161693
10791,valid,0,0.02161693
1357,valid,0,0.02161693
1185,valid,0,0.023012063
1665,valid,0,0.02161693
8381,valid,0,0.025839703
5776,valid,0,0.025839703
3296,valid,0,0.025839703
5647,valid,0,0.00020707754
5986,valid,0,0.027836982
9821,valid,0,0.00025725624
178,valid,0,0.0002029411
1245,valid,0,0.018796124
5996,valid,0,0.16336901
7755,valid,0,0.00024029851
5213,valid,0,0.00022169121
1382,valid,0,0.00024029851
1486,valid,0,0.02974346
10290,valid,0,0.023705628
7166,valid,0,0.00023549885
9933,valid,0,0.027296012
6595,valid,0,0.022679508
4562,valid,0,0.010947897
3877,valid,0,0.00038169834
8879,valid,0,0.00088965055
1661,valid,0,0.00038169834
9662,valid,0,0.067505345
4269,valid,0,0.067505345
1650,valid,0,0.07554552
824,valid,0,0.00017012187
1392,valid,0,0.00017012187
8706,valid,0,0.07386937
4633,valid,0,0.00019977998
1848,valid,0,0.0025786317
9076,valid,0,0.00019977998
85,valid,0,0.00039180825
1864,valid,0,0.0002050718
8693,valid,0,0.009911704
9723,valid,0,0.00019977998
9892,valid,0,0.0002050718
2350,valid,0,0.00019977998
8009,valid,0,0.00019977998
6722,valid,0,0.0627905
9094,valid,0,0.00019977998
5268,valid,0,0.00019977998
6990,valid,0,0.0001196838
3394,valid,0,0.0001196838
825,valid,0,0.00019977998
7212,valid,0,0.00019977998
4188,valid,0,0.00019977998
638,valid,0,0.0002050718
7752,valid,0,0.082600385
238,valid,0,0.024704237
7401,valid,0,0.00018142899
6310,valid,0,0.00019977998
9098,valid,0,0.00019977998
9292,valid,0,0.0009113286
1406,valid,0,0.0006976839
7852,valid,0,0.0035547023
6740,valid,0,0.0002050718
3293,valid,0,0.0006796874
10289,valid,0,0.0002050718
10786,valid,0,0.00039180825
2145,valid,0,0.00039180825
11029,valid,0,0.001104415
6043,valid,0,0.15291989
9838,valid,0,0.0006976839
2348,valid,0,0.0008308538
229,valid,0,0.10705386
8348,valid,0,0.0013151172
1493,valid,0,0.022679508
4574,valid,0,0.00011644602
3138,valid,0,0.00045368104
10800,valid,0,0.00047833714
3799,valid,0,0.00011644602
4388,valid,0,0.0087903775
9713,valid,0,0.07031149
9237,valid,0,0.00018952054
3226,valid,0,0.0017238237
1198,valid,0,0.0016118278
611,valid,0,0.00080942496
9831,valid,0,0.0010059648
812,valid,0,0.0010059648
3210,valid,0,0.11920234
2745,valid,0,0.024704237
3389,valid,0,0.0006106156
5333,valid,0,0.00021554765
2982,valid,0,0.00012147816
8350,valid,0,0.027070513
6989,valid,0,0.00012238703
5815,valid,0,0.0001196838
10984,valid,0,0.013684244
3218,valid,0,0.00058260176
7875,valid,0,0.0001196838
2127,valid,0,0.0001485287
8453,valid,0,0.23280227
8524,valid,0,0.0002050718
10550,valid,0,0.009911704
3207,valid,0,0.0002050718
8448,valid,0,0.009911704
3458,valid,0,0.0045131077
4559,valid,0,0.0002050718
6578,valid,0,0.0002050718
4488,valid,0,0.0002050718
7374,valid,0,0.00017820111
7418,valid,0,0.009911704
6029,valid,0,0.00044238774
11024,valid,0,0.00044238774
5222,valid,0,0.0009113286
5963,valid,0,0.00029049107
6044,valid,0,0.00019977998
94,valid,0,0.0087903775
3675,valid,0,0.0035233514
3148,valid,0,0.00019977998
9051,valid,0,0.00026193922
2047,valid,0,0.00019977998
9091,valid,0,0.0087903775
1666,valid,0,0.0007027093
2019,valid,0,0.0007027093
10691,valid,0,0.00019977998
6580,valid,0,0.00018580098
8747,valid,0,0.02161693
10537,valid,0,0.00025725624
7419,valid,0,0.0007712352
3660,valid,0,0.021460185
4609,valid,0,0.00019977998
4137,valid,0,0.00019977998
858,valid,0,0.00021554765
102,valid,0,0.010947897
5981,valid,0,0.027296012
2731,valid,0,0.0012810352
6080,valid,0,0.00019977998
629,valid,0,0.00019977998
3223,valid,0,0.0087903775
4332,valid,0,0.00028109344
2429,valid,0,0.01540214
3790,valid,0,0.00057815126
3006,valid,0,0.0013879013
7154,valid,0,0.0006856067
5190,valid,0,0.00023549885
2376,valid,0,0.00026193922
813,valid,0,0.00019977998
10792,valid,0,0.00038169834
8287,valid,0,0.0087903775
2135,valid,0,0.086260036
7006,valid,0,0.00021554765
3295,valid,0,0.00011644602
6737,valid,0,0.0087903775
6744,valid,0,0.0006106156
10448,valid,0,0.00019977998
6389,valid,0,0.00057815126
7422,valid,0,0.0087903775
2978,valid,0,0.00019977998
6388,valid,0,0.02161693
8328,valid,0,0.0069132173
5569,valid,0,0.0005180479
9,valid,0,0.00044238774
1488,valid,0,0.00044238774
1387,valid,0,0.00011644602
2400,valid,0,0.00011644602
8282,valid,0,0.00019977998
1654,valid,0,0.0032527328
2920,valid,0,0.00019977998
10491,valid,0,0.060087442
9549,valid,0,0.0013485292
1597,valid,0,0.0087903775
7148,valid,0,0.0087903775
10493,valid,0,0.0087903775
2439,valid,0,0.0115203
1697,valid,0,0.0087903775
6087,valid,0,0.0005521236
5810,valid,0,0.00019977998
1182,valid,0,0.0087903775
8576,valid,0,0.00019977998
9617,valid,0,0.00065959856
2983,valid,0,0.00025725624
2022,valid,0,0.0087903775
4381,valid,0,0.00019977998
1344,valid,0,0.0017255059
3517,valid,0,0.0017255059
8983,valid,0,0.00017012187
2036,valid,0,0.00019977998
5225,valid,0,0.02161693
14,valid,0,0.00019977998
6716,valid,0,0.0032527328
8996,valid,0,0.00019977998
2738,valid,0,0.075696826
259,valid,0,0.03382823
6711,valid,0,0.00019977998
6240,valid,0,0.0005980993
9876,valid,0,0.02974346
6745,valid,0,0.0087903775
8299,valid,0,0.022679508
2981,valid,0,0.013684244
6846,valid,0,0.00019977998
6318,valid,0,0.00019977998
6992,valid,0,0.00019827965
810,valid,0,0.00019977998
4634,valid,0,0.00019977998
1854,valid,0,0.0087903775
7107,valid,0,0.00019977998
5784,valid,0,0.027836982
1346,valid,0,0.010947897
397,valid,0,5.6759465e-05
3537,valid,0,0.00019977998
10697,valid,0,0.00019977998
9688,valid,0,0.0134295
9539,valid,0,0.00019977998
8334,valid,0,0.00019977998
266,valid,0,0.0087903775
7686,valid,0,0.00019977998
833,valid,0,0.0011271101
7201,valid,0,0.00019977998
2730,valid,0,0.00019977998
7205,valid,0,0.00019977998
5552,valid,0,0.0011462873
8892,valid,0,0.15307902
9913,valid,0,0.0070812143
2404,valid,0,0.0011462873
7863,valid,0,0.0011462873
4185,valid,0,0.0011462873
834,valid,0,0.46257037
5793,valid,0,3.4281828e-05
2138,valid,0,0.67555606
10479,valid,0,0.00032687397
3598,valid,0,0.021279147
8770,valid,0,0.00019977998
6036,valid,0,0.00032687397
7273,valid,0,0.00019977998
8569,valid,0,0.00032687397
5984,valid,0,0.0002591412
8587,valid,0,0.0002591412
4645,valid,0,0.001203
1244,valid,0,0.08129143
697,valid,0,0.021279147
2425,valid,0,0.15277816
6315,valid,0,0.00032687397
9663,valid,0,0.00032687397
9543,valid,0,0.00032687397
6980,valid,0,0.0021978773
9176,valid,0,0.0021978773
9897,valid,0,0.00032687397
7376,valid,0,0.0010304855
4615,valid,0,0.0003526692
8014,valid,0,0.00032687397
9846,valid,0,0.00032687397
246,valid,0,0.00042856103
2031,valid,0,0.00056450174
6701,valid,0,0.00032687397
5652,valid,0,0.08129143
4325,valid,0,0.00032687397
244,valid,0,0.00032687397
639,valid,0,0.38091025
7019,valid,0,0.00032687397
5170,valid,0,0.00032687397
9110,valid,0,0.00059692585
3485,valid,0,0.00032687397
7915,valid,0,0.00032687397
3534,valid,0,0.24989094
6986,valid,0,0.00032687397
2117,valid,0,0.13487265
8060,valid,0,0.00032687397
17,valid,0,0.037790168
199,valid,0,0.36490905
2909,valid,0,0.00044438924
3672,valid,0,0.0003526692
7884,valid,0,0.00056450174
3480,valid,0,0.00032687397
5187,valid,0,0.00032687397
5656,valid,0,0.14457971
4563,valid,0,0.023501407
8384,valid,0,0.31172624
9715,valid,0,0.00032687397
4170,valid,0,0.17710212
9594,valid,0,0.00041912598
2095,valid,0,0.00041490502
1809,valid,0,0.19166714
9840,valid,0,0.00025343505
5555,valid,0,0.000543962
4131,valid,0,0.00031967624
2266,valid,0,0.037845127
8568,valid,0,0.00031967624
1870,valid,0,0.00035757895
8871,valid,0,0.00032687397
5566,valid,0,0.00041490502
10320,valid,0,0.0010673174
8286,valid,0,0.00041490502
7263,valid,0,0.00041490502
9827,valid,0,0.00041490502
5275,valid,0,0.08129143
3217,valid,0,0.0002821812
1609,valid,0,0.07105829
7704,valid,0,0.00041490502
632,valid,0,0.0015266198
6602,valid,0,0.42822012
4318,valid,0,0.00031967624
10418,valid,0,0.0015000592
8285,valid,0,0.0021180864
2043,valid,0,0.00031967624
9084,valid,0,0.00025343505
5549,valid,0,0.00031967624
3520,valid,0,0.1422242
5208,valid,0,0.0011765352
850,valid,0,0.00031967624
291,valid,0,0.042927567
3471,valid,0,0.20827588
1356,valid,0,0.09819511
8582,valid,0,0.00025343505
3387,valid,0,0.19871408
2378,valid,0,0.00031967624
9205,valid,0,0.00031967624
2044,valid,0,0.00025343505
6070,valid,0,0.19871408
8007,valid,0,0.042927567
10481,valid,0,0.0014009771
1388,valid,0,0.0014009771
11033,valid,0,0.0016858324
8692,valid,0,0.00031967624
9716,valid,0,0.1422242
2885,valid,0,0.023501407
7209,valid,0,0.4021942
7375,valid,0,0.4021942
8894,valid,0,0.00035757895
2294,valid,0,0.081638314
10916,valid,0,0.00035757895
4141,valid,0,0.00035757895
4037,valid,0,0.00015099297
8656,valid,0,0.00031967624
2008,valid,0,0.00031967624
5186,valid,0,0.00031967624
6232,valid,0,0.081638314
6977,valid,0,0.037845127
6594,valid,0,0.0052238735
7151,valid,0,0.023501407
1714,valid,0,0.00031967624
2172,valid,0,0.00034490434
10995,valid,0,0.43185624
9082,valid,0,0.00025343505
2964,valid,0,0.042927567
3205,valid,0,0.081638314
8336,valid,0,0.00031967624
8048,valid,0,0.00031967624
6576,valid,0,0.36914444
1179,valid,0,0.042927567
9287,valid,0,0.00031967624
1590,valid,0,0.042927567
4140,valid,0,0.0011437219
9863,valid,0,0.042927567
10520,valid,0,0.0015000592
1623,valid,0,0.081638314
7278,valid,0,0.00035757895
3798,valid,0,0.00031967624
3874,valid,0,0.00069680944
1694,valid,0,0.00031967624
1522,valid,0,0.08964983
1483,valid,0,0.0013922149
841,valid,0,0.00034490434
9858,valid,0,0.042927567
4171,valid,0,0.00031967624
9304,valid,0,0.00031967624
3481,valid,0,0.07687034
1869,valid,0,0.04883249
8092,valid,0,0.21469782
3779,valid,0,0.0005234186
3214,valid,0,0.0004409365
9684,valid,0,0.042927567
5266,valid,0,0.1422242
8320,valid,0,0.0008619361
9621,valid,0,0.0014009771
8536,valid,0,0.14457971
5710,valid,0,0.00035757895
3483,valid,0,0.00035757895
9807,valid,0,0.00057176134
2297,valid,0,0.040454283
1808,valid,0,0.43185624
9056,valid,0,0.00025343505
2912,valid,0,0.04883249
9727,valid,0,0.043165598
5538,valid,0,0.0005138585
5174,valid,0,0.058787886
4301,valid,0,0.0036048873
5557,valid,0,0.00031967624
11020,valid,0,0.0006430271
2054,valid,0,0.00031967624
7379,valid,0,0.00031967624
4380,valid,0,0.00031967624
8013,valid,0,0.00031967624
3531,valid,0,0.1422242
6071,valid,0,0.00031967624
1588,valid,0,0.53978765
3521,valid,0,0.00034490434
2139,valid,0,0.84121686
232,valid,0,0.29406574
8343,valid,0,0.37950173
6698,valid,0,0.0012031588
5600,valid,0,0.2016102
10517,valid,0,0.0011765352
8050,valid,0,0.00031967624
10364,valid,0,0.00031967624
8873,valid,0,0.000627743
3547,valid,0,0.000627743
1616,valid,0,0.00031967624
6316,valid,0,0.000627743
6994,valid,0,0.00031967624
6999,valid,0,0.000627743
2346,valid,0,0.00031967624
3551,valid,0,0.37950173
6743,valid,0,0.000627743
8347,valid,0,0.000627743
9085,valid,0,0.0008619361
7692,valid,0,0.000627743
9319,valid,0,0.29759622
105,valid,0,0.000627743
971,valid,0,0.000627743
5537,valid,0,0.141962
3457,valid,0,0.00028447076
8882,valid,0,0.000627743
1586,valid,0,0.00067726424
3659,valid,0,0.0016916775
5193,valid,0,0.000627743
8975,valid,0,0.00031967624
5172,valid,0,0.042927567
4041,valid,0,0.0004521973
3775,valid,0,0.07687034
177,valid,0,0.069977425
5326,valid,0,0.000627743
7,valid,0,0.00079018786
688,valid,0,0.00079018786
8342,valid,0,0.000627743
1860,valid,0,0.0012031588
3679,valid,0,0.0006087445
4266,valid,0,0.0011064743
2035,valid,0,0.000627743
8750,valid,0,0.0006087445
4333,valid,0,0.0006087445
8704,valid,0,0.0006087445
10485,valid,0,5.1399456e-05
3396,valid,0,0.62115955
5973,valid,0,0.000627743
1377,valid,0,0.7782424
5558,valid,0,0.000627743
2961,valid,0,0.23099074
4606,valid,0,0.6805499
9063,valid,0,0.19187787
4166,valid,0,0.37950173
8585,valid,0,0.0031309251
7204,valid,0,0.0016405337
4604,valid,0,0.0006087445
6714,valid,0,0.00065964164
9053,valid,0,0.0011064743
8002,valid,0,0.0006087445
9686,valid,0,0.19187787
8694,valid,0,0.19187787
2121,valid,0,0.0035827395
4386,valid,0,0.0011064743
9672,valid,0,0.52694935
2295,valid,0,0.00043767365
4049,valid,0,0.00043767365
9290,valid,0,0.000627743
4172,valid,0,0.39477265
10914,valid,0,0.3101803
2120,valid,0,0.0006087445
6713,valid,0,0.0006087445
10698,valid,0,0.33899218
5967,valid,0,0.000627743
2416,valid,0,0.39477265
9066,valid,0,0.87819284
7420,valid,0,0.2618554
3204,valid,0,0.5599714
6302,valid,0,0.0011800111
8686,valid,0,0.0025671842
5261,valid,0,0.0006087445
10191,valid,0,0.009799202
237,valid,0,0.0011064743
9837,valid,0,0.0007430532
6309,valid,0,0.00094748
2126,valid,0,0.09225101
9893,valid,0,0.0014339649
6042,valid,0,0.00015053325
10060,valid,0,0.0022653297
7016,valid,0,0.00094748
10353,valid,0,0.93374985
9294,valid,0,0.080045946
10451,valid,0,0.0015469887
6032,valid,0,0.00015053325
5567,valid,0,0.0007430532
2916,valid,0,0.35888004
9845,valid,0,0.03966562
5782,valid,0,0.0009029167
10,valid,0,0.00094748
7881,valid,0,0.0014339649
1390,valid,0,0.0007430532
1579,valid,0,0.0007430532
9231,valid,0,0.0064500426
3143,valid,0,0.00015053325
6702,valid,0,0.19055243
7000,valid,0,0.0007430532
5551,valid,0,0.0008761737
1386,valid,0,0.010214269
4630,valid,0,0.9347654
9877,valid,0,0.5988855
3525,valid,0,0.86861956
3606,valid,0,0.0019153868
7405,valid,0,0.0007430532
6847,valid,0,0.5762516
5338,valid,0,0.004981991
8345,valid,0,0.22472306
9852,valid,0,0.00015053325
10325,valid,0,0.0003727377
1578,valid,0,0.0003727377
10649,valid,0,0.35888004
1613,valid,0,0.0004174381
6983,valid,0,0.005414963
9210,valid,0,0.00094748
3550,valid,0,0.004065459
4255,valid,0,0.00015053325
4385,valid,0,0.4669628
2028,valid,0,0.00015053325
3469,valid,0,0.30219972
7210,valid,0,0.00094748
10699,valid,0,0.0007430532
3008,valid,0,0.22472306
3220,valid,0,0.37318122
1618,valid,0,0.0009139373
4313,valid,0,0.03966562
8321,valid,0,0.00021621436
6843,valid,0,0.00015053325
4139,valid,0,0.00015053325
2164,valid,0,0.00015053325
7009,valid,0,0.00013353494
5989,valid,0,0.00015053325
8688,valid,0,0.00015053325
2968,valid,0,0.30418414
7203,valid,0,0.00015053325
110,valid,0,0.00015053325
3119,valid,0,0.00015053325
10675,valid,0,0.18729821
9301,valid,0,0.25761896
3203,valid,0,0.0004655704
9245,valid,0,0.00027307394
106,valid,0,0.21670869
9052,valid,0,0.00018751345
9718,valid,0,0.3063424
8710,valid,0,0.0008163677
4306,valid,0,0.08377629
8063,valid,0,0.00015053325
3115,valid,0,0.00016241458
7625,valid,0,0.0015788324
6845,valid,0,0.03966562
225,valid,0,0.00015702608
8925,valid,0,0.00040909846
8768,valid,0,0.00015053325
7011,valid,0,0.00015053325
983,valid,0,6.813761e-05
7363,valid,0,0.00076241046
10655,valid,0,0.5472196
8987,valid,0,0.00015053325
9536,valid,0,0.03966562
9681,valid,0,0.4669628
8581,valid,0,0.001018255
9898,valid,0,0.00016241458
2380,valid,0,0.00015053325
10647,valid,0,0.00015053325
3478,valid,0,0.00015053325
1703,valid,0,0.00015053325
1718,valid,0,0.00016241458
8932,valid,0,0.00015053325
5265,valid,0,0.25761896
10454,valid,0,0.00018751345
4167,valid,0,0.00015053325
7703,valid,0,0.19173309
1489,valid,0,0.5472196
4135,valid,0,0.03966562
6981,valid,0,0.03966562
2741,valid,0,0.00015053325
7215,valid,0,0.00015053325
8571,valid,0,0.00018751345
9069,valid,0,0.03966562
280,valid,0,0.00015053325
4181,valid,0,0.73076934
265,valid,0,0.00015053325
9673,valid,0,0.03966562
10065,valid,0,0.4183362
9722,valid,0,0.03966562
8872,valid,0,0.00018751345
2752,valid,0,0.00016241458
10482,valid,0,0.00015053325
831,valid,0,0.0018098286
4326,valid,0,0.03966562
2037,valid,0,0.00015053325
7637,valid,0,0.026754105
9946,valid,0,0.00015053325
984,valid,0,0.00015053325
3140,valid,0,0.00015053325
8339,valid,0,0.05817731
9887,valid,0,0.020813832
3150,valid,0,0.00015053325
99,valid,0,0.00015053325
7889,valid,0,0.03966562
8684,valid,0,0.00015053325
9208,valid,0,0.00015053325
4636,valid,0,0.00015053325
7373,valid,0,0.08377629
5978,valid,0,0.00016241458
5332,valid,0,0.00015053325
3479,valid,0,0.03966562
5573,valid,0,0.00015053325
5572,valid,0,0.0007960811
2347,valid,0,0.00015053325
10715,valid,0,0.00016241458
3470,valid,0,0.00015053325
8335,valid,0,0.00015053325
3539,valid,0,0.00054229324
4035,valid,0,0.00015053325
276,valid,0,0.00015053325
2149,valid,0,0.00015053325
10522,valid,0,0.00015851556
698,valid,0,0.00015053325
2917,valid,0,0.00015053325
2403,valid,0,0.00015053325
4336,valid,0,0.05817731
245,valid,0,0.00015053325
10692,valid,0,0.02280661
3526,valid,0,0.00016241458
2357,valid,0,0.00015053325
2366,valid,0,0.00015053325
3543,valid,0,0.00015053325
4432,valid,0,0.026754105
9058,valid,0,0.00015851556
9811,valid,0,0.00015851556
4396,valid,0,0.00015053325
5769,valid,0,0.11142708
1655,valid,0,0.48634428
3117,valid,0,0.00015053325
5788,valid,0,0.00021621436
4059,valid,0,0.00021621436
7400,valid,0,0.00015053325
6724,valid,0,0.00029583834
9305,valid,0,0.00065189134
6735,valid,0,0.0004244189
5709,valid,0,0.020813832
8383,valid,0,0.1678548
243,valid,0,0.03966562
2006,valid,0,0.026754105
3180,valid,0,0.0007855413
7757,valid,0,0.00027307394
5178,valid,0,0.6282968
817,valid,0,0.30336645
2132,valid,0,0.00015053325
3519,valid,0,0.00015053325
2053,valid,0,0.08419488
9535,valid,0,0.00027307394
10173,valid,0,0.03966562
8047,valid,0,0.00015053325
1526,valid,0,0.00022287213
8993,valid,0,0.00016241458
262,valid,0,0.03966562
1231,valid,0,0.0008997302
9826,valid,0,0.0013493996
978,valid,0,0.00015053325
7362,valid,0,0.00091412663
5278,valid,0,0.03966562
2742,valid,0,0.0004244189
603,valid,0,0.0024679443
988,valid,0,0.47722504
7257,valid,0,0.11673538
7890,valid,0,0.062280055
7415,valid,0,0.00015053325
4647,valid,0,0.12791036
255,valid,0,0.0039496496
7199,valid,0,0.07621987
8380,valid,0,0.00053297577
4036,valid,0,0.00029583834
9166,valid,0,0.00070786756
2407,valid,0,0.00037161438
10709,valid,0,0.00063570664
1693,valid,0,0.00029583834
7276,valid,0,0.15711796
9810,valid,0,0.13279527
175,valid,0,0.27847925
9945,valid,0,0.5914074
9212,valid,0,0.014325438
3546,valid,0,0.00029583834
5322,valid,0,0.00020955734
10637,valid,0,0.001369765
1585,valid,0,0.00020955734
8586,valid,0,0.00037161438
8231,valid,0,0.23407428
4390,valid,0,0.0014047065
10358,valid,0,0.00053297577
7219,valid,0,0.640721
5712,valid,0,0.18264836
9542,valid,0,0.0009705783
3225,valid,0,0.2214697
5540,valid,0,0.00020955734
1410,valid,0,0.26667175
4378,valid,0,0.0010186015
4191,valid,0,0.7644428
8690,valid,0,0.41577145
9607,valid,0,0.00031918532
8331,valid,0,0.00062735006
8447,valid,0,0.00020955734
129,valid,0,0.004096115
7254,valid,0,0.055213366
7258,valid,0,0.00020955734
10645,valid,0,0.00037161438
9932,valid,0,0.00021485085
111,valid,0,0.00029583834
5340,valid,0,0.00040093833
8767,valid,0,0.0012783209
4492,valid,0,0.49248734
6037,valid,0,0.027770435
9726,valid,0,0.00020955734
5562,valid,0,0.00021859568
1719,valid,0,0.07621987
6,valid,0,0.3715034
6312,valid,0,0.00029583834
5192,valid,0,0.00029583834
3287,valid,0,0.2214697
2743,valid,0,0.00020955734
2405,valid,0,0.00020955734
10704,valid,0,3.7858877e-05
2974,valid,0,0.00021859568
8527,valid,0,0.37463427
1822,valid,0,0.00038012816
9050,valid,0,0.0014047065
604,valid,0,0.038865466
6076,valid,0,0.64650667
10713,valid,0,0.00020955734
3193,valid,0,0.23407428
5971,valid,0,0.055213366
8924,valid,0,0.00020955734
6600,valid,0,0.00020955734
1364,valid,0,0.35421246
103,valid,0,0.29511392
6842,valid,0,0.038865466
4268,valid,0,0.00020955734
7918,valid,0,0.13279527
1361,valid,0,0.00020955734
7380,valid,0,0.00025128573
2029,valid,0,0.00026349796
3771,valid,0,0.00026349796
1379,valid,0,0.0021476531
3673,valid,0,0.0014047065
3135,valid,0,0.00020955734
3666,valid,0,0.0009705783
2040,valid,0,0.00020955734
5565,valid,0,0.0011849029
5698,valid,0,0.793711
8531,valid,0,0.00034687656
96,valid,0,0.055213366
7015,valid,0,0.055213366
9853,valid,0,0.00020955734
9297,valid,0,0.00038012816
6027,valid,0,0.00020955734
8562,valid,0,0.0002260961
8935,valid,0,0.00020955734
9283,valid,0,0.00020955734
8884,valid,0,0.038865466
4193,valid,0,0.00020955734
4321,valid,0,0.0002725693
8754,valid,0,0.00020955734
3475,valid,0,0.00020955734
1531,valid,0,0.27847925
287,valid,0,0.00020955734
5979,valid,0,0.00020955734
6855,valid,0,0.0005060302
9714,valid,0,0.0011849029
9220,valid,0,0.0014140899
2146,valid,0,0.00020955734
1612,valid,0,0.00020955734
4264,valid,0,0.00020955734
15,valid,0,0.0002725693
2732,valid,0,0.49283028
4626,valid,0,0.08284602
9604,valid,0,0.00025674538
7003,valid,0,0.76006156
6707,valid,0,0.15733291
4,valid,0,0.0002320136
257,valid,0,0.00044329406
6314,valid,0,0.00059137796
4253,valid,0,0.061553836
9529,valid,0,0.00020955734
8578,valid,0,0.0036709392
182,valid,0,0.00043182823
4338,valid,0,0.0002725693
6081,valid,0,0.00023298585
9062,valid,0,0.08284602
7421,valid,0,0.09216441
3462,valid,0,0.3665471
5202,valid,0,0.0011263131
194,valid,0,0.16245309
11019,valid,0,0.52311045
816,valid,0,0.0002725693
8762,valid,0,0.00023298585
6851,valid,0,0.00023298585
1193,valid,0,0.82000786
8701,valid,0,0.50271285
5272,valid,0,0.00023298585
2166,valid,0,0.0014047065
3015,valid,0,0.06045691
1653,valid,0,0.4261442
9905,valid,0,0.00018701654
7175,valid,0,0.00097058946
5548,valid,0,0.00097058946
7164,valid,0,0.08284602
9284,valid,0,0.014583058
9836,valid,0,0.6863029
11022,valid,0,3.4691937e-05
3184,valid,0,0.592671
972,valid,0,0.00023298585
5264,valid,0,0.00020955734
8759,valid,0,0.00023298585
10994,valid,0,0.00023298585
9239,valid,0,0.23407428
8689,valid,0,0.00023298585
2133,valid,0,0.0002725693
5564,valid,0,0.00045582707
9690,valid,0,0.00023298585
3222,valid,0,0.0038571698
10486,valid,0,0.061553836
8354,valid,0,0.00023298585
4490,valid,0,0.42385828
6966,valid,0,0.08113386
3663,valid,0,0.00025137342
6993,valid,0,0.05999096
7395,valid,0,0.08284602
4607,valid,0,0.055213366
3677,valid,0,0.5700203
7008,valid,0,0.00023298585
278,valid,0,0.0019790188
4031,valid,0,0.0002714319
10456,valid,0,0.00018701654
6244,valid,0,0.89699996
7256,valid,0,0.17712025
7261,valid,0,0.00020177687
285,valid,0,0.0011409492
7162,valid,0,0.00010421154
4144,valid,0,0.0003863182
7696,valid,0,0.001404722
7698,valid,0,0.00018701654
10444,valid,0,0.00018701654
5959,valid,0,0.0030983475
9096,valid,0,0.0030983475
4033,valid,0,0.6186515
5568,valid,0,0.00018701654
1583,valid,0,0.0012284976
5273,valid,0,0.05999096
109,valid,0,0.00039244283
8344,valid,0,0.00020177687
10712,valid,0,0.00018701654
993,valid,0,0.85270375
979,valid,0,0.001404722
2911,valid,0,0.00043062543
5556,valid,0,0.00018701654
10490,valid,0,0.00018701654
292,valid,0,0.05999096
234,valid,0,0.13232765
1619,valid,0,0.0019565877
5189,valid,0,0.32909733
8749,valid,0,0.9219381
9303,valid,0,0.00036575715
9668,valid,0,0.0003390053
8888,valid,0,0.00039244283
1696,valid,0,0.00018701654
2906,valid,0,0.0003390053
1589,valid,0,0.00018701654
1373,valid,0,0.0003390053
10555,valid,0,0.0035180717
3139,valid,0,0.0003390053
3452,valid,0,0.0003390053
7213,valid,0,0.11640112
1378,valid,0,0.00018701654
10531,valid,0,0.00042226748
2412,valid,0,0.00097058946
8053,valid,0,0.001752455
2349,valid,0,0.0027528848
1868,valid,0,0.0027528848
3463,valid,0,0.0003390053
8302,valid,0,0.0003390053
6077,valid,0,0.17712025
107,valid,0,0.0003390053
10413,valid,0,0.115234055
8926,valid,0,0.00039244283
3548,valid,0,0.0003390053
9851,valid,0,0.16245309
2382,valid,0,0.0004473619
9888,valid,0,0.00041464405
3523,valid,0,0.00041464405
5197,valid,0,0.6403105
2401,valid,0,0.0004871443
2173,valid,0,0.0009495713
9724,valid,0,0.79853183
9857,valid,0,0.0007820775
4651,valid,0,0.39787444
8563,valid,0,0.76829845
4134,valid,0,0.0003390053
1818,valid,0,0.0004871443
2373,valid,0,0.0013892554
10702,valid,0,0.030009685
1365,valid,0,0.005760989
4133,valid,0,0.001552881
7995,valid,0,0.10557618
7914,valid,0,0.0021417844
6311,valid,0,0.0021943883
1867,valid,0,0.000508149
8353,valid,0,0.001264593
1355,valid,0,0.7682144
6039,valid,0,0.0019565877
6303,valid,0,0.00051095244
201,valid,0,0.0011651648
4265,valid,0,0.0003390053
6696,valid,0,0.00045690482
6850,valid,0,0.0032920593
6046,valid,0,0.24336708
4628,valid,0,0.00035974965
10188,valid,0,0.0010779775
7280,valid,0,0.0011868327
10329,valid,0,0.004655342
3131,valid,0,0.0009752626
4136,valid,0,0.0006067681
8564,valid,0,0.0007559727
7913,valid,0,0.056257434
7858,valid,0,0.01714834
9823,valid,0,0.00158624
4192,valid,0,0.18594922
274,valid,0,0.63734657
11,valid,0,0.00089851406
10672,valid,0,0.0067646964
7927,valid,0,0.00041464405
10547,valid,0,0.44724616
269,valid,0,0.0008801566
7895,valid,0,0.00035974965
126,valid,0,0.00041464405
4058,valid,0,0.0004929556
2101,valid,0,0.0026794292
5799,valid,0,0.84579563
1856,valid,0,0.00088198803
8766,valid,0,0.0020306169
1513,valid,0,0.0044352007
7626,valid,0,0.84579563
10678,valid,0,0.55113435
5262,valid,0,0.24928513
16,valid,0,0.0010168076
3153,valid,0,0.29511392
277,valid,0,0.8017928
8003,valid,0,0.0008801566
5554,valid,0,0.0011000931
2443,valid,0,0.19820437
4637,valid,0,0.79801065
9541,valid,0,0.0008801566
4642,valid,0,0.34942123
258,valid,0,0.00088198803
9163,valid,0,0.014730137
4638,valid,0,0.0004048752
8008,valid,0,0.05
10184,valid,0,0.05
6072,valid,0,0.24928513
4057,valid,0,0.0007559727
4165,valid,0,0.0007251536
2147,valid,0,0.00096937513
2746,valid,0,0.0003881377
9880,valid,0,0.00750181
6734,valid,0,0.0004871443
260,valid,0,0.00048567963
8758,valid,0,0.0004473619
5196,valid,0,0.00045690482
6848,valid,0,0.62103045
8112,valid,0,0.00032789394
1740,valid,1,0.026817175
68,valid,0,0.00024029851
318,valid,0,0.00025725624
7670,valid,0,0.014116513
326,valid,0,0.0010818838
57,valid,0,0.13348967
7662,valid,0,0.0010028066
4154,valid,0,0.021659425
8131,valid,0,0.103259996
4664,valid,1,0.9322039
5834,valid,0,0.023705628
5843,valid,0,0.00018952054
6779,valid,0,0.023705628
1981,valid,0,0.00037962824
412,valid,0,0.00032134462
6289,valid,0,0.02417721
7951,valid,1,0.97856903
2798,valid,0,0.02974346
2822,valid,0,0.00023549885
405,valid,0,0.13348967
10508,valid,0,0.027296012
679,valid,0,0.023705628
10509,valid,0,0.021659425
511,valid,0,0.023705628
7700,valid,1,0.95664865
7867,valid,0,0.17581199
4646,valid,0,0.0003873648
7879,valid,0,0.13348967
4176,valid,1,0.9536238
3196,valid,0,0.13348967
3291,valid,0,0.00024029851
3832,valid,1,0.96190387
4968,valid,0,0.02417721
8136,valid,0,0.00018772617
168,valid,0,0.00018772617
3275,valid,0,0.0007497543
4859,valid,1,0.8763493
3433,valid,0,0.0003873648
5260,valid,1,0.9736838
4955,valid,1,0.9641178
7903,valid,0,0.0010028066
4951,valid,1,0.9628678
7297,valid,1,0.9311719
7512,valid,0,0.027836982
5007,valid,0,0.027296012
4991,valid,0,0.023705628
4288,valid,1,0.81889474
3424,valid,0,0.027296012
7466,valid,0,0.13348967
5454,valid,0,0.027836982
3692,valid,0,0.027296012
2568,valid,0,0.13348967
11051,valid,1,0.8739285
10003,valid,0,0.014116513
887,valid,0,0.02417721
716,valid,1,0.9771542
341,valid,0,0.00032789394
8158,valid,0,0.13348967
10030,valid,0,0.023705628
345,valid,0,0.00020707754
8436,valid,0,0.023705628
6652,valid,0,0.02974346
10032,valid,0,0.00025926353
4372,valid,0,0.027296012
1464,valid,0,0.02974346
7847,valid,0,0.00032134462
6802,valid,0,0.13348967
5758,valid,0,0.0003873648
1460,valid,0,0.023705628
9721,valid,1,0.87406754
9070,valid,1,0.9421696
10865,valid,0,0.014116513
6394,valid,0,0.0003873648
10688,valid,0,0.00032789394
9399,valid,0,0.027296012
9611,valid,0,0.025839703
5692,valid,0,0.013684244
1368,valid,0,0.013684244
9306,valid,0,0.00037962824
9631,valid,0,0.00037962824
9618,valid,0,0.02974346
6395,valid,0,0.0010028066
8720,valid,0,0.0039421027
2748,valid,0,0.0039421027
1414,valid,0,0.014116513
7391,valid,0,0.013684244
3089,valid,1,0.9051382
8820,valid,1,0.9055541
8868,valid,0,0.023705628
8500,valid,0,0.13348967
1555,valid,0,0.13348967
7106,valid,0,0.023705628
1591,valid,1,0.97830486
8771,valid,1,0.85270375
2398,valid,1,0.9467465
4571,valid,0,0.00032134462
9816,valid,0,0.014116513
1343,valid,0,0.00041469603
4379,valid,1,0.0076317014
8516,valid,0,0.027296012
3129,valid,0,0.027296012
3213,valid,0,0.025839703
6830,valid,1,0.8582609
217,valid,1,0.95483136
7674,valid,0,0.007436305
9015,valid,0,0.02417721
449,valid,0,0.02417721
599,valid,0,0.02974346
4954,valid,1,0.9224648
7684,valid,0,0.000218958
8616,valid,0,0.00032134462
2874,valid,0,0.00025725624
2278,valid,0,0.00041469603
2873,valid,0,0.0010028066
7163,valid,0,0.00037962824
18,valid,1,0.9342311
10443,valid,1,0.94018656
9652,valid,0,0.023705628
9949,valid,0,0.027836982
9660,valid,0,0.00018772617
9610,valid,1,0.9260439
2422,test,1,0.934235
3768,test,0,0.027836982
10059,test,0,0.0005720172
5328,test,0,0.0005720172
10426,test,0,0.13348967
8445,test,0,0.013684244
7018,test,0,0.027296012
10978,test,0,0.027296012
8927,test,0,0.026901223
3778,test,0,0.026901223
8753,test,1,0.86042386
2413,test,1,0.8308059
10064,test,0,0.023705628
3472,test,1,0.95257187
4625,test,1,0.7693375
10553,test,0,0.027296012
6242,test,0,0.013684244
91,test,0,0.00037962824
6236,test,0,0.014116513
198,test,0,0.02974346
113,test,1,0.8453906
4629,test,1,0.8966012
4179,test,0,0.027296012
3158,test,0,0.10909579
8027,test,0,0.011873002
3971,test,0,0.014116513
6780,test,0,0.11403353
2497,test,0,0.113298304
3734,test,0,0.27502912
3613,test,0,0.08424536
6660,test,0,0.22418994
76,test,0,0.11406147
1967,test,0,0.51101017
8157,test,0,0.117046155
2062,test,0,0.19871408
9010,test,0,0.51101017
3324,test,0,0.056788288
7597,test,0,0.00023919126
2341,test,0,0.00023919126
8022,test,0,0.713516
4371,test,0,0.00032789394
9023,test,0,0.6746198
8193,test,0,0.00082227465
3620,test,0,0.0087903775
8597,test,0,0.010947897
11086,test,0,0.07105829
5404,test,0,0.4533523
153,test,0,0.43185624
7510,test,0,0.00067661266
469,test,0,0.46557626
5725,test,0,0.7536435
5714,test,1,0.87437683
2994,test,0,0.141962
4901,test,0,0.66685075
9470,test,0,0.50122595
464,test,0,0.03966562
2811,test,0,0.26588312
9790,test,0,0.8561128
8197,test,0,0.6660629
5123,test,0,0.5095373
5400,test,0,0.038865466
8222,test,0,0.43337667
1943,test,0,0.19639243
5054,test,0,0.11976786
208,test,0,0.11640112
9915,test,0,0.47234344
4505,test,0,0.34200796
218,test,0,0.0023109105
10126,test,0,0.85776395
6803,test,0,0.0016676108
951,test,0,0.55113435
4229,test,0,0.15435618
10625,test,0,0.47234344
8780,test,0,0.43327993
6298,test,0,0.7745523
7802,test,0,0.017396193
8416,test,0,0.11260798
5394,test,0,0.017396193
5894,test,0,0.00017801125
4994,test,0,0.48942778
1936,test,0,0.73591274
11069,test,0,0.08176992
5581,test,0,0.00023482283
7804,test,0,0.085912645
9991,test,0,0.017396193
3353,test,0,0.1378057
4203,test,0,0.00095228705
5715,test,0,0.6728772
9475,test,0,0.6728772
5901,test,0,0.0002472932
6247,test,0,0.084266834
6865,test,0,0.56737924
5851,test,0,0.90891486
6940,test,0,0.13575968
10383,test,0,0.6063633
5899,test,0,0.1056815
6287,test,0,0.0767328
4927,test,0,0.17200035
361,test,0,0.008777889
8023,test,0,0.035483647
3405,test,0,0.00010454627
4292,test,0,0.44031936
1790,test,0,9.8713106e-05
6863,test,0,0.070467435
7551,test,0,0.014637724
11087,test,0,0.014637724
1510,test,0,0.070467435
4843,test,0,0.10021444
1938,test,0,0.070467435
3400,test,0,0.61845624
4727,test,0,0.61845624
10373,test,0,7.8947494e-05
3854,test,0,0.61845624
6417,test,0,0.70928997
5860,test,0,0.090014204
10083,test,0,0.9124396
5159,test,0,0.12035731
2695,test,0,0.6357601
6616,test,0,0.27514127
3317,test,0,0.30964616
869,test,0,0.00020286931
1033,test,0,0.04274336
4935,test,0,0.68133265
1021,test,0,0.46854624
6796,test,0,0.00020286931
9198,test,0,0.87054914
3162,test,0,0.5122535
8151,test,0,0.08958396
6816,test,0,0.5964112
5643,test,0,0.9758229
9964,test,0,0.1001314
4670,test,0,0.0005179373
6621,test,0,0.9451152
6149,test,0,0.00019693813
8414,test,0,0.032216832
2815,test,0,0.0007477329
5913,test,0,0.0011124929
7648,test,0,0.00028284028
8215,test,0,0.00028284028
1202,test,0,0.203155
6055,test,0,0.3703533
6441,test,0,0.24478804
3167,test,0,0.6875476
2855,test,0,0.62703764
5045,test,0,0.88623565
3252,test,0,0.52979255
3957,test,0,0.0022992447
8553,test,0,0.5683647
10079,test,0,0.0028634244
5361,test,0,0.18412076
8038,test,0,0.96292865
5880,test,0,0.0009303959
7497,test,0,0.4009929
4858,test,0,0.106923565
6867,test,0,0.0071933893
5916,test,0,0.13679789
1005,test,0,0.009936268
3822,test,0,0.9608803
9423,test,0,0.67895633
10615,test,0,0.00033062708
3826,test,0,0.09440695
7613,test,0,0.49859515
6607,test,0,0.45628002
1217,test,0,4.045437e-05
6293,test,0,0.73117393
3354,test,0,0.7353426
5757,test,0,0.00028284028
6143,test,0,0.001527706
11082,test,0,0.00047669827
4996,test,0,0.011019665
1903,test,0,0.2618554
6810,test,0,0.0029548104
7509,test,0,0.30079958
10955,test,0,0.6699371
8841,test,0,0.00039405518
4459,test,0,0.36035943
3626,test,0,0.32242578
6768,test,0,0.5700203
539,test,0,7.8947494e-05
79,test,0,0.10021444
3718,test,0,0.2871959
4960,test,0,0.093915574
4284,test,0,0.2926668
2539,test,0,0.43159413
1978,test,0,0.31734246
1292,test,0,0.04218939
9183,test,0,0.07710517
3850,test,0,0.00021621436
5934,test,0,0.7171538
5124,test,0,0.5786639
3419,test,0,0.081638314
2804,test,0,0.44724616
4947,test,0,0.01750908
39,test,0,0.017396193
549,test,0,0.113298304
7493,test,0,0.00015053325
8429,test,0,0.00015053325
6764,test,0,0.2067533
3740,test,0,0.1573939
503,test,0,0.055213366
5883,test,0,0.08284602
8186,test,0,0.5928919
2242,test,0,0.10021444
2864,test,0,0.20397744
1500,test,0,0.92097825
5048,test,0,7.916393e-05
10269,test,0,0.00031541166
8205,test,0,0.0010763315
4854,test,0,0.65807176
344,test,0,0.004440061
364,test,0,0.6004685
10628,test,0,0.00029049107
1902,test,0,0.00011644602
4208,test,0,0.08129143
1014,test,0,0.18594922
4366,test,0,0.19166714
6783,test,0,0.0627486
2306,test,0,0.5187718
4067,test,0,0.46933976
10871,test,0,0.0016019393
2071,test,0,0.007520387
7308,test,0,0.002986125
6626,test,0,0.00015053325
8221,test,0,0.72506255
6147,test,0,0.5457321
9986,test,0,0.7745523
10252,test,0,0.0017209435
9980,test,0,0.8208812
9000,test,0,0.31518644
9473,test,0,0.7874433
6752,test,0,0.38262954
5290,test,0,0.15307902
8171,test,0,0.14457971
4938,test,0,0.05817731
9477,test,0,0.008041296
10968,test,0,0.07710517
671,test,0,0.39416128
4961,test,0,0.86068803
1276,test,0,0.02974346
10271,test,0,0.0017966536
1940,test,0,0.0001225031
1893,test,0,0.0006529338
5367,test,0,0.0006529338
4358,test,0,0.024704237
7909,test,0,0.12666728
542,test,0,9.275301e-05
1805,test,0,0.21670869
3701,test,0,0.00028025612
6277,test,0,0.45103645
4721,test,0,0.004893561
548,test,0,0.43596408
6797,test,0,0.002651832
2821,test,0,0.51101017
3240,test,0,0.000529923
5001,test,0,0.00749638
5871,test,0,0.0002214337
2587,test,0,0.0013766965
5722,test,0,0.87407154
10391,test,0,0.0009321252
9410,test,0,0.54893243
10563,test,0,0.0722953
7907,test,0,0.0004760519
2516,test,0,0.17984232
675,test,0,0.0009492289
5230,test,0,0.40186334
475,test,0,0.252232
8180,test,0,0.0002818099
10280,test,0,0.8215171
7063,test,0,0.4009929
3157,test,0,0.87054914
3722,test,0,0.000552017
415,test,0,0.00711449
3745,test,0,0.0002512747
2540,test,0,0.5806427
7783,test,0,0.031789992
3966,test,0,0.00018952054
2592,test,0,0.014116513
7797,test,0,0.27111137
5289,test,0,0.00047993136
8777,test,0,0.0007337868
2310,test,0,0.0003320606
2546,test,0,0.5238277
5300,test,0,0.32930973
3241,test,0,0.011772644
9417,test,0,0.2871959
9125,test,0,0.5846601
4219,test,0,0.0004365886
4928,test,0,0.13581495
8145,test,0,0.00032687397
1896,test,0,0.10034542
7499,test,0,0.39416128
5461,test,0,0.006654807
1279,test,0,0.17200035
1494,test,0,0.88818866
1472,test,0,0.10021444
1328,test,0,0.08265424
167,test,0,0.053881627
4222,test,0,0.20833328
10977,test,0,0.03372201
1064,test,0,0.0087903775
5582,test,0,0.07105829
4949,test,0,0.07105829
8152,test,0,0.037790168
4463,test,0,0.5599714
1505,test,0,0.00083387207
9500,test,0,0.004480121
1792,test,0,0.5311586
2542,test,0,0.91704506
7776,test,0,0.27464825
660,test,0,0.018818663
10123,test,0,0.013684244
2340,test,0,0.0627905
172,test,0,0.00019977998
4907,test,0,0.00019977998
8546,test,0,0.040454283
584,test,0,0.07687034
6773,test,0,0.00083387207
5862,test,0,0.00083387207
10659,test,0,0.00083387207
7841,test,0,0.009676699
7726,test,0,9.377245e-05
10973,test,0,0.10021444
9002,test,0,0.0007775575
1165,test,0,0.0007986192
1066,test,0,0.6298244
6873,test,0,0.03372201
2698,test,0,0.07105829
9180,test,0,0.106657036
3311,test,0,0.35114217
2632,test,0,0.0007855413
9424,test,0,0.1378057
10251,test,0,0.31518644
6056,test,0,0.0003071589
3699,test,0,0.12791036
3814,test,0,0.08176992
7961,test,0,0.022236118
2240,test,0,0.0032527328
4062,test,0,0.009911704
3964,test,0,0.18148118
2990,test,0,0.3483853
9427,test,0,0.12791036
4952,test,0,0.02280661
4506,test,0,0.007838481
595,test,0,0.82000786
10078,test,0,0.0010952104
8776,test,0,0.0006232101
5905,test,0,0.044289052
8170,test,0,0.00083387207
4455,test,0,0.00083387207
967,test,0,0.0037247404
5859,test,0,0.098906055
6649,test,0,0.0007825565
11067,test,0,0.037790168
3621,test,0,0.00025074722
8172,test,0,0.7616561
10258,test,0,0.13279527
5578,test,0,0.3190973
5142,test,0,0.30882385
3809,test,0,0.34942123
10904,test,0,0.4889167
4205,test,0,0.0004623574
1942,test,0,4.045437e-05
1280,test,0,0.22768958
1892,test,0,0.50222254
10099,test,0,0.011772644
1901,test,0,0.011772644
4966,test,0,0.066000454
3623,test,0,0.44095606
3502,test,0,0.12791036
2303,test,0,0.08377629
5379,test,0,0.82000786
8021,test,0,0.055213366
10033,test,0,0.009688449
8848,test,0,0.62103045
5012,test,0,0.08856714
2817,test,0,0.00083387207
4364,test,0,0.00052398915
7652,test,0,0.37014514
8138,test,0,0.00017973367
776,test,0,5.2483338e-05
6427,test,0,0.0023514647
6829,test,0,0.19375448
3309,test,0,0.87182885
4732,test,0,0.00045690482
4754,test,0,0.017396193
1310,test,0,0.33862862
450,test,0,0.0005486094
8137,test,0,0.1704341
8167,test,0,7.8947494e-05
10568,test,0,0.32242578
10254,test,0,0.8906045
2518,test,0,0.0115203
5836,test,0,0.00018046248
4357,test,0,0.021659425
3314,test,0,0.010947897
5157,test,0,0.00014291031
8555,test,0,0.14291471
8188,test,0,0.09878787
567,test,0,0.0018232942
6640,test,0,0.6187952
7605,test,0,0.9118291
3987,test,0,0.6897238
8178,test,0,0.79853183
6131,test,0,0.010947897
6794,test,0,8.626373e-05
10119,test,0,0.027296012
2988,test,0,0.07105829
5839,test,0,0.07806455
10270,test,0,0.3422377
3704,test,0,0.00091392116
8946,test,0,0.02280661
7650,test,0,0.03966562
3411,test,0,0.4183362
2861,test,0,0.15435618
8773,test,0,0.44270378
3816,test,0,0.00083387207
674,test,0,0.5134744
6248,test,0,0.00083387207
3963,test,0,0.00083387207
7942,test,0,0.8728054
1173,test,0,0.00083387207
5890,test,0,0.1056815
564,test,0,0.00015748055
7947,test,0,0.0069019753
448,test,0,0.0005296708
7780,test,0,0.07818916
7496,test,0,0.32657203
7059,test,0,0.9412168
2235,test,0,0.30750623
10090,test,0,0.203155
1798,test,0,0.0013228297
5864,test,0,0.5118038
2526,test,0,0.30750623
1971,test,0,0.44031936
7134,test,0,0.118020095
9785,test,0,0.000425044
8592,test,0,0.00020502762
10111,test,0,0.000627743
5844,test,0,0.014034506
3617,test,0,0.48615283
6902,test,0,0.5831765
3304,test,0,0.36732653
10961,test,0,0.023501407
5579,test,0,0.081638314
3719,test,0,0.84121686
5588,test,0,0.19379891
4272,test,0,0.00068431353
3853,test,0,0.00027307394
600,test,0,0.001369765
6943,test,0,0.21806964
8840,test,0,0.3200608
6297,test,0,0.22801416
461,test,0,0.30882385
3700,test,0,0.0003390053
4715,test,0,0.9271762
3423,test,0,0.79518735
7785,test,0,0.0013892554
3581,test,0,0.08176992
10884,test,0,0.08176992
8410,test,0,0.00026824055
3716,test,0,0.0017209435
4217,test,0,0.017396193
7786,test,0,0.5836364
3172,test,0,0.0018608229
2524,test,0,0.00083387207
2501,test,0,0.00083387207
9787,test,0,0.5836364
2538,test,0,0.00027460046
8948,test,0,0.48466158
10969,test,0,0.00080567243
1083,test,0,0.7726077
10384,test,0,0.11031017
10663,test,0,0.007024666
6800,test,0,0.02974346
169,test,0,0.027296012
574,test,0,0.023705628
206,test,0,0.0087903775
4087,test,0,0.00019977998
5614,test,0,0.07105829
6860,test,0,0.19871408
10617,test,0,0.043165598
1897,test,0,0.02280661
7955,test,0,0.00018935182
10953,test,0,0.00029583834
4224,test,0,0.0004244189
3579,test,0,0.18729821
10581,test,0,0.038865466
6790,test,0,0.17938377
10897,test,0,0.115234055
510,test,0,0.29025888
10664,test,0,0.5928919
5111,test,0,0.0035595852
7600,test,0,0.11406147
6283,test,0,0.46342054
9984,test,0,0.00083387207
8194,test,0,0.007954018
4728,test,0,0.017396193
7557,test,0,5.2483338e-05
1331,test,0,0.13575968
570,test,0,0.49444678
360,test,0,0.0015006956
9928,test,0,0.9270174
5849,test,0,0.9237669
5116,test,0,0.0006661872
9112,test,0,0.113298304
4905,test,0,4.045437e-05
468,test,0,0.2965626
6416,test,0,0.0009686392
10632,test,0,0.24723913
26,test,0,0.00023123136
7793,test,0,0.00039445172
6419,test,0,0.001293062
1077,test,0,0.24723913
5298,test,0,0.007041019
6431,test,0,0.010947897
6648,test,0,0.011772644
9917,test,0,0.0032527328
864,test,0,0.0032527328
772,test,0,0.00022169121
1939,test,0,0.0087903775
7849,test,0,0.11920234
9634,test,0,0.00024029851
4348,test,0,0.02974346
5863,test,0,0.00045368104
4069,test,0,0.0087903775
445,test,0,0.00057176134
9476,test,0,0.0005234186
10027,test,0,0.00052471115
8593,test,0,0.6083898
156,test,0,0.23196377
7565,test,0,0.86861956
2521,test,0,0.0007855413
8600,test,0,0.00021621436
7555,test,0,0.03966562
8147,test,0,0.00020955734
4362,test,0,0.0006664304
2502,test,0,0.27847925
1008,test,0,0.00032448195
3337,test,0,0.00046657806
560,test,0,0.00019851877
1290,test,0,0.0009705783
350,test,0,0.6662874
1463,test,0,0.0005458268
10021,test,0,0.002924081
6250,test,0,0.00042261786
5857,test,0,0.0003863182
9463,test,0,0.0009544438
366,test,0,0.0008156015
4198,test,0,0.00047905536
2506,test,0,0.0015598335
7781,test,0,0.0007559727
4995,test,0,0.51580346
3406,test,0,0.51101017
3247,test,0,0.0002537719
3807,test,0,0.35033765
661,test,0,6.537811e-05
408,test,0,0.00024645057
10132,test,0,0.00083387207
3710,test,0,0.017396193
6903,test,0,0.0002659005
4088,test,0,0.017396193
6295,test,0,0.00024645057
359,test,0,0.0037549604
4066,test,0,0.00017973367
3260,test,0,0.94218105
170,test,0,0.00083387207
10577,test,0,0.0005714135
43,test,0,0.07710517
3741,test,0,0.047593255
4279,test,0,7.278837e-05
342,test,0,0.46798006
583,test,0,0.0001815181
4196,test,0,7.278837e-05
31,test,0,0.06942996
9468,test,0,0.0002908813
7602,test,0,0.0019379467
3303,test,0,0.00037052503
5931,test,0,0.203155
7617,test,0,0.62703764
5257,test,0,0.48928207
4518,test,0,0.20717834
2623,test,0,0.009374877
1502,test,0,0.010947897
2504,test,0,0.014034506
4375,test,0,7.092323e-05
9416,test,0,7.0609975e-05
8560,test,0,0.0087903775
5847,test,0,0.082600385
10612,test,0,0.44985867
3341,test,0,0.0008308538
1975,test,0,0.010947897
4457,test,0,0.21240671
736,test,0,0.009941688
6664,test,0,0.00057176134
5718,test,0,0.17077316
2955,test,0,0.0008619361
9130,test,0,0.042927567
8169,test,0,0.47273475
7505,test,0,0.3406752
3327,test,0,0.000627743
4278,test,0,0.080045946
1784,test,0,0.00028541806
10630,test,0,0.31674877
3302,test,0,0.19146807
9799,test,0,0.2245792
1200,test,0,0.00015702608
9444,test,0,0.0007855413
3872,test,0,0.0006520399
6437,test,0,0.02280661
6953,test,0,0.08377629
2808,test,0,0.7035216
453,test,0,0.02280661
9004,test,0,0.0005499384
5867,test,0,0.30336645
1063,test,0,0.00015053325
3849,test,0,0.82000786
4906,test,0,0.00053297577
9009,test,0,0.044011097
10089,test,0,0.0009564356
2853,test,0,0.00073035434
8081,test,0,0.0003558448
8025,test,0,0.0006232101
6754,test,0,0.71694195
10097,test,0,0.23648854
497,test,0,0.47234344
7568,test,0,0.19820437
8971,test,0,0.66654605
6836,test,0,0.55347496
10951,test,0,0.0007664637
10623,test,0,0.00041464405
219,test,0,0.19610836
4897,test,0,0.0013323925
4271,test,0,0.0005758374
3171,test,0,0.017396193
4740,test,0,0.017396193
3255,test,0,0.46342054
7558,test,0,0.15305926
5729,test,0,0.6961897
4930,test,0,0.040999085
155,test,0,7.916393e-05
1026,test,0,0.32955873
5639,test,0,0.066724256
9804,test,0,0.022433309
452,test,0,0.022433309
7933,test,0,0.2697791
9185,test,0,0.007954018
5754,test,0,0.00051951036
1642,test,0,0.18222795
4669,test,0,0.06807673
8426,test,0,0.077732936
10375,test,0,0.9299617
2780,test,0,0.00029728143
7680,test,0,0.6135576
3979,test,0,0.279018
5371,test,0,0.5108744
2637,test,0,0.66440344
3345,test,0,0.8627305
645,test,0,0.4509309
3342,test,0,0.82903403
8142,test,0,0.56284803
3729,test,0,0.107845366
8035,test,0,0.107845366
7792,test,0,0.113298304
4971,test,0,9.8713106e-05
1285,test,0,0.107845366
7717,test,0,0.01389003
7616,test,0,0.08172589
1312,test,0,0.107845366
10428,test,0,4.045437e-05
5635,test,0,0.01389003
9191,test,0,0.61845624
578,test,0,0.00020894942
7292,test,0,0.03140575
505,test,0,0.16863844
862,test,0,0.0037659702
7566,test,0,0.34022585
4656,test,0,0.054420084
2523,test,0,0.8874785
8203,test,0,0.203155
2785,test,0,0.3084825
1930,test,0,0.098924205
29,test,0,0.7847809
7953,test,0,0.00038215253
6827,test,0,0.0004306913
3955,test,0,0.00018708664
3335,test,0,0.40747884
1793,test,0,0.00042284434
1948,test,0,0.17057239
5009,test,0,0.19271466
3984,test,0,0.19271466
3735,test,0,0.3086724
1078,test,0,0.26150268
5299,test,0,0.054420084
8439,test,0,0.00042284434
8146,test,0,0.0008472867
643,test,0,0.0001939746
28,test,0,0.37777308
556,test,0,0.45628002
1924,test,0,0.00043429044
6627,test,0,0.9020455
6057,test,0,0.8371458
5915,test,0,0.5683647
5251,test,0,0.08258804
648,test,0,0.14013638
2307,test,0,0.2928988
8432,test,0,0.0062713022
7649,test,0,0.0017065972
775,test,0,0.3946878
73,test,0,0.0008114236
10246,test,0,5.2483338e-05
1004,test,0,0.51101017
3413,test,0,0.23996837
1927,test,0,0.00083387207
161,test,0,5.2483338e-05
1788,test,0,0.06049938
4460,test,0,0.39292547
5833,test,0,0.008332236
3262,test,0,0.00043930698
3500,test,0,0.4080937
554,test,0,0.0011692039
717,test,0,0.0017311999
1204,test,0,0.20164275
4852,test,0,0.0023115405
5854,test,0,0.0024943016
5627,test,0,0.31348675
721,test,0,0.48948786
5052,test,0,0.00032420582
6650,test,0,0.00477946
734,test,0,0.00015663846
3270,test,0,0.7552643
10264,test,0,0.62703764
9982,test,0,0.0066955932
3981,test,0,0.0749594
9480,test,0,0.00083076314
4719,test,0,0.0005521236
7791,test,0,0.011772644
8783,test,0,0.0032527328
8999,test,0,0.0032527328
5003,test,0,0.003405817
3608,test,0,0.0008667066
3300,test,0,0.082600385
4969,test,0,0.014116513
9452,test,0,0.00019977998
6748,test,0,0.0003873648
4462,test,0,0.0003372933
3273,test,0,0.00023830871
8149,test,0,0.046721604
467,test,0,0.1422242
6765,test,0,0.00057176134
5591,test,0,0.00057176134
1922,test,0,0.0004918646
3276,test,0,0.0009800512
5395,test,0,0.00015053325
1969,test,0,0.52208984
6769,test,0,0.00015053325
2797,test,0,0.08419488
2525,test,0,0.31734246
1060,test,0,0.45495167
368,test,0,0.026754105
10104,test,0,0.39760822
4083,test,0,0.07621987
6870,test,0,0.0010219777
4072,test,0,0.17938377
536,test,0,0.0022656582
5723,test,0,0.3137403
5046,test,0,0.0002472932
6415,test,0,4.045437e-05
5108,test,0,0.00057447754
10441,test,0,0.09986237
5865,test,0,0.61845624
4863,test,0,0.074033424
5050,test,0,0.0024256238
5403,test,0,0.0087903775
5914,test,0,0.00032687397
731,test,0,0.008140475
7500,test,0,0.08377629
5370,test,0,0.03966562
6775,test,0,0.0046650763
4942,test,0,0.061966352
10902,test,0,0.0012089302
3864,test,0,0.005058995
9975,test,0,0.014034506
8184,test,0,0.5431756
5118,test,0,0.0021476531
3310,test,0,0.1558403
9916,test,0,0.0003654175
5590,test,0,0.30079958
9503,test,0,0.010947897
8594,test,0,0.0032527328
6880,test,0,0.0032527328
5126,test,0,4.959237e-05
7676,test,0,4.959237e-05
10034,test,0,0.012204142
7682,test,0,0.11002549
3298,test,0,0.00016011272
6435,test,0,0.013684244
964,test,0,0.00019977998
1082,test,0,0.00021554765
1024,test,0,0.00018142899
676,test,0,0.00019977998
8784,test,0,0.0005180479
75,test,0,0.00078462414
10903,test,0,0.0013043428
10660,test,0,0.096155055
10392,test,0,0.0087903775
9650,test,0,0.10705386
6424,test,0,0.00019977998
1506,test,0,0.02974346
3426,test,0,0.00024029851
5624,test,0,0.00017012187
670,test,0,0.00020386562
3410,test,0,0.00059692585
9474,test,0,0.19166714
7563,test,0,0.24989094
589,test,0,0.032063983
7135,test,0,0.16871911
3338,test,0,0.0018063602
2612,test,0,0.15277816
3983,test,0,0.00031967624
6604,test,0,0.0007189966
582,test,0,0.0026979628
2179,test,0,0.18501407
646,test,0,0.000627743
10886,test,0,0.0006087445
2334,test,0,0.0016136181
5636,test,0,0.9082272
2776,test,0,0.0014339649
5842,test,0,0.026754105
6257,test,0,0.12791036
5928,test,0,0.03966562
11084,test,0,0.00015053325
6141,test,0,0.00015053325
7673,test,0,0.08377629
9012,test,0,0.051387172
4082,test,0,0.00015702608
4723,test,0,0.26588312
9409,test,0,0.00053660054
998,test,0,0.00015053325
4063,test,0,0.038865466
5587,test,0,0.46914673
5396,test,0,0.0009705783
4917,test,0,0.1558403
10497,test,0,0.13279527
1061,test,0,0.10659367
7678,test,0,0.41601664
2701,test,0,0.00033924583
8844,test,0,0.00023298585
7950,test,0,0.00020955734
572,test,0,0.720964
4739,test,0,0.00033924583
3806,test,0,0.027033696
9796,test,0,0.41498277
4708,test,0,0.00018701654
8549,test,0,0.00043062543
2342,test,0,0.05999096
1022,test,0,0.0006232101
9701,test,0,0.00018701654
3154,test,0,0.06757621
9637,test,0,0.30022433
969,test,0,0.0003390053
5026,test,0,0.0003390053
5589,test,0,0.0018845963
5615,test,0,0.00506678
10578,test,0,0.00045016065
10512,test,0,0.41422042
5240,test,0,0.0008801566
2786,test,0,0.48782066
416,test,0,0.0017240954
6366,test,0,0.5543706
4925,test,0,0.97424525
3336,test,0,0.000353625
407,test,0,0.0006315245
4226,test,0,0.19820437
5237,test,0,0.0017209435
6755,test,0,0.4801515
4970,test,0,0.51101017
5381,test,0,0.1378057
1795,test,0,0.017396193
2072,test,0,0.18139738
7773,test,0,0.0022731384
952,test,0,0.0002659005
6399,test,0,5.2483338e-05
5471,test,0,0.35033765
1316,test,0,0.36981407
4200,test,0,0.00083387207
10260,test,0,0.00015213715
5840,test,0,0.3946878
410,test,0,0.066724256
10127,test,0,0.00016554003
8079,test,0,0.14522351
3993,test,0,0.00027460046
9426,test,0,0.0010415234
9923,test,0,0.6954547
78,test,0,0.5022229
4730,test,0,0.2997413
10094,test,0,0.00018893972
3827,test,0,0.46282333
9421,test,0,0.0077805547
7309,test,0,0.059712265
6815,test,0,0.3859084
10108,test,0,0.00027554433
7714,test,0,0.052415125
9022,test,0,0.76490545
3244,test,0,0.08172589
652,test,0,0.014637724
1471,test,0,0.0001815181
3990,test,0,0.00026387707
10379,test,0,4.219954e-05
8417,test,0,4.045437e-05
4929,test,0,0.014637724
7710,test,0,0.0001399444
211,test,0,0.26283458
4202,test,0,0.0007436129
6777,test,0,0.7882125
5879,test,0,0.81894225
3256,test,0,7.8947494e-05
7507,test,0,0.074033424
569,test,0,0.003832642
1315,test,0,0.0714176
37,test,0,0.0001939746
9469,test,0,0.9412168
533,test,0,0.002986125
9006,test,0,0.001111817
10880,test,0,0.20885973
6400,test,0,0.9502242
8218,test,0,0.00037315243
7315,test,0,0.08958396
3954,test,0,0.3703533
2315,test,0,0.00042684417
10245,test,0,0.34022585
5617,test,0,0.00029224946
579,test,0,0.000250736
3978,test,0,0.19997294
4895,test,0,0.00017699506
4714,test,0,0.007466557
5250,test,0,0.44253263
2324,test,0,0.91704506
2691,test,0,0.00016094923
7838,test,0,0.00021270291
3863,test,0,0.00021270291
5235,test,0,0.0032527328
2069,test,0,0.0032527328
8161,test,0,0.0032527328
2594,test,0,0.0032527328
6791,test,0,0.0032527328
7144,test,0,0.0032527328
6657,test,0,0.0032527328
506,test,0,5.3506992e-05
7550,test,0,0.016433017
8159,test,0,0.023012063
773,test,0,0.00022169121
11079,test,0,0.0014408831
1465,test,0,0.0008308538
654,test,0,0.20354189
5241,test,0,0.0087903775
4720,test,0,0.0027762912
2794,test,0,0.00019977998
72,test,0,0.00080942496
5932,test,0,0.015515945
10898,test,0,0.013684244
10962,test,0,0.00019662593
5281,test,0,0.0087903775
9930,test,0,0.00016871437
6942,test,0,0.022679508
3737,test,0,0.0087903775
9418,test,0,0.021460185
8310,test,0,0.0022042852
655,test,0,0.00032687397
6960,test,0,0.00032687397
5897,test,0,0.00032687397
7293,test,0,0.00044764348
6434,test,0,0.042927567
8076,test,0,0.00033228417
3870,test,0,0.00031967624
6948,test,0,0.00031967624
367,test,0,0.07806455
1320,test,0,0.07806455
3825,test,0,0.00031967624
6422,test,0,0.28695697
6899,test,0,0.18276682
3835,test,0,0.6561159
8958,test,0,0.000627743
7711,test,0,0.000627743
7778,test,0,0.16246484
10499,test,0,0.22674306
5903,test,0,0.001138308
4270,test,0,0.001138308
2622,test,0,0.3422377
7501,test,0,0.16405909
6058,test,0,0.0007430532
2803,test,0,0.5678923
27,test,0,0.03966562
8554,test,0,0.00094382424
8141,test,0,0.03966562
4293,test,0,0.00015053325
3830,test,0,0.00016241458
10122,test,0,0.026754105
509,test,0,6.0732487e-05
6806,test,0,0.026754105
1970,test,0,0.00076241046
9972,test,0,0.3794967
4663,test,0,0.3370522
4855,test,0,0.0005060302
2610,test,0,0.000450348
9635,test,0,0.41577145
4346,test,0,0.78318644
6772,test,0,0.37463427
9498,test,0,0.0020949945
7848,test,0,0.007838481
7801,test,0,0.09375057
2065,test,0,0.00034687656
860,test,0,0.00019851877
4223,test,0,0.00083015335
5015,test,0,0.055213366
4946,test,0,0.00023298585
2859,test,0,0.00023298585
3420,test,0,0.0002320136
6139,test,0,0.0003390053
5247,test,0,0.831786
8150,test,0,0.0003390053
6822,test,0,0.0003390053
5575,test,0,0.80404377
1802,test,0,0.87398255
6368,test,0,0.63734657
5594,test,0,0.0012360122
1274,test,0,0.00035974965
1899,test,0,0.46342054
6647,test,0,5.2483338e-05
7712,test,0,0.017396193
4355,test,0,0.0570929
5021,test,0,0.0003903658
6862,test,0,0.00011774998
4916,test,0,0.11406147
3848,test,0,0.0003903658
10257,test,0,5.2483338e-05
5645,test,0,9.777832e-05
3618,test,0,0.00083387207
5008,test,0,3.205815e-05
2068,test,0,9.777832e-05
3254,test,0,0.00015286815
353,test,0,0.5871054
6064,test,0,7.916393e-05
6282,test,0,0.13565032
10574,test,0,0.5190187
3803,test,0,0.00083387207
2611,test,0,0.2194625
4847,test,0,0.017396193
6359,test,0,0.08176992
2953,test,0,0.0017209435
1630,test,0,5.2483338e-05
499,test,0,0.5768292
7777,test,0,0.00013262179
6136,test,0,0.0005758374
586,test,0,0.00083387207
10900,test,0,0.00016170437
5467,test,0,3.205815e-05
4744,test,0,0.41423467
7511,test,0,0.004764968
9705,test,0,7.784505e-05
9644,test,0,3.205815e-05
4074,test,0,0.0013551648
6808,test,0,0.84371394
455,test,0,0.0007752998
9802,test,0,0.00028757344
440,test,0,0.00023876151
6751,test,0,0.6304461
2532,test,0,0.001158281
5924,test,0,0.49444678
3828,test,0,0.00029627132
8415,test,0,0.0029142546
5717,test,0,0.1056815
9707,test,0,0.597022
2992,test,0,0.38675416
4519,test,0,0.001158281
10899,test,0,0.000116200004
2318,test,0,0.008777889
3859,test,0,4.045437e-05
4508,test,0,0.0006661872
5378,test,0,4.045437e-05
4659,test,0,0.00027554433
507,test,0,0.10021444
4726,test,0,0.0043308297
10887,test,0,0.052415125
4998,test,0,0.0054276767
7975,test,0,0.00087903265
2997,test,0,0.00014791249
6610,test,0,0.0035738577
6365,test,0,0.000116200004
868,test,0,0.000116200004
6296,test,0,0.00015180082
4896,test,0,0.0011477546
2243,test,0,0.00015180082
2491,test,0,0.00096062425
551,test,0,0.16409345
4964,test,0,0.0011355241
1072,test,0,0.000740736
6959,test,0,0.014637724
7145,test,0,0.00024490716
6767,test,0,0.2289517
10386,test,0,0.0026571369
10582,test,0,0.21548666
7146,test,0,0.007982359
9448,test,0,0.0013595452
11083,test,0,0.0013595452
4211,test,0,0.00016168125
5037,test,0,0.0013766965
7504,test,0,0.000949194
2631,test,0,0.00062641146
2536,test,0,0.009068611
2865,test,0,0.009068611
6063,test,0,0.00024578298
81,test,0,0.0026321034
9795,test,0,0.00983545
7058,test,0,0.0006840794
9926,test,0,0.0002908813
1904,test,0,0.00026731737
3847,test,0,0.00016168125
171,test,0,0.0006347419
3583,test,0,0.00026731737
1501,test,0,0.00024490716
5888,test,0,0.0005495174
9467,test,0,0.15209852
5031,test,0,0.001293062
2060,test,0,0.00013936445
10963,test,0,0.003508291
6821,test,0,0.15209852
2993,test,0,0.00035302862
8544,test,0,0.4560055
11081,test,0,0.0017654324
8139,test,0,0.6699371
5231,test,0,0.00062641146
332,test,0,0.6223378
4862,test,0,0.00035974965
3717,test,0,0.00051755086
1919,test,0,0.0002537719
10560,test,0,0.00056910724
1910,test,0,0.00046051195
2686,test,0,0.0007559727
6762,test,0,0.010422404
5234,test,0,0.0016544964
8973,test,0,0.1378057
6369,test,0,0.0014333383
6813,test,0,0.11406147
504,test,0,0.0016375281
6426,test,0,0.00047270683
8843,test,0,0.00034258986
3748,test,0,0.017396193
6944,test,0,0.022433309
447,test,0,0.00083387207
6278,test,0,0.00012643672
6884,test,0,0.00016554003
9447,test,0,0.000102778286
10614,test,0,0.0003903658
4911,test,0,0.00016554003
2238,test,0,0.00083387207
1293,test,0,0.017396193
10086,test,0,5.2483338e-05
9035,test,0,0.11260798
4653,test,0,0.10909579
5143,test,0,0.017396193
11078,test,0,0.017396193
3497,test,0,7.784505e-05
2535,test,0,3.205815e-05
1287,test,0,7.916393e-05
963,test,0,0.27884594
6420,test,0,0.017396193
4347,test,0,0.00083387207
1003,test,0,0.17046241
10023,test,0,0.000102778286
6890,test,0,0.22444868
9792,test,0,5.2483338e-05
3257,test,0,0.00016554003
10390,test,0,0.017396193
5053,test,0,0.0015353172
10906,test,0,0.0016968036
5861,test,0,0.0007310371
9041,test,0,0.0007310371
1223,test,0,0.007954018
4734,test,0,5.2483338e-05
5121,test,0,0.10909579
8774,test,0,0.00354943
24,test,0,0.5701237
435,test,0,0.00017973367
1806,test,0,0.017396193
1933,test,0,0.00028757344
6895,test,0,0.00084541255
1301,test,0,0.000306777
553,test,0,0.00018893972
8959,test,0,0.02673432
2494,test,0,0.49808985
9963,test,0,0.13575968
1327,test,0,0.00018893972
356,test,0,0.000351962
6409,test,0,0.000306777
3855,test,0,0.0059047174
5114,test,0,0.5192011
3733,test,0,0.9300244
355,test,0,0.0026104813
1081,test,0,0.077732936
2826,test,0,0.13575968
5882,test,0,0.90659416
9510,test,0,0.0008434424
437,test,0,0.000306777
8968,test,0,0.6458322
585,test,0,0.279018
9182,test,0,0.23711395
3319,test,0,0.63609064
6405,test,0,0.53335464
1804,test,0,0.0011792897
4351,test,0,0.5366004
3851,test,0,4.045437e-05
9699,test,0,0.0005884843
8423,test,0,0.0001815181
3989,test,0,0.00014791249
9993,test,0,0.053881627
4368,test,0,0.878136
3865,test,0,4.045437e-05
10382,test,0,0.47076792
6048,test,0,0.00014791249
5254,test,0,0.11826006
7720,test,0,0.00017298145
7498,test,0,0.0024501
3867,test,0,0.9076141
10569,test,0,0.80642724
8179,test,0,0.0035884415
9121,test,0,0.000104341205
10434,test,0,0.0007270787
7911,test,0,0.07818916
10877,test,0,0.0011792897
9793,test,0,0.01389003
10440,test,0,0.0002081298
10075,test,0,0.36494443
9969,test,0,7.278837e-05
9786,test,0,0.00017298145
4060,test,0,0.0022870502
9120,test,0,0.00014791249
7970,test,0,0.00088366953
5153,test,0,0.6441119
7304,test,0,0.00014791249
4001,test,0,4.045437e-05
4675,test,0,0.0003859889
5000,test,0,0.0011477546
2305,test,0,4.045437e-05
7643,test,0,7.8947494e-05
8591,test,0,0.053881627
9962,test,0,4.045437e-05
8967,test,0,0.00026661332
4745,test,0,5.0393908e-05
9038,test,0,0.014637724
4838,test,0,0.09986237
10092,test,0,0.07710517
6284,test,0,0.00027981505
4837,test,0,0.00011287678
3837,test,0,0.00019105786
6885,test,0,4.045437e-05
8442,test,0,7.8947494e-05
5010,test,0,0.00023799104
7311,test,0,0.9199174
4830,test,0,0.0006135672
9920,test,0,0.0012370074
2806,test,0,0.00048329408
6138,test,0,0.00018357352
3965,test,0,0.00028436934
7935,test,0,0.00014487674
1296,test,0,0.54429615
11065,test,0,0.0013766965
3958,test,0,0.0022992447
8540,test,0,0.00056539424
1932,test,0,0.0129758995
2498,test,0,0.00089023815
436,test,0,0.775864
2320,test,0,0.00016649379
7142,test,0,0.60550654
9001,test,0,0.0066955932
10896,test,0,0.30079958
2595,test,0,0.00024490716
557,test,0,0.00024496554
2958,test,0,0.5018251
9967,test,0,0.00027030747
8020,test,0,0.00047427503
3159,test,0,0.22237901
82,test,0,0.0008615974
1284,test,0,0.001293062
3838,test,0,0.6604351
2810,test,0,0.0071177376
346,test,0,0.7552643
6763,test,0,0.50222254
2696,test,0,0.87834513
10001,test,0,0.74103343
3714,test,0,0.47058338
3331,test,0,0.8062479
8210,test,0,0.0010276624
3249,test,0,0.012533897
3308,test,0,0.00024490716
7056,test,0,0.00024730997
2061,test,0,0.0018944823
3347,test,0,0.003515597
5868,test,0,0.8597925
1914,test,0,0.8163718
1639,test,0,0.00034249533
210,test,0,0.00095029344
4363,test,0,0.0071177376
3278,test,0,0.00032452092
4280,test,0,0.00032452092
5382,test,0,0.000552017
1466,test,0,0.507138
713,test,0,0.1001314
7295,test,0,7.149983e-05
4356,test,0,0.0071177376
10022,test,0,0.0071177376
4948,test,0,0.08446847
456,test,0,0.72675264
10974,test,0,0.08446847
6362,test,0,0.12201903
7798,test,0,0.87896615
215,test,0,0.08446847
4209,test,0,0.013665592
9803,test,0,0.012709957
9977,test,0,0.00014799983
4725,test,0,0.011772644
4370,test,0,0.012709957
3494,test,0,0.0032527328
3265,test,0,0.0008905954
7645,test,0,0.0037247404
2520,test,0,0.0032527328
534,test,0,0.012635076
457,test,0,0.015515945
2814,test,0,0.00025725624
502,test,0,0.00037962824
8154,test,0,0.009911704
4749,test,0,0.0008667066
543,test,0,0.00019977998
8957,test,0,0.0087903775
3316,test,0,0.00018952054
9505,test,0,0.0006796874
7774,test,0,0.00058260176
4513,test,0,0.009911704
9800,test,0,0.00019977998
774,test,0,0.00089910027
7647,test,0,0.0115203
10427,test,0,0.00057815126
6142,test,0,0.00019977998
2508,test,0,0.00019977998
5034,test,0,0.00019977998
5287,test,0,0.0087903775
7966,test,0,0.10705386
1498,test,0,0.0032527328
8160,test,0,0.10705386
6947,test,0,0.0087903775
5463,test,0,0.3499402
9996,test,0,0.00032687397
9501,test,0,0.07648158
4738,test,0,0.00032687397
573,test,0,0.07105829
5125,test,0,0.0008079693
3160,test,0,0.00023877222
6358,test,0,0.08129143
9918,test,0,0.06795928
9453,test,0,0.19806324
4940,test,0,0.08129143
1324,test,0,0.046721604
3425,test,0,0.023501407
6363,test,0,0.00031967624
6134,test,0,0.00025343505
9460,test,0,0.00031967624
1801,test,0,0.30389377
5855,test,0,0.001565317
6433,test,0,0.00025343505
669,test,0,0.00030322856
6887,test,0,0.00031967624
2692,test,0,0.00031967624
4756,test,0,0.0008422377
8183,test,0,0.081638314
6901,test,0,0.14614524
10882,test,0,0.042927567
8163,test,0,0.07806455
451,test,0,0.000793579
5032,test,0,0.00031967624
1636,test,0,0.04883249
8846,test,0,0.00031967624
4923,test,0,0.042927567
6260,test,0,0.21469782
5583,test,0,0.02725741
9178,test,0,0.0012031588
2627,test,0,0.03972348
4910,test,0,0.03972348
2640,test,0,0.7371083
2519,test,0,0.00028447076
8835,test,0,0.0015509696
8552,test,0,0.00068698346
10576,test,0,0.0009540238
2500,test,0,0.32529438
9465,test,0,0.3101803
8078,test,0,0.37950173
463,test,0,0.00054864946
8187,test,0,0.32529438
2782,test,0,0.6558802
5646,test,0,0.0011064743
6050,test,0,0.00032338593
10500,test,0,0.00032338593
5887,test,0,0.27291954
9502,test,0,0.0007430532
1304,test,0,0.0007430532
4860,test,0,0.00015053325
5280,test,0,0.0008761737
8207,test,0,0.0015469887
7779,test,0,0.7695418
6061,test,0,0.0014339649
10876,test,0,0.22640975
5620,test,0,0.00015053325
1009,test,0,0.00015053325
6654,test,0,0.18729821
1071,test,0,0.00018751345
2184,test,0,0.00012467537
9457,test,0,0.21670869
8775,test,0,0.10239156
9036,test,0,0.00018751345
5164,test,0,0.00018751345
8077,test,0,0.0043695974
1213,test,0,0.00094382424
2703,test,0,0.00015053325
5402,test,0,0.00015053325
3869,test,0,0.21670869
3860,test,0,0.00027307394
3431,test,0,0.00019383298
9645,test,0,0.00023327861
6663,test,0,0.12791036
3839,test,0,0.00015778659
8037,test,0,0.00015053325
157,test,0,0.0005499384
10611,test,0,0.03966562
2312,test,0,0.03966562
2537,test,0,0.4183362
3726,test,0,0.00015053325
4064,test,0,0.11673538
8174,test,0,0.21670869
2634,test,0,0.12666728
214,test,0,0.00015053325
1016,test,0,0.03966562
2327,test,0,0.2871959
9199,test,0,0.00074783555
4081,test,0,0.046403043
3492,test,0,0.27847925
8545,test,0,0.35421246
1069,test,0,0.09375057
10124,test,0,0.0006664304
7958,test,0,0.055213366
9458,test,0,0.00077732856
6641,test,0,0.0005418528
10658,test,0,0.0021476531
2818,test,0,0.000905894
5297,test,0,0.00020955734
1001,test,0,0.038865466
6823,test,0,0.00020955734
4746,test,0,0.00020955734
5374,test,0,0.0009271023
5755,test,0,0.33513317
3350,test,0,0.038865466
2858,test,0,0.0003395205
4194,test,0,0.13279527
209,test,0,0.00023298585
8557,test,0,0.0038571698
9643,test,0,0.0004944036
5629,test,0,0.00020955734
3340,test,0,0.7160321
4353,test,0,0.0013172288
8220,test,0,0.22801416
597,test,0,0.00023298585
1309,test,0,0.0017494829
8963,test,0,0.00023298585
7554,test,0,0.00023298585
8307,test,0,0.003032691
10503,test,0,0.0010219777
10020,test,0,0.00033924583
1208,test,0,0.00097058946
3339,test,0,0.673061
865,test,0,0.0008114236
3326,test,0,0.006654149
2824,test,0,0.0010521781
7138,test,0,0.54198307
1216,test,0,0.0031600345
10107,test,0,0.003224081
41,test,0,0.6325576
4716,test,0,0.71694195
4748,test,0,0.24419259
10274,test,0,0.19820437
6356,test,0,0.00045016065
8189,test,0,0.001638594
5896,test,0,0.00047905536
7788,test,0,0.00041464405
5920,test,0,0.11615505
2512,test,0,0.013831747
3999,test,0,0.9062822
1311,test,0,0.00035974965
9194,test,0,0.491183
71,test,0,0.0001653408
1065,test,0,0.31325138
3610,test,0,0.005761847
45,test,0,0.30882385
149,test,0,0.67343646
1800,test,0,0.0005533522
10966,test,0,0.00035974965
10636,test,0,0.00041464405
5881,test,0,0.00045690482
5013,test,0,0.0008016481
3261,test,0,0.8845035
1018,test,0,0.0008801566
5719,test,0,0.0008801566
7912,test,0,0.61329323
5156,test,0,0.00045690482
10071,test,0,0.0008733602
5728,test,0,0.0008801566
163,test,0,0.18821193
5366,test,0,0.0002537719
1794,test,0,0.00045690482
4361,test,0,0.6874202
7302,test,0,0.49316648
4654,test,0,0.00035974965
778,test,0,0.00011774998
8143,test,0,0.00045016065
10028,test,0,0.0008455434
10872,test,0,0.0002537719
2505,test,0,0.11640112
7719,test,0,0.0003390053
5377,test,0,0.00035974965
2693,test,0,0.005418608
3616,test,0,0.0032920593
2787,test,0,0.0010168076
3840,test,0,0.6325576
3577,test,0,0.26804844
1789,test,0,0.00045690482
9123,test,0,0.0007251536
1509,test,0,0.36694196
5295,test,0,0.0004735861
6825,test,0,0.00031610613
9177,test,0,0.0010961832
2860,test,0,0.30882385
7932,test,0,0.006322933
10070,test,0,0.0002537719
3808,test,0,0.035303287
10570,test,0,5.66262e-05
4755,test,0,5.2483338e-05
5616,test,0,0.00023482283
7653,test,0,0.00021227825
8965,test,0,0.10909579
5384,test,0,0.00012643672
1000,test,0,5.2483338e-05
2522,test,0,0.49492124
5286,test,0,0.0002537719
8043,test,0,0.0002537719
5892,test,0,5.2483338e-05
10635,test,0,0.00026824055
8148,test,0,0.00033997025
10000,test,0,0.45043236
5727,test,0,5.2483338e-05
2812,test,0,0.15305926
6818,test,0,5.2483338e-05
5293,test,0,0.001176813
7963,test,0,0.36694196
7904,test,0,0.00068674155
4924,test,0,0.00068674155
6129,test,0,0.0002537719
4753,test,0,0.0002537719
9504,test,0,0.0002537719
3712,test,0,0.7673533
1913,test,0,0.0002537719
4085,test,0,0.0004584831
5923,test,0,0.0002537719
4086,test,0,0.0002537719
4731,test,0,0.1251172
10248,test,0,7.784505e-05
10626,test,0,5.2483338e-05
7057,test,0,0.066724256
1326,test,0,5.2483338e-05
9973,test,0,5.2483338e-05
5141,test,0,0.017396193
8849,test,0,7.916393e-05
3328,test,0,0.00030915227
6133,test,0,0.7673533
4943,test,0,0.26121184
10895,test,0,0.08176992
2311,test,0,0.017396193
3738,test,0,5.2483338e-05
6412,test,0,5.2483338e-05
5024,test,0,0.0570929
2866,test,0,5.2483338e-05
6256,test,0,3.205815e-05
10610,test,0,5.2483338e-05
2599,test,0,3.205815e-05
6875,test,0,0.085912645
10960,test,0,6.537811e-05
561,test,0,5.2483338e-05
5112,test,0,0.000102778286
74,test,0,0.1378057
3321,test,0,5.66262e-05
1288,test,0,5.2483338e-05
1277,test,0,0.022433309
10105,test,0,5.2483338e-05
9184,test,0,0.0002611368
726,test,0,0.00014207551
11068,test,0,0.00031610613
535,test,0,0.0002537719
8208,test,0,0.0002537719
462,test,0,7.916393e-05
1012,test,0,5.2483338e-05
7641,test,0,0.066724256
140,test,0,3.205815e-05
8195,test,0,0.3485049
4752,test,0,0.00023482283
3956,test,0,0.08856714
9128,test,0,0.00014207551
8850,test,0,5.2483338e-05
8166,test,0,3.205815e-05
6900,test,0,0.18139738
1632,test,0,6.537811e-05
2309,test,0,0.2697791
3325,test,0,0.017396193
4932,test,0,0.017396193
11073,test,0,0.5134744
2702,test,0,5.2483338e-05
5041,test,0,7.784505e-05
9115,test,0,6.537811e-05
2495,test,0,0.0016731793
5389,test,0,5.2483338e-05
5390,test,0,5.2483338e-05
5641,test,0,5.2483338e-05
7789,test,0,6.537811e-05
657,test,0,0.00023482283
591,test,0,0.08856714
2959,test,0,3.205815e-05
25,test,0,0.017396193
9979,test,0,9.777832e-05
5716,test,0,5.2483338e-05
5148,test,0,0.00071974145
5233,test,0,0.0035595852
9005,test,0,0.00030090223
44,test,0,5.2483338e-05
6881,test,0,5.2483338e-05
3723,test,0,0.017396193
7618,test,0,5.2483338e-05
9998,test,0,0.000102778286
8430,test,0,5.2483338e-05
10091,test,0,0.00012643672
727,test,0,0.5190187
9193,test,0,5.2483338e-05
4757,test,0,0.007954018
8424,test,0,5.2483338e-05
5006,test,0,0.00014609058
1947,test,0,0.00014207551
6054,test,0,0.0002537719
1015,test,0,0.11406147
6824,test,0,5.2483338e-05
8838,test,0,0.017396193
3725,test,0,5.2483338e-05
3820,test,0,0.0570929
3833,test,0,0.0007445066
10389,test,0,0.50317127
722,test,0,0.06491563
8537,test,0,5.2483338e-05
5376,test,0,0.00023482283
7944,test,0,0.017396193
1017,test,0,0.00068488665
8440,test,0,3.205815e-05
5902,test,0,0.11406147
9506,test,0,0.11406147
2496,test,0,0.10909579
10624,test,0,5.2483338e-05
10971,test,0,5.2483338e-05
9925,test,0,0.00035187762
1797,test,0,0.00035187762
11085,test,0,0.00017973367
7564,test,0,5.2483338e-05
3982,test,0,0.007954018
5930,test,0,0.00019391932
10504,test,0,0.00019391932
1928,test,0,0.0001015289
9027,test,0,5.2483338e-05
4849,test,0,0.0002585664
4514,test,0,0.00083387207
10583,test,0,0.040999085
10618,test,0,5.2483338e-05
6060,test,0,0.00014207551
7964,test,0,0.00017973367
5912,test,0,0.56136024
477,test,0,0.45943993
6655,test,0,0.9158641
5365,test,0,0.0019063816
7549,test,0,0.55263233
5936,test,0,0.084266834
2793,test,0,0.0002653798
2064,test,0,0.41848296
2788,test,0,0.57246226
460,test,0,0.0002472932
3155,test,0,0.00087112485
4215,test,0,0.06107063
8962,test,0,0.00091813545
6357,test,0,0.0002472932
5119,test,0,0.11403353
7608,test,0,0.92950666
4657,test,0,5.2483338e-05
3245,test,0,0.00017973367
6145,test,0,0.000651123
3346,test,0,0.11403353
10102,test,0,0.00022388592
4662,test,0,0.12746595
3802,test,0,0.08856714
8964,test,0,5.2483338e-05
1308,test,0,0.00051723473
7651,test,0,0.005580256
715,test,0,0.00017973367
545,test,0,0.0014683638
2308,test,0,0.5265559
8961,test,0,5.2483338e-05
6406,test,0,0.12746595
3969,test,0,0.8113181
6957,test,0,0.0002853035
5244,test,0,5.2483338e-05
9190,test,0,0.6100714
3861,test,0,0.00028757344
6611,test,0,0.0004866013
6619,test,0,0.084266834
8036,test,0,0.0007227451
10559,test,0,0.00017973367
9122,test,0,0.00017973367
9921,test,0,0.7229739
5025,test,0,0.0026220917
5385,test,0,0.00051723473
6749,test,0,0.012025772
8209,test,0,0.001053187
8199,test,0,0.00085783366
11080,test,0,0.00045316608
4848,test,0,0.12746595
465,test,0,0.0002472932
5051,test,0,0.0014934993
1218,test,0,0.0002853035
6144,test,0,0.0002853035
4080,test,0,0.7884453
3744,test,0,0.9359225
9788,test,0,0.00028757344
40,test,0,0.00095895585
6826,test,0,0.00061798526
2517,test,0,0.17202052
8952,test,0,0.0005967126
1074,test,0,0.0007752998
7906,test,0,0.59747714
5248,test,0,0.00033481538
1067,test,0,0.00071836956
7316,test,0,0.60515743
9700,test,0,5.2483338e-05
2549,test,0,0.56737924
1457,test,0,3.4691937e-05
3721,test,0,0.000306777
4914,test,0,0.000306777
207,test,0,0.00027460046
4861,test,0,0.000306777
5150,test,0,0.00027460046
866,test,0,0.0012804222
7805,test,0,0.1232723
5904,test,0,0.5560117
10975,test,0,0.0021485842
1298,test,0,0.17200035
441,test,0,0.46080193
10116,test,0,0.5831765
8140,test,0,0.0046542925
8317,test,0,0.8691893
10959,test,0,0.63197285
10433,test,0,0.94831645
1076,test,0,0.000306777
4950,test,0,0.0032416251
1313,test,0,0.0722953
1303,test,0,0.00018893972
2700,test,0,0.0005714135
6288,test,0,0.0011817648
10956,test,0,0.00018893972
10511,test,0,0.5192011
663,test,0,0.000306777
8412,test,0,0.00018893972
2690,test,0,0.000306777
2616,test,0,0.010316408
3831,test,0,0.0067961407
8082,test,0,0.00027460046
4737,test,0,0.00018893972
4275,test,0,0.0014112628
5359,test,0,0.001123458
999,test,0,0.0020288
9981,test,0,0.9514925
4273,test,0,0.13575968
544,test,0,0.00043930698
601,test,0,0.50573236
6941,test,0,0.00027460046
10096,test,0,0.00018893972
2783,test,0,0.00033098724
724,test,0,0.024425821
7807,test,0,0.13575968
1323,test,0,0.0040665036
3824,test,0,0.0003439332
4277,test,0,0.00014791249
6609,test,0,0.008101497
4516,test,0,0.0008453731
3868,test,0,0.00061606785
8969,test,0,0.00014791249
10561,test,0,0.00014791249
9192,test,0,0.000306777
212,test,0,0.000351962
4212,test,0,0.00027460046
6052,test,0,0.0011414188
8836,test,0,0.00023079482
2790,test,0,0.00053735654
10279,test,0,0.00023079482
10907,test,0,0.00030418235
6789,test,0,0.5192011
7808,test,0,0.0038541697
6413,test,0,0.00018893972
5362,test,0,0.00050946866
8851,test,0,0.00023079482
10957,test,0,0.00023079482
2697,test,0,0.51198167
1503,test,0,0.029228332
4899,test,0,0.0011089118
7948,test,0,0.00028644307
8427,test,0,0.00018893972
4220,test,0,0.003262099
2321,test,0,0.0005714135
1275,test,0,0.0007332765
647,test,0,0.00018893972
3730,test,0,0.22162785
8073,test,0,0.000306777
6398,test,0,0.0013897192
1281,test,0,0.0019162284
1226,test,0,0.000116200004
1921,test,0,0.00014791249
365,test,0,0.00097322895
8438,test,0,0.0010342288
2777,test,0,0.052415125
5016,test,0,0.052415125
9961,test,0,0.77122545
2533,test,0,0.9090524
10082,test,0,0.052415125
4722,test,0,0.00027554433
8134,test,0,0.00017298145
7310,test,0,0.7874433
30,test,0,0.20580436
9197,test,0,0.53335464
4747,test,0,0.00071974145
10369,test,0,0.00014791249
7931,test,0,0.000116200004
5042,test,0,0.00017298145
8033,test,0,0.00014791249
8201,test,0,0.00017298145
770,test,0,0.0010948876
10662,test,0,0.0004623574
10949,test,0,0.0004623574
9708,test,0,0.00014791249
9419,test,0,0.46798006
3329,test,0,0.00014791249
7782,test,0,0.0012089302
8204,test,0,0.0012089302
7715,test,0,0.00017298145
142,test,0,0.51350003
1900,test,0,0.8666152
5279,test,0,0.0005571577
6292,test,0,0.00014791249
10888,test,0,0.00014791249
3727,test,0,4.045437e-05
4673,test,0,0.00014791249
1945,test,0,0.11826006
5733,test,0,4.045437e-05
5622,test,0,5.0393908e-05
3609,test,0,0.0005884843
4343,test,0,0.28276262
7598,test,0,0.00017298145
723,test,0,0.00014791249
2638,test,0,0.0010948876
11071,test,0,0.00088366953
5392,test,0,0.00014791249
7606,test,0,0.00017298145
9033,test,0,0.0016890358
8155,test,0,0.25160265
7960,test,0,0.00014791249
10263,test,0,0.0015006956
10088,test,0,0.00073116744
458,test,0,0.004241744
6950,test,0,0.00017298145
3742,test,0,0.000116200004
5047,test,0,0.000116200004
7965,test,0,0.00018424919
1977,test,0,0.0028985883
8041,test,0,0.00021647387
6403,test,0,0.08135828
10262,test,0,0.0016924813
2867,test,0,0.07039611
6440,test,0,0.00014791249
4201,test,0,0.00076127396
10557,test,0,0.00014791249
7298,test,0,0.07039611
4919,test,0,0.00014791249
7559,test,0,0.00015958701
10513,test,0,0.00015958701
5369,test,0,0.00017298145
8080,test,0,0.00095840316
5245,test,0,0.00014791249
7722,test,0,0.00020677152
3279,test,0,0.19191983
9020,test,0,0.3980151
1459,test,0,0.0008697245
4841,test,0,0.000351962
6831,test,0,4.045437e-05
3164,test,0,0.000104341205
10029,test,0,0.00015180082
2606,test,0,0.00015180082
9992,test,0,0.07818916
1507,test,0,0.16945332
7957,test,0,4.045437e-05
1895,test,0,0.0011355241
4666,test,0,0.00026661332
532,test,0,0.0001225031
10080,test,0,4.045437e-05
7681,test,0,0.6127077
1278,test,0,4.045437e-05
4218,test,0,7.278837e-05
9422,test,0,0.0025316412
8853,test,0,4.045437e-05
6956,test,0,4.045437e-05
4758,test,0,0.014637724
650,test,0,4.045437e-05
10113,test,0,0.0003046522
8974,test,0,4.045437e-05
6792,test,0,0.6127077
9113,test,0,4.045437e-05
3170,test,0,4.045437e-05
32,test,0,0.014637724
1220,test,0,0.0003859889
7806,test,0,4.045437e-05
7930,test,0,9.8713106e-05
5909,test,0,0.00020677152
7790,test,0,0.00026661332
6955,test,0,4.045437e-05
7508,test,0,0.00015180082
3305,test,0,0.0004760519
10370,test,0,4.045437e-05
4967,test,0,0.0011477546
5110,test,0,0.6127077
7313,test,0,4.045437e-05
10085,test,0,4.045437e-05
8213,test,0,0.0009492289
10891,test,0,0.51408756
4276,test,0,0.00026661332
42,test,0,4.045437e-05
6059,test,0,4.045437e-05
6259,test,0,0.00018876254
8954,test,0,4.045437e-05
7506,test,0,0.00029975493
7800,test,0,0.014637724
473,test,0,4.045437e-05
6429,test,0,0.0003859889
33,test,0,9.285576e-05
6784,test,0,0.0001852215
9454,test,0,7.8947494e-05
10657,test,0,0.37398708
3399,test,0,0.40186334
994,test,0,0.00020677152
222,test,0,5.0393908e-05
5391,test,0,4.045437e-05
173,test,0,0.24827676
9011,test,0,0.00023499328
8972,test,0,0.0024361706
6809,test,0,0.00012694749
7646,test,0,0.07818916
10954,test,0,0.08265424
5917,test,0,7.8947494e-05
8541,test,0,0.014637724
7603,test,0,4.045437e-05
6817,test,0,0.0009157756
8196,test,0,4.045437e-05
10958,test,0,0.07710517
1212,test,0,4.045437e-05
7974,test,0,0.0003859889
2588,test,0,0.0003859889
4289,test,0,0.039802413
2316,test,0,0.00011287678
3166,test,0,0.00057677086
4936,test,0,0.252232
4282,test,0,0.47579974
9186,test,0,0.00011287678
2799,test,0,0.37398708
6624,test,0,4.045437e-05
3168,test,0,4.045437e-05
780,test,0,4.045437e-05
8075,test,0,4.045437e-05
10072,test,0,0.00012694749
3169,test,0,0.014637724
558,test,0,0.00083624123
2802,test,0,0.001210355
4751,test,0,0.00011287678
4674,test,0,0.00032420582
6430,test,0,4.045437e-05
7959,test,0,4.045437e-05
5626,test,0,0.09986237
5039,test,0,0.039802413
6294,test,0,0.31983453
4920,test,0,0.0002465942
3584,test,0,0.039802413
777,test,0,0.00054925506
4724,test,0,0.19191983
5397,test,0,0.039802413
5919,test,0,7.8947494e-05
2325,test,0,7.8947494e-05
5236,test,0,0.014637724
5625,test,0,0.00057677086
3829,test,0,0.31983453
6659,test,0,0.0014074999
6280,test,0,0.00046610195
568,test,0,0.0011442575
9633,test,0,0.0018731492
6618,test,0,0.00019105786
7612,test,0,0.00023799104
5127,test,0,0.8397044
216,test,0,0.047593255
8311,test,0,0.00058911165
7954,test,0,0.00011287678
3977,test,0,0.00011287678
5253,test,0,0.00030588915
7910,test,0,0.6557382
1976,test,0,0.5418846
36,test,0,0.00026865414
7795,test,0,0.00025152735
5158,test,0,0.00026237537
6360,test,0,0.00015663846
1920,test,0,0.0019951616
9798,test,0,0.00015663846
417,test,0,0.000291944
7147,test,0,0.0019978904
4369,test,0,0.00026731737
1321,test,0,0.00018357352
9966,test,0,0.00018357352
4939,test,0,0.00087454263
10873,test,0,0.0009928633
4227,test,0,0.074033424
5128,test,0,0.00024490716
10073,test,0,0.00023123136
3731,test,0,0.09803401
5628,test,0,0.00026065123
8144,test,0,0.0007837042
11077,test,0,0.043388303
6364,test,0,0.00018708664
4834,test,0,0.00022442898
2784,test,0,0.00017569648
9187,test,0,0.032216832
9642,test,0,0.00049951836
10965,test,0,0.12955204
8024,test,0,0.00015663846
9116,test,0,0.0007837042
10098,test,0,0.25178546
4893,test,0,0.00063656847
9696,test,0,0.00039445172
1062,test,0,0.20833328
10892,test,0,0.000291944
5256,test,0,0.00015913723
7615,test,0,0.54610115
8772,test,0,0.00026731737
594,test,0,0.00062641146
5753,test,0,0.00038690123
5388,test,0,7.149983e-05
1209,test,0,0.00015663846
3333,test,0,0.00016900177
2073,test,0,0.0003006751
1916,test,0,0.00015663846
4071,test,0,0.0714176
4068,test,0,0.2638966
9129,test,0,0.00013936445
2547,test,0,0.000291944
4999,test,0,0.000291944
46,test,0,0.00035632428
3312,test,0,0.00028436934
6066,test,0,0.73617804
8949,test,0,0.00031321874
954,test,0,0.00031724764
6864,test,0,0.002110765
349,test,0,0.0023455324
9999,test,0,0.00063273724
10093,test,0,0.7317058
5885,test,0,0.5052142
592,test,0,0.00024490716
1215,test,0,0.00042284434
3986,test,0,0.00027250487
4926,test,0,0.0021081525
1007,test,0,0.00018357352
779,test,0,0.0019336343
8068,test,0,0.0016172188
718,test,0,0.00034001775
1458,test,0,0.0046510375
3585,test,0,0.00971153
2624,test,0,0.00066497945
3818,test,0,0.00044761613
1473,test,0,0.44645286
10268,test,0,5.0393908e-05
3873,test,0,0.34451115
5364,test,0,0.00022402065
7949,test,0,0.00016168125
2323,test,0,0.0005828405
8029,test,0,0.39089426
6132,test,0,0.00016462345
11076,test,0,0.15209852
5870,test,0,0.0002504586
9651,test,0,0.06942996
5055,test,0,0.0071177376
4065,test,0,0.0016090178
8428,test,0,0.00056539424
10250,test,0,0.00044761613
2339,test,0,0.0006959474
6958,test,0,0.1001314
10110,test,0,0.00014487674
2175,test,0,0.0047719013
1029,test,0,0.00016168125
6065,test,0,0.004098658
4464,test,0,0.00026731737
3708,test,0,0.0003555964
10661,test,0,0.0004885654
5752,test,0,0.0018809625
1935,test,0,0.00025152735
5886,test,0,0.00025152735
1210,test,0,0.08319664
8425,test,0,0.91133964
6246,test,0,0.654631
7140,test,0,0.00042284434
8419,test,0,0.00015663846
7553,test,0,0.00040393588
1925,test,0,0.0006493302
8185,test,0,0.0012435972
4672,test,0,0.0012435972
6814,test,0,0.00015663846
11063,test,0,0.00015663846
2857,test,0,0.00017527683
10106,test,0,0.00045249052
3163,test,0,0.00015663846
9415,test,0,0.48193458
1944,test,0,0.00015663846
2950,test,0,0.000291944
10556,test,0,0.0011790269
331,test,0,0.0003006751
678,test,0,0.000291944
1633,test,0,0.0001804678
6279,test,0,0.0003555964
10074,test,0,0.00019693813
9021,test,0,0.0025959502
2313,test,0,0.0006780738
576,test,0,0.74590904
4963,test,0,0.00062641146
9179,test,0,0.18821193
1306,test,0,0.00026065123
5726,test,0,0.0014818114
205,test,0,0.0714176
2244,test,0,0.00038690123
10385,test,0,0.00036679703
6614,test,0,0.00043645254
8315,test,0,0.00014487674
10627,test,0,0.00024496554
5020,test,0,0.022388712
3407,test,0,0.0002504586
4742,test,0,0.21814413
7724,test,0,0.0008705889
7901,test,0,0.0004306913
9976,test,0,0.074033424
8845,test,0,0.00016168125
537,test,0,0.00013936445
8998,test,0,0.00062641146
4844,test,0,0.39814734
9039,test,0,0.00037361108
5246,test,0,0.0073255585
8551,test,0,0.00016094923
782,test,0,0.00028284028
5375,test,0,0.0002818099
771,test,0,0.0015294448
4079,test,0,0.00013936445
1199,test,0,0.26968282
6871,test,0,0.31837898
6425,test,0,0.7693375
6251,test,0,0.00024490716
3720,test,0,0.00015663846
9014,test,0,0.00024496554
5634,test,0,0.8934572
672,test,0,0.30079958
4655,test,0,0.00012864436
9702,test,0,0.08958396
6833,test,0,0.0024256238
3614,test,0,0.0041064606
4836,test,0,0.00016462345
6868,test,0,0.00026731737
21,test,0,0.75397176
454,test,0,0.00016094923
9698,test,0,0.39814734
5040,test,0,0.00016094923
3985,test,0,0.00016094923
8067,test,0,0.00014378785
7599,test,0,0.004666859
9040,test,0,0.00016267234
5721,test,0,0.0007778192
9471,test,0,0.000151457
5393,test,0,0.000151457
438,test,0,0.012204142
3272,test,0,0.0115203
7936,test,0,0.11002549
339,test,0,0.036113083
371,test,0,0.0115203
8421,test,0,0.0001094639
9636,test,0,0.0001094639
7803,test,0,0.013665592
8966,test,0,0.0014214504
164,test,0,0.011772644
8778,test,0,0.0007717711
5162,test,0,0.007436305
5926,test,0,0.0007717711
5838,test,0,0.00063287053
677,test,0,0.011772644
9647,test,0,0.011772644
4294,test,0,0.011772644
5109,test,0,0.015088216
9990,test,0,0.014034506
8028,test,0,0.014034506
3706,test,0,0.00014799983
2621,test,0,0.00030676002
213,test,0,0.0069132173
1170,test,0,0.003405817
10501,test,0,0.0032527328
5243,test,0,0.0069132173
6137,test,0,0.007436305
4515,test,0,0.003405817
5469,test,0,5.3506992e-05
2231,test,0,0.0032527328
10253,test,0,8.626373e-05
6893,test,0,4.959237e-05
352,test,0,0.0032527328
7644,test,0,0.0032527328
6869,test,0,0.0032527328
340,test,0,0.0032527328
3415,test,0,4.959237e-05
2066,test,0,0.0032527328
2629,test,0,0.0032527328
8435,test,0,0.0032527328
8219,test,0,0.021481544
7137,test,0,0.0032527328
4352,test,0,6.6643144e-05
2070,test,0,0.0032527328
6651,test,0,0.0032527328
3242,test,0,0.0032527328
3274,test,0,0.0032527328
9929,test,0,0.013201238
5858,test,0,7.995271e-05
1224,test,0,0.0007712352
1504,test,0,0.00018954492
4912,test,0,0.00016688685
7937,test,0,0.00013935116
3264,test,0,0.00018954492
2807,test,0,0.0115203
667,test,0,0.0115203
3313,test,0,0.0115203
590,test,0,0.096155055
2596,test,0,0.098906055
9641,test,0,0.012204142
337,test,0,0.012204142
3952,test,0,0.030175501
9018,test,0,0.00024449354
1894,test,0,0.0002063115
6253,test,0,0.00029412057
6759,test,0,3.774129e-05
9801,test,0,3.774129e-05
4070,test,0,3.774129e-05
5002,test,0,3.774129e-05
8212,test,0,0.029623987
3301,test,0,0.00036433068
3821,test,0,0.07237333
540,test,0,0.031789992
148,test,0,0.13325772
3358,test,0,0.03306912
8173,test,0,0.03306912
3960,test,0,0.00028767105
8596,test,0,0.002300735
6758,test,0,0.03306912
1214,test,0,0.0003495817
6834,test,0,0.0015055743
6760,test,0,0.00026662883
4993,test,0,0.02161693
10620,test,0,0.21182147
10101,test,0,0.0115203
3815,test,0,0.00025725624
2991,test,0,0.013684244
1979,test,0,0.00025725624
6290,test,0,0.027836982
6770,test,0,0.013684244
7784,test,0,0.02974346
3619,test,0,0.00025725624
563,test,0,0.025839703
4850,test,0,0.013684244
439,test,0,0.027836982
5640,test,0,0.013684244
2180,test,0,0.00024029851
5144,test,0,0.027836982
9988,test,0,0.021659425
3713,test,0,0.00024029851
3580,test,0,0.0009804459
7305,test,0,0.02974346
3625,test,0,0.03382823
4281,test,0,0.113773726
9201,test,0,0.0015437624
3429,test,0,0.0008308538
3846,test,0,0.0002050718
7844,test,0,0.0008667066
5878,test,0,0.0087903775
6620,test,0,0.00019977998
8603,test,0,0.00088965055
547,test,0,0.00019977998
4839,test,0,0.00019977998
10374,test,0,0.00029049107
10631,test,0,0.00019977998
552,test,0,0.1265767
719,test,0,0.00019977998
5872,test,0,0.00088965055
7552,test,0,0.00019977998
8953,test,0,0.024704237
7902,test,0,0.0017238237
1205,test,0,0.00019977998
7306,test,0,0.0002050718
7946,test,0,0.0002050718
3841,test,0,0.0014408831
9927,test,0,0.00032138382
7939,test,0,0.13787307
2336,test,0,0.00018772617
10889,test,0,0.07554552
4511,test,0,0.0002050718
8190,test,0,0.0002936104
4230,test,0,0.022679508
9411,test,0,0.009911704
10273,test,0,0.15291989
2514,test,0,0.00038169834
3819,test,0,0.00019977998
174,test,0,0.0008308538
5472,test,0,0.00011644602
10388,test,0,0.00019977998
968,test,0,0.0001196838
4944,test,0,0.0002050718
559,test,0,0.009911704
1972,test,0,0.00019977998
5027,test,0,0.00019977998
3315,test,0,0.00039180825
1911,test,0,0.11920234
1917,test,0,0.0008308538
6436,test,0,0.11920234
2825,test,0,0.009911704
4658,test,0,0.009911704
10259,test,0,0.36732653
6396,test,0,0.00021554765
9914,test,0,0.00021554765
7610,test,0,0.009911704
6756,test,0,0.009911704
4073,test,0,0.0035547023
863,test,0,0.0002050718
404,test,0,0.0005180479
7850,test,0,0.0001196838
5846,test,0,0.03372201
10894,test,0,0.0002050718
10031,test,0,0.00021554765
9462,test,0,0.00029289298
1906,test,0,0.00022125705
2515,test,0,0.00022125705
7654,test,0,0.0014187868
3501,test,0,0.0009113286
3995,test,0,0.00029049107
414,test,0,0.0002050718
5017,test,0,0.00019977998
4921,test,0,0.0087903775
6285,test,0,0.00027443742
9794,test,0,0.00027443742
2778,test,0,0.00019977998
10580,test,0,0.00019977998
8556,test,0,0.0087903775
1946,test,0,0.0087903775
3176,test,0,0.0087903775
7929,test,0,0.00019977998
1169,test,0,0.00019977998
9789,test,0,0.00021554765
6807,test,0,0.02974346
8072,test,0,0.00029049107
5856,test,0,0.00054821087
995,test,0,0.00054821087
5732,test,0,0.00019977998
500,test,0,0.07386937
9478,test,0,0.00019977998
1638,test,0,0.00019977998
1010,test,0,0.00019977998
1332,test,0,0.00019977998
1462,test,0,0.0017238237
3238,test,0,0.096155055
8411,test,0,0.014034506
38,test,0,0.00019977998
77,test,0,0.00019977998
769,test,0,0.005190799
357,test,0,0.027836982
9196,test,0,0.00019977998
2863,test,0,0.00019977998
1228,test,0,0.02974346
144,test,0,0.010947897
498,test,0,0.021659425
4933,test,0,0.00019977998
2957,test,0,0.00025725624
9181,test,0,0.075696826
83,test,0,0.0009250085
7296,test,0,0.027296012
2326,test,0,0.0005521236
8548,test,0,0.0032527328
562,test,0,0.00019977998
5925,test,0,0.00019662593
9632,test,0,0.02974346
642,test,0,0.006226058
1221,test,0,0.00019977998
1201,test,0,0.00019977998
5023,test,0,0.10705386
5874,test,0,0.00080942496
3246,test,0,0.00019977998
3161,test,0,0.0087903775
6874,test,0,0.000543688
7604,test,0,0.00019977998
3991,test,0,0.00045368104
5018,test,0,0.00019977998
10115,test,0,0.022679508
11064,test,0,0.011927378
6439,test,0,0.0006796874
9511,test,0,0.013684244
4204,test,0,0.00011355369
2805,test,0,0.02974346
9499,test,0,0.031789992
220,test,0,0.00033199822
4287,test,0,0.00029049107
3587,test,0,0.00023549885
3320,test,0,0.0087903775
9968,test,0,0.00019977998
6788,test,0,0.0038403724
10506,test,0,4.379735e-05
2862,test,0,0.00019977998
2185,test,0,0.000111687375
9922,test,0,0.00019977998
3607,test,0,0.02974346
5229,test,0,0.004798251
1807,test,0,0.00019977998
5756,test,0,0.04915124
10376,test,0,0.104000024
8168,test,0,0.00019977998
6656,test,0,0.00012563715
4213,test,0,0.00019977998
6615,test,0,0.0001460201
3280,test,0,0.04915124
8550,test,0,0.03688646
151,test,0,0.015515945
658,test,0,0.104000024
1302,test,0,0.00019977998
5633,test,0,0.0087903775
2237,test,0,0.00073330343
9693,test,0,0.0087903775
9126,test,0,0.0627905
8313,test,0,0.0115203
2314,test,0,0.00093437306
656,test,0,0.00019977998
9983,test,0,0.013684244
358,test,0,0.010947897
5462,test,0,0.0115203
2779,test,0,0.0011462873
1909,test,0,0.0011462873
2954,test,0,0.0029185486
8039,test,0,0.15307902
7976,test,0,0.008547114
6644,test,0,0.0011462873
5363,test,0,0.7965885
2176,test,0,0.0032493456
2831,test,0,0.46257037
5036,test,0,0.0011462873
6047,test,0,0.00045629393
8162,test,0,0.008013355
3994,test,0,0.008013355
10432,test,0,0.0087903775
8206,test,0,0.00032687397
4228,test,0,0.060087442
4990,test,0,0.00023830871
10575,test,0,0.0087903775
10947,test,0,0.046721604
1006,test,0,0.00015928737
2331,test,0,0.00015928737
1637,test,0,0.00032687397
9970,test,0,0.00032687397
4909,test,0,0.00032687397
10616,test,0,0.00032687397
1314,test,0,0.012053575
5637,test,0,0.00032687397
5155,test,0,0.037790168
3330,test,0,0.00032687397
4354,test,0,0.00023830871
3724,test,0,0.00056450174
6286,test,0,0.00011439836
1203,test,0,0.00032687397
9461,test,0,0.0008079693
6832,test,0,0.037790168
1174,test,0,0.00032687397
7561,test,0,0.00032687397
4509,test,0,0.19166714
6423,test,0,0.00032687397
10952,test,0,0.00032687397
6946,test,0,0.00032687397
6410,test,0,0.00032687397
8308,test,0,0.10965052
5921,test,0,0.00032687397
8960,test,0,0.046721604
470,test,0,0.00031967624
7967,test,0,0.00031967624
871,test,0,0.56879616
1075,test,0,0.00059736584
2181,test,0,0.00059736584
5107,test,0,0.000100508216
2800,test,0,0.0016350556
10573,test,0,0.00032687397
1929,test,0,0.055016566
9118,test,0,0.00032687397
1635,test,0,0.12677749
47,test,0,0.055317804
6255,test,0,0.00011513257
1028,test,0,0.56879616
9797,test,0,0.00031967624
949,test,0,0.0010013126
6606,test,0,0.00041490502
8135,test,0,0.00034932783
6945,test,0,0.00041490502
950,test,0,0.2653924
1031,test,0,0.0009893681
1282,test,0,0.00032687397
10619,test,0,0.0008079693
4061,test,0,0.00032687397
1791,test,0,0.00025343505
5294,test,0,0.00041912598
5145,test,0,0.1422242
34,test,0,0.0035426114
476,test,0,0.042927567
6811,test,0,0.00031967624
9479,test,0,0.00020502762
7133,test,0,0.0011765352
6148,test,0,0.00031967624
1025,test,0,0.042927567
1634,test,0,0.00031967624
1002,test,0,0.00031967624
348,test,0,0.005089389
5731,test,0,0.07806455
4089,test,0,0.14457971
997,test,0,0.00031967624
7303,test,0,0.00025343505
6049,test,0,0.0005767731
6891,test,0,0.19871408
1019,test,0,0.0043339645
1172,test,0,0.009261714
1322,test,0,0.00031967624
8598,test,0,0.00039468546
6949,test,0,0.00025343505
8842,test,0,0.00031967624
10948,test,0,0.00031967624
10622,test,0,0.00031967624
4512,test,0,0.00031967624
2856,test,0,0.00031967624
9200,test,0,0.07806455
2509,test,0,0.0013922149
5759,test,0,0.00079018786
10566,test,0,0.3406752
4845,test,0,0.00031967624
7494,test,0,0.14457971
3578,test,0,0.00031967624
7938,test,0,0.040454283
4521,test,0,0.00020502762
735,test,0,0.081638314
10393,test,0,0.00047993136
781,test,0,0.00052471115
3843,test,0,0.36914444
5283,test,0,0.00031967624
8955,test,0,0.00031967624
555,test,0,0.042927567
5368,test,0,0.0010668921
2319,test,0,0.040454283
5922,test,0,0.00031967624
3746,test,0,0.007881389
5911,test,0,0.042927567
7725,test,0,0.042927567
162,test,0,0.000793579
4207,test,0,0.46943277
10878,test,0,0.3962053
10076,test,0,0.00025343505
5730,test,0,0.1422242
10621,test,0,0.00025343505
9026,test,0,0.00068620575
1068,test,0,0.00025343505
5630,test,0,0.00031967624
1941,test,0,0.00031967624
2795,test,0,0.00041912598
3334,test,0,0.00031967624
4210,test,0,0.00031967624
1467,test,0,0.016245164
5933,test,0,0.081638314
8559,test,0,0.00031967624
4283,test,0,0.00031967624
5044,test,0,0.00025343505
875,test,0,0.00031967624
5386,test,0,0.00031967624
166,test,0,0.07806455
1207,test,0,0.00031967624
2619,test,0,0.00031967624
6753,test,0,0.081638314
5147,test,0,0.00031967624
3858,test,0,0.00057982776
8026,test,0,0.00057982776
2322,test,0,0.042927567
5621,test,0,0.0011437219
9188,test,0,0.00031967624
5038,test,0,0.00031967624
10275,test,0,0.4126871
10069,test,0,0.00025343505
714,test,0,0.00031967624
7799,test,0,0.30389377
5720,test,0,0.00031967624
5644,test,0,0.00031967624
6628,test,0,0.000627743
10571,test,0,0.000627743
10567,test,0,0.001138308
4221,test,0,0.53978765
730,test,0,0.00052539277
3703,test,0,0.00052539277
996,test,0,0.73422366
5884,test,0,0.000627743
5464,test,0,0.000627743
10972,test,0,0.0012031588
1937,test,0,0.006749061
10665,test,0,0.34090975
3980,test,0,0.0012031588
7314,test,0,0.000627743
9025,test,0,0.53978765
7611,test,0,0.000627743
4832,test,0,0.141962
7845,test,0,0.042927567
158,test,0,0.00040271954
10377,test,0,0.00078186556
1023,test,0,0.0008619361
9127,test,0,0.00049769855
1032,test,0,0.0012395249
1211,test,0,0.19379891
9703,test,0,0.000627743
5623,test,0,0.00079018786
10128,test,0,0.00079018786
4729,test,0,0.000627743
1915,test,0,0.000627743
4225,test,0,0.00031967624
3174,test,0,0.000627743
1796,test,0,0.0012031588
1283,test,0,0.042927567
9030,test,0,0.000627743
10869,test,0,0.141962
9697,test,0,0.37950173
146,test,0,0.0005340839
7567,test,0,0.00057982776
1317,test,0,0.00031967624
10114,test,0,0.53978765
4075,test,0,0.000627743
10579,test,0,0.000627743
336,test,0,0.000627743
10381,test,0,0.000627743
5908,test,0,0.000627743
5252,test,0,0.000627743
8956,test,0,0.61690944
1289,test,0,0.000627743
8211,test,0,0.1784521
2174,test,0,0.069977425
9706,test,0,0.29759622
581,test,0,0.0006762397
7136,test,0,0.34549198
10883,test,0,0.000627743
1640,test,0,0.0006087445
2613,test,0,0.19187787
2852,test,0,0.0013779721
8042,test,0,0.000627743
1227,test,0,0.000627743
5724,test,0,0.0011064743
3747,test,0,0.0006087445
2689,test,0,0.00075820606
6418,test,0,0.0011064743
7556,test,0,0.00081801077
966,test,0,0.00081801077
8034,test,0,0.00077296456
1931,test,0,0.000627743
7620,test,0,0.000627743
5383,test,0,0.16705696
3823,test,0,0.0006087445
7945,test,0,0.0006087445
7713,test,0,0.000627743
5258,test,0,0.1921653
5161,test,0,0.00601508
9974,test,0,0.0006087445
4214,test,0,0.0006087445
6438,test,0,0.000627743
10380,test,0,0.0006199125
1803,test,0,0.00094748
5049,test,0,0.141962
147,test,0,0.0031594322
3866,test,0,0.0011064743
3976,test,0,0.0006087445
501,test,0,0.132669
5151,test,0,0.002379802
2792,test,0,0.000627743
10613,test,0,0.0006087445
1926,test,0,0.00026042818
8030,test,0,0.000627743
1470,test,0,0.000627743
1080,test,0,0.0006087445
406,test,0,0.8148474
1027,test,0,0.0020056264
2059,test,0,0.0022386783
3307,test,0,0.7496712
1973,test,0,0.02280661
9704,test,0,0.0010906049
8443,test,0,0.011054334
3988,test,0,0.0007430532
1295,test,0,0.22472306
4522,test,0,0.0009821174
5291,test,0,0.8284964
7601,test,0,0.25475287
5284,test,0,0.0008761737
10558,test,0,0.0007430532
1912,test,0,0.0007430532
3323,test,0,0.0015884747
2600,test,0,0.0033730888
5642,test,0,0.0029466222
8200,test,0,0.00015053325
5631,test,0,0.017325811
3589,test,0,0.26066414
8431,test,0,0.0030789801
6397,test,0,0.03966562
580,test,0,0.00027307394
7973,test,0,0.0025985527
10435,test,0,0.4705165
4931,test,0,0.0028113332
5889,test,0,0.26990435
1918,test,0,0.0014339649
2951,test,0,0.0052618203
3834,test,0,0.0052618203
152,test,0,0.6486993
10950,test,0,0.0007430532
7675,test,0,0.0025985527
6892,test,0,0.0127246315
10885,test,0,0.0007430532
3709,test,0,0.0009029167
2687,test,0,0.0009029167
10394,test,0,0.0007430532
3348,test,0,0.0008539736
6819,test,0,0.0014339649
4454,test,0,0.0044419602
2499,test,0,0.002646703
7301,test,0,0.0014339649
9646,test,0,0.11474015
7971,test,0,0.0007430532
1286,test,0,0.00015851556
10387,test,0,0.0008761737
1291,test,0,0.0008016638
3175,test,0,0.03966562
6051,test,0,0.0007430532
2628,test,0,0.0009633491
466,test,0,0.25475287
3409,test,0,0.33301663
4842,test,0,0.0025985527
659,test,0,0.35999188
550,test,0,0.00094748
4840,test,0,0.0007430532
22,test,0,0.00027307394
8032,test,0,0.00015053325
6828,test,0,0.00015053325
10081,test,0,0.00015053325
3403,test,0,0.02280661
2304,test,0,0.00015053325
9443,test,0,0.026754105
4286,test,0,0.00015053325
4918,test,0,0.00018751345
3743,test,0,0.00015053325
9931,test,0,0.0007337868
1333,test,0,0.00015053325
8852,test,0,0.00015053325
1329,test,0,0.00015053325
5734,test,0,0.00015053325
1073,test,0,0.00015053325
5122,test,0,0.19659476
4735,test,0,0.00015053325
6883,test,0,0.0011523783
1011,test,0,0.0011523783
5160,test,0,0.00015053325
1785,test,0,0.00015053325
5918,test,0,0.0006859923
1511,test,0,0.0006859923
4992,test,0,0.00018751345
6747,test,0,0.00015053325
1300,test,0,0.00015053325
9971,test,0,0.00015053325
10668,test,0,0.33171993
10095,test,0,0.00015053325
3996,test,0,0.00015053325
5893,test,0,0.00015053325
10281,test,0,0.03966562
6411,test,0,0.00015053325
664,test,0,0.03966562
5033,test,0,0.00014291031
4741,test,0,0.00015053325
2639,test,0,0.0006520399
9639,test,0,0.008257681
5584,test,0,0.00054229324
3842,test,0,0.00054229324
6402,test,0,0.00015851556
2589,test,0,0.18729821
7569,test,0,0.000678536
3857,test,0,0.00058507745
8538,test,0,0.00010127363
3430,test,0,0.00033744963
10261,test,0,0.05817731
4965,test,0,0.00015053325
6835,test,0,2.4770246e-05
10970,test,0,0.00015053325
8970,test,0,0.00027307394
7560,test,0,0.00015053325
5043,test,0,0.00015053325
3332,test,0,0.0006520399
4953,test,0,0.026754105
9019,test,0,0.00027307394
10967,test,0,0.00015053325
4000,test,0,0.00015053325
5285,test,0,0.00015053325
4671,test,0,0.00015053325
5910,test,0,0.00015053325
1299,test,0,0.00015053325
2813,test,0,0.00015053325
7716,test,0,0.00015053325
5898,test,0,0.05817731
8951,test,0,0.00015053325
9029,test,0,0.00015053325
3624,test,0,0.11464355
5249,test,0,0.00015053325
7962,test,0,0.00015053325
9709,test,0,0.00015053325
23,test,0,0.00015053325
9119,test,0,0.00015053325
3805,test,0,0.0007855413
4661,test,0,0.00016241458
5019,test,0,0.00015053325
5011,test,0,0.00018935182
9791,test,0,0.00015053325
8542,test,0,0.00015053325
472,test,0,0.00094382424
7846,test,0,6.813761e-05
8834,test,0,6.813761e-05
9420,test,0,0.0012372336
4078,test,0,0.0010681541
9024,test,0,0.00015053325
3432,test,0,0.0004825139
1629,test,0,0.00015702608
2998,test,0,0.00015053325
3177,test,0,0.00015053325
2605,test,0,0.09440695
4958,test,0,0.0021490823
5259,test,0,0.00015053325
2694,test,0,0.00094382424
729,test,0,0.00015053325
10103,test,0,0.6282968
732,test,0,0.00015053325
2789,test,0,0.00015053325
1934,test,0,0.00015053325
5876,test,0,0.45495167
10371,test,0,0.00015053325
7562,test,0,0.00015053325
10277,test,0,0.00015053325
3852,test,0,0.0006520399
2183,test,0,0.026754105
4915,test,0,0.00068431353
10002,test,0,0.00021621436
6952,test,0,0.22640975
5907,test,0,0.00015053325
4077,test,0,0.0006520399
9638,test,0,0.30418414
2602,test,0,0.00027307394
10875,test,0,0.00015053325
9445,test,0,0.00038080188
1297,test,0,0.00038080188
1013,test,0,2.4770246e-05
8309,test,0,0.00021621436
725,test,0,0.00015053325
4913,test,0,0.00015053325
3739,test,0,0.00015053325
5014,test,0,0.5472196
662,test,0,0.00012467537
9034,test,0,0.00015053325
4853,test,0,0.00015053325
2177,test,0,0.03966562
6135,test,0,0.00094382424
2230,test,0,0.000678536
4510,test,0,0.18729821
6799,test,0,0.26043853
10905,test,0,0.000678536
6793,test,0,0.26043853
1325,test,0,0.00015053325
7139,test,0,0.2987783
8837,test,0,0.00027307394
7943,test,0,0.00012467537
1307,test,0,0.00015053325
958,test,0,0.0008997302
3862,test,0,0.00015053325
546,test,0,0.00015053325
3491,test,0,0.12791036
4668,test,0,0.21670869
5380,test,0,0.00015053325
2302,test,0,0.00015053325
474,test,0,0.051387172
10633,test,0,0.00015053325
10507,test,0,0.00021621436
10505,test,0,0.00016241458
10272,test,0,0.0004244189
10565,test,0,0.19659476
5028,test,0,0.00015053325
3401,test,0,0.08377629
10278,test,0,0.0004244189
10438,test,0,0.12666728
3318,test,0,0.05817731
7956,test,0,0.00015053325
9413,test,0,0.00015053325
8413,test,0,0.00015053325
6889,test,0,0.12666728
5613,test,0,0.00015053325
7718,test,0,0.42094547
3836,test,0,0.00094382424
6804,test,0,0.6486993
5154,test,0,0.0006520399
10964,test,0,0.03966562
6954,test,0,0.0004244189
8418,test,0,0.00015053325
5296,test,0,0.02280661
10131,test,0,0.59093297
5935,test,0,0.00037161438
1908,test,0,0.00028025612
6795,test,0,0.001435733
5618,test,0,0.00028025612
3736,test,0,0.3715034
2781,test,0,0.00020955734
9425,test,0,0.01633789
5891,test,0,0.00015219171
4517,test,0,0.00015219171
6146,test,0,0.00029583834
4937,test,0,0.00029583834
6872,test,0,0.41577145
3263,test,0,0.00017247994
3998,test,0,0.00029583834
9482,test,0,0.001805181
1079,test,0,0.001805181
1787,test,0,0.07621987
953,test,0,0.0005060302
8434,test,0,0.45721835
5470,test,0,0.4028995
9117,test,0,0.00029583834
9114,test,0,0.00037161438
7968,test,0,0.00029583834
363,test,0,0.00037161438
10874,test,0,0.35677582
4665,test,0,0.00020955734
8069,test,0,0.038865466
5140,test,0,0.508026
5242,test,0,0.00020955734
80,test,0,0.3992502
5226,test,0,0.3733028
541,test,0,0.1545101
1799,test,0,0.00029583834
6605,test,0,0.0002260961
9695,test,0,0.001705677
4274,test,0,0.013210775
728,test,0,0.13597621
7307,test,0,0.055213366
8782,test,0,0.0014230642
5841,test,0,0.3435341
5927,test,0,0.001435733
11070,test,0,0.00029583834
2699,test,0,0.640721
5288,test,0,0.00020955734
459,test,0,0.00020955734
7972,test,0,0.00020955734
5149,test,0,0.00039722506
6361,test,0,0.00020955734
10562,test,0,0.00020955734
1330,test,0,0.00034687656
3856,test,0,0.055213366
7721,test,0,0.00020955734
665,test,0,0.1558403
2854,test,0,0.1558403
2534,test,0,0.00034687656
653,test,0,0.1558403
6258,test,0,0.0011849029
6608,test,0,0.0011849029
961,test,0,0.044011097
5373,test,0,0.00020955734
1225,test,0,0.79456425
1923,test,0,0.0009705783
3404,test,0,0.0009705783
733,test,0,0.00020955734
4922,test,0,0.055213366
8781,test,0,0.13822167
1030,test,0,0.00020955734
7312,test,0,0.00032191005
5035,test,0,0.00020955734
8031,test,0,0.00038012816
2801,test,0,0.00038012816
8543,test,0,0.00020955734
4851,test,0,0.00019851877
867,test,0,0.0029486092
5632,test,0,0.00023584759
3173,test,0,0.00020955734
3582,test,0,0.0005060302
3165,test,0,0.00020955734
8558,test,0,0.00020955734
2593,test,0,0.0020532229
1070,test,0,0.00026103397
6407,test,0,0.00020955734
2335,test,0,0.27847925
6805,test,0,0.000450348
8198,test,0,0.13279527
5638,test,0,0.09216441
10256,test,0,0.61917084
7639,test,0,0.1545101
3871,test,0,0.00020955734
2688,test,0,0.00020955734
4908,test,0,0.00020955734
2510,test,0,0.23407428
7952,test,0,0.055213366
1643,test,0,0.0002725693
2952,test,0,0.0018187471
3251,test,0,0.00017247994
4291,test,0,0.00020955734
5585,test,0,0.77871835
5360,test,0,0.00061569776
5929,test,0,0.00038012816
1319,test,0,0.00029407936
5398,test,0,0.00020955734
9965,test,0,0.00020955734
6898,test,0,0.0005418528
8839,test,0,0.00020955734
5022,test,0,0.00020955734
9124,test,0,0.016589748
3992,test,0,0.038865466
6820,test,0,0.08284602
7621,test,0,0.3055167
4733,test,0,0.8820986
4831,test,0,0.00042261786
7794,test,0,0.28205562
6130,test,0,0.00053297577
7977,test,0,0.0006337524
4750,test,0,0.106657036
3845,test,0,0.0002725693
5401,test,0,0.0002725693
4344,test,0,0.42385828
1786,test,0,0.00023298585
5877,test,0,0.00023298585
10572,test,0,0.00023298585
6421,test,0,0.0013172288
7796,test,0,0.00018170098
10265,test,0,4.190243e-05
10276,test,0,0.43337667
4456,test,0,0.002007932
35,test,0,0.0020461902
7143,test,0,0.00043182823
2301,test,0,0.00026103397
5152,test,0,0.0002725693
4360,test,0,0.00018701654
9032,test,0,0.05999096
6894,test,0,0.051911738
538,test,0,0.00023298585
4856,test,0,0.00020955734
9195,test,0,0.0002725693
8947,test,0,0.19639243
673,test,0,0.0002725693
5163,test,0,0.0004944036
4084,test,0,0.0038571698
8601,test,0,0.35036823
10870,test,0,0.00023298585
9003,test,0,0.54349196
9189,test,0,0.08284602
6062,test,0,0.00018701654
3997,test,0,0.00023298585
8202,test,0,0.0029486457
5387,test,0,0.0002725693
8164,test,0,4.4381264e-05
1273,test,0,0.00023298585
8590,test,0,0.720964
7934,test,0,0.00023298585
1219,test,0,0.0002320136
1305,test,0,0.0002725693
8779,test,0,0.44425398
2591,test,0,0.28713527
7787,test,0,0.00040102855
2317,test,0,0.00020955734
10634,test,0,0.061553836
5399,test,0,0.001905313
1294,test,0,0.0010186135
6053,test,0,0.00018701654
7294,test,0,0.00018701654
651,test,0,0.001404722
6617,test,0,0.00018701654
6861,test,0,0.0016807009
8437,test,0,0.60718316
7607,test,0,0.7999273
2527,test,0,0.0019170401
7969,test,0,0.00039244283
644,test,0,0.84091485
7940,test,0,0.009244015
5372,test,0,0.00018701654
10879,test,0,0.00039244283
6781,test,0,0.13232765
9694,test,0,0.0031856087
11072,test,0,0.00039244283
10378,test,0,0.00018701654
4941,test,0,0.00033924583
2630,test,0,0.044289052
7614,test,0,0.00018701654
9017,test,0,0.001404722
221,test,0,0.001404722
1512,test,0,0.00032191403
10564,test,0,0.00018701654
8040,test,0,0.00042226748
4736,test,0,0.11640112
8950,test,0,0.00018701654
6432,test,0,0.29025888
10372,test,0,0.00018701654
6428,test,0,0.0003390053
3344,test,0,0.0003390053
3817,test,0,0.75219244
5900,test,0,0.00023295742
1020,test,0,0.0004365886
4864,test,0,0.11640112
5906,test,0,0.11640112
5619,test,0,0.0003771427
10881,test,0,0.0009978304
4857,test,0,0.011161278
8191,test,0,0.00042226748
4197,test,0,0.17938377
5895,test,0,0.00018701654
6622,test,0,0.17938377
8192,test,0,0.0003390053
11074,test,0,0.00018701654
8070,test,0,0.0003390053
4835,test,0,0.05999096
4846,test,0,0.17938377
1206,test,0,0.00042226748
6812,test,0,0.0003390053
3496,test,0,0.92213595
10890,test,0,0.58011
9978,test,0,0.00077225594
7727,test,0,0.014730137
8312,test,0,0.014730137
6401,test,0,0.00095323427
3414,test,0,0.00095323427
5735,test,0,0.00041464405
3728,test,0,0.0011000931
10112,test,0,0.0027528848
962,test,0,0.32909733
2543,test,0,0.0057223057
4652,test,0,0.0003252088
7723,test,0,0.0003390053
9919,test,0,0.0008603418
1641,test,0,0.11439319
4660,test,0,0.012069718
8074,test,0,0.0019173075
9784,test,0,0.0007559727
9028,test,0,0.001638594
2300,test,0,0.0008801566
4945,test,0,0.10060069
1171,test,0,0.9541214
5030,test,0,0.0008801566
4373,test,0,0.0011651648
7619,test,0,0.0017500619
6367,test,0,0.0005533522
6623,test,0,0.0004481043
6625,test,0,0.9796475
4743,test,0,0.91172314
3355,test,0,0.93149585
7299,test,0,0.5978293
10667,test,0,0.00045690482
10976,test,0,0.00045690482
6750,test,0,0.50277275
10267,test,0,0.8676699
4934,test,0,0.0004871443
8422,test,0,0.00067004934
9007,test,0,0.00021767347
7609,test,0,0.48782066
9037,test,0,0.00045016065
3428,test,0,0.62082016
10266,test,0,0.50312054
8599,test,0,0.9522944
8547,test,0,0.00047905536
471,test,0,0.032815732
5292,test,0,0.00095983606
6404,test,0,0.0007559727
8847,test,0,0.00045690482
3156,test,0,0.55113435
2615,test,0,0.003478963
10109,test,0,0.0025967467
10077,test,0,0.0008801566
6414,test,0,0.00097335083
10629,test,0,0.0062790834
4216,test,0,0.0004871443
5029,test,0,0.0004735861
6782,test,0,0.0010168076
720,test,0,0.0010168076
11066,test,0,0.0010959003
2816,test,0,0.85391706
10515,test,0,0.0005968215
4285,test,0,0.44770715
10100,test,0,0.0018257995
11075,test,0,0.00035974965
338,test,0,0.00035974965
9031,test,0,0.00035974965
6613,test,0,0.15435618
1631,test,0,0.0008801566
4466,test,0,0.0005778989
6140,test,0,0.0014559487
4465,test,0,0.662472
4290,test,0,0.8261737
6951,test,0,0.15435618
4903,test,0,0.0013234427
10026,test,0,0.9270418
6612,test,0,0.49316648
4833,test,0,0.00035974965
5255,test,0,0.0004735861
4667,test,0,0.0024127606
2614,test,0,0.0001653408
649,test,0,0.00047816348
2796,test,0,0.0012384392
6408,test,0,0.57248104
783,test,0,0.0011000931
8420,test,0,0.0032920593
8785,test,0,0.5747146
8071,test,0,0.00506678
3612,test,0,0.0017112455
3732,test,0,0.00089851406
4076,test,0,0.00045690482
3844,test,0,0.00045690482
1222,test,0,0.0011058274
10084,test,0,0.0008801566
957,test,0,0.0008801566
7941,test,0,0.0026609458
8539,test,0,0.0006464774
5282,test,0,0.0007251536
5146,test,0,0.00035974965
143,test,0,0.0016676108
2791,test,0,0.0016676108
7300,test,0,0.00035974965
4551,test,0,0.5692354
7823,test,0,0.08176992
8633,test,0,0.11403353
2254,test,0,0.5656667
2474,test,0,0.08129143
699,test,0,0.0032527328
1090,test,1,0.9312501
9560,test,0,0.072856955
4548,test,0,0.4183362
7465,test,0,0.00046645085
10164,test,0,0.0004760519
7281,test,0,7.0609975e-05
8392,test,0,0.17548746
2216,test,0,0.10021444
6908,test,0,0.00038012816
7480,test,0,0.00029250456
2463,test,0,0.51101017
3938,test,0,0.39089426
1984,test,0,0.7171159
7450,test,0,0.91702807
2087,test,0,0.4705747
6504,test,0,0.5908282
2444,test,0,0.48193252
10775,test,0,0.6886501
6174,test,0,0.41587526
4772,test,0,0.37448296
7729,test,0,0.5973926
5747,test,0,0.046699032
7830,test,0,0.0011056499
4582,test,0,0.08172589
8674,test,0,0.19191983
10821,test,0,0.5973926
9435,test,0,0.10021444
7349,test,0,0.107845366
7185,test,0,0.24372599
521,test,0,0.252232
3635,test,0,0.00011287678
8400,test,0,0.00041674924
10814,test,1,0.85315853
1039,test,0,0.0003071589
11045,test,0,0.107845366
4792,test,0,0.16713218
4812,test,0,0.16713218
4115,test,0,0.5708497
6913,test,0,0.73081416
1846,test,0,0.066724256
10311,test,0,0.054420084
3048,test,0,0.34187722
7472,test,0,0.15209852
1142,test,0,0.46933976
4817,test,0,0.24478804
6100,test,0,0.8975673
6482,test,0,0.35710955
8387,test,0,0.17001857
5523,test,0,0.06381604
5312,test,0,8.906632e-05
4486,test,0,0.6298244
9428,test,0,0.8280864
6475,test,0,0.847039
6216,test,0,0.3628269
6385,test,0,0.034427036
10847,test,0,0.9451152
1838,test,0,0.09803401
10720,test,0,0.38493654
2460,test,0,0.08319664
6691,test,0,0.17218417
9355,test,0,0.65226686
4416,test,0,0.60550654
9334,test,0,0.57176036
9497,test,0,0.0022992447
6159,test,0,0.06942996
5136,test,0,0.00020286931
2255,test,0,0.48785692
3081,test,0,0.0013595452
8818,test,0,0.4596843
3568,test,0,0.9469345
6268,test,0,0.97073114
7543,test,0,0.95963925
6496,test,0,0.029649418
2284,test,0,0.011772644
7452,test,0,0.096155055
8610,test,0,0.02161693
5407,test,0,0.021659425
7462,test,0,0.0003372933
1134,test,0,0.00019576466
1564,test,0,0.027296012
10229,test,0,0.022679508
10304,test,0,0.0087903775
6327,test,0,0.0069132173
5826,test,0,0.086260036
3762,test,0,3.7201247e-05
10008,test,0,0.16871911
1837,test,0,0.11886025
3088,test,0,0.042927567
8488,test,0,9.072908e-05
9257,test,0,0.21469782
8407,test,0,0.042927567
4005,test,0,0.30389377
1689,test,0,0.37292144
5829,test,0,0.7081907
7286,test,0,0.1568476
904,test,0,0.0014939664
2683,test,0,0.03966562
8814,test,0,0.5472196
8497,test,0,0.33171993
7131,test,0,0.02280661
2924,test,0,0.02280661
1560,test,0,0.39699653
2879,test,0,0.18729821
8237,test,0,0.0005231854
6443,test,0,0.23407428
7125,test,0,0.23407428
10210,test,0,0.05787516
7514,test,0,0.41274533
526,test,0,0.42567334
8789,test,0,0.2102091
5418,test,0,0.0025003965
737,test,0,0.24835767
743,test,0,0.54349196
1144,test,0,0.01072889
2287,test,0,0.004894116
11044,test,0,0.0010168076
8268,test,0,0.0008509337
7834,test,0,0.9062822
4478,test,0,0.0035376034
1575,test,0,0.6387244
7091,test,0,0.9513692
9340,test,0,0.77401704
324,test,0,0.24928513
519,test,0,0.001638594
8662,test,0,0.8991379
2579,test,0,0.86162335
1748,test,0,0.4801515
3899,test,0,0.11406147
6526,test,0,0.32955873
2077,test,0,0.5022229
2676,test,0,0.4799286
6489,test,0,0.066724256
5685,test,0,0.51101017
10347,test,0,0.26121184
4583,test,1,0.9141939
8360,test,0,0.4459368
4868,test,0,0.51101017
10212,test,0,0.52979255
3361,test,0,0.51101017
5533,test,0,0.55942297
6493,test,0,0.00036679703
3690,test,0,0.009688449
6016,test,0,0.023501407
9252,test,0,0.7026142
5741,test,0,0.0016134023
4420,test,0,0.18139738
10230,test,0,0.27514127
6547,test,0,0.46914756
7447,test,0,0.00020502762
1123,test,0,0.042927567
10407,test,0,0.00032191005
1114,test,0,0.6298244
6328,test,0,0.6223378
9350,test,0,0.83674634
9558,test,0,0.51101017
10007,test,0,0.00041921547
7024,test,0,0.00028284028
5417,test,0,0.00028284028
7547,test,0,0.0839742
491,test,0,0.86245507
946,test,0,0.13145724
2450,test,0,0.00412725
9250,test,0,0.00018580098
10747,test,0,0.00020677152
1880,test,0,0.2080283
2555,test,0,0.3729807
761,test,0,0.011927378
8133,test,0,0.042927567
2208,test,0,0.95199376
9142,test,0,0.071256354
5452,test,0,0.0006995245
6332,test,0,0.31983453
804,test,0,0.00027250487
4805,test,0,0.9469345
10929,test,0,0.43236062
1552,test,0,0.5916927
9523,test,0,0.0009783682
3364,test,0,0.55942297
6932,test,0,0.9162424
2461,test,0,0.7169546
4767,test,0,0.1422242
908,test,0,0.0059096375
8661,test,0,0.73985624
6630,test,0,0.8545712
1119,test,0,0.07499805
1724,test,0,0.10021444
896,test,0,0.032216832
8254,test,0,0.022679508
1430,test,0,0.0010737109
2647,test,0,0.7434436
6012,test,0,0.662472
1881,test,0,0.55942297
9251,test,0,0.001112174
10343,test,0,0.113298304
4703,test,0,0.6127077
7522,test,0,0.023012063
8116,test,0,0.46284497
529,test,0,0.12666728
766,test,0,0.08005241
9590,test,0,0.29025888
10213,test,0,0.7704412
5091,test,0,0.067410216
9774,test,0,0.007436305
1573,test,0,0.07806455
8741,test,0,0.25447804
5455,test,0,0.14614524
6116,test,0,0.5896159
9572,test,0,0.03966562
7234,test,0,0.0075785355
6450,test,0,0.00023079482
6456,test,0,0.62703764
4524,test,0,0.3703533
5095,test,0,0.017396193
3030,test,0,0.06942996
916,test,0,0.0087903775
10827,test,0,0.22472306
6687,test,0,0.00052228855
10044,test,0,0.5134744
8806,test,0,0.39292547
3569,test,0,0.090014204
7809,test,0,0.005688962
2198,test,0,0.000291944
3754,test,0,0.00091442117
912,test,0,0.17200035
8615,test,0,0.09210301
4688,test,0,0.09210301
5449,test,0,0.13246152
8735,test,0,0.0017209435
321,test,0,0.32242578
3694,test,0,0.07105829
6172,test,0,0.1422242
10743,test,0,0.0014339649
4976,test,0,0.11474015
6541,test,0,0.00019977998
1763,test,0,0.10034542
4408,test,0,0.9191656
8895,test,0,0.5908282
10014,test,0,0.11962731
6113,test,0,0.01890856
2710,test,0,0.44723988
7083,test,0,0.8984459
4155,test,0,0.8984459
1879,test,0,0.000291944
890,test,0,0.08172589
4579,test,0,0.7512559
9561,test,0,0.023501407
2210,test,0,0.00057176134
7246,test,0,0.00074032886
4241,test,0,0.1545101
8896,test,0,0.014637724
5084,test,0,0.7571305
7667,test,0,0.027836982
10154,test,0,0.0009154934
9354,test,0,0.0022989002
3025,test,0,0.26804844
7231,test,0,0.00023123136
9366,test,0,0.0008050888
5500,test,0,0.5621228
9578,test,0,0.56737924
8125,test,0,0.81788737
1034,test,0,0.0004632326
746,test,0,0.39292547
7068,test,0,0.86010957
3372,test,0,0.0004760519
9156,test,0,0.00027288916
2277,test,0,0.32242578
3652,test,0,0.83827376
7745,test,0,0.098924205
1133,test,0,0.0115203
420,test,0,0.108868025
10402,test,0,0.1558403
1781,test,0,0.0011000931
9269,test,0,0.00045790765
8485,test,0,0.10909579
3052,test,0,0.11962731
7084,test,0,0.13581495
8671,test,0,0.042927567
7817,test,0,0.00083387207
3940,test,0,0.0052953456
3063,test,0,0.00083387207
8659,test,0,0.6135576
2559,test,0,0.17984232
376,test,0,0.0017186701
5428,test,0,0.0087903775
1559,test,0,0.2709225
4878,test,0,0.12791036
5411,test,0,0.020813832
1425,test,0,0.13822167
7526,test,0,0.00038012816
5942,test,0,0.04883249
2948,test,0,0.20136017
7317,test,0,0.000627743
5686,test,0,0.4509824
9576,test,0,0.051337924
9495,test,0,0.00083387207
1093,test,0,0.37398708
8914,test,0,0.0002958705
3051,test,0,0.16409345
5421,test,0,0.22237901
6168,test,0,0.00023123136
3435,test,0,0.000552017
6675,test,0,0.21557903
10805,test,0,0.00024449354
936,test,0,0.0032527328
7130,test,0,0.00024029851
1958,test,0,0.023501407
8620,test,0,0.042927567
6001,test,0,0.22801416
8672,test,0,0.011468294
10812,test,0,0.0034046553
1258,test,0,0.11406147
8744,test,0,0.00083387207
1102,test,0,0.07710517
897,test,0,0.07818916
6917,test,0,0.9091141
5433,test,0,0.5683647
8129,test,0,2.1667582e-05
2280,test,0,0.0115203
10408,test,0,0.0020293302
7529,test,0,0.00083387207
9747,test,0,0.0011859965
10198,test,0,0.00083387207
10144,test,0,0.00083387207
2838,test,0,0.51101017
10233,test,0,0.0003222392
3449,test,0,0.16863844
5311,test,0,0.22273792
7048,test,0,0.0032527328
8663,test,0,0.00025725624
8863,test,0,0.081638314
10221,test,0,0.8007187
4160,test,0,0.0025207037
69,test,0,0.5336976
8274,test,0,0.31325138
10928,test,0,0.00015834712
1680,test,0,0.00083387207
3696,test,0,0.3524653
8463,test,0,0.20833328
2583,test,0,0.0076317014
10930,test,0,0.00094748
3920,test,0,0.69477373
10006,test,0,0.54349196
5748,test,0,0.0030414579
8399,test,0,5.2483338e-05
2566,test,0,0.28205088
4119,test,0,0.047593255
10458,test,0,0.113298304
10777,test,0,0.21557903
9519,test,0,0.00020707754
9553,test,0,0.103259996
2396,test,0,0.00025725624
3934,test,0,0.037790168
8635,test,0,0.00031287732
6163,test,0,0.08377629
1842,test,0,0.0061518233
6924,test,0,0.36841646
3942,test,0,0.17382361
5831,test,0,0.00083387207
4405,test,0,0.0017209435
7385,test,0,0.14614001
2221,test,0,5.2695974e-05
1259,test,0,0.10909579
2076,test,0,0.95348656
6120,test,0,0.0007473333
5738,test,0,5.2483338e-05
6521,test,0,0.41639093
4243,test,0,0.00023123136
3434,test,0,0.13565032
4866,test,0,0.00083387207
6276,test,0,0.36694196
8115,test,0,0.11403353
8474,test,0,0.4846505
10196,test,0,0.005980389
4807,test,0,0.11384287
10925,test,0,0.014225053
494,test,0,0.042927567
2204,test,0,0.00068620575
9587,test,0,0.03966562
1759,test,0,0.02280661
8730,test,0,0.0035996193
2459,test,0,7.784505e-05
9557,test,0,0.00051662547
2557,test,0,0.00083387207
9743,test,0,0.00083387207
4449,test,0,0.0002659005
3752,test,0,0.009244077
4399,test,0,0.0077805547
2928,test,0,0.052415125
7527,test,0,0.070467435
10223,test,0,0.008372817
10828,test,0,0.00014791249
2085,test,0,0.00015748055
5524,test,0,0.074033424
8729,test,0,0.15209852
8511,test,0,0.4165303
6371,test,0,0.87714255
3891,test,0,0.0010172423
8271,test,0,0.0016681944
5504,test,0,0.0002029411
1131,test,0,0.00080942496
2572,test,0,0.00029049107
10997,test,0,0.141962
6092,test,0,0.00077416806
478,test,0,0.00015053325
7249,test,0,0.5472196
7022,test,0,0.026754105
6372,test,0,0.20397744
4003,test,0,0.0006232101
6549,test,0,0.0004871443
2279,test,0,0.86721635
2939,test,0,0.5928919
7448,test,0,0.005761847
3105,test,0,0.2697791
6918,test,0,0.0043183747
4781,test,0,0.0003543024
4774,test,0,0.027836982
8366,test,0,0.031789992
9370,test,0,0.21670869
4477,test,0,0.05999096
5946,test,0,0.013684244
4240,test,0,0.61805934
3931,test,0,0.03966562
6334,test,0,0.02280661
7595,test,0,0.00015053325
4867,test,0,0.05817731
8359,test,0,0.18729821
5527,test,0,0.78314596
6546,test,0,0.03966562
8481,test,0,0.1349683
518,test,0,0.4801515
8476,test,0,0.11406147
10758,test,0,0.5190187
10830,test,0,0.00017973367
4545,test,0,0.00083387207
6126,test,0,0.00083387207
8510,test,0,0.00036193323
10226,test,0,0.00014791249
4865,test,0,0.002202693
1437,test,0,0.9237669
7053,test,0,0.070467435
3508,test,0,0.0003307699
3442,test,0,0.039802413
6931,test,0,0.0005478927
7233,test,0,0.043388303
3915,test,0,0.00034421743
8509,test,0,0.07554552
7668,test,0,0.0013043428
10605,test,0,0.0087903775
5530,test,0,0.0011765352
10748,test,0,0.00031967624
10156,test,0,0.023501407
9763,test,0,0.000627743
1684,test,0,0.023501407
6197,test,0,0.10034542
5098,test,0,0.051387172
1562,test,0,0.0004984173
2458,test,0,0.00038012816
9489,test,0,0.0015076697
706,test,0,0.0005458268
8742,test,0,0.5198109
7076,test,0,0.35080743
6929,test,0,0.05999096
6343,test,0,0.40849248
3439,test,0,0.6187952
7085,test,0,0.00227292
10395,test,0,0.0008801566
3697,test,0,0.50312054
2655,test,0,0.0017209435
5075,test,0,0.00029728143
3911,test,0,0.0002537719
7101,test,0,0.08176992
8361,test,0,0.08176992
3910,test,0,0.00083387207
1256,test,1,0.95642126
1455,test,0,0.87852573
6386,test,0,0.46728027
298,test,0,0.01389003
9779,test,0,5.0393908e-05
768,test,0,7.8947494e-05
4481,test,0,7.8947494e-05
311,test,0,7.8947494e-05
5134,test,0,0.40186334
10834,test,0,0.00020894942
1135,test,0,0.56028736
10606,test,0,0.34022585
3939,test,0,0.091992125
6177,test,0,0.00014487674
3022,test,0,0.24939099
6676,test,0,0.010470755
2944,test,0,0.00023123136
3058,test,0,0.35710955
6567,test,0,0.24723913
6550,test,0,0.24939099
10169,test,0,0.00015036468
8395,test,0,0.00038541382
6488,test,0,0.33794108
753,test,0,0.0032527328
7464,test,0,0.0032527328
4980,test,0,0.00025353488
4888,test,0,0.00029049107
7049,test,0,0.022679508
10318,test,0,0.00029049107
4485,test,0,0.037790168
4825,test,0,0.00032687397
3890,test,0,0.081638314
10397,test,0,0.002180792
10016,test,0,0.6603783
3104,test,0,0.141962
10945,test,0,0.005045833
6524,test,0,0.26990435
7531,test,0,0.19659476
5948,test,0,0.00015053325
1567,test,0,0.0004984173
60,test,0,0.00027307394
1436,test,0,0.00037161438
2646,test,0,0.0011161391
3687,test,0,0.23407428
6562,test,0,0.00020955734
4440,test,0,0.0015076697
2709,test,0,0.0005083377
7023,test,0,0.0012525277
6636,test,0,0.57804585
10225,test,0,0.13232765
10596,test,0,0.05999096
2395,test,0,0.76807094
8857,test,0,0.9270418
2393,test,0,0.39787444
9555,test,0,0.008406524
7232,test,0,0.11406147
5497,test,0,0.017396193
7064,test,0,0.000102778286
5318,test,0,0.017396193
7460,test,0,0.51101017
3510,test,0,0.00024645057
2554,test,0,0.00083387207
10050,test,0,0.00083387207
8638,test,0,0.00083387207
70,test,0,0.0012946634
1058,test,0,0.00046064018
1956,test,0,0.00083387207
6180,test,0,0.0017092435
2281,test,0,0.0005114948
9346,test,0,0.0013039737
2084,test,0,0.00027020415
2228,test,0,0.49237785
8639,test,0,0.7252773
2930,test,0,0.0008627184
4163,test,0,9.285576e-05
4986,test,0,0.0002465942
10810,test,0,0.0002972667
3023,test,0,0.37737775
10400,test,0,0.0020479953
7031,test,0,0.30079958
9577,test,0,0.39731345
8117,test,0,0.001111817
10201,test,0,0.0012929277
8810,test,0,0.0021750375
52,test,0,0.00071687973
9342,test,0,0.117046155
10590,test,0,0.19997294
3893,test,0,0.72452164
10042,test,0,0.4560055
9273,test,0,0.0015734552
790,test,0,0.2965626
6498,test,0,0.007851508
7488,test,0,0.00017966822
2226,test,0,0.01540214
6005,test,0,0.009911704
5087,test,0,0.0087903775
9567,test,0,0.00025725624
760,test,0,0.0007973979
738,test,0,0.07806455
6544,test,0,0.04883249
1736,test,0,0.040454283
1832,test,0,0.07965755
10470,test,0,0.19055243
7229,test,0,0.21670869
7477,test,0,0.33171993
3897,test,0,0.0005223595
8856,test,0,0.18729821
8665,test,0,0.19657779
51,test,0,0.0004244189
3086,test,0,0.00090887025
8860,test,0,0.72506255
4156,test,0,0.044011097
6215,test,0,0.00018701654
3627,test,0,0.00018701654
7657,test,0,0.28390643
9491,test,0,0.720964
3445,test,0,0.00018701654
1260,test,0,0.0003390053
10755,test,0,0.0004405273
9570,test,0,0.0011618659
5093,test,0,0.6178173
703,test,0,0.44770715
7343,test,0,0.0005968215
9265,test,0,0.0010406312
9554,test,0,0.012036597
8251,test,0,0.28205088
901,test,0,0.36694196
884,test,0,0.00068674155
7826,test,0,0.0002537719
8099,test,0,0.5871054
1094,test,0,0.0002537719
3637,test,0,5.2695974e-05
7069,test,0,0.51101017
8504,test,0,0.00083387207
10770,test,0,0.28205088
3941,test,0,0.7171159
1147,test,0,0.00015328912
8464,test,0,0.00053142634
5305,test,0,3.205815e-05
1777,test,0,0.08856714
2218,test,0,0.00017973367
5681,test,0,0.0017977564
5422,test,0,0.06807673
6219,test,0,0.07972217
6106,test,0,0.17200035
5102,test,0,0.38675416
3638,test,0,0.35604632
1051,test,0,0.6290898
8478,test,0,0.77705
1765,test,0,0.7575507
3895,test,0,0.006378274
7476,test,0,0.8674606
1536,test,0,0.4904656
10013,test,0,0.0011477546
4707,test,0,0.013126175
9436,test,0,0.7874433
4983,test,0,0.40186334
4694,test,0,0.047593255
932,test,0,0.0011393005
4763,test,0,0.1704341
3096,test,0,0.10021444
895,test,0,0.40186334
4010,test,0,0.08172589
9271,test,0,0.00076082035
877,test,0,0.002060406
3567,test,0,0.0011355241
6448,test,0,0.07710517
7100,test,0,0.07710517
10193,test,0,0.00027540434
4231,test,0,0.073253736
2285,test,0,0.0005296708
2679,test,0,0.14805658
1738,test,0,0.9375605
705,test,0,0.00046881472
5943,test,0,0.0002818099
4161,test,0,0.0013591173
5090,test,0,0.9199174
5068,test,0,0.6301875
9147,test,0,0.8970436
9140,test,0,0.3703533
4820,test,0,0.034427036
6468,test,0,0.04782367
1267,test,0,0.1060124
4601,test,0,0.5052142
919,test,0,0.17420562
6688,test,0,0.32106423
1782,test,0,0.00039405518
9758,test,0,0.57319015
5941,test,0,0.48317176
6906,test,0,0.24939099
3440,test,0,0.7696205
10308,test,0,0.927892
9379,test,0,0.00040393588
4689,test,0,0.19308935
8484,test,0,0.00087524875
2219,test,0,0.2289517
10843,test,0,0.39416128
6936,test,0,0.2614642
5442,test,0,0.80572426
8907,test,0,0.06381604
10825,test,0,0.20885973
4129,test,0,0.72121423
4439,test,0,0.022236118
10157,test,0,8.626373e-05
5408,test,0,0.0032527328
6497,test,0,0.096155055
4883,test,0,0.00024029851
1423,test,0,0.0002029411
8466,test,0,0.00019977998
8100,test,0,0.00019977998
303,test,0,0.113773726
11054,test,0,0.07554552
6015,test,0,0.00045368104
10166,test,0,0.00019977998
2833,test,0,0.031789992
9363,test,0,0.005190799
4880,test,0,0.00029413152
7072,test,0,0.010947897
10228,test,0,0.067505345
9276,test,0,0.015515945
3645,test,0,0.015515945
922,test,0,0.00019977998
5315,test,0,0.00032687397
876,test,0,0.00057176134
5420,test,0,0.2653924
2199,test,0,0.14614524
7593,test,0,0.040454283
1569,test,0,0.2349851
1571,test,0,0.0033730888
5426,test,0,0.141962
7026,test,0,0.3466881
7123,test,0,0.00027307394
4598,test,0,0.5472196
744,test,0,0.0009783682
5057,test,0,0.25761896
7812,test,0,0.21670869
751,test,0,0.7340308
4764,test,0,0.03966562
530,test,0,0.0010218162
5088,test,0,0.35421246
1994,test,0,0.061553836
1553,test,0,0.6662874
7392,test,0,0.0045688064
1446,test,0,0.00032191403
2845,test,0,0.58507216
6384,test,0,0.0010763253
8911,test,0,0.00067004934
6093,test,0,0.15435618
1041,test,0,0.29025888
488,test,0,0.017396193
7288,test,0,0.066724256
6275,test,0,0.0026482567
2846,test,0,0.00015552893
7041,test,0,0.23996837
10159,test,0,0.00083387207
6672,test,0,0.061851624
9574,test,0,0.5701237
1445,test,0,0.011702734
9524,test,0,0.0570929
7831,test,0,0.6142917
9378,test,0,0.00018893972
1551,test,0,0.00017298145
4121,test,0,0.13811025
1056,test,0,0.62110275
6153,test,0,0.00046398828
10216,test,0,0.014637724
9527,test,0,0.17984232
5313,test,0,0.00046881472
4686,test,0,0.24478804
6632,test,0,0.00087796926
4421,test,0,0.30079958
3059,test,0,0.72452164
9744,test,0,0.000250736
6195,test,0,0.00014487674
1097,test,0,0.00017699506
1681,test,0,0.86068803
6161,test,0,0.9727138
482,test,0,0.00026824055
2759,test,0,0.13558474
10780,test,0,0.10909579
2768,test,0,0.00017973367
7241,test,0,0.1232723
7193,test,0,0.00014791249
10607,test,0,0.00014791249
8256,test,0,0.66768146
915,test,0,0.00039886884
7244,test,0,0.00017499644
6212,test,0,0.0001852215
6491,test,0,0.00014487674
10215,test,0,0.9199174
4479,test,0,0.35276857
1156,test,0,0.032216832
5817,test,0,0.0037247404
1985,test,0,0.07554552
5443,test,0,0.00019977998
1986,test,0,0.0087903775
8468,test,0,0.19995709
3572,test,0,0.00031967624
933,test,0,0.19187787
3029,test,0,0.03966562
6523,test,0,0.00015053325
4803,test,0,0.00015053325
7520,test,0,3.7858877e-05
1533,test,0,0.24928513
4782,test,0,0.011927378
8255,test,0,0.014116513
2556,test,0,0.00016047021
10399,test,0,0.042927567
10297,test,0,0.141962
3921,test,0,0.0048061595
8788,test,0,0.066724256
9563,test,0,0.000748049
1154,test,0,0.11826006
5938,test,0,0.12035731
5415,test,0,0.0002081298
7325,test,0,0.1180933
3074,test,0,0.0006661872
7446,test,0,0.010947897
2773,test,0,0.00022834746
3691,test,0,0.015088216
9488,test,0,0.0032527328
4407,test,0,4.959237e-05
2478,test,0,0.0032527328
9247,test,0,0.00032789394
9525,test,0,0.00016011272
4244,test,0,0.17581199
9515,test,0,0.00012238703
2586,test,0,0.0002050718
941,test,0,0.00018952054
7050,test,0,0.0002050718
7492,test,0,0.009911704
6382,test,0,0.10705386
9520,test,0,0.00080942496
8104,test,0,0.00019977998
3914,test,0,0.0007712352
7467,test,0,0.02974346
4109,test,0,0.0087903775
799,test,0,0.0069132173
9345,test,0,0.00038169834
380,test,0,0.022679508
2713,test,0,0.0087903775
10820,test,0,0.00029049107
2202,test,0,0.021659425
1130,test,0,0.00011513257
6338,test,0,0.0014067147
2207,test,0,0.07105829
9390,test,0,0.02468898
7453,test,0,0.032063983
5677,test,0,0.00057176134
1679,test,0,0.0380209
523,test,0,0.0839742
5447,test,0,0.023501407
8391,test,0,0.19597073
7816,test,0,0.4126871
1677,test,0,0.00039468546
3095,test,0,0.1422242
6209,test,0,0.37950173
8472,test,0,0.0012683651
5821,test,0,0.00094748
2878,test,0,0.5332294
3045,test,0,0.0007430532
11055,test,0,0.0008761737
9749,test,0,0.4183362
3753,test,0,0.00089567754
5105,test,0,0.00021621436
1542,test,0,0.00027307394
8482,test,0,0.39699653
299,test,0,0.00015053325
10724,test,0,0.00015053325
5066,test,0,0.45170805
2229,test,0,0.11673538
8905,test,0,0.0004244189
1059,test,0,0.00018935182
7181,test,0,0.45994493
10937,test,0,0.00029583834
9581,test,0,0.003433359
9591,test,0,0.42613026
6528,test,0,0.2067533
6013,test,0,0.3200608
6460,test,0,0.0004702409
8812,test,0,0.74291307
8105,test,0,0.00036720847
2849,test,0,0.46950105
11042,test,0,0.0010575595
6167,test,0,0.00042261786
3565,test,0,0.0002725693
2551,test,0,0.13077582
2665,test,0,0.6721726
6118,test,0,0.010554432
5956,test,0,0.0008801566
2834,test,0,0.0016727438
6471,test,0,0.0008801566
7088,test,0,0.0012351143
3764,test,0,0.44724616
7194,test,0,0.7245581
745,test,0,0.0031964383
2880,test,0,0.0018240372
2187,test,0,0.000833168
1874,test,0,0.0017209435
7470,test,0,5.2483338e-05
7813,test,0,0.4889167
8124,test,0,0.48942778
4092,test,0,0.00024645057
6545,test,0,0.017396193
7384,test,0,0.00071974145
5356,test,0,5.4747343e-05
7449,test,0,0.007952118
6125,test,0,0.00083387207
3695,test,0,0.00083387207
10341,test,0,0.00083387207
5405,test,0,0.00091813545
3065,test,0,0.0002659005
6509,test,0,0.00033178844
1111,test,0,0.91571355
10829,test,0,0.34978294
5410,test,0,5.2483338e-05
4776,test,0,0.000306777
7478,test,0,0.0005114948
10593,test,0,0.7599132
8356,test,0,0.8159253
2192,test,0,0.0002038518
4093,test,0,0.00057245657
7747,test,0,0.38675416
7815,test,0,0.374186
8629,test,0,0.31518644
1055,test,0,0.08135828
8408,test,0,0.4899205
1687,test,0,0.0004623574
1572,test,0,0.3585954
4590,test,0,0.00014791249
4875,test,0,0.00026558075
5951,test,0,0.0001225031
6671,test,0,0.014637724
4532,test,0,9.150726e-05
10737,test,0,0.10021444
4884,test,0,0.0006952487
3761,test,0,0.16863844
8816,test,0,0.1180933
3759,test,0,0.0004733742
9742,test,0,0.0085313935
7104,test,0,0.000552017
10404,test,0,0.9412168
5947,test,0,0.24054526
3031,test,0,0.00023123136
5138,test,0,0.68133265
7383,test,0,0.00087524875
3689,test,0,0.51063395
10849,test,0,0.043388303
10235,test,0,0.54610115
5080,test,0,0.00016462345
8745,test,0,0.9412168
9740,test,0,0.30079958
3922,test,0,0.00031407096
4881,test,0,0.3833756
11013,test,0,0.9412168
7332,test,0,0.11384287
7065,test,0,0.0004885654
10298,test,0,0.106923565
3027,test,0,0.0007778192
2286,test,0,0.00088198803
10168,test,0,0.0022919201
5940,test,0,5.2483338e-05
5451,test,0,3.205815e-05
6695,test,0,0.00014207551
9556,test,0,0.53753155
7051,test,0,0.0002537719
2196,test,0,3.205815e-05
6453,test,0,0.10129024
1774,test,0,5.2483338e-05
5493,test,0,0.0005386655
4473,test,0,0.10129024
8865,test,0,0.00023482283
5818,test,0,5.2483338e-05
4232,test,0,5.2483338e-05
7528,test,0,0.13565032
3925,test,0,0.00014207551
6485,test,0,5.2483338e-05
6127,test,0,3.205815e-05
8114,test,0,0.00014207551
5517,test,0,5.2483338e-05
4484,test,0,0.007954018
9776,test,0,0.0002653798
3649,test,0,0.00017973367
2477,test,0,8.120301e-05
2190,test,0,0.00016170437
6207,test,0,0.55263233
3760,test,0,0.084266834
4525,test,0,3.205815e-05
8101,test,0,3.205815e-05
1952,test,0,0.00028514143
5303,test,0,0.00032898108
6514,test,0,0.66440344
5510,test,0,0.4468025
6095,test,0,0.00019708916
3369,test,0,0.0008434424
2850,test,0,0.029228332
8792,test,0,0.38675416
9365,test,0,0.9265985
6494,test,0,0.0012148313
2259,test,0,0.0012804222
7833,test,0,0.009800789
6337,test,0,0.6427932
4471,test,0,0.00023079482
6501,test,0,0.38675416
1159,test,0,0.08135828
1546,test,0,0.08135828
1421,test,0,0.00027554433
58,test,0,0.0011477546
9490,test,0,0.9090524
8636,test,0,0.0008534331
10832,test,0,0.0008534331
10046,test,0,0.000116200004
9148,test,0,0.014637724
9145,test,0,0.00076082035
4102,test,0,0.0004760519
4128,test,0,4.045437e-05
6194,test,0,4.045437e-05
7750,test,0,0.01389003
1095,test,0,0.014637724
9151,test,0,0.00020894942
5668,test,0,0.16863844
10839,test,0,0.090014204
8682,test,0,0.32242578
3892,test,0,0.0016352214
8660,test,0,0.0006529338
10603,test,0,0.0006529338
7535,test,0,0.22855411
2462,test,0,0.00062641146
4164,test,0,0.00028436934
6444,test,0,0.00014487674
7455,test,0,0.0032685038
8628,test,0,0.00037670415
10150,test,0,0.0009303959
4556,test,0,0.0008831249
5505,test,0,0.00062641146
2251,test,0,0.00026731737
3092,test,0,0.65807176
8681,test,0,0.00062641146
5528,test,0,0.35316974
2447,test,0,0.0029591771
3894,test,0,0.0008592608
10609,test,0,0.62703764
4022,test,0,0.23726584
6533,test,0,0.0009894175
9327,test,0,0.0013806984
2468,test,0,0.014034506
7128,test,0,0.00036810135
3109,test,0,0.00036810135
4418,test,0,0.0032527328
10153,test,0,0.0032527328
4543,test,0,4.5925575e-05
3064,test,0,0.0032527328
6272,test,0,0.0032527328
10854,test,0,0.0002548674
5419,test,0,0.030175501
3507,test,0,0.02161693
1683,test,0,0.00020707754
2716,test,0,0.02417721
3362,test,0,0.00015268067
7052,test,0,0.0003510311
10840,test,0,0.0087903775
7103,test,0,0.0087903775
6217,test,0,0.36732653
7032,test,0,0.0006796874
8495,test,0,0.0087903775
1441,test,0,0.00019977998
3919,test,0,0.00019977998
7513,test,0,0.009911704
5676,test,0,0.0002050718
5439,test,0,0.027296012
7097,test,0,0.00029049107
4535,test,0,0.0032527328
4009,test,0,0.0087903775
8462,test,0,0.00019977998
2708,test,0,0.0032527328
6210,test,0,0.00029049107
1544,test,0,0.10705386
5999,test,0,0.0032527328
6926,test,0,0.00024449354
6681,test,0,0.00022305558
10732,test,0,0.00032687397
1729,test,0,0.00086524815
4448,test,0,0.001046015
8916,test,0,0.00021953977
6350,test,0,0.042927567
5431,test,0,0.000100508216
5104,test,0,0.00041490502
4578,test,0,0.037790168
1885,test,0,0.19871408
3693,test,0,0.00057176134
10148,test,0,0.003402242
1447,test,0,0.07806455
6564,test,0,0.00031967624
5094,test,0,0.0005138585
480,test,0,0.081638314
8791,test,0,0.023501407
9750,test,0,0.00041232086
4554,test,0,0.141962
4441,test,0,0.8276363
1561,test,0,0.00093999447
4002,test,0,0.000627743
4021,test,0,0.141962
4533,test,0,0.007234233
3062,test,0,0.46284497
10756,test,0,0.0020056264
5939,test,0,0.0020056264
2668,test,0,0.0011064743
3916,test,0,0.002646703
1744,test,0,0.0007430532
10602,test,0,0.22472306
7523,test,0,0.18729821
7077,test,0,0.12791036
3561,test,0,0.00015702608
6091,test,0,0.02280661
6554,test,0,0.08377629
2475,test,0,0.08377629
8677,test,0,0.12666728
6228,test,0,0.00015053325
7542,test,0,0.00031707078
6187,test,0,0.48744404
1754,test,0,0.004440527
1557,test,0,0.1558403
2670,test,0,0.23407428
8727,test,0,0.0005966011
6469,test,0,0.3200608
2946,test,0,0.23407428
11061,test,0,0.0002725693
48,test,0,0.2102091
3111,test,0,0.0007525005
2004,test,0,0.0002725693
9387,test,0,0.00042261786
6522,test,0,0.038865466
7821,test,0,0.26011112
5516,test,0,0.08284602
2456,test,0,0.42385828
3373,test,0,0.00018701654
7080,test,0,0.17938377
8619,test,0,0.0020282404
7045,test,0,0.0021811312
11046,test,0,0.0006232101
1773,test,0,0.0008801566
10944,test,0,0.00045690482
11010,test,0,0.4249568
10922,test,0,0.0020280182
516,test,0,0.6403105
2552,test,0,0.0008509337
2847,test,0,0.8946799
9358,test,0,0.41161633
6474,test,0,0.00045016065
2256,test,0,0.74223703
3036,test,0,0.0003390053
10608,test,0,0.00047905536
6629,test,0,0.0007696541
7090,test,0,0.017396193
1543,test,0,0.00014207551
10476,test,0,5.2483338e-05
479,test,0,0.017396193
7336,test,0,0.00029343215
62,test,0,0.46342054
2661,test,0,0.0008952846
2765,test,0,0.0017030305
6198,test,0,0.017396193
8110,test,0,0.0008553369
9583,test,0,5.2483338e-05
3943,test,0,0.00012643672
8627,test,0,0.0003390347
524,test,0,0.00014230085
6223,test,0,0.2313674
5494,test,0,0.0011859965
9326,test,0,5.2483338e-05
3047,test,0,0.007954018
10746,test,0,5.2483338e-05
6019,test,0,0.00083387207
6505,test,0,0.00024645057
7245,test,0,0.0012350278
7814,test,0,0.00011774998
10725,test,0,5.2483338e-05
3576,test,0,6.537811e-05
4447,test,0,0.00083387207
1953,test,0,0.0002659005
2760,test,0,0.00014207551
909,test,0,5.2483338e-05
7338,test,0,0.00030915227
10597,test,0,0.08176992
4677,test,0,0.27940762
5674,test,0,0.17046241
6354,test,0,0.00016554003
5069,test,0,0.04218939
925,test,0,5.2483338e-05
7473,test,0,0.04218939
2656,test,0,0.11403353
6461,test,0,6.537811e-05
3636,test,0,5.2483338e-05
1775,test,0,0.00014207551
1989,test,0,0.007954018
6265,test,0,0.0014297761
7530,test,0,0.27884594
4246,test,0,0.9157878
6678,test,0,0.0017143241
7326,test,0,0.0005445731
5321,test,0,0.084266834
8397,test,0,0.10909579
9360,test,0,0.56407154
6519,test,0,0.00015286815
6916,test,0,0.00017973367
8238,test,0,0.0014657917
4800,test,0,0.697914
6480,test,0,0.0075866813
5519,test,0,0.0008270457
9371,test,0,0.60345656
1995,test,0,0.00027460046
7482,test,0,0.00033178844
67,test,0,0.6028795
1732,test,0,0.00023535317
786,test,0,0.6028795
1747,test,0,0.8474756
6532,test,0,0.00018893972
1760,test,0,0.17200035
6189,test,0,0.00018893972
1272,test,0,0.5560117
2220,test,0,0.4509309
10222,test,0,0.00027460046
3443,test,0,0.001393978
10208,test,0,0.002130506
7578,test,0,0.93910164
2723,test,0,0.597022
2081,test,0,0.8691893
6457,test,0,0.0018521908
7486,test,0,0.052415125
6922,test,0,0.0011792897
7484,test,0,0.0076702074
7247,test,0,0.00014791249
6170,test,0,0.00017298145
8898,test,0,0.3585954
1826,test,0,0.4262754
7666,test,0,0.0007270787
6199,test,0,0.00014791249
8739,test,0,0.004929869
1840,test,0,0.000116200004
10316,test,0,0.07039611
3091,test,0,0.00040221098
6529,test,0,4.045437e-05
9513,test,0,0.0013800584
1261,test,0,0.00040263374
7663,test,0,0.107845366
8829,test,0,0.014637724
7461,test,0,0.001429367
10586,test,0,4.045437e-05
792,test,0,4.045437e-05
1053,test,0,0.00015748055
802,test,0,0.014637724
9333,test,0,0.014637724
3360,test,0,0.00015180082
1770,test,0,9.8713106e-05
10778,test,0,4.045437e-05
3898,test,0,4.045437e-05
5683,test,0,0.00015180082
2758,test,0,0.0003859889
2080,test,0,0.0009492289
11060,test,0,0.19313988
6558,test,0,0.00018893972
2947,test,0,4.045437e-05
5304,test,0,0.61845624
6176,test,0,0.3980151
10466,test,0,0.00019105786
5502,test,0,0.002157812
7320,test,0,0.0001852215
307,test,0,0.08172589
4765,test,0,0.001228236
6481,test,0,0.0009746561
5531,test,0,0.8122212
4547,test,0,0.84558284
7516,test,0,0.00044766907
1548,test,0,0.0005057522
880,test,0,0.9106582
1731,test,0,0.0714176
50,test,0,0.001111817
7039,test,0,0.00049951836
3946,test,0,0.7911172
1725,test,0,0.69009304
7089,test,0,0.00062088016
6261,test,0,0.34184837
3097,test,0,0.00014487674
910,test,0,0.6508872
6008,test,0,0.00062641146
6218,test,0,0.0001289551
8248,test,0,0.6440833
7575,test,0,0.62703764
1429,test,0,0.00031828223
5520,test,0,0.00015663846
7671,test,0,0.00071442244
316,test,0,0.067410216
7353,test,0,0.00015663846
3101,test,0,0.034427036
4111,test,0,0.9098671
2685,test,0,0.074033424
5092,test,0,0.0001939746
7352,test,0,0.0029496595
2933,test,0,0.0014366632
5670,test,0,0.013665592
7515,test,0,0.011772644
4684,test,0,0.01750908
2194,test,0,0.011772644
3509,test,0,0.0032527328
8605,test,0,0.012277664
4091,test,0,0.0032527328
3069,test,0,0.0032527328
749,test,0,0.0032527328
1884,test,0,0.0032527328
9566,test,0,0.0032527328
2648,test,0,5.3506992e-05
8120,test,0,0.0032527328
10045,test,0,5.3506992e-05
2563,test,0,0.0072510494
9259,test,0,0.016433017
10816,test,0,0.011927378
7659,test,0,0.012204142
10409,test,0,0.022236118
5825,test,0,0.0044945893
7829,test,0,0.03306912
944,test,0,0.03306912
3375,test,0,0.00020707754
327,test,0,0.00020707754
7660,test,0,0.02974346
2203,test,0,0.00025725624
1418,test,0,0.00088965055
4235,test,0,0.0087903775
1103,test,0,0.0002050718
5444,test,0,0.0011203517
6375,test,0,0.00019977998
10211,test,0,0.00029049107
10171,test,0,0.022679508
7519,test,0,0.0013043428
9335,test,0,0.009911704
2394,test,0,0.00045368104
5830,test,0,0.0068799937
4103,test,0,0.0014408831
10218,test,0,0.0006796874
61,test,0,0.07554552
6270,test,0,0.0008308538
1435,test,0,0.013684244
4879,test,0,0.03688646
6637,test,0,0.00022125705
3646,test,0,0.009911704
8367,test,0,0.00029049107
5816,test,0,0.0010093498
2641,test,0,0.0008308538
2186,test,0,0.0009113286
49,test,0,0.00018580098
5076,test,0,0.00019977998
5317,test,0,0.031789992
6006,test,0,0.026901223
2215,test,0,0.00025725624
1743,test,0,0.00019977998
6449,test,0,0.00019977998
2565,test,0,0.00041469603
2721,test,0,0.00080942496
1539,test,0,0.00019977998
879,test,0,0.00019977998
3906,test,0,0.00025725624
9493,test,0,0.0134295
2770,test,0,0.15307902
2935,test,0,0.010947897
1037,test,0,0.0011462873
2558,test,0,0.00032687397
6226,test,0,0.00032687397
6557,test,0,0.00032687397
7479,test,0,0.037790168
6227,test,0,0.037790168
4815,test,0,0.037790168
6101,test,0,0.00032687397
10935,test,0,0.00032687397
2261,test,0,0.19166714
4690,test,0,0.00031967624
5071,test,0,0.00031967624
5414,test,0,0.0018177243
6165,test,0,0.00031967624
6515,test,0,0.00031967624
913,test,0,0.3962053
6353,test,0,0.040454283
4816,test,0,0.00031967624
4476,test,0,0.22273792
2649,test,0,0.07806455
7335,test,0,0.0007559029
7536,test,0,0.0007559029
8861,test,0,0.00079509325
5949,test,0,0.0008619361
6162,test,0,0.00031967624
6326,test,0,0.0028140282
5081,test,0,0.00025343505
10398,test,0,0.0005234186
11049,test,0,0.00031967624
10301,test,0,0.00034661443
2756,test,0,0.28695697
8252,test,0,0.042927567
9343,test,0,0.00031967624
9344,test,0,0.00057982776
8458,test,0,0.13830772
2000,test,0,0.24086593
6679,test,0,0.002123058
4242,test,0,0.00065480615
3078,test,0,0.000627743
4446,test,0,0.67550427
7242,test,0,0.000627743
1741,test,0,0.016499491
8732,test,0,0.32529438
8626,test,0,0.5438731
1558,test,0,0.009799202
6510,test,0,0.7148054
5085,test,0,0.0004897628
6473,test,0,0.000731388
704,test,0,0.76620764
9585,test,0,0.0053922804
11062,test,0,0.76620764
319,test,0,0.26066414
7324,test,0,0.0054599843
1750,test,0,0.0007430532
11059,test,0,0.0038326182
7749,test,0,0.22472306
3643,test,0,0.0014339649
798,test,0,0.00092546025
10718,test,0,0.818553
2927,test,0,0.73830706
4791,test,0,0.00094748
6517,test,0,0.294787
7672,test,0,0.03966562
1990,test,0,0.00027307394
914,test,0,0.00015053325
7655,test,0,0.00044766735
10598,test,0,0.00044766735
7127,test,0,0.11142708
2252,test,0,0.0004655704
10822,test,0,0.00015053325
5106,test,0,0.00015053325
9261,test,0,0.00015053325
8240,test,0,0.00015053325
9272,test,0,0.03966562
1767,test,0,0.0013144679
10053,test,0,0.12666728
1087,test,0,0.03966562
4116,test,0,0.00015053325
7121,test,0,0.18729821
5074,test,0,0.00015053325
9262,test,0,0.19659476
1254,test,0,0.0007960811
4482,test,0,0.00015053325
4702,test,0,0.03966562
5320,test,0,0.03966562
1443,test,0,0.39699653
6928,test,0,0.00015053325
4778,test,0,0.33420053
10015,test,0,0.12791036
7836,test,0,0.0003187976
6264,test,0,0.00015053325
1876,test,0,0.0007776453
7463,test,0,0.0008163677
1737,test,0,0.00015053325
8358,test,0,0.18729821
9782,test,0,0.055213366
6551,test,0,0.3370522
4539,test,0,0.1678548
9738,test,0,0.31600386
5100,test,0,0.00031707078
4101,test,0,0.18264836
2660,test,0,0.00019851877
7594,test,0,0.00020955734
8280,test,0,0.055213366
531,test,0,0.63250184
2657,test,0,0.00034731353
2224,test,0,0.00020955734
7190,test,0,0.13279527
2569,test,0,0.00062409986
1828,test,0,0.00020955734
2448,test,0,0.41176376
2941,test,0,0.00020955734
11043,test,0,0.00020955734
1248,test,0,0.055213366
6347,test,0,0.055213366
9133,test,0,0.00023298585
1107,test,0,0.0002725693
5509,test,0,0.0002714319
2678,test,0,0.0004944036
9761,test,0,0.15447605
3098,test,0,0.0002725693
7393,test,0,0.43337667
10844,test,0,0.08284602
9270,test,0,0.00023298585
7250,test,0,0.061553836
7739,test,0,0.0036163155
6911,test,0,0.00039244283
7485,test,0,0.23648854
8793,test,0,0.0020282404
1161,test,0,0.0006315245
4410,test,0,0.0006315245
2582,test,0,0.1349683
4793,test,0,0.00047905536
5349,test,0,0.0008801566
3945,test,0,0.17382361
6483,test,0,0.6546032
1045,test,0,0.00074726593
6344,test,0,0.06757621
2248,test,0,0.0040561366
4693,test,0,0.00086629053
6370,test,0,0.30882385
740,test,0,0.491183
4403,test,0,0.004614331
9769,test,0,0.00035974965
791,test,0,0.0003390053
5306,test,0,0.0018772001
9279,test,0,0.83419555
4696,test,0,0.17382361
4972,test,0,0.79433227
5513,test,0,0.00035974965
4797,test,0,0.00045690482
1115,test,0,0.000529923
1993,test,0,0.0020761073
924,test,0,0.00035974965
10599,test,0,0.00045016065
935,test,0,0.0004871443
10589,test,0,0.0008383783
5512,test,0,0.00018532538
6376,test,0,0.0008801566
8269,test,0,0.0010380123
10946,test,0,0.0004735861
6512,test,0,0.10060069
8473,test,0,0.9557954
8389,test,0,0.00045690482
6445,test,0,0.6403105
7534,test,0,0.9270418
2775,test,0,0.0458157
6669,test,0,0.0018305288
10833,test,0,0.0002537719
10241,test,0,0.59611756
9369,test,0,0.00047905536
10012,test,0,0.0016730097
6380,test,0,0.11406147
6683,test,0,0.00035974965
382,test,0,0.3946878
3103,test,0,0.00089851406
490,test,0,0.00094154826
6023,test,0,0.0008952846
5749,test,0,0.0016727438
2386,test,0,0.60168964
878,test,0,0.9379829
8465,test,0,0.0008801566
2769,test,0,0.6318588
6914,test,0,0.00064345833
10923,test,0,0.08176992
6178,test,0,0.10909579
917,test,0,0.017396193
3642,test,0,7.784505e-05
4526,test,0,0.0570929
2449,test,0,0.00023482283
9134,test,0,0.00012643672
8394,test,0,0.0017264137
8404,test,0,5.2483338e-05
9386,test,0,5.2483338e-05
7824,test,0,0.35033765
2258,test,0,0.00047270683
2654,test,0,0.001176813
10804,test,0,0.074717514
6124,test,0,0.5768292
9777,test,0,0.00060395343
6513,test,0,0.7596695
3937,test,0,0.13558474
885,test,0,5.2483338e-05
10238,test,0,5.2483338e-05
1112,test,0,0.0006111865
304,test,0,0.3946878
7334,test,0,0.00027379917
7592,test,0,0.23996837
7228,test,0,0.0002537719
3367,test,0,0.5544934
6938,test,0,0.36694196
3084,test,0,0.051337924
10753,test,0,0.0021747707
1038,test,0,0.0011108615
1249,test,0,0.0002537719
10807,test,0,0.0021205957
3041,test,0,0.051337924
8813,test,0,0.051337924
1036,test,0,0.0017030305
2772,test,0,0.11406147
9783,test,0,0.24383566
3628,test,0,0.0002537719
6014,test,0,0.00023482283
1092,test,0,0.00023482283
6339,test,0,7.000569e-05
3757,test,0,3.205815e-05
1998,test,0,5.2483338e-05
5352,test,0,5.2483338e-05
8470,test,0,0.0013172288
7490,test,0,9.777832e-05
2675,test,0,5.2483338e-05
2193,test,0,0.066724256
10773,test,0,0.00068488665
3684,test,0,3.205815e-05
11058,test,0,0.00016554003
7098,test,0,5.2483338e-05
3926,test,0,9.777832e-05
6452,test,0,5.2483338e-05
6004,test,0,0.00015286815
1117,test,0,5.2483338e-05
4808,test,0,0.017396193
6096,test,0,5.2483338e-05
9389,test,0,5.2483338e-05
5744,test,0,0.000529923
938,test,0,0.000529923
1088,test,0,5.2483338e-05
4542,test,0,0.000529923
8807,test,0,0.00030090223
10823,test,0,0.017396193
8409,test,0,5.2483338e-05
9569,test,0,5.2483338e-05
702,test,0,3.205815e-05
6214,test,0,0.00023298585
5064,test,0,0.00012643672
4698,test,0,0.00024645057
4105,test,0,0.040999085
11006,test,0,0.27884594
10771,test,0,0.0004992735
4469,test,0,5.2483338e-05
7351,test,0,5.2483338e-05
8493,test,0,0.00068674155
8811,test,0,0.0002537719
4821,test,0,0.0002537719
4591,test,0,0.48942778
6506,test,0,0.11403353
7346,test,0,0.00030915227
8245,test,0,5.2483338e-05
3564,test,0,0.10129024
6670,test,0,7.916393e-05
9589,test,0,0.08856714
9139,test,0,5.2483338e-05
9331,test,0,9.777832e-05
1757,test,0,5.2483338e-05
430,test,0,0.00033997025
9383,test,0,6.537811e-05
3936,test,0,5.2483338e-05
8279,test,0,0.5190187
423,test,0,0.00033997025
484,test,0,5.4747343e-05
493,test,0,0.00033997025
2645,test,0,0.0007633847
5492,test,0,7.784505e-05
5099,test,0,0.0002537719
1257,test,0,0.0042068316
8239,test,0,0.0003903658
7819,test,0,0.00011774998
931,test,0,0.00017697837
10232,test,0,5.2483338e-05
6465,test,0,5.2483338e-05
3927,test,0,5.2483338e-05
9766,test,0,0.00014207551
6117,test,0,0.00025684328
6331,test,0,5.2483338e-05
1565,test,0,5.2483338e-05
4581,test,0,5.2483338e-05
1568,test,0,0.00083387207
6530,test,0,0.00034231774
3644,test,0,5.2483338e-05
1742,test,0,0.017396193
11004,test,0,0.066724256
4123,test,0,5.2483338e-05
5083,test,0,0.00014207551
4822,test,0,5.2483338e-05
11014,test,0,5.2483338e-05
4588,test,0,5.2483338e-05
4238,test,0,5.2483338e-05
6105,test,0,5.2483338e-05
7661,test,0,0.00014124371
1678,test,0,0.010575128
2934,test,0,5.2483338e-05
6351,test,0,5.2483338e-05
8460,test,0,5.2483338e-05
4443,test,0,0.5701237
7283,test,0,0.7218016
10236,test,0,0.00014207551
6335,test,0,5.2483338e-05
1540,test,0,5.2483338e-05
797,test,0,5.2483338e-05
1417,test,0,7.134319e-05
6321,test,0,0.13558474
1728,test,0,5.2483338e-05
789,test,0,0.00014124371
10472,test,0,5.2483338e-05
3574,test,0,0.00012643672
4097,test,0,0.00012643672
806,test,0,0.00030915227
10011,test,0,0.1378057
8794,test,0,0.0004996517
803,test,0,0.00023482283
5688,test,0,0.8790245
8494,test,0,3.205815e-05
1873,test,0,0.008654436
4786,test,0,0.00017973367
894,test,0,3.205815e-05
10588,test,0,0.04218939
7588,test,0,5.2483338e-05
2227,test,0,0.0035595852
5067,test,0,0.00017973367
4806,test,0,0.00017973367
10733,test,0,0.32382295
6667,test,0,5.2483338e-05
2283,test,0,0.08176992
6202,test,0,5.2483338e-05
9755,test,0,0.1378057
9568,test,0,0.0010608663
930,test,0,5.2483338e-05
10337,test,0,0.11403353
7538,test,0,9.4781135e-05
6682,test,0,5.2483338e-05
2659,test,0,5.2483338e-05
1050,test,0,0.00017973367
8258,test,0,7.916393e-05
434,test,0,0.112388626
10591,test,0,0.084266834
5073,test,0,0.00028757344
8270,test,0,0.0016592061
8467,test,0,0.00017973367
512,test,0,0.00017973367
4585,test,0,0.0012628976
1251,test,0,0.0002853035
6935,test,0,0.0002853035
4104,test,0,0.0007691827
5089,test,0,0.00017973367
4697,test,0,0.0002653798
1158,test,0,0.12746595
8912,test,0,5.2483338e-05
10931,test,0,0.007954018
1151,test,0,5.2483338e-05
10219,test,0,0.00017973367
7445,test,0,0.11403353
927,test,0,0.0017981251
1961,test,0,0.32382295
6181,test,0,0.00051662547
7331,test,0,7.916393e-05
5062,test,0,0.00017973367
6635,test,0,0.00017973367
7240,test,0,0.00017973367
7237,test,0,0.00028757344
928,test,0,0.0011198551
10601,test,0,0.92950666
903,test,0,0.0026220917
2762,test,0,0.0002853035
4589,test,0,0.553718
4809,test,0,0.0013041352
6157,test,0,0.00028757344
3639,test,0,0.00017973367
8867,test,0,0.0021392931
8915,test,0,0.4818878
8909,test,0,0.00017697837
10741,test,0,0.00017973367
6352,test,0,0.00082219474
5135,test,0,0.21944247
53,test,0,0.066724256
4162,test,0,0.0046114214
8276,test,0,5.2483338e-05
2936,test,0,0.00020955734
4599,test,0,0.0013551648
3026,test,0,0.12835023
6154,test,0,0.0005356537
4759,test,0,0.12835023
6520,test,0,0.040999085
1084,test,0,0.00028757344
6186,test,0,0.002090575
4770,test,0,0.5895869
9132,test,0,0.0022555506
3055,test,0,0.001053187
10345,test,0,0.019303627
5059,test,0,0.00028757344
7525,test,0,0.0021730578
2673,test,0,0.00028757344
10147,test,0,0.017396193
4523,test,0,0.45874253
764,test,0,0.0009523074
4110,test,0,0.00017973367
1891,test,0,0.0002653798
4004,test,0,0.0002653798
10723,test,0,0.0002653798
1882,test,0,0.0007633847
4239,test,0,0.000102778286
3930,test,0,0.000102778286
317,test,0,0.0002653798
10940,test,0,0.2697791
8386,test,0,0.06807673
1046,test,0,0.0002853035
2943,test,0,0.00063840515
9330,test,0,0.000306777
3929,test,0,0.000306777
906,test,0,0.00027460046
8901,test,0,0.13575968
3562,test,0,0.000306777
7099,test,0,0.00027460046
3935,test,0,0.0022547622
5952,test,0,0.00027460046
6909,test,0,0.004082116
8097,test,0,0.0007331022
6566,test,0,0.00028644307
6487,test,0,0.00027460046
10401,test,0,0.3960253
10765,test,0,0.00027460046
7360,test,0,0.2240582
4592,test,0,0.6828812
5445,test,0,0.000306777
4796,test,0,0.0019236011
2667,test,0,5.2483338e-05
2840,test,0,0.10017308
8275,test,0,0.85644186
4236,test,0,0.0019162284
9149,test,0,0.87852573
6179,test,0,0.002782818
4874,test,0,0.00030418235
5737,test,0,0.005537042
7333,test,0,0.13575968
4769,test,0,0.000306777
1761,test,0,0.000306777
7540,test,0,0.0023750293
1836,test,0,0.00033178844
2653,test,0,0.08547903
6525,test,0,0.00023535317
3924,test,0,0.0008856892
9154,test,0,0.00027460046
4114,test,0,0.0009513488
2926,test,0,0.059712265
6464,test,0,0.00023079482
8913,test,0,0.00018893972
3083,test,0,0.003362997
2469,test,0,0.0010948876
4795,test,0,0.00014791249
3629,test,0,0.0025240688
1252,test,0,0.000306777
9260,test,0,0.0013242227
5434,test,0,0.00018893972
3436,test,0,0.0020997769
4555,test,0,0.38675416
10036,test,0,0.00030418235
2720,test,0,0.0012804222
9131,test,0,0.17200035
9361,test,0,0.00023535317
6690,test,0,0.00052008557
9263,test,0,0.000351962
10938,test,0,0.00027460046
1105,test,0,0.000306777
11057,test,0,0.00027460046
7487,test,0,0.00033178844
4451,test,0,0.0067571523
4977,test,0,0.04540056
2705,test,0,0.84558284
2253,test,0,0.0008434424
3085,test,0,0.00018893972
9137,test,0,0.000306777
8613,test,0,0.0008434424
10592,test,0,0.0003521202
6527,test,0,0.00017298145
315,test,0,0.000116200004
10757,test,0,0.000116200004
1270,test,0,0.000116200004
421,test,0,0.00017298145
2949,test,0,0.00017298145
4701,test,0,0.00017298145
4785,test,0,0.57523704
7330,test,0,0.00014474736
10850,test,0,0.00014791249
10585,test,0,0.56284803
6442,test,0,0.0027163918
10736,test,0,0.9147633
4829,test,0,0.005207577
8664,test,0,0.000116200004
3640,test,0,0.00014791249
7743,test,0,0.00014791249
10463,test,0,0.000116200004
4540,test,0,0.0047314647
7827,test,0,0.00028350443
8503,test,0,0.0016890358
3928,test,0,4.045437e-05
6455,test,0,0.0037242605
9339,test,0,0.00012537194
10465,test,0,0.56284803
8897,test,0,0.00014791249
2387,test,0,0.0005884843
10317,test,0,0.052415125
4828,test,0,0.00014791249
1734,test,0,0.00027020415
9268,test,0,0.0015006956
1749,test,0,0.000104341205
7728,test,0,0.6127077
757,test,0,0.00015180082
787,test,0,0.00017298145
3024,test,0,0.000116200004
6169,test,0,0.0002958705
8388,test,0,0.0008550908
4988,test,0,0.004970806
7182,test,0,0.000291529
1951,test,0,0.36494443
4766,test,0,4.045437e-05
9146,test,0,0.00039886884
10237,test,0,0.00014791249
7094,test,0,0.0015006956
7348,test,0,0.00014791249
8827,test,0,0.000116200004
4527,test,0,0.41333568
2717,test,0,0.0010948876
1132,test,0,0.00014791249
1143,test,0,0.00014791249
7736,test,0,0.00014791249
4445,test,0,0.0010342288
4008,test,0,0.00014791249
9765,test,0,0.0035738577
1265,test,0,0.37798667
5354,test,0,0.001754637
4024,test,0,0.000116200004
2682,test,0,0.00017298145
424,test,0,0.00017298145
10220,test,0,0.00017298145
300,test,0,0.000116200004
2260,test,0,0.00017298145
4695,test,0,0.00017298145
1101,test,0,0.0005937435
5751,test,0,0.000116200004
2832,test,0,0.46728027
486,test,0,0.0003222392
929,test,0,0.0003439332
7590,test,0,0.00017298145
3698,test,0,0.7641585
8267,test,0,0.00014791249
6213,test,0,0.00014791249
5096,test,0,0.00046751474
2763,test,0,0.000116200004
1831,test,0,0.37798667
6921,test,0,0.00014791249
296,test,0,0.07039611
6185,test,0,0.0011792897
5065,test,0,0.00035281226
6330,test,0,0.13811025
7070,test,0,0.00014791249
10314,test,0,0.113298304
1752,test,0,0.0003859889
7810,test,0,0.00015180082
899,test,0,0.014637724
9377,test,0,4.045437e-05
3633,test,0,4.045437e-05
6379,test,0,0.000111730835
6930,test,0,4.045437e-05
6561,test,0,4.045437e-05
2931,test,0,0.014637724
9138,test,0,5.0393908e-05
10745,test,0,0.000104341205
1100,test,0,5.0393908e-05
11053,test,0,5.0393908e-05
6109,test,0,4.045437e-05
5526,test,0,4.045437e-05
1886,test,0,0.00033405528
2002,test,0,4.045437e-05
4006,test,0,4.045437e-05
8505,test,0,0.39884132
7347,test,0,0.66851026
6206,test,0,0.0003859889
6378,test,0,4.045437e-05
1127,test,0,7.8947494e-05
10809,test,0,4.045437e-05
1730,test,0,4.045437e-05
9737,test,0,0.5984736
755,test,0,0.57150334
4593,test,0,4.045437e-05
10852,test,0,7.278837e-05
306,test,0,4.045437e-05
6221,test,0,4.045437e-05
1109,test,0,0.00020677152
309,test,0,0.00026661332
4536,test,0,0.00026661332
8405,test,0,4.045437e-05
3654,test,0,7.278837e-05
481,test,0,4.045437e-05
7235,test,0,4.045437e-05
483,test,0,5.0393908e-05
1139,test,0,0.57150334
1988,test,0,4.045437e-05
10941,test,0,4.045437e-05
9391,test,0,5.9564754e-05
10738,test,0,0.0003307699
2664,test,0,0.0003307699
5673,test,0,4.045437e-05
10405,test,0,0.00022263639
7596,test,0,0.014637724
4682,test,0,0.107845366
6151,test,0,0.053881627
6022,test,0,0.0002958705
9781,test,0,4.045437e-05
2567,test,0,4.045437e-05
5101,test,0,4.045437e-05
7073,test,0,0.07560925
8121,test,0,0.24372599
6320,test,0,4.045437e-05
10197,test,0,0.16945332
1439,test,0,0.107845366
7195,test,0,7.8947494e-05
4885,test,0,0.07818916
7388,test,0,7.278837e-05
7354,test,0,8.838539e-05
4761,test,0,0.0003307699
6003,test,0,0.07818916
4112,test,0,0.0006661872
4982,test,0,0.0006661872
3573,test,0,0.00024457465
3653,test,0,0.00080567243
1835,test,0,0.24372599
7483,test,0,0.044543512
7589,test,0,0.000104341205
4771,test,0,0.0001324234
2389,test,0,0.10021444
495,test,0,0.014637724
4974,test,0,0.80700785
6508,test,0,0.18575715
8236,test,0,0.00026558075
5437,test,0,0.00012694749
6563,test,0,4.045437e-05
10462,test,0,4.045437e-05
10845,test,0,7.278837e-05
1149,test,0,4.045437e-05
10315,test,0,0.01389003
4987,test,0,0.39884132
4683,test,0,4.045437e-05
7081,test,0,0.09210301
8906,test,0,0.00011287678
9351,test,0,0.014637724
8272,test,0,0.16409345
10761,test,0,0.00011287678
1992,test,0,0.00011287678
9150,test,0,4.045437e-05
3038,test,0,8.838539e-05
9362,test,0,0.00023499328
8243,test,0,0.0002773302
4029,test,0,7.278837e-05
10729,test,0,0.00050635205
801,test,0,4.045437e-05
7584,test,0,4.045437e-05
6336,test,0,0.0035931945
7046,test,0,0.0005166792
9434,test,0,0.00015748055
1106,test,0,0.00011287678
3034,test,0,0.00011287678
1691,test,0,0.30891252
2848,test,0,0.16863844
5955,test,0,0.63404155
2644,test,0,0.16863844
3948,test,0,0.00011287678
8833,test,0,0.64850056
1755,test,0,0.37098816
9778,test,0,0.090014204
2835,test,0,0.4964942
8512,test,0,0.00034780474
4681,test,0,0.00019105786
1104,test,0,0.0003334259
1554,test,0,0.00019105786
8264,test,0,0.090014204
425,test,0,0.090014204
5061,test,0,0.00019105786
5435,test,0,0.08172589
8401,test,0,0.005398347
1160,test,0,0.00025152735
5827,test,0,0.0008472867
10926,test,0,0.0008472867
5750,test,0,0.00015663846
3446,test,0,0.08319664
900,test,0,0.00045198592
6536,test,0,0.0014524749
3685,test,0,0.0017487061
7042,test,0,0.30079958
6156,test,0,0.0012746401
923,test,0,0.00015663846
4811,test,0,0.20885973
5310,test,0,0.6127777
7571,test,0,0.07499805
2771,test,0,0.00039445172
9253,test,0,0.000291944
7122,test,0,0.00024490716
8406,test,0,0.00042557696
1727,test,0,0.00014487674
4442,test,0,0.77342224
10146,test,0,0.30750623
5348,test,0,0.00013936445
5490,test,0,0.00024490716
701,test,0,0.00024490716
10759,test,0,0.00014487674
11048,test,0,0.00015663846
891,test,0,0.00031724764
2001,test,0,0.00015663846
3075,test,0,0.0014478671
9246,test,0,0.0010284471
6175,test,0,0.00016168125
3057,test,0,0.000291944
2089,test,0,0.00062641146
2391,test,0,0.16417749
9518,test,0,0.00022442898
6098,test,0,0.00013936445
295,test,0,0.0006171115
5532,test,0,0.00026731737
7517,test,0,0.0008930163
4152,test,0,0.00026731737
7238,test,0,0.0025922416
1137,test,0,0.0025922416
4098,test,0,0.00074650545
7585,test,0,0.81889474
6638,test,0,0.00031828223
7475,test,0,0.067410216
5679,test,0,0.00024490716
7489,test,0,0.0002908813
8471,test,0,0.00015663846
10309,test,0,0.00016168125
9384,test,0,0.002809056
8819,test,0,0.074033424
10312,test,0,0.00014487674
5522,test,0,0.0018746422
4706,test,0,0.00017172408
8900,test,0,0.00015675828
1768,test,0,0.00015675828
4020,test,0,0.5799485
759,test,0,0.0066955932
921,test,0,0.00017699506
6458,test,0,7.149983e-05
1089,test,0,0.3029132
9579,test,0,0.0002504586
5347,test,0,0.00048044306
4015,test,0,0.002013332
10848,test,0,0.0010650834
4444,test,0,0.36878332
8802,test,0,0.00076206843
1753,test,0,0.28610995
6377,test,0,0.04274336
2188,test,0,0.41587526
8480,test,0,0.00024490716
1833,test,0,0.0004885654
10158,test,0,0.0025746957
4108,test,0,0.002986125
10815,test,0,0.032216832
3688,test,0,0.0014022306
7731,test,0,0.0011790269
3368,test,0,0.03904711
2937,test,0,0.00095076713
4402,test,0,0.55942297
6531,test,0,0.915996
3067,test,0,0.0019251617
7025,test,0,0.015650773
6694,test,0,0.4108605
1739,test,0,0.00022402065
10749,test,0,0.00016168125
8508,test,0,0.0010359817
8683,test,0,0.37777308
3909,test,0,0.00015869566
5820,test,0,0.00031828223
3947,test,0,0.0004210813
2868,test,0,0.00062641146
7732,test,0,0.236036
10595,test,0,0.6670253
9762,test,0,0.074662395
10224,test,0,0.0007837042
8103,test,0,0.00062641146
4436,test,0,0.30750623
8670,test,0,0.00026731737
4790,test,0,0.00016462345
4819,test,0,0.00025152735
2652,test,0,0.0012435972
3950,test,0,0.067410216
8825,test,0,0.00042249035
7835,test,0,0.2965626
8403,test,0,0.00026865414
3650,test,0,0.00015663846
7029,test,0,0.00042284434
3908,test,0,0.0016019393
6097,test,0,0.5331464
10744,test,0,0.006483077
2932,test,0,0.00026865414
3070,test,0,0.00031724764
2650,test,0,0.0003006751
6685,test,0,0.00016462345
9382,test,0,0.74788725
6919,test,0,0.7693375
1442,test,0,0.0043746475
7548,test,0,0.00026731737
10846,test,0,0.04274336
3035,test,0,0.6356678
2577,test,0,0.00026731737
9258,test,0,0.00024490716
7184,test,0,0.001355556
10803,test,0,0.002986125
10842,test,0,0.010433481
3901,test,0,0.010433481
10838,test,0,0.00037361108
8795,test,0,0.16313419
4016,test,0,0.06804163
2839,test,0,0.0014478671
9277,test,0,0.00014487674
2578,test,0,0.00024490716
7822,test,0,0.003515612
6543,test,0,0.0023072439
2672,test,0,0.001293062
1049,test,0,0.00016462345
10943,test,0,0.3628269
2707,test,0,0.0005189231
8622,test,0,0.00035302862
8363,test,0,0.0034325272
7188,test,0,0.00026731737
2249,test,0,0.00022442898
3094,test,0,0.0026188926
5082,test,0,0.20833328
5058,test,0,0.00022402065
1772,test,0,0.00022402065
9388,test,0,0.00014487674
5137,test,0,0.0006529338
7730,test,0,0.0014569396
2472,test,0,0.00026731737
3444,test,0,0.00016462345
2677,test,0,0.00020139974
2580,test,0,0.48985058
8123,test,0,0.0025911655
7572,test,0,0.88623565
5525,test,0,0.17001857
1839,test,0,0.24771006
9364,test,0,0.00024490716
2841,test,0,0.49859515
5743,test,0,0.0003543024
5937,test,0,0.24054526
7591,test,0,0.0008705889
756,test,0,0.00026731737
1125,test,0,0.3596248
889,test,0,0.45628002
6345,test,0,0.00016168125
6537,test,0,0.091992125
2651,test,0,0.00024490716
1966,test,0,0.00028284028
7669,test,0,0.00024490716
754,test,0,0.00062641146
7357,test,0,0.0002504586
1954,test,0,0.00031828223
7340,test,0,0.0004306913
7587,test,0,0.0043104785
6666,test,0,0.0016681944
1153,test,0,0.00030506987
6503,test,0,0.00044761613
4678,test,0,0.601662
7481,test,0,0.00016267234
6383,test,0,0.00016094923
9772,test,0,0.0074712546
1124,test,0,0.08446847
1035,test,0,0.0020139625
432,test,0,0.00014378785
5529,test,0,0.000334793
10835,test,0,0.54807806
10300,test,0,0.00094342197
5954,test,0,0.00016267234
5499,test,0,0.00011644602
8902,test,0,0.0134295
3066,test,0,0.00011355369
7832,test,0,0.0115203
5496,test,0,0.0115203
2464,test,0,0.012204142
6499,test,0,0.012204142
7028,test,0,0.010947897
2473,test,0,0.00071534456
8260,test,0,0.00014799983
11005,test,0,0.00014799983
788,test,0,0.00017966822
4415,test,0,0.010947897
8107,test,0,0.011772644
795,test,0,0.00023584938
7386,test,0,0.007436305
11011,test,0,0.011772644
3106,test,0,0.014034506
10170,test,0,0.011772644
5129,test,0,0.011772644
4475,test,0,0.00048582733
10999,test,0,0.011772644
308,test,0,0.00032987585
712,test,0,0.00032987585
6200,test,0,0.0005275674
1140,test,0,0.0005275674
7741,test,0,0.0003941262
3888,test,0,0.0032527328
9433,test,0,0.0037247404
7071,test,0,0.000174368
1448,test,0,4.959237e-05
2564,test,0,0.0032527328
10772,test,0,0.0037247404
3365,test,0,0.0032527328
6017,test,0,0.0032527328
9528,test,0,0.0032527328
2211,test,0,0.0032527328
893,test,0,0.021481544
5457,test,0,5.3506992e-05
6466,test,0,0.00015767783
10200,test,0,0.00015767783
6266,test,0,0.0032527328
1128,test,0,0.00014764335
4691,test,0,0.00014764335
10043,test,0,8.626373e-05
6160,test,0,0.016433017
8257,test,0,0.00018954492
10478,test,0,0.00018500193
805,test,0,0.014225053
8479,test,0,0.00013935116
1048,test,0,0.014225053
426,test,0,0.014225053
3017,test,0,0.016433017
4775,test,0,0.00019662593
8801,test,0,0.00011355369
6907,test,0,0.0115203
7047,test,0,0.0115203
7658,test,0,0.00011355369
10214,test,0,0.012204142
8487,test,0,0.030175501
8355,test,0,4.379735e-05
5427,test,0,4.379735e-05
384,test,0,0.031819522
4094,test,0,0.0044945893
381,test,0,0.00029663424
7389,test,0,0.031819522
8244,test,0,0.00056750176
9512,test,0,0.00056750176
1889,test,0,0.005190799
5828,test,0,0.031789992
4027,test,0,0.0069132173
2088,test,0,0.00020707754
2078,test,0,0.018796124
7186,test,0,0.018796124
7189,test,0,0.00016011272
902,test,0,0.00025725624
5819,test,0,0.00025725624
5507,test,0,0.00025725624
11003,test,0,0.027296012
10005,test,0,0.023705628
4553,test,0,0.027836982
513,test,0,0.02161693
1887,test,0,0.00042276795
8864,test,0,0.07791301
9571,test,0,0.1265767
6348,test,0,0.0002050718
8854,test,0,0.0008667066
10764,test,0,0.59185857
767,test,0,0.0008667066
2003,test,0,0.00019977998
1547,test,0,0.00019977998
10826,test,0,0.00019977998
2451,test,0,0.00088965055
5070,test,0,0.0002050718
796,test,0,0.0002050718
3447,test,0,0.00019977998
4107,test,0,0.00019977998
5515,test,0,0.0007497543
6355,test,0,0.0006976839
2704,test,0,0.0008667066
8398,test,0,0.013684244
6099,test,0,0.00019977998
1268,test,0,0.00018952054
7290,test,0,0.013684244
9249,test,0,0.00019977998
8673,test,0,0.00018952054
4011,test,0,0.014116513
4779,test,0,0.00012147816
520,test,0,0.00012147816
5430,test,0,0.00018142899
6196,test,0,0.00019977998
1991,test,0,0.0087903775
6459,test,0,0.0002050718
1456,test,0,0.0013151172
3651,test,0,0.0002050718
7828,test,0,0.0006976839
9485,test,0,0.00053999847
1735,test,0,0.07554552
6500,test,0,0.00018772617
4979,test,0,0.00080942496
10817,test,0,0.00019977998
9328,test,0,0.0002050718
2470,test,0,0.001104415
8746,test,0,0.00038169834
1890,test,0,0.00039180825
9745,test,0,0.00086513604
1042,test,0,0.009911704
8809,test,0,0.0008308538
302,test,0,0.0019135908
8658,test,0,0.0087903775
9551,test,0,0.00066505076
5671,test,0,0.00038169834
8869,test,0,0.083182216
6322,test,0,0.002043175
9347,test,0,0.0627905
6470,test,0,0.0087903775
7230,test,0,0.00029049107
3366,test,0,0.00018952054
2200,test,0,0.0002050718
6324,test,0,0.0017238237
8858,test,0,0.00089638354
1762,test,0,0.00038169834
8475,test,0,0.0027762912
2467,test,0,0.0008308538
5824,test,0,0.013684244
322,test,0,0.0087903775
5132,test,0,0.00019977998
8621,test,0,0.00012238703
8108,test,0,0.0027762912
7521,test,0,0.00012147816
8606,test,0,0.0002050718
1162,test,0,0.0002050718
3370,test,0,0.014116513
4422,test,0,0.00012238703
6349,test,0,0.013684244
3114,test,0,0.0001196838
1877,test,0,0.0002050718
9780,test,0,0.0018531088
9746,test,0,0.00019977998
809,test,0,0.00022125705
5536,test,0,0.0002050718
9514,test,0,0.009911704
4973,test,0,0.013684244
4398,test,0,0.034710955
10768,test,0,0.00019977998
2925,test,0,0.00019977998
10037,test,0,0.00019977998
10722,test,0,0.00019977998
10306,test,0,0.00019977998
10155,test,0,0.00037962824
3374,test,0,0.00015268067
9143,test,0,0.00019977998
5448,test,0,0.027296012
1085,test,0,0.0087903775
9564,test,0,0.00089103205
6340,test,0,0.00019977998
6112,test,0,0.0032527328
2212,test,0,0.005190799
7344,test,0,0.00026193922
9588,test,0,0.00019977998
881,test,0,0.00019977998
3082,test,0,0.00019977998
10234,test,0,0.00032138382
6565,test,0,0.00019977998
1745,test,0,0.0627905
9266,test,0,0.00026193922
3113,test,0,0.00019977998
9375,test,0,0.00019977998
8617,test,0,0.00029413152
3563,test,0,0.00019977998
6002,test,0,0.0087903775
6937,test,0,0.00019977998
9486,test,0,0.00012797561
2553,test,0,0.003050556
4400,test,0,0.010947897
4468,test,0,0.0087903775
6492,test,0,0.034710955
10841,test,0,0.00022305558
6089,test,0,0.00021554765
2581,test,0,0.00021554765
6920,test,0,0.0134295
2561,test,0,0.00024029851
6325,test,0,0.028015805
1875,test,0,0.00080942496
2191,test,0,0.002043175
10205,test,0,0.00019662593
3042,test,0,0.00019977998
8273,test,0,0.00019977998
3631,test,0,0.00019977998
6934,test,0,0.00019977998
4826,test,0,0.00019977998
7580,test,0,0.0087903775
898,test,0,0.00019977998
6915,test,0,0.00019977998
3912,test,0,0.00019977998
301,test,0,0.00019977998
8098,test,0,0.0008005
4014,test,0,0.00019977998
1253,test,0,0.00019977998
8832,test,0,0.00021554765
10240,test,0,0.0087903775
6211,test,0,0.0087903775
10009,test,0,0.010947897
6495,test,0,0.0087903775
8736,test,0,0.021659425
10853,test,0,0.0087903775
5440,test,0,0.00019977998
1040,test,0,0.015515945
525,test,0,0.0032527328
8241,test,0,0.00019977998
2714,test,0,0.02161693
3566,test,0,0.0087903775
3054,test,0,0.010947897
3053,test,0,0.00026662883
9573,test,0,0.00019977998
8368,test,0,0.0087903775
10239,test,0,0.00029049107
8680,test,0,0.013684244
3933,test,0,0.00019977998
6329,test,0,0.00026193922
9336,test,0,0.00019977998
5350,test,0,0.00019977998
4975,test,0,5.354589e-05
1129,test,0,0.021460185
10933,test,0,0.00019977998
9374,test,0,0.00019977998
1783,test,0,0.010947897
7124,test,0,8.626373e-05
9770,test,0,0.00018772617
2074,test,0,0.0003372933
373,test,0,0.00054821087
7078,test,0,0.00019977998
1723,test,0,0.031789992
4813,test,0,0.00019977998
8614,test,0,0.00080942496
4802,test,0,0.00019977998
4890,test,0,0.00019977998
6193,test,0,0.00019977998
5739,test,0,0.02974346
4580,test,0,0.00019977998
1960,test,0,0.003148217
9771,test,0,0.15307902
6094,test,1,0.8890413
1778,test,0,0.8890413
4787,test,0,0.00019977998
10818,test,0,0.00019977998
3749,test,0,0.26931128
2757,test,0,0.0012366647
8507,test,0,0.15307902
8496,test,0,0.07119662
807,test,0,0.00032687397
7345,test,0,0.00032687397
7546,test,0,0.00054645666
6538,test,0,0.0011462873
7284,test,0,0.022970252
1999,test,0,0.00021953977
4544,test,0,0.0011425692
9255,test,0,0.19806324
1451,test,0,0.08129143
2083,test,0,0.0001547135
10461,test,0,0.00032687397
11009,test,0,0.00032687397
3949,test,0,0.046721604
10049,test,0,0.021279147
4768,test,0,0.00032687397
8821,test,0,0.00021953977
5458,test,0,0.0380209
10726,test,0,0.00037721643
2837,test,0,0.00037721643
1764,test,0,0.00032687397
1118,test,0,0.14204037
11056,test,0,0.00032687397
6484,test,0,0.00032687397
10779,test,0,0.00034097096
5953,test,0,0.00032687397
6553,test,0,0.39960766
4125,test,0,0.037790168
9337,test,0,0.0018331105
6560,test,0,0.0020408381
485,test,0,0.058267385
10763,test,0,0.00032687397
7474,test,0,0.00032687397
9393,test,0,0.27111137
3020,test,0,0.037790168
3751,test,0,0.00032687397
5958,test,0,0.00032687397
4113,test,0,0.00032687397
4237,test,0,0.00032687397
4597,test,0,0.00032687397
1771,test,0,0.00060903706
3110,test,0,0.00032687397
9757,test,0,0.00032687397
5514,test,0,0.00032687397
6905,test,0,0.00032687397
6673,test,0,0.00032687397
10396,test,0,0.0032493456
10728,test,0,0.18148118
4801,test,0,0.00032687397
3503,test,0,0.02468898
1098,test,0,0.00031967624
940,test,0,0.29913273
5056,test,0,0.00032687397
8826,test,0,0.00041490502
2851,test,0,0.0063241795
785,test,0,0.0003289378
1091,test,0,0.00031967624
1150,test,0,0.00041490502
1164,test,0,0.037790168
11008,test,0,0.0028906337
4676,test,0,0.00041490502
8263,test,0,0.00041490502
3033,test,0,0.00041912598
10600,test,0,0.00032687397
10719,test,0,0.042777147
2842,test,0,0.051884558
1963,test,0,0.06795928
5060,test,0,0.042927567
10162,test,0,0.00079018786
6346,test,0,0.042927567
11050,test,0,0.00031967624
6555,test,0,0.00025343505
7337,test,0,0.00031967624
1829,test,0,0.00031967624
7820,test,0,0.00035757895
3099,test,0,0.00035757895
1266,test,0,0.00031967624
7327,test,0,0.00031967624
1834,test,0,0.0011765352
2465,test,0,0.00025343505
10734,test,0,0.00031967624
8823,test,0,0.00031967624
10594,test,0,0.00031967624
10782,test,0,0.040454283
9380,test,0,0.00025343505
2766,test,0,0.042927567
6486,test,0,0.043165598
3944,test,0,0.00031967624
1827,test,0,0.00031967624
8637,test,0,0.19871408
8903,test,0,0.00025343505
6477,test,0,0.00031967624
1269,test,0,0.0008619361
489,test,0,0.042927567
1263,test,0,0.19597073
5351,test,0,0.00031967624
2872,test,0,0.0008619361
8247,test,0,0.00031967624
6511,test,0,0.0015000592
6539,test,0,0.00031967624
700,test,0,0.023501407
9593,test,0,0.042927567
4404,test,0,0.00034711737
10762,test,0,0.00031967624
945,test,0,0.00031967624
6222,test,0,0.00031967624
3441,test,0,0.00031967624
2663,test,0,0.00079018786
10145,test,0,0.0011765352
431,test,0,0.040454283
6205,test,0,0.012836221
918,test,0,0.0001898095
5672,test,0,0.3962053
10242,test,0,0.00031967624
7581,test,0,0.00031967624
1157,test,0,0.00031967624
7035,test,0,0.0021927822
9575,test,0,0.00025343505
8490,test,0,0.07806455
6000,test,0,0.00031967624
4120,test,0,0.00031967624
1121,test,0,0.00057982776
5736,test,0,0.00031967624
8266,test,0,0.0002460322
1428,test,0,0.0005683373
4704,test,0,0.0005683373
10769,test,0,0.00031967624
4818,test,0,0.00035757895
6158,test,0,0.1422242
1152,test,0,0.00031967624
2075,test,0,0.0007559029
6150,test,0,0.081638314
314,test,0,0.040454283
6446,test,0,0.043165598
4679,test,0,0.042927567
8390,test,0,0.040454283
7318,test,0,0.00031967624
1537,test,0,0.20827588
4018,test,0,0.042927567
8262,test,0,0.00031967624
7102,test,0,0.00031967624
3049,test,0,0.00020502762
1264,test,0,0.00031967624
2666,test,0,0.00031967624
10475,test,0,0.0014009771
2938,test,0,0.00031967624
6490,test,0,0.00031967624
3918,test,0,0.30389377
1126,test,0,0.1422242
4783,test,0,0.00031967624
8830,test,0,0.0032834122
6535,test,0,0.000627743
4700,test,0,0.0011625999
9264,test,0,0.0019737189
1845,test,0,0.0015509696
9275,test,0,0.003239181
6904,test,0,0.000627743
2455,test,0,0.04633058
9155,test,0,0.00031967624
4788,test,0,0.000627743
9267,test,0,0.00034490434
4794,test,0,0.37950173
6192,test,0,0.0019737189
10165,test,0,0.0005665916
6548,test,0,0.00034490434
7187,test,0,0.0028507947
8246,test,0,0.003239181
10836,test,0,0.00078186556
6201,test,0,0.00025343505
8489,test,0,0.21469782
5518,test,0,0.001138308
8679,test,0,0.00019532835
10766,test,0,0.00034919532
323,test,0,0.00034919532
1751,test,0,0.000627743
6104,test,0,0.00025343505
5079,test,0,0.00028447076
9768,test,0,0.000627743
1271,test,0,0.0017940566
6552,test,0,0.1422242
3632,test,0,0.00078186556
4692,test,0,0.000627743
6182,test,0,0.00068698346
9352,test,0,0.004636313
4474,test,0,0.141962
522,test,0,0.000100508216
4798,test,0,0.000627743
1148,test,0,0.000627743
4247,test,0,0.00049769855
7573,test,0,0.000627743
6534,test,0,0.00025343505
793,test,0,0.000627743
10740,test,0,0.0019313232
6692,test,0,0.53978765
4124,test,0,0.000627743
7132,test,0,0.0008737343
7356,test,0,0.0008737343
3100,test,0,0.00028447076
7748,test,0,0.00078186556
7087,test,0,0.0019737189
10217,test,0,0.00065480615
10831,test,0,0.0006087445
1997,test,0,0.0006087445
5345,test,0,0.0023084283
5353,test,0,0.0006087445
5740,test,0,0.0006087445
7342,test,0,0.000627743
1996,test,0,0.05911367
56,test,0,0.84529936
6341,test,0,0.000627743
5950,test,0,0.30157256
10346,test,0,0.47273475
427,test,0,0.0013779721
4406,test,0,0.19187787
5077,test,0,0.000627743
4472,test,0,0.07965755
7079,test,0,0.0006087445
330,test,0,0.0016448151
6204,test,0,0.32529438
6188,test,0,0.00094748
9584,test,0,0.29759622
2929,test,0,0.000627743
6333,test,0,0.0011038755
7583,test,0,0.00051513186
3093,test,0,0.0006087445
3686,test,0,0.04633058
8253,test,0,0.39477265
9496,test,0,0.78058076
4233,test,0,0.0006087445
1250,test,0,0.000627743
6381,test,0,0.76620764
3112,test,0,0.0006087445
5357,test,0,0.00273185
487,test,0,0.0006087445
5521,test,0,0.0006087445
911,test,0,0.87663895
10942,test,0,0.0064593693
1541,test,0,0.0011064743
9153,test,0,0.0011038755
1847,test,0,0.0006087445
8396,test,0,0.6805499
905,test,0,0.46284497
3570,test,0,0.0006087445
5746,test,0,0.000627743
6939,test,0,0.0006087445
10927,test,0,0.00087734195
10473,test,0,0.000627743
1758,test,0,0.0011038755
8249,test,0,0.0006087445
2471,test,0,0.0006087445
8477,test,0,0.001138308
10477,test,0,0.000627743
2466,test,0,0.2618554
1682,test,0,0.0005015468
9348,test,0,0.0006087445
1534,test,0,0.48979235
429,test,0,0.0011038755
8491,test,0,0.000627743
5429,test,0,0.001138308
3039,test,0,0.00273185
7735,test,0,0.61690944
8393,test,0,0.0006087445
7811,test,0,0.000656768
3560,test,0,0.000656768
9586,test,0,0.0006087445
7095,test,0,0.0006087445
8862,test,0,0.66685075
9429,test,0,0.00054878514
4577,test,0,0.00054878514
7537,test,0,0.6083898
3438,test,0,0.0007430532
1145,test,0,0.0007430532
8798,test,0,0.00066970807
4804,test,0,0.0007430532
7239,test,0,0.0007430532
9329,test,0,0.0064404546
10739,test,0,0.00015053325
9760,test,0,0.0013472788
1052,test,0,0.5988855
4784,test,0,0.0007430532
6684,test,0,0.005632361
9359,test,0,0.005632361
4122,test,0,0.0007430532
2761,test,0,0.0008761737
7350,test,0,0.0009139373
10206,test,0,0.0011581144
1044,test,0,0.0016812738
385,test,0,0.34676933
2397,test,0,0.5676379
3028,test,0,0.00016241458
1086,test,0,0.0008761737
4529,test,0,0.080045946
1057,test,0,0.0008761737
8790,test,0,0.0010503503
9759,test,0,0.004065459
8817,test,0,0.19055243
2843,test,0,0.73394424
4602,test,0,0.0017176527
3630,test,0,0.0007430532
10460,test,0,0.0008761737
9392,test,0,0.0007430532
6451,test,0,0.0007430532
9494,test,0,0.008022172
8815,test,0,0.0014339649
1550,test,0,0.00015053325
4762,test,0,0.00015053325
8486,test,0,0.22472306
7733,test,0,0.00092546025
6103,test,0,0.005632361
8678,test,0,0.09225101
6518,test,0,0.8854051
7248,test,0,0.22472306
800,test,0,0.0008761737
4245,test,0,0.0008761737
6342,test,0,0.0008761737
6668,test,0,0.0007430532
5680,test,0,0.0010503503
3889,test,0,0.0014339649
4699,test,0,0.0014339649
8122,test,0,0.0039101928
3080,test,0,0.27291954
2658,test,0,0.00036631408
10302,test,0,0.0008761737
5745,test,0,0.00015053325
6542,test,0,0.4183362
10721,test,0,0.00015053325
7359,test,0,0.00015053325
6476,test,0,0.00015053325
7361,test,0,0.00021621436
937,test,0,0.00012467537
5944,test,0,0.19173309
8365,test,0,0.026754105
10231,test,0,0.45495167
6090,test,0,0.00015053325
9775,test,0,0.13375202
1766,test,0,0.00015053325
7129,test,0,0.026754105
741,test,0,0.08419488
907,test,0,0.08419488
7471,test,0,0.10034542
418,test,0,0.4183362
10806,test,0,0.45495167
1746,test,0,0.00015053325
8904,test,0,0.0013869584
4552,test,0,0.00015053325
5086,test,0,0.5472196
4480,test,0,0.0006520399
6111,test,0,0.03966562
3087,test,0,0.00015053325
9582,test,0,0.00015053325
1449,test,0,0.03966562
3765,test,0,0.00015053325
9135,test,0,0.00015053325
10939,test,0,0.00015053325
2942,test,0,0.00024109324
5355,test,0,0.00015053325
1780,test,0,0.00015053325
8831,test,0,0.12303881
6569,test,0,0.00015053325
1538,test,0,0.21670869
9152,test,0,0.03966562
3044,test,0,0.42094547
6183,test,0,0.00020231318
2669,test,0,0.00018751345
4007,test,0,0.00015053325
11007,test,0,0.00017599008
5302,test,0,0.2871959
7579,test,0,0.00015053325
1545,test,0,0.0006520399
8277,test,0,0.00015702608
9773,test,0,0.00018751345
6166,test,0,0.00015053325
5945,test,0,0.00054229324
1099,test,0,0.00015053325
7291,test,0,0.33171993
5063,test,0,0.03966562
9442,test,0,0.00015053325
10474,test,0,0.00015053325
6374,test,0,0.00016241458
6108,test,0,0.00022553976
10750,test,0,0.00015053325
419,test,0,0.0006520399
7319,test,0,0.00021621436
3923,test,0,0.03966562
1047,test,0,0.03966562
4030,test,0,0.00015053325
10742,test,0,0.00012467537
6689,test,0,0.00015053325
4810,test,0,0.00015053325
9438,test,0,0.0009914926
2680,test,0,0.00015053325
5438,test,0,0.0010681541
8917,test,0,0.00015053325
1116,test,0,0.00015053325
10936,test,0,0.00015053325
2882,test,0,0.00080299715
3076,test,0,0.12666728
8242,test,0,0.00037917795
3046,test,0,0.0011091158
7539,test,0,0.00041659313
3634,test,0,0.051387172
6912,test,0,0.00015053325
808,test,0,0.00015053325
6674,test,0,0.00015053325
10767,test,0,0.4509824
5072,test,0,0.00015053325
7038,test,0,0.05817731
3019,test,0,0.00015053325
7738,test,0,0.25761896
8728,test,0,0.12666728
7328,test,0,0.00015053325
1685,test,0,0.00015053325
1255,test,0,0.0014351234
9437,test,0,0.30418414
10310,test,0,0.00027307394
4025,test,0,0.00015053325
7744,test,0,0.00015053325
6208,test,0,0.00015053325
1054,test,0,0.00015053325
6634,test,0,0.10239156
3641,test,0,0.00041936975
7524,test,0,0.08377629
4550,test,0,0.0003187976
6923,test,0,0.00015053325
5957,test,0,0.00015053325
7737,test,0,0.00015053325
3102,test,0,0.03966562
1841,test,0,0.00015053325
377,test,0,0.0014433634
4827,test,0,0.0014433634
10199,test,0,0.5472196
8737,test,0,2.4770246e-05
4760,test,0,0.00015053325
10851,test,0,0.00029583834
3068,test,0,0.00029583834
6152,test,0,0.00015053325
6472,test,0,0.00015053325
11052,test,0,0.00015053325
1844,test,0,0.00042622778
9338,test,0,0.00015053325
10781,test,0,0.23086075
1779,test,0,0.00015053325
9144,test,0,0.00015053325
10052,test,0,2.4770246e-05
2945,test,0,0.00015053325
7742,test,0,0.0006520399
9141,test,0,0.00015053325
2681,test,0,0.0007960811
6274,test,0,0.00021621436
7082,test,0,0.00015053325
7358,test,0,0.05817731
6184,test,0,0.00015053325
6102,test,0,0.00015053325
6479,test,0,0.00015053325
10303,test,0,0.03966562
9767,test,0,0.0030852275
4600,test,0,0.00015053325
10227,test,0,6.813761e-05
7034,test,0,0.31600386
1163,test,0,0.00026103397
10459,test,0,0.5095373
8870,test,0,0.00090502086
9136,test,0,4.7561167e-05
10932,test,0,0.00029583834
1776,test,0,0.0014047065
6225,test,0,0.00037161438
10811,test,0,0.00053660054
4130,test,0,0.001369765
4453,test,0,0.6517717
6925,test,0,0.0011849029
6693,test,0,0.00020955734
7746,test,0,0.00029583834
6107,test,0,0.00029583834
8899,test,0,0.00026103397
297,test,0,0.00020955734
10313,test,0,0.7208378
4126,test,0,0.00037161438
6686,test,0,0.0009406427
6462,test,0,0.00024029001
8624,test,0,0.00024029001
1419,test,0,0.0010173412
310,test,0,0.003986986
7468,test,0,0.17821054
8796,test,0,0.009334864
3056,test,0,0.00020955734
6191,test,0,0.07621987
1556,test,0,0.00037161438
2390,test,0,0.558134
10752,test,0,0.00037161438
1987,test,0,0.00032191005
4814,test,0,0.00029583834
11047,test,0,0.558134
1532,test,0,0.00063570664
7570,test,0,0.00020955734
5097,test,0,0.00037161438
9552,test,0,0.002007932
9430,test,0,0.00015969311
10464,test,0,0.00015969311
9332,test,0,0.001437511
9278,test,0,5.1589002e-05
9381,test,0,0.2492109
6018,test,0,0.4930021
10584,test,0,0.00029583834
6631,test,0,0.0014047065
4773,test,0,0.0014047065
7322,test,0,0.07621987
4705,test,0,0.00037161438
6119,test,0,0.1545101
7282,test,0,0.006481886
5103,test,0,0.00037161438
6677,test,0,0.00029583834
6220,test,0,0.0020996332
4017,test,0,0.00032191005
8824,test,0,0.00020955734
8265,test,0,0.00020955734
4824,test,0,0.00029583834
2457,test,0,0.00012217704
1535,test,0,0.00020955734
1962,test,0,0.004113659
4685,test,0,0.004113659
3571,test,0,0.012497648
1576,test,0,0.13279527
10587,test,0,0.00020955734
6540,test,0,0.82000786
8492,test,0,0.0003119855
4028,test,0,0.0003119855
4095,test,0,0.7344118
10468,test,0,0.00020955734
4596,test,0,0.5238277
3504,test,0,0.0010893205
5078,test,0,0.0011849029
10998,test,0,0.00020955734
10717,test,0,0.00064391416
422,test,0,0.055213366
7664,test,0,0.2492109
1438,test,0,0.00020955734
4026,test,0,0.00020955734
9432,test,0,0.4028995
3896,test,0,0.7586764
4019,test,0,0.00020955734
4594,test,0,0.00020955734
10735,test,0,0.00020955734
7321,test,0,0.00020955734
4687,test,0,0.00020955734
10837,test,0,0.0009705783
6164,test,0,0.00020955734
7093,test,0,0.038865466
10457,test,0,0.00020955734
5436,test,0,0.055213366
3448,test,0,0.0011849029
6171,test,0,0.00020955734
7390,test,0,0.80161893
1549,test,0,0.00020955734
4823,test,0,0.00019851877
2774,test,0,0.00020955734
5423,test,0,0.00020955734
6373,test,0,0.00020955734
9349,test,0,0.00020955734
1120,test,0,0.00020955734
2764,test,0,0.055213366
1043,test,0,0.00020955734
10760,test,0,0.055213366
4586,test,0,0.23407428
6323,test,0,0.00020955734
3575,test,0,0.5624945
7086,test,0,0.00020955734
8259,test,0,0.00020955734
7183,test,0,0.0009705783
3648,test,0,0.0009705783
3108,test,0,0.0002725693
7092,test,0,0.003413475
4012,test,0,0.0003886144
3090,test,0,0.00054900174
4780,test,0,0.00020955734
4117,test,0,0.10659367
6516,test,0,0.00029407936
9274,test,0,0.41601664
8461,test,0,0.0797775
4023,test,0,0.00046657806
6478,test,0,0.00020955734
2767,test,0,0.0012089302
10469,test,0,0.0004944036
1108,test,0,0.0011649083
6021,test,0,0.00043818317
6088,test,0,0.00047399887
9562,test,0,0.00047399887
6910,test,0,0.08284602
1726,test,0,0.0002725693
1769,test,0,0.00029021618
515,test,0,0.00023298585
6454,test,0,0.061553836
3037,test,0,0.0002725693
4587,test,0,0.76006156
6262,test,0,0.9249601
6467,test,0,0.00020955734
312,test,0,0.23074573
8630,test,0,0.00029021618
4799,test,0,0.00023298585
3767,test,0,0.5674992
4889,test,0,3.4691937e-05
2844,test,0,3.4691937e-05
4584,test,0,0.00023298585
3021,test,0,0.3055167
926,test,0,0.00023298585
9756,test,0,0.0030983107
5406,test,0,0.0030983107
1262,test,0,0.00038012816
9376,test,0,0.00023298585
7287,test,0,0.64292413
3079,test,0,0.0002725693
3932,test,0,0.00023298585
9341,test,0,0.0002725693
4483,test,0,0.00023298585
10776,test,0,0.00020955734
6263,test,0,0.0011066282
4106,test,0,0.00018701654
8740,test,0,0.00033924583
2225,test,0,0.26014876
6927,test,0,0.00042261786
10730,test,0,0.0009705783
1113,test,0,0.106657036
10808,test,0,0.00023298585
6933,test,0,0.00042261786
7236,test,0,0.00026349796
6128,test,0,0.34200796
6025,test,0,0.0009544438
7577,test,0,0.00018701654
5441,test,0,0.0010575595
294,test,0,0.00018701654
8261,test,0,0.00018701654
4680,test,0,0.00018701654
3043,test,0,0.831786
5511,test,0,0.00018701654
10751,test,0,0.89699996
7339,test,0,0.00019209541
3040,test,0,0.00018701654
8611,test,0,0.006618687
10403,test,0,0.00095631846
3018,test,0,0.0027327037
4127,test,0,0.001404722
8132,test,0,0.0007310371
3032,test,0,0.0008863388
1155,test,0,0.00018701654
6556,test,0,0.00032191403
8908,test,0,0.001404722
5139,test,0,0.042103514
2940,test,0,0.00097058946
794,test,0,0.00018701654
6502,test,0,0.5272834
2585,test,0,0.0003390053
7323,test,0,0.0003390053
6190,test,0,0.0030595644
10727,test,0,0.0003390053
10819,test,0,0.05999096
7582,test,0,0.00018701654
10348,test,0,0.0016807009
6173,test,0,0.0003390053
8910,test,0,0.00018701654
9516,test,0,0.38260156
7033,test,0,0.0007214142
6224,test,0,0.0007310371
5425,test,0,0.00097058946
10754,test,0,0.11640112
7243,test,0,0.0012269854
10038,test,0,0.115234055
6203,test,0,0.0006484953
7574,test,0,0.0003390053
9372,test,0,0.0064533344
6447,test,0,0.0027528848
4419,test,0,0.0003390053
8822,test,0,0.0003390053
8469,test,0,0.0003390053
5432,test,0,0.0003390053
10934,test,0,0.0027528848
8828,test,0,0.11640112
8859,test,0,0.115234055
2684,test,0,0.00039244283
305,test,0,0.0003390053
8808,test,0,0.0003390053
10305,test,0,0.0003390053
10467,test,0,0.0030983475
428,test,0,0.0005492027
433,test,0,0.0003390053
1122,test,0,0.0008801566
5832,test,0,0.0008801566
8402,test,0,0.00089851406
7126,test,0,0.9270418
10813,test,0,0.8333472
4450,test,0,6.713289e-05
9492,test,0,6.713289e-05
9353,test,0,0.9522944
7355,test,0,0.00042226748
1830,test,0,0.30882385
10471,test,0,0.0003390053
2711,test,0,0.030815315
9487,test,0,0.00047905536
10035,test,0,0.75023025
5301,test,0,0.91906875
8459,test,0,0.59611756
8866,test,0,0.00282933
9580,test,0,0.30882385
6110,test,0,0.00041464405
9592,test,0,0.0008801566
10824,test,0,0.0027662774
1756,test,0,0.00041464405
2674,test,0,0.0007559727
920,test,0,0.00041464405
5742,test,0,0.31325138
293,test,0,0.0005533522
7096,test,0,0.005030516
492,test,0,0.76667064
10924,test,0,0.00045690482
2214,test,0,0.005761847
9356,test,0,0.6187952
1146,test,0,0.00035974965
313,test,0,0.00035974965
4789,test,0,0.00045016065
7734,test,0,0.0021846043
10307,test,0,0.6243162
9385,test,0,0.00041464405
6559,test,0,0.00062944624
5346,test,0,0.0004871443
6568,test,0,0.00035974965
10731,test,0,0.0003390053
8625,test,0,0.0005778989
934,test,0,0.0005778989
1452,test,0,0.00045690482
4595,test,0,0.00045690482
7341,test,0,0.0003390053
4013,test,0,0.85119855
8250,test,0,0.00020955734
9764,test,0,0.00035974965
10299,test,0,0.44770715
8278,test,0,0.00035974965
2671,test,0,0.0006464774
7740,test,0,0.002171431
3511,test,0,0.002098079
4118,test,0,0.00035974965
3951,test,0,0.00041464405
4541,test,0,0.00041464405
6680,test,0,0.00058988255
1096,test,0,0.19375448
1883,test,0,0.0006516877
6463,test,0,0.00035974965
3107,test,0,0.0027315707
10996,test,0,0.002098079
5424,test,0,0.30882385
4470,test,0,0.66654605
1110,test,0,0.0026818311
3437,test,0,0.00035974965
784,test,0,0.00056281156
1843,test,0,0.0008801566
3647,test,0,0.0038482428
3077,test,0,0.00045690482
4090,test,0,0.8836714
4777,test,0,0.00041464405
1453,test,0,0.0018240372
4234,test,0,0.00045690482
7576,test,0,0.0004735861
10204,test,0,0.027836982
8096,test,0,0.00025725624
10207,test,0,0.027836982
10339,test,0,0.13348967
10209,test,0,0.007436305
2445,test,0,0.13348967
10344,test,0,0.027836982
8095,test,0,0.0010028066
7067,test,0,0.023705628
9373,test,1,0.8211715
3902,test,0,0.00069932186
8483,test,0,0.027836982
8498,test,0,0.00037962824
5358,test,1,0.9262061
3758,test,0,0.02417721
10087,test,1,0.9426425
369,test,0,0.023705628
3322,test,1,0.9302783
1497,test,0,0.00041469603
2236,test,0,0.00041469603
8175,test,0,0.0010028066
145,test,0,0.027296012
141,test,0,0.00047361362
2245,test,0,0.027296012
1318,test,0,0.02974346
1508,test,0,0.00069932186
7642,test,0,0.16336901
575,test,0,0.027296012
223,test,1,0.87631917
7265,test,1,0.122030824
3592,test,0,0.00037962824
8370,test,0,0.02417721
1191,test,0,0.027296012
5763,test,0,0.027296012
10774,test,1,0.8657449
6267,test,0,0.0003873648
10604,test,1,0.93738574
9368,test,0,0.023705628
3913,test,0,0.022236118
7054,test,0,0.13348967
7491,test,0,0.13348967
3371,test,0,0.13348967
3050,test,1,0.8531499
7329,test,1,0.9834204
1733,test,1,0.8512353
5495,test,0,0.024704237
5503,test,0,0.02974346
2213,test,0,0.013684244
1444,test,0,0.023705628
2206,test,0,0.0010028066
6155,test,1,0.9485884
1420,test,0,0.027296012
1950,test,0,0.00032134462
1424,test,0,0.13348967
7586,test,1,0.92442054
1888,test,0,0.13348967
9526,test,0,0.00069932186
5669,test,0,0.02974346
2250,test,0,0.16336901
4713,test,0,0.023705628
3972,test,0,0.027836982
279,test,1,0.9584705
5545,test,1,0.91878265
5794,test,0,0.02974346
10294,test,0,0.02974346
2740,test,0,0.0010028066
10795,test,0,0.13348967
5199,test,0,0.16409345
10286,test,0,0.39292547
9240,test,0,0.48782066
6237,test,0,0.8674606
10330,test,0,0.38262954
10913,test,0,0.0046650763
5324,test,0,0.0046650763
9729,test,0,0.05999096
191,test,0,0.20827588
5570,test,0,0.7054223
6739,test,0,0.93520796
9616,test,0,0.057176027
5167,test,0,0.9311719
10529,test,0,0.014637724
5596,test,0,0.066724256
2739,test,0,0.51101017
1371,test,0,0.5876673
10707,test,0,0.11640112
2058,test,0,0.017396193
6840,test,0,0.0087903775
622,test,0,0.023012063
8719,test,0,0.14614524
1232,test,0,0.6841421
95,test,0,0.0046650763
7217,test,0,0.37950173
2265,test,0,0.40266982
5974,test,0,0.084266834
2123,test,0,0.13575968
6233,test,0,0.0059456388
10797,test,0,0.9241712
8703,test,0,0.93380827
7873,test,0,0.00030418235
1599,test,0,0.6063633
8561,test,0,0.3859084
9849,test,0,0.22886278
9316,test,0,0.013074852
1617,test,0,0.7575507
9318,test,0,0.9361839
10642,test,0,0.00070509274
7414,test,0,0.7441619
8875,test,0,0.7702591
5547,test,0,0.33455056
8699,test,0,0.08265424
8714,test,0,0.45823827
10710,test,0,0.89566237
4259,test,0,0.20164275
3489,test,0,0.00037044432
2010,test,0,0.047593255
3529,test,0,0.09986237
8,test,0,0.10021444
2169,test,0,0.0001225031
247,test,0,0.91806394
3658,test,0,0.0030911448
3120,test,0,0.42477083
2007,test,0,0.42512938
4042,test,0,0.83827376
2057,test,0,0.4088798
3541,test,0,0.9631229
7272,test,0,0.46854624
5185,test,0,0.06381604
8760,test,0,0.8606923
5269,test,0,0.7041023
2747,test,0,0.38493654
7222,test,0,0.07962252
3484,test,0,0.000797281
2913,test,0,0.03904711
9808,test,0,0.33794108
9733,test,0,0.37759185
1197,test,0,0.00020286931
2262,test,0,0.1001314
9042,test,0,0.04274336
8525,test,0,0.00031724764
5965,test,0,0.0029743284
9218,test,0,0.35235977
5803,test,0,0.00020286931
7367,test,0,0.00020286931
9530,test,0,0.95798826
112,test,0,0.46854624
7922,test,0,0.0072275135
3235,test,0,0.47665492
7001,test,0,0.68133265
9059,test,0,0.24939099
6709,test,0,0.24771006
1523,test,0,0.9528662
8931,test,0,0.7283459
818,test,0,0.43236062
6033,test,0,0.106923565
2009,test,0,0.75123847
6582,test,0,0.03306912
2097,test,0,0.018796124
3605,test,0,0.00032687397
9229,test,0,0.20827588
9734,test,0,0.042927567
1235,test,0,0.5896159
3195,test,0,0.53978765
1393,test,0,0.46557626
1628,test,0,0.46557626
9841,test,0,0.21670869
4619,test,0,0.03966562
1527,test,0,0.11464355
1385,test,0,0.56794983
10190,test,0,0.0029164294
7899,test,0,0.0005669997
3793,test,0,0.569889
10539,test,0,0.13822167
3216,test,0,0.1573939
6975,test,0,0.061966352
7855,test,0,0.055213366
839,test,0,0.055213366
1659,test,0,0.09216441
2125,test,0,0.117318414
9067,test,0,0.18817185
10554,test,0,0.0009958636
10652,test,0,0.044289052
8228,test,0,0.5711709
2887,test,0,0.50933343
1236,test,0,0.10060069
9830,test,0,0.93159163
631,test,0,0.025623415
3016,test,0,0.08424536
8653,test,0,0.48895296
3137,test,0,0.56129044
9884,test,0,0.08176992
7706,test,0,0.13565032
9048,test,0,0.085912645
8055,test,0,0.051337924
10361,test,0,0.6492868
6235,test,0,0.40183762
3796,test,0,0.009244077
8017,test,0,0.18413189
9599,test,0,0.5238277
6082,test,0,0.45320055
5541,test,0,0.000552017
634,test,0,0.00034305087
2124,test,0,0.9469345
9891,test,0,0.00028284028
8640,test,0,0.13575968
10323,test,0,0.096155055
2485,test,0,0.0008050888
5693,test,0,0.0006921405
4189,test,0,0.24478804
3116,test,0,0.107845366
12,test,0,0.10021444
609,test,0,0.84982836
3229,test,0,0.0714176
4631,test,0,0.055213366
10335,test,0,0.02974346
9221,test,0,0.00028165142
7764,test,0,0.00025725624
10062,test,0,0.023501407
621,test,0,0.17938377
5559,test,0,0.12746595
7988,test,0,0.00032111953
8994,test,0,0.25178546
2385,test,0,0.00078068615
8945,test,0,0.055213366
9839,test,0,0.16245309
3,test,0,0.09055655
2103,test,0,0.001082042
9202,test,0,0.113298304
8928,test,0,0.9736838
3381,test,0,0.000627743
10133,test,0,0.12666728
8056,test,0,0.36035943
5990,test,0,0.31734246
8580,test,0,0.08135828
1707,test,0,0.07039611
5474,test,0,0.00026558075
9619,test,0,0.19871408
7761,test,0,0.5457321
8713,test,0,0.9156867
2144,test,0,0.0027265109
7271,test,0,0.00019520975
9903,test,0,0.41587526
3769,test,0,0.712459
8920,test,0,0.13597621
10527,test,0,0.18821193
3453,test,0,0.00015851556
3005,test,0,0.0006434841
394,test,0,0.11403353
2438,test,0,0.33862862
10180,test,0,0.107845366
6241,test,0,0.63734657
396,test,0,0.11403353
3886,test,0,0.00083387207
7876,test,0,0.9215324
195,test,0,0.0019213742
6982,test,0,0.16409345
10918,test,0,0.17984232
4341,test,0,0.7696205
10495,test,0,0.62703764
1519,test,0,0.86068803
2488,test,0,0.720964
10182,test,0,0.0131137585
9883,test,0,0.0069132173
8046,test,0,0.010947897
681,test,0,0.010947897
1705,test,0,0.046721604
2033,test,0,0.20136017
3181,test,0,0.32242578
5772,test,0,0.001376756
1865,test,1,0.9836872
2979,test,0,0.0013766965
7756,test,0,0.55452996
9322,test,0,0.0012292139
691,test,0,0.027296012
10175,test,0,0.023501407
2051,test,0,0.08964983
4180,test,0,0.0011651648
3297,test,0,0.4889167
7173,test,0,0.7268188
3206,test,0,0.0005884843
2999,test,0,0.0004760519
8094,test,0,0.0003307699
272,test,0,0.31983453
10980,test,0,0.3550085
6967,test,0,0.8756183
6300,test,0,0.38078308
6041,test,0,0.0004632326
3883,test,0,0.0022992447
7370,test,0,0.00025725624
8522,test,0,0.02974346
389,test,0,0.0839742
819,test,0,0.0017643487
8716,test,0,0.47057423
4573,test,0,0.0018205037
7170,test,0,0.01540214
401,test,0,0.9332874
8378,test,0,0.4463755
4052,test,0,0.13279527
5977,test,0,0.022236118
10292,test,0,0.23669027
4394,test,0,0.003010345
2970,test,0,0.025839703
4251,test,0,0.013684244
8452,test,0,0.26053488
7887,test,0,0.04883249
1525,test,0,0.00011774998
5805,test,0,0.00026824055
4566,test,0,0.00083387207
2354,test,0,0.07710517
3377,test,0,0.0005671292
5975,test,0,0.5916927
7861,test,0,0.028015805
3783,test,0,0.011772644
2431,test,0,0.027836982
3286,test,0,0.0015788324
2298,test,0,0.0007855413
9107,test,0,0.00083387207
9078,test,0,0.017396193
5770,test,0,0.00051662547
4051,test,0,0.93279535
7262,test,0,0.0002512747
9300,test,0,0.20833328
9615,test,0,0.00083387207
4254,test,0,0.0009023272
2137,test,0,0.21468385
692,test,0,0.37398708
3522,test,0,0.07962252
11025,test,0,0.02974346
3211,test,0,0.0005658929
6710,test,0,0.08702389
10552,test,0,0.001969384
1517,test,0,0.0115203
9655,test,0,0.00031967624
5706,test,0,0.26066414
6733,test,0,0.00018935182
2114,test,0,0.6316481
2264,test,0,0.16245309
8535,test,0,0.002282877
9055,test,0,0.15435618
3202,test,0,0.00083387207
5982,test,0,0.00083387207
9895,test,0,0.35710955
3655,test,0,0.014637724
1667,test,0,0.010947897
1246,test,0,0.022679508
9906,test,0,0.042927567
114,test,0,0.036915652
7894,test,0,0.558134
10187,test,0,0.558134
2021,test,0,0.19820437
3801,test,0,0.41422042
1515,test,0,0.005761847
8519,test,0,0.00083387207
3774,test,0,0.22444868
7177,test,0,0.00083387207
8377,test,0,0.00083387207
9934,test,0,0.00083387207
3179,test,0,0.81788737
2091,test,0,0.0031729648
6078,test,0,0.00027030747
11021,test,0,0.0007131858
9223,test,0,0.39436898
4649,test,0,0.00022169121
8059,test,0,0.014116513
1675,test,0,0.56879616
2735,test,0,0.00057176134
2415,test,0,0.03966562
2490,test,0,0.15230124
9869,test,0,0.18821193
3516,test,0,0.0020306169
7864,test,0,0.000529923
4310,test,0,0.0017209435
1587,test,0,7.8947494e-05
3391,test,0,0.50222254
9620,test,0,0.32242578
9550,test,0,0.0003016568
5985,test,0,0.0009303959
2884,test,0,5.2483338e-05
5188,test,0,0.0002798092
4494,test,0,0.00083387207
6084,test,0,0.13558474
9402,test,0,0.00083387207
4040,test,0,0.06107063
7377,test,0,0.00083387207
10483,test,0,0.4080937
8751,test,0,0.66754246
2749,test,0,0.3980151
7270,test,0,0.07710517
7897,test,0,0.00016168125
10987,test,0,0.44270378
5707,test,0,0.8678489
5327,test,0,0.00016866755
8012,test,0,0.00025558646
9954,test,0,0.00029343215
1624,test,0,0.00038212776
8583,test,0,0.56061214
8346,test,0,0.7849923
10447,test,0,7.8947494e-05
8088,test,0,0.71509683
10488,test,0,0.31348675
8300,test,0,0.6127077
9217,test,0,0.8874785
10484,test,0,0.6134754
1819,test,0,0.018796124
4143,test,0,0.013684244
989,test,0,0.081638314
9324,test,0,0.08284602
10487,test,0,0.11640112
7178,test,0,0.0009072277
9232,test,0,0.007436305
1184,test,0,0.0032527328
1389,test,0,0.00018580098
602,test,0,0.02161693
2269,test,0,0.0032527328
3010,test,0,0.0005340839
7624,test,0,0.019543469
4249,test,0,0.30157256
4397,test,0,0.0012005223
4572,test,0,0.0012005223
8984,test,0,0.00020955734
7399,test,0,0.479382
2377,test,0,0.44770715
9238,test,0,0.00056281156
122,test,0,0.0011468203
2435,test,0,0.009688449
3875,test,0,0.00083387207
4501,test,0,0.00083387207
2434,test,0,0.0017209435
4426,test,0,0.00083387207
1394,test,0,0.40734994
2894,test,0,0.00083387207
5801,test,0,0.00083387207
9081,test,0,0.57246226
6589,test,0,0.077732936
8341,test,0,0.0722953
4312,test,0,0.070467435
7435,test,0,0.07818916
8226,test,0,0.10021444
6083,test,0,0.56546164
8980,test,0,0.00034001775
5182,test,0,0.00035590553
618,test,0,0.0047993422
1709,test,0,0.014637724
1514,test,0,0.0069132173
184,test,0,0.031819522
8455,test,0,0.02417721
2484,test,0,0.00012238703
7417,test,0,0.00035757895
9298,test,0,0.042927567
9843,test,0,0.00094382424
4182,test,0,0.00015053325
10056,test,0,0.0007855413
2421,test,0,0.35421246
8654,test,0,0.35114217
5798,test,0,0.63734657
5598,test,0,0.0003567386
10533,test,0,0.41161633
10860,test,0,0.51101017
2113,test,0,0.2697791
3599,test,0,0.0023750293
8064,test,0,0.08820314
838,test,0,0.20164275
9307,test,0,0.0009099612
8977,test,0,0.57150334
3395,test,0,0.3743241
7767,test,0,0.00016168125
2130,test,0,0.00027030747
7157,test,0,0.35110056
5205,test,0,0.00022402065
4560,test,0,0.00015767783
10189,test,0,0.0032527328
10863,test,0,0.0032527328
393,test,0,0.096155055
6844,test,0,0.046721604
4495,test,0,0.00038169834
7633,test,0,0.021279147
1582,test,0,0.042927567
9230,test,0,0.008263278
9241,test,0,0.000588115
2364,test,0,0.19173309
10450,test,0,0.00057280995
5204,test,0,0.00029583834
9669,test,0,0.14782871
1664,test,0,0.1545101
9956,test,0,0.001298478
7883,test,0,0.00052008557
2152,test,0,0.0005745066
8933,test,0,0.16245309
1474,test,0,0.005315212
2427,test,0,0.004094981
8015,test,0,0.67343646
2025,test,0,0.017396193
1479,test,0,0.5022229
3777,test,0,0.00024645057
1370,test,0,0.0011198551
5783,test,0,0.0032750566
844,test,0,0.00018112046
6721,test,0,0.000351962
10288,test,0,0.07818916
7227,test,0,0.00019091181
4330,test,0,0.07710517
8517,test,0,0.0011477546
3219,test,0,0.00019091181
7226,test,0,0.09986237
8058,test,0,0.00027250487
2026,test,0,0.0002512747
4337,test,0,0.6318002
7900,test,0,0.0024649163
982,test,0,0.004344962
4187,test,0,0.24939099
11018,test,0,0.00016649379
4504,test,0,0.0115203
5802,test,0,7.995271e-05
204,test,0,4.959237e-05
84,test,0,0.13325772
9625,test,0,0.00022169121
8325,test,0,0.02974346
8642,test,0,0.027836982
10785,test,0,0.023705628
3183,test,0,0.00012238703
682,test,0,0.00029289298
9628,test,0,0.0036842912
3185,test,0,0.0008308538
9872,test,0,0.00024029851
8319,test,0,0.0087903775
7113,test,0,0.005190799
5791,test,0,0.10705386
1369,test,0,0.0069132173
9866,test,0,0.00011644602
9680,test,0,0.00032687397
3594,test,0,0.4126871
1699,test,0,0.22273792
2344,test,0,0.0007189966
9815,test,0,0.0005234186
9060,test,0,0.00031967624
7112,test,0,0.00025343505
10445,test,0,0.00057982776
8373,test,0,0.0034240023
10669,test,0,0.023501407
10681,test,0,0.004632501
10796,test,0,0.00052471115
8702,test,0,0.24086593
7924,test,0,0.19187787
5767,test,0,0.2618554
6319,test,0,0.22472306
8989,test,0,0.03966562
7259,test,0,0.18729821
235,test,0,0.00015053325
4257,test,0,0.03966562
1594,test,0,0.00018751345
8930,test,0,0.08056613
9398,test,0,0.71642214
5962,test,0,0.05817731
1194,test,0,0.00021621436
3600,test,0,0.0005060302
8697,test,0,0.558134
8293,test,0,0.115653165
10793,test,0,0.0009710958
2369,test,0,0.08284602
10054,test,0,0.0020079548
10480,test,0,0.001325348
6962,test,0,0.00076859834
7216,test,0,0.7246495
9233,test,0,0.5567795
5807,test,0,0.00047905536
3676,test,0,0.0004871443
7200,test,0,0.004094981
10420,test,0,0.00068674155
7623,test,0,0.00083387207
623,test,0,0.00083387207
5335,test,0,0.017396193
690,test,0,0.00068674155
2093,test,0,9.777832e-05
2014,test,0,0.00033997025
7770,test,0,0.00024645057
2962,test,0,9.777832e-05
8577,test,0,0.084266834
4043,test,0,0.53001916
7638,test,0,0.0004996517
3198,test,0,0.00024645057
6586,test,0,0.11403353
10319,test,0,0.49808985
3390,test,0,0.0007331022
637,test,0,0.00027460046
4623,test,0,0.3585954
1415,test,0,0.8322537
8991,test,0,4.045437e-05
1620,test,0,0.000116200004
6712,test,0,0.45823827
2273,test,0,0.0041284007
3882,test,0,0.00031336868
970,test,0,4.045437e-05
1234,test,0,0.0007775575
1530,test,0,0.0011477546
5221,test,0,0.000662186
10142,test,0,0.23459402
8723,test,0,0.0006529338
9674,test,0,0.0006529338
3122,test,0,0.9397653
9940,test,0,0.00088228466
6239,test,0,0.00026065123
7856,test,0,0.00066497945
3292,test,0,0.0020772705
9805,test,0,0.001172732
9881,test,0,0.00016094923
9325,test,0,0.00023123136
2168,test,0,0.62703764
3557,test,0,0.000250736
7984,test,0,0.0007890212
7382,test,0,0.0032527328
1814,test,0,0.00020707754
5601,test,0,0.00016011272
9824,test,0,0.0008308538
9671,test,0,0.0087903775
5976,test,0,0.0069132173
7412,test,0,0.04915124
11041,test,0,0.0004220735
203,test,0,0.001046015
10992,test,0,0.00059692585
5330,test,0,0.00032687397
8641,test,0,0.051884558
9613,test,0,0.011181189
8769,test,0,0.0006448446
2134,test,0,0.040454283
5475,test,0,0.49512395
9404,test,0,0.0012736832
5605,test,0,0.42126712
3190,test,0,0.0011038755
3657,test,0,0.19187787
7116,test,0,0.00018214712
4603,test,0,0.03966562
1824,test,0,0.45495167
3530,test,0,0.02280661
5217,test,0,0.0007855413
2289,test,0,0.026754105
3776,test,0,0.08377629
4339,test,0,0.000924734
2381,test,0,0.2540778
5342,test,0,0.69138676
8919,test,0,0.08005241
5336,test,0,0.13279527
128,test,0,0.29511392
1716,test,0,0.13279527
4569,test,0,0.0010426263
7925,test,0,0.00038012816
7705,test,0,0.08284602
188,test,0,0.16245309
3603,test,0,0.05999096
5195,test,0,0.1545101
8572,test,0,0.24672405
10326,test,0,0.0006232101
5785,test,0,0.0017924443
4430,test,0,0.39787444
5603,test,0,0.0022697288
3514,test,0,0.17382361
8712,test,0,0.67343646
1614,test,0,0.50312054
5612,test,0,0.0046082223
6970,test,0,0.7363859
986,test,0,0.00047816348
2985,test,0,0.0002537719
9653,test,0,0.48942778
4145,test,0,0.27780014
10525,test,0,0.48942778
1240,test,0,5.2483338e-05
7223,test,0,0.06491563
10350,test,0,0.51101017
8051,test,0,0.00047024916
193,test,0,0.00016350944
8709,test,0,0.36694196
8942,test,0,0.10909579
8755,test,0,0.00013641642
395,test,0,0.00013641642
2355,test,0,0.000116915995
5611,test,0,0.00083387207
2910,test,0,0.14096102
6706,test,0,0.17415102
1376,test,0,0.00017973367
5176,test,0,0.7171538
3671,test,0,0.007954018
2410,test,0,0.00028632293
9219,test,0,0.11962731
2755,test,0,0.059102487
9173,test,0,0.8197814
6718,test,0,0.3943163
4175,test,0,0.0002472932
228,test,0,0.6746198
4387,test,0,0.6368346
8982,test,0,0.13575968
10138,test,0,0.5560117
8575,test,0,0.49444678
9603,test,0,0.6458322
9667,test,0,0.0054276767
1713,test,0,0.90238917
6317,test,0,0.00081895955
4620,test,0,0.00027460046
2050,test,0,0.052415125
2030,test,0,0.000116200004
4260,test,0,0.014637724
5270,test,0,0.2364091
1372,test,0,0.047593255
1602,test,0,0.01389003
8764,test,0,0.107845366
9064,test,0,0.19191983
8352,test,0,0.03140575
2977,test,0,0.16713218
2371,test,0,0.56028736
2352,test,0,0.00062260695
10784,test,0,0.16863844
190,test,0,0.0031961605
8649,test,0,0.00050304155
7442,test,0,0.00041921547
7002,test,0,0.27712154
8934,test,0,0.067410216
7928,test,0,0.30964616
7404,test,1,0.9293193
9732,test,0,0.33805436
9687,test,0,0.83290726
4608,test,0,0.0003191984
2142,test,0,0.24939099
3477,test,0,0.034427036
3670,test,0,0.49587733
3552,test,0,0.5130635
2965,test,0,0.0007477329
9165,test,0,0.24879573
7202,test,0,0.40747884
7992,test,0,0.0006347419
6591,test,0,0.2614642
9406,test,0,0.0056426576
1668,test,0,0.0012614568
6720,test,0,0.62703764
10706,test,0,0.012639472
4177,test,0,0.17057239
1580,test,0,0.6298244
1622,test,0,0.00038215253
5606,test,0,0.8015363
3121,test,0,0.0019028934
5648,test,0,0.24928513
2140,test,0,0.00016554003
3194,test,0,0.00047270683
8450,test,0,0.3946878
7369,test,0,0.00083387207
3683,test,0,0.00071974145
4317,test,0,0.5311586
7987,test,0,0.000700069
4174,test,0,0.13558474
987,test,0,5.2483338e-05
7424,test,0,0.083787136
4640,test,0,0.00044104096
6708,test,0,0.6100714
3001,test,0,0.0016352214
4616,test,0,0.00048785782
11028,test,0,0.8382901
7274,test,0,0.4468025
2437,test,0,0.0006921405
7174,test,0,0.0009292605
6997,test,0,0.00017973367
9665,test,0,0.0002725693
6974,test,0,0.00014791249
2986,test,0,0.00012296479
9909,test,0,4.045437e-05
2418,test,0,0.48948786
2104,test,0,0.07818916
5206,test,0,4.045437e-05
1670,test,0,0.17984232
7697,test,0,0.014637724
7709,test,0,0.014637724
3604,test,0,0.005799851
9313,test,0,0.20833328
2972,test,0,0.37544176
9045,test,0,0.098924205
3664,test,0,0.24771006
5179,test,0,0.203155
197,test,0,0.0004297591
8990,test,0,0.0115203
5695,test,0,0.011772644
6719,test,0,0.0006835538
5998,test,0,0.042812657
694,test,0,0.00019576466
8230,test,0,0.014116513
8718,test,0,0.0087903775
3454,test,0,0.0134295
10412,test,0,0.0005589204
5216,test,0,0.0032527328
10192,test,0,0.00011513257
10985,test,0,0.00023830871
3466,test,0,0.042927567
7004,test,0,0.040454283
3397,test,0,0.081638314
7429,test,0,0.0028140282
7923,test,0,0.042927567
1592,test,0,0.25833914
2107,test,0,0.16246484
8881,test,0,0.22472306
847,test,0,0.00027307394
5175,test,0,0.03966562
1188,test,0,0.13822167
8290,test,0,0.0003119855
3542,test,0,0.0006664304
9072,test,0,0.055213366
7371,test,0,0.0023529073
2102,test,0,0.9101203
6973,test,0,0.009688449
6984,test,0,0.15435618
2345,test,0,0.0004871443
7978,test,0,0.025839703
8333,test,0,0.0087903775
9833,test,0,0.00056450174
3379,test,0,0.11142708
123,test,0,0.03966562
7439,test,0,0.30336645
3674,test,0,0.0004244189
2272,test,0,0.28431788
2263,test,0,0.00020955734
2136,test,0,0.57793015
5325,test,0,0.15435618
2038,test,0,0.017396193
1672,test,0,0.00047270683
3178,test,0,0.46080193
4334,test,0,0.000306777
4138,test,0,0.00021647387
1621,test,0,4.045437e-05
8337,test,0,7.278837e-05
10993,test,0,0.51063395
1404,test,0,0.00039110056
4395,test,0,0.00016168125
2374,test,0,0.032216832
1708,test,0,0.9272645
1717,test,0,0.0017143241
4331,test,0,0.01389003
5539,test,0,0.07499805
7758,test,0,0.018796124
4382,test,0,0.30157256
10061,test,0,0.73638004
640,test,0,0.0014011466
3474,test,0,0.00031232866
10862,test,0,0.010947897
3528,test,0,0.007436305
180,test,0,0.0032527328
2094,test,0,0.0032527328
10363,test,0,0.0115203
4431,test,0,0.00029413152
5665,test,0,0.00020707754
610,test,0,0.00073971285
11035,test,0,0.00016011272
1657,test,0,0.00023549885
9540,test,0,0.11328885
8227,test,0,0.00019977998
975,test,0,0.00019977998
10534,test,0,0.00029049107
2045,test,0,0.03688646
9044,test,0,0.082600385
1529,test,0,0.00066505076
9242,test,0,0.0008308538
7366,test,0,0.0002050718
1384,test,0,0.00024029851
7434,test,0,0.00025725624
4314,test,0,0.10705386
1704,test,0,0.0087903775
7149,test,0,0.00029049107
5542,test,0,0.15307902
5786,test,0,0.00038300033
5489,test,0,0.38091025
9158,test,0,0.00090180495
2360,test,0,0.00049210986
5482,test,0,0.19630985
2753,test,0,0.040454283
3476,test,0,0.00057982776
5689,test,0,0.00031967624
8369,test,0,0.0016065463
9171,test,0,0.00018248211
1601,test,0,0.00025343505
7211,test,0,0.00035757895
2904,test,0,0.00034490434
7868,test,0,0.023501407
5561,test,0,0.040454283
5781,test,0,0.07806455
6985,test,0,0.000627743
7993,test,0,0.2349851
9878,test,0,0.30831861
3781,test,0,0.48979235
1813,test,0,0.0056713196
6700,test,0,0.07965755
1673,test,0,0.22472306
6231,test,0,0.2960204
9813,test,0,0.09225101
7687,test,0,0.35888004
8093,test,0,0.34676933
2963,test,0,0.0007337868
4340,test,0,0.12666728
7874,test,0,0.12791036
10861,test,0,0.18026935
10545,test,0,0.4028995
1712,test,0,0.055213366
3290,test,0,0.46187863
9814,test,0,0.00417729
842,test,0,0.0003119855
9213,test,0,0.09216441
10296,test,0,0.9249601
8283,test,0,0.6296803
4635,test,0,0.26014876
9948,test,0,0.0003473178
8937,test,0,0.044289052
3208,test,0,0.8007187
9157,test,0,0.00019209541
10058,test,0,0.0314384
5168,test,0,0.0018157667
5969,test,0,0.000353625
9666,test,0,0.000353625
227,test,0,0.30882385
8700,test,0,0.888514
3681,test,0,0.62103045
6304,test,0,0.00045016065
3885,test,0,0.6403105
625,test,0,0.0016544964
4575,test,0,0.76829845
3595,test,0,0.004599222
9859,test,0,0.24928513
5218,test,0,0.0030302168
7427,test,0,0.0029237499
3785,test,0,0.0011000931
2161,test,0,0.0026355656
2987,test,0,0.0049081836
5664,test,0,0.00034258986
8018,test,0,0.00071974145
2156,test,0,0.017396193
8979,test,0,5.2483338e-05
7862,test,0,0.4799286
6732,test,0,0.5134744
1482,test,0,0.0025858101
4248,test,0,0.017396193
9175,test,0,0.00083387207
9086,test,0,0.022294763
1189,test,0,0.0010608663
9656,test,0,0.00042337208
4567,test,0,0.00051662547
9894,test,0,0.084266834
990,test,0,0.5908282
2487,test,0,0.0005714135
11023,test,0,0.22886278
3236,test,0,0.00018893972
1401,test,0,0.5831765
7017,test,0,0.0013242227
9087,test,0,0.052415125
7754,test,0,0.000116200004
9842,test,0,4.045437e-05
5774,test,0,0.8666152
2375,test,0,0.00039886884
9896,test,0,0.07039611
6988,test,0,0.44031936
6730,test,0,0.025328128
5487,test,0,0.053881627
284,test,0,4.045437e-05
3789,test,0,4.045437e-05
3197,test,0,7.8947494e-05
2115,test,0,0.39884132
8532,test,0,0.0011477546
5711,test,0,4.045437e-05
8988,test,0,0.36439085
2151,test,0,0.014637724
2270,test,0,0.5202621
8708,test,0,0.00408927
8083,test,0,0.00042284434
9534,test,0,0.0030911448
2119,test,0,0.0030911448
7627,test,0,0.00693315
8566,test,0,0.00693315
231,test,0,0.09803401
2128,test,0,0.00016168125
1400,test,0,0.0006347419
10177,test,0,0.00014487674
7267,test,0,0.0017850711
7699,test,0,0.000552017
10355,test,0,0.00024496554
5224,test,0,0.002280889
3596,test,0,0.00012694749
2039,test,0,0.00015663846
8995,test,0,0.002986125
121,test,0,0.19997294
5993,test,0,0.9412168
9812,test,0,0.00019511838
2267,test,0,0.9412168
10542,test,0,0.00020506457
10424,test,0,0.008249374
3791,test,0,0.9412168
8643,test,0,0.8394315
1192,test,0,0.0047993422
10419,test,0,0.95759183
6858,test,0,0.0028095907
196,test,0,0.00053040084
5961,test,0,0.0022919201
2441,test,0,0.0022919201
3461,test,0,0.0002537719
7865,test,0,0.003130361
7208,test,0,0.017396193
10176,test,0,0.11403353
1596,test,0,0.2194625
3199,test,0,9.777832e-05
7870,test,0,3.205815e-05
9288,test,0,6.537811e-05
10910,test,0,0.0017209435
134,test,0,7.916393e-05
8065,test,0,7.000569e-05
10694,test,0,0.06491563
8372,test,0,0.11403353
9904,test,0,0.00014207551
1610,test,0,5.2483338e-05
8451,test,0,0.0004996517
6838,test,0,5.2483338e-05
3385,test,0,0.017396193
1600,test,0,0.08176992
9095,test,0,0.00083387207
1337,test,0,0.08176992
86,test,0,3.205815e-05
1395,test,0,7.784505e-05
7438,test,0,0.00012643672
1817,test,0,0.00021227825
3795,test,0,0.00041734462
8223,test,0,0.00013262179
2442,test,0,7.916393e-05
2726,test,0,0.0012766479
687,test,0,3.205815e-05
830,test,0,0.51101017
9912,test,0,0.5836364
821,test,0,0.066724256
8981,test,0,0.08176992
10521,test,0,0.00029343215
9228,test,0,3.205815e-05
5595,test,0,0.00028757344
9280,test,0,0.20017022
5966,test,0,0.12835023
8379,test,0,0.12835023
2027,test,0,0.00033178844
7751,test,0,0.00032898108
4146,test,0,0.5192011
261,test,0,0.0011447628
8893,test,0,0.54332453
2754,test,0,0.00014791249
9068,test,0,0.9038556
10551,test,0,0.8995322
9911,test,0,0.00014474736
4258,test,0,0.000116200004
19,test,0,0.4904656
1345,test,0,0.07818916
7871,test,0,0.0011477546
1187,test,0,0.42555663
9612,test,0,0.053881627
9102,test,0,0.00015180082
10172,test,0,0.00015180082
10701,test,0,0.00011037463
10422,test,0,0.00015180082
6854,test,0,4.364779e-05
6725,test,0,0.014637724
10414,test,0,0.042736463
10909,test,0,0.00012178656
10494,test,0,0.34591526
10423,test,0,0.16863844
4032,test,0,0.30891252
7436,test,0,0.00020894942
4614,test,0,0.039802413
4183,test,0,0.9082726
104,test,0,0.63407934
2902,test,0,0.00024264822
1350,test,0,0.42477083
6234,test,0,0.3785175
9400,test,0,0.9087936
7365,test,0,0.0014629267
6728,test,0,0.00014487674
7411,test,0,0.0714176
3532,test,0,0.48193458
10981,test,0,0.5122535
9951,test,0,0.00062641146
9685,test,0,0.00023123136
5209,test,0,0.60550654
3884,test,0,0.00026731737
10453,test,0,0.003511877
1644,test,0,0.22768958
3118,test,0,0.0011858654
5775,test,0,0.2965626
8010,test,0,0.06761125
10368,test,0,0.0029591771
5779,test,0,0.000291944
685,test,0,0.00031724764
5806,test,0,0.4391547
7628,test,0,7.149983e-05
5778,test,0,0.2289517
832,test,0,0.00062641146
10295,test,0,0.0003555964
2751,test,0,0.6670253
859,test,0,0.0022715363
10696,test,0,0.00028760167
5169,test,0,0.9458699
5180,test,0,0.54807806
9901,test,0,0.0005521236
9952,test,0,0.0115203
2055,test,0,0.000111687375
1354,test,0,0.011772644
4557,test,0,0.0032527328
7877,test,0,5.3506992e-05
10135,test,0,8.626373e-05
1491,test,0,0.015515945
3536,test,0,0.015515945
7426,test,0,0.023705628
10801,test,0,0.00058029545
202,test,0,0.001346188
4612,test,0,0.00019977998
2023,test,0,0.00018772617
6972,test,0,6.6643144e-05
7926,test,0,0.013684244
9728,test,0,0.15307902
7636,test,0,0.08129143
7708,test,0,0.00032687397
3383,test,0,0.0014324834
977,test,0,0.00032687397
7378,test,0,0.09754401
10986,test,0,0.11204167
3152,test,0,0.00031967624
3132,test,0,0.00034490434
2092,test,0,0.0015626805
4564,test,0,0.037845127
6853,test,0,0.00031967624
5991,test,0,0.081638314
4383,test,0,0.00031967624
9679,test,0,0.07806455
9725,test,0,0.00031967624
282,test,0,0.00288878
1397,test,0,0.8582609
8757,test,0,0.042927567
9286,test,0,0.081638314
3002,test,0,0.081638314
4256,test,0,0.713516
9537,test,0,0.0016916775
5223,test,0,0.00086054427
10802,test,0,0.0007430532
8573,test,0,0.22472306
6387,test,0,0.020267786
5200,test,0,0.0007430532
3125,test,0,0.0010327154
5655,test,0,0.33171993
5220,test,0,0.00080299715
6703,test,0,0.03966562
10523,test,0,0.00037917795
5543,test,0,0.00015053325
3380,test,0,0.2709225
3283,test,0,0.00015053325
9312,test,0,0.03966562
1487,test,0,0.08377629
7169,test,0,0.026754105
8650,test,0,0.00015053325
8294,test,0,0.00015053325
8579,test,0,0.08056613
5337,test,0,0.00015053325
9216,test,0,0.00015053325
3682,test,0,0.12666728
403,test,0,0.3370522
7854,test,0,0.5080869
10856,test,0,0.00090887025
5795,test,0,0.00029583834
9865,test,0,0.00096063386
7630,test,0,0.055213366
192,test,0,0.00020955734
8691,test,0,0.82000786
2099,test,0,0.044011097
7760,test,0,0.28431788
1611,test,0,0.3055167
9049,test,0,0.00020955734
6305,test,0,0.00042261786
10919,test,0,0.00023298585
3450,test,0,0.13822167
6727,test,0,0.00023298585
1347,test,0,0.26014876
5812,test,0,0.2102091
9310,test,0,0.08284602
1475,test,0,0.5457321
9164,test,0,0.0007310371
2893,test,0,0.85841
402,test,0,0.0019562673
5780,test,0,0.11640112
4424,test,0,0.9217648
823,test,0,0.0004735861
9544,test,0,0.97249717
9281,test,0,0.29025888
1615,test,0,0.0020407166
9935,test,0,0.02317125
139,test,0,0.29025888
10991,test,0,0.50312054
1663,test,0,0.50312054
1342,test,0,0.015033017
6593,test,0,0.0003390053
2141,test,0,0.0010168076
8985,test,0,0.00077225594
9717,test,0,0.79801065
1336,test,0,0.0001653408
7158,test,0,0.18821193
4605,test,0,0.0008801566
1720,test,0,0.00024955257
8004,test,0,0.36981407
9403,test,0,0.36981407
6391,test,0,0.00029343215
8449,test,0,0.0027668301
689,test,0,0.23996837
4038,test,0,0.11406147
8298,test,0,0.00033997025
2419,test,0,7.784505e-05
6731,test,0,0.5022229
5608,test,0,0.00010286682
2908,test,0,0.007954018
7176,test,0,3.205815e-05
6069,test,0,0.11403353
10140,test,0,0.00047863545
6859,test,0,0.017396193
2918,test,0,5.2483338e-05
2351,test,0,0.017396193
976,test,0,0.017396193
5654,test,0,3.205815e-05
8941,test,0,0.5701237
3130,test,0,5.2483338e-05
4489,test,0,0.08856714
7688,test,0,0.10909579
3215,test,0,5.2483338e-05
9302,test,0,0.14096102
8006,test,0,9.777832e-05
7224,test,0,6.537811e-05
253,test,0,0.00017973367
10362,test,0,0.00083387207
7896,test,0,5.2483338e-05
4142,test,0,0.00033997025
187,test,0,0.00083387207
115,test,0,0.00017973367
9960,test,0,0.10909579
1863,test,0,0.7389736
3524,test,0,5.2483338e-05
127,test,0,0.00056805264
4132,test,0,0.00035187762
3555,test,0,0.00028757344
8939,test,0,0.12835023
9314,test,0,0.14522351
8685,test,0,0.007954018
5768,test,0,0.00030418235
5277,test,0,0.08820314
9818,test,0,0.9191089
10349,test,0,0.07039611
2379,test,0,0.08820314
5331,test,0,0.00018893972
6034,test,0,0.56061214
179,test,0,0.0008434424
5994,test,0,0.0006161994
1849,test,0,0.00042991503
2122,test,0,0.0077097774
5699,test,0,0.0008434424
9731,test,0,0.0008434424
3545,test,0,0.45717785
9547,test,0,0.51198167
4391,test,0,0.00018893972
2013,test,0,0.0005937435
8588,test,0,0.00088366953
2024,test,0,0.00017298145
9106,test,0,0.7353426
8695,test,0,0.7641585
10417,test,0,0.6587084
10908,test,0,0.0004514709
1375,test,0,0.00014791249
5988,test,0,0.9090524
254,test,0,0.0013080837
6969,test,0,0.5423833
9538,test,0,5.0393908e-05
3182,test,0,0.40186334
8687,test,0,4.045437e-05
3146,test,0,4.045437e-05
6038,test,0,0.0001218558
5766,test,0,7.8947494e-05
2966,test,0,0.00026558075
3549,test,0,4.045437e-05
10640,test,0,0.00019091181
1367,test,0,4.045437e-05
3490,test,0,0.014637724
7275,test,0,0.001335785
183,test,0,0.20164275
4263,test,0,0.5517913
5691,test,0,0.00083624123
10354,test,0,0.00087762426
9065,test,0,0.10496851
270,test,0,0.00011287678
8330,test,0,0.00014791249
8763,test,0,4.045437e-05
2016,test,0,4.045437e-05
10333,test,0,0.00015748055
267,test,0,0.2969345
7014,test,0,4.045437e-05
5210,test,0,0.21999416
239,test,0,0.00019105786
1662,test,0,0.44596344
133,test,0,0.00019105786
10700,test,0,4.045437e-05
8533,test,0,0.0008419705
4168,test,0,0.00019105786
6074,test,0,0.00040393588
9090,test,0,0.24723913
6976,test,0,0.52979255
5173,test,0,0.8480345
9080,test,0,0.00016168125
5267,test,0,0.90543246
3228,test,0,0.5078432
7402,test,0,0.0714176
1403,test,0,0.00088228466
1411,test,0,0.24707338
5274,test,0,0.00014487674
5571,test,0,0.9664413
9079,test,0,0.00016267234
6393,test,0,0.0071177376
3465,test,0,0.42602777
7408,test,0,0.003508291
10790,test,0,0.00062641146
4039,test,0,0.00013936445
2734,test,0,0.0008314026
3668,test,0,0.7512559
10518,test,0,0.0071177376
9854,test,0,0.01162537
2727,test,0,0.01162537
9308,test,0,0.31906113
8921,test,0,0.00020048814
8049,test,0,0.87610334
628,test,0,0.00039445172
7983,test,0,0.2289517
1490,test,0,0.00031321874
3451,test,0,0.00016168125
10526,test,0,0.0017654324
8291,test,0,0.00016094923
7253,test,0,0.000334793
9902,test,0,0.08446847
7892,test,0,0.08446847
8940,test,0,0.008792763
4267,test,0,0.0008799013
7893,test,0,0.012204142
4610,test,0,0.00020652307
8234,test,0,0.012709957
2976,test,0,0.0032527328
9822,test,0,0.0032527328
1825,test,0,0.0032527328
8530,test,0,0.0032527328
9099,test,0,0.0032527328
10711,test,0,0.016433017
6742,test,0,0.014225053
1850,test,0,0.011927378
2118,test,0,0.07869324
1399,test,0,0.0115203
7701,test,0,0.012204142
11034,test,0,0.03306912
8457,test,0,0.012709957
8374,test,0,0.00020707754
4496,test,0,0.00019576466
8648,test,0,0.027836982
9167,test,0,0.00037962824
288,test,0,0.00019977998
5191,test,0,0.00029049107
5171,test,0,0.0002050718
5203,test,0,0.0087903775
5964,test,0,0.0087903775
9682,test,0,0.009911704
2417,test,0,0.0087903775
9809,test,0,0.00019977998
7251,test,0,0.0002050718
2154,test,0,0.07554552
9670,test,0,0.0013151172
10293,test,0,0.022679508
9735,test,0,0.000522812
10911,test,0,0.10705386
7428,test,0,0.00022832832
1721,test,0,0.00022832832
5181,test,0,0.0017238237
10983,test,0,0.091052026
2426,test,0,0.00012147816
6086,test,0,0.03372201
1485,test,0,0.0002050718
6987,test,0,0.009911704
1402,test,0,0.0002050718
2032,test,0,0.014034506
3669,test,0,0.022679508
4261,test,0,0.00058029545
10693,test,0,0.07386937
3876,test,0,0.113773726
7693,test,0,0.00019977998
10650,test,0,0.00019977998
4050,test,0,0.00029049107
9944,test,0,0.00080942496
6596,test,0,0.00019977998
4617,test,0,0.00019977998
1492,test,0,0.00037962824
2728,test,0,0.07386937
5800,test,0,0.02161693
281,test,0,0.00019977998
7423,test,0,0.00024029851
5,test,0,0.00019977998
6704,test,0,0.0087903775
9689,test,0,0.00019977998
6998,test,0,0.00026193922
9657,test,0,0.12677749
10982,test,0,0.00018772617
7020,test,0,0.0087903775
3133,test,0,0.00032687397
2895,test,0,0.0014324834
5968,test,0,0.00027805378
10644,test,0,0.037790168
4624,test,0,0.04883249
9226,test,0,0.051884558
8943,test,0,0.00025343505
7919,test,0,0.00031967624
9941,test,0,0.000793579
2353,test,0,0.043165598
7214,test,0,0.0008619361
4493,test,0,0.14614524
2744,test,0,0.00031967624
9627,test,0,0.21469782
2160,test,0,0.19597073
5713,test,0,0.058787886
4046,test,0,0.00022634049
4639,test,0,0.00049769855
3538,test,0,0.37950173
8340,test,0,0.000627743
3200,test,0,0.0016330797
3680,test,0,0.042927567
8986,test,0,0.12580544
9817,test,0,0.0015509696
283,test,0,0.61690944
8938,test,0,0.30157256
826,test,0,0.0017176527
849,test,0,0.00028447076
3518,test,0,0.002244118
7407,test,0,0.0006550461
2165,test,0,0.002979371
3788,test,0,0.0026925693
138,test,0,0.00015702608
7886,test,0,0.0032851258
8574,test,0,0.03966562
9224,test,0,0.004065459
7255,test,0,0.0007430532
10416,test,0,0.3101803
5663,test,0,0.86861956
242,test,0,0.03966562
840,test,0,0.03966562
3237,test,0,0.00015053325
3556,test,0,0.03966562
7279,test,0,0.002117207
391,test,0,0.10239156
9601,test,0,0.03966562
10695,test,0,0.00015053325
8016,test,0,0.00015053325
6584,test,0,0.00021621436
1647,test,0,0.0003187976
9939,test,0,0.25761896
9598,test,0,0.0046650763
5344,test,0,0.00015053325
3134,test,0,0.00015053325
5546,test,0,0.5472196
131,test,0,0.026754105
4047,test,0,0.00015053325
3230,test,0,0.21670869
1692,test,0,0.00015053325
6085,test,0,0.00015053325
7878,test,0,0.00015053325
2111,test,0,0.4183362
10671,test,0,0.055213366
10449,test,0,0.055213366
5970,test,0,0.093915574
130,test,0,0.00070216606
1398,test,0,0.648208
135,test,0,0.000450348
5276,test,0,0.0014047065
8232,test,0,0.093915574
6705,test,0,0.00029583834
5323,test,0,0.0011849029
10638,test,0,0.27847925
827,test,0,0.757905
20,test,0,0.001437511
6857,test,0,0.00029583834
6390,test,0,0.45994493
9321,test,0,0.00020955734
8295,test,0,0.00020955734
4392,test,0,0.00020955734
5653,test,0,0.2492109
3128,test,0,0.00020955734
9855,test,0,0.10659367
2012,test,0,0.00059137796
9864,test,0,0.23074573
7916,test,0,0.0002725693
10789,test,0,0.52311045
5792,test,0,0.0006931693
2110,test,0,0.00042261786
822,test,0,0.00042261786
8086,test,0,0.8820986
8890,test,0,0.00018701654
10532,test,0,0.34200796
4570,test,0,0.00019209541
973,test,0,0.00018701654
626,test,0,0.00032191403
814,test,0,0.48604974
5650,test,0,0.00018701654
1651,test,0,0.0003567386
8698,test,0,0.0005492027
240,test,0,0.0009906773
2432,test,0,0.0009906773
2162,test,0,0.0022023008
2358,test,0,0.0005492027
256,test,0,0.05999096
10183,test,0,0.0021811312
9624,test,0,0.0003390053
6699,test,0,0.32828608
2299,test,0,0.0007559727
8514,test,0,0.7183197
5341,test,0,0.00041464405
4621,test,0,0.0008801566
7225,test,0,0.00045690482
9806,test,0,0.567004
120,test,0,0.0007559727
8066,test,0,0.40316737
7010,test,0,0.00045690482
2015,test,0,0.0007559727
2967,test,0,0.00056910724
4296,test,0,0.0028091324
2362,test,0,0.00042429267
1855,test,0,0.32828608
9295,test,0,0.0003771427
7707,test,0,0.0038482428
8589,test,0,0.007119844
7156,test,0,0.00089851406
7221,test,0,0.18821193
9077,test,0,0.0008801566
1722,test,0,0.0009072277
8044,test,0,0.0008801566
10708,test,0,0.0061206776
10680,test,0,0.0038457976
8057,test,0,0.00041464405
9203,test,0,0.00035974965
2292,test,0,0.00035974965
10705,test,0,0.00031610613
10360,test,0,0.50312054
9605,test,0,0.00026471668
853,test,0,0.0002537719
7264,test,0,0.00035974965
8761,test,0,0.00035974965
10921,test,0,0.0008801566
2365,test,0,0.00034258986
4423,test,0,0.9118291
233,test,0,0.0008801566
6030,test,0,0.00094154826
9061,test,0,0.0008801566
2428,test,0,0.0007559727
4393,test,0,0.17382361
8371,test,0,0.7909364
635,test,0,0.0016388546
1711,test,0,0.0016388546
2363,test,0,0.0009751934
5484,test,0,0.0009751934
9214,test,0,0.0002537719
4611,test,0,0.00045016065
9608,test,0,0.0017500619
1658,test,0,0.0017500619
6965,test,0,0.0008603418
7152,test,0,0.0003390053
9088,test,0,0.00035974965
2907,test,0,0.0009389723
9602,test,0,0.00045016065
10365,test,0,0.92766076
10492,test,0,0.0005560468
9908,test,0,0.0014064581
7994,test,0,3.205815e-05
8936,test,0,0.2697791
1338,test,0,0.5190187
828,test,0,5.2483338e-05
2041,test,0,7.784505e-05
3145,test,0,0.00024645057
8722,test,0,3.205815e-05
10415,test,0,3.205815e-05
636,test,0,0.48942778
9683,test,0,5.2483338e-05
2170,test,0,5.2483338e-05
5813,test,0,0.36694196
5550,test,0,0.0017030305
2296,test,0,0.00034258986
845,test,0,0.49963227
7872,test,0,0.00013262179
4053,test,0,0.0003850868
1652,test,0,0.10909579
4324,test,0,0.0570929
271,test,0,0.0002725693
5610,test,0,0.017396193
6572,test,0,0.08856714
8284,test,0,0.0004584831
9162,test,0,0.0004584831
9676,test,0,0.11406147
7406,test,0,0.5768292
1391,test,0,0.0034254326
388,test,0,0.00011774998
4342,test,0,0.0006111865
5553,test,0,0.0002537719
852,test,0,0.0002537719
3012,test,0,0.0002537719
5544,test,0,0.0002537719
5263,test,0,0.000707407
7702,test,0,0.0002537719
9868,test,0,0.0011108615
124,test,0,0.30113673
9938,test,0,0.00024645057
117,test,0,6.537811e-05
7398,test,0,5.2483338e-05
2923,test,0,0.1251172
6573,test,0,5.2483338e-05
5201,test,0,6.537811e-05
4434,test,0,0.2697791
6697,test,0,5.2483338e-05
248,test,0,0.00087035244
811,test,0,5.2483338e-05
9548,test,0,0.022294763
1701,test,0,5.2483338e-05
7634,test,0,3.205815e-05
2384,test,0,5.2483338e-05
7218,test,0,0.00014207551
2411,test,0,0.0002537719
5334,test,0,0.007954018
8376,test,0,0.066724256
8349,test,0,0.00013540324
1484,test,0,3.205815e-05
2984,test,0,0.10129024
3678,test,0,5.2483338e-05
8005,test,0,5.2483338e-05
10544,test,0,0.0004996517
6717,test,0,6.537811e-05
8891,test,0,0.0002537719
9235,test,0,5.2483338e-05
2,test,0,5.2483338e-05
8887,test,0,0.011410859
8054,test,0,5.2483338e-05
6738,test,0,5.2483338e-05
9161,test,0,5.2483338e-05
4056,test,0,5.2483338e-05
226,test,0,5.2483338e-05
1237,test,0,0.00011774998
3468,test,0,0.0002537719
2368,test,0,0.2313674
9955,test,0,0.0002611368
5771,test,0,0.00021227825
125,test,0,0.0004996517
9629,test,0,0.0011034465
9848,test,0,5.2483338e-05
3004,test,0,3.205815e-05
3482,test,0,9.777832e-05
8874,test,0,5.2483338e-05
3151,test,0,0.00033997025
8084,test,0,0.066724256
2424,test,0,0.00014207551
6723,test,0,0.10909579
2905,test,0,0.00023482283
9953,test,0,5.2483338e-05
851,test,0,5.2483338e-05
9847,test,0,5.2483338e-05
1607,test,0,0.1251172
4322,test,0,5.2483338e-05
2105,test,0,0.066724256
9860,test,0,0.00033997025
8001,test,0,0.017396193
5808,test,0,9.6970405e-05
10651,test,0,0.00047270683
10332,test,0,0.000102778286
3124,test,0,0.000102778286
1861,test,0,5.2483338e-05
9545,test,0,0.00029343215
9531,test,0,5.2483338e-05
9047,test,0,5.2483338e-05
6075,test,0,0.2697791
848,test,0,7.784505e-05
5483,test,0,7.784505e-05
3126,test,0,0.00020410465
7410,test,0,7.784505e-05
3221,test,0,0.0018447039
4054,test,0,0.1251172
9832,test,0,0.00027736826
10174,test,0,0.00035411262
1374,test,0,0.00035411262
6995,test,0,0.0002537719
7921,test,0,0.00023482283
7990,test,0,0.00029393783
837,test,0,0.00029393783
9317,test,0,0.00027379917
641,test,0,0.00027379917
5177,test,0,0.00014207551
2129,test,0,5.2483338e-05
8296,test,0,0.00016554003
8976,test,0,5.2483338e-05
6583,test,0,0.000102778286
3665,test,0,0.0004871443
2737,test,0,5.2483338e-05
4034,test,0,5.2483338e-05
8651,test,0,5.2483338e-05
3558,test,0,5.2483338e-05
9844,test,0,7.784505e-05
7007,test,0,5.2483338e-05
4252,test,0,0.0005133709
9209,test,0,0.0003172791
7996,test,0,3.205815e-05
8752,test,0,5.2483338e-05
1871,test,0,0.00026824055
9614,test,0,5.2483338e-05
10648,test,0,5.2483338e-05
3398,test,0,0.15305926
2017,test,0,5.2483338e-05
9225,test,0,0.0013252503
9834,test,0,5.2483338e-05
8886,test,0,0.0002537719
8705,test,0,0.11406147
7629,test,0,0.020798288
9215,test,0,0.020798288
241,test,0,5.2483338e-05
3231,test,0,0.10909579
9057,test,0,5.66262e-05
1478,test,0,0.00035974965
6841,test,0,5.2483338e-05
7153,test,0,5.2483338e-05
7155,test,0,8.541253e-05
3191,test,0,8.541253e-05
10496,test,0,0.13558474
6035,test,0,5.2483338e-05
6964,test,0,0.52171683
6026,test,0,5.2483338e-05
8456,test,0,0.10909579
4148,test,0,0.00030915227
9108,test,0,0.89613247
4327,test,0,0.00030915227
8646,test,0,5.2483338e-05
820,test,0,0.007954018
9720,test,0,5.2483338e-05
10979,test,0,0.7229739
9103,test,0,0.00016170437
9285,test,0,0.00033997025
108,test,0,0.084266834
7207,test,0,0.45874253
4169,test,0,0.0005831226
5607,test,0,0.39608264
9609,test,0,0.00033481538
1706,test,0,5.2483338e-05
4632,test,0,9.777832e-05
2486,test,0,0.2194625
5702,test,0,0.32382295
5329,test,0,5.2483338e-05
4328,test,0,0.00068488665
8045,test,0,5.2483338e-05
2915,test,0,0.00034990313
2293,test,0,7.784505e-05
10799,test,0,0.0010005963
8565,test,0,0.00017973367
9206,test,0,0.011410859
10291,test,0,0.0009321252
8289,test,0,0.0002853035
8878,test,0,0.00017973367
9323,test,0,0.0002653798
5960,test,0,0.002890195
6996,test,0,0.0007691827
4335,test,0,0.0005356537
8329,test,0,0.00017973367
9710,test,0,0.00035187762
1183,test,0,0.00052398915
181,test,0,0.2194625
290,test,0,0.0015353172
7172,test,0,5.2483338e-05
854,test,0,0.5100909
7396,test,0,0.59695655
6729,test,0,0.008422769
9867,test,0,0.00087112485
7891,test,0,0.0002653798
10359,test,0,0.5908282
2481,test,0,0.0026476874
8922,test,0,0.00028757344
2921,test,0,0.0002653798
846,test,0,0.0002853035
980,test,0,0.84371394
9401,test,0,0.0007752998
2370,test,0,0.0015720386
10425,test,0,0.0030983475
1606,test,0,0.0030983475
9600,test,0,0.00046064018
8515,test,0,0.00017973367
8918,test,0,0.00017973367
6598,test,0,0.0002472932
835,test,0,0.0014934993
3488,test,0,0.00028757344
10703,test,0,0.00028757344
8883,test,0,0.00017973367
10641,test,0,0.00017973367
1625,test,0,0.0002472932
7685,test,0,5.2483338e-05
9089,test,0,0.0026220917
2483,test,0,0.12835023
2414,test,0,0.084266834
2143,test,0,0.00028514143
5473,test,0,0.00028514143
1581,test,0,0.00086425233
3142,test,0,0.0002653798
10324,test,0,0.01605717
7766,test,0,0.77228767
2005,test,0,0.5895869
3149,test,0,0.0002653798
7690,test,0,0.0002653798
6587,test,0,7.784505e-05
2106,test,0,0.00028757344
6746,test,0,5.2483338e-05
6079,test,0,0.0005114948
10540,test,0,0.93754786
2892,test,0,0.90238917
607,test,0,0.7042086
4377,test,0,0.000306777
2888,test,0,0.0066600484
7999,test,0,0.000306777
9736,test,0,0.6063633
400,test,0,0.0033750418
614,test,0,0.001158281
6601,test,0,0.00072840607
1853,test,0,0.90272886
7403,test,0,0.0014683638
3535,test,0,0.0030983107
8446,test,0,0.001158281
3144,test,0,0.00034609684
7631,test,0,0.8691893
5811,test,0,0.0006921405
264,test,0,0.82144624
6067,test,0,0.00071317994
7012,test,0,0.00018893972
4309,test,0,0.001265363
9730,test,0,0.00023535317
7917,test,0,0.8208812
6599,test,0,0.00020955734
2914,test,0,0.00019708916
4055,test,0,0.00043930698
1595,test,0,0.00057245657
7416,test,0,0.00018893972
3770,test,0,0.0008434424
9882,test,0,0.0054640095
3878,test,0,0.13575968
9046,test,0,0.60394
7159,test,0,0.000306777
4302,test,0,0.60210073
6031,test,0,0.5831765
3459,test,0,0.000306777
7397,test,0,0.0008318492
4048,test,0,0.00019708916
7252,test,0,0.00027460046
9227,test,0,0.9470167
5343,test,0,0.0023398264
3011,test,0,0.0010301371
252,test,0,0.00023079482
6715,test,0,0.00023079482
8748,test,0,0.0019162284
985,test,0,0.00018893972
992,test,0,0.00018893972
8584,test,0,0.00039886884
8721,test,0,0.010551908
2750,test,0,0.00018893972
10794,test,0,0.0015499931
5814,test,0,0.000306777
2420,test,0,0.0018057319
268,test,0,0.000306777
1857,test,0,0.0031079815
9204,test,0,0.0002537719
4308,test,0,0.0002537719
3486,test,0,0.00033178844
7119,test,0,0.00018893972
855,test,0,0.000306777
4323,test,0,0.00018893972
7694,test,0,0.00018893972
1584,test,0,0.13575968
2155,test,0,0.00018893972
8765,test,0,0.92313075
7268,test,0,0.0020997769
9172,test,0,0.124941215
1598,test,0,0.124941215
9532,test,0,0.0031079815
2275,test,0,0.5033429
1518,test,0,0.000306777
1698,test,0,0.000306777
3141,test,0,0.000306777
3123,test,0,0.000306777
815,test,0,0.00027460046
9092,test,0,0.000306777
4320,test,0,0.000306777
829,test,0,0.00018893972
7160,test,0,0.0006222848
3533,test,0,0.00018893972
1381,test,0,0.4080937
9282,test,0,0.000116200004
2158,test,0,0.20580436
6979,test,0,0.0003521202
10646,test,0,0.0005937435
8288,test,0,0.000116200004
3467,test,0,0.052415125
9296,test,0,0.46728027
8570,test,0,0.00046067795
6306,test,0,0.48466158
1528,test,0,0.00064708863
2408,test,0,0.00081477023
10455,test,0,0.00014791249
3460,test,0,0.000116200004
100,test,0,0.00088366953
1695,test,0,0.0007556843
7368,test,0,0.0037088292
2399,test,0,0.00014791249
137,test,0,0.00027020415
9222,test,0,0.00027554433
11031,test,0,0.001428879
5574,test,0,0.00014791249
2423,test,0,0.00014791249
7691,test,0,0.00014791249
5987,test,0,0.004929869
2100,test,0,0.055773966
4150,test,0,0.0023226994
2116,test,0,0.00749638
9677,test,0,0.63404155
7115,test,0,0.40186334
7888,test,0,0.00026661332
9850,test,0,4.045437e-05
7413,test,0,0.00057887856
6971,test,0,0.00021647387
9942,test,0,0.00036193323
5183,test,0,0.052415125
686,test,0,0.81788737
2018,test,0,0.00014791249
4298,test,0,0.01711141
2034,test,0,0.000116200004
8229,test,0,0.00021647387
9093,test,0,0.000116200004
10864,test,0,0.000116200004
9311,test,0,0.047593255
9309,test,0,0.00026661332
10653,test,0,0.014637724
8997,test,0,4.045437e-05
2960,test,0,0.8674606
9299,test,0,0.00020677152
7277,test,0,0.001754637
136,test,0,0.000116200004
8696,test,0,4.045437e-05
10452,test,0,0.00014791249
5560,test,0,0.00014791249
843,test,0,0.0003439332
3559,test,0,0.00014791249
2163,test,0,0.000116200004
4384,test,0,4.045437e-05
6230,test,0,0.0010948876
9293,test,0,0.052415125
101,test,0,0.00017298145
4186,test,0,0.0012124932
251,test,0,0.00014791249
3464,test,0,0.000116200004
236,test,0,0.00027020415
6603,test,0,0.00017298145
8351,test,0,0.0011792897
10421,test,0,0.4534326
9691,test,0,0.66754246
5563,test,0,0.00017298145
4329,test,0,0.00036193323
3553,test,0,0.00014791249
5478,test,0,0.00559487
8877,test,0,0.00081477023
1851,test,0,0.00014791249
8880,test,0,0.00014791249
8281,test,0,0.00014791249
8297,test,0,7.8947494e-05
2430,test,0,0.107845366
3544,test,0,4.045437e-05
2406,test,0,0.00020677152
8756,test,0,4.045437e-05
8000,test,0,4.045437e-05
5690,test,0,0.000104341205
10677,test,0,0.0001815181
5165,test,0,4.045437e-05
7689,test,0,0.13145724
2372,test,0,5.0393908e-05
4319,test,0,4.045437e-05
6991,test,0,4.045437e-05
11027,test,0,0.00015180082
2922,test,0,7.8947494e-05
10858,test,0,8.838539e-05
9678,test,0,5.0393908e-05
90,test,0,0.070467435
3513,test,0,0.00011412826
9533,test,0,4.045437e-05
3294,test,0,4.045437e-05
9083,test,0,4.045437e-05
991,test,0,4.045437e-05
9959,test,0,0.070467435
1866,test,0,4.045437e-05
8534,test,0,0.17984232
3232,test,0,9.536198e-05
10673,test,0,0.00020677152
5804,test,0,0.00015180082
1715,test,0,4.219954e-05
974,test,0,0.014637724
4389,test,0,0.0009099612
6245,test,0,0.00015180082
286,test,0,0.002605613
275,test,0,0.07710517
263,test,0,4.045437e-05
6978,test,0,0.00015180082
6837,test,0,4.045437e-05
1603,test,0,0.113298304
1605,test,0,4.045437e-05
8019,test,0,0.047593255
2048,test,0,0.014637724
273,test,0,4.364779e-05
230,test,0,4.045437e-05
4305,test,0,7.8947494e-05
6736,test,0,4.045437e-05
2167,test,0,0.10021444
9654,test,0,0.00026558075
3456,test,0,0.0003859889
289,test,0,0.10021444
8876,test,0,4.045437e-05
10541,test,0,0.00015748055
6579,test,0,0.19191983
3192,test,0,0.10021444
3656,test,0,4.045437e-05
1710,test,0,4.045437e-05
8332,test,0,4.364779e-05
8090,test,0,0.00015748055
7220,test,0,0.113298304
10866,test,0,4.045437e-05
3473,test,0,4.045437e-05
7381,test,0,0.00083624123
6045,test,0,0.044543512
2042,test,0,4.045437e-05
2359,test,0,9.8713106e-05
4184,test,0,4.045437e-05
9712,test,0,0.014637724
1593,test,0,4.045437e-05
2919,test,0,0.00026661332
9405,test,0,7.8947494e-05
9597,test,0,4.045437e-05
2736,test,0,4.045437e-05
1238,test,0,7.8947494e-05
9899,test,0,4.045437e-05
8324,test,0,0.0011745336
2367,test,0,0.039802413
3227,test,0,0.014637724
4262,test,0,0.00011287678
3515,test,0,0.00011287678
5339,test,0,0.00012694749
4149,test,0,0.000104341205
3224,test,0,0.31348675
9097,test,0,0.7040103
2056,test,0,0.00011287678
5651,test,0,0.0015261126
9071,test,0,0.00011287678
2020,test,0,0.00020894942
7198,test,0,0.0002911046
2108,test,0,0.0003071589
5797,test,0,0.00020894942
8292,test,0,7.8947494e-05
5764,test,0,0.252232
8011,test,0,0.039802413
4648,test,0,0.03140575
7260,test,0,0.0027528848
4044,test,0,0.44596344
2049,test,0,0.10909579
9043,test,0,0.00019105786
9073,test,0,0.0011460972
1700,test,0,0.31104386
10714,test,0,0.00019105786
7769,test,0,0.0010623316
5207,test,0,0.0028185048
118,test,0,0.37098816
696,test,0,0.00020894942
8923,test,0,0.39608264
4045,test,0,0.00019105786
7117,test,0,0.09986237
10489,test,0,0.00025152735
5700,test,0,0.117046155
2148,test,0,0.0013981694
8978,test,0,0.0010276624
8322,test,0,0.000802126
6301,test,0,0.004526298
4297,test,0,0.00071442244
10685,test,0,0.0020937738
7920,test,0,0.00017527683
4435,test,0,0.0002659005
1341,test,0,0.0005388863
5214,test,0,0.006698696
1626,test,0,0.016097277
6313,test,0,0.00017527683
7150,test,0,0.07499805
6577,test,0,0.00024490716
8323,test,0,0.5623441
4622,test,0,0.06942996
9546,test,0,0.00095029344
2402,test,0,0.0010210735
3667,test,0,0.074033424
4565,test,0,0.000291944
6856,test,0,0.00016168125
1812,test,0,0.00049951836
2898,test,0,0.0005057522
1852,test,0,0.8215171
6392,test,0,0.0003006751
3127,test,0,0.00019105786
2725,test,0,0.000350779
2482,test,0,0.00024490716
9835,test,0,0.0002908813
6852,test,0,0.00015675828
7269,test,0,0.09355858
9692,test,0,0.00031383688
10690,test,0,0.00038690123
1407,test,0,0.00031724764
1,test,0,0.00015675828
4303,test,0,0.3628269
6308,test,0,0.0003002629
8338,test,0,0.0032991688
7989,test,0,0.00024490716
7991,test,0,0.0017965279
10446,test,0,0.0017965279
9207,test,0,0.00037361108
8303,test,0,0.0020035668
1821,test,0,0.000716713
176,test,0,0.00024490716
9074,test,0,0.06942996
6238,test,0,0.33794108
2980,test,0,0.00026731737
2046,test,0,0.00034001775
6741,test,0,0.38493654
5658,test,0,0.00028284028
6073,test,0,0.00016168125
1671,test,0,0.48985058
7266,test,0,0.00066307676
1872,test,0,7.149983e-05
1353,test,0,0.00063656847
2131,test,0,0.49537435
10287,test,0,0.00066497945
224,test,0,0.24723913
4487,test,0,0.1228559
7021,test,0,0.39436898
7632,test,0,0.00016168125
5194,test,0,0.07962252
9111,test,0,0.0023959386
7409,test,0,0.0023072439
2409,test,0,0.0012954676
11026,test,0,0.000291944
4190,test,0,7.149983e-05
10798,test,0,0.00062641146
6307,test,0,0.00016462345
6040,test,0,0.00038770502
7882,test,0,0.00062558724
8454,test,0,0.60550654
4618,test,0,0.074033424
7982,test,0,0.0066955932
3147,test,0,0.00016267234
8567,test,0,0.54807806
2153,test,0,0.5343089
2896,test,0,0.0003006751
5773,test,0,0.74590904
6849,test,0,0.00041693583
3392,test,0,0.000291944
2361,test,0,0.00014487674
8885,test,0,0.0033917523
1859,test,0,0.0033739193
10654,test,0,0.000552017
3879,test,0,0.003165702
836,test,0,0.00016094923
7161,test,0,0.048967794
9595,test,0,0.00035940018
6299,test,0,0.25178546
10530,test,0,0.0002908813
3136,test,0,0.14013638
186,test,0,0.00012864436
9596,test,0,0.00015663846
3786,test,0,0.53275776
1243,test,0,0.3047927
7005,test,0,0.23884502
9910,test,0,0.00043398837
1604,test,0,0.00046881472
3189,test,0,0.0009348049
9315,test,0,0.00038215253
7695,test,0,0.013215333
2356,test,0,0.00015663846
4641,test,0,0.00015663846
10179,test,0,0.00026865414
2011,test,0,0.00031321874
4627,test,0,0.00075390656
200,test,0,0.52979255
9054,test,0,0.00027250487
9885,test,0,0.00027250487
1362,test,0,0.6391789
5694,test,0,0.000291944
3212,test,0,0.0014478671
4173,test,0,0.0008904485
8301,test,0,0.00014818876
7206,test,1,0.9276699
10859,test,0,0.000291944
1339,test,0,0.09603439
5184,test,0,0.0003983741
5704,test,0,0.0039445315
10057,test,0,0.00024490716
1360,test,0,0.03904711
119,test,0,0.00031609318
6592,test,0,0.002986125
9907,test,0,0.0006976281
5777,test,0,0.005513756
857,test,0,7.149983e-05
7165,test,0,0.0003006751
4311,test,0,0.001355556
3527,test,0,0.0001289551
9856,test,0,0.00087454263
7110,test,0,0.28610995
4502,test,0,0.0006959474
2157,test,0,0.00040472968
5166,test,0,0.06942996
8992,test,0,0.5365758
7980,test,0,0.00026731737
7179,test,0,0.00026731737
1858,test,0,0.00024578298
11017,test,0,0.001355556
5609,test,0,0.30964616
8929,test,0,0.0008705889
9606,test,0,7.149983e-05
4178,test,0,0.7693375
8382,test,0,0.62703764
4491,test,0,0.0014022306
8944,test,0,0.00080707244
7880,test,0,0.24707338
10783,test,0,0.00026731737
2171,test,0,0.00014487674
9862,test,0,0.4177123
1816,test,0,0.7898369
9289,test,0,0.00016462345
2890,test,0,0.0022320282
249,test,0,0.203155
3487,test,0,0.24054526
3233,test,0,0.4108605
9320,test,0,0.00015663846
8235,test,0,0.0002908813
7885,test,0,0.00016094923
5790,test,0,0.00031828223
1608,test,0,0.30750623
6839,test,0,7.149983e-05
4147,test,0,0.00037474307
5796,test,0,0.00026731737
132,test,0,0.0025420068
3540,test,0,0.5656667
3234,test,0,0.75689244
2440,test,0,0.24707338
7013,test,0,0.00014378785
5198,test,0,0.13679789
856,test,0,0.00014378785
10519,test,0,0.8015363
5980,test,0,0.000684127
6597,test,0,0.00014378785
9075,test,0,0.0008799013
8889,test,0,0.00037619294
4250,test,0,0.6830814
6961,test,0,0.028015805
1481,test,0,0.0134295
1577,test,0,0.00013419705
7108,test,0,0.07987235
4613,test,0,0.015088216
7105,test,0,0.011772644
4295,test,0,0.0011323597
3792,test,0,0.011772644
250,test,0,0.00017012187
7898,test,0,0.000111687375
2891,test,0,0.000111687375
1811,test,0,0.010947897
9168,test,0,0.0009317899
3455,test,0,0.0009317899
10716,test,0,0.010947897
6726,test,0,0.007436305
5667,test,0,0.010947897
13,test,0,0.010947897
1862,test,0,0.010947897
5271,test,0,0.0011323597
8657,test,0,0.011772644
10674,test,0,0.00014799983
6068,test,0,0.00027424959
9711,test,0,0.014034506
8052,test,0,0.0001986551
9101,test,0,0.0001986551
1380,test,0,0.0003744731
2159,test,0,0.01750908
3554,test,0,0.00024449354
2052,test,0,0.0005275674
5809,test,0,0.013201238
3661,test,0,0.013201238
7753,test,0,0.012277664
693,test,0,4.959237e-05
627,test,0,5.754998e-05
10284,test,0,4.5925575e-05
1195,test,0,0.0032527328
2489,test,0,8.626373e-05
9820,test,0,0.0032527328
11030,test,0,0.0032527328
4299,test,0,7.995271e-05
88,test,0,0.0032527328
1366,test,0,0.0032527328
2150,test,0,0.00018954492
1627,test,0,0.016433017
7425,test,0,0.0009088053
9291,test,0,0.0009088053
6590,test,0,0.015515945
9900,test,0,0.0006609301
10639,test,0,0.0006609301
1363,test,0,0.011927378
3662,test,0,0.016433017
8062,test,0,0.011927378
9675,test,0,0.00018954492
2383,test,0,0.012635076
5972,test,0,0.016433017
9719,test,0,0.0013138527
6028,test,0,0.00018954492
10528,test,0,0.0115203
9211,test,0,0.012204142
8061,test,0,0.00013419705
1349,test,0,0.00013419705
116,test,0,0.012204142
390,test,0,0.0005549367
8225,test,0,0.012204142
1702,test,0,0.0001094639
9879,test,0,0.005190799
4425,test,0,0.096155055
5476,test,0,0.034710955
11037,test,0,0.005190799
606,test,0,0.0032527328
619,test,0,5.9766575e-05
10676,test,0,3.774129e-05
2729,test,0,0.00056750176
10867,test,0,0.01540214
1196,test,0,0.0115203
2733,test,0,0.0023285544
7635,test,0,0.00035853626
10643,test,0,0.00035853626
2436,test,0,0.00030897427
4558,test,0,0.02161693
3590,test,0,0.02161693
981,test,0,0.00019662593
1823,test,0,0.0003217827
3007,test,0,0.02161693
10791,test,0,0.02161693
1357,test,0,0.02161693
1185,test,0,0.00022976879
1665,test,0,0.02161693
8381,test,0,0.00022169121
5776,test,0,0.025839703
3296,test,0,0.00027105073
5647,test,0,0.00020707754
5986,test,0,0.027836982
9821,test,0,0.00025725624
178,test,0,0.0002029411
1245,test,0,0.018796124
5996,test,0,0.16336901
7755,test,0,0.027836982
5213,test,0,0.00022169121
1382,test,0,0.027836982
1486,test,0,0.02974346
10290,test,0,0.023705628
7166,test,0,0.00023549885
9933,test,0,0.00023549885
6595,test,0,0.022679508
4562,test,0,0.00057815126
3877,test,0,0.00038169834
8879,test,0,0.00088965055
1661,test,0,0.00058029545
9662,test,0,0.002696861
4269,test,0,0.002696861
1650,test,0,0.07554552
824,test,0,0.00017012187
1392,test,0,0.00017012187
8706,test,0,0.07386937
4633,test,0,0.00019977998
1848,test,0,0.0025786317
9076,test,0,0.00019977998
85,test,0,0.00039180825
1864,test,0,0.0002050718
8693,test,0,0.009911704
9723,test,0,0.00019977998
9892,test,0,0.0002050718
2350,test,0,0.00019977998
8009,test,0,0.00019977998
6722,test,0,0.0627905
9094,test,0,0.00019977998
5268,test,0,0.00019977998
6990,test,0,0.0001196838
3394,test,0,0.0001196838
825,test,0,0.00019977998
7212,test,0,0.00019977998
4188,test,0,0.00019977998
638,test,0,0.0002050718
7752,test,0,0.082600385
238,test,0,0.024704237
7401,test,0,0.00018142899
6310,test,0,0.00019977998
9098,test,0,0.00019977998
9292,test,0,0.0009113286
1406,test,0,0.0006976839
7852,test,0,0.0035547023
6740,test,0,0.00029289298
3293,test,0,0.00089103205
10289,test,0,0.0002050718
10786,test,0,0.0005850925
2145,test,0,0.0005850925
11029,test,0,0.082600385
6043,test,0,0.005821116
9838,test,0,0.0006976839
2348,test,0,0.0008308538
229,test,0,0.10705386
8348,test,0,0.11920234
1493,test,0,0.00018608946
4574,test,0,0.00011644602
3138,test,0,0.00045368104
10800,test,0,0.00047833714
3799,test,0,0.00011644602
4388,test,0,0.0087903775
9713,test,0,0.00066505076
9237,test,0,0.00018952054
3226,test,0,0.0027762912
1198,test,0,0.0008308538
611,test,0,0.00080942496
9831,test,0,0.0010059648
812,test,0,0.0010059648
3210,test,0,0.11920234
2745,test,0,0.024704237
3389,test,0,0.0006106156
5333,test,0,0.00021554765
2982,test,0,0.00012147816
8350,test,0,0.027070513
6989,test,0,0.022679508
5815,test,0,0.0001196838
10984,test,0,0.013684244
3218,test,0,0.00058260176
7875,test,0,0.0001196838
2127,test,0,0.0001485287
8453,test,0,0.23280227
8524,test,0,0.0002050718
10550,test,0,0.0002050718
3207,test,0,0.0002050718
8448,test,0,0.0002050718
3458,test,0,0.0036842912
4559,test,0,0.0002050718
6578,test,0,0.0002050718
4488,test,0,0.0002050718
7374,test,0,0.00017012187
7418,test,0,0.009911704
6029,test,0,0.00044238774
11024,test,0,0.00044238774
5222,test,0,0.0009113286
5963,test,0,0.00029049107
6044,test,0,0.00019977998
94,test,0,0.0087903775
3675,test,0,0.00045368104
3148,test,0,0.00019977998
9051,test,0,0.00019977998
2047,test,0,0.00019977998
9091,test,0,0.0087903775
1666,test,0,0.00065850536
2019,test,0,0.00065850536
10691,test,0,0.00019977998
6580,test,0,0.00018580098
8747,test,0,0.02161693
10537,test,0,0.02974346
7419,test,0,0.0002548674
3660,test,0,0.021460185
4609,test,0,0.00019977998
4137,test,0,0.0087903775
858,test,0,0.00019977998
102,test,0,0.010947897
5981,test,0,0.027296012
2731,test,0,0.0012810352
6080,test,0,0.00019977998
629,test,0,0.00019977998
3223,test,0,0.00019977998
4332,test,0,8.375018e-05
2429,test,0,0.01540214
3790,test,0,0.00057815126
3006,test,0,0.00045129686
7154,test,0,0.0006856067
5190,test,0,0.00023549885
2376,test,0,0.00026193922
813,test,0,0.00019977998
10792,test,0,0.067505345
8287,test,0,0.0087903775
2135,test,0,0.086260036
7006,test,0,0.00019977998
3295,test,0,0.013684244
6737,test,0,0.0087903775
6744,test,0,0.00019977998
10448,test,0,0.00019977998
6389,test,0,0.00057815126
7422,test,0,0.0087903775
2978,test,0,0.00019977998
6388,test,0,0.02161693
8328,test,0,0.0069132173
5569,test,0,0.0005180479
9,test,0,0.0015496121
1488,test,0,0.0015496121
1387,test,0,0.00011644602
2400,test,0,0.00011644602
8282,test,0,0.00019977998
1654,test,0,0.0032527328
2920,test,0,0.00029049107
10491,test,0,0.060087442
9549,test,0,0.00024449354
1597,test,0,0.0087903775
7148,test,0,0.0087903775
10493,test,0,0.0087903775
2439,test,0,0.0115203
1697,test,0,0.0087903775
6087,test,0,1.9967161e-05
5810,test,0,0.00019977998
1182,test,0,0.0087903775
8576,test,0,0.00019977998
9617,test,0,0.00065959856
2983,test,0,0.00025725624
2022,test,0,0.0087903775
4381,test,0,0.00019977998
1344,test,0,0.00041469603
3517,test,0,0.00041469603
8983,test,0,0.00017012187
2036,test,0,0.00019977998
5225,test,0,0.02161693
14,test,0,0.00019977998
6716,test,0,4.959237e-05
8996,test,0,0.00019977998
2738,test,0,0.075696826
259,test,0,0.03382823
6711,test,0,0.00019977998
6240,test,0,0.0005980993
9876,test,0,0.02974346
6745,test,0,0.0087903775
8299,test,0,0.022679508
2981,test,0,0.013684244
6846,test,0,0.00019977998
6318,test,0,0.00019977998
6992,test,0,0.021659425
810,test,0,0.00019977998
4634,test,0,0.00019977998
1854,test,0,0.00019977998
7107,test,0,0.00019977998
5784,test,0,0.00024029851
1346,test,0,0.010947897
397,test,0,0.0032527328
3537,test,0,0.00019977998
10697,test,0,0.00019977998
9688,test,0,0.0134295
9539,test,0,0.00026193922
8334,test,0,0.00019977998
266,test,0,0.0087903775
7686,test,0,0.00019977998
833,test,0,0.0011271101
7201,test,0,0.00019977998
2730,test,0,0.00019977998
7205,test,0,0.00019977998
5552,test,0,0.0011462873
8892,test,0,0.15307902
9913,test,0,0.0070812143
2404,test,0,0.0011462873
7863,test,0,0.0011462873
4185,test,0,0.0011462873
834,test,0,0.020438977
5793,test,0,0.0029467607
2138,test,0,0.67555606
10479,test,0,0.00032687397
3598,test,0,0.021279147
8770,test,0,0.00019977998
6036,test,0,0.00032687397
7273,test,0,0.00019977998
8569,test,0,0.00032687397
5984,test,0,0.0002591412
8587,test,0,0.0002591412
4645,test,0,0.001203
1244,test,0,0.00023830871
697,test,0,0.00021906533
2425,test,0,0.15277816
6315,test,0,0.00032687397
9663,test,0,0.00032687397
9543,test,0,0.00032687397
6980,test,0,0.00019408339
9176,test,0,0.00019408339
9897,test,0,0.00032687397
7376,test,0,0.0010304855
4615,test,0,0.00032687397
8014,test,0,0.00032687397
9846,test,0,0.00032687397
246,test,0,0.00032687397
2031,test,0,0.00032687397
6701,test,0,0.00032687397
5652,test,0,0.00031245194
4325,test,0,0.00032687397
244,test,0,0.00032687397
639,test,0,0.38091025
7019,test,0,0.00042856103
5170,test,0,0.00032687397
9110,test,0,0.00059692585
3485,test,0,0.00032687397
7915,test,0,0.00032687397
3534,test,0,0.24989094
6986,test,0,0.00042856103
2117,test,0,0.13487265
8060,test,0,0.00032687397
17,test,0,0.00032687397
199,test,0,0.36490905
2909,test,0,0.046721604
3672,test,0,0.00032687397
7884,test,0,0.00056450174
3480,test,0,0.00032687397
5187,test,0,0.00032687397
5656,test,0,0.00060845393
4563,test,0,0.023501407
8384,test,0,0.31172624
9715,test,0,0.00032687397
4170,test,0,0.17710212
9594,test,0,0.00031967624
2095,test,0,0.00041490502
1809,test,0,0.19166714
9840,test,0,0.00025343505
5555,test,0,0.00041490502
4131,test,0,0.00031967624
2266,test,0,0.037845127
8568,test,0,0.00031967624
1870,test,0,0.07806455
8871,test,0,0.00032687397
5566,test,0,0.00041490502
10320,test,0,0.0010673174
8286,test,0,0.00041490502
7263,test,0,0.00041490502
9827,test,0,0.00041490502
5275,test,0,0.08129143
3217,test,0,0.0002821812
1609,test,0,0.00037721643
7704,test,0,0.00041490502
632,test,0,0.0015266198
6602,test,0,0.0014991387
4318,test,0,0.00031967624
10418,test,0,0.4126871
8285,test,0,0.00020966088
2043,test,0,0.00031967624
9084,test,0,0.00025343505
5549,test,0,0.00031967624
3520,test,0,0.1422242
5208,test,0,0.0011765352
850,test,0,0.00031967624
291,test,0,0.042927567
3471,test,0,0.20827588
1356,test,0,0.001047662
8582,test,0,0.1422242
3387,test,0,0.19871408
2378,test,0,0.00031967624
9205,test,0,0.00031967624
2044,test,0,0.00025343505
6070,test,0,0.19871408
8007,test,0,0.00057982776
10481,test,0,0.0014009771
1388,test,0,0.0014009771
11033,test,0,0.0008619361
8692,test,0,0.00031967624
9716,test,0,0.1422242
2885,test,0,0.023501407
7209,test,0,0.4021942
7375,test,0,0.0015591461
8894,test,0,0.00035757895
2294,test,0,0.081638314
10916,test,0,0.07806455
4141,test,0,0.07806455
4037,test,0,0.00015099297
8656,test,0,0.00031967624
2008,test,0,0.00031967624
5186,test,0,0.00031967624
6232,test,0,0.00041232086
6977,test,0,9.072908e-05
6594,test,0,0.0002643656
7151,test,0,0.023501407
1714,test,0,0.00031967624
2172,test,0,0.042927567
10995,test,0,0.43185624
9082,test,0,0.00025343505
2964,test,0,0.042927567
3205,test,0,0.081638314
8336,test,0,0.00031967624
8048,test,0,0.00031967624
6576,test,0,0.36914444
1179,test,0,0.042927567
9287,test,0,0.00031967624
1590,test,0,0.00031967624
4140,test,0,0.0011437219
9863,test,0,0.00031967624
10520,test,0,0.0015000592
1623,test,0,0.081638314
7278,test,0,0.07806455
3798,test,0,0.00034711737
3874,test,0,0.00060845393
1694,test,0,0.00031967624
1522,test,0,0.08964983
1483,test,0,0.0013922149
841,test,0,0.00031967624
9858,test,0,0.00057982776
4171,test,0,0.00031967624
9304,test,0,0.00031967624
3481,test,0,0.07687034
1869,test,0,0.04883249
8092,test,0,0.21469782
3779,test,0,0.005629115
3214,test,0,0.16052818
9684,test,0,0.042927567
5266,test,0,0.1422242
8320,test,0,0.0008619361
9621,test,0,0.0014009771
8536,test,0,0.00060845393
5710,test,0,0.00035757895
3483,test,0,0.00035757895
9807,test,0,0.00057176134
2297,test,0,0.040454283
1808,test,0,0.43185624
9056,test,0,0.00025343505
2912,test,0,0.04883249
9727,test,0,0.043165598
5538,test,0,0.00074485724
5174,test,0,0.058787886
4301,test,0,0.0036048873
5557,test,0,0.00031967624
11020,test,0,0.0006430271
2054,test,0,0.00031967624
7379,test,0,0.00031967624
4380,test,0,0.00031967624
8013,test,0,0.00031967624
3531,test,0,0.1422242
6071,test,0,0.00031967624
1588,test,0,0.53978765
3521,test,0,0.00031967624
2139,test,0,0.84121686
232,test,0,0.29406574
8343,test,0,0.0006199125
6698,test,0,0.0012031588
5600,test,0,0.2016102
10517,test,0,0.30389377
8050,test,0,0.00031967624
10364,test,0,0.00031967624
8873,test,0,0.000627743
3547,test,0,0.000627743
1616,test,0,0.00031967624
6316,test,0,0.000627743
6994,test,0,0.00031967624
6999,test,0,0.000627743
2346,test,0,0.00034490434
3551,test,0,0.37950173
6743,test,0,0.000627743
8347,test,0,0.000627743
9085,test,0,0.0008619361
7692,test,0,0.000627743
9319,test,0,0.29759622
105,test,0,0.000627743
971,test,0,0.000627743
5537,test,0,0.000627743
3457,test,0,0.00028447076
8882,test,0,0.000627743
1586,test,0,0.000627743
3659,test,0,0.0016916775
5193,test,0,0.000627743
8975,test,0,0.00031967624
5172,test,0,0.042927567
4041,test,0,0.00031967624
3775,test,0,0.07687034
177,test,0,0.000155073
5326,test,0,0.000627743
7,test,0,0.0081840195
688,test,0,0.0081840195
8342,test,0,0.000627743
1860,test,0,0.0012031588
3679,test,0,0.0006087445
4266,test,0,0.0011064743
2035,test,0,0.000627743
8750,test,0,0.0006087445
4333,test,0,0.0011038755
8704,test,0,0.0006087445
10485,test,0,5.1399456e-05
3396,test,0,0.01647451
5973,test,0,0.00067726424
1377,test,0,0.7782424
5558,test,0,0.00078186556
2961,test,0,0.23099074
4606,test,0,0.0016405337
9063,test,0,0.19187787
4166,test,0,0.37950173
8585,test,0,0.002514918
7204,test,0,0.0016405337
4604,test,0,0.00075820606
6714,test,0,0.00065964164
9053,test,0,0.0011064743
8002,test,0,0.0006087445
9686,test,0,0.19187787
8694,test,0,0.0006087445
2121,test,0,0.0035827395
4386,test,0,0.0011064743
9672,test,0,0.52694935
2295,test,0,0.23099074
4049,test,0,0.23099074
9290,test,0,0.000627743
4172,test,0,0.0006247051
10914,test,0,0.3101803
2120,test,0,0.0006087445
6713,test,0,0.0006087445
10698,test,0,0.33899218
5967,test,0,0.000627743
2416,test,0,0.39477265
9066,test,0,0.87819284
7420,test,0,0.2618554
3204,test,0,0.5599714
6302,test,0,0.00094748
8686,test,0,0.0049159215
5261,test,0,0.0006087445
10191,test,0,0.141962
237,test,0,0.0011064743
9837,test,0,0.0007430532
6309,test,0,0.00094748
2126,test,0,0.09225101
9893,test,0,0.0014339649
6042,test,0,0.00015053325
10060,test,0,0.5762516
7016,test,0,0.00094748
10353,test,0,0.93374985
9294,test,0,0.080045946
10451,test,0,0.0014339649
6032,test,0,0.00027307394
5567,test,0,0.0007430532
2916,test,0,0.35888004
9845,test,0,0.03966562
5782,test,0,0.0009029167
10,test,0,0.00094748
7881,test,0,0.0014339649
1390,test,0,0.0007430532
1579,test,0,0.0007430532
9231,test,0,0.0064500426
3143,test,0,0.00015053325
6702,test,0,0.19055243
7000,test,0,0.0007430532
5551,test,0,0.0008761737
1386,test,0,0.8957074
4630,test,0,0.9347654
9877,test,0,0.5988855
3525,test,0,0.86861956
3606,test,0,0.0019153868
7405,test,0,0.0007430532
6847,test,0,0.5762516
5338,test,0,0.85747564
8345,test,0,0.22472306
9852,test,0,0.00015053325
10325,test,0,0.0003727377
1578,test,0,0.0003727377
10649,test,0,0.0014339649
1613,test,0,0.080045946
6983,test,0,0.005414963
9210,test,0,0.00094748
3550,test,0,0.004065459
4255,test,0,0.00015053325
4385,test,0,0.4669628
2028,test,0,0.0012020322
3469,test,0,0.30219972
7210,test,0,0.00094748
10699,test,0,0.0007430532
3008,test,0,0.22472306
3220,test,0,0.00077416806
1618,test,0,0.0015884747
4313,test,0,0.0011091158
8321,test,0,0.21670869
6843,test,0,0.00015053325
4139,test,0,0.00015053325
2164,test,0,0.00015053325
7009,test,0,0.00013353494
5989,test,0,0.00015053325
8688,test,0,0.00015053325
2968,test,0,0.30418414
7203,test,0,0.00015053325
110,test,0,0.00015053325
3119,test,0,0.00015053325
10675,test,0,0.18729821
9301,test,0,0.25761896
3203,test,0,0.0004655704
9245,test,0,0.00015053325
106,test,0,0.21670869
9052,test,0,0.00015053325
9718,test,0,0.0004825139
8710,test,0,0.0008163677
4306,test,0,0.08377629
8063,test,0,0.00015053325
3115,test,0,0.00015053325
7625,test,0,0.4183362
6845,test,0,0.00027307394
225,test,0,0.00018751345
8925,test,0,0.25761896
8768,test,0,0.00015053325
7011,test,0,0.00015053325
983,test,0,6.813761e-05
7363,test,0,0.00076241046
10655,test,0,0.00094382424
8987,test,0,0.00015053325
9536,test,0,0.03966562
9681,test,0,0.4669628
8581,test,0,0.00094382424
9898,test,0,0.00015053325
2380,test,0,0.00015053325
10647,test,0,0.00015053325
3478,test,0,0.00015053325
1703,test,0,0.00015053325
1718,test,0,0.00015053325
8932,test,0,0.00015053325
5265,test,0,0.25761896
10454,test,0,0.00015053325
4167,test,0,0.00015053325
7703,test,0,0.19173309
1489,test,0,0.012157003
4135,test,0,0.00027307394
6981,test,0,0.00015053325
2741,test,0,0.00015053325
7215,test,0,0.00015053325
8571,test,0,0.00015053325
9069,test,0,0.03966562
280,test,0,0.00015053325
4181,test,0,0.73076934
265,test,0,0.00015053325
9673,test,0,0.03966562
10065,test,0,0.4183362
9722,test,0,0.00015053325
8872,test,0,0.00015053325
2752,test,0,0.00015053325
10482,test,0,0.00015053325
831,test,0,0.7035216
4326,test,0,0.00016241458
2037,test,0,0.00015053325
7637,test,0,0.026754105
9946,test,0,0.00015053325
984,test,0,0.00015053325
3140,test,0,0.00015053325
8339,test,0,0.05817731
9887,test,0,0.020813832
3150,test,0,0.00015053325
99,test,0,0.03966562
7889,test,0,0.00015053325
8684,test,0,0.00015053325
9208,test,0,0.00015053325
4636,test,0,0.0013302617
7373,test,0,0.08377629
5978,test,0,0.00015053325
5332,test,0,0.00015053325
3479,test,0,0.00015053325
5573,test,0,0.03966562
5572,test,0,0.0007960811
2347,test,0,0.00015053325
10715,test,0,0.00015053325
3470,test,0,0.00015053325
8335,test,0,0.00015053325
3539,test,0,0.00054229324
4035,test,0,0.00015053325
276,test,0,0.00015053325
2149,test,0,0.00015053325
10522,test,0,0.00015851556
698,test,0,0.00015053325
2917,test,0,0.00015053325
2403,test,0,0.00015053325
4336,test,0,0.05817731
245,test,0,0.00015053325
10692,test,0,0.02280661
3526,test,0,0.00015053325
2357,test,0,0.00015053325
2366,test,0,0.00015053325
3543,test,0,0.00015053325
4432,test,0,0.026754105
9058,test,0,0.00015851556
9811,test,0,0.00015851556
4396,test,0,0.00015053325
5769,test,0,0.11142708
1655,test,0,0.48634428
3117,test,0,0.00015053325
5788,test,0,0.00023327861
4059,test,0,0.00023327861
7400,test,0,0.00015053325
6724,test,0,0.00029583834
9305,test,0,0.00065189134
6735,test,0,0.0004244189
5709,test,0,0.020813832
8383,test,0,0.1678548
243,test,0,0.03966562
2006,test,0,0.026754105
3180,test,0,0.0007855413
7757,test,0,0.00027307394
5178,test,0,0.6282968
817,test,0,0.30336645
2132,test,0,0.00015053325
3519,test,0,0.00015053325
2053,test,0,0.08419488
9535,test,0,0.00015053325
10173,test,0,0.03966562
8047,test,0,0.00015053325
1526,test,0,0.00018935182
8993,test,0,0.00027307394
262,test,0,0.03966562
1231,test,0,0.0008997302
9826,test,0,0.0013493996
978,test,0,0.00018751345
7362,test,0,0.25761896
5278,test,0,0.00015053325
2742,test,0,0.0004244189
603,test,0,0.00041936975
988,test,0,0.47722504
7257,test,0,0.0004244189
7890,test,0,0.062280055
7415,test,0,0.00015053325
4647,test,0,0.12791036
255,test,0,0.0039496496
7199,test,0,0.07621987
8380,test,0,0.00053297577
4036,test,0,0.00029583834
9166,test,0,0.00070786756
2407,test,0,0.00037161438
10709,test,0,0.00063570664
1693,test,0,0.00029583834
7276,test,0,0.026958903
9810,test,0,0.017303053
175,test,0,0.27847925
9945,test,0,0.5914074
9212,test,0,0.3733028
3546,test,0,0.00029583834
5322,test,0,0.00020955734
10637,test,0,0.001369765
1585,test,0,0.00020955734
8586,test,0,0.00037161438
8231,test,0,0.23407428
4390,test,0,0.0014047065
10358,test,0,0.28205562
7219,test,0,0.640721
5712,test,0,0.18264836
9542,test,0,0.0009705783
3225,test,0,0.007070313
5540,test,0,0.00020955734
1410,test,0,0.26667175
4378,test,0,0.0010186015
4191,test,0,0.7644428
8690,test,0,0.000764845
9607,test,0,0.00029583834
8331,test,0,0.13279527
8447,test,0,0.00020955734
129,test,0,0.031222088
7254,test,0,0.00026103397
7258,test,0,0.00026103397
10645,test,0,0.00037161438
9932,test,0,0.13822167
111,test,0,0.00029583834
5340,test,0,0.00037161438
8767,test,0,0.5238277
4492,test,0,0.49248734
6037,test,0,0.648208
9726,test,0,0.00020955734
5562,test,0,0.00020955734
1719,test,0,0.07621987
6,test,0,0.3715034
6312,test,0,0.00029583834
5192,test,0,0.00029583834
3287,test,0,0.2214697
2743,test,0,0.00020955734
2405,test,0,0.00020955734
10704,test,0,3.7858877e-05
2974,test,0,0.00020955734
8527,test,0,0.37463427
1822,test,0,0.00038012816
9050,test,0,0.0014047065
604,test,0,0.038865466
6076,test,0,0.64650667
10713,test,0,0.00020955734
3193,test,0,0.23407428
5971,test,0,0.055213366
8924,test,0,0.00020955734
6600,test,0,0.00020955734
1364,test,0,0.35421246
103,test,0,0.29511392
6842,test,0,0.038865466
4268,test,0,0.00020955734
7918,test,0,0.13279527
1361,test,0,0.00020955734
7380,test,0,0.00020955734
2029,test,0,0.00026349796
3771,test,0,0.00026349796
1379,test,0,0.0021476531
3673,test,0,0.001749254
3135,test,0,0.00020955734
3666,test,0,0.0009705783
2040,test,0,0.00020955734
5565,test,0,0.0011849029
5698,test,0,0.793711
8531,test,0,0.00034687656
96,test,0,0.00020955734
7015,test,0,0.055213366
9853,test,0,0.00020955734
9297,test,0,0.055213366
6027,test,0,0.00020955734
8562,test,0,0.00020955734
8935,test,0,0.055213366
9283,test,0,0.00020955734
8884,test,0,0.00026349796
4193,test,0,0.00020955734
4321,test,0,0.0002725693
8754,test,0,0.00020955734
3475,test,0,0.00020955734
1531,test,0,0.001199317
287,test,0,0.00020955734
5979,test,0,0.00020955734
6855,test,0,0.0005060302
9714,test,0,0.0011849029
9220,test,0,0.0014140899
2146,test,0,0.00020955734
1612,test,0,0.00020955734
4264,test,0,0.00020955734
15,test,0,0.0002725693
2732,test,0,0.49283028
4626,test,0,0.00023298585
9604,test,0,0.00025674538
7003,test,0,0.76006156
6707,test,0,0.15733291
4,test,0,0.0002320136
257,test,0,0.19639243
6314,test,0,0.00059137796
4253,test,0,0.061553836
9529,test,0,0.00020955734
8578,test,0,0.0036709392
182,test,0,0.00043182823
4338,test,0,0.0002725693
6081,test,0,0.00023298585
9062,test,0,0.00042261786
7421,test,0,0.09216441
3462,test,0,0.3665471
5202,test,0,0.0011263131
194,test,0,0.16245309
11019,test,0,0.52311045
816,test,0,0.0002725693
8762,test,0,0.00023298585
6851,test,0,0.00023298585
1193,test,0,0.82000786
8701,test,0,0.50271285
5272,test,0,0.00023298585
2166,test,0,0.0014047065
3015,test,0,0.06045691
1653,test,0,0.4261442
9905,test,0,0.00018701654
7175,test,0,0.00097058946
5548,test,0,0.00097058946
7164,test,0,0.00023298585
9284,test,0,0.41601664
9836,test,0,0.6863029
11022,test,0,3.4691937e-05
3184,test,0,0.592671
972,test,0,0.00023298585
5264,test,0,0.00020955734
8759,test,0,0.00023298585
10994,test,0,0.00023298585
9239,test,0,0.23407428
8689,test,0,0.00023298585
2133,test,0,0.0002725693
5564,test,0,0.00042249035
9690,test,0,0.00023298585
3222,test,0,0.0038571698
10486,test,0,0.061553836
8354,test,0,0.00023298585
4490,test,0,0.42385828
6966,test,0,0.08113386
3663,test,0,0.00023298585
6993,test,0,0.05999096
7395,test,0,0.00042261786
4607,test,0,0.055213366
3677,test,0,0.5700203
7008,test,0,0.00029021618
278,test,0,0.00023298585
4031,test,0,0.0002714319
10456,test,0,0.00018701654
6244,test,0,0.89699996
7256,test,0,0.17712025
7261,test,0,0.00020177687
285,test,0,0.0010575595
7162,test,0,0.00010421154
4144,test,0,0.00019209541
7696,test,0,0.001404722
7698,test,0,0.00018701654
10444,test,0,0.00018701654
5959,test,0,0.0033421174
9096,test,0,0.0033421174
4033,test,0,0.6186515
5568,test,0,0.00018701654
1583,test,0,0.00018701654
5273,test,0,0.05999096
109,test,0,0.00039244283
8344,test,0,0.00018701654
10712,test,0,0.00023295742
993,test,0,0.85270375
979,test,0,0.001404722
2911,test,0,0.00043062543
5556,test,0,0.00018701654
10490,test,0,0.00018701654
292,test,0,0.05999096
234,test,0,0.13232765
1619,test,0,0.0019565877
5189,test,0,0.32909733
8749,test,0,0.9219381
9303,test,0,0.0003390053
9668,test,0,0.0003390053
8888,test,0,0.00039244283
1696,test,0,0.00019508284
2906,test,0,0.000353625
1589,test,0,0.00018701654
1373,test,0,0.00036575715
10555,test,0,0.0035180717
3139,test,0,0.0003390053
3452,test,0,0.0003390053
7213,test,0,0.0003390053
1378,test,0,0.00018701654
10531,test,0,0.11640112
2412,test,0,0.00097058946
8053,test,0,0.001752455
2349,test,0,0.0027528848
1868,test,0,0.8333472
3463,test,0,0.0003390053
8302,test,0,0.0003390053
6077,test,0,0.00018170098
107,test,0,0.0003390053
10413,test,0,0.115234055
8926,test,0,0.00039244283
3548,test,0,0.0003390053
9851,test,0,0.0005745066
2382,test,0,0.00043252404
9888,test,0,0.00041464405
3523,test,0,0.00041464405
5197,test,0,0.0015981529
2401,test,0,0.0004871443
2173,test,0,0.0008801566
9724,test,0,0.79853183
9857,test,0,0.40849248
4651,test,0,0.0005583841
8563,test,0,0.0024065513
4134,test,0,0.0003390053
1818,test,0,0.0004871443
2373,test,0,0.0007559727
10702,test,0,0.0043240064
1365,test,0,0.005760989
4133,test,0,0.001552881
7995,test,0,0.10557618
7914,test,0,0.63734657
6311,test,0,0.0021943883
1867,test,0,0.0004871443
8353,test,0,0.001264593
1355,test,0,0.7682144
6039,test,0,0.71694195
6303,test,0,0.0004735861
201,test,0,0.0011651648
4265,test,0,0.0003390053
6696,test,0,0.00045690482
6850,test,0,0.0032920593
6046,test,0,0.24336708
4628,test,0,0.00035974965
10188,test,0,0.0010779775
7280,test,0,0.0011868327
10329,test,0,0.004655342
3131,test,0,0.0009752626
4136,test,0,0.0004871443
8564,test,0,0.0007559727
7913,test,0,0.72735536
7858,test,0,0.008137195
9823,test,0,0.12696703
4192,test,0,0.00045016065
274,test,0,0.0010380123
11,test,0,0.00089851406
10672,test,0,0.0067646964
7927,test,0,0.00041464405
10547,test,0,0.44724616
269,test,0,0.0010961832
7895,test,0,0.00035974965
126,test,0,0.00041464405
4058,test,0,0.00045690482
2101,test,0,0.002152062
5799,test,0,0.84579563
1856,test,0,0.0004735861
8766,test,0,0.7109206
1513,test,0,0.0044352007
7626,test,0,0.84579563
10678,test,0,0.0006516877
5262,test,0,0.24928513
16,test,0,0.0010168076
3153,test,0,0.00032191005
277,test,0,0.8017928
8003,test,0,0.0008801566
5554,test,0,0.0011000931
2443,test,0,0.0004871443
4637,test,0,0.0038182682
9541,test,0,0.0008801566
4642,test,0,0.34942123
258,test,0,0.0004735861
9163,test,0,0.014730137
4638,test,0,0.00035974965
8008,test,0,0.039592523
10184,test,0,0.039592523
6072,test,0,0.24928513
4057,test,0,0.0007559727
4165,test,0,0.00090317056
2147,test,0,0.00089851406
2746,test,0,0.00035974965
9880,test,0,0.00750181
6734,test,0,0.0004871443
260,test,0,0.18594922
8758,test,0,0.00041464405
5196,test,0,0.00045690482
6848,test,0,0.0014713634
8112,test,0,0.02417721
1740,test,1,0.27554265
68,test,0,0.027836982
318,test,0,0.02974346
7670,test,0,0.014116513
326,test,0,0.0010028066
57,test,0,0.0010028066
7662,test,0,0.13348967
4154,test,0,0.021659425
8131,test,0,0.00042762552
4664,test,1,0.9322039
5834,test,0,0.00032134462
5843,test,0,0.014116513
6779,test,0,0.023705628
1981,test,0,0.027296012
412,test,0,0.023705628
6289,test,0,0.00020707754
7951,test,1,0.97856903
2798,test,0,0.02974346
2822,test,0,0.027296012
405,test,0,0.0010028066
10508,test,0,0.027296012
679,test,0,0.023705628
10509,test,0,0.021659425
511,test,0,0.023705628
7700,test,1,0.95664865
7867,test,0,0.17581199
4646,test,0,0.027836982
7879,test,0,0.00069932186
4176,test,1,0.9536238
3196,test,0,0.0010028066
3291,test,0,0.00024029851
3832,test,1,0.96190387
4968,test,0,0.00020707754
8136,test,0,0.00048498035
168,test,0,0.00048498035
3275,test,0,0.103259996
4859,test,1,0.8763493
3433,test,0,0.027836982
5260,test,1,0.9736838
4955,test,1,0.9641178
7903,test,0,0.0010028066
4951,test,1,0.9628678
7297,test,1,0.9311719
7512,test,0,0.027836982
5007,test,0,0.027296012
4991,test,0,0.00032134462
4288,test,1,0.81889474
3424,test,0,0.027296012
7466,test,0,0.13348967
5454,test,0,0.0003873648
3692,test,0,0.027296012
2568,test,0,0.13348967
11051,test,1,0.8739285
10003,test,0,0.00018952054
887,test,0,0.02417721
716,test,1,0.9771542
341,test,0,0.02417721
8158,test,0,0.13348967
10030,test,0,0.00032134462
345,test,0,0.02417721
8436,test,0,0.00032134462
6652,test,0,0.02974346
10032,test,0,0.00024029851
4372,test,0,0.027296012
1464,test,0,0.00041469603
7847,test,0,0.00024812692
6802,test,0,0.0010028066
5758,test,0,0.027836982
1460,test,0,0.0002029411
9721,test,1,0.87406754
9070,test,1,0.9421696
10865,test,0,0.014116513
6394,test,0,0.027836982
10688,test,0,0.02417721
9399,test,0,0.027296012
9611,test,0,0.025839703
5692,test,0,0.013684244
1368,test,0,0.013684244
9306,test,0,0.027296012
9631,test,0,0.027296012
9618,test,0,0.02974346
6395,test,0,0.0010028066
8720,test,0,0.13348967
2748,test,0,0.13348967
1414,test,0,0.014116513
7391,test,0,0.013684244
3089,test,1,0.9051382
8820,test,1,0.9055541
8868,test,0,0.023705628
8500,test,0,0.0005720172
1555,test,0,0.0005720172
7106,test,0,0.023705628
1591,test,1,0.97830486
8771,test,1,0.85270375
2398,test,1,0.9467465
4571,test,0,0.023705628
9816,test,0,0.014116513
1343,test,0,0.02974346
4379,test,1,0.9495924
8516,test,0,0.027296012
3129,test,0,0.027296012
3213,test,0,0.025839703
6830,test,1,0.8582609
217,test,1,0.95483136
7674,test,0,0.007436305
9015,test,0,0.00032789394
449,test,0,0.00032789394
599,test,0,0.02974346
4954,test,1,0.9224648
7684,test,0,0.0002029411
8616,test,0,0.023705628
2874,test,0,0.00041469603
2278,test,0,0.02974346
2873,test,0,0.13348967
7163,test,0,0.027296012
18,test,1,0.9342311
10443,test,1,0.94018656
9652,test,0,0.023705628
9949,test,0,0.0003873648
9660,test,0,0.013684244
9610,test,1,0.9260439
