account_id,split,target,score
5662,valid,2,0.13618462
5660,valid,2,0.24986258
1229,valid,2,0.059255432
3386,valid,2,0.012581475
8085,valid,2,0.025363725
1247,valid,2,0.051351152
10990,valid,2,0.0075153937
2422,valid,1,0.050736595
7364,valid,2,0.063546576
10067,valid,2,0.009905217
5661,valid,2,0.023400238
1233,valid,2,0.0016016816
8089,valid,2,0.003216798
8087,valid,2,0.008003931
10066,valid,2,0.0017471515
5659,valid,2,0.0017260421
10988,valid,2,0.09266924
1242,valid,2,0.0063547394
5657,valid,2,0.02489332
7372,valid,2,0.19103052
5649,valid,2,0.0051524485
1239,valid,2,0.00067381444
3384,valid,2,0.019552406
6968,valid,2,0.0022461663
3784,valid,2,0.014545393
6963,valid,2,0.31839752
1241,valid,2,0.009978023
10068,valid,2,0.044361286
3768,valid,0,0.000217256
3780,valid,2,0.01987709
3782,valid,2,0.012248128
10989,valid,2,0.14404137
5666,valid,2,0.030390656
10059,valid,0,0.00021022077
5328,valid,0,0.00020998727
3382,valid,2,0.0011336243
10411,valid,2,0.020634947
3773,valid,2,0.039444257
10426,valid,0,0.006483833
1230,valid,2,0.016532125
8091,valid,2,0.010768668
3388,valid,2,0.014793578
8445,valid,0,0.0037491962
10055,valid,2,0.05349953
7018,valid,0,0.0046994714
10978,valid,0,0.0035307128
3772,valid,2,0.034490503
3378,valid,2,0.06724407
8927,valid,0,0.0017582189
3778,valid,0,0.0017296578
3393,valid,2,0.06437896
8753,valid,1,0.019521613
2413,valid,1,0.005105516
10064,valid,0,0.009409833
10063,valid,2,0.0010807242
11038,valid,2,0.0021073425
9874,valid,2,0.015626378
9870,valid,2,0.011578764
3472,valid,1,0.024623718
2971,valid,2,0.0017745266
93,valid,2,0.031566653
7860,valid,2,0.07416569
2969,valid,2,0.009632281
89,valid,2,0.026565263
9871,valid,2,0.0024526333
10549,valid,2,0.003055938
7853,valid,2,0.003723805
4625,valid,1,0.21754947
10548,valid,2,0.0048507573
1521,valid,2,0.002402539
6585,valid,2,0.0032662286
92,valid,2,0.0047544637
10553,valid,0,0.0053050066
1524,valid,2,0.020179408
9873,valid,2,0.009610289
7851,valid,2,0.028391501
6588,valid,2,0.037198585
6242,valid,0,0.0028738016
91,valid,0,0.00023401588
9861,valid,2,0.007295011
10543,valid,2,0.004337303
7859,valid,2,0.07170123
6581,valid,2,0.016908849
9875,valid,2,0.004276355
6236,valid,0,0.003440053
198,valid,0,0.00019150846
98,valid,2,0.015186224
97,valid,2,0.032335114
6571,valid,2,0.08522183
113,valid,1,0.20397282
6570,valid,2,0.049569547
10546,valid,2,0.0036663697
87,valid,2,0.012559061
4629,valid,1,0.07098372
11040,valid,2,0.0075969626
1516,valid,2,0.03814843
11032,valid,2,0.037041396
11036,valid,2,0.0005841475
7857,valid,2,0.13122024
4179,valid,0,0.01460204
11039,valid,2,0.06328993
6575,valid,2,0.03522244
6243,valid,2,0.021666838
1520,valid,2,0.04566573
6229,valid,2,0.033628583
185,valid,2,0.0013519215
189,valid,2,0.0118230665
6574,valid,2,0.004795128
3158,valid,0,0.02344481
8027,valid,0,0.00029930013
3971,valid,0,0.00016285044
6780,valid,0,0.00048324058
2497,valid,0,0.0014613698
3734,valid,0,0.012291444
3613,valid,0,0.00024853146
6660,valid,0,0.01189097
76,valid,0,0.0026582514
1967,valid,0,0.04716258
8157,valid,0,0.0016195908
2062,valid,0,2.7910217e-05
9010,valid,0,2.123162e-05
3324,valid,0,0.0025768008
7597,valid,0,3.26805e-05
2341,valid,0,3.3468536e-05
8022,valid,0,0.0005936376
4371,valid,0,8.145238e-06
9023,valid,0,0.0012212973
8193,valid,0,0.00065605255
3620,valid,0,0.0006048949
8597,valid,0,0.003329008
11086,valid,0,0.00047341918
5404,valid,0,0.0011092357
153,valid,0,0.0014230553
7510,valid,0,0.0006292633
469,valid,0,0.0008183674
5725,valid,0,0.0004738386
5714,valid,1,0.00053216884
2994,valid,0,0.0002879593
4901,valid,0,0.005855101
9470,valid,0,0.00055433565
464,valid,0,0.000286048
2811,valid,0,0.00051848486
9790,valid,0,0.00057246163
8197,valid,0,0.003091292
5123,valid,0,0.001503535
5400,valid,0,0.0003820206
8222,valid,0,0.00050898676
1943,valid,0,0.0005008782
5054,valid,0,0.0010308856
208,valid,0,0.00041135863
9915,valid,0,0.002517676
4505,valid,0,0.0015773103
218,valid,0,0.00087839353
10126,valid,0,0.0041345377
6803,valid,0,0.003262513
951,valid,0,0.00046984083
4229,valid,0,0.0038918015
10625,valid,0,0.00090031186
8780,valid,0,3.6551788e-05
6298,valid,0,0.0002693565
7802,valid,0,0.0010442765
8416,valid,0,0.001213451
5394,valid,0,0.00053685775
5894,valid,0,0.0013913651
4994,valid,0,0.00014726653
1936,valid,0,0.0014619561
11069,valid,0,0.0003507378
5581,valid,0,3.2530545e-05
7804,valid,0,0.0026007697
9991,valid,0,0.0022139745
3353,valid,0,0.004251598
4203,valid,0,0.00063905853
5715,valid,0,5.746866e-05
9475,valid,0,5.8572805e-05
5901,valid,0,0.016325345
6247,valid,0,0.00087029126
6865,valid,0,0.001835143
5851,valid,0,0.00446185
6940,valid,0,0.00043065226
10383,valid,0,0.0003929086
5899,valid,0,0.0039851246
6287,valid,0,0.00551384
4927,valid,0,0.0013521882
361,valid,0,0.001492013
8023,valid,0,0.001794147
3405,valid,0,0.0010810493
4292,valid,0,0.002367886
1790,valid,0,4.0519866e-05
6863,valid,0,0.0026128714
7551,valid,0,0.0018117182
11087,valid,0,0.000504926
1510,valid,0,0.0029898004
4843,valid,0,0.00084782176
1938,valid,0,0.00036131407
3400,valid,0,0.0014642107
4727,valid,0,0.035095263
10373,valid,0,0.00062931265
3854,valid,0,0.0026613048
6417,valid,0,0.00040133143
5860,valid,0,0.0030538242
10083,valid,0,0.0016378792
5159,valid,0,0.0023872554
2695,valid,0,0.023035252
6616,valid,0,0.0019244846
3317,valid,0,0.00028566984
869,valid,0,0.00025808532
1033,valid,0,0.006035763
4935,valid,0,9.5934585e-05
1021,valid,0,0.0039349147
6796,valid,0,0.00021192817
9198,valid,0,0.031451035
3162,valid,0,0.009004122
8151,valid,0,0.001171194
6816,valid,0,0.0065055205
5643,valid,0,0.0074976487
9964,valid,0,0.019809697
4670,valid,0,0.003445318
6621,valid,0,0.006210795
6149,valid,0,1.2126494e-05
8414,valid,0,0.002069579
2815,valid,0,0.00036000193
5913,valid,0,0.0004851047
7648,valid,0,7.3776835e-05
8215,valid,0,7.1536684e-05
1202,valid,0,0.00052034704
6055,valid,0,5.0249426e-05
6441,valid,0,0.000997855
3167,valid,0,0.0056115966
2855,valid,0,0.0070802127
5045,valid,0,0.0042181807
3252,valid,0,0.00059312716
3957,valid,0,0.0046810084
8553,valid,0,0.004471746
10079,valid,0,0.0016158883
5361,valid,0,0.0006312557
8038,valid,0,0.003463778
5880,valid,0,0.0029363935
7497,valid,0,0.00042908778
4858,valid,0,3.0099627e-05
6867,valid,0,0.005952045
5916,valid,0,0.00017057727
1005,valid,0,0.004776831
3822,valid,0,0.012589697
9423,valid,0,4.7185298e-05
10615,valid,0,0.002595256
3826,valid,0,0.00032339606
7613,valid,0,0.00010138385
6607,valid,0,0.0025717593
1217,valid,0,3.7185568e-05
6293,valid,0,0.00019231299
3354,valid,0,0.0005008628
5757,valid,0,7.1536684e-05
6143,valid,0,0.0004268653
11082,valid,0,0.0058257114
4996,valid,0,0.0037832134
1903,valid,0,0.0029448431
6810,valid,0,0.0027049654
7509,valid,0,0.0024627172
10955,valid,0,0.0035985291
8841,valid,0,0.0004628877
4459,valid,0,0.0029242476
3626,valid,0,0.01109506
6768,valid,0,0.003510149
539,valid,0,0.0004407114
79,valid,0,5.6154397e-05
3718,valid,0,0.00032591517
4960,valid,0,0.0030084362
4284,valid,0,0.0010237375
2539,valid,0,0.0003354354
1978,valid,0,0.00044735632
1292,valid,0,0.0021296884
9183,valid,0,0.0026441922
3850,valid,0,0.00014603892
5934,valid,0,4.2312236e-05
5124,valid,0,0.0019920117
3419,valid,0,2.694654e-05
2804,valid,0,0.0011000924
4947,valid,0,0.00018684423
39,valid,0,0.001706184
549,valid,0,0.0012185759
7493,valid,0,2.1939644e-05
8429,valid,0,2.1939644e-05
6764,valid,0,0.0037064815
3740,valid,0,0.0027500384
503,valid,0,1.8218527e-05
5883,valid,0,0.0009291724
8186,valid,0,0.0002874418
2242,valid,0,0.003532665
2864,valid,0,1.16001875e-05
1500,valid,0,0.0019917698
5048,valid,0,0.0003506468
10269,valid,0,0.0036047888
8205,valid,0,0.0013058609
4854,valid,0,0.0015795777
344,valid,0,6.8957685e-05
364,valid,0,4.744404e-05
10628,valid,0,6.6297353e-06
1902,valid,0,0.001065978
4208,valid,0,0.00063010445
1014,valid,0,0.00042489357
4366,valid,0,8.869202e-05
6783,valid,0,0.0008934616
2306,valid,0,0.009185505
4067,valid,0,0.0012198327
10871,valid,0,3.3507593e-05
2071,valid,0,0.012512749
7308,valid,0,9.7311306e-05
6626,valid,0,1.9357029e-05
8221,valid,0,0.0005919681
6147,valid,0,0.0003876537
9986,valid,0,0.00025374614
10252,valid,0,2.6354748e-05
9980,valid,0,2.1128744e-05
9000,valid,0,0.0059113293
9473,valid,0,0.00015644189
6752,valid,0,0.0012185359
5290,valid,0,0.0013846091
8171,valid,0,3.1946893e-05
4938,valid,0,0.0003919235
9477,valid,0,0.0011589741
10968,valid,0,0.00041768842
671,valid,0,0.0056783278
4961,valid,0,0.0011211158
1276,valid,0,0.0021217386
10271,valid,0,0.00094969035
1940,valid,0,0.00038573626
1893,valid,0,4.2629494e-05
5367,valid,0,3.180185e-05
4358,valid,0,0.0017353905
7909,valid,0,0.00038621193
542,valid,0,0.000799796
1805,valid,0,0.00021999485
3701,valid,0,0.0011273396
6277,valid,0,0.00054317556
4721,valid,0,6.833773e-05
548,valid,0,1.8467943e-05
6797,valid,0,0.00030993877
2821,valid,0,2.3741222e-05
3240,valid,0,0.0003142677
5001,valid,0,0.010628083
5871,valid,0,0.0054340363
2587,valid,0,0.008573538
5722,valid,0,0.007292716
10391,valid,0,0.002421364
9410,valid,0,3.30068e-05
10563,valid,0,0.0019035245
7907,valid,0,0.00075722625
2516,valid,0,0.00086901855
675,valid,0,0.0013362637
5230,valid,0,0.0056981156
475,valid,0,4.6528312e-05
8180,valid,0,6.404589e-05
10280,valid,0,0.007300643
7063,valid,0,0.0014463217
3157,valid,0,0.0017876243
3722,valid,0,0.0025250213
415,valid,0,0.0018991684
3745,valid,0,0.0016508363
2540,valid,0,0.009799192
7783,valid,0,0.00027034295
3966,valid,0,2.8181037e-05
2592,valid,0,0.000158586
7797,valid,0,0.0029606584
5289,valid,0,1.9694042e-05
8777,valid,0,0.00059470435
2310,valid,0,0.0013110152
2546,valid,0,2.9333041e-05
5300,valid,0,0.0033299888
3241,valid,0,0.000533859
9417,valid,0,0.0001762342
9125,valid,0,0.008268849
4219,valid,0,6.113419e-05
4928,valid,0,1.6019592e-05
8145,valid,0,1.5758627e-05
1896,valid,0,0.004071973
7499,valid,0,0.00653226
5461,valid,0,0.00088989787
1279,valid,0,0.0011296999
1494,valid,0,0.001242022
1472,valid,0,0.0017451267
1328,valid,0,0.0003924169
167,valid,0,0.010349445
4222,valid,0,0.0013828425
10977,valid,0,5.272333e-05
1064,valid,0,9.021743e-06
5582,valid,0,4.7574147e-05
4949,valid,0,3.4800454e-05
8152,valid,0,0.00021762007
4463,valid,0,0.0005473029
1505,valid,0,1.6374772e-05
9500,valid,0,0.0009162424
1792,valid,0,0.0023176353
2542,valid,0,0.012479404
7776,valid,0,0.004589392
660,valid,0,8.782937e-06
10123,valid,0,0.00037020628
2340,valid,0,0.0010665145
172,valid,0,0.0005743589
4907,valid,0,0.00010234393
8546,valid,0,0.0008271706
584,valid,0,0.0029438785
6773,valid,0,1.6374772e-05
5862,valid,0,1.6374772e-05
10659,valid,0,1.6374772e-05
7841,valid,0,4.1366442e-05
7726,valid,0,0.0012144367
10973,valid,0,0.0019664813
9002,valid,0,4.900556e-05
1165,valid,0,8.0398575e-05
1066,valid,0,0.0010442982
6873,valid,0,9.9546385e-05
2698,valid,0,0.00022448978
9180,valid,0,0.00044262203
3311,valid,0,0.0049028327
2632,valid,0,1.7625342e-05
9424,valid,0,0.002308987
10251,valid,0,0.0016958297
6056,valid,0,0.00067053625
3699,valid,0,0.00050473737
3814,valid,0,0.00085334445
7961,valid,0,2.3531047e-05
2240,valid,0,0.00019563005
4062,valid,0,6.694007e-06
3964,valid,0,3.1306146e-05
2990,valid,0,0.00059798703
9427,valid,0,0.0016485526
4952,valid,0,0.00068002025
4506,valid,0,0.0003921611
595,valid,0,0.00084120315
10078,valid,0,0.00019743649
8776,valid,0,0.0016035446
5905,valid,0,0.012447252
8170,valid,0,1.6952074e-05
4455,valid,0,2.3519815e-05
967,valid,0,0.00010208723
5859,valid,0,0.0003875795
6649,valid,0,0.0020148766
11067,valid,0,0.00012086243
3621,valid,0,2.5000165e-05
8172,valid,0,0.00027818448
10258,valid,0,0.00074308144
5578,valid,0,0.00092979055
5142,valid,0,0.0020725229
3809,valid,0,0.0008680735
10904,valid,0,2.2763676e-05
4205,valid,0,2.2940278e-05
1942,valid,0,0.00018030553
1280,valid,0,0.0074156653
1892,valid,0,2.0988282e-05
10099,valid,0,9.42621e-06
1901,valid,0,0.00032835556
4966,valid,0,0.00042325386
3623,valid,0,0.0040386408
3502,valid,0,0.012417786
2303,valid,0,0.0003739744
5379,valid,0,0.0016989665
8021,valid,0,0.00038060604
10033,valid,0,2.6753441e-05
8848,valid,0,0.0009902361
5012,valid,0,0.00046621318
2817,valid,0,0.0007189829
4364,valid,0,0.0014554901
7652,valid,0,0.0019469842
8138,valid,0,1.31996485e-05
776,valid,0,3.321541e-05
6427,valid,0,0.00012628952
6829,valid,0,0.0009685986
3309,valid,0,0.00067376636
4732,valid,0,0.0009686722
4754,valid,0,0.0004094349
1310,valid,0,0.00047720948
450,valid,0,0.0028382458
8137,valid,0,0.0012810361
8167,valid,0,2.3762392e-05
10568,valid,0,0.0028651012
10254,valid,0,0.0005698344
2518,valid,0,0.00078086776
5836,valid,0,7.465327e-05
4357,valid,0,1.4498748e-05
3314,valid,0,0.00049548753
5157,valid,0,5.9114715e-05
8555,valid,0,0.00017644625
8188,valid,0,0.00073565665
567,valid,0,0.00046738988
6640,valid,0,0.0002193617
7605,valid,0,0.0017965409
3987,valid,0,0.00035399362
8178,valid,0,0.0009826426
6131,valid,0,0.000100091995
6794,valid,0,0.00033611408
10119,valid,0,0.00033502284
2988,valid,0,0.00032493408
5839,valid,0,0.002360161
10270,valid,0,0.0017120278
3704,valid,0,1.8040786e-05
8946,valid,0,0.0006180444
7650,valid,0,0.00027498158
3411,valid,0,1.5552489e-05
2861,valid,0,0.0029566437
8773,valid,0,0.004983606
3816,valid,0,1.6374737e-05
674,valid,0,3.1399573e-05
6248,valid,0,1.7534057e-05
3963,valid,0,1.6374772e-05
7942,valid,0,0.001933175
1173,valid,0,1.6374772e-05
5890,valid,0,0.0009652979
564,valid,0,2.873145e-05
7947,valid,0,1.1779043e-05
448,valid,0,6.070484e-05
7780,valid,0,0.0025249098
7496,valid,0,0.0010646028
7059,valid,0,0.00021518527
2235,valid,0,0.0012654267
10090,valid,0,0.00023856618
1798,valid,0,0.0021930914
5864,valid,0,0.004710315
2526,valid,0,0.0015431679
1971,valid,0,5.462032e-05
7134,valid,0,0.0010696739
9785,valid,0,0.00010885085
8592,valid,0,0.00031202837
10111,valid,0,0.0032188208
5844,valid,0,0.00022644426
3617,valid,0,0.00056020234
6902,valid,0,0.0012392827
3304,valid,0,0.0002371331
10961,valid,0,0.00036783065
5579,valid,0,2.4542838e-05
3719,valid,0,2.0053729e-05
5588,valid,0,0.00017940851
4272,valid,0,4.994603e-05
3853,valid,0,1.0420089e-05
600,valid,0,3.4563785e-05
6943,valid,0,0.0061212815
8840,valid,0,0.0023579337
6297,valid,0,0.00044155982
461,valid,0,9.0008125e-06
3700,valid,0,0.00012677009
4715,valid,0,0.0023486633
3423,valid,0,0.007796116
7785,valid,0,1.8211347e-05
3581,valid,0,0.00042264865
10884,valid,0,0.00020648456
8410,valid,0,8.7292465e-06
3716,valid,0,2.1231539e-05
4217,valid,0,0.00017542229
7786,valid,0,0.0008098271
3172,valid,0,1.510189e-05
2524,valid,0,2.0407679e-05
2501,valid,0,1.6952074e-05
9787,valid,0,0.0015081023
2538,valid,0,0.0009101786
8948,valid,0,0.013300822
10969,valid,0,4.3925935e-05
1083,valid,0,5.5204295e-05
10384,valid,0,0.0025842
10663,valid,0,0.012032783
6800,valid,0,9.554125e-06
169,valid,0,0.0004475635
574,valid,0,0.00019035541
206,valid,0,1.0412708e-05
4087,valid,0,8.1798635e-06
5614,valid,0,0.00016948086
6860,valid,0,2.940548e-05
10617,valid,0,0.00052416633
1897,valid,0,0.00058463926
7955,valid,0,0.0001885399
10953,valid,0,2.2836964e-05
4224,valid,0,0.0067061577
3579,valid,0,0.00030730153
10581,valid,0,0.0031373554
6790,valid,0,0.0004956851
10897,valid,0,0.001135191
510,valid,0,0.0006883746
10664,valid,0,0.00016774339
5111,valid,0,0.0001048158
7600,valid,0,0.0017895054
6283,valid,0,0.00046187712
9984,valid,0,2.3098522e-05
8194,valid,0,0.001369579
4728,valid,0,0.0009598401
7557,valid,0,8.476084e-06
1331,valid,0,0.0008493852
570,valid,0,0.0050468203
360,valid,0,0.0018830237
9928,valid,0,0.0009695137
5849,valid,0,0.0052368618
5116,valid,0,3.1437896e-05
9112,valid,0,0.0039752233
4905,valid,0,5.123516e-05
468,valid,0,4.074508e-05
6416,valid,0,0.0029359963
10632,valid,0,0.0009667488
26,valid,0,0.0014547746
7793,valid,0,0.002855502
6419,valid,0,7.872258e-05
1077,valid,0,0.001823641
5298,valid,0,0.012030548
6431,valid,0,9.238725e-06
6648,valid,0,2.413883e-05
9917,valid,0,0.0007175311
864,valid,0,0.00019705447
772,valid,0,8.827316e-06
1939,valid,0,0.00022298154
7849,valid,0,0.00012104296
9634,valid,0,1.2243117e-05
4348,valid,0,1.5367617e-05
5863,valid,0,2.8188042e-05
4069,valid,0,0.0004030251
445,valid,0,2.6319694e-05
9476,valid,0,3.6002766e-05
10027,valid,0,8.814632e-05
8593,valid,0,0.0012350061
156,valid,0,0.0026791105
7565,valid,0,0.0026687363
2521,valid,0,2.6500966e-05
8600,valid,0,0.000104713115
7555,valid,0,0.00043136888
8147,valid,0,4.6569865e-05
4362,valid,0,4.823137e-05
2502,valid,0,0.0014220619
1008,valid,0,5.7122674e-05
3337,valid,0,7.617777e-05
560,valid,0,0.0026983495
1290,valid,0,3.3662862e-05
350,valid,0,0.0015905903
1463,valid,0,5.1701325e-05
10021,valid,0,0.002051584
6250,valid,0,4.6307556e-05
5857,valid,0,6.393555e-05
9463,valid,0,4.824228e-05
366,valid,0,3.6751637e-05
4198,valid,0,4.230109e-05
2506,valid,0,4.943345e-05
7781,valid,0,3.9140345e-05
4995,valid,0,0.00083595724
3406,valid,0,1.8303248e-05
3247,valid,0,3.4836736e-05
3807,valid,0,0.0014274769
661,valid,0,0.0023959812
408,valid,0,0.00053026626
10132,valid,0,2.0566213e-05
3710,valid,0,0.0037372014
6903,valid,0,0.0045400886
4088,valid,0,0.0006670622
6295,valid,0,3.607962e-05
359,valid,0,3.9938568e-05
4066,valid,0,0.00055888615
3260,valid,0,0.0033854118
170,valid,0,1.6374772e-05
10577,valid,0,8.189415e-05
43,valid,0,0.0046315477
3741,valid,0,0.0018461181
4279,valid,0,9.459259e-06
342,valid,0,0.0025997127
583,valid,0,0.00012742013
4196,valid,0,4.8012298e-05
31,valid,0,0.0030160793
9468,valid,0,6.905995e-05
7602,valid,0,0.017538594
3303,valid,0,6.062788e-05
5931,valid,0,0.0026960347
7617,valid,0,0.0007277416
5257,valid,0,0.011857174
4518,valid,0,0.0030346522
2623,valid,0,0.008302451
1502,valid,0,0.0027612713
2504,valid,0,0.000353099
4375,valid,0,1.838072e-05
9416,valid,0,2.0032248e-05
8560,valid,0,0.00023313075
5847,valid,0,0.00013669732
10612,valid,0,0.0019252317
3341,valid,0,2.8875125e-05
1975,valid,0,0.00010790447
4457,valid,0,0.00048593164
736,valid,0,0.0023967733
6664,valid,0,2.6319694e-05
5718,valid,0,0.00060517166
2955,valid,0,7.22583e-05
9130,valid,0,0.00046744305
8169,valid,0,0.00038142662
7505,valid,0,0.0015289246
3327,valid,0,3.0754705e-05
4278,valid,0,0.0013471834
1784,valid,0,0.00015218499
10630,valid,0,0.0003989481
3302,valid,0,0.0003094648
9799,valid,0,3.5475834e-05
1200,valid,0,4.82255e-05
9444,valid,0,1.6100837e-05
3872,valid,0,0.004687917
6437,valid,0,0.00043411457
6953,valid,0,9.263923e-05
2808,valid,0,0.009376939
453,valid,0,0.00021010332
9004,valid,0,0.0005111404
5867,valid,0,1.6960015e-05
1063,valid,0,3.833015e-05
3849,valid,0,0.004471396
4906,valid,0,1.45339e-05
9009,valid,0,0.00011982008
10089,valid,0,0.00046640227
2853,valid,0,0.00068417867
8081,valid,0,0.0014876212
8025,valid,0,1.6149559e-05
6754,valid,0,0.026841948
10097,valid,0,0.0011039515
497,valid,0,0.001124815
7568,valid,0,9.398691e-06
8971,valid,0,0.0008222875
6836,valid,0,0.0014174824
10951,valid,0,0.00045000308
10623,valid,0,1.917217e-05
219,valid,0,0.004841063
4897,valid,0,3.385084e-05
4271,valid,0,0.00093884027
3171,valid,0,0.0008687111
4740,valid,0,0.0022305562
3255,valid,0,0.00014269193
7558,valid,0,0.006824549
5729,valid,0,0.00050912175
4930,valid,0,0.0024780978
155,valid,0,3.7402446e-05
1026,valid,0,0.00016846217
5639,valid,0,0.00033674785
9804,valid,0,0.001116668
452,valid,0,0.00074143393
7933,valid,0,0.003896338
9185,valid,0,0.0011649672
5754,valid,0,7.147865e-05
1642,valid,0,0.0003074847
4669,valid,0,0.00054725906
8426,valid,0,0.0011096986
10375,valid,0,0.002432365
2780,valid,0,0.001729919
7680,valid,0,0.00050556107
3979,valid,0,0.0004774716
5371,valid,0,0.0010694992
2637,valid,0,0.0021987322
3345,valid,0,0.0007359192
645,valid,0,0.0010493096
3342,valid,0,0.0016047712
8142,valid,0,0.014682595
3729,valid,0,0.0005283842
8035,valid,0,0.002387758
7792,valid,0,4.049544e-05
4971,valid,0,1.505084e-05
1285,valid,0,0.023002433
7717,valid,0,0.0018901292
7616,valid,0,0.011194727
1312,valid,0,0.0039685126
10428,valid,0,4.3152148e-05
5635,valid,0,0.001953661
9191,valid,0,0.0025368293
578,valid,0,0.0004250257
7292,valid,0,0.0026640915
505,valid,0,0.0029354205
862,valid,0,2.1290063e-05
7566,valid,0,0.010627991
4656,valid,0,0.003027402
2523,valid,0,0.003937355
8203,valid,0,0.002882757
2785,valid,0,8.381634e-05
1930,valid,0,0.006824792
29,valid,0,0.0015816365
7953,valid,0,0.0008916756
6827,valid,0,0.0043556923
3955,valid,0,4.0074574e-05
3335,valid,0,0.0028426207
1793,valid,0,1.4066121e-05
1948,valid,0,0.0016852868
5009,valid,0,0.001545748
3984,valid,0,0.009654167
3735,valid,0,0.00329616
1078,valid,0,0.002027838
5299,valid,0,0.009982287
8439,valid,0,0.00012077127
8146,valid,0,1.0883032e-05
643,valid,0,7.398394e-05
28,valid,0,0.00037255784
556,valid,0,0.0021893138
1924,valid,0,0.019164877
6627,valid,0,0.0044319313
6057,valid,0,1.33189105e-05
5915,valid,0,0.0078078983
5251,valid,0,0.0047271387
648,valid,0,0.009843409
2307,valid,0,0.029911695
8432,valid,0,1.7351558e-05
7649,valid,0,0.0001379215
775,valid,0,0.00039128162
73,valid,0,0.0018713423
10246,valid,0,3.587625e-05
1004,valid,0,0.0010262456
3413,valid,0,0.002016371
1927,valid,0,0.0011454846
161,valid,0,8.214893e-05
1788,valid,0,0.0009972935
4460,valid,0,0.0093616275
5833,valid,0,4.8064474e-05
3262,valid,0,0.0012159973
3500,valid,0,0.00237834
554,valid,0,1.3456446e-05
717,valid,0,5.5297474e-05
1204,valid,0,0.0020518128
4852,valid,0,2.035063e-05
5854,valid,0,4.4724617e-05
5627,valid,0,0.003581275
721,valid,0,2.8234317e-05
5052,valid,0,1.6747174e-05
6650,valid,0,4.7185298e-05
734,valid,0,0.0042997645
3270,valid,0,0.0010024842
10264,valid,0,0.008258254
9982,valid,0,0.00013444443
3981,valid,0,0.0023799958
9480,valid,0,0.0001600658
4719,valid,0,9.0144065e-05
7791,valid,0,0.00038155838
8783,valid,0,0.0010854064
8999,valid,0,3.3130455e-05
5003,valid,0,0.00033370394
3608,valid,0,3.864793e-05
3300,valid,0,0.0013464664
4969,valid,0,0.00023590657
9452,valid,0,3.3402204e-05
6748,valid,0,0.0003468254
4462,valid,0,0.00043892744
3273,valid,0,5.8096506e-05
8149,valid,0,0.00020532713
467,valid,0,0.0029443589
6765,valid,0,2.6319694e-05
5591,valid,0,3.462644e-05
1922,valid,0,0.00017023768
3276,valid,0,2.6026395e-05
5395,valid,0,0.0008461063
1969,valid,0,0.0029276086
6769,valid,0,6.3510204e-05
2797,valid,0,0.0007526981
2525,valid,0,0.00056746666
1060,valid,0,0.0020538103
368,valid,0,0.00083513866
10104,valid,0,0.0015415285
4083,valid,0,0.0035909822
6870,valid,0,0.00012173431
4072,valid,0,0.0006809837
536,valid,0,0.0004990125
5723,valid,0,0.0006326614
5046,valid,0,1.2971332e-05
6415,valid,0,0.0028384344
5108,valid,0,5.5297474e-05
10441,valid,0,0.00019803125
5865,valid,0,0.0023811066
4863,valid,0,0.0049878405
5050,valid,0,2.1295262e-05
5403,valid,0,1.450464e-05
5914,valid,0,1.470655e-05
731,valid,0,0.0014352403
7500,valid,0,0.00021325873
5370,valid,0,0.00030872246
6775,valid,0,0.00010468548
4942,valid,0,0.00011246026
10902,valid,0,8.962504e-05
3864,valid,0,1.0158835e-05
9975,valid,0,0.00036205238
8184,valid,0,0.0006339144
5118,valid,0,2.0344518e-05
3310,valid,0,0.007933394
9916,valid,0,2.5038864e-05
5590,valid,0,4.074666e-05
9503,valid,0,0.00064508495
8594,valid,0,0.0003465553
6880,valid,0,0.00045503388
5126,valid,0,0.0006958195
7676,valid,0,0.00083365163
10034,valid,0,0.000113527436
7682,valid,0,0.00034531005
3298,valid,0,8.0948275e-06
6435,valid,0,0.00016935787
964,valid,0,4.2908614e-05
1082,valid,0,0.0003793168
1024,valid,0,2.7856882e-05
676,valid,0,3.19543e-05
8784,valid,0,4.3955115e-05
75,valid,0,0.0005330876
10903,valid,0,4.1329316e-05
10660,valid,0,0.00019319916
10392,valid,0,0.00026128648
9650,valid,0,0.00038651205
6424,valid,0,9.654104e-06
1506,valid,0,0.0006414498
3426,valid,0,0.0030380748
5624,valid,0,1.103236e-05
670,valid,0,2.9160805e-05
3410,valid,0,2.3375036e-05
9474,valid,0,1.7912596e-05
7563,valid,0,0.0018148919
589,valid,0,0.00048474234
7135,valid,0,0.0016654519
3338,valid,0,5.2525807e-05
2612,valid,0,0.0001374612
3983,valid,0,3.7852704e-05
6604,valid,0,1.9897238e-05
582,valid,0,6.4938795e-05
2179,valid,0,3.077388e-05
646,valid,0,1.9845038e-05
10886,valid,0,0.0005871069
2334,valid,0,6.28583e-05
5636,valid,0,0.009774693
2776,valid,0,1.8222832e-05
5842,valid,0,0.00027236843
6257,valid,0,0.0006306625
5928,valid,0,0.00093761313
11084,valid,0,5.900937e-05
6141,valid,0,9.815793e-06
7673,valid,0,0.00029209122
9012,valid,0,0.00028211402
4082,valid,0,0.0013917648
4723,valid,0,0.00047016828
9409,valid,0,0.00051101326
998,valid,0,3.774006e-05
4063,valid,0,0.00027877695
5587,valid,0,0.00051125867
5396,valid,0,0.0026643078
4917,valid,0,3.5343088e-05
10497,valid,0,0.0004251446
1061,valid,0,0.0021227065
7678,valid,0,0.0016935846
2701,valid,0,4.7875266e-05
8844,valid,0,8.722056e-06
7950,valid,0,0.0027787911
572,valid,0,0.0003078296
4739,valid,0,1.1377384e-05
3806,valid,0,3.2938748e-05
9796,valid,0,9.986387e-06
4708,valid,0,0.00010426669
8549,valid,0,0.0010614062
2342,valid,0,0.0027658092
1022,valid,0,8.942088e-06
9701,valid,0,0.00014468619
3154,valid,0,0.0022025758
9637,valid,0,0.002193713
969,valid,0,2.8620969e-05
5026,valid,0,2.046643e-05
5589,valid,0,0.0025440606
5615,valid,0,1.6914324e-05
10578,valid,0,3.783241e-05
10512,valid,0,0.0084877545
5240,valid,0,3.7832182e-05
2786,valid,0,0.001179657
416,valid,0,0.0008080584
6366,valid,0,0.001201167
4925,valid,0,0.0015819817
3336,valid,0,8.638321e-06
407,valid,0,3.8062833e-05
4226,valid,0,0.0002790909
5237,valid,0,2.0508585e-05
6755,valid,0,0.0026090674
4970,valid,0,1.830331e-05
5381,valid,0,0.00041730417
1795,valid,0,0.0003487264
2072,valid,0,0.0012262837
7773,valid,0,0.0010991875
952,valid,0,0.0059179263
6399,valid,0,1.653874e-05
5471,valid,0,0.0009953583
1316,valid,0,0.0011044905
4200,valid,0,1.6952074e-05
10260,valid,0,9.463434e-06
5840,valid,0,0.0021840374
410,valid,0,0.0007685026
10127,valid,0,3.1222313e-05
8079,valid,0,0.0010843201
3993,valid,0,5.120694e-05
9426,valid,0,6.144742e-05
9923,valid,0,0.000685766
78,valid,0,2.9488641e-05
4730,valid,0,0.0003822123
10094,valid,0,9.459266e-06
3827,valid,0,0.0011788245
9421,valid,0,1.9481853e-05
7309,valid,0,0.0010461664
6815,valid,0,0.0022805298
10108,valid,0,9.6583e-06
7714,valid,0,0.0022637334
9022,valid,0,0.00097133516
3244,valid,0,0.0008322765
652,valid,0,0.0017158786
1471,valid,0,0.006398875
3990,valid,0,0.0011408688
10379,valid,0,1.7370261e-05
8417,valid,0,9.226512e-06
4929,valid,0,0.00063859986
7710,valid,0,0.0018135693
211,valid,0,0.008667824
4202,valid,0,6.849027e-05
6777,valid,0,0.0012889872
5879,valid,0,0.027577352
3256,valid,0,2.2940267e-05
7507,valid,0,0.0016028124
569,valid,0,0.0015828974
1315,valid,0,0.0016023628
37,valid,0,0.0010999669
9469,valid,0,0.0029469838
533,valid,0,7.9609184e-05
9006,valid,0,5.9771544e-05
10880,valid,0,0.0015613186
6400,valid,0,0.00076865096
8218,valid,0,8.444284e-05
7315,valid,0,0.0008058849
3954,valid,0,0.00016690527
2315,valid,0,3.6874448e-05
10245,valid,0,0.007642384
5617,valid,0,2.1116346e-05
579,valid,0,7.1159935e-05
3978,valid,0,0.0028815754
4895,valid,0,6.6387125e-05
4714,valid,0,0.00020487087
5250,valid,0,0.006019456
2324,valid,0,0.004309703
2691,valid,0,3.0099627e-05
7838,valid,0,9.555907e-06
3863,valid,0,1.0398671e-05
5235,valid,0,0.0025090566
2069,valid,0,0.00025221021
8161,valid,0,0.00040551787
2594,valid,0,0.00026627246
6791,valid,0,0.00016348314
7144,valid,0,0.0028638707
6657,valid,0,0.00013373604
506,valid,0,2.9172632e-05
7550,valid,0,0.00024585158
8159,valid,0,2.8877517e-05
773,valid,0,8.818214e-06
11079,valid,0,0.0005176671
1465,valid,0,3.0074725e-05
654,valid,0,7.760869e-06
5241,valid,0,0.0001370097
4720,valid,0,3.4681296e-05
2794,valid,0,0.0012589699
72,valid,0,0.0011304832
5932,valid,0,0.000114384435
10898,valid,0,1.14004815e-05
10962,valid,0,3.0265926e-05
5281,valid,0,0.0003968439
9930,valid,0,5.258377e-05
6942,valid,0,0.00062629324
3737,valid,0,6.924832e-05
9418,valid,0,0.00027960542
8310,valid,0,2.5419788e-05
655,valid,0,1.447473e-05
6960,valid,0,1.4118549e-05
5897,valid,0,1.49837315e-05
7293,valid,0,1.461504e-05
6434,valid,0,0.00047866226
8076,valid,0,2.1230828e-05
3870,valid,0,0.00023798167
6948,valid,0,1.8457327e-05
367,valid,0,0.00011348709
1320,valid,0,0.00078782823
3825,valid,0,1.6807591e-05
6422,valid,0,0.0005984652
6899,valid,0,0.00052394625
3835,valid,0,0.00325655
8958,valid,0,0.000612627
7711,valid,0,1.9845038e-05
7778,valid,0,0.00044770195
10499,valid,0,0.001066477
5903,valid,0,0.00051975594
4270,valid,0,1.9356728e-05
2622,valid,0,0.00018882811
7501,valid,0,0.0001894321
6058,valid,0,1.6232969e-05
2803,valid,0,0.0019459444
27,valid,0,0.0006044034
8554,valid,0,1.1933305e-05
8141,valid,0,0.0014771798
4293,valid,0,1.6479347e-05
3830,valid,0,1.00661155e-05
10122,valid,0,0.00041079285
509,valid,0,4.0193456e-05
6806,valid,0,0.00045770084
1970,valid,0,8.9341025e-05
9972,valid,0,0.0002884556
4663,valid,0,3.095369e-05
4855,valid,0,2.1712602e-05
2610,valid,0,0.00010838627
9635,valid,0,0.00057186955
4346,valid,0,0.0049547195
6772,valid,0,0.0004921392
9498,valid,0,1.6435983e-05
7848,valid,0,2.528047e-05
7801,valid,0,0.00043818835
2065,valid,0,2.893112e-05
860,valid,0,7.597539e-05
4223,valid,0,1.1150507e-05
5015,valid,0,0.0012687054
4946,valid,0,9.259017e-06
2859,valid,0,0.0008985065
3420,valid,0,0.00015187963
6139,valid,0,0.0022567883
5247,valid,0,1.0240659e-05
8150,valid,0,8.942088e-06
6822,valid,0,8.942088e-06
5575,valid,0,0.0013411484
1802,valid,0,0.0036458485
6368,valid,0,2.1979458e-05
5594,valid,0,4.6518453e-05
1274,valid,0,8.978507e-06
1899,valid,0,2.1508957e-05
6647,valid,0,3.678022e-05
7712,valid,0,8.267528e-06
4355,valid,0,0.00070854527
5021,valid,0,9.801087e-06
6862,valid,0,6.836326e-05
4916,valid,0,9.713532e-06
3848,valid,0,1.0933759e-05
10257,valid,0,0.00091058493
5645,valid,0,1.1648418e-05
3618,valid,0,2.8289453e-05
5008,valid,0,6.836312e-05
2068,valid,0,3.7799382e-05
3254,valid,0,2.3801731e-05
353,valid,0,0.0007061109
6064,valid,0,2.0435105e-05
6282,valid,0,0.00351228
10574,valid,0,0.0009385252
3803,valid,0,1.9519577e-05
2611,valid,0,0.0002430154
4847,valid,0,0.0006111178
6359,valid,0,9.141949e-06
2953,valid,0,2.2246368e-05
1630,valid,0,0.0006971559
499,valid,0,0.0027602608
7777,valid,0,7.141167e-05
6136,valid,0,0.0007364415
586,valid,0,1.9347453e-05
10900,valid,0,0.00011316665
5467,valid,0,6.403533e-05
4744,valid,0,0.0020100966
7511,valid,0,5.7340872e-05
9705,valid,0,0.0070957076
9644,valid,0,9.6418116e-05
4074,valid,0,1.3063932e-05
6808,valid,0,3.6696973e-05
455,valid,0,0.00021771192
9802,valid,0,1.29713235e-05
440,valid,0,0.00010836211
6751,valid,0,0.0030497345
2532,valid,0,0.00012986313
5924,valid,0,0.008780381
3828,valid,0,1.25306715e-05
8415,valid,0,0.0007429191
5717,valid,0,0.0013822756
9707,valid,0,0.0043598195
2992,valid,0,0.0010125282
4519,valid,0,9.4536204e-05
10899,valid,0,5.3364074e-05
2318,valid,0,7.4523115e-05
3859,valid,0,7.813153e-06
4508,valid,0,3.1437896e-05
5378,valid,0,2.0683332e-05
4659,valid,0,8.913077e-06
507,valid,0,0.0009032066
4726,valid,0,0.0013407607
10887,valid,0,0.0005201401
4998,valid,0,1.8818415e-05
7975,valid,0,0.0076300455
2997,valid,0,0.000107752465
6610,valid,0,0.0019144057
6365,valid,0,3.9129987e-05
868,valid,0,0.00082237483
6296,valid,0,6.598443e-05
4896,valid,0,2.2055894e-05
2243,valid,0,6.5984015e-05
2491,valid,0,4.3544274e-05
551,valid,0,0.0009703223
4964,valid,0,3.1798958e-05
1072,valid,0,0.0008612925
6959,valid,0,0.0015576613
7145,valid,0,0.00013257941
6767,valid,0,0.0041868673
10386,valid,0,0.0048146835
10582,valid,0,0.0023510058
7146,valid,0,6.9289206e-05
9448,valid,0,2.84768e-05
11083,valid,0,3.4562287e-05
4211,valid,0,1.0870785e-05
5037,valid,0,0.00015725686
7504,valid,0,5.4009502e-05
2631,valid,0,0.0001282356
2536,valid,0,0.00021668647
2865,valid,0,0.00021668647
6063,valid,0,7.618449e-05
81,valid,0,4.2566455e-05
9795,valid,0,6.699329e-05
7058,valid,0,3.346716e-05
9926,valid,0,5.8158017e-05
1904,valid,0,0.00012823672
3847,valid,0,1.1253068e-05
171,valid,0,5.77631e-05
3583,valid,0,0.00013225216
1501,valid,0,0.00014153907
5888,valid,0,9.0831476e-05
9467,valid,0,0.0015723045
5031,valid,0,7.9609184e-05
2060,valid,0,6.9840506e-05
10963,valid,0,2.1832468e-05
6821,valid,0,0.0008712998
2993,valid,0,7.842821e-05
8544,valid,0,0.00014648252
11081,valid,0,0.015612209
8139,valid,0,8.6952205e-05
5231,valid,0,0.00012823672
332,valid,0,0.019461146
4862,valid,0,9.64756e-06
3717,valid,0,7.8827055e-05
1919,valid,0,1.8276343e-05
10560,valid,0,1.9504092e-05
1910,valid,0,3.3600933e-05
2686,valid,0,5.143351e-05
6762,valid,0,1.6655682e-05
5234,valid,0,3.196837e-05
8973,valid,0,0.0008775599
6369,valid,0,9.801087e-06
6813,valid,0,0.0033073649
504,valid,0,6.7902394e-05
6426,valid,0,0.0024362262
8843,valid,0,9.798842e-06
3748,valid,0,0.0008467888
6944,valid,0,0.00060322444
447,valid,0,1.7534057e-05
6278,valid,0,3.628555e-05
6884,valid,0,0.005161523
9447,valid,0,2.881648e-05
10614,valid,0,1.00483385e-05
4911,valid,0,4.2315656e-05
2238,valid,0,2.2016804e-05
1293,valid,0,8.476084e-06
10086,valid,0,1.82763e-05
9035,valid,0,0.0015066016
4653,valid,0,0.008265845
5143,valid,0,0.0006524859
11078,valid,0,0.00035135783
3497,valid,0,0.0013446143
2535,valid,0,6.836326e-05
1287,valid,0,2.2173068e-05
963,valid,0,0.00075679494
6420,valid,0,6.393595e-06
4347,valid,0,0.00089366455
1003,valid,0,1.0991772e-05
10023,valid,0,2.4551804e-05
6890,valid,0,0.00081778184
9792,valid,0,8.267528e-06
3257,valid,0,0.0057504745
10390,valid,0,0.0053051487
5053,valid,0,1.4588862e-05
10906,valid,0,5.25832e-05
5861,valid,0,9.7274446e-05
9041,valid,0,4.707009e-05
1223,valid,0,0.000772659
4734,valid,0,8.476084e-06
5121,valid,0,1.553597e-05
8774,valid,0,0.001241913
24,valid,0,1.1487595e-05
435,valid,0,5.681339e-05
1806,valid,0,0.00076867355
1933,valid,0,1.29713235e-05
6895,valid,0,0.0029033704
1301,valid,0,0.001173815
553,valid,0,9.226517e-06
8959,valid,0,0.00040576688
2494,valid,0,0.0011751871
9963,valid,0,0.0042316136
1327,valid,0,9.459266e-06
356,valid,0,4.682176e-05
6409,valid,0,0.00024193438
3855,valid,0,5.6348985e-05
5114,valid,0,0.0020900874
3733,valid,0,0.0038912005
355,valid,0,6.144742e-05
1081,valid,0,0.0002597402
2826,valid,0,0.0024347827
5882,valid,0,0.0018875548
9510,valid,0,7.0083035e-05
437,valid,0,0.0001892028
8968,valid,0,0.0007467477
585,valid,0,0.0010558923
9182,valid,0,0.0041024727
3319,valid,0,0.00043580003
6405,valid,0,0.005015828
1804,valid,0,1.0488556e-05
4351,valid,0,0.0025763363
3851,valid,0,9.459259e-06
9699,valid,0,3.605255e-05
8423,valid,0,1.2084996e-05
3989,valid,0,9.4592615e-06
9993,valid,0,0.0012757252
4368,valid,0,0.00073621306
3865,valid,0,1.5670652e-05
10382,valid,0,0.0010953225
6048,valid,0,9.4592615e-06
5254,valid,0,0.003009509
7720,valid,0,9.4592615e-06
7498,valid,0,0.00010221396
3867,valid,0,0.0011710301
10569,valid,0,0.00050777046
8179,valid,0,2.3598408e-05
9121,valid,0,1.2778027e-05
10434,valid,0,6.070494e-05
7911,valid,0,0.0016899615
10877,valid,0,0.0018218869
9793,valid,0,0.00078435556
10440,valid,0,6.070484e-05
10075,valid,0,0.0009017951
9969,valid,0,9.459259e-06
9786,valid,0,2.0683347e-05
4060,valid,0,0.00041867225
9120,valid,0,9.4592615e-06
7970,valid,0,1.6009368e-05
5153,valid,0,0.014432213
7304,valid,0,9.574686e-06
4001,valid,0,9.226512e-06
4675,valid,0,1.22727315e-05
5000,valid,0,1.8818402e-05
2305,valid,0,0.013294933
7643,valid,0,2.2940267e-05
8591,valid,0,0.0022329432
9962,valid,0,9.574683e-06
8967,valid,0,1.4145229e-05
4745,valid,0,9.459259e-06
9038,valid,0,0.004132842
4838,valid,0,0.0006492671
10092,valid,0,0.0011691849
6284,valid,0,0.006774865
4837,valid,0,1.0893101e-05
3837,valid,0,1.0264128e-05
6885,valid,0,0.0007189966
8442,valid,0,2.371419e-05
5010,valid,0,1.0893112e-05
7311,valid,0,0.0033647849
4830,valid,0,0.00091498997
9920,valid,0,3.3953605e-05
2806,valid,0,7.478077e-05
6138,valid,0,1.2231473e-05
3965,valid,0,5.4131797e-05
7935,valid,0,1.1350795e-05
1296,valid,0,0.0007154396
11065,valid,0,0.00015626564
3958,valid,0,7.902998e-05
8540,valid,0,0.00016162512
1932,valid,0,5.263939e-05
2498,valid,0,5.192397e-05
436,valid,0,0.00047825548
2320,valid,0,1.1383046e-05
7142,valid,0,0.001454323
9001,valid,0,0.0001921971
10896,valid,0,0.0011439648
2595,valid,0,0.00013724228
557,valid,0,0.00015571722
2958,valid,0,0.0013085462
9967,valid,0,0.001026181
8020,valid,0,1.6653245e-05
3159,valid,0,0.0011380457
82,valid,0,0.00013016928
1284,valid,0,7.291265e-05
3838,valid,0,0.0031223285
2810,valid,0,0.00022296786
346,valid,0,0.0039094724
6763,valid,0,0.0011471648
2696,valid,0,0.015816089
10001,valid,0,0.0005238184
3714,valid,0,0.0039473483
3331,valid,0,1.44209625e-05
8210,valid,0,5.3848806e-05
3249,valid,0,6.847726e-05
3308,valid,0,0.00013257941
7056,valid,0,0.033236716
2061,valid,0,0.00034137486
3347,valid,0,5.512902e-05
5868,valid,0,0.008034705
1914,valid,0,0.0004532885
1639,valid,0,0.009783788
210,valid,0,1.20053855e-05
4363,valid,0,0.002123436
3278,valid,0,6.1612496e-05
4280,valid,0,0.00017098336
5382,valid,0,7.734383e-05
1466,valid,0,0.001018002
713,valid,0,0.0026523876
7295,valid,0,1.37099105e-05
4356,valid,0,0.00022296786
10022,valid,0,0.00022296786
4948,valid,0,0.022513127
456,valid,0,0.016516112
10974,valid,0,0.0057002697
6362,valid,0,0.00266999
7798,valid,0,0.016453382
215,valid,0,0.020109344
4209,valid,0,0.00041491626
9803,valid,0,9.238711e-06
9977,valid,0,7.856459e-06
4725,valid,0,0.0007286605
4370,valid,0,3.4413373e-05
3494,valid,0,0.00015830057
3265,valid,0,2.3531491e-05
7645,valid,0,0.0001444363
2520,valid,0,0.0002873302
534,valid,0,4.7336318e-05
457,valid,0,5.0867977e-05
2814,valid,0,1.1289679e-05
502,valid,0,0.00061216997
8154,valid,0,0.00020676146
4749,valid,0,0.0037678794
543,valid,0,8.330719e-06
8957,valid,0,7.0664933e-06
3316,valid,0,0.00010914894
9505,valid,0,0.00013583944
7774,valid,0,3.2340286e-05
4513,valid,0,1.4525319e-05
9800,valid,0,8.792308e-06
774,valid,0,0.00056349515
7647,valid,0,0.00036589033
10427,valid,0,5.979361e-05
6142,valid,0,0.00011375277
2508,valid,0,0.00014146013
5034,valid,0,0.00052430865
5287,valid,0,0.00014786536
7966,valid,0,7.046069e-05
1498,valid,0,0.0006655657
8160,valid,0,0.00056880724
6947,valid,0,0.00070126
5463,valid,0,7.320321e-05
9996,valid,0,0.0026177804
9501,valid,0,9.955164e-05
4738,valid,0,1.2153018e-05
573,valid,0,0.00030081443
5125,valid,0,0.005961621
3160,valid,0,4.203178e-05
6358,valid,0,0.00024711076
9918,valid,0,0.0003945521
9453,valid,0,0.00018201239
4940,valid,0,0.0004208986
1324,valid,0,0.00037973808
3425,valid,0,0.0004105831
6363,valid,0,1.7923823e-05
6134,valid,0,2.0708423e-05
9460,valid,0,6.2135536e-05
1801,valid,0,3.4943347e-05
5855,valid,0,0.00049180974
6433,valid,0,2.050412e-05
669,valid,0,0.00022090517
6887,valid,0,6.3498264e-05
2692,valid,0,6.3498264e-05
4756,valid,0,0.00011266662
8183,valid,0,2.1405745e-05
6901,valid,0,2.264362e-05
10882,valid,0,1.7398643e-05
8163,valid,0,0.0010662952
451,valid,0,2.2775359e-05
5032,valid,0,3.368083e-05
1636,valid,0,0.00022872651
8846,valid,0,1.6807591e-05
4923,valid,0,0.0010622862
6260,valid,0,0.0018465666
5583,valid,0,0.00028763677
9178,valid,0,1.9737077e-05
2627,valid,0,0.00036538992
4910,valid,0,0.00034199323
2640,valid,0,0.0004076431
2519,valid,0,0.0013743616
8835,valid,0,2.2353637e-05
8552,valid,0,8.4597545e-05
10576,valid,0,0.0046388023
2500,valid,0,0.0014844702
9465,valid,0,0.0014419381
8078,valid,0,0.0037030678
463,valid,0,9.086662e-05
8187,valid,0,0.012623879
2782,valid,0,0.00094567053
5646,valid,0,3.2483316e-05
6050,valid,0,4.614604e-05
10500,valid,0,4.614604e-05
5887,valid,0,0.00082879345
9502,valid,0,7.813245e-05
1304,valid,0,1.6199001e-05
4860,valid,0,1.0802234e-05
5280,valid,0,1.7196262e-05
8207,valid,0,1.7196262e-05
7779,valid,0,0.005095915
6061,valid,0,1.7196262e-05
10876,valid,0,0.00028693385
5620,valid,0,3.4087247e-05
1009,valid,0,1.0502459e-05
6654,valid,0,0.00032027301
1071,valid,0,1.3485754e-05
2184,valid,0,0.000110612826
9457,valid,0,2.911758e-05
8775,valid,0,0.00042049956
9036,valid,0,1.093539e-05
5164,valid,0,8.548069e-06
8077,valid,0,0.000262577
1213,valid,0,1.544001e-05
2703,valid,0,9.74766e-06
5402,valid,0,8.893657e-06
3869,valid,0,0.0018888471
3860,valid,0,5.2362506e-05
3431,valid,0,3.2877055e-05
9645,valid,0,1.9206647e-05
6663,valid,0,0.00040373014
3839,valid,0,0.0009913684
8037,valid,0,1.7214174e-05
157,valid,0,2.5198407e-05
10611,valid,0,1.0767405e-05
2312,valid,0,0.00018793618
2537,valid,0,0.0012422693
3726,valid,0,9.815793e-06
4064,valid,0,1.7115808e-05
8174,valid,0,0.0006117821
2634,valid,0,4.573868e-05
214,valid,0,1.0420089e-05
1016,valid,0,0.001847649
2327,valid,0,2.423285e-05
9199,valid,0,0.00015263293
4081,valid,0,0.00062222645
3492,valid,0,0.00080900255
8545,valid,0,0.0013423978
1069,valid,0,0.003456532
10124,valid,0,7.218048e-05
7958,valid,0,0.00069814216
9458,valid,0,0.0020185318
6641,valid,0,2.0449203e-05
10658,valid,0,5.614961e-05
2818,valid,0,2.4410323e-05
5297,valid,0,2.0946612e-05
1001,valid,0,0.0008294263
6823,valid,0,9.158783e-06
4746,valid,0,9.256946e-06
5374,valid,0,1.381813e-05
5755,valid,0,0.0012617819
3350,valid,0,0.00016188578
2858,valid,0,1.5678408e-05
4194,valid,0,0.00045875774
209,valid,0,8.724393e-06
8557,valid,0,2.0555955e-05
9643,valid,0,3.323144e-05
5629,valid,0,8.940079e-06
3340,valid,0,0.000793817
4353,valid,0,3.3412703e-05
8220,valid,0,0.00016218233
597,valid,0,3.675186e-05
1309,valid,0,0.0024475378
8963,valid,0,9.130244e-06
7554,valid,0,8.942088e-06
8307,valid,0,0.00023082083
10503,valid,0,4.763679e-05
10020,valid,0,0.001552411
1208,valid,0,9.988676e-06
3339,valid,0,0.0029071295
865,valid,0,9.992847e-05
3326,valid,0,2.330185e-05
2824,valid,0,4.5546014e-05
7138,valid,0,0.0021430957
1216,valid,0,1.0643946e-05
10107,valid,0,1.1647417e-05
41,valid,0,0.00072736316
4716,valid,0,0.0022994874
4748,valid,0,0.00054316455
10274,valid,0,0.00090984657
6356,valid,0,0.00015694642
8189,valid,0,0.0018789787
5896,valid,0,1.566509e-05
7788,valid,0,0.0009714733
5920,valid,0,0.00090080715
2512,valid,0,3.298581e-05
3999,valid,0,0.0047651017
1311,valid,0,1.9848067e-05
9194,valid,0,0.00057724037
71,valid,0,8.271556e-05
1065,valid,0,0.00039332572
3610,valid,0,1.7963297e-05
45,valid,0,0.002893669
149,valid,0,9.816683e-06
1800,valid,0,1.6953341e-05
10966,valid,0,9.204999e-06
10636,valid,0,9.205003e-06
5881,valid,0,1.1711894e-05
5013,valid,0,3.086842e-05
3261,valid,0,4.879807e-05
1018,valid,0,1.0000916e-05
5719,valid,0,2.2252842e-05
7912,valid,0,8.610661e-05
5156,valid,0,1.795994e-05
10071,valid,0,1.1653437e-05
5728,valid,0,9.205003e-06
163,valid,0,4.67852e-05
5366,valid,0,7.986675e-06
1794,valid,0,9.204999e-06
4361,valid,0,0.00015449284
7302,valid,0,0.001959047
4654,valid,0,9.76512e-06
778,valid,0,9.708131e-05
8143,valid,0,8.476091e-06
10028,valid,0,8.908197e-05
10872,valid,0,8.267533e-06
2505,valid,0,0.0005603525
7719,valid,0,1.5309139e-05
5377,valid,0,1.9848067e-05
2693,valid,0,1.8615485e-05
3616,valid,0,5.480939e-05
2787,valid,0,2.7154914e-05
3840,valid,0,0.00092801347
3577,valid,0,0.0010854262
1789,valid,0,6.9434236e-06
9123,valid,0,1.081558e-05
1509,valid,0,0.00062002824
5295,valid,0,1.9848067e-05
6825,valid,0,8.579519e-06
9177,valid,0,7.8043895e-06
2860,valid,0,1.9231536e-05
7932,valid,0,1.9777437e-05
10070,valid,0,8.579519e-06
3808,valid,0,0.0011375857
10570,valid,0,7.310592e-05
4755,valid,0,6.7632373e-06
5616,valid,0,2.0658717e-05
7653,valid,0,2.10769e-05
8965,valid,0,0.0003803257
5384,valid,0,8.81568e-06
1000,valid,0,8.776505e-06
2522,valid,0,8.7158485e-05
5286,valid,0,8.267528e-06
8043,valid,0,8.267528e-06
5892,valid,0,8.2880615e-06
10635,valid,0,1.4575663e-05
8148,valid,0,1.00483385e-05
10000,valid,0,0.00058771716
5727,valid,0,8.8836e-06
2812,valid,0,0.001057035
6818,valid,0,3.370717e-05
5293,valid,0,9.510408e-06
7963,valid,0,0.011342867
7904,valid,0,2.1028058e-05
4924,valid,0,2.031195e-05
6129,valid,0,8.610629e-06
4753,valid,0,8.368411e-06
9504,valid,0,4.136232e-05
3712,valid,0,2.1157128e-05
1913,valid,0,8.267528e-06
4085,valid,0,2.8424161e-05
5923,valid,0,1.5275404e-05
4086,valid,0,9.724859e-05
4731,valid,0,0.00050403
10248,valid,0,6.0852737e-05
10626,valid,0,8.8836e-06
7057,valid,0,0.0009127375
1326,valid,0,1.8737288e-05
9973,valid,0,8.267528e-06
5141,valid,0,0.0003886367
8849,valid,0,9.828643e-06
3328,valid,0,1.9031859e-05
6133,valid,0,0.0001354115
4943,valid,0,9.613644e-06
10895,valid,0,0.0032211985
2311,valid,0,0.0014375487
3738,valid,0,1.8220135e-05
6412,valid,0,1.9137611e-05
5024,valid,0,0.003667311
2866,valid,0,1.2689573e-05
6256,valid,0,6.836312e-05
10610,valid,0,6.620206e-06
2599,valid,0,6.836326e-05
6875,valid,0,0.00071719615
10960,valid,0,8.560541e-06
561,valid,0,8.267528e-06
5112,valid,0,2.5860743e-05
74,valid,0,0.00037709996
3321,valid,0,0.0004335041
1288,valid,0,1.3947961e-05
1277,valid,0,0.0075682425
10105,valid,0,7.1757077e-06
9184,valid,0,1.9036399e-05
726,valid,0,2.6051075e-05
11068,valid,0,7.3657584e-06
535,valid,0,7.986675e-06
8208,valid,0,3.6405025e-05
462,valid,0,9.798842e-06
1012,valid,0,8.476084e-06
7641,valid,0,0.0023123254
140,valid,0,6.836326e-05
8195,valid,0,0.00088963547
4752,valid,0,1.8957127e-05
3956,valid,0,7.808522e-05
9128,valid,0,2.0214637e-05
8850,valid,0,8.267528e-06
8166,valid,0,6.836326e-05
6900,valid,0,0.00034040108
1632,valid,0,8.776505e-06
2309,valid,0,0.0006309573
3325,valid,0,8.371957e-06
4932,valid,0,1.03804605e-05
11073,valid,0,0.00034097122
2702,valid,0,8.8836e-06
5041,valid,0,1.014846e-05
9115,valid,0,8.368411e-06
2495,valid,0,0.0007609333
5389,valid,0,8.267528e-06
5390,valid,0,4.0644503e-05
5641,valid,0,8.476072e-06
7789,valid,0,8.267528e-06
657,valid,0,0.00010689729
591,valid,0,0.0007344536
2959,valid,0,6.850152e-05
25,valid,0,1.6185691e-05
9979,valid,0,0.00066577026
5716,valid,0,6.554893e-06
5148,valid,0,0.0031229968
5233,valid,0,0.0010728501
9005,valid,0,1.9890476e-05
44,valid,0,1.6917704e-05
6881,valid,0,2.5398136e-05
3723,valid,0,0.0024238722
7618,valid,0,6.393595e-06
9998,valid,0,3.0138308e-05
8430,valid,0,7.0010647e-06
10091,valid,0,8.81568e-06
727,valid,0,0.0007628229
9193,valid,0,8.6252885e-06
4757,valid,0,0.003653273
8424,valid,0,1.0105724e-05
5006,valid,0,1.2380467e-05
1947,valid,0,1.6558686e-05
6054,valid,0,1.8737288e-05
1015,valid,0,8.46977e-06
6824,valid,0,8.368411e-06
8838,valid,0,8.267528e-06
3725,valid,0,7.086494e-06
3820,valid,0,0.004503797
3833,valid,0,8.598751e-06
10389,valid,0,0.0032579973
722,valid,0,0.00020240182
8537,valid,0,8.476084e-06
5376,valid,0,1.9484676e-05
7944,valid,0,0.033197537
1017,valid,0,9.468131e-06
8440,valid,0,7.6585544e-05
5902,valid,0,0.0013848256
9506,valid,0,0.00016028053
2496,valid,0,0.0020936392
10624,valid,0,0.0025428638
10971,valid,0,5.682036e-05
9925,valid,0,6.11317e-05
1797,valid,0,6.11317e-05
11085,valid,0,1.2652165e-05
7564,valid,0,8.776505e-06
3982,valid,0,0.0011285343
5930,valid,0,3.180516e-05
10504,valid,0,3.260739e-05
1928,valid,0,4.643011e-05
9027,valid,0,1.9280973e-05
4849,valid,0,0.0014729024
4514,valid,0,1.6374772e-05
10583,valid,0,0.0007545948
10618,valid,0,8.560541e-06
6060,valid,0,1.2658785e-05
7964,valid,0,3.053661e-05
5912,valid,0,1.3646095e-05
477,valid,0,0.0036202357
6655,valid,0,0.002212608
5365,valid,0,2.2237222e-05
7549,valid,0,0.0035052362
5936,valid,0,4.2639705e-05
2793,valid,0,1.0990103e-05
2064,valid,0,0.0021709593
2788,valid,0,0.0016186988
460,valid,0,2.2030983e-05
3155,valid,0,3.0050296e-05
4215,valid,0,0.00060058164
8962,valid,0,1.3063932e-05
6357,valid,0,1.2971332e-05
5119,valid,0,0.0016856106
7608,valid,0,0.002028591
4657,valid,0,8.776505e-06
3245,valid,0,5.6813176e-05
6145,valid,0,0.0020518093
3346,valid,0,0.000118783166
10102,valid,0,2.9648909e-05
4662,valid,0,1.25307e-05
3802,valid,0,0.00042084098
8964,valid,0,2.836263e-05
1308,valid,0,1.5885027e-05
7651,valid,0,3.6759528e-05
715,valid,0,2.9078114e-05
545,valid,0,1.0996899e-05
2308,valid,0,0.0045239013
8961,valid,0,1.26521545e-05
6406,valid,0,1.312962e-05
3969,valid,0,0.012962056
6957,valid,0,6.066596e-05
5244,valid,0,1.2971328e-05
9190,valid,0,0.0046004816
3861,valid,0,2.040361e-05
6611,valid,0,4.8702033e-05
6619,valid,0,2.4833027e-05
8036,valid,0,6.221844e-05
10559,valid,0,3.0536594e-05
9122,valid,0,4.0903433e-05
9921,valid,0,0.003054039
5025,valid,0,2.0565902e-05
5385,valid,0,1.534541e-05
6749,valid,0,0.00064575614
8209,valid,0,0.023714082
8199,valid,0,5.1314117e-05
11080,valid,0,1.683952e-05
4848,valid,0,0.009243633
465,valid,0,2.0394069e-05
5051,valid,0,1.2652157e-05
1218,valid,0,1.2971339e-05
6144,valid,0,1.9158426e-05
4080,valid,0,0.000106006206
3744,valid,0,6.313393e-05
9788,valid,0,9.421139e-05
40,valid,0,5.1867195e-05
6826,valid,0,3.6551955e-05
2517,valid,0,0.004109947
8952,valid,0,1.6847147e-05
1074,valid,0,1.01764235e-05
7906,valid,0,0.0010829268
5248,valid,0,1.2971328e-05
1067,valid,0,4.8702033e-05
7316,valid,0,0.0019024537
9700,valid,0,8.267528e-06
2549,valid,0,0.002805145
1457,valid,0,8.3660336e-05
3721,valid,0,1.29713235e-05
4914,valid,0,2.524428e-05
207,valid,0,3.1805084e-05
4861,valid,0,1.29713235e-05
5150,valid,0,1.297131e-05
866,valid,0,0.000105906205
7805,valid,0,2.5452928e-05
5904,valid,0,0.0019275356
10975,valid,0,7.6745164e-05
1298,valid,0,0.013116196
441,valid,0,0.0027663962
10116,valid,0,0.0013012647
8140,valid,0,2.9313316e-05
8317,valid,0,0.0016403038
10959,valid,0,0.0011853551
10433,valid,0,0.0013740499
1076,valid,0,2.1488857e-05
4950,valid,0,0.003114841
1313,valid,0,0.0033033758
1303,valid,0,2.6655409e-05
2700,valid,0,0.0014976396
6288,valid,0,6.0704362e-05
10956,valid,0,9.57469e-06
10511,valid,0,0.0006149156
663,valid,0,1.29713235e-05
8412,valid,0,9.459266e-06
2690,valid,0,3.2208744e-05
2616,valid,0,2.3435803e-05
3831,valid,0,8.5847394e-05
8082,valid,0,2.1127948e-05
4737,valid,0,0.0046299067
4275,valid,0,8.009344e-05
5359,valid,0,4.5981258e-05
999,valid,0,1.4730273e-05
9981,valid,0,0.0018323107
4273,valid,0,0.00047634082
544,valid,0,1.1139414e-05
601,valid,0,0.004205146
6941,valid,0,1.3129603e-05
10096,valid,0,1.6890452e-05
2783,valid,0,2.7815639e-05
724,valid,0,0.0005554566
7807,valid,0,1.29713235e-05
1323,valid,0,7.0077884e-05
3824,valid,0,1.19689785e-05
4277,valid,0,2.0031748e-05
6609,valid,0,1.1779048e-05
4516,valid,0,2.2940345e-05
3868,valid,0,0.0020379808
8969,valid,0,9.459266e-06
10561,valid,0,3.6986254e-05
9192,valid,0,1.265215e-05
212,valid,0,9.997934e-06
4212,valid,0,1.5459267e-05
6052,valid,0,9.459266e-06
8836,valid,0,9.459266e-06
2790,valid,0,8.56821e-05
10279,valid,0,8.912308e-06
10907,valid,0,9.6200274e-05
6789,valid,0,0.00030409067
7808,valid,0,1.08630675e-05
6413,valid,0,1.836984e-05
5362,valid,0,1.8066177e-05
8851,valid,0,1.6183041e-05
10957,valid,0,9.13793e-06
2697,valid,0,0.002076499
1503,valid,0,5.117652e-05
4899,valid,0,3.6211633e-05
7948,valid,0,1.2652138e-05
8427,valid,0,9.459266e-06
4220,valid,0,2.2389011e-05
2321,valid,0,0.015210733
1275,valid,0,1.3639988e-05
647,valid,0,9.226517e-06
3730,valid,0,0.0035260175
8073,valid,0,2.158744e-05
6398,valid,0,1.1779048e-05
1281,valid,0,1.2082003e-05
1226,valid,0,2.0683347e-05
1921,valid,0,9.4592615e-06
365,valid,0,0.00013749128
8438,valid,0,7.512888e-05
2777,valid,0,0.0025561568
5016,valid,0,0.00058993493
9961,valid,0,5.398533e-05
2533,valid,0,0.00054591824
10082,valid,0,0.00081661856
4722,valid,0,4.970603e-05
8134,valid,0,9.4592615e-06
7310,valid,0,3.834636e-05
30,valid,0,0.0008664385
9197,valid,0,0.0020776964
4747,valid,0,2.0050054e-05
10369,valid,0,0.00058173685
7931,valid,0,9.574686e-06
5042,valid,0,9.2265145e-06
8033,valid,0,9.609413e-06
8201,valid,0,9.4592615e-06
770,valid,0,0.000104860694
10662,valid,0,2.7215943e-05
10949,valid,0,2.7215943e-05
9708,valid,0,9.353895e-06
9419,valid,0,0.000561481
3329,valid,0,8.913077e-06
7782,valid,0,2.1941818e-05
8204,valid,0,2.1054237e-05
7715,valid,0,9.4592615e-06
142,valid,0,0.0007183153
1900,valid,0,0.01038086
5279,valid,0,4.242963e-05
6292,valid,0,2.377873e-05
10888,valid,0,2.377873e-05
3727,valid,0,9.226512e-06
4673,valid,0,0.0006988684
1945,valid,0,0.00056063244
5733,valid,0,1.8809216e-05
5622,valid,0,1.4659465e-05
3609,valid,0,2.224361e-05
4343,valid,0,0.0017684961
7598,valid,0,0.0022404117
723,valid,0,9.4592615e-06
2638,valid,0,7.5129356e-05
11071,valid,0,1.8350896e-05
5392,valid,0,9.2265145e-06
7606,valid,0,9.4592615e-06
9033,valid,0,8.902925e-05
8155,valid,0,0.0021888826
7960,valid,0,9.4592615e-06
10263,valid,0,1.1779043e-05
10088,valid,0,6.276832e-05
458,valid,0,0.009531113
6950,valid,0,2.083746e-05
3742,valid,0,9.2265145e-06
5047,valid,0,9.2265145e-06
7965,valid,0,2.2596396e-05
1977,valid,0,2.8658187e-05
8041,valid,0,9.4592615e-06
6403,valid,0,0.0020240692
10262,valid,0,0.0017555085
2867,valid,0,9.4592615e-06
6440,valid,0,1.7728142e-05
4201,valid,0,0.00012581037
10557,valid,0,9.459266e-06
7298,valid,0,1.3030248e-05
4919,valid,0,9.4592615e-06
7559,valid,0,2.1597138e-05
10513,valid,0,2.1283431e-05
5369,valid,0,2.8184853e-05
8080,valid,0,1.2429959e-05
5245,valid,0,2.1205056e-05
7722,valid,0,1.9680974e-05
3279,valid,0,0.0013108414
9020,valid,0,1.1489194e-05
1459,valid,0,4.9005354e-05
4841,valid,0,1.8104729e-05
6831,valid,0,9.339095e-06
3164,valid,0,1.8330105e-05
10029,valid,0,0.000104694926
2606,valid,0,7.415806e-05
9992,valid,0,0.0004704125
1507,valid,0,0.009560457
7957,valid,0,9.452214e-06
1895,valid,0,2.6835265e-05
4666,valid,0,1.1779039e-05
532,valid,0,1.200943e-05
10080,valid,0,9.137924e-06
7681,valid,0,0.004136784
1278,valid,0,9.459259e-06
4218,valid,0,2.2263606e-05
9422,valid,0,4.4976092e-05
8853,valid,0,9.226512e-06
6956,valid,0,9.574683e-06
4758,valid,0,0.00043592232
650,valid,0,1.8369828e-05
10113,valid,0,9.997927e-06
8974,valid,0,9.459259e-06
6792,valid,0,0.010930881
9113,valid,0,2.1820302e-05
3170,valid,0,1.1175999e-05
32,valid,0,0.001857156
1220,valid,0,1.1779039e-05
7806,valid,0,2.1658067e-05
7930,valid,0,6.762582e-05
5909,valid,0,1.01894875e-05
7790,valid,0,2.9459648e-05
6955,valid,0,9.226512e-06
7508,valid,0,7.4158546e-05
3305,valid,0,0.001401248
10370,valid,0,9.226512e-06
4967,valid,0,0.0026611134
5110,valid,0,0.0019230563
7313,valid,0,9.459259e-06
10085,valid,0,9.574683e-06
8213,valid,0,9.761086e-05
10891,valid,0,0.00048689728
4276,valid,0,1.1779039e-05
42,valid,0,9.459259e-06
6059,valid,0,2.1317548e-05
6259,valid,0,4.1753647e-05
8954,valid,0,8.864546e-06
7506,valid,0,0.001629015
7800,valid,0,0.0009922988
473,valid,0,3.91298e-05
6429,valid,0,1.1779039e-05
33,valid,0,2.1543536e-05
6784,valid,0,5.655012e-05
9454,valid,0,3.5553814e-05
10657,valid,0,0.00014239326
3399,valid,0,0.0017065612
994,valid,0,8.134214e-06
222,valid,0,9.459259e-06
5391,valid,0,4.6598194e-05
173,valid,0,0.00082784053
9011,valid,0,0.00060304906
8972,valid,0,4.4248834e-05
6809,valid,0,2.7775995e-05
7646,valid,0,0.0019847772
10954,valid,0,0.00087662163
5917,valid,0,3.4377517e-05
8541,valid,0,0.0037053074
7603,valid,0,9.459259e-06
6817,valid,0,0.0014957967
8196,valid,0,2.3193834e-05
10958,valid,0,0.0003362755
1212,valid,0,9.226512e-06
7974,valid,0,2.3623212e-05
2588,valid,0,2.3623212e-05
4289,valid,0,1.0264117e-05
2316,valid,0,1.0523048e-05
3166,valid,0,2.2557266e-05
4936,valid,0,0.012345284
4282,valid,0,1.2952468e-05
9186,valid,0,1.0625054e-05
2799,valid,0,0.0014943822
6624,valid,0,2.1922666e-05
3168,valid,0,1.990068e-05
780,valid,0,0.00015291653
8075,valid,0,9.70256e-06
10072,valid,0,2.2255064e-05
3169,valid,0,0.00042175275
558,valid,0,1.430804e-05
2802,valid,0,3.7422527e-05
4751,valid,0,1.0893101e-05
4674,valid,0,1.7522403e-05
6430,valid,0,1.9262829e-05
7959,valid,0,9.137924e-06
5626,valid,0,0.00079796737
5039,valid,0,0.0012218069
6294,valid,0,0.0019329413
4920,valid,0,5.1044495e-05
3584,valid,0,0.0005910855
777,valid,0,7.615338e-05
4724,valid,0,0.0089501245
5397,valid,0,1.0893112e-05
5919,valid,0,3.412186e-05
2325,valid,0,3.412186e-05
5236,valid,0,0.0063403808
5625,valid,0,1.1335411e-05
3829,valid,0,0.0012410039
6659,valid,0,5.0868264e-05
6280,valid,0,6.6457935e-05
568,valid,0,8.7235225e-05
9633,valid,0,4.252486e-05
6618,valid,0,1.893113e-05
7612,valid,0,1.9186138e-05
5127,valid,0,3.2922537e-05
216,valid,0,0.00154495
8311,valid,0,3.3953605e-05
7954,valid,0,0.0045284107
3977,valid,0,0.0017744044
5253,valid,0,3.688175e-05
7910,valid,0,0.00045804217
1976,valid,0,0.0012158315
36,valid,0,1.1870907e-05
7795,valid,0,1.0893112e-05
5158,valid,0,1.0523058e-05
6360,valid,0,1.1253068e-05
1920,valid,0,0.003524956
9798,valid,0,2.0235348e-05
417,valid,0,8.0398575e-05
7147,valid,0,0.00015949861
4369,valid,0,0.00012823602
1321,valid,0,1.5816424e-05
9966,valid,0,1.5816424e-05
4939,valid,0,1.2427553e-05
10873,valid,0,2.9808103e-05
4227,valid,0,1.4067267e-05
5128,valid,0,0.00015522038
10073,valid,0,3.7123093e-05
3731,valid,0,0.001361062
5628,valid,0,7.776675e-05
8144,valid,0,1.6209546e-05
11077,valid,0,0.0030457356
6364,valid,0,0.00066608447
4834,valid,0,7.812138e-05
2784,valid,0,1.1536946e-05
9187,valid,0,1.1352225e-05
9642,valid,0,4.0746538e-05
10965,valid,0,0.0005305963
8024,valid,0,1.1451141e-05
9116,valid,0,1.5153205e-05
10098,valid,0,0.0043969336
4893,valid,0,6.763642e-05
9696,valid,0,1.2718145e-05
1062,valid,0,0.0012342716
10892,valid,0,0.00014438863
5256,valid,0,1.3782204e-05
7615,valid,0,0.008590338
8772,valid,0,0.00015117443
594,valid,0,0.00014412115
5753,valid,0,4.9291986e-05
5388,valid,0,1.0341535e-05
1209,valid,0,1.1253068e-05
3333,valid,0,0.0016664629
2073,valid,0,0.00014879639
1916,valid,0,1.1253068e-05
4071,valid,0,1.410499e-05
4068,valid,0,0.006183315
9129,valid,0,0.002846642
2547,valid,0,7.507531e-05
4999,valid,0,0.000101820784
46,valid,0,1.4903182e-05
3312,valid,0,5.4131622e-05
6066,valid,0,0.0033347365
8949,valid,0,2.5953717e-05
954,valid,0,8.992142e-05
6864,valid,0,4.45847e-05
349,valid,0,0.0018188213
9999,valid,0,2.7218002e-05
10093,valid,0,6.6255176e-05
5885,valid,0,0.009985635
592,valid,0,0.00016554305
1215,valid,0,1.6243477e-05
3986,valid,0,0.0008666269
4926,valid,0,3.3254866e-05
1007,valid,0,1.5427247e-05
779,valid,0,9.0639616e-05
8068,valid,0,7.200519e-05
718,valid,0,9.3159695e-05
1458,valid,0,0.0004011409
3585,valid,0,0.00011159044
2624,valid,0,0.00021033897
3818,valid,0,6.4501815e-05
1473,valid,0,0.0031650192
10268,valid,0,9.947325e-06
3873,valid,0,0.00092340546
5364,valid,0,3.620968e-05
7949,valid,0,0.00031004843
2323,valid,0,0.00060465053
8029,valid,0,0.002271123
6132,valid,0,1.6457743e-05
11076,valid,0,0.0005880042
5870,valid,0,3.1545736e-05
9651,valid,0,0.005385635
5055,valid,0,2.5371706e-05
4065,valid,0,1.7607856e-05
8428,valid,0,7.872379e-05
10250,valid,0,5.443411e-05
2339,valid,0,5.1396142e-05
6958,valid,0,0.0074621043
10110,valid,0,2.4894316e-05
2175,valid,0,0.002452066
1029,valid,0,1.1536946e-05
6065,valid,0,1.7780212e-05
4464,valid,0,0.00014412115
3708,valid,0,8.0398575e-05
10661,valid,0,5.77631e-05
5752,valid,0,5.9420356e-05
1935,valid,0,1.0893112e-05
5886,valid,0,1.8635972e-05
1210,valid,0,0.0015365143
8425,valid,0,0.0022012813
6246,valid,0,0.000114794115
7140,valid,0,8.3916304e-05
8419,valid,0,2.240463e-05
7553,valid,0,1.256388e-05
1925,valid,0,7.0260736e-05
8185,valid,0,2.8784949e-05
4672,valid,0,5.104531e-05
6814,valid,0,2.4399336e-05
11063,valid,0,1.2263172e-05
2857,valid,0,1.0523058e-05
10106,valid,0,8.452171e-06
3163,valid,0,1.1329562e-05
9415,valid,0,0.011745499
1944,valid,0,9.774268e-06
2950,valid,0,5.7319234e-05
10556,valid,0,1.8027382e-05
331,valid,0,0.00014474303
678,valid,0,7.3776835e-05
1633,valid,0,1.5427247e-05
6279,valid,0,0.000110867906
10074,valid,0,1.1536946e-05
9021,valid,0,9.106207e-05
2313,valid,0,0.0010050359
576,valid,0,0.0024329964
4963,valid,0,0.00013225255
9179,valid,0,0.00019139759
1306,valid,0,1.4677642e-05
5726,valid,0,4.019216e-05
205,valid,0,2.4496523e-05
2244,valid,0,0.00019241862
10385,valid,0,1.911736e-05
6614,valid,0,1.4560755e-05
8315,valid,0,0.00058469793
10627,valid,0,6.9426824e-05
5020,valid,0,0.007281437
3407,valid,0,0.0011366954
4742,valid,0,0.004448211
7724,valid,0,4.2434072e-05
7901,valid,0,0.00010211272
9976,valid,0,0.0033749172
8845,valid,0,1.1536946e-05
537,valid,0,1.37099105e-05
8998,valid,0,0.00014412115
4844,valid,0,0.0044400916
9039,valid,0,1.550392e-05
5246,valid,0,2.291669e-05
8551,valid,0,2.11415e-05
782,valid,0,4.066971e-05
5375,valid,0,1.1074688e-05
771,valid,0,4.1915613e-05
4079,valid,0,1.324418e-05
1199,valid,0,0.0037082294
6871,valid,0,0.0018060099
6425,valid,0,0.005120395
6251,valid,0,0.00021213967
3720,valid,0,2.4842564e-05
9014,valid,0,4.4720196e-05
5634,valid,0,1.8061623e-05
672,valid,0,0.001427835
4655,valid,0,0.005767704
9702,valid,0,0.0055750515
6833,valid,0,0.00304189
3614,valid,0,9.329168e-05
4836,valid,0,1.6872898e-05
6868,valid,0,0.00013225216
21,valid,0,0.0019397787
454,valid,0,0.010228224
9698,valid,0,0.0007614693
5040,valid,0,4.3129196e-05
3985,valid,0,2.9431918e-05
8067,valid,0,3.426901e-05
7599,valid,0,0.0066604773
9040,valid,0,0.0009490178
5721,valid,0,0.0117404815
9471,valid,0,2.131925e-05
5393,valid,0,2.2372249e-05
438,valid,0,0.0001568905
3272,valid,0,0.00014785264
7936,valid,0,0.00033734896
339,valid,0,8.187641e-05
371,valid,0,0.0012731188
8421,valid,0,5.2033392e-05
9636,valid,0,5.159257e-05
7803,valid,0,0.0001333704
8966,valid,0,7.600173e-05
164,valid,0,9.1241855e-05
8778,valid,0,0.00022417109
5162,valid,0,0.0009642673
5926,valid,0,0.0002100962
5838,valid,0,5.7690573e-05
677,valid,0,0.00023089346
9647,valid,0,0.00028014425
4294,valid,0,0.00022919079
5109,valid,0,8.344968e-05
9990,valid,0,0.00084550004
8028,valid,0,1.08864115e-05
3706,valid,0,3.4832814e-05
2621,valid,0,3.0989555e-05
213,valid,0,0.0005583882
1170,valid,0,0.00027966808
10501,valid,0,0.00053757045
5243,valid,0,0.00049823365
6137,valid,0,0.00035894752
4515,valid,0,2.3286753e-05
5469,valid,0,2.2370661e-05
2231,valid,0,0.0004144178
10253,valid,0,0.0005111765
6893,valid,0,2.7181895e-05
352,valid,0,0.00068549655
7644,valid,0,0.0014300231
6869,valid,0,0.00018657325
340,valid,0,0.0005000867
3415,valid,0,6.8101144e-05
2066,valid,0,0.00013004674
2629,valid,0,0.000101441365
8435,valid,0,0.00024156
8219,valid,0,0.0012231284
7137,valid,0,6.0149894e-05
4352,valid,0,0.0005902151
2070,valid,0,0.0005961176
6651,valid,0,0.00018051072
3242,valid,0,0.00028240716
3274,valid,0,0.00013352674
9929,valid,0,0.000428964
5858,valid,0,3.0231513e-05
1224,valid,0,0.0003605711
1504,valid,0,5.0625044e-05
4912,valid,0,0.0014340343
7937,valid,0,3.8003036e-05
3264,valid,0,5.4151584e-05
2807,valid,0,0.00029084028
667,valid,0,0.0001801607
3313,valid,0,0.0010651123
590,valid,0,0.0024988083
2596,valid,0,0.00042845178
9641,valid,0,0.002482412
337,valid,0,0.00033609243
3952,valid,0,0.0001589567
9018,valid,0,0.0003383854
1894,valid,0,2.2099619e-05
6253,valid,0,0.00010027138
6759,valid,0,8.125347e-06
9801,valid,0,8.125347e-06
4070,valid,0,7.3394226e-06
5002,valid,0,7.3394226e-06
8212,valid,0,0.001114702
3301,valid,0,1.4519354e-05
3821,valid,0,0.00018893658
540,valid,0,0.00033587628
148,valid,0,0.00018705375
3358,valid,0,0.00020924905
8173,valid,0,0.00012607279
3960,valid,0,0.00038109743
8596,valid,0,0.00062668335
6758,valid,0,0.0005696257
1214,valid,0,0.0012131028
6834,valid,0,4.0899115e-05
6760,valid,0,0.00023479207
4993,valid,0,0.00019135843
10620,valid,0,0.0053200084
10101,valid,0,0.00018789941
3815,valid,0,0.0004288076
2991,valid,0,1.2287734e-05
1979,valid,0,1.5179427e-05
6290,valid,0,0.0005873109
6770,valid,0,1.0005347e-05
7784,valid,0,0.00039360934
3619,valid,0,0.000523343
563,valid,0,8.404358e-06
4850,valid,0,6.4561395e-06
439,valid,0,9.3515446e-05
5640,valid,0,9.598989e-05
2180,valid,0,1.0293868e-05
5144,valid,0,0.002506509
9988,valid,0,9.657896e-06
3713,valid,0,0.00024956657
3580,valid,0,0.00014147909
7305,valid,0,0.0002889864
3625,valid,0,0.0025508103
4281,valid,0,0.0005701696
9201,valid,0,3.226446e-05
3429,valid,0,1.46455395e-05
3846,valid,0,0.00010225362
7844,valid,0,3.865619e-05
5878,valid,0,0.0009677949
6620,valid,0,7.849689e-06
8603,valid,0,3.160889e-05
547,valid,0,9.376593e-06
4839,valid,0,8.125723e-06
10374,valid,0,8.480446e-06
10631,valid,0,0.001986072
552,valid,0,0.00032783122
719,valid,0,1.3598284e-05
5872,valid,0,6.053643e-05
7552,valid,0,1.6048833e-05
8953,valid,0,0.0002324775
7902,valid,0,6.160213e-05
1205,valid,0,7.807575e-06
7306,valid,0,6.694007e-06
7946,valid,0,7.919342e-06
3841,valid,0,4.9063674e-05
9927,valid,0,8.568571e-05
7939,valid,0,0.00014843863
2336,valid,0,4.5301884e-05
10889,valid,0,0.00034794144
4511,valid,0,2.4385794e-05
8190,valid,0,4.941012e-05
4230,valid,0,0.0011736618
9411,valid,0,0.00041412128
10273,valid,0,0.00016538326
2514,valid,0,4.689817e-05
3819,valid,0,3.4038865e-05
174,valid,0,3.1287487e-05
5472,valid,0,0.00056089304
10388,valid,0,2.2991266e-05
968,valid,0,7.8861274e-05
4944,valid,0,3.273079e-05
559,valid,0,0.00013414303
1972,valid,0,3.5788395e-05
5027,valid,0,3.453646e-05
3315,valid,0,0.00094735087
1911,valid,0,0.00014128625
1917,valid,0,9.906271e-05
6436,valid,0,0.00053943304
2825,valid,0,0.00063115713
4658,valid,0,0.0001445929
10259,valid,0,2.9331091e-05
6396,valid,0,1.710553e-05
9914,valid,0,1.710553e-05
7610,valid,0,0.000103952094
6756,valid,0,7.1941315e-05
4073,valid,0,0.00048631927
863,valid,0,8.5965934e-05
404,valid,0,3.45084e-05
7850,valid,0,2.217121e-05
5846,valid,0,3.678042e-05
10894,valid,0,5.236163e-05
10031,valid,0,1.8713587e-05
9462,valid,0,0.00062207866
1906,valid,0,5.8896425e-05
2515,valid,0,2.4462133e-05
7654,valid,0,0.0006608589
3501,valid,0,3.157122e-05
3995,valid,0,4.044842e-05
414,valid,0,3.4186723e-05
5017,valid,0,7.635343e-06
4921,valid,0,5.2053852e-05
6285,valid,0,4.3264074e-05
9794,valid,0,4.3264237e-05
2778,valid,0,3.6809295e-05
10580,valid,0,3.195922e-05
8556,valid,0,6.659317e-06
1946,valid,0,8.399226e-06
3176,valid,0,7.447471e-06
7929,valid,0,2.505007e-05
1169,valid,0,3.195922e-05
9789,valid,0,0.00017493105
6807,valid,0,0.0013735215
8072,valid,0,0.0003092147
5856,valid,0,6.8453286e-05
995,valid,0,7.9721445e-05
5732,valid,0,7.447471e-06
500,valid,0,3.241108e-05
9478,valid,0,3.2930297e-05
1638,valid,0,3.2930297e-05
1010,valid,0,7.833737e-06
1332,valid,0,8.1092185e-06
1462,valid,0,4.0832503e-05
3238,valid,0,2.4930521e-05
8411,valid,0,0.00016344235
38,valid,0,1.7136435e-05
77,valid,0,1.7136435e-05
769,valid,0,0.0001761502
357,valid,0,0.00011958009
9196,valid,0,8.399136e-06
2863,valid,0,8.608452e-06
1228,valid,0,0.0002225199
144,valid,0,0.00013402867
498,valid,0,0.00040897922
4933,valid,0,8.396619e-06
2957,valid,0,0.0006450481
9181,valid,0,2.8505001e-05
83,valid,0,6.871294e-05
7296,valid,0,0.00017590377
2326,valid,0,0.00044823965
8548,valid,0,0.00016678903
562,valid,0,0.0002468534
5925,valid,0,0.00021173403
9632,valid,0,0.00033518925
642,valid,0,9.4715426e-05
1221,valid,0,8.399136e-06
1201,valid,0,1.6098418e-05
5023,valid,0,0.00071632833
5874,valid,0,3.725966e-05
3246,valid,0,0.0012677808
3161,valid,0,0.00029212987
6874,valid,0,0.0003180298
7604,valid,0,8.5391775e-06
3991,valid,0,2.2386857e-05
5018,valid,0,8.754588e-06
10115,valid,0,0.0006967307
11064,valid,0,0.00013837886
6439,valid,0,1.3265369e-05
9511,valid,0,0.0002791651
4204,valid,0,2.43151e-05
2805,valid,0,0.0005405092
9499,valid,0,9.696401e-05
220,valid,0,0.00033351162
4287,valid,0,0.00014834243
3587,valid,0,0.00024056167
3320,valid,0,0.000273369
9968,valid,0,0.0018736221
6788,valid,0,8.160998e-05
10506,valid,0,1.5558728e-05
2862,valid,0,0.00031750245
2185,valid,0,3.217899e-05
9922,valid,0,4.506563e-05
3607,valid,0,0.0003220574
5229,valid,0,0.00023128459
1807,valid,0,8.919373e-06
5756,valid,0,1.6216636e-05
10376,valid,0,0.00020002575
8168,valid,0,3.4036075e-05
6656,valid,0,4.019663e-05
4213,valid,0,8.841818e-06
6615,valid,0,0.0006019092
3280,valid,0,0.00012590297
8550,valid,0,9.276637e-05
151,valid,0,0.00021344247
658,valid,0,0.002550786
1302,valid,0,0.00015139383
5633,valid,0,0.0004313024
2237,valid,0,0.00038867144
9693,valid,0,9.064265e-05
9126,valid,0,0.0003959597
8313,valid,0,0.0006864467
2314,valid,0,0.00027081228
656,valid,0,1.1171161e-05
9983,valid,0,0.00050282676
358,valid,0,0.00024173086
5462,valid,0,0.002340044
2779,valid,0,2.0160196e-05
1909,valid,0,4.6097743e-05
2954,valid,0,0.00037120207
8039,valid,0,0.004554522
7976,valid,0,5.8689824e-05
6644,valid,0,5.4223423e-05
5363,valid,0,8.097117e-05
2176,valid,0,8.649951e-05
2831,valid,0,0.000113647846
5036,valid,0,1.5119057e-05
6047,valid,0,0.00027292402
8162,valid,0,4.088621e-05
3994,valid,0,3.9444185e-05
10432,valid,0,0.0026666748
8206,valid,0,1.538412e-05
4228,valid,0,0.00047198884
4990,valid,0,0.0003644232
10575,valid,0,6.522802e-06
10947,valid,0,0.0003553317
1006,valid,0,4.560792e-05
2331,valid,0,4.560792e-05
1637,valid,0,1.4206965e-05
9970,valid,0,1.5227799e-05
4909,valid,0,1.4344693e-05
10616,valid,0,1.2153018e-05
1314,valid,0,0.00020904573
5637,valid,0,1.4206965e-05
5155,valid,0,2.9163291e-05
3330,valid,0,2.8181175e-05
4354,valid,0,0.00013071901
3724,valid,0,1.470655e-05
6286,valid,0,0.0003333996
1203,valid,0,1.4344693e-05
9461,valid,0,4.653612e-05
6832,valid,0,2.9188674e-05
1174,valid,0,5.3228283e-05
7561,valid,0,1.5514786e-05
4509,valid,0,0.00018731887
6423,valid,0,1.4857535e-05
10952,valid,0,2.4529265e-05
6946,valid,0,1.49837315e-05
6410,valid,0,1.470655e-05
8308,valid,0,0.0019418411
5921,valid,0,3.8643146e-05
8960,valid,0,0.00038919656
470,valid,0,2.5074592e-05
7967,valid,0,1.7923812e-05
871,valid,0,0.0026251096
1075,valid,0,4.2031636e-05
2181,valid,0,4.2031636e-05
5107,valid,0,6.520882e-05
2800,valid,0,3.4087585e-05
10573,valid,0,2.3099848e-05
1929,valid,0,2.2135604e-05
9118,valid,0,1.2382066e-05
1635,valid,0,0.00046257474
47,valid,0,0.00083651295
6255,valid,0,0.00748196
1028,valid,0,0.0017760233
9797,valid,0,1.8564611e-05
949,valid,0,0.00020923477
6606,valid,0,1.461504e-05
8135,valid,0,5.3686836e-05
6945,valid,0,2.6528669e-05
950,valid,0,0.000536302
1031,valid,0,1.544211e-05
1282,valid,0,1.461504e-05
10619,valid,0,5.029034e-05
4061,valid,0,1.461504e-05
1791,valid,0,2.050412e-05
5294,valid,0,3.3170418e-05
5145,valid,0,0.0007825454
34,valid,0,2.9858022e-05
476,valid,0,0.00011492881
6811,valid,0,1.8564611e-05
9479,valid,0,3.521402e-05
7133,valid,0,4.807021e-05
6148,valid,0,2.5542138e-05
1025,valid,0,0.0004896379
1634,valid,0,1.7314924e-05
1002,valid,0,0.0012391268
348,valid,0,9.010352e-05
5731,valid,0,0.0003287738
4089,valid,0,0.0011178243
997,valid,0,1.7482764e-05
7303,valid,0,5.6447127e-05
6049,valid,0,1.8673583e-05
6891,valid,0,0.00041488663
1019,valid,0,0.000101565325
1172,valid,0,0.00038398118
1322,valid,0,2.5537334e-05
8598,valid,0,0.00015563873
6949,valid,0,2.661724e-05
8842,valid,0,1.7487999e-05
10948,valid,0,1.8015287e-05
10622,valid,0,3.8526327e-05
4512,valid,0,3.8526327e-05
2856,valid,0,3.1787647e-05
9200,valid,0,1.7757653e-05
2509,valid,0,8.929732e-05
5759,valid,0,5.8098783e-05
10566,valid,0,0.000103257815
4845,valid,0,2.3644214e-05
7494,valid,0,0.00080533343
3578,valid,0,3.381605e-05
7938,valid,0,0.00049530255
4521,valid,0,0.0029236106
735,valid,0,0.00027653866
10393,valid,0,5.4808395e-05
781,valid,0,7.208501e-05
3843,valid,0,0.0009386283
5283,valid,0,3.4525496e-05
8955,valid,0,0.00028467877
555,valid,0,0.0039048337
5368,valid,0,1.7233175e-05
2319,valid,0,0.00030372562
5922,valid,0,1.7398643e-05
3746,valid,0,0.0014824059
5911,valid,0,0.00055283675
7725,valid,0,0.0063569658
162,valid,0,2.0375617e-05
4207,valid,0,0.0004914628
10878,valid,0,0.0015137964
10076,valid,0,2.787606e-05
5730,valid,0,0.00018109835
10621,valid,0,2.13392e-05
9026,valid,0,6.3406e-05
1068,valid,0,3.4046097e-05
5630,valid,0,1.7398643e-05
1941,valid,0,0.00028904408
2795,valid,0,0.0031855102
3334,valid,0,1.7572002e-05
4210,valid,0,1.8015287e-05
1467,valid,0,0.0008007384
5933,valid,0,0.002699344
8559,valid,0,2.6091006e-05
4283,valid,0,1.7398643e-05
5044,valid,0,2.043451e-05
875,valid,0,3.5533547e-05
5386,valid,0,3.5533547e-05
166,valid,0,0.00028268117
1207,valid,0,1.9160167e-05
2619,valid,0,1.964353e-05
6753,valid,0,0.00045303625
5147,valid,0,1.7572002e-05
3858,valid,0,0.0008890727
8026,valid,0,3.4307046e-05
2322,valid,0,0.00017000962
5621,valid,0,1.9787976e-05
9188,valid,0,1.7398643e-05
5038,valid,0,1.7572002e-05
10275,valid,0,0.001706197
10069,valid,0,2.0101685e-05
714,valid,0,1.8015287e-05
7799,valid,0,4.7919206e-05
5720,valid,0,1.6970529e-05
5644,valid,0,3.5288886e-05
6628,valid,0,0.0010062639
10571,valid,0,1.8699162e-05
10567,valid,0,1.8300161e-05
4221,valid,0,0.00096502004
730,valid,0,1.9979338e-05
3703,valid,0,1.9979338e-05
996,valid,0,0.0006592324
5884,valid,0,4.8493523e-05
5464,valid,0,4.7300447e-05
10972,valid,0,2.2449212e-05
1937,valid,0,5.0748215e-05
10665,valid,0,0.0026848284
3980,valid,0,4.5690726e-05
7314,valid,0,2.055452e-05
9025,valid,0,0.0026196071
7611,valid,0,7.676635e-05
4832,valid,0,0.0011094605
7845,valid,0,8.83211e-05
158,valid,0,0.00016331111
10377,valid,0,1.9845038e-05
1023,valid,0,3.420547e-05
9127,valid,0,2.4339632e-05
1032,valid,0,2.2785665e-05
1211,valid,0,2.9111025e-05
9703,valid,0,1.9845038e-05
5623,valid,0,3.4525336e-05
10128,valid,0,3.335252e-05
4729,valid,0,1.9356728e-05
1915,valid,0,1.7400735e-05
4225,valid,0,1.7572002e-05
3174,valid,0,2.0548385e-05
1796,valid,0,4.2507607e-05
1283,valid,0,1.6394039e-05
9030,valid,0,5.284621e-05
10869,valid,0,0.006480855
9697,valid,0,0.0043647834
146,valid,0,2.9783667e-05
7567,valid,0,7.5013195e-05
1317,valid,0,1.8015287e-05
10114,valid,0,0.0036487558
4075,valid,0,2.0048774e-05
10579,valid,0,1.6977638e-05
336,valid,0,1.6985614e-05
10381,valid,0,2.0042771e-05
5908,valid,0,5.284621e-05
5252,valid,0,3.586759e-05
8956,valid,0,0.0023926864
1289,valid,0,1.9845038e-05
8211,valid,0,0.00034104532
2174,valid,0,0.0009192471
9706,valid,0,0.0022306019
581,valid,0,0.00035693834
7136,valid,0,0.0018666518
10883,valid,0,1.9845038e-05
1640,valid,0,1.712023e-05
2613,valid,0,0.0009972866
2852,valid,0,1.8964407e-05
8042,valid,0,1.9845038e-05
1227,valid,0,2.0548385e-05
5724,valid,0,2.9980161e-05
3747,valid,0,4.6418074e-05
2689,valid,0,1.712023e-05
6418,valid,0,1.9394625e-05
7556,valid,0,3.793228e-05
966,valid,0,3.793228e-05
8034,valid,0,1.732426e-05
1931,valid,0,2.0042771e-05
7620,valid,0,2.055452e-05
5383,valid,0,0.00048483862
3823,valid,0,1.3239769e-05
7945,valid,0,1.695587e-05
7713,valid,0,1.9845038e-05
5258,valid,0,0.000107037544
5161,valid,0,0.00023023364
9974,valid,0,2.1442387e-05
4214,valid,0,3.793228e-05
6438,valid,0,0.000121413796
10380,valid,0,0.0002867889
1803,valid,0,2.8812412e-05
5049,valid,0,0.00042266326
147,valid,0,0.0006382406
3866,valid,0,5.7194287e-05
3976,valid,0,1.712023e-05
501,valid,0,0.00047870746
5151,valid,0,2.4109946e-05
2792,valid,0,2.055452e-05
10613,valid,0,2.851164e-05
1926,valid,0,0.00024328407
8030,valid,0,4.8133024e-05
1470,valid,0,9.638097e-05
1080,valid,0,2.7189384e-05
406,valid,0,0.0007161993
1027,valid,0,0.004860248
2059,valid,0,0.00010308466
3307,valid,0,0.017499933
1973,valid,0,0.0013960247
9704,valid,0,0.00042988587
8443,valid,0,5.8213616e-05
3988,valid,0,1.4317913e-05
1295,valid,0,1.6043468e-05
4522,valid,0,0.0008881241
5291,valid,0,4.1786756e-05
7601,valid,0,0.00082832307
5284,valid,0,3.7582715e-05
10558,valid,0,1.3208884e-05
1912,valid,0,1.6607652e-05
3323,valid,0,4.6146957e-05
2600,valid,0,8.2286926e-05
5642,valid,0,1.6847995e-05
8200,valid,0,1.0398845e-05
5631,valid,0,0.00018054727
3589,valid,0,0.000504714
8431,valid,0,4.0281473e-05
6397,valid,0,9.7983975e-06
580,valid,0,5.952254e-05
7973,valid,0,0.00012029855
10435,valid,0,0.0008462985
4931,valid,0,1.8702012e-05
5889,valid,0,0.0007268455
1918,valid,0,1.5648717e-05
2951,valid,0,0.0001661636
3834,valid,0,6.259117e-05
152,valid,0,0.0015878275
10950,valid,0,1.3724035e-05
7675,valid,0,7.908525e-05
6892,valid,0,7.419423e-05
10885,valid,0,1.6199001e-05
3709,valid,0,6.674573e-05
2687,valid,0,1.9671834e-05
10394,valid,0,1.6199001e-05
3348,valid,0,0.00010698142
6819,valid,0,0.0019313538
4454,valid,0,0.0038928357
2499,valid,0,3.3990837e-05
7301,valid,0,2.5573445e-05
9646,valid,0,0.00054830016
7971,valid,0,1.6607652e-05
1286,valid,0,4.6357316e-05
10387,valid,0,1.6607652e-05
1291,valid,0,1.6773129e-05
3175,valid,0,0.00069637445
6051,valid,0,1.6199001e-05
2628,valid,0,2.1718584e-05
466,valid,0,1.0142968e-05
3409,valid,0,0.0004389592
4842,valid,0,7.267185e-05
659,valid,0,0.0044464334
550,valid,0,0.005336912
4840,valid,0,0.0004168372
22,valid,0,4.2536e-05
8032,valid,0,1.0767405e-05
6828,valid,0,1.6158026e-05
10081,valid,0,3.6886613e-05
3403,valid,0,0.0006303149
2304,valid,0,8.893655e-06
9443,valid,0,0.0007879891
4286,valid,0,1.0142968e-05
4918,valid,0,1.6041897e-05
3743,valid,0,1.0398845e-05
9931,valid,0,1.6637485e-05
1333,valid,0,2.423591e-05
8852,valid,0,8.593258e-06
1329,valid,0,1.1019976e-05
5734,valid,0,1.0502459e-05
1073,valid,0,1.0142968e-05
5122,valid,0,0.0012015727
4735,valid,0,1.0502459e-05
6883,valid,0,2.81424e-05
1011,valid,0,2.8661374e-05
5160,valid,0,9.7983975e-06
1785,valid,0,1.0398845e-05
5918,valid,0,2.9297906e-05
1511,valid,0,2.9297906e-05
4992,valid,0,4.4642184e-05
6747,valid,0,1.0767405e-05
1300,valid,0,1.0767405e-05
9971,valid,0,1.0142968e-05
10668,valid,0,0.00031428883
10095,valid,0,1.0142968e-05
3996,valid,0,0.0027695065
5893,valid,0,1.0398845e-05
10281,valid,0,0.0006613275
6411,valid,0,1.0142968e-05
664,valid,0,0.000657332
5033,valid,0,4.7014702e-05
4741,valid,0,2.5706355e-05
2639,valid,0,4.946795e-05
9639,valid,0,0.00073680264
5584,valid,0,3.1465286e-05
3842,valid,0,3.1465286e-05
6402,valid,0,5.45836e-05
2589,valid,0,4.274164e-05
7569,valid,0,1.9835352e-05
3857,valid,0,3.1746848e-05
8538,valid,0,3.2524324e-05
3430,valid,0,7.140888e-05
10261,valid,0,0.00018782119
4965,valid,0,6.95037e-05
6835,valid,0,3.264988e-05
10970,valid,0,0.00037850556
8970,valid,0,1.1581734e-05
7560,valid,0,9.482348e-06
5043,valid,0,1.0420089e-05
3332,valid,0,2.1491662e-05
4953,valid,0,0.000652928
9019,valid,0,2.3134307e-05
10967,valid,0,1.0063424e-05
4000,valid,0,0.00016354473
5285,valid,0,2.1320964e-05
4671,valid,0,1.0063428e-05
5910,valid,0,2.1320984e-05
1299,valid,0,2.1320984e-05
2813,valid,0,2.059669e-05
7716,valid,0,1.8594441e-05
5898,valid,0,0.00013910579
8951,valid,0,1.0163699e-05
9029,valid,0,3.708731e-05
3624,valid,0,0.0007089088
5249,valid,0,1.0063428e-05
7962,valid,0,9.14526e-06
9709,valid,0,9.815793e-06
23,valid,0,9.815793e-06
9119,valid,0,8.232374e-06
3805,valid,0,4.410018e-05
4661,valid,0,2.1858797e-05
5019,valid,0,1.0063428e-05
5011,valid,0,0.0004322401
9791,valid,0,9.815793e-06
8542,valid,0,1.0420089e-05
472,valid,0,1.2221956e-05
7846,valid,0,6.493824e-05
8834,valid,0,6.362175e-05
9420,valid,0,0.00021974063
4078,valid,0,1.0063428e-05
9024,valid,0,9.482348e-06
3432,valid,0,7.8379504e-05
1629,valid,0,9.815793e-06
2998,valid,0,9.815793e-06
3177,valid,0,1.5516292e-05
2605,valid,0,8.4591346e-05
4958,valid,0,3.0474383e-05
5259,valid,0,2.1858797e-05
2694,valid,0,4.774442e-05
729,valid,0,2.059669e-05
10103,valid,0,4.1339685e-05
732,valid,0,1.0163699e-05
2789,valid,0,1.0063428e-05
1934,valid,0,9.815793e-06
5876,valid,0,8.606055e-05
10371,valid,0,2.1858797e-05
7562,valid,0,1.0142968e-05
10277,valid,0,1.0767405e-05
3852,valid,0,0.0025404461
2183,valid,0,0.0028347694
4915,valid,0,1.1930109e-05
10002,valid,0,4.3169806e-05
6952,valid,0,0.003056506
5907,valid,0,1.7352857e-05
4077,valid,0,4.028275e-05
9638,valid,0,0.00023290276
2602,valid,0,7.847073e-05
10875,valid,0,2.1320984e-05
9445,valid,0,0.00050045695
1297,valid,0,0.00029358274
1013,valid,0,3.1316544e-05
8309,valid,0,7.1612005e-05
725,valid,0,0.0009091169
4913,valid,0,1.4632727e-05
3739,valid,0,2.1320984e-05
5014,valid,0,0.0011722714
662,valid,0,0.0006910816
9034,valid,0,2.058899e-05
4853,valid,0,1.0163699e-05
2177,valid,0,6.147395e-05
6135,valid,0,1.12370535e-05
2230,valid,0,4.3319524e-05
4510,valid,0,0.0010356003
6799,valid,0,0.00038654084
10905,valid,0,4.5244702e-05
6793,valid,0,0.0003886288
1325,valid,0,1.0063428e-05
7139,valid,0,0.00092641887
8837,valid,0,1.28040965e-05
7943,valid,0,3.1950927e-05
1307,valid,0,1.0062353e-05
958,valid,0,4.285761e-05
3862,valid,0,1.0063428e-05
546,valid,0,9.717926e-06
3491,valid,0,0.0005260019
4668,valid,0,0.0023896
5380,valid,0,1.0063428e-05
2302,valid,0,2.1576396e-05
474,valid,0,0.00033180637
10633,valid,0,9.478804e-06
10507,valid,0,3.9009275e-05
10505,valid,0,4.1145846e-05
10272,valid,0,0.001587013
10565,valid,0,0.0016610548
5028,valid,0,1.0063424e-05
3401,valid,0,0.0012456992
10278,valid,0,2.7784423e-05
10438,valid,0,0.00046442807
3318,valid,0,0.001438587
7956,valid,0,5.7567693e-05
9413,valid,0,2.4945488e-05
8413,valid,0,1.8280545e-05
6889,valid,0,2.0449203e-05
5613,valid,0,2.3908933e-05
7718,valid,0,0.00074561784
3836,valid,0,4.1794996e-05
6804,valid,0,0.008645923
5154,valid,0,2.3159313e-05
10964,valid,0,0.00037413437
6954,valid,0,2.1720829e-05
8418,valid,0,9.387793e-06
5296,valid,0,0.00047984166
10131,valid,0,0.0004078516
5935,valid,0,9.478804e-06
1908,valid,0,2.4401888e-05
6795,valid,0,5.0453382e-05
5618,valid,0,1.123447e-05
3736,valid,0,0.0030513725
2781,valid,0,8.250178e-06
9425,valid,0,2.2948916e-05
5891,valid,0,5.5390134e-05
4517,valid,0,5.5390134e-05
6146,valid,0,1.6978327e-05
4937,valid,0,2.058899e-05
6872,valid,0,0.0029144294
3263,valid,0,1.2354295e-05
3998,valid,0,1.5914466e-05
9482,valid,0,2.1731887e-05
1079,valid,0,2.173179e-05
1787,valid,0,0.0006597916
953,valid,0,7.73116e-05
8434,valid,0,0.00029806892
5470,valid,0,0.0004428369
9117,valid,0,9.717926e-06
9114,valid,0,9.478804e-06
7968,valid,0,1.0062353e-05
363,valid,0,6.3205094e-05
10874,valid,0,1.2658946e-05
4665,valid,0,8.636381e-06
8069,valid,0,4.272095e-05
5140,valid,0,0.00020102561
5242,valid,0,9.165617e-06
80,valid,0,0.0004700032
5226,valid,0,0.0011110592
541,valid,0,0.00032788448
1799,valid,0,1.6005592e-05
6605,valid,0,1.5782158e-05
9695,valid,0,0.0004341116
4274,valid,0,0.00015017674
728,valid,0,0.0032584672
7307,valid,0,0.00028924877
8782,valid,0,1.6379123e-05
5841,valid,0,0.000115247116
5927,valid,0,0.0010430445
11070,valid,0,9.814755e-06
2699,valid,0,0.001150312
5288,valid,0,0.0007771131
459,valid,0,8.85425e-06
7972,valid,0,8.940079e-06
5149,valid,0,1.1032829e-05
6361,valid,0,8.940079e-06
10562,valid,0,3.6590278e-05
1330,valid,0,1.1141995e-05
3856,valid,0,8.85425e-06
7721,valid,0,9.490462e-06
665,valid,0,0.000259697
2854,valid,0,0.0013832153
2534,valid,0,2.720368e-05
653,valid,0,0.0003114791
6258,valid,0,4.987781e-05
6608,valid,0,7.662e-05
961,valid,0,0.0012854739
5373,valid,0,1.7246699e-05
1225,valid,0,0.010360772
1923,valid,0,2.1204556e-05
3404,valid,0,2.1204556e-05
733,valid,0,9.490462e-06
4922,valid,0,7.8426065e-06
8781,valid,0,0.00022989696
1030,valid,0,9.165619e-06
7312,valid,0,4.9473638e-05
5035,valid,0,9.490462e-06
8031,valid,0,5.14113e-05
2801,valid,0,9.081192e-06
8543,valid,0,1.7802251e-05
4851,valid,0,1.9540423e-05
867,valid,0,0.0011495834
5632,valid,0,7.339355e-06
3173,valid,0,1.5441181e-05
3582,valid,0,4.1385993e-05
3165,valid,0,8.940079e-06
8558,valid,0,1.8597131e-05
2593,valid,0,0.0005958749
1070,valid,0,7.5741596e-06
6407,valid,0,9.165619e-06
2335,valid,0,0.0011339166
6805,valid,0,3.9453094e-05
8198,valid,0,1.1032808e-05
5638,valid,0,0.0005854073
10256,valid,0,0.0007978913
7639,valid,0,0.00033610934
3871,valid,0,8.940079e-06
2688,valid,0,9.98836e-06
4908,valid,0,2.3046176e-05
2510,valid,0,0.00022575248
7952,valid,0,0.000589839
1643,valid,0,9.165619e-06
2952,valid,0,0.0007777367
3251,valid,0,0.0011782119
4291,valid,0,2.9058081e-05
5585,valid,0,0.0003375393
5360,valid,0,9.3003455e-06
5929,valid,0,1.0241396e-05
1319,valid,0,1.9281177e-05
5398,valid,0,4.1959716e-05
9965,valid,0,1.0737443e-05
6898,valid,0,4.4075943e-05
8839,valid,0,9.088113e-06
5022,valid,0,9.168068e-06
9124,valid,0,0.00040929805
3992,valid,0,0.00076444657
6820,valid,0,0.0019897323
7621,valid,0,0.009631972
4733,valid,0,0.00057555985
4831,valid,0,9.172077e-06
7794,valid,0,0.064329594
6130,valid,0,9.8707e-06
7977,valid,0,0.000619554
4750,valid,0,0.002236117
3845,valid,0,1.6539405e-05
5401,valid,0,1.3207345e-05
4344,valid,0,0.0005343763
1786,valid,0,8.942088e-06
5877,valid,0,9.259017e-06
10572,valid,0,8.722056e-06
6421,valid,0,8.309065e-06
7796,valid,0,2.9986739e-05
10265,valid,0,3.082575e-05
10276,valid,0,0.0004396184
4456,valid,0,4.823137e-05
35,valid,0,1.0865767e-05
7143,valid,0,8.876943e-05
2301,valid,0,0.00087000214
5152,valid,0,8.722056e-06
4360,valid,0,0.0019007287
9032,valid,0,5.4034757e-05
6894,valid,0,0.0020324555
538,valid,0,1.6306109e-05
4856,valid,0,8.940079e-06
9195,valid,0,9.259017e-06
8947,valid,0,0.0012157713
673,valid,0,3.6751637e-05
5163,valid,0,0.004722788
4084,valid,0,9.826951e-06
8601,valid,0,3.718537e-05
10870,valid,0,9.259017e-06
9003,valid,0,0.00089557865
9189,valid,0,0.0003625168
6062,valid,0,8.722056e-06
3997,valid,0,8.722056e-06
8202,valid,0,1.0600782e-05
5387,valid,0,0.0011235974
8164,valid,0,0.0005741478
1273,valid,0,1.9767534e-05
8590,valid,0,1.4724402e-05
7934,valid,0,0.0024710204
1219,valid,0,1.033757e-05
1305,valid,0,1.9281177e-05
8779,valid,0,0.0006656847
2591,valid,0,2.2221051e-05
7787,valid,0,1.092868e-05
2317,valid,0,6.91372e-06
10634,valid,0,0.00083322544
5399,valid,0,8.52857e-06
1294,valid,0,1.9722e-05
6053,valid,0,9.259017e-06
7294,valid,0,9.40347e-06
651,valid,0,1.0240659e-05
6617,valid,0,8.722056e-06
6861,valid,0,1.2928736e-05
8437,valid,0,0.003145104
7607,valid,0,1.1885271e-05
2527,valid,0,4.52881e-05
7969,valid,0,9.259017e-06
644,valid,0,0.0023086208
7940,valid,0,0.00029800326
5372,valid,0,9.259017e-06
10879,valid,0,9.161509e-06
6781,valid,0,0.00067631685
9694,valid,0,1.8547496e-05
11072,valid,0,9.259017e-06
10378,valid,0,3.2393807e-05
4941,valid,0,4.2667045e-05
2630,valid,0,0.0016294591
7614,valid,0,8.942088e-06
9017,valid,0,1.0240659e-05
221,valid,0,1.0240659e-05
1512,valid,0,0.0006521931
10564,valid,0,9.259017e-06
8040,valid,0,9.40347e-06
4736,valid,0,0.001326516
8950,valid,0,3.528593e-05
6432,valid,0,0.0006682558
10372,valid,0,1.7124436e-05
6428,valid,0,4.7036614e-05
3344,valid,0,5.2431198e-05
3817,valid,0,0.0007785413
5900,valid,0,7.5723033e-06
1020,valid,0,4.1698266e-05
4864,valid,0,0.0008403052
5906,valid,0,0.0032083567
5619,valid,0,2.6968017e-05
10881,valid,0,7.626787e-06
4857,valid,0,0.0025393954
8191,valid,0,6.9152666e-06
4197,valid,0,0.00036557118
5895,valid,0,8.942088e-06
6622,valid,0,0.0011349586
8192,valid,0,8.722056e-06
11074,valid,0,8.80272e-06
8070,valid,0,0.0016552247
4835,valid,0,0.0005507514
4846,valid,0,0.008482332
1206,valid,0,1.7556424e-05
6812,valid,0,8.722056e-06
3496,valid,0,0.0018513992
10890,valid,0,0.0007099967
9978,valid,0,2.1886812e-05
7727,valid,0,2.0587475e-05
8312,valid,0,2.0890928e-05
6401,valid,0,9.0551584e-05
3414,valid,0,7.958574e-05
5735,valid,0,9.205001e-06
3728,valid,0,4.2984517e-05
10112,valid,0,1.9925757e-05
962,valid,0,0.00086278486
2543,valid,0,3.8732745e-05
4652,valid,0,1.02163585e-05
7723,valid,0,8.942088e-06
9919,valid,0,3.837721e-05
1641,valid,0,0.00014216542
4660,valid,0,2.0006963e-05
8074,valid,0,9.644561e-06
9784,valid,0,8.942088e-06
9028,valid,0,0.0013555802
2300,valid,0,2.0043419e-05
4945,valid,0,0.00056081486
1171,valid,0,0.0015150388
5030,valid,0,8.978512e-06
4373,valid,0,0.0003012315
7619,valid,0,1.0282357e-05
6367,valid,0,2.0246573e-05
6623,valid,0,8.978507e-06
6625,valid,0,0.003662426
4743,valid,0,0.0017592837
3355,valid,0,0.0032014751
7299,valid,0,0.000621074
10667,valid,0,2.1672678e-05
10976,valid,0,2.1672678e-05
6750,valid,0,3.8728667e-05
10267,valid,0,0.0016599806
4934,valid,0,2.0783455e-05
8422,valid,0,1.3717306e-05
9007,valid,0,0.00010553255
7609,valid,0,0.0005557114
9037,valid,0,2.937527e-05
3428,valid,0,4.0581606e-05
10266,valid,0,0.0003285693
8599,valid,0,0.00050887046
8547,valid,0,2.2465043e-05
471,valid,0,0.0011448115
5292,valid,0,0.00011771821
6404,valid,0,9.031187e-06
8847,valid,0,2.0348702e-05
3156,valid,0,0.014423645
2615,valid,0,5.4435688e-05
10109,valid,0,1.0736793e-05
10077,valid,0,7.533685e-06
6414,valid,0,2.2192527e-05
10629,valid,0,2.1362473e-05
4216,valid,0,2.1307702e-05
5029,valid,0,9.317321e-06
6782,valid,0,1.775403e-05
720,valid,0,5.511172e-05
11066,valid,0,1.1887669e-05
2816,valid,0,0.0012613416
10515,valid,0,0.0046462105
4285,valid,0,0.00093484676
10100,valid,0,0.0004195479
11075,valid,0,2.2257145e-05
338,valid,0,2.2257145e-05
9031,valid,0,9.204999e-06
6613,valid,0,0.00031656228
1631,valid,0,1.9848094e-05
4466,valid,0,7.419132e-05
6140,valid,0,3.086842e-05
4465,valid,0,0.0033737747
4290,valid,0,0.0044169663
6951,valid,0,1.1137251e-05
4903,valid,0,4.3563272e-05
10026,valid,0,0.00041692884
6612,valid,0,0.0007761598
4833,valid,0,9.110499e-06
5255,valid,0,9.531255e-06
4667,valid,0,1.0533897e-05
2614,valid,0,8.27154e-05
649,valid,0,1.0641508e-05
2796,valid,0,2.0673531e-05
6408,valid,0,0.000995005
783,valid,0,3.3131015e-05
8420,valid,0,1.0277264e-05
8785,valid,0,0.00038765126
8071,valid,0,1.869135e-05
3612,valid,0,1.2311526e-05
3732,valid,0,8.978512e-06
4076,valid,0,2.1855776e-05
3844,valid,0,9.531255e-06
1222,valid,0,3.3600933e-05
10084,valid,0,9.78622e-06
957,valid,0,9.451245e-06
7941,valid,0,4.310087e-05
8539,valid,0,3.3600933e-05
5282,valid,0,2.0006933e-05
5146,valid,0,0.00033595634
143,valid,0,1.1204366e-05
2791,valid,0,1.1601487e-05
7300,valid,0,9.204999e-06
4551,valid,0,0.00062397035
7823,valid,0,0.0013225377
8633,valid,0,0.00017006404
2254,valid,0,0.0075426693
2474,valid,0,0.0034123803
699,valid,0,7.571055e-05
1090,valid,1,0.0059708576
9560,valid,0,0.0006792688
4548,valid,0,0.0007515637
7465,valid,0,6.817495e-05
10164,valid,0,0.0031354672
7281,valid,0,1.6909093e-05
8392,valid,0,0.0012744952
2216,valid,0,0.0006714854
6908,valid,0,4.664545e-05
7480,valid,0,1.1205929e-05
2463,valid,0,1.5129203e-05
3938,valid,0,0.0065774065
1984,valid,0,0.027260235
7450,valid,0,0.0019764735
2087,valid,0,0.00034988366
6504,valid,0,0.013750888
2444,valid,0,0.0007413304
10775,valid,0,0.00037531427
6174,valid,0,0.0011034742
4772,valid,0,0.00067812164
7729,valid,0,0.003835929
5747,valid,0,0.00034572044
7830,valid,0,5.068761e-05
4582,valid,0,0.0050166897
8674,valid,0,0.0004321121
10821,valid,0,6.596515e-05
9435,valid,0,0.0021309953
7349,valid,0,0.0021097693
7185,valid,0,2.288176e-05
521,valid,0,0.001620354
3635,valid,0,1.0523048e-05
8400,valid,0,0.001763698
10814,valid,1,0.0011513749
1039,valid,0,3.1509742e-05
11045,valid,0,0.00033253882
4792,valid,0,1.8764957e-05
4812,valid,0,0.0004808475
4115,valid,0,0.0012080627
6913,valid,0,0.0014816781
1846,valid,0,0.00026662572
10311,valid,0,0.027800484
3048,valid,0,0.00018237064
7472,valid,0,0.0011006341
1142,valid,0,0.0018474673
4817,valid,0,0.0021505756
6100,valid,0,0.0023402835
6482,valid,0,0.000405911
8387,valid,0,0.017574651
5523,valid,0,0.009814899
5312,valid,0,1.4802617e-05
4486,valid,0,0.0005458079
9428,valid,0,0.004128734
6475,valid,0,0.004485167
6216,valid,0,0.00034113103
6385,valid,0,0.00016455143
10847,valid,0,0.005822164
1838,valid,0,0.0012455347
10720,valid,0,0.003170155
2460,valid,0,0.0023261195
6691,valid,0,0.0016268442
9355,valid,0,0.00042552914
4416,valid,0,5.78223e-05
9334,valid,0,0.0001356375
9497,valid,0,0.0012829684
6159,valid,0,0.00091232173
5136,valid,0,0.00019809535
2255,valid,0,0.00044775894
3081,valid,0,1.7303253e-05
8818,valid,0,0.007845328
3568,valid,0,0.0013139242
6268,valid,0,0.004533601
7543,valid,0,0.0022015106
6496,valid,0,0.00051894714
2284,valid,0,0.001192947
7452,valid,0,0.0006515038
8610,valid,0,0.00032667583
5407,valid,0,7.770721e-05
7462,valid,0,0.0010794897
1134,valid,0,9.0126036e-05
1564,valid,0,1.2680103e-05
10229,valid,0,0.0008713544
10304,valid,0,0.00039204242
6327,valid,0,0.0037000964
5826,valid,0,0.00064010115
3762,valid,0,0.0001863205
10008,valid,0,0.0008016659
1837,valid,0,0.00029883347
3088,valid,0,0.00054238265
8488,valid,0,0.0005211706
9257,valid,0,0.0014228553
8407,valid,0,0.0018635943
4005,valid,0,0.00056017167
1689,valid,0,2.0642772e-05
5829,valid,0,1.7323324e-05
7286,valid,0,0.00023144658
904,valid,0,0.00014542342
2683,valid,0,0.00042446796
8814,valid,0,0.0014670825
8497,valid,0,0.0004140668
7131,valid,0,7.2693874e-05
2924,valid,0,6.8370304e-05
1560,valid,0,0.005868825
2879,valid,0,0.0005260641
8237,valid,0,3.547695e-05
6443,valid,0,5.282222e-05
7125,valid,0,5.128682e-05
10210,valid,0,0.00019880643
7514,valid,0,0.00015157723
526,valid,0,0.00065422774
8789,valid,0,0.0029877487
5418,valid,0,4.4124554e-05
737,valid,0,0.00020402642
743,valid,0,0.002670009
1144,valid,0,0.0008198183
2287,valid,0,0.00078991725
11044,valid,0,0.0002285552
8268,valid,0,0.0029047236
7834,valid,0,1.858357e-05
4478,valid,0,0.0014265149
1575,valid,0,0.0014529936
7091,valid,0,0.0032224155
9340,valid,0,0.0015836849
324,valid,0,0.0012622421
519,valid,0,4.759928e-05
8662,valid,0,8.696804e-05
2579,valid,0,0.0019691016
1748,valid,0,0.0006072604
3899,valid,0,0.0004100155
6526,valid,0,0.00012092162
2077,valid,0,0.0015778148
2676,valid,0,0.0006557014
6489,valid,0,3.1451684e-05
5685,valid,0,0.0021416177
10347,valid,0,0.0023713426
4583,valid,1,0.017875299
8360,valid,0,0.0012680658
4868,valid,0,3.1508862e-05
10212,valid,0,0.0043894984
3361,valid,0,0.00050417904
5533,valid,0,0.0007110071
6493,valid,0,0.036055014
3690,valid,0,2.5157466e-05
6016,valid,0,0.00019422417
9252,valid,0,1.5421903e-05
5741,valid,0,0.0038928713
4420,valid,0,0.0017608759
10230,valid,0,0.001755995
6547,valid,0,0.0029636351
7447,valid,0,6.0668666e-05
1123,valid,0,1.7764716e-05
10407,valid,0,0.0026192586
1114,valid,0,0.0002461887
6328,valid,0,0.0007967077
9350,valid,0,2.537834e-05
9558,valid,0,2.764948e-05
10007,valid,0,7.3776835e-05
7024,valid,0,7.3776835e-05
5417,valid,0,6.910615e-05
7547,valid,0,0.00035641182
491,valid,0,0.005869897
946,valid,0,3.6746416e-05
2450,valid,0,0.00012927176
9250,valid,0,8.415423e-05
10747,valid,0,0.0008986549
1880,valid,0,0.0016403517
2555,valid,0,0.010565916
761,valid,0,0.00026409866
8133,valid,0,0.00027058204
2208,valid,0,1.6367569e-05
9142,valid,0,0.0021703353
5452,valid,0,0.00049971545
6332,valid,0,0.0031471879
804,valid,0,0.0006923693
4805,valid,0,0.0021299962
10929,valid,0,0.03177791
1552,valid,0,0.0011929491
9523,valid,0,0.0002599285
3364,valid,0,0.00083172903
6932,valid,0,0.070363715
2461,valid,0,0.00016509011
4767,valid,0,0.00042176957
908,valid,0,0.0012055418
8661,valid,0,0.0014697138
6630,valid,0,0.001299404
1119,valid,0,0.00066565315
1724,valid,0,0.0007814707
896,valid,0,1.13294245e-05
8254,valid,0,0.00041785493
1430,valid,0,0.0003089287
2647,valid,0,0.00986805
6012,valid,0,0.007422201
1881,valid,0,0.0033864107
9251,valid,0,7.506936e-05
10343,valid,0,0.0005012072
4703,valid,0,0.001499816
7522,valid,0,1.5377707e-05
8116,valid,0,0.00035349067
529,valid,0,0.0019273881
766,valid,0,2.8098608e-05
9590,valid,0,5.0106548e-05
10213,valid,0,0.0006631305
5091,valid,0,0.00792104
9774,valid,0,0.0005759712
1573,valid,0,0.00056498393
8741,valid,0,3.0093468e-05
5455,valid,0,0.00037760887
6116,valid,0,0.0014432035
9572,valid,0,0.0004461359
7234,valid,0,9.277375e-06
6450,valid,0,9.13793e-06
6456,valid,0,0.00024870195
4524,valid,0,0.0016347716
5095,valid,0,8.2880615e-06
3030,valid,0,0.00037797555
916,valid,0,0.004656187
10827,valid,0,0.0022427237
6687,valid,0,0.0029456264
10044,valid,0,0.00091612915
8806,valid,0,0.0005005536
3569,valid,0,0.0017989558
7809,valid,0,0.005596884
2198,valid,0,7.1536684e-05
3754,valid,0,0.0015947651
912,valid,0,0.0021892595
8615,valid,0,0.00087374717
4688,valid,0,0.0012927647
5449,valid,0,0.00018265772
8735,valid,0,2.123162e-05
321,valid,0,0.006983139
3694,valid,0,1.555348e-05
6172,valid,0,0.0010661507
10743,valid,0,3.5891273e-05
4976,valid,0,0.0021430699
6541,valid,0,8.1092185e-06
1763,valid,0,0.00022997046
4408,valid,0,0.0005708455
8895,valid,0,0.0087610185
10014,valid,0,0.0035675783
6113,valid,0,2.9861183e-05
2710,valid,0,0.000665547
7083,valid,0,0.0026461862
4155,valid,0,0.0070021083
1879,valid,0,7.153619e-05
890,valid,0,0.00417535
4579,valid,0,0.0007544204
9561,valid,0,0.00035837642
2210,valid,0,2.5520587e-05
7246,valid,0,0.0005126373
4241,valid,0,0.0010443702
8896,valid,0,0.0014027201
5084,valid,0,0.0027781415
7667,valid,0,1.1506691e-05
10154,valid,0,0.0028971985
9354,valid,0,0.0006364497
3025,valid,0,0.0027132002
7231,valid,0,3.856301e-05
9366,valid,0,2.6354752e-05
5500,valid,0,0.0025017043
9578,valid,0,0.0010060499
8125,valid,0,0.0011726802
1034,valid,0,0.014047093
746,valid,0,0.001958313
7068,valid,0,0.0129509885
3372,valid,0,0.00010051366
9156,valid,0,0.001138895
2277,valid,0,0.0065318947
3652,valid,0,0.0006578347
7745,valid,0,0.0040536853
1133,valid,0,0.00043681834
420,valid,0,0.00025344364
10402,valid,0,0.0046027554
1781,valid,0,0.0022975234
9269,valid,0,0.00018212097
8485,valid,0,0.002256133
3052,valid,0,0.001014914
7084,valid,0,0.00026352453
8671,valid,0,3.243811e-05
7817,valid,0,1.6374772e-05
3940,valid,0,0.0020356053
3063,valid,0,1.9833553e-05
8659,valid,0,8.091416e-05
2559,valid,0,0.00064712716
376,valid,0,4.252486e-05
5428,valid,0,0.0001757293
1559,valid,0,0.00066302455
4878,valid,0,0.00058707845
5411,valid,0,2.618682e-05
1425,valid,0,0.00042062794
7526,valid,0,4.2908694e-05
5942,valid,0,0.0016341123
2948,valid,0,0.0006188066
7317,valid,0,2.0173615e-05
5686,valid,0,0.0006822638
9576,valid,0,0.00097370066
9495,valid,0,2.2016804e-05
1093,valid,0,0.019306244
8914,valid,0,0.0005050349
3051,valid,0,0.00029767552
5421,valid,0,0.000419487
6168,valid,0,0.0062306765
3435,valid,0,7.2912764e-05
6675,valid,0,0.000100162295
10805,valid,0,0.0007362521
936,valid,0,9.304234e-05
7130,valid,0,0.00046192796
1958,valid,0,0.0010978568
8620,valid,0,5.4722732e-05
6001,valid,0,0.00032340415
8672,valid,0,0.00010469265
10812,valid,0,0.0012526629
1258,valid,0,0.00075218856
8744,valid,0,1.6952074e-05
1102,valid,0,0.0020165362
897,valid,0,4.215763e-05
6917,valid,0,0.0042145224
5433,valid,0,0.0054289526
8129,valid,0,1.6828742e-05
2280,valid,0,2.573236e-05
10408,valid,0,2.561968e-05
7529,valid,0,1.7534057e-05
9747,valid,0,0.0003592968
10198,valid,0,1.9347453e-05
10144,valid,0,1.6374772e-05
2838,valid,0,0.0011259181
10233,valid,0,0.00074689544
3449,valid,0,5.0293715e-05
5311,valid,0,0.013660188
7048,valid,0,0.00031262627
8663,valid,0,8.986189e-06
8863,valid,0,0.0011472772
10221,valid,0,0.0010496501
4160,valid,0,3.0521518e-05
69,valid,0,0.0004822255
8274,valid,0,2.3789818e-05
10928,valid,0,6.4179905e-05
1680,valid,0,2.3032282e-05
3696,valid,0,2.4405374e-05
8463,valid,0,3.95357e-05
2583,valid,0,0.0001066755
10930,valid,0,1.6004356e-05
3920,valid,0,0.0035311768
10006,valid,0,0.00036458598
5748,valid,0,0.001954558
8399,valid,0,0.001918749
2566,valid,0,0.0012242314
4119,valid,0,0.015018123
10458,valid,0,1.0561133e-05
10777,valid,0,0.00017864197
9519,valid,0,1.8370918e-05
9553,valid,0,0.0010928612
2396,valid,0,0.0001482789
3934,valid,0,0.0007650692
8635,valid,0,0.0004407511
6163,valid,0,0.0008020614
1842,valid,0,4.462544e-05
6924,valid,0,1.13147535e-05
3942,valid,0,0.0016159302
5831,valid,0,1.7855209e-05
4405,valid,0,0.0004731059
7385,valid,0,0.0042065554
2221,valid,0,0.00063107535
1259,valid,0,1.1231963e-05
2076,valid,0,0.000936544
6120,valid,0,0.00016944752
5738,valid,0,8.267528e-06
6521,valid,0,3.2874297e-05
4243,valid,0,0.0029239578
3434,valid,0,0.00092946633
4866,valid,0,1.6952074e-05
6276,valid,0,0.0040566144
8115,valid,0,0.0011247057
8474,valid,0,0.008874616
10196,valid,0,5.83891e-05
4807,valid,0,0.00081548444
10925,valid,0,0.00032242807
494,valid,0,0.0006716899
2204,valid,0,0.0013017321
9587,valid,0,0.0008485813
1759,valid,0,0.0016176881
8730,valid,0,1.7534057e-05
2459,valid,0,0.00018822873
9557,valid,0,1.2545294e-05
2557,valid,0,2.3599654e-05
9743,valid,0,1.6374772e-05
4449,valid,0,0.0011291121
3752,valid,0,2.5805226e-05
4399,valid,0,1.9481853e-05
2928,valid,0,0.00032040302
7527,valid,0,0.00033583678
10223,valid,0,3.269125e-05
10828,valid,0,9.609413e-06
2085,valid,0,2.9083183e-05
5524,valid,0,1.201094e-05
8729,valid,0,0.0006672413
8511,valid,0,0.023679186
6371,valid,0,0.00015058946
3891,valid,0,0.00013181444
8271,valid,0,0.00010698085
5504,valid,0,1.17903455e-05
1131,valid,0,0.00042123633
2572,valid,0,2.956993e-05
10997,valid,0,0.0010807257
6092,valid,0,0.0043491116
478,valid,0,0.00037138435
7249,valid,0,0.00026718774
7022,valid,0,0.00024542367
6372,valid,0,2.901982e-05
4003,valid,0,0.0032679588
6549,valid,0,0.00038321895
2279,valid,0,0.00069779565
2939,valid,0,0.0005591181
7448,valid,0,2.4922714e-05
3105,valid,0,0.0042024986
6918,valid,0,0.0019680925
4781,valid,0,1.0870785e-05
4774,valid,0,0.0002941254
8366,valid,0,0.0003502754
9370,valid,0,0.0018562231
4477,valid,0,0.001805732
5946,valid,0,0.0005253474
4240,valid,0,0.0009135445
3931,valid,0,1.0767405e-05
6334,valid,0,0.00039421194
7595,valid,0,2.3908933e-05
4867,valid,0,0.00062044204
8359,valid,0,0.0005833666
5527,valid,0,0.0013856841
6546,valid,0,0.0035325347
8481,valid,0,0.000117590425
518,valid,0,0.0007656677
8476,valid,0,0.02057813
10758,valid,0,0.00056376815
10830,valid,0,1.2530689e-05
4545,valid,0,1.6374772e-05
6126,valid,0,1.6374772e-05
8510,valid,0,6.253931e-05
10226,valid,0,9.4592615e-06
4865,valid,0,5.425512e-05
1437,valid,0,4.9153456e-05
7053,valid,0,0.001613878
3508,valid,0,8.9430425e-05
3442,valid,0,0.003928472
6931,valid,0,0.002654812
7233,valid,0,0.01938672
3915,valid,0,0.0007685982
8509,valid,0,1.3368604e-05
7668,valid,0,0.00039552856
10605,valid,0,0.00026952484
5530,valid,0,0.004455874
10748,valid,0,1.7398643e-05
10156,valid,0,0.0005018662
9763,valid,0,1.9356728e-05
1684,valid,0,4.1671417e-05
6197,valid,0,0.0009693833
5098,valid,0,0.001471363
1562,valid,0,0.00015471279
2458,valid,0,0.004952543
9489,valid,0,0.0017330764
706,valid,0,0.0021898546
8742,valid,0,0.0004426518
7076,valid,0,0.00083452364
6929,valid,0,0.002385368
6343,valid,0,2.8548078e-05
3439,valid,0,0.0013385548
7085,valid,0,1.1647427e-05
10395,valid,0,3.783241e-05
3697,valid,0,0.00038780872
2655,valid,0,0.0011213281
5075,valid,0,0.001110787
3911,valid,0,8.09731e-05
7101,valid,0,0.0013593123
8361,valid,0,1.4947022e-05
3910,valid,0,1.6952074e-05
1256,valid,1,0.005578182
1455,valid,0,0.0014850054
6386,valid,0,0.0030645542
298,valid,0,0.001567392
9779,valid,0,0.0003277521
768,valid,0,3.5981502e-05
4481,valid,0,4.3891454e-05
311,valid,0,0.0003468413
5134,valid,0,0.0006542678
10834,valid,0,3.688163e-05
1135,valid,0,0.0074182255
10606,valid,0,5.1097057e-05
3939,valid,0,0.0019363741
6177,valid,0,0.017263152
3022,valid,0,0.002062513
6676,valid,0,4.073021e-05
2944,valid,0,0.0012724829
3058,valid,0,0.0037346757
6567,valid,0,0.052438404
6550,valid,0,5.7822315e-05
10169,valid,0,5.647661e-05
8395,valid,0,0.0027945624
6488,valid,0,0.0035573125
753,valid,0,0.001857697
7464,valid,0,0.00037237458
4980,valid,0,8.567704e-06
4888,valid,0,4.039438e-05
7049,valid,0,0.001031141
10318,valid,0,0.004346244
4485,valid,0,1.470655e-05
4825,valid,0,1.49837315e-05
3890,valid,0,0.00037864278
10397,valid,0,0.0003574876
10016,valid,0,0.002907029
3104,valid,0,1.8932527e-05
10945,valid,0,0.0005581491
6524,valid,0,0.0010482762
7531,valid,0,0.0015488255
5948,valid,0,2.5142515e-05
1567,valid,0,3.6325902e-05
60,valid,0,2.3893024e-05
1436,valid,0,3.706851e-05
2646,valid,0,2.829424e-05
3687,valid,0,0.0016126627
6562,valid,0,9.165619e-06
4440,valid,0,0.00025572302
2709,valid,0,4.109287e-05
7023,valid,0,5.1701325e-05
6636,valid,0,0.00054855173
10225,valid,0,0.0007809703
10596,valid,0,0.00782914
2395,valid,0,0.002534407
8857,valid,0,0.00055238244
2393,valid,0,0.0006827514
9555,valid,0,7.429429e-05
7232,valid,0,8.267528e-06
5497,valid,0,0.0011787397
7064,valid,0,2.5566213e-05
5318,valid,0,0.001421208
7460,valid,0,3.1508862e-05
3510,valid,0,3.607962e-05
2554,valid,0,1.6374772e-05
10050,valid,0,1.8584658e-05
8638,valid,0,1.9347453e-05
70,valid,0,3.7464066e-05
1058,valid,0,0.00130089
1956,valid,0,2.0566213e-05
6180,valid,0,5.632291e-05
2281,valid,0,6.8596135e-05
9346,valid,0,0.0005299569
2084,valid,0,4.5083336e-05
2228,valid,0,0.0011081343
8639,valid,0,2.3598444e-05
2930,valid,0,0.0004964172
4163,valid,0,5.909538e-05
4986,valid,0,0.0001528851
10810,valid,0,0.0018160379
3023,valid,0,0.00082697684
10400,valid,0,0.00014238051
7031,valid,0,0.00045582216
9577,valid,0,0.0017131207
8117,valid,0,7.134051e-05
10201,valid,0,0.0001959303
8810,valid,0,0.00010530273
52,valid,0,0.00015116576
9342,valid,0,1.0625065e-05
10590,valid,0,0.001463569
3893,valid,0,0.0018092373
10042,valid,0,0.024086738
9273,valid,0,7.349526e-05
790,valid,0,0.0032879743
6498,valid,0,8.5873864e-05
7488,valid,0,2.4359855e-05
2226,valid,0,0.00013463061
6005,valid,0,0.00075630314
5087,valid,0,0.0003060023
9567,valid,0,1.4797285e-05
760,valid,0,0.0004961863
738,valid,0,0.00011892738
6544,valid,0,0.00011394578
1736,valid,0,0.0030414336
1832,valid,0,0.00017175304
10470,valid,0,0.0014000768
7229,valid,0,0.00053120713
7477,valid,0,0.000392826
3897,valid,0,0.00034281242
8856,valid,0,0.00070222537
8665,valid,0,0.00017698448
51,valid,0,3.706851e-05
3086,valid,0,4.760006e-05
8860,valid,0,0.00068662304
4156,valid,0,0.0005751883
6215,valid,0,0.0004067851
3627,valid,0,9.259017e-06
7657,valid,0,6.330315e-05
9491,valid,0,0.0006327753
3445,valid,0,9.160833e-06
1260,valid,0,8.638321e-06
10755,valid,0,4.594123e-05
9570,valid,0,0.0007123905
5093,valid,0,0.003062605
703,valid,0,0.0031017163
7343,valid,0,0.0010046774
9265,valid,0,0.0022586745
9554,valid,0,0.0015384487
8251,valid,0,0.0006412449
901,valid,0,0.0010883017
884,valid,0,1.9109648e-05
7826,valid,0,0.0010623741
8099,valid,0,0.0009320696
1094,valid,0,0.00032116886
3637,valid,0,3.0017482e-05
7069,valid,0,2.0508585e-05
8504,valid,0,1.9833553e-05
10770,valid,0,0.0004579252
3941,valid,0,1.872247e-05
1147,valid,0,1.1852573e-05
8464,valid,0,7.4449046e-05
5305,valid,0,0.00044648358
1777,valid,0,0.0002449284
2218,valid,0,0.010489023
5681,valid,0,8.324201e-05
5422,valid,0,0.0011087063
6219,valid,0,0.0009947948
6106,valid,0,0.0025879105
5102,valid,0,0.0013236881
3638,valid,0,0.00087782065
1051,valid,0,0.0024692428
8478,valid,0,3.551588e-05
1765,valid,0,0.00051054225
3895,valid,0,2.8490791e-05
7476,valid,0,0.00133571
1536,valid,0,0.0005680637
10013,valid,0,1.9481855e-05
4707,valid,0,0.002441941
9436,valid,0,0.0007427073
4983,valid,0,0.00041228096
4694,valid,0,0.0014106885
932,valid,0,0.0019039876
4763,valid,0,0.002355754
3096,valid,0,0.00019957747
895,valid,0,0.0032809074
4010,valid,0,0.00082374347
9271,valid,0,0.0024675503
877,valid,0,0.0021400966
3567,valid,0,3.430752e-05
6448,valid,0,0.0021066088
7100,valid,0,0.00041307372
10193,valid,0,2.2716142e-05
4231,valid,0,0.0018166027
2285,valid,0,0.00014292981
2679,valid,0,5.3596897e-05
1738,valid,0,0.0033201752
705,valid,0,3.2533793e-05
5943,valid,0,0.0011037649
4161,valid,0,0.009188289
5090,valid,0,0.0014143145
5068,valid,0,0.0034120989
9147,valid,0,0.0030153336
9140,valid,0,0.00079214806
4820,valid,0,0.007339464
6468,valid,0,0.009361505
1267,valid,0,0.004455719
4601,valid,0,0.007215472
919,valid,0,0.007048701
6688,valid,0,0.0008006407
1782,valid,0,0.0015710896
9758,valid,0,0.0012783036
5941,valid,0,0.020359755
6906,valid,0,0.0020577598
3440,valid,0,0.0023508838
10308,valid,0,0.0013610495
9379,valid,0,0.0021420883
4689,valid,0,0.003798429
8484,valid,0,0.0016336879
2219,valid,0,0.0017525109
10843,valid,0,0.05463829
6936,valid,0,0.0020386938
5442,valid,0,0.00052492594
8907,valid,0,1.3372565e-05
10825,valid,0,0.0029010926
4129,valid,0,8.290314e-05
4439,valid,0,4.0875017e-05
10157,valid,0,1.1788653e-05
5408,valid,0,0.00086301396
6497,valid,0,0.00067277305
4883,valid,0,8.677076e-06
1423,valid,0,0.00023946789
8466,valid,0,8.047713e-06
8100,valid,0,3.3237873e-05
303,valid,0,0.00012010039
11054,valid,0,0.00060007523
6015,valid,0,2.941463e-05
10166,valid,0,3.228326e-05
2833,valid,0,0.0002630898
9363,valid,0,1.4904917e-05
4880,valid,0,1.9141315e-05
7072,valid,0,0.00012926485
10228,valid,0,0.0010041405
9276,valid,0,0.00012676732
3645,valid,0,0.00034153846
922,valid,0,0.00064063957
5315,valid,0,5.1118182e-05
876,valid,0,2.7297803e-05
5420,valid,0,3.904227e-05
2199,valid,0,0.00026440155
7593,valid,0,0.0007256126
1569,valid,0,0.00075590593
1571,valid,0,6.617533e-05
5426,valid,0,0.0034520864
7026,valid,0,0.0002318931
7123,valid,0,5.3412954e-05
4598,valid,0,0.0025982885
744,valid,0,0.01710018
5057,valid,0,0.00054869027
7812,valid,0,0.00028747678
751,valid,0,0.001169483
4764,valid,0,0.001753298
530,valid,0,0.0046505346
5088,valid,0,0.00037257676
1994,valid,0,0.003097669
1553,valid,0,0.00043332082
7392,valid,0,2.138868e-05
1446,valid,0,0.00011843854
2845,valid,0,0.00024070678
6384,valid,0,6.963037e-05
8911,valid,0,1.1937514e-05
6093,valid,0,0.00038423474
1041,valid,0,0.004591997
488,valid,0,0.0005558753
7288,valid,0,0.0031918213
6275,valid,0,1.3753098e-05
2846,valid,0,3.4087236e-05
7041,valid,0,0.00037199655
10159,valid,0,1.6952074e-05
6672,valid,0,0.0006594909
9574,valid,0,0.005826435
1445,valid,0,6.114116e-05
9524,valid,0,0.001100833
7831,valid,0,0.00051541615
9378,valid,0,9.947333e-06
1551,valid,0,0.010192317
4121,valid,0,0.0006174763
1056,valid,0,0.0012453985
6153,valid,0,0.00012898358
10216,valid,0,1.0769589e-05
9527,valid,0,0.00024103421
5313,valid,0,3.3006676e-05
4686,valid,0,0.0035529444
6632,valid,0,7.148105e-05
4421,valid,0,0.00065881066
3059,valid,0,0.0022022552
9744,valid,0,7.1159935e-05
6195,valid,0,0.020415183
1097,valid,0,0.0063090255
1681,valid,0,0.004346443
6161,valid,0,0.06570933
482,valid,0,9.036212e-06
2759,valid,0,0.00036536332
10780,valid,0,0.012730364
2768,valid,0,0.0018854464
7241,valid,0,0.0034394027
7193,valid,0,2.0683286e-05
10607,valid,0,3.573899e-05
8256,valid,0,0.0049996627
915,valid,0,0.0022592044
7244,valid,0,1.0301265e-05
6212,valid,0,0.0003488749
6491,valid,0,1.4635813e-05
10215,valid,0,0.0026378375
4479,valid,0,0.00081139174
1156,valid,0,0.019423261
5817,valid,0,0.00034322217
1985,valid,0,0.0009622491
5443,valid,0,0.00062243466
1986,valid,0,8.456229e-06
8468,valid,0,0.0013734695
3572,valid,0,1.6970529e-05
933,valid,0,0.00076671434
3029,valid,0,0.00029437733
6523,valid,0,2.0589243e-05
4803,valid,0,9.815793e-06
7520,valid,0,0.00048606374
1533,valid,0,0.0013852806
4782,valid,0,0.00046677253
8255,valid,0,0.0007846679
2556,valid,0,0.0008624203
10399,valid,0,0.00014894796
10297,valid,0,0.00041138145
3921,valid,0,7.587525e-05
8788,valid,0,0.0018308725
9563,valid,0,7.0895956e-05
1154,valid,0,0.0006813759
5938,valid,0,0.0004407209
5415,valid,0,0.00084919593
7325,valid,0,0.0024284585
3074,valid,0,0.0020364467
7446,valid,0,0.00017316686
2773,valid,0,2.8235258e-05
3691,valid,0,0.0007225423
9488,valid,0,0.00016332812
4407,valid,0,0.0008045853
2478,valid,0,0.00024204026
9247,valid,0,0.00017525123
9525,valid,0,8.0948275e-06
4244,valid,0,0.00018655176
9515,valid,0,3.0252671e-05
2586,valid,0,0.00015941169
941,valid,0,1.5309042e-05
7050,valid,0,4.344063e-05
7492,valid,0,0.00028619962
6382,valid,0,0.00079058926
9520,valid,0,3.6843594e-05
8104,valid,0,1.788615e-05
3914,valid,0,0.00036898098
7467,valid,0,2.2972778e-05
4109,valid,0,1.3803326e-05
799,valid,0,9.302912e-05
9345,valid,0,3.742227e-05
380,valid,0,0.0005430788
2713,valid,0,0.00016069885
10820,valid,0,8.404351e-06
2202,valid,0,1.3493348e-05
1130,valid,0,5.2366893e-05
6338,valid,0,0.00033565797
2207,valid,0,0.00039150598
9390,valid,0,0.00021823001
7453,valid,0,6.360783e-05
5677,valid,0,2.7247599e-05
1679,valid,0,0.00011180778
523,valid,0,0.00027042246
5447,valid,0,0.0004717666
8391,valid,0,0.0013564969
7816,valid,0,0.0023340704
1677,valid,0,2.412378e-05
3095,valid,0,0.015836075
6209,valid,0,3.7667884e-05
8472,valid,0,3.948432e-05
5821,valid,0,8.092478e-05
2878,valid,0,0.004235068
3045,valid,0,0.00034777584
11055,valid,0,5.849302e-05
9749,valid,0,0.00043020546
3753,valid,0,0.00076340075
5105,valid,0,0.00068871846
1542,valid,0,9.815793e-06
8482,valid,0,2.5601601e-05
299,valid,0,9.815793e-06
10724,valid,0,1.0420089e-05
5066,valid,0,0.00046689043
2229,valid,0,0.00025530026
8905,valid,0,0.00046391974
1059,valid,0,1.1419604e-05
7181,valid,0,0.0003382804
10937,valid,0,9.814755e-06
9581,valid,0,0.00078139943
9591,valid,0,0.00042449418
6528,valid,0,0.0011824195
6013,valid,0,0.0009137271
6460,valid,0,1.2362161e-05
8812,valid,0,0.0014165624
8105,valid,0,4.5456178e-05
2849,valid,0,0.00023379369
11042,valid,0,1.9658704e-05
6167,valid,0,2.5732244e-05
3565,valid,0,8.722056e-06
2551,valid,0,0.00062498887
2665,valid,0,0.00032217725
6118,valid,0,0.00029308774
5956,valid,0,1.1993697e-05
2834,valid,0,4.759928e-05
6471,valid,0,0.0008615348
7088,valid,0,0.0006424504
3764,valid,0,0.001446517
7194,valid,0,0.0017830185
745,valid,0,3.519961e-05
2880,valid,0,0.000115736555
2187,valid,0,0.0024419643
1874,valid,0,1.8948602e-05
7470,valid,0,3.4836736e-05
7813,valid,0,0.0033211755
8124,valid,0,0.002194841
4092,valid,0,0.0026319148
6545,valid,0,9.027014e-06
7384,valid,0,3.9469956e-05
5356,valid,0,8.579512e-06
7449,valid,0,3.607962e-05
6125,valid,0,1.6374772e-05
3695,valid,0,2.8188957e-05
10341,valid,0,2.3098522e-05
5405,valid,0,4.905304e-05
3065,valid,0,0.0063804872
6509,valid,0,6.6074645e-05
1111,valid,0,0.00084107666
10829,valid,0,0.00061017857
5410,valid,0,4.7160465e-05
4776,valid,0,1.29713235e-05
7478,valid,0,1.29713235e-05
10593,valid,0,1.1779048e-05
8356,valid,0,0.0012969198
2192,valid,0,0.00010107046
4093,valid,0,0.00046271383
7747,valid,0,0.0020756663
7815,valid,0,0.0007916558
8629,valid,0,0.0014305934
1055,valid,0,9.4592615e-06
8408,valid,0,0.0021681504
1687,valid,0,3.655033e-05
1572,valid,0,8.141609e-05
4590,valid,0,1.688935e-05
4875,valid,0,0.0006705648
5951,valid,0,4.362716e-05
6671,valid,0,1.0119924e-05
4532,valid,0,7.4106036e-05
10737,valid,0,0.00034823877
4884,valid,0,7.364263e-05
3761,valid,0,0.0055121216
8816,valid,0,0.0013143317
3759,valid,0,7.695791e-05
9742,valid,0,0.00016032581
7104,valid,0,7.17253e-05
10404,valid,0,0.00021986
5947,valid,0,0.001941498
3031,valid,0,3.620968e-05
5138,valid,0,0.021522067
7383,valid,0,4.133879e-05
3689,valid,0,0.0019065181
10849,valid,0,0.0049133543
10235,valid,0,0.0050549456
5080,valid,0,1.6872917e-05
8745,valid,0,0.003088068
9740,valid,0,0.0024527148
3922,valid,0,0.0012807627
4881,valid,0,0.0018151202
11013,valid,0,0.00025166862
7332,valid,0,0.00066408043
7065,valid,0,5.77631e-05
10298,valid,0,0.01220261
3027,valid,0,0.014562788
2286,valid,0,4.3921504e-05
10168,valid,0,0.0001368001
5940,valid,0,1.5117575e-05
5451,valid,0,4.4964596e-05
6695,valid,0,9.313441e-06
9556,valid,0,0.0006232331
7051,valid,0,0.00065054535
2196,valid,0,6.6287066e-05
6453,valid,0,0.0019406071
1774,valid,0,3.4836736e-05
5493,valid,0,0.0009632934
4473,valid,0,0.0022655902
8865,valid,0,0.002233503
5818,valid,0,3.303691e-05
4232,valid,0,8.8048855e-06
7528,valid,0,0.00067083887
3925,valid,0,9.798842e-06
6485,valid,0,8.8836e-06
6127,valid,0,6.62872e-05
8114,valid,0,1.8583783e-05
5517,valid,0,2.2295275e-05
4484,valid,0,0.0018525516
9776,valid,0,6.307403e-05
3649,valid,0,2.907804e-05
2477,valid,0,0.000978948
2190,valid,0,0.000106690626
6207,valid,0,1.42298895e-05
3760,valid,0,0.0021425174
4525,valid,0,7.449918e-05
8101,valid,0,6.836326e-05
1952,valid,0,0.000106835236
5303,valid,0,9.453624e-05
6514,valid,0,0.004339242
5510,valid,0,0.0008949254
6095,valid,0,9.459266e-06
3369,valid,0,6.8941656e-05
2850,valid,0,0.0002703791
8792,valid,0,0.0019477259
9365,valid,0,0.011085026
6494,valid,0,0.0008738375
2259,valid,0,9.4536445e-05
7833,valid,0,3.235992e-05
6337,valid,0,0.0039173984
4471,valid,0,9.13793e-06
6501,valid,0,0.009028407
1159,valid,0,0.023625702
1546,valid,0,0.0026858875
1421,valid,0,4.970627e-05
58,valid,0,1.8818402e-05
9490,valid,0,0.0013058227
8636,valid,0,0.00013501909
10832,valid,0,0.0039448314
10046,valid,0,4.6462585e-05
9148,valid,0,9.137924e-06
9145,valid,0,0.0013698917
4102,valid,0,8.166704e-05
4128,valid,0,9.459259e-06
6194,valid,0,9.6582935e-06
7750,valid,0,0.0009503184
1095,valid,0,0.0006233677
9151,valid,0,3.688163e-05
5668,valid,0,0.0017650856
10839,valid,0,0.005856028
8682,valid,0,0.004967145
3892,valid,0,7.1266724e-05
8660,valid,0,0.00013329666
10603,valid,0,2.8784949e-05
7535,valid,0,0.0022078461
2462,valid,0,0.0001282356
4164,valid,0,8.434704e-05
6444,valid,0,2.3892138e-05
7455,valid,0,5.0465147e-05
8628,valid,0,0.000102222475
10150,valid,0,0.001488646
4556,valid,0,0.00016961557
5505,valid,0,0.0001282356
2251,valid,0,0.0001282356
3092,valid,0,0.011379988
8681,valid,0,0.00012823708
5528,valid,0,0.0037056857
2447,valid,0,0.0016504055
3894,valid,0,0.00010388994
10609,valid,0,0.0015588403
4022,valid,0,0.07006507
6533,valid,0,0.000103482824
9327,valid,0,1.4928088e-05
2468,valid,0,0.00031760926
7128,valid,0,9.2214825e-05
3109,valid,0,0.00020881458
4418,valid,0,0.00012405746
10153,valid,0,0.00031613858
4543,valid,0,0.0008176656
3064,valid,0,0.00035075552
6272,valid,0,0.0005789344
10854,valid,0,0.0007517046
5419,valid,0,0.00014597684
3507,valid,0,0.00020235319
1683,valid,0,0.000116967625
2716,valid,0,0.00024339555
3362,valid,0,1.9299623e-05
7052,valid,0,1.2804959e-05
10840,valid,0,9.987153e-06
7103,valid,0,0.00065368233
6217,valid,0,0.00040452078
7032,valid,0,3.2459924e-05
8495,valid,0,0.0009832721
1441,valid,0,2.5796144e-05
3919,valid,0,3.271936e-05
7513,valid,0,0.0010147593
5676,valid,0,1.2388748e-05
5439,valid,0,0.000829542
7097,valid,0,8.3966215e-06
4535,valid,0,0.00033603847
4009,valid,0,0.00027752703
8462,valid,0,8.259161e-06
2708,valid,0,6.4965425e-05
6210,valid,0,0.0016336999
1544,valid,0,4.8331145e-05
5999,valid,0,0.0006358152
6926,valid,0,1.198984e-05
6681,valid,0,5.164582e-05
10732,valid,0,1.5227799e-05
1729,valid,0,0.0048014293
4448,valid,0,0.00034913624
8916,valid,0,0.00065137644
6350,valid,0,0.00032343456
5431,valid,0,3.477517e-05
5104,valid,0,1.5514786e-05
4578,valid,0,1.1302397e-05
1885,valid,0,0.00046668932
3693,valid,0,2.7247599e-05
10148,valid,0,1.7425258e-05
1447,valid,0,0.00085417303
6564,valid,0,1.6722252e-05
5094,valid,0,1.7757653e-05
480,valid,0,0.00038931685
8791,valid,0,0.00027109342
9750,valid,0,8.0473445e-05
4554,valid,0,0.00034565126
4441,valid,0,5.4197913e-05
1561,valid,0,0.00081344834
4002,valid,0,1.9845038e-05
4021,valid,0,0.00077981554
4533,valid,0,0.0014304845
3062,valid,0,0.0009541188
10756,valid,0,0.00055913546
5939,valid,0,5.7306315e-05
2668,valid,0,3.9210845e-05
3916,valid,0,7.758448e-05
1744,valid,0,1.6199001e-05
10602,valid,0,0.0033272137
7523,valid,0,0.00074515166
7077,valid,0,0.0007205105
3561,valid,0,1.0142968e-05
6091,valid,0,0.0005231209
6554,valid,0,1.1697664e-05
2475,valid,0,0.0003658539
8677,valid,0,0.0015604553
6228,valid,0,2.0127827e-05
7542,valid,0,6.4031345e-05
6187,valid,0,0.0013971955
1754,valid,0,3.5743986e-05
1557,valid,0,1.3928562e-05
2670,valid,0,0.00043344504
8727,valid,0,9.962396e-05
6469,valid,0,0.005763963
2946,valid,0,0.0019792404
11061,valid,0,0.0021481507
48,valid,0,0.00026293346
3111,valid,0,5.1701325e-05
2004,valid,0,8.942088e-06
9387,valid,0,0.00021232878
6522,valid,0,6.0374994e-05
7821,valid,0,0.00044562356
5516,valid,0,8.292226e-06
2456,valid,0,0.0007582191
3373,valid,0,3.540545e-05
7080,valid,0,0.0007955394
8619,valid,0,4.2017957e-05
7045,valid,0,3.620976e-05
11046,valid,0,4.132536e-05
1773,valid,0,2.160477e-05
10944,valid,0,6.707552e-06
11010,valid,0,0.0005088157
10922,valid,0,2.067356e-05
516,valid,0,0.0007018466
2552,valid,0,4.9019465e-05
2847,valid,0,0.000981283
9358,valid,0,0.0051891124
6474,valid,0,1.798546e-05
2256,valid,0,1.807606e-05
3036,valid,0,1.9281177e-05
10608,valid,0,1.0379666e-05
6629,valid,0,2.124049e-05
7090,valid,0,8.579512e-06
1543,valid,0,9.557729e-06
10476,valid,0,6.620206e-06
479,valid,0,0.0007860284
7336,valid,0,9.756222e-06
62,valid,0,0.0011417633
2661,valid,0,0.0025726454
2765,valid,0,0.0013703632
6198,valid,0,0.0018580428
8110,valid,0,0.00016825859
9583,valid,0,1.5546935e-05
3943,valid,0,8.81568e-06
8627,valid,0,2.5528941e-05
524,valid,0,0.013213793
6223,valid,0,0.005335727
5494,valid,0,0.0036546264
9326,valid,0,8.476084e-06
3047,valid,0,0.00019278024
10746,valid,0,8.476084e-06
6019,valid,0,0.0005427341
6505,valid,0,0.00065537303
7245,valid,0,9.468131e-06
7814,valid,0,6.850152e-05
10725,valid,0,8.644159e-06
3576,valid,0,8.476084e-06
4447,valid,0,1.6952074e-05
1953,valid,0,0.0016398265
2760,valid,0,1.6558744e-05
909,valid,0,7.986668e-06
7338,valid,0,1.6950104e-05
10597,valid,0,0.00017041502
4677,valid,0,0.012442772
5674,valid,0,0.00034899238
6354,valid,0,0.0042544957
5069,valid,0,0.00057980296
925,valid,0,1.26521545e-05
7473,valid,0,0.0017087361
2656,valid,0,9.671621e-05
6461,valid,0,8.476084e-06
3636,valid,0,8.579512e-06
1775,valid,0,9.23304e-06
1989,valid,0,0.0014492538
6265,valid,0,6.352366e-05
7530,valid,0,0.0002643148
4246,valid,0,1.42298895e-05
6678,valid,0,0.0007554206
7326,valid,0,2.223941e-05
5321,valid,0,6.301914e-05
8397,valid,0,0.003941322
9360,valid,0,0.0001993342
6519,valid,0,4.2994165e-05
6916,valid,0,0.0010524065
8238,valid,0,0.0004360133
4800,valid,0,0.0145640625
6480,valid,0,0.000104675375
5519,valid,0,0.00018257705
9371,valid,0,0.0020809302
1995,valid,0,1.2652138e-05
7482,valid,0,1.222234e-05
67,valid,0,1.682322e-05
1732,valid,0,9.226517e-06
786,valid,0,0.0030072904
1747,valid,0,0.0008942056
6532,valid,0,1.7787888e-05
1760,valid,0,0.0034277376
6189,valid,0,9.13793e-06
1272,valid,0,0.0010120205
2220,valid,0,0.008588457
10222,valid,0,1.3129603e-05
3443,valid,0,9.459266e-06
10208,valid,0,2.321881e-05
7578,valid,0,0.0007405519
2723,valid,0,0.0027741715
2081,valid,0,0.0011350343
6457,valid,0,1.2806535e-05
7486,valid,0,0.0026038478
6922,valid,0,1.1779043e-05
7484,valid,0,0.0010026945
7247,valid,0,9.2265145e-06
6170,valid,0,9.4592615e-06
8898,valid,0,0.0015130844
1826,valid,0,0.00078963576
7666,valid,0,7.5988224e-05
6199,valid,0,9.4592615e-06
8739,valid,0,2.2881737e-05
1840,valid,0,9.4592615e-06
10316,valid,0,9.021837e-06
3091,valid,0,1.2380638e-05
6529,valid,0,1.9251758e-05
9513,valid,0,1.7386945e-05
1261,valid,0,1.1779039e-05
7663,valid,0,0.00045451435
8829,valid,0,0.0007693553
7461,valid,0,0.00045646005
10586,valid,0,9.459259e-06
792,valid,0,9.226512e-06
1053,valid,0,4.213231e-05
802,valid,0,9.137924e-06
9333,valid,0,0.0016509803
3360,valid,0,6.5984015e-05
1770,valid,0,0.00064692344
10778,valid,0,9.137924e-06
3898,valid,0,5.495677e-05
5683,valid,0,7.415904e-05
2758,valid,0,5.7728117e-05
2080,valid,0,8.3104336e-05
11060,valid,0,0.0025179638
6558,valid,0,0.0002389944
2947,valid,0,9.459259e-06
5304,valid,0,0.0149229355
6176,valid,0,0.0025395676
10466,valid,0,9.228794e-06
5502,valid,0,3.3953605e-05
7320,valid,0,9.504027e-06
307,valid,0,0.0023707799
4765,valid,0,4.3983102e-05
6481,valid,0,9.634373e-06
5531,valid,0,0.0008495832
4547,valid,0,0.0045756274
7516,valid,0,0.0002645896
1548,valid,0,7.545055e-05
880,valid,0,0.025312554
1731,valid,0,0.002067897
50,valid,0,5.5086177e-05
7039,valid,0,4.0746538e-05
3946,valid,0,7.882931e-05
1725,valid,0,0.008810859
7089,valid,0,8.5709675e-05
6261,valid,0,0.0052018287
3097,valid,0,1.4677642e-05
910,valid,0,0.07715621
6008,valid,0,0.00013225216
6218,valid,0,0.0006214361
8248,valid,0,0.00010698085
7575,valid,0,0.006804059
1429,valid,0,0.00017464758
5520,valid,0,2.5647558e-05
7671,valid,0,0.0001050373
316,valid,0,0.016971929
7353,valid,0,2.836026e-05
3101,valid,0,0.00018047707
4111,valid,0,0.025917903
2685,valid,0,0.032595947
5092,valid,0,6.946946e-05
7352,valid,0,0.0013078507
2933,valid,0,0.0031143192
5670,valid,0,8.527177e-05
7515,valid,0,0.00039967874
4684,valid,0,9.238725e-06
2194,valid,0,0.0008141194
3509,valid,0,3.075446e-05
8605,valid,0,0.0004540296
4091,valid,0,0.00020975237
3069,valid,0,0.00019574507
749,valid,0,0.00010223143
1884,valid,0,7.942926e-05
9566,valid,0,8.618257e-05
2648,valid,0,0.0001511757
8120,valid,0,0.00051655003
10045,valid,0,9.470913e-05
2563,valid,0,0.001281094
9259,valid,0,0.0003557605
10816,valid,0,0.00036540587
7659,valid,0,0.00053991756
10409,valid,0,8.961729e-05
5825,valid,0,0.00010429494
7829,valid,0,0.00044067568
944,valid,0,0.0003392273
3375,valid,0,0.0002555993
327,valid,0,1.1992995e-05
7660,valid,0,1.226053e-05
2203,valid,0,0.0018256636
1418,valid,0,3.4094668e-05
4235,valid,0,0.0018129797
1103,valid,0,0.00037641378
5444,valid,0,0.00012978313
6375,valid,0,8.330719e-06
10211,valid,0,4.0701896e-05
10171,valid,0,0.0030687572
7519,valid,0,0.00019723932
9335,valid,0,0.00018478448
2394,valid,0,2.6506083e-05
5830,valid,0,0.0006924331
4103,valid,0,1.7188686e-05
10218,valid,0,2.4341103e-05
61,valid,0,0.00058595
6270,valid,0,3.202935e-05
1435,valid,0,0.0006965991
4879,valid,0,0.0013475597
6637,valid,0,8.352868e-05
3646,valid,0,0.0002828596
8367,valid,0,3.5573095e-05
5816,valid,0,0.00036989554
2641,valid,0,3.5511086e-05
2186,valid,0,3.3435565e-05
49,valid,0,1.3077556e-05
5076,valid,0,0.0007578182
5317,valid,0,0.00014961707
6006,valid,0,0.00038815755
2215,valid,0,1.739021e-05
1743,valid,0,8.608452e-06
6449,valid,0,8.259161e-06
2565,valid,0,0.00038407443
2721,valid,0,0.0027063356
1539,valid,0,9.112099e-06
879,valid,0,0.0003699765
3906,valid,0,0.0006210689
9493,valid,0,0.00061819656
2770,valid,0,0.00034576256
2935,valid,0,0.00039477827
1037,valid,0,1.1818714e-05
2558,valid,0,4.9456103e-05
6226,valid,0,0.0004018306
6557,valid,0,0.00014188247
7479,valid,0,0.0018287683
6227,valid,0,0.00046380985
4815,valid,0,0.00015721885
6101,valid,0,3.9322877e-05
10935,valid,0,1.461504e-05
2261,valid,0,2.1645728e-05
4690,valid,0,3.4502427e-05
5071,valid,0,1.731029e-05
5414,valid,0,5.1890984e-05
6165,valid,0,1.7310284e-05
6515,valid,0,9.042552e-05
913,valid,0,8.195509e-05
6353,valid,0,0.00064268656
4816,valid,0,3.8722977e-05
4476,valid,0,0.0013380969
2649,valid,0,0.00019184528
7335,valid,0,3.7116177e-05
7536,valid,0,3.7116177e-05
8861,valid,0,0.00090195873
5949,valid,0,3.099968e-05
6162,valid,0,3.33397e-05
6326,valid,0,7.6061966e-05
5081,valid,0,2.13392e-05
10398,valid,0,0.000793482
11049,valid,0,1.8015287e-05
10301,valid,0,7.5506665e-05
2756,valid,0,0.002473467
8252,valid,0,0.0023196044
9343,valid,0,1.7398643e-05
9344,valid,0,6.257365e-05
8458,valid,0,0.00054421724
2000,valid,0,0.0006342216
6679,valid,0,0.0017390708
4242,valid,0,4.4380067e-05
3078,valid,0,1.9170897e-05
4446,valid,0,0.0008075759
7242,valid,0,2.055452e-05
1741,valid,0,0.0047226883
8732,valid,0,0.0015872328
8626,valid,0,0.0019171146
1558,valid,0,0.00044740547
6510,valid,0,0.00046552875
5085,valid,0,3.9945837e-05
6473,valid,0,0.00018747525
704,valid,0,0.0002922741
9585,valid,0,0.00019525793
11062,valid,0,0.0019950191
319,valid,0,0.0014011157
7324,valid,0,0.00034813726
1750,valid,0,1.7196262e-05
11059,valid,0,2.3209617e-05
7749,valid,0,0.0035075098
3643,valid,0,1.4568933e-05
798,valid,0,1.6043468e-05
10718,valid,0,0.0006022866
2927,valid,0,0.00059142883
4791,valid,0,1.6567144e-05
6517,valid,0,0.0012317298
7672,valid,0,0.000888305
1990,valid,0,0.0006287319
914,valid,0,1.0142968e-05
7655,valid,0,9.532314e-05
10598,valid,0,5.0392926e-05
7127,valid,0,0.00056550885
2252,valid,0,1.1591424e-05
10822,valid,0,9.482348e-06
5106,valid,0,8.606779e-06
9261,valid,0,1.8930448e-05
8240,valid,0,7.859981e-06
9272,valid,0,0.0007328655
1767,valid,0,2.1491662e-05
10053,valid,0,0.0008717837
1087,valid,0,0.001267044
4116,valid,0,0.00031103753
7121,valid,0,0.0006799716
5074,valid,0,0.0025870171
9262,valid,0,0.0012403459
1254,valid,0,1.14288105e-05
4482,valid,0,1.0063428e-05
4702,valid,0,0.00031788985
5320,valid,0,0.0039576134
1443,valid,0,0.0022395372
6928,valid,0,7.953471e-06
4778,valid,0,0.00034801394
10015,valid,0,0.00080568535
7836,valid,0,4.024184e-05
6264,valid,0,3.8329916e-05
1876,valid,0,3.8542796e-05
7463,valid,0,5.0205275e-05
1737,valid,0,9.478804e-06
8358,valid,0,0.00032989035
9782,valid,0,0.0016927079
6551,valid,0,0.00032445986
4539,valid,0,9.361339e-05
9738,valid,0,0.00060158566
5100,valid,0,0.0004300009
4101,valid,0,0.00020795387
2660,valid,0,9.803893e-05
7594,valid,0,8.940079e-06
8280,valid,0,0.008457569
531,valid,0,0.0003825732
2657,valid,0,3.389828e-05
2224,valid,0,3.212188e-05
7190,valid,0,0.00039501794
2569,valid,0,2.3762263e-05
1828,valid,0,9.165619e-06
2448,valid,0,0.001244131
2941,valid,0,7.1104746e-06
11043,valid,0,2.436245e-05
1248,valid,0,5.9474918e-05
6347,valid,0,8.636381e-06
9133,valid,0,0.00046018162
1107,valid,0,9.259017e-06
5509,valid,0,0.0022032182
2678,valid,0,0.0018012942
9761,valid,0,0.002124363
3098,valid,0,1.0180766e-05
7393,valid,0,8.8269684e-05
10844,valid,0,7.437046e-05
9270,valid,0,9.412331e-06
7250,valid,0,0.004160948
7739,valid,0,1.2826026e-05
6911,valid,0,8.638321e-06
7485,valid,0,0.0035731753
8793,valid,0,4.4587527e-05
1161,valid,0,3.4852786e-05
4410,valid,0,3.8668473e-05
2582,valid,0,0.0004100706
4793,valid,0,1.779887e-05
5349,valid,0,9.430187e-06
3945,valid,0,0.0008462352
6483,valid,0,0.003016802
1045,valid,0,6.3321735e-05
6344,valid,0,0.0017354909
2248,valid,0,4.230082e-05
4693,valid,0,0.0017046401
6370,valid,0,0.0003793319
740,valid,0,0.00010777371
4403,valid,0,8.5529966e-05
9769,valid,0,5.7191675e-05
791,valid,0,1.9767534e-05
5306,valid,0,3.9181923e-05
9279,valid,0,0.0011423947
4696,valid,0,0.0033275166
4972,valid,0,0.106405385
5513,valid,0,1.9008285e-05
4797,valid,0,9.204999e-06
1115,valid,0,7.554476e-05
1993,valid,0,8.553374e-06
924,valid,0,9.204999e-06
10599,valid,0,8.684069e-06
935,valid,0,9.14939e-06
10589,valid,0,0.0010170562
5512,valid,0,3.4924484e-05
6376,valid,0,8.978512e-06
8269,valid,0,2.2465043e-05
10946,valid,0,9.204999e-06
6512,valid,0,0.0032680507
8473,valid,0,0.013503874
8389,valid,0,1.4785186e-05
6445,valid,0,0.0063447803
7534,valid,0,0.00093752216
2775,valid,0,7.664168e-05
6669,valid,0,0.0005239769
10833,valid,0,1.669804e-05
10241,valid,0,0.0007582374
9369,valid,0,0.006028154
10012,valid,0,5.819289e-05
6380,valid,0,0.0020256792
6683,valid,0,9.531255e-06
382,valid,0,4.8510912e-05
3103,valid,0,1.5634218e-05
490,valid,0,7.1384175e-06
6023,valid,0,8.079656e-05
5749,valid,0,0.0007470906
2386,valid,0,0.002615242
878,valid,0,0.0012347035
8465,valid,0,8.978512e-06
2769,valid,0,0.0035268434
6914,valid,0,4.770636e-05
10923,valid,0,0.006481578
6178,valid,0,0.00082090136
917,valid,0,8.8836e-06
3642,valid,0,1.014846e-05
4526,valid,0,3.0989115e-05
2449,valid,0,3.607962e-05
9134,valid,0,8.81568e-06
8394,valid,0,1.1373394e-05
8404,valid,0,8.579512e-06
9386,valid,0,8.579512e-06
7824,valid,0,0.000596228
2258,valid,0,5.420204e-05
2654,valid,0,3.35147e-05
10804,valid,0,7.2852505e-05
6124,valid,0,0.0011833145
9777,valid,0,0.0011594244
6513,valid,0,0.000670047
3937,valid,0,0.00051639014
885,valid,0,3.217662e-05
10238,valid,0,2.163873e-05
1112,valid,0,9.128121e-06
304,valid,0,2.2572205e-05
7334,valid,0,7.986668e-06
7592,valid,0,0.00042803542
7228,valid,0,2.0494674e-05
3367,valid,0,0.0010943111
6938,valid,0,0.00020073862
3084,valid,0,0.0010163944
10753,valid,0,6.912176e-05
1038,valid,0,9.463434e-06
1249,valid,0,8.776505e-06
10807,valid,0,0.006172632
3041,valid,0,0.0012813885
8813,valid,0,0.0032859992
1036,valid,0,1.1044021e-05
2772,valid,0,1.351166e-05
9783,valid,0,0.0005646978
3628,valid,0,9.893667e-06
6014,valid,0,2.2935486e-05
1092,valid,0,3.5840243e-05
6339,valid,0,0.00053806737
3757,valid,0,7.449918e-05
1998,valid,0,8.476084e-06
5352,valid,0,1.82763e-05
8470,valid,0,9.627996e-06
7490,valid,0,1.17189775e-05
2675,valid,0,8.560541e-06
2193,valid,0,0.0040050508
10773,valid,0,1.842259e-05
3684,valid,0,6.836326e-05
11058,valid,0,0.0008940968
7098,valid,0,1.5010997e-05
3926,valid,0,0.0004117756
6452,valid,0,9.595407e-06
6004,valid,0,2.2987004e-05
1117,valid,0,8.476084e-06
4808,valid,0,0.0021256667
6096,valid,0,8.267528e-06
9389,valid,0,6.9617818e-06
5744,valid,0,7.532607e-05
938,valid,0,7.532607e-05
1088,valid,0,8.267528e-06
4542,valid,0,6.801576e-05
8807,valid,0,2.0513433e-05
10823,valid,0,0.0021041846
8409,valid,0,8.776505e-06
9569,valid,0,8.267528e-06
702,valid,0,7.141167e-05
6214,valid,0,8.942088e-06
5064,valid,0,1.5612397e-05
4698,valid,0,2.179053e-05
4105,valid,0,0.0005116292
11006,valid,0,2.051346e-05
10771,valid,0,2.1029293e-05
4469,valid,0,1.622715e-05
7351,valid,0,8.776505e-06
8493,valid,0,8.050937e-05
8811,valid,0,8.188147e-06
4821,valid,0,8.476091e-06
4591,valid,0,3.7774484e-05
6506,valid,0,0.007978961
7346,valid,0,8.776505e-06
8245,valid,0,8.267528e-06
3564,valid,0,2.0641748e-05
6670,valid,0,6.641995e-05
9589,valid,0,1.0991751e-05
9139,valid,0,8.476084e-06
9331,valid,0,4.4314424e-05
1757,valid,0,1.7100243e-05
430,valid,0,1.0404476e-05
9383,valid,0,8.476084e-06
3936,valid,0,7.986668e-06
8279,valid,0,0.0008243527
423,valid,0,1.014846e-05
484,valid,0,8.478356e-06
493,valid,0,1.7610839e-05
2645,valid,0,0.0002863088
5492,valid,0,4.461763e-05
5099,valid,0,1.82763e-05
1257,valid,0,3.06359e-05
8239,valid,0,9.801087e-06
7819,valid,0,6.956648e-05
931,valid,0,9.798842e-06
10232,valid,0,0.00085072394
6465,valid,0,1.82763e-05
3927,valid,0,8.776505e-06
9766,valid,0,9.798842e-06
6117,valid,0,0.00012762315
6331,valid,0,1.3858156e-05
1565,valid,0,1.7476455e-05
4581,valid,0,3.077984e-05
1568,valid,0,1.9833553e-05
6530,valid,0,1.3858156e-05
3644,valid,0,3.3866418e-05
1742,valid,0,0.0011672603
11004,valid,0,0.00086679286
4123,valid,0,7.986668e-06
5083,valid,0,0.0012566752
4822,valid,0,1.584438e-05
11014,valid,0,4.6241432e-05
4588,valid,0,5.15407e-05
4238,valid,0,7.986668e-06
6105,valid,0,9.083604e-06
7661,valid,0,0.0009907053
1678,valid,0,3.7234386e-05
2934,valid,0,1.3219845e-05
6351,valid,0,8.560541e-06
8460,valid,0,8.776505e-06
4443,valid,0,0.0010619833
7283,valid,0,0.00033975494
10236,valid,0,9.463434e-06
6335,valid,0,8.560541e-06
1540,valid,0,8.188147e-06
797,valid,0,8.267528e-06
1417,valid,0,7.4390045e-05
6321,valid,0,0.00027662877
1728,valid,0,1.82763e-05
789,valid,0,1.738845e-05
10472,valid,0,8.478356e-06
3574,valid,0,2.5244839e-05
4097,valid,0,1.9588746e-05
806,valid,0,8.267528e-06
10011,valid,0,3.8951584e-05
8794,valid,0,0.002633187
803,valid,0,9.468131e-06
5688,valid,0,0.00030573437
8494,valid,0,6.836326e-05
1873,valid,0,4.8142134e-05
4786,valid,0,2.9077988e-05
894,valid,0,0.00011473382
10588,valid,0,0.0010513153
7588,valid,0,1.2971328e-05
2227,valid,0,0.0027165257
5067,valid,0,0.008177199
4806,valid,0,1.2652165e-05
10733,valid,0,0.0009413817
6667,valid,0,9.893653e-06
2283,valid,0,0.00028959027
6202,valid,0,1.9755804e-05
9755,valid,0,9.463434e-06
9568,valid,0,1.6823871e-05
930,valid,0,1.6266851e-05
10337,valid,0,0.0009121632
7538,valid,0,2.5159421e-05
6682,valid,0,4.7846926e-05
2659,valid,0,4.6221565e-05
1050,valid,0,1.2971328e-05
8258,valid,0,2.0435105e-05
434,valid,0,0.00079299416
10591,valid,0,0.0032564246
5073,valid,0,1.3990254e-05
8270,valid,0,0.39427856
8467,valid,0,0.00011751004
512,valid,0,8.935803e-05
4585,valid,0,1.26201385e-05
1251,valid,0,1.2971332e-05
6935,valid,0,1.6501936e-05
4104,valid,0,4.2542106e-05
5089,valid,0,1.2971339e-05
4697,valid,0,1.2971339e-05
1158,valid,0,0.004813471
8912,valid,0,7.181057e-06
10931,valid,0,0.0015393852
1151,valid,0,1.653874e-05
10219,valid,0,1.2874856e-05
7445,valid,0,0.0010494861
927,valid,0,2.4985295e-05
1961,valid,0,0.0014307484
6181,valid,0,4.1395597e-05
7331,valid,0,9.798842e-06
5062,valid,0,3.1103064e-05
6635,valid,0,2.918564e-05
7240,valid,0,2.918564e-05
7237,valid,0,1.265215e-05
928,valid,0,0.00027804187
10601,valid,0,0.0034646143
903,valid,0,3.857648e-05
2762,valid,0,1.2971332e-05
4589,valid,0,1.4588874e-05
4809,valid,0,3.7673115e-05
6157,valid,0,1.29713235e-05
3639,valid,0,2.5190251e-05
8867,valid,0,0.0077106655
8915,valid,0,0.0029875152
8909,valid,0,0.002248766
10741,valid,0,1.2971339e-05
6352,valid,0,0.0006392802
5135,valid,0,0.0026478914
53,valid,0,0.0026095235
4162,valid,0,3.7109712e-05
8276,valid,0,2.0245696e-05
2936,valid,0,0.0007887127
4599,valid,0,1.2742491e-05
3026,valid,0,0.002308007
6154,valid,0,0.0020117185
4759,valid,0,1.29713235e-05
6520,valid,0,0.0010124501
1084,valid,0,1.29713235e-05
6186,valid,0,2.099917e-05
4770,valid,0,0.0100788325
9132,valid,0,2.3005661e-05
3055,valid,0,4.679055e-05
10345,valid,0,0.0019266993
5059,valid,0,1.29713235e-05
7525,valid,0,3.5846286e-05
2673,valid,0,1.29713235e-05
10147,valid,0,0.0009092529
4523,valid,0,0.015379364
764,valid,0,2.0129295e-05
4110,valid,0,1.2971339e-05
1891,valid,0,8.15844e-05
4004,valid,0,8.15844e-05
10723,valid,0,1.5308002e-05
1882,valid,0,1.6840573e-05
4239,valid,0,4.6615976e-05
3930,valid,0,0.00036738024
317,valid,0,1.2652165e-05
10940,valid,0,0.000101969235
8386,valid,0,0.0032799612
1046,valid,0,3.0691437e-05
2943,valid,0,0.00011405838
9330,valid,0,1.265215e-05
3929,valid,0,0.0003068143
906,valid,0,1.2652138e-05
8901,valid,0,1.25258675e-05
3562,valid,0,1.01146725e-05
7099,valid,0,1.5694126e-05
3935,valid,0,2.7008942e-05
5952,valid,0,1.297131e-05
6909,valid,0,0.027877372
8097,valid,0,6.697467e-05
6566,valid,0,0.004253872
6487,valid,0,1.2652138e-05
10401,valid,0,0.002364729
10765,valid,0,2.83626e-05
7360,valid,0,0.0016521913
4592,valid,0,0.0010534176
5445,valid,0,1.265215e-05
4796,valid,0,1.51018685e-05
2667,valid,0,8.267528e-06
2840,valid,0,0.00014103529
8275,valid,0,0.00066642987
4236,valid,0,1.1779048e-05
9149,valid,0,9.609759e-06
6179,valid,0,1.4730258e-05
4874,valid,0,0.00013395371
5737,valid,0,2.0823532e-05
7333,valid,0,0.0005141857
4769,valid,0,1.29713235e-05
1761,valid,0,9.4348645e-05
7540,valid,0,6.616247e-05
1836,valid,0,0.015033689
2653,valid,0,0.00036583553
6525,valid,0,9.459266e-06
3924,valid,0,0.00070814014
9154,valid,0,2.83626e-05
4114,valid,0,1.0561141e-05
2926,valid,0,0.0032410442
6464,valid,0,1.7238186e-05
8913,valid,0,2.0480571e-05
3083,valid,0,0.0004990089
2469,valid,0,6.894159e-05
4795,valid,0,1.0214313e-05
3629,valid,0,1.0488551e-05
1252,valid,0,0.0057952376
9260,valid,0,1.1779048e-05
5434,valid,0,2.068331e-05
3436,valid,0,3.9717157e-05
4555,valid,0,0.0042897444
10036,valid,0,9.4536445e-05
2720,valid,0,0.0001809158
9131,valid,0,0.009759093
9361,valid,0,7.4220334e-05
6690,valid,0,1.2678025e-05
9263,valid,0,9.13793e-06
10938,valid,0,2.1282503e-05
1105,valid,0,3.0112225e-05
11057,valid,0,2.836252e-05
7487,valid,0,1.265215e-05
4451,valid,0,0.004771873
4977,valid,0,9.770668e-05
2705,valid,0,0.0092074415
2253,valid,0,7.512944e-05
3085,valid,0,9.459266e-06
9137,valid,0,3.1805183e-05
8613,valid,0,7.847948e-05
10592,valid,0,8.795455e-06
6527,valid,0,0.00029906834
315,valid,0,1.1444867e-05
10757,valid,0,9.574686e-06
1270,valid,0,2.0683347e-05
421,valid,0,1.252569e-05
2949,valid,0,9.4592615e-06
4701,valid,0,2.3193857e-05
4785,valid,0,3.3531796e-05
7330,valid,0,2.0683312e-05
10850,valid,0,2.1041507e-05
10585,valid,0,1.7827768e-05
6442,valid,0,2.7721855e-05
10736,valid,0,0.006110249
4829,valid,0,3.8185884e-05
8664,valid,0,4.3215652e-05
3640,valid,0,9.4592615e-06
7743,valid,0,9.4592615e-06
10463,valid,0,3.7133046e-05
4540,valid,0,5.5297474e-05
7827,valid,0,0.0002411782
8503,valid,0,0.00011053195
3928,valid,0,9.459259e-06
6455,valid,0,0.005201024
9339,valid,0,1.1041274e-05
10465,valid,0,0.0028926728
8897,valid,0,1.8265611e-05
2387,valid,0,0.00068718445
10317,valid,0,0.004919739
4828,valid,0,1.1041274e-05
1734,valid,0,5.3694308e-05
9268,valid,0,1.7698332e-05
1749,valid,0,0.0018076862
7728,valid,0,0.0016021433
757,valid,0,7.4158546e-05
787,valid,0,9.2265145e-06
3024,valid,0,2.3193857e-05
6169,valid,0,3.551583e-05
8388,valid,0,2.3878714e-05
4988,valid,0,7.9666876e-05
7182,valid,0,7.7366e-05
1951,valid,0,0.0009657205
4766,valid,0,1.7174676e-05
9146,valid,0,1.7423252e-05
10237,valid,0,9.4592615e-06
7094,valid,0,5.017208e-05
7348,valid,0,1.7174685e-05
8827,valid,0,9.2265145e-06
4527,valid,0,0.0015097692
2717,valid,0,7.5129356e-05
1132,valid,0,2.377888e-05
1143,valid,0,2.377888e-05
7736,valid,0,9.4592615e-06
4445,valid,0,7.5129356e-05
4008,valid,0,9.4592615e-06
9765,valid,0,3.7824208e-05
1265,valid,0,0.0009564823
5354,valid,0,2.3008199e-05
4024,valid,0,8.014021e-06
2682,valid,0,9.2265145e-06
424,valid,0,9.2265145e-06
10220,valid,0,9.2265145e-06
300,valid,0,9.2265145e-06
2260,valid,0,2.293021e-05
4695,valid,0,2.2930231e-05
1101,valid,0,1.9084435e-05
5751,valid,0,1.012242e-05
2832,valid,0,0.0003583825
486,valid,0,0.0012669021
929,valid,0,1.19689785e-05
7590,valid,0,9.4592615e-06
3698,valid,0,0.0009965512
8267,valid,0,2.0713684e-05
6213,valid,0,1.7350198e-05
5096,valid,0,9.951329e-06
2763,valid,0,9.947328e-06
1831,valid,0,0.00090958475
6921,valid,0,1.7642844e-05
296,valid,0,0.001484057
6185,valid,0,1.1489196e-05
5065,valid,0,9.596159e-06
6330,valid,0,0.0036290723
7070,valid,0,0.0005129786
10314,valid,0,0.0059386087
1752,valid,0,0.0020401953
7810,valid,0,7.4158546e-05
899,valid,0,9.459259e-06
9377,valid,0,9.3889075e-06
3633,valid,0,8.985749e-05
6379,valid,0,1.0561133e-05
6930,valid,0,9.459259e-06
6561,valid,0,1.0308361e-05
2931,valid,0,0.0007850394
9138,valid,0,7.816825e-06
10745,valid,0,2.3393704e-05
1100,valid,0,9.226512e-06
11053,valid,0,1.869808e-05
6109,valid,0,1.7174676e-05
5526,valid,0,1.6125363e-05
1886,valid,0,2.6530543e-05
2002,valid,0,9.245831e-06
4006,valid,0,9.574683e-06
8505,valid,0,0.002101651
7347,valid,0,0.001267259
6206,valid,0,1.1779039e-05
6378,valid,0,9.226512e-06
1127,valid,0,2.2940267e-05
10809,valid,0,0.0006563363
1730,valid,0,8.912301e-06
9737,valid,0,0.004936684
755,valid,0,0.0010336557
4593,valid,0,9.459259e-06
10852,valid,0,1.9929452e-05
306,valid,0,9.459259e-06
6221,valid,0,9.731861e-06
1109,valid,0,1.6142938e-05
309,valid,0,2.1677492e-05
4536,valid,0,2.6526997e-05
8405,valid,0,9.459259e-06
3654,valid,0,9.226512e-06
481,valid,0,1.6699367e-05
7235,valid,0,0.0019279266
483,valid,0,9.226512e-06
1139,valid,0,0.004380035
1988,valid,0,1.8833252e-05
10941,valid,0,9.226512e-06
9391,valid,0,1.0197821e-05
10738,valid,0,3.6006164e-05
2664,valid,0,3.6006117e-05
5673,valid,0,5.429229e-05
10405,valid,0,0.007427811
7596,valid,0,1.1041271e-05
4682,valid,0,0.009355238
6151,valid,0,0.0010749012
6022,valid,0,0.002285601
9781,valid,0,9.459259e-06
2567,valid,0,2.377879e-05
5101,valid,0,2.377879e-05
7073,valid,0,0.00013768872
8121,valid,0,2.288176e-05
6320,valid,0,1.6288504e-05
10197,valid,0,0.0052649863
1439,valid,0,0.00043064635
7195,valid,0,1.2246906e-05
4885,valid,0,0.0017605197
7388,valid,0,5.429229e-05
7354,valid,0,1.1779039e-05
4761,valid,0,3.0938474e-05
6003,valid,0,0.00091008306
4112,valid,0,1.93018e-05
4982,valid,0,1.9143603e-05
3573,valid,0,9.459259e-06
3653,valid,0,0.001733271
1835,valid,0,0.0007681189
7483,valid,0,0.0064661615
7589,valid,0,1.0301265e-05
4771,valid,0,0.0055245804
2389,valid,0,0.0055120056
495,valid,0,0.010875953
4974,valid,0,0.007473249
6508,valid,0,0.0013435284
8236,valid,0,0.0022339486
5437,valid,0,1.0625054e-05
6563,valid,0,8.0144555e-06
10462,valid,0,9.691358e-06
10845,valid,0,7.3568694e-06
1149,valid,0,2.1922666e-05
10315,valid,0,0.06651751
4987,valid,0,0.0037341241
4683,valid,0,2.0610241e-05
7081,valid,0,0.0051804297
8906,valid,0,1.1613304e-05
9351,valid,0,0.0017235063
8272,valid,0,0.0005165673
10761,valid,0,1.0625054e-05
1992,valid,0,1.0893101e-05
9150,valid,0,3.8167116e-05
3038,valid,0,1.23898635e-05
9362,valid,0,3.9820905e-05
8243,valid,0,0.0006513663
4029,valid,0,0.0002096393
10729,valid,0,0.002558936
801,valid,0,9.191063e-06
7584,valid,0,9.226512e-06
6336,valid,0,5.332766e-05
7046,valid,0,7.7890145e-05
9434,valid,0,2.3510202e-05
1106,valid,0,1.0625054e-05
3034,valid,0,1.0456637e-05
1691,valid,0,0.0017257954
2848,valid,0,0.0020271358
5955,valid,0,0.0018180284
2644,valid,0,0.002192594
3948,valid,0,1.0893112e-05
8833,valid,0,0.00939963
1755,valid,0,0.008981373
9778,valid,0,0.00612413
2835,valid,0,0.00067942747
8512,valid,0,3.41202e-05
4681,valid,0,2.6297395e-05
1104,valid,0,7.669616e-05
1554,valid,0,0.00504933
8264,valid,0,0.00089835
425,valid,0,0.00025172756
5061,valid,0,1.0893112e-05
5435,valid,0,0.0013366988
8401,valid,0,0.0012623916
1160,valid,0,1.556857e-05
5827,valid,0,2.5818284e-05
10926,valid,0,2.5443267e-05
5750,valid,0,2.0140418e-05
3446,valid,0,0.001763477
900,valid,0,0.00046641493
6536,valid,0,2.321692e-05
3685,valid,0,3.2450786e-05
7042,valid,0,0.0026950855
6156,valid,0,1.4928088e-05
923,valid,0,2.554322e-05
4811,valid,0,0.00013844334
5310,valid,0,0.0011617864
7571,valid,0,0.0035250355
2771,valid,0,1.2880825e-05
9253,valid,0,7.3776835e-05
7122,valid,0,0.00015424183
8406,valid,0,1.2880825e-05
1727,valid,0,1.4067267e-05
4442,valid,0,0.008053313
10146,valid,0,0.0014385335
5348,valid,0,1.37099105e-05
5490,valid,0,0.00016554305
701,valid,0,0.00016385263
10759,valid,0,1.6632477e-05
11048,valid,0,1.1536946e-05
891,valid,0,8.489935e-05
2001,valid,0,1.1536946e-05
3075,valid,0,0.00016797069
9246,valid,0,6.822303e-05
6175,valid,0,1.2572545e-05
3057,valid,0,8.0398575e-05
2089,valid,0,0.00022777481
2391,valid,0,0.0010009065
9518,valid,0,4.839363e-05
6098,valid,0,1.3998378e-05
295,valid,0,7.17253e-05
5532,valid,0,0.00016119034
7517,valid,0,0.00037893013
4152,valid,0,0.00013225216
7238,valid,0,0.00029782456
1137,valid,0,0.00029782456
4098,valid,0,6.707024e-05
7585,valid,0,0.026232172
6638,valid,0,4.6120873e-05
7475,valid,0,0.009469875
5679,valid,0,0.00021635229
7489,valid,0,2.802648e-05
8471,valid,0,1.1253068e-05
10309,valid,0,1.1253068e-05
9384,valid,0,0.0017925212
8819,valid,0,0.0016237167
10312,valid,0,1.0774323e-05
5522,valid,0,1.4161581e-05
4706,valid,0,1.6872917e-05
8900,valid,0,3.3223172e-05
1768,valid,0,3.5332472e-05
4020,valid,0,0.0039503425
759,valid,0,6.607401e-05
921,valid,0,9.9213656e-05
6458,valid,0,1.3372565e-05
1089,valid,0,0.0008955566
9579,valid,0,3.713044e-05
5347,valid,0,1.369277e-05
4015,valid,0,3.948068e-05
10848,valid,0,1.2121772e-05
4444,valid,0,0.0007876042
8802,valid,0,6.8187546e-05
1753,valid,0,0.002831525
6377,valid,0,0.036882516
2188,valid,0,0.0024671247
8480,valid,0,0.00016577313
1833,valid,0,1.6842265e-05
10158,valid,0,0.00028668426
4108,valid,0,7.9609184e-05
10815,valid,0,1.37099105e-05
3688,valid,0,0.00016371855
7731,valid,0,0.005076233
3368,valid,0,0.0050017755
2937,valid,0,0.0015009379
4402,valid,0,0.0010641206
6531,valid,0,0.0038565798
3067,valid,0,0.0005244174
7025,valid,0,0.00012840098
6694,valid,0,1.8981238e-05
1739,valid,0,3.856301e-05
10749,valid,0,1.1536946e-05
8508,valid,0,5.243575e-05
8683,valid,0,0.0016518274
3909,valid,0,0.009226986
5820,valid,0,4.612083e-05
3947,valid,0,0.0025512753
2868,valid,0,0.00013225255
7732,valid,0,0.0025381942
10595,valid,0,2.2773525e-05
9762,valid,0,0.0033454923
10224,valid,0,1.6209546e-05
8103,valid,0,0.00013225216
4436,valid,0,0.0018671796
8670,valid,0,0.00013225216
4790,valid,0,1.6872898e-05
4819,valid,0,1.0893112e-05
2652,valid,0,7.148729e-05
3950,valid,0,0.0020721783
8825,valid,0,8.9844e-06
7835,valid,0,0.0063939085
8403,valid,0,1.0625065e-05
3650,valid,0,1.1536946e-05
7029,valid,0,5.1002524e-05
3908,valid,0,4.26271e-05
6097,valid,0,0.0022000694
10744,valid,0,2.2322056e-05
2932,valid,0,1.1253068e-05
3070,valid,0,0.000114189526
2650,valid,0,0.00014474303
6685,valid,0,3.392052e-05
9382,valid,0,0.0013182948
6919,valid,0,0.00094722724
1442,valid,0,3.92496e-05
7548,valid,0,0.00014791595
10846,valid,0,0.0038306785
3035,valid,0,0.0049852543
2577,valid,0,0.00013457962
9258,valid,0,7.55018e-05
7184,valid,0,0.00015330355
10803,valid,0,7.765058e-05
10842,valid,0,0.0002579825
3901,valid,0,0.0002579825
10838,valid,0,1.7431708e-05
8795,valid,0,0.017793251
4016,valid,0,0.0081698345
2839,valid,0,0.00013457962
9277,valid,0,3.4664597e-05
2578,valid,0,0.00015521974
7822,valid,0,6.210722e-05
6543,valid,0,1.4928088e-05
2672,valid,0,4.8119236e-05
1049,valid,0,1.6872917e-05
10943,valid,0,0.0041505145
2707,valid,0,7.8776044e-05
8622,valid,0,8.280259e-05
8363,valid,0,0.0739632
7188,valid,0,0.00012823672
2249,valid,0,7.764817e-05
3094,valid,0,2.0465413e-05
5082,valid,0,0.010083875
5058,valid,0,3.7123093e-05
1772,valid,0,3.856301e-05
9388,valid,0,1.1602913e-05
5137,valid,0,0.00013853522
7730,valid,0,1.8937808e-05
2472,valid,0,0.00012823672
3444,valid,0,1.6457743e-05
2677,valid,0,1.1536946e-05
2580,valid,0,0.0036543726
8123,valid,0,0.00018606368
7572,valid,0,0.0026960731
5525,valid,0,1.7419603e-05
1839,valid,0,0.0028479903
9364,valid,0,0.00016915004
2841,valid,0,0.0012142529
5743,valid,0,0.0010494777
5937,valid,0,8.9582325e-05
7591,valid,0,2.221319e-05
756,valid,0,0.00013225216
1125,valid,0,0.00047561736
889,valid,0,0.008212976
6345,valid,0,1.1536946e-05
6537,valid,0,0.00058178185
2651,valid,0,0.00018048231
1966,valid,0,8.0398575e-05
7669,valid,0,0.00013724098
754,valid,0,0.00013225255
7357,valid,0,3.8067006e-05
1954,valid,0,4.612083e-05
7340,valid,0,1.752232e-05
7587,valid,0,0.00013852716
6666,valid,0,0.00010698085
1153,valid,0,3.713044e-05
6503,valid,0,6.18198e-05
4678,valid,0,0.0007214188
7481,valid,0,0.004463481
6383,valid,0,3.0466903e-05
9772,valid,0,3.8946822e-05
1124,valid,0,2.9359015e-05
1035,valid,0,0.009982366
432,valid,0,6.1314975e-05
5529,valid,0,0.0011273469
10835,valid,0,0.006626886
10300,valid,0,0.0057554734
5954,valid,0,0.009044649
5499,valid,0,3.0248062e-05
8902,valid,0,0.00033664203
3066,valid,0,6.904449e-05
7832,valid,0,0.000986453
5496,valid,0,5.0304196e-05
2464,valid,0,0.000121760684
6499,valid,0,0.00046647448
7028,valid,0,0.00047070457
2473,valid,0,8.129233e-06
8260,valid,0,3.0408204e-05
11005,valid,0,3.0408204e-05
788,valid,0,2.4359855e-05
4415,valid,0,7.527503e-05
8107,valid,0,0.000186416
795,valid,0,2.8133034e-05
7386,valid,0,0.00032486385
11011,valid,0,0.0004905984
3106,valid,0,0.0014476576
10170,valid,0,0.00023607169
5129,valid,0,0.00034395786
4475,valid,0,2.4326677e-05
10999,valid,0,0.00014884808
308,valid,0,1.1996501e-05
712,valid,0,1.1593962e-05
6200,valid,0,9.800825e-06
1140,valid,0,9.47197e-06
7741,valid,0,0.00053354684
3888,valid,0,7.01816e-05
9433,valid,0,9.52944e-05
7071,valid,0,2.4702327e-05
1448,valid,0,0.0002981847
2564,valid,0,0.0008264079
10772,valid,0,0.00028347227
3365,valid,0,0.00021736571
6017,valid,0,0.0005541544
9528,valid,0,0.0014302406
2211,valid,0,0.0009796432
893,valid,0,6.220491e-05
5457,valid,0,2.3937979e-05
6466,valid,0,2.430664e-05
10200,valid,0,2.430664e-05
6266,valid,0,0.00029546453
1128,valid,0,6.7522196e-05
4691,valid,0,6.7522196e-05
10043,valid,0,0.00030556976
6160,valid,0,0.000994671
8257,valid,0,0.00010776316
10478,valid,0,0.004575924
805,valid,0,0.0001378902
8479,valid,0,5.9655133e-05
1048,valid,0,0.00043467968
426,valid,0,0.00026641073
3017,valid,0,0.00091350137
4775,valid,0,0.00014826063
8801,valid,0,4.1101997e-05
6907,valid,0,6.1620194e-05
7047,valid,0,0.00043256054
7658,valid,0,5.080666e-05
10214,valid,0,0.00018631252
8487,valid,0,0.00010267561
8355,valid,0,1.5239207e-05
5427,valid,0,1.10941155e-05
384,valid,0,0.00035324236
4094,valid,0,0.00014687973
381,valid,0,1.1154497e-05
7389,valid,0,8.9212714e-05
8244,valid,0,3.203878e-05
9512,valid,0,3.203878e-05
1889,valid,0,0.00022909086
5828,valid,0,0.0011449278
4027,valid,0,0.00095585076
2088,valid,0,7.206942e-06
2078,valid,0,9.037476e-06
7186,valid,0,0.0003682238
7189,valid,0,9.907152e-05
902,valid,0,2.735351e-05
5819,valid,0,1.0656786e-05
5507,valid,0,0.00022138632
11003,valid,0,0.00042082096
10005,valid,0,7.492012e-06
4553,valid,0,0.0009293173
513,valid,0,0.000111438436
1887,valid,0,8.14804e-05
8864,valid,0,0.0008324394
9571,valid,0,0.0001596841
6348,valid,0,2.9967048e-05
8854,valid,0,3.45084e-05
10764,valid,0,0.00027968336
767,valid,0,6.855624e-05
2003,valid,0,3.2135373e-05
1547,valid,0,0.00058447476
10826,valid,0,1.25906945e-05
2451,valid,0,2.6295194e-05
5070,valid,0,6.6985817e-06
796,valid,0,6.3926213e-06
3447,valid,0,1.550478e-05
4107,valid,0,1.7191554e-05
5515,valid,0,3.8416394e-05
6355,valid,0,6.6389975e-06
2704,valid,0,3.2754382e-05
8398,valid,0,0.00076017895
6099,valid,0,8.625972e-06
1268,valid,0,3.1884785e-05
7290,valid,0,0.00034428414
9249,valid,0,0.0004310054
8673,valid,0,2.8735916e-05
4011,valid,0,0.00032489735
4779,valid,0,0.00048778814
520,valid,0,4.7439426e-05
5430,valid,0,3.332446e-05
6196,valid,0,7.807575e-06
1991,valid,0,3.53899e-05
6459,valid,0,7.108236e-06
1456,valid,0,7.283061e-05
3651,valid,0,8.8837056e-05
7828,valid,0,6.0594855e-05
9485,valid,0,3.4712415e-05
1735,valid,0,0.00045414377
6500,valid,0,0.0001252065
4979,valid,0,7.184554e-05
10817,valid,0,5.908285e-06
9328,valid,0,1.3622193e-05
2470,valid,0,3.2942375e-05
8746,valid,0,2.8935252e-05
1890,valid,0,2.8839075e-05
9745,valid,0,0.00047385294
1042,valid,0,5.7895368e-06
8809,valid,0,3.4623878e-05
302,valid,0,4.3637803e-05
8658,valid,0,0.00011279962
9551,valid,0,3.2966076e-05
5671,valid,0,3.272501e-05
8869,valid,0,0.000492892
6322,valid,0,0.00028357955
9347,valid,0,0.0009983979
6470,valid,0,0.00017291056
7230,valid,0,3.132623e-05
3366,valid,0,3.3774384e-05
2200,valid,0,0.0025566388
6324,valid,0,7.956654e-06
8858,valid,0,0.00031614292
1762,valid,0,0.0002377865
8475,valid,0,0.00016186014
2467,valid,0,3.490173e-05
5824,valid,0,4.1365907e-05
322,valid,0,0.00036955925
5132,valid,0,1.6223737e-05
8621,valid,0,1.9558942e-05
8108,valid,0,3.9591734e-05
7521,valid,0,0.0008952618
8606,valid,0,3.7073212e-05
1162,valid,0,3.7073212e-05
3370,valid,0,0.00014275801
4422,valid,0,4.3525764e-05
6349,valid,0,0.00025224735
3114,valid,0,1.2533142e-05
1877,valid,0,2.7848799e-05
9780,valid,0,4.97962e-05
9746,valid,0,5.1140287e-05
809,valid,0,5.638722e-05
5536,valid,0,3.7205282e-05
9514,valid,0,0.000114184884
4973,valid,0,5.1958876e-05
4398,valid,0,0.00037368672
10768,valid,0,1.6056863e-05
2925,valid,0,7.71373e-06
10037,valid,0,1.5828518e-05
10722,valid,0,1.6364304e-05
10306,valid,0,7.635343e-06
10155,valid,0,0.0016859506
3374,valid,0,0.00040430122
9143,valid,0,8.3966215e-06
5448,valid,0,2.7178101e-05
1085,valid,0,0.00032295042
9564,valid,0,0.0001251715
6340,valid,0,7.3759666e-06
6112,valid,0,0.00013095177
2212,valid,0,0.00043439772
7344,valid,0,1.2283079e-05
9588,valid,0,8.3966215e-06
881,valid,0,1.6403128e-05
3082,valid,0,1.47275805e-05
10234,valid,0,9.282228e-06
6565,valid,0,9.755308e-06
1745,valid,0,0.00020944787
9266,valid,0,8.1092185e-06
3113,valid,0,8.313783e-06
9375,valid,0,7.5575167e-06
8617,valid,0,1.857847e-05
3563,valid,0,8.3966215e-06
6002,valid,0,0.000927365
6937,valid,0,8.313771e-06
9486,valid,0,1.3202952e-05
2553,valid,0,0.0006804437
4400,valid,0,0.0050319307
4468,valid,0,8.031359e-06
6492,valid,0,0.0014127749
10841,valid,0,0.000479101
6089,valid,0,1.8837298e-05
2581,valid,0,1.8837298e-05
6920,valid,0,0.0004963259
2561,valid,0,1.3573723e-05
6325,valid,0,4.8472528e-05
1875,valid,0,3.684355e-05
2191,valid,0,0.00017480266
10205,valid,0,3.9329934e-05
3042,valid,0,1.3641578e-05
8273,valid,0,2.2682569e-05
3631,valid,0,8.3966215e-06
6934,valid,0,2.4269628e-05
4826,valid,0,7.978587e-06
7580,valid,0,0.00035840925
898,valid,0,1.8313021e-05
6915,valid,0,0.0005596028
3912,valid,0,4.2450723e-05
301,valid,0,1.2680953e-05
8098,valid,0,0.00035484842
4014,valid,0,8.551879e-06
1253,valid,0,8.909449e-06
8832,valid,0,8.551879e-06
10240,valid,0,0.0006705093
6211,valid,0,0.0015477297
10009,valid,0,0.00024488242
6495,valid,0,0.00020522389
8736,valid,0,0.0010864983
10853,valid,0,8.259161e-06
5440,valid,0,0.000330565
1040,valid,0,0.0002512595
525,valid,0,0.00021372529
8241,valid,0,1.3832973e-05
2714,valid,0,0.00017290725
3566,valid,0,0.00019787774
3054,valid,0,0.00042273072
3053,valid,0,8.531101e-06
9573,valid,0,9.06488e-06
8368,valid,0,0.00050692423
10239,valid,0,7.6575496e-05
8680,valid,0,0.000517106
3933,valid,0,9.008245e-06
6329,valid,0,8.108011e-06
9336,valid,0,9.384888e-06
5350,valid,0,8.24909e-06
4975,valid,0,3.3338212e-05
1129,valid,0,0.0004055404
10933,valid,0,9.235488e-06
9374,valid,0,1.020268e-05
1783,valid,0,8.419901e-05
7124,valid,0,2.6467396e-05
9770,valid,0,7.442934e-06
2074,valid,0,0.0004931475
373,valid,0,5.482364e-05
7078,valid,0,1.898613e-05
1723,valid,0,0.000108652544
4813,valid,0,1.5131901e-05
8614,valid,0,0.00018974753
4802,valid,0,3.6141282e-05
4890,valid,0,8.795002e-05
6193,valid,0,0.0013486252
5739,valid,0,0.0014134685
4580,valid,0,8.7312e-06
1960,valid,0,0.0036579077
9771,valid,0,0.0017163223
6094,valid,1,0.0022183517
1778,valid,0,0.002761585
4787,valid,0,8.70482e-06
10818,valid,0,7.37186e-06
3749,valid,0,0.002490226
2757,valid,0,1.5135956e-05
8507,valid,0,0.0013233996
8496,valid,0,0.0004471343
807,valid,0,5.5991215e-05
7345,valid,0,2.8181175e-05
7546,valid,0,2.4549203e-05
6538,valid,0,1.5131901e-05
7284,valid,0,0.0025126669
1999,valid,0,7.209553e-05
4544,valid,0,0.0009507059
9255,valid,0,0.000800886
1451,valid,0,2.8240698e-05
2083,valid,0,0.00035469676
10461,valid,0,2.7658445e-05
11009,valid,0,2.7201317e-05
3949,valid,0,0.0003994258
10049,valid,0,0.0016183838
4768,valid,0,1.4857535e-05
8821,valid,0,0.0008182977
5458,valid,0,1.9727142e-05
10726,valid,0,1.575123e-05
2837,valid,0,2.4138335e-05
1764,valid,0,1.4857535e-05
1118,valid,0,0.00034989082
11056,valid,0,2.9587385e-05
6484,valid,0,1.4344693e-05
10779,valid,0,1.509336e-05
5953,valid,0,1.470655e-05
6553,valid,0,0.00040636174
4125,valid,0,0.0011373856
9337,valid,0,0.0013412668
6560,valid,0,4.6047568e-05
485,valid,0,0.00082865544
10763,valid,0,2.7180045e-05
7474,valid,0,1.470655e-05
9393,valid,0,0.0009260258
3020,valid,0,1.4206965e-05
3751,valid,0,5.1118546e-05
5958,valid,0,2.8181175e-05
4113,valid,0,5.8498557e-05
4237,valid,0,9.170297e-05
4597,valid,0,1.470655e-05
1771,valid,0,0.0015309283
3110,valid,0,2.7223088e-05
9757,valid,0,1.5351392e-05
5514,valid,0,0.00027778448
6905,valid,0,1.49837315e-05
6673,valid,0,1.5514786e-05
10396,valid,0,0.00028332067
10728,valid,0,0.00038381564
4801,valid,0,0.0044157747
3503,valid,0,0.00058041024
1098,valid,0,3.193986e-05
940,valid,0,0.0005405871
5056,valid,0,2.3419841e-05
8826,valid,0,1.5133028e-05
2851,valid,0,0.000105554376
785,valid,0,1.8095954e-05
1091,valid,0,1.7929164e-05
1150,valid,0,2.9436475e-05
1164,valid,0,0.001950636
11008,valid,0,0.00030435165
4676,valid,0,1.49837315e-05
8263,valid,0,1.49837315e-05
3033,valid,0,1.7929164e-05
10600,valid,0,2.019688e-05
10719,valid,0,0.00082771044
2842,valid,0,0.00068186276
1963,valid,0,0.00061877526
5060,valid,0,0.0055992315
10162,valid,0,5.9242957e-05
6346,valid,0,0.0005935806
11050,valid,0,1.7923812e-05
6555,valid,0,2.2190348e-05
7337,valid,0,3.4007076e-05
1829,valid,0,2.668661e-05
7820,valid,0,1.6877622e-05
3099,valid,0,1.8031884e-05
1266,valid,0,2.6805554e-05
7327,valid,0,0.00020929388
1834,valid,0,3.4083623e-05
2465,valid,0,7.512334e-05
10734,valid,0,1.6884362e-05
8823,valid,0,1.7310254e-05
10594,valid,0,0.00013734859
10782,valid,0,0.00076855574
9380,valid,0,1.932019e-05
2766,valid,0,0.00036709616
6486,valid,0,0.0012074632
3944,valid,0,1.7482764e-05
1827,valid,0,2.5106288e-05
8637,valid,0,0.00661047
8903,valid,0,2.1230828e-05
6477,valid,0,1.7929164e-05
1269,valid,0,2.545053e-05
489,valid,0,0.00053955946
1263,valid,0,0.00019898836
5351,valid,0,1.8076029e-05
2872,valid,0,5.918298e-05
8247,valid,0,2.4795303e-05
6511,valid,0,6.302117e-05
6539,valid,0,3.2314736e-05
700,valid,0,0.00037790922
9593,valid,0,0.0006186797
4404,valid,0,4.0933766e-05
10762,valid,0,3.5353132e-05
945,valid,0,0.00014250797
6222,valid,0,3.4356282e-05
3441,valid,0,0.00010098203
2663,valid,0,5.839525e-05
10145,valid,0,6.4102474e-05
431,valid,0,0.001680696
6205,valid,0,0.00024134415
918,valid,0,6.605076e-05
5672,valid,0,8.016718e-05
10242,valid,0,1.7398643e-05
7581,valid,0,1.8659357e-05
1157,valid,0,0.00019938033
7035,valid,0,0.0002693631
9575,valid,0,2.13392e-05
8490,valid,0,0.00022570798
6000,valid,0,0.00048735013
4120,valid,0,1.8015287e-05
1121,valid,0,0.00035357592
5736,valid,0,3.8722977e-05
8266,valid,0,0.0011464752
1428,valid,0,8.214786e-05
4704,valid,0,8.214786e-05
10769,valid,0,3.603515e-05
4818,valid,0,3.7705227e-05
6158,valid,0,0.0011323646
1152,valid,0,1.8319026e-05
2075,valid,0,3.584572e-05
6150,valid,0,0.0014167337
314,valid,0,0.0011030961
6446,valid,0,0.016828459
4679,valid,0,0.003846963
8390,valid,0,0.0010027178
7318,valid,0,1.6807591e-05
1537,valid,0,1.9425315e-05
4018,valid,0,1.7398643e-05
8262,valid,0,3.0222824e-05
7102,valid,0,1.8739367e-05
3049,valid,0,0.0046481392
1264,valid,0,1.8015287e-05
2666,valid,0,1.8950463e-05
10475,valid,0,0.0028943394
2938,valid,0,2.0600659e-05
6490,valid,0,1.7398643e-05
3918,valid,0,6.6177694e-05
1126,valid,0,0.000795481
4783,valid,0,1.6975062e-05
8830,valid,0,8.000335e-05
6535,valid,0,1.8699162e-05
4700,valid,0,2.158848e-05
9264,valid,0,2.1147955e-05
1845,valid,0,4.4663888e-05
9275,valid,0,2.0523588e-05
6904,valid,0,1.9845038e-05
2455,valid,0,0.0015322864
9155,valid,0,2.8164171e-05
4788,valid,0,5.284621e-05
9267,valid,0,0.001495754
4794,valid,0,0.00025698252
6192,valid,0,4.531839e-05
10165,valid,0,7.235883e-05
6548,valid,0,1.727903e-05
7187,valid,0,0.0010676801
8246,valid,0,2.278475e-05
10836,valid,0,3.3804434e-05
6201,valid,0,2.0608766e-05
8489,valid,0,0.00019556389
5518,valid,0,2.1824017e-05
8679,valid,0,3.9098708e-05
10766,valid,0,5.0553328e-05
323,valid,0,5.0553328e-05
1751,valid,0,1.9170897e-05
6104,valid,0,1.9185529e-05
5079,valid,0,0.0032211998
9768,valid,0,2.1283033e-05
1271,valid,0,0.000112223184
6552,valid,0,0.00121201
3632,valid,0,0.00064803363
4692,valid,0,2.0548385e-05
6182,valid,0,0.002645843
9352,valid,0,0.008907777
4474,valid,0,0.0038783285
522,valid,0,0.00084903295
4798,valid,0,1.9928397e-05
1148,valid,0,2.9842298e-05
4247,valid,0,3.4365035e-05
7573,valid,0,1.4460839e-05
6534,valid,0,2.0101685e-05
793,valid,0,1.9845038e-05
10740,valid,0,4.64332e-05
6692,valid,0,0.0008005877
4124,valid,0,4.849332e-05
7132,valid,0,0.00021186711
7356,valid,0,0.00021186711
3100,valid,0,5.6856632e-05
7748,valid,0,2.0548385e-05
7087,valid,0,4.4171615e-05
10217,valid,0,4.287255e-05
10831,valid,0,3.4438322e-05
1997,valid,0,1.68489e-05
5345,valid,0,9.738946e-05
5353,valid,0,2.2556334e-05
5740,valid,0,1.712023e-05
7342,valid,0,3.562971e-05
1996,valid,0,0.000560534
56,valid,0,0.002893502
6341,valid,0,2.0548385e-05
5950,valid,0,0.0028533149
10346,valid,0,0.00032797924
427,valid,0,2.008201e-05
4406,valid,0,0.00072956533
5077,valid,0,3.4950317e-05
4472,valid,0,0.00037061155
7079,valid,0,3.4185163e-05
330,valid,0,7.6494696e-05
6204,valid,0,0.00055781676
6188,valid,0,2.6752488e-05
9584,valid,0,0.0024921037
2929,valid,0,1.9356728e-05
6333,valid,0,1.695587e-05
7583,valid,0,1.9380477e-05
3093,valid,0,0.0013990878
3686,valid,0,0.0005480859
8253,valid,0,0.01685697
9496,valid,0,0.00079658016
4233,valid,0,1.5018588e-05
1250,valid,0,1.4969352e-05
6381,valid,0,0.0012940909
3112,valid,0,2.677961e-05
5357,valid,0,0.00051947095
487,valid,0,1.798148e-05
5521,valid,0,1.7552118e-05
911,valid,0,0.003696359
10942,valid,0,0.00039573613
1541,valid,0,0.00015493916
9153,valid,0,2.0713967e-05
1847,valid,0,2.0588615e-05
8396,valid,0,1.4937718e-05
905,valid,0,0.0009905725
3570,valid,0,1.8620145e-05
5746,valid,0,1.9845038e-05
6939,valid,0,3.793228e-05
10927,valid,0,2.438731e-05
10473,valid,0,1.9845038e-05
1758,valid,0,0.0011813458
8249,valid,0,2.0644782e-05
2471,valid,0,4.473786e-05
8477,valid,0,0.0011614844
10477,valid,0,1.9356728e-05
2466,valid,0,0.0033846775
1682,valid,0,0.00012294436
9348,valid,0,1.7727009e-05
1534,valid,0,0.0007070351
429,valid,0,6.186326e-05
8491,valid,0,8.154332e-05
5429,valid,0,0.000768871
3039,valid,0,2.2391403e-05
7735,valid,0,0.0010838878
8393,valid,0,2.8342989e-05
7811,valid,0,2.5600819e-05
3560,valid,0,3.9032926e-05
9586,valid,0,1.7727009e-05
7095,valid,0,1.50115375e-05
8862,valid,0,0.00094970537
9429,valid,0,3.4872926e-05
4577,valid,0,3.78283e-05
7537,valid,0,0.003374596
3438,valid,0,4.0539402e-05
1145,valid,0,1.6199001e-05
8798,valid,0,8.723293e-05
4804,valid,0,2.7553802e-05
7239,valid,0,7.286633e-05
9329,valid,0,0.00014351647
10739,valid,0,2.2355258e-05
9760,valid,0,1.7196262e-05
1052,valid,0,0.0021448678
4784,valid,0,2.6817883e-05
6684,valid,0,6.701351e-05
9359,valid,0,6.701351e-05
4122,valid,0,1.6607652e-05
2761,valid,0,1.8278735e-05
7350,valid,0,3.5891273e-05
10206,valid,0,2.0039359e-05
1044,valid,0,0.00016324033
385,valid,0,0.00082871807
2397,valid,0,0.0006318624
3028,valid,0,3.1114487e-05
1086,valid,0,1.0398845e-05
4529,valid,0,0.0012381682
1057,valid,0,1.6607652e-05
8790,valid,0,0.00028300344
9759,valid,0,0.00016953604
8817,valid,0,9.881213e-05
2843,valid,0,0.00011711573
4602,valid,0,0.0011236548
3630,valid,0,1.7196262e-05
10460,valid,0,1.0398845e-05
9392,valid,0,1.6607652e-05
6451,valid,0,3.6932663e-05
9494,valid,0,2.0469826e-05
8815,valid,0,1.6199001e-05
1550,valid,0,9.7983975e-06
4762,valid,0,9.745048e-06
8486,valid,0,7.908525e-05
7733,valid,0,0.0035234168
6103,valid,0,1.7196262e-05
8678,valid,0,0.0011664926
6518,valid,0,0.00012409924
7248,valid,0,0.0009694566
800,valid,0,1.7196262e-05
4245,valid,0,1.5839667e-05
6342,valid,0,2.2157841e-05
6668,valid,0,2.6977468e-05
5680,valid,0,3.772146e-05
3889,valid,0,1.8739862e-05
4699,valid,0,1.8739862e-05
8122,valid,0,8.04768e-05
3080,valid,0,0.0005611285
2658,valid,0,4.6365458e-05
10302,valid,0,1.0142968e-05
5745,valid,0,1.0767405e-05
6542,valid,0,0.0006041405
10721,valid,0,1.0142968e-05
7359,valid,0,1.0767405e-05
6476,valid,0,1.0502459e-05
7361,valid,0,1.3115948e-05
937,valid,0,6.923138e-05
5944,valid,0,0.00018006562
8365,valid,0,0.0056288727
10231,valid,0,0.0033882384
6090,valid,0,1.0142968e-05
9775,valid,0,0.00045957827
1766,valid,0,1.41517985e-05
7129,valid,0,8.675507e-05
741,valid,0,3.8588052e-05
907,valid,0,3.8588052e-05
7471,valid,0,0.00012266335
418,valid,0,0.00089202507
10806,valid,0,0.0010970243
1746,valid,0,1.6611899e-05
8904,valid,0,0.00048595716
4552,valid,0,3.833015e-05
5086,valid,0,1.161593e-05
4480,valid,0,1.2327754e-05
6111,valid,0,0.0008339685
3087,valid,0,0.0002894557
9582,valid,0,2.4598672e-05
1449,valid,0,0.00066498027
3765,valid,0,3.8329916e-05
9135,valid,0,1.0502459e-05
10939,valid,0,1.0767405e-05
2942,valid,0,4.980157e-05
5355,valid,0,1.0398845e-05
1780,valid,0,1.0653223e-05
8831,valid,0,0.00055986695
6569,valid,0,1.0398845e-05
1538,valid,0,0.00035159534
9152,valid,0,0.002804583
3044,valid,0,0.0016858398
6183,valid,0,1.0502459e-05
2669,valid,0,1.0398845e-05
4007,valid,0,1.0420089e-05
11007,valid,0,0.0010035472
5302,valid,0,9.17078e-05
7579,valid,0,7.541765e-06
1545,valid,0,1.8848597e-05
8277,valid,0,1.0063428e-05
9773,valid,0,2.2442347e-05
6166,valid,0,2.2998413e-05
5945,valid,0,3.1465286e-05
1099,valid,0,1.7178289e-05
7291,valid,0,0.00040430628
5063,valid,0,0.0006415271
9442,valid,0,0.00013645629
10474,valid,0,0.0006872219
6374,valid,0,1.9242047e-05
6108,valid,0,1.2673816e-05
10750,valid,0,1.0420089e-05
419,valid,0,1.1930109e-05
7319,valid,0,1.1930109e-05
3923,valid,0,4.1543546e-05
1047,valid,0,2.8233017e-05
4030,valid,0,9.815793e-06
10742,valid,0,2.9716894e-05
6689,valid,0,9.903936e-06
4810,valid,0,1.5617614e-05
9438,valid,0,4.666184e-05
2680,valid,0,1.9293957e-05
5438,valid,0,1.7953435e-05
8917,valid,0,1.0142968e-05
1116,valid,0,5.2291536e-05
10936,valid,0,9.524677e-06
2882,valid,0,4.6999725e-05
3076,valid,0,6.719179e-05
8242,valid,0,8.026032e-05
3046,valid,0,1.0353434e-05
7539,valid,0,3.5666086e-05
3634,valid,0,0.0015630537
6912,valid,0,2.1320984e-05
808,valid,0,1.7511695e-05
6674,valid,0,1.0063428e-05
10767,valid,0,0.00037918444
5072,valid,0,1.6755614e-05
7038,valid,0,0.0008526774
3019,valid,0,0.010105843
7738,valid,0,0.0032150606
8728,valid,0,0.00049733266
7328,valid,0,2.1320984e-05
1685,valid,0,2.1858774e-05
1255,valid,0,1.0420089e-05
9437,valid,0,2.4331766e-05
10310,valid,0,9.482348e-06
4025,valid,0,1.0108394e-05
7744,valid,0,1.653653e-05
6208,valid,0,1.7511695e-05
1054,valid,0,9.815793e-06
6634,valid,0,0.00013261968
3641,valid,0,2.3688963e-05
7524,valid,0,0.0009490847
4550,valid,0,0.0003635124
6923,valid,0,9.717926e-06
5957,valid,0,2.0767457e-05
7737,valid,0,9.717926e-06
3102,valid,0,1.0063428e-05
1841,valid,0,1.0966757e-05
377,valid,0,2.00784e-05
4827,valid,0,2.00784e-05
10199,valid,0,7.1345574e-05
8737,valid,0,9.150405e-05
4760,valid,0,0.0002975535
10851,valid,0,0.00039543016
3068,valid,0,0.00022180157
6152,valid,0,2.0038986e-05
6472,valid,0,9.815793e-06
11052,valid,0,1.0063428e-05
1844,valid,0,0.00041501957
9338,valid,0,9.660237e-06
10781,valid,0,0.0007473849
1779,valid,0,1.6790627e-05
9144,valid,0,1.0063428e-05
10052,valid,0,0.00033384401
2945,valid,0,1.005592e-05
7742,valid,0,4.7769707e-05
9141,valid,0,9.815793e-06
2681,valid,0,1.0360105e-05
6274,valid,0,3.8334816e-05
7082,valid,0,1.0420089e-05
7358,valid,0,0.00090899854
6184,valid,0,1.0420089e-05
6102,valid,0,9.478804e-06
6479,valid,0,2.1320984e-05
10303,valid,0,9.721559e-06
9767,valid,0,0.00043598883
4600,valid,0,1.0420089e-05
10227,valid,0,9.3237395e-05
7034,valid,0,0.00094814296
1163,valid,0,9.490462e-06
10459,valid,0,0.0005636415
8870,valid,0,7.150906e-05
9136,valid,0,2.5007052e-05
10932,valid,0,9.478804e-06
1776,valid,0,1.0784955e-05
6225,valid,0,1.0062353e-05
10811,valid,0,4.274203e-05
4130,valid,0,1.152052e-05
4453,valid,0,0.0013741473
6925,valid,0,1.7051138e-05
6693,valid,0,8.940079e-06
7746,valid,0,7.757765e-06
6107,valid,0,2.1401956e-05
8899,valid,0,9.165619e-06
297,valid,0,5.1637526e-05
10313,valid,0,1.1925338e-05
4126,valid,0,9.331075e-06
6686,valid,0,2.1684898e-05
6462,valid,0,3.8042836e-05
8624,valid,0,3.8042836e-05
1419,valid,0,0.0003768771
310,valid,0,1.4839646e-05
7468,valid,0,3.782679e-05
8796,valid,0,0.00013322613
3056,valid,0,9.490462e-06
6191,valid,0,9.387793e-06
1556,valid,0,2.025088e-05
2390,valid,0,3.8334816e-05
10752,valid,0,0.00043811463
1987,valid,0,1.1250876e-05
4814,valid,0,9.478804e-06
11047,valid,0,1.1178907e-05
1532,valid,0,1.0465492e-05
7570,valid,0,0.00039926192
5097,valid,0,2.0609006e-05
9552,valid,0,4.823137e-05
9430,valid,0,4.379429e-05
10464,valid,0,3.9720526e-05
9332,valid,0,1.152052e-05
9278,valid,0,1.2897631e-05
9381,valid,0,0.0007638885
6018,valid,0,0.0014017767
10584,valid,0,9.478804e-06
6631,valid,0,2.5076413e-05
4773,valid,0,9.113225e-05
7322,valid,0,4.361956e-05
4705,valid,0,9.717926e-06
6119,valid,0,0.001986791
7282,valid,0,9.6439544e-05
5103,valid,0,1.264688e-05
6677,valid,0,9.478804e-06
6220,valid,0,2.6606553e-05
4017,valid,0,1.24520775e-05
8824,valid,0,9.256946e-06
8265,valid,0,8.940079e-06
4824,valid,0,2.1678317e-05
2457,valid,0,6.834611e-05
1535,valid,0,9.165619e-06
1962,valid,0,0.00010520991
4685,valid,0,0.0001235446
3571,valid,0,1.16668225e-05
1576,valid,0,0.00067753193
10587,valid,0,8.940079e-06
6540,valid,0,0.00022071876
8492,valid,0,3.1072814e-05
4028,valid,0,3.1539003e-05
4095,valid,0,0.0014427509
10468,valid,0,1.9908666e-05
4596,valid,0,9.3242204e-05
3504,valid,0,4.1386254e-05
5078,valid,0,1.0117622e-05
10998,valid,0,7.480154e-05
10717,valid,0,1.0595974e-05
422,valid,0,1.0816723e-05
7664,valid,0,0.0020105415
1438,valid,0,2.0818623e-05
4026,valid,0,2.0818623e-05
9432,valid,0,0.0019594815
3896,valid,0,0.00037764202
4019,valid,0,9.165619e-06
4594,valid,0,1.9418834e-05
10735,valid,0,9.490462e-06
7321,valid,0,1.9418834e-05
4687,valid,0,9.490462e-06
10837,valid,0,8.7437775e-06
6164,valid,0,1.9418834e-05
7093,valid,0,0.0001328455
10457,valid,0,8.636381e-06
5436,valid,0,2.1279087e-05
3448,valid,0,9.868666e-06
6171,valid,0,1.4117366e-05
7390,valid,0,0.0013216073
1549,valid,0,9.165619e-06
4823,valid,0,1.9648345e-05
2774,valid,0,1.9418834e-05
5423,valid,0,9.490462e-06
6373,valid,0,1.5622878e-05
9349,valid,0,9.158783e-06
1120,valid,0,9.165606e-06
2764,valid,0,0.0019075308
1043,valid,0,9.165619e-06
10760,valid,0,0.00093378837
4586,valid,0,0.0017092016
6323,valid,0,1.768177e-05
3575,valid,0,0.0017987724
7086,valid,0,9.723339e-06
8259,valid,0,1.7741853e-05
7183,valid,0,1.9574289e-05
3648,valid,0,3.8334816e-05
3108,valid,0,9.259017e-06
7092,valid,0,2.3832743e-05
4012,valid,0,0.00072404335
3090,valid,0,1.884799e-05
4780,valid,0,1.943213e-05
4117,valid,0,1.5874908e-05
6516,valid,0,1.1199609e-05
9274,valid,0,0.0010690199
8461,valid,0,0.0002335136
4023,valid,0,4.6938083e-05
6478,valid,0,2.166319e-05
2767,valid,0,1.0240659e-05
10469,valid,0,3.9877108e-05
1108,valid,0,3.1890573e-05
6021,valid,0,0.00046843372
6088,valid,0,1.1707582e-05
9562,valid,0,1.1707582e-05
6910,valid,0,0.0011783664
1726,valid,0,6.745107e-06
1769,valid,0,9.259017e-06
515,valid,0,3.885906e-05
6454,valid,0,0.00045801373
3037,valid,0,8.828486e-06
4587,valid,0,0.0024293666
6262,valid,0,0.0011580654
6467,valid,0,9.165619e-06
312,valid,0,0.003301825
8630,valid,0,0.000107278545
4799,valid,0,9.031187e-06
3767,valid,0,1.5573785e-05
4889,valid,0,9.356947e-05
2844,valid,0,0.00015858567
4584,valid,0,9.259017e-06
3021,valid,0,0.0010000812
926,valid,0,1.612309e-05
9756,valid,0,2.1202613e-05
5406,valid,0,2.1202613e-05
1262,valid,0,0.00086377346
9376,valid,0,5.9157588e-05
7287,valid,0,0.0029353495
3079,valid,0,9.259017e-06
3932,valid,0,1.979653e-05
9341,valid,0,1.5567286e-05
4483,valid,0,9.259017e-06
10776,valid,0,8.940079e-06
6263,valid,0,0.0032123916
4106,valid,0,9.031187e-06
8740,valid,0,7.761297e-05
2225,valid,0,6.267515e-05
6927,valid,0,2.4460418e-05
10730,valid,0,2.2515043e-05
1113,valid,0,6.680345e-06
10808,valid,0,1.9281177e-05
6933,valid,0,2.2342074e-05
7236,valid,0,5.8038102e-05
6128,valid,0,0.00052893814
6025,valid,0,0.004103481
7577,valid,0,8.942088e-06
5441,valid,0,1.861546e-05
294,valid,0,8.722056e-06
8261,valid,0,9.031187e-06
4680,valid,0,1.9281177e-05
3043,valid,0,0.0017207973
5511,valid,0,8.942088e-06
10751,valid,0,0.0030132683
7339,valid,0,0.0002518882
3040,valid,0,1.4001535e-05
8611,valid,0,9.600621e-05
10403,valid,0,4.9599803e-05
3018,valid,0,7.720022e-05
4127,valid,0,1.0339927e-05
8132,valid,0,9.820808e-05
3032,valid,0,9.3003455e-06
1155,valid,0,1.2797878e-05
6556,valid,0,1.9435525e-05
8908,valid,0,1.0339927e-05
5139,valid,0,0.00023364842
2940,valid,0,1.9562513e-05
794,valid,0,0.000116419265
6502,valid,0,0.0010692567
2585,valid,0,3.6751637e-05
7323,valid,0,1.9281177e-05
6190,valid,0,0.0030587139
10727,valid,0,8.757582e-06
10819,valid,0,9.031187e-06
7582,valid,0,1.4873089e-05
10348,valid,0,2.7040238e-05
6173,valid,0,8.942088e-06
8910,valid,0,6.745107e-06
9516,valid,0,0.0025469067
7033,valid,0,0.0018384444
6224,valid,0,3.858366e-05
5425,valid,0,1.0600782e-05
10754,valid,0,0.0005283764
7243,valid,0,1.1079785e-05
10038,valid,0,0.00028978463
6203,valid,0,6.122794e-05
7574,valid,0,9.736743e-06
9372,valid,0,6.3437205e-05
6447,valid,0,4.607094e-05
4419,valid,0,3.6751637e-05
8822,valid,0,8.942088e-06
8469,valid,0,1.27586745e-05
5432,valid,0,8.722056e-06
10934,valid,0,1.0339927e-05
8828,valid,0,0.00088356825
8859,valid,0,0.0005224024
2684,valid,0,1.1238874e-05
305,valid,0,2.090799e-05
8808,valid,0,1.986973e-05
10305,valid,0,2.0370953e-05
10467,valid,0,9.988676e-06
428,valid,0,1.1944039e-05
433,valid,0,1.6235805e-05
1122,valid,0,8.978512e-06
5832,valid,0,3.7832182e-05
8402,valid,0,2.2257265e-05
7126,valid,0,0.0018847898
10813,valid,0,0.0038265327
4450,valid,0,9.794703e-05
9492,valid,0,8.365987e-05
9353,valid,0,0.0018587286
7355,valid,0,8.942088e-06
1830,valid,0,0.0005639984
10471,valid,0,7.385979e-06
2711,valid,0,6.0962935e-05
9487,valid,0,4.1932097e-05
10035,valid,0,0.0049990276
5301,valid,0,0.0018488058
8459,valid,0,0.0005861123
8866,valid,0,4.9419355e-05
9580,valid,0,0.0016843176
6110,valid,0,9.531261e-06
9592,valid,0,1.6713182e-05
10824,valid,0,1.46212105e-05
1756,valid,0,1.9848094e-05
2674,valid,0,1.9281177e-05
920,valid,0,8.978512e-06
5742,valid,0,0.0011231519
293,valid,0,1.1478348e-05
7096,valid,0,2.0006963e-05
492,valid,0,0.0008681837
10924,valid,0,2.0423966e-05
2214,valid,0,2.1016578e-05
9356,valid,0,0.00081590546
1146,valid,0,1.9622636e-05
313,valid,0,9.531255e-06
4789,valid,0,2.142454e-05
7734,valid,0,9.2260154e-05
10307,valid,0,0.0009232356
9385,valid,0,1.00978705e-05
6559,valid,0,1.0024373e-05
5346,valid,0,2.0939147e-05
6568,valid,0,9.088065e-06
10731,valid,0,2.7864588e-05
8625,valid,0,4.6502868e-05
934,valid,0,4.3595148e-05
1452,valid,0,3.7927985e-05
4595,valid,0,2.1672706e-05
7341,valid,0,8.942088e-06
4013,valid,0,0.002348768
8250,valid,0,5.6892688e-05
9764,valid,0,1.6999504e-05
10299,valid,0,0.00066654995
8278,valid,0,7.800686e-06
2671,valid,0,3.3600933e-05
7740,valid,0,9.531255e-06
3511,valid,0,0.00037852593
4118,valid,0,9.204999e-06
3951,valid,0,4.461563e-05
4541,valid,0,4.2093507e-05
6680,valid,0,0.0005321298
1096,valid,0,0.002012826
1883,valid,0,3.65595e-05
6463,valid,0,9.2967175e-06
3107,valid,0,3.8087073e-05
10996,valid,0,0.0013103838
5424,valid,0,0.0012183221
4470,valid,0,0.0015088574
1110,valid,0,0.0004335815
3437,valid,0,8.978507e-06
784,valid,0,1.0277257e-05
1843,valid,0,9.531261e-06
3647,valid,0,1.129923e-05
3077,valid,0,1.4429419e-05
4090,valid,0,0.00068162987
4777,valid,0,8.978512e-06
1453,valid,0,4.230109e-05
4234,valid,0,8.978507e-06
7576,valid,0,6.9434236e-06
2454,valid,2,0.0031825996
2205,valid,2,0.0024676358
517,valid,2,0.015992885
2446,valid,2,0.010126362
514,valid,2,0.011736281
10340,valid,2,0.02363519
2195,valid,2,0.052662194
8102,valid,2,0.00555336
2452,valid,2,0.032346237
708,valid,2,0.030964777
2724,valid,2,0.019497374
710,valid,2,0.017360449
10203,valid,2,0.03181557
4438,valid,2,0.18530507
2706,valid,2,0.003041237
4452,valid,2,0.030197805
2453,valid,2,0.027846796
6115,valid,2,0.116162114
6114,valid,2,0.0210685
10202,valid,2,0.040219706
10342,valid,2,0.025718234
6123,valid,2,0.0041702073
8111,valid,2,0.0045019356
711,valid,2,0.008691636
528,valid,2,0.034409367
6121,valid,2,0.008919384
4437,valid,2,0.0022578437
10194,valid,2,0.0013883716
8109,valid,2,0.001939592
709,valid,2,0.021684252
10204,valid,0,0.0019384347
2715,valid,2,0.005392907
8096,valid,0,0.0007908828
7454,valid,2,0.032338094
10207,valid,0,0.000217256
2718,valid,2,0.0055667986
10339,valid,0,0.0020437066
2197,valid,2,0.013351201
7451,valid,2,0.034816705
2722,valid,2,0.010066817
10209,valid,0,0.009569128
527,valid,2,0.08032308
8106,valid,2,0.007918474
2445,valid,0,0.00020345437
10338,valid,2,0.0037705197
2712,valid,2,0.004928959
2719,valid,2,0.06783119
2201,valid,2,0.0065637645
707,valid,2,0.00583796
10195,valid,2,0.105109535
6122,valid,2,0.032184437
2189,valid,2,0.03790399
10344,valid,0,0.03146419
8095,valid,0,0.002478583
8800,valid,2,0.03196707
3750,valid,2,0.0098338155
7067,valid,0,0.0067540808
8799,valid,2,0.009356576
4984,valid,2,0.0026563636
5412,valid,2,0.0066274134
4401,valid,2,0.023598647
5535,valid,2,0.026201839
4417,valid,2,0.008438321
3766,valid,2,0.0023933726
5416,valid,2,0.0518679
4981,valid,2,0.009981966
7074,valid,2,0.003538372
5534,valid,2,0.010564074
8623,valid,2,0.0507495
4978,valid,2,0.020386701
9373,valid,1,0.034370396
5409,valid,2,0.06782234
7066,valid,2,0.05544838
3903,valid,2,0.009761245
7120,valid,2,0.16752449
7075,valid,2,0.024864089
8632,valid,2,0.0038315486
4412,valid,2,0.023398394
3902,valid,0,0.002021938
3756,valid,2,0.019868381
8797,valid,2,0.007403768
8631,valid,2,0.037015207
8483,valid,0,0.0003150015
4413,valid,2,0.0031276573
5413,valid,2,0.009913755
8499,valid,2,0.0043874076
8498,valid,0,0.00046168803
4414,valid,2,0.006286366
4411,valid,2,0.030333335
8805,valid,2,0.0033762082
3900,valid,2,0.0024353077
5358,valid,1,0.119516425
3755,valid,2,0.0035445096
3758,valid,0,0.0018209898
8804,valid,2,0.012952943
8634,valid,2,0.0051984307
8803,valid,2,0.0056573953
3763,valid,2,0.0025968947
4985,valid,2,0.116404854
4409,valid,2,0.046700615
351,valid,2,0.0057577305
370,valid,2,0.0007769481
2241,valid,2,0.13219713
10656,valid,2,0.011003283
2234,valid,2,0.0012459452
2067,valid,2,0.013848314
7640,valid,2,0.014659471
571,valid,2,0.031657193
154,valid,2,0.0044672764
566,valid,2,0.015364357
10087,valid,1,0.09685122
8181,valid,2,0.0062136287
6757,valid,2,0.0038255064
2233,valid,2,0.007610248
577,valid,2,0.024706628
2232,valid,2,0.010371155
6761,valid,2,0.029109929
2246,valid,2,0.0019008617
369,valid,0,0.000228198
10666,valid,2,0.06557962
1496,valid,2,0.0035866864
565,valid,2,0.25238845
1495,valid,2,0.0084508145
3322,valid,1,0.030242898
1497,valid,0,0.010815239
2239,valid,2,0.008038134
354,valid,2,0.025449503
1499,valid,2,0.062446754
2236,valid,0,0.0003810254
150,valid,2,0.027322551
8182,valid,2,0.0009867466
8175,valid,0,0.0020138635
8176,valid,2,0.011117778
362,valid,2,0.011836112
145,valid,0,0.010439301
2063,valid,2,0.053649455
141,valid,0,0.0022955178
2245,valid,0,0.011404817
1318,valid,0,0.0039581796
1508,valid,0,0.023766823
7642,valid,0,0.002576319
575,valid,0,0.00035262844
8177,valid,2,0.024120478
1348,valid,2,0.002394555
3013,valid,2,0.03387075
1186,valid,2,0.03862222
3014,valid,2,0.0031493052
8375,valid,2,0.02560756
3597,valid,2,0.019383421
1358,valid,2,0.024384635
1676,valid,2,0.021424353
8224,valid,2,0.03264779
3602,valid,2,0.020608177
223,valid,1,0.018853256
7985,valid,2,0.004697331
1359,valid,2,0.002635903
5762,valid,2,0.014398666
1669,valid,2,0.002235165
9100,valid,2,0.02158729
7986,valid,2,0.0072326083
9109,valid,2,0.0023776996
9104,valid,2,0.0031328062
7265,valid,1,0.042660695
3000,valid,2,0.015809054
1674,valid,2,0.10026791
1660,valid,2,0.004422068
1352,valid,2,0.17025779
3592,valid,0,0.00020265665
3601,valid,2,0.007418272
8655,valid,2,0.083296046
8645,valid,2,0.0026679388
8644,valid,2,0.12861145
8370,valid,0,0.00015997911
1180,valid,2,0.004434311
3009,valid,2,0.0014709027
7997,valid,2,0.011950502
3593,valid,2,0.011832498
8652,valid,2,0.01751539
1181,valid,2,0.003779697
8233,valid,2,0.009273904
5761,valid,2,0.0025992983
1191,valid,0,0.0018017842
3591,valid,2,0.014444017
1351,valid,2,0.011444895
1190,valid,2,0.00055830687
7998,valid,2,0.0050110547
9105,valid,2,0.0038962509
8647,valid,2,0.14354071
5765,valid,2,0.02195547
7981,valid,2,0.057277083
7979,valid,2,0.027750902
8385,valid,2,0.14246453
3003,valid,2,0.0069515114
5763,valid,0,0.0011799404
9440,valid,2,0.0077684666
7036,valid,2,0.030008191
9439,valid,2,0.009104341
11000,valid,2,0.0030624454
5822,valid,2,0.035711095
1688,valid,2,0.0905805
7055,valid,2,0.011399529
11016,valid,2,0.0036620512
11012,valid,2,0.025599597
3905,valid,2,0.0018440271
1690,valid,2,0.0056057065
7037,valid,2,0.0088202255
7043,valid,2,0.021903781
9357,valid,2,0.027713379
6269,valid,2,0.08322374
11001,valid,2,0.022085255
3907,valid,2,0.11927084
3917,valid,2,0.0007168235
6273,valid,2,0.006412549
2643,valid,2,0.013306133
2642,valid,2,0.0087857405
10774,valid,1,0.019201135
7040,valid,2,0.02558546
9441,valid,2,0.0077944444
6267,valid,0,0.011532879
3376,valid,2,0.0009181144
3363,valid,2,0.12606266
2662,valid,2,0.003531427
10604,valid,1,0.1588671
9368,valid,0,0.0020072137
7044,valid,2,0.022029968
5823,valid,2,0.009709937
3904,valid,2,0.08578018
9256,valid,2,0.2429158
3913,valid,0,0.0068013594
7054,valid,0,0.006988985
1686,valid,2,0.02315013
6271,valid,2,0.3580509
7491,valid,0,0.00020968857
3371,valid,0,0.00020968857
11015,valid,2,0.09997561
9367,valid,2,0.043749653
9254,valid,2,0.03770369
9248,valid,2,0.04357248
11002,valid,2,0.0022097318
9431,valid,2,0.0026107999
2209,valid,2,0.016505193
4876,valid,2,0.0045604547
3050,valid,1,0.005291505
10160,valid,2,0.016087126
5501,valid,2,0.0033323658
4869,valid,2,0.014320693
1450,valid,2,0.017665671
8666,valid,2,0.02369621
10161,valid,2,0.002484974
8667,valid,2,0.005239016
2223,valid,2,0.029348016
2222,valid,2,0.060840935
7196,valid,2,0.06636223
7329,valid,1,0.57037425
4870,valid,2,0.0021497475
5498,valid,2,0.005853574
7191,valid,2,0.05088144
939,valid,2,0.0032106375
4877,valid,2,0.00952312
10167,valid,2,0.03160602
1440,valid,2,0.043469265
4873,valid,2,0.023447936
5506,valid,2,0.01377501
8676,valid,2,0.040451754
8669,valid,2,0.01459237
943,valid,2,0.018500434
2388,valid,2,0.0054901647
4872,valid,2,0.008946584
1733,valid,1,0.013508753
4871,valid,2,0.008074862
5508,valid,2,0.019214697
2392,valid,2,0.006136115
5495,valid,0,0.008663615
1454,valid,2,0.03094523
5491,valid,2,0.014913562
5503,valid,0,0.000276786
8675,valid,2,0.5057189
6507,valid,2,0.002398082
2213,valid,0,0.013460707
1444,valid,0,0.0083220815
2217,valid,2,0.0025150366
7192,valid,2,0.21141002
10163,valid,2,0.00068833434
8668,valid,2,0.015167942
9484,valid,2,0.00598175
7197,valid,2,0.11733765
942,valid,2,0.03618261
2206,valid,0,0.00021273775
1426,valid,2,0.009053234
5684,valid,2,0.3117797
8731,valid,2,0.13516927
1965,valid,2,0.007903708
7533,valid,2,0.0059026913
7544,valid,2,0.0023107186
7289,valid,2,0.0065062004
9522,valid,2,0.0058056796
6155,valid,1,0.01361386
1422,valid,2,0.028985566
1431,valid,2,0.009143213
9517,valid,2,0.012120147
9521,valid,2,0.007206064
3073,valid,2,0.025257153
2257,valid,2,0.04365481
1427,valid,2,0.03682492
1964,valid,2,0.009251104
2247,valid,2,0.0049446356
1957,valid,2,0.10095709
1138,valid,2,0.0025742662
8738,valid,2,0.004511487
5678,valid,2,0.008732415
8743,valid,2,0.01603372
3060,valid,2,0.0013253506
8726,valid,2,0.006753856
1959,valid,2,0.003820008
7285,valid,2,0.11693309
3072,valid,2,0.03643483
7541,valid,2,0.0040134476
1949,valid,2,0.008455899
1416,valid,2,0.005129077
8733,valid,2,0.0075536645
1432,valid,2,0.01226827
1420,valid,0,0.0027526242
1141,valid,2,0.02218489
1950,valid,0,0.002295087
7545,valid,2,0.012826444
1878,valid,2,0.0020616353
8734,valid,2,0.006245979
1424,valid,0,0.00019396203
7532,valid,2,0.0019300828
7586,valid,1,0.18955138
1433,valid,2,0.005482041
1888,valid,0,0.00021273775
5687,valid,2,0.020145776
5682,valid,2,0.0037531208
1955,valid,2,0.00020017085
5675,valid,2,0.041991886
3061,valid,2,0.049693614
1136,valid,2,0.006554172
9526,valid,0,0.005932777
5669,valid,0,0.0002700088
2250,valid,0,0.013967188
1434,valid,2,0.0035879393
3071,valid,2,0.0016253644
9456,valid,2,0.11548197
3359,valid,2,0.0033813256
10118,valid,2,0.022677474
9451,valid,2,0.006601472
3967,valid,2,0.006430681
3974,valid,2,0.081707254
4507,valid,2,0.03934966
3586,valid,2,0.02026004
5869,valid,2,0.1233532
3953,valid,2,0.008709671
9450,valid,2,0.0129027935
4712,valid,2,0.012368818
3351,valid,2,0.012576252
872,valid,2,0.105968416
3961,valid,2,0.09601892
10125,valid,2,0.024802148
4710,valid,2,0.0039863084
4199,valid,2,0.00517402
10117,valid,2,0.0030360124
2182,valid,2,0.0034731806
3962,valid,2,0.0027086341
3356,valid,2,0.010632806
3975,valid,2,0.039783247
3959,valid,2,0.005602031
4717,valid,2,0.001999181
5866,valid,2,0.032322843
4711,valid,2,0.0010167887
10121,valid,2,0.023844237
3352,valid,2,0.057571676
3588,valid,2,0.34968498
870,valid,2,0.015337456
4520,valid,2,0.0037259005
873,valid,2,0.0066693434
10129,valid,2,0.020252317
4718,valid,2,0.0092652
10130,valid,2,0.06975079
4709,valid,2,0.014800311
3968,valid,2,0.018287221
4713,valid,0,0.00020254361
3343,valid,2,0.38369504
2178,valid,2,0.037322775
861,valid,2,0.006828909
3970,valid,2,0.0133780865
4195,valid,2,0.006803847
9446,valid,2,0.0070533645
3357,valid,2,0.038792502
5873,valid,2,0.036193963
3973,valid,2,0.0048315614
3972,valid,0,0.0026686697
874,valid,2,0.0027263432
10120,valid,2,0.002984068
5875,valid,2,0.015401383
9449,valid,2,0.042295877
9455,valid,2,0.010965278
3349,valid,2,0.07604864
4206,valid,2,0.002500059
4498,valid,2,0.0006415008
4497,valid,2,0.010504046
10787,valid,2,0.08076175
684,valid,2,0.005510744
2433,valid,2,0.0045296997
279,valid,1,0.009412238
5545,valid,1,0.018783612
5485,valid,2,0.0016601741
5477,valid,2,0.017120525
680,valid,2,0.004273278
2291,valid,2,0.012561322
10538,valid,2,0.014347349
4503,valid,2,0.050302427
10535,valid,2,0.007862543
1476,valid,2,0.04867705
10788,valid,2,0.0031254857
5488,valid,2,0.0019807534
10524,valid,2,0.0023945242
5481,valid,2,0.006901903
5794,valid,0,0.0033682291
5479,valid,2,0.0016357101
4500,valid,2,0.04641747
10285,valid,2,0.005557172
5480,valid,2,0.02501905
1480,valid,2,0.16107276
10283,valid,2,0.005600811
10516,valid,2,0.045387875
5789,valid,2,0.021638691
10294,valid,0,0.00032118236
1477,valid,2,0.020241307
5486,valid,2,0.018197633
683,valid,2,0.5274906
10536,valid,2,0.02237634
2740,valid,0,0.007471151
2290,valid,2,0.011288784
4499,valid,2,0.012820452
10795,valid,0,0.0002202364
5787,valid,2,0.0037250195
695,valid,2,0.0091202855
10282,valid,2,0.0436356
5199,valid,0,0.0016158905
10286,valid,0,0.00048299797
9240,valid,0,0.0020080544
6237,valid,0,0.0007690593
10330,valid,0,0.0038034143
10913,valid,0,0.0006443727
5324,valid,0,0.00053995213
9729,valid,0,0.0008505332
191,valid,0,0.0035223158
5570,valid,0,0.0020067603
6739,valid,0,0.000700686
9616,valid,0,0.00027234576
5167,valid,0,0.0013228371
10529,valid,0,0.0015210719
5596,valid,0,0.0006419625
2739,valid,0,0.00075786794
1371,valid,0,1.4964101e-05
10707,valid,0,0.000735749
2058,valid,0,0.003723689
6840,valid,0,0.00026817544
622,valid,0,0.000927594
8719,valid,0,0.0018478127
1232,valid,0,0.00046261968
95,valid,0,3.2752952e-05
7217,valid,0,4.247179e-05
2265,valid,0,0.00066841533
5974,valid,0,0.0022359353
2123,valid,0,0.0043175076
6233,valid,0,0.014519914
10797,valid,0,0.017763132
8703,valid,0,0.0016773227
7873,valid,0,3.346652e-05
1599,valid,0,0.0006202403
8561,valid,0,0.001737281
9849,valid,0,0.005785413
9316,valid,0,0.004481002
1617,valid,0,0.0013219449
9318,valid,0,0.0012141686
10642,valid,0,0.00088602066
7414,valid,0,0.0020358604
8875,valid,0,0.0009345905
5547,valid,0,0.0009062133
8699,valid,0,0.008100626
8714,valid,0,0.0012714183
10710,valid,0,0.00164748
4259,valid,0,0.0014835419
3489,valid,0,0.00029634935
2010,valid,0,0.029857172
3529,valid,0,1.20094455e-05
8,valid,0,0.002333311
2169,valid,0,0.0013647059
247,valid,0,0.01803038
3658,valid,0,4.6177123e-05
3120,valid,0,0.0046914676
2007,valid,0,0.0024121858
4042,valid,0,0.002741244
2057,valid,0,0.019516928
3541,valid,0,0.0034663163
7272,valid,0,0.004360739
5185,valid,0,0.0020408751
8760,valid,0,0.008845151
5269,valid,0,0.0015360739
2747,valid,0,0.000998486
7222,valid,0,0.0030559625
3484,valid,0,0.002070888
2913,valid,0,0.0037459976
9808,valid,0,0.00056124286
9733,valid,0,0.0009868743
1197,valid,0,0.00013724274
2262,valid,0,0.00010300924
9042,valid,0,0.022507781
8525,valid,0,6.910664e-05
5965,valid,0,0.0045426087
9218,valid,0,3.9327377e-05
5803,valid,0,0.00019886298
7367,valid,0,0.0001486202
9530,valid,0,0.023975119
112,valid,0,0.003106289
7922,valid,0,0.03374942
3235,valid,0,0.0085114725
7001,valid,0,0.007391063
9059,valid,0,0.0013580058
6709,valid,0,0.0062472145
1523,valid,0,0.009258812
8931,valid,0,0.00015213992
818,valid,0,0.00012492319
6033,valid,0,3.0466903e-05
2009,valid,0,0.0067504314
6582,valid,0,0.0005602705
2097,valid,0,8.100352e-06
3605,valid,0,4.6090056e-05
9229,valid,0,0.00010608948
9734,valid,0,0.00034171707
1235,valid,0,2.1240669e-05
3195,valid,0,0.0010949824
1393,valid,0,0.0002590471
1628,valid,0,0.00088715984
9841,valid,0,0.0004746307
4619,valid,0,0.0017731809
1527,valid,0,0.0018819338
1385,valid,0,0.00047436001
10190,valid,0,0.0005659459
7899,valid,0,0.00086280133
3793,valid,0,0.0016273526
10539,valid,0,0.00034631242
3216,valid,0,1.1661104e-05
6975,valid,0,0.0006789291
7855,valid,0,0.000731026
839,valid,0,0.00033228562
1659,valid,0,0.00016190187
2125,valid,0,3.08664e-05
9067,valid,0,0.00039323542
10554,valid,0,0.00058251637
10652,valid,0,0.0005533395
8228,valid,0,0.0016371235
2887,valid,0,0.0009878782
1236,valid,0,0.0013236292
9830,valid,0,0.0006508484
631,valid,0,0.00064769766
3016,valid,0,0.002044995
8653,valid,0,0.0011858769
3137,valid,0,0.0003774939
9884,valid,0,0.0021916553
7706,valid,0,1.0991772e-05
9048,valid,0,0.00088299724
8055,valid,0,0.00060399383
10361,valid,0,0.00084952207
6235,valid,0,0.001275299
3796,valid,0,0.008399384
8017,valid,0,1.6747174e-05
9599,valid,0,0.00018092802
6082,valid,0,0.0027797183
5541,valid,0,0.000767812
634,valid,0,0.0006031853
2124,valid,0,0.006035561
9891,valid,0,7.153638e-05
8640,valid,0,0.006472408
10323,valid,0,0.00027525992
2485,valid,0,2.224791e-05
5693,valid,0,3.3994686e-05
4189,valid,0,0.0018874707
3116,valid,0,0.002994863
12,valid,0,4.3012464e-05
609,valid,0,0.00385078
3229,valid,0,0.018112127
4631,valid,0,0.0011165518
10335,valid,0,0.00167736
9221,valid,0,0.0020116223
7764,valid,0,1.2158336e-05
10062,valid,0,0.00027422237
621,valid,0,0.0026091507
5559,valid,0,0.0012328733
7988,valid,0,0.00018703468
8994,valid,0,0.004691069
2385,valid,0,0.0003572694
8945,valid,0,8.85425e-06
9839,valid,0,1.1314732e-05
3,valid,0,0.0042876014
2103,valid,0,5.7999256e-05
9202,valid,0,0.00097558333
8928,valid,0,0.0085801715
3381,valid,0,0.0012875907
10133,valid,0,0.00030436352
8056,valid,0,0.009253831
5990,valid,0,0.002030135
8580,valid,0,0.000673663
1707,valid,0,0.0018124954
5474,valid,0,0.0007880364
9619,valid,0,0.0014290434
7761,valid,0,0.0017766361
8713,valid,0,0.00047642976
2144,valid,0,8.514445e-06
7271,valid,0,0.0010815738
9903,valid,0,0.00051105814
3769,valid,0,3.409832e-05
8920,valid,0,0.001325156
10527,valid,0,0.0014170466
3453,valid,0,0.00028788266
3005,valid,0,0.00028623684
394,valid,0,5.9232058e-05
2438,valid,0,0.0007741092
10180,valid,0,0.000497153
6241,valid,0,0.00044963154
396,valid,0,0.00078852614
3886,valid,0,0.00088127464
7876,valid,0,0.0010604161
195,valid,0,6.717318e-05
6982,valid,0,0.001490738
10918,valid,0,6.5939326e-05
4341,valid,0,0.0071234065
10495,valid,0,0.0024733727
1519,valid,0,0.00051897246
2488,valid,0,0.0046416726
10182,valid,0,0.0033395237
9883,valid,0,0.00063479174
8046,valid,0,0.0003771251
681,valid,0,0.00032461635
1705,valid,0,0.0010424644
2033,valid,0,2.451753e-05
3181,valid,0,0.0034391084
5772,valid,0,5.9420356e-05
1865,valid,1,0.0022471237
2979,valid,0,0.0012440538
7756,valid,0,0.0009972923
9322,valid,0,0.040564932
691,valid,0,6.9028116e-05
10175,valid,0,0.00017327213
2051,valid,0,0.00046454475
4180,valid,0,0.00044363044
3297,valid,0,0.0038975019
7173,valid,0,0.0003882919
3206,valid,0,3.7864345e-05
2999,valid,0,9.592175e-05
8094,valid,0,9.559907e-05
272,valid,0,4.2017607e-05
10980,valid,0,0.000818799
6967,valid,0,0.0069763632
6300,valid,0,0.00089463743
6041,valid,0,0.009655115
3883,valid,0,0.00016592343
7370,valid,0,9.686521e-06
8522,valid,0,0.0017222228
389,valid,0,0.000738057
819,valid,0,0.00078926084
8716,valid,0,0.00055338803
4573,valid,0,0.00023691067
7170,valid,0,0.00028841925
401,valid,0,0.0015744315
8378,valid,0,0.003248683
4052,valid,0,0.0009087321
5977,valid,0,0.0006133903
10292,valid,0,0.00053614436
4394,valid,0,1.2103793e-05
2970,valid,0,0.0003045541
4251,valid,0,0.00021670465
8452,valid,0,0.00021976315
7887,valid,0,0.0009329915
1525,valid,0,0.001114723
5805,valid,0,5.0752325e-05
4566,valid,0,1.6374772e-05
2354,valid,0,0.0023381715
3377,valid,0,6.8625464e-05
5975,valid,0,6.2433595e-05
7861,valid,0,0.00039164606
3783,valid,0,0.00011774489
2431,valid,0,1.2756401e-05
3286,valid,0,1.9478795e-05
2298,valid,0,1.8653956e-05
9107,valid,0,1.9833553e-05
9078,valid,0,0.00060384814
5770,valid,0,1.2545294e-05
4051,valid,0,0.005186542
7262,valid,0,3.856301e-05
9300,valid,0,0.001192842
9615,valid,0,1.9833553e-05
4254,valid,0,5.7241174e-05
2137,valid,0,0.0015339664
692,valid,0,0.0016370605
3522,valid,0,0.0013003359
11025,valid,0,1.0519101e-05
3211,valid,0,0.0003841032
6710,valid,0,0.00031779546
10552,valid,0,3.1471645e-05
1517,valid,0,0.00025781046
9655,valid,0,0.00012288895
5706,valid,0,0.0014507805
6733,valid,0,1.169767e-05
2114,valid,0,0.0023555108
2264,valid,0,0.0026121505
8535,valid,0,0.0027797883
9055,valid,0,0.00053156615
3202,valid,0,1.9019266e-05
5982,valid,0,1.6374772e-05
9895,valid,0,0.005479779
3655,valid,0,0.0013120973
1667,valid,0,0.000112998474
1246,valid,0,0.00031983195
9906,valid,0,0.00017263157
114,valid,0,0.00024265036
7894,valid,0,0.001169036
10187,valid,0,0.03878163
2021,valid,0,0.0021930211
3801,valid,0,0.002616775
1515,valid,0,0.00102953
8519,valid,0,2.0566255e-05
3774,valid,0,0.0006018275
7177,valid,0,1.6374772e-05
8377,valid,0,1.6952074e-05
9934,valid,0,1.6952074e-05
3179,valid,0,0.0004267805
2091,valid,0,4.919975e-05
6078,valid,0,0.0006070314
11021,valid,0,4.911826e-05
9223,valid,0,0.0011363002
4649,valid,0,0.00024515935
8059,valid,0,0.00048318633
1675,valid,0,0.0068112523
2735,valid,0,2.4441788e-05
2415,valid,0,0.0002740931
2490,valid,0,0.0012755864
9869,valid,0,0.00069585355
3516,valid,0,0.0005219999
7864,valid,0,0.00057642814
4310,valid,0,2.7574686e-05
1587,valid,0,0.0015102503
3391,valid,0,0.018008662
9620,valid,0,0.011133152
9550,valid,0,0.004423418
5985,valid,0,5.6760753e-05
2884,valid,0,0.0002496068
5188,valid,0,0.00056635455
4494,valid,0,2.8188957e-05
6084,valid,0,0.003174725
9402,valid,0,0.0035889149
4040,valid,0,0.0034955083
7377,valid,0,1.6374772e-05
10483,valid,0,0.0029236334
8751,valid,0,0.0020084393
2749,valid,0,0.00053849065
7270,valid,0,0.0031765993
7897,valid,0,0.001806519
10987,valid,0,0.0005787347
5707,valid,0,0.0003902525
5327,valid,0,0.00050867297
8012,valid,0,0.0005384241
9954,valid,0,0.0001342214
1624,valid,0,0.003013676
8583,valid,0,0.0015730064
8346,valid,0,0.0014534431
10447,valid,0,3.1795953e-05
8088,valid,0,0.0013833568
10488,valid,0,0.009535563
8300,valid,0,0.003806728
9217,valid,0,0.005574196
10484,valid,0,0.0041426374
1819,valid,0,8.0948275e-06
4143,valid,0,0.00027149954
989,valid,0,0.0003972657
9324,valid,0,0.0005375376
10487,valid,0,0.0005662264
7178,valid,0,2.2424483e-05
9232,valid,0,0.00015369727
1184,valid,0,0.0007073194
1389,valid,0,9.519043e-06
602,valid,0,0.0001932263
2269,valid,0,0.00066073134
3010,valid,0,0.0003679428
7624,valid,0,0.000128983
4249,valid,0,0.0034356846
4397,valid,0,1.7738972e-05
4572,valid,0,1.7738972e-05
8984,valid,0,9.627408e-06
7399,valid,0,0.0003017442
2377,valid,0,3.84206e-05
9238,valid,0,1.5549747e-05
122,valid,0,3.18946e-05
2435,valid,0,2.1792934e-05
3875,valid,0,2.8188957e-05
4501,valid,0,1.6374772e-05
2434,valid,0,0.008696369
4426,valid,0,1.802485e-05
1394,valid,0,9.812165e-05
2894,valid,0,1.6374772e-05
5801,valid,0,2.3519815e-05
9081,valid,0,0.00032944971
6589,valid,0,0.008850655
8341,valid,0,0.0005161456
4312,valid,0,0.0024421187
7435,valid,0,0.00059579755
8226,valid,0,0.0012466579
6083,valid,0,1.2121772e-05
8980,valid,0,9.853156e-05
5182,valid,0,0.0011750623
618,valid,0,0.010021493
1709,valid,0,0.004471347
1514,valid,0,8.769741e-05
184,valid,0,2.6328786e-05
8455,valid,0,0.0002643567
2484,valid,0,0.0004743978
7417,valid,0,0.0005640168
9298,valid,0,0.0008471243
9843,valid,0,1.0142548e-05
4182,valid,0,2.059669e-05
10056,valid,0,2.047837e-05
2421,valid,0,0.0003945733
8654,valid,0,0.0012103457
5798,valid,0,0.00605996
5598,valid,0,0.00010889324
10533,valid,0,0.0019236561
10860,valid,0,0.0013932479
2113,valid,0,0.0058117257
3599,valid,0,0.0011169628
8064,valid,0,0.0033520719
838,valid,0,1.6676893e-05
9307,valid,0,0.00028174662
8977,valid,0,0.0031957245
3395,valid,0,0.0013407144
7767,valid,0,3.271027e-05
2130,valid,0,0.0021825677
7157,valid,0,0.00077180495
5205,valid,0,3.620968e-05
4560,valid,0,1.6544609e-05
10189,valid,0,0.00020133142
10863,valid,0,0.0004053518
393,valid,0,0.0036524192
6844,valid,0,0.002544308
4495,valid,0,4.1910214e-05
7633,valid,0,0.0009623855
1582,valid,0,0.00069964374
9230,valid,0,0.002145299
9241,valid,0,0.0016316721
2364,valid,0,0.00030614669
10450,valid,0,0.0031050132
5204,valid,0,9.717926e-06
9669,valid,0,0.0005786873
1664,valid,0,0.003684923
9956,valid,0,0.00025703036
7883,valid,0,0.0010726665
2152,valid,0,0.00014892391
8933,valid,0,0.00029281984
1474,valid,0,3.919757e-05
2427,valid,0,5.3215153e-05
8015,valid,0,0.00033806456
2025,valid,0,0.00096907426
1479,valid,0,0.0013650289
3777,valid,0,2.8455848e-05
1370,valid,0,0.00097162346
5783,valid,0,5.0178383e-05
844,valid,0,0.0025296833
6721,valid,0,0.005710021
10288,valid,0,0.0012309485
7227,valid,0,0.0008294455
4330,valid,0,0.0044311555
8517,valid,0,1.8818402e-05
3219,valid,0,0.0022451046
7226,valid,0,0.00067118916
8058,valid,0,0.005050358
2026,valid,0,0.0012033876
4337,valid,0,0.011252096
7900,valid,0,0.0025042568
982,valid,0,0.0002692329
4187,valid,0,0.00082408846
11018,valid,0,0.0011092479
4504,valid,0,0.000365798
5802,valid,0,0.00028344404
204,valid,0,2.7181946e-05
84,valid,0,9.251051e-05
9625,valid,0,1.0103675e-05
8325,valid,0,0.0002829442
8642,valid,0,0.0017100454
10785,valid,0,8.582237e-06
3183,valid,0,3.272501e-05
682,valid,0,3.660673e-05
9628,valid,0,3.45084e-05
3185,valid,0,7.174972e-05
9872,valid,0,1.8063647e-05
8319,valid,0,0.00044278798
7113,valid,0,0.00014566255
5791,valid,0,0.00060895184
1369,valid,0,0.00012954477
9866,valid,0,0.00031966093
9680,valid,0,1.4853088e-05
3594,valid,0,0.00035256136
1699,valid,0,0.0019733522
2344,valid,0,7.758711e-05
9815,valid,0,2.6701513e-05
9060,valid,0,1.7398643e-05
7112,valid,0,0.001157729
10445,valid,0,0.00017230777
8373,valid,0,0.0006351196
10669,valid,0,0.0009969306
10681,valid,0,0.00014759695
10796,valid,0,8.968092e-05
8702,valid,0,1.9251407e-05
7924,valid,0,0.0014290978
5767,valid,0,4.2005613e-05
6319,valid,0,0.00037165332
8989,valid,0,0.00020712896
7259,valid,0,0.0010308885
235,valid,0,2.1320984e-05
4257,valid,0,0.0014619266
1594,valid,0,1.0223149e-05
8930,valid,0,0.0010009066
9398,valid,0,0.00021913263
5962,valid,0,0.0003157037
1194,valid,0,0.000107081054
3600,valid,0,3.333255e-05
8697,valid,0,1.0903824e-05
8293,valid,0,0.0011577664
10793,valid,0,4.1300078e-05
2369,valid,0,0.0011298886
10054,valid,0,4.1300078e-05
10480,valid,0,1.0976142e-05
6962,valid,0,0.00015611509
7216,valid,0,1.2310697e-05
9233,valid,0,0.00074189564
5807,valid,0,5.2311174e-05
3676,valid,0,9.205003e-06
7200,valid,0,3.8550967e-05
10420,valid,0,6.071385e-05
7623,valid,0,1.6952074e-05
623,valid,0,2.3662338e-05
5335,valid,0,0.00048354914
690,valid,0,3.8951584e-05
2093,valid,0,4.6483743e-05
2014,valid,0,0.00301012
7770,valid,0,3.607962e-05
2962,valid,0,4.7192494e-05
8577,valid,0,0.0023183546
4043,valid,0,5.5317447e-05
7638,valid,0,4.240911e-05
3198,valid,0,3.607962e-05
6586,valid,0,0.0011723452
10319,valid,0,0.0024511642
3390,valid,0,0.009909164
637,valid,0,5.120694e-05
4623,valid,0,4.272175e-05
1415,valid,0,0.0073103523
8991,valid,0,9.6913545e-06
1620,valid,0,1.9717501e-05
6712,valid,0,0.00045524215
2273,valid,0,2.5763711e-05
3882,valid,0,4.3154214e-05
970,valid,0,8.014018e-06
1234,valid,0,4.395119e-05
1530,valid,0,1.9481855e-05
5221,valid,0,5.564808e-05
10142,valid,0,0.0022260866
8723,valid,0,4.567394e-05
9674,valid,0,4.68478e-05
3122,valid,0,0.0039695227
9940,valid,0,7.520099e-05
6239,valid,0,7.30853e-05
7856,valid,0,6.435661e-05
3292,valid,0,6.22988e-05
9805,valid,0,5.3741205e-05
9881,valid,0,0.00012214635
9325,valid,0,3.856301e-05
2168,valid,0,0.0012514387
3557,valid,0,3.1793537e-05
7984,valid,0,0.015143276
7382,valid,0,0.00048135378
1814,valid,0,7.46103e-06
5601,valid,0,7.819157e-06
9824,valid,0,3.124936e-05
9671,valid,0,0.00023808349
5976,valid,0,4.7430407e-05
7412,valid,0,0.00021131327
11041,valid,0,3.8442657e-05
203,valid,0,2.571231e-05
10992,valid,0,2.0861504e-05
5330,valid,0,0.0002236123
8641,valid,0,0.00021329291
9613,valid,0,0.0007118633
8769,valid,0,0.0012132303
2134,valid,0,0.0004104114
5475,valid,0,0.0032317315
9404,valid,0,3.3639462e-05
5605,valid,0,0.0006520574
3190,valid,0,8.2379804e-05
3657,valid,0,0.001239996
7116,valid,0,2.6331041e-05
4603,valid,0,0.0010474881
1824,valid,0,0.001879845
3530,valid,0,0.004989733
5217,valid,0,0.00029751132
2289,valid,0,0.0001717594
3776,valid,0,0.000317047
4339,valid,0,0.00014780113
2381,valid,0,0.0007530016
5342,valid,0,0.000636451
8919,valid,0,0.00047307892
5336,valid,0,7.161671e-05
128,valid,0,0.012227873
1716,valid,0,0.0002113132
4569,valid,0,1.9729703e-05
7925,valid,0,0.0001590533
7705,valid,0,0.0008712434
188,valid,0,0.00022674899
3603,valid,0,0.0010580102
5195,valid,0,0.0016957229
8572,valid,0,0.0005908336
10326,valid,0,0.00010849871
5785,valid,0,3.5132834e-05
4430,valid,0,0.0014162186
5603,valid,0,4.465718e-05
3514,valid,0,0.00057015166
8712,valid,0,0.0009697375
1614,valid,0,0.00085326826
5612,valid,0,0.00048506682
6970,valid,0,3.3049448e-05
986,valid,0,0.01213961
2985,valid,0,3.4836736e-05
9653,valid,0,0.00028806223
4145,valid,0,0.000282029
10525,valid,0,0.0005764061
1240,valid,0,3.8696115e-05
7223,valid,0,0.00022257671
10350,valid,0,2.123162e-05
8051,valid,0,0.00020801724
193,valid,0,7.259015e-05
8709,valid,0,0.00010164635
8942,valid,0,0.0023784668
8755,valid,0,8.598751e-06
395,valid,0,9.420841e-06
2355,valid,0,0.001649647
5611,valid,0,1.6374772e-05
2910,valid,0,9.962459e-05
6706,valid,0,0.0015439502
1376,valid,0,1.2971328e-05
5176,valid,0,4.5897985e-05
3671,valid,0,0.001858929
2410,valid,0,2.2944541e-05
9219,valid,0,0.0010366385
2755,valid,0,0.00049089803
9173,valid,0,0.002535756
6718,valid,0,0.0013261342
4175,valid,0,1.3814426e-05
228,valid,0,0.002273151
4387,valid,0,0.0008560198
8982,valid,0,0.0052829
10138,valid,0,0.0009630884
8575,valid,0,0.005287367
9603,valid,0,1.20094555e-05
9667,valid,0,3.2395594e-05
1713,valid,0,0.00091457186
6317,valid,0,0.0008926611
4620,valid,0,1.25306715e-05
2050,valid,0,1.1299481e-05
2030,valid,0,1.7492026e-05
4260,valid,0,0.0045369454
5270,valid,0,0.0019933356
1372,valid,0,0.00027342647
1602,valid,0,0.0013931185
8764,valid,0,0.011908878
9064,valid,0,3.262384e-05
8352,valid,0,0.0017550194
2977,valid,0,0.0006370312
2371,valid,0,1.3748162e-05
2352,valid,0,3.0282617e-05
10784,valid,0,0.0037924314
190,valid,0,0.00011747699
8649,valid,0,5.6181027e-05
7442,valid,0,0.0021019808
7002,valid,0,0.00019982732
8934,valid,0,0.001674233
7928,valid,0,0.002688966
7404,valid,1,0.0073730163
9732,valid,0,0.004695412
9687,valid,0,0.0014963293
4608,valid,0,0.0029346237
2142,valid,0,4.2731357e-05
3477,valid,0,0.008789951
3670,valid,0,0.0035266317
3552,valid,0,0.025617987
2965,valid,0,0.0009768329
9165,valid,0,0.00031963066
7202,valid,0,0.005612785
7992,valid,0,5.7763307e-05
6591,valid,0,0.002011038
9406,valid,0,4.759237e-05
1668,valid,0,0.00019328127
6720,valid,0,0.0044519217
10706,valid,0,0.002281205
4177,valid,0,0.007815135
1580,valid,0,0.0010500896
1622,valid,0,0.0029903601
5606,valid,0,0.0053133424
3121,valid,0,0.0009124618
5648,valid,0,0.0012499891
2140,valid,0,8.628292e-05
3194,valid,0,3.6573878e-05
8450,valid,0,0.0007954007
7369,valid,0,1.6374737e-05
3683,valid,0,0.005288643
4317,valid,0,0.00076881814
7987,valid,0,0.000717988
4174,valid,0,8.267528e-06
987,valid,0,1.8220135e-05
7424,valid,0,0.0030948545
4640,valid,0,7.197234e-05
6708,valid,0,0.011332674
3001,valid,0,9.547673e-05
4616,valid,0,0.0026672638
11028,valid,0,0.0016468341
7274,valid,0,0.001439365
2437,valid,0,2.2940307e-05
7174,valid,0,6.616247e-05
6997,valid,0,1.2652165e-05
9665,valid,0,0.00011489656
6974,valid,0,4.3152177e-05
2986,valid,0,0.0051274546
9909,valid,0,1.5562191e-05
2418,valid,0,2.8234317e-05
2104,valid,0,0.0012325
5206,valid,0,0.0016287963
1670,valid,0,0.013791832
7697,valid,0,0.0012056391
7709,valid,0,8.913074e-06
3604,valid,0,0.00044787492
9313,valid,0,0.0024770144
2972,valid,0,0.0044311075
9045,valid,0,0.002003077
3664,valid,0,0.0022699444
5179,valid,0,0.00079946854
197,valid,0,5.2902386e-05
8990,valid,0,0.00052247057
5695,valid,0,0.00013723428
6719,valid,0,1.0061016e-05
5998,valid,0,0.00044471803
694,valid,0,0.00024607178
8230,valid,0,0.0010044536
8718,valid,0,0.0028233975
3454,valid,0,0.00028501241
10412,valid,0,4.145825e-05
5216,valid,0,3.4435507e-05
10192,valid,0,0.0007841287
10985,valid,0,0.00031786095
3466,valid,0,0.0021965576
7004,valid,0,0.00017917402
3397,valid,0,0.00041141055
7429,valid,0,8.237327e-05
7923,valid,0,2.4377203e-05
1592,valid,0,0.0030582955
2107,valid,0,0.00161974
8881,valid,0,0.0024873393
847,valid,0,0.00010881817
5175,valid,0,0.00035009958
1188,valid,0,0.00044408478
8290,valid,0,0.0005392048
3542,valid,0,8.618407e-06
9072,valid,0,0.00035190722
7371,valid,0,0.0092058275
2102,valid,0,2.345822e-05
6973,valid,0,1.5485733e-05
6984,valid,0,0.0008350819
2345,valid,0,0.00034052943
7978,valid,0,1.1652588e-05
8333,valid,0,0.0003352484
9833,valid,0,0.001331229
3379,valid,0,2.801633e-05
123,valid,0,0.00032535457
7439,valid,0,0.0076879836
3674,valid,0,1.5779098e-05
2272,valid,0,0.0027801374
2263,valid,0,4.5580106e-05
2136,valid,0,0.0045346804
5325,valid,0,0.002806303
2038,valid,0,0.00075876486
1672,valid,0,4.674429e-05
3178,valid,0,0.0020120677
4334,valid,0,1.222234e-05
4138,valid,0,9.137926e-06
1621,valid,0,1.0122417e-05
8337,valid,0,9.226512e-06
10993,valid,0,0.00077321683
1404,valid,0,0.00010349366
4395,valid,0,0.0012368761
2374,valid,0,1.4134076e-05
1708,valid,0,0.0017119778
1717,valid,0,0.0004086027
4331,valid,0,0.0007530649
5539,valid,0,1.21939265e-05
7758,valid,0,7.29895e-06
4382,valid,0,0.0009454846
10061,valid,0,2.6290767e-05
640,valid,0,0.0016518479
3474,valid,0,0.00036573273
10862,valid,0,0.0011447469
3528,valid,0,0.0012724109
180,valid,0,0.00029534588
2094,valid,0,0.00017255788
10363,valid,0,0.00030411396
4431,valid,0,1.0244139e-05
5665,valid,0,7.4610375e-06
610,valid,0,8.937633e-05
11035,valid,0,7.549259e-06
1657,valid,0,0.0018954102
9540,valid,0,0.0001628075
8227,valid,0,2.8607648e-05
975,valid,0,2.8607648e-05
10534,valid,0,3.889297e-05
2045,valid,0,0.00028148614
9044,valid,0,3.7272755e-05
1529,valid,0,0.0022870735
9242,valid,0,3.818794e-05
7366,valid,0,6.111724e-05
1384,valid,0,1.5700836e-05
7434,valid,0,1.6770662e-05
4314,valid,0,9.977913e-05
1704,valid,0,0.00012277268
7149,valid,0,3.8728205e-05
5542,valid,0,0.0005289785
5786,valid,0,0.0006293377
5489,valid,0,0.00044502772
9158,valid,0,0.00014816635
2360,valid,0,0.0005462984
5482,valid,0,0.0014966504
2753,valid,0,0.0013265761
3476,valid,0,7.430043e-05
5689,valid,0,0.0003966587
8369,valid,0,0.0009654443
9171,valid,0,4.103016e-05
1601,valid,0,2.0608766e-05
7211,valid,0,1.7757653e-05
2904,valid,0,1.6807591e-05
7868,valid,0,0.00014353954
5561,valid,0,0.0009462095
5781,valid,0,0.00047566657
6985,valid,0,4.0952833e-05
7993,valid,0,0.0010270233
9878,valid,0,0.0029778602
3781,valid,0,0.0103446115
1813,valid,0,9.919769e-05
6700,valid,0,0.0018581515
1673,valid,0,0.0021966235
6231,valid,0,0.00058544043
9813,valid,0,0.0007425394
7687,valid,0,0.0012176037
8093,valid,0,0.00074104476
2963,valid,0,2.1937065e-05
4340,valid,0,0.001112378
7874,valid,0,0.0010613397
10861,valid,0,0.0011100379
10545,valid,0,0.0009295714
1712,valid,0,0.00050988846
3290,valid,0,0.00023955523
9814,valid,0,0.000107081054
842,valid,0,0.0003914428
9213,valid,0,0.0007418195
10296,valid,0,0.0016929581
8283,valid,0,0.0038051945
4635,valid,0,0.0011937919
9948,valid,0,3.211886e-05
8937,valid,0,0.0008516779
3208,valid,0,2.0069223e-05
9157,valid,0,4.109287e-05
10058,valid,0,4.577567e-05
5168,valid,0,1.1647407e-05
5969,valid,0,1.9281177e-05
9666,valid,0,1.9281177e-05
227,valid,0,0.004650491
8700,valid,0,0.005008959
3681,valid,0,0.000317565
6304,valid,0,1.5510463e-05
3885,valid,0,0.0049020597
625,valid,0,0.0005477211
4575,valid,0,0.0062473863
3595,valid,0,5.6759734e-05
9859,valid,0,0.00044081462
5218,valid,0,0.0013391845
7427,valid,0,4.845452e-05
3785,valid,0,0.00011621692
2161,valid,0,9.246657e-06
2987,valid,0,1.7963303e-05
5664,valid,0,3.4754205e-05
8018,valid,0,0.0020161527
2156,valid,0,0.0004849935
8979,valid,0,8.267528e-06
7862,valid,0,0.00075984804
6732,valid,0,0.0004748387
1482,valid,0,0.0012500392
4248,valid,0,0.0013118874
9175,valid,0,1.6952074e-05
9086,valid,0,0.0019612755
1189,valid,0,0.078234024
9656,valid,0,4.461763e-05
4567,valid,0,1.4145429e-05
9894,valid,0,1.25307e-05
990,valid,0,0.00045065617
2487,valid,0,5.8625385e-05
11023,valid,0,0.00030042944
3236,valid,0,9.13793e-06
1401,valid,0,0.00075915805
7017,valid,0,1.8623527e-05
9087,valid,0,1.1226927e-05
7754,valid,0,4.3152362e-05
9842,valid,0,9.137924e-06
5774,valid,0,0.0019095067
2375,valid,0,9.838248e-06
9896,valid,0,0.0018564839
6988,valid,0,0.000370966
6730,valid,0,0.0034405843
5487,valid,0,0.00033924804
284,valid,0,1.5416043e-05
3789,valid,0,4.020859e-05
3197,valid,0,0.001751377
2115,valid,0,0.0014340614
8532,valid,0,2.3948e-05
5711,valid,0,4.020845e-05
8988,valid,0,0.0014463136
2151,valid,0,8.913074e-06
2270,valid,0,0.0015811723
8708,valid,0,0.0062430557
8083,valid,0,0.00013057853
9534,valid,0,4.073021e-05
2119,valid,0,4.073021e-05
7627,valid,0,5.118582e-05
8566,valid,0,5.017914e-05
231,valid,0,0.0061142873
2128,valid,0,1.1281025e-05
1400,valid,0,5.7763307e-05
10177,valid,0,6.181095e-05
7267,valid,0,1.4434339e-05
7699,valid,0,7.17253e-05
10355,valid,0,4.612083e-05
5224,valid,0,7.520118e-05
3596,valid,0,4.2602656e-05
2039,valid,0,1.1145031e-05
8995,valid,0,8.070808e-05
121,valid,0,0.0043312027
5993,valid,0,0.00022387718
9812,valid,0,3.590726e-05
2267,valid,0,0.00014025868
10542,valid,0,7.9342215e-05
10424,valid,0,0.006441997
3791,valid,0,0.00014810989
8643,valid,0,0.0049012643
1192,valid,0,6.593237e-05
10419,valid,0,0.009557017
6858,valid,0,9.813299e-06
196,valid,0,0.0007933539
5961,valid,0,0.00039774503
2441,valid,0,0.0015108135
3461,valid,0,7.986668e-06
7865,valid,0,0.0015215594
7208,valid,0,1.8148106e-05
10176,valid,0,0.0057381396
1596,valid,0,0.0007035807
3199,valid,0,4.383027e-05
7870,valid,0,6.836326e-05
9288,valid,0,8.267528e-06
10910,valid,0,2.7864347e-05
134,valid,0,0.00031991888
8065,valid,0,9.923016e-06
10694,valid,0,0.00046237427
8372,valid,0,8.7532324e-05
9904,valid,0,9.463434e-06
1610,valid,0,8.776505e-06
8451,valid,0,0.00075964525
6838,valid,0,7.986668e-06
3385,valid,0,0.0007775525
1600,valid,0,0.002455844
9095,valid,0,2.8289425e-05
1337,valid,0,0.00078448985
86,valid,0,9.130419e-05
1395,valid,0,3.5674202e-05
7438,valid,0,3.947178e-05
1817,valid,0,1.4375527e-05
3795,valid,0,4.011383e-05
8223,valid,0,6.836326e-05
2442,valid,0,3.8951584e-05
2726,valid,0,3.488636e-05
687,valid,0,0.00013389616
830,valid,0,0.00068295654
9912,valid,0,3.570015e-05
821,valid,0,3.0206807e-05
8981,valid,0,0.0003163345
10521,valid,0,4.960713e-05
9228,valid,0,7.112224e-05
5595,valid,0,5.925999e-05
9280,valid,0,0.00041804067
5966,valid,0,0.0014537259
8379,valid,0,0.0026903243
2027,valid,0,1.2530683e-05
7751,valid,0,8.8552166e-05
4146,valid,0,0.0004642124
261,valid,0,0.00046089725
8893,valid,0,0.0012984108
2754,valid,0,0.0006942359
9068,valid,0,4.1805237e-05
10551,valid,0,0.0014462699
9911,valid,0,9.339099e-06
4258,valid,0,9.4592615e-06
19,valid,0,0.00019327611
1345,valid,0,0.00053856574
7871,valid,0,0.0030769433
1187,valid,0,0.00054986356
9612,valid,0,0.001073786
9102,valid,0,7.778797e-05
10172,valid,0,6.805058e-05
10701,valid,0,4.4232394e-05
10422,valid,0,7.690407e-05
6854,valid,0,9.459259e-06
6725,valid,0,0.033659946
10414,valid,0,0.00069796003
10909,valid,0,0.00011832737
10494,valid,0,0.00041440054
10423,valid,0,0.0039265193
4032,valid,0,0.00038200896
7436,valid,0,3.3006676e-05
4614,valid,0,1.0523048e-05
4183,valid,0,5.3318487e-05
104,valid,0,3.6390542e-05
2902,valid,0,3.2533793e-05
1350,valid,0,0.0064514005
6234,valid,0,0.0023292915
9400,valid,0,0.001169733
7365,valid,0,0.0024646262
6728,valid,0,1.4422123e-05
7411,valid,0,0.0007336457
3532,valid,0,0.001254671
10981,valid,0,0.005259031
9951,valid,0,0.0001322517
9685,valid,0,3.620968e-05
5209,valid,0,0.00302222
3884,valid,0,0.00013225216
10453,valid,0,3.3054686e-05
1644,valid,0,0.00070139393
3118,valid,0,0.0023722162
5775,valid,0,0.0017537223
8010,valid,0,0.0017631465
10368,valid,0,0.0043006823
5779,valid,0,6.910615e-05
685,valid,0,6.910664e-05
5806,valid,0,0.0007202262
7628,valid,0,8.041193e-05
5778,valid,0,7.150842e-05
832,valid,0,6.3465384e-05
10295,valid,0,0.00015050628
2751,valid,0,0.004599477
859,valid,0,4.0069113e-05
10696,valid,0,4.8582846e-05
5169,valid,0,0.023145009
5180,valid,0,0.014805999
9901,valid,0,2.0676043e-05
9952,valid,0,0.0004758766
2055,valid,0,0.0011309832
1354,valid,0,0.00017704525
4557,valid,0,0.0003124138
7877,valid,0,0.0007083065
10135,valid,0,3.0463863e-05
1491,valid,0,0.0007752619
3536,valid,0,0.00039507437
7426,valid,0,0.0006859569
10801,valid,0,3.853442e-05
202,valid,0,3.129429e-05
4612,valid,0,7.833737e-06
2023,valid,0,0.0021720123
6972,valid,0,0.00014948321
7926,valid,0,1.2319223e-05
9728,valid,0,1.2074058e-05
7636,valid,0,0.00030010493
7708,valid,0,1.5227799e-05
3383,valid,0,5.722455e-05
977,valid,0,1.461504e-05
7378,valid,0,0.0003826123
10986,valid,0,0.00038911655
3152,valid,0,0.0004094185
3132,valid,0,0.000523206
2092,valid,0,3.6913185e-05
4564,valid,0,0.00052015367
6853,valid,0,0.0005693134
5991,valid,0,0.001328413
4383,valid,0,1.7293492e-05
9679,valid,0,1.6394872e-05
9725,valid,0,1.7572002e-05
282,valid,0,0.00079766463
1397,valid,0,0.0055945204
8757,valid,0,0.00057802815
9286,valid,0,0.00014898086
3002,valid,0,0.0014953663
4256,valid,0,0.0021536807
9537,valid,0,0.0005915147
5223,valid,0,2.8754288e-05
10802,valid,0,6.2100975e-05
8573,valid,0,0.0037408224
6387,valid,0,2.9386718e-05
5200,valid,0,3.7273137e-05
3125,valid,0,0.0021840201
5655,valid,0,0.0019108114
5220,valid,0,4.99582e-05
6703,valid,0,0.000548737
10523,valid,0,4.3241052e-05
5543,valid,0,1.0420089e-05
3380,valid,0,0.0033984974
3283,valid,0,3.833015e-05
9312,valid,0,0.0003903858
1487,valid,0,0.0002746859
7169,valid,0,0.00038739914
8650,valid,0,3.833015e-05
8294,valid,0,7.590947e-06
8579,valid,0,0.014729037
5337,valid,0,1.0062353e-05
9216,valid,0,1.0163699e-05
3682,valid,0,0.00029355517
403,valid,0,0.00011101047
7854,valid,0,0.00047046546
10856,valid,0,4.6979592e-05
5795,valid,0,1.8315728e-05
9865,valid,0,5.2707837e-05
7630,valid,0,0.0010231315
192,valid,0,3.3905526e-05
8691,valid,0,0.008970128
2099,valid,0,0.00025730938
7760,valid,0,0.0047009774
1611,valid,0,0.0005471745
9049,valid,0,4.6569865e-05
6305,valid,0,8.638321e-06
10919,valid,0,5.4583452e-05
3450,valid,0,0.0005003708
6727,valid,0,1.0930277e-05
1347,valid,0,2.7643822e-05
5812,valid,0,0.0028755616
9310,valid,0,0.0002749114
1475,valid,0,0.0076148217
9164,valid,0,7.930321e-05
2893,valid,0,0.0018618654
402,valid,0,0.0015109316
5780,valid,0,0.0014215105
4424,valid,0,0.00034815265
823,valid,0,3.752898e-05
9544,valid,0,0.00892838
9281,valid,0,0.00092443737
1615,valid,0,0.0012185654
9935,valid,0,0.008364006
139,valid,0,0.00034997944
10991,valid,0,0.00073241256
1663,valid,0,0.0005910883
1342,valid,0,3.9871564e-05
6593,valid,0,9.031187e-06
2141,valid,0,4.8636542e-05
8985,valid,0,9.531261e-06
9717,valid,0,0.0013174309
1336,valid,0,0.00011721438
7158,valid,0,8.779331e-06
4605,valid,0,1.4290658e-05
1720,valid,0,1.1459612e-05
8004,valid,0,1.2316162e-05
9403,valid,0,1.2316162e-05
6391,valid,0,0.00010496983
8449,valid,0,2.6602656e-05
689,valid,0,0.00048410395
4038,valid,0,0.00220475
8298,valid,0,1.0404476e-05
2419,valid,0,1.8887284e-05
6731,valid,0,0.0013280776
5608,valid,0,4.851069e-05
2908,valid,0,0.0009970391
7176,valid,0,6.956648e-05
6069,valid,0,0.0009779858
10140,valid,0,3.45058e-05
6859,valid,0,0.0027058488
2918,valid,0,1.4325646e-05
2351,valid,0,0.00053779385
976,valid,0,0.000900287
5654,valid,0,6.836326e-05
8941,valid,0,0.0011468118
3130,valid,0,8.188147e-06
4489,valid,0,0.0007954258
7688,valid,0,0.008697263
3215,valid,0,1.622715e-05
9302,valid,0,0.00027457034
8006,valid,0,0.0026974725
7224,valid,0,8.267528e-06
253,valid,0,1.2971328e-05
10362,valid,0,1.6374772e-05
7896,valid,0,1.5456322e-05
4142,valid,0,1.0404476e-05
187,valid,0,1.774454e-05
115,valid,0,2.0421588e-05
9960,valid,0,0.0056372033
1863,valid,0,0.0021664856
3524,valid,0,8.776505e-06
127,valid,0,1.709116e-05
4132,valid,0,0.00015512634
3555,valid,0,0.0032844567
8939,valid,0,0.0007690879
9314,valid,0,1.2961662e-05
8685,valid,0,0.0011372457
5768,valid,0,9.4536445e-05
5277,valid,0,0.001166442
9818,valid,0,0.0004912757
10349,valid,0,9.706894e-06
2379,valid,0,0.0006429585
5331,valid,0,1.7370274e-05
6034,valid,0,0.0077951457
179,valid,0,7.8805904e-05
5994,valid,0,0.0006280052
1849,valid,0,9.459266e-06
2122,valid,0,0.0030599143
5699,valid,0,0.00015097813
9731,valid,0,0.00015097813
3545,valid,0,5.8322574e-05
9547,valid,0,0.0126100425
4391,valid,0,9.459266e-06
2013,valid,0,9.938767e-06
8588,valid,0,1.0189491e-05
2024,valid,0,7.816828e-06
9106,valid,0,0.0019807518
8695,valid,0,0.0018987976
10417,valid,0,0.00072042923
10908,valid,0,0.0005420588
1375,valid,0,9.4592615e-06
5988,valid,0,0.00041943337
254,valid,0,4.8901224e-05
6969,valid,0,0.00093300996
9538,valid,0,9.459259e-06
3182,valid,0,0.00072365336
8687,valid,0,9.137924e-06
3146,valid,0,0.0012218422
6038,valid,0,0.0009628537
5766,valid,0,2.2940267e-05
2966,valid,0,0.020709084
3549,valid,0,9.459259e-06
10640,valid,0,4.2429663e-05
1367,valid,0,9.459259e-06
3490,valid,0,8.913074e-06
7275,valid,0,0.0032839372
183,valid,0,4.1061165e-05
4263,valid,0,0.0450209
5691,valid,0,5.5297387e-05
10354,valid,0,0.0033179738
9065,valid,0,4.7875772e-05
270,valid,0,1.0523048e-05
8330,valid,0,9.4592615e-06
8763,valid,0,0.0019747545
2016,valid,0,9.226512e-06
10333,valid,0,2.9101277e-05
267,valid,0,1.3616157e-05
7014,valid,0,0.00086312334
5210,valid,0,0.0008555432
239,valid,0,1.1423878e-05
1662,valid,0,5.6994708e-05
133,valid,0,1.0264128e-05
10700,valid,0,9.226512e-06
8533,valid,0,5.297505e-05
4168,valid,0,3.184848e-05
6074,valid,0,1.2880825e-05
9090,valid,0,0.009828017
6976,valid,0,0.0005201554
5173,valid,0,0.015964756
9080,valid,0,1.0870785e-05
5267,valid,0,0.0062876525
3228,valid,0,0.017702896
7402,valid,0,0.0024056288
1403,valid,0,0.02727447
1411,valid,0,0.0023065577
5274,valid,0,3.0912608e-05
5571,valid,0,0.0019970604
9079,valid,0,0.010575314
6393,valid,0,0.00022296786
3465,valid,0,0.001671916
7408,valid,0,2.1832468e-05
10790,valid,0,0.00012388168
4039,valid,0,1.3372565e-05
2734,valid,0,6.549644e-05
3668,valid,0,0.00030073975
10518,valid,0,0.00021619757
9854,valid,0,0.00025141987
2727,valid,0,0.00025141987
9308,valid,0,0.0020883356
8921,valid,0,2.547464e-05
8049,valid,0,0.008609869
628,valid,0,5.6917466e-05
7983,valid,0,0.0009069042
1490,valid,0,8.864932e-05
3451,valid,0,2.4842564e-05
10526,valid,0,7.264937e-05
8291,valid,0,2.9431918e-05
7253,valid,0,3.0535204e-05
9902,valid,0,0.004350935
7892,valid,0,0.004132178
8940,valid,0,0.021622572
4267,valid,0,0.0012237168
7893,valid,0,4.311429e-05
4610,valid,0,3.733494e-05
8234,valid,0,0.0003293831
2976,valid,0,0.00022581464
9822,valid,0,0.00041741316
1825,valid,0,0.00015033281
8530,valid,0,0.008978947
9099,valid,0,0.00046054955
10711,valid,0,0.00056889927
6742,valid,0,0.0032525822
1850,valid,0,0.00041174394
2118,valid,0,0.00047032928
1399,valid,0,0.0004586788
7701,valid,0,0.00014453926
11034,valid,0,0.0015413844
8457,valid,0,0.0022099686
8374,valid,0,0.00019756703
4496,valid,0,0.00013447428
8648,valid,0,0.00051006296
9167,valid,0,0.00029197382
288,valid,0,8.879646e-05
5191,valid,0,0.0032049587
5171,valid,0,6.2495283e-06
5203,valid,0,0.0021939492
5964,valid,0,7.770086e-06
9682,valid,0,0.00067173096
2417,valid,0,0.0008111633
9809,valid,0,3.056281e-05
7251,valid,0,6.8628715e-06
2154,valid,0,0.00048414047
9670,valid,0,3.8749575e-05
10293,valid,0,0.00070083834
9735,valid,0,4.5080254e-05
10911,valid,0,0.0008943587
7428,valid,0,5.579903e-05
1721,valid,0,3.4804158e-05
5181,valid,0,1.2484561e-05
10983,valid,0,0.00016859846
2426,valid,0,2.5377281e-05
6086,valid,0,0.0005796252
1485,valid,0,2.8844022e-05
6987,valid,0,0.0002326094
1402,valid,0,6.835103e-05
2032,valid,0,1.2848493e-05
3669,valid,0,1.21358e-05
4261,valid,0,4.4226355e-05
10693,valid,0,0.0004639979
3876,valid,0,0.0031463425
7693,valid,0,0.00020135881
10650,valid,0,8.767626e-06
4050,valid,0,1.7136435e-05
9944,valid,0,3.684355e-05
6596,valid,0,0.00032288674
4617,valid,0,9.06488e-06
1492,valid,0,1.3750507e-05
2728,valid,0,0.0023081761
5800,valid,0,0.00043908905
281,valid,0,1.6329395e-05
7423,valid,0,1.299648e-05
5,valid,0,8.699891e-06
6704,valid,0,1.6204061e-05
9689,valid,0,8.5391775e-06
6998,valid,0,9.008245e-06
9657,valid,0,0.0017334266
10982,valid,0,0.00032485081
7020,valid,0,0.00073462684
3133,valid,0,1.5227799e-05
2895,valid,0,6.6198685e-05
5968,valid,0,0.00020225288
10644,valid,0,0.0006451225
4624,valid,0,0.004763804
9226,valid,0,0.0040762736
8943,valid,0,3.0984378e-05
7919,valid,0,1.6457221e-05
9941,valid,0,2.4077148e-05
2353,valid,0,0.04379557
7214,valid,0,0.0005023063
4493,valid,0,2.8744405e-05
2744,valid,0,2.7753755e-05
9627,valid,0,0.0005732856
2160,valid,0,0.00033602028
5713,valid,0,0.0006846423
4046,valid,0,4.2964413e-05
4639,valid,0,0.0011074314
3538,valid,0,0.0015554132
8340,valid,0,2.1283033e-05
3200,valid,0,4.608315e-05
3680,valid,0,0.00046090296
8986,valid,0,0.00042114247
9817,valid,0,0.00015618118
283,valid,0,0.0007221114
8938,valid,0,0.0024167893
826,valid,0,1.7587072e-05
849,valid,0,0.001151906
3518,valid,0,0.003356681
7407,valid,0,0.0014823874
2165,valid,0,0.0010634034
3788,valid,0,3.7822578e-05
138,valid,0,1.8063738e-05
7886,valid,0,3.2523483e-05
8574,valid,0,0.00039802573
9224,valid,0,1.8702012e-05
7255,valid,0,0.0021727013
10416,valid,0,0.00072625675
5663,valid,0,0.00224702
242,valid,0,0.0017607153
840,valid,0,0.004038134
3237,valid,0,1.9293919e-05
3556,valid,0,1.0398845e-05
7279,valid,0,3.3417946e-05
391,valid,0,0.006427935
9601,valid,0,0.00060006144
10695,valid,0,2.1320984e-05
8016,valid,0,1.0420089e-05
6584,valid,0,2.310237e-05
1647,valid,0,4.1928142e-05
9939,valid,0,0.0023182856
9598,valid,0,0.001659883
5344,valid,0,1.1623758e-05
3134,valid,0,9.9601e-06
5546,valid,0,0.00381651
131,valid,0,0.0011370899
4047,valid,0,9.717926e-06
3230,valid,0,1.2809629e-05
1692,valid,0,1.0186224e-05
6085,valid,0,9.817572e-06
7878,valid,0,1.8717958e-05
2111,valid,0,0.0005424189
10671,valid,0,0.0019038781
10449,valid,0,1.733707e-05
5970,valid,0,4.1070292e-05
130,valid,0,0.00016663487
1398,valid,0,0.014815481
135,valid,0,1.0207975e-05
5276,valid,0,1.1250876e-05
8232,valid,0,9.261684e-05
6705,valid,0,9.717926e-06
5323,valid,0,3.671734e-05
10638,valid,0,0.0001987474
827,valid,0,0.0006548664
20,valid,0,4.091285e-05
6857,valid,0,9.478804e-06
6390,valid,0,0.0004893842
9321,valid,0,9.6575195e-06
8295,valid,0,8.940079e-06
4392,valid,0,8.85425e-06
5653,valid,0,0.0003701307
3128,valid,0,8.940079e-06
9855,valid,0,0.0014069115
2012,valid,0,9.983712e-06
9864,valid,0,0.0023532042
7916,valid,0,9.031187e-06
10789,valid,0,0.0005531465
5792,valid,0,4.183235e-05
2110,valid,0,7.858748e-05
822,valid,0,8.4257545e-06
8086,valid,0,0.001140293
8890,valid,0,9.259017e-06
10532,valid,0,0.0006512117
4570,valid,0,0.0020759807
973,valid,0,0.0015900361
626,valid,0,0.008493573
814,valid,0,0.002010486
5650,valid,0,3.9140345e-05
1651,valid,0,0.0008372277
8698,valid,0,6.9357586e-05
240,valid,0,0.00015492791
2432,valid,0,0.00015492791
2162,valid,0,6.6377084e-05
2358,valid,0,7.923101e-05
256,valid,0,0.00079436746
10183,valid,0,3.8624068e-05
9624,valid,0,4.788028e-05
6699,valid,0,0.0027103333
2299,valid,0,4.788028e-05
8514,valid,0,0.0003761536
5341,valid,0,1.8195653e-05
4621,valid,0,9.531261e-06
7225,valid,0,9.2967175e-06
9806,valid,0,0.0038863523
120,valid,0,8.942088e-06
8066,valid,0,0.004775006
7010,valid,0,0.0004827422
2015,valid,0,2.0397276e-05
2967,valid,0,0.0014121874
4296,valid,0,0.004513959
2362,valid,0,0.0011186047
1855,valid,0,0.0004134363
9295,valid,0,2.2102506e-05
7707,valid,0,0.00014035687
8589,valid,0,1.9225768e-05
7156,valid,0,2.2257265e-05
7221,valid,0,7.798603e-06
9077,valid,0,9.205003e-06
1722,valid,0,2.1463802e-05
8044,valid,0,2.8652526e-05
10708,valid,0,0.00086333114
10680,valid,0,0.001471403
8057,valid,0,8.978512e-06
9203,valid,0,9.78445e-06
2292,valid,0,9.78445e-06
10705,valid,0,8.476091e-06
10360,valid,0,0.0008398032
9605,valid,0,8.560548e-06
853,valid,0,1.6754775e-05
7264,valid,0,9.204999e-06
8761,valid,0,1.0031283e-05
10921,valid,0,2.7800104e-05
2365,valid,0,9.79885e-06
4423,valid,0,0.0007082484
233,valid,0,9.531261e-06
6030,valid,0,0.00014256567
9061,valid,0,8.978512e-06
2428,valid,0,5.618829e-05
4393,valid,0,9.351119e-06
8371,valid,0,0.002117115
635,valid,0,7.853858e-05
1711,valid,0,7.969613e-05
2363,valid,0,3.1659445e-05
5484,valid,0,3.1659445e-05
9214,valid,0,8.776512e-06
4611,valid,0,0.0011467853
9608,valid,0,9.986223e-05
1658,valid,0,9.986223e-05
6965,valid,0,9.045409e-05
7152,valid,0,1.0437608e-05
9088,valid,0,9.817367e-06
2907,valid,0,0.0003022022
9602,valid,0,1.8546261e-05
10365,valid,0,0.0010693434
10492,valid,0,0.0020482037
9908,valid,0,3.4448516e-05
7994,valid,0,0.00011507296
8936,valid,0,0.0011073912
1338,valid,0,0.002298113
828,valid,0,8.476084e-06
2041,valid,0,3.9414193e-05
3145,valid,0,2.2543909e-05
8722,valid,0,7.8188285e-05
10415,valid,0,6.836326e-05
636,valid,0,0.00024339861
9683,valid,0,1.82763e-05
2170,valid,0,8.267528e-06
5813,valid,0,0.0034679445
5550,valid,0,1.00483385e-05
2296,valid,0,4.2454445e-05
845,valid,0,9.128121e-06
7872,valid,0,7.814519e-05
4053,valid,0,8.368411e-06
1652,valid,0,0.0034788284
4324,valid,0,0.00022134933
271,valid,0,8.722056e-06
5610,valid,0,0.00055902556
6572,valid,0,0.0024205842
8284,valid,0,2.9654077e-05
9162,valid,0,2.9654077e-05
9676,valid,0,1.3858156e-05
7406,valid,0,0.0006884586
1391,valid,0,2.5504145e-05
388,valid,0,7.814519e-05
4342,valid,0,8.516199e-06
5553,valid,0,9.931391e-06
852,valid,0,8.979958e-06
3012,valid,0,2.1047113e-05
5544,valid,0,2.0792206e-05
5263,valid,0,0.000100911726
7702,valid,0,1.2885615e-05
9868,valid,0,3.8951584e-05
124,valid,0,0.001127726
9938,valid,0,0.00050409365
117,valid,0,8.267528e-06
7398,valid,0,1.8737288e-05
2923,valid,0,0.0018041432
6573,valid,0,3.217662e-05
5201,valid,0,1.9037985e-05
4434,valid,0,0.0067906976
6697,valid,0,8.13867e-06
248,valid,0,7.180438e-05
811,valid,0,8.476084e-06
9548,valid,0,0.009855644
1701,valid,0,6.393595e-06
7634,valid,0,6.836326e-05
2384,valid,0,8.776505e-06
7218,valid,0,9.2305745e-06
2411,valid,0,6.176401e-06
5334,valid,0,0.005983533
8376,valid,0,0.0005475723
8349,valid,0,1.0991772e-05
1484,valid,0,7.334988e-05
2984,valid,0,4.31072e-05
3678,valid,0,1.5117575e-05
8005,valid,0,1.9485264e-05
10544,valid,0,4.522883e-05
6717,valid,0,6.5566433e-06
8891,valid,0,8.476091e-06
9235,valid,0,5.0100538e-05
2,valid,0,5.247696e-05
8887,valid,0,0.00030029885
8054,valid,0,8.776505e-06
6738,valid,0,8.776505e-06
9161,valid,0,8.776505e-06
4056,valid,0,8.776505e-06
226,valid,0,8.476084e-06
1237,valid,0,6.836326e-05
3468,valid,0,2.0494674e-05
2368,valid,0,8.813864e-06
9955,valid,0,4.112113e-05
5771,valid,0,2.10769e-05
125,valid,0,4.95012e-05
9629,valid,0,0.00023761994
9848,valid,0,1.8709168e-05
3004,valid,0,6.836312e-05
3482,valid,0,0.0032508883
8874,valid,0,3.928796e-05
3151,valid,0,1.00483385e-05
8084,valid,0,0.00059601606
2424,valid,0,1.6225502e-05
6723,valid,0,0.000810409
2905,valid,0,1.0404476e-05
9953,valid,0,7.075971e-05
851,valid,0,8.476084e-06
9847,valid,0,2.309989e-05
1607,valid,0,0.00069903384
4322,valid,0,8.267528e-06
2105,valid,0,0.0019207128
9860,valid,0,1.00483385e-05
8001,valid,0,0.0036308416
5808,valid,0,0.00013540765
10651,valid,0,9.754913e-06
10332,valid,0,6.815506e-05
3124,valid,0,0.00014816696
1861,valid,0,8.664999e-06
9545,valid,0,4.900727e-05
9531,valid,0,7.0010647e-06
9047,valid,0,8.478356e-06
6075,valid,0,9.468131e-06
848,valid,0,2.002278e-05
5483,valid,0,2.002278e-05
3126,valid,0,1.0991751e-05
7410,valid,0,9.801087e-06
3221,valid,0,9.377088e-06
4054,valid,0,0.00576995
9832,valid,0,0.0023738241
10174,valid,0,4.4449524e-05
1374,valid,0,4.2490967e-05
6995,valid,0,0.002847287
7921,valid,0,1.9956937e-05
7990,valid,0,3.06359e-05
837,valid,0,3.06359e-05
9317,valid,0,1.8806593e-05
641,valid,0,1.9083796e-05
5177,valid,0,9.798842e-06
2129,valid,0,8.664999e-06
8296,valid,0,1.9458177e-05
8976,valid,0,8.476084e-06
6583,valid,0,1.9335717e-05
3665,valid,0,8.978507e-06
2737,valid,0,1.9961859e-05
4034,valid,0,1.9961859e-05
8651,valid,0,7.5506236e-05
3558,valid,0,0.0002758118
9844,valid,0,0.0012158537
7007,valid,0,7.0010647e-06
4252,valid,0,9.01768e-06
9209,valid,0,8.188147e-06
7996,valid,0,6.836326e-05
8752,valid,0,8.267528e-06
1871,valid,0,1.662648e-05
9614,valid,0,6.5017084e-05
10648,valid,0,8.476084e-06
3398,valid,0,0.0021481165
2017,valid,0,8.267528e-06
9225,valid,0,0.0007557729
9834,valid,0,8.560541e-06
8886,valid,0,1.3286794e-05
8705,valid,0,0.000106413136
7629,valid,0,1.7186123e-05
9215,valid,0,1.7186123e-05
241,valid,0,1.8495228e-05
3231,valid,0,1.6593976e-05
9057,valid,0,1.435266e-05
1478,valid,0,4.0291157e-05
6841,valid,0,8.476084e-06
7153,valid,0,8.476084e-06
7155,valid,0,2.1028058e-05
3191,valid,0,2.1028058e-05
10496,valid,0,1.4230232e-05
6035,valid,0,8.776505e-06
6964,valid,0,9.726603e-05
6026,valid,0,1.9654139e-05
8456,valid,0,2.4847823e-05
4148,valid,0,1.2739414e-05
9108,valid,0,0.0019022956
4327,valid,0,8.664999e-06
8646,valid,0,3.4836736e-05
820,valid,0,0.00068018737
9720,valid,0,1.72958e-05
10979,valid,0,0.0004060738
9103,valid,0,0.00011139644
9285,valid,0,0.0052960324
108,valid,0,0.0073166653
7207,valid,0,3.965435e-05
4169,valid,0,1.4482306e-05
5607,valid,0,6.163423e-05
9609,valid,0,0.00052952307
1706,valid,0,8.776505e-06
4632,valid,0,7.2492076e-06
2486,valid,0,0.00024006994
5702,valid,0,0.0031469401
5329,valid,0,2.4663495e-05
4328,valid,0,1.8887284e-05
8045,valid,0,1.653874e-05
2915,valid,0,0.00015249463
2293,valid,0,9.670071e-05
10799,valid,0,0.00010143452
8565,valid,0,5.1207033e-05
9206,valid,0,0.004884724
10291,valid,0,2.3062295e-05
8289,valid,0,1.2971339e-05
8878,valid,0,2.9699362e-05
9323,valid,0,1.2971339e-05
5960,valid,0,0.016767234
6996,valid,0,6.163448e-05
4335,valid,0,2.83626e-05
8329,valid,0,1.26521545e-05
9710,valid,0,1.5885025e-05
1183,valid,0,0.029741313
181,valid,0,0.00020410492
290,valid,0,1.4730277e-05
7172,valid,0,0.00010356747
854,valid,0,2.853868e-05
7396,valid,0,4.2071053e-05
6729,valid,0,0.0012770005
9867,valid,0,0.0001518241
7891,valid,0,1.2971339e-05
10359,valid,0,0.0006434044
2481,valid,0,0.001683946
8922,valid,0,2.9185536e-05
2921,valid,0,1.2806551e-05
846,valid,0,2.4685514e-05
980,valid,0,0.0027161806
9401,valid,0,0.00015663021
2370,valid,0,0.0019880326
10425,valid,0,2.1794596e-05
1606,valid,0,2.1794596e-05
9600,valid,0,1.265215e-05
8515,valid,0,3.180516e-05
8918,valid,0,3.180516e-05
6598,valid,0,1.29713235e-05
835,valid,0,2.8362647e-05
3488,valid,0,1.3812898e-05
10703,valid,0,2.8362549e-05
8883,valid,0,1.2971339e-05
10641,valid,0,2.0936455e-05
1625,valid,0,2.2336235e-05
7685,valid,0,8.476084e-06
9089,valid,0,1.4229881e-05
2483,valid,0,0.00054599677
2414,valid,0,0.0012957102
2143,valid,0,0.00010302125
5473,valid,0,9.234137e-05
1581,valid,0,3.17129e-05
3142,valid,0,1.2971339e-05
10324,valid,0,0.0017915639
7766,valid,0,0.00016831738
2005,valid,0,0.002504537
3149,valid,0,1.8870849e-05
7690,valid,0,1.2874867e-05
6587,valid,0,0.00035138635
2106,valid,0,5.2449675e-05
6746,valid,0,8.476084e-06
6079,valid,0,1.29713235e-05
10540,valid,0,0.0033393246
2892,valid,0,0.0045340066
607,valid,0,8.731726e-05
4377,valid,0,1.29713235e-05
2888,valid,0,3.2359865e-05
7999,valid,0,1.265215e-05
9736,valid,0,0.0012668488
400,valid,0,1.740727e-05
614,valid,0,9.4536204e-05
6601,valid,0,3.8888284e-05
1853,valid,0,0.00015689222
7403,valid,0,2.5232914e-05
3535,valid,0,1.0868679e-05
8446,valid,0,0.0032882523
3144,valid,0,1.29713235e-05
7631,valid,0,0.0011941809
5811,valid,0,2.2940307e-05
264,valid,0,0.009042473
6067,valid,0,2.7810791e-05
7012,valid,0,2.0761212e-05
4309,valid,0,0.000115237744
9730,valid,0,7.222286e-06
7917,valid,0,0.0027987827
6599,valid,0,3.0408168e-05
2914,valid,0,4.3152053e-05
4055,valid,0,1.9576553e-05
1595,valid,0,1.6108186e-05
7416,valid,0,2.068331e-05
3770,valid,0,0.000120209035
9882,valid,0,0.0002323454
3878,valid,0,0.0010221751
9046,valid,0,0.00016505276
7159,valid,0,2.1488857e-05
4302,valid,0,0.00035954325
6031,valid,0,1.4299381e-05
3459,valid,0,1.265215e-05
7397,valid,0,3.499544e-05
4048,valid,0,1.8409279e-05
7252,valid,0,1.3129603e-05
9227,valid,0,0.0005043992
5343,valid,0,1.14892e-05
3011,valid,0,0.00014850171
252,valid,0,9.13793e-06
6715,valid,0,1.4525899e-05
8748,valid,0,1.1779048e-05
985,valid,0,9.080267e-06
992,valid,0,9.459266e-06
8584,valid,0,2.1543514e-05
8721,valid,0,0.000107413776
2750,valid,0,1.0769596e-05
10794,valid,0,0.0012580646
5814,valid,0,6.0214406e-05
2420,valid,0,1.200944e-05
268,valid,0,7.444878e-05
1857,valid,0,7.527526e-05
9204,valid,0,4.2059804e-05
4308,valid,0,4.9105143e-05
3486,valid,0,0.0033583157
7119,valid,0,4.3152053e-05
855,valid,0,1.29713235e-05
4323,valid,0,9.459266e-06
7694,valid,0,1.50367e-05
1584,valid,0,0.0025150746
2155,valid,0,1.0434154e-05
8765,valid,0,0.00074560416
7268,valid,0,2.9335204e-05
9172,valid,0,0.0007089079
1598,valid,0,0.0007089079
9532,valid,0,2.769825e-05
2275,valid,0,0.0007138222
1518,valid,0,2.9602952e-05
1698,valid,0,2.9602952e-05
3141,valid,0,1.2806535e-05
3123,valid,0,2.83626e-05
815,valid,0,1.297131e-05
9092,valid,0,3.1815387e-05
4320,valid,0,1.265215e-05
829,valid,0,9.459266e-06
7160,valid,0,1.0244902e-05
3533,valid,0,9.459266e-06
1381,valid,0,0.00040613092
9282,valid,0,2.1205056e-05
2158,valid,0,0.0008713211
6979,valid,0,0.0001456945
10646,valid,0,1.5478201e-05
8288,valid,0,9.4592615e-06
3467,valid,0,9.2265145e-06
9296,valid,0,0.0007246749
8570,valid,0,0.00012618626
6306,valid,0,0.0067403745
1528,valid,0,6.993201e-05
2408,valid,0,4.248006e-05
10455,valid,0,9.2265145e-06
3460,valid,0,2.1922671e-05
100,valid,0,1.1395092e-05
1695,valid,0,9.938767e-06
7368,valid,0,0.003529608
2399,valid,0,1.0769592e-05
137,valid,0,1.1779043e-05
9222,valid,0,0.00020927613
11031,valid,0,7.5129356e-05
5574,valid,0,1.5683374e-05
2423,valid,0,2.061979e-05
7691,valid,0,9.137926e-06
5987,valid,0,0.001109928
2100,valid,0,1.5826125e-05
4150,valid,0,0.0029964289
2116,valid,0,0.0016667125
9677,valid,0,0.0033940217
7115,valid,0,0.0011530258
7888,valid,0,1.5395417e-05
9850,valid,0,2.665551e-05
7413,valid,0,4.856424e-05
6971,valid,0,0.0025637893
9942,valid,0,4.3229255e-05
5183,valid,0,1.4892122e-05
686,valid,0,0.00026425143
2018,valid,0,9.2265145e-06
4298,valid,0,4.369532e-05
2034,valid,0,1.9121113e-05
8229,valid,0,5.4292374e-05
9093,valid,0,2.3193857e-05
10864,valid,0,2.3193857e-05
9311,valid,0,0.0006283949
9309,valid,0,2.1377331e-05
10653,valid,0,0.0007854903
8997,valid,0,9.459259e-06
2960,valid,0,0.00021871741
9299,valid,0,1.111443e-05
7277,valid,0,1.1489196e-05
136,valid,0,2.1205056e-05
8696,valid,0,9.339095e-06
10452,valid,0,9.4592615e-06
5560,valid,0,9.2265145e-06
843,valid,0,1.281696e-05
3559,valid,0,9.2265145e-06
2163,valid,0,9.2265145e-06
4384,valid,0,2.0480556e-05
6230,valid,0,0.00010317072
9293,valid,0,0.0028799153
101,valid,0,3.409306e-05
4186,valid,0,3.78205e-05
251,valid,0,7.1352174e-06
3464,valid,0,9.2265145e-06
236,valid,0,1.1779043e-05
6603,valid,0,7.741782e-06
8351,valid,0,1.1489196e-05
10421,valid,0,0.0029001692
9691,valid,0,0.0004412332
5563,valid,0,2.0683347e-05
4329,valid,0,1.0728769e-05
3553,valid,0,9.4592615e-06
5478,valid,0,2.421587e-05
8877,valid,0,0.0037093116
1851,valid,0,1.7370265e-05
8880,valid,0,1.874138e-05
8281,valid,0,0.004476495
8297,valid,0,3.1795884e-05
2430,valid,0,0.0020422651
3544,valid,0,1.0054712e-05
2406,valid,0,1.566565e-05
8756,valid,0,7.877796e-06
8000,valid,0,2.0683332e-05
5690,valid,0,0.00014465136
10677,valid,0,6.300635e-05
5165,valid,0,7.4162203e-06
7689,valid,0,0.0002172369
2372,valid,0,1.0769589e-05
4319,valid,0,9.690664e-06
6991,valid,0,9.459259e-06
11027,valid,0,6.924845e-05
2922,valid,0,2.8988678e-05
10858,valid,0,4.6428322e-05
9678,valid,0,2.10415e-05
90,valid,0,0.004368876
3513,valid,0,0.0066103837
9533,valid,0,6.2592815e-05
3294,valid,0,4.8337522e-05
9083,valid,0,9.459259e-06
991,valid,0,9.226512e-06
9959,valid,0,0.00020125107
1866,valid,0,4.323107e-05
8534,valid,0,0.00011887067
3232,valid,0,1.3182e-05
10673,valid,0,4.1061165e-05
5804,valid,0,7.4158546e-05
1715,valid,0,9.459259e-06
974,valid,0,0.0017045072
4389,valid,0,2.8188604e-05
6245,valid,0,7.4158546e-05
286,valid,0,5.012971e-05
275,valid,0,3.7245547e-05
263,valid,0,1.5407471e-05
6978,valid,0,7.4158546e-05
6837,valid,0,2.0683332e-05
1603,valid,0,0.00054627634
1605,valid,0,0.005621244
8019,valid,0,0.003529176
2048,valid,0,0.00029832427
273,valid,0,9.459259e-06
230,valid,0,9.459259e-06
4305,valid,0,3.655015e-05
6736,valid,0,2.2204378e-05
2167,valid,0,3.8178165e-05
9654,valid,0,4.824926e-05
3456,valid,0,1.1779039e-05
289,valid,0,0.00038067097
8876,valid,0,1.7370261e-05
10541,valid,0,2.3510202e-05
6579,valid,0,0.0005100659
3192,valid,0,0.009238055
3656,valid,0,9.226512e-06
1710,valid,0,9.459259e-06
8332,valid,0,9.137924e-06
8090,valid,0,4.9203758e-05
7220,valid,0,0.0004958273
10866,valid,0,1.7481972e-05
3473,valid,0,1.8198403e-05
7381,valid,0,6.838229e-05
6045,valid,0,1.0893101e-05
2042,valid,0,9.459259e-06
2359,valid,0,1.0561133e-05
4184,valid,0,8.937649e-06
9712,valid,0,0.0006964289
1593,valid,0,9.226512e-06
2919,valid,0,1.1489194e-05
9405,valid,0,2.2243563e-05
9597,valid,0,2.377879e-05
2736,valid,0,2.4129273e-05
1238,valid,0,2.0203604e-05
9899,valid,0,9.459259e-06
8324,valid,0,4.252486e-05
2367,valid,0,0.0069776215
3227,valid,0,0.0019122368
4262,valid,0,1.0893101e-05
3515,valid,0,1.0893101e-05
5339,valid,0,1.0625054e-05
4149,valid,0,1.2901893e-05
3224,valid,0,0.0014857461
9097,valid,0,0.00043599456
2056,valid,0,2.0096262e-05
5651,valid,0,5.086804e-05
9071,valid,0,1.9291276e-05
2020,valid,0,0.00060766854
7198,valid,0,0.008605445
2108,valid,0,7.4872725e-05
5797,valid,0,3.7390855e-05
8292,valid,0,3.4377517e-05
5764,valid,0,0.0013179737
8011,valid,0,0.0009780818
4648,valid,0,0.0009767577
7260,valid,0,1.0339927e-05
4044,valid,0,0.0016359424
2049,valid,0,0.00056163996
9043,valid,0,1.0625065e-05
9073,valid,0,1.1734019e-05
1700,valid,0,1.6747174e-05
10714,valid,0,1.1578812e-05
7769,valid,0,4.8522998e-05
5207,valid,0,0.0010190045
118,valid,0,0.0015228343
696,valid,0,3.3006676e-05
8923,valid,0,0.0033387735
4045,valid,0,2.7776085e-05
7117,valid,0,0.00071948225
10489,valid,0,1.0893112e-05
5700,valid,0,0.0011237701
2148,valid,0,1.8326471e-05
8978,valid,0,1.2880825e-05
8322,valid,0,5.5120945e-05
6301,valid,0,1.3748175e-05
4297,valid,0,0.002335181
10685,valid,0,0.000130495
7920,valid,0,1.0893112e-05
4435,valid,0,0.0025948973
1341,valid,0,0.00015752939
5214,valid,0,0.0016410677
1626,valid,0,1.36161725e-05
6313,valid,0,1.0893112e-05
7150,valid,0,0.0035635387
6577,valid,0,0.00015522038
8323,valid,0,0.0020929333
4622,valid,0,8.921975e-06
9546,valid,0,2.3384071e-05
2402,valid,0,1.3517754e-05
3667,valid,0,0.0069767674
4565,valid,0,8.0398575e-05
6856,valid,0,1.1536946e-05
1812,valid,0,4.0746538e-05
2898,valid,0,0.00021232622
1852,valid,0,0.023481771
6392,valid,0,0.00015773272
3127,valid,0,1.0523058e-05
2725,valid,0,7.04284e-05
2482,valid,0,0.00015522038
9835,valid,0,0.0023832212
6852,valid,0,1.5005038e-05
7269,valid,0,0.0020710423
9692,valid,0,2.4957395e-05
10690,valid,0,5.969273e-05
1407,valid,0,9.370409e-05
1,valid,0,2.6573147e-05
4303,valid,0,0.00016213325
6308,valid,0,1.4259185e-05
8338,valid,0,1.7739756e-05
7989,valid,0,0.00022525461
7991,valid,0,4.0175597e-05
10446,valid,0,4.0175597e-05
9207,valid,0,2.9451932e-05
8303,valid,0,6.5005595e-05
1821,valid,0,7.842673e-05
176,valid,0,0.0001415396
9074,valid,0,0.000839686
6238,valid,0,0.0045132954
2980,valid,0,0.00017218862
2046,valid,0,0.005945181
6741,valid,0,1.4738286e-05
5658,valid,0,9.370409e-05
6073,valid,0,1.1536946e-05
1671,valid,0,0.0010651005
7266,valid,0,1.499993e-05
1872,valid,0,1.30759145e-05
1353,valid,0,7.842673e-05
2131,valid,0,0.0015640447
10287,valid,0,5.9771544e-05
224,valid,0,6.6685476e-05
4487,valid,0,0.007858861
7021,valid,0,0.0038944418
7632,valid,0,2.6209684e-05
5194,valid,0,0.0058792904
9111,valid,0,7.4181495e-05
7409,valid,0,1.4928088e-05
2409,valid,0,1.7739756e-05
11026,valid,0,8.0398575e-05
4190,valid,0,2.875789e-05
10798,valid,0,0.00015514874
6307,valid,0,3.4155684e-05
6040,valid,0,1.9599644e-05
7882,valid,0,1.6488793e-05
8454,valid,0,0.023183994
4618,valid,0,0.0027291023
7982,valid,0,0.00015543702
3147,valid,0,0.0036311483
8567,valid,0,0.027668552
2153,valid,0,0.0038939165
2896,valid,0,0.00014034778
5773,valid,0,0.0005076857
6849,valid,0,2.0938587e-05
3392,valid,0,8.265016e-05
2361,valid,0,1.4422123e-05
8885,valid,0,1.8283172e-05
1859,valid,0,0.00011931318
10654,valid,0,7.638645e-05
3879,valid,0,6.54587e-05
836,valid,0,2.0621279e-05
7161,valid,0,0.005847347
9595,valid,0,1.4596775e-05
6299,valid,0,0.0038598755
10530,valid,0,3.0117146e-05
3136,valid,0,0.00032117596
186,valid,0,7.2031085e-05
9596,valid,0,1.1253068e-05
3786,valid,0,0.0013268271
1243,valid,0,0.00031364063
7005,valid,0,0.0011300016
9910,valid,0,1.0944656e-05
1604,valid,0,3.688175e-05
3189,valid,0,4.0746538e-05
9315,valid,0,0.00017677066
7695,valid,0,0.0015150052
2356,valid,0,1.18832695e-05
4641,valid,0,0.04621658
10179,valid,0,4.93164e-05
2011,valid,0,0.0018688914
4627,valid,0,2.6505593e-05
200,valid,0,0.000888111
9054,valid,0,0.000120746234
9885,valid,0,0.00010101781
1362,valid,0,0.0027618397
5694,valid,0,7.507531e-05
3212,valid,0,0.00014412115
4173,valid,0,0.008866348
8301,valid,0,3.3264798e-05
7206,valid,1,0.0034301814
10859,valid,0,8.749983e-05
1339,valid,0,0.024633225
5184,valid,0,0.0038577484
5704,valid,0,0.00010226163
10057,valid,0,0.00013794554
1360,valid,0,0.01020167
119,valid,0,1.1646095e-05
6592,valid,0,7.9609184e-05
9907,valid,0,1.4768261e-05
5777,valid,0,0.00013669612
857,valid,0,1.0341556e-05
7165,valid,0,0.00014474303
4311,valid,0,0.00014654844
3527,valid,0,3.2624175e-05
9856,valid,0,1.2427553e-05
7110,valid,0,0.0051798723
4502,valid,0,6.761264e-05
2157,valid,0,1.1703912e-05
5166,valid,0,0.0026465794
8992,valid,0,0.003213147
7980,valid,0,0.00013225216
7179,valid,0,0.00014412115
1858,valid,0,8.11354e-05
11017,valid,0,0.00014853556
5609,valid,0,0.0015139432
8929,valid,0,3.2993852e-05
9606,valid,0,2.7784026e-05
4178,valid,0,0.0020713792
8382,valid,0,0.0022558945
4491,valid,0,0.00023725534
8944,valid,0,0.0018585608
7880,valid,0,0.019061174
10783,valid,0,0.00013225216
2171,valid,0,1.4422123e-05
9862,valid,0,0.0007729241
1816,valid,0,0.0015191617
9289,valid,0,3.3315464e-05
2890,valid,0,6.970889e-05
249,valid,0,0.0020390751
3487,valid,0,0.002124708
3233,valid,0,0.0010921233
9320,valid,0,2.2839336e-05
8235,valid,0,6.404589e-05
7885,valid,0,2.4227897e-05
5790,valid,0,0.00017464758
1608,valid,0,0.00041870968
6839,valid,0,1.37099105e-05
4147,valid,0,3.4155775e-05
5796,valid,0,0.00014412115
132,valid,0,0.00011153985
3540,valid,0,0.008465681
3234,valid,0,0.005681126
2440,valid,0,0.0073192455
7013,valid,0,0.006066622
5198,valid,0,0.00410172
856,valid,0,5.447396e-05
10519,valid,0,0.0032593694
5980,valid,0,0.016530478
6597,valid,0,0.002965646
9075,valid,0,0.025232729
8889,valid,0,3.3173565e-05
4250,valid,0,0.0075031007
6961,valid,0,0.00021207715
1481,valid,0,0.00032678872
1577,valid,0,4.9302434e-05
7108,valid,0,0.00038014943
4613,valid,0,8.006691e-06
7105,valid,0,0.00028402777
4295,valid,0,3.0149027e-05
3792,valid,0,0.001099964
250,valid,0,2.6735417e-05
7898,valid,0,1.2280344e-05
2891,valid,0,1.2827896e-05
1811,valid,0,0.00015307471
9168,valid,0,5.790577e-05
3455,valid,0,6.902662e-05
10716,valid,0,0.0027083685
6726,valid,0,0.00043513422
5667,valid,0,0.0003841167
13,valid,0,0.0003620893
1862,valid,0,3.346846e-05
5271,valid,0,5.921025e-05
8657,valid,0,0.00036188035
10674,valid,0,2.9358633e-05
6068,valid,0,0.00048138056
9711,valid,0,0.00015380379
8052,valid,0,9.781856e-06
9101,valid,0,8.284675e-06
1380,valid,0,0.00026718262
2159,valid,0,1.08864115e-05
3554,valid,0,0.0002315923
2052,valid,0,5.3301927e-05
5809,valid,0,0.0018128689
3661,valid,0,3.8929054e-05
7753,valid,0,0.00052001514
693,valid,0,0.0063586268
627,valid,0,0.0004597546
10284,valid,0,6.0358445e-05
1195,valid,0,0.00011500445
2489,valid,0,0.00083300733
9820,valid,0,0.0008942177
11030,valid,0,0.00035433972
4299,valid,0,7.249599e-05
88,valid,0,2.6647145e-05
1366,valid,0,0.00036279092
2150,valid,0,5.4151584e-05
1627,valid,0,0.0014737525
7425,valid,0,4.7557056e-05
9291,valid,0,4.676136e-05
6590,valid,0,0.00035034024
9900,valid,0,4.669371e-05
10639,valid,0,4.9349015e-05
1363,valid,0,0.00050151156
3662,valid,0,0.0005596841
8062,valid,0,0.00074948726
9675,valid,0,4.7415277e-05
2383,valid,0,0.0004215129
5972,valid,0,0.00033144734
9719,valid,0,9.564149e-05
6028,valid,0,3.1203446e-05
10528,valid,0,0.00021627446
9211,valid,0,0.00049719895
8061,valid,0,4.5518238e-05
1349,valid,0,4.5518238e-05
116,valid,0,0.00014120238
390,valid,0,0.00031151046
8225,valid,0,0.00023436914
1702,valid,0,4.3753476e-05
9879,valid,0,0.0003820119
4425,valid,0,0.001724398
5476,valid,0,0.00052314583
11037,valid,0,8.870667e-05
606,valid,0,0.00024093603
619,valid,0,0.0003267993
10676,valid,0,1.4114426e-05
2729,valid,0,1.1691834e-05
10867,valid,0,0.0011897318
1196,valid,0,0.00020499596
2733,valid,0,0.000124699
7635,valid,0,8.144034e-05
10643,valid,0,8.04249e-06
2436,valid,0,4.0295614e-05
4558,valid,0,0.0008693358
3590,valid,0,0.00018962823
981,valid,0,5.1145642e-05
1823,valid,0,0.00067714887
3007,valid,0,6.297737e-05
10791,valid,0,0.00051234977
1357,valid,0,0.00037693715
1185,valid,0,0.0005897225
1665,valid,0,0.0002826875
8381,valid,0,0.00060735666
5776,valid,0,0.00012398594
3296,valid,0,0.00024112755
5647,valid,0,2.1352174e-05
5986,valid,0,0.0002197006
9821,valid,0,1.00771995e-05
178,valid,0,2.7888522e-05
1245,valid,0,0.00017648807
5996,valid,0,4.2857908e-05
7755,valid,0,1.4771307e-05
5213,valid,0,7.843403e-06
1382,valid,0,1.9903047e-05
1486,valid,0,0.00027210428
10290,valid,0,0.0002940623
7166,valid,0,1.0840968e-05
9933,valid,0,0.0001152336
6595,valid,0,0.0033396415
4562,valid,0,0.0014353355
3877,valid,0,3.2597756e-05
8879,valid,0,7.317228e-06
1661,valid,0,3.1334228e-05
9662,valid,0,0.0015207473
4269,valid,0,0.009420122
1650,valid,0,0.0005277665
824,valid,0,2.7183034e-05
1392,valid,0,2.7493543e-05
8706,valid,0,0.00042915362
4633,valid,0,8.125723e-06
1848,valid,0,0.0002472592
9076,valid,0,9.002122e-06
85,valid,0,3.082279e-05
1864,valid,0,3.8160917e-05
8693,valid,0,0.0003238915
9723,valid,0,1.4938551e-05
9892,valid,0,2.5109295e-05
2350,valid,0,7.501865e-06
8009,valid,0,5.658741e-06
6722,valid,0,0.0028456883
9094,valid,0,6.285621e-06
5268,valid,0,8.332943e-06
6990,valid,0,1.5189313e-05
3394,valid,0,1.5724821e-05
825,valid,0,8.625972e-06
7212,valid,0,8.125723e-06
4188,valid,0,7.1282097e-06
638,valid,0,4.3882686e-05
7752,valid,0,0.00023139757
238,valid,0,0.00053474435
7401,valid,0,2.8793218e-05
6310,valid,0,3.1954114e-05
9098,valid,0,3.1954114e-05
9292,valid,0,6.9312537e-06
1406,valid,0,2.5247558e-05
7852,valid,0,6.12484e-05
6740,valid,0,5.000873e-06
3293,valid,0,4.9144735e-05
10289,valid,0,3.125776e-05
10786,valid,0,7.5828844e-05
2145,valid,0,2.8047143e-05
11029,valid,0,1.5472417e-05
6043,valid,0,0.0013380992
9838,valid,0,2.9037163e-05
2348,valid,0,3.0074725e-05
229,valid,0,0.00042501072
8348,valid,0,3.6323956e-05
1493,valid,0,0.00044098202
4574,valid,0,3.2686276e-05
3138,valid,0,7.969178e-06
10800,valid,0,4.45074e-05
3799,valid,0,2.663947e-05
4388,valid,0,0.00016433296
9713,valid,0,0.00046290387
9237,valid,0,3.7712176e-05
3226,valid,0,3.3925207e-05
1198,valid,0,4.1243733e-05
611,valid,0,5.3095086e-05
9831,valid,0,3.550462e-05
812,valid,0,3.550462e-05
3210,valid,0,0.000700994
2745,valid,0,0.0010821562
3389,valid,0,3.8457332e-05
5333,valid,0,3.2288353e-05
2982,valid,0,5.1402094e-05
8350,valid,0,4.575376e-05
6989,valid,0,3.1502277e-05
5815,valid,0,5.0700324e-05
10984,valid,0,0.0007310392
3218,valid,0,3.1760082e-05
7875,valid,0,2.680466e-05
2127,valid,0,7.939668e-05
8453,valid,0,0.0017795623
8524,valid,0,2.3402787e-05
10550,valid,0,0.00080694666
3207,valid,0,2.2963211e-05
8448,valid,0,0.00022987933
3458,valid,0,1.5801701e-05
4559,valid,0,5.885821e-05
6578,valid,0,3.0007719e-05
4488,valid,0,5.5463675e-05
7374,valid,0,3.3377582e-05
7418,valid,0,0.00054330763
6029,valid,0,3.0439569e-05
11024,valid,0,2.9597588e-05
5222,valid,0,3.3096756e-05
5963,valid,0,2.1258586e-05
6044,valid,0,8.611123e-06
94,valid,0,0.00021174944
3675,valid,0,4.5546727e-05
3148,valid,0,7.905965e-06
9051,valid,0,1.6056863e-05
2047,valid,0,7.833737e-06
9091,valid,0,0.00035686005
1666,valid,0,3.730241e-05
2019,valid,0,3.730241e-05
10691,valid,0,8.762594e-06
6580,valid,0,1.3872062e-05
8747,valid,0,0.00082289416
10537,valid,0,2.1028334e-05
7419,valid,0,0.00015218125
3660,valid,0,0.00042809418
4609,valid,0,9.156806e-06
4137,valid,0,7.711421e-06
858,valid,0,8.313783e-06
102,valid,0,0.0005088823
5981,valid,0,0.00017274453
2731,valid,0,4.64736e-05
6080,valid,0,1.8467204e-05
629,valid,0,4.6360794e-05
3223,valid,0,0.00042023888
4332,valid,0,0.0001727382
2429,valid,0,0.00011528318
3790,valid,0,0.00011955594
3006,valid,0,6.905182e-05
7154,valid,0,4.700234e-05
5190,valid,0,3.0979907e-05
2376,valid,0,6.9169982e-06
813,valid,0,6.8702398e-06
10792,valid,0,3.1623407e-05
8287,valid,0,0.00089701207
2135,valid,0,0.00034350628
7006,valid,0,1.6544931e-05
3295,valid,0,2.1459082e-05
6737,valid,0,0.00026700343
6744,valid,0,7.713493e-05
10448,valid,0,6.271174e-06
6389,valid,0,3.137428e-05
7422,valid,0,0.0007411815
2978,valid,0,2.8854125e-05
6388,valid,0,0.0013525214
8328,valid,0,0.00029456065
5569,valid,0,1.9129016e-05
9,valid,0,1.2403709e-05
1488,valid,0,1.1987482e-05
1387,valid,0,2.8300186e-05
2400,valid,0,2.8300186e-05
8282,valid,0,1.6850841e-05
1654,valid,0,0.00051634497
2920,valid,0,1.4684567e-05
10491,valid,0,0.00027902934
9549,valid,0,0.0001359094
1597,valid,0,0.00054360804
7148,valid,0,0.0008384349
10493,valid,0,0.00043568545
2439,valid,0,0.00023596227
1697,valid,0,0.0006717662
6087,valid,0,0.007707276
5810,valid,0,3.5043497e-05
1182,valid,0,0.000101839636
8576,valid,0,8.45719e-06
9617,valid,0,4.0457642e-05
2983,valid,0,1.6855925e-05
2022,valid,0,0.00028419116
4381,valid,0,1.7750026e-05
1344,valid,0,0.00016200055
3517,valid,0,0.00016200055
8983,valid,0,3.664511e-05
2036,valid,0,1.5932706e-05
5225,valid,0,0.00043336308
14,valid,0,6.9098925e-05
6716,valid,0,0.00029878714
8996,valid,0,7.367212e-06
2738,valid,0,0.0004462068
259,valid,0,0.000208892
6711,valid,0,8.919373e-06
6240,valid,0,2.4094335e-05
9876,valid,0,0.0009169139
6745,valid,0,0.0010280365
8299,valid,0,0.0004114335
2981,valid,0,0.0022774686
6846,valid,0,8.699891e-06
6318,valid,0,9.008245e-06
6992,valid,0,3.6147023e-05
810,valid,0,9.008245e-06
4634,valid,0,2.0363437e-05
1854,valid,0,0.00087951863
7107,valid,0,5.0041945e-05
5784,valid,0,0.0005292145
1346,valid,0,9.0954636e-05
397,valid,0,2.3786208e-05
3537,valid,0,1.46351995e-05
10697,valid,0,9.06488e-06
9688,valid,0,0.0002485287
9539,valid,0,9.06488e-06
8334,valid,0,1.56729e-05
266,valid,0,9.534392e-05
7686,valid,0,1.4463068e-05
833,valid,0,5.7193563e-05
7201,valid,0,6.814708e-05
2730,valid,0,5.447682e-05
7205,valid,0,1.646078e-05
5552,valid,0,3.367817e-05
8892,valid,0,0.00027467002
9913,valid,0,0.00025989028
2404,valid,0,1.4759576e-05
7863,valid,0,5.557488e-05
4185,valid,0,5.557488e-05
834,valid,0,0.00013836268
5793,valid,0,3.2287466e-05
2138,valid,0,0.00078541215
10479,valid,0,1.824355e-05
3598,valid,0,0.00023495175
8770,valid,0,9.238253e-06
6036,valid,0,1.3857387e-05
7273,valid,0,8.7312e-06
8569,valid,0,2.952761e-05
5984,valid,0,5.3004744e-05
8587,valid,0,5.3004744e-05
4645,valid,0,5.32997e-05
1244,valid,0,0.000700563
697,valid,0,5.5737823e-05
2425,valid,0,0.00021776679
6315,valid,0,3.6072663e-05
9663,valid,0,4.6287347e-05
9543,valid,0,2.9841445e-05
6980,valid,0,3.970096e-05
9176,valid,0,3.970096e-05
9897,valid,0,1.619121e-05
7376,valid,0,3.6137473e-05
4615,valid,0,2.8921373e-05
8014,valid,0,2.713571e-05
9846,valid,0,1.41173405e-05
246,valid,0,6.014199e-05
2031,valid,0,1.5015999e-05
6701,valid,0,3.0564246e-05
5652,valid,0,0.00075402454
4325,valid,0,1.4853088e-05
244,valid,0,1.4344693e-05
639,valid,0,0.0001904365
7019,valid,0,1.590339e-05
5170,valid,0,1.4853088e-05
9110,valid,0,2.497735e-05
3485,valid,0,4.4358738e-05
7915,valid,0,1.6069478e-05
3534,valid,0,0.0009465731
6986,valid,0,3.145543e-05
2117,valid,0,0.0005369621
8060,valid,0,2.8181175e-05
17,valid,0,0.00048755988
199,valid,0,0.0006158112
2909,valid,0,7.694956e-05
3672,valid,0,1.49837315e-05
7884,valid,0,6.510189e-05
3480,valid,0,4.9983024e-05
5187,valid,0,2.8712238e-05
5656,valid,0,0.00018199658
4563,valid,0,0.0014570525
8384,valid,0,0.0004175534
9715,valid,0,1.5514786e-05
4170,valid,0,0.00644671
9594,valid,0,3.4090946e-05
2095,valid,0,6.149287e-05
1809,valid,0,0.003194813
9840,valid,0,2.1230828e-05
5555,valid,0,1.7929175e-05
4131,valid,0,2.7139678e-05
2266,valid,0,0.00053635676
8568,valid,0,1.7923812e-05
1870,valid,0,1.9796167e-05
8871,valid,0,1.5388174e-05
5566,valid,0,2.305036e-05
10320,valid,0,3.6949707e-05
8286,valid,0,1.461504e-05
7263,valid,0,2.3822678e-05
9827,valid,0,7.988406e-05
5275,valid,0,0.00030029766
3217,valid,0,1.6729107e-05
1609,valid,0,6.58782e-05
7704,valid,0,2.6838263e-05
632,valid,0,5.2525807e-05
6602,valid,0,0.0030322643
4318,valid,0,3.3170418e-05
10418,valid,0,6.5139604e-05
8285,valid,0,0.00011427862
2043,valid,0,1.7923812e-05
9084,valid,0,2.050412e-05
5549,valid,0,3.3772954e-05
3520,valid,0,0.0015993422
5208,valid,0,1.818319e-05
850,valid,0,1.8564611e-05
291,valid,0,0.0004901908
3471,valid,0,0.00043465671
1356,valid,0,0.0002564624
8582,valid,0,1.9807594e-05
3387,valid,0,0.0032627098
2378,valid,0,1.7923812e-05
9205,valid,0,1.9588299e-05
2044,valid,0,2.1230828e-05
6070,valid,0,0.00022427828
8007,valid,0,0.0006320232
10481,valid,0,7.391776e-05
1388,valid,0,7.28442e-05
11033,valid,0,5.5362456e-05
8692,valid,0,1.7923812e-05
9716,valid,0,0.00033291173
2885,valid,0,0.0036460166
7209,valid,0,0.0008760835
7375,valid,0,0.0002777344
8894,valid,0,1.8280862e-05
2294,valid,0,0.0006416458
10916,valid,0,3.7923015e-05
4141,valid,0,4.147004e-05
4037,valid,0,3.0717252e-05
8656,valid,0,1.8116985e-05
2008,valid,0,2.2319944e-05
5186,valid,0,2.5344267e-05
6232,valid,0,0.0014900558
6977,valid,0,0.0035374744
6594,valid,0,7.650236e-05
7151,valid,0,0.0006878766
1714,valid,0,2.6963431e-05
2172,valid,0,1.6722252e-05
10995,valid,0,0.0007176028
9082,valid,0,2.134555e-05
2964,valid,0,0.0010087393
3205,valid,0,0.00042352892
8336,valid,0,3.595919e-05
8048,valid,0,1.9091949e-05
6576,valid,0,0.0018751748
1179,valid,0,0.002931508
9287,valid,0,3.33397e-05
1590,valid,0,0.00077738235
4140,valid,0,3.1923202e-05
9863,valid,0,0.006650347
10520,valid,0,6.547206e-05
1623,valid,0,0.0021763756
7278,valid,0,1.9897238e-05
3798,valid,0,9.115443e-05
3874,valid,0,5.2351756e-05
1694,valid,0,1.7572002e-05
1522,valid,0,0.0011636737
1483,valid,0,6.682324e-05
841,valid,0,1.8015287e-05
9858,valid,0,0.0013250787
4171,valid,0,5.3628704e-05
9304,valid,0,1.6807591e-05
3481,valid,0,0.006171166
1869,valid,0,0.00071571424
8092,valid,0,0.00075892627
3779,valid,0,2.8842283e-05
3214,valid,0,2.4466075e-05
9684,valid,0,0.0015511801
5266,valid,0,0.0012825398
8320,valid,0,5.7432222e-05
9621,valid,0,0.00011431825
8536,valid,0,0.00041480392
5710,valid,0,5.016238e-05
3483,valid,0,5.016238e-05
9807,valid,0,2.6454038e-05
2297,valid,0,0.00051381806
1808,valid,0,0.0005960676
9056,valid,0,2.8922608e-05
2912,valid,0,0.000799357
9727,valid,0,0.0007109497
5538,valid,0,1.9897238e-05
5174,valid,0,0.0007220845
4301,valid,0,7.8643905e-05
5557,valid,0,3.0944087e-05
11020,valid,0,7.789384e-05
2054,valid,0,1.8015287e-05
7379,valid,0,7.307163e-05
4380,valid,0,7.307163e-05
8013,valid,0,3.33397e-05
3531,valid,0,0.0011117401
6071,valid,0,1.7398643e-05
1588,valid,0,0.0026953467
3521,valid,0,1.6970529e-05
2139,valid,0,0.0023156467
232,valid,0,0.0011282762
8343,valid,0,0.0037372462
6698,valid,0,2.4162464e-05
5600,valid,0,0.0004387565
10517,valid,0,6.285614e-05
8050,valid,0,1.8659357e-05
10364,valid,0,1.8659357e-05
8873,valid,0,1.9845038e-05
3547,valid,0,4.2472177e-05
1616,valid,0,3.7366848e-05
6316,valid,0,2.0431125e-05
6994,valid,0,1.8015287e-05
6999,valid,0,2.0548385e-05
2346,valid,0,1.915505e-05
3551,valid,0,0.007128206
6743,valid,0,3.7112957e-05
8347,valid,0,2.0548385e-05
9085,valid,0,5.5335757e-05
7692,valid,0,1.9850333e-05
9319,valid,0,0.0027070052
105,valid,0,2.2399563e-05
971,valid,0,3.569404e-05
5537,valid,0,0.00089650933
3457,valid,0,2.1611482e-05
8882,valid,0,3.4553213e-05
1586,valid,0,1.9845038e-05
3659,valid,0,2.191281e-05
5193,valid,0,1.9845038e-05
8975,valid,0,1.762656e-05
5172,valid,0,0.0018694894
4041,valid,0,1.7577247e-05
3775,valid,0,0.00040993307
177,valid,0,0.0003804667
5326,valid,0,2.0048774e-05
7,valid,0,4.9561808e-05
688,valid,0,4.9561808e-05
8342,valid,0,1.8699162e-05
1860,valid,0,3.8028636e-05
3679,valid,0,1.3577405e-05
4266,valid,0,1.9641277e-05
2035,valid,0,3.241984e-05
8750,valid,0,4.157357e-05
4333,valid,0,6.561384e-05
8704,valid,0,1.7552118e-05
10485,valid,0,0.00010008775
3396,valid,0,0.0002480988
5973,valid,0,8.446278e-05
1377,valid,0,0.00042094532
5558,valid,0,1.6399305e-05
2961,valid,0,0.0006732142
4606,valid,0,0.0052141086
9063,valid,0,0.0021995327
4166,valid,0,0.0009774732
8585,valid,0,3.59055e-05
7204,valid,0,3.0138877e-05
4604,valid,0,1.7727009e-05
6714,valid,0,5.4655855e-05
9053,valid,0,4.5588517e-05
8002,valid,0,1.8174205e-05
9686,valid,0,0.00035254116
8694,valid,0,0.0011362712
2121,valid,0,1.8656418e-05
4386,valid,0,1.873579e-05
9672,valid,0,0.0014504365
2295,valid,0,5.723867e-05
4049,valid,0,5.1250874e-05
9290,valid,0,2.0042771e-05
4172,valid,0,0.0036085593
10914,valid,0,0.0017184516
2120,valid,0,4.0017454e-05
6713,valid,0,1.695587e-05
10698,valid,0,0.003726788
5967,valid,0,2.1583663e-05
2416,valid,0,0.0018465028
9066,valid,0,0.0044174613
7420,valid,0,0.0010063556
3204,valid,0,0.0005280562
6302,valid,0,1.6567144e-05
8686,valid,0,1.9765583e-05
5261,valid,0,1.7552118e-05
10191,valid,0,0.0002992456
237,valid,0,4.4466953e-05
9837,valid,0,1.6396665e-05
6309,valid,0,3.7146594e-05
2126,valid,0,0.006081501
9893,valid,0,1.6607652e-05
6042,valid,0,1.0502459e-05
10060,valid,0,6.426989e-05
7016,valid,0,0.0002999186
10353,valid,0,0.0011600247
9294,valid,0,0.0009346017
10451,valid,0,6.298981e-05
6032,valid,0,1.0398845e-05
5567,valid,0,0.000115390176
2916,valid,0,0.0005968128
9845,valid,0,0.00043158745
5782,valid,0,6.889636e-05
10,valid,0,2.6653312e-05
7881,valid,0,3.029873e-05
1390,valid,0,3.8880476e-05
1579,valid,0,3.9453553e-05
9231,valid,0,3.808187e-05
3143,valid,0,1.0767405e-05
6702,valid,0,0.002716947
7000,valid,0,1.6773129e-05
5551,valid,0,1.6199001e-05
1386,valid,0,8.6906395e-05
4630,valid,0,0.002515861
9877,valid,0,0.0055385535
3525,valid,0,0.0014968932
3606,valid,0,7.235288e-05
7405,valid,0,1.6607652e-05
6847,valid,0,0.0031278324
5338,valid,0,1.7705112e-05
8345,valid,0,0.00078392046
9852,valid,0,2.215779e-05
10325,valid,0,1.4934376e-05
1578,valid,0,1.2477247e-05
10649,valid,0,0.0028590795
1613,valid,0,7.1890136e-05
6983,valid,0,6.1969484e-05
9210,valid,0,1.6567144e-05
3550,valid,0,1.9027751e-05
4255,valid,0,9.7983975e-06
4385,valid,0,0.0025764783
2028,valid,0,1.0767405e-05
3469,valid,0,0.0008568373
7210,valid,0,1.3552766e-05
10699,valid,0,1.6199001e-05
3008,valid,0,0.00210052
3220,valid,0,0.000784153
1618,valid,0,2.2988434e-05
4313,valid,0,0.00022809503
8321,valid,0,2.6270633e-05
6843,valid,0,1.0767405e-05
4139,valid,0,9.1180145e-06
2164,valid,0,1.0142968e-05
7009,valid,0,1.9626734e-05
5989,valid,0,2.4003246e-05
8688,valid,0,1.8903027e-05
2968,valid,0,0.0008356478
7203,valid,0,1.0398845e-05
110,valid,0,3.659572e-05
3119,valid,0,2.080518e-05
10675,valid,0,0.00025641604
9301,valid,0,0.00042658995
3203,valid,0,9.736788e-05
9245,valid,0,5.897456e-05
106,valid,0,0.0026489424
9052,valid,0,1.0142968e-05
9718,valid,0,0.0003750969
8710,valid,0,4.943921e-05
4306,valid,0,0.00034390783
8063,valid,0,1.0767405e-05
3115,valid,0,1.0401623e-05
7625,valid,0,2.3078454e-05
6845,valid,0,0.00032857383
225,valid,0,1.0142968e-05
8925,valid,0,1.9015908e-05
8768,valid,0,1.688912e-05
7011,valid,0,1.1658866e-05
983,valid,0,3.281535e-05
7363,valid,0,4.9085047e-05
10655,valid,0,0.0010229702
8987,valid,0,4.908253e-05
9536,valid,0,0.002449091
9681,valid,0,0.0044738795
8581,valid,0,1.7313596e-05
9898,valid,0,1.0163699e-05
2380,valid,0,1.0767405e-05
10647,valid,0,1.0063428e-05
3478,valid,0,1.0898792e-05
1703,valid,0,1.0063428e-05
1718,valid,0,9.815793e-06
8932,valid,0,8.1846556e-05
5265,valid,0,0.0004476194
10454,valid,0,9.971605e-06
4167,valid,0,9.815793e-06
7703,valid,0,9.987193e-05
1489,valid,0,0.0002987573
4135,valid,0,0.00083206187
6981,valid,0,0.00033269974
2741,valid,0,1.0063428e-05
7215,valid,0,2.249304e-05
8571,valid,0,9.815793e-06
9069,valid,0,0.0032741053
280,valid,0,9.815793e-06
4181,valid,0,0.00074743986
265,valid,0,1.0063428e-05
9673,valid,0,0.00030339812
10065,valid,0,0.003468014
9722,valid,0,0.0005707107
8872,valid,0,1.7511695e-05
2752,valid,0,9.815793e-06
10482,valid,0,9.815793e-06
831,valid,0,4.6620928e-05
4326,valid,0,0.004049747
2037,valid,0,1.0420089e-05
7637,valid,0,0.00041331394
9946,valid,0,3.9567807e-05
984,valid,0,4.1211602e-05
3140,valid,0,2.3908933e-05
8339,valid,0,0.001838749
9887,valid,0,0.00020352255
3150,valid,0,9.14526e-06
99,valid,0,1.00661155e-05
7889,valid,0,0.0023250605
8684,valid,0,9.815793e-06
9208,valid,0,1.0063428e-05
4636,valid,0,2.7772674e-05
7373,valid,0,0.0017054313
5978,valid,0,9.051247e-06
5332,valid,0,7.782437e-06
3479,valid,0,0.00060126476
5573,valid,0,9.815793e-06
5572,valid,0,1.110868e-05
2347,valid,0,1.0398845e-05
10715,valid,0,2.1634178e-05
3470,valid,0,1.7953435e-05
8335,valid,0,2.1320984e-05
3539,valid,0,3.1465286e-05
4035,valid,0,1.6790627e-05
276,valid,0,1.0063428e-05
2149,valid,0,9.482348e-06
10522,valid,0,4.5642875e-05
698,valid,0,2.4511897e-05
2917,valid,0,7.567612e-05
2403,valid,0,1.0163699e-05
4336,valid,0,0.00032166994
245,valid,0,9.815793e-06
10692,valid,0,0.0016602809
3526,valid,0,9.814755e-06
2357,valid,0,9.814755e-06
2366,valid,0,9.482348e-06
3543,valid,0,2.3088094e-05
4432,valid,0,0.00021788364
9058,valid,0,3.3582484e-05
9811,valid,0,1.6256648e-05
4396,valid,0,2.1320984e-05
5769,valid,0,0.001582644
1655,valid,0,0.0016666033
3117,valid,0,1.7515467e-05
5788,valid,0,4.9467417e-05
4059,valid,0,8.854449e-05
7400,valid,0,8.0305745e-06
6724,valid,0,8.233155e-06
9305,valid,0,2.1369955e-05
6735,valid,0,9.478804e-06
5709,valid,0,0.001960341
8383,valid,0,0.00035033296
243,valid,0,0.0049438197
2006,valid,0,0.0025819407
3180,valid,0,2.3750612e-05
7757,valid,0,4.2202853e-05
5178,valid,0,0.001399946
817,valid,0,0.0014068834
2132,valid,0,1.0063428e-05
3519,valid,0,9.478804e-06
2053,valid,0,0.0007777732
9535,valid,0,1.549693e-05
10173,valid,0,0.0020590182
8047,valid,0,2.058899e-05
1526,valid,0,4.819522e-05
8993,valid,0,9.717926e-06
262,valid,0,0.00060230336
1231,valid,0,9.396797e-05
9826,valid,0,4.823137e-05
978,valid,0,7.3303313e-06
7362,valid,0,5.8643276e-05
5278,valid,0,0.0013063074
2742,valid,0,3.8693004e-05
603,valid,0,3.4653058e-05
988,valid,0,0.00034525056
7257,valid,0,0.04080864
7890,valid,0,0.00021216867
7415,valid,0,9.478804e-06
4647,valid,0,0.0007253337
255,valid,0,0.00036132158
7199,valid,0,0.00058051763
8380,valid,0,3.4761066e-05
4036,valid,0,7.419778e-06
9166,valid,0,4.5624904e-05
2407,valid,0,9.478804e-06
10709,valid,0,1.9492541e-05
1693,valid,0,3.112024e-05
7276,valid,0,5.8306097e-05
9810,valid,0,0.0002877264
175,valid,0,0.0001195732
9945,valid,0,0.00395869
9212,valid,0,0.000116637195
3546,valid,0,9.478804e-06
5322,valid,0,2.110836e-05
10637,valid,0,0.00013984763
1585,valid,0,9.490462e-06
8586,valid,0,1.0062353e-05
8231,valid,0,0.0008177347
4390,valid,0,1.6166774e-05
10358,valid,0,3.7015823e-05
7219,valid,0,0.00043609994
5712,valid,0,0.00057167956
9542,valid,0,2.0178644e-05
3225,valid,0,0.026365345
5540,valid,0,4.1508967e-05
1410,valid,0,0.00019158937
4378,valid,0,1.1250876e-05
4191,valid,0,0.002046604
8690,valid,0,0.0037987803
9607,valid,0,7.3303313e-06
8331,valid,0,1.47191295e-05
8447,valid,0,3.3373304e-05
129,valid,0,1.359586e-05
7254,valid,0,0.0007610078
7258,valid,0,9.165619e-06
10645,valid,0,1.7479208e-05
9932,valid,0,1.6456055e-05
111,valid,0,9.814755e-06
5340,valid,0,9.478804e-06
8767,valid,0,1.010789e-05
4492,valid,0,0.0012628889
6037,valid,0,0.0001107633
9726,valid,0,7.5281214e-06
5562,valid,0,1.151981e-05
1719,valid,0,0.0012856342
6,valid,0,0.000684744
6312,valid,0,9.814755e-06
5192,valid,0,9.717926e-06
3287,valid,0,0.0006916319
2743,valid,0,9.097451e-06
2405,valid,0,9.814755e-06
10704,valid,0,3.0890107e-05
2974,valid,0,3.7014026e-05
8527,valid,0,0.0028649343
1822,valid,0,5.161966e-05
9050,valid,0,1.0598401e-05
604,valid,0,0.0045098183
6076,valid,0,0.0028292804
10713,valid,0,9.256946e-06
3193,valid,0,0.0005017442
5971,valid,0,0.001450567
8924,valid,0,1.9418834e-05
6600,valid,0,1.4105048e-05
1364,valid,0,0.0006114187
103,valid,0,0.0002888724
6842,valid,0,0.0005569827
4268,valid,0,9.165619e-06
7918,valid,0,0.0028092295
1361,valid,0,1.60237e-05
7380,valid,0,1.5182468e-05
2029,valid,0,6.162014e-05
3771,valid,0,6.162014e-05
1379,valid,0,7.806355e-05
3673,valid,0,1.0598401e-05
3135,valid,0,2.0120835e-05
3666,valid,0,2.0956508e-05
2040,valid,0,9.165619e-06
5565,valid,0,9.868666e-06
5698,valid,0,0.0035622853
8531,valid,0,2.3579298e-05
96,valid,0,0.0005090161
7015,valid,0,0.00058299483
9853,valid,0,1.4979277e-05
9297,valid,0,4.9186e-05
6027,valid,0,9.165619e-06
8562,valid,0,8.940079e-06
8935,valid,0,8.85425e-06
9283,valid,0,3.56562e-05
8884,valid,0,0.00086827314
4193,valid,0,1.9418834e-05
4321,valid,0,1.707548e-05
8754,valid,0,9.165619e-06
3475,valid,0,9.256946e-06
1531,valid,0,0.00148398
287,valid,0,1.6518818e-05
5979,valid,0,8.940079e-06
6855,valid,0,9.98148e-06
9714,valid,0,9.771304e-06
9220,valid,0,1.0600782e-05
2146,valid,0,9.165619e-06
1612,valid,0,1.0274953e-05
4264,valid,0,8.940079e-06
15,valid,0,9.031187e-06
2732,valid,0,0.0021183274
4626,valid,0,0.0015854046
9604,valid,0,1.1949889e-05
7003,valid,0,0.0025592044
6707,valid,0,0.0042370227
4,valid,0,2.1693742e-05
257,valid,0,3.1927648e-05
6314,valid,0,1.9160245e-05
4253,valid,0,0.0026233657
9529,valid,0,8.940079e-06
8578,valid,0,1.0339927e-05
182,valid,0,0.00010573287
4338,valid,0,1.9281177e-05
6081,valid,0,8.942088e-06
9062,valid,0,0.0048463345
7421,valid,0,0.0005223869
3462,valid,0,0.0011196461
5202,valid,0,3.9069197e-05
194,valid,0,0.00041746278
11019,valid,0,0.000115545896
816,valid,0,8.942088e-06
8762,valid,0,8.722056e-06
6851,valid,0,1.5752172e-05
1193,valid,0,0.0012576745
8701,valid,0,0.00043940407
5272,valid,0,6.5619286e-05
2166,valid,0,9.2056225e-06
3015,valid,0,0.0005310065
1653,valid,0,0.000995339
9905,valid,0,8.722056e-06
7175,valid,0,0.000118164324
5548,valid,0,0.000118164324
7164,valid,0,0.0014710681
9284,valid,0,0.00018440568
9836,valid,0,0.0077245208
11022,valid,0,7.498725e-05
3184,valid,0,0.001433236
972,valid,0,8.722056e-06
5264,valid,0,8.940079e-06
8759,valid,0,1.5718733e-05
10994,valid,0,1.6769649e-05
9239,valid,0,0.00022435204
8689,valid,0,8.942088e-06
2133,valid,0,8.942088e-06
5564,valid,0,2.0083065e-05
9690,valid,0,8.292226e-06
3222,valid,0,1.9435525e-05
10486,valid,0,0.00061633874
8354,valid,0,8.942088e-06
4490,valid,0,0.0014187226
6966,valid,0,0.0007157394
3663,valid,0,8.942088e-06
6993,valid,0,0.0008960365
7395,valid,0,0.0036230506
4607,valid,0,0.0010445972
3677,valid,0,0.0031421077
7008,valid,0,2.0595775e-05
278,valid,0,0.00049879623
4031,valid,0,9.983712e-06
10456,valid,0,9.5233e-06
6244,valid,0,0.0016734884
7256,valid,0,0.0010408572
7261,valid,0,8.944477e-06
285,valid,0,8.309065e-06
7162,valid,0,2.5993297e-05
4144,valid,0,1.0368099e-05
7696,valid,0,1.0339927e-05
7698,valid,0,9.031187e-06
10444,valid,0,9.259017e-06
5959,valid,0,3.681786e-05
9096,valid,0,3.681786e-05
4033,valid,0,0.0008766672
5568,valid,0,9.259017e-06
1583,valid,0,9.099487e-06
5273,valid,0,0.0008632415
109,valid,0,1.7881972e-05
8344,valid,0,1.4303083e-05
10712,valid,0,9.031187e-06
993,valid,0,0.0055833654
979,valid,0,1.0339927e-05
2911,valid,0,1.3970851e-05
5556,valid,0,8.942088e-06
10490,valid,0,9.031187e-06
292,valid,0,0.00023632095
234,valid,0,0.00019064509
1619,valid,0,1.815747e-05
5189,valid,0,0.0027294012
8749,valid,0,0.008924005
9303,valid,0,1.9512152e-05
9668,valid,0,1.6480391e-05
8888,valid,0,7.1829345e-06
1696,valid,0,8.126237e-06
2906,valid,0,1.6815486e-05
1589,valid,0,9.259017e-06
1373,valid,0,9.051202e-06
10555,valid,0,2.7397376e-05
3139,valid,0,8.722056e-06
3452,valid,0,7.1384175e-06
7213,valid,0,0.0015624906
1378,valid,0,8.942088e-06
10531,valid,0,2.0746831e-05
2412,valid,0,1.0339927e-05
8053,valid,0,1.2825825e-05
2349,valid,0,1.0600782e-05
1868,valid,0,1.0240659e-05
3463,valid,0,1.4990664e-05
8302,valid,0,7.318499e-06
6077,valid,0,0.0004894949
107,valid,0,9.259017e-06
10413,valid,0,0.0011661376
8926,valid,0,7.647755e-06
3548,valid,0,8.942088e-06
9851,valid,0,0.00029909675
2382,valid,0,9.531261e-06
9888,valid,0,2.3144903e-05
3523,valid,0,2.3144903e-05
5197,valid,0,0.00037638634
2401,valid,0,8.978512e-06
2173,valid,0,9.205003e-06
9724,valid,0,0.0014228864
9857,valid,0,2.9724619e-05
4651,valid,0,0.00028349762
8563,valid,0,0.00065943657
4134,valid,0,8.944477e-06
1818,valid,0,3.783241e-05
2373,valid,0,4.759928e-05
10702,valid,0,2.7647131e-05
1365,valid,0,5.39376e-05
4133,valid,0,2.0875794e-05
7995,valid,0,0.0022161864
7914,valid,0,1.0493503e-05
6311,valid,0,1.1021192e-05
1867,valid,0,9.531255e-06
8353,valid,0,1.5427162e-05
1355,valid,0,0.00053996226
6039,valid,0,1.6250016e-05
6303,valid,0,1.9848067e-05
201,valid,0,2.6840571e-05
4265,valid,0,8.942085e-06
6696,valid,0,9.204999e-06
6850,valid,0,3.814001e-05
6046,valid,0,0.00064634305
4628,valid,0,8.978507e-06
10188,valid,0,6.661006e-05
7280,valid,0,9.573803e-06
10329,valid,0,6.0758448e-05
3131,valid,0,3.6543435e-05
4136,valid,0,1.6301925e-05
8564,valid,0,9.259017e-06
7913,valid,0,0.00013580886
7858,valid,0,4.9297458e-05
9823,valid,0,1.1898449e-05
4192,valid,0,0.0063442336
274,valid,0,0.00053594337
11,valid,0,8.892305e-06
10672,valid,0,3.3686047e-05
7927,valid,0,2.0592388e-05
10547,valid,0,0.009074867
269,valid,0,7.189527e-06
7895,valid,0,9.204999e-06
126,valid,0,2.0227633e-05
4058,valid,0,2.1454718e-05
2101,valid,0,3.2503453e-05
5799,valid,0,0.0005788043
1856,valid,0,1.1528903e-05
8766,valid,0,1.1647427e-05
1513,valid,0,1.5406766e-05
7626,valid,0,0.0002734586
10678,valid,0,0.0011234015
5262,valid,0,0.0002785778
16,valid,0,1.6110253e-05
3153,valid,0,0.0012646567
277,valid,0,0.0036077297
8003,valid,0,9.531261e-06
5554,valid,0,1.7458015e-05
2443,valid,0,0.00037486895
4637,valid,0,0.002605539
9541,valid,0,8.978512e-06
4642,valid,0,0.00036895063
258,valid,0,2.7045164e-05
9163,valid,0,3.8273298e-05
4638,valid,0,8.892302e-06
8008,valid,0,0.00039447504
10184,valid,0,0.00039447504
6072,valid,0,0.0008052846
4057,valid,0,1.4421401e-05
4165,valid,0,1.6274447e-05
2147,valid,0,1.6215332e-05
2746,valid,0,1.0386815e-05
9880,valid,0,2.8508943e-05
6734,valid,0,8.779331e-06
260,valid,0,9.207465e-06
8758,valid,0,8.6083855e-05
5196,valid,0,9.204999e-06
6848,valid,0,0.0006686185
10051,valid,2,0.0049297404
8128,valid,2,0.049561534
4151,valid,2,0.0056911292
8112,valid,0,0.00022583024
8362,valid,2,0.0016460383
10406,valid,2,0.0016189123
4159,valid,2,0.0126920175
7656,valid,2,0.3115625
8113,valid,2,0.0054717064
8364,valid,2,0.0028662442
2836,valid,2,0.002611199
1574,valid,2,0.002915177
8130,valid,2,0.007985929
10048,valid,2,0.10692518
328,valid,2,0.042953324
4158,valid,2,0.014658815
329,valid,2,0.21808389
8357,valid,2,0.0922153
7665,valid,2,0.0031547449
1563,valid,2,0.0048843175
66,valid,2,0.015053329
8119,valid,2,0.012135936
1570,valid,2,0.0028391355
1740,valid,1,0.0033233196
8118,valid,2,0.026441224
10047,valid,2,0.013132988
68,valid,0,0.00023763988
4546,valid,2,0.016065154
10041,valid,2,0.003764675
318,valid,0,0.00022695443
4538,valid,2,0.014761962
59,valid,2,0.015174585
4549,valid,2,0.02471407
4153,valid,2,0.03158901
8126,valid,2,0.010566768
65,valid,2,0.00432461
325,valid,2,0.00438428
8127,valid,2,0.0015211619
320,valid,2,0.012376851
10410,valid,2,0.0014128392
7670,valid,0,0.0026877243
326,valid,0,0.0002748044
54,valid,2,0.009024269
57,valid,0,0.0022237063
7662,valid,0,0.00015769384
64,valid,2,0.039310955
4157,valid,2,0.015434397
1566,valid,2,0.065253526
10039,valid,2,0.03995646
10040,valid,2,0.044755712
4154,valid,0,0.00903498
8131,valid,0,0.0013310764
55,valid,2,0.0074670697
63,valid,2,0.0052992045
6778,valid,2,0.0053013754
947,valid,2,0.017052408
2337,valid,2,0.02238428
2333,valid,2,0.02293866
6896,valid,2,0.0050542415
6878,valid,2,0.0040089283
6771,valid,2,0.006645968
6879,valid,2,0.0022173633
965,valid,2,0.0041356343
6882,valid,2,0.05398524
6766,valid,2,0.06290553
6774,valid,2,0.052356247
2329,valid,2,0.02012423
955,valid,2,0.047485348
5850,valid,2,0.00089987053
4664,valid,1,0.023110794
3499,valid,2,0.08023093
7141,valid,2,0.0041488623
6888,valid,2,0.013221917
5835,valid,2,0.047334217
6876,valid,2,0.0070662405
9412,valid,2,0.010454239
6877,valid,2,0.0756928
3493,valid,2,0.0050898106
1983,valid,2,0.036189646
3498,valid,2,0.0038577004
948,valid,2,0.09567529
5853,valid,2,0.03286744
6866,valid,2,0.006243444
6886,valid,2,0.028418927
6776,valid,2,0.031378385
9414,valid,2,0.020376083
3622,valid,2,0.0049571227
5845,valid,2,0.06758495
2332,valid,2,0.07837415
3495,valid,2,0.021864107
5852,valid,2,0.0039358954
1982,valid,2,0.0120352395
5837,valid,2,0.020211626
2338,valid,2,0.03306525
2330,valid,2,0.29230905
5848,valid,2,0.014980923
6897,valid,2,0.009306944
2328,valid,2,0.003379078
5834,valid,0,0.0087716505
3611,valid,2,0.025380755
5843,valid,0,0.00014077914
1968,valid,2,0.073511146
960,valid,2,0.04166009
6779,valid,0,0.0069219815
959,valid,2,0.02563939
956,valid,2,0.027923442
1980,valid,2,0.12735587
3615,valid,2,0.014901748
1974,valid,2,0.025865639
2343,valid,2,0.0074630156
1981,valid,0,0.00021232446
6252,valid,2,0.048813537
2550,valid,2,0.0016221411
10498,valid,2,0.0026295476
412,valid,0,0.00019572557
6289,valid,0,0.0029334992
2828,valid,2,0.011216289
2809,valid,2,0.026721783
6254,valid,2,0.007492222
10514,valid,2,0.013780706
3306,valid,2,0.0031039019
10510,valid,2,0.013345123
666,valid,2,0.011233389
6281,valid,2,0.0073812366
2541,valid,2,0.02711428
6249,valid,2,0.004810019
8214,valid,2,0.0052241697
2511,valid,2,0.0024314094
413,valid,2,0.012584909
2820,valid,2,0.044279117
409,valid,2,0.005150186
2493,valid,2,0.004775144
7951,valid,1,0.7971369
2513,valid,2,0.009650196
2507,valid,2,0.014911983
8217,valid,2,0.003702101
668,valid,2,0.078743346
2819,valid,2,0.0063005714
2545,valid,2,0.005448867
2798,valid,0,0.020940939
411,valid,2,0.090855196
10502,valid,2,0.045657177
2822,valid,0,0.0004517813
2544,valid,2,0.008701653
2823,valid,2,0.0026885914
508,valid,2,0.07442517
2492,valid,2,0.0021996952
405,valid,0,0.0012972262
10508,valid,0,0.0028625387
2503,valid,2,0.06817788
679,valid,0,0.010084823
2829,valid,2,0.010036299
6291,valid,2,0.18368474
3299,valid,2,0.060354747
8216,valid,2,0.014368531
2548,valid,2,0.021882089
496,valid,2,0.0049574915
10509,valid,0,0.005170382
511,valid,0,0.010531213
2830,valid,2,0.010184698
2827,valid,2,0.0011717022
7432,valid,2,0.009789001
2109,valid,2,0.08661471
7431,valid,2,0.10995999
3285,valid,2,0.011477907
4650,valid,2,0.01129512
2886,valid,2,0.0044643525
7700,valid,1,0.112687424
3281,valid,2,0.0014413049
2889,valid,2,0.011304502
2897,valid,2,0.0068522543
2271,valid,2,0.06924829
3186,valid,2,0.005755024
10137,valid,2,0.0053487644
3284,valid,2,0.008552665
2903,valid,2,0.027833693
10136,valid,2,0.08628688
10139,valid,2,0.0011184356
10141,valid,2,0.001835509
7443,valid,2,0.005783739
7441,valid,2,0.03348992
4643,valid,2,0.0029462778
4428,valid,2,0.045239452
7430,valid,2,0.07458229
2899,valid,2,0.011676999
3188,valid,2,0.017962022
2901,valid,2,0.011662631
7440,valid,2,0.046714056
2112,valid,2,0.0104874065
4427,valid,2,0.053365536
7867,valid,0,0.0010787284
4646,valid,0,0.0002659942
9936,valid,2,0.027007716
3187,valid,2,0.0467577
3289,valid,2,0.015879912
2268,valid,2,0.044382475
7879,valid,0,0.007828773
2883,valid,2,0.009667835
7433,valid,2,0.006982593
2274,valid,2,0.012318861
7437,valid,2,0.056943778
4176,valid,1,0.009611344
7444,valid,2,0.07960009
3196,valid,0,0.008364637
4644,valid,2,0.009549324
7866,valid,2,0.014839562
4429,valid,2,0.007488844
2900,valid,2,0.046629015
9937,valid,2,0.0019848444
3282,valid,2,0.022478448
3288,valid,2,0.102205865
3291,valid,0,0.00018181953
4433,valid,2,0.005354084
10134,valid,2,0.007680029
10143,valid,2,0.0042293407
7869,valid,2,0.002079252
7772,valid,2,0.13299835
2956,valid,2,0.012507998
4957,valid,2,0.016425243
5593,valid,2,0.0146814855
3271,valid,2,0.0068441103
5117,valid,2,0.0014891053
4898,valid,2,0.008969665
4902,valid,2,0.0054100445
8604,valid,2,0.0032967585
7775,valid,2,0.0061218925
3832,valid,1,0.29238293
9924,valid,2,0.5347446
5586,valid,2,0.00800859
3266,valid,2,0.010920284
5576,valid,2,0.0013544059
10893,valid,2,0.015079455
4956,valid,2,0.008547387
5120,valid,2,0.0081412755
4904,valid,2,0.06748975
159,valid,2,0.059888728
3267,valid,2,0.007698806
160,valid,2,0.011538414
8595,valid,2,0.0045391535
5580,valid,2,0.024269542
5113,valid,2,0.05510838
4968,valid,0,0.0039582644
3268,valid,2,0.008242938
5577,valid,2,0.0040750224
4900,valid,2,0.0046556597
4959,valid,2,0.034045335
3269,valid,2,0.08690771
4962,valid,2,0.012737227
8602,valid,2,0.02712485
165,valid,2,0.014938078
5115,valid,2,0.0841153
5592,valid,2,0.30368528
4894,valid,2,0.009182752
7771,valid,2,0.0055098995
3277,valid,2,0.028098889
8136,valid,0,0.00039526634
168,valid,0,0.00039526634
3275,valid,0,0.00019371684
10901,valid,2,0.072381936
4859,valid,1,0.04806196
7908,valid,2,0.0037118846
9989,valid,2,0.038441043
9640,valid,2,0.016024776
7503,valid,2,0.012155197
8786,valid,2,0.007302043
3412,valid,2,0.007893793
3433,valid,0,0.00026057346
10255,valid,2,0.012824097
9985,valid,2,0.007274151
5004,valid,2,0.0038206042
9997,valid,2,0.01262746
7502,valid,2,0.01609587
9649,valid,2,0.016733723
3421,valid,2,0.005711544
10243,valid,2,0.024830982
9509,valid,2,0.006483662
4989,valid,2,0.017212195
9507,valid,2,0.017396117
3422,valid,2,0.00278218
3417,valid,2,0.0051130205
9648,valid,2,0.018152988
10244,valid,2,0.0050462247
9987,valid,2,0.21764135
5260,valid,1,0.31091928
3416,valid,2,0.008761427
3418,valid,2,0.024745971
4955,valid,1,0.3215789
10249,valid,2,0.04593955
7903,valid,0,0.00018999075
8787,valid,2,0.04254522
4951,valid,1,0.108579695
9994,valid,2,0.019503856
7495,valid,2,0.016148036
7297,valid,1,0.16190842
7905,valid,2,0.013822652
7512,valid,0,0.002813321
9995,valid,2,0.010569693
5007,valid,0,0.015051554
4991,valid,0,0.014708786
5005,valid,2,0.003299016
4288,valid,1,0.07093185
3424,valid,0,0.008915441
10247,valid,2,0.010585281
4997,valid,2,0.02506804
3427,valid,2,0.025536917
3402,valid,2,0.04886302
9508,valid,2,0.02097618
3408,valid,2,0.007632147
10152,valid,2,0.0175997
762,valid,2,0.007024108
10149,valid,2,0.055298813
10151,valid,2,0.005787195
7518,valid,2,0.019304033
5450,valid,2,0.020013055
2574,valid,2,0.02357759
10004,valid,2,0.0299314
7459,valid,2,0.009465974
888,valid,2,0.010116221
2575,valid,2,0.012302087
758,valid,2,0.0032464243
5453,valid,2,0.010410859
7466,valid,0,0.0060776947
7469,valid,2,0.002119001
7458,valid,2,0.00422429
10010,valid,2,0.019993212
10018,valid,2,0.00861442
2570,valid,2,0.009001414
10019,valid,2,0.022596225
882,valid,2,0.008943752
2562,valid,2,0.095420055
5446,valid,2,0.0018256571
2560,valid,2,0.047335703
3512,valid,2,0.0046045324
765,valid,2,0.017486563
883,valid,2,0.008923951
3506,valid,2,0.030816229
2584,valid,2,0.11738692
7456,valid,2,0.019048268
5454,valid,0,0.0023271237
3505,valid,2,0.00977341
3692,valid,0,0.010099823
752,valid,2,0.00043088655
892,valid,2,0.020950211
2573,valid,2,0.0027552159
5456,valid,2,0.0026861345
763,valid,2,0.04082277
2568,valid,0,0.001297869
2576,valid,2,0.00280627
7457,valid,2,0.023739757
11051,valid,1,0.05978743
10017,valid,2,0.006777792
10003,valid,0,0.0014079863
887,valid,0,0.0032812473
886,valid,2,0.004769353
2571,valid,2,0.008286015
1176,valid,2,0.0587494
716,valid,1,0.110071406
1898,valid,2,0.0058059907
3813,valid,2,0.0021154848
1177,valid,2,0.0036841028
6642,valid,2,0.01751635
3810,valid,2,0.011087659
2995,valid,2,0.019853761
2989,valid,2,0.016508438
10442,valid,2,0.0040943515
347,valid,2,0.18803869
10024,valid,2,0.027226523
333,valid,2,0.0016828857
6646,valid,2,0.0025840772
10430,valid,2,0.006434771
8165,valid,2,0.0030793704
334,valid,2,0.004641281
10437,valid,2,0.004144434
8444,valid,2,0.0073266034
8153,valid,2,0.0038531336
10429,valid,2,0.021325046
1175,valid,2,0.0010122241
9472,valid,2,0.041830894
9464,valid,2,0.020170394
2996,valid,2,0.27009606
8433,valid,2,0.0319356
9481,valid,2,0.006512191
6662,valid,2,0.048537977
10025,valid,2,0.053750563
343,valid,2,0.008335854
1907,valid,2,0.023368554
1167,valid,2,0.02484858
335,valid,2,0.021973131
6643,valid,2,0.007610823
3811,valid,2,0.12095387
1178,valid,2,0.0060495464
6653,valid,2,0.06491649
6645,valid,2,0.43809518
341,valid,0,0.00013411242
3804,valid,2,0.104960926
9483,valid,2,0.073969945
8158,valid,0,0.006500515
6658,valid,2,0.06363566
10030,valid,0,0.0025833168
345,valid,0,0.00015360322
6661,valid,2,0.022447305
6665,valid,2,0.0045847134
10436,valid,2,0.008854185
1166,valid,2,0.0071561025
8156,valid,2,0.005553137
10431,valid,2,0.007035588
8436,valid,0,0.0016095928
1168,valid,2,0.06447993
10439,valid,2,0.0061249086
6652,valid,0,0.00597514
10032,valid,0,0.00034082273
9459,valid,2,0.0037628626
8441,valid,2,0.011966214
1905,valid,2,0.016377162
3812,valid,2,0.002523672
9466,valid,2,0.0038802542
3702,valid,2,0.038113963
3715,valid,2,0.0030852675
3705,valid,2,0.0027985799
3707,valid,2,0.0023680998
4372,valid,0,0.0055311695
4365,valid,2,0.031808108
5468,valid,2,0.07810157
4345,valid,2,0.015686806
1468,valid,2,0.0061377357
6801,valid,2,0.02295959
7839,valid,2,0.0150724165
7837,valid,2,0.008888904
6785,valid,2,0.033850554
4374,valid,2,0.027936412
5238,valid,2,0.041034594
3711,valid,2,0.00618796
5460,valid,2,0.0018563344
2617,valid,2,0.0012737302
5760,valid,2,0.027340379
2607,valid,2,0.007856953
5227,valid,2,0.007319412
5239,valid,2,0.0031316867
4359,valid,2,0.027017161
5465,valid,2,0.01381396
6798,valid,2,0.007827314
4376,valid,2,0.05123748
2618,valid,2,0.013740811
7843,valid,2,0.025529357
1464,valid,0,0.009368889
4367,valid,2,0.028230404
5228,valid,2,0.04431741
2609,valid,2,0.11348293
7847,valid,0,0.00018460443
7842,valid,2,0.027068598
6802,valid,0,0.004444743
5232,valid,2,0.016480943
1461,valid,2,0.0060340324
6786,valid,2,0.03662988
7840,valid,2,0.03579855
5466,valid,2,0.00081867527
6787,valid,2,0.007902315
4350,valid,2,0.050156824
4349,valid,2,0.043994803
2620,valid,2,0.037852038
1469,valid,2,0.068509124
5459,valid,2,0.033100154
2608,valid,2,0.07113997
5758,valid,0,0.00027007968
1460,valid,0,0.01249584
9626,valid,2,0.0034602755
10682,valid,2,0.013070369
10687,valid,2,0.009295323
9407,valid,2,0.35069
633,valid,2,0.007438852
10686,valid,2,0.06316809
9721,valid,1,0.011591263
10679,valid,2,0.0033588253
9630,valid,2,0.013569152
10684,valid,2,0.011285073
10185,valid,2,0.009331653
9397,valid,2,0.0104010925
9623,valid,2,0.013395104
5701,valid,2,0.014795439
10868,valid,2,0.0032035375
9070,valid,1,0.00692946
9394,valid,2,0.0025032414
5697,valid,2,0.0148629295
2098,valid,2,0.0062947236
10178,valid,2,0.19468535
9622,valid,2,0.0013293679
10857,valid,2,0.025101062
5708,valid,2,0.034432966
9396,valid,2,0.0097499825
5703,valid,2,0.004487783
10865,valid,0,0.0009825338
630,valid,2,0.0070738792
5705,valid,2,0.0021225961
6394,valid,0,0.00036182112
2480,valid,2,0.0038510838
2975,valid,2,0.0053389617
2090,valid,2,0.01850512
620,valid,2,0.007351104
9408,valid,2,0.36030784
9395,valid,2,0.03484397
10855,valid,2,0.0028144026
10186,valid,2,0.010148503
10688,valid,0,0.00018460905
10670,valid,2,0.009877088
9399,valid,0,0.010288086
5696,valid,2,0.027481936
9611,valid,0,0.0059579625
2973,valid,2,0.009901112
5692,valid,0,0.0021091262
1368,valid,0,0.0051373723
9306,valid,0,0.0012438493
9631,valid,0,0.0012438493
9618,valid,0,0.0027699112
6395,valid,0,0.00025199415
10181,valid,2,0.0006505829
10689,valid,2,0.014500186
10683,valid,2,0.0032506578
624,valid,2,0.027031614
2096,valid,2,0.0049414267
10336,valid,2,0.006547192
9828,valid,2,0.06724254
9829,valid,2,0.061306193
1409,valid,2,0.05437797
1405,valid,2,0.0076092556
1413,valid,2,0.028890425
1645,valid,2,0.0024647964
9890,valid,2,0.004066508
9160,valid,2,0.0281678
10322,valid,2,0.0067466972
616,valid,2,0.0077311867
8717,valid,2,0.0005619708
10327,valid,2,0.0017787513
9169,valid,2,0.02252448
1408,valid,2,0.0027958755
612,valid,2,0.0060583246
10328,valid,2,0.0030885928
1648,valid,2,0.008360483
8711,valid,2,0.08323907
605,valid,2,0.03403004
613,valid,2,0.08704588
10331,valid,2,0.011944248
1649,valid,2,0.008141106
8715,valid,2,0.002105301
10917,valid,2,0.0017894413
617,valid,2,0.027691992
10912,valid,2,0.0061325394
1383,valid,2,0.020457635
8707,valid,2,0.056713425
7768,valid,2,0.013732739
7759,valid,2,0.3452438
10334,valid,2,0.011587778
1412,valid,2,0.0022478583
8720,valid,0,0.00020968857
2748,valid,0,0.0002235906
7762,valid,2,0.004013376
8725,valid,2,0.043279674
9886,valid,2,0.013554279
9174,valid,2,0.02025514
9819,valid,2,0.056106083
1646,valid,2,0.029222231
1396,valid,2,0.014684578
10920,valid,2,0.0068165353
615,valid,2,0.022227984
9159,valid,2,0.008753023
9889,valid,2,0.30749664
1414,valid,0,0.0026554524
608,valid,2,0.006621814
7763,valid,2,0.023574179
10321,valid,2,0.081207246
9170,valid,2,0.051107656
7765,valid,2,0.00876092
10915,valid,2,0.0005026804
9825,valid,2,0.034660835
8724,valid,2,0.016335262
1656,valid,2,0.027996453
8501,valid,2,0.048860982
4537,valid,2,0.039828304
2079,valid,2,0.0053739143
4892,valid,2,0.004244515
4887,valid,2,0.016492225
4528,valid,2,0.006489437
5307,valid,2,0.014974727
9565,valid,2,0.06449621
372,valid,2,0.23102015
4882,valid,2,0.11027466
7391,valid,0,0.011985073
375,valid,2,0.028063942
3089,valid,1,0.0956719
4534,valid,2,0.0018326232
750,valid,2,0.0035813982
4891,valid,2,0.027688734
7030,valid,2,0.009153494
386,valid,2,0.0013168594
8855,valid,2,0.0022619083
8506,valid,2,0.008153335
7387,valid,2,0.09826685
747,valid,2,0.035579577
739,valid,2,0.0053542145
8820,valid,1,0.11824896
379,valid,2,0.0071929856
742,valid,2,0.0013456262
378,valid,2,0.029509418
2082,valid,2,0.040300336
2086,valid,2,0.002529942
4530,valid,2,0.0028792447
383,valid,2,0.014182041
5316,valid,2,0.021830576
7027,valid,2,0.16667171
9559,valid,2,0.030782202
8868,valid,0,0.0039092368
4886,valid,2,0.059285574
748,valid,2,0.01240547
8502,valid,2,0.0048932894
374,valid,2,0.13028325
5319,valid,2,0.0032289044
5308,valid,2,0.058222976
4531,valid,2,0.016622169
5309,valid,2,0.007177856
8500,valid,0,0.014172133
1555,valid,0,0.0027606585
5314,valid,2,0.01589535
7394,valid,2,0.0020224196
1820,valid,2,0.074253485
1810,valid,2,0.03744228
8327,valid,2,0.005121024
5219,valid,2,0.007672668
7109,valid,2,0.005112557
5212,valid,2,0.018205095
5215,valid,2,0.0274572
3201,valid,2,0.004950888
8513,valid,2,0.02306392
8529,valid,2,0.006698321
8318,valid,2,0.006267007
399,valid,2,0.052356154
7106,valid,0,0.005067342
1815,valid,2,0.0033244786
392,valid,2,0.041331355
398,valid,2,0.02760363
1591,valid,1,0.40829605
4568,valid,2,0.017563863
8518,valid,2,0.010559109
1340,valid,2,0.01886671
1335,valid,2,0.00801198
387,valid,2,0.007880806
8771,valid,1,0.110033095
3209,valid,2,0.019942844
8326,valid,2,0.0052153
1334,valid,2,0.062383763
3887,valid,2,0.14567791
8523,valid,2,0.018647373
7114,valid,2,0.009135649
4561,valid,2,0.006274234
2398,valid,1,0.01822142
8520,valid,2,0.016808985
5211,valid,2,0.018600805
4576,valid,2,0.012172858
4571,valid,0,0.00019572557
9816,valid,0,0.0039745294
7111,valid,2,0.036761474
8528,valid,2,0.0051349616
7118,valid,2,0.04165109
1343,valid,0,0.00026087582
8526,valid,2,0.0290756
8521,valid,2,0.013759248
3881,valid,2,0.004638679
3880,valid,2,0.27907124
4379,valid,1,0.0134199755
8516,valid,0,0.0017311946
3129,valid,0,0.0025049308
3213,valid,0,0.004951648
3253,valid,2,0.033080444
7062,valid,2,0.033740386
2636,valid,2,0.0009892687
588,valid,2,0.053031944
7679,valid,2,0.027016552
2528,valid,2,0.048258837
8314,valid,2,0.03972532
2601,valid,2,0.0084180785
7061,valid,2,0.006737864
3248,valid,2,0.0029401488
7683,valid,2,0.15649253
2626,valid,2,0.00877912
4458,valid,2,0.008599308
2530,valid,2,0.0037413747
444,valid,2,0.008195711
7060,valid,2,0.027515199
587,valid,2,0.028981473
9013,valid,2,0.0054056784
8304,valid,2,0.023253707
3258,valid,2,0.011110872
2529,valid,2,0.018124772
443,valid,2,0.0076648304
2625,valid,2,0.015309298
9016,valid,2,0.020941798
4467,valid,2,0.055077992
8306,valid,2,0.027713528
596,valid,2,0.0118996855
2598,valid,2,0.003195403
6830,valid,1,0.007301281
217,valid,1,0.0019504562
2604,valid,2,0.0016353895
7674,valid,0,0.0065794154
3259,valid,2,0.024265332
3243,valid,2,0.050945368
9008,valid,2,0.050225984
2597,valid,2,0.027034212
7677,valid,2,0.031197928
442,valid,2,0.0035858331
3239,valid,2,0.053874716
4461,valid,2,0.07915348
9015,valid,0,0.002129611
449,valid,0,0.004973721
8305,valid,2,0.01367229
446,valid,2,0.0091674635
2635,valid,2,0.008499277
598,valid,2,0.009468387
593,valid,2,0.020812701
2603,valid,2,0.049232103
599,valid,0,0.0022225806
2590,valid,2,0.023881609
2633,valid,2,0.038380433
3250,valid,2,0.017805854
4954,valid,1,0.040673874
2531,valid,2,0.009735395
7684,valid,0,0.00018997517
8316,valid,2,0.030369995
6639,valid,2,0.038425595
6007,valid,2,0.054137807
6633,valid,2,0.002833463
2877,valid,2,0.00899137
2871,valid,2,0.051260546
6020,valid,2,0.0034583714
6024,valid,2,0.20640674
9753,valid,2,0.011823072
8618,valid,2,0.045217376
2881,valid,2,0.008999196
4099,valid,2,0.0029138408
8607,valid,2,0.010550812
8609,valid,2,0.018811518
2875,valid,2,0.006811859
2876,valid,2,0.0132310465
2282,valid,2,0.14607333
5131,valid,2,0.06564147
8612,valid,2,0.00229971
2870,valid,2,0.0032353164
8608,valid,2,0.029300455
6009,valid,2,0.0063085677
5130,valid,2,0.016663384
4100,valid,2,0.18578717
9751,valid,2,0.01891173
9741,valid,2,0.034544516
9752,valid,2,0.01903635
2276,valid,2,0.007676716
9748,valid,2,0.19717628
9739,valid,2,0.037570797
8616,valid,0,0.00019572557
6011,valid,2,0.0066248523
7818,valid,2,0.0049046814
6010,valid,2,0.0025445477
7825,valid,2,0.0076805516
2288,valid,2,0.071967565
2869,valid,2,0.030221932
2479,valid,2,0.20879324
5133,valid,2,0.03872517
9754,valid,2,0.0098527465
4096,valid,2,0.015096157
2874,valid,0,0.00027013267
2278,valid,0,0.0007952701
2873,valid,0,0.00021273775
2476,valid,2,0.008802501
7622,valid,2,0.049282726
9950,valid,2,0.0051656836
7167,valid,2,0.0907801
9243,valid,2,0.031705234
10356,valid,2,0.14074153
10352,valid,2,0.012752929
3797,valid,2,0.0052625
9236,valid,2,0.0015520712
9234,valid,2,0.033812575
10351,valid,2,0.0044591743
4300,valid,2,0.0019112446
3787,valid,2,0.011006252
9958,valid,2,0.054825705
9957,valid,2,0.01963372
9661,valid,2,0.010643585
7168,valid,2,0.0012967035
7163,valid,0,0.0002809212
9659,valid,2,0.0153924525
18,valid,1,0.0080332225
10357,valid,2,0.041545883
4316,valid,2,0.0375644
4315,valid,2,0.028486589
10443,valid,1,0.11475066
10367,valid,2,0.009535012
3794,valid,2,0.0047287275
9947,valid,2,0.021361131
7180,valid,2,0.04095794
5604,valid,2,0.021750754
9652,valid,0,0.0014800056
5992,valid,2,0.009088962
5597,valid,2,0.0059863874
5983,valid,2,0.011978219
4307,valid,2,0.012781922
9943,valid,2,0.03758551
5995,valid,2,0.01502551
9244,valid,2,0.060237996
9949,valid,0,0.002540503
5997,valid,2,0.013360439
10366,valid,2,0.24858087
9664,valid,2,0.04663251
9660,valid,0,0.00026419212
4304,valid,2,0.13203086
5602,valid,2,0.025392625
9610,valid,1,0.07694796
5599,valid,2,0.0038684087
3800,valid,2,0.017542666
7171,valid,2,0.013242519
9658,valid,2,0.016101846
5662,test,2,0.025723226
5660,test,2,0.39729667
1229,test,2,0.11314014
3386,test,2,0.0052032163
8085,test,2,0.013855856
1247,test,2,0.011907783
10990,test,2,0.11952201
2422,test,1,0.032232642
7364,test,2,0.13763517
10067,test,2,0.011462339
5661,test,2,0.0394899
1233,test,2,0.00071458495
8089,test,2,0.004899549
8087,test,2,0.0027784505
10066,test,2,0.0062912987
5659,test,2,0.030533643
10988,test,2,0.039684255
1242,test,2,0.014039029
5657,test,2,0.04939396
7372,test,2,0.07749709
5649,test,2,0.039085113
1239,test,2,0.008890463
3384,test,2,0.002282135
6968,test,2,0.077553585
3784,test,2,0.011151113
6963,test,2,0.079366885
1241,test,2,0.0025226125
10068,test,2,0.010097847
3768,test,0,0.013747834
3780,test,2,0.00917494
3782,test,2,0.0139890695
10989,test,2,0.037762463
5666,test,2,0.034133837
10059,test,0,0.00053893664
5328,test,0,0.0015389506
3382,test,2,0.017776476
10411,test,2,0.010445538
3773,test,2,0.010029352
10426,test,0,0.0028051448
1230,test,2,0.036567178
8091,test,2,0.015371586
3388,test,2,0.011483081
8445,test,0,0.005766213
10055,test,2,0.018872865
7018,test,0,0.0067877206
10978,test,0,0.0058391835
3772,test,2,0.035248283
3378,test,2,0.009290386
8927,test,0,0.0018579643
3778,test,0,0.0031808608
3393,test,2,0.055368334
8753,test,1,0.0063262424
2413,test,1,0.041353475
10064,test,0,0.0020625633
10063,test,2,0.0012726812
11038,test,2,0.013332797
9874,test,2,0.02570765
9870,test,2,0.0069170394
3472,test,1,0.12053868
2971,test,2,0.017922848
93,test,2,0.012667682
7860,test,2,0.010019154
2969,test,2,0.0024980968
89,test,2,0.02245904
9871,test,2,0.0067774802
10549,test,2,0.0063187764
7853,test,2,0.0006948736
4625,test,1,0.06833042
10548,test,2,0.057590976
1521,test,2,0.015217523
6585,test,2,0.0038965791
92,test,2,0.003604583
10553,test,0,0.0065859463
1524,test,2,0.022159135
9873,test,2,0.009551971
7851,test,2,0.020081876
6588,test,2,0.062271636
6242,test,0,0.0010297021
91,test,0,0.00035947148
9861,test,2,0.007698732
10543,test,2,0.001335088
7859,test,2,0.022676827
6581,test,2,0.054887153
9875,test,2,0.001176668
6236,test,0,0.0021357734
198,test,0,0.0020882632
98,test,2,0.0137454
97,test,2,0.010409417
6571,test,2,0.17079446
113,test,1,0.022857046
6570,test,2,0.009744456
10546,test,2,0.0077847955
87,test,2,0.03274368
4629,test,1,0.005358697
11040,test,2,0.007661814
1516,test,2,0.20903666
11032,test,2,0.002167765
11036,test,2,0.001726728
7857,test,2,0.3939277
4179,test,0,0.001725938
11039,test,2,0.014436559
6575,test,2,0.012355992
6243,test,2,0.024492754
1520,test,2,0.11619341
6229,test,2,0.03722202
185,test,2,0.012825669
189,test,2,0.0072844536
6574,test,2,0.06045843
3158,test,0,0.0031350465
8027,test,0,0.0008050989
3971,test,0,0.000146888
6780,test,0,0.0004848598
2497,test,0,0.0005661544
3734,test,0,0.0017599107
3613,test,0,0.0023798645
6660,test,0,0.0021374787
76,test,0,0.00064102514
1967,test,0,0.00057476177
8157,test,0,0.0019302869
2062,test,0,0.000297384
9010,test,0,0.00096860155
3324,test,0,0.0009096298
7597,test,0,0.000113359216
2341,test,0,9.8446144e-05
8022,test,0,0.0004589376
4371,test,0,3.685692e-05
9023,test,0,0.00082001847
8193,test,0,1.9568872e-05
3620,test,0,0.00042393256
8597,test,0,0.00016183963
11086,test,0,0.0039962954
5404,test,0,0.0026652936
153,test,0,0.0012306757
7510,test,0,7.028763e-05
469,test,0,0.011149064
5725,test,0,0.0029202942
5714,test,1,0.002918652
2994,test,0,0.001058702
4901,test,0,0.00044161952
9470,test,0,0.00069478014
464,test,0,0.0028037478
2811,test,0,0.0017195207
9790,test,0,0.001542259
8197,test,0,0.0002048707
5123,test,0,0.000549915
5400,test,0,0.0015720672
8222,test,0,0.0006137595
1943,test,0,0.00068156177
5054,test,0,0.0028448678
208,test,0,0.00045858542
9915,test,0,0.001383547
4505,test,0,0.00016739396
218,test,0,0.00011325471
10126,test,0,0.0009434602
6803,test,0,4.0745217e-05
951,test,0,0.0007911672
4229,test,0,0.0022621434
10625,test,0,0.0018314337
8780,test,0,0.00044564885
6298,test,0,0.0014251053
7802,test,0,0.00046358194
8416,test,0,0.0001707502
5394,test,0,0.00043566833
5894,test,0,4.533922e-05
4994,test,0,0.0032515253
1936,test,0,0.0005507023
11069,test,0,0.0012330326
5581,test,0,2.6890693e-05
7804,test,0,0.0055004004
9991,test,0,0.00068150024
3353,test,0,0.0009986789
4203,test,0,6.2522275e-05
5715,test,0,0.0015285482
9475,test,0,0.00215174
5901,test,0,2.2542861e-05
6247,test,0,0.0046491823
6865,test,0,0.007845215
5851,test,0,0.00078278506
6940,test,0,0.002981695
10383,test,0,0.0010403976
5899,test,0,0.0043927557
6287,test,0,0.0023038848
4927,test,0,0.003579322
361,test,0,9.83063e-05
8023,test,0,0.000747753
3405,test,0,0.00025009486
4292,test,0,0.0012931597
1790,test,0,0.00015144692
6863,test,0,0.0008898261
7551,test,0,0.004872001
11087,test,0,0.0004767286
1510,test,0,0.00022629082
4843,test,0,0.0013922887
1938,test,0,0.0012251678
3400,test,0,0.0031321717
4727,test,0,0.0004908745
10373,test,0,3.1877546e-05
3854,test,0,0.0021392088
6417,test,0,0.002015263
5860,test,0,0.004670009
10083,test,0,0.0064682337
5159,test,0,0.045871973
2695,test,0,0.0018771604
6616,test,0,0.001495388
3317,test,0,0.0006677033
869,test,0,0.00022652456
1033,test,0,0.0057331314
4935,test,0,0.0011652494
1021,test,0,0.0014767676
6796,test,0,0.00023213371
9198,test,0,0.0027828135
3162,test,0,0.008349073
8151,test,0,0.001857539
6816,test,0,0.0028806697
5643,test,0,0.013438348
9964,test,0,0.0055941343
4670,test,0,0.00020123387
6621,test,0,0.00819099
6149,test,0,4.5644e-05
8414,test,0,0.0012661858
2815,test,0,0.00015086912
5913,test,0,4.9638114e-05
7648,test,0,0.00012156426
8215,test,0,0.00012156426
1202,test,0,0.0013156371
6055,test,0,0.013502974
6441,test,0,0.000682606
3167,test,0,0.0031351983
2855,test,0,0.020244492
5045,test,0,0.0014768295
3252,test,0,0.0007236131
3957,test,0,1.9740908e-05
8553,test,0,0.0035095774
10079,test,0,9.151466e-05
5361,test,0,0.004683834
8038,test,0,0.0012998241
5880,test,0,0.00015506169
7497,test,0,0.0012336752
4858,test,0,0.0051792064
6867,test,0,5.8652036e-05
5916,test,0,0.00706518
1005,test,0,0.0009353374
3822,test,0,0.007899677
9423,test,0,0.0005285784
10615,test,0,3.1032116e-05
3826,test,0,0.0005699611
7613,test,0,0.0029769244
6607,test,0,0.0014179702
1217,test,0,7.671244e-05
6293,test,0,0.0015065569
3354,test,0,0.000987411
5757,test,0,0.00012370352
6143,test,0,4.9893217e-05
11082,test,0,0.00012110781
4996,test,0,0.00011195661
1903,test,0,0.0010387728
6810,test,0,6.173651e-05
7509,test,0,0.00041927907
10955,test,0,0.024887852
8841,test,0,4.819176e-05
4459,test,0,0.011388027
3626,test,0,0.0037431205
6768,test,0,0.003989438
539,test,0,0.00011000765
79,test,0,0.0006592608
3718,test,0,0.0005185711
4960,test,0,0.00046268475
4284,test,0,0.0030052406
2539,test,0,0.00067485904
1978,test,0,0.00048816777
1292,test,0,0.0035907747
9183,test,0,0.00013803196
3850,test,0,4.760404e-05
5934,test,0,0.0014853852
5124,test,0,0.007531542
3419,test,0,0.0011132316
2804,test,0,0.009542023
4947,test,0,0.00039012334
39,test,0,0.0008409977
549,test,0,0.0009627771
7493,test,0,1.360743e-05
8429,test,0,1.3141647e-05
6764,test,0,0.004919146
3740,test,0,0.0027174174
503,test,0,0.00019755421
5883,test,0,0.0009905247
8186,test,0,0.00042176864
2242,test,0,0.00046450607
2864,test,0,0.00045838323
1500,test,0,0.0009931183
5048,test,0,1.6861428e-05
10269,test,0,8.519321e-05
8205,test,0,1.1461761e-05
4854,test,0,0.0252111
344,test,0,5.5994202e-05
364,test,0,0.0050212317
10628,test,0,7.200826e-06
1902,test,0,4.099158e-05
4208,test,0,0.00041835662
1014,test,0,0.00047503525
4366,test,0,0.0005471496
6783,test,0,0.00016871843
2306,test,0,0.005221405
4067,test,0,0.010481702
10871,test,0,0.000111791196
2071,test,0,0.00028734832
7308,test,0,0.0001361713
6626,test,0,3.8807924e-05
8221,test,0,0.0008653146
6147,test,0,0.005659382
9986,test,0,0.0011061049
10252,test,0,9.249285e-05
9980,test,0,0.00062987785
9000,test,0,0.0016307314
9473,test,0,0.00062363636
6752,test,0,0.00053803704
5290,test,0,0.004293615
8171,test,0,0.007548566
4938,test,0,0.00076339825
9477,test,0,0.000111431145
10968,test,0,0.00025379407
671,test,0,0.0025481721
4961,test,0,0.00523608
1276,test,0,0.000689823
10271,test,0,3.368123e-05
1940,test,0,9.3486204e-05
1893,test,0,0.00012487666
5367,test,0,0.00012487666
4358,test,0,0.0002493557
7909,test,0,0.003112584
542,test,0,3.5232013e-05
1805,test,0,0.0034877022
3701,test,0,7.367587e-05
6277,test,0,0.00050985056
4721,test,0,7.574147e-05
548,test,0,0.016134223
6797,test,0,8.540317e-05
2821,test,0,0.0018169556
3240,test,0,0.00017716098
5001,test,0,2.8352444e-05
5871,test,0,0.00015272139
2587,test,0,0.0007141027
5722,test,0,0.00044468397
10391,test,0,3.9785897e-05
9410,test,0,0.00095641415
10563,test,0,0.0014467333
7907,test,0,0.00014568362
2516,test,0,0.00044001127
675,test,0,0.0001676807
5230,test,0,0.0005139025
475,test,0,0.004063503
8180,test,0,5.420332e-05
10280,test,0,0.015437047
7063,test,0,0.00047546468
3157,test,0,0.0013397555
3722,test,0,0.00022727977
415,test,0,0.00017446272
3745,test,0,4.8191912e-05
2540,test,0,0.018946243
7783,test,0,0.00021416225
3966,test,0,2.242088e-05
2592,test,0,0.00029520548
7797,test,0,0.00082738616
5289,test,0,0.00018502818
8777,test,0,9.617017e-05
2310,test,0,8.964642e-05
2546,test,0,0.0008242436
5300,test,0,0.00033615288
3241,test,0,0.0012266694
9417,test,0,0.0014339829
9125,test,0,0.0006199789
4219,test,0,0.00055599946
4928,test,0,0.00046325364
8145,test,0,1.49837315e-05
1896,test,0,0.00969346
7499,test,0,0.0015250462
5461,test,0,9.129219e-05
1279,test,0,0.0019309038
1494,test,0,0.0030186144
1472,test,0,0.0016203063
1328,test,0,0.00023307961
167,test,0,0.0004662712
4222,test,0,0.00028845968
10977,test,0,0.00019668083
1064,test,0,0.00035277713
5582,test,0,0.0016413599
4949,test,0,0.0012389142
8152,test,0,0.00036732215
4463,test,0,0.00080451573
1505,test,0,7.385094e-05
9500,test,0,7.385113e-05
1792,test,0,0.0013209203
2542,test,0,0.0037193366
7776,test,0,0.00044767273
660,test,0,0.0021377073
10123,test,0,0.00023394068
2340,test,0,0.0003312014
172,test,0,1.7172477e-05
4907,test,0,6.514004e-05
8546,test,0,0.0026041511
584,test,0,0.0002987697
6773,test,0,8.0479476e-05
5862,test,0,8.0479476e-05
10659,test,0,8.0479476e-05
7841,test,0,0.00011729365
7726,test,0,8.490487e-05
10973,test,0,0.00090986467
9002,test,0,2.9029003e-05
1165,test,0,0.0001518863
1066,test,0,0.0003247448
6873,test,0,9.772175e-05
2698,test,0,0.0009434248
9180,test,0,0.0012016265
3311,test,0,0.0059418655
2632,test,0,8.637839e-05
9424,test,0,0.030290497
10251,test,0,0.0014129075
6056,test,0,5.039418e-05
3699,test,0,0.00092618994
3814,test,0,0.0017246954
7961,test,0,0.0007319013
2240,test,0,0.00013525388
4062,test,0,0.00034468234
3964,test,0,0.0019806034
2990,test,0,0.00039887993
9427,test,0,0.0008157854
4952,test,0,0.00032782106
4506,test,0,0.00063248957
595,test,0,0.0050919387
10078,test,0,0.000101842146
8776,test,0,3.332995e-05
5905,test,0,0.0026375758
8170,test,0,8.0479476e-05
4455,test,0,8.0479476e-05
967,test,0,0.00012437977
5859,test,0,0.0007310945
6649,test,0,6.7604065e-05
11067,test,0,0.008215414
3621,test,0,3.4239256e-05
8172,test,0,0.00019433613
10258,test,0,0.00078884565
5578,test,0,0.0032494015
5142,test,0,0.007594617
3809,test,0,9.8605124e-05
10904,test,0,0.00056206045
4205,test,0,2.411195e-05
1942,test,0,1.4702475e-05
1280,test,0,0.0021657716
1892,test,0,0.0012401125
10099,test,0,0.00020880184
1901,test,0,0.00046498008
4966,test,0,0.00021621141
3623,test,0,0.0008230536
3502,test,0,0.008007607
2303,test,0,0.0005196679
5379,test,0,0.0009231017
8021,test,0,0.00086386094
10033,test,0,8.847599e-05
8848,test,0,0.0016822111
5012,test,0,0.0005654001
2817,test,0,7.385094e-05
4364,test,0,3.1401894e-05
7652,test,0,0.0011189724
8138,test,0,4.953204e-05
776,test,0,4.681546e-05
6427,test,0,0.00024414583
6829,test,0,0.0009687741
3309,test,0,0.0009156493
4732,test,0,9.204999e-06
4754,test,0,0.0003551899
1310,test,0,0.00018108921
450,test,0,0.000116036135
8137,test,0,0.0021899056
8167,test,0,8.835468e-05
10568,test,0,0.0054496597
10254,test,0,0.0020238075
2518,test,0,0.0008870382
5836,test,0,0.00027832176
4357,test,0,0.00018131112
3314,test,0,9.0169575e-05
5157,test,0,0.00067893066
8555,test,0,0.00037360893
8188,test,0,0.0014388537
567,test,0,5.934609e-05
6640,test,0,0.00079679105
7605,test,0,0.00087014056
3987,test,0,0.00048011696
8178,test,0,0.0016074877
6131,test,0,0.0009593883
6794,test,0,0.00013144937
10119,test,0,0.00013311782
2988,test,0,0.00030653406
5839,test,0,0.00036426817
10270,test,0,0.0016847854
3704,test,0,8.540317e-05
8946,test,0,0.0012799186
7650,test,0,0.00063181255
3411,test,0,0.004122182
2861,test,0,0.00034281422
8773,test,0,0.0012554605
3816,test,0,8.0479476e-05
674,test,0,0.0015170189
6248,test,0,8.0479476e-05
3963,test,0,8.0479476e-05
7942,test,0,0.0010953946
1173,test,0,8.0479476e-05
5890,test,0,0.0011745406
564,test,0,3.4260032e-05
7947,test,0,1.5655676e-05
448,test,0,4.4104974e-05
7780,test,0,0.0042467783
7496,test,0,0.010549954
7059,test,0,0.0010361976
2235,test,0,0.00053841993
10090,test,0,0.0024416968
1798,test,0,0.00023452341
5864,test,0,0.0077025113
2526,test,0,0.0011633303
1971,test,0,0.002011051
7134,test,0,0.00057674723
9785,test,0,0.00041887086
8592,test,0,4.5850873e-05
10111,test,0,2.0548385e-05
5844,test,0,0.00088254653
3617,test,0,0.000142004
6902,test,0,0.004654075
3304,test,0,0.00036187444
10961,test,0,5.471447e-05
5579,test,0,0.0003411987
3719,test,0,0.0009035843
5588,test,0,0.00034282575
4272,test,0,4.181062e-05
3853,test,0,1.878323e-05
600,test,0,2.6414506e-05
6943,test,0,0.002196143
8840,test,0,0.0010498314
6297,test,0,0.00028624723
461,test,0,0.0010355645
3700,test,0,2.6588388e-05
4715,test,0,0.005210204
3423,test,0,0.0035621738
7785,test,0,1.5236504e-05
3581,test,0,0.0013797908
10884,test,0,0.00022614098
8410,test,0,9.356477e-06
3716,test,0,7.805619e-05
4217,test,0,0.006724641
7786,test,0,0.0006972291
3172,test,0,2.0802006e-05
2524,test,0,8.0479476e-05
2501,test,0,8.0479476e-05
9787,test,0,0.0028398319
2538,test,0,4.061484e-05
8948,test,0,0.011398003
10969,test,0,0.00012210515
1083,test,0,0.0017401541
10384,test,0,0.00040611048
10663,test,0,4.387185e-05
6800,test,0,0.00023536354
169,test,0,0.00021217566
574,test,0,0.00013243475
206,test,0,0.00015755308
4087,test,0,6.734614e-06
5614,test,0,0.00019661125
6860,test,0,0.0002566858
10617,test,0,0.003968206
1897,test,0,0.00046169353
7955,test,0,0.00010123341
10953,test,0,9.9028875e-06
4224,test,0,8.229299e-06
3579,test,0,0.00028197194
10581,test,0,0.0009424524
6790,test,0,0.0010786726
10897,test,0,0.0005805371
510,test,0,0.0005059508
10664,test,0,0.00044167848
5111,test,0,0.0003547588
7600,test,0,0.0014968194
6283,test,0,0.00031591696
9984,test,0,8.0479476e-05
8194,test,0,0.00022508128
4728,test,0,0.00035130393
7557,test,0,8.776505e-06
1331,test,0,0.004988191
570,test,0,0.0002281559
360,test,0,4.164991e-05
9928,test,0,0.009116267
5849,test,0,0.0012542411
5116,test,0,3.3711854e-05
9112,test,0,0.00075396424
4905,test,0,4.075723e-05
468,test,0,0.0017770819
6416,test,0,0.00023619161
10632,test,0,0.004419151
26,test,0,3.3739532e-05
7793,test,0,7.6024204e-05
6419,test,0,2.6883865e-05
1077,test,0,0.0016982274
5298,test,0,0.00021190013
6431,test,0,6.90893e-05
6648,test,0,0.00021494033
9917,test,0,0.0016873484
864,test,0,0.0007099738
772,test,0,3.1210177e-05
1939,test,0,0.00096271577
7849,test,0,0.0005123347
9634,test,0,4.1035582e-05
4348,test,0,0.00022969306
5863,test,0,2.638978e-05
4069,test,0,0.00071573746
445,test,0,9.459112e-05
9476,test,0,9.140389e-05
10027,test,0,6.770092e-05
8593,test,0,0.0014122521
156,test,0,0.00057071476
7565,test,0,0.003860758
2521,test,0,9.24585e-05
8600,test,0,3.170115e-05
7555,test,0,0.004553765
8147,test,0,4.429656e-05
4362,test,0,3.082539e-05
2502,test,0,0.0008162332
1008,test,0,0.00053499336
3337,test,0,4.004712e-05
560,test,0,4.602977e-05
1290,test,0,2.5494248e-05
350,test,0,0.00037471516
1463,test,0,5.188551e-05
10021,test,0,4.6326015e-05
6250,test,0,3.5497866e-05
5857,test,0,3.9632643e-05
9463,test,0,3.9632643e-05
366,test,0,2.6549153e-05
4198,test,0,3.3146578e-05
2506,test,0,3.12563e-05
7781,test,0,3.150774e-05
4995,test,0,0.0014890974
3406,test,0,0.00058666157
3247,test,0,3.6245383e-05
3807,test,0,0.0053059515
661,test,0,2.966432e-05
408,test,0,2.5766149e-05
10132,test,0,8.0479476e-05
3710,test,0,0.0005231423
6903,test,0,2.6744681e-05
4088,test,0,0.0023678807
6295,test,0,2.220544e-05
359,test,0,2.5088792e-05
4066,test,0,1.6074146e-05
3260,test,0,0.0016750549
170,test,0,8.0479476e-05
10577,test,0,4.6923007e-05
43,test,0,0.004719777
3741,test,0,0.0011084002
4279,test,0,1.8841676e-05
342,test,0,0.004138479
583,test,0,3.5099165e-05
4196,test,0,3.7716414e-05
31,test,0,0.000781067
9468,test,0,4.603695e-05
7602,test,0,1.5903497e-05
3303,test,0,4.0607745e-05
5931,test,0,0.0030762705
7617,test,0,0.0007700208
5257,test,0,0.0021668463
4518,test,0,0.00077610044
2623,test,0,7.733301e-05
1502,test,0,0.00011721064
2504,test,0,0.00019154404
4375,test,0,0.000124985
9416,test,0,2.4531346e-05
8560,test,0,0.0002325135
5847,test,0,0.0019379134
10612,test,0,0.0038606701
3341,test,0,3.3794586e-05
1975,test,0,0.00025088518
4457,test,0,0.00024354816
736,test,0,0.0005216609
6664,test,0,9.459095e-05
5718,test,0,0.0008917059
2955,test,0,3.9500355e-05
9130,test,0,0.00018497546
8169,test,0,0.00048507703
7505,test,0,0.006690442
3327,test,0,2.1891821e-05
4278,test,0,0.00051020156
1784,test,0,8.964642e-05
10630,test,0,0.00042186427
3302,test,0,0.00030538623
9799,test,0,0.00044864375
1200,test,0,4.2283158e-05
9444,test,0,8.540317e-05
3872,test,0,0.00017047982
6437,test,0,0.0015020922
6953,test,0,0.00047886375
2808,test,0,0.0028658283
453,test,0,0.00061015156
9004,test,0,3.231971e-05
5867,test,0,0.00070832105
1063,test,0,1.255956e-05
3849,test,0,0.0006153077
4906,test,0,1.2474207e-05
9009,test,0,0.0006830227
10089,test,0,0.00010060485
2853,test,0,0.00011722829
8081,test,0,5.0809627e-05
8025,test,0,1.9767534e-05
6754,test,0,0.03447027
10097,test,0,0.001787982
497,test,0,0.0064453986
7568,test,0,0.00073132606
8971,test,0,0.0003355473
6836,test,0,0.0001581602
10951,test,0,5.6047633e-05
10623,test,0,2.5561221e-05
219,test,0,0.0016491432
4897,test,0,2.4507719e-05
4271,test,0,1.061596e-05
3171,test,0,0.0010839542
4740,test,0,0.009960706
3255,test,0,0.00044295486
7558,test,0,0.00086069433
5729,test,0,0.0003583086
4930,test,0,0.0012491357
155,test,0,4.0526495e-05
1026,test,0,0.0025929047
5639,test,0,0.000564055
9804,test,0,0.0011801689
452,test,0,0.0004058795
7933,test,0,0.0022179086
9185,test,0,0.00082977297
5754,test,0,3.8323124e-05
1642,test,0,0.0031540901
4669,test,0,0.0025185975
8426,test,0,0.0019673798
10375,test,0,0.00077048177
2780,test,0,3.1791256e-05
7680,test,0,0.0008757721
3979,test,0,0.008986336
5371,test,0,0.0008977302
2637,test,0,0.004944007
3345,test,0,0.00042150318
645,test,0,0.015325877
3342,test,0,0.00033510977
8142,test,0,0.001261897
3729,test,0,0.0014307665
8035,test,0,0.0014780184
7792,test,0,0.00038345042
4971,test,0,6.8932924e-05
1285,test,0,0.002059674
7717,test,0,0.0021709546
7616,test,0,0.0006359152
1312,test,0,0.0006623332
10428,test,0,4.022192e-05
5635,test,0,0.0010290039
9191,test,0,0.00068109855
578,test,0,3.4059554e-05
7292,test,0,0.0074057123
505,test,0,0.005365218
862,test,0,8.676703e-05
7566,test,0,0.0010440182
4656,test,0,0.0033955085
2523,test,0,0.0011000723
8203,test,0,0.0027273078
2785,test,0,0.0010432941
1930,test,0,0.004378002
29,test,0,0.0010551224
7953,test,0,0.00015027462
6827,test,0,8.137964e-05
3955,test,0,5.2464078e-05
3335,test,0,0.0023052096
1793,test,0,2.8627446e-05
1948,test,0,0.014057547
5009,test,0,0.003949518
3984,test,0,0.008031075
3735,test,0,0.006495343
1078,test,0,0.0015082185
5299,test,0,0.0005586528
8439,test,0,4.137521e-05
8146,test,0,1.6136988e-05
643,test,0,3.1171458e-05
28,test,0,0.0005168496
556,test,0,0.001060451
1924,test,0,0.00025351808
6627,test,0,0.002781497
6057,test,0,0.0032650896
5915,test,0,0.001040736
5251,test,0,0.011622159
648,test,0,0.0028064095
2307,test,0,0.005358688
8432,test,0,9.9485784e-05
7649,test,0,0.00015538832
775,test,0,0.0004415692
73,test,0,0.00030865136
10246,test,0,2.7976104e-05
1004,test,0,0.0014049964
3413,test,0,0.0004031071
1927,test,0,1.5711612e-05
161,test,0,2.8470322e-05
1788,test,0,0.00029416525
4460,test,0,0.00096944324
5833,test,0,0.00011729391
3262,test,0,4.3809672e-05
3500,test,0,0.011428312
554,test,0,9.537646e-05
717,test,0,3.6060675e-05
1204,test,0,0.00036301557
4852,test,0,2.1597638e-05
5854,test,0,3.7504757e-05
5627,test,0,0.012467283
721,test,0,0.0011056282
5052,test,0,9.6650954e-05
6650,test,0,3.6232253e-05
734,test,0,1.4500161e-05
3270,test,0,0.002064464
10264,test,0,0.012123671
9982,test,0,0.0002578938
3981,test,0,0.03397166
9480,test,0,9.4042e-05
4719,test,0,0.00043893128
7791,test,0,0.00063738564
8783,test,0,0.0002659599
8999,test,0,0.00074319006
5003,test,0,0.0003558559
3608,test,0,3.1255066e-05
3300,test,0,0.0019971554
4969,test,0,0.00014254428
9452,test,0,3.212125e-05
6748,test,0,5.5865232e-05
4462,test,0,4.7069378e-05
3273,test,0,4.0709398e-05
8149,test,0,0.00020098142
467,test,0,0.014943548
6765,test,0,9.459095e-05
5591,test,0,9.459095e-05
1922,test,0,9.044203e-05
3276,test,0,9.097139e-05
5395,test,0,1.3795305e-05
1969,test,0,0.0011602168
6769,test,0,4.137524e-05
2797,test,0,0.00023435049
2525,test,0,0.0029151
1060,test,0,0.0024144517
368,test,0,0.0006139331
10104,test,0,0.00029269213
4083,test,0,0.00035736474
6870,test,0,3.355284e-05
4072,test,0,0.00066784286
536,test,0,8.8738e-06
5723,test,0,0.00077070727
5046,test,0,1.4336043e-05
6415,test,0,1.6853992e-05
5108,test,0,3.6643945e-05
10441,test,0,0.0007755335
5865,test,0,0.00054109097
4863,test,0,0.0036371085
5050,test,0,1.976595e-05
5403,test,0,0.00030284713
5914,test,0,1.5227799e-05
731,test,0,2.7560114e-05
7500,test,0,0.00077772787
5370,test,0,0.003584021
6775,test,0,0.0003227304
4942,test,0,0.0002018496
10902,test,0,3.675197e-05
3864,test,0,2.8536053e-05
9975,test,0,0.00024696076
8184,test,0,0.0018738707
5118,test,0,9.247781e-06
3310,test,0,0.00019217425
9916,test,0,3.3215176e-05
5590,test,0,0.0019880736
9503,test,0,0.00010067856
8594,test,0,0.0008117547
6880,test,0,0.00014114034
5126,test,0,0.00015961104
7676,test,0,0.00014823735
10034,test,0,0.00062206323
7682,test,0,0.00039241606
3298,test,0,3.4147903e-05
6435,test,0,0.00040925882
964,test,0,2.611212e-05
1082,test,0,8.410573e-06
1024,test,0,3.097546e-05
676,test,0,3.0279984e-05
8784,test,0,3.6332905e-05
75,test,0,0.00010303026
10903,test,0,3.9044047e-05
10660,test,0,0.00026284019
10392,test,0,0.00063640455
9650,test,0,0.00043372452
6424,test,0,1.3889364e-05
1506,test,0,0.00018097047
3426,test,0,4.7069378e-05
5624,test,0,4.948853e-05
670,test,0,3.7488648e-05
3410,test,0,7.597927e-05
9474,test,0,0.00065538543
7563,test,0,0.0012704014
589,test,0,0.0004310507
7135,test,0,0.0021132594
3338,test,0,3.0769326e-05
2612,test,0,0.00047833612
3983,test,0,2.1305432e-05
6604,test,0,8.447107e-05
582,test,0,4.5110137e-05
2179,test,0,0.0019161358
646,test,0,3.103971e-05
10886,test,0,4.4848966e-05
2334,test,0,5.103712e-05
5636,test,0,0.00052550965
2776,test,0,3.0738334e-05
5842,test,0,0.00084020727
6257,test,0,0.006333797
5928,test,0,0.0026653707
11084,test,0,3.124418e-05
6141,test,0,1.8529317e-05
7673,test,0,0.000706105
9012,test,0,0.00078684074
4082,test,0,9.721559e-06
4723,test,0,0.00057418
9409,test,0,0.00013860666
998,test,0,4.42758e-05
4063,test,0,0.0005247572
5587,test,0,0.0005240782
5396,test,0,1.9183233e-05
4917,test,0,0.0016185318
10497,test,0,0.0002067861
1061,test,0,0.0006605973
7678,test,0,0.0020978528
2701,test,0,3.5435347e-05
8844,test,0,1.1413279e-05
7950,test,0,8.85425e-06
572,test,0,0.0006297496
4739,test,0,8.58774e-06
3806,test,0,4.052851e-05
9796,test,0,0.00049037463
4708,test,0,2.930694e-05
8549,test,0,3.5603298e-05
2342,test,0,0.0059074955
1022,test,0,1.395945e-05
9701,test,0,8.722056e-06
3154,test,0,0.0013699243
9637,test,0,0.0005344789
969,test,0,3.9998886e-05
5026,test,0,3.9998886e-05
5589,test,0,2.5816118e-05
5615,test,0,2.9257973e-05
10578,test,0,1.0925564e-05
10512,test,0,0.00050306844
5240,test,0,1.0717146e-05
2786,test,0,0.0031191676
416,test,0,0.00037905294
6366,test,0,0.0037633681
4925,test,0,0.0018797274
3336,test,0,7.120123e-05
407,test,0,2.285798e-05
4226,test,0,0.0004736892
5237,test,0,0.00010079378
6755,test,0,0.0007202725
4970,test,0,0.00077153044
5381,test,0,0.0034160193
1795,test,0,0.001906188
2072,test,0,0.0014385745
7773,test,0,0.00010804121
952,test,0,0.00010696625
6399,test,0,1.0093266e-05
5471,test,0,0.00091627496
1316,test,0,0.0004494158
4200,test,0,8.0479476e-05
10260,test,0,9.313441e-06
5840,test,0,0.0003482284
410,test,0,0.0062627345
10127,test,0,4.5325618e-05
8079,test,0,0.0024054695
3993,test,0,4.4736433e-05
9426,test,0,4.4566394e-05
9923,test,0,0.0008616418
78,test,0,0.0018433152
4730,test,0,0.0006835607
10094,test,0,3.2692995e-05
3827,test,0,0.0009337014
9421,test,0,8.553801e-05
7309,test,0,0.0010820624
6815,test,0,0.0042145704
10108,test,0,1.6093198e-05
7714,test,0,0.0031083908
9022,test,0,0.0030492828
3244,test,0,0.005240583
652,test,0,0.0030419603
1471,test,0,2.8777293e-05
3990,test,0,2.5575608e-05
10379,test,0,4.356313e-05
8417,test,0,7.135215e-06
4929,test,0,0.0037223094
7710,test,0,0.0001123964
211,test,0,0.0014541583
4202,test,0,3.1810967e-05
6777,test,0,0.0012782379
5879,test,0,0.002160918
3256,test,0,2.4112083e-05
7507,test,0,0.0036010568
569,test,0,2.941485e-05
1315,test,0,0.00084485154
37,test,0,3.6421752e-05
9469,test,0,0.0020209136
533,test,0,2.6883865e-05
9006,test,0,3.556097e-05
10880,test,0,0.0043025655
6400,test,0,0.002276517
8218,test,0,6.284521e-05
7315,test,0,0.0024148491
3954,test,0,0.0019875115
2315,test,0,2.2265274e-05
10245,test,0,0.0009131905
5617,test,0,0.00010045674
579,test,0,6.1033934e-05
3978,test,0,0.0013531004
4895,test,0,5.4628086e-05
4714,test,0,0.00021947725
5250,test,0,0.007959616
2324,test,0,0.010287802
2691,test,0,3.975815e-05
7838,test,0,7.992392e-05
3863,test,0,7.7958066e-05
5235,test,0,0.0008717534
2069,test,0,9.419488e-05
8161,test,0,0.0015982105
2594,test,0,0.00042653573
6791,test,0,0.000303045
7144,test,0,0.00017824593
6657,test,0,0.00029215362
506,test,0,0.00017693454
7550,test,0,0.00018058968
8159,test,0,0.0002865294
773,test,0,3.1210177e-05
11079,test,0,7.1564145e-06
1465,test,0,2.2422622e-05
654,test,0,0.0021256255
5241,test,0,0.0006180109
4720,test,0,2.4091336e-05
2794,test,0,7.915708e-06
72,test,0,2.05335e-05
5932,test,0,0.0003975099
10898,test,0,0.00037080393
10962,test,0,0.0001570676
5281,test,0,0.00026775972
9930,test,0,0.00017243854
6942,test,0,0.00030760787
3737,test,0,7.302057e-05
9418,test,0,0.0008782611
8310,test,0,3.7709025e-05
655,test,0,3.1225318e-05
6960,test,0,1.49837315e-05
5897,test,0,1.5514786e-05
7293,test,0,3.937958e-05
6434,test,0,0.00068955176
8076,test,0,4.3612636e-05
3870,test,0,1.67969e-05
6948,test,0,2.6135134e-05
367,test,0,0.00071334187
1320,test,0,0.0002740927
3825,test,0,2.1095231e-05
6422,test,0,0.00055678363
6899,test,0,0.001092704
3835,test,0,0.003914144
8958,test,0,2.4771967e-05
7711,test,0,1.9530522e-05
7778,test,0,0.00199792
10499,test,0,0.00089089066
5903,test,0,4.911212e-05
4270,test,0,5.534884e-05
2622,test,0,0.00043274622
7501,test,0,0.0004959218
6058,test,0,3.0017178e-05
2803,test,0,0.00036506946
27,test,0,0.0009628405
8554,test,0,1.869271e-05
8141,test,0,0.0007461538
4293,test,0,8.5218535e-06
3830,test,0,2.2078206e-05
10122,test,0,0.0036478706
509,test,0,0.00019909118
6806,test,0,0.0014489101
1970,test,0,4.0764437e-05
9972,test,0,0.0011683172
4663,test,0,0.0025688498
4855,test,0,1.2185707e-05
2610,test,0,3.0154142e-05
9635,test,0,0.011890557
4346,test,0,0.007845145
6772,test,0,0.0009821145
9498,test,0,9.27773e-05
7848,test,0,0.0014508406
7801,test,0,0.0025874947
2065,test,0,8.66344e-05
860,test,0,3.179834e-05
4223,test,0,1.1874457e-05
5015,test,0,0.00037013434
4946,test,0,1.7119348e-05
2859,test,0,1.8707096e-05
3420,test,0,5.5223063e-05
6139,test,0,1.3005732e-05
5247,test,0,0.0043298043
8150,test,0,1.17012e-05
6822,test,0,9.259017e-06
5575,test,0,0.0009991856
1802,test,0,0.00319314
6368,test,0,0.0041114935
5594,test,0,9.272341e-05
1274,test,0,9.531255e-06
1899,test,0,0.001379631
6647,test,0,2.411e-05
7712,test,0,0.00094736187
4355,test,0,0.00026871805
5021,test,0,1.0051022e-05
6862,test,0,0.00013941202
4916,test,0,0.0022261986
3848,test,0,1.5722384e-05
10257,test,0,1.4175095e-05
5645,test,0,8.476084e-06
3618,test,0,8.0479476e-05
5008,test,0,0.00025256717
2068,test,0,2.9870742e-05
3254,test,0,0.00016449105
353,test,0,0.0022533415
6064,test,0,4.3182008e-05
6282,test,0,0.0023038068
10574,test,0,0.0010328188
3803,test,0,8.0479476e-05
2611,test,0,0.00040851976
4847,test,0,0.002450356
6359,test,0,0.0005713683
2953,test,0,0.00010079378
1630,test,0,6.8418312e-06
499,test,0,0.00043849106
7777,test,0,0.00013479704
6136,test,0,9.42101e-06
586,test,0,8.0479476e-05
10900,test,0,0.00018402244
5467,test,0,0.00010599699
4744,test,0,0.0016103878
7511,test,0,4.4079236e-05
9705,test,0,1.754492e-05
9644,test,0,0.00018936076
4074,test,0,1.2041752e-05
6808,test,0,0.002640505
455,test,0,1.30327135e-05
9802,test,0,3.3003333e-05
440,test,0,0.00019249594
6751,test,0,0.0021541005
2532,test,0,0.00017495264
5924,test,0,0.0020514044
3828,test,0,3.155371e-05
8415,test,0,2.0300897e-05
5717,test,0,0.007912826
9707,test,0,0.00047992496
2992,test,0,0.038988043
4519,test,0,0.00019618266
10899,test,0,3.262399e-05
2318,test,0,0.00025551548
3859,test,0,9.08027e-06
4508,test,0,3.7540256e-05
5378,test,0,1.3500927e-05
4659,test,0,1.417158e-05
507,test,0,0.00076402765
4726,test,0,0.0022333674
10887,test,0,0.00047315055
4998,test,0,8.553807e-05
7975,test,0,4.3389733e-05
2997,test,0,3.491306e-05
6610,test,0,2.2088603e-05
6365,test,0,2.0326708e-05
868,test,0,1.3665674e-05
6296,test,0,0.0001395072
4896,test,0,8.443271e-05
2243,test,0,0.00014355412
2491,test,0,3.1843985e-05
551,test,0,0.0030908259
4964,test,0,3.4332446e-05
1072,test,0,1.4162085e-05
6959,test,0,0.0013361505
7145,test,0,0.00022013929
6767,test,0,0.0019478181
10386,test,0,3.389533e-05
10582,test,0,0.003603244
7146,test,0,5.4028802e-05
9448,test,0,1.8777235e-05
11083,test,0,1.8777235e-05
4211,test,0,3.5683242e-05
5037,test,0,0.0002926233
7504,test,0,3.8900078e-05
2631,test,0,0.0002044727
2536,test,0,0.000596443
2865,test,0,0.00049638614
6063,test,0,2.9840752e-05
81,test,0,3.4387376e-05
9795,test,0,3.7116173e-05
7058,test,0,2.7709331e-05
9926,test,0,4.2875177e-05
1904,test,0,0.0002044727
3847,test,0,1.1354062e-05
171,test,0,3.846066e-05
3583,test,0,0.00022720528
1501,test,0,0.00022652456
5888,test,0,3.792001e-05
9467,test,0,0.0004194639
5031,test,0,2.5243164e-05
2060,test,0,6.4243686e-05
10963,test,0,2.1832468e-05
6821,test,0,0.0018248383
2993,test,0,7.360498e-05
8544,test,0,0.00067511614
11081,test,0,3.8767175e-05
8139,test,0,0.0029639832
5231,test,0,0.0002044727
332,test,0,9.364039e-05
4862,test,0,8.944029e-06
3717,test,0,0.00016859123
1919,test,0,3.6245383e-05
10560,test,0,1.2045227e-05
1910,test,0,2.1941794e-05
2686,test,0,1.064816e-05
6762,test,0,9.948583e-05
5234,test,0,4.0640083e-05
8973,test,0,0.00042313448
6369,test,0,3.5840243e-05
6813,test,0,0.00017216805
504,test,0,2.6957881e-05
6426,test,0,3.987337e-05
8843,test,0,1.7100023e-05
3748,test,0,0.00043204095
6944,test,0,0.000868897
447,test,0,8.0479476e-05
6278,test,0,1.3743563e-05
6884,test,0,2.8754956e-05
9447,test,0,0.00011905854
10614,test,0,2.0772502e-05
4911,test,0,4.014001e-05
2238,test,0,8.0479476e-05
1293,test,0,0.0015061559
10086,test,0,3.6245263e-05
9035,test,0,0.0005654857
4653,test,0,0.0010170809
5143,test,0,0.0018731713
11078,test,0,0.00040935588
3497,test,0,2.5079155e-05
2535,test,0,0.00011055374
1287,test,0,1.15446455e-05
963,test,0,0.00031447748
6420,test,0,0.0024377909
4347,test,0,7.228533e-05
1003,test,0,0.00088336616
10023,test,0,0.00012282927
6890,test,0,0.0054201605
9792,test,0,8.637394e-06
3257,test,0,0.000117877426
10390,test,0,0.0017598419
5053,test,0,2.1777258e-05
10906,test,0,0.00025488416
5861,test,0,1.2643092e-05
9041,test,0,9.917696e-06
1223,test,0,0.0024977066
4734,test,0,1.914533e-05
5121,test,0,0.0014476823
8774,test,0,5.8023255e-05
24,test,0,0.0018482899
435,test,0,4.3947013e-05
1806,test,0,0.0003811234
1933,test,0,1.29713235e-05
6895,test,0,0.0002234536
1301,test,0,2.1044367e-05
553,test,0,9.459266e-06
8959,test,0,9.8474884e-05
2494,test,0,0.00063969824
9963,test,0,0.0013485202
1327,test,0,9.459266e-06
356,test,0,3.277614e-05
6409,test,0,0.00017822917
3855,test,0,4.357206e-05
5114,test,0,0.00060941395
3733,test,0,0.004789762
355,test,0,5.8447484e-05
1081,test,0,0.0010071623
2826,test,0,0.001668223
5882,test,0,0.0010147982
9510,test,0,0.00012405524
437,test,0,6.184903e-05
8968,test,0,0.004004103
585,test,0,0.0052812067
9182,test,0,0.0017834303
3319,test,0,0.00079062686
6405,test,0,0.0008624493
1804,test,0,1.1779043e-05
4351,test,0,0.009337796
3851,test,0,2.0342759e-05
9699,test,0,2.1499525e-05
8423,test,0,2.4939765e-05
3989,test,0,1.2149901e-05
9993,test,0,0.0017444382
4368,test,0,0.00060609024
3865,test,0,1.5548227e-05
10382,test,0,0.0013098172
6048,test,0,9.459238e-06
5254,test,0,0.0022768464
7720,test,0,3.7335187e-05
7498,test,0,0.00013042268
3867,test,0,0.0010741082
10569,test,0,0.00020666207
8179,test,0,2.4803914e-05
9121,test,0,1.21029625e-05
10434,test,0,5.5235185e-05
7911,test,0,0.0010333027
10877,test,0,1.4619577e-05
9793,test,0,0.0018552935
10440,test,0,4.33265e-05
10075,test,0,0.00037200912
9969,test,0,6.8496185e-05
9786,test,0,1.1722004e-05
4060,test,0,0.00013637415
9120,test,0,1.5249321e-05
7970,test,0,1.6945884e-05
5153,test,0,0.006795795
7304,test,0,7.398965e-06
4001,test,0,9.459259e-06
4675,test,0,1.1779039e-05
5000,test,0,7.8842495e-05
2305,test,0,1.1722001e-05
7643,test,0,3.073539e-05
8591,test,0,0.0005468636
9962,test,0,1.3090385e-05
8967,test,0,1.2848256e-05
4745,test,0,9.459259e-06
9038,test,0,0.00056821806
4838,test,0,0.00061329576
10092,test,0,0.00033583847
6284,test,0,2.8437657e-05
4837,test,0,2.0627307e-05
3837,test,0,9.224453e-06
6885,test,0,3.3104054e-05
8442,test,0,2.258349e-05
5010,test,0,1.1441912e-05
7311,test,0,0.0016156622
4830,test,0,0.0002216028
9920,test,0,2.8505277e-05
2806,test,0,6.137856e-05
6138,test,0,1.5279122e-05
3965,test,0,4.76676e-05
7935,test,0,1.1350795e-05
1296,test,0,0.001965553
11065,test,0,0.00024005842
3958,test,0,0.0003682885
8540,test,0,0.00026139553
1932,test,0,0.00049216254
2498,test,0,4.4666733e-05
436,test,0,0.0068543437
2320,test,0,1.3908325e-05
7142,test,0,0.0030669938
9001,test,0,0.00030576816
10896,test,0,0.0038027463
2595,test,0,0.00026212475
557,test,0,0.0001462526
2958,test,0,0.0039330767
9967,test,0,0.000134563
8020,test,0,2.5340769e-05
3159,test,0,0.00079967786
82,test,0,7.431443e-05
1284,test,0,3.0623356e-05
3838,test,0,0.002928635
2810,test,0,0.00027153632
346,test,0,0.0011207028
6763,test,0,0.0011597393
2696,test,0,0.0003839896
10001,test,0,0.0023235814
3714,test,0,0.0010777331
3331,test,0,0.013745331
8210,test,0,1.44936985e-05
3249,test,0,4.4236975e-05
3308,test,0,0.00022652456
7056,test,0,0.0004950654
2061,test,0,5.9676357e-05
3347,test,0,3.5944297e-05
5868,test,0,0.0010851708
1914,test,0,0.0014242489
1639,test,0,0.00015867088
210,test,0,1.5152163e-05
4363,test,0,0.00012635604
3278,test,0,2.2911463e-05
4280,test,0,2.7482218e-05
5382,test,0,0.00022804257
1466,test,0,0.0010537767
713,test,0,0.0039465427
7295,test,0,1.37099105e-05
4356,test,0,0.00030371742
10022,test,0,0.0002970298
4948,test,0,0.0034445552
456,test,0,0.0022547944
10974,test,0,0.0052238256
6362,test,0,0.021062687
7798,test,0,0.0033494974
215,test,0,0.0057002697
4209,test,0,5.634635e-05
9803,test,0,0.00095769257
9977,test,0,0.00019073977
4725,test,0,0.00023930299
4370,test,0,0.00010075631
3494,test,0,0.0001566045
3265,test,0,0.00015153116
7645,test,0,0.0001639686
2520,test,0,0.00015641969
534,test,0,0.0005929691
457,test,0,0.00043728197
2814,test,0,3.4868033e-05
502,test,0,3.283812e-05
8154,test,0,0.0011393391
4749,test,0,5.803004e-06
543,test,0,8.047713e-06
8957,test,0,0.0004131786
3316,test,0,3.740232e-05
9505,test,0,3.4165205e-05
7774,test,0,6.541819e-05
4513,test,0,0.00052436086
9800,test,0,8.927301e-06
774,test,0,0.00021477598
7647,test,0,0.00013894276
10427,test,0,0.00017177164
6142,test,0,9.06488e-06
2508,test,0,1.936626e-05
5034,test,0,7.010218e-06
5287,test,0,0.00087220623
7966,test,0,0.00057930354
1498,test,0,0.00046467595
8160,test,0,0.00028531594
6947,test,0,0.00034154623
5463,test,0,0.001631411
9996,test,0,3.4563553e-05
9501,test,0,0.0002515697
4738,test,0,1.800886e-05
573,test,0,0.0045156986
5125,test,0,2.951005e-05
3160,test,0,7.437537e-05
6358,test,0,0.00048186857
9918,test,0,0.0010468742
9453,test,0,0.00060120254
4940,test,0,0.00064150745
1324,test,0,0.00071937905
3425,test,0,0.0010960386
6363,test,0,1.7923823e-05
6134,test,0,2.731754e-05
9460,test,0,4.2811305e-05
1801,test,0,0.00044757285
5855,test,0,0.0011313816
6433,test,0,2.050412e-05
669,test,0,8.4976e-05
6887,test,0,4.6478443e-05
2692,test,0,3.705992e-05
4756,test,0,0.00035081158
8183,test,0,0.0031005696
6901,test,0,0.00013835296
10882,test,0,0.00026804063
8163,test,0,0.0003231829
451,test,0,8.88245e-05
5032,test,0,8.8072564e-05
1636,test,0,0.004988015
8846,test,0,1.6970529e-05
4923,test,0,0.0002925043
6260,test,0,0.00012307793
5583,test,0,0.0003594806
9178,test,0,5.3103617e-05
2627,test,0,0.00025746177
4910,test,0,0.0002958764
2640,test,0,0.001986641
2519,test,0,5.3914122e-05
8835,test,0,7.2748415e-05
8552,test,0,2.793312e-05
10576,test,0,2.2188635e-05
2500,test,0,0.0011967559
9465,test,0,0.0008722934
8078,test,0,0.010341855
463,test,0,6.87839e-05
8187,test,0,0.00240702
2782,test,0,0.0006055081
5646,test,0,4.55885e-05
6050,test,0,0.0001078066
10500,test,0,0.00014800692
5887,test,0,0.0009514269
9502,test,0,5.2057818e-05
1304,test,0,1.6344442e-05
4860,test,0,1.8947861e-05
5280,test,0,3.328527e-05
8207,test,0,2.6205294e-05
7779,test,0,0.0016689243
6061,test,0,2.0220805e-05
10876,test,0,0.0004982722
5620,test,0,2.3503175e-05
1009,test,0,1.0767405e-05
6654,test,0,0.000839041
1071,test,0,1.7213415e-05
2184,test,0,6.0140323e-05
9457,test,0,0.004142304
8775,test,0,0.001122316
9036,test,0,1.4010521e-05
5164,test,0,1.0767405e-05
8077,test,0,9.4100746e-05
1213,test,0,1.1765904e-05
2703,test,0,1.8748684e-05
5402,test,0,2.7471544e-05
3869,test,0,0.0026018864
3860,test,0,3.762086e-05
3431,test,0,2.7218257e-05
9645,test,0,0.00018971394
6663,test,0,0.0007763068
3839,test,0,1.2906209e-05
8037,test,0,1.316852e-05
157,test,0,3.3091652e-05
10611,test,0,0.0013551564
2312,test,0,0.00037978168
2537,test,0,0.0008419629
3726,test,0,1.5544108e-05
4064,test,0,0.00064990425
8174,test,0,0.0013707369
2634,test,0,0.0052389544
214,test,0,8.741429e-06
1016,test,0,0.0020850413
2327,test,0,0.00071637664
9199,test,0,0.0016641952
4081,test,0,0.000605145
3492,test,0,0.00039005888
8545,test,0,0.0006067724
1069,test,0,0.0011565916
10124,test,0,4.136753e-05
7958,test,0,0.00026389473
9458,test,0,5.6509787e-05
6641,test,0,3.936421e-05
10658,test,0,3.25973e-05
2818,test,0,3.190938e-05
5297,test,0,6.91372e-06
1001,test,0,0.0013118928
6823,test,0,7.838925e-06
4746,test,0,1.0611511e-05
5374,test,0,0.00046247928
5755,test,0,0.0032699923
3350,test,0,0.0022263895
2858,test,0,9.490462e-06
4194,test,0,0.0016658026
209,test,0,1.4420841e-05
8557,test,0,9.771322e-06
9643,test,0,4.0871866e-05
5629,test,0,9.490462e-06
3340,test,0,0.0017423601
4353,test,0,2.672665e-05
8220,test,0,0.0010848271
597,test,0,7.093874e-05
1309,test,0,1.0603613e-05
8963,test,0,1.1413279e-05
7554,test,0,8.80037e-06
8307,test,0,8.967502e-05
10503,test,0,5.2510877e-05
10020,test,0,3.5435347e-05
1208,test,0,6.022099e-05
3339,test,0,0.0002767911
865,test,0,0.00022478445
3326,test,0,4.2740572e-05
2824,test,0,4.4011635e-05
7138,test,0,0.0002886236
1216,test,0,1.4689429e-05
10107,test,0,0.0004450227
41,test,0,0.0051955525
4716,test,0,0.0019560568
4748,test,0,0.0019740867
10274,test,0,0.00040191686
6356,test,0,9.204999e-06
8189,test,0,3.4888337e-05
5896,test,0,4.360792e-05
7788,test,0,9.059118e-06
5920,test,0,0.0014058871
2512,test,0,4.4885946e-05
3999,test,0,0.001455474
1311,test,0,7.893766e-06
9194,test,0,0.0007193623
71,test,0,0.00011420115
1065,test,0,0.0011954131
3610,test,0,9.9485784e-05
45,test,0,0.0012993141
149,test,0,0.0009344746
1800,test,0,3.4559373e-05
10966,test,0,1.5430058e-05
10636,test,0,1.5415437e-05
5881,test,0,1.5310798e-05
5013,test,0,2.0780792e-05
3261,test,0,0.0020919368
1018,test,0,9.205003e-06
5719,test,0,3.7882117e-05
7912,test,0,0.0021420484
5156,test,0,1.0199452e-05
10071,test,0,3.86113e-05
5728,test,0,9.340327e-06
163,test,0,0.0021240385
5366,test,0,2.377062e-05
1794,test,0,6.9434236e-06
4361,test,0,0.0014221403
7302,test,0,0.00082008704
4654,test,0,9.531255e-06
778,test,0,0.00012047599
8143,test,0,1.0195368e-05
10028,test,0,2.5548117e-05
10872,test,0,1.1789627e-05
2505,test,0,0.00692985
7719,test,0,1.1349584e-05
5377,test,0,1.1636047e-05
2693,test,0,6.9770605e-05
3616,test,0,4.4597666e-05
2787,test,0,7.947813e-06
3840,test,0,0.0025879887
3577,test,0,0.0068807607
1789,test,0,1.2365208e-05
9123,test,0,1.1478348e-05
1509,test,0,0.0016495596
5295,test,0,1.1636047e-05
6825,test,0,1.084248e-05
9177,test,0,1.7688973e-05
2860,test,0,0.0014546433
7932,test,0,3.6880276e-05
10070,test,0,8.368417e-06
3808,test,0,0.0016991379
10570,test,0,7.985713e-06
4755,test,0,1.1091421e-05
5616,test,0,2.9180557e-05
7653,test,0,2.5133511e-05
8965,test,0,0.0029241233
5384,test,0,1.1079976e-05
1000,test,0,1.1091421e-05
2522,test,0,0.0014545084
5286,test,0,1.0711759e-05
8043,test,0,8.476084e-06
5892,test,0,9.011769e-06
10635,test,0,5.3203075e-05
8148,test,0,1.01904025e-05
10000,test,0,0.0015888527
5727,test,0,1.6367441e-05
2812,test,0,0.0011008913
6818,test,0,2.6782536e-05
5293,test,0,1.3169409e-05
7963,test,0,0.0028064484
7904,test,0,2.4979001e-05
4924,test,0,1.784615e-05
6129,test,0,1.6524193e-05
4753,test,0,8.527668e-06
9504,test,0,2.5791267e-05
3712,test,0,0.0006578591
1913,test,0,7.4320756e-06
4085,test,0,1.9135285e-05
5923,test,0,8.6252885e-06
4086,test,0,2.7976192e-05
4731,test,0,0.0015961045
10248,test,0,2.6470016e-05
10626,test,0,8.967967e-06
7057,test,0,0.0006510295
1326,test,0,1.957495e-05
9973,test,0,1.1091421e-05
5141,test,0,0.00084658153
8849,test,0,7.792623e-06
3328,test,0,1.1286659e-05
6133,test,0,0.0015173934
4943,test,0,0.000649852
10895,test,0,0.0025105083
2311,test,0,0.010518244
3738,test,0,8.235772e-06
6412,test,0,2.8472497e-05
5024,test,0,0.00072041684
2866,test,0,1.1376704e-05
6256,test,0,0.00012246956
10610,test,0,1.4608565e-05
2599,test,0,0.00011055374
6875,test,0,0.0051086037
10960,test,0,1.4711811e-05
561,test,0,1.1091421e-05
5112,test,0,2.2725513e-05
74,test,0,0.0021600048
3321,test,0,2.7043829e-05
1288,test,0,8.267528e-06
1277,test,0,0.0021401958
10105,test,0,1.8448802e-05
9184,test,0,3.248134e-05
726,test,0,1.195954e-05
11068,test,0,1.1063263e-05
535,test,0,8.136494e-06
8208,test,0,1.0216426e-05
462,test,0,1.2383402e-05
1012,test,0,2.8501221e-05
7641,test,0,0.0003186747
140,test,0,0.00010743692
8195,test,0,0.00035430805
4752,test,0,1.3169409e-05
3956,test,0,0.0013706706
9128,test,0,1.195954e-05
8850,test,0,8.776505e-06
8166,test,0,0.00011055374
6900,test,0,0.0033858716
1632,test,0,1.3030462e-05
2309,test,0,0.0018196112
3325,test,0,0.0007638934
4932,test,0,0.000444533
11073,test,0,0.0014101987
2702,test,0,1.3765664e-05
5041,test,0,1.8769275e-05
9115,test,0,1.122676e-05
2495,test,0,0.0008748213
5389,test,0,1.6917704e-05
5390,test,0,1.771332e-05
5641,test,0,8.6373975e-06
7789,test,0,1.0714641e-05
657,test,0,3.139593e-05
591,test,0,0.0010236342
2959,test,0,0.00010705536
25,test,0,0.0066668307
9979,test,0,8.686381e-06
5716,test,0,1.0818515e-05
5148,test,0,1.1587767e-05
5233,test,0,0.0017346097
9005,test,0,4.1150655e-05
44,test,0,2.2647813e-05
6881,test,0,9.0192014e-05
3723,test,0,0.00066034216
7618,test,0,1.3093654e-05
9998,test,0,2.2315136e-05
8430,test,0,1.3560296e-05
10091,test,0,1.1449983e-05
727,test,0,0.0019832035
9193,test,0,1.926079e-05
4757,test,0,0.003363034
8424,test,0,1.1091421e-05
5006,test,0,8.42767e-05
1947,test,0,1.16652645e-05
6054,test,0,3.751983e-05
1015,test,0,0.00039734872
6824,test,0,1.09505245e-05
8838,test,0,0.002212568
3725,test,0,1.3912539e-05
3820,test,0,0.0006258459
3833,test,0,7.729846e-06
10389,test,0,0.0042242967
722,test,0,0.0033918235
8537,test,0,4.85109e-05
5376,test,0,1.2405627e-05
7944,test,0,0.0023832284
1017,test,0,1.0404476e-05
8440,test,0,0.00012067017
5902,test,0,0.0016097594
9506,test,0,0.0013954804
2496,test,0,0.00043226953
10624,test,0,2.5401061e-05
10971,test,0,1.2873442e-05
9925,test,0,0.00015578797
1797,test,0,4.442587e-05
11085,test,0,3.6054855e-05
7564,test,0,4.018195e-05
3982,test,0,0.002089549
5930,test,0,4.9335176e-05
10504,test,0,3.7839396e-05
1928,test,0,3.2537744e-05
9027,test,0,3.8854214e-05
4849,test,0,6.977357e-05
4514,test,0,8.0479476e-05
10583,test,0,0.001619512
10618,test,0,8.776505e-06
6060,test,0,5.026177e-05
7964,test,0,2.0920406e-05
5912,test,0,0.0012223346
477,test,0,0.00021665552
6655,test,0,0.02347734
5365,test,0,0.00012987094
7549,test,0,0.0017179884
5936,test,0,0.0030252899
2793,test,0,1.2971339e-05
2064,test,0,0.0057634837
2788,test,0,0.0004180092
460,test,0,6.23135e-05
3155,test,0,1.7813063e-05
4215,test,0,0.0005772261
8962,test,0,1.2620147e-05
6357,test,0,2.6061223e-05
5119,test,0,0.00047827468
7608,test,0,0.017353209
4657,test,0,1.3467184e-05
3245,test,0,4.2775155e-05
6145,test,0,1.448232e-05
3346,test,0,0.007214754
10102,test,0,1.7346023e-05
4662,test,0,0.00013176126
3802,test,0,0.0071305484
8964,test,0,3.4436114e-05
1308,test,0,5.8387584e-05
7651,test,0,0.000117293544
715,test,0,2.4015562e-05
545,test,0,1.0996899e-05
2308,test,0,0.0027784249
8961,test,0,2.132087e-05
6406,test,0,0.0012586561
3969,test,0,0.002564426
6957,test,0,5.515511e-05
5244,test,0,1.5678628e-05
9190,test,0,0.0034240806
3861,test,0,1.265215e-05
6611,test,0,3.40562e-05
6619,test,0,0.0012717551
8036,test,0,1.8610539e-05
10559,test,0,3.234022e-05
9122,test,0,2.4401967e-05
9921,test,0,0.0010554433
5025,test,0,5.3334996e-05
5385,test,0,3.1237778e-05
6749,test,0,0.00010535171
8209,test,0,6.3896405e-05
8199,test,0,3.472993e-05
11080,test,0,1.7015429e-05
4848,test,0,0.00211163
465,test,0,4.2472115e-05
5051,test,0,2.2113367e-05
1218,test,0,4.1557476e-05
6144,test,0,1.8538793e-05
4080,test,0,0.00027537724
3744,test,0,0.005164021
9788,test,0,1.6074135e-05
40,test,0,3.165286e-05
6826,test,0,5.515484e-05
2517,test,0,0.0013164846
8952,test,0,1.6847147e-05
1074,test,0,1.3754825e-05
7906,test,0,0.009549291
5248,test,0,2.1392752e-05
1067,test,0,3.1660486e-05
7316,test,0,0.0012879687
9700,test,0,3.6245263e-05
2549,test,0,0.0023363451
1457,test,0,0.0001238536
3721,test,0,2.5935076e-05
4914,test,0,1.3624826e-05
207,test,0,2.7322216e-05
4861,test,0,1.567858e-05
5150,test,0,2.7296961e-05
866,test,0,0.00018300914
7805,test,0,0.0028496694
5904,test,0,0.0018564184
10975,test,0,1.5101885e-05
1298,test,0,0.0015374247
441,test,0,0.0016441025
10116,test,0,0.0017100048
8140,test,0,2.393938e-05
8317,test,0,0.0007661073
10959,test,0,0.0016964319
10433,test,0,0.0012636944
1076,test,0,1.761088e-05
4950,test,0,2.0660422e-05
1313,test,0,0.0011221822
1303,test,0,1.1433568e-05
2700,test,0,4.9643542e-05
6288,test,0,4.3326698e-05
10956,test,0,4.022174e-05
10511,test,0,0.0012060687
663,test,0,0.000278629
8412,test,0,1.653285e-05
2690,test,0,0.00012687281
2616,test,0,0.00011729365
3831,test,0,0.00019163005
8082,test,0,3.838354e-05
4737,test,0,1.28166885e-05
4275,test,0,0.0002877899
5359,test,0,2.929711e-05
999,test,0,1.5101885e-05
9981,test,0,0.001166445
4273,test,0,0.008940372
544,test,0,1.294595e-05
601,test,0,0.00094037404
6941,test,0,1.2683587e-05
10096,test,0,1.48740955e-05
2783,test,0,2.2289918e-05
724,test,0,0.0004552145
7807,test,0,0.0002970141
1323,test,0,3.4805114e-05
3824,test,0,1.2389866e-05
4277,test,0,7.3152237e-06
6609,test,0,2.0080744e-05
4516,test,0,2.921789e-05
3868,test,0,0.00083763624
8969,test,0,1.9627696e-05
10561,test,0,3.9715957e-05
9192,test,0,1.265215e-05
212,test,0,3.06245e-05
4212,test,0,1.29713235e-05
6052,test,0,1.3484156e-05
8836,test,0,1.3435966e-05
2790,test,0,0.0003755176
10279,test,0,1.1433568e-05
10907,test,0,0.00018002884
6789,test,0,0.00097503915
7808,test,0,1.4259841e-05
6413,test,0,9.422921e-06
5362,test,0,1.8192803e-05
8851,test,0,1.1433568e-05
10957,test,0,1.3258806e-05
2697,test,0,0.008898389
1503,test,0,0.00043019818
4899,test,0,0.00044853194
7948,test,0,1.6903477e-05
8427,test,0,9.459266e-06
4220,test,0,0.00022799692
2321,test,0,5.3590287e-05
1275,test,0,2.9916633e-05
647,test,0,9.459266e-06
3730,test,0,0.0026415223
8073,test,0,5.12911e-05
6398,test,0,4.0627197e-05
1281,test,0,1.153668e-05
1226,test,0,1.3500933e-05
1921,test,0,3.3465465e-05
365,test,0,3.7129008e-05
8438,test,0,0.00013518866
2777,test,0,0.0004993895
5016,test,0,0.00021712747
9961,test,0,0.0010727475
2533,test,0,0.00047543788
10082,test,0,0.00028235637
4722,test,0,4.4912023e-05
8134,test,0,1.8946123e-05
7310,test,0,0.0012259607
30,test,0,0.003697596
9197,test,0,0.001969045
4747,test,0,1.4985741e-05
10369,test,0,7.523403e-06
7931,test,0,7.222284e-06
5042,test,0,1.540796e-05
8033,test,0,7.790683e-06
8201,test,0,8.253638e-06
770,test,0,0.00013601678
10662,test,0,2.2863858e-05
10949,test,0,2.2863858e-05
9708,test,0,9.264084e-06
9419,test,0,0.00018557419
3329,test,0,9.935839e-06
7782,test,0,4.0099796e-05
8204,test,0,4.0099796e-05
7715,test,0,7.816828e-06
142,test,0,0.0013304311
1900,test,0,0.0025200713
5279,test,0,3.61881e-05
6292,test,0,5.4647688e-05
10888,test,0,5.108612e-05
3727,test,0,1.1433571e-05
4673,test,0,8.07653e-06
1945,test,0,0.0006195924
5733,test,0,4.5798886e-05
5622,test,0,1.1138681e-05
3609,test,0,2.6091957e-05
4343,test,0,0.00082899356
7598,test,0,1.6743095e-05
723,test,0,9.2265145e-06
2638,test,0,0.00013518866
11071,test,0,8.632675e-06
5392,test,0,1.7787146e-05
7606,test,0,4.3598455e-05
9033,test,0,0.00014066247
8155,test,0,0.00054938404
7960,test,0,1.1433576e-05
10263,test,0,1.1779043e-05
10088,test,0,3.6708607e-05
458,test,0,1.8882367e-05
6950,test,0,8.5241074e-05
3742,test,0,2.4908202e-05
5047,test,0,7.816828e-06
7965,test,0,1.29367745e-05
1977,test,0,3.8396145e-05
8041,test,0,3.146644e-05
6403,test,0,0.00094070815
10262,test,0,0.00030690795
2867,test,0,0.0019557662
6440,test,0,1.3102761e-05
4201,test,0,2.1895949e-05
10557,test,0,1.8913068e-05
7298,test,0,0.0028207337
4919,test,0,3.324277e-05
7559,test,0,4.268634e-05
10513,test,0,1.1865039e-05
5369,test,0,4.3239932e-05
8080,test,0,1.3424063e-05
5245,test,0,4.1636315e-05
7722,test,0,1.289202e-05
3279,test,0,0.0026184376
9020,test,0,0.007831481
1459,test,0,2.8438104e-05
4841,test,0,1.1847342e-05
6831,test,0,9.339095e-06
3164,test,0,1.0393732e-05
10029,test,0,0.00013518782
2606,test,0,0.00016624878
9992,test,0,0.001352198
1507,test,0,0.0018121512
7957,test,0,1.5195172e-05
1895,test,0,3.8839124e-05
4666,test,0,1.9014738e-05
532,test,0,9.998779e-05
10080,test,0,1.891308e-05
7681,test,0,0.0020677673
1278,test,0,1.502927e-05
4218,test,0,2.1203456e-05
9422,test,0,0.0010138279
8853,test,0,1.2188772e-05
6956,test,0,1.1865033e-05
4758,test,0,0.00035805235
650,test,0,1.6439271e-05
10113,test,0,9.080264e-06
8974,test,0,1.0769589e-05
6792,test,0,0.0018732825
9113,test,0,4.248636e-05
3170,test,0,9.594738e-06
32,test,0,0.0030042464
1220,test,0,1.9841284e-05
7806,test,0,1.1433571e-05
7930,test,0,0.00022549492
5909,test,0,1.111443e-05
7790,test,0,4.1616255e-05
6955,test,0,2.4934277e-05
7508,test,0,0.00012405502
3305,test,0,0.0002420485
10370,test,0,1.2535813e-05
4967,test,0,7.7478886e-05
5110,test,0,0.0033107954
7313,test,0,1.1722001e-05
10085,test,0,2.0683296e-05
8213,test,0,0.0001676807
10891,test,0,0.007046735
4276,test,0,1.1489194e-05
42,test,0,4.3237655e-05
6059,test,0,1.46594075e-05
6259,test,0,3.719444e-05
8954,test,0,1.7738004e-05
7506,test,0,0.0006537399
7800,test,0,0.001551403
473,test,0,2.103241e-05
6429,test,0,5.2239764e-05
33,test,0,1.1891645e-05
6784,test,0,4.1086256e-05
9454,test,0,2.2752212e-05
10657,test,0,0.0003438121
3399,test,0,0.0011131731
994,test,0,1.953612e-05
222,test,0,2.4140472e-05
5391,test,0,4.5169967e-05
173,test,0,0.0035366395
9011,test,0,3.1380736e-05
8972,test,0,1.6552785e-05
6809,test,0,1.5503258e-05
7646,test,0,0.0013766392
10954,test,0,0.0017370287
5917,test,0,2.0187434e-05
8541,test,0,0.0047540436
7603,test,0,8.216634e-06
6817,test,0,0.00022041323
8196,test,0,4.610265e-05
10958,test,0,0.0017381379
1212,test,0,1.8330566e-05
7974,test,0,2.7440708e-05
2588,test,0,2.8580733e-05
4289,test,0,0.0017823554
2316,test,0,1.755051e-05
3166,test,0,4.178514e-05
4936,test,0,0.0011161172
4282,test,0,0.010203983
9186,test,0,2.8918961e-05
2799,test,0,0.00036783022
6624,test,0,2.6037253e-05
3168,test,0,1.9922596e-05
780,test,0,3.3104054e-05
8075,test,0,1.238225e-05
10072,test,0,1.732278e-05
3169,test,0,0.0026356902
558,test,0,1.8032379e-05
2802,test,0,5.5802302e-05
4751,test,0,7.3122195e-05
4674,test,0,0.000106371335
6430,test,0,1.1433571e-05
7959,test,0,1.8144827e-05
5626,test,0,0.000803693
5039,test,0,0.0011679414
6294,test,0,0.001073663
4920,test,0,7.952634e-05
3584,test,0,0.0025430336
777,test,0,7.692733e-05
4724,test,0,0.0011883068
5397,test,0,0.0013214216
5919,test,0,3.8208454e-05
2325,test,0,3.8208454e-05
5236,test,0,0.013948365
5625,test,0,2.0104384e-05
3829,test,0,0.053232227
6659,test,0,0.00012995963
6280,test,0,4.910027e-05
568,test,0,7.421683e-05
9633,test,0,3.665037e-05
6618,test,0,1.8277251e-05
7612,test,0,2.3320383e-05
5127,test,0,0.0061887447
216,test,0,0.0025867803
8311,test,0,3.6425747e-05
7954,test,0,2.123158e-05
3977,test,0,1.0389363e-05
5253,test,0,2.0804815e-05
7910,test,0,0.0032159246
1976,test,0,0.002334481
36,test,0,1.4419252e-05
7795,test,0,2.0252328e-05
5158,test,0,2.8919008e-05
6360,test,0,9.442223e-06
1920,test,0,2.8181628e-05
9798,test,0,1.2222762e-05
417,test,0,0.00013247368
7147,test,0,0.0003148771
4369,test,0,0.00020697933
1321,test,0,4.8753423e-05
9966,test,0,3.7205435e-05
4939,test,0,1.7465243e-05
10873,test,0,2.1288388e-05
4227,test,0,0.0026012117
5128,test,0,0.0002527864
10073,test,0,2.5650606e-05
3731,test,0,0.001006491
5628,test,0,7.238348e-05
8144,test,0,1.5810698e-05
11077,test,0,0.001560957
6364,test,0,1.7024513e-05
4834,test,0,2.8345077e-05
2784,test,0,1.0021374e-05
9187,test,0,0.007057632
9642,test,0,3.5117722e-05
10965,test,0,0.0003051596
8024,test,0,1.8930705e-05
9116,test,0,1.500771e-05
10098,test,0,0.0023815192
4893,test,0,5.461346e-05
9696,test,0,2.9708235e-05
1062,test,0,0.0004144354
10892,test,0,0.00013247368
5256,test,0,1.5077572e-05
7615,test,0,0.0071846275
8772,test,0,0.00020697933
594,test,0,0.00040577282
5753,test,0,3.6843943e-05
5388,test,0,1.7842081e-05
1209,test,0,1.4644252e-05
3333,test,0,1.4865962e-05
2073,test,0,0.00022652456
1916,test,0,1.9670098e-05
4071,test,0,0.0017946108
4068,test,0,0.004471503
9129,test,0,1.6002812e-05
2547,test,0,0.00014314763
4999,test,0,0.00013713163
46,test,0,2.8958373e-05
3312,test,0,3.5903882e-05
6066,test,0,0.0010147846
8949,test,0,2.5746482e-05
954,test,0,0.00013247368
6864,test,0,3.797464e-05
349,test,0,4.240801e-05
9999,test,0,4.895684e-05
10093,test,0,0.0030248915
5885,test,0,0.0020192564
592,test,0,0.0002468497
1215,test,0,6.0906346e-05
3986,test,0,0.0002975503
4926,test,0,2.1273696e-05
1007,test,0,1.700556e-05
779,test,0,4.4003187e-05
8068,test,0,2.6294334e-05
718,test,0,5.3714815e-05
1458,test,0,3.5345918e-05
3585,test,0,3.604373e-05
2624,test,0,5.1558167e-05
3818,test,0,5.8453672e-05
1473,test,0,0.008112661
10268,test,0,1.2816674e-05
3873,test,0,0.004626385
5364,test,0,2.2050297e-05
7949,test,0,1.1536946e-05
2323,test,0,9.66024e-05
8029,test,0,0.0008131678
6132,test,0,1.563666e-05
11076,test,0,0.0016778952
5870,test,0,2.78186e-05
9651,test,0,0.00047061403
5055,test,0,1.7624401e-05
4065,test,0,4.0788476e-05
8428,test,0,2.7706721e-05
10250,test,0,3.7860933e-05
2339,test,0,6.7615474e-05
6958,test,0,0.0021916172
10110,test,0,1.4422123e-05
2175,test,0,3.8191134e-05
1029,test,0,1.8076664e-05
6065,test,0,9.032518e-05
4464,test,0,0.00022555147
3708,test,0,0.00013247368
10661,test,0,3.8460556e-05
5752,test,0,5.274442e-05
1935,test,0,2.1154226e-05
5886,test,0,1.0893112e-05
1210,test,0,0.004105332
8425,test,0,0.005352718
6246,test,0,0.016777962
7140,test,0,0.00013531659
8419,test,0,1.3777025e-05
7553,test,0,1.8054727e-05
1925,test,0,1.44936985e-05
8185,test,0,0.00012487666
4672,test,0,0.00012487666
6814,test,0,2.525714e-05
11063,test,0,1.4742867e-05
2857,test,0,1.5983393e-05
10106,test,0,1.1467873e-05
3163,test,0,1.1727966e-05
9415,test,0,0.002157817
1944,test,0,1.1536946e-05
2950,test,0,0.00012805317
10556,test,0,1.8661309e-05
331,test,0,0.00022013929
678,test,0,0.00012156426
1633,test,0,1.5816424e-05
6279,test,0,0.00013247368
10074,test,0,2.9305518e-05
9021,test,0,3.1290638e-05
2313,test,0,8.0162376e-05
576,test,0,0.0019838694
4963,test,0,0.00020453226
9179,test,0,0.003953499
1306,test,0,2.2121665e-05
5726,test,0,0.00021992791
205,test,0,0.015904527
2244,test,0,4.79911e-05
10385,test,0,1.9599644e-05
6614,test,0,2.09378e-05
8315,test,0,5.588515e-05
10627,test,0,2.8610459e-05
5020,test,0,0.0004899363
3407,test,0,3.7262485e-05
4742,test,0,0.007252204
7724,test,0,2.2773525e-05
7901,test,0,4.594253e-05
9976,test,0,0.0031973843
8845,test,0,3.5992536e-05
537,test,0,1.16152405e-05
8998,test,0,0.00022928331
4844,test,0,0.014665902
9039,test,0,1.5895013e-05
5246,test,0,5.7280202e-05
8551,test,0,3.408202e-05
782,test,0,0.00013247368
5375,test,0,1.3611541e-05
771,test,0,4.538116e-05
4079,test,0,1.513592e-05
1199,test,0,0.0011905731
6871,test,0,0.005508711
6425,test,0,0.024530532
6251,test,0,0.00027070407
3720,test,0,1.2572545e-05
9014,test,0,3.4736e-05
5634,test,0,0.0003209762
672,test,0,0.0012966917
4655,test,0,2.2698172e-05
9702,test,0,0.0030139652
6833,test,0,2.1581673e-05
3614,test,0,4.2997268e-05
4836,test,0,1.3419823e-05
6868,test,0,0.00020697933
21,test,0,0.012622307
454,test,0,2.634384e-05
9698,test,0,0.0019071714
5040,test,0,2.4617986e-05
3985,test,0,2.6978292e-05
8067,test,0,9.872224e-05
7599,test,0,6.9108755e-05
9040,test,0,4.6201323e-05
5721,test,0,3.2423162e-05
9471,test,0,0.00022321483
5393,test,0,9.899226e-05
438,test,0,0.0003113211
3272,test,0,0.00042366746
7936,test,0,0.00019975967
339,test,0,0.00033253632
371,test,0,0.00047133997
8421,test,0,0.00018559732
9636,test,0,0.00020759586
7803,test,0,0.00012241991
8966,test,0,0.00029390727
164,test,0,0.00012846029
8778,test,0,0.00051870453
5162,test,0,0.0059023085
5926,test,0,0.00015578353
5838,test,0,0.00068100635
677,test,0,0.00029879744
9647,test,0,0.00019332723
4294,test,0,0.00024196581
5109,test,0,0.00012747025
9990,test,0,0.0003205207
8028,test,0,0.00023238963
3706,test,0,0.00016681205
2621,test,0,0.00017795908
213,test,0,0.00062418415
1170,test,0,0.0012353566
10501,test,0,0.00015620691
5243,test,0,6.158135e-05
6137,test,0,0.0009541774
4515,test,0,0.0008884337
5469,test,0,0.00014845595
2231,test,0,0.0005531778
10253,test,0,0.00019298318
6893,test,0,0.00018743338
352,test,0,0.0014394451
7644,test,0,0.0003901662
6869,test,0,0.00035024807
340,test,0,0.00044274618
3415,test,0,0.00013601259
2066,test,0,9.208222e-05
2629,test,0,0.00023709469
8435,test,0,0.0006784763
8219,test,0,0.0005438381
7137,test,0,0.00013729304
4352,test,0,0.00010557634
2070,test,0,0.00013347939
6651,test,0,0.00030658284
3242,test,0,0.00030240542
3274,test,0,0.00045726687
9929,test,0,0.00022447531
5858,test,0,0.0001863896
1224,test,0,0.00025295574
1504,test,0,0.00023106368
4912,test,0,0.00030031463
7937,test,0,0.00019044861
3264,test,0,0.00022459959
2807,test,0,0.0005300767
667,test,0,0.00048067814
3313,test,0,0.0004495667
590,test,0,0.00037630473
2596,test,0,0.0014128939
9641,test,0,0.0007867242
337,test,0,0.00066402066
3952,test,0,9.7294265e-05
9018,test,0,5.9313385e-05
1894,test,0,3.091516e-05
6253,test,0,0.00013420463
6759,test,0,9.734455e-05
9801,test,0,8.270798e-05
4070,test,0,1.35563305e-05
5002,test,0,1.4738289e-05
8212,test,0,0.00020548973
3301,test,0,1.819779e-05
3821,test,0,0.00034583663
540,test,0,0.00020190772
148,test,0,0.0005933857
3358,test,0,0.00023423383
8173,test,0,0.00011741927
3960,test,0,0.00012532403
8596,test,0,0.00012618203
6758,test,0,0.0009953066
1214,test,0,6.068737e-05
6834,test,0,3.7589118e-05
6760,test,0,9.051136e-05
4993,test,0,0.0009740931
10620,test,0,0.00030815983
10101,test,0,0.00040210198
3815,test,0,3.0790918e-05
2991,test,0,0.00170222
1979,test,0,3.9174032e-05
6290,test,0,0.00032207216
6770,test,0,0.00026976538
7784,test,0,0.00045561913
3619,test,0,3.2259508e-05
563,test,0,0.00075880886
4850,test,0,0.00023612635
439,test,0,0.00052751676
5640,test,0,0.002187863
2180,test,0,3.430424e-05
5144,test,0,0.00081626757
9988,test,0,9.976216e-05
3713,test,0,3.9174032e-05
3580,test,0,0.00018491957
7305,test,0,0.0009727485
3625,test,0,0.0002077218
4281,test,0,0.00034308684
9201,test,0,8.0746095e-06
3429,test,0,9.626515e-06
3846,test,0,5.987793e-06
7844,test,0,6.607567e-05
5878,test,0,0.0004913644
6620,test,0,8.330719e-06
8603,test,0,3.65156e-05
547,test,0,3.7673333e-05
4839,test,0,1.1655676e-05
10374,test,0,9.319107e-06
10631,test,0,1.3103272e-05
552,test,0,0.00047824005
719,test,0,1.7737957e-05
5872,test,0,3.1998225e-05
7552,test,0,1.2645265e-05
8953,test,0,0.00085207314
7902,test,0,0.00015421593
1205,test,0,2.3637667e-05
7306,test,0,1.208958e-05
7946,test,0,7.106116e-06
3841,test,0,3.55227e-05
9927,test,0,2.8088803e-05
7939,test,0,0.00019325012
2336,test,0,2.8470464e-05
10889,test,0,0.0058276816
4511,test,0,4.402861e-05
8190,test,0,1.9885476e-05
4230,test,0,0.0003846173
9411,test,0,0.0017146881
10273,test,0,0.0008991788
2514,test,0,2.4537821e-05
3819,test,0,1.196695e-05
174,test,0,2.8109867e-05
5472,test,0,2.602789e-05
10388,test,0,8.608412e-06
968,test,0,3.283788e-05
4944,test,0,3.2386906e-05
559,test,0,0.00015447877
1972,test,0,2.4129531e-05
5027,test,0,3.5374673e-05
3315,test,0,0.00032169925
1911,test,0,0.00022680766
1917,test,0,2.729706e-05
6436,test,0,0.000846268
2825,test,0,0.0004039971
4658,test,0,0.00032875812
10259,test,0,0.0032039376
6396,test,0,2.8928764e-05
9914,test,0,2.8928764e-05
7610,test,0,0.0019647686
6756,test,0,0.00069250487
4073,test,0,1.7299282e-05
863,test,0,3.8106245e-05
404,test,0,3.2700256e-05
7850,test,0,8.7175365e-05
5846,test,0,0.0005146185
10894,test,0,3.1308304e-05
10031,test,0,2.8911802e-05
9462,test,0,2.742346e-05
1906,test,0,3.7832444e-05
2515,test,0,3.6464487e-05
7654,test,0,3.225405e-05
3501,test,0,3.1159812e-05
3995,test,0,3.180081e-05
414,test,0,0.00015575411
5017,test,0,1.42037115e-05
4921,test,0,0.00022679809
6285,test,0,0.00029157012
9794,test,0,0.00024348918
2778,test,0,1.3613533e-05
10580,test,0,9.85651e-06
8556,test,0,0.00046107167
1946,test,0,0.000206136
3176,test,0,0.00046939577
7929,test,0,3.8619593e-05
1169,test,0,2.070831e-05
9789,test,0,1.43965835e-05
6807,test,0,9.952117e-05
8072,test,0,9.323068e-06
5856,test,0,9.315131e-05
995,test,0,0.00010388887
5732,test,0,6.468765e-06
500,test,0,0.00033736098
9478,test,0,7.226288e-05
1638,test,0,7.89046e-05
1010,test,0,1.1654954e-05
1332,test,0,1.5492042e-05
1462,test,0,3.9681305e-05
3238,test,0,0.00084655423
8411,test,0,0.00020951143
38,test,0,2.6899013e-05
77,test,0,2.618656e-05
769,test,0,0.00080689165
357,test,0,0.0032910805
9196,test,0,1.1654954e-05
2863,test,0,8.732667e-06
1228,test,0,0.0011975984
144,test,0,8.638198e-05
498,test,0,0.0004533093
4933,test,0,8.409214e-06
2957,test,0,4.596641e-05
9181,test,0,0.00026811505
83,test,0,8.023713e-05
7296,test,0,0.0002676851
2326,test,0,0.00012818741
8548,test,0,0.00022213171
562,test,0,2.3716855e-05
5925,test,0,3.3773787e-05
9632,test,0,0.00014881948
642,test,0,7.0506816e-05
1221,test,0,1.1860102e-05
1201,test,0,8.520041e-06
5023,test,0,0.0018467113
5874,test,0,3.006449e-05
3246,test,0,7.079619e-05
3161,test,0,0.00076645403
6874,test,0,4.722948e-05
7604,test,0,1.1849271e-05
3991,test,0,6.8241034e-06
5018,test,0,1.1849271e-05
10115,test,0,0.00043450826
11064,test,0,0.00016341638
6439,test,0,1.44455025e-05
9511,test,0,0.00056931283
4204,test,0,0.00025183157
2805,test,0,0.00089131587
9499,test,0,0.00033647343
220,test,0,2.359149e-05
4287,test,0,1.4984588e-05
3587,test,0,4.8959897e-05
3320,test,0,0.00207505
9968,test,0,2.5796471e-05
6788,test,0,0.00026621638
10506,test,0,4.3276454e-05
2862,test,0,1.1900455e-05
2185,test,0,0.000110007364
9922,test,0,2.6170688e-05
3607,test,0,0.0037856288
5229,test,0,0.0001739651
1807,test,0,9.235488e-06
5756,test,0,0.0001362953
10376,test,0,0.00020437228
8168,test,0,3.9553313e-05
6656,test,0,2.5908957e-05
4213,test,0,2.020297e-05
6615,test,0,0.00036028412
3280,test,0,0.008926286
8550,test,0,0.00012291684
151,test,0,0.0003141239
658,test,0,0.00028351886
1302,test,0,9.57459e-06
5633,test,0,0.00027285732
2237,test,0,2.723446e-05
9693,test,0,0.00036628713
9126,test,0,0.0004777335
8313,test,0,0.00032020468
2314,test,0,0.00024356472
656,test,0,8.616368e-06
9983,test,0,0.0006209796
358,test,0,0.00042814235
5462,test,0,0.00019993586
2779,test,0,1.9192188e-05
1909,test,0,2.0717136e-05
2954,test,0,7.032136e-05
8039,test,0,0.00037690037
7976,test,0,0.00047407002
6644,test,0,1.9195772e-05
5363,test,0,0.0010154251
2176,test,0,0.00097129063
2831,test,0,0.00042068626
5036,test,0,1.255861e-05
6047,test,0,2.028092e-05
8162,test,0,0.00029526633
3994,test,0,0.00011672262
10432,test,0,0.00092384685
8206,test,0,2.7462156e-05
4228,test,0,0.004321019
4990,test,0,7.116329e-05
10575,test,0,0.00012613853
10947,test,0,0.00044101945
1006,test,0,0.00012396665
2331,test,0,7.537641e-05
1637,test,0,1.5227799e-05
9970,test,0,3.8785704e-05
4909,test,0,1.3981808e-05
10616,test,0,3.8651157e-05
1314,test,0,6.8854344e-05
5637,test,0,1.4473475e-05
5155,test,0,0.0004314922
3330,test,0,1.2453761e-05
4354,test,0,4.0303075e-05
3724,test,0,5.048289e-05
6286,test,0,0.00012926504
1203,test,0,1.5227799e-05
9461,test,0,3.937678e-05
6832,test,0,0.0004919258
1174,test,0,1.3340679e-05
7561,test,0,5.6650115e-05
4509,test,0,0.00016345097
6423,test,0,3.640972e-05
10952,test,0,1.834826e-05
6946,test,0,1.19982105e-05
6410,test,0,2.2430935e-05
8308,test,0,0.00017542671
5921,test,0,5.3097094e-05
8960,test,0,0.0005288819
470,test,0,2.1731985e-05
7967,test,0,2.6972384e-05
871,test,0,0.001472047
1075,test,0,0.00012382264
2181,test,0,0.00018057067
5107,test,0,4.544477e-05
2800,test,0,2.9074172e-05
10573,test,0,1.8811143e-05
1929,test,0,0.0004461133
9118,test,0,1.5514786e-05
1635,test,0,0.001684658
47,test,0,0.0039290194
6255,test,0,0.00012410963
1028,test,0,0.00017801915
9797,test,0,3.101943e-05
949,test,0,7.913543e-05
6606,test,0,1.5268892e-05
8135,test,0,0.00053435966
6945,test,0,2.19551e-05
950,test,0,0.00018290042
1031,test,0,0.0002012829
1282,test,0,1.9200965e-05
10619,test,0,3.088981e-05
4061,test,0,1.795832e-05
1791,test,0,2.050412e-05
5294,test,0,4.337506e-05
5145,test,0,0.0021524595
34,test,0,2.7836077e-05
476,test,0,0.0005176123
6811,test,0,4.9553244e-05
9479,test,0,2.365703e-05
7133,test,0,0.00022461251
6148,test,0,2.2905117e-05
1025,test,0,0.0007326697
1634,test,0,2.5804884e-05
1002,test,0,2.0506048e-05
348,test,0,0.0005574363
5731,test,0,0.00046608257
4089,test,0,0.00037197114
997,test,0,1.4662571e-05
7303,test,0,3.6719164e-05
6049,test,0,8.780985e-05
6891,test,0,0.0002604168
1019,test,0,7.0214155e-05
1172,test,0,0.00029367715
1322,test,0,3.1694013e-05
8598,test,0,7.308434e-05
6949,test,0,2.2743354e-05
8842,test,0,2.1197233e-05
10948,test,0,1.772974e-05
10622,test,0,5.565208e-05
4512,test,0,5.7964022e-05
2856,test,0,2.1095231e-05
9200,test,0,0.0003181409
2509,test,0,8.645819e-05
5759,test,0,3.4097036e-05
10566,test,0,0.000875564
4845,test,0,1.7923812e-05
7494,test,0,0.00072003005
3578,test,0,0.0002899732
7938,test,0,0.0010642107
4521,test,0,4.4515487e-05
735,test,0,0.00028266537
10393,test,0,8.540176e-05
781,test,0,4.4624016e-05
3843,test,0,0.0009680769
5283,test,0,1.8015287e-05
8955,test,0,3.0473724e-05
555,test,0,0.00016170481
5368,test,0,0.0002306184
2319,test,0,0.0019180144
5922,test,0,3.33397e-05
3746,test,0,0.0004278408
5911,test,0,0.0009860945
7725,test,0,0.0010089161
162,test,0,8.88245e-05
4207,test,0,0.0006697068
10878,test,0,0.00038638242
10076,test,0,2.6640371e-05
5730,test,0,0.0035258105
10621,test,0,2.13392e-05
9026,test,0,6.251572e-05
1068,test,0,2.5275933e-05
5630,test,0,1.3931955e-05
1941,test,0,2.3791095e-05
2795,test,0,3.7969046e-05
3334,test,0,1.8015287e-05
4210,test,0,3.8092578e-05
1467,test,0,0.000383835
5933,test,0,0.0009494754
8559,test,0,2.3791095e-05
4283,test,0,1.7398643e-05
5044,test,0,2.2102102e-05
875,test,0,0.00010574782
5386,test,0,6.973743e-05
166,test,0,0.00027235335
1207,test,0,6.0018356e-05
2619,test,0,6.0018356e-05
6753,test,0,0.0009924064
5147,test,0,2.2623817e-05
3858,test,0,2.1050808e-05
8026,test,0,2.72462e-05
2322,test,0,0.0005090902
5621,test,0,2.1732461e-05
9188,test,0,1.6970529e-05
5038,test,0,2.574763e-05
10275,test,0,0.0016982832
10069,test,0,2.0101685e-05
714,test,0,3.2843174e-05
7799,test,0,0.00012177465
5720,test,0,2.4548272e-05
5644,test,0,1.7398643e-05
6628,test,0,2.0042771e-05
10571,test,0,3.8467933e-05
10567,test,0,2.2359945e-05
4221,test,0,0.0005939734
730,test,0,0.00011010779
3703,test,0,0.00016659305
996,test,0,0.0049762717
5884,test,0,4.2399133e-05
5464,test,0,3.7038313e-05
10972,test,0,5.1178053e-05
1937,test,0,0.0001585051
10665,test,0,0.0022701486
3980,test,0,4.563735e-05
7314,test,0,2.610923e-05
9025,test,0,0.0049782605
7611,test,0,2.5913298e-05
4832,test,0,0.0030821352
7845,test,0,0.00024710278
158,test,0,0.00054982945
10377,test,0,3.0540057e-05
1023,test,0,2.535472e-05
9127,test,0,7.2379684e-05
1032,test,0,3.014466e-05
1211,test,0,0.00056703767
9703,test,0,1.9356728e-05
5623,test,0,6.49071e-05
10128,test,0,6.49071e-05
4729,test,0,1.5351094e-05
1915,test,0,8.2509716e-05
4225,test,0,2.8711238e-05
3174,test,0,2.0042771e-05
1796,test,0,1.9715993e-05
1283,test,0,0.0006203823
9030,test,0,0.00010451871
10869,test,0,0.0012935029
9697,test,0,0.00067329215
146,test,0,9.5073214e-05
7567,test,0,6.328477e-05
1317,test,0,2.184287e-05
10114,test,0,0.027882388
4075,test,0,1.9170897e-05
10579,test,0,3.2066946e-05
336,test,0,3.560233e-05
10381,test,0,2.0222697e-05
5908,test,0,0.00010206411
5252,test,0,2.8239296e-05
8956,test,0,0.0008678358
1289,test,0,3.2068845e-05
8211,test,0,0.001008327
2174,test,0,0.000278948
9706,test,0,0.0031932297
581,test,0,7.654365e-05
7136,test,0,0.00025263082
10883,test,0,3.0099209e-05
1640,test,0,2.2686385e-05
2613,test,0,0.0016515277
2852,test,0,2.6013795e-05
8042,test,0,2.5018804e-05
1227,test,0,1.9845038e-05
5724,test,0,1.9568735e-05
3747,test,0,2.1370748e-05
2689,test,0,2.2686385e-05
6418,test,0,2.0588615e-05
7556,test,0,4.7955113e-05
966,test,0,5.5883003e-05
8034,test,0,9.613447e-05
1931,test,0,1.9850333e-05
7620,test,0,2.5649957e-05
5383,test,0,0.00067466375
3823,test,0,6.68243e-05
7945,test,0,1.4054854e-05
7713,test,0,3.1922034e-05
5258,test,0,0.0008439742
5161,test,0,8.181565e-05
9974,test,0,1.7552118e-05
4214,test,0,3.244627e-05
6438,test,0,2.5026295e-05
10380,test,0,2.6999092e-05
1803,test,0,2.308622e-05
5049,test,0,0.0007137147
147,test,0,6.0053702e-05
3866,test,0,2.4162464e-05
3976,test,0,3.6206067e-05
501,test,0,0.00030587698
5151,test,0,2.5587378e-05
2792,test,0,6.4865104e-05
10613,test,0,2.1909877e-05
1926,test,0,2.5188023e-05
8030,test,0,2.7034612e-05
1470,test,0,7.5744545e-05
1080,test,0,2.2686385e-05
406,test,0,0.001092139
1027,test,0,3.526213e-05
2059,test,0,2.751648e-05
3307,test,0,0.010461596
1973,test,0,0.0014147097
9704,test,0,1.40604225e-05
8443,test,0,3.0057285e-05
3988,test,0,2.146565e-05
1295,test,0,0.00025334716
4522,test,0,0.00016582679
5291,test,0,0.005663758
7601,test,0,0.0006018822
5284,test,0,2.0730906e-05
10558,test,0,2.0730906e-05
1912,test,0,1.2527343e-05
3323,test,0,6.160061e-05
2600,test,0,6.148827e-05
5642,test,0,1.7445125e-05
8200,test,0,1.0398845e-05
5631,test,0,0.00035064135
3589,test,0,0.00031014116
8431,test,0,4.3095966e-05
6397,test,0,0.0009926573
580,test,0,2.7344135e-05
7973,test,0,1.4808669e-05
10435,test,0,0.0036224434
4931,test,0,2.2806524e-05
5889,test,0,0.0006809844
1918,test,0,3.641305e-05
2951,test,0,2.4329645e-05
3834,test,0,2.4329645e-05
152,test,0,0.0010812038
10950,test,0,4.163414e-05
7675,test,0,5.588588e-05
6892,test,0,4.6523273e-05
10885,test,0,4.3398395e-05
3709,test,0,0.0001528617
2687,test,0,2.5466035e-05
10394,test,0,3.1334697e-05
3348,test,0,5.8394307e-05
6819,test,0,3.5780926e-05
4454,test,0,5.5978042e-05
2499,test,0,0.00012529029
7301,test,0,2.4377265e-05
9646,test,0,0.00091537123
7971,test,0,1.4070238e-05
1286,test,0,8.1777194e-05
10387,test,0,4.8867343e-05
1291,test,0,2.7134074e-05
3175,test,0,0.0011848065
6051,test,0,4.509291e-05
2628,test,0,0.00027238243
466,test,0,0.000609745
3409,test,0,0.00020600474
4842,test,0,2.5139507e-05
659,test,0,0.0021407702
550,test,0,2.1413322e-05
4840,test,0,4.3549506e-05
22,test,0,2.9607641e-05
8032,test,0,1.3141647e-05
6828,test,0,1.360743e-05
10081,test,0,0.00016363792
3403,test,0,0.0036678496
2304,test,0,1.849648e-05
9443,test,0,0.0008582644
4286,test,0,1.0767405e-05
4918,test,0,1.0234044e-05
3743,test,0,1.0767405e-05
9931,test,0,9.617017e-05
1333,test,0,4.6459645e-05
8852,test,0,9.982217e-06
1329,test,0,1.7274004e-05
5734,test,0,1.0596752e-05
1073,test,0,1.0336022e-05
5122,test,0,0.0026304212
4735,test,0,9.982217e-06
6883,test,0,1.282172e-05
1011,test,0,1.282172e-05
5160,test,0,1.5388961e-05
1785,test,0,1.0596756e-05
5918,test,0,0.00015475984
1511,test,0,8.892705e-05
4992,test,0,1.2850132e-05
6747,test,0,1.691376e-05
1300,test,0,1.5269065e-05
9971,test,0,8.893655e-06
10668,test,0,0.0012105386
10095,test,0,1.0502459e-05
3996,test,0,1.0898792e-05
5893,test,0,1.0398845e-05
10281,test,0,0.0012959654
6411,test,0,1.0922772e-05
664,test,0,0.00043750403
5033,test,0,0.00059376936
4741,test,0,2.0575697e-05
2639,test,0,2.8220098e-05
9639,test,0,0.00059279776
5584,test,0,2.5017733e-05
3842,test,0,2.5017733e-05
6402,test,0,3.5773992e-05
2589,test,0,0.00026735765
7569,test,0,1.5663569e-05
3857,test,0,2.3356944e-05
8538,test,0,2.4860034e-05
3430,test,0,4.6462486e-05
10261,test,0,0.0004482406
4965,test,0,3.5878733e-05
6835,test,0,2.3579172e-05
10970,test,0,3.3128043e-05
8970,test,0,1.33739395e-05
7560,test,0,2.0592599e-05
5043,test,0,2.3923403e-05
3332,test,0,3.0060011e-05
4953,test,0,0.0025134324
9019,test,0,3.795966e-05
10967,test,0,1.0063428e-05
4000,test,0,2.3749657e-05
5285,test,0,3.4379253e-05
4671,test,0,1.00661155e-05
5910,test,0,2.8426057e-05
1299,test,0,4.137524e-05
2813,test,0,2.6974736e-05
7716,test,0,9.725473e-05
5898,test,0,0.00035533498
8951,test,0,1.5362066e-05
9029,test,0,1.2721158e-05
3624,test,0,0.0005502307
5249,test,0,2.7567385e-05
7962,test,0,1.0420089e-05
9709,test,0,3.0765925e-05
23,test,0,1.08698405e-05
9119,test,0,1.0063428e-05
3805,test,0,4.3896478e-05
4661,test,0,1.2976584e-05
5019,test,0,1.48236095e-05
5011,test,0,0.00022482006
9791,test,0,2.7663375e-05
8542,test,0,5.717492e-05
472,test,0,1.2352939e-05
7846,test,0,2.0202791e-05
8834,test,0,2.0202791e-05
9420,test,0,0.00026313515
4078,test,0,1.8474388e-05
9024,test,0,1.68834e-05
3432,test,0,4.1736104e-05
1629,test,0,9.815793e-06
2998,test,0,3.6101945e-05
3177,test,0,1.2976584e-05
2605,test,0,0.0033289138
4958,test,0,3.4747864e-05
5259,test,0,4.3769993e-05
2694,test,0,1.473283e-05
729,test,0,1.1983421e-05
10103,test,0,0.00029977877
732,test,0,2.2715587e-05
2789,test,0,9.815793e-06
1934,test,0,1.8089966e-05
5876,test,0,0.0018695302
10371,test,0,3.2342792e-05
7562,test,0,2.1213324e-05
10277,test,0,8.32686e-06
3852,test,0,1.1933305e-05
2183,test,0,0.0020954437
4915,test,0,1.0042484e-05
10002,test,0,9.679361e-05
6952,test,0,0.0022397474
5907,test,0,1.0696907e-05
4077,test,0,4.9753733e-05
9638,test,0,0.00097413606
2602,test,0,3.8441503e-05
10875,test,0,1.24081525e-05
9445,test,0,8.9939465e-05
1297,test,0,8.772695e-05
1013,test,0,2.2379327e-05
8309,test,0,0.00012851326
725,test,0,2.9370038e-05
4913,test,0,1.28444835e-05
3739,test,0,1.4350557e-05
5014,test,0,0.00065793237
662,test,0,7.291831e-05
9034,test,0,1.1572013e-05
4853,test,0,1.4157506e-05
2177,test,0,0.00082829443
6135,test,0,1.5098828e-05
2230,test,0,3.0422832e-05
4510,test,0,0.0036233568
6799,test,0,0.0015436847
10905,test,0,3.7974318e-05
6793,test,0,0.00043327519
1325,test,0,1.1522944e-05
7139,test,0,0.002404211
8837,test,0,8.027968e-05
7943,test,0,2.3564944e-05
1307,test,0,1.3203497e-05
958,test,0,3.7913785e-05
3862,test,0,1.2717761e-05
546,test,0,1.05693225e-05
3491,test,0,0.0010481757
4668,test,0,0.001848206
5380,test,0,8.828048e-06
2302,test,0,4.2283158e-05
474,test,0,0.0011173125
10633,test,0,1.8515462e-05
10507,test,0,7.971495e-05
10505,test,0,2.6974736e-05
10272,test,0,9.814755e-06
10565,test,0,0.0010492118
5028,test,0,3.2524655e-05
3401,test,0,0.0027641573
10278,test,0,1.2716415e-05
10438,test,0,0.0010941554
3318,test,0,0.00037004557
7956,test,0,3.0275092e-05
9413,test,0,3.325042e-05
8413,test,0,1.8306053e-05
6889,test,0,0.0002750663
5613,test,0,1.3859336e-05
7718,test,0,0.00039931745
3836,test,0,1.673123e-05
6804,test,0,0.0009893517
5154,test,0,1.536622e-05
10964,test,0,0.00029903834
6954,test,0,1.5562347e-05
8418,test,0,1.1888534e-05
5296,test,0,0.00031425408
10131,test,0,0.0015988568
5935,test,0,1.4768075e-05
1908,test,0,3.2527732e-05
6795,test,0,3.26581e-05
5618,test,0,1.3374332e-05
3736,test,0,0.0020648339
2781,test,0,9.490462e-06
9425,test,0,0.00044865636
5891,test,0,0.00012796475
4517,test,0,0.00015633868
6146,test,0,1.3098144e-05
4937,test,0,2.6137384e-05
6872,test,0,0.0009287011
3263,test,0,8.38521e-05
3998,test,0,1.4572886e-05
9482,test,0,8.051111e-05
1079,test,0,0.00010240973
1787,test,0,0.0005473247
953,test,0,0.00023894514
8434,test,0,0.000717403
5470,test,0,0.0026638883
9117,test,0,1.0077188e-05
9114,test,0,1.2403515e-05
7968,test,0,9.717926e-06
363,test,0,3.533261e-05
10874,test,0,0.00091142376
4665,test,0,9.165619e-06
8069,test,0,0.00066848926
5140,test,0,0.00045659012
5242,test,0,1.2410096e-05
80,test,0,0.0007773957
5226,test,0,0.0073749498
541,test,0,0.0012646144
1799,test,0,1.2281131e-05
6605,test,0,7.670623e-05
9695,test,0,2.5499729e-05
4274,test,0,0.00026815268
728,test,0,0.00063206017
7307,test,0,0.00042559864
8782,test,0,9.68063e-05
5841,test,0,0.0008948284
5927,test,0,1.8153894e-05
11070,test,0,1.2716415e-05
2699,test,0,0.0016229397
5288,test,0,7.0881265e-06
459,test,0,9.490462e-06
7972,test,0,1.1993629e-05
5149,test,0,9.965332e-05
6361,test,0,9.340058e-06
10562,test,0,1.7397579e-05
1330,test,0,9.455048e-05
3856,test,0,0.0015213263
7721,test,0,1.4723461e-05
665,test,0,0.00010164484
2854,test,0,0.023814011
2534,test,0,4.628339e-05
653,test,0,0.00053660275
6258,test,0,3.0379299e-05
6608,test,0,1.2607866e-05
961,test,0,0.0003068023
5373,test,0,9.490462e-06
1225,test,0,0.00046339544
1923,test,0,1.6057797e-05
3404,test,0,1.6057797e-05
733,test,0,2.433301e-05
4922,test,0,0.00037702225
8781,test,0,0.0014760998
1030,test,0,1.4824089e-05
7312,test,0,2.409814e-05
5035,test,0,1.7600929e-05
8031,test,0,3.4436503e-05
2801,test,0,1.9585168e-05
8543,test,0,1.12981415e-05
4851,test,0,2.122531e-05
867,test,0,3.6293724e-05
5632,test,0,2.1432224e-05
3173,test,0,9.165619e-06
3582,test,0,3.9414343e-05
3165,test,0,6.2923114e-05
8558,test,0,3.0281833e-05
2593,test,0,0.000113306894
1070,test,0,1.7672515e-05
6407,test,0,1.47112905e-05
2335,test,0,0.0011855444
6805,test,0,4.4611686e-05
8198,test,0,0.0051900204
5638,test,0,0.0005489863
10256,test,0,0.0014035119
7639,test,0,0.0014516413
3871,test,0,9.490462e-06
2688,test,0,1.12981415e-05
4908,test,0,3.158185e-05
2510,test,0,0.0010674356
7952,test,0,0.0036297296
1643,test,0,2.9388106e-05
2952,test,0,3.6779118e-05
3251,test,0,5.92423e-05
4291,test,0,3.7417823e-05
5585,test,0,0.00036979222
5360,test,0,9.15295e-06
5929,test,0,4.289698e-05
1319,test,0,1.17012e-05
5398,test,0,3.8511003e-05
9965,test,0,1.4687242e-05
6898,test,0,3.0295632e-05
8839,test,0,1.7254939e-05
5022,test,0,7.76159e-06
9124,test,0,0.0003375469
3992,test,0,0.0005676399
6820,test,0,0.015038354
7621,test,0,0.0017860441
4733,test,0,0.0011856996
4831,test,0,2.36335e-05
7794,test,0,0.015934935
6130,test,0,9.8707e-06
7977,test,0,0.0002710919
4750,test,0,0.0006425256
3845,test,0,3.2693566e-05
5401,test,0,1.2539634e-05
4344,test,0,0.0018608411
1786,test,0,9.259017e-06
5877,test,0,3.4547826e-05
10572,test,0,1.430583e-05
6421,test,0,9.336859e-06
7796,test,0,2.1898071e-05
10265,test,0,0.00011244892
10276,test,0,0.0012124995
4456,test,0,2.9230832e-05
35,test,0,1.7631346e-05
7143,test,0,0.00013931346
2301,test,0,1.5183131e-05
5152,test,0,7.572306e-06
4360,test,0,3.4785287e-05
9032,test,0,0.000349751
6894,test,0,0.0013659399
538,test,0,1.1300665e-05
4856,test,0,1.1698574e-05
9195,test,0,9.259017e-06
8947,test,0,0.0023767313
673,test,0,2.8798195e-05
5163,test,0,2.8416674e-05
4084,test,0,1.38934165e-05
8601,test,0,0.003770768
10870,test,0,1.4620526e-05
9003,test,0,0.0009105273
9189,test,0,0.0011690796
6062,test,0,1.2302845e-05
3997,test,0,2.4495712e-05
8202,test,0,1.2120257e-05
5387,test,0,3.071043e-05
8164,test,0,2.9611521e-05
1273,test,0,3.95826e-05
8590,test,0,0.0018773567
7934,test,0,7.160361e-06
1219,test,0,9.583731e-06
1305,test,0,3.9801038e-05
8779,test,0,0.00028549056
2591,test,0,0.00036135022
7787,test,0,1.2148397e-05
2317,test,0,9.490462e-06
10634,test,0,0.000744894
5399,test,0,1.1157103e-05
1294,test,0,1.2643092e-05
6053,test,0,1.1413279e-05
7294,test,0,1.8338516e-05
651,test,0,1.7802378e-05
6617,test,0,3.0196843e-05
6861,test,0,2.953291e-05
8437,test,0,0.00859441
7607,test,0,0.0048284247
2527,test,0,3.133213e-05
7969,test,0,7.840686e-06
644,test,0,0.0042459425
7940,test,0,0.00028861625
5372,test,0,1.3005727e-05
10879,test,0,1.7049784e-05
6781,test,0,0.001387808
9694,test,0,9.012393e-06
11072,test,0,8.942088e-06
10378,test,0,2.9248586e-05
4941,test,0,3.2147887e-05
2630,test,0,6.68075e-05
7614,test,0,1.6497244e-05
9017,test,0,5.4720935e-05
221,test,0,6.518046e-05
1512,test,0,2.7530617e-05
10564,test,0,1.7676051e-05
8040,test,0,2.4495712e-05
4736,test,0,0.00089428807
8950,test,0,3.9597915e-05
6432,test,0,0.0013954582
10372,test,0,1.4620526e-05
6428,test,0,7.750575e-05
3344,test,0,7.750575e-05
3817,test,0,0.0012420597
5900,test,0,1.17012e-05
1020,test,0,1.1890653e-05
4864,test,0,0.0002838008
5906,test,0,0.0009472863
5619,test,0,2.134971e-05
10881,test,0,8.628644e-06
4857,test,0,0.001044246
8191,test,0,2.726039e-05
4197,test,0,0.00025898562
5895,test,0,8.586123e-06
6622,test,0,0.00016859108
8192,test,0,1.2978112e-05
11074,test,0,1.4364402e-05
8070,test,0,9.160833e-06
4835,test,0,0.00042103336
4846,test,0,0.0034505003
1206,test,0,1.0248304e-05
6812,test,0,1.1300665e-05
3496,test,0,0.0033053004
10890,test,0,0.0024454077
9978,test,0,3.3044646e-05
7727,test,0,1.34725005e-05
8312,test,0,2.6562742e-05
6401,test,0,7.73404e-05
3414,test,0,4.0466686e-05
5735,test,0,1.7899763e-05
3728,test,0,1.1804445e-05
10112,test,0,2.1147223e-05
962,test,0,0.0006738231
2543,test,0,3.797931e-05
4652,test,0,1.5297232e-05
7723,test,0,2.2843808e-05
9919,test,0,0.00029748722
1641,test,0,0.0043236664
4660,test,0,3.8922426e-05
8074,test,0,2.8176657e-05
9784,test,0,8.942088e-06
9028,test,0,4.9011927e-05
2300,test,0,2.0777661e-05
4945,test,0,0.0014645223
1171,test,0,0.0020815346
5030,test,0,9.205003e-06
4373,test,0,0.00017929664
7619,test,0,1.1903047e-05
6367,test,0,1.3476101e-05
6623,test,0,1.6401007e-05
6625,test,0,0.008260011
4743,test,0,0.0008215634
3355,test,0,0.0003973514
7299,test,0,0.004352882
10667,test,0,7.9784564e-05
10976,test,0,7.9784564e-05
6750,test,0,0.0007665998
10267,test,0,0.00093381957
4934,test,0,1.1237744e-05
8422,test,0,1.9583966e-05
9007,test,0,0.00011751419
7609,test,0,0.0006626406
9037,test,0,1.1094979e-05
3428,test,0,0.0005846735
10266,test,0,0.008263175
8599,test,0,0.0016421173
8547,test,0,1.2552203e-05
471,test,0,1.6099975e-05
5292,test,0,0.00021463599
6404,test,0,1.1300665e-05
8847,test,0,4.0746283e-05
3156,test,0,0.0007990556
2615,test,0,0.00011406227
10109,test,0,1.09250295e-05
10077,test,0,2.4595469e-05
6414,test,0,4.5558972e-05
10629,test,0,1.9454488e-05
4216,test,0,1.2365208e-05
5029,test,0,7.0281503e-06
6782,test,0,0.0003176896
720,test,0,0.00045965746
11066,test,0,0.00047035806
2816,test,0,0.002439666
10515,test,0,1.3916111e-05
4285,test,0,0.00069142785
10100,test,0,0.000107235275
11075,test,0,0.0001301256
338,test,0,0.0001254154
9031,test,0,4.098268e-05
6613,test,0,0.0022877231
1631,test,0,3.9362243e-05
4466,test,0,0.00031111753
6140,test,0,2.3244664e-05
4465,test,0,0.0069271913
4290,test,0,0.00032161543
6951,test,0,0.0013080584
4903,test,0,3.6224108e-05
10026,test,0,0.0007605998
6612,test,0,0.009680288
4833,test,0,9.551227e-06
5255,test,0,1.8836052e-05
4667,test,0,9.245192e-06
2614,test,0,0.00012482938
649,test,0,1.4366194e-05
2796,test,0,1.7301263e-05
6408,test,0,0.00040099383
783,test,0,4.0999166e-05
8420,test,0,1.0379666e-05
8785,test,0,0.00046903748
8071,test,0,3.8371814e-05
3612,test,0,0.00012579208
3732,test,0,1.5864829e-05
4076,test,0,1.2233137e-05
3844,test,0,1.5858763e-05
1222,test,0,2.1941794e-05
10084,test,0,5.1546e-05
957,test,0,5.519668e-05
7941,test,0,2.8746308e-05
8539,test,0,2.2441585e-05
5282,test,0,1.30148255e-05
5146,test,0,1.3859107e-05
143,test,0,2.5347388e-05
2791,test,0,1.17747995e-05
7300,test,0,9.204999e-06
4551,test,0,0.000492269
7823,test,0,0.001102948
8633,test,0,0.0029286782
2254,test,0,0.06564908
2474,test,0,0.0027164228
699,test,0,0.00023699181
1090,test,1,0.0027493055
9560,test,0,0.0003960333
4548,test,0,0.0030847269
7465,test,0,4.2452342e-05
10164,test,0,0.00019100483
7281,test,0,2.718029e-05
8392,test,0,0.021879472
2216,test,0,0.0005848965
6908,test,0,4.1198997e-05
7480,test,0,1.0404476e-05
2463,test,0,0.002178898
3938,test,0,0.002088808
1984,test,0,0.0058160354
7450,test,0,0.0011736231
2087,test,0,0.0002956688
6504,test,0,0.0013016311
2444,test,0,0.01647606
10775,test,0,0.009797368
6174,test,0,0.012125126
4772,test,0,0.00059977017
7729,test,0,0.002127999
5747,test,0,0.0023697414
7830,test,0,3.6401245e-05
4582,test,0,0.001925837
8674,test,0,0.0011473107
10821,test,0,0.014542036
9435,test,0,0.0010315552
7349,test,0,0.007118846
7185,test,0,0.0008732068
521,test,0,0.0013276782
3635,test,0,1.3231546e-05
8400,test,0,2.7401518e-05
10814,test,1,0.004577322
1039,test,0,0.00016024848
11045,test,0,0.00081028504
4792,test,0,0.0005165653
4812,test,0,0.0013539072
4115,test,0,0.0018619006
6913,test,0,0.0010285364
1846,test,0,0.00071180274
10311,test,0,0.0024473313
3048,test,0,0.003146055
7472,test,0,0.00032475754
1142,test,0,0.0025139353
4817,test,0,0.002078227
6100,test,0,0.0023946958
6482,test,0,0.0011401218
8387,test,0,0.0021769516
5523,test,0,0.022064934
5312,test,0,3.0280622e-05
4486,test,0,0.0021906754
9428,test,0,0.0015417676
6475,test,0,0.0055804774
6216,test,0,0.0013519354
6385,test,0,0.0062690848
10847,test,0,0.002835563
1838,test,0,0.0005048557
10720,test,0,0.0038176726
2460,test,0,0.0007015995
6691,test,0,0.0027920986
9355,test,0,0.0048989635
4416,test,0,0.0027062576
9334,test,0,0.0093944855
9497,test,0,3.2099124e-05
6159,test,0,0.0010067014
5136,test,0,0.00028580902
2255,test,0,0.0019091541
3081,test,0,1.7303253e-05
8818,test,0,0.0025424
3568,test,0,0.0035571572
6268,test,0,0.0045903837
7543,test,0,0.0032107374
6496,test,0,0.00034468516
2284,test,0,0.000475393
7452,test,0,0.00021751244
8610,test,0,0.0002841311
5407,test,0,0.0021259827
7462,test,0,3.683909e-05
1134,test,0,2.9969178e-05
1564,test,0,0.00013293896
10229,test,0,0.0009938306
10304,test,0,0.0002581494
6327,test,0,0.000114223454
5826,test,0,0.00087620865
3762,test,0,9.015934e-05
10008,test,0,0.0002980691
1837,test,0,0.00021685463
3088,test,0,0.0007502197
8488,test,0,6.895167e-05
9257,test,0,0.00019459282
8407,test,0,0.0036661325
4005,test,0,0.0018930829
1689,test,0,0.00042479832
5829,test,0,0.00858016
7286,test,0,0.00016032705
904,test,0,9.9971585e-05
2683,test,0,0.0018428821
8814,test,0,0.0022399607
8497,test,0,0.00043183594
7131,test,0,0.000404842
2924,test,0,0.00029230124
1560,test,0,0.0016909327
2879,test,0,0.00020520418
8237,test,0,0.00023359031
6443,test,0,0.00054426526
7125,test,0,0.0009059254
10210,test,0,0.00029032052
7514,test,0,0.0013730638
526,test,0,0.0007001005
8789,test,0,0.00070006907
5418,test,0,2.8654566e-05
737,test,0,0.00023932145
743,test,0,0.002215369
1144,test,0,0.00054226205
2287,test,0,0.00010386805
11044,test,0,5.002796e-05
8268,test,0,0.00011015656
7834,test,0,0.0037947942
4478,test,0,0.00013787135
1575,test,0,0.00090820674
7091,test,0,0.0015435363
9340,test,0,0.0011041074
324,test,0,0.0004407405
519,test,0,3.648806e-05
8662,test,0,0.0019378586
2579,test,0,0.0016529533
1748,test,0,0.0029396424
3899,test,0,0.022835119
6526,test,0,0.0013177146
2077,test,0,0.0006176924
2676,test,0,0.0009440959
6489,test,0,0.00056667323
5685,test,0,0.0005819456
10347,test,0,0.0012712389
4583,test,1,0.00294108
8360,test,0,0.00052408886
4868,test,0,0.002483513
10212,test,0,0.005461441
3361,test,0,0.0013932398
5533,test,0,0.0031768144
6493,test,0,0.00028618923
3690,test,0,9.948583e-05
6016,test,0,0.00044525333
9252,test,0,0.011356711
5741,test,0,6.9124166e-05
4420,test,0,0.0010631093
10230,test,0,0.0011985247
6547,test,0,0.0039162906
7447,test,0,4.518972e-05
1123,test,0,0.00077170855
10407,test,0,0.00010234519
1114,test,0,0.0033961232
6328,test,0,0.0018425243
9350,test,0,0.00059737294
9558,test,0,0.00185314
10007,test,0,0.0001518863
7024,test,0,0.0001181371
5417,test,0,0.00012156426
7547,test,0,0.00020450827
491,test,0,0.000651208
946,test,0,0.002270636
2450,test,0,6.606981e-05
9250,test,0,3.1116055e-05
10747,test,0,3.6728317e-05
1880,test,0,0.0009078193
2555,test,0,0.0023710346
761,test,0,0.0009494387
8133,test,0,0.00024898446
2208,test,0,0.0020196487
9142,test,0,0.0006036541
5452,test,0,0.00060332596
6332,test,0,0.0014139537
804,test,0,7.21645e-05
4805,test,0,0.0074847783
10929,test,0,0.019391099
1552,test,0,0.0034570203
9523,test,0,8.540317e-05
3364,test,0,0.004891869
6932,test,0,0.0081569245
2461,test,0,0.0035427012
4767,test,0,0.0007091328
908,test,0,4.7633708e-05
8661,test,0,0.0025869522
6630,test,0,0.0013404499
1119,test,0,0.0073145116
1724,test,0,0.00095423387
896,test,0,0.008749647
8254,test,0,0.0006587255
1430,test,0,9.7018215e-05
2647,test,0,0.00094549515
6012,test,0,0.0015188772
1881,test,0,0.0009689877
9251,test,0,5.1910793e-05
10343,test,0,0.0010956798
4703,test,0,0.007013434
7522,test,0,0.0004084777
8116,test,0,0.0052484376
529,test,0,0.011080554
766,test,0,0.0015533422
9590,test,0,0.0015544998
10213,test,0,0.00032561328
5091,test,0,0.00093011634
9774,test,0,0.00070260465
1573,test,0,0.0012727325
8741,test,0,0.0004740712
5455,test,0,0.0018507655
6116,test,0,0.0069585834
9572,test,0,0.00082795805
7234,test,0,1.0424952e-05
6450,test,0,3.1740597e-05
6456,test,0,0.0010686032
4524,test,0,0.0012139694
5095,test,0,0.0009992203
3030,test,0,0.0013827946
916,test,0,0.0011795682
10827,test,0,0.00041797172
6687,test,0,0.00010120183
10044,test,0,0.00019666267
8806,test,0,0.0010862327
3569,test,0,0.0015784561
7809,test,0,8.399845e-05
2198,test,0,0.00017500766
3754,test,0,5.161364e-05
912,test,0,0.00031486372
8615,test,0,0.0027113403
4688,test,0,0.0014957384
5449,test,0,0.00028563515
8735,test,0,0.00010079378
321,test,0,0.0014531681
3694,test,0,0.0009930426
6172,test,0,0.00046020708
10743,test,0,4.3549506e-05
4976,test,0,0.0010968045
6541,test,0,8.608452e-06
1763,test,0,0.0003032963
4408,test,0,0.00035571656
8895,test,0,0.00023856551
10014,test,0,0.008335661
6113,test,0,0.00014689864
2710,test,0,0.002981133
7083,test,0,0.0068621794
4155,test,0,0.008001114
1879,test,0,0.0001181371
890,test,0,0.00072755833
4579,test,0,0.00402001
9561,test,0,0.0010888629
2210,test,0,9.459095e-05
7246,test,0,0.00010163617
4241,test,0,0.0016741318
8896,test,0,0.0005821124
5084,test,0,0.0037426858
7667,test,0,0.0006628915
10154,test,0,9.097139e-05
9354,test,0,4.703822e-05
3025,test,0,0.010221799
7231,test,0,2.3483462e-05
9366,test,0,7.803546e-05
5500,test,0,0.00040235365
9578,test,0,0.0006114721
8125,test,0,0.00044538238
1034,test,0,6.489083e-05
746,test,0,0.0038204698
7068,test,0,0.00018747701
3372,test,0,0.00015212476
9156,test,0,7.888565e-05
2277,test,0,0.0017937111
3652,test,0,0.0011735695
7745,test,0,0.0026123289
1133,test,0,0.001288921
420,test,0,0.00068762735
10402,test,0,0.008614474
1781,test,0,3.530714e-05
9269,test,0,9.717926e-06
8485,test,0,0.0007306095
3052,test,0,0.0020661622
7084,test,0,0.0004954116
8671,test,0,0.00092477986
7817,test,0,7.803549e-05
3940,test,0,9.563291e-05
3063,test,0,8.0479476e-05
8659,test,0,0.00020339244
2559,test,0,0.0021986628
376,test,0,4.104111e-05
5428,test,0,0.00021566638
1559,test,0,0.00027959928
4878,test,0,0.00078562513
5411,test,0,0.00055950845
1425,test,0,0.0038857702
7526,test,0,4.4276e-05
5942,test,0,7.439756e-05
2948,test,0,0.0004998611
7317,test,0,2.9842298e-05
5686,test,0,0.005118948
9576,test,0,0.00035719544
9495,test,0,8.0479476e-05
1093,test,0,0.00078024395
8914,test,0,2.4707462e-05
3051,test,0,0.00027565792
5421,test,0,0.001275238
6168,test,0,2.2050297e-05
3435,test,0,3.378886e-05
6675,test,0,0.0010200177
10805,test,0,6.7120396e-05
936,test,0,0.0006432912
7130,test,0,4.6740493e-05
1958,test,0,0.0011790838
8620,test,0,0.00049348036
6001,test,0,0.0003376583
8672,test,0,8.00657e-05
10812,test,0,0.00012367715
1258,test,0,0.0006029561
8744,test,0,8.0479476e-05
1102,test,0,0.00074239017
897,test,0,0.0017475868
6917,test,0,0.0028574693
5433,test,0,0.0027333028
8129,test,0,8.2599836e-05
2280,test,0,0.0001808802
10408,test,0,2.9610186e-05
7529,test,0,8.0479476e-05
9747,test,0,9.03915e-05
10198,test,0,8.0479476e-05
10144,test,0,8.0479476e-05
2838,test,0,0.003350802
10233,test,0,1.6284848e-05
3449,test,0,0.0006213918
5311,test,0,0.002570311
7048,test,0,0.00020073423
8663,test,0,3.430424e-05
8863,test,0,0.00040946004
10221,test,0,0.0011696061
4160,test,0,4.190103e-05
69,test,0,0.00057864405
8274,test,0,0.0009780743
10928,test,0,0.000680894
1680,test,0,8.0479476e-05
3696,test,0,0.0036535251
8463,test,0,0.008434825
2583,test,0,8.541506e-05
10930,test,0,4.4506472e-05
3920,test,0,0.0006551495
10006,test,0,0.0017281955
5748,test,0,0.000105725245
8399,test,0,7.478151e-06
2566,test,0,0.009538912
4119,test,0,0.0009477273
10458,test,0,0.00079265144
10777,test,0,0.0017530414
9519,test,0,4.5964836e-05
9553,test,0,4.6456305e-05
2396,test,0,4.701303e-05
3934,test,0,0.0006895036
8635,test,0,0.0001212146
6163,test,0,0.0010346775
1842,test,0,2.8500184e-05
6924,test,0,0.00088203803
3942,test,0,0.0010064057
5831,test,0,8.0479476e-05
4405,test,0,9.249256e-05
7385,test,0,0.00050039694
2221,test,0,0.00021668078
1259,test,0,0.0032530678
2076,test,0,0.0040347073
6120,test,0,4.9269227e-05
5738,test,0,8.269717e-06
6521,test,0,0.0014021451
4243,test,0,2.3483462e-05
3434,test,0,0.0019819743
4866,test,0,8.0479476e-05
6276,test,0,0.0014913825
8115,test,0,0.00080641994
8474,test,0,0.0017559187
10196,test,0,5.3189066e-05
4807,test,0,0.0006684042
10925,test,0,0.00017363345
494,test,0,0.0015264039
2204,test,0,9.0746864e-05
9587,test,0,0.00060006144
1759,test,0,0.00067632506
8730,test,0,8.047971e-05
2459,test,0,0.00049024366
9557,test,0,6.218144e-05
2557,test,0,8.0479476e-05
9743,test,0,8.0479476e-05
4449,test,0,2.220544e-05
3752,test,0,0.00011729365
4399,test,0,8.553801e-05
2928,test,0,0.0016815213
7527,test,0,0.0014343259
10223,test,0,0.00010826198
10828,test,0,7.3152237e-06
2085,test,0,3.9848954e-05
5524,test,0,0.0033300899
8729,test,0,0.001826208
8511,test,0,0.0047164727
6371,test,0,0.00388592
3891,test,0,6.9378235e-05
8271,test,0,3.353916e-05
5504,test,0,3.275074e-05
1131,test,0,2.9387604e-05
2572,test,0,2.4059103e-05
10997,test,0,0.00029282543
6092,test,0,9.9971585e-05
478,test,0,1.1769574e-05
7249,test,0,0.00046427973
7022,test,0,0.0001807532
6372,test,0,0.0010599041
4003,test,0,1.2061445e-05
6549,test,0,7.118597e-06
2279,test,0,0.0006476981
2939,test,0,0.0025193186
7448,test,0,9.9485784e-05
3105,test,0,0.00050241593
6918,test,0,0.00015827235
4781,test,0,1.4704508e-05
4774,test,0,0.00016883372
8366,test,0,0.0001414759
9370,test,0,0.0006126062
4477,test,0,0.0009773991
5946,test,0,0.00015809966
4240,test,0,0.0016448947
3931,test,0,0.0006576572
6334,test,0,0.00042571916
7595,test,0,3.3462627e-05
4867,test,0,0.00012658519
8359,test,0,0.0017180097
5527,test,0,0.0012068156
6546,test,0,0.00031583625
8481,test,0,0.00046627497
518,test,0,0.0034362155
8476,test,0,0.001093912
10758,test,0,0.0011798085
10830,test,0,1.2971328e-05
4545,test,0,8.0479476e-05
6126,test,0,8.0479476e-05
8510,test,0,0.00011390113
10226,test,0,8.014021e-06
4865,test,0,3.6643945e-05
1437,test,0,0.0048488285
7053,test,0,0.00037306544
3508,test,0,0.00012743528
3442,test,0,0.0014476709
6931,test,0,9.9612525e-06
7233,test,0,0.0015740927
3915,test,0,6.0680497e-05
8509,test,0,0.0019329275
7668,test,0,9.6399934e-05
10605,test,0,0.00015472525
5530,test,0,4.2930573e-05
10748,test,0,1.7868284e-05
10156,test,0,0.00020909971
9763,test,0,2.5649957e-05
1684,test,0,0.00066905894
6197,test,0,0.0004958464
5098,test,0,0.00048171918
1562,test,0,8.5051164e-05
2458,test,0,2.908508e-05
9489,test,0,7.168321e-05
706,test,0,8.2694285e-05
8742,test,0,0.0017725031
7076,test,0,0.0005459008
6929,test,0,0.000151759
6343,test,0,0.00030891816
3439,test,0,0.0034537576
7085,test,0,0.00010763193
10395,test,0,3.0124449e-05
3697,test,0,0.0014692242
2655,test,0,0.00010079378
5075,test,0,5.897025e-05
3911,test,0,2.9038685e-05
7101,test,0,0.007960999
8361,test,0,0.011544898
3910,test,0,8.0479476e-05
1256,test,1,0.0032344614
1455,test,0,0.0019588564
6386,test,0,0.0009769266
298,test,0,0.002588526
9779,test,0,0.000103281935
768,test,0,7.744164e-05
4481,test,0,2.814867e-05
311,test,0,3.1877546e-05
5134,test,0,0.0019623137
10834,test,0,2.1527096e-05
1135,test,0,0.008791768
10606,test,0,0.0036049709
3939,test,0,0.0059042894
6177,test,0,1.4238918e-05
3022,test,0,0.0015918236
6676,test,0,2.4764351e-05
2944,test,0,4.7629812e-05
3058,test,0,0.0038058783
6567,test,0,0.0042866096
6550,test,0,0.0010623244
10169,test,0,5.4487413e-05
8395,test,0,0.00016220567
6488,test,0,0.009795906
753,test,0,0.00022696868
7464,test,0,0.0002654505
4980,test,0,3.7161655e-05
4888,test,0,2.8064018e-05
7049,test,0,0.00068842
10318,test,0,8.070151e-06
4485,test,0,0.00065467664
4825,test,0,1.49837315e-05
3890,test,0,0.00020794387
10397,test,0,9.025541e-05
10016,test,0,0.00911056
3104,test,0,0.0023507248
10945,test,0,2.19621e-05
6524,test,0,0.00083804777
7531,test,0,0.00031978305
5948,test,0,1.4463987e-05
1567,test,0,0.00013977573
60,test,0,4.0310002e-05
1436,test,0,3.1459447e-05
2646,test,0,8.7779226e-05
3687,test,0,0.00045652606
6562,test,0,9.300362e-06
4440,test,0,0.00010053357
2709,test,0,3.3012002e-05
7023,test,0,5.188551e-05
6636,test,0,0.0018745182
10225,test,0,0.0016120927
10596,test,0,0.0012572301
2395,test,0,0.0047861333
8857,test,0,0.00106677
2393,test,0,0.0011531629
9555,test,0,3.3546523e-05
7232,test,0,0.0008414229
5497,test,0,0.0001622153
7064,test,0,7.852386e-05
5318,test,0,0.0007165381
7460,test,0,0.0041713957
3510,test,0,2.3022347e-05
2554,test,0,8.0479476e-05
10050,test,0,8.0479476e-05
8638,test,0,8.0479476e-05
70,test,0,0.00036765524
1058,test,0,1.6503918e-05
1956,test,0,8.0479476e-05
6180,test,0,4.2315776e-05
2281,test,0,6.40027e-05
9346,test,0,3.5133995e-05
2084,test,0,2.989085e-05
2228,test,0,0.00274481
8639,test,0,0.00020119306
2930,test,0,3.5133846e-05
4163,test,0,3.392047e-05
4986,test,0,3.897763e-05
10810,test,0,0.00010194833
3023,test,0,0.0041286703
10400,test,0,7.1456976e-05
7031,test,0,0.002481528
9577,test,0,0.0016135984
8117,test,0,5.1082763e-05
10201,test,0,6.030435e-05
8810,test,0,3.293246e-05
52,test,0,6.292049e-05
9342,test,0,0.006008803
10590,test,0,0.0026088061
3893,test,0,0.012804346
10042,test,0,0.0059721805
9273,test,0,6.512931e-05
790,test,0,0.0011750399
6498,test,0,7.16234e-05
7488,test,0,0.000119205266
2226,test,0,0.0005552337
6005,test,0,0.0011806544
5087,test,0,0.00013612157
9567,test,0,5.0346713e-05
760,test,0,6.420054e-05
738,test,0,0.00025405444
6544,test,0,0.001236574
1736,test,0,0.0014638115
1832,test,0,0.0038037084
10470,test,0,0.00043842293
7229,test,0,0.0057739364
7477,test,0,0.0035677028
3897,test,0,7.97929e-05
8856,test,0,0.00074051187
8665,test,0,0.00021797078
51,test,0,2.7838734e-05
3086,test,0,0.0004113509
8860,test,0,0.0018191627
4156,test,0,0.0004581207
6215,test,0,9.259017e-06
3627,test,0,1.1303694e-05
7657,test,0,0.0005706473
9491,test,0,0.0008176294
3445,test,0,0.00012571021
1260,test,0,7.160361e-06
10755,test,0,0.00046410013
9570,test,0,6.4755724e-05
5093,test,0,0.002174612
703,test,0,0.0013471874
7343,test,0,0.00010873721
9265,test,0,0.0010159058
9554,test,0,7.724967e-05
8251,test,0,0.0019134459
901,test,0,0.00014781718
884,test,0,9.829816e-05
7826,test,0,1.6128753e-05
8099,test,0,0.00081780733
1094,test,0,8.188154e-06
3637,test,0,4.4285098e-05
7069,test,0,0.0002761748
8504,test,0,8.0479476e-05
10770,test,0,0.0016840236
3941,test,0,0.014212677
1147,test,0,9.463434e-06
8464,test,0,4.9735645e-05
5305,test,0,0.00015653486
1777,test,0,0.00042339804
2218,test,0,4.384902e-05
5681,test,0,7.364193e-05
5422,test,0,0.0011421407
6219,test,0,0.0013047018
6106,test,0,0.0017974231
5102,test,0,0.0025366598
3638,test,0,0.00054163387
1051,test,0,0.0007807667
8478,test,0,0.0017781905
1765,test,0,0.0017400798
3895,test,0,8.2940416e-05
7476,test,0,0.0007606761
1536,test,0,0.0023776607
10013,test,0,8.443271e-05
4707,test,0,0.00013286436
9436,test,0,0.00083499
4983,test,0,0.010154606
4694,test,0,0.0005403767
932,test,0,9.450492e-05
4763,test,0,0.0021984274
3096,test,0,0.00065291295
895,test,0,0.0001779486
4010,test,0,0.00043905436
9271,test,0,0.00013916791
877,test,0,9.7086224e-05
3567,test,0,2.672783e-05
6448,test,0,0.00035272824
7100,test,0,0.0014609715
10193,test,0,8.2624516e-05
4231,test,0,0.009946885
2285,test,0,4.4644792e-05
2679,test,0,0.0008467575
1738,test,0,0.005690022
705,test,0,3.5223708e-05
5943,test,0,1.21939265e-05
4161,test,0,3.5630328e-05
5090,test,0,0.0016012642
5068,test,0,9.986759e-05
9147,test,0,0.043558605
9140,test,0,0.002036832
4820,test,0,0.035044964
6468,test,0,0.0021241677
1267,test,0,0.05392875
4601,test,0,0.0061863447
919,test,0,0.0019263614
6688,test,0,0.0026520186
1782,test,0,0.00013223052
9758,test,0,0.0028942046
5941,test,0,0.0035336954
6906,test,0,0.0019988853
3440,test,0,0.018080482
10308,test,0,0.007846331
9379,test,0,2.4659908e-05
4689,test,0,0.0031482002
8484,test,0,0.00013766122
2219,test,0,0.033630192
10843,test,0,0.004026838
6936,test,0,0.0025942698
5442,test,0,0.0011751803
8907,test,0,0.0026361747
10825,test,0,0.004648947
4129,test,0,0.0006590474
4439,test,0,0.00025019058
10157,test,0,0.00014952707
5408,test,0,0.00011965255
6497,test,0,0.00022167597
4883,test,0,3.2439875e-05
1423,test,0,3.2499116e-05
8466,test,0,8.521443e-06
8100,test,0,2.611212e-05
303,test,0,0.00018321052
11054,test,0,0.054980576
6015,test,0,1.9844163e-05
10166,test,0,2.2578482e-05
2833,test,0,0.00034496904
9363,test,0,0.00043128635
4880,test,0,2.0551377e-05
7072,test,0,5.1652212e-05
10228,test,0,0.00049776986
9276,test,0,0.00038778564
3645,test,0,0.00092855643
922,test,0,1.207229e-05
5315,test,0,3.0132309e-05
876,test,0,9.459095e-05
5420,test,0,0.00045899296
2199,test,0,0.00010869865
7593,test,0,0.00074417086
1569,test,0,0.0013220994
1571,test,0,6.625909e-05
5426,test,0,0.0017852996
7026,test,0,0.00033609633
7123,test,0,4.8117807e-05
4598,test,0,0.0073089944
744,test,0,8.824948e-05
5057,test,0,0.0007560505
7812,test,0,0.0031824359
751,test,0,0.0007242277
4764,test,0,0.0006194911
530,test,0,9.196583e-05
5088,test,0,0.0009512376
1994,test,0,0.0011492327
1553,test,0,0.0014111056
7392,test,0,4.1080555e-05
1446,test,0,2.59771e-05
2845,test,0,0.0002881934
6384,test,0,0.0010503157
8911,test,0,2.0891424e-05
6093,test,0,0.0014668369
1041,test,0,0.00024489028
488,test,0,0.00014603231
7288,test,0,0.0005185733
6275,test,0,7.0214075e-05
2846,test,0,1.742545e-05
7041,test,0,0.0012338632
10159,test,0,8.0479476e-05
6672,test,0,0.011323467
9574,test,0,0.0018025342
1445,test,0,4.0827053e-05
9524,test,0,0.00039962344
7831,test,0,0.015147666
9378,test,0,9.947333e-06
1551,test,0,7.3152237e-06
4121,test,0,0.0026014906
1056,test,0,0.0065575014
6153,test,0,2.0888254e-05
10216,test,0,0.0040843305
9527,test,0,0.003860567
5313,test,0,0.00010583752
4686,test,0,0.001464103
6632,test,0,7.708644e-05
4421,test,0,0.0009809649
3059,test,0,0.0009325654
9744,test,0,4.452987e-05
6195,test,0,6.734077e-05
1097,test,0,3.4112534e-05
1681,test,0,0.006192121
6161,test,0,0.0020586925
482,test,0,1.6047938e-05
2759,test,0,0.0013687023
10780,test,0,0.0005301133
2768,test,0,3.46089e-05
7241,test,0,0.0013669675
7193,test,0,4.022181e-05
10607,test,0,4.022181e-05
8256,test,0,0.00063397165
915,test,0,2.114272e-05
7244,test,0,3.0879837e-05
6212,test,0,3.60996e-05
6491,test,0,1.3907249e-05
10215,test,0,0.0072828066
4479,test,0,0.0029223433
1156,test,0,0.0021105763
5817,test,0,0.0005004581
1985,test,0,0.000485767
5443,test,0,2.7160584e-05
1986,test,0,0.00089925696
8468,test,0,0.00078945234
3572,test,0,1.9244351e-05
933,test,0,0.0033866172
3029,test,0,0.00088366045
6523,test,0,8.041837e-06
4803,test,0,1.3672906e-05
7520,test,0,0.00013061374
1533,test,0,0.0023608522
4782,test,0,0.00040632533
8255,test,0,0.00068639836
2556,test,0,2.4829606e-05
10399,test,0,0.00056490727
10297,test,0,0.001097166
3921,test,0,3.2192012e-05
8788,test,0,0.004725692
9563,test,0,4.642341e-05
1154,test,0,0.004736339
5938,test,0,0.0020940267
5415,test,0,5.3703567e-05
7325,test,0,0.004738444
3074,test,0,3.168065e-05
7446,test,0,0.000100353165
2773,test,0,0.0001067926
3691,test,0,0.00029078414
9488,test,0,5.0451305e-05
4407,test,0,9.129497e-05
2478,test,0,0.00063677964
9247,test,0,3.1651187e-05
9525,test,0,3.4147903e-05
4244,test,0,0.00016196526
9515,test,0,3.088275e-05
2586,test,0,3.3446e-05
941,test,0,3.9670267e-05
7050,test,0,0.00019076477
7492,test,0,0.00038931874
6382,test,0,0.0013396682
9520,test,0,3.5430712e-05
8104,test,0,2.5845635e-05
3914,test,0,0.00037703227
7467,test,0,0.00010676541
4109,test,0,0.00050583715
799,test,0,0.0008302959
9345,test,0,1.8755725e-05
380,test,0,0.0039242664
2713,test,0,0.00073744805
10820,test,0,9.862693e-06
2202,test,0,0.0007229727
1130,test,0,0.00012926439
6338,test,0,4.1423566e-05
2207,test,0,0.00074210856
9390,test,0,0.0011485246
7453,test,0,8.193677e-05
5677,test,0,9.459177e-05
1679,test,0,0.0005057985
523,test,0,0.0054945466
5447,test,0,0.0005935446
8391,test,0,0.00033315696
7816,test,0,0.0009902562
1677,test,0,7.345721e-05
3095,test,0,0.00066059513
6209,test,0,0.0023429892
8472,test,0,9.897341e-05
5821,test,0,6.9025366e-05
2878,test,0,0.0021926695
3045,test,0,1.7196262e-05
11055,test,0,1.6199001e-05
9749,test,0,0.0010306025
3753,test,0,8.6135544e-05
5105,test,0,3.1001033e-05
1542,test,0,1.0353507e-05
8482,test,0,0.0003835969
299,test,0,2.6716467e-05
10724,test,0,1.8807372e-05
5066,test,0,0.0015147034
2229,test,0,0.0005741309
8905,test,0,1.2965919e-05
1059,test,0,9.426548e-05
7181,test,0,0.0009479853
10937,test,0,1.0062353e-05
9581,test,0,0.00016747657
9591,test,0,0.0005691173
6528,test,0,0.00043430208
6013,test,0,0.0004909521
6460,test,0,9.965332e-05
8812,test,0,0.0007186451
8105,test,0,0.00017307914
2849,test,0,0.00020599326
11042,test,0,1.6621934e-05
6167,test,0,5.4422904e-05
3565,test,0,1.4244068e-05
2551,test,0,0.00080770644
2665,test,0,0.0024714477
6118,test,0,8.847599e-05
5956,test,0,1.1636057e-05
2834,test,0,4.7768805e-05
6471,test,0,1.5941883e-05
7088,test,0,6.636843e-05
3764,test,0,0.00049093465
7194,test,0,0.0017374477
745,test,0,4.0725965e-05
2880,test,0,4.165943e-05
2187,test,0,0.00031471203
1874,test,0,8.247877e-05
7470,test,0,2.8428623e-05
7813,test,0,0.0074846847
8124,test,0,0.0010040639
4092,test,0,2.6229112e-05
6545,test,0,0.0030726115
7384,test,0,2.5079155e-05
5356,test,0,8.579512e-06
7449,test,0,4.151882e-05
6125,test,0,8.0479476e-05
3695,test,0,8.0479476e-05
10341,test,0,8.0479476e-05
5405,test,0,3.499753e-05
3065,test,0,0.00010696625
6509,test,0,5.5235687e-05
1111,test,0,0.002264087
10829,test,0,0.0006770252
5410,test,0,1.05099125e-05
4776,test,0,1.29713235e-05
7478,test,0,1.5679032e-05
10593,test,0,0.003948001
8356,test,0,0.00061536924
2192,test,0,3.5475616e-05
4093,test,0,3.647754e-05
7747,test,0,0.0025886646
7815,test,0,6.871824e-05
8629,test,0,0.0044095167
1055,test,0,0.002807712
8408,test,0,0.0034676134
1687,test,0,0.00022024327
1572,test,0,0.0013837438
4590,test,0,1.4690007e-05
4875,test,0,3.9791903e-05
5951,test,0,0.00010471587
6671,test,0,0.0013063647
4532,test,0,9.622537e-05
10737,test,0,0.007839874
4884,test,0,0.00015922099
3761,test,0,0.0026498828
8816,test,0,0.0054603815
3759,test,0,4.7880796e-05
9742,test,0,0.00022988894
7104,test,0,4.5027395e-05
10404,test,0,0.0018490038
5947,test,0,0.002416961
3031,test,0,2.4085197e-05
5138,test,0,0.0047425404
7383,test,0,4.0186987e-05
3689,test,0,0.0014063308
10849,test,0,0.0014802754
10235,test,0,0.003884015
5080,test,0,1.9379631e-05
8745,test,0,0.0020890543
9740,test,0,0.0010068866
3922,test,0,5.408472e-05
4881,test,0,0.002255441
11013,test,0,0.006534341
7332,test,0,0.0007093774
7065,test,0,3.846066e-05
10298,test,0,0.0037026638
3027,test,0,3.2423162e-05
2286,test,0,4.8209822e-05
10168,test,0,3.8501385e-05
5940,test,0,4.0746843e-05
5451,test,0,0.00011055374
6695,test,0,1.4956517e-05
9556,test,0,0.0028700929
7051,test,0,3.594667e-05
2196,test,0,0.00012619818
6453,test,0,0.0033783177
1774,test,0,2.8428623e-05
5493,test,0,3.570289e-05
4473,test,0,0.0017152147
8865,test,0,3.6317506e-05
5818,test,0,2.8428623e-05
4232,test,0,1.6755286e-05
7528,test,0,0.00024124808
3925,test,0,1.4858929e-05
6485,test,0,1.4269938e-05
6127,test,0,0.00010743692
8114,test,0,3.4550492e-05
5517,test,0,7.4320774e-06
4484,test,0,0.00036893968
9776,test,0,5.515511e-05
3649,test,0,5.709436e-05
2477,test,0,2.4508023e-05
2190,test,0,0.00018402244
6207,test,0,0.0009981863
3760,test,0,0.004222316
4525,test,0,0.00011055374
8101,test,0,0.00012047527
1952,test,0,0.00021515045
5303,test,0,0.0001749537
6514,test,0,0.0025833584
5510,test,0,0.0031412407
6095,test,0,9.459266e-06
3369,test,0,0.00012405524
2850,test,0,0.0003842999
8792,test,0,0.0008282249
9365,test,0,0.021865258
6494,test,0,0.00013878614
2259,test,0,0.0005384912
7833,test,0,4.757207e-05
6337,test,0,0.0034916338
4471,test,0,9.459266e-06
6501,test,0,0.0032227016
1159,test,0,0.0019881427
1546,test,0,0.0035871186
1421,test,0,3.0360605e-05
58,test,0,8.443271e-05
9490,test,0,0.0013773144
8636,test,0,8.94854e-05
10832,test,0,8.818577e-05
10046,test,0,3.800267e-05
9148,test,0,0.0013879542
9145,test,0,6.420944e-05
4102,test,0,0.00013042205
4128,test,0,1.4442882e-05
6194,test,0,9.459259e-06
7750,test,0,0.001180051
1095,test,0,0.00054323935
9151,test,0,2.08048e-05
5668,test,0,0.0020744256
10839,test,0,0.00182786
8682,test,0,0.0005549319
3892,test,0,1.191181e-05
8660,test,0,6.0446844e-05
10603,test,0,6.0446844e-05
7535,test,0,0.0050274525
2462,test,0,0.0002044727
4164,test,0,0.00035114327
6444,test,0,1.4422123e-05
7455,test,0,3.2346972e-05
8628,test,0,0.0007751989
10150,test,0,4.0451694e-05
4556,test,0,8.588253e-05
5505,test,0,0.0003618759
2251,test,0,0.0002044727
3092,test,0,0.0033054752
8681,test,0,0.00022681554
5528,test,0,0.006105621
2447,test,0,0.00027793372
3894,test,0,7.811546e-05
10609,test,0,0.009308862
4022,test,0,0.0017251667
6533,test,0,3.353431e-05
9327,test,0,1.7415237e-05
2468,test,0,0.00011198875
7128,test,0,8.468432e-05
3109,test,0,8.468432e-05
4418,test,0,0.0005099422
10153,test,0,0.00014296143
4543,test,0,0.00018402461
3064,test,0,0.0005264032
6272,test,0,0.00027314108
10854,test,0,0.00022896078
5419,test,0,0.00034577627
3507,test,0,0.00066812895
1683,test,0,2.8013712e-05
2716,test,0,0.0016925501
3362,test,0,3.893547e-05
7052,test,0,2.942523e-05
10840,test,0,0.0008036112
7103,test,0,0.00036139565
6217,test,0,0.00071589655
7032,test,0,2.3200137e-05
8495,test,0,0.0002804093
1441,test,0,2.8046888e-05
3919,test,0,2.6477228e-05
7513,test,0,0.00020087419
5676,test,0,2.4471403e-05
5439,test,0,0.0003174235
7097,test,0,8.13377e-06
4535,test,0,0.00069832697
4009,test,0,0.00021328927
8462,test,0,1.3888502e-05
2708,test,0,0.00029751487
6210,test,0,1.0791671e-05
1544,test,0,0.0002214867
5999,test,0,0.00033200788
6926,test,0,5.651192e-05
6681,test,0,6.220983e-05
10732,test,0,1.9841522e-05
1729,test,0,3.443758e-05
4448,test,0,7.72061e-05
8916,test,0,0.00043172404
6350,test,0,0.00031115336
5431,test,0,0.00034647743
5104,test,0,6.0245555e-05
4578,test,0,0.00044299956
1885,test,0,0.00015259627
3693,test,0,9.459095e-05
10148,test,0,0.00067873526
1447,test,0,0.0043332092
6564,test,0,2.0988102e-05
5094,test,0,8.690474e-05
480,test,0,0.00079778954
8791,test,0,0.00046130258
9750,test,0,5.608829e-05
4554,test,0,0.000646997
4441,test,0,0.0011683363
1561,test,0,0.000103033424
4002,test,0,1.9845038e-05
4021,test,0,0.0018639307
4533,test,0,0.00025313147
3062,test,0,0.0016887169
10756,test,0,7.225897e-05
5939,test,0,6.9700916e-05
2668,test,0,2.5700203e-05
3916,test,0,4.631293e-05
1744,test,0,1.6923726e-05
10602,test,0,0.0012304852
7523,test,0,0.0011750747
7077,test,0,0.0013686464
3561,test,0,1.0145686e-05
6091,test,0,0.007751867
6554,test,0,0.000339038
2475,test,0,0.00041476902
8677,test,0,0.00031320183
6228,test,0,1.2716415e-05
7542,test,0,0.00025061035
6187,test,0,0.0023292687
1754,test,0,5.1879917e-05
1557,test,0,0.0004131388
2670,test,0,0.005791031
8727,test,0,6.209674e-05
6469,test,0,0.0005477019
2946,test,0,0.0017931401
11061,test,0,9.340055e-06
48,test,0,0.00075492443
3111,test,0,2.9488978e-05
2004,test,0,1.1413279e-05
9387,test,0,3.666092e-05
6522,test,0,0.0006604762
7821,test,0,0.00043116257
5516,test,0,0.0015390798
2456,test,0,0.0007781638
3373,test,0,0.000120658566
7080,test,0,0.003348529
8619,test,0,6.0703904e-05
7045,test,0,2.6523297e-05
11046,test,0,4.6764475e-05
1773,test,0,7.2054604e-06
10944,test,0,1.163293e-05
11010,test,0,0.0010446738
10922,test,0,2.2180775e-05
516,test,0,0.0011760455
2552,test,0,3.3044544e-05
2847,test,0,0.0076244455
9358,test,0,0.0013556324
6474,test,0,7.679857e-06
2256,test,0,0.00030369856
3036,test,0,2.7029651e-05
10608,test,0,2.3275e-05
6629,test,0,2.3559089e-05
7090,test,0,0.0011851963
1543,test,0,8.837144e-06
10476,test,0,1.1091421e-05
479,test,0,0.0011489503
7336,test,0,9.274349e-06
62,test,0,0.0003961894
2661,test,0,0.00029532213
2765,test,0,9.801087e-06
6198,test,0,0.0033284305
8110,test,0,0.00012774508
9583,test,0,1.7544708e-05
3943,test,0,8.81568e-06
8627,test,0,2.8837718e-05
524,test,0,0.00011267319
6223,test,0,0.0011722047
5494,test,0,8.294683e-05
9326,test,0,1.3914962e-05
3047,test,0,0.0031214918
10746,test,0,1.005856e-05
6019,test,0,0.000441037
6505,test,0,2.6182923e-05
7245,test,0,1.3169409e-05
7814,test,0,0.00012047527
10725,test,0,1.0448196e-05
3576,test,0,1.1091421e-05
4447,test,0,7.803549e-05
1953,test,0,2.378192e-05
2760,test,0,2.8559069e-05
909,test,0,1.5055755e-05
7338,test,0,2.2502452e-05
10597,test,0,0.0021288462
4677,test,0,0.025443051
5674,test,0,0.0011343812
6354,test,0,5.501818e-05
5069,test,0,0.0011181174
925,test,0,2.4093406e-05
7473,test,0,0.012198786
2656,test,0,0.0014755559
6461,test,0,1.0711759e-05
3636,test,0,1.3945788e-05
1775,test,0,9.406238e-06
1989,test,0,0.0016827162
6265,test,0,6.249069e-05
7530,test,0,0.0004616924
4246,test,0,0.0035939966
6678,test,0,0.0001316983
7326,test,0,2.4927142e-05
5321,test,0,0.0024830895
8397,test,0,0.0016525128
9360,test,0,0.00031330463
6519,test,0,5.5173354e-05
6916,test,0,2.3647717e-05
8238,test,0,0.00013275351
4800,test,0,0.0053965896
6480,test,0,0.00015630854
5519,test,0,5.7448495e-05
9371,test,0,0.0012162162
1995,test,0,1.5678612e-05
7482,test,0,3.3588785e-05
67,test,0,0.0016082773
1732,test,0,9.309332e-06
786,test,0,0.0011115444
1747,test,0,0.0043707904
6532,test,0,2.1204976e-05
1760,test,0,0.0020832552
6189,test,0,8.2166325e-06
1272,test,0,0.0006042359
2220,test,0,0.0054786494
10222,test,0,3.9170616e-05
3443,test,0,2.493427e-05
10208,test,0,5.0406827e-05
7578,test,0,0.0022813557
2723,test,0,0.0013756767
2081,test,0,0.00088705553
6457,test,0,2.0318144e-05
7486,test,0,0.0016554565
6922,test,0,1.9429863e-05
7484,test,0,8.25142e-05
7247,test,0,1.6281449e-05
6170,test,0,1.4874113e-05
8898,test,0,0.0013044744
1826,test,0,0.0066722617
7666,test,0,4.6191286e-05
6199,test,0,9.935839e-06
8739,test,0,2.4803843e-05
1840,test,0,9.2265145e-06
10316,test,0,0.00083374523
3091,test,0,1.351454e-05
6529,test,0,1.1045157e-05
9513,test,0,7.747869e-05
1261,test,0,9.733811e-06
7663,test,0,0.0002422485
8829,test,0,0.0014268324
7461,test,0,7.512601e-05
10586,test,0,9.226489e-06
792,test,0,9.309334e-06
1053,test,0,2.6588355e-05
802,test,0,0.0012405606
9333,test,0,0.00044143564
3360,test,0,0.00012405502
1770,test,0,3.4272925e-05
10778,test,0,9.459259e-06
3898,test,0,4.138895e-05
5683,test,0,0.00012055755
2758,test,0,5.3413827e-05
2080,test,0,0.00016768112
11060,test,0,0.0010243885
6558,test,0,2.068331e-05
2947,test,0,3.7342827e-05
5304,test,0,0.004620641
6176,test,0,0.0017617178
10466,test,0,2.0570476e-05
5502,test,0,3.4041033e-05
7320,test,0,1.5415073e-05
307,test,0,0.0028093678
4765,test,0,0.00014592898
6481,test,0,1.4194189e-05
5531,test,0,0.0016626056
4547,test,0,0.0008675689
7516,test,0,5.3987238e-05
1548,test,0,2.8503979e-05
880,test,0,0.003289206
1731,test,0,0.0023829946
50,test,0,5.6113407e-05
7039,test,0,3.741877e-05
3946,test,0,0.021814642
1725,test,0,0.0625354
7089,test,0,2.9423461e-05
6261,test,0,0.003364964
3097,test,0,1.5047893e-05
910,test,0,0.011438199
6008,test,0,0.00021583177
6218,test,0,1.324418e-05
8248,test,0,0.003229583
7575,test,0,0.0014204471
1429,test,0,0.00021131584
5520,test,0,7.045797e-05
7671,test,0,0.00012995963
316,test,0,0.0072517106
7353,test,0,5.229873e-05
3101,test,0,0.0017090656
4111,test,0,0.0036874453
2685,test,0,0.020694377
5092,test,0,2.7732423e-05
7352,test,0,0.00011988159
2933,test,0,4.968313e-05
5670,test,0,0.0004941511
7515,test,0,0.0005933554
4684,test,0,0.0013884399
2194,test,0,0.00037816828
3509,test,0,0.00013326804
8605,test,0,0.00011309123
4091,test,0,0.00016889146
3069,test,0,0.0019208228
749,test,0,0.00046054955
1884,test,0,0.0010158863
9566,test,0,0.0005872195
2648,test,0,0.0001354642
8120,test,0,0.0013167011
10045,test,0,0.0001449114
2563,test,0,0.0006338787
9259,test,0,7.8270205e-05
10816,test,0,0.0012455774
7659,test,0,0.0017363569
10409,test,0,0.00027595792
5825,test,0,0.00028129425
7829,test,0,0.00016027482
944,test,0,5.1369156e-05
3375,test,0,3.2614393e-05
327,test,0,2.8013712e-05
7660,test,0,0.00021951053
2203,test,0,3.2032774e-05
1418,test,0,4.987752e-05
4235,test,0,0.0007465788
1103,test,0,5.129171e-06
5444,test,0,5.5419783e-05
6375,test,0,7.495948e-06
10211,test,0,3.2168748e-05
10171,test,0,0.0004197674
7519,test,0,3.068326e-05
9335,test,0,0.001016299
2394,test,0,0.000109840774
5830,test,0,0.00045135952
4103,test,0,2.4773439e-05
10218,test,0,8.280619e-06
61,test,0,0.00033649747
6270,test,0,2.3869234e-05
1435,test,0,0.0002251951
4879,test,0,0.000666029
6637,test,0,2.2102586e-05
3646,test,0,0.00013598874
8367,test,0,2.9336183e-05
5816,test,0,7.0575705e-05
2641,test,0,2.4918814e-05
2186,test,0,2.7212505e-05
49,test,0,4.0120005e-05
5076,test,0,7.63739e-06
5317,test,0,0.0009841757
6006,test,0,0.00023240353
2215,test,0,5.0092312e-05
1743,test,0,8.313783e-06
6449,test,0,1.3823444e-05
2565,test,0,5.4033466e-05
2721,test,0,6.625868e-05
1539,test,0,2.3205375e-05
879,test,0,3.154205e-05
3906,test,0,8.042803e-05
9493,test,0,0.00029728742
2770,test,0,0.0025370866
2935,test,0,0.00018633084
1037,test,0,1.8997149e-05
2558,test,0,3.465469e-05
6226,test,0,1.470655e-05
6557,test,0,5.586609e-05
7479,test,0,0.0009828303
6227,test,0,0.0004230744
4815,test,0,0.000680017
6101,test,0,1.19982105e-05
10935,test,0,3.220244e-05
2261,test,0,0.00021585583
4690,test,0,1.9776251e-05
5071,test,0,2.0471693e-05
5414,test,0,4.6046567e-05
6165,test,0,1.9798626e-05
6515,test,0,5.8432972e-05
913,test,0,0.00028469542
6353,test,0,0.0026572275
4816,test,0,2.3224786e-05
4476,test,0,0.003964566
2649,test,0,0.00058236823
7335,test,0,0.00011178611
7536,test,0,0.00011178611
8861,test,0,0.00025483177
5949,test,0,2.2961436e-05
6162,test,0,4.209162e-05
6326,test,0,4.6736797e-05
5081,test,0,2.6839987e-05
10398,test,0,9.88917e-05
11049,test,0,3.530976e-05
10301,test,0,4.509314e-05
2756,test,0,0.001122042
8252,test,0,0.000465561
9343,test,0,1.5255653e-05
9344,test,0,5.2797266e-05
8458,test,0,0.00048245728
2000,test,0,0.0003593995
6679,test,0,0.00010065864
4242,test,0,2.3341667e-05
3078,test,0,2.5018804e-05
4446,test,0,0.00061945955
7242,test,0,2.2399563e-05
1741,test,0,7.840679e-05
8732,test,0,0.0016448499
8626,test,0,0.00079640694
1558,test,0,0.0001229538
6510,test,0,0.0014809599
5085,test,0,0.00026772142
6473,test,0,0.00024673485
704,test,0,0.00093782466
9585,test,0,1.9259147e-05
11062,test,0,0.0048938454
319,test,0,0.00030404856
7324,test,0,0.00045233956
1750,test,0,1.6043432e-05
11059,test,0,9.033798e-06
7749,test,0,0.0013621689
3643,test,0,2.0398991e-05
798,test,0,3.0322799e-05
10718,test,0,0.0019997277
2927,test,0,0.00074377307
4791,test,0,2.1953507e-05
6517,test,0,0.00048898475
7672,test,0,0.000543722
1990,test,0,5.2648866e-05
914,test,0,1.632388e-05
7655,test,0,3.2682816e-05
10598,test,0,3.357809e-05
7127,test,0,0.00017825275
2252,test,0,6.362801e-05
10822,test,0,1.0084517e-05
5106,test,0,1.0420089e-05
9261,test,0,1.445178e-05
8240,test,0,2.1916503e-05
9272,test,0,0.0004923394
1767,test,0,3.0060011e-05
10053,test,0,0.00030209534
1087,test,0,0.00065200997
4116,test,0,1.0063428e-05
7121,test,0,0.0015744843
5074,test,0,9.721559e-06
9262,test,0,0.0030394443
1254,test,0,1.9881069e-05
4482,test,0,1.0063428e-05
4702,test,0,0.00045096324
5320,test,0,0.00012010446
1443,test,0,0.00074175413
6928,test,0,1.0062353e-05
4778,test,0,0.0023633095
10015,test,0,0.0010740974
7836,test,0,3.4480203e-05
6264,test,0,3.0152823e-05
1876,test,0,0.0002478527
7463,test,0,4.4403412e-05
1737,test,0,1.3882398e-05
8358,test,0,0.00069658196
9782,test,0,0.0008270592
6551,test,0,0.00065800286
4539,test,0,0.0005160742
9738,test,0,0.00021770263
5100,test,0,0.00064867083
4101,test,0,0.001092746
2660,test,0,3.5226483e-05
7594,test,0,9.490462e-06
8280,test,0,0.0011553401
531,test,0,0.0049028
2657,test,0,0.0001390099
2224,test,0,7.115536e-05
7190,test,0,0.0022577
2569,test,0,2.6280484e-05
1828,test,0,9.165619e-06
2448,test,0,0.001481614
2941,test,0,2.0608944e-05
11043,test,0,3.8511003e-05
1248,test,0,0.0012910214
6347,test,0,0.00039270555
9133,test,0,1.1022603e-05
1107,test,0,1.4663902e-05
5509,test,0,8.5261636e-05
2678,test,0,4.6963734e-05
9761,test,0,0.00011418958
3098,test,0,1.17012e-05
7393,test,0,0.00012955577
10844,test,0,0.0015194714
9270,test,0,9.13209e-06
7250,test,0,0.0005849208
7739,test,0,1.1204459e-05
6911,test,0,8.800374e-06
7485,test,0,0.00025737932
8793,test,0,3.2931173e-05
1161,test,0,4.006285e-05
4410,test,0,4.1073337e-05
2582,test,0,0.00012582375
4793,test,0,1.3117428e-05
5349,test,0,9.531261e-06
3945,test,0,0.0031758389
6483,test,0,0.0008510972
1045,test,0,0.00060495455
6344,test,0,0.0003822549
2248,test,0,3.4898672e-05
4693,test,0,1.0504908e-05
6370,test,0,0.004111016
740,test,0,0.00026861028
4403,test,0,0.00028104562
9769,test,0,9.351114e-06
791,test,0,1.1300665e-05
5306,test,0,4.5166493e-05
9279,test,0,0.00086716056
4696,test,0,0.00067097956
4972,test,0,0.0011031058
5513,test,0,1.2045227e-05
4797,test,0,9.204981e-06
1115,test,0,0.00027753145
1993,test,0,5.4806165e-05
924,test,0,1.698228e-05
10599,test,0,7.6235683e-06
935,test,0,1.1748852e-05
10589,test,0,1.077411e-05
5512,test,0,0.00010420079
6376,test,0,2.4371147e-05
8269,test,0,1.2125802e-05
10946,test,0,1.541687e-05
6512,test,0,0.0006103245
8473,test,0,0.023813365
8389,test,0,7.810921e-06
6445,test,0,0.0029538844
7534,test,0,0.003980597
2775,test,0,0.0009438796
6669,test,0,0.0004272309
10833,test,0,8.413051e-06
10241,test,0,0.0010486867
9369,test,0,3.7521706e-05
10012,test,0,3.2235588e-05
6380,test,0,0.00097462407
6683,test,0,2.0554031e-05
382,test,0,0.000313763
3103,test,0,5.9882164e-05
490,test,0,9.112272e-06
6023,test,0,0.0003066541
5749,test,0,1.4212385e-05
2386,test,0,0.0002590478
878,test,0,0.0004932351
8465,test,0,1.5143697e-05
2769,test,0,0.0023765436
6914,test,0,3.5840243e-05
10923,test,0,0.0004959631
6178,test,0,0.0021969313
917,test,0,0.0021294472
3642,test,0,1.1488619e-05
4526,test,0,0.00076149247
2449,test,0,3.185096e-05
9134,test,0,1.5320817e-05
8394,test,0,0.0018039538
8404,test,0,1.0432935e-05
9386,test,0,1.3442852e-05
7824,test,0,0.00080852205
2258,test,0,4.4408036e-05
2654,test,0,2.5766149e-05
10804,test,0,0.0012026556
6124,test,0,0.0011154811
9777,test,0,6.903299e-05
6513,test,0,0.0006676759
3937,test,0,0.0009750429
885,test,0,2.8428623e-05
10238,test,0,4.3544056e-05
1112,test,0,7.05914e-06
304,test,0,0.0017845611
7334,test,0,7.732063e-06
7592,test,0,0.0006613345
7228,test,0,2.8684264e-05
3367,test,0,0.0015698452
6938,test,0,0.00069317437
3084,test,0,0.00089316344
10753,test,0,0.00015388399
1038,test,0,1.5208685e-05
1249,test,0,2.7693755e-05
10807,test,0,1.3169409e-05
3041,test,0,0.0003750414
8813,test,0,0.019485766
1036,test,0,1.4216771e-05
2772,test,0,0.0019740267
9783,test,0,0.0011031786
3628,test,0,1.0448196e-05
6014,test,0,1.9259849e-05
1092,test,0,3.4727796e-05
6339,test,0,0.0007968383
3757,test,0,0.00012047527
1998,test,0,7.4355717e-06
5352,test,0,1.1091421e-05
8470,test,0,1.0579564e-05
7490,test,0,9.42101e-06
2675,test,0,6.7872083e-06
2193,test,0,0.00035180023
10773,test,0,3.7100563e-05
3684,test,0,0.00011055374
11058,test,0,1.5176769e-05
7098,test,0,1.3467184e-05
3926,test,0,1.0245479e-05
6452,test,0,1.5728756e-05
6004,test,0,6.641724e-05
1117,test,0,8.6373975e-06
4808,test,0,0.0023205096
6096,test,0,1.5252736e-05
9389,test,0,1.625426e-05
5744,test,0,0.00027649384
938,test,0,0.00023963586
1088,test,0,1.3858633e-05
4542,test,0,0.00019666283
8807,test,0,2.4438832e-05
10823,test,0,0.00041197042
8409,test,0,1.3355578e-05
9569,test,0,1.1879128e-05
702,test,0,0.00011055374
6214,test,0,9.259017e-06
5064,test,0,8.81568e-06
4698,test,0,1.0566777e-05
4105,test,0,0.0017669824
11006,test,0,0.0012171805
10771,test,0,2.9632447e-05
4469,test,0,9.331168e-06
7351,test,0,1.7794584e-05
8493,test,0,4.4173437e-05
8811,test,0,1.1091421e-05
4821,test,0,2.3219165e-05
4591,test,0,0.00071733753
6506,test,0,0.0023954539
7346,test,0,7.587276e-06
8245,test,0,1.0818515e-05
3564,test,0,0.00016371331
6670,test,0,4.3168784e-05
9589,test,0,0.0009521615
9139,test,0,1.6937152e-05
9331,test,0,1.5861011e-05
1757,test,0,1.5607427e-05
430,test,0,1.3169409e-05
9383,test,0,8.476084e-06
3936,test,0,1.8961753e-05
8279,test,0,0.00047957804
423,test,0,1.014846e-05
484,test,0,6.603818e-05
493,test,0,9.034202e-06
2645,test,0,7.681733e-05
5492,test,0,2.5766149e-05
5099,test,0,2.8155404e-05
1257,test,0,0.00039696842
8239,test,0,9.93686e-06
7819,test,0,0.00010743692
931,test,0,1.6175136e-05
10232,test,0,1.2148111e-05
6465,test,0,3.751983e-05
3927,test,0,9.697984e-06
9766,test,0,0.00023924623
6117,test,0,1.0885214e-05
6331,test,0,8.776505e-06
1565,test,0,1.0578511e-05
4581,test,0,1.09505245e-05
1568,test,0,8.0479476e-05
6530,test,0,2.3770504e-05
3644,test,0,9.968298e-05
1742,test,0,0.0013714123
11004,test,0,0.0008297314
4123,test,0,1.8737288e-05
5083,test,0,4.759693e-05
4822,test,0,1.639833e-05
11014,test,0,0.000118227035
4588,test,0,0.000152942
4238,test,0,1.328677e-05
6105,test,0,1.0711759e-05
7661,test,0,8.801928e-05
1678,test,0,0.00083760114
2934,test,0,1.5483607e-05
6351,test,0,1.4933085e-05
8460,test,0,4.9637627e-05
4443,test,0,0.00056546874
7283,test,0,0.000255173
10236,test,0,1.6558657e-05
6335,test,0,8.7764965e-06
1540,test,0,1.0664976e-05
797,test,0,1.0347876e-05
1417,test,0,0.00017333197
6321,test,0,0.00023979439
1728,test,0,1.957495e-05
789,test,0,0.00038016232
10472,test,0,1.3664344e-05
3574,test,0,1.1140926e-05
4097,test,0,2.2883412e-05
806,test,0,8.948139e-06
10011,test,0,0.001081819
8794,test,0,2.8591021e-05
803,test,0,1.6882821e-05
5688,test,0,0.0004756887
8494,test,0,0.00010743692
1873,test,0,3.0379813e-05
4786,test,0,4.3827582e-05
894,test,0,0.0002118046
10588,test,0,0.00343071
7588,test,0,2.267121e-05
2227,test,0,0.00026506433
5067,test,0,1.0984333e-05
4806,test,0,2.2014196e-05
10733,test,0,0.00091091945
6667,test,0,2.045676e-05
2283,test,0,0.0030745727
6202,test,0,1.366435e-05
9755,test,0,0.00088566093
9568,test,0,1.9961939e-05
930,test,0,7.0043584e-06
10337,test,0,0.0010009722
7538,test,0,0.00014771296
6682,test,0,0.00012796762
2659,test,0,0.00012796762
1050,test,0,2.0631223e-05
8258,test,0,1.16683805e-05
434,test,0,0.0021887338
10591,test,0,0.0012630608
5073,test,0,1.0719075e-05
8270,test,0,1.4164926e-05
8467,test,0,0.0001580313
512,test,0,6.736638e-05
4585,test,0,1.6528807e-05
1251,test,0,6.658646e-05
6935,test,0,1.29215e-05
4104,test,0,1.3491028e-05
5089,test,0,2.2671255e-05
4697,test,0,2.134658e-05
1158,test,0,0.0009976763
8912,test,0,8.776505e-06
10931,test,0,0.002454928
1151,test,0,9.174996e-05
10219,test,0,3.165438e-05
7445,test,0,0.0008498127
927,test,0,1.7661443e-05
1961,test,0,0.00056784425
6181,test,0,5.658606e-05
7331,test,0,1.6425458e-05
5062,test,0,1.00628795e-05
6635,test,0,1.606218e-05
7240,test,0,1.5678648e-05
7237,test,0,2.7744361e-05
928,test,0,1.6997617e-05
10601,test,0,0.014104787
903,test,0,1.5101885e-05
2762,test,0,3.4436125e-05
4589,test,0,0.0011027055
4809,test,0,5.4809414e-05
6157,test,0,1.6631617e-05
3639,test,0,1.9909263e-05
8867,test,0,5.456542e-05
8915,test,0,0.0026755587
8909,test,0,2.640664e-05
10741,test,0,1.2652165e-05
6352,test,0,3.051546e-05
5135,test,0,0.0012650713
53,test,0,0.00014616644
4162,test,0,3.5222063e-05
8276,test,0,0.00011132095
2936,test,0,2.0014282e-05
4599,test,0,1.612212e-05
3026,test,0,0.0049283756
6154,test,0,1.6246027e-05
4759,test,0,0.0010782371
6520,test,0,0.0015240972
1084,test,0,1.29713235e-05
6186,test,0,2.4017252e-05
4770,test,0,0.0010181557
9132,test,0,4.907376e-05
3055,test,0,3.0847856e-05
10345,test,0,0.0019152359
5059,test,0,1.29713235e-05
7525,test,0,3.5750116e-05
2673,test,0,5.5136457e-05
10147,test,0,0.00065871346
4523,test,0,0.00045850556
764,test,0,0.0001678123
4110,test,0,1.567861e-05
1891,test,0,0.00012236294
4004,test,0,0.00021545799
10723,test,0,2.5136304e-05
1882,test,0,8.1843384e-05
4239,test,0,3.1241525e-05
3930,test,0,4.0511302e-05
317,test,0,1.2652165e-05
10940,test,0,0.010976239
8386,test,0,0.0030441962
1046,test,0,1.3304951e-05
2943,test,0,5.4918302e-05
9330,test,0,1.3289545e-05
3929,test,0,1.5448402e-05
906,test,0,2.5699619e-05
8901,test,0,0.0024709345
3562,test,0,1.5198413e-05
7099,test,0,1.9764422e-05
3935,test,0,3.9650487e-05
5952,test,0,1.6074127e-05
6909,test,0,2.000548e-05
8097,test,0,4.738886e-05
6566,test,0,1.6074135e-05
6487,test,0,1.5678612e-05
10401,test,0,0.0022291308
10765,test,0,5.515484e-05
7360,test,0,0.004001471
4592,test,0,0.00052454096
5445,test,0,1.567862e-05
4796,test,0,1.874366e-05
2667,test,0,8.267528e-06
2840,test,0,0.000106830244
8275,test,0,0.0016344719
4236,test,0,1.14892e-05
9149,test,0,0.0039945585
6179,test,0,1.51018685e-05
4874,test,0,0.00018002884
5737,test,0,1.828247e-05
7333,test,0,0.001536315
4769,test,0,4.4955905e-05
1761,test,0,2.122949e-05
7540,test,0,6.24906e-05
1836,test,0,1.6074135e-05
2653,test,0,0.00025872083
6525,test,0,1.8946099e-05
3924,test,0,7.173102e-05
9154,test,0,5.709427e-05
4114,test,0,2.0465774e-05
2926,test,0,0.0038693321
6464,test,0,2.493427e-05
8913,test,0,1.0864609e-05
3083,test,0,0.00013609226
2469,test,0,0.00012405493
4795,test,0,1.2543773e-05
3629,test,0,2.05873e-05
1252,test,0,1.5355141e-05
9260,test,0,1.4876824e-05
5434,test,0,4.163609e-05
3436,test,0,0.0001052718
4555,test,0,0.0004711054
10036,test,0,0.0001749537
2720,test,0,0.00023647428
9131,test,0,0.0107493345
9361,test,0,3.7656555e-05
6690,test,0,0.00012174606
9263,test,0,9.936044e-06
10938,test,0,1.5448375e-05
1105,test,0,2.5935076e-05
11057,test,0,5.7094196e-05
7487,test,0,1.0714042e-05
4451,test,0,3.1156946e-05
4977,test,0,0.00013897066
2705,test,0,0.0015155098
2253,test,0,0.0001351881
3085,test,0,4.0400857e-05
9137,test,0,4.4621785e-05
8613,test,0,0.0001351881
10592,test,0,1.0561136e-05
6527,test,0,8.383176e-06
315,test,0,9.2265145e-06
10757,test,0,9.574686e-06
1270,test,0,4.3598455e-05
421,test,0,1.1615054e-05
2949,test,0,1.6288564e-05
4701,test,0,1.2774208e-05
4785,test,0,0.002006872
7330,test,0,2.2064316e-05
10850,test,0,0.00019396977
10585,test,0,0.0012161181
6442,test,0,3.461096e-05
10736,test,0,0.0021752082
4829,test,0,9.5990465e-05
8664,test,0,3.1239455e-05
3640,test,0,2.0683347e-05
7743,test,0,9.137926e-06
10463,test,0,2.9209688e-05
4540,test,0,4.4576434e-05
7827,test,0,0.00023487129
8503,test,0,0.00013518866
3928,test,0,9.309334e-06
6455,test,0,1.252472e-05
9339,test,0,1.2825106e-05
10465,test,0,0.0019608843
8897,test,0,1.2774208e-05
2387,test,0,3.0076206e-05
10317,test,0,0.0044380305
4828,test,0,9.4592615e-06
1734,test,0,1.1420415e-05
9268,test,0,1.4876906e-05
1749,test,0,1.0301265e-05
7728,test,0,0.0063963677
757,test,0,0.00014788088
787,test,0,2.4672629e-05
3024,test,0,1.2774208e-05
6169,test,0,2.2468379e-05
8388,test,0,1.1779043e-05
4988,test,0,0.00015164916
7182,test,0,0.00011993814
1951,test,0,0.000734453
4766,test,0,3.4081426e-05
9146,test,0,7.6082956e-06
10237,test,0,2.5591316e-05
7094,test,0,3.7758047e-05
7348,test,0,9.2265145e-06
8827,test,0,7.3152237e-06
4527,test,0,0.0010905549
2717,test,0,0.00013518866
1132,test,0,0.00012827221
1143,test,0,0.00015700757
7736,test,0,3.4789984e-05
4445,test,0,0.00013518866
4008,test,0,1.1722004e-05
9765,test,0,2.2088603e-05
1265,test,0,0.0011579047
5354,test,0,1.5696512e-05
4024,test,0,9.2265145e-06
2682,test,0,2.272298e-05
424,test,0,1.4586356e-05
10220,test,0,1.1928332e-05
300,test,0,8.913077e-06
2260,test,0,0.0001737958
4695,test,0,0.0001737958
1101,test,0,1.1649999e-05
5751,test,0,1.5195175e-05
2832,test,0,0.00032993266
486,test,0,8.1826465e-06
929,test,0,1.2085001e-05
7590,test,0,2.0683347e-05
3698,test,0,0.0013869697
8267,test,0,4.028099e-05
6213,test,0,1.0769592e-05
5096,test,0,1.2765424e-05
2763,test,0,8.014021e-06
1831,test,0,0.0007361696
6921,test,0,1.6014914e-05
296,test,0,0.0005600854
6185,test,0,3.3153545e-05
5065,test,0,1.21916355e-05
6330,test,0,0.0011433617
7070,test,0,3.4268236e-05
10314,test,0,0.0027247036
1752,test,0,9.979364e-06
7810,test,0,0.00013518782
899,test,0,0.0028071438
9377,test,0,1.7769344e-05
3633,test,0,2.502138e-05
6379,test,0,8.9004725e-06
6930,test,0,5.2690837e-05
6561,test,0,4.284434e-05
2931,test,0,0.0011856051
9138,test,0,3.0169751e-05
10745,test,0,2.6828726e-05
1100,test,0,1.176305e-05
11053,test,0,1.1722001e-05
6109,test,0,4.752744e-05
5526,test,0,7.315222e-06
1886,test,0,2.6073596e-05
2002,test,0,1.1722001e-05
4006,test,0,1.6404738e-05
8505,test,0,0.0014693051
7347,test,0,0.001648521
6206,test,0,1.4259844e-05
6378,test,0,1.2666396e-05
1127,test,0,2.7850832e-05
10809,test,0,1.2421763e-05
1730,test,0,1.50199885e-05
9737,test,0,0.0071843606
755,test,0,0.00087735086
4593,test,0,1.915438e-05
10852,test,0,1.0864613e-05
306,test,0,1.5534446e-05
6221,test,0,1.1997889e-05
1109,test,0,1.7238975e-05
309,test,0,1.461957e-05
4536,test,0,1.461957e-05
8405,test,0,4.502544e-05
3654,test,0,9.936052e-06
481,test,0,1.1722001e-05
7235,test,0,3.0432095e-05
483,test,0,3.2894284e-05
1139,test,0,0.001863191
1988,test,0,1.1433571e-05
10941,test,0,7.0667134e-06
9391,test,0,1.8803903e-05
10738,test,0,0.00013373702
2664,test,0,0.00013373702
5673,test,0,1.0669013e-05
10405,test,0,2.608371e-05
7596,test,0,0.0004768395
4682,test,0,0.009269604
6151,test,0,0.00081371685
6022,test,0,0.00024391623
9781,test,0,3.264765e-05
2567,test,0,8.704043e-05
5101,test,0,8.704043e-05
7073,test,0,0.00021106144
8121,test,0,0.0022026047
6320,test,0,9.479072e-06
10197,test,0,0.0022804094
1439,test,0,0.0012855291
7195,test,0,2.5549665e-05
4885,test,0,0.0017549343
7388,test,0,3.5812256e-05
7354,test,0,1.261818e-05
4761,test,0,5.5282322e-05
6003,test,0,0.0049838116
4112,test,0,4.1920008e-05
4982,test,0,2.9751003e-05
3573,test,0,1.1433571e-05
3653,test,0,0.00011521149
1835,test,0,0.0010733448
7483,test,0,0.026615169
7589,test,0,1.3087433e-05
4771,test,0,2.7452706e-05
2389,test,0,0.00089146994
495,test,0,0.0032935364
4974,test,0,0.0016330701
6508,test,0,0.003378297
8236,test,0,1.8076866e-05
5437,test,0,1.0625054e-05
6563,test,0,9.226489e-06
10462,test,0,1.1433571e-05
10845,test,0,1.1602879e-05
1149,test,0,2.24661e-05
10315,test,0,0.005756108
4987,test,0,0.00048515716
4683,test,0,1.1634822e-05
7081,test,0,0.02356386
8906,test,0,1.3914236e-05
9351,test,0,0.0015004699
8272,test,0,0.00039550962
10761,test,0,1.1455137e-05
1992,test,0,1.4036332e-05
9150,test,0,2.378376e-05
3038,test,0,1.6450811e-05
9362,test,0,0.000110003624
8243,test,0,1.4322259e-05
4029,test,0,9.936047e-06
10729,test,0,1.4897628e-05
801,test,0,2.5238525e-05
7584,test,0,1.0864613e-05
6336,test,0,2.6593656e-05
7046,test,0,4.7853315e-05
9434,test,0,2.4504148e-05
1106,test,0,1.0909119e-05
3034,test,0,8.663796e-06
1691,test,0,0.003085739
2848,test,0,0.00133697
5955,test,0,0.00068865967
2644,test,0,0.0012094139
3948,test,0,1.9858957e-05
8833,test,0,0.0048818905
1755,test,0,0.019683765
9778,test,0,0.0041161105
2835,test,0,0.0005483313
8512,test,0,3.3597535e-05
4681,test,0,1.2467561e-05
1104,test,0,0.00012294661
1554,test,0,1.7390403e-05
8264,test,0,0.0060800663
425,test,0,0.0005318119
5061,test,0,5.067299e-05
5435,test,0,0.0041546854
8401,test,0,7.3080206e-05
1160,test,0,8.424063e-06
5827,test,0,4.9828348e-05
10926,test,0,4.9828348e-05
5750,test,0,4.9541e-05
3446,test,0,0.06138063
900,test,0,2.3348088e-05
6536,test,0,1.5033129e-05
3685,test,0,3.1463078e-05
7042,test,0,0.0015046385
6156,test,0,3.830134e-05
923,test,0,0.00017298532
4811,test,0,0.0011350187
5310,test,0,0.00031700716
7571,test,0,0.0004855378
2771,test,0,1.0912826e-05
9253,test,0,0.00012156426
7122,test,0,0.0002468497
8406,test,0,1.707107e-05
1727,test,0,1.4422123e-05
4442,test,0,0.0022991255
10146,test,0,0.0028424955
5348,test,0,1.6143975e-05
5490,test,0,0.00027002228
701,test,0,0.0002654001
10759,test,0,1.6905627e-05
11048,test,0,2.2444838e-05
891,test,0,0.00013247368
2001,test,0,1.16318115e-05
3075,test,0,0.00022928331
9246,test,0,6.58201e-05
6175,test,0,5.3076088e-05
3057,test,0,0.00014491215
2089,test,0,0.00020419914
2391,test,0,0.0035409196
9518,test,0,4.538438e-05
6098,test,0,2.3489612e-05
295,test,0,2.5243164e-05
5532,test,0,0.00022555147
7517,test,0,8.031871e-05
4152,test,0,0.00020710395
7238,test,0,0.0052321255
1137,test,0,0.0052321255
4098,test,0,5.6406272e-05
7585,test,0,0.0012832645
6638,test,0,3.597786e-05
7475,test,0,0.0033238353
5679,test,0,0.0002468497
7489,test,0,1.5463193e-05
8471,test,0,1.1074695e-05
10309,test,0,1.1536946e-05
9384,test,0,1.681666e-05
8819,test,0,0.0057264674
10312,test,0,1.5777645e-05
5522,test,0,2.3553104e-05
4706,test,0,1.5251909e-05
8900,test,0,2.2994347e-05
1768,test,0,1.4814401e-05
4020,test,0,0.0014605754
759,test,0,0.0005322026
921,test,0,4.024237e-05
6458,test,0,1.4998504e-05
1089,test,0,0.0031445334
9579,test,0,2.3428405e-05
5347,test,0,4.0150637e-05
4015,test,0,2.2415057e-05
10848,test,0,1.4779333e-05
4444,test,0,0.014641222
8802,test,0,6.0712384e-05
1753,test,0,0.00095616485
6377,test,0,0.01160781
2188,test,0,0.0005010156
8480,test,0,0.00027173516
1833,test,0,1.6427832e-05
10158,test,0,9.176548e-05
4108,test,0,2.6883865e-05
10815,test,0,0.0050146347
3688,test,0,0.00021934678
7731,test,0,4.126735e-05
3368,test,0,0.0016503879
2937,test,0,0.00019980533
4402,test,0,0.00313631
6531,test,0,0.0038549774
3067,test,0,9.247147e-05
7025,test,0,0.0003980327
6694,test,0,0.005712374
1739,test,0,3.4069475e-05
10749,test,0,1.1536946e-05
8508,test,0,0.00039772576
8683,test,0,0.0027911176
3909,test,0,0.00073115877
5820,test,0,3.266555e-05
3947,test,0,1.7468854e-05
2868,test,0,0.00020087432
7732,test,0,0.00068133994
10595,test,0,0.007174688
9762,test,0,0.0062755
10224,test,0,1.5190431e-05
8103,test,0,0.00021040374
4436,test,0,0.0013525111
8670,test,0,0.00021040374
4790,test,0,2.30541e-05
4819,test,0,9.228768e-06
2652,test,0,0.00012436185
3950,test,0,0.0037208109
8825,test,0,7.1923214e-06
7835,test,0,0.0011241044
8403,test,0,1.0893112e-05
3650,test,0,1.1354055e-05
7029,test,0,4.335021e-05
3908,test,0,0.0003431664
6097,test,0,0.0016289945
10744,test,0,1.8262168e-05
2932,test,0,8.7024155e-06
3070,test,0,0.00013247368
2650,test,0,0.00023850224
6685,test,0,1.6300706e-05
9382,test,0,0.0020408006
6919,test,0,0.011022155
1442,test,0,4.2429452e-05
7548,test,0,0.00020697933
10846,test,0,0.011450521
3035,test,0,0.009608362
2577,test,0,0.00021040374
9258,test,0,4.6109864e-05
7184,test,0,0.00023653489
10803,test,0,2.6883865e-05
10842,test,0,0.0007983714
3901,test,0,0.00079878885
10838,test,0,7.487464e-05
8795,test,0,0.00070330367
4016,test,0,0.018311325
2839,test,0,0.00022928331
9277,test,0,1.7631517e-05
2578,test,0,0.00011343428
7822,test,0,7.077487e-05
6543,test,0,1.4560755e-05
2672,test,0,6.683808e-05
1049,test,0,1.6457743e-05
10943,test,0,0.0031905863
2707,test,0,0.000162644
8622,test,0,8.269286e-05
8363,test,0,8.5015716e-05
7188,test,0,0.00021062128
2249,test,0,0.0003258357
3094,test,0,3.1790918e-05
5082,test,0,0.0012678538
5058,test,0,2.6113363e-05
1772,test,0,2.7158336e-05
9388,test,0,1.4422123e-05
5137,test,0,0.00012932082
7730,test,0,2.761024e-05
2472,test,0,0.00020697933
3444,test,0,1.5781436e-05
2677,test,0,2.2086822e-05
2580,test,0,0.0022295497
8123,test,0,0.0002826058
7572,test,0,0.003720283
5525,test,0,0.0056392387
1839,test,0,0.005468294
9364,test,0,0.00027070407
2841,test,0,0.0016671385
5743,test,0,1.7794184e-05
5937,test,0,0.005238978
7591,test,0,3.165121e-05
756,test,0,0.00022928478
1125,test,0,0.00044142592
889,test,0,0.0042680963
6345,test,0,1.34380325e-05
6537,test,0,0.0027362749
2651,test,0,0.00022652456
1966,test,0,0.00013247368
7669,test,0,0.00022027109
754,test,0,0.00032327743
7357,test,0,2.0945103e-05
1954,test,0,3.6120706e-05
7340,test,0,1.9532916e-05
7587,test,0,0.0007197155
6666,test,0,3.6077025e-05
1153,test,0,2.945773e-05
6503,test,0,3.736839e-05
4678,test,0,0.017892275
7481,test,0,2.5313895e-05
6383,test,0,4.572401e-05
9772,test,0,5.09064e-05
1124,test,0,0.0013522761
1035,test,0,0.0002254898
432,test,0,5.9366754e-05
5529,test,0,6.0999173e-05
10835,test,0,0.00087743043
10300,test,0,3.2952506e-05
5954,test,0,0.0001740385
5499,test,0,0.00017296427
8902,test,0,0.001425291
3066,test,0,0.0004112246
7832,test,0,0.0005892555
5496,test,0,0.00022428803
2464,test,0,0.0005332423
6499,test,0,0.00030680513
7028,test,0,0.00043428072
2473,test,0,0.0001942003
8260,test,0,6.625843e-05
11005,test,0,0.000100257326
788,test,0,0.00022567087
4415,test,0,0.00028994362
8107,test,0,0.00025713348
795,test,0,0.00024822576
7386,test,0,2.5691965e-05
11011,test,0,0.00019568943
3106,test,0,0.0006993241
10170,test,0,7.897937e-05
5129,test,0,0.00026582088
4475,test,0,0.00081452
10999,test,0,0.00031178148
308,test,0,0.00017171292
712,test,0,7.720716e-05
6200,test,0,0.00041164667
1140,test,0,0.0004017588
7741,test,0,7.916213e-05
3888,test,0,0.00028352012
9433,test,0,0.00013509704
7071,test,0,0.0005140376
1448,test,0,0.00011314184
2564,test,0,0.00023856144
10772,test,0,0.00030545003
3365,test,0,0.00010192447
6017,test,0,0.00014030107
9528,test,0,0.00012678003
2211,test,0,0.0019848484
893,test,0,0.00015463855
5457,test,0,0.00014845612
6466,test,0,7.0654125e-05
10200,test,0,7.313859e-05
6266,test,0,8.4502884e-05
1128,test,0,8.3875224e-05
4691,test,0,8.3875224e-05
10043,test,0,0.00019298318
6160,test,0,0.00070924836
8257,test,0,0.0001881434
10478,test,0,0.00028494743
805,test,0,0.0006831451
8479,test,0,0.00019959357
1048,test,0,0.001184857
426,test,0,0.0006653895
3017,test,0,0.0013856561
4775,test,0,0.00019521781
8801,test,0,0.00019895255
6907,test,0,0.00038261418
7047,test,0,0.00046994962
7658,test,0,0.00014052438
10214,test,0,0.0036295108
8487,test,0,0.00021545531
8355,test,0,4.7880596e-05
5427,test,0,4.7880596e-05
384,test,0,0.0006524872
4094,test,0,0.00010024525
381,test,0,5.6867426e-05
7389,test,0,0.00022525985
8244,test,0,2.8194e-05
9512,test,0,2.8194e-05
1889,test,0,0.00023773611
5828,test,0,0.0012846304
4027,test,0,0.00046987718
2088,test,0,3.1210177e-05
2078,test,0,0.000101685306
7186,test,0,3.1362666e-05
7189,test,0,3.0650564e-05
902,test,0,8.3034836e-05
5819,test,0,3.430424e-05
5507,test,0,3.430424e-05
11003,test,0,0.0017628451
10005,test,0,0.00033632416
4553,test,0,0.00068925606
513,test,0,0.00068568793
1887,test,0,4.9028604e-05
8864,test,0,0.00016296064
9571,test,0,0.00042476528
6348,test,0,6.7937845e-06
8854,test,0,2.4954188e-05
10764,test,0,0.00054962916
767,test,0,4.7794976e-05
2003,test,0,1.1659166e-05
1547,test,0,9.729721e-06
10826,test,0,8.125723e-06
2451,test,0,2.7360384e-05
5070,test,0,5.400511e-06
796,test,0,5.6191407e-06
3447,test,0,1.177533e-05
4107,test,0,1.3118955e-05
5515,test,0,2.6901596e-05
6355,test,0,6.7026626e-06
2704,test,0,2.4383146e-05
8398,test,0,0.000518146
6099,test,0,8.625972e-06
1268,test,0,2.992203e-05
7290,test,0,0.000105788786
9249,test,0,0.0001162512
8673,test,0,2.6023423e-05
4011,test,0,0.0012154285
4779,test,0,2.529765e-05
520,test,0,2.8898268e-05
5430,test,0,2.9136792e-05
6196,test,0,6.8440763e-06
1991,test,0,0.0038463078
6459,test,0,2.1837272e-05
1456,test,0,3.345263e-05
3651,test,0,3.6678462e-05
7828,test,0,8.964269e-06
9485,test,0,2.8478524e-05
1735,test,0,0.001172246
6500,test,0,2.5377436e-05
4979,test,0,2.3851388e-05
10817,test,0,1.1484631e-05
9328,test,0,1.1997206e-05
2470,test,0,5.483469e-05
8746,test,0,2.546507e-05
1890,test,0,2.326077e-05
9745,test,0,9.238358e-06
1042,test,0,0.0001948798
8809,test,0,2.5987307e-05
302,test,0,2.6762487e-05
8658,test,0,0.0006412744
9551,test,0,3.0398547e-05
5671,test,0,2.1530619e-05
8869,test,0,0.0003191912
6322,test,0,6.0108654e-05
9347,test,0,0.0021725972
6470,test,0,0.0004397248
7230,test,0,3.2641095e-05
3366,test,0,2.7012176e-05
2200,test,0,2.5890806e-05
6324,test,0,1.1046589e-05
8858,test,0,2.5679281e-05
1762,test,0,1.0559014e-05
8475,test,0,7.930264e-06
2467,test,0,6.9885995e-05
5824,test,0,0.00017793821
322,test,0,0.00019074876
5132,test,0,2.4550402e-05
8621,test,0,3.1368723e-05
8108,test,0,3.503376e-05
7521,test,0,2.4902873e-05
8606,test,0,2.576596e-05
1162,test,0,4.554129e-05
3370,test,0,0.0004117911
4422,test,0,3.4221033e-05
6349,test,0,0.0003241621
3114,test,0,2.0201222e-05
1877,test,0,3.1293323e-05
9780,test,0,5.0257982e-05
9746,test,0,9.53249e-06
809,test,0,2.8584578e-05
5536,test,0,8.739474e-06
9514,test,0,0.001576211
4973,test,0,0.0012293943
4398,test,0,0.00018194529
10768,test,0,3.207823e-05
2925,test,0,1.48723575e-05
10037,test,0,0.000108092165
10722,test,0,0.0001036978
10306,test,0,7.63739e-06
10155,test,0,5.192473e-05
3374,test,0,3.7399448e-05
9143,test,0,1.6173439e-05
5448,test,0,0.002220674
1085,test,0,0.0005381344
9564,test,0,2.3621518e-05
6340,test,0,6.8702648e-06
6112,test,0,0.0005241683
2212,test,0,0.00017476709
7344,test,0,1.16195815e-05
9588,test,0,8.621353e-06
881,test,0,1.3142122e-05
3082,test,0,1.3142122e-05
10234,test,0,9.623049e-06
6565,test,0,3.8465296e-05
1745,test,0,0.00039631766
9266,test,0,1.6629774e-05
3113,test,0,8.759376e-05
9375,test,0,1.1252654e-05
8617,test,0,2.435034e-05
3563,test,0,1.1654954e-05
6002,test,0,0.00023055021
6937,test,0,8.399136e-06
9486,test,0,3.6865134e-05
2553,test,0,9.2709524e-05
4400,test,0,0.0002963505
4468,test,0,0.00014699937
6492,test,0,0.0030934976
10841,test,0,0.00017048963
6089,test,0,1.693536e-05
2581,test,0,1.693536e-05
6920,test,0,0.0022478239
2561,test,0,4.7812133e-05
6325,test,0,0.00046822772
1875,test,0,2.9451528e-05
2191,test,0,4.500564e-05
10205,test,0,0.00011904027
3042,test,0,8.608452e-06
8273,test,0,1.1074697e-05
3631,test,0,8.611022e-06
6934,test,0,1.3656019e-05
4826,test,0,1.1178715e-05
7580,test,0,0.00084343494
898,test,0,1.2079397e-05
6915,test,0,1.3672425e-05
3912,test,0,7.312377e-05
301,test,0,7.42456e-06
8098,test,0,0.000118708
4014,test,0,9.580219e-06
1253,test,0,7.467137e-06
8832,test,0,8.510127e-06
10240,test,0,0.00028500988
6211,test,0,0.00032200105
10009,test,0,0.00014128479
6495,test,0,0.00084782235
8736,test,0,0.00027517308
10853,test,0,0.00013513194
5440,test,0,8.754588e-06
1040,test,0,0.00330606
525,test,0,0.00050252967
8241,test,0,1.2488924e-05
2714,test,0,0.0002920264
3566,test,0,0.00035573475
3054,test,0,0.00010095901
3053,test,0,7.2498783e-06
9573,test,0,1.2519055e-05
8368,test,0,0.00030830747
10239,test,0,9.660138e-06
8680,test,0,0.00010653304
3933,test,0,1.1511062e-05
6329,test,0,1.8294308e-05
9336,test,0,1.1775241e-05
5350,test,0,7.67628e-06
4975,test,0,0.000185222
1129,test,0,0.0006360026
10933,test,0,9.235488e-06
9374,test,0,2.0317537e-05
1783,test,0,0.00035095974
7124,test,0,0.00012632128
9770,test,0,2.4106106e-05
2074,test,0,4.9279195e-05
373,test,0,0.0001983758
7078,test,0,1.5268119e-05
1723,test,0,0.00014952756
4813,test,0,3.2719938e-05
8614,test,0,0.00014178369
4802,test,0,3.8719038e-05
4890,test,0,3.8719038e-05
6193,test,0,1.9972613e-05
5739,test,0,0.00017357533
4580,test,0,7.167866e-06
1960,test,0,6.916485e-05
9771,test,0,0.00029805716
6094,test,1,0.0034058236
1778,test,0,0.0017615999
4787,test,0,1.1775241e-05
10818,test,0,9.280123e-06
3749,test,0,0.0010225365
2757,test,0,2.2618038e-05
8507,test,0,0.00047286876
8496,test,0,0.0004715084
807,test,0,2.830609e-05
7345,test,0,1.8014254e-05
7546,test,0,8.533703e-05
6538,test,0,2.3720715e-05
7284,test,0,0.0002643557
1999,test,0,0.00045246896
4544,test,0,7.2128925e-05
9255,test,0,0.00019099709
1451,test,0,0.00033696115
2083,test,0,0.000104955994
10461,test,0,2.6361926e-05
11009,test,0,2.7232292e-05
3949,test,0,0.00023476781
10049,test,0,0.0007808516
4768,test,0,3.4521654e-05
8821,test,0,0.00044498593
5458,test,0,0.0001176998
10726,test,0,6.52936e-05
2837,test,0,7.141132e-05
1764,test,0,1.4986426e-05
1118,test,0,0.0010571568
11056,test,0,5.5546476e-05
6484,test,0,1.214731e-05
10779,test,0,5.2120165e-05
5953,test,0,1.5227799e-05
6553,test,0,0.0022436634
4125,test,0,0.0011841019
9337,test,0,0.00029175213
6560,test,0,0.0003606553
485,test,0,0.00020790556
10763,test,0,1.7397095e-05
7474,test,0,0.00021312188
9393,test,0,0.0012835629
3020,test,0,0.0008944617
3751,test,0,2.1758748e-05
5958,test,0,1.5227799e-05
4113,test,0,7.859545e-05
4237,test,0,5.749737e-05
4597,test,0,1.470655e-05
1771,test,0,1.8811143e-05
3110,test,0,1.800886e-05
9757,test,0,1.9393348e-05
5514,test,0,1.474626e-05
6905,test,0,4.538633e-05
6673,test,0,4.3229324e-05
10396,test,0,0.00019747307
10728,test,0,0.00017109947
4801,test,0,2.2515065e-05
3503,test,0,0.0014056882
1098,test,0,1.5806265e-05
940,test,0,0.0016509289
5056,test,0,1.8811143e-05
8826,test,0,1.834826e-05
2851,test,0,0.0006895474
785,test,0,4.0594845e-05
1091,test,0,4.4900287e-05
1150,test,0,1.8543755e-05
1164,test,0,0.00031835696
11008,test,0,0.0001339629
4676,test,0,2.5578065e-05
8263,test,0,2.0050957e-05
3033,test,0,3.714696e-05
10600,test,0,1.772497e-05
10719,test,0,0.0006477992
2842,test,0,0.00037973808
1963,test,0,0.0010957458
5060,test,0,0.0029179256
10162,test,0,1.7077533e-05
6346,test,0,0.0014340772
11050,test,0,5.4694025e-05
6555,test,0,2.201447e-05
7337,test,0,5.7197518e-05
1829,test,0,2.0988102e-05
7820,test,0,9.002439e-05
3099,test,0,9.0024165e-05
1266,test,0,4.84801e-05
7327,test,0,1.7310284e-05
1834,test,0,2.1291846e-05
2465,test,0,3.4588e-05
10734,test,0,1.7310284e-05
8823,test,0,0.00010850878
10594,test,0,6.7676505e-05
10782,test,0,0.00020458037
9380,test,0,2.585429e-05
2766,test,0,0.001489263
6486,test,0,0.0003208593
3944,test,0,1.7310284e-05
1827,test,0,3.751333e-05
8637,test,0,0.0037085107
8903,test,0,5.5361856e-05
6477,test,0,2.306243e-05
1269,test,0,2.3072484e-05
489,test,0,0.00069723546
1263,test,0,0.0010103418
5351,test,0,4.461445e-05
2872,test,0,4.0901024e-05
8247,test,0,2.4086929e-05
6511,test,0,4.7920483e-05
6539,test,0,0.00013782181
700,test,0,0.00042857218
9593,test,0,0.0018202676
4404,test,0,5.7508954e-05
10762,test,0,1.7923812e-05
945,test,0,5.9252427e-05
6222,test,0,2.1197233e-05
3441,test,0,6.921901e-05
2663,test,0,4.6923637e-05
10145,test,0,6.752035e-05
431,test,0,0.0017278184
6205,test,0,0.0001595008
918,test,0,0.0002571033
5672,test,0,0.00042072122
10242,test,0,4.0384977e-05
7581,test,0,1.8015287e-05
1157,test,0,2.5926602e-05
7035,test,0,0.00017427957
9575,test,0,5.6036606e-05
8490,test,0,0.0002300425
6000,test,0,4.4981818e-05
4120,test,0,1.5811253e-05
1121,test,0,3.7748636e-05
5736,test,0,2.4047918e-05
8266,test,0,0.00057321496
1428,test,0,0.00025884112
4704,test,0,0.0001561943
10769,test,0,5.334604e-05
4818,test,0,8.0388214e-05
6158,test,0,0.002731744
1152,test,0,1.5262825e-05
2075,test,0,5.295055e-05
6150,test,0,0.0007910163
314,test,0,0.00032516057
6446,test,0,0.00022027524
4679,test,0,0.0005324776
8390,test,0,0.0002831157
7318,test,0,1.4328437e-05
1537,test,0,0.0003618372
4018,test,0,0.00057703664
8262,test,0,3.149798e-05
7102,test,0,2.4119565e-05
3049,test,0,2.3552477e-05
1264,test,0,2.0576152e-05
2666,test,0,2.3224786e-05
10475,test,0,5.2830663e-05
2938,test,0,3.761795e-05
6490,test,0,2.3213655e-05
3918,test,0,0.00036168756
1126,test,0,0.001154363
4783,test,0,1.4733466e-05
8830,test,0,9.2170696e-05
6535,test,0,3.6178953e-05
4700,test,0,2.3139695e-05
9264,test,0,2.765948e-05
1845,test,0,4.6720703e-05
9275,test,0,2.255321e-05
6904,test,0,1.935668e-05
2455,test,0,0.0014273268
9155,test,0,3.124327e-05
4788,test,0,7.5938035e-05
9267,test,0,6.382234e-05
4794,test,0,0.0025569068
6192,test,0,2.742551e-05
10165,test,0,0.00018071705
6548,test,0,1.4430056e-05
7187,test,0,9.365779e-05
8246,test,0,6.4104985e-05
10836,test,0,2.055452e-05
6201,test,0,2.0608766e-05
8489,test,0,0.00031747515
5518,test,0,9.853644e-05
8679,test,0,0.00010875831
10766,test,0,0.0001497338
323,test,0,0.00014789925
1751,test,0,2.0844856e-05
6104,test,0,2.4511193e-05
5079,test,0,0.00022658499
9768,test,0,3.010335e-05
1271,test,0,7.659654e-05
6552,test,0,0.0011295174
3632,test,0,2.6566966e-05
4692,test,0,2.0222707e-05
6182,test,0,1.8142737e-05
9352,test,0,0.00010687067
4474,test,0,0.001483551
522,test,0,0.00011141726
4798,test,0,1.6360225e-05
1148,test,0,4.1663006e-05
4247,test,0,4.3807006e-05
7573,test,0,2.4162464e-05
6534,test,0,2.5913554e-05
793,test,0,2.0548385e-05
10740,test,0,8.754881e-05
6692,test,0,0.0033069637
4124,test,0,1.680512e-05
7132,test,0,0.0003703689
7356,test,0,0.0003313021
3100,test,0,3.0449495e-05
7748,test,0,2.5913156e-05
7087,test,0,3.2470554e-05
10217,test,0,6.4237705e-05
10831,test,0,2.1631517e-05
1997,test,0,2.2686385e-05
5345,test,0,9.513108e-05
5353,test,0,3.4628465e-05
5740,test,0,1.6848895e-05
7342,test,0,2.5026295e-05
1996,test,0,0.00017691783
56,test,0,0.0020551833
6341,test,0,1.9845038e-05
5950,test,0,0.0009391292
10346,test,0,0.0010552548
427,test,0,3.8382936e-05
4406,test,0,0.005937512
5077,test,0,8.998949e-05
4472,test,0,0.0012150346
7079,test,0,2.2686385e-05
330,test,0,0.00015725459
6204,test,0,0.00096940954
6188,test,0,2.0680372e-05
9584,test,0,0.0007785003
2929,test,0,1.9535713e-05
6333,test,0,1.9209152e-05
7583,test,0,0.00021991659
3093,test,0,3.0071653e-05
3686,test,0,0.0008264973
8253,test,0,0.004192257
9496,test,0,0.002333426
4233,test,0,2.2686385e-05
1250,test,0,3.661174e-05
6381,test,0,0.0053471993
3112,test,0,8.126563e-05
5357,test,0,0.00015755756
487,test,0,1.6614948e-05
5521,test,0,2.2686385e-05
911,test,0,0.0014866537
10942,test,0,3.6094112e-05
1541,test,0,2.7297701e-05
9153,test,0,4.104545e-05
1847,test,0,5.407069e-05
8396,test,0,0.00903851
905,test,0,0.0009651228
3570,test,0,3.5411384e-05
5746,test,0,2.2947803e-05
6939,test,0,5.490527e-05
10927,test,0,4.1077463e-05
10473,test,0,2.4162464e-05
1758,test,0,4.35723e-05
8249,test,0,0.00010439082
2471,test,0,3.1477142e-05
8477,test,0,3.475335e-05
10477,test,0,2.6566966e-05
2466,test,0,0.0040396624
1682,test,0,5.1859097e-05
9348,test,0,2.1370748e-05
1534,test,0,0.001498239
429,test,0,7.639628e-05
8491,test,0,8.215211e-05
5429,test,0,3.072839e-05
3039,test,0,3.850987e-05
7735,test,0,0.00060765725
8393,test,0,6.65076e-05
7811,test,0,2.212819e-05
3560,test,0,2.212819e-05
9586,test,0,3.5977206e-05
7095,test,0,2.2686385e-05
8862,test,0,0.00037883304
9429,test,0,6.9541704e-05
4577,test,0,6.9541704e-05
7537,test,0,0.00066204765
3438,test,0,2.1306005e-05
1145,test,0,1.7196262e-05
8798,test,0,0.00010208966
4804,test,0,2.3767223e-05
7239,test,0,4.622093e-05
9329,test,0,0.00030662626
10739,test,0,1.480056e-05
9760,test,0,1.3721268e-05
1052,test,0,0.00039523517
4784,test,0,1.6923717e-05
6684,test,0,0.00018990792
9359,test,0,0.00011301008
4122,test,0,2.1121954e-05
2761,test,0,2.4928873e-05
7350,test,0,7.030546e-05
10206,test,0,6.245802e-05
1044,test,0,0.00021555014
385,test,0,0.0010993289
2397,test,0,0.00037840626
3028,test,0,2.6834254e-05
1086,test,0,3.793102e-05
4529,test,0,0.0040087053
1057,test,0,1.4937262e-05
8790,test,0,9.915868e-05
9759,test,0,1.8702012e-05
8817,test,0,0.00040980752
2843,test,0,0.00043106746
4602,test,0,1.619567e-05
3630,test,0,1.6607652e-05
10460,test,0,1.0767405e-05
9392,test,0,5.148415e-05
6451,test,0,2.0226224e-05
9494,test,0,3.634248e-05
8815,test,0,3.1753665e-05
1550,test,0,8.32686e-06
4762,test,0,2.1353891e-05
8486,test,0,0.00085397076
7733,test,0,3.231835e-05
6103,test,0,1.9402305e-05
8678,test,0,0.0022698066
6518,test,0,0.0011895689
7248,test,0,0.0033785587
800,test,0,2.146565e-05
4245,test,0,2.5066247e-05
6342,test,0,1.2818298e-05
6668,test,0,2.9561552e-05
5680,test,0,9.915868e-05
3889,test,0,5.7406214e-05
4699,test,0,5.7406214e-05
8122,test,0,5.2142284e-05
3080,test,0,0.00060209003
2658,test,0,5.6800738e-05
10302,test,0,1.360743e-05
5745,test,0,1.0398845e-05
6542,test,0,0.0017047625
10721,test,0,3.8813447e-05
7359,test,0,2.161267e-05
6476,test,0,1.5730375e-05
7361,test,0,4.760274e-05
937,test,0,0.00011224864
5944,test,0,0.00029531817
8365,test,0,0.0004566549
10231,test,0,0.00059143885
6090,test,0,1.1017034e-05
9775,test,0,0.00016839788
1766,test,0,1.0398845e-05
7129,test,0,0.00014252866
741,test,0,0.0005821417
907,test,0,0.0021961706
7471,test,0,0.0026387323
418,test,0,0.0017062235
10806,test,0,0.0022684105
1746,test,0,1.093539e-05
8904,test,0,0.00040061388
4552,test,0,1.2107086e-05
5086,test,0,0.0003551434
4480,test,0,1.615679e-05
6111,test,0,0.00020831692
3087,test,0,1.7953435e-05
9582,test,0,1.5914533e-05
1449,test,0,0.00064850226
3765,test,0,3.0640524e-05
9135,test,0,1.32725945e-05
10939,test,0,1.6408432e-05
2942,test,0,0.00010565806
5355,test,0,1.0398845e-05
1780,test,0,2.7020287e-05
8831,test,0,0.0006893512
6569,test,0,1.8564662e-05
1538,test,0,0.00022967118
9152,test,0,0.001169108
3044,test,0,0.005512594
6183,test,0,1.0596756e-05
2669,test,0,1.6408432e-05
4007,test,0,1.025495e-05
11007,test,0,0.0006096734
5302,test,0,0.0010660674
7579,test,0,1.7953435e-05
1545,test,0,1.615679e-05
8277,test,0,1.3879041e-05
9773,test,0,3.4010227e-05
6166,test,0,2.7068712e-05
5945,test,0,2.3356944e-05
1099,test,0,2.1463788e-05
7291,test,0,0.0005635702
5063,test,0,0.0022042035
9442,test,0,0.000109704364
10474,test,0,1.6773745e-05
6374,test,0,1.316852e-05
6108,test,0,4.958764e-05
10750,test,0,9.538088e-06
419,test,0,2.5018344e-05
7319,test,0,1.5250905e-05
3923,test,0,0.0010474881
1047,test,0,0.00032902427
4030,test,0,1.316852e-05
10742,test,0,2.1917162e-05
6689,test,0,1.24048165e-05
4810,test,0,1.0254955e-05
9438,test,0,1.2599352e-05
2680,test,0,2.6620766e-05
5438,test,0,3.156779e-05
8917,test,0,1.3141647e-05
1116,test,0,1.3070582e-05
10936,test,0,1.7451386e-05
2882,test,0,2.8439687e-05
3076,test,0,0.0010023237
8242,test,0,3.281552e-05
3046,test,0,8.591797e-05
7539,test,0,1.0178828e-05
3634,test,0,0.0036762774
6912,test,0,4.3769993e-05
808,test,0,3.2618926e-05
6674,test,0,3.758738e-05
10767,test,0,0.00052011735
5072,test,0,1.6555921e-05
7038,test,0,0.019169841
3019,test,0,1.986671e-05
7738,test,0,0.00034718
8728,test,0,0.00082358497
7328,test,0,1.24048165e-05
1685,test,0,1.4227197e-05
1255,test,0,1.9203624e-05
9437,test,0,0.000213527
10310,test,0,1.5775806e-05
4025,test,0,1.3048359e-05
7744,test,0,1.0570455e-05
6208,test,0,1.0420089e-05
1054,test,0,1.0441938e-05
6634,test,0,0.00054439483
3641,test,0,4.8630976e-05
7524,test,0,0.000187501
4550,test,0,4.0501716e-05
6923,test,0,4.2267355e-05
5957,test,0,1.4471185e-05
7737,test,0,9.717926e-06
3102,test,0,0.0010829017
1841,test,0,1.1248831e-05
377,test,0,2.585404e-05
4827,test,0,2.670703e-05
10199,test,0,0.0030662643
8737,test,0,2.7358734e-05
4760,test,0,1.2919623e-05
10851,test,0,4.0831557e-05
3068,test,0,3.1746706e-05
6152,test,0,2.00859e-05
6472,test,0,1.0420089e-05
11052,test,0,1.5989226e-05
1844,test,0,0.00012750257
9338,test,0,1.0254955e-05
10781,test,0,0.00039133948
1779,test,0,1.746689e-05
9144,test,0,1.129884e-05
10052,test,0,7.1264156e-05
2945,test,0,2.3976878e-05
7742,test,0,2.8220098e-05
9141,test,0,2.0592599e-05
2681,test,0,5.4210734e-05
6274,test,0,2.4813573e-05
7082,test,0,1.28444835e-05
7358,test,0,0.0012270478
6184,test,0,5.466744e-05
6102,test,0,1.0611507e-05
6479,test,0,1.24081525e-05
10303,test,0,0.002191344
9767,test,0,0.00014916797
4600,test,0,2.163419e-05
10227,test,0,2.2452668e-05
7034,test,0,0.0006003161
1163,test,0,1.2643506e-05
10459,test,0,0.000487964
8870,test,0,0.0008425017
9136,test,0,0.0004976875
10932,test,0,1.0062353e-05
1776,test,0,1.4240718e-05
6225,test,0,3.406193e-05
10811,test,0,4.0831557e-05
4130,test,0,1.2341292e-05
4453,test,0,0.0014759353
6925,test,0,1.305473e-05
6693,test,0,9.165619e-06
7746,test,0,1.0207553e-05
6107,test,0,1.6969529e-05
8899,test,0,1.5627049e-05
297,test,0,8.940079e-06
10313,test,0,9.97433e-05
4126,test,0,1.6852258e-05
6686,test,0,1.4452551e-05
6462,test,0,0.00022165393
8624,test,0,0.00022165393
1419,test,0,4.8609145e-05
310,test,0,1.6317399e-05
7468,test,0,0.001221105
8796,test,0,0.0003990039
3056,test,0,9.51036e-06
6191,test,0,0.0011319388
1556,test,0,1.4202623e-05
2390,test,0,0.0052907327
10752,test,0,1.1978942e-05
1987,test,0,1.1755866e-05
4814,test,0,1.2281131e-05
11047,test,0,0.0006957176
1532,test,0,3.8605755e-05
7570,test,0,6.8473387e-06
5097,test,0,9.478804e-06
9552,test,0,5.9471033e-05
9430,test,0,0.0001308792
10464,test,0,0.00019232238
9332,test,0,3.476435e-05
9278,test,0,0.00010201796
9381,test,0,0.003267157
6018,test,0,0.00012344701
10584,test,0,1.43643765e-05
6631,test,0,1.4240718e-05
4773,test,0,1.4240718e-05
7322,test,0,0.0019324418
4705,test,0,1.1227567e-05
6119,test,0,0.00082136056
7282,test,0,0.000119082935
5103,test,0,1.5987533e-05
6677,test,0,1.2403515e-05
6220,test,0,1.3500796e-05
4017,test,0,2.2682107e-05
8824,test,0,8.940079e-06
8265,test,0,2.5195443e-05
4824,test,0,3.2298412e-05
2457,test,0,0.00019876692
1535,test,0,1.551714e-05
1962,test,0,8.907602e-05
4685,test,0,7.58873e-05
3571,test,0,9.8246375e-05
1576,test,0,0.005864727
10587,test,0,9.490462e-06
6540,test,0,0.002284163
8492,test,0,0.00023833671
4028,test,0,0.00023833671
4095,test,0,0.00065134425
10468,test,0,1.158626e-05
4596,test,0,0.004043711
3504,test,0,3.2520595e-05
5078,test,0,1.5703943e-05
10998,test,0,3.4466048e-05
10717,test,0,7.9138e-06
422,test,0,0.0015938878
7664,test,0,0.001781032
1438,test,0,0.00013860721
4026,test,0,0.00013860721
9432,test,0,0.00019319999
3896,test,0,0.00045647004
4019,test,0,1.272761e-05
4594,test,0,1.1439069e-05
10735,test,0,1.1698574e-05
7321,test,0,2.2159147e-05
4687,test,0,8.798399e-06
10837,test,0,1.3890312e-05
6164,test,0,1.1698574e-05
7093,test,0,0.00013272466
10457,test,0,1.1993691e-05
5436,test,0,0.006761587
3448,test,0,9.207079e-06
6171,test,0,9.340055e-06
7390,test,0,0.0010249711
1549,test,0,1.1993691e-05
4823,test,0,3.1833464e-05
2774,test,0,1.1439069e-05
5423,test,0,1.1298086e-05
6373,test,0,1.26229e-05
9349,test,0,1.4663413e-05
1120,test,0,1.52562225e-05
2764,test,0,0.0015294821
1043,test,0,1.6709731e-05
10760,test,0,0.0004820485
4586,test,0,0.004592637
6323,test,0,1.1698574e-05
3575,test,0,0.00039650477
7086,test,0,1.8318853e-05
8259,test,0,7.339355e-06
7183,test,0,1.2517815e-05
3648,test,0,1.3418442e-05
3108,test,0,2.8254724e-05
7092,test,0,1.485791e-05
4012,test,0,0.00012609434
3090,test,0,9.3003455e-06
4780,test,0,3.594908e-05
4117,test,0,0.00022624608
6516,test,0,3.95826e-05
9274,test,0,0.00028579737
8461,test,0,0.00064876064
4023,test,0,4.2754567e-05
6478,test,0,1.3461073e-05
2767,test,0,8.981126e-06
10469,test,0,4.3159966e-05
1108,test,0,2.0622174e-05
6021,test,0,0.0002932152
6088,test,0,0.00010474131
9562,test,0,0.000103220096
6910,test,0,0.0006084054
1726,test,0,2.0442318e-05
1769,test,0,1.388258e-05
515,test,0,2.8071501e-05
6454,test,0,0.0018554118
3037,test,0,1.3982062e-05
4587,test,0,0.00953736
6262,test,0,0.0018914838
6467,test,0,9.490462e-06
312,test,0,0.0013625418
8630,test,0,3.455467e-05
4799,test,0,8.4257545e-06
3767,test,0,0.0045136223
4889,test,0,0.0001282084
2844,test,0,0.0001282084
4584,test,0,1.4827376e-05
3021,test,0,0.0005763166
926,test,0,1.17012e-05
9756,test,0,4.0480703e-05
5406,test,0,4.1170006e-05
1262,test,0,2.9649884e-05
9376,test,0,1.1300665e-05
7287,test,0,0.0018310151
3079,test,0,9.258995e-06
3932,test,0,2.798013e-05
9341,test,0,1.6595506e-05
4483,test,0,7.572306e-06
10776,test,0,1.503047e-05
6263,test,0,9.233488e-05
4106,test,0,1.17012e-05
8740,test,0,3.538345e-05
2225,test,0,0.00029377255
6927,test,0,9.123433e-06
10730,test,0,1.5137153e-05
1113,test,0,0.00074027514
10808,test,0,2.7897117e-05
6933,test,0,3.5935227e-05
7236,test,0,0.00088638155
6128,test,0,0.00066322164
6025,test,0,4.176321e-05
7577,test,0,1.1577105e-05
5441,test,0,3.4407163e-05
294,test,0,2.4495712e-05
8261,test,0,1.0231136e-05
4680,test,0,1.064816e-05
3043,test,0,0.0017212353
5511,test,0,8.800374e-06
10751,test,0,0.0023802945
7339,test,0,1.9595653e-05
3040,test,0,1.2950455e-05
8611,test,0,2.8289882e-05
10403,test,0,3.6855e-05
3018,test,0,0.00021356506
4127,test,0,1.0600782e-05
8132,test,0,0.000100531186
3032,test,0,9.071498e-06
1155,test,0,5.143351e-05
6556,test,0,1.7359669e-05
8908,test,0,1.3551556e-05
5139,test,0,0.0010479572
2940,test,0,1.0074628e-05
794,test,0,3.8238006e-05
6502,test,0,0.004656885
2585,test,0,2.6549153e-05
7323,test,0,3.8238006e-05
6190,test,0,7.203908e-05
10727,test,0,8.942088e-06
10819,test,0,0.0017211778
7582,test,0,1.1413279e-05
10348,test,0,2.8874349e-05
6173,test,0,1.6422155e-05
8910,test,0,1.5138725e-05
9516,test,0,0.0036642158
7033,test,0,3.920442e-05
6224,test,0,3.2786887e-05
5425,test,0,1.3417856e-05
10754,test,0,0.0010960484
7243,test,0,1.537429e-05
10038,test,0,0.0006248708
6203,test,0,0.00043242847
7574,test,0,3.8925897e-05
9372,test,0,0.0010405806
6447,test,0,4.1765743e-05
4419,test,0,1.2950917e-05
8822,test,0,9.031187e-06
8469,test,0,1.17012e-05
5432,test,0,1.7236902e-05
10934,test,0,1.38934165e-05
8828,test,0,0.0016398786
8859,test,0,0.002791152
2684,test,0,1.3722348e-05
305,test,0,1.1907161e-05
8808,test,0,8.645674e-05
10305,test,0,8.349929e-05
10467,test,0,9.299437e-06
428,test,0,1.30873805e-05
433,test,0,1.6235805e-05
1122,test,0,9.531261e-06
5832,test,0,1.1094988e-05
8402,test,0,1.2257255e-05
7126,test,0,0.0018880315
10813,test,0,0.0025901326
4450,test,0,0.0001238536
9492,test,0,0.00030277064
9353,test,0,0.0025417188
7355,test,0,8.722056e-06
1830,test,0,0.0021485863
10471,test,0,1.801539e-05
2711,test,0,4.5166675e-05
9487,test,0,0.00017716653
10035,test,0,0.003999784
5301,test,0,0.001506492
8459,test,0,0.0013125769
8866,test,0,3.482798e-05
9580,test,0,0.00052395934
6110,test,0,1.747235e-05
9592,test,0,1.0807701e-05
10824,test,0,2.0781781e-05
1756,test,0,1.13466995e-05
2674,test,0,3.95826e-05
920,test,0,1.13466995e-05
5742,test,0,0.001661642
293,test,0,1.119592e-05
7096,test,0,3.075212e-05
492,test,0,0.0012213036
10924,test,0,2.966345e-05
2214,test,0,9.948583e-05
9356,test,0,0.0040919646
1146,test,0,4.381373e-05
313,test,0,3.1481577e-05
4789,test,0,1.3219025e-05
7734,test,0,3.892234e-05
10307,test,0,0.00076935766
9385,test,0,9.380196e-06
6559,test,0,1.0742581e-05
5346,test,0,1.1980735e-05
6568,test,0,1.2192205e-05
10731,test,0,1.19071e-05
8625,test,0,0.00043276534
934,test,0,0.00043276534
1452,test,0,7.789015e-05
4595,test,0,7.2921466e-05
7341,test,0,1.6749642e-05
4013,test,0,0.00088659703
8250,test,0,1.274868e-05
9764,test,0,8.978507e-06
10299,test,0,0.0003518551
8278,test,0,9.531255e-06
2671,test,0,2.322069e-05
7740,test,0,2.4719444e-05
3511,test,0,5.7017358e-05
4118,test,0,1.7961072e-05
3951,test,0,1.4329679e-05
4541,test,0,7.664103e-06
6680,test,0,2.8631186e-05
1096,test,0,0.0002359078
1883,test,0,0.000114469876
6463,test,0,1.2045227e-05
3107,test,0,3.7068196e-05
10996,test,0,0.00010039834
5424,test,0,0.0006574143
4470,test,0,0.001029268
1110,test,0,0.0001224897
3437,test,0,1.8707355e-05
784,test,0,1.0641508e-05
1843,test,0,1.7688973e-05
3647,test,0,1.8740266e-05
3077,test,0,2.665626e-05
4090,test,0,0.0005101641
4777,test,0,1.1748852e-05
1453,test,0,4.659664e-05
4234,test,0,1.317875e-05
7576,test,0,1.2045227e-05
2454,test,2,0.01339464
2205,test,2,0.006076662
517,test,2,0.009643631
2446,test,2,0.0061003775
514,test,2,0.0035420693
10340,test,2,0.006803237
2195,test,2,0.031087546
8102,test,2,0.0033058946
2452,test,2,0.0075576035
708,test,2,0.009907363
2724,test,2,0.0034136472
710,test,2,0.035213027
10203,test,2,0.06666858
4438,test,2,0.024855806
2706,test,2,0.005088883
4452,test,2,0.009148129
2453,test,2,0.04685329
6115,test,2,0.0068449965
6114,test,2,0.013785303
10202,test,2,0.0046054907
10342,test,2,0.06436038
6123,test,2,0.024152521
8111,test,2,0.0065507074
711,test,2,0.00495605
528,test,2,0.02301282
6121,test,2,0.008747893
4437,test,2,0.0055361916
10194,test,2,0.0013501493
8109,test,2,0.007667345
709,test,2,0.0066552907
10204,test,0,0.011149977
2715,test,2,0.008369888
8096,test,0,0.0011436892
7454,test,2,0.045166776
10207,test,0,0.004603916
2718,test,2,0.0062400983
10339,test,0,0.0049019777
2197,test,2,0.06260418
7451,test,2,0.020340292
2722,test,2,0.016336756
10209,test,0,0.002273517
527,test,2,0.011212472
8106,test,2,0.001777525
2445,test,0,0.0037560465
10338,test,2,0.006106866
2712,test,2,0.026607728
2719,test,2,0.13660645
2201,test,2,0.17400883
707,test,2,0.0025886486
10195,test,2,0.023651041
6122,test,2,0.016274644
2189,test,2,0.003627849
10344,test,0,0.0035716102
8095,test,0,0.00033859303
8800,test,2,0.08315788
3750,test,2,0.0146212885
7067,test,0,0.011229184
8799,test,2,0.029441718
4984,test,2,0.012851551
5412,test,2,0.0025778813
4401,test,2,0.030963197
5535,test,2,0.009929429
4417,test,2,0.021771489
3766,test,2,0.0023740025
5416,test,2,0.014901691
4981,test,2,0.023248317
7074,test,2,0.0035102179
5534,test,2,0.0039322954
8623,test,2,0.011007656
4978,test,2,0.023351632
9373,test,1,0.021522054
5409,test,2,0.01771581
7066,test,2,0.0114951
3903,test,2,0.15186575
7120,test,2,0.024184214
7075,test,2,0.0142587405
8632,test,2,0.007565787
4412,test,2,0.04006174
3902,test,0,0.0002943092
3756,test,2,0.010661089
8797,test,2,0.012334256
8631,test,2,0.051914316
8483,test,0,0.0042051678
4413,test,2,0.003685964
5413,test,2,0.008563117
8499,test,2,0.0023705484
8498,test,0,0.0003479329
4414,test,2,0.03223909
4411,test,2,0.012122999
8805,test,2,0.012218599
3900,test,2,0.012557061
5358,test,1,0.08907854
3755,test,2,0.08927534
3758,test,0,0.00035851513
8804,test,2,0.0029378422
8634,test,2,0.0049624396
8803,test,2,0.018344996
3763,test,2,0.043884806
4985,test,2,0.011548245
4409,test,2,0.034463674
351,test,2,0.011215568
370,test,2,0.009195544
2241,test,2,0.055157043
10656,test,2,0.027275998
2234,test,2,0.005657672
2067,test,2,0.0028976393
7640,test,2,0.028859617
571,test,2,0.22137873
154,test,2,0.010333214
566,test,2,0.0101673445
10087,test,1,0.12650768
8181,test,2,0.011717139
6757,test,2,0.008451588
2233,test,2,0.019954808
577,test,2,0.033141658
2232,test,2,0.035302825
6761,test,2,0.022061354
2246,test,2,0.0057706637
369,test,0,0.0055410867
10666,test,2,0.22717087
1496,test,2,0.0041298764
565,test,2,0.18637235
1495,test,2,0.0023851239
3322,test,1,0.11154258
1497,test,0,0.00043336995
2239,test,2,0.05043544
354,test,2,0.099505566
1499,test,2,0.02757614
2236,test,0,0.00068838196
150,test,2,0.007426637
8182,test,2,0.014102691
8175,test,0,0.00039918392
8176,test,2,0.011706156
362,test,2,0.036631674
145,test,0,0.002761821
2063,test,2,0.02411105
141,test,0,0.0004206142
2245,test,0,0.0041311146
1318,test,0,0.0012388189
1508,test,0,0.0002943092
7642,test,0,0.0034147329
575,test,0,0.012303481
8177,test,2,0.0018909547
1348,test,2,0.016838806
3013,test,2,0.01436418
1186,test,2,0.033309568
3014,test,2,0.014181185
8375,test,2,0.016475214
3597,test,2,0.0012527113
1358,test,2,0.005784735
1676,test,2,0.00959558
8224,test,2,0.047923077
3602,test,2,0.0703788
223,test,1,0.010397495
7985,test,2,0.00359117
1359,test,2,0.004337101
5762,test,2,0.01790117
1669,test,2,0.006127778
9100,test,2,0.17674947
7986,test,2,0.01635145
9109,test,2,0.0071547967
9104,test,2,0.0036878446
7265,test,1,0.57439613
3000,test,2,0.024022063
1674,test,2,0.033904366
1660,test,2,0.0039173816
1352,test,2,0.11829625
3592,test,0,0.0010626103
3601,test,2,0.031648364
8655,test,2,0.06583854
8645,test,2,0.0030716085
8644,test,2,0.02336034
8370,test,0,0.015235691
1180,test,2,0.0031086032
3009,test,2,0.003232641
7997,test,2,0.008197933
3593,test,2,0.24993114
8652,test,2,0.01074028
1181,test,2,0.042475488
8233,test,2,0.0061021526
5761,test,2,0.08898088
1191,test,0,0.0020745343
3591,test,2,0.004649324
1351,test,2,0.017813273
1190,test,2,0.0008190182
7998,test,2,0.002317806
9105,test,2,0.009286087
8647,test,2,0.31953633
5765,test,2,0.010717608
7981,test,2,0.024906278
7979,test,2,0.006067432
8385,test,2,0.022711094
3003,test,2,0.04264166
5763,test,0,0.00295582
9440,test,2,0.0048821713
7036,test,2,0.0077370508
9439,test,2,0.016966792
11000,test,2,0.018397333
5822,test,2,0.09246425
1688,test,2,0.0066361614
7055,test,2,0.015913716
11016,test,2,0.002449377
11012,test,2,0.008156536
3905,test,2,0.0019359395
1690,test,2,0.027782317
7037,test,2,0.01311338
7043,test,2,0.0074705095
9357,test,2,0.0056652348
6269,test,2,0.014374043
11001,test,2,0.010036391
3907,test,2,0.023443598
3917,test,2,0.005427038
6273,test,2,0.009551016
2643,test,2,0.08066998
2642,test,2,0.00530672
10774,test,1,0.03639324
7040,test,2,0.03705815
9441,test,2,0.007146206
6267,test,0,0.0007748091
3376,test,2,0.0062984074
3363,test,2,0.034919985
2662,test,2,0.0030950753
10604,test,1,0.011452727
9368,test,0,0.0015946927
7044,test,2,0.022584952
5823,test,2,0.01837696
3904,test,2,0.009381307
9256,test,2,0.0110202795
3913,test,0,0.0039394
7054,test,0,0.003040839
1686,test,2,0.015269027
6271,test,2,0.3239256
7491,test,0,0.0035750798
3371,test,0,0.0085479
11015,test,2,0.029203923
9367,test,2,0.03248664
9254,test,2,0.016684903
9248,test,2,0.031062156
11002,test,2,0.0016960985
9431,test,2,0.020949766
2209,test,2,0.05051921
4876,test,2,0.0068830685
3050,test,1,0.01643491
10160,test,2,0.03823364
5501,test,2,0.011512207
4869,test,2,0.0074527496
1450,test,2,0.004940488
8666,test,2,0.0025859883
10161,test,2,0.0035087876
8667,test,2,0.0024524936
2223,test,2,0.075832695
2222,test,2,0.014160762
7196,test,2,0.04963174
7329,test,1,0.3308982
4870,test,2,0.0042096293
5498,test,2,0.019583475
7191,test,2,0.07016508
939,test,2,0.0047041248
4877,test,2,0.045575652
10167,test,2,0.017376434
1440,test,2,0.043925736
4873,test,2,0.04672858
5506,test,2,0.031371657
8676,test,2,0.31615254
8669,test,2,0.004366526
943,test,2,0.010127514
2388,test,2,0.018129649
4872,test,2,0.0015354581
1733,test,1,0.0031239542
4871,test,2,0.0029075148
5508,test,2,0.031302508
2392,test,2,0.043528352
5495,test,0,0.0178002
1454,test,2,0.021603534
5491,test,2,0.015710616
5503,test,0,0.008294683
8675,test,2,0.04453383
6507,test,2,0.027668089
2213,test,0,0.0067732357
1444,test,0,0.0032707716
2217,test,2,0.016875396
7192,test,2,0.102379054
10163,test,2,0.0017908302
8668,test,2,0.01631764
9484,test,2,0.018891724
7197,test,2,0.12955296
942,test,2,0.009800527
2206,test,0,0.00039079567
1426,test,2,0.03486574
5684,test,2,0.06789072
8731,test,2,0.07260875
1965,test,2,0.0029977942
7533,test,2,0.005307856
7544,test,2,0.014885497
7289,test,2,0.016731
9522,test,2,0.0022340226
6155,test,1,0.05073021
1422,test,2,0.15086357
1431,test,2,0.011795136
9517,test,2,0.033585485
9521,test,2,0.0125867305
3073,test,2,0.06094359
2257,test,2,0.044476915
1427,test,2,0.04699582
1964,test,2,0.023254704
2247,test,2,0.010223594
1957,test,2,0.0423086
1138,test,2,0.007389142
8738,test,2,0.0014164484
5678,test,2,0.08293376
8743,test,2,0.003465312
3060,test,2,0.0033260335
8726,test,2,0.007042167
1959,test,2,0.0074242284
7285,test,2,0.007824935
3072,test,2,0.035052195
7541,test,2,0.0057864115
1949,test,2,0.015518327
1416,test,2,0.022606468
8733,test,2,0.02157914
1432,test,2,0.1421495
1420,test,0,0.017766757
1141,test,2,0.029773252
1950,test,0,0.0003376339
7545,test,2,0.007089452
1878,test,2,0.04317002
8734,test,2,0.0032018758
1424,test,0,0.0022370939
7532,test,2,0.0037520635
7586,test,1,0.109899946
1433,test,2,0.009364422
1888,test,0,0.001073234
5687,test,2,0.006254394
5682,test,2,0.0063088518
1955,test,2,0.00038208556
5675,test,2,0.1339198
3061,test,2,0.11416515
1136,test,2,0.009082294
9526,test,0,0.0002943092
5669,test,0,0.008113662
2250,test,0,0.009078151
1434,test,2,0.008360674
3071,test,2,0.004700718
9456,test,2,0.02286789
3359,test,2,0.0033981756
10118,test,2,0.0076884334
9451,test,2,0.0037041614
3967,test,2,0.051008444
3974,test,2,0.004346643
4507,test,2,0.06494731
3586,test,2,0.012686488
5869,test,2,0.008359878
3953,test,2,0.0024327063
9450,test,2,0.0057257805
4712,test,2,0.026901072
3351,test,2,0.007453741
872,test,2,0.018057117
3961,test,2,0.044885423
10125,test,2,0.0038937903
4710,test,2,0.0023258016
4199,test,2,0.0026609502
10117,test,2,0.0107246125
2182,test,2,0.012426595
3962,test,2,0.0028513034
3356,test,2,0.017221035
3975,test,2,0.0062214066
3959,test,2,0.0035938134
4717,test,2,0.0068667782
5866,test,2,0.020501154
4711,test,2,0.0030135894
10121,test,2,0.0330547
3352,test,2,0.077785894
3588,test,2,0.04793551
870,test,2,0.18359566
4520,test,2,0.002492873
873,test,2,0.0032414466
10129,test,2,0.038503222
4718,test,2,0.018347027
10130,test,2,0.03200991
4709,test,2,0.0067830114
3968,test,2,0.017932735
4713,test,0,0.0020379876
3343,test,2,0.018052354
2178,test,2,0.030916901
861,test,2,0.006372115
3970,test,2,0.0031978558
4195,test,2,0.0040502516
9446,test,2,0.052124165
3357,test,2,0.018841721
5873,test,2,0.015075082
3973,test,2,0.009820311
3972,test,0,0.0046602255
874,test,2,0.003548218
10120,test,2,0.008382459
5875,test,2,0.008047371
9449,test,2,0.04130406
9455,test,2,0.022025393
3349,test,2,0.015747268
4206,test,2,0.0035877135
4498,test,2,0.0032410761
4497,test,2,0.0029016035
10787,test,2,0.005118701
684,test,2,0.004878777
2433,test,2,0.006280308
279,test,1,0.009712394
5545,test,1,0.050391663
5485,test,2,0.0009846776
5477,test,2,0.109433256
680,test,2,0.014588948
2291,test,2,0.034473967
10538,test,2,0.034685176
4503,test,2,0.03345671
10535,test,2,0.0014064882
1476,test,2,0.10453945
10788,test,2,0.0076425183
5488,test,2,0.004104847
10524,test,2,0.0044442303
5481,test,2,0.054376837
5794,test,0,0.005226408
5479,test,2,0.0025382133
4500,test,2,0.011799318
10285,test,2,0.017580388
5480,test,2,0.044065047
1480,test,2,0.071216606
10283,test,2,0.0070500225
10516,test,2,0.014553309
5789,test,2,0.020578923
10294,test,0,0.018340105
1477,test,2,0.06294873
5486,test,2,0.0011175211
683,test,2,0.35433507
10536,test,2,0.008100656
2740,test,0,0.00033848349
2290,test,2,0.019036032
4499,test,2,0.013138471
10795,test,0,0.0023387629
5787,test,2,0.019080332
695,test,2,0.027788399
10282,test,2,0.060810268
5199,test,0,0.00044405647
10286,test,0,0.0005755435
9240,test,0,0.0013304908
6237,test,0,0.0035213286
10330,test,0,0.0003125838
10913,test,0,0.0004032144
5324,test,0,0.00016946332
9729,test,0,0.0048108045
191,test,0,0.001317913
5570,test,0,0.0071636504
6739,test,0,0.0005264485
9616,test,0,0.0003481401
5167,test,0,0.0010075311
10529,test,0,0.0015531982
5596,test,0,0.0014990558
2739,test,0,0.001950166
1371,test,0,0.013020554
10707,test,0,0.0010156167
2058,test,0,0.00045041053
6840,test,0,0.0014464686
622,test,0,0.0002658742
8719,test,0,0.000926917
1232,test,0,0.0009262462
95,test,0,0.00072081527
7217,test,0,0.001680213
2265,test,0,0.0030228065
5974,test,0,0.0038739908
2123,test,0,0.0052055456
6233,test,0,0.00050114543
10797,test,0,0.002879555
8703,test,0,0.004353223
7873,test,0,0.00030837915
1599,test,0,0.0037440148
8561,test,0,0.0008081406
9849,test,0,0.0009672762
9316,test,0,3.5866815e-05
1617,test,0,0.004944572
9318,test,0,0.0032307722
10642,test,0,0.00015719065
7414,test,0,0.0008403425
8875,test,0,0.0010226502
5547,test,0,0.0060371263
8699,test,0,0.0013929988
8714,test,0,0.0027894208
10710,test,0,0.0013059541
4259,test,0,0.002851704
3489,test,0,4.878523e-05
2010,test,0,0.007179528
3529,test,0,7.468961e-05
8,test,0,0.22428775
2169,test,0,9.08506e-05
247,test,0,0.0021710678
3658,test,0,4.6243655e-05
3120,test,0,0.0025630672
2007,test,0,0.0072979922
4042,test,0,0.0041223015
2057,test,0,0.0013027046
3541,test,0,0.008551385
7272,test,0,0.0015790766
5185,test,0,0.007112048
8760,test,0,0.0006594352
5269,test,0,0.004242453
2747,test,0,0.00157327
7222,test,0,0.006111621
3484,test,0,0.00014065245
2913,test,0,0.0031365682
9808,test,0,0.0024611754
9733,test,0,0.17986707
1197,test,0,0.0002741402
2262,test,0,0.0020371499
9042,test,0,0.0022977223
8525,test,0,0.0001181371
5965,test,0,0.00018928072
9218,test,0,0.0004758151
5803,test,0,0.00022652456
7367,test,0,0.00025318345
9530,test,0,0.0039356886
112,test,0,0.009285058
7922,test,0,0.00065177033
3235,test,0,0.0010636722
7001,test,0,0.002633145
9059,test,0,0.001127516
6709,test,0,0.0014433467
1523,test,0,0.0024602886
8931,test,0,0.004188115
818,test,0,0.003981604
6033,test,0,0.004716859
2009,test,0,0.0020521884
6582,test,0,0.0001809122
2097,test,0,0.00021034965
3605,test,0,3.5215235e-05
9229,test,0,0.0002689542
9734,test,0,0.00020820559
1235,test,0,0.0010341727
3195,test,0,0.002394711
1393,test,0,0.0005312338
1628,test,0,0.0031750316
9841,test,0,0.0003296213
4619,test,0,0.00036990608
1527,test,0,0.00041859524
1385,test,0,0.00037220214
10190,test,0,9.026601e-05
7899,test,0,0.00023438798
3793,test,0,0.00038892715
10539,test,0,0.0005716857
3216,test,0,0.00045252635
6975,test,0,0.00015164944
7855,test,0,0.0005861902
839,test,0,0.00085565797
1659,test,0,0.00056207494
2125,test,0,0.0009183292
9067,test,0,0.00032160874
10554,test,0,8.754886e-05
10652,test,0,0.00076440757
8228,test,0,0.00030202742
2887,test,0,0.0055373237
1236,test,0,0.0002641588
9830,test,0,0.00028103177
631,test,0,0.00095321273
3016,test,0,0.0008742523
8653,test,0,0.00033026506
3137,test,0,0.00096807966
9884,test,0,0.00047861927
7706,test,0,0.0014378524
9048,test,0,0.00088615133
8055,test,0,0.002080855
10361,test,0,0.0014255119
6235,test,0,0.0004361425
3796,test,0,0.0001076333
8017,test,0,0.0015249101
9599,test,0,0.005098541
6082,test,0,0.001290845
5541,test,0,0.00022442295
634,test,0,4.9753602e-05
2124,test,0,0.006758578
9891,test,0,0.00012156426
8640,test,0,0.0024900294
10323,test,0,0.00032757234
2485,test,0,8.047945e-05
5693,test,0,0.00014566611
4189,test,0,0.0071886475
3116,test,0,0.0017284964
12,test,0,0.002402343
609,test,0,0.0045968955
3229,test,0,0.0013637217
4631,test,0,0.00041700734
10335,test,0,0.0040684063
9221,test,0,0.0001391979
7764,test,0,3.2259508e-05
10062,test,0,0.00034948412
621,test,0,0.009594119
5559,test,0,0.00075812486
7988,test,0,8.596194e-05
8994,test,0,0.005977516
2385,test,0,7.784907e-05
8945,test,0,0.00028792542
9839,test,0,0.00016094303
3,test,0,0.0012557007
2103,test,0,4.456625e-05
9202,test,0,0.001625695
8928,test,0,0.009439781
3381,test,0,4.485283e-05
10133,test,0,0.00043565166
8056,test,0,0.0013810829
5990,test,0,0.00015998604
8580,test,0,0.002465114
1707,test,0,0.0013524643
5474,test,0,3.8848088e-05
9619,test,0,0.000602331
7761,test,0,0.013643041
8713,test,0,0.0050040344
2144,test,0,1.1718616e-05
7271,test,0,8.674853e-05
9903,test,0,0.0007968747
3769,test,0,0.0032774997
8920,test,0,0.0004451659
10527,test,0,0.019978499
3453,test,0,4.880356e-05
3005,test,0,5.705988e-05
394,test,0,0.00038114717
2438,test,0,0.0005463856
10180,test,0,0.0013087277
6241,test,0,0.0020332783
396,test,0,0.0005032134
3886,test,0,7.385113e-05
7876,test,0,0.00010409727
195,test,0,4.3364198e-05
6982,test,0,0.00041924175
10918,test,0,0.0025536683
4341,test,0,0.00072224054
10495,test,0,0.006175227
1519,test,0,0.0012076049
2488,test,0,0.0007370128
10182,test,0,8.847599e-05
9883,test,0,0.0003457737
8046,test,0,0.000932554
681,test,0,0.00039116584
1705,test,0,0.0017090614
2033,test,0,0.0007634093
3181,test,0,0.0018557358
5772,test,0,4.781326e-05
1865,test,1,0.010493729
2979,test,0,0.0007141027
7756,test,0,0.0010809621
9322,test,0,0.000179053
691,test,0,0.00037320366
10175,test,0,0.00025950512
2051,test,0,0.001598585
4180,test,0,7.276708e-05
3297,test,0,0.0020688642
7173,test,0,0.022127831
3206,test,0,2.3025668e-05
2999,test,0,0.00012674501
8094,test,0,0.00012743528
272,test,0,0.00017529473
10980,test,0,0.0012230045
6967,test,0,0.003438602
6300,test,0,0.0011071296
6041,test,0,7.2720446e-05
3883,test,0,0.00022614628
7370,test,0,3.2259508e-05
8522,test,0,0.00041130654
389,test,0,0.002297336
819,test,0,5.6345216e-05
8716,test,0,0.00023350309
4573,test,0,3.873447e-05
7170,test,0,0.00021423487
401,test,0,0.0022130643
8378,test,0,0.00037922722
4052,test,0,0.00051829475
5977,test,0,0.00046173466
10292,test,0,0.0011448278
4394,test,0,0.00043640446
2970,test,0,0.0003665306
4251,test,0,7.884875e-05
8452,test,0,0.0003791355
7887,test,0,0.00040393972
1525,test,0,0.00016409844
5805,test,0,0.00017305404
4566,test,0,8.0479476e-05
2354,test,0,0.0046271486
3377,test,0,4.6727633e-05
5975,test,0,0.0018882068
7861,test,0,0.0005476935
3783,test,0,0.00018095861
2431,test,0,0.00068719895
3286,test,0,0.000106960884
2298,test,0,8.690619e-05
9107,test,0,8.0479476e-05
9078,test,0,0.00017542229
5770,test,0,6.218144e-05
4051,test,0,0.008470651
7262,test,0,2.3483442e-05
9300,test,0,0.0008397439
9615,test,0,8.0479476e-05
4254,test,0,0.00027835992
2137,test,0,0.000729348
692,test,0,0.00057277764
3522,test,0,0.00070622895
11025,test,0,0.00013753543
3211,test,0,0.00034469296
6710,test,0,0.00035953918
10552,test,0,0.00011000175
1517,test,0,0.0002876604
9655,test,0,4.0403884e-05
5706,test,0,0.00016223588
6733,test,0,8.589223e-05
2114,test,0,0.0006050049
2264,test,0,0.0023676287
8535,test,0,0.00012361101
9055,test,0,0.0006397186
3202,test,0,8.0479476e-05
5982,test,0,8.0479476e-05
9895,test,0,0.0042379424
3655,test,0,0.0003220367
1667,test,0,0.0003468202
1246,test,0,0.00018517862
9906,test,0,0.00013872281
114,test,0,0.00041756636
7894,test,0,0.00021500215
10187,test,0,0.0021156832
2021,test,0,0.0005214296
3801,test,0,0.0008086404
1515,test,0,9.9485784e-05
8519,test,0,8.0479476e-05
3774,test,0,0.0009315089
7177,test,0,8.0479476e-05
8377,test,0,8.0479476e-05
9934,test,0,8.0479476e-05
3179,test,0,0.00071364886
2091,test,0,0.0005512584
6078,test,0,0.00027999954
11021,test,0,3.473616e-05
9223,test,0,0.0018242906
4649,test,0,2.8261402e-05
8059,test,0,0.0013424018
1675,test,0,0.0002743645
2735,test,0,8.4594205e-05
2415,test,0,0.00588243
2490,test,0,0.0002671778
9869,test,0,0.03640556
3516,test,0,0.00012282476
7864,test,0,0.00015321709
4310,test,0,9.249256e-05
1587,test,0,3.1877546e-05
3391,test,0,0.0017013262
9620,test,0,0.003210836
9550,test,0,9.698623e-05
5985,test,0,4.5260447e-05
2884,test,0,3.0251289e-05
5188,test,0,4.5244353e-05
4494,test,0,8.0479476e-05
6084,test,0,0.0027542645
9402,test,0,7.7373494e-05
4040,test,0,0.0022474611
7377,test,0,8.0479476e-05
10483,test,0,0.008944103
8751,test,0,0.0056630243
2749,test,0,0.0010016384
7270,test,0,0.001005153
7897,test,0,1.156108e-05
10987,test,0,0.0009064364
5707,test,0,0.00036144606
5327,test,0,8.552715e-05
8012,test,0,9.93599e-05
9954,test,0,4.702799e-05
1624,test,0,1.3814418e-05
8583,test,0,0.0004283755
8346,test,0,0.0013120429
10447,test,0,3.1877702e-05
8088,test,0,0.0034569006
10488,test,0,0.0015014058
8300,test,0,0.0009841034
9217,test,0,0.002457405
10484,test,0,0.0018020098
1819,test,0,0.0019795832
4143,test,0,0.0008779063
989,test,0,0.0006217881
9324,test,0,0.0014265286
10487,test,0,0.007375919
7178,test,0,3.620586e-05
9232,test,0,0.00023150872
1184,test,0,7.330839e-05
1389,test,0,3.46665e-05
602,test,0,0.00013548262
2269,test,0,0.00090082653
3010,test,0,9.5073214e-05
7624,test,0,0.0009192801
4249,test,0,0.0003953679
4397,test,0,0.00012819907
4572,test,0,8.944942e-05
8984,test,0,9.165619e-06
7399,test,0,0.004165616
2377,test,0,0.0031000793
9238,test,0,8.8512854e-05
122,test,0,0.00012279178
2435,test,0,9.948583e-05
3875,test,0,8.0479476e-05
4501,test,0,8.0479476e-05
2434,test,0,0.00010079378
4426,test,0,8.0479476e-05
1394,test,0,0.0005210182
2894,test,0,8.0479476e-05
5801,test,0,8.0479476e-05
9081,test,0,0.00052826613
6589,test,0,0.004157385
8341,test,0,0.0007682261
4312,test,0,0.00025137275
7435,test,0,0.0010860604
8226,test,0,0.0020130118
6083,test,0,0.00273072
8980,test,0,3.0358486e-05
5182,test,0,3.4136832e-05
618,test,0,5.1007817e-05
1709,test,0,0.0017858929
1514,test,0,0.0001918897
184,test,0,0.00046127458
8455,test,0,0.00039861302
2484,test,0,2.1898248e-05
7417,test,0,4.2028376e-05
9298,test,0,0.00035866245
9843,test,0,1.976025e-05
4182,test,0,7.782437e-06
10056,test,0,8.9476365e-05
2421,test,0,0.0008711672
8654,test,0,0.0021573906
5798,test,0,0.0017167197
5598,test,0,0.000120167104
10533,test,0,0.0015071627
10860,test,0,0.00045408815
2113,test,0,0.019517444
3599,test,0,5.00713e-05
8064,test,0,0.0013657932
838,test,0,0.0042419643
9307,test,0,0.0001331271
8977,test,0,0.0025979695
3395,test,0,0.0010473548
7767,test,0,0.00013960077
2130,test,0,0.00022461536
7157,test,0,0.007011196
5205,test,0,2.5260451e-05
4560,test,0,5.9515827e-05
10189,test,0,0.00044191533
10863,test,0,0.0001353618
393,test,0,0.001911258
6844,test,0,0.00036454326
4495,test,0,2.1037391e-05
7633,test,0,0.0003289666
1582,test,0,0.0047585326
9230,test,0,5.2693194e-05
9241,test,0,0.00021929934
2364,test,0,6.868709e-05
10450,test,0,6.6124936e-05
5204,test,0,1.1983977e-05
9669,test,0,0.002916596
1664,test,0,0.0034907043
9956,test,0,8.0549566e-05
7883,test,0,0.000104038576
2152,test,0,0.00010346868
8933,test,0,0.00027334876
1474,test,0,0.00014397288
2427,test,0,3.6339294e-05
8015,test,0,0.0004825627
2025,test,0,0.0024154598
1479,test,0,0.0051926197
3777,test,0,2.450768e-05
1370,test,0,0.00010615728
5783,test,0,0.00042094165
844,test,0,0.001557031
6721,test,0,4.310018e-05
10288,test,0,0.0007759278
7227,test,0,3.7073434e-05
4330,test,0,0.0021360999
8517,test,0,8.443271e-05
3219,test,0,0.00011521136
7226,test,0,0.0026432108
8058,test,0,7.216662e-05
2026,test,0,4.8191912e-05
4337,test,0,0.008905641
7900,test,0,0.00022855824
982,test,0,2.4580688e-05
4187,test,0,0.013558609
11018,test,0,3.8304326e-05
4504,test,0,0.00022766484
5802,test,0,0.000123775
204,test,0,5.3015527e-05
84,test,0,0.0004063212
9625,test,0,3.124421e-05
8325,test,0,0.000961735
8642,test,0,0.0009861013
10785,test,0,0.00014886132
3183,test,0,2.630674e-05
682,test,0,3.0188548e-05
9628,test,0,3.2700256e-05
3185,test,0,2.8614944e-05
9872,test,0,4.1035582e-05
8319,test,0,9.512791e-05
7113,test,0,0.0005339342
5791,test,0,0.0009420695
1369,test,0,0.0006358567
9866,test,0,3.6869595e-05
9680,test,0,1.2116752e-05
3594,test,0,0.00028800638
1699,test,0,0.00124315
2344,test,0,0.00017171432
9815,test,0,9.88917e-05
9060,test,0,2.6255662e-05
7112,test,0,3.6841593e-05
10445,test,0,7.085501e-05
8373,test,0,6.842645e-05
10669,test,0,0.00044183808
10681,test,0,9.178885e-05
10796,test,0,5.4188193e-05
8702,test,0,0.0006066567
7924,test,0,0.0024068097
5767,test,0,0.00019005073
6319,test,0,0.018263264
8989,test,0,0.0022132548
7259,test,0,0.0009016649
235,test,0,1.2382831e-05
4257,test,0,0.002054197
1594,test,0,1.6446691e-05
8930,test,0,0.0010354307
9398,test,0,0.0013271723
5962,test,0,0.00053898484
1194,test,0,2.3933108e-05
3600,test,0,4.2240197e-05
8697,test,0,0.0008162069
8293,test,0,0.0009600019
10793,test,0,2.78688e-05
2369,test,0,0.0017766224
10054,test,0,2.9085111e-05
10480,test,0,9.254436e-06
6962,test,0,5.063325e-05
7216,test,0,0.00014848441
9233,test,0,0.0054737395
5807,test,0,4.4011635e-05
3676,test,0,4.6717196e-05
7200,test,0,5.564209e-05
10420,test,0,2.7089982e-05
7623,test,0,8.0479476e-05
623,test,0,8.0479476e-05
5335,test,0,0.0007996879
690,test,0,3.7478312e-05
2093,test,0,3.4433993e-05
2014,test,0,2.8492206e-05
7770,test,0,3.5840243e-05
2962,test,0,2.915166e-05
8577,test,0,0.005133744
4043,test,0,0.0046339645
7638,test,0,3.1737214e-05
3198,test,0,2.6229112e-05
6586,test,0,0.0007564995
10319,test,0,0.0012138773
3390,test,0,0.000109588385
637,test,0,5.3109656e-05
4623,test,0,0.0006493432
1415,test,0,0.0016489608
8991,test,0,9.459259e-06
1620,test,0,1.6998669e-05
6712,test,0,0.00072613935
2273,test,0,4.1649964e-05
3882,test,0,4.2951353e-05
970,test,0,1.6390532e-05
1234,test,0,2.9029003e-05
1530,test,0,8.443271e-05
5221,test,0,4.0971256e-05
10142,test,0,0.00029892623
8723,test,0,0.00015233441
9674,test,0,0.00014978183
3122,test,0,0.0099872975
9940,test,0,8.686794e-05
6239,test,0,6.8399895e-05
7856,test,0,4.750049e-05
3292,test,0,5.945486e-05
9805,test,0,5.6760102e-05
9881,test,0,7.467422e-05
9325,test,0,2.3483462e-05
2168,test,0,0.0010687939
3557,test,0,4.9028757e-05
7984,test,0,9.133575e-05
7382,test,0,0.00053419126
1814,test,0,3.1210177e-05
5601,test,0,3.4147903e-05
9824,test,0,2.440143e-05
9671,test,0,0.00082096166
5976,test,0,0.00027893233
7412,test,0,7.4698924e-05
11041,test,0,0.00013017916
203,test,0,9.625563e-05
10992,test,0,6.972137e-05
5330,test,0,1.3519527e-05
8641,test,0,0.0011612338
9613,test,0,0.00020050809
8769,test,0,7.89627e-05
2134,test,0,0.0024604984
5475,test,0,0.00018031299
9404,test,0,0.0004761325
5605,test,0,0.00012416072
3190,test,0,6.5103566e-05
3657,test,0,0.006428363
7116,test,0,6.271146e-05
4603,test,0,0.0034652792
1824,test,0,0.0013222276
3530,test,0,0.008964753
5217,test,0,8.540317e-05
2289,test,0,0.0002645497
3776,test,0,0.00025998423
4339,test,0,0.00054974813
2381,test,0,0.00037094246
5342,test,0,0.00288489
8919,test,0,0.001458818
5336,test,0,0.00067835674
128,test,0,0.0010264395
1716,test,0,0.00047827436
4569,test,0,8.7779226e-05
7925,test,0,3.438607e-05
7705,test,0,0.00086095306
188,test,0,0.00013702636
3603,test,0,0.0031395515
5195,test,0,0.00064062787
8572,test,0,0.00021782561
10326,test,0,4.4372384e-05
5785,test,0,0.0003463381
4430,test,0,0.000413456
5603,test,0,3.7938615e-05
3514,test,0,0.00045935216
8712,test,0,0.0017602518
1614,test,0,0.00051374466
5612,test,0,1.7368644e-05
6970,test,0,0.0005602554
986,test,0,5.162031e-05
2985,test,0,2.874044e-05
9653,test,0,0.0063058552
4145,test,0,0.00024023159
10525,test,0,0.00078601454
1240,test,0,2.8428623e-05
7223,test,0,0.0028935554
10350,test,0,0.0003833741
8051,test,0,0.0001105003
193,test,0,3.8284623e-05
8709,test,0,0.0005184626
8942,test,0,0.00086248555
8755,test,0,1.1535777e-05
395,test,0,1.0869707e-05
2355,test,0,5.8970076e-05
5611,test,0,8.0479476e-05
2910,test,0,0.00031661597
6706,test,0,0.00023321623
1376,test,0,2.5136274e-05
5176,test,0,0.0042914446
3671,test,0,0.00016427867
2410,test,0,1.31504285e-05
9219,test,0,0.0002998459
2755,test,0,0.00091533107
9173,test,0,0.016027905
6718,test,0,0.0052681533
4175,test,0,2.13703e-05
228,test,0,0.00036426148
4387,test,0,0.0006491458
8982,test,0,0.0021230448
10138,test,0,0.0023147115
8575,test,0,0.0005895173
9603,test,0,0.0002815413
9667,test,0,8.553807e-05
1713,test,0,0.00063768687
6317,test,0,0.00015612831
4620,test,0,2.267114e-05
2050,test,0,0.0017570704
2030,test,0,9.4592615e-06
4260,test,0,0.0021849482
5270,test,0,0.00047451115
1372,test,0,0.11064311
1602,test,0,0.022274079
8764,test,0,0.001843761
9064,test,0,0.0039802627
8352,test,0,0.032793652
2977,test,0,0.0006569215
2371,test,0,0.025418298
2352,test,0,1.6492682e-05
10784,test,0,0.004043394
190,test,0,0.00020736188
8649,test,0,4.2869953e-05
7442,test,0,0.0001518863
7002,test,0,0.0019548526
8934,test,0,0.0013547174
7928,test,0,0.002067619
7404,test,1,0.0073730163
9732,test,0,0.0027774503
9687,test,0,0.0014571886
4608,test,0,9.1842274e-05
2142,test,0,0.0007746824
3477,test,0,0.0026328561
3670,test,0,0.005113165
3552,test,0,0.010770869
2965,test,0,0.00015086912
9165,test,0,0.0007546864
7202,test,0,0.026320687
7992,test,0,4.9716582e-05
6591,test,0,0.0006856604
9406,test,0,0.00015057351
1668,test,0,4.5230205e-05
6720,test,0,0.001241899
10706,test,0,4.148785e-05
4177,test,0,0.002060581
1580,test,0,0.002372389
1622,test,0,6.820901e-05
5606,test,0,0.019112337
3121,test,0,3.1290874e-05
5648,test,0,0.0009922938
2140,test,0,3.2045584e-05
3194,test,0,4.5079803e-05
8450,test,0,0.0019412149
7369,test,0,8.0479476e-05
3683,test,0,1.05668e-05
4317,test,0,0.00044134865
7987,test,0,3.0300562e-05
4174,test,0,0.00036144565
987,test,0,8.776505e-06
7424,test,0,0.0046987874
4640,test,0,6.1669685e-05
6708,test,0,0.023166224
3001,test,0,4.497258e-05
4616,test,0,9.54244e-05
11028,test,0,0.0030888391
7274,test,0,0.0029199366
2437,test,0,2.9801988e-05
7174,test,0,4.782757e-05
6997,test,0,1.25307e-05
9665,test,0,2.8840463e-05
6974,test,0,3.800248e-05
2986,test,0,3.65145e-05
9909,test,0,9.574683e-06
2418,test,0,0.008074444
2104,test,0,0.0009938419
5206,test,0,1.8873687e-05
1670,test,0,0.0044567385
7697,test,0,0.0022685044
7709,test,0,0.0051391525
3604,test,0,0.00012991088
9313,test,0,0.0013703482
2972,test,0,0.0023734877
9045,test,0,0.009402799
3664,test,0,0.0072790585
5179,test,0,0.0003993032
197,test,0,3.7533504e-05
8990,test,0,0.001195153
5695,test,0,0.00014585712
6719,test,0,7.666365e-05
5998,test,0,0.0004507271
694,test,0,3.0201221e-05
8230,test,0,0.0001697421
8718,test,0,0.0004804096
3454,test,0,0.00025158207
10412,test,0,7.206732e-05
5216,test,0,0.00027280534
10192,test,0,0.00012641874
10985,test,0,4.232923e-05
3466,test,0,0.00020755202
7004,test,0,0.00041051698
3397,test,0,0.0007793738
7429,test,0,7.620671e-05
7923,test,0,0.00022994619
1592,test,0,0.00090891746
2107,test,0,0.00096887344
8881,test,0,0.00081044174
847,test,0,2.9652057e-05
5175,test,0,0.0004440523
1188,test,0,0.008262503
8290,test,0,8.101077e-05
3542,test,0,1.6476237e-05
9072,test,0,0.0034990064
7371,test,0,2.5227846e-05
2102,test,0,0.0012681878
6973,test,0,9.948583e-05
6984,test,0,0.0026758376
2345,test,0,1.5809506e-05
7978,test,0,0.0004341166
8333,test,0,0.0005254009
9833,test,0,1.5451958e-05
3379,test,0,0.00019711343
123,test,0,0.0006857285
7439,test,0,0.0044080075
3674,test,0,4.0730014e-05
2272,test,0,0.00015842704
2263,test,0,3.9023824e-05
2136,test,0,0.00064604054
5325,test,0,0.0010751653
2038,test,0,0.0007042273
1672,test,0,3.8685303e-05
3178,test,0,0.0024135085
4334,test,0,2.5208737e-05
4138,test,0,1.0091811e-05
1621,test,0,8.014578e-06
8337,test,0,1.2203338e-05
10993,test,0,0.0016243098
1404,test,0,5.5753975e-05
4395,test,0,1.8842618e-05
2374,test,0,0.0015673521
1708,test,0,0.0027080295
1717,test,0,0.00012620963
4331,test,0,0.00046901093
5539,test,0,0.0019360905
7758,test,0,0.0002919736
4382,test,0,0.0006192167
10061,test,0,0.005108354
640,test,0,0.00010370688
3474,test,0,7.0883565e-05
10862,test,0,0.00010844842
3528,test,0,0.00025201665
180,test,0,0.00056599523
2094,test,0,0.0006950743
10363,test,0,0.0007664558
4431,test,0,4.8580925e-05
5665,test,0,3.1210177e-05
610,test,0,2.6840378e-05
11035,test,0,3.4147903e-05
1657,test,0,3.202761e-05
9540,test,0,0.0008205879
8227,test,0,3.4067514e-05
975,test,0,3.4067514e-05
10534,test,0,3.325065e-05
2045,test,0,0.0011648627
9044,test,0,0.0013396164
1529,test,0,2.9948298e-05
9242,test,0,3.331131e-05
7366,test,0,3.2193995e-05
1384,test,0,4.599323e-05
7434,test,0,4.596641e-05
4314,test,0,0.00064925855
1704,test,0,0.0007946012
7149,test,0,2.8539978e-05
5542,test,0,0.00029005817
5786,test,0,9.551359e-05
5489,test,0,0.0019945903
9158,test,0,0.00012050536
2360,test,0,8.141043e-05
5482,test,0,0.0004065144
2753,test,0,0.00022032743
3476,test,0,4.3443277e-05
5689,test,0,4.763849e-05
8369,test,0,0.00022930848
9171,test,0,4.485597e-05
1601,test,0,3.3700067e-05
7211,test,0,8.916896e-05
2904,test,0,4.307444e-05
7868,test,0,0.00061701256
5561,test,0,0.0022889043
5781,test,0,0.00057877915
6985,test,0,4.7875303e-05
7993,test,0,0.0012613208
9878,test,0,0.0003940309
3781,test,0,0.001199526
1813,test,0,7.673161e-05
6700,test,0,0.00028049972
1673,test,0,0.00087660714
6231,test,0,0.001781802
9813,test,0,0.0007511954
7687,test,0,0.0055035283
8093,test,0,0.0006618271
2963,test,0,9.617017e-05
4340,test,0,0.002293496
7874,test,0,0.0012571686
10861,test,0,0.010056419
10545,test,0,0.0009057241
1712,test,0,0.0011056361
3290,test,0,0.002207502
9814,test,0,0.00021056626
842,test,0,8.101077e-05
9213,test,0,0.0018711699
10296,test,0,0.0014661804
8283,test,0,0.0013224127
4635,test,0,0.0005134402
9948,test,0,0.00010958612
8937,test,0,0.00073941203
3208,test,0,0.005873028
9157,test,0,3.1341304e-05
10058,test,0,2.8688184e-05
5168,test,0,0.00010274492
5969,test,0,3.9597915e-05
9666,test,0,1.938289e-05
227,test,0,0.00052953063
8700,test,0,0.0019145566
3681,test,0,0.0010781458
6304,test,0,1.2045227e-05
3885,test,0,0.00067805755
625,test,0,3.9078688e-05
4575,test,0,0.0006760963
3595,test,0,3.5453835e-05
9859,test,0,0.0037825163
5218,test,0,3.971383e-05
7427,test,0,3.6774716e-05
3785,test,0,3.4422257e-05
2161,test,0,9.813294e-06
2987,test,0,9.948583e-05
5664,test,0,3.793905e-05
8018,test,0,4.0300434e-05
2156,test,0,0.00068070285
8979,test,0,7.4355717e-06
7862,test,0,0.0015026013
6732,test,0,0.0004565885
1482,test,0,0.00038925547
4248,test,0,0.0011050679
9175,test,0,8.0479476e-05
9086,test,0,0.01467484
1189,test,0,3.5292924e-05
9656,test,0,2.3022347e-05
4567,test,0,6.218144e-05
9894,test,0,0.0023025314
990,test,0,0.00077158527
2487,test,0,4.5793397e-05
11023,test,0,0.0014423974
3236,test,0,9.459266e-06
1401,test,0,0.021565821
7017,test,0,1.9983547e-05
9087,test,0,0.000724612
7754,test,0,2.8315962e-05
9842,test,0,9.459259e-06
5774,test,0,0.0011390322
2375,test,0,3.9652918e-05
9896,test,0,0.00047509978
6988,test,0,0.0011654613
6730,test,0,0.00085639703
5487,test,0,0.0027578608
284,test,0,1.0001329e-05
3789,test,0,3.839788e-05
3197,test,0,2.7000833e-05
2115,test,0,0.00232237
8532,test,0,8.443271e-05
5711,test,0,3.1193635e-05
8988,test,0,0.0008574124
2151,test,0,0.0011020332
2270,test,0,0.0010794689
8708,test,0,5.7307483e-05
8083,test,0,3.5875444e-05
9534,test,0,0.00014109912
2119,test,0,0.00014109912
7627,test,0,0.00025179065
8566,test,0,0.00033751098
231,test,0,0.008031573
2128,test,0,1.1677721e-05
1400,test,0,3.531875e-05
10177,test,0,5.0653925e-05
7267,test,0,1.5307172e-05
7699,test,0,4.2195614e-05
10355,test,0,2.975567e-05
5224,test,0,5.9258684e-05
3596,test,0,4.45629e-05
2039,test,0,1.1536946e-05
8995,test,0,3.1115258e-05
121,test,0,0.010593304
5993,test,0,0.0009309058
9812,test,0,3.716189e-05
2267,test,0,0.0013589534
10542,test,0,5.853512e-05
10424,test,0,6.0803362e-05
3791,test,0,0.0061053084
8643,test,0,0.0057437792
1192,test,0,5.82715e-05
10419,test,0,0.0046449667
6858,test,0,1.5430762e-05
196,test,0,3.8854883e-05
5961,test,0,3.7821665e-05
2441,test,0,3.4867833e-05
3461,test,0,8.637394e-06
7865,test,0,3.8831262e-05
7208,test,0,0.0007739181
10176,test,0,0.0025231494
1596,test,0,0.0011079916
3199,test,0,3.2924316e-05
7870,test,0,0.00011055374
9288,test,0,8.476084e-06
10910,test,0,0.00010079378
134,test,0,0.00013503386
8065,test,0,1.9990704e-05
10694,test,0,0.0012529815
8372,test,0,0.001607045
9904,test,0,7.3184447e-06
1610,test,0,2.7540504e-05
8451,test,0,2.3136543e-05
6838,test,0,7.702757e-06
3385,test,0,0.004366589
1600,test,0,0.0007383573
9095,test,0,8.0479476e-05
1337,test,0,0.012422759
86,test,0,0.00012619818
1395,test,0,2.6229112e-05
7438,test,0,2.8362665e-05
1817,test,0,5.5721837e-05
3795,test,0,3.8772676e-05
8223,test,0,0.00012000917
2442,test,0,4.2010764e-05
2726,test,0,4.5586752e-05
687,test,0,0.0002063531
830,test,0,0.0017786731
9912,test,0,0.0013873868
821,test,0,0.002425901
8981,test,0,0.00096568814
10521,test,0,3.8903872e-05
9228,test,0,0.00012047527
5595,test,0,4.4802087e-05
9280,test,0,0.0005912372
5966,test,0,0.0016231057
8379,test,0,0.0024844075
2027,test,0,1.276572e-05
7751,test,0,0.00023307165
4146,test,0,0.0016846341
261,test,0,0.00016168543
8893,test,0,0.0006791345
2754,test,0,1.7873654e-05
9068,test,0,0.0021725679
10551,test,0,0.0040794276
9911,test,0,1.1865039e-05
4258,test,0,1.1722004e-05
19,test,0,0.0010596476
1345,test,0,0.0009994323
7871,test,0,7.7478886e-05
1187,test,0,0.0015118122
9612,test,0,0.0022440478
9102,test,0,0.00013518782
10172,test,0,0.00012832785
10701,test,0,0.00028562915
10422,test,0,0.00013518782
6854,test,0,9.459259e-06
6725,test,0,0.007111539
10414,test,0,0.00036028257
10909,test,0,3.6514448e-05
10494,test,0,0.00054432446
10423,test,0,0.0011842445
4032,test,0,0.00291888
7436,test,0,3.3091605e-05
4614,test,0,0.00072246086
4183,test,0,0.0015510877
104,test,0,0.0014797912
2902,test,0,3.726253e-05
1350,test,0,0.002574874
6234,test,0,0.0019291484
9400,test,0,0.002053003
7365,test,0,0.0009147048
6728,test,0,1.4067267e-05
7411,test,0,0.001898187
3532,test,0,0.00041133104
10981,test,0,0.0017442101
9951,test,0,0.0008353257
9685,test,0,3.0474763e-05
5209,test,0,0.0036470927
3884,test,0,0.0002044727
10453,test,0,3.0012543e-05
1644,test,0,0.0015568222
3118,test,0,0.00048308657
5775,test,0,0.0016645915
8010,test,0,0.00068517704
10368,test,0,0.0004867434
5779,test,0,0.00012106319
685,test,0,0.0001181371
5806,test,0,0.0034477394
7628,test,0,4.753311e-05
5778,test,0,0.00021228592
832,test,0,0.00018353721
10295,test,0,0.00085307716
2751,test,0,0.0025835529
859,test,0,3.1903943e-05
10696,test,0,3.537259e-05
5169,test,0,0.015295412
5180,test,0,0.0062833554
9901,test,0,0.00012512665
9952,test,0,0.00030181807
2055,test,0,6.626166e-05
1354,test,0,0.00038202276
4557,test,0,0.0008160092
7877,test,0,0.00013549413
10135,test,0,0.00015995487
1491,test,0,0.00036566332
3536,test,0,0.00056497473
7426,test,0,0.000107142194
10801,test,0,2.4154586e-05
202,test,0,1.9184756e-05
4612,test,0,1.5728421e-05
2023,test,0,6.590414e-05
6972,test,0,6.940121e-05
7926,test,0,0.000930176
9728,test,0,0.00063656655
7636,test,0,0.0005990236
7708,test,0,2.1329948e-05
3383,test,0,4.0124265e-05
977,test,0,1.19982105e-05
7378,test,0,0.0014969844
10986,test,0,8.600589e-05
3152,test,0,2.67053e-05
3132,test,0,1.5730968e-05
2092,test,0,4.8716083e-05
4564,test,0,0.00061260496
6853,test,0,1.8015287e-05
5991,test,0,0.0024644486
4383,test,0,2.0576035e-05
9679,test,0,0.0003461974
9725,test,0,2.1100866e-05
282,test,0,8.484672e-05
1397,test,0,0.0018365163
8757,test,0,0.0004609768
9286,test,0,0.0003470789
3002,test,0,0.00042505524
4256,test,0,0.00056658866
9537,test,0,3.4884448e-05
5223,test,0,9.9056895e-05
10802,test,0,4.953223e-05
8573,test,0,0.0013584476
6387,test,0,0.0006739431
5200,test,0,2.7352404e-05
3125,test,0,0.00010137371
5655,test,0,0.0013454616
5220,test,0,3.3603537e-05
6703,test,0,0.00040727365
10523,test,0,2.9934134e-05
5543,test,0,9.815772e-06
3380,test,0,0.00039422404
3283,test,0,2.5985852e-05
9312,test,0,0.0024397916
1487,test,0,0.0015404787
7169,test,0,0.0021940127
8650,test,0,2.934887e-05
8294,test,0,8.823911e-06
8579,test,0,0.00222085
5337,test,0,7.515254e-06
9216,test,0,8.058273e-06
3682,test,0,0.00028856803
403,test,0,0.00021974804
7854,test,0,0.000658628
10856,test,0,3.1081407e-05
5795,test,0,3.4302935e-05
9865,test,0,1.3935803e-05
7630,test,0,0.00057564024
192,test,0,3.0905147e-05
8691,test,0,0.0018825167
2099,test,0,0.00024914375
7760,test,0,0.00041845517
1611,test,0,0.0015878195
9049,test,0,3.0143769e-05
6305,test,0,1.1199609e-05
10919,test,0,3.8676833e-05
3450,test,0,0.0013922409
6727,test,0,3.483932e-05
1347,test,0,0.00056835095
5812,test,0,0.0005367505
9310,test,0,0.0017929707
1475,test,0,0.00093420694
9164,test,0,3.4739798e-05
2893,test,0,0.0014393165
402,test,0,3.2720673e-05
5780,test,0,0.0005728618
4424,test,0,0.00035563108
823,test,0,3.9362156e-05
9544,test,0,0.0012225008
9281,test,0,0.00066820777
1615,test,0,0.000121600206
9935,test,0,0.000114336195
139,test,0,0.00065845536
10991,test,0,0.00088774686
1663,test,0,0.0012604587
1342,test,0,2.9121673e-05
6593,test,0,1.1022603e-05
2141,test,0,4.4011635e-05
8985,test,0,9.003288e-06
9717,test,0,0.008042975
1336,test,0,0.00012699584
7158,test,0,0.00038831655
4605,test,0,9.531261e-06
1720,test,0,1.2059935e-05
8004,test,0,0.0007052535
9403,test,0,0.000261336
6391,test,0,4.1023974e-05
8449,test,0,3.8634847e-05
689,test,0,0.0009653271
4038,test,0,0.0006502546
8298,test,0,9.801087e-06
2419,test,0,5.811145e-05
6731,test,0,0.00078304746
5608,test,0,4.325452e-05
2908,test,0,0.002752353
7176,test,0,0.00010743692
6069,test,0,0.0007698307
10140,test,0,2.6182923e-05
6859,test,0,0.00023307271
2918,test,0,8.776505e-06
2351,test,0,0.0045380048
976,test,0,0.0017162213
5654,test,0,0.00010743692
8941,test,0,0.003765963
3130,test,0,8.776505e-06
4489,test,0,0.0001165466
7688,test,0,0.002032655
3215,test,0,1.4579101e-05
9302,test,0,0.00047761996
8006,test,0,1.1163697e-05
7224,test,0,8.776505e-06
253,test,0,1.2971328e-05
10362,test,0,8.0479476e-05
7896,test,0,1.8926346e-05
4142,test,0,5.015802e-05
187,test,0,8.0479476e-05
115,test,0,2.0836853e-05
9960,test,0,0.0007822983
1863,test,0,0.0015165659
3524,test,0,8.776505e-06
127,test,0,1.4252768e-05
4132,test,0,1.5885038e-05
3555,test,0,1.5636902e-05
8939,test,0,0.000726388
9314,test,0,0.0012153505
8685,test,0,0.0008674129
5768,test,0,0.0001749537
5277,test,0,0.00040352787
9818,test,0,0.0012052092
10349,test,0,0.0006290853
2379,test,0,0.0011599839
5331,test,0,9.479036e-06
6034,test,0,0.007418939
179,test,0,0.00012405524
5994,test,0,3.583369e-05
1849,test,0,1.9623385e-05
2122,test,0,0.00023395916
5699,test,0,0.00019611695
9731,test,0,0.00019611695
3545,test,0,0.0010433692
9547,test,0,0.009092933
4391,test,0,9.226517e-06
2013,test,0,1.0189491e-05
8588,test,0,1.0189491e-05
2024,test,0,9.4592615e-06
9106,test,0,0.0006741355
8695,test,0,0.0011007444
10417,test,0,0.0042041754
10908,test,0,3.304146e-05
1375,test,0,1.5670628e-05
5988,test,0,0.0006989789
254,test,0,4.018712e-05
6969,test,0,0.001108056
9538,test,0,2.0231028e-05
3182,test,0,0.0005323677
8687,test,0,1.7492017e-05
3146,test,0,1.3537324e-05
6038,test,0,0.00068344607
5766,test,0,2.4112083e-05
2966,test,0,3.583356e-05
3549,test,0,3.0659878e-05
10640,test,0,8.67e-05
1367,test,0,2.0852596e-05
3490,test,0,0.003144148
7275,test,0,0.0010760699
183,test,0,0.008371919
4263,test,0,0.002281212
5691,test,0,3.5298803e-05
10354,test,0,3.0306628e-05
9065,test,0,0.001823407
270,test,0,1.9621291e-05
8330,test,0,4.545533e-05
8763,test,0,9.4229235e-06
2016,test,0,1.5312764e-05
10333,test,0,4.4564997e-05
267,test,0,0.005685997
7014,test,0,3.413001e-05
5210,test,0,0.00072048494
239,test,0,1.42263125e-05
1662,test,0,0.0004267038
133,test,0,8.137895e-06
10700,test,0,9.459259e-06
8533,test,0,3.293246e-05
4168,test,0,1.8972083e-05
6074,test,0,4.6437868e-05
9090,test,0,0.0041241213
6976,test,0,0.0034253886
5173,test,0,0.0031778074
9080,test,0,9.769674e-06
5267,test,0,0.0021024337
3228,test,0,0.0022783424
7402,test,0,0.01845131
1403,test,0,6.559731e-05
1411,test,0,0.0020869798
5274,test,0,1.52450375e-05
5571,test,0,0.005211341
9079,test,0,3.0950432e-05
6393,test,0,0.00027153632
3465,test,0,0.0005752471
7408,test,0,2.1832468e-05
10790,test,0,0.00019844294
4039,test,0,1.37099105e-05
2734,test,0,4.4666733e-05
3668,test,0,0.0018633526
10518,test,0,0.00027153632
9854,test,0,0.00045530463
2727,test,0,0.0005316486
9308,test,0,0.0028463202
8921,test,0,4.8718477e-05
8049,test,0,0.010678978
628,test,0,4.6369634e-05
7983,test,0,0.0010068694
1490,test,0,5.1018702e-05
3451,test,0,1.782432e-05
10526,test,0,4.988812e-05
8291,test,0,3.5821977e-05
7253,test,0,3.9251532e-05
9902,test,0,0.016140081
7892,test,0,0.040639695
8940,test,0,0.0008349381
4267,test,0,3.333967e-05
7893,test,0,0.00017096747
4610,test,0,7.129293e-05
8234,test,0,0.0002434505
2976,test,0,0.00018311343
9822,test,0,0.0007950346
1825,test,0,0.00034651055
8530,test,0,0.0034019267
9099,test,0,9.944351e-05
10711,test,0,0.00047821287
6742,test,0,0.0005194396
1850,test,0,0.00017247767
2118,test,0,0.00033728563
1399,test,0,0.000229368
7701,test,0,0.0012864607
11034,test,0,0.000121366356
8457,test,0,0.0015743267
8374,test,0,3.029535e-05
4496,test,0,3.0650564e-05
8648,test,0,0.001488769
9167,test,0,4.316803e-05
288,test,0,1.5231197e-05
5191,test,0,1.107612e-05
5171,test,0,6.8675745e-06
5203,test,0,0.00040206363
5964,test,0,0.00029293686
9682,test,0,0.00012134394
2417,test,0,0.00043655126
9809,test,0,1.1120003e-05
7251,test,0,1.4022044e-05
2154,test,0,0.00022510125
9670,test,0,4.3619675e-05
10293,test,0,0.00045181747
9735,test,0,6.236029e-06
10911,test,0,0.00082118093
7428,test,0,1.8494193e-05
1721,test,0,1.9144536e-05
5181,test,0,8.238659e-06
10983,test,0,0.00053378375
2426,test,0,2.2565235e-05
6086,test,0,0.00024980595
1485,test,0,2.2743654e-05
6987,test,0,0.00017290589
1402,test,0,2.8456152e-05
2032,test,0,0.00013614126
3669,test,0,0.0004014034
4261,test,0,2.2008404e-05
10693,test,0,0.0022791286
3876,test,0,0.00020126624
7693,test,0,1.0867485e-05
10650,test,0,6.548253e-06
4050,test,0,2.7713855e-05
9944,test,0,2.5946012e-05
6596,test,0,2.8774519e-05
4617,test,0,3.019443e-05
1492,test,0,6.0622344e-05
2728,test,0,0.00019277706
5800,test,0,0.00043950864
281,test,0,2.054497e-05
7423,test,0,5.12942e-05
5,test,0,6.72797e-06
6704,test,0,0.00020097411
9689,test,0,1.5642756e-05
6998,test,0,1.0172311e-05
9657,test,0,0.00038443835
10982,test,0,8.415156e-05
7020,test,0,0.00042781406
3133,test,0,2.4994082e-05
2895,test,0,3.884339e-05
5968,test,0,0.00024102218
10644,test,0,0.00024918406
4624,test,0,0.00037270112
9226,test,0,0.0006793511
8943,test,0,1.9569643e-05
7919,test,0,1.7923812e-05
9941,test,0,8.88245e-05
2353,test,0,0.0010003806
7214,test,0,1.7918283e-05
4493,test,0,0.00052759744
2744,test,0,2.3791095e-05
9627,test,0,0.0008075895
2160,test,0,0.000528188
5713,test,0,0.0006857621
4046,test,0,8.6049455e-05
4639,test,0,5.3679283e-05
3538,test,0,0.00043229703
8340,test,0,2.5018804e-05
3200,test,0,7.885843e-05
3680,test,0,0.00062119967
8986,test,0,0.00617829
9817,test,0,8.165571e-05
283,test,0,0.00042338003
8938,test,0,0.00059535005
826,test,0,1.7952334e-05
849,test,0,7.8934696e-05
3518,test,0,2.5369623e-05
7407,test,0,0.00011289308
2165,test,0,7.66202e-05
3788,test,0,0.00023270602
138,test,0,1.9100835e-05
7886,test,0,1.6722433e-05
8574,test,0,0.0014590195
9224,test,0,2.1991482e-05
7255,test,0,1.2843369e-05
10416,test,0,0.00093210576
5663,test,0,0.0034156218
242,test,0,0.0017253875
840,test,0,0.00020391234
3237,test,0,3.1746633e-05
3556,test,0,0.0005949536
7279,test,0,1.5219785e-05
391,test,0,0.00022084382
9601,test,0,0.0010439367
10695,test,0,1.316852e-05
8016,test,0,3.107468e-05
6584,test,0,4.017261e-05
1647,test,0,3.0678806e-05
9939,test,0,0.0056623644
9598,test,0,0.00012624459
5344,test,0,2.2477012e-05
3134,test,0,1.025495e-05
5546,test,0,0.005053681
131,test,0,0.0013191706
4047,test,0,4.344485e-05
3230,test,0,0.0007972628
1692,test,0,1.0547239e-05
6085,test,0,1.28444835e-05
7878,test,0,1.28444835e-05
2111,test,0,0.0005262648
10671,test,0,0.0022422993
10449,test,0,0.0013163817
5970,test,0,0.0043828073
130,test,0,0.00012873921
1398,test,0,0.0065657846
135,test,0,1.3225873e-05
5276,test,0,9.146545e-06
8232,test,0,0.0004066346
6705,test,0,8.229297e-06
5323,test,0,3.5299257e-05
10638,test,0,0.0034805192
827,test,0,0.001819294
20,test,0,1.76979e-05
6857,test,0,2.1043486e-05
6390,test,0,0.00070704904
9321,test,0,9.165619e-06
8295,test,0,1.6493545e-05
4392,test,0,1.1993691e-05
5653,test,0,0.00017792171
3128,test,0,7.0881265e-06
9855,test,0,0.0005083357
2012,test,0,5.321702e-05
9864,test,0,0.0008882296
7916,test,0,1.058156e-05
10789,test,0,0.0020845656
5792,test,0,4.0112613e-05
2110,test,0,3.9352675e-05
822,test,0,1.35381315e-05
8086,test,0,0.001013761
8890,test,0,1.17012e-05
10532,test,0,0.00042573517
4570,test,0,3.6449994e-05
973,test,0,9.860829e-06
626,test,0,3.2786887e-05
814,test,0,0.0004452742
5650,test,0,3.066989e-05
1651,test,0,5.590234e-05
8698,test,0,0.0008165383
240,test,0,2.2042324e-05
2432,test,0,2.749935e-05
2162,test,0,0.0009929788
2358,test,0,0.0007345115
256,test,0,0.00085542916
10183,test,0,0.00033442426
9624,test,0,3.8238006e-05
6699,test,0,0.00096590386
2299,test,0,3.612809e-05
8514,test,0,0.0015251194
5341,test,0,9.380201e-06
4621,test,0,1.46253415e-05
7225,test,0,1.472363e-05
9806,test,0,0.00067657005
120,test,0,1.5327854e-05
8066,test,0,0.00064222247
7010,test,0,9.989876e-06
2015,test,0,1.13466995e-05
2967,test,0,3.2858687e-05
4296,test,0,3.374208e-05
2362,test,0,5.60474e-05
1855,test,0,0.0020385147
9295,test,0,4.2754567e-05
7707,test,0,0.00010376038
8589,test,0,1.2476621e-05
7156,test,0,1.2803459e-05
7221,test,0,0.0012000611
9077,test,0,7.118597e-06
1722,test,0,4.1909676e-05
8044,test,0,3.774921e-05
10708,test,0,1.38934165e-05
10680,test,0,4.0745217e-05
8057,test,0,1.4422898e-05
9203,test,0,2.580525e-05
2292,test,0,1.9984947e-05
10705,test,0,8.476091e-06
10360,test,0,0.004732374
9605,test,0,1.2761484e-05
853,test,0,1.12267735e-05
7264,test,0,2.4437591e-05
8761,test,0,1.5702752e-05
10921,test,0,0.00010828364
2365,test,0,0.00013039757
4423,test,0,0.000859676
233,test,0,9.380196e-06
6030,test,0,1.1413279e-05
9061,test,0,9.205003e-06
2428,test,0,2.9644962e-05
4393,test,0,0.0024867605
8371,test,0,0.0004831154
635,test,0,8.023034e-05
1711,test,0,8.023034e-05
2363,test,0,5.6967947e-05
5484,test,0,0.00010395795
9214,test,0,8.776512e-06
4611,test,0,2.1787167e-05
9608,test,0,4.363059e-05
1658,test,0,6.464782e-05
6965,test,0,3.5456997e-05
7152,test,0,1.5342175e-05
9088,test,0,1.7570472e-05
2907,test,0,0.00071829243
9602,test,0,1.208704e-05
10365,test,0,0.007480269
10492,test,0,3.373865e-05
9908,test,0,2.8107159e-05
7994,test,0,0.00011238394
8936,test,0,0.0018617584
1338,test,0,0.00956623
828,test,0,8.476084e-06
2041,test,0,2.6875376e-05
3145,test,0,1.9970528e-05
8722,test,0,0.00012047527
10415,test,0,0.00011055374
636,test,0,0.00028917054
9683,test,0,1.1091421e-05
2170,test,0,8.341743e-06
5813,test,0,0.0013388817
5550,test,0,2.9494111e-05
2296,test,0,3.8365048e-05
845,test,0,0.00034729013
7872,test,0,0.00011055374
4053,test,0,1.755612e-05
1652,test,0,0.003926983
4324,test,0,0.0006544983
271,test,0,1.45533795e-05
5610,test,0,0.008746332
6572,test,0,0.000862291
8284,test,0,2.0148113e-05
9162,test,0,2.0148113e-05
9676,test,0,0.0003555162
7406,test,0,0.017053545
1391,test,0,3.4031167e-05
388,test,0,0.00011055374
4342,test,0,2.072002e-05
5553,test,0,2.7205604e-05
852,test,0,8.493844e-06
3012,test,0,7.346718e-05
5544,test,0,7.346718e-05
5263,test,0,3.1331176e-05
7702,test,0,1.1785163e-05
9868,test,0,3.17866e-05
124,test,0,0.00028935197
9938,test,0,3.6317506e-05
117,test,0,8.776505e-06
7398,test,0,1.0474143e-05
2923,test,0,0.0015125166
6573,test,0,3.578954e-05
5201,test,0,1.1091421e-05
4434,test,0,0.008803911
6697,test,0,1.0818515e-05
248,test,0,0.000114691815
811,test,0,8.903131e-06
9548,test,0,0.0017024002
1701,test,0,1.2960979e-05
7634,test,0,0.00011055374
2384,test,0,1.23296895e-05
7218,test,0,5.4897555e-05
2411,test,0,8.776505e-06
5334,test,0,0.0024269242
8376,test,0,0.0006884837
8349,test,0,8.9225236e-05
1484,test,0,0.00010743692
2984,test,0,0.0007206521
3678,test,0,2.9656052e-05
8005,test,0,8.476084e-06
10544,test,0,2.6846525e-05
6717,test,0,8.341745e-06
8891,test,0,3.370717e-05
9235,test,0,7.9751124e-05
2,test,0,0.00013552072
8887,test,0,0.00017022264
8054,test,0,9.681482e-06
6738,test,0,1.8243472e-05
9161,test,0,2.9182913e-05
4056,test,0,1.9216659e-05
226,test,0,1.653874e-05
1237,test,0,0.00012793136
3468,test,0,1.10089295e-05
2368,test,0,0.005233195
9955,test,0,3.5802845e-05
5771,test,0,2.6901846e-05
125,test,0,2.8514216e-05
9629,test,0,0.001974165
9848,test,0,2.911435e-05
3004,test,0,0.00011238394
3482,test,0,1.3973037e-05
8874,test,0,1.0761827e-05
3151,test,0,8.814812e-06
8084,test,0,0.00045762578
2424,test,0,7.8632e-05
6723,test,0,0.0013094011
2905,test,0,1.2845352e-05
9953,test,0,2.5624407e-05
851,test,0,1.1091421e-05
9847,test,0,2.2750964e-05
1607,test,0,0.001095876
4322,test,0,8.776505e-06
2105,test,0,0.00042508318
9860,test,0,7.094917e-05
8001,test,0,0.0034155948
5808,test,0,2.5125846e-05
10651,test,0,1.4325542e-05
10332,test,0,3.0192237e-05
3124,test,0,2.3437291e-05
1861,test,0,1.6195549e-05
9545,test,0,3.4867833e-05
9531,test,0,1.1729307e-05
9047,test,0,8.776505e-06
6075,test,0,0.004499216
848,test,0,1.3048994e-05
5483,test,0,1.3048994e-05
3126,test,0,9.382243e-05
7410,test,0,9.468131e-06
3221,test,0,8.427272e-06
4054,test,0,0.0013551111
9832,test,0,0.00034822547
10174,test,0,0.00013336247
1374,test,0,8.724416e-05
6995,test,0,7.4355717e-06
7921,test,0,8.699167e-06
7990,test,0,0.0001622808
837,test,0,0.0001622808
9317,test,0,1.0711759e-05
641,test,0,1.0711759e-05
5177,test,0,1.9082257e-05
2129,test,0,9.4609995e-06
8296,test,0,3.4460234e-05
8976,test,0,1.62874e-05
6583,test,0,4.0015904e-05
3665,test,0,1.17488435e-05
2737,test,0,5.7980393e-05
4034,test,0,7.049539e-05
8651,test,0,2.7976104e-05
3558,test,0,8.476084e-06
9844,test,0,1.0588133e-05
7007,test,0,8.424865e-06
4252,test,0,1.3229426e-05
9209,test,0,8.136484e-06
7996,test,0,0.00011099175
8752,test,0,3.2464322e-05
1871,test,0,2.6941121e-05
9614,test,0,3.4064633e-05
10648,test,0,3.738889e-05
3398,test,0,0.00059750344
2017,test,0,8.776505e-06
9225,test,0,0.00010514358
9834,test,0,1.526248e-05
8886,test,0,1.755931e-05
8705,test,0,0.00084471353
7629,test,0,8.330941e-05
9215,test,0,8.330941e-05
241,test,0,1.3858156e-05
3231,test,0,0.0006700636
9057,test,0,1.1091421e-05
1478,test,0,2.9644898e-05
6841,test,0,3.664069e-05
7153,test,0,6.554893e-06
7155,test,0,1.195954e-05
3191,test,0,1.195954e-05
10496,test,0,0.0028406968
6035,test,0,1.5115774e-05
6964,test,0,0.0023123156
6026,test,0,2.2424369e-05
8456,test,0,0.0012045016
4148,test,0,1.1663699e-05
9108,test,0,0.0010240522
4327,test,0,2.3584265e-05
8646,test,0,2.411e-05
820,test,0,0.005430874
9720,test,0,1.1091421e-05
10979,test,0,0.00012009022
9103,test,0,0.00018858153
9285,test,0,2.2067992e-05
108,test,0,0.00035504778
7207,test,0,0.016820418
4169,test,0,2.8627179e-05
5607,test,0,0.0017337993
9609,test,0,2.9496783e-05
1706,test,0,1.9909732e-05
4632,test,0,8.818128e-06
2486,test,0,0.004239107
5702,test,0,0.0013831605
5329,test,0,1.0448196e-05
4328,test,0,3.6038044e-05
8045,test,0,1.0093266e-05
2915,test,0,6.5077016e-05
2293,test,0,2.6182923e-05
10799,test,0,4.8960745e-05
8565,test,0,1.5330836e-05
9206,test,0,0.00034383129
10291,test,0,2.5589732e-05
8289,test,0,1.2971339e-05
8878,test,0,1.5954618e-05
9323,test,0,4.3687087e-05
5960,test,0,1.4588466e-05
6996,test,0,1.5752836e-05
4335,test,0,5.545524e-05
8329,test,0,1.0714047e-05
9710,test,0,2.4453373e-05
1183,test,0,2.3331879e-05
181,test,0,0.00073413795
290,test,0,1.8282479e-05
7172,test,0,3.7566948e-05
854,test,0,0.0048796153
7396,test,0,0.00041749474
6729,test,0,4.100776e-05
9867,test,0,6.54849e-05
7891,test,0,1.3624849e-05
10359,test,0,0.0020631107
2481,test,0,3.6223577e-05
8922,test,0,1.6074135e-05
2921,test,0,1.5869962e-05
846,test,0,1.7223994e-05
980,test,0,0.00079819094
9401,test,0,5.7448495e-05
2370,test,0,0.0003308903
10425,test,0,8.275295e-05
1606,test,0,2.54961e-05
9600,test,0,1.3162256e-05
8515,test,0,2.7380758e-05
8918,test,0,2.3224753e-05
6598,test,0,9.78441e-06
835,test,0,5.7094407e-05
3488,test,0,1.7136867e-05
10703,test,0,1.265215e-05
8883,test,0,0.000112745
10641,test,0,2.2671255e-05
1625,test,0,1.265215e-05
7685,test,0,3.1218824e-05
9089,test,0,1.8743669e-05
2483,test,0,0.0021337853
2414,test,0,0.00047233986
2143,test,0,0.00019819108
5473,test,0,5.9302012e-05
1581,test,0,2.960512e-05
3142,test,0,1.2765736e-05
10324,test,0,5.687295e-05
7766,test,0,0.0016220305
2005,test,0,0.0049280934
3149,test,0,1.2451624e-05
7690,test,0,1.6357099e-05
6587,test,0,4.5052693e-05
2106,test,0,4.401131e-05
6746,test,0,2.6285197e-05
6079,test,0,1.2652136e-05
10540,test,0,0.0061808857
2892,test,0,0.00064846926
607,test,0,0.00075182825
4377,test,0,1.265215e-05
2888,test,0,4.0263312e-05
7999,test,0,1.6074135e-05
9736,test,0,0.00097176357
400,test,0,0.00042475102
614,test,0,0.00019618266
6601,test,0,4.087658e-05
1853,test,0,0.00054997933
7403,test,0,1.6528795e-05
3535,test,0,1.0865767e-05
8446,test,0,0.00033844693
3144,test,0,1.6074135e-05
7631,test,0,0.0019961786
5811,test,0,2.8144032e-05
264,test,0,0.007032653
6067,test,0,3.4471894e-05
7012,test,0,7.315227e-06
4309,test,0,4.2171505e-05
9730,test,0,1.1573082e-05
7917,test,0,0.0018323574
6599,test,0,1.2799477e-05
2914,test,0,3.0183035e-05
4055,test,0,2.1019814e-05
1595,test,0,1.4004941e-05
7416,test,0,4.163609e-05
3770,test,0,0.000120557765
9882,test,0,5.919739e-05
3878,test,0,0.022361096
9046,test,0,0.003589372
7159,test,0,1.3558587e-05
4302,test,0,0.00053440017
6031,test,0,0.0069869747
3459,test,0,1.2530683e-05
7397,test,0,4.8085447e-05
4048,test,0,8.993085e-06
7252,test,0,6.4331114e-05
9227,test,0,0.00057785894
5343,test,0,6.2731066e-05
3011,test,0,0.000120557765
252,test,0,9.459266e-06
6715,test,0,1.1721998e-05
8748,test,0,3.6743728e-05
985,test,0,9.459266e-06
992,test,0,9.459266e-06
8584,test,0,4.336766e-05
8721,test,0,0.00047276908
2750,test,0,1.1721998e-05
10794,test,0,3.7521633e-05
5814,test,0,1.909332e-05
2420,test,0,0.000101296944
268,test,0,5.515484e-05
1857,test,0,1.766141e-05
9204,test,0,9.772708e-05
4308,test,0,0.00013302665
3486,test,0,1.29713235e-05
7119,test,0,3.292383e-05
855,test,0,5.6846075e-05
4323,test,0,8.2166325e-06
7694,test,0,9.309327e-06
1584,test,0,0.0011082191
2155,test,0,2.1283457e-05
8765,test,0,0.008900543
7268,test,0,3.5133944e-05
9172,test,0,0.0003095778
1598,test,0,0.0003095778
9532,test,0,1.8356968e-05
2275,test,0,0.0035880813
1518,test,0,4.4408207e-05
1698,test,0,5.727599e-05
3141,test,0,1.3129603e-05
3123,test,0,5.912467e-05
815,test,0,2.523759e-05
9092,test,0,2.3503644e-05
4320,test,0,2.5071773e-05
829,test,0,3.834106e-05
7160,test,0,9.838252e-06
3533,test,0,3.0154843e-05
1381,test,0,0.0019774279
9282,test,0,3.3849075e-05
2158,test,0,0.0008380349
6979,test,0,3.2136053e-05
10646,test,0,1.0189491e-05
8288,test,0,1.1433576e-05
3467,test,0,0.0005467015
9296,test,0,0.0021763248
8570,test,0,9.197465e-06
6306,test,0,0.00013462943
1528,test,0,4.1086307e-05
2408,test,0,1.5931868e-05
10455,test,0,1.25683755e-05
3460,test,0,3.0632338e-05
100,test,0,1.717153e-05
1695,test,0,1.2892025e-05
7368,test,0,3.112588e-05
2399,test,0,1.1722004e-05
137,test,0,1.4619577e-05
9222,test,0,4.642707e-05
11031,test,0,0.00013518866
5574,test,0,1.1433576e-05
2423,test,0,1.1865039e-05
7691,test,0,9.4592615e-06
5987,test,0,2.6429307e-05
2100,test,0,0.0013475129
4150,test,0,5.8851947e-05
2116,test,0,2.7192676e-05
9677,test,0,0.00043277358
7115,test,0,0.0025462466
7888,test,0,1.4259844e-05
9850,test,0,1.1433571e-05
7413,test,0,0.00010281414
6971,test,0,3.5864792e-05
9942,test,0,3.288871e-05
5183,test,0,0.0011966905
686,test,0,0.0002572054
2018,test,0,1.1167301e-05
4298,test,0,4.39767e-05
2034,test,0,7.8131525e-06
8229,test,0,3.874962e-05
9093,test,0,1.9509422e-05
10864,test,0,2.0186779e-05
9311,test,0,0.0011369586
9309,test,0,1.5931862e-05
10653,test,0,0.0009967064
8997,test,0,1.8369792e-05
2960,test,0,0.0005262306
9299,test,0,9.8433375e-06
7277,test,0,1.51277145e-05
136,test,0,9.3466035e-05
8696,test,0,9.574683e-06
10452,test,0,1.5195174e-05
5560,test,0,1.6523456e-05
843,test,0,1.4654061e-05
3559,test,0,1.846415e-05
2163,test,0,9.4592615e-06
4384,test,0,1.6532858e-05
6230,test,0,0.00012405493
9293,test,0,0.001916868
101,test,0,9.4592615e-06
4186,test,0,2.8892762e-05
251,test,0,9.309338e-06
3464,test,0,4.37127e-05
236,test,0,1.9068018e-05
6603,test,0,9.4592615e-06
8351,test,0,1.1779043e-05
10421,test,0,0.0135136265
9691,test,0,0.002051266
5563,test,0,2.994276e-05
4329,test,0,1.3317811e-05
3553,test,0,1.6288473e-05
5478,test,0,2.6276984e-05
8877,test,0,2.0567195e-05
1851,test,0,1.6171849e-05
8880,test,0,1.1722004e-05
8281,test,0,2.0147447e-05
8297,test,0,3.377902e-05
2430,test,0,0.000913146
3544,test,0,1.245987e-05
2406,test,0,1.0915409e-05
8756,test,0,1.9629995e-05
8000,test,0,2.6114363e-05
5690,test,0,4.812547e-05
10677,test,0,3.7798356e-05
5165,test,0,3.1395073e-05
7689,test,0,0.016011847
2372,test,0,1.6667344e-05
4319,test,0,7.813151e-06
6991,test,0,9.08027e-06
11027,test,0,0.0001262381
2922,test,0,8.954791e-05
10858,test,0,3.1206368e-05
9678,test,0,9.459259e-06
90,test,0,0.00024162424
3513,test,0,0.00024213376
9533,test,0,0.000107742315
3294,test,0,5.082204e-05
9083,test,0,7.813151e-06
991,test,0,9.309334e-06
9959,test,0,0.0006315424
1866,test,0,2.7421751e-05
8534,test,0,0.0016103421
3232,test,0,2.0513095e-05
10673,test,0,3.0052839e-05
5804,test,0,0.00020236504
1715,test,0,3.9853392e-05
974,test,0,0.0041924496
4389,test,0,3.707338e-05
6245,test,0,0.00013518782
286,test,0,0.00026594437
275,test,0,0.00069068116
263,test,0,8.646415e-06
6978,test,0,0.00013518782
6837,test,0,1.1433571e-05
1603,test,0,0.0010137348
1605,test,0,4.5485922e-05
8019,test,0,0.0016122258
2048,test,0,0.0008881241
273,test,0,3.864691e-05
230,test,0,1.5936967e-05
4305,test,0,0.00010037413
6736,test,0,1.1634822e-05
2167,test,0,0.0015011234
9654,test,0,1.2331773e-05
3456,test,0,2.0138063e-05
289,test,0,0.0016336404
8876,test,0,4.1095962e-05
10541,test,0,3.1788815e-05
6579,test,0,0.0031419967
3192,test,0,0.0006427216
3656,test,0,1.2774201e-05
1710,test,0,9.3093295e-06
8332,test,0,4.4345477e-05
8090,test,0,3.100178e-05
7220,test,0,0.0035903351
10866,test,0,1.7686634e-05
3473,test,0,1.8710281e-05
7381,test,0,0.0001004551
6045,test,0,0.0024528233
2042,test,0,6.558431e-05
2359,test,0,8.167339e-06
4184,test,0,7.315202e-06
9712,test,0,0.008632997
1593,test,0,1.246635e-05
2919,test,0,1.461957e-05
9405,test,0,3.0677875e-05
9597,test,0,0.00012344104
2736,test,0,0.00011851789
1238,test,0,6.3143685e-05
9899,test,0,1.952754e-05
8324,test,0,4.3881308e-05
2367,test,0,0.0017731627
3227,test,0,0.011875059
4262,test,0,9.462107e-06
3515,test,0,2.3541692e-05
5339,test,0,1.0720421e-05
4149,test,0,1.0561133e-05
3224,test,0,0.0133348005
9097,test,0,0.00029706
2056,test,0,2.1819837e-05
5651,test,0,4.2154283e-05
9071,test,0,1.0893101e-05
2020,test,0,1.6661354e-05
7198,test,0,1.2789499e-05
2108,test,0,0.00013158594
5797,test,0,0.00027380063
8292,test,0,2.0187434e-05
5764,test,0,0.001424799
8011,test,0,0.001126579
4648,test,0,0.0008660953
7260,test,0,1.0976489e-05
4044,test,0,0.0065766405
2049,test,0,0.0023681903
9043,test,0,1.0893112e-05
9073,test,0,1.1734019e-05
1700,test,0,0.0040531936
10714,test,0,1.4419252e-05
7769,test,0,3.9731724e-05
5207,test,0,0.00028913308
118,test,0,0.00025504714
696,test,0,2.7710204e-05
8923,test,0,0.0027221357
4045,test,0,1.5121831e-05
7117,test,0,0.0011044934
10489,test,0,1.0720437e-05
5700,test,0,0.0018773004
2148,test,0,1.45522445e-05
8978,test,0,1.2676638e-05
8322,test,0,4.1585376e-05
6301,test,0,1.4094996e-05
4297,test,0,0.00012995963
10685,test,0,3.906627e-05
7920,test,0,1.0720443e-05
4435,test,0,0.00010696625
1341,test,0,0.00012287516
5214,test,0,3.2357948e-05
1626,test,0,4.0738738e-05
6313,test,0,1.9694686e-05
7150,test,0,0.0011176439
6577,test,0,0.0002484157
8323,test,0,0.0003214594
4622,test,0,0.0113125155
9546,test,0,0.00011587366
2402,test,0,2.1685126e-05
3667,test,0,0.0010229021
4565,test,0,0.00013247368
6856,test,0,1.1528354e-05
1812,test,0,3.6831847e-05
2898,test,0,0.00024750232
1852,test,0,0.00928814
6392,test,0,0.0002468497
3127,test,0,3.4837954e-05
2725,test,0,0.0003930314
2482,test,0,0.0002484157
9835,test,0,3.8528775e-05
6852,test,0,1.4635813e-05
7269,test,0,0.00028034474
9692,test,0,4.995584e-05
10690,test,0,3.5818568e-05
1407,test,0,0.00013247368
1,test,0,1.518813e-05
4303,test,0,0.007860198
6308,test,0,3.26115e-05
8338,test,0,2.5654212e-05
7989,test,0,0.00044735248
7991,test,0,2.5275136e-05
10446,test,0,2.5275136e-05
9207,test,0,1.6584692e-05
8303,test,0,0.00015873824
1821,test,0,4.907734e-05
176,test,0,0.00022652456
9074,test,0,0.00078874413
6238,test,0,0.0044489065
2980,test,0,0.00020697933
2046,test,0,2.8505776e-05
6741,test,0,0.004284516
5658,test,0,0.00013247368
6073,test,0,4.7432175e-05
1671,test,0,0.00049016235
7266,test,0,1.6655098e-05
1872,test,0,4.912755e-05
1353,test,0,8.796092e-05
2131,test,0,0.0029009967
10287,test,0,5.0288716e-05
224,test,0,0.0003893654
4487,test,0,0.00079593447
7021,test,0,0.0033572249
7632,test,0,3.6713936e-05
5194,test,0,0.024031678
9111,test,0,7.0335416e-05
7409,test,0,1.5598078e-05
2409,test,0,2.0973499e-05
11026,test,0,0.00012370352
4190,test,0,1.3951229e-05
10798,test,0,0.00022928331
6307,test,0,5.015437e-05
6040,test,0,5.9296133e-05
7882,test,0,1.2507174e-05
8454,test,0,0.0017871864
4618,test,0,0.0011494288
7982,test,0,0.00025835953
3147,test,0,3.0950432e-05
8567,test,0,0.0008091377
2153,test,0,0.004151011
2896,test,0,0.00026284053
5773,test,0,0.007239759
6849,test,0,1.8409415e-05
3392,test,0,0.00015329591
2361,test,0,1.8583609e-05
8885,test,0,2.9527182e-05
1859,test,0,0.0002096813
10654,test,0,2.7140943e-05
3879,test,0,4.8722202e-05
836,test,0,2.11415e-05
7161,test,0,0.0046017068
9595,test,0,1.947007e-05
6299,test,0,0.004223826
10530,test,0,5.504427e-05
3136,test,0,0.006294577
186,test,0,6.5721404e-05
9596,test,0,1.4013611e-05
3786,test,0,0.0038618923
1243,test,0,0.0082960585
7005,test,0,0.00218154
9910,test,0,2.4982433e-05
1604,test,0,2.0804815e-05
3189,test,0,3.985887e-05
9315,test,0,1.1188714e-05
7695,test,0,0.000119502445
2356,test,0,1.5196883e-05
4641,test,0,2.6616517e-05
10179,test,0,0.00015246094
2011,test,0,3.1630814e-05
4627,test,0,1.4768261e-05
200,test,0,0.0058513144
9054,test,0,0.00018673278
9885,test,0,0.00015547434
1362,test,0,0.0037517606
5694,test,0,0.00012370352
3212,test,0,0.00022928331
4173,test,0,5.240092e-05
8301,test,0,1.5072438e-05
7206,test,1,0.0028544199
10859,test,0,0.0001279931
1339,test,0,0.0024303626
5184,test,0,2.6883252e-05
5704,test,0,0.00012652123
10057,test,0,0.00027798954
1360,test,0,0.0033731386
119,test,0,3.691903e-05
6592,test,0,3.5505742e-05
9907,test,0,2.5758254e-05
5777,test,0,0.00023660315
857,test,0,2.0893713e-05
7165,test,0,0.00023051031
4311,test,0,0.00020419914
3527,test,0,2.4423673e-05
9856,test,0,1.6114302e-05
7110,test,0,0.0010251882
4502,test,0,5.4179345e-05
2157,test,0,1.3976412e-05
5166,test,0,0.00037920612
8992,test,0,0.04238759
7980,test,0,0.00020697933
7179,test,0,0.00021844386
1858,test,0,3.1780262e-05
11017,test,0,0.00021889916
5609,test,0,0.0017513138
8929,test,0,3.0818257e-05
9606,test,0,0.00014224774
4178,test,0,0.0004626835
8382,test,0,0.0047379816
4491,test,0,0.00027831158
8944,test,0,1.7599043e-05
7880,test,0,0.0134447
10783,test,0,0.00020697933
2171,test,0,1.5124898e-05
9862,test,0,0.029537603
1816,test,0,0.0045178006
9289,test,0,1.7314233e-05
2890,test,0,8.540966e-05
249,test,0,0.005340447
3487,test,0,0.018443258
3233,test,0,0.0044543333
9320,test,0,1.3205939e-05
8235,test,0,5.439659e-05
7885,test,0,2.2623619e-05
5790,test,0,0.00021131584
1608,test,0,0.0003046571
6839,test,0,1.37099105e-05
4147,test,0,5.5439737e-05
5796,test,0,0.00022928331
132,test,0,2.7355676e-05
3540,test,0,0.0029986422
3234,test,0,0.008782982
2440,test,0,0.0033946852
7013,test,0,2.4617986e-05
5198,test,0,0.0010432805
856,test,0,8.4814266e-05
10519,test,0,0.0012466437
5980,test,0,3.3271965e-05
6597,test,0,3.0099627e-05
9075,test,0,0.0002525893
8889,test,0,2.7132144e-05
4250,test,0,0.01259715
6961,test,0,0.00042547783
1481,test,0,0.00030182573
1577,test,0,0.00015610976
7108,test,0,0.0010022377
4613,test,0,0.00036326447
7105,test,0,0.00011041648
4295,test,0,0.000489203
3792,test,0,0.0003930877
250,test,0,0.00030209034
7898,test,0,6.2102496e-05
2891,test,0,6.2102496e-05
1811,test,0,0.00083122205
9168,test,0,0.00019569784
3455,test,0,0.00019088373
10716,test,0,0.00011844215
6726,test,0,0.00021153914
5667,test,0,0.00021043752
13,test,0,0.00078106154
1862,test,0,0.0011797058
5271,test,0,0.0002816081
8657,test,0,0.0003007554
10674,test,0,0.00011197849
6068,test,0,0.00019172033
9711,test,0,0.00074060407
8052,test,0,0.00030556906
9101,test,0,0.00023648242
1380,test,0,6.879571e-05
2159,test,0,0.008806645
3554,test,0,3.3618122e-05
2052,test,0,6.392018e-05
5809,test,0,1.9410922e-05
3661,test,0,7.391073e-05
7753,test,0,0.0001757933
693,test,0,0.00012912365
627,test,0,0.00014091961
10284,test,0,0.00013323333
1195,test,0,0.00025143643
2489,test,0,0.00014952707
9820,test,0,0.0006906567
11030,test,0,7.698501e-05
4299,test,0,0.00014327985
88,test,0,0.0002687099
1366,test,0,4.992499e-05
2150,test,0,0.00026050588
1627,test,0,0.00063245173
7425,test,0,0.00023479195
9291,test,0,0.00023479195
6590,test,0,0.00059213635
9900,test,0,0.000333723
10639,test,0,0.00032895716
1363,test,0,0.00047026185
3662,test,0,0.0001170991
8062,test,0,0.00055432617
9675,test,0,0.0002633567
2383,test,0,0.00031390242
5972,test,0,0.0006177165
9719,test,0,0.0007372143
6028,test,0,0.00026934838
10528,test,0,0.00020899627
9211,test,0,0.0005714952
8061,test,0,0.00019555812
1349,test,0,0.00019555812
116,test,0,0.0015203847
390,test,0,0.0001267937
8225,test,0,0.00074216066
1702,test,0,7.0674716e-05
9879,test,0,0.00029883065
4425,test,0,0.0004576419
5476,test,0,5.23188e-05
11037,test,0,0.00034356772
606,test,0,9.3385825e-05
619,test,0,1.6236767e-05
10676,test,0,1.769036e-05
2729,test,0,1.8307324e-05
10867,test,0,0.00027978473
1196,test,0,0.00029325605
2733,test,0,3.506637e-05
7635,test,0,0.00016413805
10643,test,0,0.00015663012
2436,test,0,0.00016301086
4558,test,0,9.702344e-05
3590,test,0,0.0019963556
981,test,0,0.00020119913
1823,test,0,4.711612e-05
3007,test,0,0.00060608576
10791,test,0,0.0004275417
1357,test,0,0.00010683914
1185,test,0,0.00031184766
1665,test,0,9.778827e-05
8381,test,0,3.2734424e-05
5776,test,0,6.296533e-05
3296,test,0,2.9349843e-05
5647,test,0,3.2614393e-05
5986,test,0,0.00026141386
9821,test,0,3.5940437e-05
178,test,0,0.00024397358
1245,test,0,8.223376e-05
5996,test,0,0.00012661902
7755,test,0,0.00023616297
5213,test,0,4.4636658e-05
1382,test,0,0.00018641456
1486,test,0,0.00034953587
10290,test,0,0.0001702782
7166,test,0,3.5682082e-05
9933,test,0,3.202761e-05
6595,test,0,0.0030803832
4562,test,0,0.00013723214
3877,test,0,2.581405e-05
8879,test,0,1.4035643e-05
1661,test,0,3.1586475e-05
9662,test,0,5.345802e-05
4269,test,0,0.00018666539
1650,test,0,0.0038951973
824,test,0,8.762756e-05
1392,test,0,5.0957282e-05
8706,test,0,0.00096636114
4633,test,0,8.125723e-06
1848,test,0,0.00013087157
9076,test,0,1.2559282e-05
85,test,0,2.3729837e-05
1864,test,0,9.419248e-06
8693,test,0,9.702953e-05
9723,test,0,2.1470983e-05
9892,test,0,3.1293323e-05
2350,test,0,2.1070586e-05
8009,test,0,1.0338631e-05
6722,test,0,0.00031826753
9094,test,0,1.0979729e-05
5268,test,0,1.1655676e-05
6990,test,0,6.371266e-06
3394,test,0,6.612899e-06
825,test,0,8.521443e-06
7212,test,0,1.3050798e-05
4188,test,0,1.8704284e-05
638,test,0,2.649703e-05
7752,test,0,0.0006376403
238,test,0,0.0015720932
7401,test,0,3.1895066e-05
6310,test,0,1.9198063e-05
9098,test,0,1.9772513e-05
9292,test,0,1.3069847e-05
1406,test,0,2.5451838e-05
7852,test,0,0.00012261585
6740,test,0,2.359698e-05
3293,test,0,1.1036976e-05
10289,test,0,1.9461828e-05
10786,test,0,2.5827389e-05
2145,test,0,2.5827389e-05
11029,test,0,0.0005999061
6043,test,0,2.1014901e-05
9838,test,0,3.2154912e-05
2348,test,0,3.3794586e-05
229,test,0,0.0003035277
8348,test,0,0.0006204829
1493,test,0,6.605938e-05
4574,test,0,2.0076774e-05
3138,test,0,7.696398e-06
10800,test,0,2.6177904e-05
3799,test,0,2.1393937e-05
4388,test,0,0.00063296134
9713,test,0,1.2848525e-05
9237,test,0,2.9471297e-05
3226,test,0,9.239445e-06
1198,test,0,7.6254923e-06
611,test,0,2.728252e-05
9831,test,0,4.017229e-05
812,test,0,4.017229e-05
3210,test,0,0.00045462852
2745,test,0,0.00024139037
3389,test,0,1.7591408e-05
5333,test,0,0.00012347937
2982,test,0,2.6794649e-05
8350,test,0,3.065239e-05
6989,test,0,0.00051852776
5815,test,0,7.8034e-06
10984,test,0,0.00022769431
3218,test,0,8.856997e-05
7875,test,0,2.8831426e-05
2127,test,0,7.313771e-06
8453,test,0,0.0001002513
8524,test,0,2.1965165e-05
10550,test,0,2.2743654e-05
3207,test,0,2.5338715e-05
8448,test,0,2.2743654e-05
3458,test,0,1.8293518e-05
4559,test,0,2.0400015e-05
6578,test,0,9.47564e-06
4488,test,0,2.4799328e-05
7374,test,0,0.00012428866
7418,test,0,0.00031395833
6029,test,0,8.2901766e-05
11024,test,0,0.00016282915
5222,test,0,2.7720298e-05
5963,test,0,1.1718327e-05
6044,test,0,9.3691715e-06
94,test,0,0.0012657894
3675,test,0,2.8376304e-05
3148,test,0,2.7613067e-05
9051,test,0,1.0334402e-05
2047,test,0,8.916218e-06
9091,test,0,0.0002009262
1666,test,0,3.0056663e-05
2019,test,0,3.0056663e-05
10691,test,0,1.7799744e-05
6580,test,0,4.0120005e-05
8747,test,0,0.00024141221
10537,test,0,0.0004523649
7419,test,0,0.00031370745
3660,test,0,0.00036883407
4609,test,0,1.2472042e-05
4137,test,0,0.0004219226
858,test,0,1.03488765e-05
102,test,0,0.0004044547
5981,test,0,0.00025308487
2731,test,0,4.095531e-05
6080,test,0,1.2799324e-05
629,test,0,2.1376887e-05
3223,test,0,1.5632986e-05
4332,test,0,2.1069085e-05
2429,test,0,0.00030390004
3790,test,0,0.00014345582
3006,test,0,6.2131636e-05
7154,test,0,0.00021070073
5190,test,0,0.0002503018
2376,test,0,1.1654954e-05
813,test,0,1.5407832e-05
10792,test,0,0.00067934993
8287,test,0,0.0003824686
2135,test,0,0.00068565825
7006,test,0,1.023999e-05
3295,test,0,0.00073861517
6737,test,0,0.000556661
6744,test,0,7.4449144e-06
10448,test,0,1.6440245e-05
6389,test,0,0.00050220033
7422,test,0,7.2115e-05
2978,test,0,3.3347216e-05
6388,test,0,0.0001904674
8328,test,0,0.00034978328
5569,test,0,3.318547e-05
9,test,0,7.179274e-05
1488,test,0,7.179274e-05
1387,test,0,1.8997913e-05
2400,test,0,1.8997905e-05
8282,test,0,2.167773e-05
1654,test,0,0.0006225439
2920,test,0,2.7615437e-05
10491,test,0,0.0003895805
9549,test,0,4.7169688e-05
1597,test,0,0.0001763168
7148,test,0,0.0004730536
10493,test,0,0.0002906223
2439,test,0,0.0004361715
1697,test,0,0.0006526755
6087,test,0,8.606472e-05
5810,test,0,2.246948e-05
1182,test,0,0.0037089714
8576,test,0,1.5472595e-05
9617,test,0,2.1492213e-05
2983,test,0,5.0346713e-05
2022,test,0,0.00012009869
4381,test,0,2.4516896e-05
1344,test,0,5.786253e-05
3517,test,0,5.786253e-05
8983,test,0,5.0772956e-05
2036,test,0,1.1970914e-05
5225,test,0,9.206261e-05
14,test,0,2.3519478e-05
6716,test,0,0.00010464698
8996,test,0,1.207229e-05
2738,test,0,0.0004414087
259,test,0,0.00052753376
6711,test,0,1.626067e-05
6240,test,0,0.00010234497
9876,test,0,0.00013580185
6745,test,0,0.00019666537
8299,test,0,0.0002803851
2981,test,0,0.00027987023
6846,test,0,9.57459e-06
6318,test,0,1.7980876e-05
6992,test,0,0.00012969441
810,test,0,8.699891e-06
4634,test,0,1.2196222e-05
1854,test,0,8.919373e-06
7107,test,0,2.8708351e-05
5784,test,0,4.7069378e-05
1346,test,0,0.00013110085
397,test,0,0.00091504055
3537,test,0,1.1659065e-05
10697,test,0,7.20973e-06
9688,test,0,0.0013465212
9539,test,0,2.008149e-05
8334,test,0,3.233751e-05
266,test,0,0.00091959647
7686,test,0,1.851567e-05
833,test,0,0.00022512813
7201,test,0,1.2548879e-05
2730,test,0,2.2760047e-05
7205,test,0,2.1055765e-05
5552,test,0,6.4469874e-05
8892,test,0,0.0008399556
9913,test,0,5.6067758e-05
2404,test,0,1.8997149e-05
7863,test,0,6.243093e-05
4185,test,0,6.243093e-05
834,test,0,0.0004024427
5793,test,0,0.0010894425
2138,test,0,0.00045917387
10479,test,0,1.8652716e-05
3598,test,0,0.00020497735
8770,test,0,3.3348202e-05
6036,test,0,1.5259686e-05
7273,test,0,1.21157245e-05
8569,test,0,4.849921e-05
5984,test,0,2.137715e-05
8587,test,0,2.137715e-05
4645,test,0,5.2019543e-05
1244,test,0,3.4087236e-05
697,test,0,0.00015496658
2425,test,0,0.00034120603
6315,test,0,1.959764e-05
9663,test,0,1.8980005e-05
9543,test,0,6.641483e-05
6980,test,0,0.00039751318
9176,test,0,0.00050966913
9897,test,0,3.160674e-05
7376,test,0,7.14535e-05
4615,test,0,2.4201761e-05
8014,test,0,1.470655e-05
9846,test,0,1.5995007e-05
246,test,0,1.6152635e-05
2031,test,0,4.1413477e-05
6701,test,0,1.8652716e-05
5652,test,0,3.8124388e-05
4325,test,0,1.5227799e-05
244,test,0,1.2577856e-05
639,test,0,0.00025853745
7019,test,0,3.1624066e-05
5170,test,0,1.470655e-05
9110,test,0,7.597917e-05
3485,test,0,2.0126485e-05
7915,test,0,2.1846103e-05
3534,test,0,0.0017171116
6986,test,0,3.215559e-05
2117,test,0,0.00027963653
8060,test,0,4.128855e-05
17,test,0,3.2085758e-05
199,test,0,0.0017117036
2909,test,0,0.00030118076
3672,test,0,4.5655168e-05
7884,test,0,6.601147e-05
3480,test,0,1.966521e-05
5187,test,0,4.03148e-05
5656,test,0,0.000116871495
4563,test,0,0.00010937048
8384,test,0,0.00052845216
9715,test,0,1.5519418e-05
4170,test,0,0.0016029434
9594,test,0,0.00014165042
2095,test,0,1.4485928e-05
1809,test,0,0.00064029376
9840,test,0,4.2657062e-05
5555,test,0,1.5730977e-05
4131,test,0,2.884271e-05
2266,test,0,0.0005730018
8568,test,0,2.1731961e-05
1870,test,0,0.00019742535
8871,test,0,1.8811143e-05
5566,test,0,1.5547292e-05
10320,test,0,7.369129e-05
8286,test,0,1.5603759e-05
7263,test,0,2.1731985e-05
9827,test,0,3.486558e-05
5275,test,0,0.0007988665
3217,test,0,1.5052816e-05
1609,test,0,3.5470075e-05
7704,test,0,3.937958e-05
632,test,0,3.817417e-05
6602,test,0,2.613925e-05
4318,test,0,2.0988102e-05
10418,test,0,0.0011739891
8285,test,0,0.00026150033
2043,test,0,2.5804873e-05
9084,test,0,4.2520933e-05
5549,test,0,2.1731961e-05
3520,test,0,0.0012124723
5208,test,0,2.2046492e-05
850,test,0,3.519905e-05
291,test,0,0.0020386344
3471,test,0,0.000809395
1356,test,0,0.00023963246
8582,test,0,0.0010388298
3387,test,0,0.00017494443
2378,test,0,1.78208e-05
9205,test,0,2.3971901e-05
2044,test,0,2.8006632e-05
6070,test,0,0.0015819091
8007,test,0,1.4125242e-05
10481,test,0,7.6026816e-05
1388,test,0,4.3144388e-05
11033,test,0,4.5643574e-05
8692,test,0,2.195716e-05
9716,test,0,0.0009778753
2885,test,0,0.0003328259
7209,test,0,0.0003202468
7375,test,0,7.441461e-05
8894,test,0,7.8717916e-05
2294,test,0,0.001006253
10916,test,0,0.00017330718
4141,test,0,0.00045487928
4037,test,0,9.6307114e-05
8656,test,0,7.2659976e-05
2008,test,0,8.2223625e-05
5186,test,0,3.709716e-05
6232,test,0,5.4951557e-05
6977,test,0,7.249854e-05
6594,test,0,0.00036748248
7151,test,0,0.0006011889
1714,test,0,2.184287e-05
2172,test,0,0.0007955249
10995,test,0,0.0012734241
9082,test,0,5.5010583e-05
2964,test,0,0.00032666302
3205,test,0,0.00022982
8336,test,0,2.2623817e-05
8048,test,0,1.772974e-05
6576,test,0,0.0007673054
1179,test,0,0.0009625254
9287,test,0,6.382234e-05
1590,test,0,1.4377691e-05
4140,test,0,2.85135e-05
9863,test,0,4.178057e-05
10520,test,0,3.8654e-05
1623,test,0,0.0010666413
7278,test,0,0.00034908665
3798,test,0,0.00031101608
3874,test,0,0.00015008872
1694,test,0,2.184287e-05
1522,test,0,0.001787341
1483,test,0,4.6783865e-05
841,test,0,1.8536157e-05
9858,test,0,2.6684098e-05
4171,test,0,1.772974e-05
9304,test,0,3.4180597e-05
3481,test,0,0.0008040221
1869,test,0,0.00047162824
8092,test,0,0.0003831652
3779,test,0,0.000101387166
3214,test,0,0.0031656527
9684,test,0,0.00040802927
5266,test,0,0.00047491697
8320,test,0,4.8984388e-05
9621,test,0,4.3208514e-05
8536,test,0,8.677228e-05
5710,test,0,8.4491985e-05
3483,test,0,8.4491985e-05
9807,test,0,9.5073214e-05
2297,test,0,0.0012309001
1808,test,0,0.00041917228
9056,test,0,2.5913554e-05
2912,test,0,0.00037174814
9727,test,0,0.00063849153
5538,test,0,7.701978e-05
5174,test,0,0.0005437731
4301,test,0,3.9413015e-05
5557,test,0,2.4722693e-05
11020,test,0,8.138495e-05
2054,test,0,1.3931955e-05
7379,test,0,0.00017911603
4380,test,0,0.00012212098
8013,test,0,6.1654326e-05
3531,test,0,0.0037440031
6071,test,0,2.5525032e-05
1588,test,0,0.0004239055
3521,test,0,1.31275165e-05
2139,test,0,0.0018055763
232,test,0,0.0009493706
8343,test,0,3.08518e-05
6698,test,0,2.7034612e-05
5600,test,0,0.004727718
10517,test,0,0.00021105589
8050,test,0,9.3066104e-05
10364,test,0,2.184941e-05
8873,test,0,2.0331898e-05
3547,test,0,6.824587e-05
1616,test,0,2.3791095e-05
6316,test,0,5.058181e-05
6994,test,0,2.6924276e-05
6999,test,0,2.897161e-05
2346,test,0,2.2455562e-05
3551,test,0,0.00038635553
6743,test,0,3.661174e-05
8347,test,0,3.126366e-05
9085,test,0,2.3775257e-05
7692,test,0,2.0945692e-05
9319,test,0,0.002700991
105,test,0,2.7034612e-05
971,test,0,2.5649957e-05
5537,test,0,2.5649957e-05
3457,test,0,2.7225164e-05
8882,test,0,5.5615405e-05
1586,test,0,2.055452e-05
3659,test,0,6.319946e-05
5193,test,0,6.639167e-05
8975,test,0,1.8706689e-05
5172,test,0,0.00249639
4041,test,0,1.7403307e-05
3775,test,0,0.0008903874
177,test,0,0.00011637296
5326,test,0,2.0548385e-05
7,test,0,7.690781e-05
688,test,0,0.000112075395
8342,test,0,1.681302e-05
1860,test,0,2.2253413e-05
3679,test,0,2.8023414e-05
4266,test,0,2.5649957e-05
2035,test,0,2.5018804e-05
8750,test,0,2.2686385e-05
4333,test,0,5.657583e-05
8704,test,0,1.8174205e-05
10485,test,0,3.9600603e-05
3396,test,0,0.0002821179
5973,test,0,8.93301e-05
1377,test,0,0.0011549399
5558,test,0,2.5026295e-05
2961,test,0,0.0015655856
4606,test,0,2.0045094e-05
9063,test,0,0.0012964895
4166,test,0,0.00083930115
8585,test,0,2.4705761e-05
7204,test,0,1.9375182e-05
4604,test,0,1.8174205e-05
6714,test,0,0.00027369338
9053,test,0,9.016574e-05
8002,test,0,7.7430275e-05
9686,test,0,0.0018749874
8694,test,0,1.4780034e-05
2121,test,0,3.542756e-05
4386,test,0,2.026229e-05
9672,test,0,0.0032400782
2295,test,0,0.0007547679
4049,test,0,0.0005320779
9290,test,0,3.2284657e-05
4172,test,0,2.2200067e-05
10914,test,0,0.0020365198
2120,test,0,4.0772273e-05
6713,test,0,1.727396e-05
10698,test,0,0.00046318947
5967,test,0,2.0548385e-05
2416,test,0,0.0021280476
9066,test,0,0.003110872
7420,test,0,0.00055289053
3204,test,0,0.0007464066
6302,test,0,2.7217282e-05
8686,test,0,1.6745691e-05
5261,test,0,4.4998542e-05
10191,test,0,0.00041544024
237,test,0,9.016574e-05
9837,test,0,2.1727576e-05
6309,test,0,6.3740954e-05
2126,test,0,0.0005700304
9893,test,0,1.6344442e-05
6042,test,0,2.1350317e-05
10060,test,0,0.00045907855
7016,test,0,2.1953507e-05
10353,test,0,0.0012374735
9294,test,0,0.00218529
10451,test,0,8.5932035e-05
6032,test,0,3.3789536e-05
5567,test,0,2.3779769e-05
2916,test,0,0.0004115017
9845,test,0,0.00031994705
5782,test,0,0.00041384264
10,test,0,3.835052e-05
7881,test,0,2.146565e-05
1390,test,0,3.3071676e-05
1579,test,0,3.3071676e-05
9231,test,0,4.957945e-05
3143,test,0,1.0767405e-05
6702,test,0,0.00022691167
7000,test,0,1.7196262e-05
5551,test,0,1.7196262e-05
1386,test,0,0.0008577895
4630,test,0,0.0047132256
9877,test,0,0.0010108718
3525,test,0,0.004630124
3606,test,0,3.4037443e-05
7405,test,0,1.3208884e-05
6847,test,0,0.0003498733
5338,test,0,0.0005686991
8345,test,0,0.0010869816
9852,test,0,1.2818298e-05
10325,test,0,0.00024513167
1578,test,0,0.00042073027
10649,test,0,3.4595418e-05
1613,test,0,0.0028250404
6983,test,0,2.2031767e-05
9210,test,0,3.3052813e-05
3550,test,0,2.5784128e-05
4255,test,0,1.4341656e-05
4385,test,0,0.002786859
2028,test,0,1.6085e-05
3469,test,0,0.0009088464
7210,test,0,2.1413322e-05
10699,test,0,2.0730906e-05
3008,test,0,0.004380032
3220,test,0,5.711827e-05
1618,test,0,1.495371e-05
4313,test,0,0.0003568523
8321,test,0,0.00030845377
6843,test,0,1.4873907e-05
4139,test,0,1.0234044e-05
2164,test,0,9.1180145e-06
7009,test,0,1.4795645e-05
5989,test,0,0.000110908906
8688,test,0,5.734414e-05
2968,test,0,0.00040295185
7203,test,0,1.5497404e-05
110,test,0,3.02417e-05
3119,test,0,1.2382831e-05
10675,test,0,0.0036574912
9301,test,0,0.0011396803
3203,test,0,0.00011552006
9245,test,0,3.597453e-05
106,test,0,0.010712943
9052,test,0,1.0502459e-05
9718,test,0,1.910055e-05
8710,test,0,5.297861e-05
4306,test,0,0.0019395562
8063,test,0,2.9241231e-05
3115,test,0,2.127897e-05
7625,test,0,0.0042100125
6845,test,0,3.514105e-05
225,test,0,1.0398845e-05
8925,test,0,0.0015315464
8768,test,0,4.175149e-05
7011,test,0,1.9184798e-05
983,test,0,2.8806184e-05
7363,test,0,4.2919135e-05
10655,test,0,1.0377205e-05
8987,test,0,1.4321286e-05
9536,test,0,0.008248975
9681,test,0,0.0059778956
8581,test,0,1.2352939e-05
9898,test,0,1.0254955e-05
2380,test,0,1.6764e-05
10647,test,0,8.828048e-06
3478,test,0,1.3773471e-05
1703,test,0,1.0063428e-05
1718,test,0,2.0529087e-05
8932,test,0,1.3518315e-05
5265,test,0,0.000518286
10454,test,0,9.721559e-06
4167,test,0,1.00661155e-05
7703,test,0,0.00076738157
1489,test,0,0.0007930647
4135,test,0,1.3442949e-05
6981,test,0,1.0185002e-05
2741,test,0,3.0722975e-05
7215,test,0,1.3070582e-05
8571,test,0,1.316852e-05
9069,test,0,0.00075769145
280,test,0,1.3303942e-05
4181,test,0,0.0010049606
265,test,0,1.0063428e-05
9673,test,0,0.001123924
10065,test,0,0.00036234938
9722,test,0,9.721559e-06
8872,test,0,1.5989226e-05
2752,test,0,8.058273e-06
10482,test,0,1.24048165e-05
831,test,0,0.0011414125
4326,test,0,1.316852e-05
2037,test,0,2.3924698e-05
7637,test,0,0.003993564
9946,test,0,3.30021e-05
984,test,0,4.5461817e-05
3140,test,0,1.8874087e-05
8339,test,0,0.0002491047
9887,test,0,0.0009299328
3150,test,0,1.0063428e-05
99,test,0,0.005033226
7889,test,0,3.706918e-05
8684,test,0,1.316852e-05
9208,test,0,1.402891e-05
4636,test,0,2.609075e-05
7373,test,0,7.362003e-05
5978,test,0,9.815793e-06
5332,test,0,1.7466878e-05
3479,test,0,1.24081525e-05
5573,test,0,0.0006654987
5572,test,0,1.03639795e-05
2347,test,0,9.1180145e-06
10715,test,0,1.3985621e-05
3470,test,0,1.5595797e-05
8335,test,0,1.2276573e-05
3539,test,0,2.4167863e-05
4035,test,0,3.491256e-05
276,test,0,2.7663375e-05
2149,test,0,1.9343717e-05
10522,test,0,3.3101453e-05
698,test,0,6.91838e-05
2917,test,0,6.644234e-05
2403,test,0,1.316852e-05
4336,test,0,0.0010754628
245,test,0,4.2782784e-05
10692,test,0,0.0008902496
3526,test,0,1.9336489e-05
2357,test,0,1.0219328e-05
2366,test,0,1.7309294e-05
3543,test,0,1.35168975e-05
4432,test,0,0.00043177485
9058,test,0,3.904045e-05
9811,test,0,5.1348172e-05
4396,test,0,3.124423e-05
5769,test,0,0.00018571265
1655,test,0,0.0017667265
3117,test,0,1.787657e-05
5788,test,0,0.00011044075
4059,test,0,0.00011044075
7400,test,0,8.524967e-06
6724,test,0,2.145466e-05
9305,test,0,3.179889e-05
6735,test,0,2.6620948e-05
5709,test,0,0.0002030945
8383,test,0,0.0018267095
243,test,0,0.00043581842
2006,test,0,0.00055119576
3180,test,0,9.3068345e-05
7757,test,0,3.7113154e-05
5178,test,0,0.000729713
817,test,0,0.0028225335
2132,test,0,6.0831127e-05
3519,test,0,1.473288e-05
2053,test,0,0.025774984
9535,test,0,1.0441938e-05
10173,test,0,0.0012514805
8047,test,0,9.566472e-06
1526,test,0,9.5466625e-05
8993,test,0,9.861006e-06
262,test,0,0.0011447908
1231,test,0,3.763871e-05
9826,test,0,4.685256e-05
978,test,0,1.2716415e-05
7362,test,0,0.00015061736
5278,test,0,1.316852e-05
2742,test,0,4.771667e-05
603,test,0,0.00015768454
988,test,0,0.0006675466
7257,test,0,2.6305455e-05
7890,test,0,0.0030304338
7415,test,0,9.9028875e-06
4647,test,0,0.00079241325
255,test,0,0.00021261867
7199,test,0,0.0041117026
8380,test,0,4.0112613e-05
4036,test,0,1.01851365e-05
9166,test,0,5.6072462e-05
2407,test,0,2.0565984e-05
10709,test,0,6.279366e-05
1693,test,0,1.19821525e-05
7276,test,0,0.0004222057
9810,test,0,0.0006490242
175,test,0,0.00038478506
9945,test,0,0.0018708628
9212,test,0,0.00035564613
3546,test,0,1.4675799e-05
5322,test,0,1.7104248e-05
10637,test,0,1.5098828e-05
1585,test,0,9.168068e-06
8586,test,0,2.6881073e-05
8231,test,0,0.00048717528
4390,test,0,1.0380329e-05
10358,test,0,0.013304835
7219,test,0,0.0035646071
5712,test,0,0.00037727132
9542,test,0,4.2126263e-05
3225,test,0,0.00011115942
5540,test,0,1.7691817e-05
1410,test,0,0.0003385406
4378,test,0,3.5231937e-05
4191,test,0,0.0018552789
8690,test,0,1.0582948e-05
9607,test,0,1.2716415e-05
8331,test,0,0.00013935153
8447,test,0,8.315979e-05
129,test,0,0.00084460934
7254,test,0,1.4368443e-05
7258,test,0,1.272761e-05
10645,test,0,1.15424455e-05
9932,test,0,0.0003025014
111,test,0,1.1186185e-05
5340,test,0,2.083562e-05
8767,test,0,0.00467969
4492,test,0,0.0005697456
6037,test,0,0.0017992263
9726,test,0,1.329305e-05
5562,test,0,1.1993691e-05
1719,test,0,0.00074201176
6,test,0,0.0018434124
6312,test,0,1.8375353e-05
5192,test,0,9.328586e-06
3287,test,0,0.00012014672
2743,test,0,1.3070273e-05
2405,test,0,1.2716415e-05
10704,test,0,2.0782902e-05
2974,test,0,2.895014e-05
8527,test,0,0.0013653769
1822,test,0,4.4689175e-05
9050,test,0,1.6703041e-05
604,test,0,0.00043526303
6076,test,0,0.0051780487
10713,test,0,1.5245295e-05
3193,test,0,0.00064638426
5971,test,0,0.0004067199
8924,test,0,3.078342e-05
6600,test,0,1.1993691e-05
1364,test,0,0.00022372052
103,test,0,0.0016601287
6842,test,0,0.013479984
4268,test,0,1.8092587e-05
7918,test,0,0.0051556844
1361,test,0,9.340055e-06
7380,test,0,7.5847192e-06
2029,test,0,9.260997e-05
3771,test,0,0.00013767573
1379,test,0,1.5416083e-05
3673,test,0,3.925019e-05
3135,test,0,1.12981415e-05
3666,test,0,3.933687e-05
2040,test,0,9.020355e-06
5565,test,0,1.305473e-05
5698,test,0,0.0004847096
8531,test,0,3.3681223e-05
96,test,0,3.819459e-05
7015,test,0,0.0011463505
9853,test,0,1.939518e-05
9297,test,0,0.0012903453
6027,test,0,7.5706103e-06
8562,test,0,2.0608944e-05
8935,test,0,0.0010250086
9283,test,0,3.8511003e-05
8884,test,0,0.0007465095
4193,test,0,1.0914328e-05
4321,test,0,7.503532e-06
8754,test,0,6.269755e-05
3475,test,0,1.2414427e-05
1531,test,0,0.00012500428
287,test,0,1.3048205e-05
5979,test,0,1.1698574e-05
6855,test,0,1.6312631e-05
9714,test,0,1.7053893e-05
9220,test,0,1.0600782e-05
2146,test,0,1.5736676e-05
1612,test,0,9.490462e-06
4264,test,0,1.5413894e-05
15,test,0,1.4663902e-05
2732,test,0,0.0009627639
4626,test,0,1.1300665e-05
9604,test,0,0.00010680077
7003,test,0,0.004308242
6707,test,0,0.000740643
4,test,0,1.2944354e-05
257,test,0,0.00037593755
6314,test,0,9.825485e-06
4253,test,0,0.0007515804
9529,test,0,1.8544344e-05
8578,test,0,9.239749e-06
182,test,0,0.00013154934
4338,test,0,1.1300665e-05
6081,test,0,1.17012e-05
9062,test,0,0.00017452388
7421,test,0,0.00043661043
3462,test,0,0.0026901674
5202,test,0,2.1577302e-05
194,test,0,0.00035800412
11019,test,0,0.0018816824
816,test,0,2.8729426e-05
8762,test,0,9.161509e-06
6851,test,0,7.1120703e-06
1193,test,0,0.0005407148
8701,test,0,0.002603151
5272,test,0,2.0693364e-05
2166,test,0,1.0238369e-05
3015,test,0,0.0019655451
1653,test,0,0.0004704249
9905,test,0,1.5714471e-05
7175,test,0,2.2927312e-05
5548,test,0,4.4685203e-05
7164,test,0,2.8840463e-05
9284,test,0,0.00088849437
9836,test,0,0.0025200185
11022,test,0,0.0001282084
3184,test,0,0.0027917284
972,test,0,1.17012e-05
5264,test,0,1.1993691e-05
8759,test,0,0.00010471541
10994,test,0,0.00011736427
9239,test,0,0.00019199758
8689,test,0,8.126237e-06
2133,test,0,6.9152666e-06
5564,test,0,4.26012e-05
9690,test,0,9.259017e-06
3222,test,0,1.3091206e-05
10486,test,0,0.0012815875
8354,test,0,1.4301647e-05
4490,test,0,0.00030285714
6966,test,0,0.0012266729
3663,test,0,8.331238e-06
6993,test,0,0.0051074815
7395,test,0,1.8078843e-05
4607,test,0,0.0059971064
3677,test,0,0.002038249
7008,test,0,2.7134367e-05
278,test,0,3.8288137e-05
4031,test,0,1.581601e-05
10456,test,0,7.840686e-06
6244,test,0,0.0059782816
7256,test,0,0.00077414414
7261,test,0,4.6218916e-05
285,test,0,9.53301e-06
7162,test,0,8.281929e-05
4144,test,0,2.0563366e-05
7696,test,0,2.0882993e-05
7698,test,0,1.17012e-05
10444,test,0,1.9042398e-05
5959,test,0,4.6875444e-05
9096,test,0,0.00023442609
4033,test,0,0.0086779455
5568,test,0,1.6471047e-05
1583,test,0,1.2751539e-05
5273,test,0,0.0008024443
109,test,0,1.6555678e-05
8344,test,0,1.17012e-05
10712,test,0,1.9631438e-05
993,test,0,0.0028340074
979,test,0,1.8657774e-05
2911,test,0,0.0001049956
5556,test,0,1.8121938e-05
10490,test,0,1.6259388e-05
292,test,0,0.00050889223
234,test,0,0.0058330256
1619,test,0,5.941908e-05
5189,test,0,0.0016307643
8749,test,0,0.010774164
9303,test,0,1.1303694e-05
9668,test,0,2.0518206e-05
8888,test,0,1.1413279e-05
1696,test,0,1.1413279e-05
2906,test,0,3.8238006e-05
1589,test,0,1.5725063e-05
1373,test,0,6.9996495e-06
10555,test,0,3.337037e-05
3139,test,0,8.960835e-06
3452,test,0,8.942088e-06
7213,test,0,1.1300665e-05
1378,test,0,1.5088105e-05
10531,test,0,0.0010151403
2412,test,0,1.38934165e-05
8053,test,0,1.652098e-05
2349,test,0,2.0188225e-05
1868,test,0,0.00033942988
3463,test,0,3.940689e-05
8302,test,0,8.942088e-06
6077,test,0,1.9995974e-05
107,test,0,1.35343835e-05
10413,test,0,0.0032626374
8926,test,0,1.7792785e-05
3548,test,0,1.2675445e-05
9851,test,0,0.00012260351
2382,test,0,9.207448e-06
9888,test,0,6.479497e-05
3523,test,0,4.888097e-05
5197,test,0,1.0667666e-05
2401,test,0,1.2045237e-05
2173,test,0,9.766153e-06
9724,test,0,0.0012662514
9857,test,0,0.0029083302
4651,test,0,0.00023955437
8563,test,0,2.6733072e-05
4134,test,0,1.1022603e-05
1818,test,0,2.0534379e-05
2373,test,0,3.9362243e-05
10702,test,0,4.8261078e-05
1365,test,0,2.9460727e-05
4133,test,0,2.7418142e-05
7995,test,0,0.0007932058
7914,test,0,0.0008165756
6311,test,0,1.8970211e-05
1867,test,0,3.337667e-05
8353,test,0,1.2223705e-05
1355,test,0,0.0004954219
6039,test,0,0.0002717061
6303,test,0,2.7824315e-05
201,test,0,0.00021638954
4265,test,0,2.589006e-05
6696,test,0,1.317482e-05
6850,test,0,3.226281e-05
6046,test,0,0.0012472852
4628,test,0,7.794951e-06
10188,test,0,0.00033022338
7280,test,0,4.1501924e-05
10329,test,0,3.3012457e-05
3131,test,0,2.7041857e-05
4136,test,0,1.2045227e-05
8564,test,0,1.0616779e-05
7913,test,0,0.005041021
7858,test,0,1.5366773e-05
9823,test,0,0.0014338417
4192,test,0,1.1636047e-05
274,test,0,2.2752358e-05
11,test,0,1.6999513e-05
10672,test,0,0.00027882343
7927,test,0,1.0923537e-05
10547,test,0,0.000713916
269,test,0,1.13466995e-05
7895,test,0,1.798656e-05
126,test,0,2.6443642e-05
4058,test,0,1.13466895e-05
2101,test,0,2.9605531e-05
5799,test,0,0.0013133227
1856,test,0,9.531255e-06
8766,test,0,0.00095520995
1513,test,0,0.00014596264
7626,test,0,0.0009422949
10678,test,0,4.9930786e-05
5262,test,0,0.0004571665
16,test,0,1.3448323e-05
3153,test,0,1.1982152e-05
277,test,0,0.000688912
8003,test,0,2.3246419e-05
5554,test,0,1.2527808e-05
2443,test,0,3.0177556e-05
4637,test,0,3.5693178e-05
9541,test,0,2.4767422e-05
4642,test,0,0.00040692848
258,test,0,1.2666719e-05
9163,test,0,0.00022629261
4638,test,0,8.978507e-06
8008,test,0,0.00022567861
10184,test,0,0.00023367521
6072,test,0,0.0027770582
4057,test,0,1.9108049e-05
4165,test,0,1.30148255e-05
2147,test,0,8.576194e-06
2746,test,0,7.1185927e-06
9880,test,0,3.296169e-05
6734,test,0,1.9065894e-05
260,test,0,0.0006226974
8758,test,0,1.134974e-05
5196,test,0,9.668779e-06
6848,test,0,1.8091014e-05
10051,test,2,0.0036210832
8128,test,2,0.17169233
4151,test,2,0.011775137
8112,test,0,0.0123620555
8362,test,2,0.056231633
10406,test,2,0.0027015035
4159,test,2,0.015016113
7656,test,2,0.036551673
8113,test,2,0.0064060995
8364,test,2,0.009086891
2836,test,2,0.033043638
1574,test,2,0.0074324524
8130,test,2,0.0053229397
10048,test,2,0.012575682
328,test,2,0.013886873
4158,test,2,0.009632258
329,test,2,0.3068482
8357,test,2,0.019686595
7665,test,2,0.0060087573
1563,test,2,0.005231835
66,test,2,0.00093207735
8119,test,2,0.01819304
1570,test,2,0.0069580274
1740,test,1,0.0069580274
8118,test,2,0.010559056
10047,test,2,0.009023532
68,test,0,0.014148581
4546,test,2,0.008208061
10041,test,2,0.0054625166
318,test,0,0.0029450676
4538,test,2,0.0047417805
59,test,2,0.016230999
4549,test,2,0.044643573
4153,test,2,0.020541389
8126,test,2,0.087910056
65,test,2,0.013684024
325,test,2,0.002844888
8127,test,2,0.054071568
320,test,2,0.0307184
10410,test,2,0.035411432
7670,test,0,0.003668181
326,test,0,0.0009495354
54,test,2,0.0057128095
57,test,0,0.00030835214
7662,test,0,0.013826288
64,test,2,0.14798316
4157,test,2,0.009110229
1566,test,2,0.008528062
10039,test,2,0.054983687
10040,test,2,0.003876879
4154,test,0,0.002137179
8131,test,0,0.00030025205
55,test,2,0.012750009
63,test,2,0.010018165
6778,test,2,0.0114138825
947,test,2,0.022978613
2337,test,2,0.061183736
2333,test,2,0.009973321
6896,test,2,0.0015861816
6878,test,2,0.008292162
6771,test,2,0.01073909
6879,test,2,0.012355332
965,test,2,0.000929624
6882,test,2,0.01683438
6766,test,2,0.0065158764
6774,test,2,0.0824175
2329,test,2,0.016508576
955,test,2,0.027574895
5850,test,2,0.0003487074
4664,test,1,0.09344674
3499,test,2,0.1636148
7141,test,2,0.015776314
6888,test,2,0.011689613
5835,test,2,0.011268431
6876,test,2,0.0039470457
9412,test,2,0.012716212
6877,test,2,0.0032666721
3493,test,2,0.007818644
1983,test,2,0.053158928
3498,test,2,0.0594543
948,test,2,0.12303553
5853,test,2,0.0072737285
6866,test,2,0.006389383
6886,test,2,0.0061621927
6776,test,2,0.011217891
9414,test,2,0.020538935
3622,test,2,0.0022151864
5845,test,2,0.022339452
2332,test,2,0.19210914
3495,test,2,0.0077039544
5852,test,2,0.0016701435
1982,test,2,0.009169019
5837,test,2,0.005293378
2338,test,2,0.042615503
2330,test,2,0.095736094
5848,test,2,0.017473163
6897,test,2,0.0087209465
2328,test,2,0.001300944
5834,test,0,0.00034832506
3611,test,2,0.0032170515
5843,test,0,0.0016893644
1968,test,2,0.017687121
960,test,2,0.015709665
6779,test,0,0.0025771465
959,test,2,0.013731432
956,test,2,0.026305683
1980,test,2,0.024745416
3615,test,2,0.025346186
1974,test,2,0.014733484
2343,test,2,0.0048335018
1981,test,0,0.004197778
6252,test,2,0.035713248
2550,test,2,0.0015304368
10498,test,2,0.004101845
412,test,0,0.003814389
6289,test,0,0.0002766256
2828,test,2,0.016844979
2809,test,2,0.016059829
6254,test,2,0.0022535976
10514,test,2,0.0103592
3306,test,2,0.011544572
10510,test,2,0.08799415
666,test,2,0.01601213
6281,test,2,0.017374875
2541,test,2,0.0044009415
6249,test,2,0.010104729
8214,test,2,0.00087269896
2511,test,2,0.004856257
413,test,2,0.031325877
2820,test,2,0.012311984
409,test,2,0.012542233
2493,test,2,0.019191131
7951,test,1,0.7929106
2513,test,2,0.0019054504
2507,test,2,0.015365964
8217,test,2,0.011444798
668,test,2,0.0076530864
2819,test,2,0.001473807
2545,test,2,0.0053179134
2798,test,0,0.006374368
411,test,2,0.015653541
10502,test,2,0.05010057
2822,test,0,0.0044212686
2544,test,2,0.0037323493
2823,test,2,0.0015511716
508,test,2,0.07978573
2492,test,2,0.0074574505
405,test,0,0.00033848349
10508,test,0,0.0027608115
2503,test,2,0.013619912
679,test,0,0.00823284
2829,test,2,0.058750853
6291,test,2,0.27877274
3299,test,2,0.015824111
8216,test,2,0.0059109973
2548,test,2,0.032178193
496,test,2,0.030406136
10509,test,0,0.0037687316
511,test,0,0.00400727
2830,test,2,0.00638865
2827,test,2,0.0094365105
7432,test,2,0.004920717
2109,test,2,0.05033646
7431,test,2,0.26818138
3285,test,2,0.0069524185
4650,test,2,0.0060826787
2886,test,2,0.0042537563
7700,test,1,0.1690074
3281,test,2,0.0055461475
2889,test,2,0.004713439
2897,test,2,0.013394012
2271,test,2,0.020571599
3186,test,2,0.008488974
10137,test,2,0.023335384
3284,test,2,0.0076580937
2903,test,2,0.008600253
10136,test,2,0.009904249
10139,test,2,0.010282036
10141,test,2,0.007215639
7443,test,2,0.009861991
7441,test,2,0.007308045
4643,test,2,0.00038927165
4428,test,2,0.018707031
7430,test,2,0.015747888
2899,test,2,0.021501796
3188,test,2,0.010377542
2901,test,2,0.0020964155
7440,test,2,0.01319833
2112,test,2,0.02289273
4427,test,2,0.0042551784
7867,test,0,0.0066657877
4646,test,0,0.0024532615
9936,test,2,0.0048205913
3187,test,2,0.02191396
3289,test,2,0.004310419
2268,test,2,0.15459862
7879,test,0,0.0002943092
2883,test,2,0.03591962
7433,test,2,0.020985775
2274,test,2,0.015224134
7437,test,2,0.02972295
4176,test,1,0.029288322
7444,test,2,0.02622713
3196,test,0,0.00033848349
4644,test,2,0.0016722095
7866,test,2,0.1280035
4429,test,2,0.0073513733
2900,test,2,0.016109906
9937,test,2,0.015864598
3282,test,2,0.018396249
3288,test,2,0.04528959
3291,test,0,0.0008879824
4433,test,2,0.0056510936
10134,test,2,0.0048497934
10143,test,2,0.0076803947
7869,test,2,0.004329269
7772,test,2,0.11554535
2956,test,2,0.07937419
4957,test,2,0.012154107
5593,test,2,0.008307587
3271,test,2,0.0049338895
5117,test,2,0.0045640245
4898,test,2,0.011108553
4902,test,2,0.010172527
8604,test,2,0.0053426274
7775,test,2,0.020504076
3832,test,1,0.085095935
9924,test,2,0.2897785
5586,test,2,0.010617192
3266,test,2,0.0029260283
5576,test,2,0.0013117058
10893,test,2,0.015025275
4956,test,2,0.02582643
5120,test,2,0.0279216
4904,test,2,0.020109495
159,test,2,0.19536106
3267,test,2,0.0015631142
160,test,2,0.023086596
8595,test,2,0.0020953575
5580,test,2,0.00792123
5113,test,2,0.009330162
4968,test,0,0.00028898666
3268,test,2,0.0042767627
5577,test,2,0.015168544
4900,test,2,0.0025072538
4959,test,2,0.04554352
3269,test,2,0.060966443
4962,test,2,0.031297944
8602,test,2,0.031639233
165,test,2,0.0024336954
5115,test,2,0.031348903
5592,test,2,0.020962989
4894,test,2,0.050173104
7771,test,2,0.020702718
3277,test,2,0.14282309
8136,test,0,0.00388316
168,test,0,0.0043861493
3275,test,0,0.008345656
10901,test,2,0.010342283
4859,test,1,0.027743543
7908,test,2,0.0008210404
9989,test,2,0.00907406
9640,test,2,0.004455921
7503,test,2,0.013933023
8786,test,2,0.029448664
3412,test,2,0.0024770293
3433,test,0,0.002488326
10255,test,2,0.014183546
9985,test,2,0.017043378
5004,test,2,0.03528227
9997,test,2,0.099395856
7502,test,2,0.009659878
9649,test,2,0.028192475
3421,test,2,0.040592298
10243,test,2,0.09410692
9509,test,2,0.0016307232
4989,test,2,0.008878412
9507,test,2,0.011826284
3422,test,2,0.0046642656
3417,test,2,0.0036733944
9648,test,2,0.0039311685
10244,test,2,0.003881369
9987,test,2,0.5990761
5260,test,1,0.50146747
3416,test,2,0.007012239
3418,test,2,0.095376424
4955,test,1,0.15713716
10249,test,2,0.07122359
7903,test,0,0.00033859303
8787,test,2,0.008082178
4951,test,1,0.0151791815
9994,test,2,0.03706078
7495,test,2,0.0051294877
7297,test,1,0.05493263
7905,test,2,0.0145445205
7512,test,0,0.0046850247
9995,test,2,0.003873134
5007,test,0,0.05612713
4991,test,0,0.00034820568
5005,test,2,0.08638091
4288,test,1,0.026075399
3424,test,0,0.018378466
10247,test,2,0.0042019477
4997,test,2,0.005193115
3427,test,2,0.006953053
3402,test,2,0.0071997843
9508,test,2,0.080902345
3408,test,2,0.008084222
10152,test,2,0.02981753
762,test,2,0.005308346
10149,test,2,0.031074341
10151,test,2,0.0028219004
7518,test,2,0.013759422
5450,test,2,0.013423798
2574,test,2,0.03140114
10004,test,2,0.011594678
7459,test,2,0.010757107
888,test,2,0.0038892843
2575,test,2,0.08396174
758,test,2,0.018799284
5453,test,2,0.0050911615
7466,test,0,0.006294363
7469,test,2,0.009962599
7458,test,2,0.008355705
10010,test,2,0.008011034
10018,test,2,0.018095046
2570,test,2,0.07653713
10019,test,2,0.040447585
882,test,2,0.021048771
2562,test,2,0.0048725153
5446,test,2,0.018116038
2560,test,2,0.11131357
3512,test,2,0.033322703
765,test,2,0.010741063
883,test,2,0.009093536
3506,test,2,0.033200394
2584,test,2,0.04284642
7456,test,2,0.02312923
5454,test,0,0.0003424641
3505,test,2,0.008112201
3692,test,0,0.0013968024
752,test,2,0.0021946821
892,test,2,0.022713266
2573,test,2,0.0022931842
5456,test,2,0.005096652
763,test,2,0.0146181835
2568,test,0,0.002478583
2576,test,2,0.0061843484
7457,test,2,0.004912723
11051,test,1,0.017951036
10017,test,2,0.0063274098
10003,test,0,0.00034359295
887,test,0,0.0035296665
886,test,2,0.003724669
2571,test,2,0.0130075505
1176,test,2,0.030782782
716,test,1,0.16670614
1898,test,2,0.0020392444
3813,test,2,0.012698456
1177,test,2,0.03070445
6642,test,2,0.009796638
3810,test,2,0.0053042932
2995,test,2,0.026983919
2989,test,2,0.034410305
10442,test,2,0.004750088
347,test,2,0.0575857
10024,test,2,0.008234086
333,test,2,0.010741345
6646,test,2,0.0013818337
10430,test,2,0.020321479
8165,test,2,0.0003815262
334,test,2,0.003186376
10437,test,2,0.0035929305
8444,test,2,0.015335756
8153,test,2,0.008657543
10429,test,2,0.11019736
1175,test,2,0.009973997
9472,test,2,0.02817379
9464,test,2,0.12774667
2996,test,2,0.25253633
8433,test,2,0.034442164
9481,test,2,0.008705669
6662,test,2,0.05665092
10025,test,2,0.048502218
343,test,2,0.035837796
1907,test,2,0.03918027
1167,test,2,0.071376726
335,test,2,0.036123365
6643,test,2,0.010203643
3811,test,2,0.077829376
1178,test,2,0.019043613
6653,test,2,0.051463462
6645,test,2,0.24053009
341,test,0,0.0017252908
3804,test,2,0.013974581
9483,test,2,0.21008071
8158,test,0,0.009830958
6658,test,2,0.2879092
10030,test,0,0.00034832506
345,test,0,0.0023238736
6661,test,2,0.004247263
6665,test,2,0.0053993408
10436,test,2,0.03318381
1166,test,2,0.0019280901
8156,test,2,0.009732146
10431,test,2,0.009346216
8436,test,0,0.00034820568
1168,test,2,0.011681627
10439,test,2,0.0031420235
6652,test,0,0.0030787278
10032,test,0,0.00093631493
9459,test,2,0.0019484808
8441,test,2,0.012136386
1905,test,2,0.042852037
3812,test,2,0.0031036253
9466,test,2,0.005491206
3702,test,2,0.0029368722
3715,test,2,0.0013300601
3705,test,2,0.0021217766
3707,test,2,0.004203403
4372,test,0,0.0023856263
4365,test,2,0.004530191
5468,test,2,0.03393108
4345,test,2,0.020527873
1468,test,2,0.009528027
6801,test,2,0.006865512
7839,test,2,0.0014730092
7837,test,2,0.017229507
6785,test,2,0.010533122
4374,test,2,0.017599836
5238,test,2,0.041034594
3711,test,2,0.0020588713
5460,test,2,0.0031482861
2617,test,2,0.0018712424
5760,test,2,0.09391959
2607,test,2,0.012088518
5227,test,2,0.012082713
5239,test,2,0.012033732
4359,test,2,0.02784753
5465,test,2,0.009788623
6798,test,2,0.008820662
4376,test,2,0.045787893
2618,test,2,0.010880961
7843,test,2,0.026770426
1464,test,0,0.00034242394
4367,test,2,0.05545653
5228,test,2,0.009542488
2609,test,2,0.05591584
7847,test,0,0.00030278423
7842,test,2,0.0024049259
6802,test,0,0.00033859303
5232,test,2,0.017708905
1461,test,2,0.017329289
6786,test,2,0.014104412
7840,test,2,0.096143626
5466,test,2,0.023377106
6787,test,2,0.008391466
4350,test,2,0.017380895
4349,test,2,0.09680119
2620,test,2,0.009192516
1469,test,2,0.07054514
5459,test,2,0.08827482
2608,test,2,0.011829746
5758,test,0,0.0031603782
1460,test,0,0.00034782663
9626,test,2,0.0012233064
10682,test,2,0.03545344
10687,test,2,0.04543616
9407,test,2,0.010784967
633,test,2,0.049113233
10686,test,2,0.030749368
9721,test,1,0.047850713
10679,test,2,0.0006770819
9630,test,2,0.13538362
10684,test,2,0.009850366
10185,test,2,0.0058769677
9397,test,2,0.043507244
9623,test,2,0.0217992
5701,test,2,0.004188974
10868,test,2,0.007456606
9070,test,1,0.008437083
9394,test,2,0.0022537208
5697,test,2,0.03720294
2098,test,2,0.0013407603
10178,test,2,0.044654295
9622,test,2,0.006395778
10857,test,2,0.06402767
5708,test,2,0.07296824
9396,test,2,0.004461935
5703,test,2,0.0038451285
10865,test,0,0.0059614694
630,test,2,0.0016139308
5705,test,2,0.002870808
6394,test,0,0.0042048227
2480,test,2,0.00848404
2975,test,2,0.0058987034
2090,test,2,0.0044428925
620,test,2,0.029397001
9408,test,2,0.3827157
9395,test,2,0.007791803
10855,test,2,0.005865274
10186,test,2,0.011918787
10688,test,0,0.003578942
10670,test,2,0.0025338952
9399,test,0,0.005606358
5696,test,2,0.0029160348
9611,test,0,0.002681208
2973,test,2,0.04211592
5692,test,0,0.0009593392
1368,test,0,0.002346508
9306,test,0,0.0032853454
9631,test,0,0.0033962186
9618,test,0,0.011585349
6395,test,0,0.00033848349
10181,test,2,0.0040604523
10689,test,2,0.0010511255
10683,test,2,0.010613773
624,test,2,0.0020027347
2096,test,2,0.010844314
10336,test,2,0.21997279
9828,test,2,0.01517947
9829,test,2,0.012074456
1409,test,2,0.08208988
1405,test,2,0.06906677
1413,test,2,0.003899698
1645,test,2,0.0018308458
9890,test,2,0.01950762
9160,test,2,0.021599432
10322,test,2,0.007177779
616,test,2,0.027972165
8717,test,2,0.00055259065
10327,test,2,0.04003624
9169,test,2,0.038350243
1408,test,2,0.0020190477
612,test,2,0.0009752911
10328,test,2,0.0104564205
1648,test,2,0.0015889745
8711,test,2,0.049225345
605,test,2,0.024418497
613,test,2,0.01082043
10331,test,2,0.010540088
1649,test,2,0.015929127
8715,test,2,0.002873021
10917,test,2,0.00816006
617,test,2,0.0094739515
10912,test,2,0.019262312
1383,test,2,0.0018224753
8707,test,2,0.17583817
7768,test,2,0.003274532
7759,test,2,0.031753425
10334,test,2,0.017898262
1412,test,2,0.006382566
8720,test,0,0.00079666055
2748,test,0,0.0020121508
7762,test,2,0.00980507
8725,test,2,0.014353156
9886,test,2,0.003933086
9174,test,2,0.09864039
9819,test,2,0.04380847
1646,test,2,0.068876915
1396,test,2,0.006189165
10920,test,2,0.00500729
615,test,2,0.0037851604
9159,test,2,0.011266645
9889,test,2,0.4485655
1414,test,0,0.0036469747
608,test,2,0.0074512158
7763,test,2,0.0063582743
10321,test,2,0.0020257824
9170,test,2,0.08331139
7765,test,2,0.005183253
10915,test,2,0.0016007565
9825,test,2,0.05688264
8724,test,2,0.021149917
1656,test,2,0.0051600244
8501,test,2,0.011621736
4537,test,2,0.06255063
2079,test,2,0.0027348306
4892,test,2,0.00828555
4887,test,2,0.0028538196
4528,test,2,0.0030863893
5307,test,2,0.016620945
9565,test,2,0.13667649
372,test,2,0.012957686
4882,test,2,0.009968954
7391,test,0,0.025210062
375,test,2,0.06468605
3089,test,1,0.06618843
4534,test,2,0.009540856
750,test,2,0.005276632
4891,test,2,0.024951413
7030,test,2,0.019137664
386,test,2,0.0018692262
8855,test,2,0.007552878
8506,test,2,0.009778289
7387,test,2,0.044157397
747,test,2,0.032241233
739,test,2,0.043820452
8820,test,1,0.007608708
379,test,2,0.10749798
742,test,2,0.0030939914
378,test,2,0.00488391
2082,test,2,0.010703193
2086,test,2,0.0059942924
4530,test,2,0.0030062299
383,test,2,0.014427983
5316,test,2,0.053901307
7027,test,2,0.093530454
9559,test,2,0.0030722355
8868,test,0,0.0029941136
4886,test,2,0.002925715
748,test,2,0.008415476
8502,test,2,0.050049637
374,test,2,0.11197873
5319,test,2,0.008151622
5308,test,2,0.16178745
4531,test,2,0.026974456
5309,test,2,0.0076802312
8500,test,0,0.0013162956
1555,test,0,0.0005378654
5314,test,2,0.013962389
7394,test,2,0.017664207
1820,test,2,0.0123908
1810,test,2,0.066369236
8327,test,2,0.0028512261
5219,test,2,0.07305723
7109,test,2,0.005672568
5212,test,2,0.0055662
5215,test,2,0.01832801
3201,test,2,0.011708082
8513,test,2,0.0030123016
8529,test,2,0.00867848
8318,test,2,0.014057736
399,test,2,0.008246627
7106,test,0,0.0037263518
1815,test,2,0.00924942
392,test,2,0.019918501
398,test,2,0.004341744
1591,test,1,0.23027371
4568,test,2,0.021353483
8518,test,2,0.011841171
1340,test,2,0.01616839
1335,test,2,0.007381476
387,test,2,0.18109296
8771,test,1,0.12088939
3209,test,2,0.058540743
8326,test,2,0.0019044059
1334,test,2,0.08717088
3887,test,2,0.013596944
8523,test,2,0.0037568447
7114,test,2,0.0091336295
4561,test,2,0.0026473545
2398,test,1,0.13773577
8520,test,2,0.03390237
5211,test,2,0.00934703
4576,test,2,0.049634237
4571,test,0,0.0042758444
9816,test,0,0.009656073
7111,test,2,0.020789925
8528,test,2,0.0022722944
7118,test,2,0.026089486
1343,test,0,0.002630042
8526,test,2,0.001459507
8521,test,2,0.0069985976
3881,test,2,0.0098965885
3880,test,2,0.18797706
4379,test,1,0.025836283
8516,test,0,0.0013888307
3129,test,0,0.006282831
3213,test,0,0.0026808071
3253,test,2,0.01573555
7062,test,2,0.005403749
2636,test,2,0.0028043967
588,test,2,0.008419064
7679,test,2,0.010168853
2528,test,2,0.016266217
8314,test,2,0.027309619
2601,test,2,0.0041622412
7061,test,2,0.014053484
3248,test,2,0.011144585
7683,test,2,0.09601269
2626,test,2,0.012861208
4458,test,2,0.05589494
2530,test,2,0.013465994
444,test,2,0.0027798929
7060,test,2,0.053492673
587,test,2,0.0057358197
9013,test,2,0.0027173206
8304,test,2,0.060570333
3258,test,2,0.011398108
2529,test,2,0.0059415614
443,test,2,0.010583783
2625,test,2,0.022765331
9016,test,2,0.10745778
4467,test,2,0.2380826
8306,test,2,0.014219651
596,test,2,0.07616151
2598,test,2,0.0062839617
6830,test,1,0.007965374
217,test,1,0.027366437
2604,test,2,0.0024318208
7674,test,0,0.0065514427
3259,test,2,0.055185
3243,test,2,0.0019872424
9008,test,2,0.027873132
2597,test,2,0.00827424
7677,test,2,0.0048051104
442,test,2,0.001794412
3239,test,2,0.02786647
4461,test,2,0.08972042
9015,test,0,0.00031824887
449,test,0,0.00033837798
8305,test,2,0.047037363
446,test,2,0.039666258
2635,test,2,0.019696845
598,test,2,0.05005159
593,test,2,0.034269866
2603,test,2,0.025029488
599,test,0,0.01060675
2590,test,2,0.10556941
2633,test,2,0.09697435
3250,test,2,0.022883104
4954,test,1,0.0068867663
2531,test,2,0.0040139286
7684,test,0,0.0004616681
8316,test,2,0.0052180113
6639,test,2,0.028871
6007,test,2,0.046568364
6633,test,2,0.004430897
2877,test,2,0.011848725
2871,test,2,0.003489487
6020,test,2,0.01665117
6024,test,2,0.012346852
9753,test,2,0.038761932
8618,test,2,0.009427088
2881,test,2,0.054041386
4099,test,2,0.0014034648
8607,test,2,0.006179762
8609,test,2,0.01163628
2875,test,2,0.0077790995
2876,test,2,0.028910227
2282,test,2,0.052542944
5131,test,2,0.032666046
8612,test,2,0.0033300512
2870,test,2,0.0019035181
8608,test,2,0.069602914
6009,test,2,0.013938516
5130,test,2,0.079372555
4100,test,2,0.037472233
9751,test,2,0.018987259
9741,test,2,0.037807185
9752,test,2,0.060731377
2276,test,2,0.0029328708
9748,test,2,0.03543281
9739,test,2,0.012297436
8616,test,0,0.024851575
6011,test,2,0.022677278
7818,test,2,0.0026506633
6010,test,2,0.006105398
7825,test,2,0.014439832
2288,test,2,0.03902079
2869,test,2,0.0705699
2479,test,2,0.105582334
5133,test,2,0.4940199
9754,test,2,0.03858639
4096,test,2,0.0022807948
2874,test,0,0.00046399588
2278,test,0,0.042317327
2873,test,0,0.012064242
2476,test,2,0.010580146
7622,test,2,0.015478998
9950,test,2,0.09933959
7167,test,2,0.018810743
9243,test,2,0.030628448
10356,test,2,0.018603297
10352,test,2,0.006335391
3797,test,2,0.0019655256
9236,test,2,0.01721864
9234,test,2,0.061435
10351,test,2,0.021993164
4300,test,2,0.0016381249
3787,test,2,0.042297922
9958,test,2,0.042922072
9957,test,2,0.0055223303
9661,test,2,0.009508796
7168,test,2,0.0058577154
7163,test,0,0.0032447646
9659,test,2,0.013751634
18,test,1,0.013256299
10357,test,2,0.10527144
4316,test,2,0.009058549
4315,test,2,0.2016637
10443,test,1,0.19185348
10367,test,2,0.003014722
3794,test,2,0.004537551
9947,test,2,0.0026246712
7180,test,2,0.00865139
5604,test,2,0.053317763
9652,test,0,0.0018776573
5992,test,2,0.042410128
5597,test,2,0.004102112
5983,test,2,0.008411068
4307,test,2,0.0030896296
9943,test,2,0.021895466
5995,test,2,0.026236875
9244,test,2,0.03642316
9949,test,0,0.0003424641
5997,test,2,0.011271612
10366,test,2,0.07183919
9664,test,2,0.062991425
9660,test,0,0.02952146
4304,test,2,0.02411968
5602,test,2,0.014533587
9610,test,1,0.04538816
5599,test,2,0.0053871027
3800,test,2,0.012035655
7171,test,2,0.0026137272
9658,test,2,0.017218303
